ISO-10303-21;
HEADER;
FILE_DESCRIPTION(('CATIA V5 STEP Exchange','CAx-IF Rec.Pracs.--- Model Styling and Organization---1.4--- 2014-01-23','CAx-IF Rec.Pracs.---Representation and Presentation of Product Manufacturing Information (PMI)---4.0---2014-10-13','CAx-IF Rec.Pracs.---3D Tessellated Data Validation Properties---0.5---2014-09-14'),'2;1');

FILE_NAME('C:\\Users\\blafores\\OneDrive - Alstom\\02_Projects\\05_PP - Porteur Polyvalent CORADIA\\Qualit\X2\00E9\X0\\\Supports de freins + PZB BAST\\AR00000233649--D.stp','2023-08-23T13:45:27+00:00',('none'),('none'),'CATIA Version 5-6 Release 2016 SP5 HF64','CATIA V5 STEP AP242','none');

FILE_SCHEMA(('AP242_MANAGED_MODEL_BASED_3D_ENGINEERING_MIM_LF  {1 0 10303 442 1 1 4}'));

ENDSEC;
DATA;
#5=PRODUCT('AR00000233649','','MACHINING MECHANICALLY WELDED SUPPORT',(#2)) ;
#26=PRODUCT('AR00000233622','','MECHANICALLY WELDED SUPPORT',(#2)) ;
#34=PRODUCT('M3D-233622','','PZB ANTENNA AND SCRUBBER SUPPORT STRUCTURE',(#2)) ;
#18159=PRODUCT('M3D-233649','','WELDED SUPPORT',(#2)) ;
#2=PRODUCT_CONTEXT(' ',#1,'mechanical') ;
#1=APPLICATION_CONTEXT('managed model based 3d engineering') ;
#13=PRODUCT_DEFINITION('ASSEMBLY',' ',#6,#3) ;
#28=PRODUCT_DEFINITION('SINGLE PART',' ',#27,#3) ;
#36=PRODUCT_DEFINITION('MASTER',' ',#35,#3) ;
#18161=PRODUCT_DEFINITION('REFERENCE',' ',#18160,#3) ;
#3=PRODUCT_DEFINITION_CONTEXT('part definition',#1,' ') ;
#16=PRODUCT_DEFINITION_SHAPE(' ',' ',#13) ;
#29=PRODUCT_DEFINITION_SHAPE(' ',' ',#28) ;
#37=PRODUCT_DEFINITION_SHAPE(' ',' ',#36) ;
#18130=PRODUCT_DEFINITION_SHAPE(' ',' ',#18129) ;
#18143=PRODUCT_DEFINITION_SHAPE(' ',' ',#18142) ;
#18162=PRODUCT_DEFINITION_SHAPE(' ',' ',#18161) ;
#18164=PRODUCT_DEFINITION_SHAPE(' ',' ',#18163) ;
#18176=MECHANICAL_DESIGN_GEOMETRIC_PRESENTATION_REPRESENTATION(' ',(#46,#265,#901,#1726,#2546,#2890,#3881,#5094,#6167,#6674,#7468,#7497,#7520,#7528,#7247,#7744,#7773,#7796,#7804,#7530,#8284,#8316,#8329,#8351,#8371,#8384,#7806,#8386,#8527,#8668,#8809,#11832,#12054,#12067,#12091,#12099,#12131,#12144,#12176,#12189,#12221,#12234,#12266,#12279,#12311,#12324,#12356,#12369,#12398,#12422,#12455,#12488,#12548,#12571,#12579,#12602,#12610,#12630,#12653,#12666,#12684,#12702,#12715,#12724,#12764,#12778,#12810,#12823,#12932,#12964,#12977,#13009,#13022,#13054,#13067,#13086,#13099,#13143,#13163,#13183,#13197,#13220,#13228,#13251,#13259,#13282,#13290,#9158,#13292,#13909,#14225,#14475,#14791,#15041,#15182,#15323,#15464,#15605,#16084,#16301,#16518),#21) ;
#15=SHAPE_REPRESENTATION(' ',(#18147,#18168),#21) ;
#24=SHAPE_REPRESENTATION(' ',(#18134,#18148),#23) ;
#32=SHAPE_REPRESENTATION(' ',(#18135),#31) ;
#18157=SHAPE_REPRESENTATION(' ',(#18169),#18156) ;
#7=PRODUCT_CATEGORY('part','specification') ;
#10=PRODUCT_CATEGORY('part','specification') ;
#48=CARTESIAN_POINT('Axis2P3D Location',(66.,-330.,-515.5)) ;
#53=CARTESIAN_POINT('Line Origine',(70.,-330.,-515.5)) ;
#57=CARTESIAN_POINT('Vertex',(66.,-330.,-515.5)) ;
#59=CARTESIAN_POINT('Vertex',(74.,-330.,-515.5)) ;
#62=CARTESIAN_POINT('Line Origine',(66.,-300.25,-515.5)) ;
#66=CARTESIAN_POINT('Vertex',(66.,-270.5,-515.5)) ;
#69=CARTESIAN_POINT('Line Origine',(70.,-270.5,-515.5)) ;
#73=CARTESIAN_POINT('Vertex',(74.,-270.5,-515.5)) ;
#76=CARTESIAN_POINT('Line Origine',(74.,-300.25,-515.5)) ;
#88=CARTESIAN_POINT('Axis2P3D Location',(66.,-270.5,-515.5)) ;
#93=CARTESIAN_POINT('Line Origine',(66.,-270.5,-433.)) ;
#97=CARTESIAN_POINT('Vertex',(66.,-270.5,-350.5)) ;
#100=CARTESIAN_POINT('Line Origine',(70.,-270.5,-350.5)) ;
#104=CARTESIAN_POINT('Vertex',(74.,-270.5,-350.5)) ;
#107=CARTESIAN_POINT('Line Origine',(74.,-270.5,-433.)) ;
#119=CARTESIAN_POINT('Axis2P3D Location',(66.,-270.5,-350.5)) ;
#124=CARTESIAN_POINT('Line Origine',(66.,-278.,-350.5)) ;
#128=CARTESIAN_POINT('Vertex',(66.,-285.5,-350.5)) ;
#131=CARTESIAN_POINT('Line Origine',(70.,-285.5,-350.5)) ;
#135=CARTESIAN_POINT('Vertex',(74.,-285.5,-350.5)) ;
#138=CARTESIAN_POINT('Line Origine',(74.,-278.,-350.5)) ;
#150=CARTESIAN_POINT('Axis2P3D Location',(66.,-285.5,-350.5)) ;
#155=CARTESIAN_POINT('Line Origine',(66.,-285.5,-396.518324755)) ;
#159=CARTESIAN_POINT('Vertex',(66.,-285.5,-442.53664951)) ;
#162=CARTESIAN_POINT('Line Origine',(70.,-285.5,-442.53664951)) ;
#166=CARTESIAN_POINT('Vertex',(74.,-285.5,-442.53664951)) ;
#169=CARTESIAN_POINT('Line Origine',(74.,-285.5,-396.518324755)) ;
#181=CARTESIAN_POINT('Axis2P3D Location',(70.,-345.5,-442.53664951)) ;
#186=CARTESIAN_POINT('Axis2P3D Location',(66.,-345.5,-442.53664951)) ;
#190=CARTESIAN_POINT('Vertex',(66.,-330.,-500.5)) ;
#193=CARTESIAN_POINT('Line Origine',(70.,-330.,-500.5)) ;
#197=CARTESIAN_POINT('Vertex',(74.,-330.,-500.5)) ;
#200=CARTESIAN_POINT('Axis2P3D Location',(74.,-345.5,-442.53664951)) ;
#212=CARTESIAN_POINT('Axis2P3D Location',(66.,-330.,-515.5)) ;
#217=CARTESIAN_POINT('Line Origine',(66.,-330.,-508.)) ;
#222=CARTESIAN_POINT('Line Origine',(74.,-330.,-508.)) ;
#234=CARTESIAN_POINT('Axis2P3D Location',(66.,-330.,-515.5)) ;
#248=CARTESIAN_POINT('Axis2P3D Location',(74.,-330.,-515.5)) ;
#267=CARTESIAN_POINT('Axis2P3D Location',(-39.5,-285.499999999,-276.5)) ;
#272=CARTESIAN_POINT('Line Origine',(-39.5,-285.499999999,-314.)) ;
#276=CARTESIAN_POINT('Vertex',(-39.5,-285.499999999,-351.5)) ;
#278=CARTESIAN_POINT('Vertex',(-39.5,-285.499999999,-276.5)) ;
#282=CARTESIAN_POINT('Control Point',(-39.5,-287.422835534,-336.432054962)) ;
#283=CARTESIAN_POINT('Control Point',(-39.5,-286.147836313,-341.346350789)) ;
#284=CARTESIAN_POINT('Control Point',(-39.5,-285.499999999,-346.423000248)) ;
#285=CARTESIAN_POINT('Control Point',(-39.5,-285.499999999,-351.5)) ;
#286=CARTESIAN_POINT('Vertex',(-39.5,-287.422835534,-336.432054962)) ;
#289=CARTESIAN_POINT('Line Origine',(-39.5,-287.422835534,-314.)) ;
#293=CARTESIAN_POINT('Vertex',(-39.5,-287.422835534,-276.5)) ;
#296=CARTESIAN_POINT('Line Origine',(-39.5,-286.461417767,-276.5)) ;
#308=CARTESIAN_POINT('Axis2P3D Location',(-39.5,-345.499999999,-351.5)) ;
#313=CARTESIAN_POINT('Axis2P3D Location',(-31.5,-345.499999999,-351.5)) ;
#317=CARTESIAN_POINT('Vertex',(-31.5,-287.422835534,-336.432054962)) ;
#319=CARTESIAN_POINT('Vertex',(-31.5,-285.499999999,-351.5)) ;
#322=CARTESIAN_POINT('Line Origine',(-35.5,-287.422835534,-336.432054962)) ;
#327=CARTESIAN_POINT('Line Origine',(-35.5,-285.499999999,-351.5)) ;
#339=CARTESIAN_POINT('Axis2P3D Location',(-51.,-287.422835534,-276.5)) ;
#345=CARTESIAN_POINT('Control Point',(-39.5,-287.422835534,-336.432054962)) ;
#346=CARTESIAN_POINT('Control Point',(-39.5,-288.470528986,-331.369485795)) ;
#347=CARTESIAN_POINT('Control Point',(-39.6204458341,-289.94430484,-326.502399833)) ;
#348=CARTESIAN_POINT('Control Point',(-40.0488572397,-291.803615289,-321.93595672)) ;
#349=CARTESIAN_POINT('Control Point',(-41.1315166658,-293.817808167,-317.724218113)) ;
#350=CARTESIAN_POINT('Control Point',(-42.8682720164,-295.554563517,-313.895793707)) ;
#351=CARTESIAN_POINT('Vertex',(-42.8682720164,-295.554563517,-313.895793707)) ;
#354=CARTESIAN_POINT('Line Origine',(-42.8682720164,-295.554563517,-306.466027481)) ;
#358=CARTESIAN_POINT('Vertex',(-42.8682720164,-295.554563517,-276.5)) ;
#361=CARTESIAN_POINT('Axis2P3D Location',(-51.,-287.422835534,-276.5)) ;
#373=CARTESIAN_POINT('Axis2P3D Location',(-35.5,-286.461417766,-276.5)) ;
#378=CARTESIAN_POINT('Line Origine',(-35.5,-287.422835534,-276.5)) ;
#382=CARTESIAN_POINT('Vertex',(-31.5,-287.422835534,-276.5)) ;
#385=CARTESIAN_POINT('Line Origine',(-31.5,-286.461417767,-276.5)) ;
#389=CARTESIAN_POINT('Vertex',(-31.5,-285.5,-276.5)) ;
#392=CARTESIAN_POINT('Line Origine',(-35.5,-285.499999999,-276.5)) ;
#404=CARTESIAN_POINT('Axis2P3D Location',(-31.5,-285.5,-358.5)) ;
#409=CARTESIAN_POINT('Line Origine',(-31.5,-285.5,-402.018324755)) ;
#413=CARTESIAN_POINT('Vertex',(-31.5,-285.5,-442.53664951)) ;
#415=CARTESIAN_POINT('Vertex',(-31.5,-285.5,-361.5)) ;
#418=CARTESIAN_POINT('Line Origine',(-35.5,-285.5,-361.5)) ;
#422=CARTESIAN_POINT('Vertex',(-39.5,-285.5,-361.5)) ;
#425=CARTESIAN_POINT('Line Origine',(-39.5,-285.5,-402.018324755)) ;
#429=CARTESIAN_POINT('Vertex',(-39.5,-285.5,-442.53664951)) ;
#432=CARTESIAN_POINT('Line Origine',(-35.5,-285.5,-442.53664951)) ;
#444=CARTESIAN_POINT('Axis2P3D Location',(-39.5,-285.499999999,-356.5)) ;
#449=CARTESIAN_POINT('Line Origine',(-39.5,-285.499999999,-356.5)) ;
#454=CARTESIAN_POINT('Line Origine',(-31.5,-285.499999999,-356.5)) ;
#466=CARTESIAN_POINT('Axis2P3D Location',(-35.5,-290.5,-276.5)) ;
#471=CARTESIAN_POINT('Line Origine',(-35.5,-270.5,-276.5)) ;
#475=CARTESIAN_POINT('Vertex',(-39.5,-270.5,-276.5)) ;
#477=CARTESIAN_POINT('Vertex',(-31.5,-270.5,-276.5)) ;
#480=CARTESIAN_POINT('Line Origine',(-39.5,-277.999999999,-276.5)) ;
#485=CARTESIAN_POINT('Line Origine',(-31.5,-278.,-276.5)) ;
#497=CARTESIAN_POINT('Axis2P3D Location',(-35.5,-270.5,-396.)) ;
#502=CARTESIAN_POINT('Line Origine',(-35.5,-270.5,-515.5)) ;
#506=CARTESIAN_POINT('Vertex',(-39.5,-270.5,-515.5)) ;
#508=CARTESIAN_POINT('Vertex',(-31.5,-270.5,-515.5)) ;
#511=CARTESIAN_POINT('Line Origine',(-39.5,-270.5,-396.)) ;
#516=CARTESIAN_POINT('Line Origine',(-31.5,-270.5,-396.)) ;
#529=CARTESIAN_POINT('Control Point',(-39.5,-287.422835534,-336.432054962)) ;
#530=CARTESIAN_POINT('Control Point',(-31.5,-287.422835534,-336.432054962)) ;
#531=CARTESIAN_POINT('Control Point',(-39.5,-287.93181392,-333.972615822)) ;
#532=CARTESIAN_POINT('Control Point',(-31.5,-288.28588584,-333.972615822)) ;
#533=CARTESIAN_POINT('Control Point',(-39.5281585867,-288.544667146,-331.546876962)) ;
#534=CARTESIAN_POINT('Control Point',(-31.5477471687,-289.325071746,-331.546876962)) ;
#535=CARTESIAN_POINT('Control Point',(-39.6072935942,-289.257646337,-329.163330483)) ;
#536=CARTESIAN_POINT('Control Point',(-31.6819326162,-290.534036462,-329.163330483)) ;
#537=CARTESIAN_POINT('Control Point',(-39.899508051,-290.702639411,-324.967916327)) ;
#538=CARTESIAN_POINT('Control Point',(-32.1774266952,-292.984242109,-324.967916327)) ;
#539=CARTESIAN_POINT('Control Point',(-40.5640933097,-292.35461945,-320.968157669)) ;
#540=CARTESIAN_POINT('Control Point',(-33.3043321338,-295.785425652,-320.968157669)) ;
#541=CARTESIAN_POINT('Control Point',(-40.9491594341,-293.116583719,-319.233176266)) ;
#542=CARTESIAN_POINT('Control Point',(-33.9572703448,-297.077452022,-319.233176266)) ;
#543=CARTESIAN_POINT('Control Point',(-41.561925313,-294.078066305,-317.123638606)) ;
#544=CARTESIAN_POINT('Control Point',(-34.9963081394,-298.707792059,-317.123638606)) ;
#545=CARTESIAN_POINT('Control Point',(-42.3512451544,-295.008291982,-315.093898447)) ;
#546=CARTESIAN_POINT('Control Point',(-36.3347200445,-300.28513125,-315.093898447)) ;
#547=CARTESIAN_POINT('Control Point',(-42.5162964518,-295.192665631,-314.69119513)) ;
#548=CARTESIAN_POINT('Control Point',(-36.6145896357,-300.597764829,-314.69119513)) ;
#549=CARTESIAN_POINT('Control Point',(-42.6886216654,-295.374913166,-314.291806759)) ;
#550=CARTESIAN_POINT('Control Point',(-36.9067932588,-300.906793259,-314.291806759)) ;
#551=CARTESIAN_POINT('Control Point',(-42.8682720164,-295.554563517,-313.895793707)) ;
#552=CARTESIAN_POINT('Control Point',(-37.2114177669,-301.211417767,-313.895793707)) ;
#554=CARTESIAN_POINT('Control Point',(-37.2114177669,-301.211417767,-313.895793707)) ;
#555=CARTESIAN_POINT('Control Point',(-42.8682720164,-295.554563517,-313.895793707)) ;
#556=CARTESIAN_POINT('Vertex',(-37.2114177669,-301.211417767,-313.895793707)) ;
#560=CARTESIAN_POINT('Control Point',(-31.5,-287.422835534,-336.432054962)) ;
#561=CARTESIAN_POINT('Control Point',(-31.5,-288.295002153,-333.946637017)) ;
#562=CARTESIAN_POINT('Control Point',(-31.548761193,-289.347045028,-331.495635057)) ;
#563=CARTESIAN_POINT('Control Point',(-31.6890157016,-290.565513354,-329.111425028)) ;
#564=CARTESIAN_POINT('Control Point',(-32.2442275177,-293.293368388,-324.443704575)) ;
#565=CARTESIAN_POINT('Control Point',(-33.5800021297,-296.456990971,-320.018088952)) ;
#566=CARTESIAN_POINT('Control Point',(-34.5142997855,-298.106937373,-317.874737049)) ;
#567=CARTESIAN_POINT('Control Point',(-35.7124914682,-299.712491468,-315.844403761)) ;
#568=CARTESIAN_POINT('Control Point',(-37.2114177669,-301.211417767,-313.895793707)) ;
#577=CARTESIAN_POINT('Axis2P3D Location',(-31.5,-285.499999999,-276.5)) ;
#582=CARTESIAN_POINT('Line Origine',(-31.5,-287.422835534,-314.)) ;
#587=CARTESIAN_POINT('Line Origine',(-31.5,-285.499999999,-314.)) ;
#599=CARTESIAN_POINT('Axis2P3D Location',(-37.2114177669,-301.211417767,-276.5)) ;
#604=CARTESIAN_POINT('Axis2P3D Location',(-51.,-287.422835534,-276.5)) ;
#608=CARTESIAN_POINT('Vertex',(-37.2114177669,-301.211417767,-276.5)) ;
#611=CARTESIAN_POINT('Line Origine',(-40.0398448916,-298.382990642,-276.5)) ;
#623=CARTESIAN_POINT('Axis2P3D Location',(-37.1568542495,-289.843145751,-276.5)) ;
#628=CARTESIAN_POINT('Line Origine',(-71.8323682863,-324.518659787,-291.5)) ;
#632=CARTESIAN_POINT('Vertex',(-75.9282453152,-328.614536816,-291.5)) ;
#634=CARTESIAN_POINT('Vertex',(-100.796464556,-353.482756057,-291.5)) ;
#637=CARTESIAN_POINT('Line Origine',(-100.796464556,-353.482756057,-295.197896853)) ;
#641=CARTESIAN_POINT('Vertex',(-100.796464556,-353.482756057,-276.5)) ;
#644=CARTESIAN_POINT('Line Origine',(-71.8323682863,-324.518659787,-276.5)) ;
#650=CARTESIAN_POINT('Control Point',(-75.9282453152,-328.614536816,-291.5)) ;
#651=CARTESIAN_POINT('Control Point',(-68.347172845,-321.033464346,-291.5)) ;
#652=CARTESIAN_POINT('Control Point',(-60.765842206,-313.452133707,-293.893812616)) ;
#653=CARTESIAN_POINT('Control Point',(-53.690097276,-306.376388777,-298.687129366)) ;
#654=CARTESIAN_POINT('Control Point',(-47.6196089013,-300.305900402,-305.541458592)) ;
#655=CARTESIAN_POINT('Control Point',(-42.8682720164,-295.554563517,-313.895793707)) ;
#665=CARTESIAN_POINT('Axis2P3D Location',(-51.,-287.422835534,-276.5)) ;
#670=CARTESIAN_POINT('Line Origine',(-37.2114177669,-301.211417767,-306.466027481)) ;
#682=CARTESIAN_POINT('Axis2P3D Location',(-75.9282453152,-328.614536816,-351.5)) ;
#687=CARTESIAN_POINT('Axis2P3D Location',(-70.2713910657,-334.271391066,-351.5)) ;
#691=CARTESIAN_POINT('Vertex',(-70.2713910657,-334.271391066,-291.5)) ;
#694=CARTESIAN_POINT('Line Origine',(-73.0998181905,-331.442963941,-291.5)) ;
#706=CARTESIAN_POINT('Axis2P3D Location',(-69.0039411616,-327.347086912,-276.5)) ;
#711=CARTESIAN_POINT('Line Origine',(-97.9680374315,-356.311183182,-276.5)) ;
#715=CARTESIAN_POINT('Vertex',(-95.1396103068,-359.139610307,-276.5)) ;
#718=CARTESIAN_POINT('Line Origine',(-66.1755140368,-330.175514037,-276.5)) ;
#730=CARTESIAN_POINT('Axis2P3D Location',(-39.5,-363.084486461,-291.5)) ;
#735=CARTESIAN_POINT('Line Origine',(-97.9680374315,-356.311183182,-291.5)) ;
#739=CARTESIAN_POINT('Vertex',(-95.1396103068,-359.139610307,-291.5)) ;
#742=CARTESIAN_POINT('Line Origine',(-82.7055006863,-346.705500686,-291.5)) ;
#754=CARTESIAN_POINT('Axis2P3D Location',(-97.9680374315,-356.311183182,-319.)) ;
#759=CARTESIAN_POINT('Line Origine',(-95.1396103068,-359.139610307,-284.)) ;
#771=CARTESIAN_POINT('Axis2P3D Location',(-31.5,-295.5,-276.5)) ;
#784=CARTESIAN_POINT('Axis2P3D Location',(0.,-330.,-515.5)) ;
#789=CARTESIAN_POINT('Line Origine',(-35.5,-330.,-515.5)) ;
#793=CARTESIAN_POINT('Vertex',(-31.5,-330.,-515.5)) ;
#795=CARTESIAN_POINT('Vertex',(-39.5,-330.,-515.5)) ;
#798=CARTESIAN_POINT('Line Origine',(-31.5,-330.,-508.)) ;
#802=CARTESIAN_POINT('Vertex',(-31.5,-330.,-500.5)) ;
#805=CARTESIAN_POINT('Line Origine',(-35.5,-330.,-500.5)) ;
#809=CARTESIAN_POINT('Vertex',(-39.5,-330.,-500.5)) ;
#812=CARTESIAN_POINT('Line Origine',(-39.5,-330.,-508.)) ;
#824=CARTESIAN_POINT('Axis2P3D Location',(-35.5,-345.5,-442.53664951)) ;
#829=CARTESIAN_POINT('Axis2P3D Location',(-39.5,-345.5,-442.53664951)) ;
#834=CARTESIAN_POINT('Axis2P3D Location',(-31.5,-345.5,-442.53664951)) ;
#846=CARTESIAN_POINT('Axis2P3D Location',(-39.5,-322.,-515.5)) ;
#851=CARTESIAN_POINT('Line Origine',(-39.5,-290.5,-515.5)) ;
#867=CARTESIAN_POINT('Axis2P3D Location',(-31.5,-322.,-515.5)) ;
#872=CARTESIAN_POINT('Line Origine',(-31.5,-290.5,-515.5)) ;
#888=CARTESIAN_POINT('Axis2P3D Location',(-35.5,-290.5,-515.5)) ;
#903=CARTESIAN_POINT('Axis2P3D Location',(-78.0536346436,-270.5,-160.5)) ;
#908=CARTESIAN_POINT('Line Origine',(46.,-270.5,-160.5)) ;
#912=CARTESIAN_POINT('Vertex',(49.,-270.5,-160.5)) ;
#914=CARTESIAN_POINT('Vertex',(43.,-270.5,-160.5)) ;
#917=CARTESIAN_POINT('Line Origine',(49.,-278.,-160.5)) ;
#921=CARTESIAN_POINT('Vertex',(49.,-285.5,-160.5)) ;
#924=CARTESIAN_POINT('Line Origine',(46.,-285.5,-160.5)) ;
#928=CARTESIAN_POINT('Vertex',(43.,-285.5,-160.5)) ;
#931=CARTESIAN_POINT('Line Origine',(43.,-278.,-160.5)) ;
#943=CARTESIAN_POINT('Axis2P3D Location',(49.,-270.5,-125.)) ;
#948=CARTESIAN_POINT('Line Origine',(49.,-270.5,-95.)) ;
#952=CARTESIAN_POINT('Vertex',(49.,-270.5,-160.)) ;
#956=CARTESIAN_POINT('Control Point',(49.,-235.5,-125.)) ;
#957=CARTESIAN_POINT('Control Point',(49.,-240.997787144,-125.)) ;
#958=CARTESIAN_POINT('Control Point',(49.,-246.495574288,-126.079487981)) ;
#959=CARTESIAN_POINT('Control Point',(49.,-251.710378928,-128.239530789)) ;
#960=CARTESIAN_POINT('Control Point',(49.,-261.012050613,-134.487949387)) ;
#961=CARTESIAN_POINT('Control Point',(49.,-267.260469211,-143.789621072)) ;
#962=CARTESIAN_POINT('Control Point',(49.,-269.420512019,-149.004425712)) ;
#963=CARTESIAN_POINT('Control Point',(49.,-270.5,-154.502212856)) ;
#964=CARTESIAN_POINT('Control Point',(49.,-270.5,-160.)) ;
#965=CARTESIAN_POINT('Vertex',(49.,-235.5,-125.)) ;
#968=CARTESIAN_POINT('Line Origine',(49.,-282.,-125.)) ;
#972=CARTESIAN_POINT('Vertex',(49.,-200.5,-125.)) ;
#975=CARTESIAN_POINT('Line Origine',(49.,-200.5,-95.)) ;
#979=CARTESIAN_POINT('Vertex',(49.,-200.5,-110.)) ;
#982=CARTESIAN_POINT('Line Origine',(49.,-282.,-110.)) ;
#986=CARTESIAN_POINT('Vertex',(49.,-215.5,-110.)) ;
#990=CARTESIAN_POINT('Control Point',(49.,-272.589154816,-68.4615384615)) ;
#991=CARTESIAN_POINT('Control Point',(49.,-267.944122429,-82.8255078365)) ;
#992=CARTESIAN_POINT('Control Point',(49.,-258.786290914,-95.7341901871)) ;
#993=CARTESIAN_POINT('Control Point',(49.,-245.69657899,-105.258354576)) ;
#994=CARTESIAN_POINT('Control Point',(49.,-230.596355258,-110.)) ;
#995=CARTESIAN_POINT('Control Point',(49.,-215.5,-110.)) ;
#996=CARTESIAN_POINT('Vertex',(49.,-272.589154816,-68.4615384615)) ;
#1000=CARTESIAN_POINT('Control Point',(49.,-272.589154816,-68.4615384615)) ;
#1001=CARTESIAN_POINT('Control Point',(49.,-272.765949636,-67.9148306744)) ;
#1002=CARTESIAN_POINT('Control Point',(49.,-273.037864116,-67.3990241321)) ;
#1003=CARTESIAN_POINT('Control Point',(49.,-273.389022406,-66.9442344351)) ;
#1004=CARTESIAN_POINT('Vertex',(49.,-273.389022406,-66.9442344351)) ;
#1008=CARTESIAN_POINT('Control Point',(49.,-313.712190108,-14.7211721756)) ;
#1009=CARTESIAN_POINT('Control Point',(49.,-273.389022406,-66.9442344351)) ;
#1010=CARTESIAN_POINT('Vertex',(49.,-313.712190108,-14.7211721756)) ;
#1014=CARTESIAN_POINT('Control Point',(49.,-313.712190108,-14.7211721756)) ;
#1015=CARTESIAN_POINT('Control Point',(49.,-315.481441557,-12.4297914678)) ;
#1016=CARTESIAN_POINT('Control Point',(49.,-317.60475299,-10.411335105)) ;
#1017=CARTESIAN_POINT('Control Point',(49.,-320.017222843,-8.74922598158)) ;
#1018=CARTESIAN_POINT('Control Point',(49.,-322.623850453,-7.48979406953)) ;
#1019=CARTESIAN_POINT('Vertex',(49.,-322.623850453,-7.48979406953)) ;
#1022=CARTESIAN_POINT('Line Origine',(49.,-322.623850453,-95.)) ;
#1026=CARTESIAN_POINT('Vertex',(49.,-322.623850453,-56.3547041045)) ;
#1030=CARTESIAN_POINT('Control Point',(49.,-322.623850453,-56.3547041045)) ;
#1031=CARTESIAN_POINT('Control Point',(49.,-293.538475773,-106.732050808)) ;
#1032=CARTESIAN_POINT('Vertex',(49.,-293.538475773,-106.732050808)) ;
#1036=CARTESIAN_POINT('Control Point',(49.,-285.5,-136.732050808)) ;
#1037=CARTESIAN_POINT('Control Point',(49.,-285.5,-128.878069174)) ;
#1038=CARTESIAN_POINT('Control Point',(49.,-286.871138127,-121.022494615)) ;
#1039=CARTESIAN_POINT('Control Point',(49.,-289.611484956,-113.533798423)) ;
#1040=CARTESIAN_POINT('Control Point',(49.,-293.538475773,-106.732050808)) ;
#1041=CARTESIAN_POINT('Vertex',(49.,-285.5,-136.732050808)) ;
#1044=CARTESIAN_POINT('Line Origine',(49.,-285.5,-95.)) ;
#1066=CARTESIAN_POINT('Axis2P3D Location',(43.,-285.5,-136.732050808)) ;
#1071=CARTESIAN_POINT('Line Origine',(46.,-285.5,-136.732050808)) ;
#1075=CARTESIAN_POINT('Vertex',(43.,-285.5,-136.732050808)) ;
#1078=CARTESIAN_POINT('Line Origine',(43.,-285.5,-148.616025404)) ;
#1090=CARTESIAN_POINT('Axis2P3D Location',(43.,-245.5,-125.)) ;
#1095=CARTESIAN_POINT('Line Origine',(43.,-218.,-125.)) ;
#1099=CARTESIAN_POINT('Vertex',(43.,-235.5,-125.)) ;
#1101=CARTESIAN_POINT('Vertex',(43.,-200.5,-125.)) ;
#1104=CARTESIAN_POINT('Line Origine',(46.,-200.5,-125.)) ;
#1109=CARTESIAN_POINT('Line Origine',(46.,-235.5,-125.)) ;
#1121=CARTESIAN_POINT('Axis2P3D Location',(43.,-200.5,-125.)) ;
#1126=CARTESIAN_POINT('Line Origine',(43.,-200.5,-117.5)) ;
#1130=CARTESIAN_POINT('Vertex',(43.,-200.5,-110.)) ;
#1133=CARTESIAN_POINT('Line Origine',(46.,-200.5,-110.)) ;
#1145=CARTESIAN_POINT('Axis2P3D Location',(43.,-200.5,-110.)) ;
#1150=CARTESIAN_POINT('Line Origine',(43.,-208.,-110.)) ;
#1154=CARTESIAN_POINT('Vertex',(43.,-215.5,-110.)) ;
#1157=CARTESIAN_POINT('Line Origine',(46.,-215.5,-110.)) ;
#1169=CARTESIAN_POINT('Axis2P3D Location',(43.,-277.346584384,-70.)) ;
#1174=CARTESIAN_POINT('Axis2P3D Location',(43.,-277.346584384,-70.)) ;
#1178=CARTESIAN_POINT('Vertex',(43.,-272.589154816,-68.4615384615)) ;
#1180=CARTESIAN_POINT('Vertex',(43.,-273.389022406,-66.9442344351)) ;
#1183=CARTESIAN_POINT('Line Origine',(46.,-273.389022406,-66.9442344351)) ;
#1188=CARTESIAN_POINT('Line Origine',(46.,-272.589154816,-68.4615384615)) ;
#1200=CARTESIAN_POINT('Axis2P3D Location',(43.,-333.5,-30.)) ;
#1205=CARTESIAN_POINT('Axis2P3D Location',(43.,-333.5,-30.)) ;
#1209=CARTESIAN_POINT('Vertex',(43.,-313.712190108,-14.7211721756)) ;
#1211=CARTESIAN_POINT('Vertex',(43.,-322.623850453,-7.48979406953)) ;
#1214=CARTESIAN_POINT('Line Origine',(46.,-322.623850453,-7.48979406953)) ;
#1219=CARTESIAN_POINT('Line Origine',(46.,-313.712190108,-14.7211721756)) ;
#1231=CARTESIAN_POINT('Axis2P3D Location',(57.3,-322.623850453,-56.3547041045)) ;
#1237=CARTESIAN_POINT('Control Point',(49.,-322.623850453,-7.48979406953)) ;
#1238=CARTESIAN_POINT('Control Point',(49.,-323.72574562,-6.81865669282)) ;
#1239=CARTESIAN_POINT('Control Point',(49.1949455767,-324.860887137,-6.26936159399)) ;
#1240=CARTESIAN_POINT('Control Point',(49.6115293369,-325.96261773,-5.83967015586)) ;
#1241=CARTESIAN_POINT('Control Point',(50.2230866359,-326.96058854,-5.53070992989)) ;
#1242=CARTESIAN_POINT('Vertex',(50.2230866359,-326.96058854,-5.53070992989)) ;
#1245=CARTESIAN_POINT('Line Origine',(50.2230866359,-326.96058854,-30.9427070172)) ;
#1249=CARTESIAN_POINT('Vertex',(50.2230866359,-326.96058854,-47.780068387)) ;
#1253=CARTESIAN_POINT('Control Point',(49.1870526361,-324.376016276,-52.5)) ;
#1254=CARTESIAN_POINT('Control Point',(49.3132838977,-324.960497246,-51.1944128022)) ;
#1255=CARTESIAN_POINT('Control Point',(49.5113251652,-325.606779237,-49.9675196128)) ;
#1256=CARTESIAN_POINT('Control Point',(49.810430726,-326.287195297,-48.8279143889)) ;
#1257=CARTESIAN_POINT('Control Point',(50.2230866359,-326.96058854,-47.780068387)) ;
#1258=CARTESIAN_POINT('Vertex',(49.1870526361,-324.376016276,-52.5)) ;
#1262=CARTESIAN_POINT('Control Point',(49.,-322.623850453,-56.3547041045)) ;
#1263=CARTESIAN_POINT('Control Point',(49.,-323.212333178,-55.0698027363)) ;
#1264=CARTESIAN_POINT('Control Point',(49.062821393,-323.80079587,-53.7849013682)) ;
#1265=CARTESIAN_POINT('Control Point',(49.1870526361,-324.376016276,-52.5)) ;
#1275=CARTESIAN_POINT('Axis2P3D Location',(43.,-324.849364905,-52.5)) ;
#1280=CARTESIAN_POINT('Line Origine',(46.,-293.538475773,-106.732050808)) ;
#1284=CARTESIAN_POINT('Vertex',(43.,-293.538475773,-106.732050808)) ;
#1287=CARTESIAN_POINT('Line Origine',(46.,-322.623850453,-56.3547041045)) ;
#1291=CARTESIAN_POINT('Vertex',(43.,-322.623850453,-56.3547041045)) ;
#1294=CARTESIAN_POINT('Line Origine',(43.,-308.081163113,-81.543377456)) ;
#1307=CARTESIAN_POINT('Control Point',(49.,-322.623850453,-7.48979406953)) ;
#1308=CARTESIAN_POINT('Control Point',(43.,-322.623850453,-7.48979406953)) ;
#1309=CARTESIAN_POINT('Control Point',(49.,-323.1459965,-7.17176769196)) ;
#1310=CARTESIAN_POINT('Control Point',(43.,-323.523451474,-7.17176769196)) ;
#1311=CARTESIAN_POINT('Control Point',(49.041059713,-323.677399888,-6.87792356744)) ;
#1312=CARTESIAN_POINT('Control Point',(43.0707414333,-324.439001889,-6.87792356744)) ;
#1313=CARTESIAN_POINT('Control Point',(49.126097193,-324.212784921,-6.6086808747)) ;
#1314=CARTESIAN_POINT('Control Point',(43.2172517903,-325.361412248,-6.6086808747)) ;
#1315=CARTESIAN_POINT('Control Point',(49.3439461114,-325.101351167,-6.20164407093)) ;
#1316=CARTESIAN_POINT('Control Point',(43.5925818546,-326.892315538,-6.20164407093)) ;
#1317=CARTESIAN_POINT('Control Point',(49.6887936563,-325.965739506,-5.86527334826)) ;
#1318=CARTESIAN_POINT('Control Point',(44.1867167813,-328.381562917,-5.86527334826)) ;
#1319=CARTESIAN_POINT('Control Point',(49.8470693615,-326.305714342,-5.74215583327)) ;
#1320=CARTESIAN_POINT('Control Point',(44.4594086589,-328.967302696,-5.74215583327)) ;
#1321=CARTESIAN_POINT('Control Point',(50.0253770445,-326.63795581,-5.63059329344)) ;
#1322=CARTESIAN_POINT('Control Point',(44.7666134622,-329.539718719,-5.63059329344)) ;
#1323=CARTESIAN_POINT('Control Point',(50.2230866359,-326.96058854,-5.53070992989)) ;
#1324=CARTESIAN_POINT('Control Point',(45.1072456497,-330.095579928,-5.53070992989)) ;
#1326=CARTESIAN_POINT('Control Point',(45.1072456497,-330.095579928,-5.53070992989)) ;
#1327=CARTESIAN_POINT('Control Point',(50.2230866359,-326.96058854,-5.53070992989)) ;
#1328=CARTESIAN_POINT('Vertex',(45.1072456497,-330.095579928,-5.53070992989)) ;
#1332=CARTESIAN_POINT('Control Point',(43.,-322.623850453,-7.48979406953)) ;
#1333=CARTESIAN_POINT('Control Point',(43.,-324.522296307,-6.81865670549)) ;
#1334=CARTESIAN_POINT('Control Point',(43.3398011438,-326.492605453,-6.26554391741)) ;
#1335=CARTESIAN_POINT('Control Point',(44.053598757,-328.376184469,-5.83967015003)) ;
#1336=CARTESIAN_POINT('Control Point',(45.1072456497,-330.095579928,-5.53070992989)) ;
#1345=CARTESIAN_POINT('Axis2P3D Location',(19.9828815663,-277.613058878,-125.)) ;
#1350=CARTESIAN_POINT('Line Origine',(68.5752480849,-356.908594163,-95.)) ;
#1354=CARTESIAN_POINT('Vertex',(68.5752480849,-356.908594163,-40.)) ;
#1356=CARTESIAN_POINT('Vertex',(68.5752480849,-356.908594163,-5.)) ;
#1359=CARTESIAN_POINT('Line Origine',(25.9916150605,-287.418420768,-40.)) ;
#1363=CARTESIAN_POINT('Vertex',(59.6927724847,-342.413711369,-40.)) ;
#1367=CARTESIAN_POINT('Control Point',(50.2230866359,-326.96058854,-47.780068387)) ;
#1368=CARTESIAN_POINT('Control Point',(52.0472345679,-329.937327421,-44.1056043515)) ;
#1369=CARTESIAN_POINT('Control Point',(54.3931885889,-333.765576448,-41.3721760964)) ;
#1370=CARTESIAN_POINT('Control Point',(57.0444635759,-338.092064008,-40.)) ;
#1371=CARTESIAN_POINT('Control Point',(59.6927724847,-342.413711369,-40.)) ;
#1374=CARTESIAN_POINT('Control Point',(50.2230866359,-326.96058854,-5.5307099299)) ;
#1375=CARTESIAN_POINT('Control Point',(51.1027775485,-328.39611364,-5.17816044838)) ;
#1376=CARTESIAN_POINT('Control Point',(52.0015207764,-329.862729293,-5.)) ;
#1377=CARTESIAN_POINT('Control Point',(52.9002911434,-331.329389233,-5.)) ;
#1378=CARTESIAN_POINT('Vertex',(52.9002911434,-331.329389233,-5.)) ;
#1381=CARTESIAN_POINT('Line Origine',(25.9916150605,-287.418420768,-5.)) ;
#1395=CARTESIAN_POINT('Axis2P3D Location',(57.3,-322.623850453,-56.3547041045)) ;
#1400=CARTESIAN_POINT('Line Origine',(43.,-322.623850453,-30.9427070172)) ;
#1406=CARTESIAN_POINT('Control Point',(43.,-322.623850453,-56.3547041045)) ;
#1407=CARTESIAN_POINT('Control Point',(43.,-323.637742377,-55.0698027363)) ;
#1408=CARTESIAN_POINT('Control Point',(43.1082344482,-324.651599785,-53.7849013682)) ;
#1409=CARTESIAN_POINT('Control Point',(43.3222714093,-325.642642172,-52.5)) ;
#1410=CARTESIAN_POINT('Vertex',(43.3222714093,-325.642642172,-52.5)) ;
#1414=CARTESIAN_POINT('Control Point',(43.3222714093,-325.642642172,-52.5)) ;
#1415=CARTESIAN_POINT('Control Point',(43.5397485453,-326.649613393,-51.1944466593)) ;
#1416=CARTESIAN_POINT('Control Point',(43.8809535095,-327.763118828,-49.9675212492)) ;
#1417=CARTESIAN_POINT('Control Point',(44.3963026998,-328.935426476,-48.8278872157)) ;
#1418=CARTESIAN_POINT('Control Point',(45.1072456497,-330.095579928,-47.780068387)) ;
#1419=CARTESIAN_POINT('Vertex',(45.1072456497,-330.095579928,-47.780068387)) ;
#1422=CARTESIAN_POINT('Line Origine',(45.1072456497,-330.095579928,-30.9427070172)) ;
#1435=CARTESIAN_POINT('Axis2P3D Location',(47.7844501573,-334.464380621,-30.)) ;
#1440=CARTESIAN_POINT('Line Origine',(50.3423706503,-332.896884927,-5.)) ;
#1444=CARTESIAN_POINT('Vertex',(47.7844501573,-334.464380621,-5.)) ;
#1447=CARTESIAN_POINT('Axis2P3D Location',(47.7844501573,-334.464380621,-30.)) ;
#1459=CARTESIAN_POINT('Axis2P3D Location',(14.8670405802,-280.748050267,-125.)) ;
#1464=CARTESIAN_POINT('Line Origine',(55.621928628,-347.253983086,-5.)) ;
#1468=CARTESIAN_POINT('Vertex',(63.4594070987,-360.043585551,-5.)) ;
#1471=CARTESIAN_POINT('Axis2P3D Location',(54.5769314986,-345.548702757,-65.)) ;
#1475=CARTESIAN_POINT('Vertex',(54.5769314986,-345.548702757,-40.)) ;
#1478=CARTESIAN_POINT('Line Origine',(59.0181692987,-352.796144154,-40.)) ;
#1482=CARTESIAN_POINT('Vertex',(63.4594070987,-360.043585551,-40.)) ;
#1485=CARTESIAN_POINT('Line Origine',(63.4594070987,-360.043585551,-22.5)) ;
#1499=CARTESIAN_POINT('Axis2P3D Location',(43.,-333.5,-5.)) ;
#1504=CARTESIAN_POINT('Line Origine',(66.0173275918,-358.476089857,-5.)) ;
#1516=CARTESIAN_POINT('Axis2P3D Location',(54.5769314986,-345.548702757,-65.)) ;
#1521=CARTESIAN_POINT('Line Origine',(47.6651661428,-328.528084234,-47.780068387)) ;
#1526=CARTESIAN_POINT('Line Origine',(57.1348519916,-343.981207063,-40.)) ;
#1538=CARTESIAN_POINT('Axis2P3D Location',(43.,-363.5,-40.)) ;
#1543=CARTESIAN_POINT('Line Origine',(66.0173275918,-358.476089857,-40.)) ;
#1555=CARTESIAN_POINT('Axis2P3D Location',(63.4594070987,-360.043585551,-5.)) ;
#1568=CARTESIAN_POINT('Control Point',(49.1870526362,-324.376016276,-52.5)) ;
#1569=CARTESIAN_POINT('Control Point',(43.3222714093,-325.642642172,-52.5)) ;
#1570=CARTESIAN_POINT('Control Point',(49.2859526998,-324.833947255,-51.477094458)) ;
#1571=CARTESIAN_POINT('Control Point',(43.4926654949,-326.431607594,-51.477094458)) ;
#1572=CARTESIAN_POINT('Control Point',(49.4273231165,-325.331947064,-50.4892545411)) ;
#1573=CARTESIAN_POINT('Control Point',(43.7362313935,-327.289607264,-50.4892545411)) ;
#1574=CARTESIAN_POINT('Control Point',(49.6232100492,-325.861621625,-49.540874234)) ;
#1575=CARTESIAN_POINT('Control Point',(44.0737233377,-328.202179099,-49.540874234)) ;
#1576=CARTESIAN_POINT('Control Point',(49.8858723462,-326.410304833,-48.6363475211)) ;
#1577=CARTESIAN_POINT('Control Point',(44.5262619941,-329.14750077,-48.6363475211)) ;
#1578=CARTESIAN_POINT('Control Point',(50.2230866359,-326.96058854,-47.780068387)) ;
#1579=CARTESIAN_POINT('Control Point',(45.1072456497,-330.095579928,-47.780068387)) ;
#1581=CARTESIAN_POINT('Control Point',(49.1870526361,-324.376016276,-52.5)) ;
#1582=CARTESIAN_POINT('Control Point',(43.3222714093,-325.642642172,-52.5)) ;
#1592=CARTESIAN_POINT('Control Point',(49.,-322.623850453,-56.3547041045)) ;
#1593=CARTESIAN_POINT('Control Point',(43.,-322.623850453,-56.3547041045)) ;
#1594=CARTESIAN_POINT('Control Point',(49.,-322.976940088,-55.5837632836)) ;
#1595=CARTESIAN_POINT('Control Point',(43.,-323.232185607,-55.5837632836)) ;
#1596=CARTESIAN_POINT('Control Point',(49.0187759473,-323.330029723,-54.8128224627)) ;
#1597=CARTESIAN_POINT('Control Point',(43.0323489213,-323.840520762,-54.8128224627)) ;
#1598=CARTESIAN_POINT('Control Point',(49.0563279483,-323.681788105,-54.0418816418)) ;
#1599=CARTESIAN_POINT('Control Point',(43.097046947,-324.446562311,-54.0418816418)) ;
#1600=CARTESIAN_POINT('Control Point',(49.1125138903,-324.030884032,-53.2709408209)) ;
#1601=CARTESIAN_POINT('Control Point',(43.1938492326,-325.04801674,-53.2709408209)) ;
#1602=CARTESIAN_POINT('Control Point',(49.1870526361,-324.376016276,-52.5)) ;
#1603=CARTESIAN_POINT('Control Point',(43.3222714093,-325.642642172,-52.5)) ;
#1611=CARTESIAN_POINT('Axis2P3D Location',(43.,-345.5,-136.732050808)) ;
#1616=CARTESIAN_POINT('Axis2P3D Location',(43.,-345.5,-136.732050808)) ;
#1628=CARTESIAN_POINT('Axis2P3D Location',(43.,-273.389022406,-66.9442344351)) ;
#1633=CARTESIAN_POINT('Line Origine',(43.,-293.550606257,-40.8327033054)) ;
#1645=CARTESIAN_POINT('Axis2P3D Location',(43.,-215.5,-50.)) ;
#1650=CARTESIAN_POINT('Axis2P3D Location',(43.,-215.5,-50.)) ;
#1662=CARTESIAN_POINT('Axis2P3D Location',(46.,-235.5,-160.)) ;
#1667=CARTESIAN_POINT('Line Origine',(46.,-270.5,-160.)) ;
#1671=CARTESIAN_POINT('Vertex',(43.,-270.5,-160.)) ;
#1674=CARTESIAN_POINT('Axis2P3D Location',(43.,-235.5,-160.)) ;
#1686=CARTESIAN_POINT('Axis2P3D Location',(43.,-270.5,-125.)) ;
#1691=CARTESIAN_POINT('Line Origine',(43.,-270.5,-160.25)) ;
#1713=CARTESIAN_POINT('Axis2P3D Location',(43.,-270.5,-185.)) ;
#1728=CARTESIAN_POINT('Axis2P3D Location',(-78.0536346436,-270.5,-160.5)) ;
#1733=CARTESIAN_POINT('Line Origine',(-70.,-270.5,-160.5)) ;
#1737=CARTESIAN_POINT('Vertex',(-67.,-270.5,-160.5)) ;
#1739=CARTESIAN_POINT('Vertex',(-73.,-270.5,-160.5)) ;
#1742=CARTESIAN_POINT('Line Origine',(-67.,-278.,-160.5)) ;
#1746=CARTESIAN_POINT('Vertex',(-67.,-285.5,-160.5)) ;
#1749=CARTESIAN_POINT('Line Origine',(-70.,-285.5,-160.5)) ;
#1753=CARTESIAN_POINT('Vertex',(-73.,-285.5,-160.5)) ;
#1756=CARTESIAN_POINT('Line Origine',(-73.,-278.,-160.5)) ;
#1768=CARTESIAN_POINT('Axis2P3D Location',(-67.,-270.5,-125.)) ;
#1773=CARTESIAN_POINT('Line Origine',(-67.,-270.5,-95.)) ;
#1777=CARTESIAN_POINT('Vertex',(-67.,-270.5,-160.)) ;
#1781=CARTESIAN_POINT('Control Point',(-67.,-235.5,-125.)) ;
#1782=CARTESIAN_POINT('Control Point',(-67.,-240.997787144,-125.)) ;
#1783=CARTESIAN_POINT('Control Point',(-67.,-246.495574288,-126.079487981)) ;
#1784=CARTESIAN_POINT('Control Point',(-67.,-251.710378928,-128.239530789)) ;
#1785=CARTESIAN_POINT('Control Point',(-67.,-261.012050613,-134.487949387)) ;
#1786=CARTESIAN_POINT('Control Point',(-67.,-267.260469211,-143.789621072)) ;
#1787=CARTESIAN_POINT('Control Point',(-67.,-269.420512019,-149.004425712)) ;
#1788=CARTESIAN_POINT('Control Point',(-67.,-270.5,-154.502212856)) ;
#1789=CARTESIAN_POINT('Control Point',(-67.,-270.5,-160.)) ;
#1790=CARTESIAN_POINT('Vertex',(-67.,-235.5,-125.)) ;
#1793=CARTESIAN_POINT('Line Origine',(-67.,-314.5,-125.)) ;
#1797=CARTESIAN_POINT('Vertex',(-67.,-200.5,-125.)) ;
#1800=CARTESIAN_POINT('Line Origine',(-67.,-200.5,-95.)) ;
#1804=CARTESIAN_POINT('Vertex',(-67.,-200.5,-105.)) ;
#1807=CARTESIAN_POINT('Line Origine',(-67.,-314.5,-105.)) ;
#1811=CARTESIAN_POINT('Vertex',(-67.,-215.5,-105.)) ;
#1815=CARTESIAN_POINT('Control Point',(-67.,-259.825544061,-85.4381768099)) ;
#1816=CARTESIAN_POINT('Control Point',(-67.,-253.102881025,-92.8070969763)) ;
#1817=CARTESIAN_POINT('Control Point',(-67.,-244.849184488,-98.7795554956)) ;
#1818=CARTESIAN_POINT('Control Point',(-67.,-235.449675752,-102.927762401)) ;
#1819=CARTESIAN_POINT('Control Point',(-67.,-225.4747272,-105.)) ;
#1820=CARTESIAN_POINT('Control Point',(-67.,-215.5,-105.)) ;
#1821=CARTESIAN_POINT('Vertex',(-67.,-259.825544061,-85.4381768099)) ;
#1825=CARTESIAN_POINT('Control Point',(-67.,-259.825544061,-85.4381768099)) ;
#1826=CARTESIAN_POINT('Control Point',(-67.,-261.553312854,-83.5443156662)) ;
#1827=CARTESIAN_POINT('Control Point',(-67.,-263.574403351,-81.9185674321)) ;
#1828=CARTESIAN_POINT('Control Point',(-67.,-265.794520753,-80.6367820527)) ;
#1829=CARTESIAN_POINT('Vertex',(-67.,-265.794520753,-80.6367820527)) ;
#1833=CARTESIAN_POINT('Control Point',(-67.,-265.794520753,-80.6367820527)) ;
#1834=CARTESIAN_POINT('Control Point',(-67.,-351.623850453,-31.083195446)) ;
#1835=CARTESIAN_POINT('Vertex',(-67.,-351.623850453,-31.083195446)) ;
#1838=CARTESIAN_POINT('Line Origine',(-67.,-351.623850453,-95.)) ;
#1842=CARTESIAN_POINT('Vertex',(-67.,-351.623850453,-74.3583096383)) ;
#1846=CARTESIAN_POINT('Control Point',(-67.,-351.623850453,-74.3583096383)) ;
#1847=CARTESIAN_POINT('Control Point',(-67.,-312.60555352,-99.9363269183)) ;
#1848=CARTESIAN_POINT('Vertex',(-67.,-312.60555352,-99.9363269183)) ;
#1852=CARTESIAN_POINT('Control Point',(-67.,-285.5,-150.115559583)) ;
#1853=CARTESIAN_POINT('Control Point',(-67.,-285.5,-138.229114709)) ;
#1854=CARTESIAN_POINT('Control Point',(-67.,-288.441887862,-126.341924223)) ;
#1855=CARTESIAN_POINT('Control Point',(-67.,-294.336036734,-115.430364443)) ;
#1856=CARTESIAN_POINT('Control Point',(-67.,-302.664675473,-106.452960664)) ;
#1857=CARTESIAN_POINT('Control Point',(-67.,-312.60555352,-99.9363269183)) ;
#1858=CARTESIAN_POINT('Vertex',(-67.,-285.5,-150.115559583)) ;
#1861=CARTESIAN_POINT('Line Origine',(-67.,-285.5,-95.)) ;
#1882=CARTESIAN_POINT('Axis2P3D Location',(-73.,-285.5,-150.115559583)) ;
#1887=CARTESIAN_POINT('Line Origine',(-70.,-285.5,-150.115559583)) ;
#1891=CARTESIAN_POINT('Vertex',(-73.,-285.5,-150.115559583)) ;
#1894=CARTESIAN_POINT('Line Origine',(-73.,-285.5,-155.307779791)) ;
#1906=CARTESIAN_POINT('Axis2P3D Location',(-73.,-245.5,-125.)) ;
#1911=CARTESIAN_POINT('Line Origine',(-73.,-218.,-125.)) ;
#1915=CARTESIAN_POINT('Vertex',(-73.,-235.5,-125.)) ;
#1917=CARTESIAN_POINT('Vertex',(-73.,-200.5,-125.)) ;
#1920=CARTESIAN_POINT('Line Origine',(-70.,-200.5,-125.)) ;
#1925=CARTESIAN_POINT('Line Origine',(-70.,-235.5,-125.)) ;
#1937=CARTESIAN_POINT('Axis2P3D Location',(-73.,-200.5,-125.)) ;
#1942=CARTESIAN_POINT('Line Origine',(-73.,-200.5,-115.)) ;
#1946=CARTESIAN_POINT('Vertex',(-73.,-200.5,-105.)) ;
#1949=CARTESIAN_POINT('Line Origine',(-70.,-200.5,-105.)) ;
#1961=CARTESIAN_POINT('Axis2P3D Location',(-73.,-200.5,-105.)) ;
#1966=CARTESIAN_POINT('Line Origine',(-73.,-208.,-105.)) ;
#1970=CARTESIAN_POINT('Vertex',(-73.,-215.5,-105.)) ;
#1973=CARTESIAN_POINT('Line Origine',(-70.,-215.5,-105.)) ;
#1985=CARTESIAN_POINT('Axis2P3D Location',(-73.,-278.294520753,-102.287417147)) ;
#1990=CARTESIAN_POINT('Axis2P3D Location',(-73.,-278.294520753,-102.287417147)) ;
#1994=CARTESIAN_POINT('Vertex',(-73.,-259.825544061,-85.4381768099)) ;
#1996=CARTESIAN_POINT('Vertex',(-73.,-265.794520753,-80.6367820527)) ;
#1999=CARTESIAN_POINT('Line Origine',(-70.,-265.794520753,-80.6367820527)) ;
#2004=CARTESIAN_POINT('Line Origine',(-70.,-259.825544061,-85.4381768099)) ;
#2016=CARTESIAN_POINT('Axis2P3D Location',(-73.,-265.794520753,-80.6367820527)) ;
#2021=CARTESIAN_POINT('Line Origine',(-73.,-308.709185603,-55.8599887493)) ;
#2025=CARTESIAN_POINT('Vertex',(-73.,-351.623850453,-31.083195446)) ;
#2028=CARTESIAN_POINT('Line Origine',(-70.,-351.623850453,-31.083195446)) ;
#2040=CARTESIAN_POINT('Axis2P3D Location',(-58.7,-351.623850453,-74.3583096383)) ;
#2046=CARTESIAN_POINT('Control Point',(-65.7769133641,-355.96058854,-27.7621040156)) ;
#2047=CARTESIAN_POINT('Control Point',(-66.3729749367,-354.987904457,-28.5923768732)) ;
#2048=CARTESIAN_POINT('Control Point',(-66.790872558,-353.905712511,-29.4226497308)) ;
#2049=CARTESIAN_POINT('Control Point',(-67.,-352.764641285,-30.2529225884)) ;
#2050=CARTESIAN_POINT('Control Point',(-67.,-351.623850453,-31.083195446)) ;
#2051=CARTESIAN_POINT('Vertex',(-65.7769133641,-355.96058854,-27.7621040156)) ;
#2054=CARTESIAN_POINT('Line Origine',(-65.7769133641,-355.96058854,-51.060206827)) ;
#2058=CARTESIAN_POINT('Vertex',(-65.7769133641,-355.96058854,-70.5874529585)) ;
#2062=CARTESIAN_POINT('Control Point',(-67.,-351.623850453,-74.3583096383)) ;
#2063=CARTESIAN_POINT('Control Point',(-67.,-352.764641285,-73.4155954684)) ;
#2064=CARTESIAN_POINT('Control Point',(-66.790872558,-353.905712511,-72.4728812984)) ;
#2065=CARTESIAN_POINT('Control Point',(-66.3729749367,-354.987904457,-71.5301671285)) ;
#2066=CARTESIAN_POINT('Control Point',(-65.7769133641,-355.96058854,-70.5874529585)) ;
#2075=CARTESIAN_POINT('Axis2P3D Location',(-73.,-397.793980633,-44.0919863898)) ;
#2080=CARTESIAN_POINT('Line Origine',(-70.,-312.60555352,-99.9363269183)) ;
#2084=CARTESIAN_POINT('Vertex',(-73.,-312.60555352,-99.9363269183)) ;
#2087=CARTESIAN_POINT('Line Origine',(-70.,-351.623850453,-74.3583096383)) ;
#2091=CARTESIAN_POINT('Vertex',(-73.,-351.623850453,-74.3583096383)) ;
#2094=CARTESIAN_POINT('Line Origine',(-73.,-332.114701987,-87.1473182783)) ;
#2107=CARTESIAN_POINT('Control Point',(-65.7769133641,-355.96058854,-27.7621040156)) ;
#2108=CARTESIAN_POINT('Control Point',(-70.8927543503,-359.095579928,-27.7621040156)) ;
#2109=CARTESIAN_POINT('Control Point',(-66.1107078448,-355.415885454,-28.2270568159)) ;
#2110=CARTESIAN_POINT('Control Point',(-71.4678460458,-358.157115575,-28.2270568159)) ;
#2111=CARTESIAN_POINT('Control Point',(-66.3920957469,-354.839067575,-28.6920096161)) ;
#2112=CARTESIAN_POINT('Control Point',(-71.9526468893,-357.163320916,-28.6920096161)) ;
#2113=CARTESIAN_POINT('Control Point',(-66.6169538672,-354.236856306,-29.1569624164)) ;
#2114=CARTESIAN_POINT('Control Point',(-72.3400530483,-356.125776199,-29.1569624164)) ;
#2115=CARTESIAN_POINT('Control Point',(-66.8534101125,-353.35102526,-29.8211807025)) ;
#2116=CARTESIAN_POINT('Control Point',(-72.7474415192,-354.599585361,-29.8211807025)) ;
#2117=CARTESIAN_POINT('Control Point',(-66.9661321209,-352.44459919,-30.4853989885)) ;
#2118=CARTESIAN_POINT('Control Point',(-72.9416493168,-353.03791153,-30.4853989885)) ;
#2119=CARTESIAN_POINT('Control Point',(-66.9887107147,-352.171430053,-30.6846644743)) ;
#2120=CARTESIAN_POINT('Control Point',(-72.9805497856,-352.567270727,-30.6846644743)) ;
#2121=CARTESIAN_POINT('Control Point',(-67.,-351.897640253,-30.8839299602)) ;
#2122=CARTESIAN_POINT('Control Point',(-73.,-352.09556059,-30.8839299602)) ;
#2123=CARTESIAN_POINT('Control Point',(-67.,-351.623850453,-31.083195446)) ;
#2124=CARTESIAN_POINT('Control Point',(-73.,-351.623850453,-31.083195446)) ;
#2126=CARTESIAN_POINT('Control Point',(-70.8927543503,-359.095579928,-27.7621040156)) ;
#2127=CARTESIAN_POINT('Control Point',(-65.7769133641,-355.96058854,-27.7621040156)) ;
#2128=CARTESIAN_POINT('Vertex',(-70.8927543503,-359.095579928,-27.7621040156)) ;
#2132=CARTESIAN_POINT('Control Point',(-70.8927543503,-359.095579928,-27.7621040156)) ;
#2133=CARTESIAN_POINT('Control Point',(-71.9197038066,-357.419750726,-28.5923768732)) ;
#2134=CARTESIAN_POINT('Control Point',(-72.6396945947,-355.555250794,-29.4226497308)) ;
#2135=CARTESIAN_POINT('Control Point',(-73.,-353.589309357,-30.2529225884)) ;
#2136=CARTESIAN_POINT('Control Point',(-73.,-351.623850453,-31.083195446)) ;
#2145=CARTESIAN_POINT('Axis2P3D Location',(-111.16957681,-281.886494112,-125.)) ;
#2150=CARTESIAN_POINT('Line Origine',(-28.6148035854,-416.60364008,-95.)) ;
#2154=CARTESIAN_POINT('Vertex',(-28.6148035854,-416.60364008,-40.)) ;
#2156=CARTESIAN_POINT('Vertex',(-28.6148035854,-416.60364008,-5.)) ;
#2159=CARTESIAN_POINT('Line Origine',(-88.179639963,-319.402661344,-40.)) ;
#2163=CARTESIAN_POINT('Vertex',(-37.4972791855,-402.108757286,-40.)) ;
#2167=CARTESIAN_POINT('Control Point',(-44.6586546325,-390.422454681,-44.0919863898)) ;
#2168=CARTESIAN_POINT('Control Point',(-43.0739075536,-393.008526875,-42.1037252466)) ;
#2169=CARTESIAN_POINT('Control Point',(-41.2876628518,-395.923413305,-40.7017368763)) ;
#2170=CARTESIAN_POINT('Control Point',(-39.3921831067,-399.016555125,-40.)) ;
#2171=CARTESIAN_POINT('Control Point',(-37.4972791855,-402.108757286,-40.)) ;
#2172=CARTESIAN_POINT('Vertex',(-44.6586546325,-390.422454681,-44.0919863898)) ;
#2176=CARTESIAN_POINT('Control Point',(-44.6586546325,-390.422454681,-44.0919863898)) ;
#2177=CARTESIAN_POINT('Control Point',(-65.7769133641,-355.96058854,-70.5874529585)) ;
#2180=CARTESIAN_POINT('Control Point',(-65.7769133641,-355.96058854,-27.7621040156)) ;
#2181=CARTESIAN_POINT('Control Point',(-48.2084997622,-384.629633917,-8.34936490539)) ;
#2182=CARTESIAN_POINT('Vertex',(-48.2084997622,-384.629633917,-8.34936490539)) ;
#2186=CARTESIAN_POINT('Control Point',(-48.2084997622,-384.629633917,-8.34936490539)) ;
#2187=CARTESIAN_POINT('Control Point',(-46.7277066927,-387.046068585,-6.71311873164)) ;
#2188=CARTESIAN_POINT('Control Point',(-45.0973596044,-389.706553232,-5.57130755274)) ;
#2189=CARTESIAN_POINT('Control Point',(-43.3871402579,-392.497377558,-5.)) ;
#2190=CARTESIAN_POINT('Control Point',(-41.6772677033,-395.287635971,-5.)) ;
#2191=CARTESIAN_POINT('Vertex',(-41.6772677033,-395.287635971,-5.)) ;
#2194=CARTESIAN_POINT('Line Origine',(-88.179639963,-319.402661344,-5.)) ;
#2210=CARTESIAN_POINT('Axis2P3D Location',(-118.744023949,-281.009404902,-80.6367820527)) ;
#2215=CARTESIAN_POINT('Line Origine',(-50.7664202553,-386.197129611,-8.34936490539)) ;
#2219=CARTESIAN_POINT('Vertex',(-53.3243407483,-387.764625305,-8.34936490539)) ;
#2222=CARTESIAN_POINT('Line Origine',(-62.1085475493,-373.430102617,-18.0557344605)) ;
#2234=CARTESIAN_POINT('Axis2P3D Location',(-49.7744956187,-393.557446069,-44.0919863898)) ;
#2239=CARTESIAN_POINT('Line Origine',(-60.3336249845,-376.326512999,-57.3397196742)) ;
#2243=CARTESIAN_POINT('Vertex',(-49.7744956187,-393.557446069,-44.0919863898)) ;
#2245=CARTESIAN_POINT('Vertex',(-70.8927543503,-359.095579928,-70.5874529585)) ;
#2248=CARTESIAN_POINT('Line Origine',(-68.3348338572,-357.528084234,-70.5874529585)) ;
#2253=CARTESIAN_POINT('Line Origine',(-47.2165751256,-391.989950375,-44.0919863898)) ;
#2265=CARTESIAN_POINT('Axis2P3D Location',(-46.7931086894,-398.422627359,-30.)) ;
#2270=CARTESIAN_POINT('Axis2P3D Location',(-46.7931086894,-398.422627359,-30.)) ;
#2274=CARTESIAN_POINT('Vertex',(-46.7931086894,-398.422627359,-5.)) ;
#2277=CARTESIAN_POINT('Line Origine',(-44.2351881963,-396.855131665,-5.)) ;
#2289=CARTESIAN_POINT('Axis2P3D Location',(-116.285417797,-285.0214855,-125.)) ;
#2294=CARTESIAN_POINT('Line Origine',(-40.2618766304,-409.080629414,-5.)) ;
#2298=CARTESIAN_POINT('Vertex',(-33.7306445715,-419.738631468,-5.)) ;
#2301=CARTESIAN_POINT('Line Origine',(-70.8927543503,-359.095579928,-49.1747784871)) ;
#2306=CARTESIAN_POINT('Axis2P3D Location',(-42.6131201717,-405.243748674,-65.)) ;
#2310=CARTESIAN_POINT('Vertex',(-42.6131201717,-405.243748674,-40.)) ;
#2313=CARTESIAN_POINT('Line Origine',(-38.1718823716,-412.491190071,-40.)) ;
#2317=CARTESIAN_POINT('Vertex',(-33.7306445715,-419.738631468,-40.)) ;
#2320=CARTESIAN_POINT('Line Origine',(-33.7306445715,-419.738631468,-22.5)) ;
#2336=CARTESIAN_POINT('Axis2P3D Location',(-73.,-403.5,-5.)) ;
#2341=CARTESIAN_POINT('Line Origine',(-31.1727240789,-418.171135773,-5.)) ;
#2353=CARTESIAN_POINT('Axis2P3D Location',(-42.6131201717,-405.243748674,-65.)) ;
#2358=CARTESIAN_POINT('Line Origine',(-40.0551996786,-403.67625298,-40.)) ;
#2370=CARTESIAN_POINT('Axis2P3D Location',(-73.,-428.5,-40.)) ;
#2375=CARTESIAN_POINT('Line Origine',(-31.1727240784,-418.171135774,-40.)) ;
#2387=CARTESIAN_POINT('Axis2P3D Location',(-33.7306445715,-419.738631468,-5.)) ;
#2399=CARTESIAN_POINT('Axis2P3D Location',(-58.7,-351.623850453,-74.3583096383)) ;
#2404=CARTESIAN_POINT('Line Origine',(-73.,-351.623850453,-51.060206827)) ;
#2410=CARTESIAN_POINT('Control Point',(-73.,-351.623850453,-74.3583096383)) ;
#2411=CARTESIAN_POINT('Control Point',(-73.,-353.589309357,-73.4155954684)) ;
#2412=CARTESIAN_POINT('Control Point',(-72.6396960939,-355.555251349,-72.4728812984)) ;
#2413=CARTESIAN_POINT('Control Point',(-71.9197038066,-357.419750726,-71.5301671285)) ;
#2414=CARTESIAN_POINT('Control Point',(-70.8927543503,-359.095579928,-70.5874529585)) ;
#2424=CARTESIAN_POINT('Control Point',(-67.,-351.623850453,-74.3583096383)) ;
#2425=CARTESIAN_POINT('Control Point',(-73.,-351.623850453,-74.3583096383)) ;
#2426=CARTESIAN_POINT('Control Point',(-67.,-352.262693319,-73.8303897031)) ;
#2427=CARTESIAN_POINT('Control Point',(-73.,-352.724507439,-73.8303897031)) ;
#2428=CARTESIAN_POINT('Control Point',(-66.9385361133,-352.901536185,-73.302469768)) ;
#2429=CARTESIAN_POINT('Control Point',(-72.894104388,-353.825164425,-73.302469768)) ;
#2430=CARTESIAN_POINT('Control Point',(-66.8156046541,-353.532493746,-72.7745498328)) ;
#2431=CARTESIAN_POINT('Control Point',(-72.6823068136,-354.912235886,-72.7745498328)) ;
#2432=CARTESIAN_POINT('Control Point',(-66.5543712959,-354.411336923,-72.0203784968)) ;
#2433=CARTESIAN_POINT('Control Point',(-72.2322300639,-356.426387384,-72.0203784968)) ;
#2434=CARTESIAN_POINT('Control Point',(-66.1768762871,-355.243089284,-71.2662071609)) ;
#2435=CARTESIAN_POINT('Control Point',(-71.5818470971,-357.859406511,-71.2662071609)) ;
#2436=CARTESIAN_POINT('Control Point',(-66.0533972209,-355.487801545,-71.0399557601)) ;
#2437=CARTESIAN_POINT('Control Point',(-71.3691060552,-358.281019202,-71.0399557601)) ;
#2438=CARTESIAN_POINT('Control Point',(-65.9199681415,-355.72714436,-70.8137043593)) ;
#2439=CARTESIAN_POINT('Control Point',(-71.1392222198,-358.69338092,-70.8137043593)) ;
#2440=CARTESIAN_POINT('Control Point',(-65.7769133641,-355.96058854,-70.5874529585)) ;
#2441=CARTESIAN_POINT('Control Point',(-70.8927543503,-359.095579928,-70.5874529585)) ;
#2449=CARTESIAN_POINT('Axis2P3D Location',(-73.,-345.5,-150.115559583)) ;
#2454=CARTESIAN_POINT('Axis2P3D Location',(-73.,-345.5,-150.115559583)) ;
#2466=CARTESIAN_POINT('Axis2P3D Location',(-73.,-215.5,-45.)) ;
#2471=CARTESIAN_POINT('Axis2P3D Location',(-73.,-215.5,-45.)) ;
#2483=CARTESIAN_POINT('Axis2P3D Location',(-70.,-235.5,-160.)) ;
#2488=CARTESIAN_POINT('Axis2P3D Location',(-73.,-235.5,-160.)) ;
#2492=CARTESIAN_POINT('Vertex',(-73.,-270.5,-160.)) ;
#2495=CARTESIAN_POINT('Line Origine',(-70.,-270.5,-160.)) ;
#2507=CARTESIAN_POINT('Axis2P3D Location',(-73.,-270.5,-125.)) ;
#2512=CARTESIAN_POINT('Line Origine',(-73.,-270.5,-160.25)) ;
#2533=CARTESIAN_POINT('Axis2P3D Location',(-73.,-270.5,-185.)) ;
#2548=CARTESIAN_POINT('Axis2P3D Location',(0.,-285.5,-90.7179676972)) ;
#2553=CARTESIAN_POINT('Line Origine',(38.,-285.5,-90.7179676972)) ;
#2557=CARTESIAN_POINT('Vertex',(43.,-285.5,-90.7179676972)) ;
#2559=CARTESIAN_POINT('Vertex',(33.,-285.5,-90.7179676972)) ;
#2562=CARTESIAN_POINT('Line Origine',(43.,-282.901923789,-89.2179676972)) ;
#2566=CARTESIAN_POINT('Vertex',(43.,-280.303847577,-87.7179676972)) ;
#2569=CARTESIAN_POINT('Line Origine',(38.,-280.303847577,-87.7179676972)) ;
#2573=CARTESIAN_POINT('Vertex',(33.,-280.303847577,-87.7179676972)) ;
#2576=CARTESIAN_POINT('Line Origine',(33.,-282.901923789,-89.2179676972)) ;
#2588=CARTESIAN_POINT('Axis2P3D Location',(18.,-267.901923789,-109.425227119)) ;
#2593=CARTESIAN_POINT('Line Origine',(23.8260509349,-272.756966234,-101.01604693)) ;
#2597=CARTESIAN_POINT('Vertex',(23.8260509349,-272.658890023,-100.959422603)) ;
#2599=CARTESIAN_POINT('Vertex',(23.8260509349,-277.855042446,-103.959422603)) ;
#2602=CARTESIAN_POINT('Line Origine',(25.5,-279.25,-101.543285245)) ;
#2607=CARTESIAN_POINT('Line Origine',(25.5,-274.053847577,-98.5432852446)) ;
#2619=CARTESIAN_POINT('Axis2P3D Location',(6.67619242062,-280.401923789,-93.5480947162)) ;
#2624=CARTESIAN_POINT('Axis2P3D Location',(6.67619242062,-277.803847577,-92.0480947162)) ;
#2628=CARTESIAN_POINT('Vertex',(6.67619242062,-267.803847577,-109.368602792)) ;
#2631=CARTESIAN_POINT('Line Origine',(6.67619242062,-270.401923789,-110.868602792)) ;
#2635=CARTESIAN_POINT('Vertex',(6.67619242062,-273.,-112.368602792)) ;
#2638=CARTESIAN_POINT('Axis2P3D Location',(6.67619242062,-283.,-95.0480947162)) ;
#2650=CARTESIAN_POINT('Axis2P3D Location',(0.,-265.14460533,-107.833288564)) ;
#2655=CARTESIAN_POINT('Line Origine',(-30.6761924206,-270.401923789,-110.868602792)) ;
#2659=CARTESIAN_POINT('Vertex',(-30.6761924206,-267.803847577,-109.368602792)) ;
#2661=CARTESIAN_POINT('Vertex',(-30.6761924206,-273.,-112.368602792)) ;
#2664=CARTESIAN_POINT('Line Origine',(-12.,-273.,-112.368602792)) ;
#2669=CARTESIAN_POINT('Line Origine',(-12.,-267.803847577,-109.368602792)) ;
#2681=CARTESIAN_POINT('Axis2P3D Location',(-30.6761924206,-280.401923789,-93.5480947162)) ;
#2686=CARTESIAN_POINT('Axis2P3D Location',(-30.6761924206,-277.803847577,-92.0480947162)) ;
#2690=CARTESIAN_POINT('Vertex',(-47.8260509349,-272.658890023,-100.959422603)) ;
#2693=CARTESIAN_POINT('Line Origine',(-47.8260509349,-275.256966234,-102.459422603)) ;
#2697=CARTESIAN_POINT('Vertex',(-47.8260509349,-277.855042446,-103.959422603)) ;
#2700=CARTESIAN_POINT('Axis2P3D Location',(-30.6761924206,-283.,-95.0480947162)) ;
#2712=CARTESIAN_POINT('Axis2P3D Location',(-42.,-267.901923789,-109.425227119)) ;
#2717=CARTESIAN_POINT('Line Origine',(-49.5,-274.053847577,-98.5432852446)) ;
#2721=CARTESIAN_POINT('Vertex',(-57.,-280.303847577,-87.7179676972)) ;
#2724=CARTESIAN_POINT('Line Origine',(-57.,-280.401923789,-87.7745920243)) ;
#2728=CARTESIAN_POINT('Vertex',(-57.,-285.5,-90.7179676972)) ;
#2731=CARTESIAN_POINT('Line Origine',(-49.5,-279.25,-101.543285245)) ;
#2743=CARTESIAN_POINT('Line Origine',(-62.,-280.303847577,-87.7179676972)) ;
#2747=CARTESIAN_POINT('Vertex',(-67.,-280.303847577,-87.7179676972)) ;
#2750=CARTESIAN_POINT('Line Origine',(-67.,-282.901923789,-89.2179676972)) ;
#2754=CARTESIAN_POINT('Vertex',(-67.,-285.5,-90.7179676972)) ;
#2757=CARTESIAN_POINT('Line Origine',(-62.,-285.5,-90.7179676972)) ;
#2769=CARTESIAN_POINT('Axis2P3D Location',(0.,-259.955824958,-134.961776708)) ;
#2774=CARTESIAN_POINT('Line Origine',(-67.,-257.604524831,-133.034347991)) ;
#2778=CARTESIAN_POINT('Vertex',(-67.,-259.955824958,-134.961776708)) ;
#2780=CARTESIAN_POINT('Vertex',(-67.,-255.253224704,-131.106919275)) ;
#2783=CARTESIAN_POINT('Line Origine',(-12.,-255.253224704,-131.106919275)) ;
#2787=CARTESIAN_POINT('Vertex',(43.,-255.253224704,-131.106919275)) ;
#2790=CARTESIAN_POINT('Line Origine',(43.,-257.604524831,-133.034347991)) ;
#2794=CARTESIAN_POINT('Vertex',(43.,-259.955824958,-134.961776708)) ;
#2797=CARTESIAN_POINT('Line Origine',(-12.,-259.955824958,-134.961776708)) ;
#2809=CARTESIAN_POINT('Axis2P3D Location',(0.,-260.5,-134.019237886)) ;
#2814=CARTESIAN_POINT('Line Origine',(-67.,-272.727912479,-112.839872202)) ;
#2819=CARTESIAN_POINT('Line Origine',(43.,-272.727912479,-112.839872202)) ;
#2837=CARTESIAN_POINT('Axis2P3D Location',(-67.,0.,0.)) ;
#2842=CARTESIAN_POINT('Line Origine',(-67.,-267.778536141,-109.412443486)) ;
#2854=CARTESIAN_POINT('Axis2P3D Location',(0.,-280.303847577,-87.7179676972)) ;
#2859=CARTESIAN_POINT('Line Origine',(43.,-267.778536141,-109.412443486)) ;
#2877=CARTESIAN_POINT('Axis2P3D Location',(43.,0.,0.)) ;
#2892=CARTESIAN_POINT('Axis2P3D Location',(127.173454242,-323.345217356,5.00029937459)) ;
#2897=CARTESIAN_POINT('Line Origine',(131.436655064,-320.732724533,5.00029926338)) ;
#2901=CARTESIAN_POINT('Vertex',(130.391657935,-319.027444204,5.00029905756)) ;
#2903=CARTESIAN_POINT('Vertex',(132.481652194,-322.438004861,5.00029946919)) ;
#2906=CARTESIAN_POINT('Axis2P3D Location',(126.128457113,-321.639937027,5.00029916877)) ;
#2910=CARTESIAN_POINT('Vertex',(126.128456939,-321.639936531,10.0002991688)) ;
#2913=CARTESIAN_POINT('Line Origine',(127.173454068,-323.345216859,10.0002993746)) ;
#2917=CARTESIAN_POINT('Vertex',(128.218451198,-325.050497188,10.0002995804)) ;
#2920=CARTESIAN_POINT('Axis2P3D Location',(128.218451372,-325.050497685,5.0002995804)) ;
#2932=CARTESIAN_POINT('Axis2P3D Location',(-91.2947849714,-454.877070533,10.0003048404)) ;
#2937=CARTESIAN_POINT('Line Origine',(17.4168359837,-388.258503532,10.0003020046)) ;
#2941=CARTESIAN_POINT('Vertex',(-91.2947849714,-454.877070533,10.0003048404)) ;
#2944=CARTESIAN_POINT('Line Origine',(-90.249787842,-456.582350862,10.0003050462)) ;
#2948=CARTESIAN_POINT('Vertex',(-89.2047907126,-458.287631191,10.000305252)) ;
#2951=CARTESIAN_POINT('Line Origine',(19.5068302426,-391.669064189,10.0003024162)) ;
#2963=CARTESIAN_POINT('Axis2P3D Location',(-90.249787668,-456.582351359,5.00030504623)) ;
#2968=CARTESIAN_POINT('Axis2P3D Location',(-91.2947847974,-454.87707103,5.00030484042)) ;
#2972=CARTESIAN_POINT('Vertex',(-95.5579856192,-457.489563854,5.00030495163)) ;
#2975=CARTESIAN_POINT('Line Origine',(-94.5129884898,-459.194844182,5.00030515744)) ;
#2979=CARTESIAN_POINT('Vertex',(-93.4679913603,-460.900124511,5.00030536325)) ;
#2982=CARTESIAN_POINT('Axis2P3D Location',(-89.2047905386,-458.287631687,5.00030525205)) ;
#2994=CARTESIAN_POINT('Axis2P3D Location',(-95.557984227,-457.489567828,-34.9996950484)) ;
#2999=CARTESIAN_POINT('Line Origine',(-95.5579849231,-457.489565841,-14.9996950484)) ;
#3003=CARTESIAN_POINT('Vertex',(-95.557984227,-457.489567828,-34.9996950484)) ;
#3006=CARTESIAN_POINT('Line Origine',(-94.5129870976,-459.194848157,-34.9996948426)) ;
#3010=CARTESIAN_POINT('Vertex',(-93.4679899681,-460.900128486,-34.9996946367)) ;
#3013=CARTESIAN_POINT('Line Origine',(-93.4679906642,-460.900126498,-14.9996946367)) ;
#3025=CARTESIAN_POINT('Axis2P3D Location',(-90.2497862758,-456.582355333,-34.9996949538)) ;
#3030=CARTESIAN_POINT('Axis2P3D Location',(-91.2947834052,-454.877075005,-34.9996951596)) ;
#3034=CARTESIAN_POINT('Vertex',(-91.2947832312,-454.877075501,-39.9996951596)) ;
#3037=CARTESIAN_POINT('Line Origine',(-90.2497861018,-456.58235583,-39.9996949538)) ;
#3041=CARTESIAN_POINT('Vertex',(-89.2047889723,-458.287636159,-39.999694748)) ;
#3044=CARTESIAN_POINT('Axis2P3D Location',(-89.2047891464,-458.287635662,-34.999694748)) ;
#3056=CARTESIAN_POINT('Axis2P3D Location',(-50.7943754244,-430.058393677,-39.9996962161)) ;
#3061=CARTESIAN_POINT('Line Origine',(-71.0445793278,-442.467734589,-39.9996956878)) ;
#3065=CARTESIAN_POINT('Vertex',(-50.7943754244,-430.058393677,-39.9996962161)) ;
#3068=CARTESIAN_POINT('Line Origine',(-49.749378295,-431.763674006,-39.9996960103)) ;
#3072=CARTESIAN_POINT('Vertex',(-48.7043811655,-433.468954335,-39.9996958044)) ;
#3075=CARTESIAN_POINT('Line Origine',(-68.9545850689,-445.878295247,-39.9996952762)) ;
#3087=CARTESIAN_POINT('Axis2P3D Location',(-49.7493781209,-431.763674503,-44.9996960103)) ;
#3092=CARTESIAN_POINT('Axis2P3D Location',(-50.7943752504,-430.058394174,-44.9996962161)) ;
#3096=CARTESIAN_POINT('Vertex',(-46.5311744286,-427.445901351,-44.9996963273)) ;
#3099=CARTESIAN_POINT('Line Origine',(-45.4861772992,-429.151181679,-44.9996961215)) ;
#3103=CARTESIAN_POINT('Vertex',(-44.4411801697,-430.856462008,-44.9996959156)) ;
#3106=CARTESIAN_POINT('Axis2P3D Location',(-48.7043809915,-433.468954832,-44.9996958044)) ;
#3118=CARTESIAN_POINT('Axis2P3D Location',(-46.5311744286,-427.445901351,-44.9996963273)) ;
#3123=CARTESIAN_POINT('Line Origine',(-46.5311743416,-427.445901599,-47.4996963273)) ;
#3127=CARTESIAN_POINT('Vertex',(-46.5311742546,-427.445901847,-49.9996963273)) ;
#3130=CARTESIAN_POINT('Line Origine',(-45.4861771251,-429.151182176,-49.9996961215)) ;
#3134=CARTESIAN_POINT('Vertex',(-44.4411799957,-430.856462505,-49.9996959156)) ;
#3137=CARTESIAN_POINT('Line Origine',(-44.4411800827,-430.856462256,-47.4996959156)) ;
#3149=CARTESIAN_POINT('Axis2P3D Location',(-41.2229763034,-426.538689353,-49.9996962327)) ;
#3154=CARTESIAN_POINT('Axis2P3D Location',(-42.2679734328,-424.833409024,-49.9996964385)) ;
#3158=CARTESIAN_POINT('Vertex',(-42.2679732588,-424.833409521,-54.9996964385)) ;
#3161=CARTESIAN_POINT('Line Origine',(-41.2229761293,-426.538689849,-54.9996962327)) ;
#3165=CARTESIAN_POINT('Vertex',(-40.1779789999,-428.243970178,-54.9996960269)) ;
#3168=CARTESIAN_POINT('Axis2P3D Location',(-40.1779791739,-428.243969681,-49.9996960269)) ;
#3180=CARTESIAN_POINT('Axis2P3D Location',(-42.2679732588,-424.833409521,-54.9996964385)) ;
#3185=CARTESIAN_POINT('Line Origine',(-31.1836511222,-418.040928179,-54.9996967276)) ;
#3189=CARTESIAN_POINT('Vertex',(-20.0993289856,-411.248446838,-54.9996970168)) ;
#3192=CARTESIAN_POINT('Line Origine',(-19.0543318561,-412.953727167,-54.999696811)) ;
#3196=CARTESIAN_POINT('Vertex',(-18.0093347267,-414.659007496,-54.9996966051)) ;
#3199=CARTESIAN_POINT('Line Origine',(-29.0936568633,-421.451488837,-54.999696316)) ;
#3211=CARTESIAN_POINT('Axis2P3D Location',(-19.0543320302,-412.95372667,-49.999696811)) ;
#3216=CARTESIAN_POINT('Axis2P3D Location',(-20.0993291596,-411.248446341,-49.9996970168)) ;
#3220=CARTESIAN_POINT('Vertex',(-15.8361283378,-408.635953518,-49.999697128)) ;
#3223=CARTESIAN_POINT('Line Origine',(-14.7911312084,-410.341233846,-49.9996969222)) ;
#3227=CARTESIAN_POINT('Vertex',(-13.746134079,-412.046514175,-49.9996967163)) ;
#3230=CARTESIAN_POINT('Axis2P3D Location',(-18.0093349007,-414.659006999,-49.9996966051)) ;
#3242=CARTESIAN_POINT('Axis2P3D Location',(-15.8361283378,-408.635953518,-49.999697128)) ;
#3247=CARTESIAN_POINT('Line Origine',(-15.8361284248,-408.635953269,-47.499697128)) ;
#3251=CARTESIAN_POINT('Vertex',(-15.8361285118,-408.635953021,-44.999697128)) ;
#3254=CARTESIAN_POINT('Line Origine',(-14.7911313824,-410.34123335,-44.9996969222)) ;
#3258=CARTESIAN_POINT('Vertex',(-13.746134253,-412.046513678,-44.9996967163)) ;
#3261=CARTESIAN_POINT('Line Origine',(-13.746134166,-412.046513927,-47.4996967163)) ;
#3273=CARTESIAN_POINT('Axis2P3D Location',(-10.5279305606,-407.728740526,-44.9996970334)) ;
#3278=CARTESIAN_POINT('Axis2P3D Location',(-11.5729276901,-406.023460197,-44.9996972392)) ;
#3282=CARTESIAN_POINT('Vertex',(-11.5729278641,-406.0234597,-39.9996972392)) ;
#3285=CARTESIAN_POINT('Line Origine',(-10.5279307347,-407.728740029,-39.9996970334)) ;
#3289=CARTESIAN_POINT('Vertex',(-9.48293360524,-409.434020358,-39.9996968276)) ;
#3292=CARTESIAN_POINT('Axis2P3D Location',(-9.48293343121,-409.434020855,-44.9996968276)) ;
#3304=CARTESIAN_POINT('Line Origine',(17.4168377239,-388.2585085,-39.9996979954)) ;
#3308=CARTESIAN_POINT('Vertex',(46.406603312,-370.4935573,-39.9996987516)) ;
#3311=CARTESIAN_POINT('Line Origine',(47.4516004414,-372.198837629,-39.9996985458)) ;
#3315=CARTESIAN_POINT('Vertex',(48.4965975708,-373.904117957,-39.99969834)) ;
#3318=CARTESIAN_POINT('Line Origine',(19.5068319828,-391.669069158,-39.9996975838)) ;
#3330=CARTESIAN_POINT('Axis2P3D Location',(47.4516006154,-372.198838125,-44.9996985458)) ;
#3335=CARTESIAN_POINT('Axis2P3D Location',(46.406603486,-370.493557797,-44.9996987516)) ;
#3339=CARTESIAN_POINT('Vertex',(50.6698043078,-367.881064973,-44.9996988628)) ;
#3342=CARTESIAN_POINT('Line Origine',(51.7148014372,-369.586345302,-44.999698657)) ;
#3346=CARTESIAN_POINT('Vertex',(52.7597985666,-371.29162563,-44.9996984512)) ;
#3349=CARTESIAN_POINT('Axis2P3D Location',(48.4965977449,-373.904118454,-44.99969834)) ;
#3361=CARTESIAN_POINT('Axis2P3D Location',(50.6698044818,-367.88106547,-49.9996988628)) ;
#3366=CARTESIAN_POINT('Line Origine',(50.6698043948,-367.881065221,-47.4996988628)) ;
#3370=CARTESIAN_POINT('Vertex',(50.6698044818,-367.88106547,-49.9996988628)) ;
#3373=CARTESIAN_POINT('Line Origine',(51.7148016112,-369.586345799,-49.999698657)) ;
#3377=CARTESIAN_POINT('Vertex',(52.7597987407,-371.291626127,-49.9996984512)) ;
#3380=CARTESIAN_POINT('Line Origine',(52.7597986536,-371.291625879,-47.4996984512)) ;
#3392=CARTESIAN_POINT('Axis2P3D Location',(55.978002433,-366.973852975,-49.9996987682)) ;
#3397=CARTESIAN_POINT('Axis2P3D Location',(54.9330053036,-365.268572646,-49.999698974)) ;
#3401=CARTESIAN_POINT('Vertex',(54.9330054776,-365.268573143,-54.999698974)) ;
#3404=CARTESIAN_POINT('Line Origine',(55.978002607,-366.973853472,-54.9996987682)) ;
#3408=CARTESIAN_POINT('Vertex',(57.0229997365,-368.679133801,-54.9996985624)) ;
#3411=CARTESIAN_POINT('Axis2P3D Location',(57.0229995624,-368.679133304,-49.9996985624)) ;
#3423=CARTESIAN_POINT('Line Origine',(66.0173276142,-358.476091802,-54.9996992632)) ;
#3427=CARTESIAN_POINT('Vertex',(77.1016497508,-351.68361046,-54.9996995523)) ;
#3430=CARTESIAN_POINT('Line Origine',(78.1466468802,-353.388890789,-54.9996993465)) ;
#3434=CARTESIAN_POINT('Vertex',(79.1916440097,-355.094171118,-54.9996991407)) ;
#3437=CARTESIAN_POINT('Line Origine',(68.1073218731,-361.886652459,-54.9996988516)) ;
#3449=CARTESIAN_POINT('Axis2P3D Location',(78.1466467062,-353.388890292,-49.9996993465)) ;
#3454=CARTESIAN_POINT('Axis2P3D Location',(77.1016495768,-351.683609964,-49.9996995523)) ;
#3458=CARTESIAN_POINT('Vertex',(81.3648503985,-349.07111714,-49.9996996635)) ;
#3461=CARTESIAN_POINT('Line Origine',(82.409847528,-350.776397469,-49.9996994577)) ;
#3465=CARTESIAN_POINT('Vertex',(83.4548446574,-352.481677798,-49.9996992519)) ;
#3468=CARTESIAN_POINT('Axis2P3D Location',(79.1916438356,-355.094170621,-49.9996991407)) ;
#3480=CARTESIAN_POINT('Axis2P3D Location',(81.3648502245,-349.071116643,-44.9996996635)) ;
#3485=CARTESIAN_POINT('Line Origine',(81.3648503115,-349.071116892,-47.4996996635)) ;
#3489=CARTESIAN_POINT('Vertex',(81.3648502245,-349.071116643,-44.9996996635)) ;
#3492=CARTESIAN_POINT('Line Origine',(82.409847354,-350.776396972,-44.9996994577)) ;
#3496=CARTESIAN_POINT('Vertex',(83.4548444834,-352.481677301,-44.9996992519)) ;
#3499=CARTESIAN_POINT('Line Origine',(83.4548445704,-352.481677549,-47.4996992519)) ;
#3511=CARTESIAN_POINT('Axis2P3D Location',(86.6730481757,-348.163904148,-44.9996995689)) ;
#3516=CARTESIAN_POINT('Axis2P3D Location',(85.6280510463,-346.45862382,-44.9996997747)) ;
#3520=CARTESIAN_POINT('Vertex',(85.6280508723,-346.458623323,-39.9996997747)) ;
#3523=CARTESIAN_POINT('Line Origine',(86.6730480017,-348.163903652,-39.9996995689)) ;
#3527=CARTESIAN_POINT('Vertex',(87.7180451311,-349.86918398,-39.9996993631)) ;
#3530=CARTESIAN_POINT('Axis2P3D Location',(87.7180453052,-349.869184477,-44.9996993631)) ;
#3542=CARTESIAN_POINT('Line Origine',(105.878254776,-334.049282411,-39.999700303)) ;
#3546=CARTESIAN_POINT('Vertex',(126.128458679,-321.639941499,-39.9997008312)) ;
#3549=CARTESIAN_POINT('Line Origine',(127.173455809,-323.345221828,-39.9997006254)) ;
#3553=CARTESIAN_POINT('Vertex',(128.218452938,-325.050502156,-39.9997004196)) ;
#3556=CARTESIAN_POINT('Line Origine',(107.968249035,-337.459843068,-39.9996998914)) ;
#3568=CARTESIAN_POINT('Axis2P3D Location',(127.173455634,-323.345221331,-34.9997006254)) ;
#3573=CARTESIAN_POINT('Axis2P3D Location',(126.128458505,-321.639941002,-34.9997008312)) ;
#3577=CARTESIAN_POINT('Vertex',(130.391659327,-319.027448178,-34.9997009424)) ;
#3580=CARTESIAN_POINT('Line Origine',(131.436656456,-320.732728507,-34.9997007366)) ;
#3584=CARTESIAN_POINT('Vertex',(132.481653586,-322.438008836,-34.9997005308)) ;
#3587=CARTESIAN_POINT('Axis2P3D Location',(128.218452764,-325.050501659,-34.9997004196)) ;
#3599=CARTESIAN_POINT('Axis2P3D Location',(130.391657935,-319.027444204,5.00029905756)) ;
#3604=CARTESIAN_POINT('Line Origine',(130.391658631,-319.027446191,-14.9997009424)) ;
#3609=CARTESIAN_POINT('Line Origine',(132.48165289,-322.438006849,-14.9997005308)) ;
#3621=CARTESIAN_POINT('Axis2P3D Location',(18.4618339833,-389.963786345,-14.9996977896)) ;
#3626=CARTESIAN_POINT('Axis2P3D Location',(19.5068311127,-391.669066673,-14.9996975838)) ;
#3630=CARTESIAN_POINT('Vertex',(6.71722864737,-399.506545144,-14.9996972502)) ;
#3632=CARTESIAN_POINT('Vertex',(32.296433578,-383.831588203,-14.9996979174)) ;
#3635=CARTESIAN_POINT('Line Origine',(31.2514364486,-382.126307874,-14.9996981232)) ;
#3639=CARTESIAN_POINT('Vertex',(30.2064393191,-380.421027545,-14.999698329)) ;
#3642=CARTESIAN_POINT('Axis2P3D Location',(17.4168368538,-388.258506016,-14.9996979954)) ;
#3646=CARTESIAN_POINT('Vertex',(4.62723438851,-396.095984487,-14.9996976618)) ;
#3649=CARTESIAN_POINT('Line Origine',(5.67223151794,-397.801264815,-14.999697456)) ;
#3661=CARTESIAN_POINT('Axis2P3D Location',(19.5068311127,-391.669066673,-14.9996975838)) ;
#3666=CARTESIAN_POINT('Axis2P3D Location',(17.4168368538,-388.258506016,-14.9996979954)) ;
#3678=CARTESIAN_POINT('Axis2P3D Location',(107.98905124,-335.10143705,-14.999700125)) ;
#3683=CARTESIAN_POINT('Axis2P3D Location',(109.03404837,-336.806717378,-14.9996999192)) ;
#3687=CARTESIAN_POINT('Vertex',(96.2444459046,-344.644195849,-14.9996995855)) ;
#3689=CARTESIAN_POINT('Vertex',(121.823650835,-328.969238908,-14.9997002528)) ;
#3692=CARTESIAN_POINT('Line Origine',(120.778653706,-327.263958579,-14.9997004586)) ;
#3696=CARTESIAN_POINT('Vertex',(119.733656576,-325.55867825,-14.9997006644)) ;
#3699=CARTESIAN_POINT('Axis2P3D Location',(106.944054111,-333.396156721,-14.9997003308)) ;
#3703=CARTESIAN_POINT('Vertex',(94.1544516457,-341.233635192,-14.9996999972)) ;
#3706=CARTESIAN_POINT('Line Origine',(95.1994487751,-342.93891552,-14.9996997913)) ;
#3718=CARTESIAN_POINT('Axis2P3D Location',(109.03404837,-336.806717378,-14.9996999192)) ;
#3723=CARTESIAN_POINT('Axis2P3D Location',(106.944054111,-333.396156721,-14.9997003308)) ;
#3735=CARTESIAN_POINT('Axis2P3D Location',(-71.0653832739,-444.82613564,-14.9996954542)) ;
#3740=CARTESIAN_POINT('Axis2P3D Location',(-70.0203861445,-446.531415969,-14.9996952484)) ;
#3744=CARTESIAN_POINT('Vertex',(-80.6783881989,-453.062648028,-14.9996949704)) ;
#3746=CARTESIAN_POINT('Vertex',(-59.3623840901,-440.00018391,-14.9996955264)) ;
#3749=CARTESIAN_POINT('Line Origine',(-60.4073812195,-438.294903581,-14.9996957322)) ;
#3753=CARTESIAN_POINT('Vertex',(-61.4523783489,-436.589623252,-14.999695938)) ;
#3756=CARTESIAN_POINT('Axis2P3D Location',(-72.1103804034,-443.120855311,-14.99969566)) ;
#3760=CARTESIAN_POINT('Vertex',(-82.7683824578,-449.65208737,-14.999695382)) ;
#3763=CARTESIAN_POINT('Line Origine',(-81.7233853284,-451.357367699,-14.9996951762)) ;
#3775=CARTESIAN_POINT('Axis2P3D Location',(-70.0203861445,-446.531415969,-14.9996952484)) ;
#3780=CARTESIAN_POINT('Axis2P3D Location',(-72.1103804034,-443.120855311,-14.99969566)) ;
#3792=CARTESIAN_POINT('Axis2P3D Location',(17.4168368538,-388.258506016,-14.9996979954)) ;
#3836=CARTESIAN_POINT('Axis2P3D Location',(19.5068311127,-391.669066673,-14.9996975838)) ;
#3883=CARTESIAN_POINT('Axis2P3D Location',(101.,-135.5,-382.)) ;
#3888=CARTESIAN_POINT('Line Origine',(101.,-135.5,-382.)) ;
#3892=CARTESIAN_POINT('Vertex',(74.,-135.5,-382.)) ;
#3894=CARTESIAN_POINT('Vertex',(128.,-135.5,-382.)) ;
#3897=CARTESIAN_POINT('Line Origine',(74.,-137.5,-382.)) ;
#3901=CARTESIAN_POINT('Vertex',(74.,-139.5,-382.)) ;
#3904=CARTESIAN_POINT('Line Origine',(101.,-139.5,-382.)) ;
#3908=CARTESIAN_POINT('Vertex',(128.,-139.5,-382.)) ;
#3911=CARTESIAN_POINT('Line Origine',(128.,-137.5,-382.)) ;
#3923=CARTESIAN_POINT('Axis2P3D Location',(74.,-137.5,-394.5)) ;
#3928=CARTESIAN_POINT('Line Origine',(74.,-135.5,-394.5)) ;
#3932=CARTESIAN_POINT('Vertex',(74.,-135.5,-407.)) ;
#3935=CARTESIAN_POINT('Line Origine',(74.,-137.5,-407.)) ;
#3939=CARTESIAN_POINT('Vertex',(74.,-139.5,-407.)) ;
#3942=CARTESIAN_POINT('Line Origine',(74.,-139.5,-394.5)) ;
#3954=CARTESIAN_POINT('Axis2P3D Location',(101.,-135.5,-407.)) ;
#3959=CARTESIAN_POINT('Line Origine',(128.,-137.5,-407.)) ;
#3963=CARTESIAN_POINT('Vertex',(128.,-135.5,-407.)) ;
#3965=CARTESIAN_POINT('Vertex',(128.,-139.5,-407.)) ;
#3968=CARTESIAN_POINT('Line Origine',(101.,-139.5,-407.)) ;
#3973=CARTESIAN_POINT('Line Origine',(101.,-135.5,-407.)) ;
#3985=CARTESIAN_POINT('Axis2P3D Location',(134.,-135.5,-369.5)) ;
#3990=CARTESIAN_POINT('Line Origine',(128.,-135.5,-394.5)) ;
#4002=CARTESIAN_POINT('Axis2P3D Location',(128.,-129.5,-394.5)) ;
#4007=CARTESIAN_POINT('Axis2P3D Location',(128.,-129.5,-382.)) ;
#4011=CARTESIAN_POINT('Vertex',(134.,-129.5,-382.)) ;
#4014=CARTESIAN_POINT('Line Origine',(134.,-129.5,-394.5)) ;
#4018=CARTESIAN_POINT('Vertex',(134.,-129.5,-407.)) ;
#4021=CARTESIAN_POINT('Axis2P3D Location',(128.,-129.5,-407.)) ;
#4033=CARTESIAN_POINT('Axis2P3D Location',(134.,-129.5,-382.)) ;
#4038=CARTESIAN_POINT('Axis2P3D Location',(128.,-129.5,-382.)) ;
#4042=CARTESIAN_POINT('Vertex',(138.,-129.5,-382.)) ;
#4045=CARTESIAN_POINT('Line Origine',(136.,-129.5,-382.)) ;
#4057=CARTESIAN_POINT('Axis2P3D Location',(134.,-128.75,-382.)) ;
#4062=CARTESIAN_POINT('Line Origine',(134.,-128.75,-382.)) ;
#4066=CARTESIAN_POINT('Vertex',(134.,-128.,-382.)) ;
#4069=CARTESIAN_POINT('Line Origine',(138.,-128.75,-382.)) ;
#4073=CARTESIAN_POINT('Vertex',(138.,-128.,-382.)) ;
#4076=CARTESIAN_POINT('Line Origine',(136.,-128.,-382.)) ;
#4088=CARTESIAN_POINT('Axis2P3D Location',(134.,-128.,-377.)) ;
#4093=CARTESIAN_POINT('Axis2P3D Location',(134.,-128.,-377.)) ;
#4097=CARTESIAN_POINT('Vertex',(134.,-123.,-377.)) ;
#4100=CARTESIAN_POINT('Axis2P3D Location',(138.,-128.,-377.)) ;
#4104=CARTESIAN_POINT('Vertex',(138.,-123.,-377.)) ;
#4107=CARTESIAN_POINT('Line Origine',(136.,-123.,-377.)) ;
#4119=CARTESIAN_POINT('Axis2P3D Location',(134.,-123.,-373.25)) ;
#4124=CARTESIAN_POINT('Line Origine',(136.,-123.,-374.5)) ;
#4128=CARTESIAN_POINT('Vertex',(134.,-123.,-374.5)) ;
#4130=CARTESIAN_POINT('Vertex',(138.,-123.,-374.5)) ;
#4133=CARTESIAN_POINT('Line Origine',(134.,-123.,-375.75)) ;
#4138=CARTESIAN_POINT('Line Origine',(138.,-123.,-375.75)) ;
#4150=CARTESIAN_POINT('Axis2P3D Location',(136.,-118.,-374.5)) ;
#4155=CARTESIAN_POINT('Axis2P3D Location',(138.,-118.,-374.5)) ;
#4159=CARTESIAN_POINT('Vertex',(138.,-118.,-369.5)) ;
#4162=CARTESIAN_POINT('Line Origine',(136.,-118.,-369.5)) ;
#4166=CARTESIAN_POINT('Vertex',(134.,-118.,-369.5)) ;
#4169=CARTESIAN_POINT('Axis2P3D Location',(134.,-118.,-374.5)) ;
#4181=CARTESIAN_POINT('Axis2P3D Location',(136.,-108.,-369.5)) ;
#4186=CARTESIAN_POINT('Line Origine',(134.,-108.,-369.5)) ;
#4190=CARTESIAN_POINT('Vertex',(134.,-98.,-369.5)) ;
#4193=CARTESIAN_POINT('Line Origine',(138.,-108.,-369.5)) ;
#4197=CARTESIAN_POINT('Vertex',(138.,-98.,-369.5)) ;
#4200=CARTESIAN_POINT('Line Origine',(136.,-98.,-369.5)) ;
#4212=CARTESIAN_POINT('Axis2P3D Location',(136.,-98.,-374.5)) ;
#4217=CARTESIAN_POINT('Axis2P3D Location',(138.,-98.,-374.5)) ;
#4221=CARTESIAN_POINT('Vertex',(138.,-93.,-374.5)) ;
#4224=CARTESIAN_POINT('Line Origine',(136.,-93.,-374.5)) ;
#4228=CARTESIAN_POINT('Vertex',(134.,-93.,-374.5)) ;
#4231=CARTESIAN_POINT('Axis2P3D Location',(134.,-98.,-374.5)) ;
#4243=CARTESIAN_POINT('Axis2P3D Location',(134.,-93.,-373.25)) ;
#4248=CARTESIAN_POINT('Line Origine',(138.,-93.,-375.75)) ;
#4252=CARTESIAN_POINT('Vertex',(138.,-93.,-377.)) ;
#4255=CARTESIAN_POINT('Line Origine',(136.,-93.,-377.)) ;
#4259=CARTESIAN_POINT('Vertex',(134.,-93.,-377.)) ;
#4262=CARTESIAN_POINT('Line Origine',(134.,-93.,-375.75)) ;
#4274=CARTESIAN_POINT('Axis2P3D Location',(134.,-88.,-377.)) ;
#4279=CARTESIAN_POINT('Axis2P3D Location',(134.,-88.,-377.)) ;
#4283=CARTESIAN_POINT('Vertex',(134.,-88.,-382.)) ;
#4286=CARTESIAN_POINT('Axis2P3D Location',(138.,-88.,-377.)) ;
#4290=CARTESIAN_POINT('Vertex',(138.,-88.,-382.)) ;
#4293=CARTESIAN_POINT('Line Origine',(136.,-88.,-382.)) ;
#4305=CARTESIAN_POINT('Axis2P3D Location',(134.,-135.5,-369.5)) ;
#4310=CARTESIAN_POINT('Line Origine',(134.,-108.,-382.)) ;
#4314=CARTESIAN_POINT('Vertex',(134.,-86.5,-382.)) ;
#4317=CARTESIAN_POINT('Line Origine',(134.,-86.5,-394.5)) ;
#4321=CARTESIAN_POINT('Vertex',(134.,-86.5,-407.)) ;
#4324=CARTESIAN_POINT('Line Origine',(134.,-108.,-407.)) ;
#4328=CARTESIAN_POINT('Vertex',(134.,-88.,-407.)) ;
#4332=CARTESIAN_POINT('Control Point',(134.,-88.,-407.)) ;
#4333=CARTESIAN_POINT('Control Point',(134.,-89.5707963268,-407.)) ;
#4334=CARTESIAN_POINT('Control Point',(134.,-91.1430582168,-407.61507502)) ;
#4335=CARTESIAN_POINT('Control Point',(134.,-92.3849249798,-408.856941783)) ;
#4336=CARTESIAN_POINT('Control Point',(134.,-93.,-410.429203673)) ;
#4337=CARTESIAN_POINT('Control Point',(134.,-93.,-412.)) ;
#4338=CARTESIAN_POINT('Vertex',(134.,-93.,-412.)) ;
#4341=CARTESIAN_POINT('Line Origine',(134.,-93.,-394.5)) ;
#4345=CARTESIAN_POINT('Vertex',(134.,-93.,-414.5)) ;
#4349=CARTESIAN_POINT('Control Point',(134.,-98.,-419.5)) ;
#4350=CARTESIAN_POINT('Control Point',(134.,-96.4292036732,-419.5)) ;
#4351=CARTESIAN_POINT('Control Point',(134.,-94.8569417832,-418.88492498)) ;
#4352=CARTESIAN_POINT('Control Point',(134.,-93.6150750202,-417.643058217)) ;
#4353=CARTESIAN_POINT('Control Point',(134.,-93.,-416.070796327)) ;
#4354=CARTESIAN_POINT('Control Point',(134.,-93.,-414.5)) ;
#4355=CARTESIAN_POINT('Vertex',(134.,-98.,-419.5)) ;
#4358=CARTESIAN_POINT('Line Origine',(134.,-108.,-419.5)) ;
#4362=CARTESIAN_POINT('Vertex',(134.,-118.,-419.5)) ;
#4366=CARTESIAN_POINT('Control Point',(134.,-123.,-414.5)) ;
#4367=CARTESIAN_POINT('Control Point',(134.,-123.,-416.070796327)) ;
#4368=CARTESIAN_POINT('Control Point',(134.,-122.38492498,-417.643058217)) ;
#4369=CARTESIAN_POINT('Control Point',(134.,-121.143058217,-418.88492498)) ;
#4370=CARTESIAN_POINT('Control Point',(134.,-119.570796327,-419.5)) ;
#4371=CARTESIAN_POINT('Control Point',(134.,-118.,-419.5)) ;
#4372=CARTESIAN_POINT('Vertex',(134.,-123.,-414.5)) ;
#4375=CARTESIAN_POINT('Line Origine',(134.,-123.,-394.5)) ;
#4379=CARTESIAN_POINT('Vertex',(134.,-123.,-412.)) ;
#4383=CARTESIAN_POINT('Control Point',(134.,-123.,-412.)) ;
#4384=CARTESIAN_POINT('Control Point',(134.,-123.,-410.429203673)) ;
#4385=CARTESIAN_POINT('Control Point',(134.,-123.61507502,-408.856941783)) ;
#4386=CARTESIAN_POINT('Control Point',(134.,-124.856941783,-407.61507502)) ;
#4387=CARTESIAN_POINT('Control Point',(134.,-126.429203673,-407.)) ;
#4388=CARTESIAN_POINT('Control Point',(134.,-128.,-407.)) ;
#4389=CARTESIAN_POINT('Vertex',(134.,-128.,-407.)) ;
#4392=CARTESIAN_POINT('Line Origine',(134.,-108.,-407.)) ;
#4420=CARTESIAN_POINT('Control Point',(134.,-118.,-399.)) ;
#4421=CARTESIAN_POINT('Control Point',(134.,-116.586283306,-399.)) ;
#4422=CARTESIAN_POINT('Control Point',(134.,-115.171247605,-398.446432482)) ;
#4423=CARTESIAN_POINT('Control Point',(134.,-114.053567518,-397.328752395)) ;
#4424=CARTESIAN_POINT('Control Point',(134.,-113.5,-395.913716694)) ;
#4425=CARTESIAN_POINT('Control Point',(134.,-113.5,-394.5)) ;
#4426=CARTESIAN_POINT('Vertex',(134.,-118.,-399.)) ;
#4428=CARTESIAN_POINT('Vertex',(134.,-113.5,-394.5)) ;
#4432=CARTESIAN_POINT('Control Point',(134.,-113.5,-394.5)) ;
#4433=CARTESIAN_POINT('Control Point',(134.,-113.5,-393.086283306)) ;
#4434=CARTESIAN_POINT('Control Point',(134.,-114.053567518,-391.671247605)) ;
#4435=CARTESIAN_POINT('Control Point',(134.,-115.171247605,-390.553567518)) ;
#4436=CARTESIAN_POINT('Control Point',(134.,-116.586283306,-390.)) ;
#4437=CARTESIAN_POINT('Control Point',(134.,-118.,-390.)) ;
#4438=CARTESIAN_POINT('Vertex',(134.,-118.,-390.)) ;
#4442=CARTESIAN_POINT('Control Point',(134.,-118.,-390.)) ;
#4443=CARTESIAN_POINT('Control Point',(134.,-119.413716694,-390.)) ;
#4444=CARTESIAN_POINT('Control Point',(134.,-120.828752395,-390.553567518)) ;
#4445=CARTESIAN_POINT('Control Point',(134.,-121.946432482,-391.671247605)) ;
#4446=CARTESIAN_POINT('Control Point',(134.,-122.5,-393.086283306)) ;
#4447=CARTESIAN_POINT('Control Point',(134.,-122.5,-394.5)) ;
#4448=CARTESIAN_POINT('Vertex',(134.,-122.5,-394.5)) ;
#4452=CARTESIAN_POINT('Control Point',(134.,-122.5,-394.5)) ;
#4453=CARTESIAN_POINT('Control Point',(134.,-122.5,-395.913716694)) ;
#4454=CARTESIAN_POINT('Control Point',(134.,-121.946432482,-397.328752395)) ;
#4455=CARTESIAN_POINT('Control Point',(134.,-120.828752395,-398.446432482)) ;
#4456=CARTESIAN_POINT('Control Point',(134.,-119.413716694,-399.)) ;
#4457=CARTESIAN_POINT('Control Point',(134.,-118.,-399.)) ;
#4466=CARTESIAN_POINT('Axis2P3D Location',(134.,-93.,-415.75)) ;
#4471=CARTESIAN_POINT('Line Origine',(136.,-93.,-414.5)) ;
#4475=CARTESIAN_POINT('Vertex',(138.,-93.,-414.5)) ;
#4478=CARTESIAN_POINT('Line Origine',(136.,-93.,-412.)) ;
#4482=CARTESIAN_POINT('Vertex',(138.,-93.,-412.)) ;
#4485=CARTESIAN_POINT('Line Origine',(138.,-93.,-413.25)) ;
#4497=CARTESIAN_POINT('Axis2P3D Location',(136.,-98.,-414.5)) ;
#4502=CARTESIAN_POINT('Axis2P3D Location',(138.,-98.,-414.5)) ;
#4506=CARTESIAN_POINT('Vertex',(138.,-98.,-419.5)) ;
#4509=CARTESIAN_POINT('Line Origine',(136.,-98.,-419.5)) ;
#4521=CARTESIAN_POINT('Axis2P3D Location',(136.,-108.,-419.5)) ;
#4526=CARTESIAN_POINT('Line Origine',(138.,-108.,-419.5)) ;
#4530=CARTESIAN_POINT('Vertex',(138.,-118.,-419.5)) ;
#4533=CARTESIAN_POINT('Line Origine',(136.,-118.,-419.5)) ;
#4545=CARTESIAN_POINT('Axis2P3D Location',(136.,-118.,-414.5)) ;
#4550=CARTESIAN_POINT('Axis2P3D Location',(138.,-118.,-414.5)) ;
#4554=CARTESIAN_POINT('Vertex',(138.,-123.,-414.5)) ;
#4557=CARTESIAN_POINT('Line Origine',(136.,-123.,-414.5)) ;
#4569=CARTESIAN_POINT('Axis2P3D Location',(134.,-123.,-415.75)) ;
#4574=CARTESIAN_POINT('Line Origine',(138.,-123.,-413.25)) ;
#4578=CARTESIAN_POINT('Vertex',(138.,-123.,-412.)) ;
#4581=CARTESIAN_POINT('Line Origine',(136.,-123.,-412.)) ;
#4593=CARTESIAN_POINT('Axis2P3D Location',(134.,-128.,-412.)) ;
#4598=CARTESIAN_POINT('Axis2P3D Location',(138.,-128.,-412.)) ;
#4602=CARTESIAN_POINT('Vertex',(138.,-128.,-407.)) ;
#4605=CARTESIAN_POINT('Line Origine',(136.,-128.,-407.)) ;
#4617=CARTESIAN_POINT('Axis2P3D Location',(134.,-128.75,-407.)) ;
#4622=CARTESIAN_POINT('Line Origine',(138.,-128.75,-407.)) ;
#4626=CARTESIAN_POINT('Vertex',(138.,-129.5,-407.)) ;
#4629=CARTESIAN_POINT('Line Origine',(136.,-129.5,-407.)) ;
#4641=CARTESIAN_POINT('Axis2P3D Location',(128.,-135.5,-407.)) ;
#4646=CARTESIAN_POINT('Axis2P3D Location',(128.,-129.5,-407.)) ;
#4658=CARTESIAN_POINT('Axis2P3D Location',(128.,-129.5,-394.5)) ;
#4663=CARTESIAN_POINT('Line Origine',(138.,-129.5,-394.5)) ;
#4668=CARTESIAN_POINT('Line Origine',(128.,-139.5,-394.5)) ;
#4680=CARTESIAN_POINT('Axis2P3D Location',(134.,-139.5,-369.5)) ;
#4692=CARTESIAN_POINT('Axis2P3D Location',(138.,-118.,-394.5)) ;
#4697=CARTESIAN_POINT('Line Origine',(136.,-118.,-390.)) ;
#4701=CARTESIAN_POINT('Vertex',(138.,-118.,-390.)) ;
#4704=CARTESIAN_POINT('Axis2P3D Location',(138.,-118.,-394.5)) ;
#4708=CARTESIAN_POINT('Vertex',(138.,-122.5,-394.5)) ;
#4711=CARTESIAN_POINT('Line Origine',(136.,-122.5,-394.5)) ;
#4723=CARTESIAN_POINT('Axis2P3D Location',(138.,-118.,-394.5)) ;
#4728=CARTESIAN_POINT('Axis2P3D Location',(138.,-118.,-394.5)) ;
#4732=CARTESIAN_POINT('Vertex',(138.,-113.5,-394.5)) ;
#4735=CARTESIAN_POINT('Line Origine',(136.,-113.5,-394.5)) ;
#4747=CARTESIAN_POINT('Line Origine',(136.,-118.,-399.)) ;
#4751=CARTESIAN_POINT('Vertex',(138.,-118.,-399.)) ;
#4754=CARTESIAN_POINT('Axis2P3D Location',(138.,-118.,-394.5)) ;
#4766=CARTESIAN_POINT('Axis2P3D Location',(138.,-118.,-394.5)) ;
#4778=CARTESIAN_POINT('Axis2P3D Location',(134.,-88.,-412.)) ;
#4783=CARTESIAN_POINT('Line Origine',(136.,-88.,-407.)) ;
#4787=CARTESIAN_POINT('Vertex',(138.,-88.,-407.)) ;
#4790=CARTESIAN_POINT('Axis2P3D Location',(138.,-88.,-412.)) ;
#4802=CARTESIAN_POINT('Axis2P3D Location',(134.,-87.25,-407.)) ;
#4807=CARTESIAN_POINT('Line Origine',(136.,-86.5,-407.)) ;
#4811=CARTESIAN_POINT('Vertex',(138.,-86.5,-407.)) ;
#4814=CARTESIAN_POINT('Line Origine',(138.,-87.25,-407.)) ;
#4826=CARTESIAN_POINT('Axis2P3D Location',(138.,-135.5,-369.5)) ;
#4831=CARTESIAN_POINT('Line Origine',(138.,-86.5,-394.5)) ;
#4835=CARTESIAN_POINT('Vertex',(138.,-86.5,-382.)) ;
#4838=CARTESIAN_POINT('Line Origine',(138.,-108.,-382.)) ;
#4872=CARTESIAN_POINT('Axis2P3D Location',(134.,-87.25,-382.)) ;
#4877=CARTESIAN_POINT('Line Origine',(136.,-86.5,-382.)) ;
#4889=CARTESIAN_POINT('Axis2P3D Location',(128.,-86.5,-394.5)) ;
#4894=CARTESIAN_POINT('Axis2P3D Location',(128.,-86.5,-382.)) ;
#4898=CARTESIAN_POINT('Vertex',(128.,-80.5,-382.)) ;
#4901=CARTESIAN_POINT('Line Origine',(128.,-80.5,-394.5)) ;
#4905=CARTESIAN_POINT('Vertex',(128.,-80.5,-407.)) ;
#4908=CARTESIAN_POINT('Axis2P3D Location',(128.,-86.5,-407.)) ;
#4920=CARTESIAN_POINT('Axis2P3D Location',(128.,-80.5,-407.)) ;
#4925=CARTESIAN_POINT('Line Origine',(128.,-78.5,-407.)) ;
#4929=CARTESIAN_POINT('Vertex',(128.,-76.5,-407.)) ;
#4932=CARTESIAN_POINT('Axis2P3D Location',(128.,-86.5,-407.)) ;
#4944=CARTESIAN_POINT('Axis2P3D Location',(128.,-86.5,-394.5)) ;
#4949=CARTESIAN_POINT('Line Origine',(128.,-76.5,-394.5)) ;
#4953=CARTESIAN_POINT('Vertex',(128.,-76.5,-382.)) ;
#4956=CARTESIAN_POINT('Axis2P3D Location',(128.,-86.5,-382.)) ;
#4968=CARTESIAN_POINT('Axis2P3D Location',(134.,-86.5,-382.)) ;
#4973=CARTESIAN_POINT('Line Origine',(128.,-78.5,-382.)) ;
#4985=CARTESIAN_POINT('Axis2P3D Location',(134.,-80.5,-369.5)) ;
#4990=CARTESIAN_POINT('Line Origine',(101.,-80.5,-382.)) ;
#4994=CARTESIAN_POINT('Vertex',(74.,-80.5,-382.)) ;
#4997=CARTESIAN_POINT('Line Origine',(74.,-80.5,-394.5)) ;
#5001=CARTESIAN_POINT('Vertex',(74.,-80.5,-407.)) ;
#5004=CARTESIAN_POINT('Line Origine',(101.,-80.5,-407.)) ;
#5016=CARTESIAN_POINT('Axis2P3D Location',(101.,-80.5,-407.)) ;
#5021=CARTESIAN_POINT('Line Origine',(74.,-78.5,-407.)) ;
#5025=CARTESIAN_POINT('Vertex',(74.,-76.5,-407.)) ;
#5028=CARTESIAN_POINT('Line Origine',(101.,-76.5,-407.)) ;
#5040=CARTESIAN_POINT('Axis2P3D Location',(134.,-76.5,-369.5)) ;
#5045=CARTESIAN_POINT('Line Origine',(101.,-76.5,-382.)) ;
#5049=CARTESIAN_POINT('Vertex',(74.,-76.5,-382.)) ;
#5052=CARTESIAN_POINT('Line Origine',(74.,-76.5,-394.5)) ;
#5064=CARTESIAN_POINT('Axis2P3D Location',(101.,-80.5,-382.)) ;
#5069=CARTESIAN_POINT('Line Origine',(74.,-78.5,-382.)) ;
#5081=CARTESIAN_POINT('Axis2P3D Location',(74.,-78.5,-394.5)) ;
#5096=CARTESIAN_POINT('Axis2P3D Location',(-130.,-234.5,-80.)) ;
#5101=CARTESIAN_POINT('Axis2P3D Location',(-155.,-136.,-80.)) ;
#5105=CARTESIAN_POINT('Vertex',(-155.,-131.,-80.)) ;
#5107=CARTESIAN_POINT('Vertex',(-160.,-136.,-80.)) ;
#5110=CARTESIAN_POINT('Line Origine',(-145.5,-131.,-80.)) ;
#5114=CARTESIAN_POINT('Vertex',(-136.,-131.,-80.)) ;
#5117=CARTESIAN_POINT('Line Origine',(-136.,-182.75,-80.)) ;
#5121=CARTESIAN_POINT('Vertex',(-136.,-234.5,-80.)) ;
#5124=CARTESIAN_POINT('Line Origine',(-145.5,-234.5,-80.)) ;
#5128=CARTESIAN_POINT('Vertex',(-155.,-234.5,-80.)) ;
#5131=CARTESIAN_POINT('Axis2P3D Location',(-155.,-229.5,-80.)) ;
#5135=CARTESIAN_POINT('Vertex',(-160.,-229.5,-80.)) ;
#5138=CARTESIAN_POINT('Line Origine',(-160.,-182.75,-80.)) ;
#5152=CARTESIAN_POINT('Axis2P3D Location',(-136.,-147.75,-86.)) ;
#5157=CARTESIAN_POINT('Line Origine',(-130.,-182.75,-86.)) ;
#5161=CARTESIAN_POINT('Vertex',(-130.,-234.5,-86.)) ;
#5163=CARTESIAN_POINT('Vertex',(-130.,-131.,-86.)) ;
#5166=CARTESIAN_POINT('Axis2P3D Location',(-136.,-234.5,-86.)) ;
#5171=CARTESIAN_POINT('Axis2P3D Location',(-136.,-131.,-86.)) ;
#5183=CARTESIAN_POINT('Axis2P3D Location',(-160.,-234.5,-125.)) ;
#5188=CARTESIAN_POINT('Line Origine',(-160.,-229.5,-78.)) ;
#5192=CARTESIAN_POINT('Vertex',(-160.,-229.5,-76.)) ;
#5195=CARTESIAN_POINT('Line Origine',(-160.,-182.75,-76.)) ;
#5199=CARTESIAN_POINT('Vertex',(-160.,-136.,-76.)) ;
#5202=CARTESIAN_POINT('Line Origine',(-160.,-136.,-78.)) ;
#5214=CARTESIAN_POINT('Axis2P3D Location',(-155.,-229.5,-100.5)) ;
#5219=CARTESIAN_POINT('Axis2P3D Location',(-155.,-229.5,-76.)) ;
#5223=CARTESIAN_POINT('Vertex',(-155.,-234.5,-76.)) ;
#5226=CARTESIAN_POINT('Line Origine',(-155.,-234.5,-78.)) ;
#5238=CARTESIAN_POINT('Axis2P3D Location',(-155.,-136.,-83.9508909172)) ;
#5243=CARTESIAN_POINT('Axis2P3D Location',(-155.,-136.,-76.)) ;
#5247=CARTESIAN_POINT('Vertex',(-155.,-131.,-76.)) ;
#5250=CARTESIAN_POINT('Line Origine',(-155.,-131.,-78.)) ;
#5262=CARTESIAN_POINT('Axis2P3D Location',(-130.,-234.5,-125.)) ;
#5267=CARTESIAN_POINT('Line Origine',(-130.,-131.,-88.9508909172)) ;
#5271=CARTESIAN_POINT('Vertex',(-130.,-131.,-91.9017818344)) ;
#5274=CARTESIAN_POINT('Axis2P3D Location',(-130.,-106.,-91.9017818344)) ;
#5278=CARTESIAN_POINT('Vertex',(-130.,-114.550503583,-115.394097354)) ;
#5281=CARTESIAN_POINT('Line Origine',(-130.,-100.405553941,-120.542437989)) ;
#5285=CARTESIAN_POINT('Vertex',(-130.,-86.2606042998,-125.690778624)) ;
#5288=CARTESIAN_POINT('Axis2P3D Location',(-130.,-76.,-97.5)) ;
#5292=CARTESIAN_POINT('Vertex',(-130.,-76.,-127.5)) ;
#5295=CARTESIAN_POINT('Line Origine',(-130.,-71.,-127.5)) ;
#5299=CARTESIAN_POINT('Vertex',(-130.,-66.,-127.5)) ;
#5302=CARTESIAN_POINT('Axis2P3D Location',(-130.,-66.,-132.5)) ;
#5306=CARTESIAN_POINT('Vertex',(-130.,-61.,-132.5)) ;
#5309=CARTESIAN_POINT('Line Origine',(-130.,-61.,-142.5)) ;
#5313=CARTESIAN_POINT('Vertex',(-130.,-61.,-152.5)) ;
#5316=CARTESIAN_POINT('Axis2P3D Location',(-130.,-66.,-152.5)) ;
#5320=CARTESIAN_POINT('Vertex',(-130.,-66.,-157.5)) ;
#5323=CARTESIAN_POINT('Line Origine',(-130.,-108.5,-157.5)) ;
#5327=CARTESIAN_POINT('Vertex',(-130.,-151.,-157.5)) ;
#5330=CARTESIAN_POINT('Axis2P3D Location',(-130.,-151.,-152.5)) ;
#5334=CARTESIAN_POINT('Vertex',(-130.,-156.,-152.5)) ;
#5337=CARTESIAN_POINT('Line Origine',(-130.,-156.,-138.75)) ;
#5341=CARTESIAN_POINT('Vertex',(-130.,-156.,-125.)) ;
#5344=CARTESIAN_POINT('Axis2P3D Location',(-130.,-171.,-125.)) ;
#5348=CARTESIAN_POINT('Vertex',(-130.,-171.,-110.)) ;
#5351=CARTESIAN_POINT('Line Origine',(-130.,-180.25,-110.)) ;
#5355=CARTESIAN_POINT('Vertex',(-130.,-189.5,-110.)) ;
#5358=CARTESIAN_POINT('Axis2P3D Location',(-130.,-189.5,-115.)) ;
#5362=CARTESIAN_POINT('Vertex',(-130.,-194.5,-115.)) ;
#5365=CARTESIAN_POINT('Line Origine',(-130.,-194.5,-120.)) ;
#5369=CARTESIAN_POINT('Vertex',(-130.,-194.5,-125.)) ;
#5372=CARTESIAN_POINT('Line Origine',(-130.,-214.5,-125.)) ;
#5376=CARTESIAN_POINT('Vertex',(-130.,-234.5,-125.)) ;
#5379=CARTESIAN_POINT('Line Origine',(-130.,-234.5,-105.5)) ;
#5404=CARTESIAN_POINT('Line Origine',(-130.,-81.,-138.)) ;
#5408=CARTESIAN_POINT('Vertex',(-130.,-87.,-138.)) ;
#5410=CARTESIAN_POINT('Vertex',(-130.,-75.,-138.)) ;
#5413=CARTESIAN_POINT('Axis2P3D Location',(-130.,-87.,-142.5)) ;
#5417=CARTESIAN_POINT('Vertex',(-130.,-87.,-147.)) ;
#5420=CARTESIAN_POINT('Line Origine',(-130.,-81.,-147.)) ;
#5424=CARTESIAN_POINT('Vertex',(-130.,-75.,-147.)) ;
#5427=CARTESIAN_POINT('Axis2P3D Location',(-130.,-75.,-142.5)) ;
#5438=CARTESIAN_POINT('Line Origine',(-130.,-136.,-138.)) ;
#5442=CARTESIAN_POINT('Vertex',(-130.,-142.,-138.)) ;
#5444=CARTESIAN_POINT('Vertex',(-130.,-130.,-138.)) ;
#5447=CARTESIAN_POINT('Axis2P3D Location',(-130.,-142.,-142.5)) ;
#5451=CARTESIAN_POINT('Vertex',(-130.,-142.,-147.)) ;
#5454=CARTESIAN_POINT('Line Origine',(-130.,-136.,-147.)) ;
#5458=CARTESIAN_POINT('Vertex',(-130.,-130.,-147.)) ;
#5461=CARTESIAN_POINT('Axis2P3D Location',(-130.,-130.,-142.5)) ;
#5473=CARTESIAN_POINT('Axis2P3D Location',(-126.,-234.5,-125.)) ;
#5478=CARTESIAN_POINT('Line Origine',(-126.,-182.75,-86.)) ;
#5482=CARTESIAN_POINT('Vertex',(-126.,-234.5,-86.)) ;
#5484=CARTESIAN_POINT('Vertex',(-126.,-131.,-86.)) ;
#5487=CARTESIAN_POINT('Line Origine',(-126.,-234.5,-105.5)) ;
#5491=CARTESIAN_POINT('Vertex',(-126.,-234.5,-125.)) ;
#5494=CARTESIAN_POINT('Line Origine',(-126.,-214.5,-125.)) ;
#5498=CARTESIAN_POINT('Vertex',(-126.,-194.5,-125.)) ;
#5501=CARTESIAN_POINT('Line Origine',(-126.,-194.5,-120.)) ;
#5505=CARTESIAN_POINT('Vertex',(-126.,-194.5,-115.)) ;
#5508=CARTESIAN_POINT('Axis2P3D Location',(-126.,-189.5,-115.)) ;
#5512=CARTESIAN_POINT('Vertex',(-126.,-189.5,-110.)) ;
#5515=CARTESIAN_POINT('Line Origine',(-126.,-180.25,-110.)) ;
#5519=CARTESIAN_POINT('Vertex',(-126.,-171.,-110.)) ;
#5522=CARTESIAN_POINT('Axis2P3D Location',(-126.,-171.,-125.)) ;
#5526=CARTESIAN_POINT('Vertex',(-126.,-156.,-125.)) ;
#5529=CARTESIAN_POINT('Line Origine',(-126.,-156.,-138.75)) ;
#5533=CARTESIAN_POINT('Vertex',(-126.,-156.,-152.5)) ;
#5536=CARTESIAN_POINT('Axis2P3D Location',(-126.,-151.,-152.5)) ;
#5540=CARTESIAN_POINT('Vertex',(-126.,-151.,-157.5)) ;
#5543=CARTESIAN_POINT('Line Origine',(-126.,-108.5,-157.5)) ;
#5547=CARTESIAN_POINT('Vertex',(-126.,-66.,-157.5)) ;
#5550=CARTESIAN_POINT('Axis2P3D Location',(-126.,-66.,-152.5)) ;
#5554=CARTESIAN_POINT('Vertex',(-126.,-61.,-152.5)) ;
#5557=CARTESIAN_POINT('Line Origine',(-126.,-61.,-142.5)) ;
#5561=CARTESIAN_POINT('Vertex',(-126.,-61.,-132.5)) ;
#5564=CARTESIAN_POINT('Axis2P3D Location',(-126.,-66.,-132.5)) ;
#5568=CARTESIAN_POINT('Vertex',(-126.,-66.,-127.5)) ;
#5571=CARTESIAN_POINT('Line Origine',(-126.,-71.,-127.5)) ;
#5575=CARTESIAN_POINT('Vertex',(-126.,-76.,-127.5)) ;
#5578=CARTESIAN_POINT('Axis2P3D Location',(-126.,-76.,-97.5)) ;
#5582=CARTESIAN_POINT('Vertex',(-126.,-86.2606042998,-125.690778624)) ;
#5585=CARTESIAN_POINT('Line Origine',(-126.,-100.405553941,-120.542437989)) ;
#5589=CARTESIAN_POINT('Vertex',(-126.,-114.550503583,-115.394097354)) ;
#5592=CARTESIAN_POINT('Axis2P3D Location',(-126.,-106.,-91.9017818344)) ;
#5596=CARTESIAN_POINT('Vertex',(-126.,-131.,-91.9017818344)) ;
#5599=CARTESIAN_POINT('Line Origine',(-126.,-131.,-88.9508909172)) ;
#5624=CARTESIAN_POINT('Axis2P3D Location',(-126.,-75.,-142.5)) ;
#5628=CARTESIAN_POINT('Vertex',(-126.,-75.,-138.)) ;
#5630=CARTESIAN_POINT('Vertex',(-126.,-75.,-147.)) ;
#5633=CARTESIAN_POINT('Line Origine',(-126.,-81.,-147.)) ;
#5637=CARTESIAN_POINT('Vertex',(-126.,-87.,-147.)) ;
#5640=CARTESIAN_POINT('Axis2P3D Location',(-126.,-87.,-142.5)) ;
#5644=CARTESIAN_POINT('Vertex',(-126.,-87.,-138.)) ;
#5647=CARTESIAN_POINT('Line Origine',(-126.,-81.,-138.)) ;
#5658=CARTESIAN_POINT('Axis2P3D Location',(-126.,-130.,-142.5)) ;
#5662=CARTESIAN_POINT('Vertex',(-126.,-130.,-138.)) ;
#5664=CARTESIAN_POINT('Vertex',(-126.,-130.,-147.)) ;
#5667=CARTESIAN_POINT('Line Origine',(-126.,-136.,-147.)) ;
#5671=CARTESIAN_POINT('Vertex',(-126.,-142.,-147.)) ;
#5674=CARTESIAN_POINT('Axis2P3D Location',(-126.,-142.,-142.5)) ;
#5678=CARTESIAN_POINT('Vertex',(-126.,-142.,-138.)) ;
#5681=CARTESIAN_POINT('Line Origine',(-126.,-136.,-138.)) ;
#5693=CARTESIAN_POINT('Axis2P3D Location',(-136.,-147.75,-86.)) ;
#5698=CARTESIAN_POINT('Axis2P3D Location',(-136.,-131.,-86.)) ;
#5702=CARTESIAN_POINT('Vertex',(-136.,-131.,-76.)) ;
#5705=CARTESIAN_POINT('Line Origine',(-136.,-182.75,-76.)) ;
#5709=CARTESIAN_POINT('Vertex',(-136.,-234.5,-76.)) ;
#5712=CARTESIAN_POINT('Axis2P3D Location',(-136.,-234.5,-86.)) ;
#5724=CARTESIAN_POINT('Axis2P3D Location',(-126.,-234.5,-125.)) ;
#5729=CARTESIAN_POINT('Line Origine',(-128.,-194.5,-125.)) ;
#5734=CARTESIAN_POINT('Line Origine',(-128.,-234.5,-125.)) ;
#5746=CARTESIAN_POINT('Axis2P3D Location',(-128.,-106.,-91.9017818344)) ;
#5751=CARTESIAN_POINT('Line Origine',(-128.,-131.,-91.9017818344)) ;
#5756=CARTESIAN_POINT('Line Origine',(-128.,-114.550503583,-115.394097354)) ;
#5768=CARTESIAN_POINT('Axis2P3D Location',(-126.,-114.550503583,-115.394097354)) ;
#5773=CARTESIAN_POINT('Line Origine',(-128.,-86.2606042998,-125.690778624)) ;
#5785=CARTESIAN_POINT('Axis2P3D Location',(-128.,-76.,-97.5)) ;
#5790=CARTESIAN_POINT('Line Origine',(-128.,-76.,-127.5)) ;
#5802=CARTESIAN_POINT('Axis2P3D Location',(-126.,-66.,-127.5)) ;
#5807=CARTESIAN_POINT('Line Origine',(-128.,-66.,-127.5)) ;
#5819=CARTESIAN_POINT('Axis2P3D Location',(-128.,-66.,-132.5)) ;
#5824=CARTESIAN_POINT('Line Origine',(-128.,-61.,-132.5)) ;
#5836=CARTESIAN_POINT('Axis2P3D Location',(-126.,-61.,-152.5)) ;
#5841=CARTESIAN_POINT('Line Origine',(-128.,-61.,-152.5)) ;
#5853=CARTESIAN_POINT('Axis2P3D Location',(-128.,-66.,-152.5)) ;
#5858=CARTESIAN_POINT('Line Origine',(-128.,-66.,-157.5)) ;
#5870=CARTESIAN_POINT('Axis2P3D Location',(-126.,-151.,-157.5)) ;
#5875=CARTESIAN_POINT('Line Origine',(-128.,-151.,-157.5)) ;
#5887=CARTESIAN_POINT('Axis2P3D Location',(-128.,-151.,-152.5)) ;
#5892=CARTESIAN_POINT('Line Origine',(-128.,-156.,-152.5)) ;
#5904=CARTESIAN_POINT('Axis2P3D Location',(-126.,-156.,-125.)) ;
#5909=CARTESIAN_POINT('Line Origine',(-128.,-156.,-125.)) ;
#5921=CARTESIAN_POINT('Axis2P3D Location',(-128.,-171.,-125.)) ;
#5926=CARTESIAN_POINT('Line Origine',(-128.,-171.,-110.)) ;
#5938=CARTESIAN_POINT('Axis2P3D Location',(-126.,-189.5,-110.)) ;
#5943=CARTESIAN_POINT('Line Origine',(-128.,-189.5,-110.)) ;
#5955=CARTESIAN_POINT('Axis2P3D Location',(-128.,-189.5,-115.)) ;
#5960=CARTESIAN_POINT('Line Origine',(-128.,-194.5,-115.)) ;
#5972=CARTESIAN_POINT('Axis2P3D Location',(-126.,-194.5,-125.)) ;
#5984=CARTESIAN_POINT('Axis2P3D Location',(-126.,-75.,-138.)) ;
#5989=CARTESIAN_POINT('Line Origine',(-128.,-75.,-138.)) ;
#5994=CARTESIAN_POINT('Line Origine',(-128.,-87.,-138.)) ;
#6006=CARTESIAN_POINT('Axis2P3D Location',(-128.,-87.,-142.5)) ;
#6011=CARTESIAN_POINT('Line Origine',(-128.,-87.,-147.)) ;
#6023=CARTESIAN_POINT('Axis2P3D Location',(-126.,-87.,-147.)) ;
#6028=CARTESIAN_POINT('Line Origine',(-128.,-75.,-147.)) ;
#6040=CARTESIAN_POINT('Axis2P3D Location',(-128.,-75.,-142.5)) ;
#6052=CARTESIAN_POINT('Line Origine',(-128.,-130.,-138.)) ;
#6057=CARTESIAN_POINT('Line Origine',(-128.,-142.,-138.)) ;
#6069=CARTESIAN_POINT('Axis2P3D Location',(-128.,-142.,-142.5)) ;
#6074=CARTESIAN_POINT('Line Origine',(-128.,-142.,-147.)) ;
#6086=CARTESIAN_POINT('Line Origine',(-128.,-130.,-147.)) ;
#6098=CARTESIAN_POINT('Axis2P3D Location',(-128.,-130.,-142.5)) ;
#6110=CARTESIAN_POINT('Axis2P3D Location',(-126.,-234.5,-76.)) ;
#6115=CARTESIAN_POINT('Line Origine',(-145.5,-234.5,-76.)) ;
#6131=CARTESIAN_POINT('Axis2P3D Location',(-126.,-131.,-76.)) ;
#6136=CARTESIAN_POINT('Line Origine',(-145.5,-131.,-76.)) ;
#6150=CARTESIAN_POINT('Axis2P3D Location',(-126.,-131.,-76.)) ;
#6169=CARTESIAN_POINT('Axis2P3D Location',(-132.,-304.,-306.5)) ;
#6174=CARTESIAN_POINT('Line Origine',(-132.,-304.,-194.5)) ;
#6178=CARTESIAN_POINT('Vertex',(-132.,-304.,-198.5)) ;
#6180=CARTESIAN_POINT('Vertex',(-132.,-304.,-190.5)) ;
#6183=CARTESIAN_POINT('Line Origine',(-132.,-287.25,-190.5)) ;
#6187=CARTESIAN_POINT('Vertex',(-132.,-270.5,-190.5)) ;
#6190=CARTESIAN_POINT('Line Origine',(-132.,-270.5,-194.5)) ;
#6194=CARTESIAN_POINT('Vertex',(-132.,-270.5,-198.5)) ;
#6197=CARTESIAN_POINT('Line Origine',(-132.,-287.25,-198.5)) ;
#6209=CARTESIAN_POINT('Axis2P3D Location',(-355.,-270.5,-198.5)) ;
#6214=CARTESIAN_POINT('Line Origine',(-103.25,-270.5,-198.5)) ;
#6218=CARTESIAN_POINT('Vertex',(-74.5,-270.5,-198.5)) ;
#6221=CARTESIAN_POINT('Line Origine',(-74.5,-278.,-198.5)) ;
#6225=CARTESIAN_POINT('Vertex',(-74.5,-285.5,-198.5)) ;
#6228=CARTESIAN_POINT('Line Origine',(-76.8433713252,-285.5,-198.5)) ;
#6232=CARTESIAN_POINT('Vertex',(-79.1867426503,-285.5,-198.5)) ;
#6235=CARTESIAN_POINT('Axis2P3D Location',(-79.1867426503,-305.5,-198.5)) ;
#6239=CARTESIAN_POINT('Vertex',(-94.1929645618,-292.278301775,-198.5)) ;
#6242=CARTESIAN_POINT('Line Origine',(-191.778149239,-403.034492973,-198.5)) ;
#6246=CARTESIAN_POINT('Vertex',(-289.363333916,-513.790684171,-198.5)) ;
#6249=CARTESIAN_POINT('Axis2P3D Location',(-317.5,-489.,-198.5)) ;
#6253=CARTESIAN_POINT('Vertex',(-355.,-489.,-198.5)) ;
#6256=CARTESIAN_POINT('Line Origine',(-355.,-379.75,-198.5)) ;
#6260=CARTESIAN_POINT('Vertex',(-355.,-270.5,-198.5)) ;
#6263=CARTESIAN_POINT('Line Origine',(-266.,-270.5,-198.5)) ;
#6267=CARTESIAN_POINT('Vertex',(-177.,-270.5,-198.5)) ;
#6270=CARTESIAN_POINT('Line Origine',(-177.,-287.25,-198.5)) ;
#6274=CARTESIAN_POINT('Vertex',(-177.,-304.,-198.5)) ;
#6277=CARTESIAN_POINT('Axis2P3D Location',(-154.5,-304.,-198.5)) ;
#6295=CARTESIAN_POINT('Axis2P3D Location',(-317.5,-489.,-198.5)) ;
#6299=CARTESIAN_POINT('Vertex',(-337.5,-489.,-198.5)) ;
#6301=CARTESIAN_POINT('Vertex',(-297.5,-489.,-198.5)) ;
#6304=CARTESIAN_POINT('Axis2P3D Location',(-317.5,-489.,-198.5)) ;
#6313=CARTESIAN_POINT('Axis2P3D Location',(-317.5,-339.,-198.5)) ;
#6317=CARTESIAN_POINT('Vertex',(-337.5,-339.,-198.5)) ;
#6319=CARTESIAN_POINT('Vertex',(-297.5,-339.,-198.5)) ;
#6322=CARTESIAN_POINT('Axis2P3D Location',(-317.5,-339.,-198.5)) ;
#6332=CARTESIAN_POINT('Axis2P3D Location',(-154.5,-304.,-247.839999996)) ;
#6337=CARTESIAN_POINT('Line Origine',(-177.,-304.,-247.839999996)) ;
#6341=CARTESIAN_POINT('Vertex',(-177.,-304.,-190.5)) ;
#6344=CARTESIAN_POINT('Axis2P3D Location',(-154.5,-304.,-190.5)) ;
#6356=CARTESIAN_POINT('Axis2P3D Location',(-74.5,-270.5,-306.5)) ;
#6361=CARTESIAN_POINT('Line Origine',(-74.5,-270.5,-194.5)) ;
#6365=CARTESIAN_POINT('Vertex',(-74.5,-270.5,-190.5)) ;
#6368=CARTESIAN_POINT('Line Origine',(-74.5,-278.,-190.5)) ;
#6372=CARTESIAN_POINT('Vertex',(-74.5,-285.5,-190.5)) ;
#6375=CARTESIAN_POINT('Line Origine',(-74.5,-285.5,-194.5)) ;
#6387=CARTESIAN_POINT('Axis2P3D Location',(-74.5,-285.5,-306.5)) ;
#6392=CARTESIAN_POINT('Line Origine',(-76.8433713252,-285.5,-190.5)) ;
#6396=CARTESIAN_POINT('Vertex',(-79.1867426503,-285.5,-190.5)) ;
#6399=CARTESIAN_POINT('Line Origine',(-79.1867426503,-285.5,-194.5)) ;
#6411=CARTESIAN_POINT('Axis2P3D Location',(-94.1929645618,-292.278301775,-306.5)) ;
#6416=CARTESIAN_POINT('Line Origine',(-94.1929645618,-292.278301775,-194.5)) ;
#6420=CARTESIAN_POINT('Vertex',(-94.1929645618,-292.278301775,-190.5)) ;
#6423=CARTESIAN_POINT('Line Origine',(-191.778149239,-403.034492973,-190.5)) ;
#6427=CARTESIAN_POINT('Vertex',(-289.363333916,-513.790684171,-190.5)) ;
#6430=CARTESIAN_POINT('Line Origine',(-289.363333916,-513.790684171,-194.5)) ;
#6442=CARTESIAN_POINT('Axis2P3D Location',(-317.5,-489.,-306.5)) ;
#6447=CARTESIAN_POINT('Axis2P3D Location',(-317.5,-489.,-190.5)) ;
#6451=CARTESIAN_POINT('Vertex',(-355.,-489.,-190.5)) ;
#6454=CARTESIAN_POINT('Line Origine',(-355.,-489.,-306.5)) ;
#6466=CARTESIAN_POINT('Axis2P3D Location',(-355.,-270.5,-306.5)) ;
#6471=CARTESIAN_POINT('Line Origine',(-177.,-270.5,-194.5)) ;
#6475=CARTESIAN_POINT('Vertex',(-177.,-270.5,-190.5)) ;
#6478=CARTESIAN_POINT('Line Origine',(-355.,-270.5,-194.5)) ;
#6482=CARTESIAN_POINT('Vertex',(-355.,-270.5,-190.5)) ;
#6485=CARTESIAN_POINT('Line Origine',(-266.,-270.5,-190.5)) ;
#6497=CARTESIAN_POINT('Axis2P3D Location',(-177.,-270.5,-306.5)) ;
#6502=CARTESIAN_POINT('Line Origine',(-177.,-287.25,-190.5)) ;
#6514=CARTESIAN_POINT('Axis2P3D Location',(-317.5,-339.,-247.839999996)) ;
#6519=CARTESIAN_POINT('Line Origine',(-337.5,-339.,-247.839999996)) ;
#6523=CARTESIAN_POINT('Vertex',(-337.5,-339.,-190.5)) ;
#6526=CARTESIAN_POINT('Axis2P3D Location',(-317.5,-339.,-190.5)) ;
#6530=CARTESIAN_POINT('Vertex',(-297.5,-339.,-190.5)) ;
#6533=CARTESIAN_POINT('Line Origine',(-297.5,-339.,-247.839999996)) ;
#6545=CARTESIAN_POINT('Axis2P3D Location',(-317.5,-339.,-190.5)) ;
#6557=CARTESIAN_POINT('Axis2P3D Location',(-317.5,-489.,-247.839999996)) ;
#6562=CARTESIAN_POINT('Line Origine',(-337.5,-489.,-247.839999996)) ;
#6566=CARTESIAN_POINT('Vertex',(-337.5,-489.,-190.5)) ;
#6569=CARTESIAN_POINT('Axis2P3D Location',(-317.5,-489.,-190.5)) ;
#6573=CARTESIAN_POINT('Vertex',(-297.5,-489.,-190.5)) ;
#6576=CARTESIAN_POINT('Line Origine',(-297.5,-489.,-247.839999996)) ;
#6588=CARTESIAN_POINT('Axis2P3D Location',(-317.5,-489.,-190.5)) ;
#6600=CARTESIAN_POINT('Axis2P3D Location',(-355.,-270.5,-198.5)) ;
#6605=CARTESIAN_POINT('Line Origine',(-355.,-379.75,-190.5)) ;
#6617=CARTESIAN_POINT('Axis2P3D Location',(-79.1867426503,-305.5,-306.5)) ;
#6622=CARTESIAN_POINT('Axis2P3D Location',(-79.1867426503,-305.5,-190.5)) ;
#6634=CARTESIAN_POINT('Axis2P3D Location',(-355.,-270.5,-190.5)) ;
#6639=CARTESIAN_POINT('Line Origine',(-103.25,-270.5,-190.5)) ;
#6676=CARTESIAN_POINT('Axis2P3D Location',(-154.5,-304.,-285.839999996)) ;
#6681=CARTESIAN_POINT('Line Origine',(-174.5,-304.,-285.839999996)) ;
#6685=CARTESIAN_POINT('Vertex',(-174.5,-304.,-276.5)) ;
#6687=CARTESIAN_POINT('Vertex',(-174.5,-304.,-266.5)) ;
#6690=CARTESIAN_POINT('Axis2P3D Location',(-154.5,-304.,-266.5)) ;
#6694=CARTESIAN_POINT('Vertex',(-134.5,-304.,-266.5)) ;
#6697=CARTESIAN_POINT('Line Origine',(-134.5,-304.,-285.839999996)) ;
#6701=CARTESIAN_POINT('Vertex',(-134.5,-304.,-276.5)) ;
#6704=CARTESIAN_POINT('Axis2P3D Location',(-154.5,-304.,-276.5)) ;
#6716=CARTESIAN_POINT('Axis2P3D Location',(-355.,-270.5,-276.5)) ;
#6721=CARTESIAN_POINT('Line Origine',(-200.524561243,-452.871963075,-276.5)) ;
#6725=CARTESIAN_POINT('Vertex',(-295.990883637,-519.718201661,-276.5)) ;
#6727=CARTESIAN_POINT('Vertex',(-105.058238849,-386.02572449,-276.5)) ;
#6730=CARTESIAN_POINT('Axis2P3D Location',(-317.5,-489.,-276.5)) ;
#6734=CARTESIAN_POINT('Vertex',(-355.,-489.,-276.5)) ;
#6737=CARTESIAN_POINT('Line Origine',(-355.,-379.75,-276.5)) ;
#6741=CARTESIAN_POINT('Vertex',(-355.,-270.5,-276.5)) ;
#6744=CARTESIAN_POINT('Line Origine',(-264.75,-270.5,-276.5)) ;
#6748=CARTESIAN_POINT('Vertex',(-174.5,-270.5,-276.5)) ;
#6751=CARTESIAN_POINT('Line Origine',(-174.5,-287.25,-276.5)) ;
#6756=CARTESIAN_POINT('Line Origine',(-134.5,-287.25,-276.5)) ;
#6760=CARTESIAN_POINT('Vertex',(-134.5,-270.5,-276.5)) ;
#6763=CARTESIAN_POINT('Line Origine',(-59.75,-270.5,-276.5)) ;
#6767=CARTESIAN_POINT('Vertex',(15.,-270.5,-276.5)) ;
#6770=CARTESIAN_POINT('Line Origine',(15.,-278.,-276.5)) ;
#6774=CARTESIAN_POINT('Vertex',(15.,-285.5,-276.5)) ;
#6777=CARTESIAN_POINT('Line Origine',(13.5954544295,-285.5,-276.5)) ;
#6781=CARTESIAN_POINT('Vertex',(12.190908859,-285.5,-276.5)) ;
#6784=CARTESIAN_POINT('Axis2P3D Location',(12.190908859,-315.5,-276.5)) ;
#6788=CARTESIAN_POINT('Vertex',(-9.02229457659,-294.286796564,-276.5)) ;
#6791=CARTESIAN_POINT('Line Origine',(-43.687232229,-328.951734217,-276.5)) ;
#6795=CARTESIAN_POINT('Vertex',(-78.3521698815,-363.616671869,-276.5)) ;
#6798=CARTESIAN_POINT('Axis2P3D Location',(-219.773526119,-222.195315632,-276.5)) ;
#6818=CARTESIAN_POINT('Axis2P3D Location',(-317.5,-489.,-276.5)) ;
#6822=CARTESIAN_POINT('Vertex',(-337.5,-489.,-276.5)) ;
#6824=CARTESIAN_POINT('Vertex',(-297.5,-489.,-276.5)) ;
#6827=CARTESIAN_POINT('Axis2P3D Location',(-317.5,-489.,-276.5)) ;
#6836=CARTESIAN_POINT('Axis2P3D Location',(-317.5,-339.,-276.5)) ;
#6840=CARTESIAN_POINT('Vertex',(-337.5,-339.,-276.5)) ;
#6842=CARTESIAN_POINT('Vertex',(-297.5,-339.,-276.5)) ;
#6845=CARTESIAN_POINT('Axis2P3D Location',(-317.5,-339.,-276.5)) ;
#6855=CARTESIAN_POINT('Axis2P3D Location',(-174.5,-270.5,-306.5)) ;
#6860=CARTESIAN_POINT('Line Origine',(-174.5,-270.5,-271.5)) ;
#6864=CARTESIAN_POINT('Vertex',(-174.5,-270.5,-266.5)) ;
#6867=CARTESIAN_POINT('Line Origine',(-174.5,-287.25,-266.5)) ;
#6879=CARTESIAN_POINT('Axis2P3D Location',(-355.,-270.5,-306.5)) ;
#6884=CARTESIAN_POINT('Line Origine',(-134.5,-270.5,-271.5)) ;
#6888=CARTESIAN_POINT('Vertex',(-134.5,-270.5,-266.5)) ;
#6891=CARTESIAN_POINT('Line Origine',(-59.75,-270.5,-266.5)) ;
#6895=CARTESIAN_POINT('Vertex',(15.,-270.5,-266.5)) ;
#6898=CARTESIAN_POINT('Line Origine',(15.,-270.5,-271.5)) ;
#6910=CARTESIAN_POINT('Axis2P3D Location',(15.,-270.5,-306.5)) ;
#6915=CARTESIAN_POINT('Line Origine',(15.,-278.,-266.5)) ;
#6919=CARTESIAN_POINT('Vertex',(15.,-285.5,-266.5)) ;
#6922=CARTESIAN_POINT('Line Origine',(15.,-285.5,-271.5)) ;
#6934=CARTESIAN_POINT('Axis2P3D Location',(15.,-285.5,-306.5)) ;
#6939=CARTESIAN_POINT('Line Origine',(13.5954544295,-285.5,-266.5)) ;
#6943=CARTESIAN_POINT('Vertex',(12.190908859,-285.5,-266.5)) ;
#6946=CARTESIAN_POINT('Line Origine',(12.190908859,-285.5,-271.5)) ;
#6958=CARTESIAN_POINT('Axis2P3D Location',(-9.02229457659,-294.286796564,-306.5)) ;
#6963=CARTESIAN_POINT('Line Origine',(-78.3521698815,-363.616671869,-271.5)) ;
#6967=CARTESIAN_POINT('Vertex',(-78.3521698815,-363.616671869,-266.5)) ;
#6970=CARTESIAN_POINT('Line Origine',(-9.02229457659,-294.286796564,-271.5)) ;
#6974=CARTESIAN_POINT('Vertex',(-9.02229457659,-294.286796564,-266.5)) ;
#6977=CARTESIAN_POINT('Line Origine',(-43.687232229,-328.951734217,-266.5)) ;
#6989=CARTESIAN_POINT('Axis2P3D Location',(-219.773526119,-222.195315632,-271.5)) ;
#6994=CARTESIAN_POINT('Axis2P3D Location',(-219.773526119,-222.195315632,-266.5)) ;
#6998=CARTESIAN_POINT('Vertex',(-105.058238849,-386.02572449,-266.5)) ;
#7001=CARTESIAN_POINT('Line Origine',(-105.058238849,-386.02572449,-271.5)) ;
#7013=CARTESIAN_POINT('Axis2P3D Location',(-317.5,-489.,-306.5)) ;
#7018=CARTESIAN_POINT('Line Origine',(-295.990883637,-519.718201661,-306.5)) ;
#7022=CARTESIAN_POINT('Vertex',(-295.990883637,-519.718201661,-266.5)) ;
#7025=CARTESIAN_POINT('Axis2P3D Location',(-317.5,-489.,-266.5)) ;
#7029=CARTESIAN_POINT('Vertex',(-355.,-489.,-266.5)) ;
#7032=CARTESIAN_POINT('Line Origine',(-355.,-489.,-306.5)) ;
#7044=CARTESIAN_POINT('Line Origine',(-355.,-270.5,-271.5)) ;
#7048=CARTESIAN_POINT('Vertex',(-355.,-270.5,-266.5)) ;
#7051=CARTESIAN_POINT('Line Origine',(-264.75,-270.5,-266.5)) ;
#7063=CARTESIAN_POINT('Axis2P3D Location',(-317.5,-339.,-285.839999996)) ;
#7068=CARTESIAN_POINT('Line Origine',(-337.5,-339.,-285.839999996)) ;
#7072=CARTESIAN_POINT('Vertex',(-337.5,-339.,-266.5)) ;
#7075=CARTESIAN_POINT('Axis2P3D Location',(-317.5,-339.,-266.5)) ;
#7079=CARTESIAN_POINT('Vertex',(-297.5,-339.,-266.5)) ;
#7082=CARTESIAN_POINT('Line Origine',(-297.5,-339.,-285.839999996)) ;
#7094=CARTESIAN_POINT('Axis2P3D Location',(-317.5,-339.,-266.5)) ;
#7106=CARTESIAN_POINT('Axis2P3D Location',(-317.5,-489.,-285.839999996)) ;
#7111=CARTESIAN_POINT('Line Origine',(-337.5,-489.,-285.839999996)) ;
#7115=CARTESIAN_POINT('Vertex',(-337.5,-489.,-266.5)) ;
#7118=CARTESIAN_POINT('Axis2P3D Location',(-317.5,-489.,-266.5)) ;
#7122=CARTESIAN_POINT('Vertex',(-297.5,-489.,-266.5)) ;
#7125=CARTESIAN_POINT('Line Origine',(-297.5,-489.,-285.839999996)) ;
#7137=CARTESIAN_POINT('Axis2P3D Location',(-317.5,-489.,-266.5)) ;
#7149=CARTESIAN_POINT('Axis2P3D Location',(-355.,-489.,-306.5)) ;
#7154=CARTESIAN_POINT('Line Origine',(-355.,-379.75,-266.5)) ;
#7166=CARTESIAN_POINT('Axis2P3D Location',(-295.990883637,-519.718201661,-306.5)) ;
#7171=CARTESIAN_POINT('Line Origine',(-200.524561243,-452.871963075,-266.5)) ;
#7183=CARTESIAN_POINT('Axis2P3D Location',(12.190908859,-315.5,-306.5)) ;
#7188=CARTESIAN_POINT('Axis2P3D Location',(12.190908859,-315.5,-266.5)) ;
#7200=CARTESIAN_POINT('Axis2P3D Location',(-355.,-270.5,-266.5)) ;
#7205=CARTESIAN_POINT('Line Origine',(-134.5,-287.25,-266.5)) ;
#7234=CARTESIAN_POINT('Axis2P3D Location',(-134.5,-304.,-306.5)) ;
#7249=CARTESIAN_POINT('Axis2P3D Location',(-317.5,-339.,-242.75)) ;
#7254=CARTESIAN_POINT('Line Origine',(-337.5,-339.,-242.75)) ;
#7258=CARTESIAN_POINT('Vertex',(-337.5,-339.,-306.5)) ;
#7260=CARTESIAN_POINT('Vertex',(-337.5,-339.,-266.5)) ;
#7263=CARTESIAN_POINT('Axis2P3D Location',(-317.5,-339.,-266.5)) ;
#7267=CARTESIAN_POINT('Vertex',(-297.5,-339.,-266.5)) ;
#7270=CARTESIAN_POINT('Line Origine',(-297.5,-339.,-242.75)) ;
#7274=CARTESIAN_POINT('Vertex',(-297.5,-339.,-306.5)) ;
#7277=CARTESIAN_POINT('Axis2P3D Location',(-317.5,-339.,-306.5)) ;
#7289=CARTESIAN_POINT('Axis2P3D Location',(-317.5,-339.,-266.5)) ;
#7294=CARTESIAN_POINT('Axis2P3D Location',(-317.5,-339.,-306.5)) ;
#7306=CARTESIAN_POINT('Axis2P3D Location',(-317.5,-339.,-266.5)) ;
#7310=CARTESIAN_POINT('Vertex',(-295.,-339.,-266.5)) ;
#7312=CARTESIAN_POINT('Vertex',(-340.,-339.,-266.5)) ;
#7315=CARTESIAN_POINT('Axis2P3D Location',(-317.5,-339.,-266.5)) ;
#7329=CARTESIAN_POINT('Axis2P3D Location',(-317.5,-339.,-198.5)) ;
#7333=CARTESIAN_POINT('Vertex',(-295.,-339.,-198.5)) ;
#7335=CARTESIAN_POINT('Vertex',(-340.,-339.,-198.5)) ;
#7338=CARTESIAN_POINT('Axis2P3D Location',(-317.5,-339.,-198.5)) ;
#7347=CARTESIAN_POINT('Axis2P3D Location',(-317.5,-339.,-198.5)) ;
#7351=CARTESIAN_POINT('Vertex',(-297.5,-339.,-198.5)) ;
#7353=CARTESIAN_POINT('Vertex',(-337.5,-339.,-198.5)) ;
#7356=CARTESIAN_POINT('Axis2P3D Location',(-317.5,-339.,-198.5)) ;
#7366=CARTESIAN_POINT('Axis2P3D Location',(-317.5,-339.,-232.5)) ;
#7371=CARTESIAN_POINT('Line Origine',(-340.,-339.,-232.5)) ;
#7376=CARTESIAN_POINT('Line Origine',(-295.,-339.,-232.5)) ;
#7395=CARTESIAN_POINT('Line Origine',(-297.5,-339.,-242.75)) ;
#7399=CARTESIAN_POINT('Vertex',(-297.5,-339.,-179.)) ;
#7402=CARTESIAN_POINT('Line Origine',(-337.5,-339.,-242.75)) ;
#7406=CARTESIAN_POINT('Vertex',(-337.5,-339.,-179.)) ;
#7409=CARTESIAN_POINT('Axis2P3D Location',(-317.5,-339.,-179.)) ;
#7421=CARTESIAN_POINT('Axis2P3D Location',(-317.5,-339.,-179.)) ;
#7433=CARTESIAN_POINT('Axis2P3D Location',(3.3566362356E-014,-548.180297852,-306.5)) ;
#7442=CARTESIAN_POINT('Axis2P3D Location',(-317.5,-339.,-306.5)) ;
#7446=CARTESIAN_POINT('Vertex',(-328.5,-339.,-306.5)) ;
#7448=CARTESIAN_POINT('Vertex',(-306.5,-339.,-306.5)) ;
#7451=CARTESIAN_POINT('Axis2P3D Location',(-317.5,-339.,-306.5)) ;
#7469=CARTESIAN_POINT('Axis2P3D Location',(1.74512168878E-014,-285.,-179.)) ;
#7478=CARTESIAN_POINT('Axis2P3D Location',(-317.5,-339.,-179.)) ;
#7482=CARTESIAN_POINT('Vertex',(-328.5,-339.,-179.)) ;
#7484=CARTESIAN_POINT('Vertex',(-306.5,-339.,-179.)) ;
#7487=CARTESIAN_POINT('Axis2P3D Location',(-317.5,-339.,-179.)) ;
#7498=CARTESIAN_POINT('Axis2P3D Location',(-317.5,-339.,-242.75)) ;
#7503=CARTESIAN_POINT('Line Origine',(-328.5,-339.,-242.75)) ;
#7508=CARTESIAN_POINT('Line Origine',(-306.5,-339.,-242.75)) ;
#7532=CARTESIAN_POINT('Axis2P3D Location',(-317.5,-489.,-242.75)) ;
#7537=CARTESIAN_POINT('Line Origine',(-337.5,-489.,-242.75)) ;
#7541=CARTESIAN_POINT('Vertex',(-337.5,-489.,-306.5)) ;
#7543=CARTESIAN_POINT('Vertex',(-337.5,-489.,-266.5)) ;
#7546=CARTESIAN_POINT('Axis2P3D Location',(-317.5,-489.,-266.5)) ;
#7550=CARTESIAN_POINT('Vertex',(-297.5,-489.,-266.5)) ;
#7553=CARTESIAN_POINT('Line Origine',(-297.5,-489.,-242.75)) ;
#7557=CARTESIAN_POINT('Vertex',(-297.5,-489.,-306.5)) ;
#7560=CARTESIAN_POINT('Axis2P3D Location',(-317.5,-489.,-306.5)) ;
#7572=CARTESIAN_POINT('Axis2P3D Location',(-317.5,-489.,-266.5)) ;
#7577=CARTESIAN_POINT('Axis2P3D Location',(-317.5,-489.,-306.5)) ;
#7589=CARTESIAN_POINT('Axis2P3D Location',(-317.5,-489.,-266.5)) ;
#7593=CARTESIAN_POINT('Vertex',(-295.,-489.,-266.5)) ;
#7595=CARTESIAN_POINT('Vertex',(-340.,-489.,-266.5)) ;
#7598=CARTESIAN_POINT('Axis2P3D Location',(-317.5,-489.,-266.5)) ;
#7612=CARTESIAN_POINT('Axis2P3D Location',(-317.5,-489.,-198.5)) ;
#7616=CARTESIAN_POINT('Vertex',(-295.,-489.,-198.5)) ;
#7618=CARTESIAN_POINT('Vertex',(-340.,-489.,-198.5)) ;
#7621=CARTESIAN_POINT('Axis2P3D Location',(-317.5,-489.,-198.5)) ;
#7630=CARTESIAN_POINT('Axis2P3D Location',(-317.5,-489.,-198.5)) ;
#7634=CARTESIAN_POINT('Vertex',(-297.5,-489.,-198.5)) ;
#7636=CARTESIAN_POINT('Vertex',(-337.5,-489.,-198.5)) ;
#7639=CARTESIAN_POINT('Axis2P3D Location',(-317.5,-489.,-198.5)) ;
#7649=CARTESIAN_POINT('Axis2P3D Location',(-317.5,-489.,-232.5)) ;
#7654=CARTESIAN_POINT('Line Origine',(-340.,-489.,-232.5)) ;
#7659=CARTESIAN_POINT('Line Origine',(-295.,-489.,-232.5)) ;
#7678=CARTESIAN_POINT('Line Origine',(-297.5,-489.,-242.75)) ;
#7682=CARTESIAN_POINT('Vertex',(-297.5,-489.,-179.)) ;
#7685=CARTESIAN_POINT('Line Origine',(-337.5,-489.,-242.75)) ;
#7689=CARTESIAN_POINT('Vertex',(-337.5,-489.,-179.)) ;
#7692=CARTESIAN_POINT('Axis2P3D Location',(-317.5,-489.,-179.)) ;
#7704=CARTESIAN_POINT('Axis2P3D Location',(-317.5,-489.,-179.)) ;
#7716=CARTESIAN_POINT('Axis2P3D Location',(3.3566362356E-014,-548.180297852,-306.5)) ;
#7725=CARTESIAN_POINT('Axis2P3D Location',(-317.5,-489.,-306.5)) ;
#7729=CARTESIAN_POINT('Vertex',(-328.5,-489.,-306.5)) ;
#7731=CARTESIAN_POINT('Vertex',(-306.5,-489.,-306.5)) ;
#7734=CARTESIAN_POINT('Axis2P3D Location',(-317.5,-489.,-306.5)) ;
#7745=CARTESIAN_POINT('Axis2P3D Location',(1.74512168878E-014,-285.,-179.)) ;
#7754=CARTESIAN_POINT('Axis2P3D Location',(-317.5,-489.,-179.)) ;
#7758=CARTESIAN_POINT('Vertex',(-328.5,-489.,-179.)) ;
#7760=CARTESIAN_POINT('Vertex',(-306.5,-489.,-179.)) ;
#7763=CARTESIAN_POINT('Axis2P3D Location',(-317.5,-489.,-179.)) ;
#7774=CARTESIAN_POINT('Axis2P3D Location',(-317.5,-489.,-242.75)) ;
#7779=CARTESIAN_POINT('Line Origine',(-306.5,-489.,-242.75)) ;
#7784=CARTESIAN_POINT('Line Origine',(-328.5,-489.,-242.75)) ;
#7808=CARTESIAN_POINT('Axis2P3D Location',(0.,-252.951547031,-301.5)) ;
#7813=CARTESIAN_POINT('Line Origine',(-154.5,-277.,-301.5)) ;
#7817=CARTESIAN_POINT('Vertex',(-134.5,-277.,-301.5)) ;
#7819=CARTESIAN_POINT('Vertex',(-174.5,-277.,-301.5)) ;
#7822=CARTESIAN_POINT('Line Origine',(-174.5,-273.75,-301.5)) ;
#7826=CARTESIAN_POINT('Vertex',(-174.5,-270.5,-301.5)) ;
#7829=CARTESIAN_POINT('Line Origine',(-154.5,-270.5,-301.5)) ;
#7833=CARTESIAN_POINT('Vertex',(-134.5,-270.5,-301.5)) ;
#7836=CARTESIAN_POINT('Line Origine',(-134.5,-273.75,-301.5)) ;
#7848=CARTESIAN_POINT('Axis2P3D Location',(-89.1600030518,-277.,-306.5)) ;
#7853=CARTESIAN_POINT('Line Origine',(-89.1600030518,-282.,-306.5)) ;
#7857=CARTESIAN_POINT('Vertex',(-134.5,-282.,-306.5)) ;
#7859=CARTESIAN_POINT('Vertex',(-174.5,-282.,-306.5)) ;
#7862=CARTESIAN_POINT('Axis2P3D Location',(-174.5,-277.,-306.5)) ;
#7867=CARTESIAN_POINT('Axis2P3D Location',(-134.5,-277.,-306.5)) ;
#7879=CARTESIAN_POINT('Axis2P3D Location',(-174.5,-270.5,-306.5)) ;
#7884=CARTESIAN_POINT('Line Origine',(-174.5,-304.,-286.5)) ;
#7888=CARTESIAN_POINT('Vertex',(-174.5,-304.,-306.5)) ;
#7890=CARTESIAN_POINT('Vertex',(-174.5,-304.,-266.5)) ;
#7893=CARTESIAN_POINT('Line Origine',(-174.5,-287.25,-266.5)) ;
#7897=CARTESIAN_POINT('Vertex',(-174.5,-270.5,-266.5)) ;
#7900=CARTESIAN_POINT('Line Origine',(-174.5,-270.5,-284.)) ;
#7905=CARTESIAN_POINT('Line Origine',(-174.5,-293.,-306.5)) ;
#7919=CARTESIAN_POINT('Axis2P3D Location',(-174.5,-270.5,-306.5)) ;
#7924=CARTESIAN_POINT('Axis2P3D Location',(-142.,-270.5,-170.5)) ;
#7928=CARTESIAN_POINT('Vertex',(-132.,-270.5,-170.5)) ;
#7930=CARTESIAN_POINT('Vertex',(-142.,-270.5,-160.5)) ;
#7933=CARTESIAN_POINT('Line Origine',(-132.,-270.5,-218.5)) ;
#7937=CARTESIAN_POINT('Vertex',(-132.,-270.5,-266.5)) ;
#7940=CARTESIAN_POINT('Line Origine',(-133.25,-270.5,-266.5)) ;
#7944=CARTESIAN_POINT('Vertex',(-134.5,-270.5,-266.5)) ;
#7947=CARTESIAN_POINT('Line Origine',(-134.5,-270.5,-284.)) ;
#7952=CARTESIAN_POINT('Line Origine',(-175.75,-270.5,-266.5)) ;
#7956=CARTESIAN_POINT('Vertex',(-177.,-270.5,-266.5)) ;
#7959=CARTESIAN_POINT('Line Origine',(-177.,-270.5,-218.5)) ;
#7963=CARTESIAN_POINT('Vertex',(-177.,-270.5,-170.5)) ;
#7966=CARTESIAN_POINT('Axis2P3D Location',(-167.,-270.5,-170.5)) ;
#7970=CARTESIAN_POINT('Vertex',(-167.,-270.5,-160.5)) ;
#7973=CARTESIAN_POINT('Line Origine',(-154.5,-270.5,-160.5)) ;
#7991=CARTESIAN_POINT('Axis2P3D Location',(-154.5,-304.,-238.5)) ;
#7996=CARTESIAN_POINT('Line Origine',(-134.5,-304.,-238.5)) ;
#8000=CARTESIAN_POINT('Vertex',(-134.5,-304.,-306.5)) ;
#8002=CARTESIAN_POINT('Vertex',(-134.5,-304.,-266.5)) ;
#8005=CARTESIAN_POINT('Axis2P3D Location',(-154.5,-304.,-266.5)) ;
#8010=CARTESIAN_POINT('Axis2P3D Location',(-154.5,-304.,-306.5)) ;
#8022=CARTESIAN_POINT('Axis2P3D Location',(-177.,-270.5,-306.5)) ;
#8027=CARTESIAN_POINT('Line Origine',(-177.,-275.25,-170.5)) ;
#8031=CARTESIAN_POINT('Vertex',(-177.,-280.,-170.5)) ;
#8034=CARTESIAN_POINT('Line Origine',(-177.,-287.25,-266.5)) ;
#8038=CARTESIAN_POINT('Vertex',(-177.,-304.,-266.5)) ;
#8041=CARTESIAN_POINT('Line Origine',(-177.,-304.,-222.75)) ;
#8045=CARTESIAN_POINT('Vertex',(-177.,-304.,-179.)) ;
#8048=CARTESIAN_POINT('Line Origine',(-177.,-294.5,-179.)) ;
#8052=CARTESIAN_POINT('Vertex',(-177.,-285.,-179.)) ;
#8055=CARTESIAN_POINT('Axis2P3D Location',(-177.,-285.,-174.)) ;
#8059=CARTESIAN_POINT('Vertex',(-177.,-280.,-174.)) ;
#8062=CARTESIAN_POINT('Line Origine',(-177.,-280.,-172.25)) ;
#8077=CARTESIAN_POINT('Axis2P3D Location',(-167.,-298.5,-170.5)) ;
#8082=CARTESIAN_POINT('Line Origine',(-167.,-298.5,-160.5)) ;
#8086=CARTESIAN_POINT('Vertex',(-167.,-280.,-160.5)) ;
#8089=CARTESIAN_POINT('Axis2P3D Location',(-167.,-280.,-170.5)) ;
#8101=CARTESIAN_POINT('Axis2P3D Location',(-154.5,-304.,-214.110000003)) ;
#8106=CARTESIAN_POINT('Axis2P3D Location',(-154.5,-304.,-266.5)) ;
#8110=CARTESIAN_POINT('Vertex',(-132.,-304.,-266.5)) ;
#8113=CARTESIAN_POINT('Line Origine',(-132.,-304.,-214.110000003)) ;
#8117=CARTESIAN_POINT('Vertex',(-132.,-304.,-179.)) ;
#8120=CARTESIAN_POINT('Axis2P3D Location',(-154.5,-304.,-179.)) ;
#8132=CARTESIAN_POINT('Axis2P3D Location',(0.,0.,-160.5)) ;
#8137=CARTESIAN_POINT('Line Origine',(-142.,-275.25,-160.5)) ;
#8141=CARTESIAN_POINT('Vertex',(-142.,-280.,-160.5)) ;
#8144=CARTESIAN_POINT('Line Origine',(-154.5,-280.,-160.5)) ;
#8156=CARTESIAN_POINT('Axis2P3D Location',(-142.,-298.5,-170.5)) ;
#8161=CARTESIAN_POINT('Line Origine',(-132.,-298.5,-170.5)) ;
#8165=CARTESIAN_POINT('Vertex',(-132.,-280.,-170.5)) ;
#8168=CARTESIAN_POINT('Axis2P3D Location',(-142.,-280.,-170.5)) ;
#8180=CARTESIAN_POINT('Axis2P3D Location',(-132.,-304.,-306.5)) ;
#8185=CARTESIAN_POINT('Line Origine',(-132.,-287.25,-266.5)) ;
#8190=CARTESIAN_POINT('Line Origine',(-132.,-280.,-172.25)) ;
#8194=CARTESIAN_POINT('Vertex',(-132.,-280.,-174.)) ;
#8197=CARTESIAN_POINT('Axis2P3D Location',(-132.,-285.,-174.)) ;
#8201=CARTESIAN_POINT('Vertex',(-132.,-285.,-179.)) ;
#8204=CARTESIAN_POINT('Line Origine',(-132.,-294.5,-179.)) ;
#8219=CARTESIAN_POINT('Line Origine',(-134.5,-287.25,-266.5)) ;
#8235=CARTESIAN_POINT('Axis2P3D Location',(-134.5,-304.,-306.5)) ;
#8240=CARTESIAN_POINT('Line Origine',(-134.5,-293.,-306.5)) ;
#8254=CARTESIAN_POINT('Axis2P3D Location',(3.3566362356E-014,-548.180297852,-306.5)) ;
#8265=CARTESIAN_POINT('Axis2P3D Location',(-154.5,-304.,-306.5)) ;
#8269=CARTESIAN_POINT('Vertex',(-165.5,-304.,-306.5)) ;
#8271=CARTESIAN_POINT('Vertex',(-143.5,-304.,-306.5)) ;
#8274=CARTESIAN_POINT('Axis2P3D Location',(-154.5,-304.,-306.5)) ;
#8285=CARTESIAN_POINT('Axis2P3D Location',(-154.5,-304.,-242.75)) ;
#8290=CARTESIAN_POINT('Line Origine',(-143.5,-304.,-242.75)) ;
#8294=CARTESIAN_POINT('Vertex',(-143.5,-304.,-179.)) ;
#8297=CARTESIAN_POINT('Axis2P3D Location',(-154.5,-304.,-179.)) ;
#8301=CARTESIAN_POINT('Vertex',(-165.5,-304.,-179.)) ;
#8304=CARTESIAN_POINT('Line Origine',(-165.5,-304.,-242.75)) ;
#8317=CARTESIAN_POINT('Axis2P3D Location',(-154.5,-304.,-179.)) ;
#8330=CARTESIAN_POINT('Axis2P3D Location',(1.74512168878E-014,-285.,-179.)) ;
#8335=CARTESIAN_POINT('Line Origine',(-154.5,-285.,-179.)) ;
#8352=CARTESIAN_POINT('Axis2P3D Location',(1.71450551881E-014,-280.,-174.)) ;
#8357=CARTESIAN_POINT('Line Origine',(-154.5,-280.,-174.)) ;
#8372=CARTESIAN_POINT('Axis2P3D Location',(-149.,-285.,-174.)) ;
#8388=CARTESIAN_POINT('Axis2P3D Location',(-329.5,-270.5,-306.5)) ;
#8393=CARTESIAN_POINT('Line Origine',(-329.5,-295.233566845,-198.5)) ;
#8397=CARTESIAN_POINT('Vertex',(-329.5,-270.5,-198.5)) ;
#8399=CARTESIAN_POINT('Vertex',(-329.5,-319.967133689,-198.5)) ;
#8402=CARTESIAN_POINT('Line Origine',(-329.5,-319.967133689,-232.5)) ;
#8406=CARTESIAN_POINT('Vertex',(-329.5,-319.967133689,-266.5)) ;
#8409=CARTESIAN_POINT('Line Origine',(-329.5,-295.233566845,-266.5)) ;
#8413=CARTESIAN_POINT('Vertex',(-329.5,-270.5,-266.5)) ;
#8416=CARTESIAN_POINT('Line Origine',(-329.5,-270.5,-232.5)) ;
#8428=CARTESIAN_POINT('Axis2P3D Location',(-329.5,-270.5,-306.5)) ;
#8433=CARTESIAN_POINT('Line Origine',(-333.5,-270.5,-266.5)) ;
#8437=CARTESIAN_POINT('Vertex',(-337.5,-270.5,-266.5)) ;
#8440=CARTESIAN_POINT('Line Origine',(-337.5,-270.5,-232.5)) ;
#8444=CARTESIAN_POINT('Vertex',(-337.5,-270.5,-198.5)) ;
#8447=CARTESIAN_POINT('Line Origine',(-333.5,-270.5,-198.5)) ;
#8459=CARTESIAN_POINT('Line Origine',(-337.5,-295.233566845,-198.5)) ;
#8463=CARTESIAN_POINT('Vertex',(-337.5,-319.967133689,-198.5)) ;
#8466=CARTESIAN_POINT('Line Origine',(-333.5,-319.967133689,-198.5)) ;
#8478=CARTESIAN_POINT('Axis2P3D Location',(-337.5,-319.967133689,-306.5)) ;
#8483=CARTESIAN_POINT('Line Origine',(-337.5,-295.233566845,-266.5)) ;
#8487=CARTESIAN_POINT('Vertex',(-337.5,-319.967133689,-266.5)) ;
#8490=CARTESIAN_POINT('Line Origine',(-337.5,-319.967133689,-232.5)) ;
#8502=CARTESIAN_POINT('Axis2P3D Location',(-337.5,-319.967133689,-306.5)) ;
#8507=CARTESIAN_POINT('Line Origine',(-333.5,-319.967133689,-266.5)) ;
#8529=CARTESIAN_POINT('Axis2P3D Location',(-337.5,-358.032866311,-306.5)) ;
#8534=CARTESIAN_POINT('Line Origine',(-333.5,-358.032866311,-198.5)) ;
#8538=CARTESIAN_POINT('Vertex',(-337.5,-358.032866311,-198.5)) ;
#8540=CARTESIAN_POINT('Vertex',(-329.5,-358.032866311,-198.5)) ;
#8543=CARTESIAN_POINT('Line Origine',(-329.5,-358.032866311,-232.5)) ;
#8547=CARTESIAN_POINT('Vertex',(-329.5,-358.032866311,-266.5)) ;
#8550=CARTESIAN_POINT('Line Origine',(-333.5,-358.032866311,-266.5)) ;
#8554=CARTESIAN_POINT('Vertex',(-337.5,-358.032866311,-266.5)) ;
#8557=CARTESIAN_POINT('Line Origine',(-337.5,-358.032866311,-232.5)) ;
#8569=CARTESIAN_POINT('Axis2P3D Location',(-337.5,-469.967133689,-306.5)) ;
#8574=CARTESIAN_POINT('Line Origine',(-337.5,-414.,-198.5)) ;
#8578=CARTESIAN_POINT('Vertex',(-337.5,-469.967133689,-198.5)) ;
#8581=CARTESIAN_POINT('Line Origine',(-337.5,-414.,-266.5)) ;
#8585=CARTESIAN_POINT('Vertex',(-337.5,-469.967133689,-266.5)) ;
#8588=CARTESIAN_POINT('Line Origine',(-337.5,-469.967133689,-232.5)) ;
#8600=CARTESIAN_POINT('Line Origine',(-333.5,-469.967133689,-198.5)) ;
#8604=CARTESIAN_POINT('Vertex',(-329.5,-469.967133689,-198.5)) ;
#8607=CARTESIAN_POINT('Line Origine',(-329.5,-414.,-198.5)) ;
#8619=CARTESIAN_POINT('Axis2P3D Location',(-329.5,-469.967133689,-306.5)) ;
#8624=CARTESIAN_POINT('Line Origine',(-333.5,-469.967133689,-266.5)) ;
#8628=CARTESIAN_POINT('Vertex',(-329.5,-469.967133689,-266.5)) ;
#8631=CARTESIAN_POINT('Line Origine',(-329.5,-469.967133689,-232.5)) ;
#8643=CARTESIAN_POINT('Axis2P3D Location',(-329.5,-358.032866311,-306.5)) ;
#8648=CARTESIAN_POINT('Line Origine',(-329.5,-414.,-266.5)) ;
#8670=CARTESIAN_POINT('Axis2P3D Location',(-153.43782582,-323.971774734,-306.5)) ;
#8675=CARTESIAN_POINT('Line Origine',(-153.43782582,-323.971774734,-232.5)) ;
#8679=CARTESIAN_POINT('Vertex',(-153.43782582,-323.971774734,-266.5)) ;
#8681=CARTESIAN_POINT('Vertex',(-153.43782582,-323.971774734,-198.5)) ;
#8684=CARTESIAN_POINT('Line Origine',(-224.394588539,-404.505523832,-266.5)) ;
#8688=CARTESIAN_POINT('Vertex',(-295.351351258,-485.039272931,-266.5)) ;
#8691=CARTESIAN_POINT('Line Origine',(-295.351351258,-485.039272931,-232.5)) ;
#8695=CARTESIAN_POINT('Vertex',(-295.351351258,-485.039272931,-198.5)) ;
#8698=CARTESIAN_POINT('Line Origine',(-224.394588539,-404.505523832,-198.5)) ;
#8710=CARTESIAN_POINT('Line Origine',(-218.392099774,-409.794203122,-266.5)) ;
#8714=CARTESIAN_POINT('Vertex',(-289.348862494,-490.327952221,-266.5)) ;
#8716=CARTESIAN_POINT('Vertex',(-147.435337055,-329.260454023,-266.5)) ;
#8719=CARTESIAN_POINT('Line Origine',(-292.350106876,-487.683612576,-266.5)) ;
#8724=CARTESIAN_POINT('Line Origine',(-150.436581437,-326.616114379,-266.5)) ;
#8736=CARTESIAN_POINT('Axis2P3D Location',(-295.351351258,-485.039272931,-306.5)) ;
#8741=CARTESIAN_POINT('Line Origine',(-289.348862494,-490.327952221,-232.5)) ;
#8745=CARTESIAN_POINT('Vertex',(-289.348862494,-490.327952221,-198.5)) ;
#8748=CARTESIAN_POINT('Line Origine',(-292.350106876,-487.683612576,-198.5)) ;
#8760=CARTESIAN_POINT('Axis2P3D Location',(-289.348862494,-490.327952221,-306.5)) ;
#8765=CARTESIAN_POINT('Line Origine',(-147.435337055,-329.260454023,-232.5)) ;
#8769=CARTESIAN_POINT('Vertex',(-147.435337055,-329.260454023,-198.5)) ;
#8772=CARTESIAN_POINT('Line Origine',(-218.392099774,-409.794203122,-198.5)) ;
#8784=CARTESIAN_POINT('Line Origine',(-150.436581437,-326.616114379,-198.5)) ;
#8796=CARTESIAN_POINT('Axis2P3D Location',(-147.435337055,-329.260454023,-306.5)) ;
#8811=CARTESIAN_POINT('Axis2P3D Location',(-257.5,-198.918334961,-306.5)) ;
#8816=CARTESIAN_POINT('Axis2P3D Location',(-257.5,-235.5,-160.)) ;
#8820=CARTESIAN_POINT('Vertex',(-257.5,-270.5,-160.)) ;
#8822=CARTESIAN_POINT('Vertex',(-257.5,-235.5,-125.)) ;
#8825=CARTESIAN_POINT('Line Origine',(-257.5,-270.5,-175.25)) ;
#8829=CARTESIAN_POINT('Vertex',(-257.5,-270.5,-190.5)) ;
#8832=CARTESIAN_POINT('Line Origine',(-257.5,-355.5,-190.5)) ;
#8836=CARTESIAN_POINT('Vertex',(-257.5,-440.5,-190.5)) ;
#8839=CARTESIAN_POINT('Line Origine',(-257.5,-440.5,-183.)) ;
#8843=CARTESIAN_POINT('Vertex',(-257.5,-440.5,-175.5)) ;
#8846=CARTESIAN_POINT('Line Origine',(-257.5,-426.442256602,-175.5)) ;
#8850=CARTESIAN_POINT('Vertex',(-257.5,-412.384513204,-175.5)) ;
#8853=CARTESIAN_POINT('Axis2P3D Location',(-257.5,-412.384513204,-125.5)) ;
#8857=CARTESIAN_POINT('Vertex',(-257.5,-389.886546792,-170.152452422)) ;
#8860=CARTESIAN_POINT('Line Origine',(-257.5,-330.193273396,-140.076226211)) ;
#8864=CARTESIAN_POINT('Vertex',(-257.5,-270.5,-110.)) ;
#8867=CARTESIAN_POINT('Line Origine',(-257.5,-245.5,-110.)) ;
#8871=CARTESIAN_POINT('Vertex',(-257.5,-220.5,-110.)) ;
#8874=CARTESIAN_POINT('Line Origine',(-257.5,-220.5,-117.5)) ;
#8878=CARTESIAN_POINT('Vertex',(-257.5,-220.5,-125.)) ;
#8881=CARTESIAN_POINT('Line Origine',(-257.5,-228.,-125.)) ;
#8899=CARTESIAN_POINT('Axis2P3D Location',(0.,-235.5,-160.)) ;
#8904=CARTESIAN_POINT('Line Origine',(0.,-270.5,-160.)) ;
#8908=CARTESIAN_POINT('Vertex',(-249.5,-270.5,-160.)) ;
#8911=CARTESIAN_POINT('Line Origine',(0.,-235.5,-125.)) ;
#8915=CARTESIAN_POINT('Vertex',(-249.5,-235.5,-125.)) ;
#8918=CARTESIAN_POINT('Axis2P3D Location',(-249.5,-235.5,-160.)) ;
#8930=CARTESIAN_POINT('Axis2P3D Location',(0.,-220.5,-125.)) ;
#8935=CARTESIAN_POINT('Line Origine',(-249.5,-228.,-125.)) ;
#8939=CARTESIAN_POINT('Vertex',(-249.5,-220.5,-125.)) ;
#8942=CARTESIAN_POINT('Line Origine',(-253.5,-220.5,-125.)) ;
#8954=CARTESIAN_POINT('Axis2P3D Location',(0.,-270.5,-160.)) ;
#8959=CARTESIAN_POINT('Line Origine',(-249.5,-270.5,-175.25)) ;
#8963=CARTESIAN_POINT('Vertex',(-249.5,-270.5,-190.5)) ;
#8966=CARTESIAN_POINT('Line Origine',(-253.5,-270.5,-190.5)) ;
#8978=CARTESIAN_POINT('Axis2P3D Location',(0.,-220.5,-125.)) ;
#8983=CARTESIAN_POINT('Line Origine',(-253.5,-220.5,-110.)) ;
#8987=CARTESIAN_POINT('Vertex',(-249.5,-220.5,-110.)) ;
#8990=CARTESIAN_POINT('Line Origine',(-249.5,-220.5,-117.5)) ;
#9002=CARTESIAN_POINT('Axis2P3D Location',(0.,-270.5,-190.5)) ;
#9007=CARTESIAN_POINT('Line Origine',(-249.5,-355.5,-190.5)) ;
#9011=CARTESIAN_POINT('Vertex',(-249.5,-440.5,-190.5)) ;
#9014=CARTESIAN_POINT('Line Origine',(-253.5,-440.5,-190.5)) ;
#9026=CARTESIAN_POINT('Axis2P3D Location',(0.,-220.5,-110.)) ;
#9031=CARTESIAN_POINT('Line Origine',(-253.5,-270.5,-110.)) ;
#9035=CARTESIAN_POINT('Vertex',(-249.5,-270.5,-110.)) ;
#9038=CARTESIAN_POINT('Line Origine',(-249.5,-245.5,-110.)) ;
#9050=CARTESIAN_POINT('Axis2P3D Location',(0.,-440.5,-190.5)) ;
#9055=CARTESIAN_POINT('Line Origine',(-249.5,-440.5,-183.)) ;
#9059=CARTESIAN_POINT('Vertex',(-249.5,-440.5,-175.5)) ;
#9062=CARTESIAN_POINT('Line Origine',(-253.5,-440.5,-175.5)) ;
#9074=CARTESIAN_POINT('Axis2P3D Location',(0.,-270.5,-110.)) ;
#9079=CARTESIAN_POINT('Line Origine',(-253.5,-389.886546792,-170.152452422)) ;
#9083=CARTESIAN_POINT('Vertex',(-249.5,-389.886546792,-170.152452422)) ;
#9086=CARTESIAN_POINT('Line Origine',(-249.5,-330.193273396,-140.076226211)) ;
#9098=CARTESIAN_POINT('Axis2P3D Location',(0.,-440.5,-175.5)) ;
#9103=CARTESIAN_POINT('Line Origine',(-249.5,-426.442256602,-175.5)) ;
#9107=CARTESIAN_POINT('Vertex',(-249.5,-412.384513204,-175.5)) ;
#9110=CARTESIAN_POINT('Line Origine',(-253.5,-412.384513204,-175.5)) ;
#9122=CARTESIAN_POINT('Axis2P3D Location',(0.,-412.384513204,-125.5)) ;
#9127=CARTESIAN_POINT('Axis2P3D Location',(-249.5,-412.384513204,-125.5)) ;
#9139=CARTESIAN_POINT('Axis2P3D Location',(-249.5,-502.221667388,-306.5)) ;
#9160=CARTESIAN_POINT('Axis2P3D Location',(122.5,-343.,-266.413545911)) ;
#9165=CARTESIAN_POINT('Axis2P3D Location',(122.5,-343.,-529.5)) ;
#9169=CARTESIAN_POINT('Vertex',(122.5,-333.,-529.5)) ;
#9171=CARTESIAN_POINT('Vertex',(132.5,-343.,-529.5)) ;
#9174=CARTESIAN_POINT('Line Origine',(122.5,-333.,-266.413545911)) ;
#9178=CARTESIAN_POINT('Vertex',(122.5,-333.,-517.5)) ;
#9181=CARTESIAN_POINT('Axis2P3D Location',(122.5,-343.,-517.5)) ;
#9185=CARTESIAN_POINT('Vertex',(132.5,-343.,-517.5)) ;
#9188=CARTESIAN_POINT('Line Origine',(132.5,-343.,-266.413545911)) ;
#9200=CARTESIAN_POINT('Axis2P3D Location',(132.5,8.11328504435E-015,0.)) ;
#9205=CARTESIAN_POINT('Line Origine',(132.5,-353.,-517.5)) ;
#9209=CARTESIAN_POINT('Vertex',(132.5,-363.,-517.5)) ;
#9212=CARTESIAN_POINT('Line Origine',(132.5,-363.,-523.5)) ;
#9216=CARTESIAN_POINT('Vertex',(132.5,-363.,-529.5)) ;
#9219=CARTESIAN_POINT('Line Origine',(132.5,-353.,-529.5)) ;
#9231=CARTESIAN_POINT('Axis2P3D Location',(-69.5,-333.,0.)) ;
#9236=CARTESIAN_POINT('Line Origine',(99.,-333.,-523.182081334)) ;
#9240=CARTESIAN_POINT('Vertex',(99.,-333.,-516.864162668)) ;
#9242=CARTESIAN_POINT('Vertex',(99.,-333.,-529.5)) ;
#9246=CARTESIAN_POINT('Control Point',(99.,-333.,-516.864162668)) ;
#9247=CARTESIAN_POINT('Control Point',(99.7300705236,-333.,-517.122858606)) ;
#9248=CARTESIAN_POINT('Control Point',(100.484601111,-333.,-517.312524595)) ;
#9249=CARTESIAN_POINT('Control Point',(101.252416852,-333.,-517.43750765)) ;
#9250=CARTESIAN_POINT('Control Point',(102.026965929,-333.,-517.5)) ;
#9251=CARTESIAN_POINT('Control Point',(102.80151519,-333.,-517.5)) ;
#9252=CARTESIAN_POINT('Vertex',(102.80151519,-333.,-517.5)) ;
#9255=CARTESIAN_POINT('Line Origine',(112.650757595,-333.,-517.5)) ;
#9260=CARTESIAN_POINT('Line Origine',(110.75,-333.,-529.5)) ;
#9273=CARTESIAN_POINT('Axis2P3D Location',(-64.5,-63.,0.)) ;
#9278=CARTESIAN_POINT('Axis2P3D Location',(-64.5,-63.,-529.5)) ;
#9282=CARTESIAN_POINT('Vertex',(-54.5,-63.,-529.5)) ;
#9284=CARTESIAN_POINT('Vertex',(-64.5,-73.,-529.5)) ;
#9287=CARTESIAN_POINT('Line Origine',(-64.5,-73.,0.)) ;
#9291=CARTESIAN_POINT('Vertex',(-64.5,-73.,-515.5)) ;
#9294=CARTESIAN_POINT('Axis2P3D Location',(-64.5,-63.,-515.5)) ;
#9298=CARTESIAN_POINT('Vertex',(-56.3041670577,-68.729600543,-515.5)) ;
#9302=CARTESIAN_POINT('Control Point',(-54.5,-62.9999999999,-515.087519215)) ;
#9303=CARTESIAN_POINT('Control Point',(-54.5,-64.5144095623,-515.306703494)) ;
#9304=CARTESIAN_POINT('Control Point',(-54.8059927446,-66.0411967255,-515.448219331)) ;
#9305=CARTESIAN_POINT('Control Point',(-55.4274299423,-67.4754832833,-515.5)) ;
#9306=CARTESIAN_POINT('Control Point',(-56.3041670577,-68.729600543,-515.5)) ;
#9307=CARTESIAN_POINT('Vertex',(-54.5,-63.,-515.087519215)) ;
#9310=CARTESIAN_POINT('Line Origine',(-54.5,-63.,0.)) ;
#9323=CARTESIAN_POINT('Axis2P3D Location',(4.20847426558E-015,-68.729600543,-475.5)) ;
#9329=CARTESIAN_POINT('Control Point',(90.527864045,-68.7296005434,-515.5)) ;
#9330=CARTESIAN_POINT('Control Point',(90.527864045,-68.5895197428,-515.5)) ;
#9331=CARTESIAN_POINT('Control Point',(90.5272055032,-68.4494391128,-515.499264113)) ;
#9332=CARTESIAN_POINT('Control Point',(90.5258904933,-68.3093754677,-515.497792575)) ;
#9333=CARTESIAN_POINT('Vertex',(90.527864045,-68.729600543,-515.5)) ;
#9335=CARTESIAN_POINT('Vertex',(90.5258904808,-68.3093754676,-515.497792561)) ;
#9339=CARTESIAN_POINT('Control Point',(89.,-63.,-515.087519215)) ;
#9340=CARTESIAN_POINT('Control Point',(89.,-64.3896913545,-515.288652716)) ;
#9341=CARTESIAN_POINT('Control Point',(89.2575737819,-65.7895500024,-515.424503647)) ;
#9342=CARTESIAN_POINT('Control Point',(89.7803931801,-67.1195130273,-515.485291634)) ;
#9343=CARTESIAN_POINT('Control Point',(90.5258904933,-68.3093754677,-515.497792575)) ;
#9344=CARTESIAN_POINT('Vertex',(89.,-63.,-515.087519215)) ;
#9347=CARTESIAN_POINT('Axis2P3D Location',(89.,-68.729600543,-475.5)) ;
#9351=CARTESIAN_POINT('Vertex',(89.,-28.8818126194,-478.98622971)) ;
#9354=CARTESIAN_POINT('Line Origine',(0.,-28.8818126194,-478.98622971)) ;
#9358=CARTESIAN_POINT('Vertex',(-54.5,-28.8818126194,-478.98622971)) ;
#9361=CARTESIAN_POINT('Axis2P3D Location',(-54.5,-68.729600543,-475.5)) ;
#9366=CARTESIAN_POINT('Line Origine',(0.,-68.729600543,-515.5)) ;
#9381=CARTESIAN_POINT('Axis2P3D Location',(99.,-63.,0.)) ;
#9386=CARTESIAN_POINT('Line Origine',(89.,-63.,0.)) ;
#9390=CARTESIAN_POINT('Vertex',(89.,-63.,-529.5)) ;
#9394=CARTESIAN_POINT('Control Point',(90.5258906589,-68.3093757519,-515.497792564)) ;
#9395=CARTESIAN_POINT('Control Point',(91.1098183284,-69.2413623262,-516.151292204)) ;
#9396=CARTESIAN_POINT('Control Point',(91.8457614822,-70.1277181345,-516.731535035)) ;
#9397=CARTESIAN_POINT('Control Point',(92.7375698647,-70.9520367332,-517.210833775)) ;
#9398=CARTESIAN_POINT('Control Point',(93.8275324296,-71.6534445908,-517.5)) ;
#9399=CARTESIAN_POINT('Control Point',(95.,-72.1651513899,-517.5)) ;
#9400=CARTESIAN_POINT('Vertex',(95.,-72.1651513899,-517.5)) ;
#9403=CARTESIAN_POINT('Axis2P3D Location',(99.,-63.,-517.5)) ;
#9407=CARTESIAN_POINT('Vertex',(99.,-73.,-517.5)) ;
#9410=CARTESIAN_POINT('Line Origine',(99.,-73.,0.)) ;
#9414=CARTESIAN_POINT('Vertex',(99.,-73.,-529.5)) ;
#9417=CARTESIAN_POINT('Axis2P3D Location',(99.,-63.,-529.5)) ;
#9431=CARTESIAN_POINT('Axis2P3D Location',(162.314407349,-73.,0.)) ;
#9436=CARTESIAN_POINT('Line Origine',(114.,-73.,-517.5)) ;
#9440=CARTESIAN_POINT('Vertex',(129.,-73.,-517.5)) ;
#9443=CARTESIAN_POINT('Line Origine',(129.,-73.,-523.5)) ;
#9447=CARTESIAN_POINT('Vertex',(129.,-73.,-529.5)) ;
#9450=CARTESIAN_POINT('Line Origine',(114.,-73.,-529.5)) ;
#9462=CARTESIAN_POINT('Axis2P3D Location',(129.,-83.,-523.5)) ;
#9467=CARTESIAN_POINT('Axis2P3D Location',(129.,-83.,-517.5)) ;
#9471=CARTESIAN_POINT('Vertex',(139.,-83.,-517.5)) ;
#9474=CARTESIAN_POINT('Line Origine',(139.,-83.,-523.5)) ;
#9478=CARTESIAN_POINT('Vertex',(139.,-83.,-529.5)) ;
#9481=CARTESIAN_POINT('Axis2P3D Location',(129.,-83.,-529.5)) ;
#9493=CARTESIAN_POINT('Axis2P3D Location',(139.,-43.2891938073,0.)) ;
#9498=CARTESIAN_POINT('Line Origine',(139.,-93.,-529.5)) ;
#9502=CARTESIAN_POINT('Vertex',(139.,-103.,-529.5)) ;
#9505=CARTESIAN_POINT('Line Origine',(139.,-93.,-517.5)) ;
#9509=CARTESIAN_POINT('Vertex',(139.,-103.,-517.5)) ;
#9512=CARTESIAN_POINT('Line Origine',(139.,-103.,-523.5)) ;
#9524=CARTESIAN_POINT('Axis2P3D Location',(129.,-103.,-266.413545911)) ;
#9529=CARTESIAN_POINT('Axis2P3D Location',(129.,-103.,-529.5)) ;
#9533=CARTESIAN_POINT('Vertex',(129.,-113.,-529.5)) ;
#9536=CARTESIAN_POINT('Axis2P3D Location',(129.,-103.,-517.5)) ;
#9540=CARTESIAN_POINT('Vertex',(129.,-113.,-517.5)) ;
#9543=CARTESIAN_POINT('Line Origine',(129.,-113.,-266.413545911)) ;
#9555=CARTESIAN_POINT('Axis2P3D Location',(-89.5,-113.,0.)) ;
#9560=CARTESIAN_POINT('Line Origine',(114.,-113.,-517.5)) ;
#9564=CARTESIAN_POINT('Vertex',(99.,-113.,-517.5)) ;
#9567=CARTESIAN_POINT('Line Origine',(99.,-113.,-523.5)) ;
#9571=CARTESIAN_POINT('Vertex',(99.,-113.,-529.5)) ;
#9574=CARTESIAN_POINT('Line Origine',(114.,-113.,-529.5)) ;
#9586=CARTESIAN_POINT('Axis2P3D Location',(99.,-123.,-266.413545911)) ;
#9591=CARTESIAN_POINT('Axis2P3D Location',(99.,-123.,-517.5)) ;
#9595=CARTESIAN_POINT('Vertex',(95.,-113.83484861,-517.5)) ;
#9599=CARTESIAN_POINT('Control Point',(90.527864045,-117.687475896,-515.5)) ;
#9600=CARTESIAN_POINT('Control Point',(91.1116094922,-116.756549147,-516.152647251)) ;
#9601=CARTESIAN_POINT('Control Point',(91.8469854326,-115.871391655,-516.731952711)) ;
#9602=CARTESIAN_POINT('Control Point',(92.7377667724,-115.047702472,-517.211054577)) ;
#9603=CARTESIAN_POINT('Control Point',(93.8286765154,-114.346056089,-517.5)) ;
#9604=CARTESIAN_POINT('Control Point',(95.,-113.83484861,-517.5)) ;
#9605=CARTESIAN_POINT('Vertex',(90.527864045,-117.687475896,-515.5)) ;
#9608=CARTESIAN_POINT('Axis2P3D Location',(99.,-123.,-515.5)) ;
#9612=CARTESIAN_POINT('Vertex',(89.,-123.,-515.5)) ;
#9615=CARTESIAN_POINT('Line Origine',(89.,-123.,-266.413545911)) ;
#9619=CARTESIAN_POINT('Vertex',(89.,-123.,-529.5)) ;
#9622=CARTESIAN_POINT('Axis2P3D Location',(99.,-123.,-529.5)) ;
#9636=CARTESIAN_POINT('Axis2P3D Location',(89.,5.44967825621E-015,-306.5)) ;
#9641=CARTESIAN_POINT('Line Origine',(89.,-179.567541634,-529.5)) ;
#9645=CARTESIAN_POINT('Vertex',(89.,-236.135083269,-529.5)) ;
#9648=CARTESIAN_POINT('Line Origine',(89.,-179.567541634,-515.5)) ;
#9652=CARTESIAN_POINT('Vertex',(89.,-236.135083269,-515.5)) ;
#9655=CARTESIAN_POINT('Line Origine',(89.,-236.135083269,-522.5)) ;
#9667=CARTESIAN_POINT('Axis2P3D Location',(99.,-236.135083269,-266.413545911)) ;
#9672=CARTESIAN_POINT('Axis2P3D Location',(99.,-236.135083269,-529.5)) ;
#9676=CARTESIAN_POINT('Vertex',(96.5,-245.817541634,-529.5)) ;
#9679=CARTESIAN_POINT('Axis2P3D Location',(99.,-236.135083269,-515.5)) ;
#9683=CARTESIAN_POINT('Vertex',(96.5,-245.817541634,-515.5)) ;
#9686=CARTESIAN_POINT('Line Origine',(96.5,-245.817541634,-266.413545911)) ;
#9698=CARTESIAN_POINT('Axis2P3D Location',(94.,-255.5,-266.413545911)) ;
#9703=CARTESIAN_POINT('Axis2P3D Location',(94.,-255.5,-515.5)) ;
#9707=CARTESIAN_POINT('Vertex',(104.,-255.5,-515.5)) ;
#9710=CARTESIAN_POINT('Line Origine',(104.,-255.5,-266.413545911)) ;
#9714=CARTESIAN_POINT('Vertex',(104.,-255.5,-529.5)) ;
#9717=CARTESIAN_POINT('Axis2P3D Location',(94.,-255.5,-529.5)) ;
#9729=CARTESIAN_POINT('Axis2P3D Location',(104.,-255.5,0.)) ;
#9734=CARTESIAN_POINT('Line Origine',(104.,-265.5,-515.5)) ;
#9738=CARTESIAN_POINT('Vertex',(104.,-275.5,-515.5)) ;
#9741=CARTESIAN_POINT('Line Origine',(104.,-275.5,-522.5)) ;
#9745=CARTESIAN_POINT('Vertex',(104.,-275.5,-529.5)) ;
#9748=CARTESIAN_POINT('Line Origine',(104.,-265.5,-529.5)) ;
#9760=CARTESIAN_POINT('Axis2P3D Location',(94.,-275.5,-266.413545911)) ;
#9765=CARTESIAN_POINT('Axis2P3D Location',(94.,-275.5,-515.5)) ;
#9769=CARTESIAN_POINT('Vertex',(96.5,-285.182458366,-515.5)) ;
#9772=CARTESIAN_POINT('Line Origine',(96.5,-285.182458366,-266.413545911)) ;
#9776=CARTESIAN_POINT('Vertex',(96.5,-285.182458366,-529.5)) ;
#9779=CARTESIAN_POINT('Axis2P3D Location',(94.,-275.5,-529.5)) ;
#9791=CARTESIAN_POINT('Axis2P3D Location',(99.,-294.864916731,-266.413545911)) ;
#9796=CARTESIAN_POINT('Axis2P3D Location',(99.,-294.864916731,-529.5)) ;
#9800=CARTESIAN_POINT('Vertex',(89.,-294.864916731,-529.5)) ;
#9803=CARTESIAN_POINT('Axis2P3D Location',(99.,-294.864916731,-515.5)) ;
#9807=CARTESIAN_POINT('Vertex',(89.,-294.864916731,-515.5)) ;
#9810=CARTESIAN_POINT('Line Origine',(89.,-294.864916731,-266.413545911)) ;
#9822=CARTESIAN_POINT('Line Origine',(89.,-308.932458366,-529.5)) ;
#9826=CARTESIAN_POINT('Vertex',(89.,-323.,-529.5)) ;
#9829=CARTESIAN_POINT('Line Origine',(89.,-308.932458366,-515.5)) ;
#9833=CARTESIAN_POINT('Vertex',(89.,-323.,-515.5)) ;
#9836=CARTESIAN_POINT('Line Origine',(89.,-323.,-522.5)) ;
#9848=CARTESIAN_POINT('Axis2P3D Location',(99.,-323.,-266.413545911)) ;
#9853=CARTESIAN_POINT('Axis2P3D Location',(99.,-323.,-515.5)) ;
#9857=CARTESIAN_POINT('Vertex',(96.7364996137,-332.740460256,-515.5)) ;
#9861=CARTESIAN_POINT('Control Point',(96.7364996137,-332.740460256,-515.5)) ;
#9862=CARTESIAN_POINT('Control Point',(97.2098152624,-332.850449941,-515.961143356)) ;
#9863=CARTESIAN_POINT('Control Point',(97.7616416703,-332.946611335,-516.345003922)) ;
#9864=CARTESIAN_POINT('Control Point',(98.3685603425,-333.,-516.640415963)) ;
#9865=CARTESIAN_POINT('Control Point',(99.,-333.,-516.864162668)) ;
#9867=CARTESIAN_POINT('Axis2P3D Location',(99.,-323.,-529.5)) ;
#9880=CARTESIAN_POINT('Axis2P3D Location',(122.5,-363.,-523.5)) ;
#9885=CARTESIAN_POINT('Axis2P3D Location',(122.5,-363.,-517.5)) ;
#9889=CARTESIAN_POINT('Vertex',(122.5,-373.,-517.5)) ;
#9892=CARTESIAN_POINT('Line Origine',(122.5,-373.,-523.5)) ;
#9896=CARTESIAN_POINT('Vertex',(122.5,-373.,-529.5)) ;
#9899=CARTESIAN_POINT('Axis2P3D Location',(122.5,-363.,-529.5)) ;
#9911=CARTESIAN_POINT('Axis2P3D Location',(2.28396628041E-014,-373.,-515.5)) ;
#9916=CARTESIAN_POINT('Line Origine',(17.25,-373.,-529.5)) ;
#9920=CARTESIAN_POINT('Vertex',(-88.,-373.,-529.5)) ;
#9923=CARTESIAN_POINT('Line Origine',(17.25,-373.,-517.5)) ;
#9927=CARTESIAN_POINT('Vertex',(-88.,-373.,-517.5)) ;
#9930=CARTESIAN_POINT('Line Origine',(-88.,-373.,-523.5)) ;
#9942=CARTESIAN_POINT('Axis2P3D Location',(-88.,-363.,-523.5)) ;
#9947=CARTESIAN_POINT('Axis2P3D Location',(-88.,-363.,-517.5)) ;
#9951=CARTESIAN_POINT('Vertex',(-98.,-363.,-517.5)) ;
#9954=CARTESIAN_POINT('Line Origine',(-98.,-363.,-523.5)) ;
#9958=CARTESIAN_POINT('Vertex',(-98.,-363.,-529.5)) ;
#9961=CARTESIAN_POINT('Axis2P3D Location',(-88.,-363.,-529.5)) ;
#9973=CARTESIAN_POINT('Axis2P3D Location',(-98.,-401.613212985,0.)) ;
#9978=CARTESIAN_POINT('Line Origine',(-98.,-353.,-529.5)) ;
#9982=CARTESIAN_POINT('Vertex',(-98.,-343.,-529.5)) ;
#9985=CARTESIAN_POINT('Line Origine',(-98.,-353.,-517.5)) ;
#9989=CARTESIAN_POINT('Vertex',(-98.,-343.,-517.5)) ;
#9992=CARTESIAN_POINT('Line Origine',(-98.,-343.,-523.5)) ;
#10004=CARTESIAN_POINT('Axis2P3D Location',(-88.,-343.,-266.413545911)) ;
#10009=CARTESIAN_POINT('Axis2P3D Location',(-88.,-343.,-529.5)) ;
#10013=CARTESIAN_POINT('Vertex',(-88.,-333.,-529.5)) ;
#10016=CARTESIAN_POINT('Axis2P3D Location',(-88.,-343.,-517.5)) ;
#10020=CARTESIAN_POINT('Vertex',(-88.,-333.,-517.5)) ;
#10023=CARTESIAN_POINT('Line Origine',(-88.,-333.,-266.413545911)) ;
#10035=CARTESIAN_POINT('Line Origine',(-78.75,-333.,-517.5)) ;
#10039=CARTESIAN_POINT('Vertex',(-69.5,-333.,-517.5)) ;
#10042=CARTESIAN_POINT('Line Origine',(-69.5,-333.,-523.5)) ;
#10046=CARTESIAN_POINT('Vertex',(-69.5,-333.,-529.5)) ;
#10049=CARTESIAN_POINT('Line Origine',(-78.75,-333.,-529.5)) ;
#10061=CARTESIAN_POINT('Axis2P3D Location',(-69.5,-318.,-266.413545911)) ;
#10066=CARTESIAN_POINT('Axis2P3D Location',(-69.5,-318.,-517.5)) ;
#10070=CARTESIAN_POINT('Vertex',(-68.3459736368,-332.955541553,-517.5)) ;
#10074=CARTESIAN_POINT('Control Point',(-63.3125659832,-331.664393887,-515.5)) ;
#10075=CARTESIAN_POINT('Control Point',(-64.0366243494,-331.992257925,-516.33161768)) ;
#10076=CARTESIAN_POINT('Control Point',(-64.9690883681,-332.358403231,-516.96924407)) ;
#10077=CARTESIAN_POINT('Control Point',(-66.0617059434,-332.670290109,-517.341855644)) ;
#10078=CARTESIAN_POINT('Control Point',(-67.1990166056,-332.867037995,-517.5)) ;
#10079=CARTESIAN_POINT('Control Point',(-68.3459736368,-332.955541553,-517.5)) ;
#10080=CARTESIAN_POINT('Vertex',(-63.3125659832,-331.664393887,-515.5)) ;
#10083=CARTESIAN_POINT('Axis2P3D Location',(-69.5,-318.,-515.5)) ;
#10087=CARTESIAN_POINT('Vertex',(-54.5,-318.,-515.5)) ;
#10090=CARTESIAN_POINT('Line Origine',(-54.5,-318.,-266.413545911)) ;
#10094=CARTESIAN_POINT('Vertex',(-54.5,-318.,-529.5)) ;
#10097=CARTESIAN_POINT('Axis2P3D Location',(-69.5,-318.,-529.5)) ;
#10111=CARTESIAN_POINT('Axis2P3D Location',(-54.5,-3.33716252768E-015,-568.389852771)) ;
#10116=CARTESIAN_POINT('Line Origine',(-54.5,-306.432458366,-529.5)) ;
#10120=CARTESIAN_POINT('Vertex',(-54.5,-294.864916731,-529.5)) ;
#10123=CARTESIAN_POINT('Line Origine',(-54.5,-306.432458366,-515.5)) ;
#10127=CARTESIAN_POINT('Vertex',(-54.5,-294.864916731,-515.5)) ;
#10130=CARTESIAN_POINT('Line Origine',(-54.5,-294.864916731,-522.5)) ;
#10142=CARTESIAN_POINT('Axis2P3D Location',(-64.5,-294.864916731,-266.413545911)) ;
#10147=CARTESIAN_POINT('Axis2P3D Location',(-64.5,-294.864916731,-529.5)) ;
#10151=CARTESIAN_POINT('Vertex',(-62.,-285.182458366,-529.5)) ;
#10154=CARTESIAN_POINT('Axis2P3D Location',(-64.5,-294.864916731,-515.5)) ;
#10158=CARTESIAN_POINT('Vertex',(-62.,-285.182458366,-515.5)) ;
#10161=CARTESIAN_POINT('Line Origine',(-62.,-285.182458366,-266.413545911)) ;
#10173=CARTESIAN_POINT('Axis2P3D Location',(-59.5,-275.5,-266.413545911)) ;
#10178=CARTESIAN_POINT('Axis2P3D Location',(-59.5,-275.5,-515.5)) ;
#10182=CARTESIAN_POINT('Vertex',(-69.5,-275.5,-515.5)) ;
#10185=CARTESIAN_POINT('Line Origine',(-69.5,-275.5,-266.413545911)) ;
#10189=CARTESIAN_POINT('Vertex',(-69.5,-275.5,-529.5)) ;
#10192=CARTESIAN_POINT('Axis2P3D Location',(-59.5,-275.5,-529.5)) ;
#10204=CARTESIAN_POINT('Axis2P3D Location',(-69.5,-275.5,0.)) ;
#10209=CARTESIAN_POINT('Line Origine',(-69.5,-265.5,-515.5)) ;
#10213=CARTESIAN_POINT('Vertex',(-69.5,-255.5,-515.5)) ;
#10216=CARTESIAN_POINT('Line Origine',(-69.5,-255.5,-522.5)) ;
#10220=CARTESIAN_POINT('Vertex',(-69.5,-255.5,-529.5)) ;
#10223=CARTESIAN_POINT('Line Origine',(-69.5,-265.5,-529.5)) ;
#10235=CARTESIAN_POINT('Axis2P3D Location',(-59.5,-255.5,-266.413545911)) ;
#10240=CARTESIAN_POINT('Axis2P3D Location',(-59.5,-255.5,-515.5)) ;
#10244=CARTESIAN_POINT('Vertex',(-62.,-245.817541634,-515.5)) ;
#10247=CARTESIAN_POINT('Line Origine',(-62.,-245.817541634,-266.413545911)) ;
#10251=CARTESIAN_POINT('Vertex',(-62.,-245.817541634,-529.5)) ;
#10254=CARTESIAN_POINT('Axis2P3D Location',(-59.5,-255.5,-529.5)) ;
#10266=CARTESIAN_POINT('Axis2P3D Location',(-64.5,-236.135083269,-266.413545911)) ;
#10271=CARTESIAN_POINT('Axis2P3D Location',(-64.5,-236.135083269,-529.5)) ;
#10275=CARTESIAN_POINT('Vertex',(-54.5,-236.135083269,-529.5)) ;
#10278=CARTESIAN_POINT('Axis2P3D Location',(-64.5,-236.135083269,-515.5)) ;
#10282=CARTESIAN_POINT('Vertex',(-54.5,-236.135083269,-515.5)) ;
#10285=CARTESIAN_POINT('Line Origine',(-54.5,-236.135083269,-266.413545911)) ;
#10297=CARTESIAN_POINT('Line Origine',(-54.5,-179.567541634,-529.5)) ;
#10301=CARTESIAN_POINT('Vertex',(-54.5,-123.,-529.5)) ;
#10304=CARTESIAN_POINT('Line Origine',(-54.5,-179.567541634,-515.5)) ;
#10308=CARTESIAN_POINT('Vertex',(-54.5,-123.,-515.5)) ;
#10311=CARTESIAN_POINT('Line Origine',(-54.5,-123.,-522.5)) ;
#10323=CARTESIAN_POINT('Axis2P3D Location',(-64.5,-123.,-266.413545911)) ;
#10328=CARTESIAN_POINT('Axis2P3D Location',(-64.5,-123.,-529.5)) ;
#10332=CARTESIAN_POINT('Vertex',(-64.5,-113.,-529.5)) ;
#10335=CARTESIAN_POINT('Axis2P3D Location',(-64.5,-123.,-515.5)) ;
#10339=CARTESIAN_POINT('Vertex',(-64.5,-113.,-515.5)) ;
#10342=CARTESIAN_POINT('Line Origine',(-64.5,-113.,-266.413545911)) ;
#10354=CARTESIAN_POINT('Axis2P3D Location',(4.20847426558E-015,-68.729600543,-475.5)) ;
#10359=CARTESIAN_POINT('Axis2P3D Location',(-54.5,-68.729600543,-475.5)) ;
#10363=CARTESIAN_POINT('Vertex',(-54.5,-53.8972035688,-529.5)) ;
#10365=CARTESIAN_POINT('Vertex',(-54.5,-12.9426974499,-480.380721594)) ;
#10368=CARTESIAN_POINT('Line Origine',(0.,-12.9426974499,-480.380721594)) ;
#10372=CARTESIAN_POINT('Vertex',(89.,-12.9426974499,-480.380721594)) ;
#10375=CARTESIAN_POINT('Axis2P3D Location',(89.,-68.729600543,-475.5)) ;
#10379=CARTESIAN_POINT('Vertex',(89.,-53.8972035688,-529.5)) ;
#10382=CARTESIAN_POINT('Line Origine',(0.,-53.8972035688,-529.5)) ;
#10394=CARTESIAN_POINT('Line Origine',(-54.5,-58.4486017844,-529.5)) ;
#10399=CARTESIAN_POINT('Line Origine',(-54.5,-22.5170123478,-406.23622971)) ;
#10403=CARTESIAN_POINT('Vertex',(-54.5,-16.1522120763,-333.48622971)) ;
#10406=CARTESIAN_POINT('Axis2P3D Location',(-54.5,-56.,-330.)) ;
#10410=CARTESIAN_POINT('Vertex',(-54.5,-16.,-330.)) ;
#10413=CARTESIAN_POINT('Line Origine',(-54.5,-16.,-325.75)) ;
#10417=CARTESIAN_POINT('Vertex',(-54.5,-16.,-321.5)) ;
#10420=CARTESIAN_POINT('Line Origine',(-54.5,-8.,-321.5)) ;
#10424=CARTESIAN_POINT('Vertex',(-54.5,-3.33716252768E-015,-321.5)) ;
#10427=CARTESIAN_POINT('Line Origine',(-54.5,-3.33716252768E-015,-325.75)) ;
#10431=CARTESIAN_POINT('Vertex',(-54.5,2.27373675443E-013,-330.)) ;
#10434=CARTESIAN_POINT('Axis2P3D Location',(-54.5,-56.,-330.)) ;
#10438=CARTESIAN_POINT('Vertex',(-54.5,-0.213096906862,-334.880721594)) ;
#10441=CARTESIAN_POINT('Line Origine',(-54.5,-6.57789717837,-407.630721594)) ;
#10460=CARTESIAN_POINT('Line Origine',(89.,-58.4486017844,-529.5)) ;
#10465=CARTESIAN_POINT('Line Origine',(89.,-6.57789717837,-407.630721594)) ;
#10469=CARTESIAN_POINT('Vertex',(89.,-0.213096906862,-334.880721594)) ;
#10472=CARTESIAN_POINT('Axis2P3D Location',(89.,-56.,-330.)) ;
#10476=CARTESIAN_POINT('Vertex',(89.,2.34479102801E-013,-330.)) ;
#10479=CARTESIAN_POINT('Line Origine',(89.,5.44967825621E-015,-318.25)) ;
#10483=CARTESIAN_POINT('Vertex',(89.,5.44967825621E-015,-306.5)) ;
#10486=CARTESIAN_POINT('Line Origine',(89.,-8.,-306.5)) ;
#10490=CARTESIAN_POINT('Vertex',(89.,-16.,-306.5)) ;
#10493=CARTESIAN_POINT('Line Origine',(89.,-16.,-318.25)) ;
#10497=CARTESIAN_POINT('Vertex',(89.,-16.,-330.)) ;
#10500=CARTESIAN_POINT('Axis2P3D Location',(89.,-56.,-330.)) ;
#10504=CARTESIAN_POINT('Vertex',(89.,-16.1522120763,-333.48622971)) ;
#10507=CARTESIAN_POINT('Line Origine',(89.,-22.5170123478,-406.23622971)) ;
#10526=CARTESIAN_POINT('Axis2P3D Location',(9.89037740921E-016,-16.1522120763,-333.48622971)) ;
#10531=CARTESIAN_POINT('Line Origine',(17.25,-16.1522120763,-333.48622971)) ;
#10543=CARTESIAN_POINT('Axis2P3D Location',(1.30484222449E-017,-0.213096906862,-334.880721594)) ;
#10548=CARTESIAN_POINT('Line Origine',(17.25,-0.213096906862,-334.880721594)) ;
#10560=CARTESIAN_POINT('Axis2P3D Location',(9.79717439318E-016,-16.,0.)) ;
#10565=CARTESIAN_POINT('Line Origine',(-132.5,-16.,-174.908312395)) ;
#10569=CARTESIAN_POINT('Vertex',(-132.5,-16.,-58.3166247904)) ;
#10571=CARTESIAN_POINT('Vertex',(-132.5,-16.,-291.5)) ;
#10574=CARTESIAN_POINT('Axis2P3D Location',(-117.5,-16.,-291.5)) ;
#10578=CARTESIAN_POINT('Vertex',(-117.5,-16.,-306.5)) ;
#10581=CARTESIAN_POINT('Line Origine',(-93.5,-16.,-306.5)) ;
#10585=CARTESIAN_POINT('Vertex',(-69.5,-16.,-306.5)) ;
#10588=CARTESIAN_POINT('Axis2P3D Location',(-69.5,-16.,-321.5)) ;
#10593=CARTESIAN_POINT('Line Origine',(17.25,-16.,-330.)) ;
#10598=CARTESIAN_POINT('Axis2P3D Location',(104.,-16.,-306.5)) ;
#10602=CARTESIAN_POINT('Vertex',(104.,-16.,-291.5)) ;
#10605=CARTESIAN_POINT('Line Origine',(110.75,-16.,-291.5)) ;
#10609=CARTESIAN_POINT('Vertex',(117.5,-16.,-291.5)) ;
#10612=CARTESIAN_POINT('Axis2P3D Location',(117.5,-16.,-276.5)) ;
#10616=CARTESIAN_POINT('Vertex',(132.5,-16.,-276.5)) ;
#10619=CARTESIAN_POINT('Line Origine',(132.5,-16.,-245.905444566)) ;
#10623=CARTESIAN_POINT('Vertex',(132.5,-16.,-215.310889132)) ;
#10626=CARTESIAN_POINT('Axis2P3D Location',(152.5,-16.,-215.310889132)) ;
#10630=CARTESIAN_POINT('Vertex',(142.5,-16.,-197.990381057)) ;
#10633=CARTESIAN_POINT('Axis2P3D Location',(135.,-16.,-185.)) ;
#10637=CARTESIAN_POINT('Vertex',(150.,-16.,-185.)) ;
#10640=CARTESIAN_POINT('Line Origine',(150.,-16.,-167.5)) ;
#10644=CARTESIAN_POINT('Vertex',(150.,-16.,-150.)) ;
#10647=CARTESIAN_POINT('Axis2P3D Location',(135.,-16.,-150.)) ;
#10651=CARTESIAN_POINT('Vertex',(142.5,-16.,-137.009618943)) ;
#10654=CARTESIAN_POINT('Axis2P3D Location',(152.5,-16.,-119.689110868)) ;
#10658=CARTESIAN_POINT('Vertex',(132.5,-16.,-119.689110868)) ;
#10661=CARTESIAN_POINT('Line Origine',(132.5,-16.,-89.002867829)) ;
#10665=CARTESIAN_POINT('Vertex',(132.5,-16.,-58.3166247904)) ;
#10668=CARTESIAN_POINT('Line Origine',(0.,-16.,-58.3166247904)) ;
#10693=CARTESIAN_POINT('Axis2P3D Location',(-72.5,-16.,-230.)) ;
#10697=CARTESIAN_POINT('Vertex',(-54.5,-16.,-230.)) ;
#10699=CARTESIAN_POINT('Vertex',(-90.5,-16.,-230.)) ;
#10702=CARTESIAN_POINT('Axis2P3D Location',(-72.5,-16.,-230.)) ;
#10711=CARTESIAN_POINT('Axis2P3D Location',(107.5,-16.,-230.)) ;
#10715=CARTESIAN_POINT('Vertex',(125.5,-16.,-230.)) ;
#10717=CARTESIAN_POINT('Vertex',(89.5,-16.,-230.)) ;
#10720=CARTESIAN_POINT('Axis2P3D Location',(107.5,-16.,-230.)) ;
#10729=CARTESIAN_POINT('Axis2P3D Location',(-107.5,-16.,-115.)) ;
#10733=CARTESIAN_POINT('Vertex',(-111.335404309,-16.,-107.979339505)) ;
#10735=CARTESIAN_POINT('Vertex',(-115.5,-16.,-115.)) ;
#10738=CARTESIAN_POINT('Axis2P3D Location',(-107.5,-16.,-115.)) ;
#10742=CARTESIAN_POINT('Vertex',(-103.664595691,-16.,-122.020660495)) ;
#10745=CARTESIAN_POINT('Axis2P3D Location',(-107.5,-16.,-115.)) ;
#10755=CARTESIAN_POINT('Axis2P3D Location',(107.5,-16.,-115.)) ;
#10759=CARTESIAN_POINT('Vertex',(111.335404309,-16.,-122.020660495)) ;
#10761=CARTESIAN_POINT('Vertex',(115.5,-16.,-115.)) ;
#10764=CARTESIAN_POINT('Axis2P3D Location',(107.5,-16.,-115.)) ;
#10768=CARTESIAN_POINT('Vertex',(103.664595691,-16.,-107.979339505)) ;
#10771=CARTESIAN_POINT('Axis2P3D Location',(107.5,-16.,-115.)) ;
#10781=CARTESIAN_POINT('Axis2P3D Location',(-107.5,-16.,-135.)) ;
#10785=CARTESIAN_POINT('Vertex',(-103.824684231,-16.,-132.992165844)) ;
#10787=CARTESIAN_POINT('Vertex',(-111.175315769,-16.,-137.007834156)) ;
#10790=CARTESIAN_POINT('Axis2P3D Location',(-107.5,-16.,-135.)) ;
#10799=CARTESIAN_POINT('Axis2P3D Location',(107.5,-16.,-135.)) ;
#10803=CARTESIAN_POINT('Vertex',(111.175315769,-16.,-132.992165844)) ;
#10805=CARTESIAN_POINT('Vertex',(103.824684231,-16.,-137.007834156)) ;
#10808=CARTESIAN_POINT('Axis2P3D Location',(107.5,-16.,-135.)) ;
#10817=CARTESIAN_POINT('Axis2P3D Location',(135.,-16.,-150.)) ;
#10821=CARTESIAN_POINT('Vertex',(137.916645644,-16.,-148.406629222)) ;
#10823=CARTESIAN_POINT('Vertex',(132.083354356,-16.,-151.593370778)) ;
#10826=CARTESIAN_POINT('Axis2P3D Location',(135.,-16.,-150.)) ;
#10836=CARTESIAN_POINT('Axis2P3D Location',(3.42901103761E-015,-56.,-330.)) ;
#10848=CARTESIAN_POINT('Axis2P3D Location',(3.42901103761E-015,-56.,-330.)) ;
#10853=CARTESIAN_POINT('Line Origine',(0.,2.27373675443E-013,-330.)) ;
#10865=CARTESIAN_POINT('Axis2P3D Location',(0.,0.,-330.)) ;
#10870=CARTESIAN_POINT('Axis2P3D Location',(117.5,7.19479994499E-015,-276.5)) ;
#10874=CARTESIAN_POINT('Vertex',(117.5,7.19479994499E-015,-291.5)) ;
#10876=CARTESIAN_POINT('Vertex',(129.721985642,7.9431807248E-015,-285.196152423)) ;
#10879=CARTESIAN_POINT('Line Origine',(110.75,6.78148165028E-015,-291.5)) ;
#10883=CARTESIAN_POINT('Vertex',(104.,6.36816335557E-015,-291.5)) ;
#10886=CARTESIAN_POINT('Axis2P3D Location',(104.,6.36816335557E-015,-306.5)) ;
#10891=CARTESIAN_POINT('Axis2P3D Location',(-69.5,-4.25564762704E-015,-321.5)) ;
#10895=CARTESIAN_POINT('Vertex',(-69.5,-4.25564762704E-015,-306.5)) ;
#10898=CARTESIAN_POINT('Line Origine',(-93.5,-5.72522378601E-015,-306.5)) ;
#10902=CARTESIAN_POINT('Vertex',(-117.5,-7.19479994499E-015,-306.5)) ;
#10905=CARTESIAN_POINT('Axis2P3D Location',(-117.5,-7.19479994499E-015,-291.5)) ;
#10909=CARTESIAN_POINT('Vertex',(-132.5,-8.11328504435E-015,-291.5)) ;
#10912=CARTESIAN_POINT('Line Origine',(-132.5,-8.11328504435E-015,-288.348076211)) ;
#10916=CARTESIAN_POINT('Vertex',(-132.5,-8.11328504435E-015,-285.196152423)) ;
#10919=CARTESIAN_POINT('Line Origine',(-1.38900717884,-8.5052159778E-017,-285.196152423)) ;
#10938=CARTESIAN_POINT('Axis2P3D Location',(-69.5,-4.25564762704E-015,-321.5)) ;
#10943=CARTESIAN_POINT('Line Origine',(-69.5,0.,-306.5)) ;
#10955=CARTESIAN_POINT('Axis2P3D Location',(104.,6.36816335557E-015,-306.5)) ;
#10960=CARTESIAN_POINT('Line Origine',(104.,0.,-291.5)) ;
#10972=CARTESIAN_POINT('Axis2P3D Location',(152.5,-8.,-215.310889132)) ;
#10977=CARTESIAN_POINT('Axis2P3D Location',(152.5,-3.,-215.310889132)) ;
#10981=CARTESIAN_POINT('Vertex',(142.5,-3.,-197.990381057)) ;
#10983=CARTESIAN_POINT('Vertex',(132.5,-3.,-215.310889132)) ;
#10986=CARTESIAN_POINT('Line Origine',(142.5,-8.,-197.990381057)) ;
#10991=CARTESIAN_POINT('Line Origine',(132.5,-8.,-215.310889132)) ;
#11003=CARTESIAN_POINT('Axis2P3D Location',(135.,-8.,-185.)) ;
#11008=CARTESIAN_POINT('Line Origine',(150.,-8.,-185.)) ;
#11012=CARTESIAN_POINT('Vertex',(150.,-3.,-185.)) ;
#11015=CARTESIAN_POINT('Axis2P3D Location',(135.,-3.,-185.)) ;
#11027=CARTESIAN_POINT('Axis2P3D Location',(150.,0.,-150.)) ;
#11032=CARTESIAN_POINT('Line Origine',(150.,-3.,-167.5)) ;
#11036=CARTESIAN_POINT('Vertex',(150.,-3.,-150.)) ;
#11039=CARTESIAN_POINT('Line Origine',(150.,-9.5,-150.)) ;
#11051=CARTESIAN_POINT('Axis2P3D Location',(135.,-8.,-150.)) ;
#11056=CARTESIAN_POINT('Line Origine',(142.5,-8.,-137.009618943)) ;
#11060=CARTESIAN_POINT('Vertex',(142.5,-3.,-137.009618943)) ;
#11063=CARTESIAN_POINT('Axis2P3D Location',(135.,-3.,-150.)) ;
#11075=CARTESIAN_POINT('Axis2P3D Location',(152.5,-8.,-119.689110868)) ;
#11080=CARTESIAN_POINT('Axis2P3D Location',(152.5,-3.,-119.689110868)) ;
#11084=CARTESIAN_POINT('Vertex',(132.5,-3.,-119.689110868)) ;
#11087=CARTESIAN_POINT('Line Origine',(132.5,-8.,-119.689110868)) ;
#11099=CARTESIAN_POINT('Line Origine',(132.5,-15.,-45.)) ;
#11103=CARTESIAN_POINT('Vertex',(132.5,-15.,-55.)) ;
#11105=CARTESIAN_POINT('Vertex',(132.5,-15.,-35.)) ;
#11108=CARTESIAN_POINT('Axis2P3D Location',(132.5,-21.,-55.)) ;
#11113=CARTESIAN_POINT('Line Origine',(132.5,-3.,-77.3445554338)) ;
#11117=CARTESIAN_POINT('Vertex',(132.5,-3.,-35.)) ;
#11120=CARTESIAN_POINT('Line Origine',(132.5,-9.,-35.)) ;
#11134=CARTESIAN_POINT('Axis2P3D Location',(107.5,-186.5,-35.)) ;
#11139=CARTESIAN_POINT('Axis2P3D Location',(107.5,-3.,-35.)) ;
#11143=CARTESIAN_POINT('Vertex',(107.5,-3.,-10.)) ;
#11146=CARTESIAN_POINT('Line Origine',(107.5,-186.5,-10.)) ;
#11150=CARTESIAN_POINT('Vertex',(107.5,-15.,-10.)) ;
#11153=CARTESIAN_POINT('Axis2P3D Location',(107.5,-15.,-35.)) ;
#11165=CARTESIAN_POINT('Axis2P3D Location',(-138.315551758,-8.46938488663E-015,-10.)) ;
#11170=CARTESIAN_POINT('Line Origine',(82.5,-9.,-10.)) ;
#11174=CARTESIAN_POINT('Vertex',(82.5,-3.,-10.)) ;
#11176=CARTESIAN_POINT('Vertex',(82.5,-15.,-10.)) ;
#11179=CARTESIAN_POINT('Line Origine',(95.,-15.,-10.)) ;
#11184=CARTESIAN_POINT('Line Origine',(95.,-3.,-10.)) ;
#11196=CARTESIAN_POINT('Axis2P3D Location',(82.5,-187.160000002,15.)) ;
#11201=CARTESIAN_POINT('Line Origine',(67.5,-187.160000002,-5.)) ;
#11205=CARTESIAN_POINT('Vertex',(67.5,-3.,-5.)) ;
#11207=CARTESIAN_POINT('Vertex',(67.5,-9.,-5.)) ;
#11210=CARTESIAN_POINT('Axis2P3D Location',(82.5,-9.,15.)) ;
#11214=CARTESIAN_POINT('Vertex',(76.5,-9.,-9.26932219902)) ;
#11218=CARTESIAN_POINT('Control Point',(82.5,-15.,-10.)) ;
#11219=CARTESIAN_POINT('Control Point',(82.5,-13.1038301517,-10.)) ;
#11220=CARTESIAN_POINT('Control Point',(81.7580483301,-11.2085213254,-9.9989961914)) ;
#11221=CARTESIAN_POINT('Control Point',(80.2344299897,-9.70177346106,-10.0093172525)) ;
#11222=CARTESIAN_POINT('Control Point',(78.3407502797,-9.,-9.72440296262)) ;
#11223=CARTESIAN_POINT('Control Point',(76.5,-9.,-9.26932219902)) ;
#11225=CARTESIAN_POINT('Axis2P3D Location',(82.5,-3.,15.)) ;
#11238=CARTESIAN_POINT('Axis2P3D Location',(52.5,-187.160000002,-25.)) ;
#11243=CARTESIAN_POINT('Axis2P3D Location',(52.5,-3.,-25.)) ;
#11247=CARTESIAN_POINT('Vertex',(52.5,-3.,0.)) ;
#11250=CARTESIAN_POINT('Line Origine',(52.5,-187.160000002,0.)) ;
#11254=CARTESIAN_POINT('Vertex',(52.5,-9.,0.)) ;
#11257=CARTESIAN_POINT('Axis2P3D Location',(52.5,-9.,-25.)) ;
#11269=CARTESIAN_POINT('Axis2P3D Location',(9.79717439318E-016,-16.,0.)) ;
#11274=CARTESIAN_POINT('Line Origine',(-52.5,-6.,0.)) ;
#11278=CARTESIAN_POINT('Vertex',(-52.5,-3.,0.)) ;
#11280=CARTESIAN_POINT('Vertex',(-52.5,-9.,0.)) ;
#11283=CARTESIAN_POINT('Line Origine',(-7.1054273576E-015,-9.,0.)) ;
#11288=CARTESIAN_POINT('Line Origine',(-7.1054273576E-015,-3.,0.)) ;
#11300=CARTESIAN_POINT('Axis2P3D Location',(-52.5,-187.160000002,-25.)) ;
#11305=CARTESIAN_POINT('Axis2P3D Location',(-52.5,-3.,-25.)) ;
#11309=CARTESIAN_POINT('Vertex',(-67.5,-3.,-5.)) ;
#11312=CARTESIAN_POINT('Line Origine',(-67.5,-187.160000002,-5.)) ;
#11316=CARTESIAN_POINT('Vertex',(-67.5,-9.,-5.)) ;
#11319=CARTESIAN_POINT('Axis2P3D Location',(-52.5,-9.,-25.)) ;
#11331=CARTESIAN_POINT('Axis2P3D Location',(-82.5,-187.160000002,15.)) ;
#11336=CARTESIAN_POINT('Line Origine',(-82.5,-187.160000002,-10.)) ;
#11340=CARTESIAN_POINT('Vertex',(-82.5,-3.,-10.)) ;
#11342=CARTESIAN_POINT('Vertex',(-82.5,-15.,-10.)) ;
#11346=CARTESIAN_POINT('Control Point',(-82.5,-15.,-10.)) ;
#11347=CARTESIAN_POINT('Control Point',(-82.5,-13.1038301517,-10.)) ;
#11348=CARTESIAN_POINT('Control Point',(-81.7580483301,-11.2085213252,-9.99899619141)) ;
#11349=CARTESIAN_POINT('Control Point',(-80.2344299895,-9.70177346101,-10.0093172525)) ;
#11350=CARTESIAN_POINT('Control Point',(-78.3407502797,-9.,-9.72440296262)) ;
#11351=CARTESIAN_POINT('Control Point',(-76.5,-9.,-9.26932219902)) ;
#11352=CARTESIAN_POINT('Vertex',(-76.5,-9.,-9.26932219902)) ;
#11355=CARTESIAN_POINT('Axis2P3D Location',(-82.5,-9.,15.)) ;
#11360=CARTESIAN_POINT('Axis2P3D Location',(-82.5,-3.,15.)) ;
#11373=CARTESIAN_POINT('Line Origine',(-95.,-3.,-10.)) ;
#11377=CARTESIAN_POINT('Vertex',(-107.5,-3.,-10.)) ;
#11380=CARTESIAN_POINT('Line Origine',(-107.5,-9.,-10.)) ;
#11384=CARTESIAN_POINT('Vertex',(-107.5,-15.,-10.)) ;
#11387=CARTESIAN_POINT('Line Origine',(-95.,-15.,-10.)) ;
#11399=CARTESIAN_POINT('Axis2P3D Location',(-107.5,-186.5,-35.)) ;
#11404=CARTESIAN_POINT('Axis2P3D Location',(-107.5,-3.,-35.)) ;
#11408=CARTESIAN_POINT('Vertex',(-132.5,-3.,-35.)) ;
#11411=CARTESIAN_POINT('Line Origine',(-132.5,-186.5,-35.)) ;
#11415=CARTESIAN_POINT('Vertex',(-132.5,-15.,-35.)) ;
#11418=CARTESIAN_POINT('Axis2P3D Location',(-107.5,-15.,-35.)) ;
#11430=CARTESIAN_POINT('Axis2P3D Location',(-132.5,-8.11328504435E-015,0.)) ;
#11435=CARTESIAN_POINT('Line Origine',(-132.5,-3.,-157.5)) ;
#11439=CARTESIAN_POINT('Vertex',(-132.5,-3.,-280.)) ;
#11442=CARTESIAN_POINT('Axis2P3D Location',(-132.5,3.,-280.)) ;
#11447=CARTESIAN_POINT('Line Origine',(-132.5,-8.,-291.5)) ;
#11452=CARTESIAN_POINT('Axis2P3D Location',(-132.5,-21.,-55.)) ;
#11456=CARTESIAN_POINT('Vertex',(-132.5,-15.,-55.)) ;
#11459=CARTESIAN_POINT('Line Origine',(-132.5,-15.,-45.)) ;
#11475=CARTESIAN_POINT('Axis2P3D Location',(-117.5,-8.,-291.5)) ;
#11480=CARTESIAN_POINT('Line Origine',(-117.5,-8.,-306.5)) ;
#11492=CARTESIAN_POINT('Axis2P3D Location',(-143.763225496,-8.80295869695E-015,-306.5)) ;
#11504=CARTESIAN_POINT('Axis2P3D Location',(104.,6.36816335557E-015,-291.5)) ;
#11509=CARTESIAN_POINT('Line Origine',(117.5,-8.,-291.5)) ;
#11521=CARTESIAN_POINT('Axis2P3D Location',(117.5,-8.,-276.5)) ;
#11526=CARTESIAN_POINT('Line Origine',(132.5,-8.,-276.5)) ;
#11530=CARTESIAN_POINT('Vertex',(132.5,-3.,-276.5)) ;
#11534=CARTESIAN_POINT('Control Point',(129.721985642,1.11022302463E-014,-285.196152423)) ;
#11535=CARTESIAN_POINT('Control Point',(130.172446189,-1.09655902198,-284.563053776)) ;
#11536=CARTESIAN_POINT('Control Point',(130.749704416,-1.98350398477,-283.662525362)) ;
#11537=CARTESIAN_POINT('Control Point',(131.309720165,-2.64004078024,-282.58040618)) ;
#11538=CARTESIAN_POINT('Control Point',(131.772366531,-3.,-281.306841364)) ;
#11539=CARTESIAN_POINT('Control Point',(132.085952146,-3.,-280.)) ;
#11540=CARTESIAN_POINT('Vertex',(132.085952146,-3.,-280.)) ;
#11543=CARTESIAN_POINT('Axis2P3D Location',(117.5,-3.,-276.5)) ;
#11557=CARTESIAN_POINT('Line Origine',(132.5,-3.,-245.905444566)) ;
#11569=CARTESIAN_POINT('Axis2P3D Location',(-112.,-88.,-523.5)) ;
#11574=CARTESIAN_POINT('Axis2P3D Location',(-112.,-88.,-517.5)) ;
#11578=CARTESIAN_POINT('Vertex',(-112.,-73.,-517.5)) ;
#11580=CARTESIAN_POINT('Vertex',(-127.,-88.,-517.5)) ;
#11583=CARTESIAN_POINT('Line Origine',(-112.,-73.,-523.5)) ;
#11587=CARTESIAN_POINT('Vertex',(-112.,-73.,-529.5)) ;
#11590=CARTESIAN_POINT('Axis2P3D Location',(-112.,-88.,-529.5)) ;
#11594=CARTESIAN_POINT('Vertex',(-127.,-88.,-529.5)) ;
#11597=CARTESIAN_POINT('Line Origine',(-127.,-88.,-523.5)) ;
#11609=CARTESIAN_POINT('Axis2P3D Location',(-127.,-88.,-306.5)) ;
#11614=CARTESIAN_POINT('Line Origine',(-127.,-93.,-517.5)) ;
#11618=CARTESIAN_POINT('Vertex',(-127.,-98.,-517.5)) ;
#11621=CARTESIAN_POINT('Line Origine',(-127.,-93.,-529.5)) ;
#11625=CARTESIAN_POINT('Vertex',(-127.,-98.,-529.5)) ;
#11628=CARTESIAN_POINT('Line Origine',(-127.,-98.,-523.5)) ;
#11640=CARTESIAN_POINT('Axis2P3D Location',(-112.,-98.,-523.5)) ;
#11645=CARTESIAN_POINT('Axis2P3D Location',(-112.,-98.,-517.5)) ;
#11649=CARTESIAN_POINT('Vertex',(-112.,-113.,-517.5)) ;
#11652=CARTESIAN_POINT('Axis2P3D Location',(-112.,-98.,-529.5)) ;
#11656=CARTESIAN_POINT('Vertex',(-112.,-113.,-529.5)) ;
#11659=CARTESIAN_POINT('Line Origine',(-112.,-113.,-523.5)) ;
#11671=CARTESIAN_POINT('Axis2P3D Location',(2.28396628041E-014,-373.,-515.5)) ;
#11676=CARTESIAN_POINT('Line Origine',(-71.5139320225,-73.,-515.5)) ;
#11680=CARTESIAN_POINT('Vertex',(-78.527864045,-73.,-515.5)) ;
#11683=CARTESIAN_POINT('Line Origine',(-78.527864045,-93.,-515.5)) ;
#11687=CARTESIAN_POINT('Vertex',(-78.527864045,-113.,-515.5)) ;
#11690=CARTESIAN_POINT('Line Origine',(-71.5139320225,-113.,-515.5)) ;
#11695=CARTESIAN_POINT('Line Origine',(-59.3808309234,-335.596128946,-515.5)) ;
#11699=CARTESIAN_POINT('Vertex',(-55.4490957701,-339.527864045,-515.5)) ;
#11702=CARTESIAN_POINT('Line Origine',(17.25,-339.527864045,-515.5)) ;
#11706=CARTESIAN_POINT('Vertex',(89.9490958635,-339.527864006,-515.5)) ;
#11709=CARTESIAN_POINT('Line Origine',(93.3427977386,-336.134162131,-515.5)) ;
#11714=CARTESIAN_POINT('Line Origine',(90.527864045,-93.2085382193,-515.5)) ;
#11749=CARTESIAN_POINT('Line Origine',(-88.25,-113.,-529.5)) ;
#11754=CARTESIAN_POINT('Axis2P3D Location',(-83.,-113.,-511.5)) ;
#11758=CARTESIAN_POINT('Vertex',(-83.,-113.,-517.5)) ;
#11761=CARTESIAN_POINT('Line Origine',(-97.5,-113.,-517.5)) ;
#11775=CARTESIAN_POINT('Line Origine',(-97.5,-73.,-517.5)) ;
#11779=CARTESIAN_POINT('Vertex',(-83.,-73.,-517.5)) ;
#11782=CARTESIAN_POINT('Axis2P3D Location',(-83.,-73.,-511.5)) ;
#11787=CARTESIAN_POINT('Line Origine',(-88.25,-73.,-529.5)) ;
#11801=CARTESIAN_POINT('Axis2P3D Location',(-107.5,-3.14398774115,-115.)) ;
#11806=CARTESIAN_POINT('Axis2P3D Location',(-107.5,-3.,-115.)) ;
#11810=CARTESIAN_POINT('Vertex',(-103.664595691,-3.,-122.020660495)) ;
#11812=CARTESIAN_POINT('Vertex',(-111.335404309,-3.,-107.979339505)) ;
#11815=CARTESIAN_POINT('Line Origine',(-103.664595691,-1.70061206818,-122.020660495)) ;
#11820=CARTESIAN_POINT('Line Origine',(-111.335404309,-1.70061206818,-107.979339505)) ;
#11833=CARTESIAN_POINT('Axis2P3D Location',(1.83697019872E-016,-3.,9.80679296399)) ;
#11838=CARTESIAN_POINT('Line Origine',(-0.207023927093,-3.,-280.)) ;
#11864=CARTESIAN_POINT('Axis2P3D Location',(107.5,-3.,-115.)) ;
#11868=CARTESIAN_POINT('Vertex',(103.664595691,-3.,-107.979339505)) ;
#11870=CARTESIAN_POINT('Vertex',(111.335404309,-3.,-122.020660495)) ;
#11873=CARTESIAN_POINT('Axis2P3D Location',(107.5,-3.,-115.)) ;
#11882=CARTESIAN_POINT('Axis2P3D Location',(-107.5,-3.,-115.)) ;
#11891=CARTESIAN_POINT('Axis2P3D Location',(-72.5,-3.,-230.)) ;
#11895=CARTESIAN_POINT('Vertex',(-81.5,-3.,-230.)) ;
#11897=CARTESIAN_POINT('Vertex',(-63.5,-3.,-230.)) ;
#11900=CARTESIAN_POINT('Axis2P3D Location',(-72.5,-3.,-230.)) ;
#11909=CARTESIAN_POINT('Axis2P3D Location',(107.5,-3.,-230.)) ;
#11913=CARTESIAN_POINT('Vertex',(98.5,-3.,-230.)) ;
#11915=CARTESIAN_POINT('Vertex',(116.5,-3.,-230.)) ;
#11918=CARTESIAN_POINT('Axis2P3D Location',(107.5,-3.,-230.)) ;
#11927=CARTESIAN_POINT('Axis2P3D Location',(107.5,-3.,-35.)) ;
#11931=CARTESIAN_POINT('Vertex',(98.5,-3.,-35.)) ;
#11933=CARTESIAN_POINT('Vertex',(116.5,-3.,-35.)) ;
#11936=CARTESIAN_POINT('Axis2P3D Location',(107.5,-3.,-35.)) ;
#11945=CARTESIAN_POINT('Axis2P3D Location',(-107.5,-3.,-35.)) ;
#11949=CARTESIAN_POINT('Vertex',(-116.5,-3.,-35.)) ;
#11951=CARTESIAN_POINT('Vertex',(-98.5,-3.,-35.)) ;
#11954=CARTESIAN_POINT('Axis2P3D Location',(-107.5,-3.,-35.)) ;
#11963=CARTESIAN_POINT('Axis2P3D Location',(32.5,-3.,-20.)) ;
#11967=CARTESIAN_POINT('Vertex',(18.,-3.,-20.)) ;
#11969=CARTESIAN_POINT('Vertex',(47.,-3.,-20.)) ;
#11972=CARTESIAN_POINT('Axis2P3D Location',(32.5,-3.,-20.)) ;
#11981=CARTESIAN_POINT('Axis2P3D Location',(-32.5,-3.,-20.)) ;
#11985=CARTESIAN_POINT('Vertex',(-45.,-3.,-20.)) ;
#11987=CARTESIAN_POINT('Vertex',(-20.,-3.,-20.)) ;
#11990=CARTESIAN_POINT('Axis2P3D Location',(-32.5,-3.,-20.)) ;
#11999=CARTESIAN_POINT('Axis2P3D Location',(-107.5,-3.,-135.)) ;
#12003=CARTESIAN_POINT('Vertex',(-103.824684231,-3.,-132.992165844)) ;
#12005=CARTESIAN_POINT('Vertex',(-111.175315769,-3.,-137.007834156)) ;
#12008=CARTESIAN_POINT('Axis2P3D Location',(-107.5,-3.,-135.)) ;
#12017=CARTESIAN_POINT('Axis2P3D Location',(107.5,-3.,-135.)) ;
#12021=CARTESIAN_POINT('Vertex',(111.175315769,-3.,-132.992165844)) ;
#12023=CARTESIAN_POINT('Vertex',(103.824684231,-3.,-137.007834156)) ;
#12026=CARTESIAN_POINT('Axis2P3D Location',(107.5,-3.,-135.)) ;
#12035=CARTESIAN_POINT('Axis2P3D Location',(135.,-3.,-150.)) ;
#12039=CARTESIAN_POINT('Vertex',(137.916645644,-3.,-148.406629222)) ;
#12041=CARTESIAN_POINT('Vertex',(132.083354356,-3.,-151.593370778)) ;
#12044=CARTESIAN_POINT('Axis2P3D Location',(135.,-3.,-150.)) ;
#12055=CARTESIAN_POINT('Axis2P3D Location',(-1.83697019872E-016,3.,-280.)) ;
#12068=CARTESIAN_POINT('Axis2P3D Location',(107.5,-3.14398774115,-115.)) ;
#12073=CARTESIAN_POINT('Line Origine',(103.664595691,-1.70061206818,-107.979339505)) ;
#12078=CARTESIAN_POINT('Line Origine',(111.335404309,-1.70061206818,-122.020660495)) ;
#12100=CARTESIAN_POINT('Axis2P3D Location',(-72.5,-13.,-230.)) ;
#12105=CARTESIAN_POINT('Axis2P3D Location',(-72.5,-15.,-230.)) ;
#12109=CARTESIAN_POINT('Vertex',(-81.5,-15.,-230.)) ;
#12111=CARTESIAN_POINT('Vertex',(-63.5,-15.,-230.)) ;
#12114=CARTESIAN_POINT('Line Origine',(-81.5,-13.,-230.)) ;
#12119=CARTESIAN_POINT('Line Origine',(-63.5,-13.,-230.)) ;
#12132=CARTESIAN_POINT('Axis2P3D Location',(-72.5,-15.,-230.)) ;
#12145=CARTESIAN_POINT('Axis2P3D Location',(107.5,-9.5,-230.)) ;
#12150=CARTESIAN_POINT('Axis2P3D Location',(107.5,-15.,-230.)) ;
#12154=CARTESIAN_POINT('Vertex',(98.5,-15.,-230.)) ;
#12156=CARTESIAN_POINT('Vertex',(116.5,-15.,-230.)) ;
#12159=CARTESIAN_POINT('Line Origine',(98.5,-9.5,-230.)) ;
#12164=CARTESIAN_POINT('Line Origine',(116.5,-9.5,-230.)) ;
#12177=CARTESIAN_POINT('Axis2P3D Location',(107.5,-15.,-230.)) ;
#12190=CARTESIAN_POINT('Axis2P3D Location',(107.5,-9.5,-35.)) ;
#12195=CARTESIAN_POINT('Line Origine',(116.5,-9.5,-35.)) ;
#12199=CARTESIAN_POINT('Vertex',(116.5,-15.,-35.)) ;
#12202=CARTESIAN_POINT('Axis2P3D Location',(107.5,-15.,-35.)) ;
#12206=CARTESIAN_POINT('Vertex',(98.5,-15.,-35.)) ;
#12209=CARTESIAN_POINT('Line Origine',(98.5,-9.5,-35.)) ;
#12222=CARTESIAN_POINT('Axis2P3D Location',(107.5,-15.,-35.)) ;
#12235=CARTESIAN_POINT('Axis2P3D Location',(-107.5,-9.5,-35.)) ;
#12240=CARTESIAN_POINT('Line Origine',(-98.5,-9.5,-35.)) ;
#12244=CARTESIAN_POINT('Vertex',(-98.5,-15.,-35.)) ;
#12247=CARTESIAN_POINT('Axis2P3D Location',(-107.5,-15.,-35.)) ;
#12251=CARTESIAN_POINT('Vertex',(-116.5,-15.,-35.)) ;
#12254=CARTESIAN_POINT('Line Origine',(-116.5,-9.5,-35.)) ;
#12267=CARTESIAN_POINT('Axis2P3D Location',(-107.5,-15.,-35.)) ;
#12280=CARTESIAN_POINT('Axis2P3D Location',(32.5,-8.,-20.)) ;
#12285=CARTESIAN_POINT('Line Origine',(47.,-8.,-20.)) ;
#12289=CARTESIAN_POINT('Vertex',(47.,-9.,-20.)) ;
#12292=CARTESIAN_POINT('Axis2P3D Location',(32.5,-9.,-20.)) ;
#12296=CARTESIAN_POINT('Vertex',(18.,-9.,-20.)) ;
#12299=CARTESIAN_POINT('Line Origine',(18.,-8.,-20.)) ;
#12312=CARTESIAN_POINT('Axis2P3D Location',(32.5,-9.,-20.)) ;
#12325=CARTESIAN_POINT('Axis2P3D Location',(-32.5,-8.,-20.)) ;
#12330=CARTESIAN_POINT('Line Origine',(-20.,-8.,-20.)) ;
#12334=CARTESIAN_POINT('Vertex',(-20.,-9.,-20.)) ;
#12337=CARTESIAN_POINT('Axis2P3D Location',(-32.5,-9.,-20.)) ;
#12341=CARTESIAN_POINT('Vertex',(-45.,-9.,-20.)) ;
#12344=CARTESIAN_POINT('Line Origine',(-45.,-8.,-20.)) ;
#12357=CARTESIAN_POINT('Axis2P3D Location',(-32.5,-9.,-20.)) ;
#12370=CARTESIAN_POINT('Axis2P3D Location',(9.18485099361E-016,-15.,-55.)) ;
#12375=CARTESIAN_POINT('Axis2P3D Location',(-72.5,-15.,-230.)) ;
#12379=CARTESIAN_POINT('Vertex',(-54.5,-15.,-230.)) ;
#12381=CARTESIAN_POINT('Vertex',(-90.5,-15.,-230.)) ;
#12384=CARTESIAN_POINT('Axis2P3D Location',(-72.5,-15.,-230.)) ;
#12399=CARTESIAN_POINT('Axis2P3D Location',(107.5,-15.,-230.)) ;
#12403=CARTESIAN_POINT('Vertex',(125.5,-15.,-230.)) ;
#12405=CARTESIAN_POINT('Vertex',(89.5,-15.,-230.)) ;
#12408=CARTESIAN_POINT('Axis2P3D Location',(107.5,-15.,-230.)) ;
#12423=CARTESIAN_POINT('Line Origine',(82.5,-15.,-23.5)) ;
#12427=CARTESIAN_POINT('Vertex',(82.5,-15.,-37.)) ;
#12430=CARTESIAN_POINT('Axis2P3D Location',(64.5,-15.,-37.)) ;
#12434=CARTESIAN_POINT('Vertex',(64.5,-15.,-55.)) ;
#12437=CARTESIAN_POINT('Line Origine',(98.5,-15.,-55.)) ;
#12456=CARTESIAN_POINT('Line Origine',(-98.5,-15.,-55.)) ;
#12460=CARTESIAN_POINT('Vertex',(-64.5,-15.,-55.)) ;
#12463=CARTESIAN_POINT('Axis2P3D Location',(-64.5,-15.,-37.)) ;
#12467=CARTESIAN_POINT('Vertex',(-82.5,-15.,-37.)) ;
#12470=CARTESIAN_POINT('Line Origine',(-82.5,-15.,-23.5)) ;
#12489=CARTESIAN_POINT('Axis2P3D Location',(5.51091059616E-016,-9.,-65.6187896729)) ;
#12494=CARTESIAN_POINT('Line Origine',(-76.5,-9.,-23.1346610995)) ;
#12498=CARTESIAN_POINT('Vertex',(-76.5,-9.,-37.)) ;
#12501=CARTESIAN_POINT('Axis2P3D Location',(-64.5,-9.,-37.)) ;
#12505=CARTESIAN_POINT('Vertex',(-64.5,-9.,-49.)) ;
#12508=CARTESIAN_POINT('Line Origine',(0.,-9.,-49.)) ;
#12512=CARTESIAN_POINT('Vertex',(64.5,-9.,-49.)) ;
#12515=CARTESIAN_POINT('Axis2P3D Location',(64.5,-9.,-37.)) ;
#12519=CARTESIAN_POINT('Vertex',(76.5,-9.,-37.)) ;
#12522=CARTESIAN_POINT('Line Origine',(76.5,-9.,-23.1346610995)) ;
#12549=CARTESIAN_POINT('Axis2P3D Location',(-72.5,-20.5,-230.)) ;
#12554=CARTESIAN_POINT('Line Origine',(-90.5,-20.5,-230.)) ;
#12559=CARTESIAN_POINT('Line Origine',(-54.5,-20.5,-230.)) ;
#12580=CARTESIAN_POINT('Axis2P3D Location',(107.5,-20.5,-230.)) ;
#12585=CARTESIAN_POINT('Line Origine',(89.5,-20.5,-230.)) ;
#12590=CARTESIAN_POINT('Line Origine',(125.5,-20.5,-230.)) ;
#12611=CARTESIAN_POINT('Axis2P3D Location',(1.2858791391E-015,-21.,-55.)) ;
#12616=CARTESIAN_POINT('Line Origine',(0.,-15.,-55.)) ;
#12631=CARTESIAN_POINT('Axis2P3D Location',(64.5,-15.,-37.)) ;
#12636=CARTESIAN_POINT('Axis2P3D Location',(64.5,-15.,-49.)) ;
#12641=CARTESIAN_POINT('Axis2P3D Location',(76.5,-15.,-37.)) ;
#12654=CARTESIAN_POINT('Axis2P3D Location',(76.5,-15.,-21.8014640808)) ;
#12667=CARTESIAN_POINT('Axis2P3D Location',(-76.5,-15.,-21.8014640808)) ;
#12672=CARTESIAN_POINT('Axis2P3D Location',(-76.5,-15.,-37.)) ;
#12685=CARTESIAN_POINT('Axis2P3D Location',(-64.5,-15.,-37.)) ;
#12690=CARTESIAN_POINT('Axis2P3D Location',(-64.5,-15.,-49.)) ;
#12703=CARTESIAN_POINT('Axis2P3D Location',(9.18485099361E-016,-15.,-49.)) ;
#12725=CARTESIAN_POINT('Axis2P3D Location',(0.,0.,-517.5)) ;
#12730=CARTESIAN_POINT('Line Origine',(95.,-93.,-517.5)) ;
#12745=CARTESIAN_POINT('Axis2P3D Location',(116.,-93.,-517.5)) ;
#12749=CARTESIAN_POINT('Vertex',(124.75,-93.,-517.5)) ;
#12751=CARTESIAN_POINT('Vertex',(107.25,-93.,-517.5)) ;
#12754=CARTESIAN_POINT('Axis2P3D Location',(116.,-93.,-517.5)) ;
#12765=CARTESIAN_POINT('Axis2P3D Location',(95.,-94.6299540208,-511.5)) ;
#12779=CARTESIAN_POINT('Axis2P3D Location',(116.,-93.,-520.)) ;
#12784=CARTESIAN_POINT('Line Origine',(107.25,-93.,-520.)) ;
#12788=CARTESIAN_POINT('Vertex',(107.25,-93.,-529.5)) ;
#12791=CARTESIAN_POINT('Axis2P3D Location',(116.,-93.,-529.5)) ;
#12795=CARTESIAN_POINT('Vertex',(124.75,-93.,-529.5)) ;
#12798=CARTESIAN_POINT('Line Origine',(124.75,-93.,-520.)) ;
#12811=CARTESIAN_POINT('Axis2P3D Location',(116.,-93.,-529.5)) ;
#12824=CARTESIAN_POINT('Axis2P3D Location',(2.60596725128E-014,-425.586749273,-529.5)) ;
#12873=CARTESIAN_POINT('Axis2P3D Location',(112.5,-353.,-529.5)) ;
#12877=CARTESIAN_POINT('Vertex',(103.75,-353.,-529.5)) ;
#12879=CARTESIAN_POINT('Vertex',(121.25,-353.,-529.5)) ;
#12882=CARTESIAN_POINT('Axis2P3D Location',(112.5,-353.,-529.5)) ;
#12891=CARTESIAN_POINT('Axis2P3D Location',(-78.,-353.,-529.5)) ;
#12895=CARTESIAN_POINT('Vertex',(-86.75,-353.,-529.5)) ;
#12897=CARTESIAN_POINT('Vertex',(-69.25,-353.,-529.5)) ;
#12900=CARTESIAN_POINT('Axis2P3D Location',(-78.,-353.,-529.5)) ;
#12913=CARTESIAN_POINT('Axis2P3D Location',(-104.,-93.,-529.5)) ;
#12917=CARTESIAN_POINT('Vertex',(-112.75,-93.,-529.5)) ;
#12919=CARTESIAN_POINT('Vertex',(-95.25,-93.,-529.5)) ;
#12922=CARTESIAN_POINT('Axis2P3D Location',(-104.,-93.,-529.5)) ;
#12933=CARTESIAN_POINT('Axis2P3D Location',(112.5,-353.,-520.)) ;
#12938=CARTESIAN_POINT('Axis2P3D Location',(112.5,-353.,-517.5)) ;
#12942=CARTESIAN_POINT('Vertex',(121.25,-353.,-517.5)) ;
#12944=CARTESIAN_POINT('Vertex',(103.75,-353.,-517.5)) ;
#12947=CARTESIAN_POINT('Line Origine',(103.75,-353.,-520.)) ;
#12952=CARTESIAN_POINT('Line Origine',(121.25,-353.,-520.)) ;
#12965=CARTESIAN_POINT('Axis2P3D Location',(112.5,-353.,-517.5)) ;
#12978=CARTESIAN_POINT('Axis2P3D Location',(-78.,-353.,-520.)) ;
#12983=CARTESIAN_POINT('Axis2P3D Location',(-78.,-353.,-517.5)) ;
#12987=CARTESIAN_POINT('Vertex',(-69.25,-353.,-517.5)) ;
#12989=CARTESIAN_POINT('Vertex',(-86.75,-353.,-517.5)) ;
#12992=CARTESIAN_POINT('Line Origine',(-86.75,-353.,-520.)) ;
#12997=CARTESIAN_POINT('Line Origine',(-69.25,-353.,-520.)) ;
#13010=CARTESIAN_POINT('Axis2P3D Location',(-78.,-353.,-517.5)) ;
#13023=CARTESIAN_POINT('Axis2P3D Location',(-104.,-93.,-520.)) ;
#13028=CARTESIAN_POINT('Axis2P3D Location',(-104.,-93.,-517.5)) ;
#13032=CARTESIAN_POINT('Vertex',(-95.25,-93.,-517.5)) ;
#13034=CARTESIAN_POINT('Vertex',(-112.75,-93.,-517.5)) ;
#13037=CARTESIAN_POINT('Line Origine',(-112.75,-93.,-520.)) ;
#13042=CARTESIAN_POINT('Line Origine',(-95.25,-93.,-520.)) ;
#13055=CARTESIAN_POINT('Axis2P3D Location',(-104.,-93.,-517.5)) ;
#13068=CARTESIAN_POINT('Line Origine',(-83.,-93.,-517.5)) ;
#13087=CARTESIAN_POINT('Axis2P3D Location',(-83.,-94.6299540208,-511.5)) ;
#13100=CARTESIAN_POINT('Line Origine',(97.3015151902,-338.5,-517.5)) ;
#13104=CARTESIAN_POINT('Vertex',(91.8015151902,-344.,-517.5)) ;
#13107=CARTESIAN_POINT('Line Origine',(17.25,-344.,-517.5)) ;
#13111=CARTESIAN_POINT('Vertex',(-57.3015151902,-344.,-517.5)) ;
#13114=CARTESIAN_POINT('Line Origine',(-62.8237444135,-338.477770777,-517.5)) ;
#13144=CARTESIAN_POINT('Axis2P3D Location',(-49.8015151902,-351.5,-511.5)) ;
#13150=CARTESIAN_POINT('Control Point',(-57.3015151902,-344.,-517.5)) ;
#13151=CARTESIAN_POINT('Control Point',(-56.7873006904,-342.758572433,-517.5)) ;
#13152=CARTESIAN_POINT('Control Point',(-56.2720954159,-341.514764564,-517.159153046)) ;
#13153=CARTESIAN_POINT('Control Point',(-55.8067602233,-340.391343867,-516.465399272)) ;
#13154=CARTESIAN_POINT('Control Point',(-55.4490958635,-339.527864006,-515.5)) ;
#13164=CARTESIAN_POINT('Axis2P3D Location',(17.25,-344.,-511.5)) ;
#13170=CARTESIAN_POINT('Control Point',(91.8015151902,-344.,-517.5)) ;
#13171=CARTESIAN_POINT('Control Point',(91.2872978987,-342.75857359,-517.5)) ;
#13172=CARTESIAN_POINT('Control Point',(90.7720980639,-341.514763467,-517.159153046)) ;
#13173=CARTESIAN_POINT('Control Point',(90.3067613412,-340.391343404,-516.465399272)) ;
#13174=CARTESIAN_POINT('Control Point',(89.9490957701,-339.527864045,-515.5)) ;
#13184=CARTESIAN_POINT('Axis2P3D Location',(84.3015151902,-351.5,-511.5)) ;
#13198=CARTESIAN_POINT('Axis2P3D Location',(-107.5,-3.,-135.)) ;
#13203=CARTESIAN_POINT('Line Origine',(-111.175315769,-12.8,-137.007834156)) ;
#13208=CARTESIAN_POINT('Line Origine',(-103.824684231,-12.8,-132.992165844)) ;
#13229=CARTESIAN_POINT('Axis2P3D Location',(107.5,-3.,-135.)) ;
#13234=CARTESIAN_POINT('Line Origine',(103.824684231,-12.8,-137.007834156)) ;
#13239=CARTESIAN_POINT('Line Origine',(111.175315769,-12.8,-132.992165844)) ;
#13260=CARTESIAN_POINT('Axis2P3D Location',(135.,-3.,-150.)) ;
#13265=CARTESIAN_POINT('Line Origine',(132.083354356,-12.8,-151.593370778)) ;
#13270=CARTESIAN_POINT('Line Origine',(137.916645644,-12.8,-148.406629222)) ;
#13294=CARTESIAN_POINT('Axis2P3D Location',(46.,-74.75,0.)) ;
#13299=CARTESIAN_POINT('Line Origine',(46.,-74.75,-271.5)) ;
#13303=CARTESIAN_POINT('Vertex',(46.,-74.75,-266.5)) ;
#13305=CARTESIAN_POINT('Vertex',(46.,-74.75,-276.5)) ;
#13308=CARTESIAN_POINT('Line Origine',(46.,-138.25,-276.5)) ;
#13312=CARTESIAN_POINT('Vertex',(46.,-201.75,-276.5)) ;
#13315=CARTESIAN_POINT('Line Origine',(46.,-201.75,-271.5)) ;
#13319=CARTESIAN_POINT('Vertex',(46.,-201.75,-266.5)) ;
#13322=CARTESIAN_POINT('Line Origine',(46.,-138.25,-266.5)) ;
#13334=CARTESIAN_POINT('Axis2P3D Location',(142.061767578,8.69877444729E-015,-276.5)) ;
#13339=CARTESIAN_POINT('Axis2P3D Location',(-327.5,-250.5,-276.5)) ;
#13343=CARTESIAN_POINT('Vertex',(-327.5,-240.5,-276.5)) ;
#13345=CARTESIAN_POINT('Vertex',(-337.5,-250.5,-276.5)) ;
#13348=CARTESIAN_POINT('Line Origine',(-266.,-240.5,-276.5)) ;
#13352=CARTESIAN_POINT('Vertex',(-204.5,-240.5,-276.5)) ;
#13355=CARTESIAN_POINT('Axis2P3D Location',(-204.5,-140.5,-276.5)) ;
#13359=CARTESIAN_POINT('Vertex',(-104.5,-140.5,-276.5)) ;
#13362=CARTESIAN_POINT('Line Origine',(-104.5,-93.2466221606,-276.5)) ;
#13366=CARTESIAN_POINT('Vertex',(-104.5,-45.9932443213,-276.5)) ;
#13369=CARTESIAN_POINT('Axis2P3D Location',(-119.5,-45.9932443213,-276.5)) ;
#13373=CARTESIAN_POINT('Vertex',(-115.617714323,-31.504356927,-276.5)) ;
#13376=CARTESIAN_POINT('Line Origine',(-116.558857162,-31.2521784635,-276.5)) ;
#13380=CARTESIAN_POINT('Vertex',(-117.5,-31.,-276.5)) ;
#13383=CARTESIAN_POINT('Line Origine',(-117.5,-23.5,-276.5)) ;
#13387=CARTESIAN_POINT('Vertex',(-117.5,-16.,-276.5)) ;
#13390=CARTESIAN_POINT('Line Origine',(0.,-16.,-276.5)) ;
#13394=CARTESIAN_POINT('Vertex',(117.5,-16.,-276.5)) ;
#13397=CARTESIAN_POINT('Line Origine',(117.5,-23.5,-276.5)) ;
#13401=CARTESIAN_POINT('Vertex',(117.5,-31.,-276.5)) ;
#13404=CARTESIAN_POINT('Line Origine',(112.514761936,-32.3357905133,-276.5)) ;
#13408=CARTESIAN_POINT('Vertex',(107.529523872,-33.6715810265,-276.5)) ;
#13411=CARTESIAN_POINT('Axis2P3D Location',(114.,-57.8197266838,-276.5)) ;
#13415=CARTESIAN_POINT('Vertex',(89.,-57.8197266838,-276.5)) ;
#13418=CARTESIAN_POINT('Line Origine',(89.,-159.159863342,-276.5)) ;
#13422=CARTESIAN_POINT('Vertex',(89.,-260.5,-276.5)) ;
#13425=CARTESIAN_POINT('Line Origine',(-124.25,-260.5,-276.5)) ;
#13429=CARTESIAN_POINT('Vertex',(-337.5,-260.5,-276.5)) ;
#13432=CARTESIAN_POINT('Line Origine',(-337.5,-255.5,-276.5)) ;
#13453=CARTESIAN_POINT('Axis2P3D Location',(17.25,-74.75,-276.5)) ;
#13457=CARTESIAN_POINT('Vertex',(-11.5,-74.75,-276.5)) ;
#13460=CARTESIAN_POINT('Line Origine',(-11.5,-138.25,-276.5)) ;
#13464=CARTESIAN_POINT('Vertex',(-11.5,-201.75,-276.5)) ;
#13467=CARTESIAN_POINT('Axis2P3D Location',(17.25,-201.75,-276.5)) ;
#13479=CARTESIAN_POINT('Axis2P3D Location',(17.25,-74.75,-138.910000001)) ;
#13484=CARTESIAN_POINT('Line Origine',(-11.5,-74.75,-138.910000001)) ;
#13488=CARTESIAN_POINT('Vertex',(-11.5,-74.75,-266.5)) ;
#13491=CARTESIAN_POINT('Axis2P3D Location',(17.25,-74.75,-266.5)) ;
#13503=CARTESIAN_POINT('Axis2P3D Location',(-337.5,-260.5,0.)) ;
#13508=CARTESIAN_POINT('Line Origine',(-337.5,-260.5,-271.5)) ;
#13512=CARTESIAN_POINT('Vertex',(-337.5,-260.5,-266.5)) ;
#13515=CARTESIAN_POINT('Line Origine',(-337.5,-255.5,-266.5)) ;
#13519=CARTESIAN_POINT('Vertex',(-337.5,-250.5,-266.5)) ;
#13522=CARTESIAN_POINT('Line Origine',(-337.5,-250.5,-271.5)) ;
#13534=CARTESIAN_POINT('Axis2P3D Location',(114.,-57.8197266838,0.)) ;
#13539=CARTESIAN_POINT('Line Origine',(107.529523872,-33.6715810265,0.)) ;
#13543=CARTESIAN_POINT('Vertex',(107.529523872,-33.6715810265,-266.5)) ;
#13546=CARTESIAN_POINT('Axis2P3D Location',(114.,-57.8197266838,-266.5)) ;
#13550=CARTESIAN_POINT('Vertex',(89.,-57.8197266838,-266.5)) ;
#13553=CARTESIAN_POINT('Line Origine',(89.,-57.8197266838,0.)) ;
#13565=CARTESIAN_POINT('Axis2P3D Location',(117.5,-31.,0.)) ;
#13570=CARTESIAN_POINT('Line Origine',(117.5,-31.,-271.5)) ;
#13574=CARTESIAN_POINT('Vertex',(117.5,-31.,-266.5)) ;
#13577=CARTESIAN_POINT('Line Origine',(112.514761936,-32.3357905133,-266.5)) ;
#13589=CARTESIAN_POINT('Axis2P3D Location',(117.5,-16.,0.)) ;
#13594=CARTESIAN_POINT('Line Origine',(117.5,-16.,-271.5)) ;
#13598=CARTESIAN_POINT('Vertex',(117.5,-16.,-266.5)) ;
#13601=CARTESIAN_POINT('Line Origine',(117.5,-23.5,-266.5)) ;
#13613=CARTESIAN_POINT('Axis2P3D Location',(-117.5,-16.,0.)) ;
#13618=CARTESIAN_POINT('Line Origine',(-117.5,-16.,-271.5)) ;
#13622=CARTESIAN_POINT('Vertex',(-117.5,-16.,-266.5)) ;
#13625=CARTESIAN_POINT('Line Origine',(0.,-16.,-266.5)) ;
#13637=CARTESIAN_POINT('Axis2P3D Location',(-119.5,-45.9932443213,0.)) ;
#13642=CARTESIAN_POINT('Line Origine',(-104.5,-45.9932443213,0.)) ;
#13646=CARTESIAN_POINT('Vertex',(-104.5,-45.9932443213,-266.5)) ;
#13649=CARTESIAN_POINT('Axis2P3D Location',(-119.5,-45.9932443213,-266.5)) ;
#13653=CARTESIAN_POINT('Vertex',(-115.617714323,-31.504356927,-266.5)) ;
#13656=CARTESIAN_POINT('Line Origine',(-115.617714323,-31.504356927,0.)) ;
#13668=CARTESIAN_POINT('Axis2P3D Location',(-204.5,-140.5,0.)) ;
#13673=CARTESIAN_POINT('Line Origine',(-204.5,-240.5,0.)) ;
#13677=CARTESIAN_POINT('Vertex',(-204.5,-240.5,-266.5)) ;
#13680=CARTESIAN_POINT('Axis2P3D Location',(-204.5,-140.5,-266.5)) ;
#13684=CARTESIAN_POINT('Vertex',(-104.5,-140.5,-266.5)) ;
#13687=CARTESIAN_POINT('Line Origine',(-104.5,-140.5,0.)) ;
#13699=CARTESIAN_POINT('Axis2P3D Location',(-327.5,-240.5,0.)) ;
#13704=CARTESIAN_POINT('Line Origine',(-327.5,-240.5,-271.5)) ;
#13708=CARTESIAN_POINT('Vertex',(-327.5,-240.5,-266.5)) ;
#13711=CARTESIAN_POINT('Line Origine',(-266.,-240.5,-266.5)) ;
#13723=CARTESIAN_POINT('Axis2P3D Location',(-11.5,-74.75,0.)) ;
#13728=CARTESIAN_POINT('Line Origine',(-11.5,-138.25,-266.5)) ;
#13732=CARTESIAN_POINT('Vertex',(-11.5,-201.75,-266.5)) ;
#13735=CARTESIAN_POINT('Line Origine',(-11.5,-201.75,-271.5)) ;
#13747=CARTESIAN_POINT('Axis2P3D Location',(-327.5,-250.5,0.)) ;
#13752=CARTESIAN_POINT('Axis2P3D Location',(-327.5,-250.5,-266.5)) ;
#13764=CARTESIAN_POINT('Axis2P3D Location',(-104.5,-45.9932443213,0.)) ;
#13769=CARTESIAN_POINT('Line Origine',(-104.5,-93.2466221606,-266.5)) ;
#13781=CARTESIAN_POINT('Axis2P3D Location',(-117.5,-31.,0.)) ;
#13786=CARTESIAN_POINT('Line Origine',(-116.558857162,-31.2521784635,-266.5)) ;
#13790=CARTESIAN_POINT('Vertex',(-117.5,-31.,-266.5)) ;
#13793=CARTESIAN_POINT('Line Origine',(-117.5,-31.,-271.5)) ;
#13805=CARTESIAN_POINT('Axis2P3D Location',(-117.5,-16.,0.)) ;
#13810=CARTESIAN_POINT('Line Origine',(-117.5,-23.5,-266.5)) ;
#13822=CARTESIAN_POINT('Axis2P3D Location',(89.,-260.5,0.)) ;
#13827=CARTESIAN_POINT('Line Origine',(89.,-159.159863342,-266.5)) ;
#13831=CARTESIAN_POINT('Vertex',(89.,-260.5,-266.5)) ;
#13834=CARTESIAN_POINT('Line Origine',(89.,-260.5,-271.5)) ;
#13846=CARTESIAN_POINT('Axis2P3D Location',(-337.5,-260.5,0.)) ;
#13851=CARTESIAN_POINT('Line Origine',(-124.25,-260.5,-266.5)) ;
#13863=CARTESIAN_POINT('Axis2P3D Location',(17.25,-201.75,-138.910000001)) ;
#13868=CARTESIAN_POINT('Axis2P3D Location',(17.25,-201.75,-266.5)) ;
#13880=CARTESIAN_POINT('Axis2P3D Location',(-373.475280762,-2.28687653573E-014,-266.5)) ;
#13911=CARTESIAN_POINT('Axis2P3D Location',(1.59510245589E-014,-260.5,-515.5)) ;
#13916=CARTESIAN_POINT('Line Origine',(66.,-260.5,-213.25)) ;
#13920=CARTESIAN_POINT('Vertex',(66.,-260.5,-160.)) ;
#13922=CARTESIAN_POINT('Vertex',(66.,-260.5,-266.5)) ;
#13925=CARTESIAN_POINT('Line Origine',(70.,-260.5,-266.5)) ;
#13929=CARTESIAN_POINT('Vertex',(74.,-260.5,-266.5)) ;
#13932=CARTESIAN_POINT('Line Origine',(74.,-260.5,-213.25)) ;
#13936=CARTESIAN_POINT('Vertex',(74.,-260.5,-160.)) ;
#13939=CARTESIAN_POINT('Line Origine',(70.,-260.5,-160.)) ;
#13951=CARTESIAN_POINT('Axis2P3D Location',(1.442021606E-014,-235.5,-160.)) ;
#13956=CARTESIAN_POINT('Axis2P3D Location',(66.,-235.5,-160.)) ;
#13960=CARTESIAN_POINT('Vertex',(65.9999999999,-235.5,-135.)) ;
#13963=CARTESIAN_POINT('Axis2P3D Location',(74.,-235.5,-160.)) ;
#13967=CARTESIAN_POINT('Vertex',(73.9999999999,-235.5,-135.)) ;
#13970=CARTESIAN_POINT('Line Origine',(0.,-235.5,-135.)) ;
#13982=CARTESIAN_POINT('Axis2P3D Location',(1.12340566283E-014,-183.466067704,-135.)) ;
#13987=CARTESIAN_POINT('Line Origine',(65.9999999999,-209.483033852,-135.)) ;
#13991=CARTESIAN_POINT('Vertex',(66.,-183.466067704,-135.)) ;
#13994=CARTESIAN_POINT('Line Origine',(73.9999999999,-209.483033852,-135.)) ;
#13998=CARTESIAN_POINT('Vertex',(74.,-183.466067704,-135.)) ;
#14001=CARTESIAN_POINT('Line Origine',(70.,-183.466067704,-135.)) ;
#14013=CARTESIAN_POINT('Axis2P3D Location',(1.12340566283E-014,-183.466067704,-100.)) ;
#14018=CARTESIAN_POINT('Axis2P3D Location',(74.,-183.466067704,-100.)) ;
#14022=CARTESIAN_POINT('Vertex',(73.9999999999,-163.390892431,-128.67032155)) ;
#14025=CARTESIAN_POINT('Line Origine',(0.,-163.390892431,-128.67032155)) ;
#14029=CARTESIAN_POINT('Vertex',(65.9999999999,-163.390892431,-128.67032155)) ;
#14032=CARTESIAN_POINT('Axis2P3D Location',(66.,-183.466067704,-100.)) ;
#14044=CARTESIAN_POINT('Axis2P3D Location',(1.00048066713E-014,-163.390892431,-128.67032155)) ;
#14049=CARTESIAN_POINT('Line Origine',(73.9999999999,-131.86515167,-106.595760221)) ;
#14053=CARTESIAN_POINT('Vertex',(74.,-100.339410909,-84.5211988928)) ;
#14056=CARTESIAN_POINT('Line Origine',(70.,-100.339410909,-84.5211988928)) ;
#14060=CARTESIAN_POINT('Vertex',(66.,-100.339410909,-84.5211988928)) ;
#14063=CARTESIAN_POINT('Line Origine',(65.9999999999,-131.86515167,-106.595760221)) ;
#14075=CARTESIAN_POINT('Axis2P3D Location',(5.26598123633E-015,-86.,-105.)) ;
#14080=CARTESIAN_POINT('Axis2P3D Location',(66.,-86.,-105.)) ;
#14084=CARTESIAN_POINT('Vertex',(66.,-86.,-80.)) ;
#14087=CARTESIAN_POINT('Axis2P3D Location',(74.,-86.,-105.)) ;
#14091=CARTESIAN_POINT('Vertex',(74.,-86.,-80.)) ;
#14094=CARTESIAN_POINT('Line Origine',(0.,-86.,-80.)) ;
#14106=CARTESIAN_POINT('Axis2P3D Location',(74.,4.53119315685E-015,-266.5)) ;
#14111=CARTESIAN_POINT('Line Origine',(74.,-15.9999999999,-173.25)) ;
#14115=CARTESIAN_POINT('Vertex',(74.0000000001,-16.,-80.)) ;
#14117=CARTESIAN_POINT('Vertex',(74.,-16.,-266.5)) ;
#14120=CARTESIAN_POINT('Line Origine',(74.,-51.,-80.)) ;
#14125=CARTESIAN_POINT('Line Origine',(74.,-138.25,-266.5)) ;
#14142=CARTESIAN_POINT('Axis2P3D Location',(74.,4.53119315685E-015,-266.5)) ;
#14147=CARTESIAN_POINT('Line Origine',(66.,-138.25,-266.5)) ;
#14151=CARTESIAN_POINT('Vertex',(66.,-16.,-266.5)) ;
#14154=CARTESIAN_POINT('Line Origine',(70.,-16.,-266.5)) ;
#14166=CARTESIAN_POINT('Axis2P3D Location',(66.,4.04133443719E-015,-80.)) ;
#14171=CARTESIAN_POINT('Line Origine',(66.,-16.,-173.25)) ;
#14175=CARTESIAN_POINT('Vertex',(66.0000000001,-16.,-80.)) ;
#14178=CARTESIAN_POINT('Line Origine',(66.,-51.,-80.)) ;
#14195=CARTESIAN_POINT('Axis2P3D Location',(9.79717439318E-016,-16.,-80.)) ;
#14200=CARTESIAN_POINT('Line Origine',(69.9999999999,-16.,-80.)) ;
#14212=CARTESIAN_POINT('Axis2P3D Location',(9.79717439318E-016,-16.,-80.)) ;
#14227=CARTESIAN_POINT('Axis2P3D Location',(1.59510245589E-014,-260.5,-515.5)) ;
#14232=CARTESIAN_POINT('Line Origine',(74.0000000001,-260.5,-396.)) ;
#14236=CARTESIAN_POINT('Vertex',(74.0000000001,-260.5,-515.5)) ;
#14238=CARTESIAN_POINT('Vertex',(74.,-260.5,-276.5)) ;
#14241=CARTESIAN_POINT('Line Origine',(70.,-260.5,-276.5)) ;
#14245=CARTESIAN_POINT('Vertex',(66.,-260.5,-276.5)) ;
#14248=CARTESIAN_POINT('Line Origine',(66.0000000001,-260.5,-396.)) ;
#14252=CARTESIAN_POINT('Vertex',(66.0000000001,-260.5,-515.5)) ;
#14255=CARTESIAN_POINT('Line Origine',(69.9999999999,-260.5,-515.5)) ;
#14267=CARTESIAN_POINT('Axis2P3D Location',(1.59510245589E-014,-260.5,-515.5)) ;
#14272=CARTESIAN_POINT('Line Origine',(69.9999999999,-68.729600543,-515.5)) ;
#14276=CARTESIAN_POINT('Vertex',(66.,-68.729600543,-515.5)) ;
#14278=CARTESIAN_POINT('Vertex',(74.,-68.729600543,-515.5)) ;
#14281=CARTESIAN_POINT('Line Origine',(74.,-164.614800272,-515.5)) ;
#14286=CARTESIAN_POINT('Line Origine',(66.,-164.614800272,-515.5)) ;
#14298=CARTESIAN_POINT('Axis2P3D Location',(66.,4.04133443719E-015,-276.5)) ;
#14303=CARTESIAN_POINT('Line Origine',(66.,-138.25,-276.5)) ;
#14307=CARTESIAN_POINT('Vertex',(66.,-16.,-276.5)) ;
#14310=CARTESIAN_POINT('Line Origine',(74.,-138.25,-276.5)) ;
#14314=CARTESIAN_POINT('Vertex',(74.,-16.,-276.5)) ;
#14317=CARTESIAN_POINT('Line Origine',(70.,-16.,-276.5)) ;
#14329=CARTESIAN_POINT('Axis2P3D Location',(74.,4.53119315685E-015,-515.5)) ;
#14334=CARTESIAN_POINT('Axis2P3D Location',(74.,-68.729600543,-475.5)) ;
#14338=CARTESIAN_POINT('Vertex',(74.,-28.8818126194,-478.98622971)) ;
#14341=CARTESIAN_POINT('Line Origine',(74.,-22.5170123478,-406.23622971)) ;
#14345=CARTESIAN_POINT('Vertex',(74.,-16.1522120763,-333.48622971)) ;
#14348=CARTESIAN_POINT('Axis2P3D Location',(74.,-56.,-330.)) ;
#14352=CARTESIAN_POINT('Vertex',(74.,-16.,-330.)) ;
#14355=CARTESIAN_POINT('Line Origine',(74.,-16.,-303.25)) ;
#14370=CARTESIAN_POINT('Axis2P3D Location',(66.,4.04133443719E-015,-276.5)) ;
#14375=CARTESIAN_POINT('Line Origine',(66.,-16.,-303.25)) ;
#14379=CARTESIAN_POINT('Vertex',(66.,-16.,-330.)) ;
#14382=CARTESIAN_POINT('Axis2P3D Location',(66.,-56.,-330.)) ;
#14386=CARTESIAN_POINT('Vertex',(66.,-16.1522120763,-333.48622971)) ;
#14389=CARTESIAN_POINT('Line Origine',(66.,-22.5170123478,-406.23622971)) ;
#14393=CARTESIAN_POINT('Vertex',(66.,-28.8818126194,-478.98622971)) ;
#14396=CARTESIAN_POINT('Axis2P3D Location',(66.,-68.729600543,-475.5)) ;
#14411=CARTESIAN_POINT('Axis2P3D Location',(9.89037740921E-016,-16.1522120763,-333.48622971)) ;
#14416=CARTESIAN_POINT('Line Origine',(70.,-16.1522120763,-333.48622971)) ;
#14421=CARTESIAN_POINT('Line Origine',(70.,-28.8818126194,-478.98622971)) ;
#14433=CARTESIAN_POINT('Axis2P3D Location',(4.20847426558E-015,-68.729600543,-475.5)) ;
#14445=CARTESIAN_POINT('Axis2P3D Location',(3.42901103761E-015,-56.,-330.)) ;
#14450=CARTESIAN_POINT('Line Origine',(0.,-16.,-330.)) ;
#14462=CARTESIAN_POINT('Axis2P3D Location',(9.79717439318E-016,-16.,-80.)) ;
#14477=CARTESIAN_POINT('Axis2P3D Location',(-105.5,-260.5,-515.5)) ;
#14482=CARTESIAN_POINT('Line Origine',(-39.5,-260.5,-213.25)) ;
#14486=CARTESIAN_POINT('Vertex',(-39.5,-260.5,-160.)) ;
#14488=CARTESIAN_POINT('Vertex',(-39.5,-260.5,-266.5)) ;
#14491=CARTESIAN_POINT('Line Origine',(-35.5,-260.5,-266.5)) ;
#14495=CARTESIAN_POINT('Vertex',(-31.5,-260.5,-266.5)) ;
#14498=CARTESIAN_POINT('Line Origine',(-31.5,-260.5,-213.25)) ;
#14502=CARTESIAN_POINT('Vertex',(-31.5,-260.5,-160.)) ;
#14505=CARTESIAN_POINT('Line Origine',(-35.5,-260.5,-160.)) ;
#14517=CARTESIAN_POINT('Axis2P3D Location',(-105.5,-235.5,-160.)) ;
#14522=CARTESIAN_POINT('Axis2P3D Location',(-39.5,-235.5,-160.)) ;
#14526=CARTESIAN_POINT('Vertex',(-39.5000000001,-235.5,-135.)) ;
#14529=CARTESIAN_POINT('Axis2P3D Location',(-31.5,-235.5,-160.)) ;
#14533=CARTESIAN_POINT('Vertex',(-31.5000000001,-235.5,-135.)) ;
#14536=CARTESIAN_POINT('Line Origine',(-105.5,-235.5,-135.)) ;
#14548=CARTESIAN_POINT('Axis2P3D Location',(-105.5,-183.466067704,-135.)) ;
#14553=CARTESIAN_POINT('Line Origine',(-39.5000000001,-209.483033852,-135.)) ;
#14557=CARTESIAN_POINT('Vertex',(-39.5,-183.466067704,-135.)) ;
#14560=CARTESIAN_POINT('Line Origine',(-31.5000000001,-209.483033852,-135.)) ;
#14564=CARTESIAN_POINT('Vertex',(-31.5,-183.466067704,-135.)) ;
#14567=CARTESIAN_POINT('Line Origine',(-35.5,-183.466067704,-135.)) ;
#14579=CARTESIAN_POINT('Axis2P3D Location',(-105.5,-183.466067704,-100.)) ;
#14584=CARTESIAN_POINT('Axis2P3D Location',(-31.5,-183.466067704,-100.)) ;
#14588=CARTESIAN_POINT('Vertex',(-31.5000000001,-163.390892431,-128.67032155)) ;
#14591=CARTESIAN_POINT('Line Origine',(-105.5,-163.390892431,-128.67032155)) ;
#14595=CARTESIAN_POINT('Vertex',(-39.5000000001,-163.390892431,-128.67032155)) ;
#14598=CARTESIAN_POINT('Axis2P3D Location',(-39.5,-183.466067704,-100.)) ;
#14610=CARTESIAN_POINT('Axis2P3D Location',(-105.5,-163.390892431,-128.67032155)) ;
#14615=CARTESIAN_POINT('Line Origine',(-31.5000000001,-131.86515167,-106.595760221)) ;
#14619=CARTESIAN_POINT('Vertex',(-31.5,-100.339410909,-84.5211988928)) ;
#14622=CARTESIAN_POINT('Line Origine',(-35.5,-100.339410909,-84.5211988928)) ;
#14626=CARTESIAN_POINT('Vertex',(-39.5,-100.339410909,-84.5211988928)) ;
#14629=CARTESIAN_POINT('Line Origine',(-39.5000000001,-131.86515167,-106.595760221)) ;
#14641=CARTESIAN_POINT('Axis2P3D Location',(-105.5,-86.,-105.)) ;
#14646=CARTESIAN_POINT('Axis2P3D Location',(-39.5,-86.,-105.)) ;
#14650=CARTESIAN_POINT('Vertex',(-39.5,-86.,-80.)) ;
#14653=CARTESIAN_POINT('Axis2P3D Location',(-31.5,-86.,-105.)) ;
#14657=CARTESIAN_POINT('Vertex',(-31.5,-86.,-80.)) ;
#14660=CARTESIAN_POINT('Line Origine',(-105.5,-86.,-80.)) ;
#14672=CARTESIAN_POINT('Axis2P3D Location',(-31.5,-1.92881870866E-015,-266.5)) ;
#14677=CARTESIAN_POINT('Line Origine',(-31.5,-15.9999999999,-173.25)) ;
#14681=CARTESIAN_POINT('Vertex',(-31.4999999999,-16.,-80.)) ;
#14683=CARTESIAN_POINT('Vertex',(-31.5,-16.,-266.5)) ;
#14686=CARTESIAN_POINT('Line Origine',(-31.5,-51.,-80.)) ;
#14691=CARTESIAN_POINT('Line Origine',(-31.5,-138.25,-266.5)) ;
#14708=CARTESIAN_POINT('Axis2P3D Location',(-31.5,-1.92881870866E-015,-266.5)) ;
#14713=CARTESIAN_POINT('Line Origine',(-39.5,-138.25,-266.5)) ;
#14717=CARTESIAN_POINT('Vertex',(-39.5,-16.,-266.5)) ;
#14720=CARTESIAN_POINT('Line Origine',(-35.5,-16.,-266.5)) ;
#14732=CARTESIAN_POINT('Axis2P3D Location',(-39.5,-2.41867742832E-015,-80.)) ;
#14737=CARTESIAN_POINT('Line Origine',(-39.5,-16.,-173.25)) ;
#14741=CARTESIAN_POINT('Vertex',(-39.4999999999,-16.,-80.)) ;
#14744=CARTESIAN_POINT('Line Origine',(-39.5,-51.,-80.)) ;
#14761=CARTESIAN_POINT('Axis2P3D Location',(-105.5,-16.,-80.)) ;
#14766=CARTESIAN_POINT('Line Origine',(-35.5000000001,-16.,-80.)) ;
#14778=CARTESIAN_POINT('Axis2P3D Location',(-105.5,-16.,-80.)) ;
#14793=CARTESIAN_POINT('Axis2P3D Location',(-105.5,-260.5,-515.5)) ;
#14798=CARTESIAN_POINT('Line Origine',(-31.4999999999,-260.5,-396.)) ;
#14802=CARTESIAN_POINT('Vertex',(-31.4999999999,-260.5,-515.5)) ;
#14804=CARTESIAN_POINT('Vertex',(-31.5,-260.5,-276.5)) ;
#14807=CARTESIAN_POINT('Line Origine',(-35.5,-260.5,-276.5)) ;
#14811=CARTESIAN_POINT('Vertex',(-39.5,-260.5,-276.5)) ;
#14814=CARTESIAN_POINT('Line Origine',(-39.4999999999,-260.5,-396.)) ;
#14818=CARTESIAN_POINT('Vertex',(-39.4999999999,-260.5,-515.5)) ;
#14821=CARTESIAN_POINT('Line Origine',(-35.5000000001,-260.5,-515.5)) ;
#14833=CARTESIAN_POINT('Axis2P3D Location',(-105.5,-260.5,-515.5)) ;
#14838=CARTESIAN_POINT('Line Origine',(-35.5000000001,-68.729600543,-515.5)) ;
#14842=CARTESIAN_POINT('Vertex',(-39.5,-68.729600543,-515.5)) ;
#14844=CARTESIAN_POINT('Vertex',(-31.5,-68.729600543,-515.5)) ;
#14847=CARTESIAN_POINT('Line Origine',(-31.5,-164.614800272,-515.5)) ;
#14852=CARTESIAN_POINT('Line Origine',(-39.5,-164.614800272,-515.5)) ;
#14864=CARTESIAN_POINT('Axis2P3D Location',(-39.5,-2.41867742832E-015,-276.5)) ;
#14869=CARTESIAN_POINT('Line Origine',(-39.5,-138.25,-276.5)) ;
#14873=CARTESIAN_POINT('Vertex',(-39.5,-16.,-276.5)) ;
#14876=CARTESIAN_POINT('Line Origine',(-31.5,-138.25,-276.5)) ;
#14880=CARTESIAN_POINT('Vertex',(-31.5,-16.,-276.5)) ;
#14883=CARTESIAN_POINT('Line Origine',(-35.5,-16.,-276.5)) ;
#14895=CARTESIAN_POINT('Axis2P3D Location',(-31.5,-1.92881870866E-015,-515.5)) ;
#14900=CARTESIAN_POINT('Axis2P3D Location',(-31.5,-68.729600543,-475.5)) ;
#14904=CARTESIAN_POINT('Vertex',(-31.5,-28.8818126194,-478.98622971)) ;
#14907=CARTESIAN_POINT('Line Origine',(-31.5,-22.5170123478,-406.23622971)) ;
#14911=CARTESIAN_POINT('Vertex',(-31.5,-16.1522120763,-333.48622971)) ;
#14914=CARTESIAN_POINT('Axis2P3D Location',(-31.5,-56.,-330.)) ;
#14918=CARTESIAN_POINT('Vertex',(-31.5,-16.,-330.)) ;
#14921=CARTESIAN_POINT('Line Origine',(-31.5,-16.,-303.25)) ;
#14936=CARTESIAN_POINT('Axis2P3D Location',(-39.5,-2.41867742832E-015,-276.5)) ;
#14941=CARTESIAN_POINT('Line Origine',(-39.5,-16.,-303.25)) ;
#14945=CARTESIAN_POINT('Vertex',(-39.5,-16.,-330.)) ;
#14948=CARTESIAN_POINT('Axis2P3D Location',(-39.5,-56.,-330.)) ;
#14952=CARTESIAN_POINT('Vertex',(-39.5,-16.1522120763,-333.48622971)) ;
#14955=CARTESIAN_POINT('Line Origine',(-39.5,-22.5170123478,-406.23622971)) ;
#14959=CARTESIAN_POINT('Vertex',(-39.5,-28.8818126194,-478.98622971)) ;
#14962=CARTESIAN_POINT('Axis2P3D Location',(-39.5,-68.729600543,-475.5)) ;
#14977=CARTESIAN_POINT('Axis2P3D Location',(-105.5,-16.1522120763,-333.48622971)) ;
#14982=CARTESIAN_POINT('Line Origine',(-35.5,-16.1522120763,-333.48622971)) ;
#14987=CARTESIAN_POINT('Line Origine',(-35.5,-28.8818126194,-478.98622971)) ;
#14999=CARTESIAN_POINT('Axis2P3D Location',(-105.5,-68.729600543,-475.5)) ;
#15011=CARTESIAN_POINT('Axis2P3D Location',(-105.5,-56.,-330.)) ;
#15016=CARTESIAN_POINT('Line Origine',(-105.5,-16.,-330.)) ;
#15028=CARTESIAN_POINT('Axis2P3D Location',(-105.5,-16.,-80.)) ;
#15043=CARTESIAN_POINT('Axis2P3D Location',(0.,-31.8991239256,-398.737123297)) ;
#15048=CARTESIAN_POINT('Line Origine',(-31.5,-26.9181504352,-399.172902011)) ;
#15052=CARTESIAN_POINT('Vertex',(-31.5,-31.8991239256,-398.737123297)) ;
#15054=CARTESIAN_POINT('Vertex',(-31.5,-21.9371769447,-399.608680725)) ;
#15057=CARTESIAN_POINT('Line Origine',(17.25,-31.8991239256,-398.737123297)) ;
#15061=CARTESIAN_POINT('Vertex',(66.,-31.8991239256,-398.737123297)) ;
#15064=CARTESIAN_POINT('Line Origine',(66.,-26.9181504352,-399.172902011)) ;
#15068=CARTESIAN_POINT('Vertex',(66.,-21.9371769447,-399.608680725)) ;
#15071=CARTESIAN_POINT('Line Origine',(17.25,-21.9371769447,-399.608680725)) ;
#15083=CARTESIAN_POINT('Line Origine',(66.,-22.3729556584,-404.589654215)) ;
#15087=CARTESIAN_POINT('Vertex',(66.,-22.8087343722,-409.570627706)) ;
#15090=CARTESIAN_POINT('Line Origine',(66.,-32.3349026393,-403.718096788)) ;
#15094=CARTESIAN_POINT('Vertex',(66.,-32.7706813531,-408.699070278)) ;
#15097=CARTESIAN_POINT('Line Origine',(66.,-27.7897078626,-409.134848992)) ;
#15109=CARTESIAN_POINT('Axis2P3D Location',(0.,-32.7706813531,-408.699070278)) ;
#15114=CARTESIAN_POINT('Line Origine',(-31.5,-32.3349026393,-403.718096788)) ;
#15118=CARTESIAN_POINT('Vertex',(-31.5,-32.7706813531,-408.699070278)) ;
#15121=CARTESIAN_POINT('Line Origine',(17.25,-32.7706813531,-408.699070278)) ;
#15133=CARTESIAN_POINT('Axis2P3D Location',(0.,-22.8087343722,-409.570627706)) ;
#15138=CARTESIAN_POINT('Line Origine',(-31.5,-27.7897078626,-409.134848992)) ;
#15142=CARTESIAN_POINT('Vertex',(-31.5,-22.8087343722,-409.570627706)) ;
#15145=CARTESIAN_POINT('Line Origine',(17.25,-22.8087343722,-409.570627706)) ;
#15157=CARTESIAN_POINT('Line Origine',(-31.5,-22.3729556584,-404.589654215)) ;
#15169=CARTESIAN_POINT('Axis2P3D Location',(0.,-21.9371769447,-399.608680725)) ;
#15184=CARTESIAN_POINT('Axis2P3D Location',(0.,-260.5,-376.5)) ;
#15189=CARTESIAN_POINT('Line Origine',(66.,-255.5,-376.5)) ;
#15193=CARTESIAN_POINT('Vertex',(66.,-260.5,-376.5)) ;
#15195=CARTESIAN_POINT('Vertex',(66.,-250.5,-376.5)) ;
#15198=CARTESIAN_POINT('Line Origine',(17.25,-250.5,-376.5)) ;
#15202=CARTESIAN_POINT('Vertex',(-31.5,-250.5,-376.5)) ;
#15205=CARTESIAN_POINT('Line Origine',(-31.5,-255.5,-376.5)) ;
#15209=CARTESIAN_POINT('Vertex',(-31.5,-260.5,-376.5)) ;
#15212=CARTESIAN_POINT('Line Origine',(17.25,-260.5,-376.5)) ;
#15224=CARTESIAN_POINT('Axis2P3D Location',(0.,-260.5,-386.5)) ;
#15229=CARTESIAN_POINT('Line Origine',(66.,-260.5,-381.5)) ;
#15233=CARTESIAN_POINT('Vertex',(66.,-260.5,-386.5)) ;
#15236=CARTESIAN_POINT('Line Origine',(-31.5,-260.5,-381.5)) ;
#15240=CARTESIAN_POINT('Vertex',(-31.5,-260.5,-386.5)) ;
#15243=CARTESIAN_POINT('Line Origine',(17.25,-260.5,-386.5)) ;
#15255=CARTESIAN_POINT('Line Origine',(66.,-255.5,-386.5)) ;
#15259=CARTESIAN_POINT('Vertex',(66.,-250.5,-386.5)) ;
#15262=CARTESIAN_POINT('Line Origine',(66.,-250.5,-381.5)) ;
#15274=CARTESIAN_POINT('Axis2P3D Location',(0.,-250.5,-386.5)) ;
#15279=CARTESIAN_POINT('Line Origine',(-31.5,-255.5,-386.5)) ;
#15283=CARTESIAN_POINT('Vertex',(-31.5,-250.5,-386.5)) ;
#15286=CARTESIAN_POINT('Line Origine',(17.25,-250.5,-386.5)) ;
#15298=CARTESIAN_POINT('Axis2P3D Location',(0.,-250.5,-376.5)) ;
#15303=CARTESIAN_POINT('Line Origine',(-31.5,-250.5,-381.5)) ;
#15325=CARTESIAN_POINT('Axis2P3D Location',(0.,-250.5,-216.5)) ;
#15330=CARTESIAN_POINT('Line Origine',(66.,-250.5,-221.5)) ;
#15334=CARTESIAN_POINT('Vertex',(66.,-250.5,-216.5)) ;
#15336=CARTESIAN_POINT('Vertex',(66.,-250.5,-226.5)) ;
#15339=CARTESIAN_POINT('Line Origine',(17.25,-250.5,-226.5)) ;
#15343=CARTESIAN_POINT('Vertex',(-31.5,-250.5,-226.5)) ;
#15346=CARTESIAN_POINT('Line Origine',(-31.5,-250.5,-221.5)) ;
#15350=CARTESIAN_POINT('Vertex',(-31.5,-250.5,-216.5)) ;
#15353=CARTESIAN_POINT('Line Origine',(17.25,-250.5,-216.5)) ;
#15365=CARTESIAN_POINT('Axis2P3D Location',(0.,-250.5,-216.5)) ;
#15370=CARTESIAN_POINT('Line Origine',(-31.5,-255.5,-216.5)) ;
#15374=CARTESIAN_POINT('Vertex',(-31.5,-260.5,-216.5)) ;
#15377=CARTESIAN_POINT('Line Origine',(17.25,-260.5,-216.5)) ;
#15381=CARTESIAN_POINT('Vertex',(66.,-260.5,-216.5)) ;
#15384=CARTESIAN_POINT('Line Origine',(66.,-255.5,-216.5)) ;
#15396=CARTESIAN_POINT('Line Origine',(66.,-260.5,-221.5)) ;
#15400=CARTESIAN_POINT('Vertex',(66.,-260.5,-226.5)) ;
#15403=CARTESIAN_POINT('Line Origine',(66.,-255.5,-226.5)) ;
#15415=CARTESIAN_POINT('Axis2P3D Location',(0.,-260.5,-226.5)) ;
#15420=CARTESIAN_POINT('Line Origine',(-31.5,-260.5,-221.5)) ;
#15424=CARTESIAN_POINT('Vertex',(-31.5,-260.5,-226.5)) ;
#15427=CARTESIAN_POINT('Line Origine',(17.25,-260.5,-226.5)) ;
#15439=CARTESIAN_POINT('Axis2P3D Location',(0.,-260.5,-226.5)) ;
#15444=CARTESIAN_POINT('Line Origine',(-31.5,-255.5,-226.5)) ;
#15466=CARTESIAN_POINT('Axis2P3D Location',(0.,-26.,-216.5)) ;
#15471=CARTESIAN_POINT('Line Origine',(66.,-21.,-216.5)) ;
#15475=CARTESIAN_POINT('Vertex',(66.,-26.,-216.5)) ;
#15477=CARTESIAN_POINT('Vertex',(66.,-16.,-216.5)) ;
#15480=CARTESIAN_POINT('Line Origine',(17.25,-16.,-216.5)) ;
#15484=CARTESIAN_POINT('Vertex',(-31.5,-16.,-216.5)) ;
#15487=CARTESIAN_POINT('Line Origine',(-31.5,-21.,-216.5)) ;
#15491=CARTESIAN_POINT('Vertex',(-31.5,-26.,-216.5)) ;
#15494=CARTESIAN_POINT('Line Origine',(17.25,-26.,-216.5)) ;
#15506=CARTESIAN_POINT('Axis2P3D Location',(0.,-26.,-226.5)) ;
#15511=CARTESIAN_POINT('Line Origine',(66.,-26.,-221.5)) ;
#15515=CARTESIAN_POINT('Vertex',(66.,-26.,-226.5)) ;
#15518=CARTESIAN_POINT('Line Origine',(-31.5,-26.,-221.5)) ;
#15522=CARTESIAN_POINT('Vertex',(-31.5,-26.,-226.5)) ;
#15525=CARTESIAN_POINT('Line Origine',(17.25,-26.,-226.5)) ;
#15537=CARTESIAN_POINT('Line Origine',(66.,-21.,-226.5)) ;
#15541=CARTESIAN_POINT('Vertex',(66.,-16.,-226.5)) ;
#15544=CARTESIAN_POINT('Line Origine',(66.,-16.,-221.5)) ;
#15556=CARTESIAN_POINT('Axis2P3D Location',(0.,-16.,-226.5)) ;
#15561=CARTESIAN_POINT('Line Origine',(-31.5,-21.,-226.5)) ;
#15565=CARTESIAN_POINT('Vertex',(-31.5,-16.,-226.5)) ;
#15568=CARTESIAN_POINT('Line Origine',(17.25,-16.,-226.5)) ;
#15580=CARTESIAN_POINT('Axis2P3D Location',(0.,-16.,-216.5)) ;
#15585=CARTESIAN_POINT('Line Origine',(-31.5,-16.,-221.5)) ;
#15607=CARTESIAN_POINT('Axis2P3D Location',(197.5,-108.660000001,-96.)) ;
#15612=CARTESIAN_POINT('Line Origine',(193.,-108.660000001,-96.)) ;
#15616=CARTESIAN_POINT('Vertex',(193.,-210.,-96.)) ;
#15618=CARTESIAN_POINT('Vertex',(193.,-216.,-96.)) ;
#15621=CARTESIAN_POINT('Axis2P3D Location',(197.5,-216.,-96.)) ;
#15625=CARTESIAN_POINT('Vertex',(202.,-216.,-96.)) ;
#15628=CARTESIAN_POINT('Line Origine',(202.,-108.660000001,-96.)) ;
#15632=CARTESIAN_POINT('Vertex',(202.,-210.,-96.)) ;
#15635=CARTESIAN_POINT('Axis2P3D Location',(197.5,-210.,-96.)) ;
#15647=CARTESIAN_POINT('Axis2P3D Location',(124.,7.59281015471E-015,-115.)) ;
#15652=CARTESIAN_POINT('Line Origine',(124.,0.,-110.)) ;
#15656=CARTESIAN_POINT('Vertex',(124.,-210.,-110.)) ;
#15658=CARTESIAN_POINT('Vertex',(124.,-216.,-110.)) ;
#15661=CARTESIAN_POINT('Axis2P3D Location',(124.,-216.,-115.)) ;
#15665=CARTESIAN_POINT('Vertex',(119.,-216.,-115.)) ;
#15668=CARTESIAN_POINT('Line Origine',(119.,0.,-115.)) ;
#15672=CARTESIAN_POINT('Vertex',(119.,-210.,-115.)) ;
#15675=CARTESIAN_POINT('Axis2P3D Location',(124.,-210.,-115.)) ;
#15687=CARTESIAN_POINT('Axis2P3D Location',(204.,1.24913973513E-014,-110.)) ;
#15692=CARTESIAN_POINT('Line Origine',(204.,-213.,-110.)) ;
#15696=CARTESIAN_POINT('Vertex',(204.,-210.,-110.)) ;
#15698=CARTESIAN_POINT('Vertex',(204.,-216.,-110.)) ;
#15701=CARTESIAN_POINT('Line Origine',(164.,-216.,-110.)) ;
#15706=CARTESIAN_POINT('Line Origine',(164.,-210.,-110.)) ;
#15718=CARTESIAN_POINT('Axis2P3D Location',(89.,5.44967825621E-015,-82.)) ;
#15723=CARTESIAN_POINT('Line Origine',(89.,-213.,-82.)) ;
#15727=CARTESIAN_POINT('Vertex',(89.,-210.,-82.)) ;
#15729=CARTESIAN_POINT('Vertex',(89.,-216.,-82.)) ;
#15732=CARTESIAN_POINT('Line Origine',(146.5,-216.,-82.)) ;
#15736=CARTESIAN_POINT('Vertex',(204.,-216.,-82.)) ;
#15739=CARTESIAN_POINT('Line Origine',(204.,-213.,-82.)) ;
#15743=CARTESIAN_POINT('Vertex',(204.,-210.,-82.)) ;
#15746=CARTESIAN_POINT('Line Origine',(146.5,-210.,-82.)) ;
#15758=CARTESIAN_POINT('Axis2P3D Location',(140.5,-108.660000001,-96.)) ;
#15763=CARTESIAN_POINT('Line Origine',(145.,-108.660000001,-96.)) ;
#15767=CARTESIAN_POINT('Vertex',(145.,-210.,-96.)) ;
#15769=CARTESIAN_POINT('Vertex',(145.,-216.,-96.)) ;
#15772=CARTESIAN_POINT('Axis2P3D Location',(140.5,-216.,-96.)) ;
#15776=CARTESIAN_POINT('Vertex',(136.,-216.,-96.)) ;
#15779=CARTESIAN_POINT('Line Origine',(136.,-108.660000001,-96.)) ;
#15783=CARTESIAN_POINT('Vertex',(136.,-210.,-96.)) ;
#15786=CARTESIAN_POINT('Axis2P3D Location',(140.5,-210.,-96.)) ;
#15798=CARTESIAN_POINT('Axis2P3D Location',(140.5,-216.,-96.)) ;
#15803=CARTESIAN_POINT('Axis2P3D Location',(140.5,-210.,-96.)) ;
#15815=CARTESIAN_POINT('Axis2P3D Location',(89.,5.44967825621E-015,-92.)) ;
#15820=CARTESIAN_POINT('Axis2P3D Location',(89.,-210.,-92.)) ;
#15824=CARTESIAN_POINT('Vertex',(79.,-210.,-92.)) ;
#15827=CARTESIAN_POINT('Line Origine',(79.,0.,-92.)) ;
#15831=CARTESIAN_POINT('Vertex',(79.,-216.,-92.)) ;
#15834=CARTESIAN_POINT('Axis2P3D Location',(89.,-216.,-92.)) ;
#15846=CARTESIAN_POINT('Axis2P3D Location',(204.,1.24913973513E-014,-87.)) ;
#15851=CARTESIAN_POINT('Axis2P3D Location',(204.,-210.,-87.)) ;
#15855=CARTESIAN_POINT('Vertex',(209.,-210.,-87.)) ;
#15858=CARTESIAN_POINT('Axis2P3D Location',(204.,-216.,-87.)) ;
#15862=CARTESIAN_POINT('Vertex',(209.,-216.,-87.)) ;
#15865=CARTESIAN_POINT('Line Origine',(209.,0.,-87.)) ;
#15877=CARTESIAN_POINT('Axis2P3D Location',(209.,1.27975590511E-014,-105.)) ;
#15882=CARTESIAN_POINT('Line Origine',(209.,-210.,-96.)) ;
#15886=CARTESIAN_POINT('Vertex',(209.,-210.,-105.)) ;
#15889=CARTESIAN_POINT('Line Origine',(209.,-216.,-96.)) ;
#15893=CARTESIAN_POINT('Vertex',(209.,-216.,-105.)) ;
#15896=CARTESIAN_POINT('Line Origine',(209.,-213.,-105.)) ;
#15908=CARTESIAN_POINT('Axis2P3D Location',(204.,1.24913973513E-014,-105.)) ;
#15913=CARTESIAN_POINT('Axis2P3D Location',(204.,-210.,-105.)) ;
#15918=CARTESIAN_POINT('Axis2P3D Location',(204.,-216.,-105.)) ;
#15930=CARTESIAN_POINT('Axis2P3D Location',(119.,7.28664845493E-015,-125.)) ;
#15935=CARTESIAN_POINT('Line Origine',(119.,-210.,-120.)) ;
#15939=CARTESIAN_POINT('Vertex',(119.,-210.,-125.)) ;
#15942=CARTESIAN_POINT('Line Origine',(119.,-216.,-120.)) ;
#15946=CARTESIAN_POINT('Vertex',(119.,-216.,-125.)) ;
#15949=CARTESIAN_POINT('Line Origine',(119.,-213.,-125.)) ;
#15961=CARTESIAN_POINT('Axis2P3D Location',(79.,4.83735485663E-015,-125.)) ;
#15966=CARTESIAN_POINT('Line Origine',(99.,-210.,-125.)) ;
#15970=CARTESIAN_POINT('Vertex',(79.,-210.,-125.)) ;
#15973=CARTESIAN_POINT('Line Origine',(99.,-216.,-125.)) ;
#15977=CARTESIAN_POINT('Vertex',(79.,-216.,-125.)) ;
#15980=CARTESIAN_POINT('Line Origine',(79.,-213.,-125.)) ;
#15992=CARTESIAN_POINT('Axis2P3D Location',(79.,4.83735485663E-015,-92.)) ;
#15997=CARTESIAN_POINT('Line Origine',(79.,-210.,-108.5)) ;
#16002=CARTESIAN_POINT('Line Origine',(79.,-216.,-108.5)) ;
#16014=CARTESIAN_POINT('Axis2P3D Location',(216.131133093,-216.,0.)) ;
#16031=CARTESIAN_POINT('Axis2P3D Location',(197.5,-216.,-96.)) ;
#16045=CARTESIAN_POINT('Axis2P3D Location',(197.5,-210.,-96.)) ;
#16057=CARTESIAN_POINT('Axis2P3D Location',(65.9506201075,-210.,0.)) ;
#16086=CARTESIAN_POINT('Axis2P3D Location',(0.,-181.,-183.5)) ;
#16091=CARTESIAN_POINT('Line Origine',(81.5,-181.,-183.5)) ;
#16095=CARTESIAN_POINT('Vertex',(74.,-181.,-183.5)) ;
#16097=CARTESIAN_POINT('Vertex',(89.,-181.,-183.5)) ;
#16100=CARTESIAN_POINT('Line Origine',(89.,-134.981675245,-183.5)) ;
#16104=CARTESIAN_POINT('Vertex',(89.,-88.9633504898,-183.5)) ;
#16107=CARTESIAN_POINT('Axis2P3D Location',(149.,-88.9633504898,-183.5)) ;
#16111=CARTESIAN_POINT('Vertex',(133.5,-31.,-183.5)) ;
#16114=CARTESIAN_POINT('Line Origine',(133.5,-23.5,-183.5)) ;
#16118=CARTESIAN_POINT('Vertex',(133.5,-16.,-183.5)) ;
#16121=CARTESIAN_POINT('Line Origine',(103.75,-16.,-183.5)) ;
#16125=CARTESIAN_POINT('Vertex',(74.,-16.,-183.5)) ;
#16128=CARTESIAN_POINT('Line Origine',(74.,-98.5,-183.5)) ;
#16142=CARTESIAN_POINT('Axis2P3D Location',(0.,-181.,-183.5)) ;
#16147=CARTESIAN_POINT('Line Origine',(74.,-181.,-187.5)) ;
#16151=CARTESIAN_POINT('Vertex',(74.,-181.,-191.5)) ;
#16154=CARTESIAN_POINT('Line Origine',(81.5,-181.,-191.5)) ;
#16158=CARTESIAN_POINT('Vertex',(89.,-181.,-191.5)) ;
#16161=CARTESIAN_POINT('Line Origine',(89.,-181.,-187.5)) ;
#16173=CARTESIAN_POINT('Axis2P3D Location',(0.,-16.,-191.5)) ;
#16178=CARTESIAN_POINT('Line Origine',(103.75,-16.,-191.5)) ;
#16182=CARTESIAN_POINT('Vertex',(74.,-16.,-191.5)) ;
#16184=CARTESIAN_POINT('Vertex',(133.5,-16.,-191.5)) ;
#16187=CARTESIAN_POINT('Line Origine',(133.5,-23.5,-191.5)) ;
#16191=CARTESIAN_POINT('Vertex',(133.5,-31.,-191.5)) ;
#16194=CARTESIAN_POINT('Axis2P3D Location',(149.,-88.9633504898,-191.5)) ;
#16198=CARTESIAN_POINT('Vertex',(89.,-88.9633504898,-191.5)) ;
#16201=CARTESIAN_POINT('Line Origine',(89.,-134.981675245,-191.5)) ;
#16206=CARTESIAN_POINT('Line Origine',(74.,-98.5,-191.5)) ;
#16220=CARTESIAN_POINT('Axis2P3D Location',(74.,-16.,0.)) ;
#16225=CARTESIAN_POINT('Line Origine',(74.,-16.,-187.5)) ;
#16237=CARTESIAN_POINT('Axis2P3D Location',(0.,-16.,-191.5)) ;
#16242=CARTESIAN_POINT('Line Origine',(133.5,-16.,-187.5)) ;
#16254=CARTESIAN_POINT('Axis2P3D Location',(133.5,-16.,0.)) ;
#16259=CARTESIAN_POINT('Line Origine',(133.5,-31.,-187.5)) ;
#16271=CARTESIAN_POINT('Axis2P3D Location',(149.,-88.9633504898,0.)) ;
#16276=CARTESIAN_POINT('Line Origine',(89.,-88.9633504898,0.)) ;
#16288=CARTESIAN_POINT('Axis2P3D Location',(89.,-254.036512617,0.)) ;
#16303=CARTESIAN_POINT('Axis2P3D Location',(0.,-181.,-183.5)) ;
#16308=CARTESIAN_POINT('Line Origine',(-47.,-181.,-183.5)) ;
#16312=CARTESIAN_POINT('Vertex',(-54.5,-181.,-183.5)) ;
#16314=CARTESIAN_POINT('Vertex',(-39.5,-181.,-183.5)) ;
#16317=CARTESIAN_POINT('Line Origine',(-39.5,-98.5,-183.5)) ;
#16321=CARTESIAN_POINT('Vertex',(-39.5,-16.,-183.5)) ;
#16324=CARTESIAN_POINT('Line Origine',(-69.25,-16.,-183.5)) ;
#16328=CARTESIAN_POINT('Vertex',(-99.,-16.,-183.5)) ;
#16331=CARTESIAN_POINT('Line Origine',(-99.,-23.5,-183.5)) ;
#16335=CARTESIAN_POINT('Vertex',(-99.,-31.,-183.5)) ;
#16338=CARTESIAN_POINT('Axis2P3D Location',(-114.5,-88.9633504898,-183.5)) ;
#16342=CARTESIAN_POINT('Vertex',(-54.5,-88.9633504898,-183.5)) ;
#16345=CARTESIAN_POINT('Line Origine',(-54.5,-134.981675245,-183.5)) ;
#16359=CARTESIAN_POINT('Axis2P3D Location',(0.,-181.,-183.5)) ;
#16364=CARTESIAN_POINT('Line Origine',(-54.5,-181.,-187.5)) ;
#16368=CARTESIAN_POINT('Vertex',(-54.5,-181.,-191.5)) ;
#16371=CARTESIAN_POINT('Line Origine',(-47.,-181.,-191.5)) ;
#16375=CARTESIAN_POINT('Vertex',(-39.5,-181.,-191.5)) ;
#16378=CARTESIAN_POINT('Line Origine',(-39.5,-181.,-187.5)) ;
#16390=CARTESIAN_POINT('Axis2P3D Location',(0.,-16.,-191.5)) ;
#16395=CARTESIAN_POINT('Line Origine',(-69.25,-16.,-191.5)) ;
#16399=CARTESIAN_POINT('Vertex',(-99.,-16.,-191.5)) ;
#16401=CARTESIAN_POINT('Vertex',(-39.5,-16.,-191.5)) ;
#16404=CARTESIAN_POINT('Line Origine',(-39.5,-98.5,-191.5)) ;
#16409=CARTESIAN_POINT('Line Origine',(-54.5,-134.981675245,-191.5)) ;
#16413=CARTESIAN_POINT('Vertex',(-54.5,-88.9633504898,-191.5)) ;
#16416=CARTESIAN_POINT('Axis2P3D Location',(-114.5,-88.9633504898,-191.5)) ;
#16420=CARTESIAN_POINT('Vertex',(-99.,-31.,-191.5)) ;
#16423=CARTESIAN_POINT('Line Origine',(-99.,-23.5,-191.5)) ;
#16437=CARTESIAN_POINT('Axis2P3D Location',(-54.5,-254.036512617,0.)) ;
#16442=CARTESIAN_POINT('Line Origine',(-54.5,-88.9633504898,-187.5)) ;
#16454=CARTESIAN_POINT('Axis2P3D Location',(-114.5,-88.9633504898,0.)) ;
#16459=CARTESIAN_POINT('Line Origine',(-99.,-31.,0.)) ;
#16471=CARTESIAN_POINT('Axis2P3D Location',(-99.,-16.,0.)) ;
#16476=CARTESIAN_POINT('Line Origine',(-99.,-16.,-187.5)) ;
#16488=CARTESIAN_POINT('Axis2P3D Location',(0.,-16.,-191.5)) ;
#16493=CARTESIAN_POINT('Line Origine',(-39.5,-16.,-187.5)) ;
#16505=CARTESIAN_POINT('Axis2P3D Location',(-39.5,-16.,0.)) ;
#16520=CARTESIAN_POINT('Axis2P3D Location',(-115.,15.8368301392,0.)) ;
#16525=CARTESIAN_POINT('Line Origine',(-115.,-23.5,-70.)) ;
#16529=CARTESIAN_POINT('Vertex',(-115.,-31.,-70.)) ;
#16531=CARTESIAN_POINT('Vertex',(-115.,-16.,-70.)) ;
#16534=CARTESIAN_POINT('Line Origine',(-115.,-16.,-75.)) ;
#16538=CARTESIAN_POINT('Vertex',(-115.,-16.,-80.)) ;
#16541=CARTESIAN_POINT('Line Origine',(-115.,-23.5,-80.)) ;
#16545=CARTESIAN_POINT('Vertex',(-115.,-31.,-80.)) ;
#16548=CARTESIAN_POINT('Line Origine',(-115.,-31.,-75.)) ;
#16560=CARTESIAN_POINT('Axis2P3D Location',(114.,-31.,0.)) ;
#16565=CARTESIAN_POINT('Line Origine',(-114.75,-31.,-80.)) ;
#16569=CARTESIAN_POINT('Vertex',(-114.5,-31.,-80.)) ;
#16572=CARTESIAN_POINT('Line Origine',(-114.5,-31.,-75.)) ;
#16576=CARTESIAN_POINT('Vertex',(-114.5,-31.,-70.)) ;
#16579=CARTESIAN_POINT('Line Origine',(-114.75,-31.,-70.)) ;
#16591=CARTESIAN_POINT('Axis2P3D Location',(9.79717439318E-016,-16.,-80.)) ;
#16596=CARTESIAN_POINT('Axis2P3D Location',(-114.5,-91.,-80.)) ;
#16600=CARTESIAN_POINT('Vertex',(-54.7086962845,-86.,-80.)) ;
#16603=CARTESIAN_POINT('Line Origine',(2.84217094304E-014,-16.,-80.)) ;
#16607=CARTESIAN_POINT('Vertex',(115.,-16.,-80.)) ;
#16610=CARTESIAN_POINT('Line Origine',(115.,-23.5,-80.)) ;
#16614=CARTESIAN_POINT('Vertex',(115.,-31.,-80.)) ;
#16617=CARTESIAN_POINT('Line Origine',(114.5,-31.,-80.)) ;
#16621=CARTESIAN_POINT('Vertex',(114.,-31.,-80.)) ;
#16624=CARTESIAN_POINT('Axis2P3D Location',(114.,-56.,-80.)) ;
#16628=CARTESIAN_POINT('Vertex',(89.,-56.,-80.)) ;
#16631=CARTESIAN_POINT('Line Origine',(89.,-71.,-80.)) ;
#16635=CARTESIAN_POINT('Vertex',(89.,-86.,-80.)) ;
#16638=CARTESIAN_POINT('Line Origine',(17.1456518578,-86.,-80.)) ;
#16655=CARTESIAN_POINT('Axis2P3D Location',(9.79717439318E-016,-16.,-70.)) ;
#16660=CARTESIAN_POINT('Line Origine',(2.84217094304E-014,-16.,-70.)) ;
#16664=CARTESIAN_POINT('Vertex',(115.,-16.,-70.)) ;
#16667=CARTESIAN_POINT('Line Origine',(115.,-16.,-75.)) ;
#16679=CARTESIAN_POINT('Axis2P3D Location',(5.26598123633E-015,-86.,-70.)) ;
#16684=CARTESIAN_POINT('Axis2P3D Location',(-114.5,-91.,-70.)) ;
#16688=CARTESIAN_POINT('Vertex',(-54.7086962845,-86.,-70.)) ;
#16691=CARTESIAN_POINT('Line Origine',(17.1456518578,-86.,-70.)) ;
#16695=CARTESIAN_POINT('Vertex',(89.,-86.,-70.)) ;
#16698=CARTESIAN_POINT('Line Origine',(89.,-71.,-70.)) ;
#16702=CARTESIAN_POINT('Vertex',(89.,-56.,-70.)) ;
#16705=CARTESIAN_POINT('Axis2P3D Location',(114.,-56.,-70.)) ;
#16709=CARTESIAN_POINT('Vertex',(114.,-31.,-70.)) ;
#16712=CARTESIAN_POINT('Line Origine',(114.5,-31.,-70.)) ;
#16716=CARTESIAN_POINT('Vertex',(115.,-31.,-70.)) ;
#16719=CARTESIAN_POINT('Line Origine',(115.,-23.5,-70.)) ;
#16736=CARTESIAN_POINT('Axis2P3D Location',(-114.5,-91.,-258.410000003)) ;
#16742=CARTESIAN_POINT('Control Point',(-54.5,-91.,-80.5051025722)) ;
#16743=CARTESIAN_POINT('Control Point',(-54.5,-89.354014221,-80.169117132)) ;
#16744=CARTESIAN_POINT('Control Point',(-54.5687023511,-87.6740839582,-80.)) ;
#16745=CARTESIAN_POINT('Control Point',(-54.7086962845,-86.,-80.)) ;
#16746=CARTESIAN_POINT('Vertex',(-54.5,-91.,-80.5051025722)) ;
#16749=CARTESIAN_POINT('Line Origine',(-54.5,-91.,-258.410000003)) ;
#16753=CARTESIAN_POINT('Vertex',(-54.5,-91.,-70.3589838486)) ;
#16757=CARTESIAN_POINT('Control Point',(-54.5,-91.,-70.3589838486)) ;
#16758=CARTESIAN_POINT('Control Point',(-54.5,-89.3428446996,-70.1197940839)) ;
#16759=CARTESIAN_POINT('Control Point',(-54.5691689218,-87.6685045844,-70.)) ;
#16760=CARTESIAN_POINT('Control Point',(-54.7086962845,-86.,-70.)) ;
#16771=CARTESIAN_POINT('Axis2P3D Location',(-118.,-86.,-105.)) ;
#16777=CARTESIAN_POINT('Control Point',(-54.7997600476,-100.339410909,-84.5211988928)) ;
#16778=CARTESIAN_POINT('Control Point',(-54.6629383425,-98.6672140617,-83.3503140551)) ;
#16779=CARTESIAN_POINT('Control Point',(-54.5572701074,-96.8657804827,-82.3601687476)) ;
#16780=CARTESIAN_POINT('Control Point',(-54.5,-94.9641172494,-81.5728675311)) ;
#16781=CARTESIAN_POINT('Control Point',(-54.5,-93.,-81.)) ;
#16782=CARTESIAN_POINT('Vertex',(-54.7997600476,-100.339410909,-84.5211988928)) ;
#16784=CARTESIAN_POINT('Vertex',(-54.5,-93.,-81.)) ;
#16787=CARTESIAN_POINT('Axis2P3D Location',(-54.5,-86.,-105.)) ;
#16792=CARTESIAN_POINT('Axis2P3D Location',(89.,-86.,-105.)) ;
#16796=CARTESIAN_POINT('Vertex',(89.,-100.339410909,-84.5211988928)) ;
#16799=CARTESIAN_POINT('Line Origine',(-118.,-100.339410909,-84.5211988928)) ;
#16813=CARTESIAN_POINT('Axis2P3D Location',(89.,-170.,0.)) ;
#16818=CARTESIAN_POINT('Line Origine',(89.,-170.,-126.684581024)) ;
#16822=CARTESIAN_POINT('Vertex',(89.,-170.,-121.063357297)) ;
#16824=CARTESIAN_POINT('Vertex',(89.,-170.,-132.305804751)) ;
#16827=CARTESIAN_POINT('Axis2P3D Location',(89.,-183.466067704,-100.)) ;
#16831=CARTESIAN_POINT('Vertex',(89.,-163.390892431,-128.67032155)) ;
#16834=CARTESIAN_POINT('Line Origine',(89.,-131.86515167,-106.595760221)) ;
#16839=CARTESIAN_POINT('Line Origine',(89.,-56.,-75.)) ;
#16844=CARTESIAN_POINT('Axis2P3D Location',(89.,-86.,-105.)) ;
#16848=CARTESIAN_POINT('Vertex',(89.,-106.075175272,-76.3296784499)) ;
#16851=CARTESIAN_POINT('Line Origine',(89.,-137.600916034,-98.4042397786)) ;
#16855=CARTESIAN_POINT('Vertex',(89.,-169.126656795,-120.478801107)) ;
#16858=CARTESIAN_POINT('Axis2P3D Location',(89.,-183.466067704,-100.)) ;
#16876=CARTESIAN_POINT('Axis2P3D Location',(114.,-56.,-258.410000003)) ;
#16881=CARTESIAN_POINT('Line Origine',(114.,-31.,-258.410000003)) ;
#16893=CARTESIAN_POINT('Line Origine',(115.,-31.,-75.)) ;
#16905=CARTESIAN_POINT('Axis2P3D Location',(115.,18.2833603977,0.)) ;
#16917=CARTESIAN_POINT('Axis2P3D Location',(-118.,-86.,-105.)) ;
#16922=CARTESIAN_POINT('Line Origine',(-118.,-106.075175272,-76.3296784499)) ;
#16926=CARTESIAN_POINT('Vertex',(-55.4548440868,-106.075175272,-76.3296784499)) ;
#16929=CARTESIAN_POINT('Axis2P3D Location',(-54.5,-86.,-105.)) ;
#16933=CARTESIAN_POINT('Vertex',(-54.5,-93.,-70.707143601)) ;
#16937=CARTESIAN_POINT('Control Point',(-55.4548440868,-106.075175272,-76.3296784499)) ;
#16938=CARTESIAN_POINT('Control Point',(-55.0257257698,-103.152774107,-74.2833911246)) ;
#16939=CARTESIAN_POINT('Control Point',(-54.6843777918,-99.9434977369,-72.6273256001)) ;
#16940=CARTESIAN_POINT('Control Point',(-54.5,-96.5207085081,-71.4258052159)) ;
#16941=CARTESIAN_POINT('Control Point',(-54.5,-93.,-70.707143601)) ;
#16952=CARTESIAN_POINT('Axis2P3D Location',(-54.5,-3.33716252768E-015,-537.8006138)) ;
#16957=CARTESIAN_POINT('Line Origine',(-54.5,-93.,-75.8535718005)) ;
#16969=CARTESIAN_POINT('Axis2P3D Location',(1.00048066713E-014,-163.390892431,-128.67032155)) ;
#16974=CARTESIAN_POINT('Line Origine',(0.290694814544,-163.390892431,-128.67032155)) ;
#16978=CARTESIAN_POINT('Vertex',(-88.4186103709,-163.390892431,-128.67032155)) ;
#16982=CARTESIAN_POINT('Control Point',(-88.4186103709,-163.390892431,-128.67032155)) ;
#16983=CARTESIAN_POINT('Control Point',(-84.3333993969,-160.136148807,-126.391325529)) ;
#16984=CARTESIAN_POINT('Control Point',(-80.5437940495,-156.632439711,-123.938002009)) ;
#16985=CARTESIAN_POINT('Control Point',(-77.0621126248,-152.917789658,-121.33697604)) ;
#16986=CARTESIAN_POINT('Control Point',(-69.8000211928,-144.004076815,-115.095527114)) ;
#16987=CARTESIAN_POINT('Control Point',(-64.1742920018,-134.313346099,-108.310004416)) ;
#16988=CARTESIAN_POINT('Control Point',(-61.523675791,-128.666244778,-104.355861502)) ;
#16989=CARTESIAN_POINT('Control Point',(-58.1919414665,-119.647847568,-98.0411117923)) ;
#16990=CARTESIAN_POINT('Control Point',(-56.0999785953,-110.399220212,-91.5651531998)) ;
#16991=CARTESIAN_POINT('Control Point',(-55.5083431529,-107.059068823,-89.2263540182)) ;
#16992=CARTESIAN_POINT('Control Point',(-55.0750214197,-103.703578883,-86.8768146678)) ;
#16993=CARTESIAN_POINT('Control Point',(-54.7997600476,-100.339410909,-84.5211988928)) ;
#17002=CARTESIAN_POINT('Axis2P3D Location',(-144.5,-93.,-258.410000003)) ;
#17008=CARTESIAN_POINT('Control Point',(-88.4186103709,-163.390892431,-128.67032155)) ;
#17009=CARTESIAN_POINT('Control Point',(-90.2232275602,-164.828655702,-129.67705423)) ;
#17010=CARTESIAN_POINT('Control Point',(-92.1240334086,-166.248513753,-130.536935088)) ;
#17011=CARTESIAN_POINT('Control Point',(-94.1075259221,-167.629144126,-131.265361609)) ;
#17012=CARTESIAN_POINT('Control Point',(-98.5980120065,-170.532083366,-132.609818772)) ;
#17013=CARTESIAN_POINT('Control Point',(-103.379570639,-173.139226317,-133.488402158)) ;
#17014=CARTESIAN_POINT('Control Point',(-106.045621492,-174.452742707,-133.855342751)) ;
#17015=CARTESIAN_POINT('Control Point',(-114.923714917,-178.378595507,-134.769755455)) ;
#17016=CARTESIAN_POINT('Control Point',(-124.329287528,-181.103414647,-134.971197852)) ;
#17017=CARTESIAN_POINT('Control Point',(-130.998371673,-182.367034835,-134.988467282)) ;
#17018=CARTESIAN_POINT('Control Point',(-137.749185837,-183.,-134.996896732)) ;
#17019=CARTESIAN_POINT('Control Point',(-144.5,-183.,-134.996896732)) ;
#17020=CARTESIAN_POINT('Vertex',(-144.5,-183.,-134.996896732)) ;
#17023=CARTESIAN_POINT('Line Origine',(-144.5,-183.,-258.410000003)) ;
#17027=CARTESIAN_POINT('Vertex',(-144.5,-183.,-124.99565524)) ;
#17031=CARTESIAN_POINT('Control Point',(-96.4923743011,-169.126656795,-120.478801107)) ;
#17032=CARTESIAN_POINT('Control Point',(-99.9823519429,-171.327535533,-122.01987299)) ;
#17033=CARTESIAN_POINT('Control Point',(-103.759440423,-173.429943451,-123.051370998)) ;
#17034=CARTESIAN_POINT('Control Point',(-107.704188411,-175.309955678,-123.731662052)) ;
#17035=CARTESIAN_POINT('Control Point',(-117.152769066,-179.127386298,-124.770274091)) ;
#17036=CARTESIAN_POINT('Control Point',(-127.112301046,-181.593344945,-124.968422323)) ;
#17037=CARTESIAN_POINT('Control Point',(-132.872741456,-182.530579371,-124.986902447)) ;
#17038=CARTESIAN_POINT('Control Point',(-138.686370728,-183.,-124.99565524)) ;
#17039=CARTESIAN_POINT('Control Point',(-144.5,-183.,-124.99565524)) ;
#17040=CARTESIAN_POINT('Vertex',(-96.4923743011,-169.126656795,-120.478801107)) ;
#17044=CARTESIAN_POINT('Control Point',(-96.4923743011,-169.126656795,-120.478801107)) ;
#17045=CARTESIAN_POINT('Control Point',(-88.2006321046,-163.897649342,-116.817410671)) ;
#17046=CARTESIAN_POINT('Control Point',(-80.8399830799,-157.677927004,-112.462314501)) ;
#17047=CARTESIAN_POINT('Control Point',(-74.5439059486,-150.723972345,-107.593102996)) ;
#17048=CARTESIAN_POINT('Control Point',(-65.5764693002,-137.929005278,-98.6339701536)) ;
#17049=CARTESIAN_POINT('Control Point',(-59.6757416439,-124.035232943,-88.9054463512)) ;
#17050=CARTESIAN_POINT('Control Point',(-57.7494145456,-118.126002569,-84.7677584471)) ;
#17051=CARTESIAN_POINT('Control Point',(-56.34334529,-112.126086753,-80.5665722818)) ;
#17052=CARTESIAN_POINT('Control Point',(-55.4548440868,-106.075175272,-76.3296784499)) ;
#17065=CARTESIAN_POINT('Axis2P3D Location',(-118.,-183.466067704,-100.)) ;
#17070=CARTESIAN_POINT('Line Origine',(-118.,-183.,-124.99565524)) ;
#17074=CARTESIAN_POINT('Vertex',(-149.5,-183.,-124.99565524)) ;
#17078=CARTESIAN_POINT('Control Point',(-149.5,-183.,-124.99565524)) ;
#17079=CARTESIAN_POINT('Control Point',(-151.777420326,-183.,-124.99565524)) ;
#17080=CARTESIAN_POINT('Control Point',(-154.054795855,-183.155838074,-125.)) ;
#17081=CARTESIAN_POINT('Control Point',(-156.310987539,-183.466067704,-125.)) ;
#17082=CARTESIAN_POINT('Vertex',(-156.310987539,-183.466067704,-125.)) ;
#17085=CARTESIAN_POINT('Line Origine',(-118.,-183.466067704,-125.)) ;
#17089=CARTESIAN_POINT('Vertex',(92.9366427034,-183.466067704,-125.)) ;
#17093=CARTESIAN_POINT('Control Point',(89.,-170.,-121.063357297)) ;
#17094=CARTESIAN_POINT('Control Point',(89.,-172.522034315,-122.675725371)) ;
#17095=CARTESIAN_POINT('Control Point',(89.3143494054,-175.282878788,-123.913325781)) ;
#17096=CARTESIAN_POINT('Control Point',(90.0864966138,-178.18281522,-124.685621294)) ;
#17097=CARTESIAN_POINT('Control Point',(91.3242746293,-180.944033388,-125.)) ;
#17098=CARTESIAN_POINT('Control Point',(92.9366427034,-183.466067704,-125.)) ;
#17100=CARTESIAN_POINT('Line Origine',(-118.,-169.126656795,-120.478801107)) ;
#17115=CARTESIAN_POINT('Axis2P3D Location',(1.03560209447E-014,-169.126656795,-120.478801107)) ;
#17127=CARTESIAN_POINT('Axis2P3D Location',(-118.,-183.466067704,-100.)) ;
#17133=CARTESIAN_POINT('Control Point',(89.,-170.,-132.305804751)) ;
#17134=CARTESIAN_POINT('Control Point',(89.,-172.690268967,-133.427192821)) ;
#17135=CARTESIAN_POINT('Control Point',(89.3602414366,-175.49689399,-134.269806507)) ;
#17136=CARTESIAN_POINT('Control Point',(90.1537029566,-178.327621323,-134.785995963)) ;
#17137=CARTESIAN_POINT('Control Point',(91.3666994048,-181.010393385,-135.)) ;
#17138=CARTESIAN_POINT('Control Point',(92.9366427034,-183.466067704,-135.)) ;
#17139=CARTESIAN_POINT('Vertex',(92.9366427034,-183.466067704,-135.)) ;
#17142=CARTESIAN_POINT('Line Origine',(-118.,-183.466067704,-135.)) ;
#17146=CARTESIAN_POINT('Vertex',(-156.31098754,-183.466067704,-135.)) ;
#17150=CARTESIAN_POINT('Control Point',(-149.5,-183.,-134.996896732)) ;
#17151=CARTESIAN_POINT('Control Point',(-151.777415114,-183.,-134.996896732)) ;
#17152=CARTESIAN_POINT('Control Point',(-154.054801018,-183.155838784,-135.)) ;
#17153=CARTESIAN_POINT('Control Point',(-156.31098754,-183.466067704,-135.)) ;
#17154=CARTESIAN_POINT('Vertex',(-149.5,-183.,-134.996896732)) ;
#17157=CARTESIAN_POINT('Line Origine',(-118.,-183.,-134.996896732)) ;
#17172=CARTESIAN_POINT('Axis2P3D Location',(114.,-170.,-258.410000003)) ;
#17177=CARTESIAN_POINT('Line Origine',(114.,-195.,-258.410000003)) ;
#17181=CARTESIAN_POINT('Vertex',(114.,-195.,-125.)) ;
#17183=CARTESIAN_POINT('Vertex',(114.,-195.,-135.)) ;
#17186=CARTESIAN_POINT('Axis2P3D Location',(114.,-170.,-135.)) ;
#17191=CARTESIAN_POINT('Axis2P3D Location',(114.,-170.,-125.)) ;
#17205=CARTESIAN_POINT('Axis2P3D Location',(-149.5,-183.,0.)) ;
#17210=CARTESIAN_POINT('Line Origine',(-149.5,-183.,-129.996275986)) ;
#17222=CARTESIAN_POINT('Axis2P3D Location',(1.442021606E-014,-235.5,-125.)) ;
#17227=CARTESIAN_POINT('Axis2P3D Location',(-350.,-226.5,-125.)) ;
#17231=CARTESIAN_POINT('Vertex',(-370.,-226.5,-125.)) ;
#17233=CARTESIAN_POINT('Vertex',(-350.,-206.5,-125.)) ;
#17236=CARTESIAN_POINT('Line Origine',(-370.,-231.,-125.)) ;
#17240=CARTESIAN_POINT('Vertex',(-370.,-235.5,-125.)) ;
#17243=CARTESIAN_POINT('Line Origine',(-135.154544011,-235.5,-125.)) ;
#17247=CARTESIAN_POINT('Vertex',(99.6909119787,-235.5,-125.)) ;
#17250=CARTESIAN_POINT('Axis2P3D Location',(114.,-256.,-125.)) ;
#17254=CARTESIAN_POINT('Vertex',(114.,-231.,-125.)) ;
#17257=CARTESIAN_POINT('Line Origine',(119.,-231.,-125.)) ;
#17261=CARTESIAN_POINT('Vertex',(124.,-231.,-125.)) ;
#17264=CARTESIAN_POINT('Axis2P3D Location',(124.,-221.,-125.)) ;
#17268=CARTESIAN_POINT('Vertex',(134.,-221.,-125.)) ;
#17271=CARTESIAN_POINT('Line Origine',(134.,-213.,-125.)) ;
#17275=CARTESIAN_POINT('Vertex',(134.,-205.,-125.)) ;
#17278=CARTESIAN_POINT('Axis2P3D Location',(124.,-205.,-125.)) ;
#17282=CARTESIAN_POINT('Vertex',(124.,-195.,-125.)) ;
#17285=CARTESIAN_POINT('Line Origine',(119.,-195.,-125.)) ;
#17290=CARTESIAN_POINT('Axis2P3D Location',(-149.5,-233.,-125.)) ;
#17294=CARTESIAN_POINT('Vertex',(-181.70151394,-194.75,-125.)) ;
#17297=CARTESIAN_POINT('Axis2P3D Location',(-213.903027879,-156.5,-125.)) ;
#17301=CARTESIAN_POINT('Vertex',(-213.903027879,-206.5,-125.)) ;
#17304=CARTESIAN_POINT('Line Origine',(-281.95151394,-206.5,-125.)) ;
#17326=CARTESIAN_POINT('Axis2P3D Location',(-149.5,-233.,-258.410000003)) ;
#17331=CARTESIAN_POINT('Axis2P3D Location',(-149.5,-233.,-135.)) ;
#17335=CARTESIAN_POINT('Vertex',(-181.70151394,-194.75,-135.)) ;
#17338=CARTESIAN_POINT('Line Origine',(-181.70151394,-194.75,-258.410000003)) ;
#17352=CARTESIAN_POINT('Axis2P3D Location',(1.12340566283E-014,-183.466067704,-135.)) ;
#17357=CARTESIAN_POINT('Axis2P3D Location',(-350.,-226.5,-135.)) ;
#17361=CARTESIAN_POINT('Vertex',(-350.,-206.5,-135.)) ;
#17363=CARTESIAN_POINT('Vertex',(-370.,-226.5,-135.)) ;
#17366=CARTESIAN_POINT('Line Origine',(-281.95151394,-206.5,-135.)) ;
#17370=CARTESIAN_POINT('Vertex',(-213.903027879,-206.5,-135.)) ;
#17373=CARTESIAN_POINT('Axis2P3D Location',(-213.903027879,-156.5,-135.)) ;
#17378=CARTESIAN_POINT('Line Origine',(119.,-195.,-135.)) ;
#17382=CARTESIAN_POINT('Vertex',(124.,-195.,-135.)) ;
#17385=CARTESIAN_POINT('Axis2P3D Location',(124.,-205.,-135.)) ;
#17389=CARTESIAN_POINT('Vertex',(134.,-205.,-135.)) ;
#17392=CARTESIAN_POINT('Line Origine',(134.,-213.,-135.)) ;
#17396=CARTESIAN_POINT('Vertex',(134.,-221.,-135.)) ;
#17399=CARTESIAN_POINT('Axis2P3D Location',(124.,-221.,-135.)) ;
#17403=CARTESIAN_POINT('Vertex',(124.,-231.,-135.)) ;
#17406=CARTESIAN_POINT('Line Origine',(119.,-231.,-135.)) ;
#17410=CARTESIAN_POINT('Vertex',(114.,-231.,-135.)) ;
#17413=CARTESIAN_POINT('Axis2P3D Location',(114.,-256.,-135.)) ;
#17417=CARTESIAN_POINT('Vertex',(99.6909119787,-235.5,-135.)) ;
#17420=CARTESIAN_POINT('Line Origine',(-135.154544011,-235.5,-135.)) ;
#17424=CARTESIAN_POINT('Vertex',(-370.,-235.5,-135.)) ;
#17427=CARTESIAN_POINT('Line Origine',(-370.,-231.,-135.)) ;
#17449=CARTESIAN_POINT('Axis2P3D Location',(124.,-195.,0.)) ;
#17454=CARTESIAN_POINT('Line Origine',(124.,-195.,-130.)) ;
#17466=CARTESIAN_POINT('Axis2P3D Location',(-388.258972168,-206.5,0.)) ;
#17471=CARTESIAN_POINT('Line Origine',(-213.903027879,-206.5,-130.)) ;
#17476=CARTESIAN_POINT('Line Origine',(-350.,-206.5,-130.)) ;
#17488=CARTESIAN_POINT('Axis2P3D Location',(-213.903027879,-156.5,-258.410000003)) ;
#17500=CARTESIAN_POINT('Axis2P3D Location',(124.,-205.,-258.410000003)) ;
#17505=CARTESIAN_POINT('Line Origine',(134.,-205.,-258.410000003)) ;
#17517=CARTESIAN_POINT('Axis2P3D Location',(134.,8.20513355429E-015,0.)) ;
#17522=CARTESIAN_POINT('Line Origine',(134.,-221.,-130.)) ;
#17534=CARTESIAN_POINT('Axis2P3D Location',(124.,-221.,-258.410000003)) ;
#17539=CARTESIAN_POINT('Line Origine',(124.,-231.,-258.410000003)) ;
#17551=CARTESIAN_POINT('Axis2P3D Location',(124.,-231.,0.)) ;
#17556=CARTESIAN_POINT('Line Origine',(114.,-231.,-130.)) ;
#17568=CARTESIAN_POINT('Axis2P3D Location',(114.,-256.,-258.410000003)) ;
#17573=CARTESIAN_POINT('Line Origine',(89.,-256.,-258.410000003)) ;
#17577=CARTESIAN_POINT('Vertex',(89.,-256.,-131.631884095)) ;
#17579=CARTESIAN_POINT('Vertex',(89.,-256.,-145.690911979)) ;
#17583=CARTESIAN_POINT('Control Point',(89.,-256.,-145.690911979)) ;
#17584=CARTESIAN_POINT('Control Point',(89.,-254.474543429,-143.505457556)) ;
#17585=CARTESIAN_POINT('Control Point',(89.1163508875,-252.657854702,-141.523285041)) ;
#17586=CARTESIAN_POINT('Control Point',(89.4364092837,-250.584640166,-139.798554514)) ;
#17587=CARTESIAN_POINT('Control Point',(90.3359444342,-247.43005307,-137.841236351)) ;
#17588=CARTESIAN_POINT('Control Point',(91.8970577661,-244.249138535,-136.54940159)) ;
#17589=CARTESIAN_POINT('Control Point',(92.4092856928,-243.329821677,-136.229162851)) ;
#17590=CARTESIAN_POINT('Control Point',(93.8766036188,-241.000107448,-135.539324704)) ;
#17591=CARTESIAN_POINT('Control Point',(95.6960408506,-238.839251565,-135.172268617)) ;
#17592=CARTESIAN_POINT('Control Point',(96.9312867444,-237.609831714,-135.049321425)) ;
#17593=CARTESIAN_POINT('Control Point',(98.2680137753,-236.493189056,-135.)) ;
#17594=CARTESIAN_POINT('Control Point',(99.6909119787,-235.5,-135.)) ;
#17597=CARTESIAN_POINT('Control Point',(89.,-256.,-131.631884095)) ;
#17598=CARTESIAN_POINT('Control Point',(89.,-254.710898577,-130.700324901)) ;
#17599=CARTESIAN_POINT('Control Point',(89.083089124,-253.368882406,-129.841989848)) ;
#17600=CARTESIAN_POINT('Control Point',(89.2628924959,-251.984096803,-129.064300757)) ;
#17601=CARTESIAN_POINT('Control Point',(89.7936212649,-249.391452275,-127.79692953)) ;
#17602=CARTESIAN_POINT('Control Point',(90.7101852398,-246.780567149,-126.831741456)) ;
#17603=CARTESIAN_POINT('Control Point',(91.2109924783,-245.599510441,-126.455778363)) ;
#17604=CARTESIAN_POINT('Control Point',(92.7401283356,-242.562203453,-125.632064366)) ;
#17605=CARTESIAN_POINT('Control Point',(94.8128025335,-239.756025177,-125.196661869)) ;
#17606=CARTESIAN_POINT('Control Point',(96.2868237306,-238.159724452,-125.05442818)) ;
#17607=CARTESIAN_POINT('Control Point',(97.9223025092,-236.734497004,-125.)) ;
#17608=CARTESIAN_POINT('Control Point',(99.6909119787,-235.5,-125.)) ;
#17619=CARTESIAN_POINT('Axis2P3D Location',(-118.,-235.5,-160.)) ;
#17624=CARTESIAN_POINT('Axis2P3D Location',(89.,-235.5,-160.)) ;
#17628=CARTESIAN_POINT('Vertex',(89.,-270.5,-160.)) ;
#17631=CARTESIAN_POINT('Axis2P3D Location',(-370.,-235.5,-160.)) ;
#17635=CARTESIAN_POINT('Vertex',(-370.,-270.5,-160.)) ;
#17638=CARTESIAN_POINT('Line Origine',(-118.,-270.5,-160.)) ;
#17651=CARTESIAN_POINT('Axis2P3D Location',(-370.,-2.26559657842E-014,0.)) ;
#17656=CARTESIAN_POINT('Line Origine',(-370.,-226.5,-130.)) ;
#17661=CARTESIAN_POINT('Axis2P3D Location',(-370.,-235.5,-160.)) ;
#17665=CARTESIAN_POINT('Vertex',(-370.,-260.5,-160.)) ;
#17668=CARTESIAN_POINT('Line Origine',(-370.,-260.5,-215.75)) ;
#17672=CARTESIAN_POINT('Vertex',(-370.,-260.5,-271.5)) ;
#17675=CARTESIAN_POINT('Line Origine',(-370.,-265.5,-271.5)) ;
#17679=CARTESIAN_POINT('Vertex',(-370.,-270.5,-271.5)) ;
#17682=CARTESIAN_POINT('Line Origine',(-370.,-270.5,-215.75)) ;
#17698=CARTESIAN_POINT('Axis2P3D Location',(-350.,-226.5,-198.25)) ;
#17710=CARTESIAN_POINT('Axis2P3D Location',(-118.,-235.5,-160.)) ;
#17715=CARTESIAN_POINT('Line Origine',(-118.,-260.5,-160.)) ;
#17719=CARTESIAN_POINT('Vertex',(89.,-260.5,-160.)) ;
#17722=CARTESIAN_POINT('Axis2P3D Location',(89.,-235.5,-160.)) ;
#17735=CARTESIAN_POINT('Line Origine',(89.,-265.5,-242.135083269)) ;
#17739=CARTESIAN_POINT('Vertex',(89.,-260.5,-242.135083269)) ;
#17741=CARTESIAN_POINT('Vertex',(89.,-270.5,-242.135083269)) ;
#17744=CARTESIAN_POINT('Line Origine',(89.,-260.5,-201.067541634)) ;
#17749=CARTESIAN_POINT('Line Origine',(89.,-270.5,-201.067541634)) ;
#17763=CARTESIAN_POINT('Axis2P3D Location',(99.,-263.25,-242.135083269)) ;
#17768=CARTESIAN_POINT('Line Origine',(96.5,-263.25,-251.817541634)) ;
#17772=CARTESIAN_POINT('Vertex',(96.5,-260.5,-251.817541634)) ;
#17774=CARTESIAN_POINT('Vertex',(96.5,-270.5,-251.817541634)) ;
#17777=CARTESIAN_POINT('Axis2P3D Location',(99.,-260.5,-242.135083269)) ;
#17782=CARTESIAN_POINT('Axis2P3D Location',(99.,-270.5,-242.135083269)) ;
#17794=CARTESIAN_POINT('Axis2P3D Location',(-350.,-143.25,-271.5)) ;
#17799=CARTESIAN_POINT('Axis2P3D Location',(-350.,-260.5,-271.5)) ;
#17803=CARTESIAN_POINT('Vertex',(-350.,-260.5,-291.5)) ;
#17806=CARTESIAN_POINT('Line Origine',(-350.,-143.25,-291.5)) ;
#17810=CARTESIAN_POINT('Vertex',(-350.,-270.5,-291.5)) ;
#17813=CARTESIAN_POINT('Axis2P3D Location',(-350.,-270.5,-271.5)) ;
#17825=CARTESIAN_POINT('Axis2P3D Location',(-384.402560869,-2.35378682876E-014,-291.5)) ;
#17830=CARTESIAN_POINT('Line Origine',(-237.25,-260.5,-291.5)) ;
#17834=CARTESIAN_POINT('Vertex',(-124.5,-260.5,-291.5)) ;
#17837=CARTESIAN_POINT('Line Origine',(-124.5,-265.5,-291.5)) ;
#17841=CARTESIAN_POINT('Vertex',(-124.5,-270.5,-291.5)) ;
#17844=CARTESIAN_POINT('Line Origine',(-237.25,-270.5,-291.5)) ;
#17856=CARTESIAN_POINT('Axis2P3D Location',(-124.5,-135.910000001,-361.5)) ;
#17861=CARTESIAN_POINT('Line Origine',(-54.5,-135.910000001,-361.5)) ;
#17865=CARTESIAN_POINT('Vertex',(-54.5,-260.5,-361.5)) ;
#17867=CARTESIAN_POINT('Vertex',(-54.5,-270.5,-361.5)) ;
#17870=CARTESIAN_POINT('Axis2P3D Location',(-124.5,-270.5,-361.5)) ;
#17875=CARTESIAN_POINT('Axis2P3D Location',(-124.5,-260.5,-361.5)) ;
#17887=CARTESIAN_POINT('Line Origine',(-54.5,-260.5,-438.5)) ;
#17891=CARTESIAN_POINT('Vertex',(-54.5,-260.5,-515.5)) ;
#17894=CARTESIAN_POINT('Line Origine',(-54.5,-265.5,-515.5)) ;
#17898=CARTESIAN_POINT('Vertex',(-54.5,-270.5,-515.5)) ;
#17901=CARTESIAN_POINT('Line Origine',(-54.5,-270.5,-438.5)) ;
#17913=CARTESIAN_POINT('Axis2P3D Location',(1.65633479585E-014,-270.5,-515.5)) ;
#17918=CARTESIAN_POINT('Line Origine',(17.25,-260.5,-515.5)) ;
#17922=CARTESIAN_POINT('Vertex',(89.,-260.5,-515.5)) ;
#17925=CARTESIAN_POINT('Line Origine',(89.,-265.5,-515.5)) ;
#17929=CARTESIAN_POINT('Vertex',(89.,-270.5,-515.5)) ;
#17932=CARTESIAN_POINT('Line Origine',(17.25,-270.5,-515.5)) ;
#17944=CARTESIAN_POINT('Line Origine',(89.,-265.5,-300.864916731)) ;
#17948=CARTESIAN_POINT('Vertex',(89.,-260.5,-300.864916731)) ;
#17950=CARTESIAN_POINT('Vertex',(89.,-270.5,-300.864916731)) ;
#17953=CARTESIAN_POINT('Line Origine',(89.,-270.5,-408.182458366)) ;
#17958=CARTESIAN_POINT('Line Origine',(89.,-260.5,-408.182458366)) ;
#17970=CARTESIAN_POINT('Axis2P3D Location',(99.,-265.5,-300.864916731)) ;
#17975=CARTESIAN_POINT('Axis2P3D Location',(99.,-260.5,-300.864916731)) ;
#17979=CARTESIAN_POINT('Vertex',(96.5,-260.5,-291.182458366)) ;
#17982=CARTESIAN_POINT('Line Origine',(96.5,-265.5,-291.182458366)) ;
#17986=CARTESIAN_POINT('Vertex',(96.5,-270.5,-291.182458366)) ;
#17989=CARTESIAN_POINT('Axis2P3D Location',(99.,-270.5,-300.864916731)) ;
#18001=CARTESIAN_POINT('Axis2P3D Location',(94.,-265.5,-261.5)) ;
#18006=CARTESIAN_POINT('Axis2P3D Location',(94.,-270.5,-261.5)) ;
#18010=CARTESIAN_POINT('Vertex',(104.,-270.5,-261.5)) ;
#18013=CARTESIAN_POINT('Line Origine',(104.,-265.5,-261.5)) ;
#18017=CARTESIAN_POINT('Vertex',(104.,-260.5,-261.5)) ;
#18020=CARTESIAN_POINT('Axis2P3D Location',(94.,-260.5,-261.5)) ;
#18032=CARTESIAN_POINT('Axis2P3D Location',(104.,6.36816335557E-015,-281.5)) ;
#18037=CARTESIAN_POINT('Line Origine',(104.,-265.5,-281.5)) ;
#18041=CARTESIAN_POINT('Vertex',(104.,-260.5,-281.5)) ;
#18043=CARTESIAN_POINT('Vertex',(104.,-270.5,-281.5)) ;
#18046=CARTESIAN_POINT('Line Origine',(104.,-260.5,-271.5)) ;
#18051=CARTESIAN_POINT('Line Origine',(104.,-270.5,-271.5)) ;
#18063=CARTESIAN_POINT('Axis2P3D Location',(94.,-265.5,-281.5)) ;
#18068=CARTESIAN_POINT('Axis2P3D Location',(94.,-260.5,-281.5)) ;
#18073=CARTESIAN_POINT('Axis2P3D Location',(94.,-270.5,-281.5)) ;
#18085=CARTESIAN_POINT('Axis2P3D Location',(1.65633479585E-014,-270.5,-160.)) ;
#18107=CARTESIAN_POINT('Axis2P3D Location',(1.59510245589E-014,-260.5,-515.5)) ;
#18136=CARTESIAN_POINT('NONE',(0.,0.,0.)) ;
#18137=CARTESIAN_POINT('NONE',(0.,0.,0.)) ;
#18149=CARTESIAN_POINT('NONE',(0.,0.,0.)) ;
#18150=CARTESIAN_POINT('NONE',(0.,0.,0.)) ;
#18170=CARTESIAN_POINT('NONE',(0.,0.,0.)) ;
#18171=CARTESIAN_POINT('NONE',(0.,0.,0.)) ;
#8=PRODUCT_RELATED_PRODUCT_CATEGORY('part',$,(#34,#18159)) ;
#11=PRODUCT_RELATED_PRODUCT_CATEGORY('part',$,(#5,#26)) ;
#18133=ITEM_DEFINED_TRANSFORMATION(' ',' ',#18135,#18134) ;
#18146=ITEM_DEFINED_TRANSFORMATION(' ',' ',#18148,#18147) ;
#18167=ITEM_DEFINED_TRANSFORMATION(' ',' ',#18169,#18168) ;
#46=STYLED_ITEM(' ',(#45),#38) ;
#265=STYLED_ITEM(' ',(#45),#264) ;
#901=STYLED_ITEM(' ',(#45),#900) ;
#1726=STYLED_ITEM(' ',(#45),#1725) ;
#2546=STYLED_ITEM(' ',(#45),#2545) ;
#2890=STYLED_ITEM(' ',(#45),#2889) ;
#3881=STYLED_ITEM(' ',(#45),#3880) ;
#5094=STYLED_ITEM(' ',(#45),#5093) ;
#6167=STYLED_ITEM(' ',(#45),#6166) ;
#6674=STYLED_ITEM(' ',(#45),#6673) ;
#7247=STYLED_ITEM(' ',(#45),#7246) ;
#7530=STYLED_ITEM(' ',(#45),#7529) ;
#7806=STYLED_ITEM(' ',(#45),#7805) ;
#8386=STYLED_ITEM(' ',(#45),#8385) ;
#8527=STYLED_ITEM(' ',(#45),#8526) ;
#8668=STYLED_ITEM(' ',(#45),#8667) ;
#8809=STYLED_ITEM(' ',(#45),#8808) ;
#9158=STYLED_ITEM(' ',(#45),#9157) ;
#13292=STYLED_ITEM(' ',(#45),#13291) ;
#13909=STYLED_ITEM(' ',(#45),#13908) ;
#14225=STYLED_ITEM(' ',(#45),#14224) ;
#14475=STYLED_ITEM(' ',(#45),#14474) ;
#14791=STYLED_ITEM(' ',(#45),#14790) ;
#15041=STYLED_ITEM(' ',(#45),#15040) ;
#15182=STYLED_ITEM(' ',(#45),#15181) ;
#15323=STYLED_ITEM(' ',(#45),#15322) ;
#15464=STYLED_ITEM(' ',(#45),#15463) ;
#15605=STYLED_ITEM(' ',(#45),#15604) ;
#16084=STYLED_ITEM(' ',(#45),#16083) ;
#16301=STYLED_ITEM(' ',(#45),#16300) ;
#16518=STYLED_ITEM(' ',(#45),#16517) ;
#45=PRESENTATION_STYLE_ASSIGNMENT((#44)) ;
#7467=PRESENTATION_STYLE_ASSIGNMENT((#7466)) ;
#44=SURFACE_STYLE_USAGE(.BOTH.,#43) ;
#7466=SURFACE_STYLE_USAGE(.BOTH.,#7465) ;
#43=SURFACE_SIDE_STYLE(' ',(#42)) ;
#7465=SURFACE_SIDE_STYLE(' ',(#7464)) ;
#42=SURFACE_STYLE_FILL_AREA(#41) ;
#7464=SURFACE_STYLE_FILL_AREA(#7463) ;
#41=FILL_AREA_STYLE(' ',(#40)) ;
#7463=FILL_AREA_STYLE(' ',(#7462)) ;
#40=FILL_AREA_STYLE_COLOUR(' ',#39) ;
#7462=FILL_AREA_STYLE_COLOUR(' ',#7461) ;
#55=VECTOR('Line Direction',#54,1.) ;
#64=VECTOR('Line Direction',#63,1.) ;
#71=VECTOR('Line Direction',#70,1.) ;
#78=VECTOR('Line Direction',#77,1.) ;
#95=VECTOR('Line Direction',#94,1.) ;
#102=VECTOR('Line Direction',#101,1.) ;
#109=VECTOR('Line Direction',#108,1.) ;
#126=VECTOR('Line Direction',#125,1.) ;
#133=VECTOR('Line Direction',#132,1.) ;
#140=VECTOR('Line Direction',#139,1.) ;
#157=VECTOR('Line Direction',#156,1.) ;
#164=VECTOR('Line Direction',#163,1.) ;
#171=VECTOR('Line Direction',#170,1.) ;
#195=VECTOR('Line Direction',#194,1.) ;
#219=VECTOR('Line Direction',#218,1.) ;
#224=VECTOR('Line Direction',#223,1.) ;
#274=VECTOR('Line Direction',#273,1.) ;
#291=VECTOR('Line Direction',#290,1.) ;
#298=VECTOR('Line Direction',#297,1.) ;
#324=VECTOR('Line Direction',#323,1.) ;
#329=VECTOR('Line Direction',#328,1.) ;
#356=VECTOR('Line Direction',#355,1.) ;
#380=VECTOR('Line Direction',#379,1.) ;
#387=VECTOR('Line Direction',#386,1.) ;
#394=VECTOR('Line Direction',#393,1.) ;
#411=VECTOR('Line Direction',#410,1.) ;
#420=VECTOR('Line Direction',#419,1.) ;
#427=VECTOR('Line Direction',#426,1.) ;
#434=VECTOR('Line Direction',#433,1.) ;
#451=VECTOR('Line Direction',#450,1.) ;
#456=VECTOR('Line Direction',#455,1.) ;
#473=VECTOR('Line Direction',#472,1.) ;
#482=VECTOR('Line Direction',#481,1.) ;
#487=VECTOR('Line Direction',#486,1.) ;
#504=VECTOR('Line Direction',#503,1.) ;
#513=VECTOR('Line Direction',#512,1.) ;
#518=VECTOR('Line Direction',#517,1.) ;
#584=VECTOR('Line Direction',#583,1.) ;
#589=VECTOR('Line Direction',#588,1.) ;
#613=VECTOR('Line Direction',#612,1.) ;
#630=VECTOR('Line Direction',#629,1.) ;
#639=VECTOR('Line Direction',#638,1.) ;
#646=VECTOR('Line Direction',#645,1.) ;
#672=VECTOR('Line Direction',#671,1.) ;
#696=VECTOR('Line Direction',#695,1.) ;
#713=VECTOR('Line Direction',#712,1.) ;
#720=VECTOR('Line Direction',#719,1.) ;
#737=VECTOR('Line Direction',#736,1.) ;
#744=VECTOR('Line Direction',#743,1.) ;
#761=VECTOR('Line Direction',#760,1.) ;
#791=VECTOR('Line Direction',#790,1.) ;
#800=VECTOR('Line Direction',#799,1.) ;
#807=VECTOR('Line Direction',#806,1.) ;
#814=VECTOR('Line Direction',#813,1.) ;
#853=VECTOR('Line Direction',#852,1.) ;
#874=VECTOR('Line Direction',#873,1.) ;
#910=VECTOR('Line Direction',#909,1.) ;
#919=VECTOR('Line Direction',#918,1.) ;
#926=VECTOR('Line Direction',#925,1.) ;
#933=VECTOR('Line Direction',#932,1.) ;
#950=VECTOR('Line Direction',#949,1.) ;
#970=VECTOR('Line Direction',#969,1.) ;
#977=VECTOR('Line Direction',#976,1.) ;
#984=VECTOR('Line Direction',#983,1.) ;
#1024=VECTOR('Line Direction',#1023,1.) ;
#1046=VECTOR('Line Direction',#1045,1.) ;
#1073=VECTOR('Line Direction',#1072,1.) ;
#1080=VECTOR('Line Direction',#1079,1.) ;
#1097=VECTOR('Line Direction',#1096,1.) ;
#1106=VECTOR('Line Direction',#1105,1.) ;
#1111=VECTOR('Line Direction',#1110,1.) ;
#1128=VECTOR('Line Direction',#1127,1.) ;
#1135=VECTOR('Line Direction',#1134,1.) ;
#1152=VECTOR('Line Direction',#1151,1.) ;
#1159=VECTOR('Line Direction',#1158,1.) ;
#1185=VECTOR('Line Direction',#1184,1.) ;
#1190=VECTOR('Line Direction',#1189,1.) ;
#1216=VECTOR('Line Direction',#1215,1.) ;
#1221=VECTOR('Line Direction',#1220,1.) ;
#1247=VECTOR('Line Direction',#1246,1.) ;
#1282=VECTOR('Line Direction',#1281,1.) ;
#1289=VECTOR('Line Direction',#1288,1.) ;
#1296=VECTOR('Line Direction',#1295,1.) ;
#1352=VECTOR('Line Direction',#1351,1.) ;
#1361=VECTOR('Line Direction',#1360,1.) ;
#1383=VECTOR('Line Direction',#1382,1.) ;
#1402=VECTOR('Line Direction',#1401,1.) ;
#1424=VECTOR('Line Direction',#1423,1.) ;
#1442=VECTOR('Line Direction',#1441,1.) ;
#1466=VECTOR('Line Direction',#1465,1.) ;
#1480=VECTOR('Line Direction',#1479,1.) ;
#1487=VECTOR('Line Direction',#1486,1.) ;
#1506=VECTOR('Line Direction',#1505,1.) ;
#1523=VECTOR('Line Direction',#1522,1.) ;
#1528=VECTOR('Line Direction',#1527,1.) ;
#1545=VECTOR('Line Direction',#1544,1.) ;
#1635=VECTOR('Line Direction',#1634,1.) ;
#1669=VECTOR('Line Direction',#1668,1.) ;
#1693=VECTOR('Line Direction',#1692,1.) ;
#1735=VECTOR('Line Direction',#1734,1.) ;
#1744=VECTOR('Line Direction',#1743,1.) ;
#1751=VECTOR('Line Direction',#1750,1.) ;
#1758=VECTOR('Line Direction',#1757,1.) ;
#1775=VECTOR('Line Direction',#1774,1.) ;
#1795=VECTOR('Line Direction',#1794,1.) ;
#1802=VECTOR('Line Direction',#1801,1.) ;
#1809=VECTOR('Line Direction',#1808,1.) ;
#1840=VECTOR('Line Direction',#1839,1.) ;
#1863=VECTOR('Line Direction',#1862,1.) ;
#1889=VECTOR('Line Direction',#1888,1.) ;
#1896=VECTOR('Line Direction',#1895,1.) ;
#1913=VECTOR('Line Direction',#1912,1.) ;
#1922=VECTOR('Line Direction',#1921,1.) ;
#1927=VECTOR('Line Direction',#1926,1.) ;
#1944=VECTOR('Line Direction',#1943,1.) ;
#1951=VECTOR('Line Direction',#1950,1.) ;
#1968=VECTOR('Line Direction',#1967,1.) ;
#1975=VECTOR('Line Direction',#1974,1.) ;
#2001=VECTOR('Line Direction',#2000,1.) ;
#2006=VECTOR('Line Direction',#2005,1.) ;
#2023=VECTOR('Line Direction',#2022,1.) ;
#2030=VECTOR('Line Direction',#2029,1.) ;
#2056=VECTOR('Line Direction',#2055,1.) ;
#2082=VECTOR('Line Direction',#2081,1.) ;
#2089=VECTOR('Line Direction',#2088,1.) ;
#2096=VECTOR('Line Direction',#2095,1.) ;
#2152=VECTOR('Line Direction',#2151,1.) ;
#2161=VECTOR('Line Direction',#2160,1.) ;
#2196=VECTOR('Line Direction',#2195,1.) ;
#2217=VECTOR('Line Direction',#2216,1.) ;
#2224=VECTOR('Line Direction',#2223,1.) ;
#2241=VECTOR('Line Direction',#2240,1.) ;
#2250=VECTOR('Line Direction',#2249,1.) ;
#2255=VECTOR('Line Direction',#2254,1.) ;
#2279=VECTOR('Line Direction',#2278,1.) ;
#2296=VECTOR('Line Direction',#2295,1.) ;
#2303=VECTOR('Line Direction',#2302,1.) ;
#2315=VECTOR('Line Direction',#2314,1.) ;
#2322=VECTOR('Line Direction',#2321,1.) ;
#2343=VECTOR('Line Direction',#2342,1.) ;
#2360=VECTOR('Line Direction',#2359,1.) ;
#2377=VECTOR('Line Direction',#2376,1.) ;
#2406=VECTOR('Line Direction',#2405,1.) ;
#2497=VECTOR('Line Direction',#2496,1.) ;
#2514=VECTOR('Line Direction',#2513,1.) ;
#2555=VECTOR('Line Direction',#2554,1.) ;
#2564=VECTOR('Line Direction',#2563,1.) ;
#2571=VECTOR('Line Direction',#2570,1.) ;
#2578=VECTOR('Line Direction',#2577,1.) ;
#2595=VECTOR('Line Direction',#2594,1.) ;
#2604=VECTOR('Line Direction',#2603,1.) ;
#2609=VECTOR('Line Direction',#2608,1.) ;
#2633=VECTOR('Line Direction',#2632,1.) ;
#2657=VECTOR('Line Direction',#2656,1.) ;
#2666=VECTOR('Line Direction',#2665,1.) ;
#2671=VECTOR('Line Direction',#2670,1.) ;
#2695=VECTOR('Line Direction',#2694,1.) ;
#2719=VECTOR('Line Direction',#2718,1.) ;
#2726=VECTOR('Line Direction',#2725,1.) ;
#2733=VECTOR('Line Direction',#2732,1.) ;
#2745=VECTOR('Line Direction',#2744,1.) ;
#2752=VECTOR('Line Direction',#2751,1.) ;
#2759=VECTOR('Line Direction',#2758,1.) ;
#2776=VECTOR('Line Direction',#2775,1.) ;
#2785=VECTOR('Line Direction',#2784,1.) ;
#2792=VECTOR('Line Direction',#2791,1.) ;
#2799=VECTOR('Line Direction',#2798,1.) ;
#2816=VECTOR('Line Direction',#2815,1.) ;
#2821=VECTOR('Line Direction',#2820,1.) ;
#2844=VECTOR('Line Direction',#2843,1.) ;
#2861=VECTOR('Line Direction',#2860,1.) ;
#2899=VECTOR('Line Direction',#2898,1.) ;
#2915=VECTOR('Line Direction',#2914,1.) ;
#2939=VECTOR('Line Direction',#2938,1.) ;
#2946=VECTOR('Line Direction',#2945,1.) ;
#2953=VECTOR('Line Direction',#2952,1.) ;
#2977=VECTOR('Line Direction',#2976,1.) ;
#3001=VECTOR('Line Direction',#3000,1.) ;
#3008=VECTOR('Line Direction',#3007,1.) ;
#3015=VECTOR('Line Direction',#3014,1.) ;
#3039=VECTOR('Line Direction',#3038,1.) ;
#3063=VECTOR('Line Direction',#3062,1.) ;
#3070=VECTOR('Line Direction',#3069,1.) ;
#3077=VECTOR('Line Direction',#3076,1.) ;
#3101=VECTOR('Line Direction',#3100,1.) ;
#3125=VECTOR('Line Direction',#3124,1.) ;
#3132=VECTOR('Line Direction',#3131,1.) ;
#3139=VECTOR('Line Direction',#3138,1.) ;
#3163=VECTOR('Line Direction',#3162,1.) ;
#3187=VECTOR('Line Direction',#3186,1.) ;
#3194=VECTOR('Line Direction',#3193,1.) ;
#3201=VECTOR('Line Direction',#3200,1.) ;
#3225=VECTOR('Line Direction',#3224,1.) ;
#3249=VECTOR('Line Direction',#3248,1.) ;
#3256=VECTOR('Line Direction',#3255,1.) ;
#3263=VECTOR('Line Direction',#3262,1.) ;
#3287=VECTOR('Line Direction',#3286,1.) ;
#3306=VECTOR('Line Direction',#3305,1.) ;
#3313=VECTOR('Line Direction',#3312,1.) ;
#3320=VECTOR('Line Direction',#3319,1.) ;
#3344=VECTOR('Line Direction',#3343,1.) ;
#3368=VECTOR('Line Direction',#3367,1.) ;
#3375=VECTOR('Line Direction',#3374,1.) ;
#3382=VECTOR('Line Direction',#3381,1.) ;
#3406=VECTOR('Line Direction',#3405,1.) ;
#3425=VECTOR('Line Direction',#3424,1.) ;
#3432=VECTOR('Line Direction',#3431,1.) ;
#3439=VECTOR('Line Direction',#3438,1.) ;
#3463=VECTOR('Line Direction',#3462,1.) ;
#3487=VECTOR('Line Direction',#3486,1.) ;
#3494=VECTOR('Line Direction',#3493,1.) ;
#3501=VECTOR('Line Direction',#3500,1.) ;
#3525=VECTOR('Line Direction',#3524,1.) ;
#3544=VECTOR('Line Direction',#3543,1.) ;
#3551=VECTOR('Line Direction',#3550,1.) ;
#3558=VECTOR('Line Direction',#3557,1.) ;
#3582=VECTOR('Line Direction',#3581,1.) ;
#3606=VECTOR('Line Direction',#3605,1.) ;
#3611=VECTOR('Line Direction',#3610,1.) ;
#3637=VECTOR('Line Direction',#3636,1.) ;
#3651=VECTOR('Line Direction',#3650,1.) ;
#3694=VECTOR('Line Direction',#3693,1.) ;
#3708=VECTOR('Line Direction',#3707,1.) ;
#3751=VECTOR('Line Direction',#3750,1.) ;
#3765=VECTOR('Line Direction',#3764,1.) ;
#3890=VECTOR('Line Direction',#3889,1.) ;
#3899=VECTOR('Line Direction',#3898,1.) ;
#3906=VECTOR('Line Direction',#3905,1.) ;
#3913=VECTOR('Line Direction',#3912,1.) ;
#3930=VECTOR('Line Direction',#3929,1.) ;
#3937=VECTOR('Line Direction',#3936,1.) ;
#3944=VECTOR('Line Direction',#3943,1.) ;
#3961=VECTOR('Line Direction',#3960,1.) ;
#3970=VECTOR('Line Direction',#3969,1.) ;
#3975=VECTOR('Line Direction',#3974,1.) ;
#3992=VECTOR('Line Direction',#3991,1.) ;
#4016=VECTOR('Line Direction',#4015,1.) ;
#4047=VECTOR('Line Direction',#4046,1.) ;
#4064=VECTOR('Line Direction',#4063,1.) ;
#4071=VECTOR('Line Direction',#4070,1.) ;
#4078=VECTOR('Line Direction',#4077,1.) ;
#4109=VECTOR('Line Direction',#4108,1.) ;
#4126=VECTOR('Line Direction',#4125,1.) ;
#4135=VECTOR('Line Direction',#4134,1.) ;
#4140=VECTOR('Line Direction',#4139,1.) ;
#4164=VECTOR('Line Direction',#4163,1.) ;
#4188=VECTOR('Line Direction',#4187,1.) ;
#4195=VECTOR('Line Direction',#4194,1.) ;
#4202=VECTOR('Line Direction',#4201,1.) ;
#4226=VECTOR('Line Direction',#4225,1.) ;
#4250=VECTOR('Line Direction',#4249,1.) ;
#4257=VECTOR('Line Direction',#4256,1.) ;
#4264=VECTOR('Line Direction',#4263,1.) ;
#4295=VECTOR('Line Direction',#4294,1.) ;
#4312=VECTOR('Line Direction',#4311,1.) ;
#4319=VECTOR('Line Direction',#4318,1.) ;
#4326=VECTOR('Line Direction',#4325,1.) ;
#4343=VECTOR('Line Direction',#4342,1.) ;
#4360=VECTOR('Line Direction',#4359,1.) ;
#4377=VECTOR('Line Direction',#4376,1.) ;
#4394=VECTOR('Line Direction',#4393,1.) ;
#4473=VECTOR('Line Direction',#4472,1.) ;
#4480=VECTOR('Line Direction',#4479,1.) ;
#4487=VECTOR('Line Direction',#4486,1.) ;
#4511=VECTOR('Line Direction',#4510,1.) ;
#4528=VECTOR('Line Direction',#4527,1.) ;
#4535=VECTOR('Line Direction',#4534,1.) ;
#4559=VECTOR('Line Direction',#4558,1.) ;
#4576=VECTOR('Line Direction',#4575,1.) ;
#4583=VECTOR('Line Direction',#4582,1.) ;
#4607=VECTOR('Line Direction',#4606,1.) ;
#4624=VECTOR('Line Direction',#4623,1.) ;
#4631=VECTOR('Line Direction',#4630,1.) ;
#4665=VECTOR('Line Direction',#4664,1.) ;
#4670=VECTOR('Line Direction',#4669,1.) ;
#4699=VECTOR('Line Direction',#4698,1.) ;
#4713=VECTOR('Line Direction',#4712,1.) ;
#4737=VECTOR('Line Direction',#4736,1.) ;
#4749=VECTOR('Line Direction',#4748,1.) ;
#4785=VECTOR('Line Direction',#4784,1.) ;
#4809=VECTOR('Line Direction',#4808,1.) ;
#4816=VECTOR('Line Direction',#4815,1.) ;
#4833=VECTOR('Line Direction',#4832,1.) ;
#4840=VECTOR('Line Direction',#4839,1.) ;
#4879=VECTOR('Line Direction',#4878,1.) ;
#4903=VECTOR('Line Direction',#4902,1.) ;
#4927=VECTOR('Line Direction',#4926,1.) ;
#4951=VECTOR('Line Direction',#4950,1.) ;
#4975=VECTOR('Line Direction',#4974,1.) ;
#4992=VECTOR('Line Direction',#4991,1.) ;
#4999=VECTOR('Line Direction',#4998,1.) ;
#5006=VECTOR('Line Direction',#5005,1.) ;
#5023=VECTOR('Line Direction',#5022,1.) ;
#5030=VECTOR('Line Direction',#5029,1.) ;
#5047=VECTOR('Line Direction',#5046,1.) ;
#5054=VECTOR('Line Direction',#5053,1.) ;
#5071=VECTOR('Line Direction',#5070,1.) ;
#5112=VECTOR('Line Direction',#5111,1.) ;
#5119=VECTOR('Line Direction',#5118,1.) ;
#5126=VECTOR('Line Direction',#5125,1.) ;
#5140=VECTOR('Line Direction',#5139,1.) ;
#5159=VECTOR('Line Direction',#5158,1.) ;
#5190=VECTOR('Line Direction',#5189,1.) ;
#5197=VECTOR('Line Direction',#5196,1.) ;
#5204=VECTOR('Line Direction',#5203,1.) ;
#5228=VECTOR('Line Direction',#5227,1.) ;
#5252=VECTOR('Line Direction',#5251,1.) ;
#5269=VECTOR('Line Direction',#5268,1.) ;
#5283=VECTOR('Line Direction',#5282,1.) ;
#5297=VECTOR('Line Direction',#5296,1.) ;
#5311=VECTOR('Line Direction',#5310,1.) ;
#5325=VECTOR('Line Direction',#5324,1.) ;
#5339=VECTOR('Line Direction',#5338,1.) ;
#5353=VECTOR('Line Direction',#5352,1.) ;
#5367=VECTOR('Line Direction',#5366,1.) ;
#5374=VECTOR('Line Direction',#5373,1.) ;
#5381=VECTOR('Line Direction',#5380,1.) ;
#5406=VECTOR('Line Direction',#5405,1.) ;
#5422=VECTOR('Line Direction',#5421,1.) ;
#5440=VECTOR('Line Direction',#5439,1.) ;
#5456=VECTOR('Line Direction',#5455,1.) ;
#5480=VECTOR('Line Direction',#5479,1.) ;
#5489=VECTOR('Line Direction',#5488,1.) ;
#5496=VECTOR('Line Direction',#5495,1.) ;
#5503=VECTOR('Line Direction',#5502,1.) ;
#5517=VECTOR('Line Direction',#5516,1.) ;
#5531=VECTOR('Line Direction',#5530,1.) ;
#5545=VECTOR('Line Direction',#5544,1.) ;
#5559=VECTOR('Line Direction',#5558,1.) ;
#5573=VECTOR('Line Direction',#5572,1.) ;
#5587=VECTOR('Line Direction',#5586,1.) ;
#5601=VECTOR('Line Direction',#5600,1.) ;
#5635=VECTOR('Line Direction',#5634,1.) ;
#5649=VECTOR('Line Direction',#5648,1.) ;
#5669=VECTOR('Line Direction',#5668,1.) ;
#5683=VECTOR('Line Direction',#5682,1.) ;
#5707=VECTOR('Line Direction',#5706,1.) ;
#5731=VECTOR('Line Direction',#5730,1.) ;
#5736=VECTOR('Line Direction',#5735,1.) ;
#5753=VECTOR('Line Direction',#5752,1.) ;
#5758=VECTOR('Line Direction',#5757,1.) ;
#5775=VECTOR('Line Direction',#5774,1.) ;
#5792=VECTOR('Line Direction',#5791,1.) ;
#5809=VECTOR('Line Direction',#5808,1.) ;
#5826=VECTOR('Line Direction',#5825,1.) ;
#5843=VECTOR('Line Direction',#5842,1.) ;
#5860=VECTOR('Line Direction',#5859,1.) ;
#5877=VECTOR('Line Direction',#5876,1.) ;
#5894=VECTOR('Line Direction',#5893,1.) ;
#5911=VECTOR('Line Direction',#5910,1.) ;
#5928=VECTOR('Line Direction',#5927,1.) ;
#5945=VECTOR('Line Direction',#5944,1.) ;
#5962=VECTOR('Line Direction',#5961,1.) ;
#5991=VECTOR('Line Direction',#5990,1.) ;
#5996=VECTOR('Line Direction',#5995,1.) ;
#6013=VECTOR('Line Direction',#6012,1.) ;
#6030=VECTOR('Line Direction',#6029,1.) ;
#6054=VECTOR('Line Direction',#6053,1.) ;
#6059=VECTOR('Line Direction',#6058,1.) ;
#6076=VECTOR('Line Direction',#6075,1.) ;
#6088=VECTOR('Line Direction',#6087,1.) ;
#6117=VECTOR('Line Direction',#6116,1.) ;
#6138=VECTOR('Line Direction',#6137,1.) ;
#6176=VECTOR('Line Direction',#6175,1.) ;
#6185=VECTOR('Line Direction',#6184,1.) ;
#6192=VECTOR('Line Direction',#6191,1.) ;
#6199=VECTOR('Line Direction',#6198,1.) ;
#6216=VECTOR('Line Direction',#6215,1.) ;
#6223=VECTOR('Line Direction',#6222,1.) ;
#6230=VECTOR('Line Direction',#6229,1.) ;
#6244=VECTOR('Line Direction',#6243,1.) ;
#6258=VECTOR('Line Direction',#6257,1.) ;
#6265=VECTOR('Line Direction',#6264,1.) ;
#6272=VECTOR('Line Direction',#6271,1.) ;
#6339=VECTOR('Line Direction',#6338,1.) ;
#6363=VECTOR('Line Direction',#6362,1.) ;
#6370=VECTOR('Line Direction',#6369,1.) ;
#6377=VECTOR('Line Direction',#6376,1.) ;
#6394=VECTOR('Line Direction',#6393,1.) ;
#6401=VECTOR('Line Direction',#6400,1.) ;
#6418=VECTOR('Line Direction',#6417,1.) ;
#6425=VECTOR('Line Direction',#6424,1.) ;
#6432=VECTOR('Line Direction',#6431,1.) ;
#6456=VECTOR('Line Direction',#6455,1.) ;
#6473=VECTOR('Line Direction',#6472,1.) ;
#6480=VECTOR('Line Direction',#6479,1.) ;
#6487=VECTOR('Line Direction',#6486,1.) ;
#6504=VECTOR('Line Direction',#6503,1.) ;
#6521=VECTOR('Line Direction',#6520,1.) ;
#6535=VECTOR('Line Direction',#6534,1.) ;
#6564=VECTOR('Line Direction',#6563,1.) ;
#6578=VECTOR('Line Direction',#6577,1.) ;
#6607=VECTOR('Line Direction',#6606,1.) ;
#6641=VECTOR('Line Direction',#6640,1.) ;
#6683=VECTOR('Line Direction',#6682,1.) ;
#6699=VECTOR('Line Direction',#6698,1.) ;
#6723=VECTOR('Line Direction',#6722,1.) ;
#6739=VECTOR('Line Direction',#6738,1.) ;
#6746=VECTOR('Line Direction',#6745,1.) ;
#6753=VECTOR('Line Direction',#6752,1.) ;
#6758=VECTOR('Line Direction',#6757,1.) ;
#6765=VECTOR('Line Direction',#6764,1.) ;
#6772=VECTOR('Line Direction',#6771,1.) ;
#6779=VECTOR('Line Direction',#6778,1.) ;
#6793=VECTOR('Line Direction',#6792,1.) ;
#6862=VECTOR('Line Direction',#6861,1.) ;
#6869=VECTOR('Line Direction',#6868,1.) ;
#6886=VECTOR('Line Direction',#6885,1.) ;
#6893=VECTOR('Line Direction',#6892,1.) ;
#6900=VECTOR('Line Direction',#6899,1.) ;
#6917=VECTOR('Line Direction',#6916,1.) ;
#6924=VECTOR('Line Direction',#6923,1.) ;
#6941=VECTOR('Line Direction',#6940,1.) ;
#6948=VECTOR('Line Direction',#6947,1.) ;
#6965=VECTOR('Line Direction',#6964,1.) ;
#6972=VECTOR('Line Direction',#6971,1.) ;
#6979=VECTOR('Line Direction',#6978,1.) ;
#7003=VECTOR('Line Direction',#7002,1.) ;
#7020=VECTOR('Line Direction',#7019,1.) ;
#7034=VECTOR('Line Direction',#7033,1.) ;
#7046=VECTOR('Line Direction',#7045,1.) ;
#7053=VECTOR('Line Direction',#7052,1.) ;
#7070=VECTOR('Line Direction',#7069,1.) ;
#7084=VECTOR('Line Direction',#7083,1.) ;
#7113=VECTOR('Line Direction',#7112,1.) ;
#7127=VECTOR('Line Direction',#7126,1.) ;
#7156=VECTOR('Line Direction',#7155,1.) ;
#7173=VECTOR('Line Direction',#7172,1.) ;
#7207=VECTOR('Line Direction',#7206,1.) ;
#7256=VECTOR('Line Direction',#7255,1.) ;
#7272=VECTOR('Line Direction',#7271,1.) ;
#7373=VECTOR('Line Direction',#7372,1.) ;
#7378=VECTOR('Line Direction',#7377,1.) ;
#7397=VECTOR('Line Direction',#7396,1.) ;
#7404=VECTOR('Line Direction',#7403,1.) ;
#7505=VECTOR('Line Direction',#7504,1.) ;
#7510=VECTOR('Line Direction',#7509,1.) ;
#7539=VECTOR('Line Direction',#7538,1.) ;
#7555=VECTOR('Line Direction',#7554,1.) ;
#7656=VECTOR('Line Direction',#7655,1.) ;
#7661=VECTOR('Line Direction',#7660,1.) ;
#7680=VECTOR('Line Direction',#7679,1.) ;
#7687=VECTOR('Line Direction',#7686,1.) ;
#7781=VECTOR('Line Direction',#7780,1.) ;
#7786=VECTOR('Line Direction',#7785,1.) ;
#7815=VECTOR('Line Direction',#7814,1.) ;
#7824=VECTOR('Line Direction',#7823,1.) ;
#7831=VECTOR('Line Direction',#7830,1.) ;
#7838=VECTOR('Line Direction',#7837,1.) ;
#7855=VECTOR('Line Direction',#7854,1.) ;
#7886=VECTOR('Line Direction',#7885,1.) ;
#7895=VECTOR('Line Direction',#7894,1.) ;
#7902=VECTOR('Line Direction',#7901,1.) ;
#7907=VECTOR('Line Direction',#7906,1.) ;
#7935=VECTOR('Line Direction',#7934,1.) ;
#7942=VECTOR('Line Direction',#7941,1.) ;
#7949=VECTOR('Line Direction',#7948,1.) ;
#7954=VECTOR('Line Direction',#7953,1.) ;
#7961=VECTOR('Line Direction',#7960,1.) ;
#7975=VECTOR('Line Direction',#7974,1.) ;
#7998=VECTOR('Line Direction',#7997,1.) ;
#8029=VECTOR('Line Direction',#8028,1.) ;
#8036=VECTOR('Line Direction',#8035,1.) ;
#8043=VECTOR('Line Direction',#8042,1.) ;
#8050=VECTOR('Line Direction',#8049,1.) ;
#8064=VECTOR('Line Direction',#8063,1.) ;
#8084=VECTOR('Line Direction',#8083,1.) ;
#8115=VECTOR('Line Direction',#8114,1.) ;
#8139=VECTOR('Line Direction',#8138,1.) ;
#8146=VECTOR('Line Direction',#8145,1.) ;
#8163=VECTOR('Line Direction',#8162,1.) ;
#8187=VECTOR('Line Direction',#8186,1.) ;
#8192=VECTOR('Line Direction',#8191,1.) ;
#8206=VECTOR('Line Direction',#8205,1.) ;
#8221=VECTOR('Line Direction',#8220,1.) ;
#8242=VECTOR('Line Direction',#8241,1.) ;
#8292=VECTOR('Line Direction',#8291,1.) ;
#8306=VECTOR('Line Direction',#8305,1.) ;
#8337=VECTOR('Line Direction',#8336,1.) ;
#8359=VECTOR('Line Direction',#8358,1.) ;
#8395=VECTOR('Line Direction',#8394,1.) ;
#8404=VECTOR('Line Direction',#8403,1.) ;
#8411=VECTOR('Line Direction',#8410,1.) ;
#8418=VECTOR('Line Direction',#8417,1.) ;
#8435=VECTOR('Line Direction',#8434,1.) ;
#8442=VECTOR('Line Direction',#8441,1.) ;
#8449=VECTOR('Line Direction',#8448,1.) ;
#8461=VECTOR('Line Direction',#8460,1.) ;
#8468=VECTOR('Line Direction',#8467,1.) ;
#8485=VECTOR('Line Direction',#8484,1.) ;
#8492=VECTOR('Line Direction',#8491,1.) ;
#8509=VECTOR('Line Direction',#8508,1.) ;
#8536=VECTOR('Line Direction',#8535,1.) ;
#8545=VECTOR('Line Direction',#8544,1.) ;
#8552=VECTOR('Line Direction',#8551,1.) ;
#8559=VECTOR('Line Direction',#8558,1.) ;
#8576=VECTOR('Line Direction',#8575,1.) ;
#8583=VECTOR('Line Direction',#8582,1.) ;
#8590=VECTOR('Line Direction',#8589,1.) ;
#8602=VECTOR('Line Direction',#8601,1.) ;
#8609=VECTOR('Line Direction',#8608,1.) ;
#8626=VECTOR('Line Direction',#8625,1.) ;
#8633=VECTOR('Line Direction',#8632,1.) ;
#8650=VECTOR('Line Direction',#8649,1.) ;
#8677=VECTOR('Line Direction',#8676,1.) ;
#8686=VECTOR('Line Direction',#8685,1.) ;
#8693=VECTOR('Line Direction',#8692,1.) ;
#8700=VECTOR('Line Direction',#8699,1.) ;
#8712=VECTOR('Line Direction',#8711,1.) ;
#8721=VECTOR('Line Direction',#8720,1.) ;
#8726=VECTOR('Line Direction',#8725,1.) ;
#8743=VECTOR('Line Direction',#8742,1.) ;
#8750=VECTOR('Line Direction',#8749,1.) ;
#8767=VECTOR('Line Direction',#8766,1.) ;
#8774=VECTOR('Line Direction',#8773,1.) ;
#8786=VECTOR('Line Direction',#8785,1.) ;
#8827=VECTOR('Line Direction',#8826,1.) ;
#8834=VECTOR('Line Direction',#8833,1.) ;
#8841=VECTOR('Line Direction',#8840,1.) ;
#8848=VECTOR('Line Direction',#8847,1.) ;
#8862=VECTOR('Line Direction',#8861,1.) ;
#8869=VECTOR('Line Direction',#8868,1.) ;
#8876=VECTOR('Line Direction',#8875,1.) ;
#8883=VECTOR('Line Direction',#8882,1.) ;
#8906=VECTOR('Line Direction',#8905,1.) ;
#8913=VECTOR('Line Direction',#8912,1.) ;
#8937=VECTOR('Line Direction',#8936,1.) ;
#8944=VECTOR('Line Direction',#8943,1.) ;
#8961=VECTOR('Line Direction',#8960,1.) ;
#8968=VECTOR('Line Direction',#8967,1.) ;
#8985=VECTOR('Line Direction',#8984,1.) ;
#8992=VECTOR('Line Direction',#8991,1.) ;
#9009=VECTOR('Line Direction',#9008,1.) ;
#9016=VECTOR('Line Direction',#9015,1.) ;
#9033=VECTOR('Line Direction',#9032,1.) ;
#9040=VECTOR('Line Direction',#9039,1.) ;
#9057=VECTOR('Line Direction',#9056,1.) ;
#9064=VECTOR('Line Direction',#9063,1.) ;
#9081=VECTOR('Line Direction',#9080,1.) ;
#9088=VECTOR('Line Direction',#9087,1.) ;
#9105=VECTOR('Line Direction',#9104,1.) ;
#9112=VECTOR('Line Direction',#9111,1.) ;
#9176=VECTOR('Line Direction',#9175,1.) ;
#9190=VECTOR('Line Direction',#9189,1.) ;
#9207=VECTOR('Line Direction',#9206,1.) ;
#9214=VECTOR('Line Direction',#9213,1.) ;
#9221=VECTOR('Line Direction',#9220,1.) ;
#9238=VECTOR('Line Direction',#9237,1.) ;
#9257=VECTOR('Line Direction',#9256,1.) ;
#9262=VECTOR('Line Direction',#9261,1.) ;
#9289=VECTOR('Line Direction',#9288,1.) ;
#9312=VECTOR('Line Direction',#9311,1.) ;
#9356=VECTOR('Line Direction',#9355,1.) ;
#9368=VECTOR('Line Direction',#9367,1.) ;
#9388=VECTOR('Line Direction',#9387,1.) ;
#9412=VECTOR('Line Direction',#9411,1.) ;
#9438=VECTOR('Line Direction',#9437,1.) ;
#9445=VECTOR('Line Direction',#9444,1.) ;
#9452=VECTOR('Line Direction',#9451,1.) ;
#9476=VECTOR('Line Direction',#9475,1.) ;
#9500=VECTOR('Line Direction',#9499,1.) ;
#9507=VECTOR('Line Direction',#9506,1.) ;
#9514=VECTOR('Line Direction',#9513,1.) ;
#9545=VECTOR('Line Direction',#9544,1.) ;
#9562=VECTOR('Line Direction',#9561,1.) ;
#9569=VECTOR('Line Direction',#9568,1.) ;
#9576=VECTOR('Line Direction',#9575,1.) ;
#9617=VECTOR('Line Direction',#9616,1.) ;
#9643=VECTOR('Line Direction',#9642,1.) ;
#9650=VECTOR('Line Direction',#9649,1.) ;
#9657=VECTOR('Line Direction',#9656,1.) ;
#9688=VECTOR('Line Direction',#9687,1.) ;
#9712=VECTOR('Line Direction',#9711,1.) ;
#9736=VECTOR('Line Direction',#9735,1.) ;
#9743=VECTOR('Line Direction',#9742,1.) ;
#9750=VECTOR('Line Direction',#9749,1.) ;
#9774=VECTOR('Line Direction',#9773,1.) ;
#9812=VECTOR('Line Direction',#9811,1.) ;
#9824=VECTOR('Line Direction',#9823,1.) ;
#9831=VECTOR('Line Direction',#9830,1.) ;
#9838=VECTOR('Line Direction',#9837,1.) ;
#9894=VECTOR('Line Direction',#9893,1.) ;
#9918=VECTOR('Line Direction',#9917,1.) ;
#9925=VECTOR('Line Direction',#9924,1.) ;
#9932=VECTOR('Line Direction',#9931,1.) ;
#9956=VECTOR('Line Direction',#9955,1.) ;
#9980=VECTOR('Line Direction',#9979,1.) ;
#9987=VECTOR('Line Direction',#9986,1.) ;
#9994=VECTOR('Line Direction',#9993,1.) ;
#10025=VECTOR('Line Direction',#10024,1.) ;
#10037=VECTOR('Line Direction',#10036,1.) ;
#10044=VECTOR('Line Direction',#10043,1.) ;
#10051=VECTOR('Line Direction',#10050,1.) ;
#10092=VECTOR('Line Direction',#10091,1.) ;
#10118=VECTOR('Line Direction',#10117,1.) ;
#10125=VECTOR('Line Direction',#10124,1.) ;
#10132=VECTOR('Line Direction',#10131,1.) ;
#10163=VECTOR('Line Direction',#10162,1.) ;
#10187=VECTOR('Line Direction',#10186,1.) ;
#10211=VECTOR('Line Direction',#10210,1.) ;
#10218=VECTOR('Line Direction',#10217,1.) ;
#10225=VECTOR('Line Direction',#10224,1.) ;
#10249=VECTOR('Line Direction',#10248,1.) ;
#10287=VECTOR('Line Direction',#10286,1.) ;
#10299=VECTOR('Line Direction',#10298,1.) ;
#10306=VECTOR('Line Direction',#10305,1.) ;
#10313=VECTOR('Line Direction',#10312,1.) ;
#10344=VECTOR('Line Direction',#10343,1.) ;
#10370=VECTOR('Line Direction',#10369,1.) ;
#10384=VECTOR('Line Direction',#10383,1.) ;
#10396=VECTOR('Line Direction',#10395,1.) ;
#10401=VECTOR('Line Direction',#10400,1.) ;
#10415=VECTOR('Line Direction',#10414,1.) ;
#10422=VECTOR('Line Direction',#10421,1.) ;
#10429=VECTOR('Line Direction',#10428,1.) ;
#10443=VECTOR('Line Direction',#10442,1.) ;
#10462=VECTOR('Line Direction',#10461,1.) ;
#10467=VECTOR('Line Direction',#10466,1.) ;
#10481=VECTOR('Line Direction',#10480,1.) ;
#10488=VECTOR('Line Direction',#10487,1.) ;
#10495=VECTOR('Line Direction',#10494,1.) ;
#10509=VECTOR('Line Direction',#10508,1.) ;
#10533=VECTOR('Line Direction',#10532,1.) ;
#10550=VECTOR('Line Direction',#10549,1.) ;
#10567=VECTOR('Line Direction',#10566,1.) ;
#10583=VECTOR('Line Direction',#10582,1.) ;
#10595=VECTOR('Line Direction',#10594,1.) ;
#10607=VECTOR('Line Direction',#10606,1.) ;
#10621=VECTOR('Line Direction',#10620,1.) ;
#10642=VECTOR('Line Direction',#10641,1.) ;
#10663=VECTOR('Line Direction',#10662,1.) ;
#10670=VECTOR('Line Direction',#10669,1.) ;
#10855=VECTOR('Line Direction',#10854,1.) ;
#10881=VECTOR('Line Direction',#10880,1.) ;
#10900=VECTOR('Line Direction',#10899,1.) ;
#10914=VECTOR('Line Direction',#10913,1.) ;
#10921=VECTOR('Line Direction',#10920,1.) ;
#10945=VECTOR('Line Direction',#10944,1.) ;
#10962=VECTOR('Line Direction',#10961,1.) ;
#10988=VECTOR('Line Direction',#10987,1.) ;
#10993=VECTOR('Line Direction',#10992,1.) ;
#11010=VECTOR('Line Direction',#11009,1.) ;
#11034=VECTOR('Line Direction',#11033,1.) ;
#11041=VECTOR('Line Direction',#11040,1.) ;
#11058=VECTOR('Line Direction',#11057,1.) ;
#11089=VECTOR('Line Direction',#11088,1.) ;
#11101=VECTOR('Line Direction',#11100,1.) ;
#11115=VECTOR('Line Direction',#11114,1.) ;
#11122=VECTOR('Line Direction',#11121,1.) ;
#11148=VECTOR('Line Direction',#11147,1.) ;
#11172=VECTOR('Line Direction',#11171,1.) ;
#11181=VECTOR('Line Direction',#11180,1.) ;
#11186=VECTOR('Line Direction',#11185,1.) ;
#11203=VECTOR('Line Direction',#11202,1.) ;
#11252=VECTOR('Line Direction',#11251,1.) ;
#11276=VECTOR('Line Direction',#11275,1.) ;
#11285=VECTOR('Line Direction',#11284,1.) ;
#11290=VECTOR('Line Direction',#11289,1.) ;
#11314=VECTOR('Line Direction',#11313,1.) ;
#11338=VECTOR('Line Direction',#11337,1.) ;
#11375=VECTOR('Line Direction',#11374,1.) ;
#11382=VECTOR('Line Direction',#11381,1.) ;
#11389=VECTOR('Line Direction',#11388,1.) ;
#11413=VECTOR('Line Direction',#11412,1.) ;
#11437=VECTOR('Line Direction',#11436,1.) ;
#11449=VECTOR('Line Direction',#11448,1.) ;
#11461=VECTOR('Line Direction',#11460,1.) ;
#11482=VECTOR('Line Direction',#11481,1.) ;
#11511=VECTOR('Line Direction',#11510,1.) ;
#11528=VECTOR('Line Direction',#11527,1.) ;
#11559=VECTOR('Line Direction',#11558,1.) ;
#11585=VECTOR('Line Direction',#11584,1.) ;
#11599=VECTOR('Line Direction',#11598,1.) ;
#11616=VECTOR('Line Direction',#11615,1.) ;
#11623=VECTOR('Line Direction',#11622,1.) ;
#11630=VECTOR('Line Direction',#11629,1.) ;
#11661=VECTOR('Line Direction',#11660,1.) ;
#11678=VECTOR('Line Direction',#11677,1.) ;
#11685=VECTOR('Line Direction',#11684,1.) ;
#11692=VECTOR('Line Direction',#11691,1.) ;
#11697=VECTOR('Line Direction',#11696,1.) ;
#11704=VECTOR('Line Direction',#11703,1.) ;
#11711=VECTOR('Line Direction',#11710,1.) ;
#11716=VECTOR('Line Direction',#11715,1.) ;
#11751=VECTOR('Line Direction',#11750,1.) ;
#11763=VECTOR('Line Direction',#11762,1.) ;
#11777=VECTOR('Line Direction',#11776,1.) ;
#11789=VECTOR('Line Direction',#11788,1.) ;
#11817=VECTOR('Line Direction',#11816,1.) ;
#11822=VECTOR('Line Direction',#11821,1.) ;
#11840=VECTOR('Line Direction',#11839,1.) ;
#12075=VECTOR('Line Direction',#12074,1.) ;
#12080=VECTOR('Line Direction',#12079,1.) ;
#12116=VECTOR('Line Direction',#12115,1.) ;
#12121=VECTOR('Line Direction',#12120,1.) ;
#12161=VECTOR('Line Direction',#12160,1.) ;
#12166=VECTOR('Line Direction',#12165,1.) ;
#12197=VECTOR('Line Direction',#12196,1.) ;
#12211=VECTOR('Line Direction',#12210,1.) ;
#12242=VECTOR('Line Direction',#12241,1.) ;
#12256=VECTOR('Line Direction',#12255,1.) ;
#12287=VECTOR('Line Direction',#12286,1.) ;
#12301=VECTOR('Line Direction',#12300,1.) ;
#12332=VECTOR('Line Direction',#12331,1.) ;
#12346=VECTOR('Line Direction',#12345,1.) ;
#12425=VECTOR('Line Direction',#12424,1.) ;
#12439=VECTOR('Line Direction',#12438,1.) ;
#12458=VECTOR('Line Direction',#12457,1.) ;
#12472=VECTOR('Line Direction',#12471,1.) ;
#12496=VECTOR('Line Direction',#12495,1.) ;
#12510=VECTOR('Line Direction',#12509,1.) ;
#12524=VECTOR('Line Direction',#12523,1.) ;
#12556=VECTOR('Line Direction',#12555,1.) ;
#12561=VECTOR('Line Direction',#12560,1.) ;
#12587=VECTOR('Line Direction',#12586,1.) ;
#12592=VECTOR('Line Direction',#12591,1.) ;
#12618=VECTOR('Line Direction',#12617,1.) ;
#12732=VECTOR('Line Direction',#12731,1.) ;
#12786=VECTOR('Line Direction',#12785,1.) ;
#12800=VECTOR('Line Direction',#12799,1.) ;
#12949=VECTOR('Line Direction',#12948,1.) ;
#12954=VECTOR('Line Direction',#12953,1.) ;
#12994=VECTOR('Line Direction',#12993,1.) ;
#12999=VECTOR('Line Direction',#12998,1.) ;
#13039=VECTOR('Line Direction',#13038,1.) ;
#13044=VECTOR('Line Direction',#13043,1.) ;
#13070=VECTOR('Line Direction',#13069,1.) ;
#13102=VECTOR('Line Direction',#13101,1.) ;
#13109=VECTOR('Line Direction',#13108,1.) ;
#13116=VECTOR('Line Direction',#13115,1.) ;
#13205=VECTOR('Line Direction',#13204,1.) ;
#13210=VECTOR('Line Direction',#13209,1.) ;
#13236=VECTOR('Line Direction',#13235,1.) ;
#13241=VECTOR('Line Direction',#13240,1.) ;
#13267=VECTOR('Line Direction',#13266,1.) ;
#13272=VECTOR('Line Direction',#13271,1.) ;
#13301=VECTOR('Line Direction',#13300,1.) ;
#13310=VECTOR('Line Direction',#13309,1.) ;
#13317=VECTOR('Line Direction',#13316,1.) ;
#13324=VECTOR('Line Direction',#13323,1.) ;
#13350=VECTOR('Line Direction',#13349,1.) ;
#13364=VECTOR('Line Direction',#13363,1.) ;
#13378=VECTOR('Line Direction',#13377,1.) ;
#13385=VECTOR('Line Direction',#13384,1.) ;
#13392=VECTOR('Line Direction',#13391,1.) ;
#13399=VECTOR('Line Direction',#13398,1.) ;
#13406=VECTOR('Line Direction',#13405,1.) ;
#13420=VECTOR('Line Direction',#13419,1.) ;
#13427=VECTOR('Line Direction',#13426,1.) ;
#13434=VECTOR('Line Direction',#13433,1.) ;
#13462=VECTOR('Line Direction',#13461,1.) ;
#13486=VECTOR('Line Direction',#13485,1.) ;
#13510=VECTOR('Line Direction',#13509,1.) ;
#13517=VECTOR('Line Direction',#13516,1.) ;
#13524=VECTOR('Line Direction',#13523,1.) ;
#13541=VECTOR('Line Direction',#13540,1.) ;
#13555=VECTOR('Line Direction',#13554,1.) ;
#13572=VECTOR('Line Direction',#13571,1.) ;
#13579=VECTOR('Line Direction',#13578,1.) ;
#13596=VECTOR('Line Direction',#13595,1.) ;
#13603=VECTOR('Line Direction',#13602,1.) ;
#13620=VECTOR('Line Direction',#13619,1.) ;
#13627=VECTOR('Line Direction',#13626,1.) ;
#13644=VECTOR('Line Direction',#13643,1.) ;
#13658=VECTOR('Line Direction',#13657,1.) ;
#13675=VECTOR('Line Direction',#13674,1.) ;
#13689=VECTOR('Line Direction',#13688,1.) ;
#13706=VECTOR('Line Direction',#13705,1.) ;
#13713=VECTOR('Line Direction',#13712,1.) ;
#13730=VECTOR('Line Direction',#13729,1.) ;
#13737=VECTOR('Line Direction',#13736,1.) ;
#13771=VECTOR('Line Direction',#13770,1.) ;
#13788=VECTOR('Line Direction',#13787,1.) ;
#13795=VECTOR('Line Direction',#13794,1.) ;
#13812=VECTOR('Line Direction',#13811,1.) ;
#13829=VECTOR('Line Direction',#13828,1.) ;
#13836=VECTOR('Line Direction',#13835,1.) ;
#13853=VECTOR('Line Direction',#13852,1.) ;
#13918=VECTOR('Line Direction',#13917,1.) ;
#13927=VECTOR('Line Direction',#13926,1.) ;
#13934=VECTOR('Line Direction',#13933,1.) ;
#13941=VECTOR('Line Direction',#13940,1.) ;
#13972=VECTOR('Line Direction',#13971,1.) ;
#13989=VECTOR('Line Direction',#13988,1.) ;
#13996=VECTOR('Line Direction',#13995,1.) ;
#14003=VECTOR('Line Direction',#14002,1.) ;
#14027=VECTOR('Line Direction',#14026,1.) ;
#14051=VECTOR('Line Direction',#14050,1.) ;
#14058=VECTOR('Line Direction',#14057,1.) ;
#14065=VECTOR('Line Direction',#14064,1.) ;
#14096=VECTOR('Line Direction',#14095,1.) ;
#14113=VECTOR('Line Direction',#14112,1.) ;
#14122=VECTOR('Line Direction',#14121,1.) ;
#14127=VECTOR('Line Direction',#14126,1.) ;
#14149=VECTOR('Line Direction',#14148,1.) ;
#14156=VECTOR('Line Direction',#14155,1.) ;
#14173=VECTOR('Line Direction',#14172,1.) ;
#14180=VECTOR('Line Direction',#14179,1.) ;
#14202=VECTOR('Line Direction',#14201,1.) ;
#14234=VECTOR('Line Direction',#14233,1.) ;
#14243=VECTOR('Line Direction',#14242,1.) ;
#14250=VECTOR('Line Direction',#14249,1.) ;
#14257=VECTOR('Line Direction',#14256,1.) ;
#14274=VECTOR('Line Direction',#14273,1.) ;
#14283=VECTOR('Line Direction',#14282,1.) ;
#14288=VECTOR('Line Direction',#14287,1.) ;
#14305=VECTOR('Line Direction',#14304,1.) ;
#14312=VECTOR('Line Direction',#14311,1.) ;
#14319=VECTOR('Line Direction',#14318,1.) ;
#14343=VECTOR('Line Direction',#14342,1.) ;
#14357=VECTOR('Line Direction',#14356,1.) ;
#14377=VECTOR('Line Direction',#14376,1.) ;
#14391=VECTOR('Line Direction',#14390,1.) ;
#14418=VECTOR('Line Direction',#14417,1.) ;
#14423=VECTOR('Line Direction',#14422,1.) ;
#14452=VECTOR('Line Direction',#14451,1.) ;
#14484=VECTOR('Line Direction',#14483,1.) ;
#14493=VECTOR('Line Direction',#14492,1.) ;
#14500=VECTOR('Line Direction',#14499,1.) ;
#14507=VECTOR('Line Direction',#14506,1.) ;
#14538=VECTOR('Line Direction',#14537,1.) ;
#14555=VECTOR('Line Direction',#14554,1.) ;
#14562=VECTOR('Line Direction',#14561,1.) ;
#14569=VECTOR('Line Direction',#14568,1.) ;
#14593=VECTOR('Line Direction',#14592,1.) ;
#14617=VECTOR('Line Direction',#14616,1.) ;
#14624=VECTOR('Line Direction',#14623,1.) ;
#14631=VECTOR('Line Direction',#14630,1.) ;
#14662=VECTOR('Line Direction',#14661,1.) ;
#14679=VECTOR('Line Direction',#14678,1.) ;
#14688=VECTOR('Line Direction',#14687,1.) ;
#14693=VECTOR('Line Direction',#14692,1.) ;
#14715=VECTOR('Line Direction',#14714,1.) ;
#14722=VECTOR('Line Direction',#14721,1.) ;
#14739=VECTOR('Line Direction',#14738,1.) ;
#14746=VECTOR('Line Direction',#14745,1.) ;
#14768=VECTOR('Line Direction',#14767,1.) ;
#14800=VECTOR('Line Direction',#14799,1.) ;
#14809=VECTOR('Line Direction',#14808,1.) ;
#14816=VECTOR('Line Direction',#14815,1.) ;
#14823=VECTOR('Line Direction',#14822,1.) ;
#14840=VECTOR('Line Direction',#14839,1.) ;
#14849=VECTOR('Line Direction',#14848,1.) ;
#14854=VECTOR('Line Direction',#14853,1.) ;
#14871=VECTOR('Line Direction',#14870,1.) ;
#14878=VECTOR('Line Direction',#14877,1.) ;
#14885=VECTOR('Line Direction',#14884,1.) ;
#14909=VECTOR('Line Direction',#14908,1.) ;
#14923=VECTOR('Line Direction',#14922,1.) ;
#14943=VECTOR('Line Direction',#14942,1.) ;
#14957=VECTOR('Line Direction',#14956,1.) ;
#14984=VECTOR('Line Direction',#14983,1.) ;
#14989=VECTOR('Line Direction',#14988,1.) ;
#15018=VECTOR('Line Direction',#15017,1.) ;
#15050=VECTOR('Line Direction',#15049,1.) ;
#15059=VECTOR('Line Direction',#15058,1.) ;
#15066=VECTOR('Line Direction',#15065,1.) ;
#15073=VECTOR('Line Direction',#15072,1.) ;
#15085=VECTOR('Line Direction',#15084,1.) ;
#15092=VECTOR('Line Direction',#15091,1.) ;
#15099=VECTOR('Line Direction',#15098,1.) ;
#15116=VECTOR('Line Direction',#15115,1.) ;
#15123=VECTOR('Line Direction',#15122,1.) ;
#15140=VECTOR('Line Direction',#15139,1.) ;
#15147=VECTOR('Line Direction',#15146,1.) ;
#15159=VECTOR('Line Direction',#15158,1.) ;
#15191=VECTOR('Line Direction',#15190,1.) ;
#15200=VECTOR('Line Direction',#15199,1.) ;
#15207=VECTOR('Line Direction',#15206,1.) ;
#15214=VECTOR('Line Direction',#15213,1.) ;
#15231=VECTOR('Line Direction',#15230,1.) ;
#15238=VECTOR('Line Direction',#15237,1.) ;
#15245=VECTOR('Line Direction',#15244,1.) ;
#15257=VECTOR('Line Direction',#15256,1.) ;
#15264=VECTOR('Line Direction',#15263,1.) ;
#15281=VECTOR('Line Direction',#15280,1.) ;
#15288=VECTOR('Line Direction',#15287,1.) ;
#15305=VECTOR('Line Direction',#15304,1.) ;
#15332=VECTOR('Line Direction',#15331,1.) ;
#15341=VECTOR('Line Direction',#15340,1.) ;
#15348=VECTOR('Line Direction',#15347,1.) ;
#15355=VECTOR('Line Direction',#15354,1.) ;
#15372=VECTOR('Line Direction',#15371,1.) ;
#15379=VECTOR('Line Direction',#15378,1.) ;
#15386=VECTOR('Line Direction',#15385,1.) ;
#15398=VECTOR('Line Direction',#15397,1.) ;
#15405=VECTOR('Line Direction',#15404,1.) ;
#15422=VECTOR('Line Direction',#15421,1.) ;
#15429=VECTOR('Line Direction',#15428,1.) ;
#15446=VECTOR('Line Direction',#15445,1.) ;
#15473=VECTOR('Line Direction',#15472,1.) ;
#15482=VECTOR('Line Direction',#15481,1.) ;
#15489=VECTOR('Line Direction',#15488,1.) ;
#15496=VECTOR('Line Direction',#15495,1.) ;
#15513=VECTOR('Line Direction',#15512,1.) ;
#15520=VECTOR('Line Direction',#15519,1.) ;
#15527=VECTOR('Line Direction',#15526,1.) ;
#15539=VECTOR('Line Direction',#15538,1.) ;
#15546=VECTOR('Line Direction',#15545,1.) ;
#15563=VECTOR('Line Direction',#15562,1.) ;
#15570=VECTOR('Line Direction',#15569,1.) ;
#15587=VECTOR('Line Direction',#15586,1.) ;
#15614=VECTOR('Line Direction',#15613,1.) ;
#15630=VECTOR('Line Direction',#15629,1.) ;
#15654=VECTOR('Line Direction',#15653,1.) ;
#15670=VECTOR('Line Direction',#15669,1.) ;
#15694=VECTOR('Line Direction',#15693,1.) ;
#15703=VECTOR('Line Direction',#15702,1.) ;
#15708=VECTOR('Line Direction',#15707,1.) ;
#15725=VECTOR('Line Direction',#15724,1.) ;
#15734=VECTOR('Line Direction',#15733,1.) ;
#15741=VECTOR('Line Direction',#15740,1.) ;
#15748=VECTOR('Line Direction',#15747,1.) ;
#15765=VECTOR('Line Direction',#15764,1.) ;
#15781=VECTOR('Line Direction',#15780,1.) ;
#15829=VECTOR('Line Direction',#15828,1.) ;
#15867=VECTOR('Line Direction',#15866,1.) ;
#15884=VECTOR('Line Direction',#15883,1.) ;
#15891=VECTOR('Line Direction',#15890,1.) ;
#15898=VECTOR('Line Direction',#15897,1.) ;
#15937=VECTOR('Line Direction',#15936,1.) ;
#15944=VECTOR('Line Direction',#15943,1.) ;
#15951=VECTOR('Line Direction',#15950,1.) ;
#15968=VECTOR('Line Direction',#15967,1.) ;
#15975=VECTOR('Line Direction',#15974,1.) ;
#15982=VECTOR('Line Direction',#15981,1.) ;
#15999=VECTOR('Line Direction',#15998,1.) ;
#16004=VECTOR('Line Direction',#16003,1.) ;
#16093=VECTOR('Line Direction',#16092,1.) ;
#16102=VECTOR('Line Direction',#16101,1.) ;
#16116=VECTOR('Line Direction',#16115,1.) ;
#16123=VECTOR('Line Direction',#16122,1.) ;
#16130=VECTOR('Line Direction',#16129,1.) ;
#16149=VECTOR('Line Direction',#16148,1.) ;
#16156=VECTOR('Line Direction',#16155,1.) ;
#16163=VECTOR('Line Direction',#16162,1.) ;
#16180=VECTOR('Line Direction',#16179,1.) ;
#16189=VECTOR('Line Direction',#16188,1.) ;
#16203=VECTOR('Line Direction',#16202,1.) ;
#16208=VECTOR('Line Direction',#16207,1.) ;
#16227=VECTOR('Line Direction',#16226,1.) ;
#16244=VECTOR('Line Direction',#16243,1.) ;
#16261=VECTOR('Line Direction',#16260,1.) ;
#16278=VECTOR('Line Direction',#16277,1.) ;
#16310=VECTOR('Line Direction',#16309,1.) ;
#16319=VECTOR('Line Direction',#16318,1.) ;
#16326=VECTOR('Line Direction',#16325,1.) ;
#16333=VECTOR('Line Direction',#16332,1.) ;
#16347=VECTOR('Line Direction',#16346,1.) ;
#16366=VECTOR('Line Direction',#16365,1.) ;
#16373=VECTOR('Line Direction',#16372,1.) ;
#16380=VECTOR('Line Direction',#16379,1.) ;
#16397=VECTOR('Line Direction',#16396,1.) ;
#16406=VECTOR('Line Direction',#16405,1.) ;
#16411=VECTOR('Line Direction',#16410,1.) ;
#16425=VECTOR('Line Direction',#16424,1.) ;
#16444=VECTOR('Line Direction',#16443,1.) ;
#16461=VECTOR('Line Direction',#16460,1.) ;
#16478=VECTOR('Line Direction',#16477,1.) ;
#16495=VECTOR('Line Direction',#16494,1.) ;
#16527=VECTOR('Line Direction',#16526,1.) ;
#16536=VECTOR('Line Direction',#16535,1.) ;
#16543=VECTOR('Line Direction',#16542,1.) ;
#16550=VECTOR('Line Direction',#16549,1.) ;
#16567=VECTOR('Line Direction',#16566,1.) ;
#16574=VECTOR('Line Direction',#16573,1.) ;
#16581=VECTOR('Line Direction',#16580,1.) ;
#16605=VECTOR('Line Direction',#16604,1.) ;
#16612=VECTOR('Line Direction',#16611,1.) ;
#16619=VECTOR('Line Direction',#16618,1.) ;
#16633=VECTOR('Line Direction',#16632,1.) ;
#16640=VECTOR('Line Direction',#16639,1.) ;
#16662=VECTOR('Line Direction',#16661,1.) ;
#16669=VECTOR('Line Direction',#16668,1.) ;
#16693=VECTOR('Line Direction',#16692,1.) ;
#16700=VECTOR('Line Direction',#16699,1.) ;
#16714=VECTOR('Line Direction',#16713,1.) ;
#16721=VECTOR('Line Direction',#16720,1.) ;
#16751=VECTOR('Line Direction',#16750,1.) ;
#16801=VECTOR('Line Direction',#16800,1.) ;
#16820=VECTOR('Line Direction',#16819,1.) ;
#16836=VECTOR('Line Direction',#16835,1.) ;
#16841=VECTOR('Line Direction',#16840,1.) ;
#16853=VECTOR('Line Direction',#16852,1.) ;
#16883=VECTOR('Line Direction',#16882,1.) ;
#16895=VECTOR('Line Direction',#16894,1.) ;
#16924=VECTOR('Line Direction',#16923,1.) ;
#16959=VECTOR('Line Direction',#16958,1.) ;
#16976=VECTOR('Line Direction',#16975,1.) ;
#17025=VECTOR('Line Direction',#17024,1.) ;
#17072=VECTOR('Line Direction',#17071,1.) ;
#17087=VECTOR('Line Direction',#17086,1.) ;
#17102=VECTOR('Line Direction',#17101,1.) ;
#17144=VECTOR('Line Direction',#17143,1.) ;
#17159=VECTOR('Line Direction',#17158,1.) ;
#17179=VECTOR('Line Direction',#17178,1.) ;
#17212=VECTOR('Line Direction',#17211,1.) ;
#17238=VECTOR('Line Direction',#17237,1.) ;
#17245=VECTOR('Line Direction',#17244,1.) ;
#17259=VECTOR('Line Direction',#17258,1.) ;
#17273=VECTOR('Line Direction',#17272,1.) ;
#17287=VECTOR('Line Direction',#17286,1.) ;
#17306=VECTOR('Line Direction',#17305,1.) ;
#17340=VECTOR('Line Direction',#17339,1.) ;
#17368=VECTOR('Line Direction',#17367,1.) ;
#17380=VECTOR('Line Direction',#17379,1.) ;
#17394=VECTOR('Line Direction',#17393,1.) ;
#17408=VECTOR('Line Direction',#17407,1.) ;
#17422=VECTOR('Line Direction',#17421,1.) ;
#17429=VECTOR('Line Direction',#17428,1.) ;
#17456=VECTOR('Line Direction',#17455,1.) ;
#17473=VECTOR('Line Direction',#17472,1.) ;
#17478=VECTOR('Line Direction',#17477,1.) ;
#17507=VECTOR('Line Direction',#17506,1.) ;
#17524=VECTOR('Line Direction',#17523,1.) ;
#17541=VECTOR('Line Direction',#17540,1.) ;
#17558=VECTOR('Line Direction',#17557,1.) ;
#17575=VECTOR('Line Direction',#17574,1.) ;
#17640=VECTOR('Line Direction',#17639,1.) ;
#17658=VECTOR('Line Direction',#17657,1.) ;
#17670=VECTOR('Line Direction',#17669,1.) ;
#17677=VECTOR('Line Direction',#17676,1.) ;
#17684=VECTOR('Line Direction',#17683,1.) ;
#17717=VECTOR('Line Direction',#17716,1.) ;
#17737=VECTOR('Line Direction',#17736,1.) ;
#17746=VECTOR('Line Direction',#17745,1.) ;
#17751=VECTOR('Line Direction',#17750,1.) ;
#17770=VECTOR('Line Direction',#17769,1.) ;
#17808=VECTOR('Line Direction',#17807,1.) ;
#17832=VECTOR('Line Direction',#17831,1.) ;
#17839=VECTOR('Line Direction',#17838,1.) ;
#17846=VECTOR('Line Direction',#17845,1.) ;
#17863=VECTOR('Line Direction',#17862,1.) ;
#17889=VECTOR('Line Direction',#17888,1.) ;
#17896=VECTOR('Line Direction',#17895,1.) ;
#17903=VECTOR('Line Direction',#17902,1.) ;
#17920=VECTOR('Line Direction',#17919,1.) ;
#17927=VECTOR('Line Direction',#17926,1.) ;
#17934=VECTOR('Line Direction',#17933,1.) ;
#17946=VECTOR('Line Direction',#17945,1.) ;
#17955=VECTOR('Line Direction',#17954,1.) ;
#17960=VECTOR('Line Direction',#17959,1.) ;
#17984=VECTOR('Line Direction',#17983,1.) ;
#18015=VECTOR('Line Direction',#18014,1.) ;
#18039=VECTOR('Line Direction',#18038,1.) ;
#18048=VECTOR('Line Direction',#18047,1.) ;
#18053=VECTOR('Line Direction',#18052,1.) ;
#49=DIRECTION('Axis2P3D Direction',(0.,0.,-1.)) ;
#50=DIRECTION('Axis2P3D XDirection',(0.,1.,0.)) ;
#54=DIRECTION('Vector Direction',(1.,0.,0.)) ;
#63=DIRECTION('Vector Direction',(0.,1.,0.)) ;
#70=DIRECTION('Vector Direction',(1.,0.,0.)) ;
#77=DIRECTION('Vector Direction',(0.,1.,0.)) ;
#89=DIRECTION('Axis2P3D Direction',(0.,1.,0.)) ;
#90=DIRECTION('Axis2P3D XDirection',(0.,0.,1.)) ;
#94=DIRECTION('Vector Direction',(0.,0.,1.)) ;
#101=DIRECTION('Vector Direction',(1.,0.,0.)) ;
#108=DIRECTION('Vector Direction',(0.,0.,1.)) ;
#120=DIRECTION('Axis2P3D Direction',(-0.,0.,1.)) ;
#121=DIRECTION('Axis2P3D XDirection',(0.,-1.,0.)) ;
#125=DIRECTION('Vector Direction',(0.,-1.,0.)) ;
#132=DIRECTION('Vector Direction',(1.,0.,0.)) ;
#139=DIRECTION('Vector Direction',(0.,-1.,0.)) ;
#151=DIRECTION('Axis2P3D Direction',(0.,-1.,0.)) ;
#152=DIRECTION('Axis2P3D XDirection',(0.,0.,-1.)) ;
#156=DIRECTION('Vector Direction',(0.,0.,-1.)) ;
#163=DIRECTION('Vector Direction',(1.,0.,0.)) ;
#170=DIRECTION('Vector Direction',(0.,0.,-1.)) ;
#182=DIRECTION('Axis2P3D Direction',(1.,0.,0.)) ;
#183=DIRECTION('Axis2P3D XDirection',(0.,0.258333333333,-0.966055841496)) ;
#187=DIRECTION('Axis2P3D Direction',(1.,0.,0.)) ;
#194=DIRECTION('Vector Direction',(1.,0.,0.)) ;
#201=DIRECTION('Axis2P3D Direction',(1.,0.,0.)) ;
#213=DIRECTION('Axis2P3D Direction',(0.,1.,0.)) ;
#214=DIRECTION('Axis2P3D XDirection',(0.,0.,1.)) ;
#218=DIRECTION('Vector Direction',(0.,0.,1.)) ;
#223=DIRECTION('Vector Direction',(0.,0.,1.)) ;
#235=DIRECTION('Axis2P3D Direction',(1.,0.,0.)) ;
#236=DIRECTION('Axis2P3D XDirection',(0.,1.,0.)) ;
#249=DIRECTION('Axis2P3D Direction',(1.,0.,0.)) ;
#250=DIRECTION('Axis2P3D XDirection',(0.,1.,0.)) ;
#268=DIRECTION('Axis2P3D Direction',(-1.,0.,0.)) ;
#269=DIRECTION('Axis2P3D XDirection',(0.,-1.,0.)) ;
#273=DIRECTION('Vector Direction',(0.,0.,1.)) ;
#290=DIRECTION('Vector Direction',(0.,0.,1.)) ;
#297=DIRECTION('Vector Direction',(0.,-1.,0.)) ;
#309=DIRECTION('Axis2P3D Direction',(-1.,0.,0.)) ;
#310=DIRECTION('Axis2P3D XDirection',(0.,0.96795274109,0.251132417294)) ;
#314=DIRECTION('Axis2P3D Direction',(-1.,0.,0.)) ;
#323=DIRECTION('Vector Direction',(-1.,0.,0.)) ;
#328=DIRECTION('Vector Direction',(-1.,0.,0.)) ;
#340=DIRECTION('Axis2P3D Direction',(0.,0.,-1.)) ;
#341=DIRECTION('Axis2P3D XDirection',(-0.924079778435,0.382199637738,0.)) ;
#355=DIRECTION('Vector Direction',(0.,0.,-1.)) ;
#362=DIRECTION('Axis2P3D Direction',(0.,0.,-1.)) ;
#374=DIRECTION('Axis2P3D Direction',(0.,0.,1.)) ;
#375=DIRECTION('Axis2P3D XDirection',(1.,0.,0.)) ;
#379=DIRECTION('Vector Direction',(-1.,0.,0.)) ;
#386=DIRECTION('Vector Direction',(0.,-1.,0.)) ;
#393=DIRECTION('Vector Direction',(-1.,0.,0.)) ;
#405=DIRECTION('Axis2P3D Direction',(0.,-1.,0.)) ;
#406=DIRECTION('Axis2P3D XDirection',(1.,0.,0.)) ;
#410=DIRECTION('Vector Direction',(0.,0.,1.)) ;
#419=DIRECTION('Vector Direction',(-1.,0.,0.)) ;
#426=DIRECTION('Vector Direction',(0.,0.,-1.)) ;
#433=DIRECTION('Vector Direction',(-1.,0.,0.)) ;
#445=DIRECTION('Axis2P3D Direction',(-0.,1.,0.)) ;
#446=DIRECTION('Axis2P3D XDirection',(1.,0.,0.)) ;
#450=DIRECTION('Vector Direction',(0.,0.,-1.)) ;
#455=DIRECTION('Vector Direction',(0.,0.,-1.)) ;
#467=DIRECTION('Axis2P3D Direction',(0.,0.,-1.)) ;
#468=DIRECTION('Axis2P3D XDirection',(1.,0.,0.)) ;
#472=DIRECTION('Vector Direction',(1.,0.,0.)) ;
#481=DIRECTION('Vector Direction',(0.,-1.,0.)) ;
#486=DIRECTION('Vector Direction',(0.,-1.,0.)) ;
#498=DIRECTION('Axis2P3D Direction',(0.,-1.,0.)) ;
#499=DIRECTION('Axis2P3D XDirection',(1.,0.,0.)) ;
#503=DIRECTION('Vector Direction',(1.,0.,0.)) ;
#512=DIRECTION('Vector Direction',(0.,0.,1.)) ;
#517=DIRECTION('Vector Direction',(0.,0.,1.)) ;
#578=DIRECTION('Axis2P3D Direction',(-1.,0.,0.)) ;
#579=DIRECTION('Axis2P3D XDirection',(0.,-1.,0.)) ;
#583=DIRECTION('Vector Direction',(0.,0.,1.)) ;
#588=DIRECTION('Vector Direction',(0.,0.,1.)) ;
#600=DIRECTION('Axis2P3D Direction',(0.,-0.,1.)) ;
#601=DIRECTION('Axis2P3D XDirection',(0.55557023302,0.831469612303,0.)) ;
#605=DIRECTION('Axis2P3D Direction',(0.,-0.,1.)) ;
#612=DIRECTION('Vector Direction',(-0.707106781187,0.707106781187,0.)) ;
#624=DIRECTION('Axis2P3D Direction',(-0.707106781187,0.707106781187,0.)) ;
#625=DIRECTION('Axis2P3D XDirection',(-0.707106781187,-0.707106781187,0.)) ;
#629=DIRECTION('Vector Direction',(-0.707106781187,-0.707106781187,0.)) ;
#638=DIRECTION('Vector Direction',(0.,0.,1.)) ;
#645=DIRECTION('Vector Direction',(-0.707106781187,-0.707106781187,0.)) ;
#666=DIRECTION('Axis2P3D Direction',(0.,0.,-1.)) ;
#667=DIRECTION('Axis2P3D XDirection',(1.,3.39266616544E-016,0.)) ;
#671=DIRECTION('Vector Direction',(0.,0.,-1.)) ;
#683=DIRECTION('Axis2P3D Direction',(-0.707106781187,0.707106781187,0.)) ;
#684=DIRECTION('Axis2P3D XDirection',(-2.0030704868E-016,-2.0030704868E-016,1.)) ;
#688=DIRECTION('Axis2P3D Direction',(-0.707106781187,0.707106781187,0.)) ;
#695=DIRECTION('Vector Direction',(-0.707106781187,0.707106781187,0.)) ;
#707=DIRECTION('Axis2P3D Direction',(0.,0.,1.)) ;
#708=DIRECTION('Axis2P3D XDirection',(1.,0.,0.)) ;
#712=DIRECTION('Vector Direction',(0.707106781187,-0.707106781187,0.)) ;
#719=DIRECTION('Vector Direction',(-0.707106781187,-0.707106781187,0.)) ;
#731=DIRECTION('Axis2P3D Direction',(1.12152963203E-032,-5.05092043291E-017,-1.)) ;
#732=DIRECTION('Axis2P3D XDirection',(1.,5.66475693455E-049,1.12152963203E-032)) ;
#736=DIRECTION('Vector Direction',(-0.707106781187,0.707106781187,0.)) ;
#743=DIRECTION('Vector Direction',(-0.707106781187,-0.707106781187,0.)) ;
#755=DIRECTION('Axis2P3D Direction',(0.707106781187,0.707106781187,0.)) ;
#756=DIRECTION('Axis2P3D XDirection',(0.707106781187,-0.707106781187,0.)) ;
#760=DIRECTION('Vector Direction',(0.,0.,1.)) ;
#772=DIRECTION('Axis2P3D Direction',(-0.707106781187,0.707106781187,0.)) ;
#773=DIRECTION('Axis2P3D XDirection',(-0.707106781187,-0.707106781187,0.)) ;
#785=DIRECTION('Axis2P3D Direction',(0.,-1.,0.)) ;
#786=DIRECTION('Axis2P3D XDirection',(0.,0.,1.)) ;
#790=DIRECTION('Vector Direction',(-1.,0.,0.)) ;
#799=DIRECTION('Vector Direction',(0.,0.,1.)) ;
#806=DIRECTION('Vector Direction',(-1.,0.,0.)) ;
#813=DIRECTION('Vector Direction',(0.,0.,1.)) ;
#825=DIRECTION('Axis2P3D Direction',(-1.,0.,0.)) ;
#826=DIRECTION('Axis2P3D XDirection',(0.,1.,1.01064309961E-015)) ;
#830=DIRECTION('Axis2P3D Direction',(-1.,0.,0.)) ;
#835=DIRECTION('Axis2P3D Direction',(-1.,0.,0.)) ;
#847=DIRECTION('Axis2P3D Direction',(-1.,0.,0.)) ;
#848=DIRECTION('Axis2P3D XDirection',(0.,1.,0.)) ;
#852=DIRECTION('Vector Direction',(0.,1.,0.)) ;
#868=DIRECTION('Axis2P3D Direction',(-1.,0.,0.)) ;
#869=DIRECTION('Axis2P3D XDirection',(0.,1.,0.)) ;
#873=DIRECTION('Vector Direction',(0.,1.,0.)) ;
#889=DIRECTION('Axis2P3D Direction',(0.,0.,-1.)) ;
#890=DIRECTION('Axis2P3D XDirection',(1.,0.,0.)) ;
#904=DIRECTION('Axis2P3D Direction',(0.,0.,-1.)) ;
#905=DIRECTION('Axis2P3D XDirection',(1.,0.,0.)) ;
#909=DIRECTION('Vector Direction',(1.,0.,0.)) ;
#918=DIRECTION('Vector Direction',(0.,-1.,0.)) ;
#925=DIRECTION('Vector Direction',(-1.,0.,0.)) ;
#932=DIRECTION('Vector Direction',(0.,-1.,0.)) ;
#944=DIRECTION('Axis2P3D Direction',(1.,0.,0.)) ;
#945=DIRECTION('Axis2P3D XDirection',(0.,1.,0.)) ;
#949=DIRECTION('Vector Direction',(0.,0.,1.)) ;
#969=DIRECTION('Vector Direction',(0.,1.,0.)) ;
#976=DIRECTION('Vector Direction',(0.,0.,1.)) ;
#983=DIRECTION('Vector Direction',(0.,1.,0.)) ;
#1023=DIRECTION('Vector Direction',(0.,0.,1.)) ;
#1045=DIRECTION('Vector Direction',(0.,0.,1.)) ;
#1067=DIRECTION('Axis2P3D Direction',(0.,-1.,0.)) ;
#1068=DIRECTION('Axis2P3D XDirection',(0.,0.,-1.)) ;
#1072=DIRECTION('Vector Direction',(-1.,0.,0.)) ;
#1079=DIRECTION('Vector Direction',(0.,0.,1.)) ;
#1091=DIRECTION('Axis2P3D Direction',(0.,0.,-1.)) ;
#1092=DIRECTION('Axis2P3D XDirection',(0.,1.,0.)) ;
#1096=DIRECTION('Vector Direction',(0.,1.,0.)) ;
#1105=DIRECTION('Vector Direction',(-1.,0.,0.)) ;
#1110=DIRECTION('Vector Direction',(-1.,0.,0.)) ;
#1122=DIRECTION('Axis2P3D Direction',(0.,1.,0.)) ;
#1123=DIRECTION('Axis2P3D XDirection',(0.,0.,1.)) ;
#1127=DIRECTION('Vector Direction',(0.,0.,1.)) ;
#1134=DIRECTION('Vector Direction',(-1.,0.,0.)) ;
#1146=DIRECTION('Axis2P3D Direction',(-0.,0.,1.)) ;
#1147=DIRECTION('Axis2P3D XDirection',(0.,-1.,0.)) ;
#1151=DIRECTION('Vector Direction',(0.,-1.,0.)) ;
#1158=DIRECTION('Vector Direction',(1.,0.,0.)) ;
#1170=DIRECTION('Axis2P3D Direction',(1.,0.,0.)) ;
#1171=DIRECTION('Axis2P3D XDirection',(0.,0.951485913604,0.307692307692)) ;
#1175=DIRECTION('Axis2P3D Direction',(1.,0.,0.)) ;
#1184=DIRECTION('Vector Direction',(1.,0.,0.)) ;
#1189=DIRECTION('Vector Direction',(1.,0.,0.)) ;
#1201=DIRECTION('Axis2P3D Direction',(1.,0.,0.)) ;
#1202=DIRECTION('Axis2P3D XDirection',(0.,0.79151239567,0.611153112977)) ;
#1206=DIRECTION('Axis2P3D Direction',(1.,0.,0.)) ;
#1215=DIRECTION('Vector Direction',(1.,0.,0.)) ;
#1220=DIRECTION('Vector Direction',(1.,0.,0.)) ;
#1232=DIRECTION('Axis2P3D Direction',(0.,1.45409606864E-016,1.)) ;
#1233=DIRECTION('Axis2P3D XDirection',(0.962597230403,0.270936472296,-3.93967659216E-017)) ;
#1246=DIRECTION('Vector Direction',(0.,0.,1.)) ;
#1276=DIRECTION('Axis2P3D Direction',(0.,-0.866025403784,-0.5)) ;
#1277=DIRECTION('Axis2P3D XDirection',(0.,0.5,-0.866025403784)) ;
#1281=DIRECTION('Vector Direction',(1.,0.,0.)) ;
#1288=DIRECTION('Vector Direction',(1.,0.,0.)) ;
#1295=DIRECTION('Vector Direction',(0.,0.5,-0.866025403784)) ;
#1346=DIRECTION('Axis2P3D Direction',(0.852640164354,0.522498564716,-7.59763108821E-017)) ;
#1347=DIRECTION('Axis2P3D XDirection',(-0.522498564716,0.852640164354,2.14275357687E-017)) ;
#1351=DIRECTION('Vector Direction',(7.89491928622E-017,0.,1.)) ;
#1360=DIRECTION('Vector Direction',(-0.522498564716,0.852640164354,0.)) ;
#1382=DIRECTION('Vector Direction',(-0.522498564716,0.852640164354,0.)) ;
#1396=DIRECTION('Axis2P3D Direction',(0.,1.45409606864E-016,1.)) ;
#1397=DIRECTION('Axis2P3D XDirection',(0.962455236454,0.271440449865,-3.94700491017E-017)) ;
#1401=DIRECTION('Vector Direction',(0.,0.,1.)) ;
#1423=DIRECTION('Vector Direction',(0.,0.,1.)) ;
#1436=DIRECTION('Axis2P3D Direction',(0.852640164354,0.522498564716,-7.59763108821E-017)) ;
#1437=DIRECTION('Axis2P3D XDirection',(-0.413564090692,0.674875259132,0.611153112977)) ;
#1441=DIRECTION('Vector Direction',(0.852640164354,0.522498564716,0.)) ;
#1448=DIRECTION('Axis2P3D Direction',(0.852640164354,0.522498564716,-7.59763108821E-017)) ;
#1460=DIRECTION('Axis2P3D Direction',(0.852640164354,0.522498564716,-7.59763108821E-017)) ;
#1461=DIRECTION('Axis2P3D XDirection',(-0.522498564716,0.852640164354,2.14275357687E-017)) ;
#1465=DIRECTION('Vector Direction',(-0.522498564716,0.852640164354,0.)) ;
#1472=DIRECTION('Axis2P3D Direction',(0.852640164354,0.522498564716,-7.59763108821E-017)) ;
#1479=DIRECTION('Vector Direction',(0.522498564716,-0.852640164354,0.)) ;
#1486=DIRECTION('Vector Direction',(0.,0.,1.)) ;
#1500=DIRECTION('Axis2P3D Direction',(-0.,0.,1.)) ;
#1501=DIRECTION('Axis2P3D XDirection',(0.,-1.,0.)) ;
#1505=DIRECTION('Vector Direction',(-0.852640164354,-0.522498564716,0.)) ;
#1517=DIRECTION('Axis2P3D Direction',(0.852640164354,0.522498564716,-7.59763108821E-017)) ;
#1518=DIRECTION('Axis2P3D XDirection',(-0.452497030485,0.738408042618,0.5)) ;
#1522=DIRECTION('Vector Direction',(0.852640164354,0.522498564716,0.)) ;
#1527=DIRECTION('Vector Direction',(0.852640164354,0.522498564716,0.)) ;
#1539=DIRECTION('Axis2P3D Direction',(0.,0.,-1.)) ;
#1540=DIRECTION('Axis2P3D XDirection',(0.,1.,0.)) ;
#1544=DIRECTION('Vector Direction',(-0.852640164354,-0.522498564716,0.)) ;
#1556=DIRECTION('Axis2P3D Direction',(0.522498564716,-0.852640164354,-2.14275357687E-017)) ;
#1557=DIRECTION('Axis2P3D XDirection',(-7.59763108821E-017,-2.14275357687E-017,-1.)) ;
#1612=DIRECTION('Axis2P3D Direction',(1.,0.,0.)) ;
#1613=DIRECTION('Axis2P3D XDirection',(0.,1.,0.)) ;
#1617=DIRECTION('Axis2P3D Direction',(1.,0.,0.)) ;
#1629=DIRECTION('Axis2P3D Direction',(-0.,0.79151239567,0.611153112977)) ;
#1630=DIRECTION('Axis2P3D XDirection',(0.,-0.611153112977,0.79151239567)) ;
#1634=DIRECTION('Vector Direction',(0.,0.611153112977,-0.79151239567)) ;
#1646=DIRECTION('Axis2P3D Direction',(1.,0.,0.)) ;
#1647=DIRECTION('Axis2P3D XDirection',(-0.,-0.951485913604,-0.307692307692)) ;
#1651=DIRECTION('Axis2P3D Direction',(1.,0.,0.)) ;
#1663=DIRECTION('Axis2P3D Direction',(-1.,0.,0.)) ;
#1664=DIRECTION('Axis2P3D XDirection',(0.,-1.,1.62409768174E-015)) ;
#1668=DIRECTION('Vector Direction',(-1.,0.,0.)) ;
#1675=DIRECTION('Axis2P3D Direction',(-1.,0.,0.)) ;
#1687=DIRECTION('Axis2P3D Direction',(1.,0.,0.)) ;
#1688=DIRECTION('Axis2P3D XDirection',(0.,1.,0.)) ;
#1692=DIRECTION('Vector Direction',(0.,0.,-1.)) ;
#1714=DIRECTION('Axis2P3D Direction',(0.,1.,0.)) ;
#1715=DIRECTION('Axis2P3D XDirection',(0.,0.,1.)) ;
#1729=DIRECTION('Axis2P3D Direction',(0.,0.,-1.)) ;
#1730=DIRECTION('Axis2P3D XDirection',(1.,0.,0.)) ;
#1734=DIRECTION('Vector Direction',(1.,0.,0.)) ;
#1743=DIRECTION('Vector Direction',(0.,-1.,0.)) ;
#1750=DIRECTION('Vector Direction',(-1.,0.,0.)) ;
#1757=DIRECTION('Vector Direction',(0.,-1.,0.)) ;
#1769=DIRECTION('Axis2P3D Direction',(1.,0.,0.)) ;
#1770=DIRECTION('Axis2P3D XDirection',(0.,1.,0.)) ;
#1774=DIRECTION('Vector Direction',(0.,0.,1.)) ;
#1794=DIRECTION('Vector Direction',(0.,1.,0.)) ;
#1801=DIRECTION('Vector Direction',(0.,0.,1.)) ;
#1808=DIRECTION('Vector Direction',(0.,1.,0.)) ;
#1839=DIRECTION('Vector Direction',(0.,0.,1.)) ;
#1862=DIRECTION('Vector Direction',(0.,0.,1.)) ;
#1883=DIRECTION('Axis2P3D Direction',(0.,-1.,0.)) ;
#1884=DIRECTION('Axis2P3D XDirection',(0.,0.,-1.)) ;
#1888=DIRECTION('Vector Direction',(-1.,0.,0.)) ;
#1895=DIRECTION('Vector Direction',(0.,0.,1.)) ;
#1907=DIRECTION('Axis2P3D Direction',(0.,0.,-1.)) ;
#1908=DIRECTION('Axis2P3D XDirection',(0.,1.,0.)) ;
#1912=DIRECTION('Vector Direction',(0.,1.,0.)) ;
#1921=DIRECTION('Vector Direction',(-1.,0.,0.)) ;
#1926=DIRECTION('Vector Direction',(-1.,0.,0.)) ;
#1938=DIRECTION('Axis2P3D Direction',(0.,1.,0.)) ;
#1939=DIRECTION('Axis2P3D XDirection',(0.,0.,1.)) ;
#1943=DIRECTION('Vector Direction',(0.,0.,1.)) ;
#1950=DIRECTION('Vector Direction',(-1.,0.,0.)) ;
#1962=DIRECTION('Axis2P3D Direction',(-0.,0.,1.)) ;
#1963=DIRECTION('Axis2P3D XDirection',(0.,-1.,0.)) ;
#1967=DIRECTION('Vector Direction',(0.,-1.,0.)) ;
#1974=DIRECTION('Vector Direction',(1.,0.,0.)) ;
#1986=DIRECTION('Axis2P3D Direction',(1.,0.,0.)) ;
#1987=DIRECTION('Axis2P3D XDirection',(0.,0.738759067681,0.673969613498)) ;
#1991=DIRECTION('Axis2P3D Direction',(1.,0.,0.)) ;
#2000=DIRECTION('Vector Direction',(1.,0.,0.)) ;
#2005=DIRECTION('Vector Direction',(1.,0.,0.)) ;
#2017=DIRECTION('Axis2P3D Direction',(-0.,0.5,0.866025403784)) ;
#2018=DIRECTION('Axis2P3D XDirection',(0.,-0.866025403784,0.5)) ;
#2022=DIRECTION('Vector Direction',(0.,-0.866025403784,0.5)) ;
#2029=DIRECTION('Vector Direction',(1.,0.,0.)) ;
#2041=DIRECTION('Axis2P3D Direction',(0.,3.28383991133E-016,1.)) ;
#2042=DIRECTION('Axis2P3D XDirection',(0.962597230403,0.270936472296,-8.8971200116E-017)) ;
#2055=DIRECTION('Vector Direction',(0.,0.,1.)) ;
#2076=DIRECTION('Axis2P3D Direction',(0.,-0.548240774663,-0.836320544407)) ;
#2077=DIRECTION('Axis2P3D XDirection',(0.,0.836320544407,-0.548240774663)) ;
#2081=DIRECTION('Vector Direction',(1.,0.,0.)) ;
#2088=DIRECTION('Vector Direction',(1.,0.,0.)) ;
#2095=DIRECTION('Vector Direction',(0.,0.836320544407,-0.548240774663)) ;
#2146=DIRECTION('Axis2P3D Direction',(0.852640164354,0.522498564716,-1.71580164043E-016)) ;
#2147=DIRECTION('Axis2P3D XDirection',(-0.522498564716,0.852640164354,4.83906109621E-017)) ;
#2151=DIRECTION('Vector Direction',(1.7763568394E-016,0.,1.)) ;
#2160=DIRECTION('Vector Direction',(-0.522498564716,0.852640164354,6.23283101544E-017)) ;
#2195=DIRECTION('Vector Direction',(-0.522498564716,0.852640164354,6.23283101544E-017)) ;
#2211=DIRECTION('Axis2P3D Direction',(-0.261249282358,0.426320082177,0.866025403784)) ;
#2212=DIRECTION('Axis2P3D XDirection',(0.452497030485,-0.738408042618,0.5)) ;
#2216=DIRECTION('Vector Direction',(0.852640164354,0.522498564716,-2.96059473233E-016)) ;
#2223=DIRECTION('Vector Direction',(0.452497030485,-0.738408042618,0.5)) ;
#2235=DIRECTION('Axis2P3D Direction',(0.28645501788,-0.467452104214,-0.836320544407)) ;
#2236=DIRECTION('Axis2P3D XDirection',(-0.436976284095,0.713080486436,-0.548240774663)) ;
#2240=DIRECTION('Vector Direction',(-0.436976284095,0.713080486436,-0.548240774663)) ;
#2249=DIRECTION('Vector Direction',(0.852640164354,0.522498564716,0.)) ;
#2254=DIRECTION('Vector Direction',(-0.852640164354,-0.522498564716,0.)) ;
#2266=DIRECTION('Axis2P3D Direction',(0.852640164354,0.522498564716,-1.71580164043E-016)) ;
#2267=DIRECTION('Axis2P3D XDirection',(-0.261249282358,0.426320082177,0.866025403784)) ;
#2271=DIRECTION('Axis2P3D Direction',(0.852640164354,0.522498564716,-1.71580164043E-016)) ;
#2278=DIRECTION('Vector Direction',(0.852640164354,0.522498564716,0.)) ;
#2290=DIRECTION('Axis2P3D Direction',(0.852640164354,0.522498564716,-1.71580164043E-016)) ;
#2291=DIRECTION('Axis2P3D XDirection',(-0.522498564716,0.852640164354,4.83906109621E-017)) ;
#2295=DIRECTION('Vector Direction',(-0.522498564716,0.852640164354,5.68434188608E-016)) ;
#2302=DIRECTION('Vector Direction',(0.,0.,-1.)) ;
#2307=DIRECTION('Axis2P3D Direction',(0.852640164354,0.522498564716,-1.71580164043E-016)) ;
#2314=DIRECTION('Vector Direction',(0.522498564716,-0.852640164354,-8.35932630306E-016)) ;
#2321=DIRECTION('Vector Direction',(2.03012210217E-016,0.,1.)) ;
#2337=DIRECTION('Axis2P3D Direction',(-0.,0.,1.)) ;
#2338=DIRECTION('Axis2P3D XDirection',(0.,-1.,0.)) ;
#2342=DIRECTION('Vector Direction',(-0.852640164354,-0.522498564716,0.)) ;
#2354=DIRECTION('Axis2P3D Direction',(0.852640164354,0.522498564716,-1.71580164043E-016)) ;
#2355=DIRECTION('Axis2P3D XDirection',(-0.28645501788,0.467452104214,0.836320544407)) ;
#2359=DIRECTION('Vector Direction',(0.852640164354,0.522498564716,0.)) ;
#2371=DIRECTION('Axis2P3D Direction',(0.,0.,-1.)) ;
#2372=DIRECTION('Axis2P3D XDirection',(0.,1.,0.)) ;
#2376=DIRECTION('Vector Direction',(-0.852640164354,-0.522498564716,0.)) ;
#2388=DIRECTION('Axis2P3D Direction',(0.522498564716,-0.852640164354,-4.83906109621E-017)) ;
#2389=DIRECTION('Axis2P3D XDirection',(-1.71580164043E-016,-4.83906109621E-017,-1.)) ;
#2400=DIRECTION('Axis2P3D Direction',(0.,3.28383991133E-016,1.)) ;
#2401=DIRECTION('Axis2P3D XDirection',(0.962455236454,0.271440449865,-8.91366982815E-017)) ;
#2405=DIRECTION('Vector Direction',(0.,0.,1.)) ;
#2450=DIRECTION('Axis2P3D Direction',(1.,0.,0.)) ;
#2451=DIRECTION('Axis2P3D XDirection',(0.,1.,0.)) ;
#2455=DIRECTION('Axis2P3D Direction',(1.,0.,0.)) ;
#2467=DIRECTION('Axis2P3D Direction',(1.,0.,0.)) ;
#2468=DIRECTION('Axis2P3D XDirection',(-0.,-0.738759067681,-0.673969613498)) ;
#2472=DIRECTION('Axis2P3D Direction',(1.,0.,0.)) ;
#2484=DIRECTION('Axis2P3D Direction',(-1.,0.,0.)) ;
#2485=DIRECTION('Axis2P3D XDirection',(0.,-1.,1.62409768174E-015)) ;
#2489=DIRECTION('Axis2P3D Direction',(-1.,0.,0.)) ;
#2496=DIRECTION('Vector Direction',(-1.,0.,0.)) ;
#2508=DIRECTION('Axis2P3D Direction',(1.,0.,0.)) ;
#2509=DIRECTION('Axis2P3D XDirection',(0.,1.,0.)) ;
#2513=DIRECTION('Vector Direction',(0.,0.,-1.)) ;
#2534=DIRECTION('Axis2P3D Direction',(0.,1.,0.)) ;
#2535=DIRECTION('Axis2P3D XDirection',(0.,0.,1.)) ;
#2549=DIRECTION('Axis2P3D Direction',(0.,-0.5,0.866025403784)) ;
#2550=DIRECTION('Axis2P3D XDirection',(0.,0.866025403784,0.5)) ;
#2554=DIRECTION('Vector Direction',(-1.,0.,0.)) ;
#2563=DIRECTION('Vector Direction',(0.,0.866025403784,0.5)) ;
#2570=DIRECTION('Vector Direction',(-1.,0.,0.)) ;
#2577=DIRECTION('Vector Direction',(0.,0.866025403784,0.5)) ;
#2589=DIRECTION('Axis2P3D Direction',(0.857492925713,0.257247877714,-0.44556639434)) ;
#2590=DIRECTION('Axis2P3D XDirection',(0.,0.866025403784,0.5)) ;
#2594=DIRECTION('Vector Direction',(0.,0.866025403784,0.5)) ;
#2603=DIRECTION('Vector Direction',(0.514495755428,-0.428746462856,0.742610657233)) ;
#2608=DIRECTION('Vector Direction',(0.514495755428,-0.428746462856,0.742610657233)) ;
#2620=DIRECTION('Axis2P3D Direction',(-2.49800180541E-016,0.866025403784,0.5)) ;
#2621=DIRECTION('Axis2P3D XDirection',(0.857492925713,0.257247877714,-0.44556639434)) ;
#2625=DIRECTION('Axis2P3D Direction',(-2.49800180541E-016,0.866025403784,0.5)) ;
#2632=DIRECTION('Vector Direction',(0.,0.866025403784,0.5)) ;
#2639=DIRECTION('Axis2P3D Direction',(-2.49800180541E-016,0.866025403784,0.5)) ;
#2651=DIRECTION('Axis2P3D Direction',(0.,0.5,-0.866025403784)) ;
#2652=DIRECTION('Axis2P3D XDirection',(0.,-0.866025403784,-0.5)) ;
#2656=DIRECTION('Vector Direction',(-1.18423789293E-015,0.866025403784,0.5)) ;
#2665=DIRECTION('Vector Direction',(1.,0.,0.)) ;
#2670=DIRECTION('Vector Direction',(1.,0.,0.)) ;
#2682=DIRECTION('Axis2P3D Direction',(-8.45884209238E-016,0.866025403784,0.5)) ;
#2683=DIRECTION('Axis2P3D XDirection',(0.,0.5,-0.866025403784)) ;
#2687=DIRECTION('Axis2P3D Direction',(-8.45884209238E-016,0.866025403784,0.5)) ;
#2694=DIRECTION('Vector Direction',(0.,0.866025403784,0.5)) ;
#2701=DIRECTION('Axis2P3D Direction',(-8.45884209238E-016,0.866025403784,0.5)) ;
#2713=DIRECTION('Axis2P3D Direction',(0.857492925713,-0.257247877714,0.44556639434)) ;
#2714=DIRECTION('Axis2P3D XDirection',(0.,0.866025403784,0.5)) ;
#2718=DIRECTION('Vector Direction',(-0.514495755428,-0.428746462856,0.742610657233)) ;
#2725=DIRECTION('Vector Direction',(0.,0.866025403784,0.5)) ;
#2732=DIRECTION('Vector Direction',(-0.514495755428,-0.428746462856,0.742610657233)) ;
#2744=DIRECTION('Vector Direction',(-1.,0.,0.)) ;
#2751=DIRECTION('Vector Direction',(0.,0.866025403784,0.5)) ;
#2758=DIRECTION('Vector Direction',(-1.,0.,0.)) ;
#2770=DIRECTION('Axis2P3D Direction',(0.,-0.633954224485,0.773370571756)) ;
#2771=DIRECTION('Axis2P3D XDirection',(0.,0.773370571756,0.633954224485)) ;
#2775=DIRECTION('Vector Direction',(0.,0.773370571756,0.633954224485)) ;
#2784=DIRECTION('Vector Direction',(-1.,0.,0.)) ;
#2791=DIRECTION('Vector Direction',(0.,0.773370571756,0.633954224485)) ;
#2798=DIRECTION('Vector Direction',(-1.,0.,0.)) ;
#2810=DIRECTION('Axis2P3D Direction',(-0.,-0.866025403784,-0.5)) ;
#2811=DIRECTION('Axis2P3D XDirection',(0.,-0.5,0.866025403784)) ;
#2815=DIRECTION('Vector Direction',(0.,-0.5,0.866025403784)) ;
#2820=DIRECTION('Vector Direction',(0.,-0.5,0.866025403784)) ;
#2838=DIRECTION('Axis2P3D Direction',(-1.,0.,0.)) ;
#2839=DIRECTION('Axis2P3D XDirection',(0.,-1.,0.)) ;
#2843=DIRECTION('Vector Direction',(0.,0.5,-0.866025403784)) ;
#2855=DIRECTION('Axis2P3D Direction',(0.,0.866025403784,0.5)) ;
#2856=DIRECTION('Axis2P3D XDirection',(0.,0.5,-0.866025403784)) ;
#2860=DIRECTION('Vector Direction',(0.,0.5,-0.866025403784)) ;
#2878=DIRECTION('Axis2P3D Direction',(-1.,0.,0.)) ;
#2879=DIRECTION('Axis2P3D XDirection',(0.,-1.,0.)) ;
#2893=DIRECTION('Axis2P3D Direction',(0.522498564716,-0.852640164354,1.02907241271E-007)) ;
#2894=DIRECTION('Axis2P3D XDirection',(0.852640164354,0.522498564716,-2.22417460191E-008)) ;
#2898=DIRECTION('Vector Direction',(0.522498564716,-0.852640164354,1.02907241395E-007)) ;
#2907=DIRECTION('Axis2P3D Direction',(0.522498564716,-0.852640164354,1.02907241271E-007)) ;
#2914=DIRECTION('Vector Direction',(0.522498564716,-0.852640164354,1.02907241395E-007)) ;
#2921=DIRECTION('Axis2P3D Direction',(0.522498564716,-0.852640164354,1.02907241271E-007)) ;
#2933=DIRECTION('Axis2P3D Direction',(3.4804679882E-008,-9.93641274827E-008,-1.)) ;
#2934=DIRECTION('Axis2P3D XDirection',(0.852640164354,0.522498564716,-2.22417460191E-008)) ;
#2938=DIRECTION('Vector Direction',(0.852640164354,0.522498564716,-2.22417460205E-008)) ;
#2945=DIRECTION('Vector Direction',(0.522498564716,-0.852640164354,1.02907241395E-007)) ;
#2952=DIRECTION('Vector Direction',(0.852640164354,0.522498564716,-2.22417460205E-008)) ;
#2964=DIRECTION('Axis2P3D Direction',(0.522498564716,-0.852640164354,1.02907241271E-007)) ;
#2965=DIRECTION('Axis2P3D XDirection',(-3.48046798297E-008,9.93641275147E-008,1.)) ;
#2969=DIRECTION('Axis2P3D Direction',(0.522498564716,-0.852640164354,1.02907241271E-007)) ;
#2976=DIRECTION('Vector Direction',(0.522498564716,-0.852640164354,1.02907241395E-007)) ;
#2983=DIRECTION('Axis2P3D Direction',(0.522498564716,-0.852640164354,1.02907241271E-007)) ;
#2995=DIRECTION('Axis2P3D Direction',(0.852640164354,0.522498564716,-2.22417460191E-008)) ;
#2996=DIRECTION('Axis2P3D XDirection',(-3.4804679882E-008,9.93641274827E-008,1.)) ;
#3000=DIRECTION('Vector Direction',(-3.48046800269E-008,9.93641279479E-008,1.)) ;
#3007=DIRECTION('Vector Direction',(0.522498564716,-0.852640164354,1.02907241839E-007)) ;
#3014=DIRECTION('Vector Direction',(-3.48046800269E-008,9.93641279479E-008,1.)) ;
#3026=DIRECTION('Axis2P3D Direction',(0.522498564716,-0.852640164354,1.02907241271E-007)) ;
#3027=DIRECTION('Axis2P3D XDirection',(-0.852640164354,-0.522498564716,2.22417461416E-008)) ;
#3031=DIRECTION('Axis2P3D Direction',(0.522498564716,-0.852640164354,1.02907241271E-007)) ;
#3038=DIRECTION('Vector Direction',(0.522498564716,-0.852640164354,1.02907240063E-007)) ;
#3045=DIRECTION('Axis2P3D Direction',(0.522498564716,-0.852640164354,1.02907241271E-007)) ;
#3057=DIRECTION('Axis2P3D Direction',(-3.4804679882E-008,9.93641274827E-008,1.)) ;
#3058=DIRECTION('Axis2P3D XDirection',(-0.852640164354,-0.522498564716,2.22417460191E-008)) ;
#3062=DIRECTION('Vector Direction',(-0.852640164354,-0.522498564716,2.22417460356E-008)) ;
#3069=DIRECTION('Vector Direction',(0.522498564716,-0.852640164354,1.02907241839E-007)) ;
#3076=DIRECTION('Vector Direction',(-0.852640164354,-0.522498564716,2.22417460356E-008)) ;
#3088=DIRECTION('Axis2P3D Direction',(0.522498564716,-0.852640164354,1.02907241271E-007)) ;
#3089=DIRECTION('Axis2P3D XDirection',(0.852640164354,0.522498564716,-2.22417460191E-008)) ;
#3093=DIRECTION('Axis2P3D Direction',(0.522498564716,-0.852640164354,1.02907241271E-007)) ;
#3100=DIRECTION('Vector Direction',(0.522498564716,-0.852640164354,1.02907240063E-007)) ;
#3107=DIRECTION('Axis2P3D Direction',(0.522498564716,-0.852640164354,1.02907241271E-007)) ;
#3119=DIRECTION('Axis2P3D Direction',(-0.852640164354,-0.522498564716,2.22417460191E-008)) ;
#3120=DIRECTION('Axis2P3D XDirection',(3.4804679882E-008,-9.93641274827E-008,-1.)) ;
#3124=DIRECTION('Vector Direction',(3.48046796717E-008,-9.93641265268E-008,-1.)) ;
#3131=DIRECTION('Vector Direction',(0.522498564716,-0.852640164354,1.02907241839E-007)) ;
#3138=DIRECTION('Vector Direction',(3.48046796717E-008,-9.93641265268E-008,-1.)) ;
#3150=DIRECTION('Axis2P3D Direction',(0.522498564716,-0.852640164354,1.02907241271E-007)) ;
#3151=DIRECTION('Axis2P3D XDirection',(-0.852640164354,-0.522498564716,2.22417461416E-008)) ;
#3155=DIRECTION('Axis2P3D Direction',(0.522498564716,-0.852640164354,1.02907241271E-007)) ;
#3162=DIRECTION('Vector Direction',(0.522498564716,-0.852640164354,1.02907240063E-007)) ;
#3169=DIRECTION('Axis2P3D Direction',(0.522498564716,-0.852640164354,1.02907241271E-007)) ;
#3181=DIRECTION('Axis2P3D Direction',(3.4804679882E-008,-9.93641274827E-008,-1.)) ;
#3182=DIRECTION('Axis2P3D XDirection',(0.852640164354,0.522498564716,-2.22417460191E-008)) ;
#3186=DIRECTION('Vector Direction',(0.852640164354,0.522498564716,-2.22417459493E-008)) ;
#3193=DIRECTION('Vector Direction',(0.522498564716,-0.852640164354,1.02907241839E-007)) ;
#3200=DIRECTION('Vector Direction',(0.852640164354,0.522498564716,-2.22417459493E-008)) ;
#3212=DIRECTION('Axis2P3D Direction',(0.522498564716,-0.852640164354,1.02907241271E-007)) ;
#3213=DIRECTION('Axis2P3D XDirection',(3.48046797253E-008,-9.93641275787E-008,-1.)) ;
#3217=DIRECTION('Axis2P3D Direction',(0.522498564716,-0.852640164354,1.02907241271E-007)) ;
#3224=DIRECTION('Vector Direction',(0.522498564716,-0.852640164354,1.02907240063E-007)) ;
#3231=DIRECTION('Axis2P3D Direction',(0.522498564716,-0.852640164354,1.02907241271E-007)) ;
#3243=DIRECTION('Axis2P3D Direction',(0.852640164354,0.522498564716,-2.22417460191E-008)) ;
#3244=DIRECTION('Axis2P3D XDirection',(-3.4804679882E-008,9.93641274827E-008,1.)) ;
#3248=DIRECTION('Vector Direction',(-3.48046800269E-008,9.93641265268E-008,1.)) ;
#3255=DIRECTION('Vector Direction',(0.522498564716,-0.852640164354,1.02907241839E-007)) ;
#3262=DIRECTION('Vector Direction',(-3.48046800269E-008,9.93641265268E-008,1.)) ;
#3274=DIRECTION('Axis2P3D Direction',(0.522498564716,-0.852640164354,1.02907241271E-007)) ;
#3275=DIRECTION('Axis2P3D XDirection',(-3.48046794511E-008,9.93641277467E-008,1.)) ;
#3279=DIRECTION('Axis2P3D Direction',(0.522498564716,-0.852640164354,1.02907241271E-007)) ;
#3286=DIRECTION('Vector Direction',(0.522498564716,-0.852640164354,1.02907240063E-007)) ;
#3293=DIRECTION('Axis2P3D Direction',(0.522498564716,-0.852640164354,1.02907241271E-007)) ;
#3305=DIRECTION('Vector Direction',(-0.852640164354,-0.522498564716,2.22417460136E-008)) ;
#3312=DIRECTION('Vector Direction',(0.522498564716,-0.852640164354,1.02907241839E-007)) ;
#3319=DIRECTION('Vector Direction',(-0.852640164354,-0.522498564716,2.22417460136E-008)) ;
#3331=DIRECTION('Axis2P3D Direction',(0.522498564716,-0.852640164354,1.02907241271E-007)) ;
#3332=DIRECTION('Axis2P3D XDirection',(0.852640164354,0.522498564716,-2.22417460191E-008)) ;
#3336=DIRECTION('Axis2P3D Direction',(0.522498564716,-0.852640164354,1.02907241271E-007)) ;
#3343=DIRECTION('Vector Direction',(0.522498564716,-0.852640164354,1.02907240063E-007)) ;
#3350=DIRECTION('Axis2P3D Direction',(0.522498564716,-0.852640164354,1.02907241271E-007)) ;
#3362=DIRECTION('Axis2P3D Direction',(0.852640164354,0.522498564716,-2.22417460191E-008)) ;
#3363=DIRECTION('Axis2P3D XDirection',(-3.4804679882E-008,9.93641274827E-008,1.)) ;
#3367=DIRECTION('Vector Direction',(-3.48046796717E-008,9.93641265268E-008,1.)) ;
#3374=DIRECTION('Vector Direction',(0.522498564716,-0.852640164354,1.02907241839E-007)) ;
#3381=DIRECTION('Vector Direction',(-3.48046796717E-008,9.93641265268E-008,1.)) ;
#3393=DIRECTION('Axis2P3D Direction',(0.522498564716,-0.852640164354,1.02907241271E-007)) ;
#3394=DIRECTION('Axis2P3D XDirection',(-0.852640164354,-0.522498564716,2.22417461416E-008)) ;
#3398=DIRECTION('Axis2P3D Direction',(0.522498564716,-0.852640164354,1.02907241271E-007)) ;
#3405=DIRECTION('Vector Direction',(0.522498564716,-0.852640164354,1.02907240063E-007)) ;
#3412=DIRECTION('Axis2P3D Direction',(0.522498564716,-0.852640164354,1.02907241271E-007)) ;
#3424=DIRECTION('Vector Direction',(-0.852640164354,-0.522498564716,2.22417459493E-008)) ;
#3431=DIRECTION('Vector Direction',(0.522498564716,-0.852640164354,1.02907241839E-007)) ;
#3438=DIRECTION('Vector Direction',(-0.852640164354,-0.522498564716,2.22417459493E-008)) ;
#3450=DIRECTION('Axis2P3D Direction',(0.522498564716,-0.852640164354,1.02907241271E-007)) ;
#3451=DIRECTION('Axis2P3D XDirection',(3.48046797253E-008,-9.93641275787E-008,-1.)) ;
#3455=DIRECTION('Axis2P3D Direction',(0.522498564716,-0.852640164354,1.02907241271E-007)) ;
#3462=DIRECTION('Vector Direction',(0.522498564716,-0.852640164354,1.02907240063E-007)) ;
#3469=DIRECTION('Axis2P3D Direction',(0.522498564716,-0.852640164354,1.02907241271E-007)) ;
#3481=DIRECTION('Axis2P3D Direction',(-0.852640164354,-0.522498564716,2.22417460191E-008)) ;
#3482=DIRECTION('Axis2P3D XDirection',(3.4804679882E-008,-9.93641274827E-008,-1.)) ;
#3486=DIRECTION('Vector Direction',(3.48046796717E-008,-9.93641265268E-008,-1.)) ;
#3493=DIRECTION('Vector Direction',(0.522498564716,-0.852640164354,1.02907241839E-007)) ;
#3500=DIRECTION('Vector Direction',(3.48046796717E-008,-9.93641265268E-008,-1.)) ;
#3512=DIRECTION('Axis2P3D Direction',(0.522498564716,-0.852640164354,1.02907241271E-007)) ;
#3513=DIRECTION('Axis2P3D XDirection',(-3.48046798297E-008,9.93641275147E-008,1.)) ;
#3517=DIRECTION('Axis2P3D Direction',(0.522498564716,-0.852640164354,1.02907241271E-007)) ;
#3524=DIRECTION('Vector Direction',(0.522498564716,-0.852640164354,1.02907240063E-007)) ;
#3531=DIRECTION('Axis2P3D Direction',(0.522498564716,-0.852640164354,1.02907241271E-007)) ;
#3543=DIRECTION('Vector Direction',(-0.852640164354,-0.522498564716,2.22417460356E-008)) ;
#3550=DIRECTION('Vector Direction',(0.522498564716,-0.852640164354,1.02907241839E-007)) ;
#3557=DIRECTION('Vector Direction',(-0.852640164354,-0.522498564716,2.22417460356E-008)) ;
#3569=DIRECTION('Axis2P3D Direction',(0.522498564716,-0.852640164354,1.02907241271E-007)) ;
#3570=DIRECTION('Axis2P3D XDirection',(3.48046797253E-008,-9.93641275787E-008,-1.)) ;
#3574=DIRECTION('Axis2P3D Direction',(0.522498564716,-0.852640164354,1.02907241271E-007)) ;
#3581=DIRECTION('Vector Direction',(0.522498564716,-0.852640164354,1.02907240063E-007)) ;
#3588=DIRECTION('Axis2P3D Direction',(0.522498564716,-0.852640164354,1.02907241271E-007)) ;
#3600=DIRECTION('Axis2P3D Direction',(-0.852640164354,-0.522498564716,2.22417460191E-008)) ;
#3601=DIRECTION('Axis2P3D XDirection',(3.4804679882E-008,-9.93641274827E-008,-1.)) ;
#3605=DIRECTION('Vector Direction',(3.48046796717E-008,-9.93641279479E-008,-1.)) ;
#3610=DIRECTION('Vector Direction',(3.48046796717E-008,-9.93641279479E-008,-1.)) ;
#3622=DIRECTION('Axis2P3D Direction',(0.522498564716,-0.852640164354,1.02907241271E-007)) ;
#3623=DIRECTION('Axis2P3D XDirection',(0.852640164354,0.522498564716,-2.22417460191E-008)) ;
#3627=DIRECTION('Axis2P3D Direction',(0.522498564716,-0.852640164354,1.02907241271E-007)) ;
#3636=DIRECTION('Vector Direction',(0.522498564716,-0.852640164354,1.02907240951E-007)) ;
#3643=DIRECTION('Axis2P3D Direction',(0.522498564716,-0.852640164354,1.02907241271E-007)) ;
#3650=DIRECTION('Vector Direction',(0.522498564716,-0.852640164354,1.02907240951E-007)) ;
#3662=DIRECTION('Axis2P3D Direction',(0.522498564716,-0.852640164354,1.02907241271E-007)) ;
#3667=DIRECTION('Axis2P3D Direction',(0.522498564716,-0.852640164354,1.02907241271E-007)) ;
#3679=DIRECTION('Axis2P3D Direction',(0.522498564716,-0.852640164354,1.02907241271E-007)) ;
#3680=DIRECTION('Axis2P3D XDirection',(0.852640164354,0.522498564716,-2.22417460191E-008)) ;
#3684=DIRECTION('Axis2P3D Direction',(0.522498564716,-0.852640164354,1.02907241271E-007)) ;
#3693=DIRECTION('Vector Direction',(0.522498564716,-0.852640164354,1.02907240951E-007)) ;
#3700=DIRECTION('Axis2P3D Direction',(0.522498564716,-0.852640164354,1.02907241271E-007)) ;
#3707=DIRECTION('Vector Direction',(0.522498564716,-0.852640164354,1.02907240951E-007)) ;
#3719=DIRECTION('Axis2P3D Direction',(0.522498564716,-0.852640164354,1.02907241271E-007)) ;
#3724=DIRECTION('Axis2P3D Direction',(0.522498564716,-0.852640164354,1.02907241271E-007)) ;
#3736=DIRECTION('Axis2P3D Direction',(0.522498564716,-0.852640164354,1.02907241271E-007)) ;
#3737=DIRECTION('Axis2P3D XDirection',(0.852640164354,0.522498564716,-2.22417460191E-008)) ;
#3741=DIRECTION('Axis2P3D Direction',(0.522498564716,-0.852640164354,1.02907241271E-007)) ;
#3750=DIRECTION('Vector Direction',(0.522498564716,-0.852640164354,1.02907240951E-007)) ;
#3757=DIRECTION('Axis2P3D Direction',(0.522498564716,-0.852640164354,1.02907241271E-007)) ;
#3764=DIRECTION('Vector Direction',(0.522498564716,-0.852640164354,1.02907240951E-007)) ;
#3776=DIRECTION('Axis2P3D Direction',(0.522498564716,-0.852640164354,1.02907241271E-007)) ;
#3781=DIRECTION('Axis2P3D Direction',(0.522498564716,-0.852640164354,1.02907241271E-007)) ;
#3793=DIRECTION('Axis2P3D Direction',(0.522498564716,-0.852640164354,1.02907241271E-007)) ;
#3794=DIRECTION('Axis2P3D XDirection',(0.852640164354,0.522498564716,-2.22417460191E-008)) ;
#3837=DIRECTION('Axis2P3D Direction',(0.522498564716,-0.852640164354,1.02907241271E-007)) ;
#3838=DIRECTION('Axis2P3D XDirection',(0.852640164354,0.522498564716,-2.22417460191E-008)) ;
#3884=DIRECTION('Axis2P3D Direction',(-1.04591667823E-030,-6.80011602583E-016,1.)) ;
#3885=DIRECTION('Axis2P3D XDirection',(1.,6.12323399574E-017,1.08755537986E-030)) ;
#3889=DIRECTION('Vector Direction',(1.,0.,0.)) ;
#3898=DIRECTION('Vector Direction',(0.,-1.,0.)) ;
#3905=DIRECTION('Vector Direction',(1.,0.,0.)) ;
#3912=DIRECTION('Vector Direction',(0.,-1.,0.)) ;
#3924=DIRECTION('Axis2P3D Direction',(1.,6.12323399574E-017,1.30286186299E-030)) ;
#3925=DIRECTION('Axis2P3D XDirection',(-1.26122316136E-030,-6.80011602583E-016,1.)) ;
#3929=DIRECTION('Vector Direction',(0.,0.,1.)) ;
#3936=DIRECTION('Vector Direction',(0.,-1.,0.)) ;
#3943=DIRECTION('Vector Direction',(0.,0.,1.)) ;
#3955=DIRECTION('Axis2P3D Direction',(-1.04591667823E-030,-6.80011602583E-016,1.)) ;
#3956=DIRECTION('Axis2P3D XDirection',(1.,6.12323399574E-017,1.08755537986E-030)) ;
#3960=DIRECTION('Vector Direction',(0.,-1.,0.)) ;
#3969=DIRECTION('Vector Direction',(1.,0.,0.)) ;
#3974=DIRECTION('Vector Direction',(1.,0.,0.)) ;
#3986=DIRECTION('Axis2P3D Direction',(-6.12323399574E-017,1.,6.80011602583E-016)) ;
#3987=DIRECTION('Axis2P3D XDirection',(-1.,-6.12323399574E-017,-1.08755537986E-030)) ;
#3991=DIRECTION('Vector Direction',(0.,-1.13686837722E-015,1.)) ;
#4003=DIRECTION('Axis2P3D Direction',(-1.04591667823E-030,-6.80011602583E-016,1.)) ;
#4004=DIRECTION('Axis2P3D XDirection',(-0.707106781187,0.707106781187,4.80840815472E-016)) ;
#4008=DIRECTION('Axis2P3D Direction',(-1.04591667823E-030,-6.80011602583E-016,1.)) ;
#4015=DIRECTION('Vector Direction',(0.,0.,1.)) ;
#4022=DIRECTION('Axis2P3D Direction',(-1.04591667823E-030,-6.80011602583E-016,1.)) ;
#4034=DIRECTION('Axis2P3D Direction',(1.0353799381E-030,6.80011602583E-016,-1.)) ;
#4035=DIRECTION('Axis2P3D XDirection',(-0.382683432365,-0.923879532511,-6.28248801497E-016)) ;
#4039=DIRECTION('Axis2P3D Direction',(1.0353799381E-030,6.80011602583E-016,-1.)) ;
#4046=DIRECTION('Vector Direction',(1.,0.,0.)) ;
#4058=DIRECTION('Axis2P3D Direction',(1.04591667823E-030,6.80011602583E-016,-1.)) ;
#4059=DIRECTION('Axis2P3D XDirection',(1.,6.12323399574E-017,1.08755537986E-030)) ;
#4063=DIRECTION('Vector Direction',(0.,-1.,0.)) ;
#4070=DIRECTION('Vector Direction',(0.,-1.,0.)) ;
#4077=DIRECTION('Vector Direction',(1.,0.,0.)) ;
#4089=DIRECTION('Axis2P3D Direction',(1.,6.12323399574E-017,1.30286186299E-030)) ;
#4090=DIRECTION('Axis2P3D XDirection',(1.27247135973E-030,4.96314582711E-016,-1.)) ;
#4094=DIRECTION('Axis2P3D Direction',(1.,6.12323399574E-017,1.30286186299E-030)) ;
#4101=DIRECTION('Axis2P3D Direction',(1.,6.12323399574E-017,1.30286186299E-030)) ;
#4108=DIRECTION('Vector Direction',(1.,0.,0.)) ;
#4120=DIRECTION('Axis2P3D Direction',(-6.12323399574E-017,1.,9.1685918117E-016)) ;
#4121=DIRECTION('Axis2P3D XDirection',(-1.24672042991E-030,-9.1685918117E-016,1.)) ;
#4125=DIRECTION('Vector Direction',(1.,0.,0.)) ;
#4134=DIRECTION('Vector Direction',(0.,0.,1.)) ;
#4139=DIRECTION('Vector Direction',(0.,0.,1.)) ;
#4151=DIRECTION('Axis2P3D Direction',(1.,6.12323399574E-017,1.30286186299E-030)) ;
#4152=DIRECTION('Axis2P3D XDirection',(-1.26159431115E-030,-6.73950266651E-016,1.)) ;
#4156=DIRECTION('Axis2P3D Direction',(1.,6.12323399574E-017,1.30286186299E-030)) ;
#4163=DIRECTION('Vector Direction',(1.,0.,0.)) ;
#4170=DIRECTION('Axis2P3D Direction',(1.,6.12323399574E-017,1.30286186299E-030)) ;
#4182=DIRECTION('Axis2P3D Direction',(-1.04591667823E-030,-6.80011602583E-016,1.)) ;
#4183=DIRECTION('Axis2P3D XDirection',(1.,6.12323399574E-017,1.08755537986E-030)) ;
#4187=DIRECTION('Vector Direction',(0.,1.,0.)) ;
#4194=DIRECTION('Vector Direction',(0.,1.,0.)) ;
#4201=DIRECTION('Vector Direction',(1.,0.,0.)) ;
#4213=DIRECTION('Axis2P3D Direction',(1.,6.12323399574E-017,1.30286186299E-030)) ;
#4214=DIRECTION('Axis2P3D XDirection',(-6.12323399574E-017,1.,4.96314582711E-016)) ;
#4218=DIRECTION('Axis2P3D Direction',(1.,6.12323399574E-017,1.30286186299E-030)) ;
#4225=DIRECTION('Vector Direction',(1.,0.,0.)) ;
#4232=DIRECTION('Axis2P3D Direction',(1.,6.12323399574E-017,1.30286186299E-030)) ;
#4244=DIRECTION('Axis2P3D Direction',(-6.12323399574E-017,1.,6.80011602583E-016)) ;
#4245=DIRECTION('Axis2P3D XDirection',(-1.26122316136E-030,-6.80011602583E-016,1.)) ;
#4249=DIRECTION('Vector Direction',(0.,0.,1.)) ;
#4256=DIRECTION('Vector Direction',(1.,0.,0.)) ;
#4263=DIRECTION('Vector Direction',(0.,0.,1.)) ;
#4275=DIRECTION('Axis2P3D Direction',(1.,6.12323399574E-017,1.30286186299E-030)) ;
#4276=DIRECTION('Axis2P3D XDirection',(6.12323399574E-017,-1.,-5.57546922668E-016)) ;
#4280=DIRECTION('Axis2P3D Direction',(1.,6.12323399574E-017,1.30286186299E-030)) ;
#4287=DIRECTION('Axis2P3D Direction',(1.,6.12323399574E-017,1.30286186299E-030)) ;
#4294=DIRECTION('Vector Direction',(1.,0.,0.)) ;
#4306=DIRECTION('Axis2P3D Direction',(1.,6.12323399574E-017,1.30286186299E-030)) ;
#4307=DIRECTION('Axis2P3D XDirection',(-6.12323399574E-017,1.,6.80011602583E-016)) ;
#4311=DIRECTION('Vector Direction',(0.,1.,1.32193997351E-015)) ;
#4318=DIRECTION('Vector Direction',(0.,-5.68434188608E-016,1.)) ;
#4325=DIRECTION('Vector Direction',(0.,1.,1.32193997351E-015)) ;
#4342=DIRECTION('Vector Direction',(0.,-5.68434188608E-016,1.)) ;
#4359=DIRECTION('Vector Direction',(0.,1.,1.32193997351E-015)) ;
#4376=DIRECTION('Vector Direction',(0.,-5.68434188608E-016,1.)) ;
#4393=DIRECTION('Vector Direction',(0.,1.,1.32193997351E-015)) ;
#4467=DIRECTION('Axis2P3D Direction',(6.12323399574E-017,-1.,-6.80011602583E-016)) ;
#4468=DIRECTION('Axis2P3D XDirection',(-1.26122316136E-030,-6.80011602583E-016,1.)) ;
#4472=DIRECTION('Vector Direction',(1.,0.,0.)) ;
#4479=DIRECTION('Vector Direction',(1.,0.,0.)) ;
#4486=DIRECTION('Vector Direction',(0.,0.,1.)) ;
#4498=DIRECTION('Axis2P3D Direction',(1.,6.12323399574E-017,1.30286186299E-030)) ;
#4499=DIRECTION('Axis2P3D XDirection',(1.27247135973E-030,4.96314582711E-016,-1.)) ;
#4503=DIRECTION('Axis2P3D Direction',(1.,6.12323399574E-017,1.30286186299E-030)) ;
#4510=DIRECTION('Vector Direction',(1.,0.,0.)) ;
#4522=DIRECTION('Axis2P3D Direction',(-1.04591667823E-030,-6.80011602583E-016,1.)) ;
#4523=DIRECTION('Axis2P3D XDirection',(1.,6.12323399574E-017,1.08755537986E-030)) ;
#4527=DIRECTION('Vector Direction',(0.,1.,0.)) ;
#4534=DIRECTION('Vector Direction',(1.,0.,0.)) ;
#4546=DIRECTION('Axis2P3D Direction',(1.,6.12323399574E-017,1.30286186299E-030)) ;
#4547=DIRECTION('Axis2P3D XDirection',(6.12323399574E-017,-1.,-4.96314582711E-016)) ;
#4551=DIRECTION('Axis2P3D Direction',(1.,6.12323399574E-017,1.30286186299E-030)) ;
#4558=DIRECTION('Vector Direction',(1.,0.,0.)) ;
#4570=DIRECTION('Axis2P3D Direction',(6.12323399574E-017,-1.,-6.80011602583E-016)) ;
#4571=DIRECTION('Axis2P3D XDirection',(-1.26122316136E-030,-6.80011602583E-016,1.)) ;
#4575=DIRECTION('Vector Direction',(0.,0.,1.)) ;
#4582=DIRECTION('Vector Direction',(1.,0.,0.)) ;
#4594=DIRECTION('Axis2P3D Direction',(1.,6.12323399574E-017,1.30286186299E-030)) ;
#4595=DIRECTION('Axis2P3D XDirection',(-6.12323399574E-017,1.,6.80011602583E-016)) ;
#4599=DIRECTION('Axis2P3D Direction',(1.,6.12323399574E-017,1.30286186299E-030)) ;
#4606=DIRECTION('Vector Direction',(1.,0.,0.)) ;
#4618=DIRECTION('Axis2P3D Direction',(1.04591667823E-030,6.80011602583E-016,-1.)) ;
#4619=DIRECTION('Axis2P3D XDirection',(1.,6.12323399574E-017,1.08755537986E-030)) ;
#4623=DIRECTION('Vector Direction',(0.,-1.,0.)) ;
#4630=DIRECTION('Vector Direction',(1.,0.,0.)) ;
#4642=DIRECTION('Axis2P3D Direction',(-1.08468374468E-030,-6.80011602583E-016,1.)) ;
#4643=DIRECTION('Axis2P3D XDirection',(0.923879532511,0.382683432365,2.60229174125E-016)) ;
#4647=DIRECTION('Axis2P3D Direction',(-1.08468374468E-030,-6.80011602583E-016,1.)) ;
#4659=DIRECTION('Axis2P3D Direction',(-1.04591667823E-030,-6.80011602583E-016,1.)) ;
#4660=DIRECTION('Axis2P3D XDirection',(-0.707106781187,0.707106781187,4.80840815472E-016)) ;
#4664=DIRECTION('Vector Direction',(0.,0.,1.)) ;
#4669=DIRECTION('Vector Direction',(0.,0.,1.)) ;
#4681=DIRECTION('Axis2P3D Direction',(-6.12323399574E-017,1.,6.80011602583E-016)) ;
#4682=DIRECTION('Axis2P3D XDirection',(-1.,-6.12323399574E-017,-1.08755537986E-030)) ;
#4693=DIRECTION('Axis2P3D Direction',(1.,6.12323399574E-017,1.30286186299E-030)) ;
#4694=DIRECTION('Axis2P3D XDirection',(6.12323399574E-017,-1.,1.66289912658E-015)) ;
#4698=DIRECTION('Vector Direction',(1.,0.,0.)) ;
#4705=DIRECTION('Axis2P3D Direction',(1.,6.12323399574E-017,1.30286186299E-030)) ;
#4712=DIRECTION('Vector Direction',(1.,0.,0.)) ;
#4724=DIRECTION('Axis2P3D Direction',(1.,6.12323399574E-017,1.30286186299E-030)) ;
#4725=DIRECTION('Axis2P3D XDirection',(1.38124184561E-030,-1.28004225669E-015,-1.)) ;
#4729=DIRECTION('Axis2P3D Direction',(1.,6.12323399574E-017,1.30286186299E-030)) ;
#4736=DIRECTION('Vector Direction',(1.,0.,0.)) ;
#4748=DIRECTION('Vector Direction',(1.,0.,0.)) ;
#4755=DIRECTION('Axis2P3D Direction',(1.,6.12323399574E-017,1.30286186299E-030)) ;
#4767=DIRECTION('Axis2P3D Direction',(1.,6.12323399574E-017,1.30286186299E-030)) ;
#4779=DIRECTION('Axis2P3D Direction',(1.,6.12323399574E-017,1.30286186299E-030)) ;
#4780=DIRECTION('Axis2P3D XDirection',(-1.26497256082E-030,-6.18779262626E-016,1.)) ;
#4784=DIRECTION('Vector Direction',(1.,0.,0.)) ;
#4791=DIRECTION('Axis2P3D Direction',(1.,6.12323399574E-017,1.30286186299E-030)) ;
#4803=DIRECTION('Axis2P3D Direction',(-1.04591667823E-030,-6.80011602583E-016,1.)) ;
#4804=DIRECTION('Axis2P3D XDirection',(1.,6.12323399574E-017,1.08755537986E-030)) ;
#4808=DIRECTION('Vector Direction',(1.,0.,0.)) ;
#4815=DIRECTION('Vector Direction',(0.,1.,0.)) ;
#4827=DIRECTION('Axis2P3D Direction',(1.,6.12323399574E-017,1.30286186299E-030)) ;
#4828=DIRECTION('Axis2P3D XDirection',(-6.12323399574E-017,1.,6.80011602583E-016)) ;
#4832=DIRECTION('Vector Direction',(0.,-5.68434188608E-016,1.)) ;
#4839=DIRECTION('Vector Direction',(0.,1.,1.32193997351E-015)) ;
#4873=DIRECTION('Axis2P3D Direction',(-1.04591667823E-030,-6.80011602583E-016,1.)) ;
#4874=DIRECTION('Axis2P3D XDirection',(1.,6.12323399574E-017,1.08755537986E-030)) ;
#4878=DIRECTION('Vector Direction',(1.,0.,0.)) ;
#4890=DIRECTION('Axis2P3D Direction',(-1.04591667823E-030,-6.80011602583E-016,1.)) ;
#4891=DIRECTION('Axis2P3D XDirection',(-0.707106781187,-0.707106781187,-4.80840815472E-016)) ;
#4895=DIRECTION('Axis2P3D Direction',(-1.04591667823E-030,-6.80011602583E-016,1.)) ;
#4902=DIRECTION('Vector Direction',(0.,-1.13686837722E-015,1.)) ;
#4909=DIRECTION('Axis2P3D Direction',(-1.04591667823E-030,-6.80011602583E-016,1.)) ;
#4921=DIRECTION('Axis2P3D Direction',(1.0353799381E-030,6.80011602583E-016,-1.)) ;
#4922=DIRECTION('Axis2P3D XDirection',(0.923879532511,-0.382683432365,-2.60229174125E-016)) ;
#4926=DIRECTION('Vector Direction',(0.,1.,0.)) ;
#4933=DIRECTION('Axis2P3D Direction',(1.0353799381E-030,6.80011602583E-016,-1.)) ;
#4945=DIRECTION('Axis2P3D Direction',(-1.04591667823E-030,-6.80011602583E-016,1.)) ;
#4946=DIRECTION('Axis2P3D XDirection',(-0.707106781187,-0.707106781187,-4.80840815472E-016)) ;
#4950=DIRECTION('Vector Direction',(0.,-1.13686837722E-015,1.)) ;
#4957=DIRECTION('Axis2P3D Direction',(-1.04591667823E-030,-6.80011602583E-016,1.)) ;
#4969=DIRECTION('Axis2P3D Direction',(-1.0353799381E-030,-6.80011602583E-016,1.)) ;
#4970=DIRECTION('Axis2P3D XDirection',(-0.382683432365,0.923879532511,6.28248801497E-016)) ;
#4974=DIRECTION('Vector Direction',(-3.5527136788E-015,1.,0.)) ;
#4986=DIRECTION('Axis2P3D Direction',(-6.12323399574E-017,1.,6.80011602583E-016)) ;
#4987=DIRECTION('Axis2P3D XDirection',(-1.,-6.12323399574E-017,-1.08755537986E-030)) ;
#4991=DIRECTION('Vector Direction',(-1.,0.,0.)) ;
#4998=DIRECTION('Vector Direction',(0.,-5.68434188608E-016,1.)) ;
#5005=DIRECTION('Vector Direction',(-1.,0.,0.)) ;
#5017=DIRECTION('Axis2P3D Direction',(-1.04591667823E-030,-6.80011602583E-016,1.)) ;
#5018=DIRECTION('Axis2P3D XDirection',(1.,6.12323399574E-017,1.08755537986E-030)) ;
#5022=DIRECTION('Vector Direction',(0.,1.,0.)) ;
#5029=DIRECTION('Vector Direction',(1.,0.,0.)) ;
#5041=DIRECTION('Axis2P3D Direction',(-6.12323399574E-017,1.,6.80011602583E-016)) ;
#5042=DIRECTION('Axis2P3D XDirection',(-1.,-6.12323399574E-017,-1.08755537986E-030)) ;
#5046=DIRECTION('Vector Direction',(-1.,0.,0.)) ;
#5053=DIRECTION('Vector Direction',(0.,-5.68434188608E-016,1.)) ;
#5065=DIRECTION('Axis2P3D Direction',(-1.04591667823E-030,-6.80011602583E-016,1.)) ;
#5066=DIRECTION('Axis2P3D XDirection',(1.,6.12323399574E-017,1.08755537986E-030)) ;
#5070=DIRECTION('Vector Direction',(0.,1.,0.)) ;
#5082=DIRECTION('Axis2P3D Direction',(1.,6.12323399574E-017,1.30286186299E-030)) ;
#5083=DIRECTION('Axis2P3D XDirection',(-1.26122316136E-030,-6.80011602583E-016,1.)) ;
#5097=DIRECTION('Axis2P3D Direction',(0.,0.,1.)) ;
#5098=DIRECTION('Axis2P3D XDirection',(-1.22464679915E-016,1.,0.)) ;
#5102=DIRECTION('Axis2P3D Direction',(0.,0.,1.)) ;
#5111=DIRECTION('Vector Direction',(-1.,0.,0.)) ;
#5118=DIRECTION('Vector Direction',(0.,1.,0.)) ;
#5125=DIRECTION('Vector Direction',(-1.,0.,0.)) ;
#5132=DIRECTION('Axis2P3D Direction',(0.,0.,1.)) ;
#5139=DIRECTION('Vector Direction',(0.,1.,0.)) ;
#5153=DIRECTION('Axis2P3D Direction',(-1.22464679915E-016,1.,0.)) ;
#5154=DIRECTION('Axis2P3D XDirection',(-1.83697019872E-016,-2.24963967399E-032,1.)) ;
#5158=DIRECTION('Vector Direction',(0.,1.,0.)) ;
#5167=DIRECTION('Axis2P3D Direction',(-1.22464679915E-016,1.,0.)) ;
#5172=DIRECTION('Axis2P3D Direction',(-1.22464679915E-016,1.,0.)) ;
#5184=DIRECTION('Axis2P3D Direction',(-1.,-1.22464679915E-016,0.)) ;
#5185=DIRECTION('Axis2P3D XDirection',(1.22464679915E-016,-1.,0.)) ;
#5189=DIRECTION('Vector Direction',(0.,0.,1.)) ;
#5196=DIRECTION('Vector Direction',(0.,-1.,0.)) ;
#5203=DIRECTION('Vector Direction',(0.,0.,-1.)) ;
#5215=DIRECTION('Axis2P3D Direction',(-0.,0.,1.)) ;
#5216=DIRECTION('Axis2P3D XDirection',(-1.,9.49410759657E-016,-0.)) ;
#5220=DIRECTION('Axis2P3D Direction',(-0.,0.,1.)) ;
#5227=DIRECTION('Vector Direction',(0.,0.,1.)) ;
#5239=DIRECTION('Axis2P3D Direction',(-0.,0.,-1.)) ;
#5240=DIRECTION('Axis2P3D XDirection',(-1.,-3.06161699787E-016,0.)) ;
#5244=DIRECTION('Axis2P3D Direction',(-0.,0.,-1.)) ;
#5251=DIRECTION('Vector Direction',(0.,0.,-1.)) ;
#5263=DIRECTION('Axis2P3D Direction',(-1.,-1.22464679915E-016,0.)) ;
#5264=DIRECTION('Axis2P3D XDirection',(1.22464679915E-016,-1.,0.)) ;
#5268=DIRECTION('Vector Direction',(0.,0.,-1.)) ;
#5275=DIRECTION('Axis2P3D Direction',(-1.,-1.22464679915E-016,0.)) ;
#5282=DIRECTION('Vector Direction',(0.,0.939692620786,-0.342020143326)) ;
#5289=DIRECTION('Axis2P3D Direction',(-1.,-1.22464679915E-016,0.)) ;
#5296=DIRECTION('Vector Direction',(0.,-1.,0.)) ;
#5303=DIRECTION('Axis2P3D Direction',(-1.,-1.22464679915E-016,0.)) ;
#5310=DIRECTION('Vector Direction',(0.,0.,1.)) ;
#5317=DIRECTION('Axis2P3D Direction',(-1.,-1.22464679915E-016,0.)) ;
#5324=DIRECTION('Vector Direction',(-3.34373052122E-016,1.,0.)) ;
#5331=DIRECTION('Axis2P3D Direction',(-1.,-1.22464679915E-016,0.)) ;
#5338=DIRECTION('Vector Direction',(0.,0.,-1.)) ;
#5345=DIRECTION('Axis2P3D Direction',(-1.,-1.22464679915E-016,0.)) ;
#5352=DIRECTION('Vector Direction',(0.,1.,0.)) ;
#5359=DIRECTION('Axis2P3D Direction',(-1.,-1.22464679915E-016,0.)) ;
#5366=DIRECTION('Vector Direction',(0.,0.,1.)) ;
#5373=DIRECTION('Vector Direction',(0.,1.,0.)) ;
#5380=DIRECTION('Vector Direction',(0.,0.,-1.)) ;
#5405=DIRECTION('Vector Direction',(0.,-1.,0.)) ;
#5414=DIRECTION('Axis2P3D Direction',(-1.,-1.22464679915E-016,0.)) ;
#5421=DIRECTION('Vector Direction',(0.,1.,0.)) ;
#5428=DIRECTION('Axis2P3D Direction',(-1.,-1.22464679915E-016,0.)) ;
#5439=DIRECTION('Vector Direction',(0.,-1.,0.)) ;
#5448=DIRECTION('Axis2P3D Direction',(-1.,-1.22464679915E-016,0.)) ;
#5455=DIRECTION('Vector Direction',(0.,1.,0.)) ;
#5462=DIRECTION('Axis2P3D Direction',(-1.,-1.22464679915E-016,0.)) ;
#5474=DIRECTION('Axis2P3D Direction',(-1.,-1.22464679915E-016,0.)) ;
#5475=DIRECTION('Axis2P3D XDirection',(1.22464679915E-016,-1.,0.)) ;
#5479=DIRECTION('Vector Direction',(1.37302944108E-016,-1.,0.)) ;
#5488=DIRECTION('Vector Direction',(0.,0.,-1.)) ;
#5495=DIRECTION('Vector Direction',(0.,1.,0.)) ;
#5502=DIRECTION('Vector Direction',(0.,0.,1.)) ;
#5509=DIRECTION('Axis2P3D Direction',(-1.,-1.22464679915E-016,0.)) ;
#5516=DIRECTION('Vector Direction',(-7.6815430893E-016,1.,0.)) ;
#5523=DIRECTION('Axis2P3D Direction',(-1.,-1.22464679915E-016,0.)) ;
#5530=DIRECTION('Vector Direction',(0.,0.,-1.)) ;
#5537=DIRECTION('Axis2P3D Direction',(-1.,-1.22464679915E-016,0.)) ;
#5544=DIRECTION('Vector Direction',(0.,1.,0.)) ;
#5551=DIRECTION('Axis2P3D Direction',(-1.,-1.22464679915E-016,0.)) ;
#5558=DIRECTION('Vector Direction',(0.,0.,1.)) ;
#5565=DIRECTION('Axis2P3D Direction',(-1.,-1.22464679915E-016,0.)) ;
#5572=DIRECTION('Vector Direction',(0.,-1.,0.)) ;
#5579=DIRECTION('Axis2P3D Direction',(-1.,-1.22464679915E-016,0.)) ;
#5586=DIRECTION('Vector Direction',(0.,0.939692620786,-0.342020143326)) ;
#5593=DIRECTION('Axis2P3D Direction',(-1.,-1.22464679915E-016,0.)) ;
#5600=DIRECTION('Vector Direction',(0.,0.,-1.)) ;
#5625=DIRECTION('Axis2P3D Direction',(-1.,-1.22464679915E-016,0.)) ;
#5634=DIRECTION('Vector Direction',(0.,1.,0.)) ;
#5641=DIRECTION('Axis2P3D Direction',(-1.,-1.22464679915E-016,0.)) ;
#5648=DIRECTION('Vector Direction',(0.,-1.,0.)) ;
#5659=DIRECTION('Axis2P3D Direction',(-1.,-1.22464679915E-016,0.)) ;
#5668=DIRECTION('Vector Direction',(0.,1.,0.)) ;
#5675=DIRECTION('Axis2P3D Direction',(-1.,-1.22464679915E-016,0.)) ;
#5682=DIRECTION('Vector Direction',(0.,-1.,0.)) ;
#5694=DIRECTION('Axis2P3D Direction',(1.22464679915E-016,-1.,0.)) ;
#5695=DIRECTION('Axis2P3D XDirection',(1.,1.22464679915E-016,0.)) ;
#5699=DIRECTION('Axis2P3D Direction',(1.22464679915E-016,-1.,0.)) ;
#5706=DIRECTION('Vector Direction',(0.,-1.,0.)) ;
#5713=DIRECTION('Axis2P3D Direction',(1.22464679915E-016,-1.,0.)) ;
#5725=DIRECTION('Axis2P3D Direction',(0.,0.,1.)) ;
#5726=DIRECTION('Axis2P3D XDirection',(-1.22464679915E-016,1.,0.)) ;
#5730=DIRECTION('Vector Direction',(-1.,0.,0.)) ;
#5735=DIRECTION('Vector Direction',(-1.,0.,0.)) ;
#5747=DIRECTION('Axis2P3D Direction',(-1.,-1.22464679915E-016,0.)) ;
#5748=DIRECTION('Axis2P3D XDirection',(4.18853873768E-017,-0.342020143326,-0.939692620786)) ;
#5752=DIRECTION('Vector Direction',(-1.,0.,0.)) ;
#5757=DIRECTION('Vector Direction',(-1.,0.,0.)) ;
#5769=DIRECTION('Axis2P3D Direction',(-4.18853873768E-017,0.342020143326,0.939692620786)) ;
#5770=DIRECTION('Axis2P3D XDirection',(-1.15079156023E-016,0.939692620786,-0.342020143326)) ;
#5774=DIRECTION('Vector Direction',(-1.,0.,0.)) ;
#5786=DIRECTION('Axis2P3D Direction',(-1.,-1.22464679915E-016,0.)) ;
#5787=DIRECTION('Axis2P3D XDirection',(-2.24963967399E-032,1.83697019872E-016,-1.)) ;
#5791=DIRECTION('Vector Direction',(-1.,0.,0.)) ;
#5803=DIRECTION('Axis2P3D Direction',(0.,-0.,-1.)) ;
#5804=DIRECTION('Axis2P3D XDirection',(1.22464679915E-016,-1.,0.)) ;
#5808=DIRECTION('Vector Direction',(-1.,0.,0.)) ;
#5820=DIRECTION('Axis2P3D Direction',(-1.,-1.22464679915E-016,0.)) ;
#5821=DIRECTION('Axis2P3D XDirection',(7.49879891331E-033,-6.12323399574E-017,1.)) ;
#5825=DIRECTION('Vector Direction',(-1.,0.,0.)) ;
#5837=DIRECTION('Axis2P3D Direction',(1.22464679915E-016,-1.,0.)) ;
#5838=DIRECTION('Axis2P3D XDirection',(0.,0.,1.)) ;
#5842=DIRECTION('Vector Direction',(-1.,0.,0.)) ;
#5854=DIRECTION('Axis2P3D Direction',(-1.,-1.22464679915E-016,0.)) ;
#5855=DIRECTION('Axis2P3D XDirection',(-1.22464679915E-016,1.,1.22464679915E-016)) ;
#5859=DIRECTION('Vector Direction',(-1.,0.,0.)) ;
#5871=DIRECTION('Axis2P3D Direction',(0.,0.,1.)) ;
#5872=DIRECTION('Axis2P3D XDirection',(-1.22464679915E-016,1.,0.)) ;
#5876=DIRECTION('Vector Direction',(-1.,0.,0.)) ;
#5888=DIRECTION('Axis2P3D Direction',(-1.,-1.22464679915E-016,0.)) ;
#5889=DIRECTION('Axis2P3D XDirection',(-2.24963967399E-032,1.83697019872E-016,-1.)) ;
#5893=DIRECTION('Vector Direction',(-1.,0.,0.)) ;
#5905=DIRECTION('Axis2P3D Direction',(-1.22464679915E-016,1.,0.)) ;
#5906=DIRECTION('Axis2P3D XDirection',(0.,0.,-1.)) ;
#5910=DIRECTION('Vector Direction',(-1.,0.,0.)) ;
#5922=DIRECTION('Axis2P3D Direction',(-1.,-1.22464679915E-016,0.)) ;
#5923=DIRECTION('Axis2P3D XDirection',(6.18840418512E-032,-5.05321549807E-016,1.)) ;
#5927=DIRECTION('Vector Direction',(-1.,0.,0.)) ;
#5939=DIRECTION('Axis2P3D Direction',(0.,0.,1.)) ;
#5940=DIRECTION('Axis2P3D XDirection',(-1.22464679915E-016,1.,0.)) ;
#5944=DIRECTION('Vector Direction',(-1.,0.,0.)) ;
#5956=DIRECTION('Axis2P3D Direction',(-1.,-1.22464679915E-016,0.)) ;
#5957=DIRECTION('Axis2P3D XDirection',(1.22464679915E-016,-1.,0.)) ;
#5961=DIRECTION('Vector Direction',(-1.,0.,0.)) ;
#5973=DIRECTION('Axis2P3D Direction',(1.22464679915E-016,-1.,0.)) ;
#5974=DIRECTION('Axis2P3D XDirection',(0.,0.,1.)) ;
#5985=DIRECTION('Axis2P3D Direction',(0.,-0.,-1.)) ;
#5986=DIRECTION('Axis2P3D XDirection',(1.22464679915E-016,-1.,0.)) ;
#5990=DIRECTION('Vector Direction',(-1.,0.,0.)) ;
#5995=DIRECTION('Vector Direction',(-1.,0.,0.)) ;
#6007=DIRECTION('Axis2P3D Direction',(-1.,-1.22464679915E-016,0.)) ;
#6008=DIRECTION('Axis2P3D XDirection',(-2.24963967399E-032,1.83697019872E-016,-1.)) ;
#6012=DIRECTION('Vector Direction',(-1.,0.,0.)) ;
#6024=DIRECTION('Axis2P3D Direction',(0.,0.,1.)) ;
#6025=DIRECTION('Axis2P3D XDirection',(-1.22464679915E-016,1.,0.)) ;
#6029=DIRECTION('Vector Direction',(-1.,0.,0.)) ;
#6041=DIRECTION('Axis2P3D Direction',(-1.,-1.22464679915E-016,0.)) ;
#6042=DIRECTION('Axis2P3D XDirection',(7.49879891331E-033,-6.12323399574E-017,1.)) ;
#6053=DIRECTION('Vector Direction',(-1.,0.,0.)) ;
#6058=DIRECTION('Vector Direction',(-1.,0.,0.)) ;
#6070=DIRECTION('Axis2P3D Direction',(-1.,-1.22464679915E-016,0.)) ;
#6071=DIRECTION('Axis2P3D XDirection',(2.26168380665E-030,-1.84680497938E-014,-1.)) ;
#6075=DIRECTION('Vector Direction',(-1.,0.,0.)) ;
#6087=DIRECTION('Vector Direction',(-1.,0.,0.)) ;
#6099=DIRECTION('Axis2P3D Direction',(-1.,-1.22464679915E-016,0.)) ;
#6100=DIRECTION('Axis2P3D XDirection',(-2.33106664742E-030,1.90346036836E-014,1.)) ;
#6111=DIRECTION('Axis2P3D Direction',(-1.22464679915E-016,1.,7.07941857449E-017)) ;
#6112=DIRECTION('Axis2P3D XDirection',(-8.66978729707E-033,7.07941857449E-017,-1.)) ;
#6116=DIRECTION('Vector Direction',(-1.,0.,0.)) ;
#6132=DIRECTION('Axis2P3D Direction',(0.,-0.,-1.)) ;
#6133=DIRECTION('Axis2P3D XDirection',(1.22464679915E-016,-1.,0.)) ;
#6137=DIRECTION('Vector Direction',(-1.,0.,0.)) ;
#6151=DIRECTION('Axis2P3D Direction',(-1.22464679915E-016,1.,0.)) ;
#6152=DIRECTION('Axis2P3D XDirection',(0.,0.,-1.)) ;
#6170=DIRECTION('Axis2P3D Direction',(1.,0.,0.)) ;
#6171=DIRECTION('Axis2P3D XDirection',(0.,1.,0.)) ;
#6175=DIRECTION('Vector Direction',(0.,0.,1.)) ;
#6184=DIRECTION('Vector Direction',(0.,-1.,0.)) ;
#6191=DIRECTION('Vector Direction',(0.,0.,1.)) ;
#6198=DIRECTION('Vector Direction',(0.,-1.,0.)) ;
#6210=DIRECTION('Axis2P3D Direction',(0.,0.,-1.)) ;
#6211=DIRECTION('Axis2P3D XDirection',(1.,0.,0.)) ;
#6215=DIRECTION('Vector Direction',(1.,-5.14062222741E-014,0.)) ;
#6222=DIRECTION('Vector Direction',(0.,-1.,0.)) ;
#6229=DIRECTION('Vector Direction',(-1.,0.,0.)) ;
#6236=DIRECTION('Axis2P3D Direction',(0.,0.,-1.)) ;
#6243=DIRECTION('Vector Direction',(-0.661084911234,-0.750311095572,0.)) ;
#6250=DIRECTION('Axis2P3D Direction',(0.,0.,-1.)) ;
#6257=DIRECTION('Vector Direction',(0.,-1.,0.)) ;
#6264=DIRECTION('Vector Direction',(1.,-5.17338980643E-014,0.)) ;
#6271=DIRECTION('Vector Direction',(0.,-1.,0.)) ;
#6278=DIRECTION('Axis2P3D Direction',(0.,0.,-1.)) ;
#6296=DIRECTION('Axis2P3D Direction',(0.,0.,-1.)) ;
#6305=DIRECTION('Axis2P3D Direction',(0.,0.,-1.)) ;
#6314=DIRECTION('Axis2P3D Direction',(0.,0.,-1.)) ;
#6323=DIRECTION('Axis2P3D Direction',(0.,0.,-1.)) ;
#6333=DIRECTION('Axis2P3D Direction',(0.,0.,1.)) ;
#6334=DIRECTION('Axis2P3D XDirection',(-1.,1.22464679915E-016,0.)) ;
#6338=DIRECTION('Vector Direction',(0.,0.,1.)) ;
#6345=DIRECTION('Axis2P3D Direction',(0.,0.,1.)) ;
#6357=DIRECTION('Axis2P3D Direction',(-1.,0.,0.)) ;
#6358=DIRECTION('Axis2P3D XDirection',(0.,-1.,0.)) ;
#6362=DIRECTION('Vector Direction',(0.,0.,1.)) ;
#6369=DIRECTION('Vector Direction',(0.,-1.,0.)) ;
#6376=DIRECTION('Vector Direction',(0.,0.,1.)) ;
#6388=DIRECTION('Axis2P3D Direction',(0.,1.,-0.)) ;
#6389=DIRECTION('Axis2P3D XDirection',(-1.,0.,0.)) ;
#6393=DIRECTION('Vector Direction',(-1.,0.,0.)) ;
#6400=DIRECTION('Vector Direction',(0.,0.,1.)) ;
#6412=DIRECTION('Axis2P3D Direction',(-0.750311095572,0.661084911234,0.)) ;
#6413=DIRECTION('Axis2P3D XDirection',(-0.661084911234,-0.750311095572,0.)) ;
#6417=DIRECTION('Vector Direction',(0.,0.,1.)) ;
#6424=DIRECTION('Vector Direction',(-0.661084911234,-0.750311095572,0.)) ;
#6431=DIRECTION('Vector Direction',(0.,0.,1.)) ;
#6443=DIRECTION('Axis2P3D Direction',(0.,0.,1.)) ;
#6444=DIRECTION('Axis2P3D XDirection',(-1.,1.07806057163E-014,0.)) ;
#6448=DIRECTION('Axis2P3D Direction',(0.,0.,1.)) ;
#6455=DIRECTION('Vector Direction',(0.,0.,1.)) ;
#6467=DIRECTION('Axis2P3D Direction',(0.,-1.,0.)) ;
#6468=DIRECTION('Axis2P3D XDirection',(1.,0.,0.)) ;
#6472=DIRECTION('Vector Direction',(0.,0.,1.)) ;
#6479=DIRECTION('Vector Direction',(0.,0.,1.)) ;
#6486=DIRECTION('Vector Direction',(1.,0.,0.)) ;
#6498=DIRECTION('Axis2P3D Direction',(-1.,0.,0.)) ;
#6499=DIRECTION('Axis2P3D XDirection',(0.,-1.,0.)) ;
#6503=DIRECTION('Vector Direction',(0.,-1.,0.)) ;
#6515=DIRECTION('Axis2P3D Direction',(0.,0.,1.)) ;
#6516=DIRECTION('Axis2P3D XDirection',(1.,0.,0.)) ;
#6520=DIRECTION('Vector Direction',(0.,0.,1.)) ;
#6527=DIRECTION('Axis2P3D Direction',(0.,0.,1.)) ;
#6534=DIRECTION('Vector Direction',(0.,0.,1.)) ;
#6546=DIRECTION('Axis2P3D Direction',(0.,0.,1.)) ;
#6558=DIRECTION('Axis2P3D Direction',(0.,0.,1.)) ;
#6559=DIRECTION('Axis2P3D XDirection',(1.,0.,0.)) ;
#6563=DIRECTION('Vector Direction',(0.,0.,1.)) ;
#6570=DIRECTION('Axis2P3D Direction',(0.,0.,1.)) ;
#6577=DIRECTION('Vector Direction',(0.,0.,1.)) ;
#6589=DIRECTION('Axis2P3D Direction',(0.,0.,1.)) ;
#6601=DIRECTION('Axis2P3D Direction',(1.,0.,-0.)) ;
#6602=DIRECTION('Axis2P3D XDirection',(0.,0.,1.)) ;
#6606=DIRECTION('Vector Direction',(0.,-1.,0.)) ;
#6618=DIRECTION('Axis2P3D Direction',(0.,0.,1.)) ;
#6619=DIRECTION('Axis2P3D XDirection',(-8.59850725212E-015,1.,0.)) ;
#6623=DIRECTION('Axis2P3D Direction',(0.,0.,1.)) ;
#6635=DIRECTION('Axis2P3D Direction',(0.,0.,-1.)) ;
#6636=DIRECTION('Axis2P3D XDirection',(1.,0.,0.)) ;
#6640=DIRECTION('Vector Direction',(1.,-5.14062222741E-014,0.)) ;
#6677=DIRECTION('Axis2P3D Direction',(0.,0.,1.)) ;
#6678=DIRECTION('Axis2P3D XDirection',(1.,0.,0.)) ;
#6682=DIRECTION('Vector Direction',(0.,0.,1.)) ;
#6691=DIRECTION('Axis2P3D Direction',(0.,0.,1.)) ;
#6698=DIRECTION('Vector Direction',(0.,0.,1.)) ;
#6705=DIRECTION('Axis2P3D Direction',(0.,0.,1.)) ;
#6717=DIRECTION('Axis2P3D Direction',(0.,0.,-1.)) ;
#6718=DIRECTION('Axis2P3D XDirection',(1.,0.,0.)) ;
#6722=DIRECTION('Vector Direction',(0.819152044289,0.573576436351,0.)) ;
#6731=DIRECTION('Axis2P3D Direction',(0.,0.,-1.)) ;
#6738=DIRECTION('Vector Direction',(0.,-1.,0.)) ;
#6745=DIRECTION('Vector Direction',(1.,-3.93652485186E-014,0.)) ;
#6752=DIRECTION('Vector Direction',(0.,-1.,0.)) ;
#6757=DIRECTION('Vector Direction',(0.,-1.,0.)) ;
#6764=DIRECTION('Vector Direction',(1.,-3.91630243656E-014,0.)) ;
#6771=DIRECTION('Vector Direction',(0.,-1.,0.)) ;
#6778=DIRECTION('Vector Direction',(-1.,0.,0.)) ;
#6785=DIRECTION('Axis2P3D Direction',(0.,0.,-1.)) ;
#6792=DIRECTION('Vector Direction',(-0.707106781187,-0.707106781187,0.)) ;
#6799=DIRECTION('Axis2P3D Direction',(0.,0.,-1.)) ;
#6819=DIRECTION('Axis2P3D Direction',(0.,0.,-1.)) ;
#6828=DIRECTION('Axis2P3D Direction',(0.,0.,-1.)) ;
#6837=DIRECTION('Axis2P3D Direction',(0.,0.,-1.)) ;
#6846=DIRECTION('Axis2P3D Direction',(0.,0.,-1.)) ;
#6856=DIRECTION('Axis2P3D Direction',(-1.,0.,0.)) ;
#6857=DIRECTION('Axis2P3D XDirection',(0.,-1.,0.)) ;
#6861=DIRECTION('Vector Direction',(0.,0.,1.)) ;
#6868=DIRECTION('Vector Direction',(0.,-1.,0.)) ;
#6880=DIRECTION('Axis2P3D Direction',(0.,-1.,0.)) ;
#6881=DIRECTION('Axis2P3D XDirection',(1.,0.,0.)) ;
#6885=DIRECTION('Vector Direction',(0.,0.,1.)) ;
#6892=DIRECTION('Vector Direction',(1.,0.,0.)) ;
#6899=DIRECTION('Vector Direction',(0.,0.,1.)) ;
#6911=DIRECTION('Axis2P3D Direction',(-1.,0.,0.)) ;
#6912=DIRECTION('Axis2P3D XDirection',(0.,-1.,0.)) ;
#6916=DIRECTION('Vector Direction',(0.,-1.,0.)) ;
#6923=DIRECTION('Vector Direction',(0.,0.,1.)) ;
#6935=DIRECTION('Axis2P3D Direction',(0.,1.,-0.)) ;
#6936=DIRECTION('Axis2P3D XDirection',(-1.,0.,0.)) ;
#6940=DIRECTION('Vector Direction',(-1.,0.,0.)) ;
#6947=DIRECTION('Vector Direction',(0.,0.,1.)) ;
#6959=DIRECTION('Axis2P3D Direction',(-0.707106781187,0.707106781187,0.)) ;
#6960=DIRECTION('Axis2P3D XDirection',(-0.707106781187,-0.707106781187,0.)) ;
#6964=DIRECTION('Vector Direction',(0.,0.,1.)) ;
#6971=DIRECTION('Vector Direction',(0.,0.,1.)) ;
#6978=DIRECTION('Vector Direction',(-0.707106781187,-0.707106781187,0.)) ;
#6990=DIRECTION('Axis2P3D Direction',(0.,0.,1.)) ;
#6991=DIRECTION('Axis2P3D XDirection',(0.573576436351,-0.819152044289,0.)) ;
#6995=DIRECTION('Axis2P3D Direction',(0.,0.,1.)) ;
#7002=DIRECTION('Vector Direction',(0.,0.,1.)) ;
#7014=DIRECTION('Axis2P3D Direction',(0.,0.,1.)) ;
#7015=DIRECTION('Axis2P3D XDirection',(-1.,1.22464679915E-016,0.)) ;
#7019=DIRECTION('Vector Direction',(0.,0.,1.)) ;
#7026=DIRECTION('Axis2P3D Direction',(0.,0.,1.)) ;
#7033=DIRECTION('Vector Direction',(0.,0.,1.)) ;
#7045=DIRECTION('Vector Direction',(0.,0.,1.)) ;
#7052=DIRECTION('Vector Direction',(1.,0.,0.)) ;
#7064=DIRECTION('Axis2P3D Direction',(0.,0.,1.)) ;
#7065=DIRECTION('Axis2P3D XDirection',(1.,0.,0.)) ;
#7069=DIRECTION('Vector Direction',(0.,0.,1.)) ;
#7076=DIRECTION('Axis2P3D Direction',(0.,0.,1.)) ;
#7083=DIRECTION('Vector Direction',(0.,0.,1.)) ;
#7095=DIRECTION('Axis2P3D Direction',(0.,0.,1.)) ;
#7107=DIRECTION('Axis2P3D Direction',(0.,0.,1.)) ;
#7108=DIRECTION('Axis2P3D XDirection',(1.,0.,0.)) ;
#7112=DIRECTION('Vector Direction',(0.,0.,1.)) ;
#7119=DIRECTION('Axis2P3D Direction',(0.,0.,1.)) ;
#7126=DIRECTION('Vector Direction',(0.,0.,1.)) ;
#7138=DIRECTION('Axis2P3D Direction',(0.,0.,1.)) ;
#7150=DIRECTION('Axis2P3D Direction',(1.,0.,0.)) ;
#7151=DIRECTION('Axis2P3D XDirection',(0.,1.,0.)) ;
#7155=DIRECTION('Vector Direction',(0.,-1.,0.)) ;
#7167=DIRECTION('Axis2P3D Direction',(0.573576436351,-0.819152044289,0.)) ;
#7168=DIRECTION('Axis2P3D XDirection',(0.819152044289,0.573576436351,0.)) ;
#7172=DIRECTION('Vector Direction',(0.819152044289,0.573576436351,0.)) ;
#7184=DIRECTION('Axis2P3D Direction',(0.,0.,1.)) ;
#7185=DIRECTION('Axis2P3D XDirection',(2.83276944882E-016,1.,0.)) ;
#7189=DIRECTION('Axis2P3D Direction',(0.,0.,1.)) ;
#7201=DIRECTION('Axis2P3D Direction',(0.,0.,-1.)) ;
#7202=DIRECTION('Axis2P3D XDirection',(1.,0.,0.)) ;
#7206=DIRECTION('Vector Direction',(0.,-1.,0.)) ;
#7235=DIRECTION('Axis2P3D Direction',(1.,0.,0.)) ;
#7236=DIRECTION('Axis2P3D XDirection',(0.,1.,0.)) ;
#7250=DIRECTION('Axis2P3D Direction',(0.,0.,1.)) ;
#7251=DIRECTION('Axis2P3D XDirection',(1.,0.,0.)) ;
#7255=DIRECTION('Vector Direction',(0.,0.,1.)) ;
#7264=DIRECTION('Axis2P3D Direction',(0.,0.,1.)) ;
#7271=DIRECTION('Vector Direction',(0.,0.,1.)) ;
#7278=DIRECTION('Axis2P3D Direction',(0.,0.,1.)) ;
#7290=DIRECTION('Axis2P3D Direction',(0.,0.,1.)) ;
#7295=DIRECTION('Axis2P3D Direction',(0.,0.,1.)) ;
#7307=DIRECTION('Axis2P3D Direction',(0.,0.,-1.)) ;
#7316=DIRECTION('Axis2P3D Direction',(0.,0.,-1.)) ;
#7330=DIRECTION('Axis2P3D Direction',(0.,0.,-1.)) ;
#7339=DIRECTION('Axis2P3D Direction',(0.,0.,-1.)) ;
#7348=DIRECTION('Axis2P3D Direction',(0.,0.,-1.)) ;
#7357=DIRECTION('Axis2P3D Direction',(0.,0.,-1.)) ;
#7367=DIRECTION('Axis2P3D Direction',(0.,0.,1.)) ;
#7368=DIRECTION('Axis2P3D XDirection',(1.,0.,0.)) ;
#7372=DIRECTION('Vector Direction',(0.,0.,1.)) ;
#7377=DIRECTION('Vector Direction',(0.,0.,1.)) ;
#7396=DIRECTION('Vector Direction',(0.,0.,1.)) ;
#7403=DIRECTION('Vector Direction',(0.,0.,1.)) ;
#7410=DIRECTION('Axis2P3D Direction',(0.,0.,1.)) ;
#7422=DIRECTION('Axis2P3D Direction',(0.,0.,1.)) ;
#7434=DIRECTION('Axis2P3D Direction',(0.,0.,1.)) ;
#7435=DIRECTION('Axis2P3D XDirection',(-6.12323399574E-017,1.,0.)) ;
#7443=DIRECTION('Axis2P3D Direction',(0.,0.,1.)) ;
#7452=DIRECTION('Axis2P3D Direction',(0.,0.,1.)) ;
#7470=DIRECTION('Axis2P3D Direction',(0.,-0.,-1.)) ;
#7471=DIRECTION('Axis2P3D XDirection',(6.12323399574E-017,-1.,0.)) ;
#7479=DIRECTION('Axis2P3D Direction',(0.,-0.,-1.)) ;
#7488=DIRECTION('Axis2P3D Direction',(0.,-0.,-1.)) ;
#7499=DIRECTION('Axis2P3D Direction',(0.,-0.,1.)) ;
#7500=DIRECTION('Axis2P3D XDirection',(1.,6.12323399574E-017,0.)) ;
#7504=DIRECTION('Vector Direction',(0.,0.,1.)) ;
#7509=DIRECTION('Vector Direction',(0.,0.,1.)) ;
#7533=DIRECTION('Axis2P3D Direction',(0.,0.,1.)) ;
#7534=DIRECTION('Axis2P3D XDirection',(1.,0.,0.)) ;
#7538=DIRECTION('Vector Direction',(0.,0.,1.)) ;
#7547=DIRECTION('Axis2P3D Direction',(0.,0.,1.)) ;
#7554=DIRECTION('Vector Direction',(0.,0.,1.)) ;
#7561=DIRECTION('Axis2P3D Direction',(0.,0.,1.)) ;
#7573=DIRECTION('Axis2P3D Direction',(0.,0.,1.)) ;
#7578=DIRECTION('Axis2P3D Direction',(0.,0.,1.)) ;
#7590=DIRECTION('Axis2P3D Direction',(0.,0.,-1.)) ;
#7599=DIRECTION('Axis2P3D Direction',(0.,0.,-1.)) ;
#7613=DIRECTION('Axis2P3D Direction',(0.,0.,-1.)) ;
#7622=DIRECTION('Axis2P3D Direction',(0.,0.,-1.)) ;
#7631=DIRECTION('Axis2P3D Direction',(0.,0.,-1.)) ;
#7640=DIRECTION('Axis2P3D Direction',(0.,0.,-1.)) ;
#7650=DIRECTION('Axis2P3D Direction',(0.,0.,1.)) ;
#7651=DIRECTION('Axis2P3D XDirection',(1.,0.,0.)) ;
#7655=DIRECTION('Vector Direction',(0.,0.,1.)) ;
#7660=DIRECTION('Vector Direction',(0.,0.,1.)) ;
#7679=DIRECTION('Vector Direction',(0.,0.,1.)) ;
#7686=DIRECTION('Vector Direction',(0.,0.,1.)) ;
#7693=DIRECTION('Axis2P3D Direction',(0.,0.,1.)) ;
#7705=DIRECTION('Axis2P3D Direction',(0.,0.,1.)) ;
#7717=DIRECTION('Axis2P3D Direction',(0.,0.,1.)) ;
#7718=DIRECTION('Axis2P3D XDirection',(-6.12323399574E-017,1.,0.)) ;
#7726=DIRECTION('Axis2P3D Direction',(0.,0.,1.)) ;
#7735=DIRECTION('Axis2P3D Direction',(0.,0.,1.)) ;
#7746=DIRECTION('Axis2P3D Direction',(0.,-0.,-1.)) ;
#7747=DIRECTION('Axis2P3D XDirection',(6.12323399574E-017,-1.,0.)) ;
#7755=DIRECTION('Axis2P3D Direction',(0.,-0.,-1.)) ;
#7764=DIRECTION('Axis2P3D Direction',(0.,-0.,-1.)) ;
#7775=DIRECTION('Axis2P3D Direction',(0.,-0.,1.)) ;
#7776=DIRECTION('Axis2P3D XDirection',(1.,6.12323399574E-017,0.)) ;
#7780=DIRECTION('Vector Direction',(0.,0.,1.)) ;
#7785=DIRECTION('Vector Direction',(0.,0.,1.)) ;
#7809=DIRECTION('Axis2P3D Direction',(-0.,-0.,-1.)) ;
#7810=DIRECTION('Axis2P3D XDirection',(0.,-1.,0.)) ;
#7814=DIRECTION('Vector Direction',(-1.,0.,0.)) ;
#7823=DIRECTION('Vector Direction',(0.,1.,0.)) ;
#7830=DIRECTION('Vector Direction',(1.,0.,0.)) ;
#7837=DIRECTION('Vector Direction',(0.,1.,0.)) ;
#7849=DIRECTION('Axis2P3D Direction',(-1.,0.,0.)) ;
#7850=DIRECTION('Axis2P3D XDirection',(0.,-1.,0.)) ;
#7854=DIRECTION('Vector Direction',(-1.,0.,0.)) ;
#7863=DIRECTION('Axis2P3D Direction',(-1.,0.,0.)) ;
#7868=DIRECTION('Axis2P3D Direction',(-1.,0.,0.)) ;
#7880=DIRECTION('Axis2P3D Direction',(-1.,0.,0.)) ;
#7881=DIRECTION('Axis2P3D XDirection',(0.,-1.,0.)) ;
#7885=DIRECTION('Vector Direction',(0.,0.,1.)) ;
#7894=DIRECTION('Vector Direction',(0.,-1.,0.)) ;
#7901=DIRECTION('Vector Direction',(0.,0.,1.)) ;
#7906=DIRECTION('Vector Direction',(0.,-1.,0.)) ;
#7920=DIRECTION('Axis2P3D Direction',(0.,-1.,0.)) ;
#7921=DIRECTION('Axis2P3D XDirection',(1.,0.,0.)) ;
#7925=DIRECTION('Axis2P3D Direction',(0.,-1.,0.)) ;
#7934=DIRECTION('Vector Direction',(0.,0.,1.)) ;
#7941=DIRECTION('Vector Direction',(1.,0.,0.)) ;
#7948=DIRECTION('Vector Direction',(0.,0.,1.)) ;
#7953=DIRECTION('Vector Direction',(1.,0.,0.)) ;
#7960=DIRECTION('Vector Direction',(0.,0.,1.)) ;
#7967=DIRECTION('Axis2P3D Direction',(0.,-1.,0.)) ;
#7974=DIRECTION('Vector Direction',(-1.,0.,0.)) ;
#7992=DIRECTION('Axis2P3D Direction',(0.,0.,1.)) ;
#7993=DIRECTION('Axis2P3D XDirection',(1.,0.,0.)) ;
#7997=DIRECTION('Vector Direction',(0.,0.,1.)) ;
#8006=DIRECTION('Axis2P3D Direction',(0.,0.,1.)) ;
#8011=DIRECTION('Axis2P3D Direction',(0.,0.,1.)) ;
#8023=DIRECTION('Axis2P3D Direction',(-1.,0.,0.)) ;
#8024=DIRECTION('Axis2P3D XDirection',(0.,-1.,0.)) ;
#8028=DIRECTION('Vector Direction',(0.,-1.,0.)) ;
#8035=DIRECTION('Vector Direction',(0.,-1.,0.)) ;
#8042=DIRECTION('Vector Direction',(0.,0.,1.)) ;
#8049=DIRECTION('Vector Direction',(0.,-1.,0.)) ;
#8056=DIRECTION('Axis2P3D Direction',(-1.,0.,0.)) ;
#8063=DIRECTION('Vector Direction',(0.,0.,1.)) ;
#8078=DIRECTION('Axis2P3D Direction',(0.,-1.,0.)) ;
#8079=DIRECTION('Axis2P3D XDirection',(1.83697019872E-016,0.,1.)) ;
#8083=DIRECTION('Vector Direction',(0.,-1.,0.)) ;
#8090=DIRECTION('Axis2P3D Direction',(0.,-1.,0.)) ;
#8102=DIRECTION('Axis2P3D Direction',(0.,0.,1.)) ;
#8103=DIRECTION('Axis2P3D XDirection',(-1.,1.22464679915E-016,0.)) ;
#8107=DIRECTION('Axis2P3D Direction',(0.,0.,1.)) ;
#8114=DIRECTION('Vector Direction',(0.,0.,1.)) ;
#8121=DIRECTION('Axis2P3D Direction',(0.,0.,1.)) ;
#8133=DIRECTION('Axis2P3D Direction',(0.,0.,1.)) ;
#8134=DIRECTION('Axis2P3D XDirection',(1.,0.,0.)) ;
#8138=DIRECTION('Vector Direction',(0.,1.,0.)) ;
#8145=DIRECTION('Vector Direction',(1.,0.,0.)) ;
#8157=DIRECTION('Axis2P3D Direction',(-0.,1.,0.)) ;
#8158=DIRECTION('Axis2P3D XDirection',(-1.83697019872E-016,-0.,1.)) ;
#8162=DIRECTION('Vector Direction',(0.,1.,0.)) ;
#8169=DIRECTION('Axis2P3D Direction',(-0.,1.,0.)) ;
#8181=DIRECTION('Axis2P3D Direction',(1.,0.,0.)) ;
#8182=DIRECTION('Axis2P3D XDirection',(0.,1.,0.)) ;
#8186=DIRECTION('Vector Direction',(0.,1.,0.)) ;
#8191=DIRECTION('Vector Direction',(0.,0.,1.)) ;
#8198=DIRECTION('Axis2P3D Direction',(1.,0.,0.)) ;
#8205=DIRECTION('Vector Direction',(0.,-1.,0.)) ;
#8220=DIRECTION('Vector Direction',(0.,-1.,0.)) ;
#8236=DIRECTION('Axis2P3D Direction',(1.,0.,0.)) ;
#8237=DIRECTION('Axis2P3D XDirection',(0.,1.,0.)) ;
#8241=DIRECTION('Vector Direction',(0.,1.,0.)) ;
#8255=DIRECTION('Axis2P3D Direction',(0.,0.,1.)) ;
#8256=DIRECTION('Axis2P3D XDirection',(-6.12323399574E-017,1.,0.)) ;
#8266=DIRECTION('Axis2P3D Direction',(0.,0.,1.)) ;
#8275=DIRECTION('Axis2P3D Direction',(0.,0.,1.)) ;
#8286=DIRECTION('Axis2P3D Direction',(0.,-0.,1.)) ;
#8287=DIRECTION('Axis2P3D XDirection',(1.,6.12323399574E-017,0.)) ;
#8291=DIRECTION('Vector Direction',(0.,0.,1.)) ;
#8298=DIRECTION('Axis2P3D Direction',(0.,-0.,1.)) ;
#8305=DIRECTION('Vector Direction',(0.,0.,1.)) ;
#8318=DIRECTION('Axis2P3D Direction',(0.,-0.,1.)) ;
#8331=DIRECTION('Axis2P3D Direction',(0.,-0.,-1.)) ;
#8332=DIRECTION('Axis2P3D XDirection',(6.12323399574E-017,-1.,0.)) ;
#8336=DIRECTION('Vector Direction',(-1.,0.,0.)) ;
#8353=DIRECTION('Axis2P3D Direction',(6.12323399574E-017,-1.,0.)) ;
#8354=DIRECTION('Axis2P3D XDirection',(0.,0.,1.)) ;
#8358=DIRECTION('Vector Direction',(-1.,0.,0.)) ;
#8373=DIRECTION('Axis2P3D Direction',(1.,6.12323399574E-017,-0.)) ;
#8374=DIRECTION('Axis2P3D XDirection',(1.124819837E-032,-1.83697019872E-016,-1.)) ;
#8389=DIRECTION('Axis2P3D Direction',(-1.,0.,0.)) ;
#8390=DIRECTION('Axis2P3D XDirection',(0.,-1.,0.)) ;
#8394=DIRECTION('Vector Direction',(0.,-1.,0.)) ;
#8403=DIRECTION('Vector Direction',(0.,0.,1.)) ;
#8410=DIRECTION('Vector Direction',(0.,-1.,0.)) ;
#8417=DIRECTION('Vector Direction',(0.,0.,1.)) ;
#8429=DIRECTION('Axis2P3D Direction',(0.,1.,-0.)) ;
#8430=DIRECTION('Axis2P3D XDirection',(-1.,0.,0.)) ;
#8434=DIRECTION('Vector Direction',(-1.,0.,0.)) ;
#8441=DIRECTION('Vector Direction',(0.,0.,1.)) ;
#8448=DIRECTION('Vector Direction',(-1.,0.,0.)) ;
#8460=DIRECTION('Vector Direction',(0.,1.,0.)) ;
#8467=DIRECTION('Vector Direction',(1.,0.,0.)) ;
#8479=DIRECTION('Axis2P3D Direction',(1.,0.,0.)) ;
#8480=DIRECTION('Axis2P3D XDirection',(0.,1.,0.)) ;
#8484=DIRECTION('Vector Direction',(0.,1.,0.)) ;
#8491=DIRECTION('Vector Direction',(0.,0.,1.)) ;
#8503=DIRECTION('Axis2P3D Direction',(0.,-1.,0.)) ;
#8504=DIRECTION('Axis2P3D XDirection',(1.,0.,0.)) ;
#8508=DIRECTION('Vector Direction',(1.,0.,0.)) ;
#8530=DIRECTION('Axis2P3D Direction',(0.,-1.,0.)) ;
#8531=DIRECTION('Axis2P3D XDirection',(1.,0.,0.)) ;
#8535=DIRECTION('Vector Direction',(1.,0.,0.)) ;
#8544=DIRECTION('Vector Direction',(0.,0.,1.)) ;
#8551=DIRECTION('Vector Direction',(1.,0.,0.)) ;
#8558=DIRECTION('Vector Direction',(0.,0.,1.)) ;
#8570=DIRECTION('Axis2P3D Direction',(1.,0.,0.)) ;
#8571=DIRECTION('Axis2P3D XDirection',(0.,1.,0.)) ;
#8575=DIRECTION('Vector Direction',(0.,1.,0.)) ;
#8582=DIRECTION('Vector Direction',(0.,1.,0.)) ;
#8589=DIRECTION('Vector Direction',(0.,0.,1.)) ;
#8601=DIRECTION('Vector Direction',(-1.,0.,0.)) ;
#8608=DIRECTION('Vector Direction',(0.,-1.,0.)) ;
#8620=DIRECTION('Axis2P3D Direction',(0.,1.,-0.)) ;
#8621=DIRECTION('Axis2P3D XDirection',(-1.,0.,0.)) ;
#8625=DIRECTION('Vector Direction',(-1.,0.,0.)) ;
#8632=DIRECTION('Vector Direction',(0.,0.,1.)) ;
#8644=DIRECTION('Axis2P3D Direction',(-1.,0.,0.)) ;
#8645=DIRECTION('Axis2P3D XDirection',(0.,-1.,0.)) ;
#8649=DIRECTION('Vector Direction',(0.,-1.,0.)) ;
#8671=DIRECTION('Axis2P3D Direction',(-0.750311095572,0.661084911234,0.)) ;
#8672=DIRECTION('Axis2P3D XDirection',(-0.661084911234,-0.750311095572,0.)) ;
#8676=DIRECTION('Vector Direction',(0.,0.,1.)) ;
#8685=DIRECTION('Vector Direction',(-0.661084911234,-0.750311095572,0.)) ;
#8692=DIRECTION('Vector Direction',(0.,0.,1.)) ;
#8699=DIRECTION('Vector Direction',(-0.661084911234,-0.750311095572,0.)) ;
#8711=DIRECTION('Vector Direction',(0.661084911234,0.750311095572,0.)) ;
#8720=DIRECTION('Vector Direction',(0.750311095572,-0.661084911234,0.)) ;
#8725=DIRECTION('Vector Direction',(-0.750311095572,0.661084911234,0.)) ;
#8737=DIRECTION('Axis2P3D Direction',(-0.661084911234,-0.750311095572,0.)) ;
#8738=DIRECTION('Axis2P3D XDirection',(0.750311095572,-0.661084911234,0.)) ;
#8742=DIRECTION('Vector Direction',(0.,0.,1.)) ;
#8749=DIRECTION('Vector Direction',(0.750311095572,-0.661084911234,0.)) ;
#8761=DIRECTION('Axis2P3D Direction',(0.750311095572,-0.661084911234,0.)) ;
#8762=DIRECTION('Axis2P3D XDirection',(0.661084911234,0.750311095572,0.)) ;
#8766=DIRECTION('Vector Direction',(0.,0.,1.)) ;
#8773=DIRECTION('Vector Direction',(0.661084911234,0.750311095572,0.)) ;
#8785=DIRECTION('Vector Direction',(-0.750311095572,0.661084911234,0.)) ;
#8797=DIRECTION('Axis2P3D Direction',(0.661084911234,0.750311095572,-0.)) ;
#8798=DIRECTION('Axis2P3D XDirection',(-0.750311095572,0.661084911234,0.)) ;
#8812=DIRECTION('Axis2P3D Direction',(-1.,0.,0.)) ;
#8813=DIRECTION('Axis2P3D XDirection',(0.,-1.,0.)) ;
#8817=DIRECTION('Axis2P3D Direction',(-1.,0.,0.)) ;
#8826=DIRECTION('Vector Direction',(0.,0.,-1.)) ;
#8833=DIRECTION('Vector Direction',(0.,-1.,0.)) ;
#8840=DIRECTION('Vector Direction',(0.,0.,1.)) ;
#8847=DIRECTION('Vector Direction',(0.,1.,0.)) ;
#8854=DIRECTION('Axis2P3D Direction',(-1.,0.,0.)) ;
#8861=DIRECTION('Vector Direction',(0.,-0.89304904844,-0.449959328252)) ;
#8868=DIRECTION('Vector Direction',(0.,-1.,0.)) ;
#8875=DIRECTION('Vector Direction',(0.,0.,1.)) ;
#8882=DIRECTION('Vector Direction',(0.,-1.,0.)) ;
#8900=DIRECTION('Axis2P3D Direction',(-1.,0.,0.)) ;
#8901=DIRECTION('Axis2P3D XDirection',(0.,-1.,1.62409768174E-015)) ;
#8905=DIRECTION('Vector Direction',(-1.,0.,0.)) ;
#8912=DIRECTION('Vector Direction',(-1.,0.,0.)) ;
#8919=DIRECTION('Axis2P3D Direction',(-1.,0.,0.)) ;
#8931=DIRECTION('Axis2P3D Direction',(-0.,-0.,-1.)) ;
#8932=DIRECTION('Axis2P3D XDirection',(0.,-1.,0.)) ;
#8936=DIRECTION('Vector Direction',(0.,-1.,0.)) ;
#8943=DIRECTION('Vector Direction',(-1.,0.,0.)) ;
#8955=DIRECTION('Axis2P3D Direction',(0.,1.,0.)) ;
#8956=DIRECTION('Axis2P3D XDirection',(0.,0.,-1.)) ;
#8960=DIRECTION('Vector Direction',(0.,0.,-1.)) ;
#8967=DIRECTION('Vector Direction',(-1.,0.,0.)) ;
#8979=DIRECTION('Axis2P3D Direction',(0.,-1.,0.)) ;
#8980=DIRECTION('Axis2P3D XDirection',(0.,0.,1.)) ;
#8984=DIRECTION('Vector Direction',(-1.,0.,0.)) ;
#8991=DIRECTION('Vector Direction',(0.,0.,1.)) ;
#9003=DIRECTION('Axis2P3D Direction',(-0.,-0.,-1.)) ;
#9004=DIRECTION('Axis2P3D XDirection',(0.,-1.,0.)) ;
#9008=DIRECTION('Vector Direction',(0.,-1.,0.)) ;
#9015=DIRECTION('Vector Direction',(-1.,0.,0.)) ;
#9027=DIRECTION('Axis2P3D Direction',(-0.,-0.,-1.)) ;
#9028=DIRECTION('Axis2P3D XDirection',(0.,-1.,0.)) ;
#9032=DIRECTION('Vector Direction',(-1.,0.,0.)) ;
#9039=DIRECTION('Vector Direction',(0.,-1.,0.)) ;
#9051=DIRECTION('Axis2P3D Direction',(0.,-1.,0.)) ;
#9052=DIRECTION('Axis2P3D XDirection',(0.,0.,1.)) ;
#9056=DIRECTION('Vector Direction',(0.,0.,1.)) ;
#9063=DIRECTION('Vector Direction',(-1.,0.,0.)) ;
#9075=DIRECTION('Axis2P3D Direction',(0.,0.449959328252,-0.89304904844)) ;
#9076=DIRECTION('Axis2P3D XDirection',(0.,-0.89304904844,-0.449959328252)) ;
#9080=DIRECTION('Vector Direction',(-1.,0.,0.)) ;
#9087=DIRECTION('Vector Direction',(0.,-0.89304904844,-0.449959328252)) ;
#9099=DIRECTION('Axis2P3D Direction',(0.,-0.,1.)) ;
#9100=DIRECTION('Axis2P3D XDirection',(0.,1.,0.)) ;
#9104=DIRECTION('Vector Direction',(0.,1.,0.)) ;
#9111=DIRECTION('Vector Direction',(-1.,0.,0.)) ;
#9123=DIRECTION('Axis2P3D Direction',(-1.,0.,0.)) ;
#9124=DIRECTION('Axis2P3D XDirection',(-0.,0.449959328252,-0.89304904844)) ;
#9128=DIRECTION('Axis2P3D Direction',(-1.,0.,0.)) ;
#9140=DIRECTION('Axis2P3D Direction',(1.,0.,0.)) ;
#9141=DIRECTION('Axis2P3D XDirection',(0.,1.,0.)) ;
#9161=DIRECTION('Axis2P3D Direction',(0.,-0.,1.)) ;
#9162=DIRECTION('Axis2P3D XDirection',(1.,6.12323399574E-017,0.)) ;
#9166=DIRECTION('Axis2P3D Direction',(0.,-0.,1.)) ;
#9175=DIRECTION('Vector Direction',(0.,0.,1.)) ;
#9182=DIRECTION('Axis2P3D Direction',(0.,-0.,1.)) ;
#9189=DIRECTION('Vector Direction',(0.,0.,1.)) ;
#9201=DIRECTION('Axis2P3D Direction',(1.,6.12323399574E-017,-0.)) ;
#9202=DIRECTION('Axis2P3D XDirection',(-6.12323399574E-017,1.,0.)) ;
#9206=DIRECTION('Vector Direction',(0.,1.,0.)) ;
#9213=DIRECTION('Vector Direction',(0.,0.,-1.)) ;
#9220=DIRECTION('Vector Direction',(0.,1.,0.)) ;
#9232=DIRECTION('Axis2P3D Direction',(6.12323399574E-017,-1.,0.)) ;
#9233=DIRECTION('Axis2P3D XDirection',(-1.,-6.12323399574E-017,0.)) ;
#9237=DIRECTION('Vector Direction',(0.,0.,-1.)) ;
#9256=DIRECTION('Vector Direction',(-1.,0.,0.)) ;
#9261=DIRECTION('Vector Direction',(-1.,0.,0.)) ;
#9274=DIRECTION('Axis2P3D Direction',(0.,-0.,1.)) ;
#9275=DIRECTION('Axis2P3D XDirection',(-1.22464679915E-016,-1.,-0.)) ;
#9279=DIRECTION('Axis2P3D Direction',(0.,-0.,1.)) ;
#9288=DIRECTION('Vector Direction',(0.,0.,1.)) ;
#9295=DIRECTION('Axis2P3D Direction',(0.,-0.,1.)) ;
#9311=DIRECTION('Vector Direction',(0.,0.,1.)) ;
#9324=DIRECTION('Axis2P3D Direction',(1.,6.12323399574E-017,-0.)) ;
#9325=DIRECTION('Axis2P3D XDirection',(1.124819837E-032,-1.83697019872E-016,-1.)) ;
#9348=DIRECTION('Axis2P3D Direction',(1.,6.12323399574E-017,-0.)) ;
#9355=DIRECTION('Vector Direction',(1.,1.072517337E-016,0.)) ;
#9362=DIRECTION('Axis2P3D Direction',(1.,6.12323399574E-017,-0.)) ;
#9367=DIRECTION('Vector Direction',(1.,1.072517337E-016,0.)) ;
#9382=DIRECTION('Axis2P3D Direction',(0.,-0.,1.)) ;
#9383=DIRECTION('Axis2P3D XDirection',(-1.,6.12323399574E-017,0.)) ;
#9387=DIRECTION('Vector Direction',(0.,0.,1.)) ;
#9404=DIRECTION('Axis2P3D Direction',(0.,-0.,1.)) ;
#9411=DIRECTION('Vector Direction',(0.,0.,1.)) ;
#9418=DIRECTION('Axis2P3D Direction',(0.,-0.,1.)) ;
#9432=DIRECTION('Axis2P3D Direction',(-6.12323399574E-017,1.,0.)) ;
#9433=DIRECTION('Axis2P3D XDirection',(-1.,-6.12323399574E-017,0.)) ;
#9437=DIRECTION('Vector Direction',(-1.,0.,0.)) ;
#9444=DIRECTION('Vector Direction',(0.,0.,-1.)) ;
#9451=DIRECTION('Vector Direction',(-1.,0.,0.)) ;
#9463=DIRECTION('Axis2P3D Direction',(0.,0.,-1.)) ;
#9464=DIRECTION('Axis2P3D XDirection',(-2.44929359829E-016,1.,-0.)) ;
#9468=DIRECTION('Axis2P3D Direction',(0.,0.,-1.)) ;
#9475=DIRECTION('Vector Direction',(0.,0.,-1.)) ;
#9482=DIRECTION('Axis2P3D Direction',(0.,0.,-1.)) ;
#9494=DIRECTION('Axis2P3D Direction',(1.,6.12323399574E-017,0.)) ;
#9495=DIRECTION('Axis2P3D XDirection',(6.12323399574E-017,-1.,0.)) ;
#9499=DIRECTION('Vector Direction',(0.,-1.,0.)) ;
#9506=DIRECTION('Vector Direction',(0.,-1.,0.)) ;
#9513=DIRECTION('Vector Direction',(0.,0.,-1.)) ;
#9525=DIRECTION('Axis2P3D Direction',(0.,-0.,1.)) ;
#9526=DIRECTION('Axis2P3D XDirection',(-1.22464679915E-016,-1.,-0.)) ;
#9530=DIRECTION('Axis2P3D Direction',(0.,-0.,1.)) ;
#9537=DIRECTION('Axis2P3D Direction',(0.,-0.,1.)) ;
#9544=DIRECTION('Vector Direction',(0.,0.,1.)) ;
#9556=DIRECTION('Axis2P3D Direction',(-6.12323399574E-017,1.,0.)) ;
#9557=DIRECTION('Axis2P3D XDirection',(1.,6.12323399574E-017,0.)) ;
#9561=DIRECTION('Vector Direction',(1.,0.,0.)) ;
#9568=DIRECTION('Vector Direction',(0.,0.,-1.)) ;
#9575=DIRECTION('Vector Direction',(1.,0.,0.)) ;
#9587=DIRECTION('Axis2P3D Direction',(0.,-0.,1.)) ;
#9588=DIRECTION('Axis2P3D XDirection',(-1.55431223448E-015,1.,0.)) ;
#9592=DIRECTION('Axis2P3D Direction',(0.,-0.,1.)) ;
#9609=DIRECTION('Axis2P3D Direction',(0.,-0.,1.)) ;
#9616=DIRECTION('Vector Direction',(0.,0.,1.)) ;
#9623=DIRECTION('Axis2P3D Direction',(0.,-0.,1.)) ;
#9637=DIRECTION('Axis2P3D Direction',(-1.,-6.12323399574E-017,-0.)) ;
#9638=DIRECTION('Axis2P3D XDirection',(0.,0.,-1.)) ;
#9642=DIRECTION('Vector Direction',(0.,1.,0.)) ;
#9649=DIRECTION('Vector Direction',(0.,1.,0.)) ;
#9656=DIRECTION('Vector Direction',(0.,0.,-1.)) ;
#9668=DIRECTION('Axis2P3D Direction',(0.,-0.,1.)) ;
#9669=DIRECTION('Axis2P3D XDirection',(-1.,6.12323399574E-017,0.)) ;
#9673=DIRECTION('Axis2P3D Direction',(0.,-0.,1.)) ;
#9680=DIRECTION('Axis2P3D Direction',(0.,-0.,1.)) ;
#9687=DIRECTION('Vector Direction',(0.,0.,1.)) ;
#9699=DIRECTION('Axis2P3D Direction',(0.,-0.,1.)) ;
#9700=DIRECTION('Axis2P3D XDirection',(1.,6.12323399574E-017,0.)) ;
#9704=DIRECTION('Axis2P3D Direction',(0.,-0.,1.)) ;
#9711=DIRECTION('Vector Direction',(0.,0.,1.)) ;
#9718=DIRECTION('Axis2P3D Direction',(0.,-0.,1.)) ;
#9730=DIRECTION('Axis2P3D Direction',(1.,6.12323399574E-017,0.)) ;
#9731=DIRECTION('Axis2P3D XDirection',(6.12323399574E-017,-1.,0.)) ;
#9735=DIRECTION('Vector Direction',(0.,-1.,0.)) ;
#9742=DIRECTION('Vector Direction',(0.,0.,-1.)) ;
#9749=DIRECTION('Vector Direction',(0.,-1.,0.)) ;
#9761=DIRECTION('Axis2P3D Direction',(0.,-0.,1.)) ;
#9762=DIRECTION('Axis2P3D XDirection',(0.25,-0.968245836552,0.)) ;
#9766=DIRECTION('Axis2P3D Direction',(0.,-0.,1.)) ;
#9773=DIRECTION('Vector Direction',(0.,0.,1.)) ;
#9780=DIRECTION('Axis2P3D Direction',(0.,-0.,1.)) ;
#9792=DIRECTION('Axis2P3D Direction',(0.,-0.,1.)) ;
#9793=DIRECTION('Axis2P3D XDirection',(-0.25,0.968245836552,0.)) ;
#9797=DIRECTION('Axis2P3D Direction',(0.,-0.,1.)) ;
#9804=DIRECTION('Axis2P3D Direction',(0.,-0.,1.)) ;
#9811=DIRECTION('Vector Direction',(0.,0.,1.)) ;
#9823=DIRECTION('Vector Direction',(0.,1.,0.)) ;
#9830=DIRECTION('Vector Direction',(0.,1.,0.)) ;
#9837=DIRECTION('Vector Direction',(0.,0.,-1.)) ;
#9849=DIRECTION('Axis2P3D Direction',(0.,-0.,1.)) ;
#9850=DIRECTION('Axis2P3D XDirection',(-1.,5.83439206801E-015,0.)) ;
#9854=DIRECTION('Axis2P3D Direction',(0.,-0.,1.)) ;
#9868=DIRECTION('Axis2P3D Direction',(0.,-0.,1.)) ;
#9881=DIRECTION('Axis2P3D Direction',(0.,-0.,-1.)) ;
#9882=DIRECTION('Axis2P3D XDirection',(1.,2.44929359829E-016,-0.)) ;
#9886=DIRECTION('Axis2P3D Direction',(0.,-0.,-1.)) ;
#9893=DIRECTION('Vector Direction',(0.,0.,-1.)) ;
#9900=DIRECTION('Axis2P3D Direction',(0.,-0.,-1.)) ;
#9912=DIRECTION('Axis2P3D Direction',(6.12323399574E-017,-1.,0.)) ;
#9913=DIRECTION('Axis2P3D XDirection',(0.,0.,-1.)) ;
#9917=DIRECTION('Vector Direction',(-1.,0.,0.)) ;
#9924=DIRECTION('Vector Direction',(-1.,0.,0.)) ;
#9931=DIRECTION('Vector Direction',(0.,0.,-1.)) ;
#9943=DIRECTION('Axis2P3D Direction',(0.,-0.,-1.)) ;
#9944=DIRECTION('Axis2P3D XDirection',(2.44929359829E-016,-1.,0.)) ;
#9948=DIRECTION('Axis2P3D Direction',(0.,-0.,-1.)) ;
#9955=DIRECTION('Vector Direction',(0.,0.,-1.)) ;
#9962=DIRECTION('Axis2P3D Direction',(0.,-0.,-1.)) ;
#9974=DIRECTION('Axis2P3D Direction',(-1.,-6.12323399574E-017,-0.)) ;
#9975=DIRECTION('Axis2P3D XDirection',(-6.12323399574E-017,1.,0.)) ;
#9979=DIRECTION('Vector Direction',(0.,1.,0.)) ;
#9986=DIRECTION('Vector Direction',(0.,1.,0.)) ;
#9993=DIRECTION('Vector Direction',(0.,0.,-1.)) ;
#10005=DIRECTION('Axis2P3D Direction',(0.,-0.,1.)) ;
#10006=DIRECTION('Axis2P3D XDirection',(2.88657986403E-015,1.,0.)) ;
#10010=DIRECTION('Axis2P3D Direction',(0.,-0.,1.)) ;
#10017=DIRECTION('Axis2P3D Direction',(0.,-0.,1.)) ;
#10024=DIRECTION('Vector Direction',(0.,0.,1.)) ;
#10036=DIRECTION('Vector Direction',(-1.,0.,0.)) ;
#10043=DIRECTION('Vector Direction',(0.,0.,-1.)) ;
#10050=DIRECTION('Vector Direction',(-1.,0.,0.)) ;
#10062=DIRECTION('Axis2P3D Direction',(0.,-0.,1.)) ;
#10063=DIRECTION('Axis2P3D XDirection',(2.54207057919E-015,-1.,0.)) ;
#10067=DIRECTION('Axis2P3D Direction',(0.,-0.,1.)) ;
#10084=DIRECTION('Axis2P3D Direction',(0.,-0.,1.)) ;
#10091=DIRECTION('Vector Direction',(0.,0.,1.)) ;
#10098=DIRECTION('Axis2P3D Direction',(0.,-0.,1.)) ;
#10112=DIRECTION('Axis2P3D Direction',(1.,6.12323399574E-017,-0.)) ;
#10113=DIRECTION('Axis2P3D XDirection',(0.,0.,1.)) ;
#10117=DIRECTION('Vector Direction',(0.,1.,0.)) ;
#10124=DIRECTION('Vector Direction',(0.,1.,0.)) ;
#10131=DIRECTION('Vector Direction',(0.,0.,-1.)) ;
#10143=DIRECTION('Axis2P3D Direction',(0.,-0.,1.)) ;
#10144=DIRECTION('Axis2P3D XDirection',(1.,5.74557422604E-015,0.)) ;
#10148=DIRECTION('Axis2P3D Direction',(0.,-0.,1.)) ;
#10155=DIRECTION('Axis2P3D Direction',(0.,-0.,1.)) ;
#10162=DIRECTION('Vector Direction',(0.,0.,1.)) ;
#10174=DIRECTION('Axis2P3D Direction',(0.,-0.,1.)) ;
#10175=DIRECTION('Axis2P3D XDirection',(-1.,-5.71192738809E-015,-0.)) ;
#10179=DIRECTION('Axis2P3D Direction',(0.,-0.,1.)) ;
#10186=DIRECTION('Vector Direction',(0.,0.,1.)) ;
#10193=DIRECTION('Axis2P3D Direction',(0.,-0.,1.)) ;
#10205=DIRECTION('Axis2P3D Direction',(-1.,-6.12323399574E-017,-0.)) ;
#10206=DIRECTION('Axis2P3D XDirection',(-6.12323399574E-017,1.,0.)) ;
#10210=DIRECTION('Vector Direction',(0.,1.,0.)) ;
#10217=DIRECTION('Vector Direction',(0.,0.,-1.)) ;
#10224=DIRECTION('Vector Direction',(0.,1.,0.)) ;
#10236=DIRECTION('Axis2P3D Direction',(0.,-0.,1.)) ;
#10237=DIRECTION('Axis2P3D XDirection',(-0.25,0.968245836552,0.)) ;
#10241=DIRECTION('Axis2P3D Direction',(0.,-0.,1.)) ;
#10248=DIRECTION('Vector Direction',(0.,0.,1.)) ;
#10255=DIRECTION('Axis2P3D Direction',(0.,-0.,1.)) ;
#10267=DIRECTION('Axis2P3D Direction',(0.,-0.,1.)) ;
#10268=DIRECTION('Axis2P3D XDirection',(0.25,-0.968245836552,0.)) ;
#10272=DIRECTION('Axis2P3D Direction',(0.,-0.,1.)) ;
#10279=DIRECTION('Axis2P3D Direction',(0.,-0.,1.)) ;
#10286=DIRECTION('Vector Direction',(0.,0.,1.)) ;
#10298=DIRECTION('Vector Direction',(-6.28048095453E-017,1.,0.)) ;
#10305=DIRECTION('Vector Direction',(-6.28048095453E-017,1.,0.)) ;
#10312=DIRECTION('Vector Direction',(0.,0.,-1.)) ;
#10324=DIRECTION('Axis2P3D Direction',(0.,-0.,1.)) ;
#10325=DIRECTION('Axis2P3D XDirection',(1.,1.48231781148E-015,0.)) ;
#10329=DIRECTION('Axis2P3D Direction',(0.,-0.,1.)) ;
#10336=DIRECTION('Axis2P3D Direction',(0.,-0.,1.)) ;
#10343=DIRECTION('Vector Direction',(0.,0.,1.)) ;
#10355=DIRECTION('Axis2P3D Direction',(1.,6.12323399574E-017,-0.)) ;
#10356=DIRECTION('Axis2P3D XDirection',(1.20018684246E-031,-1.96005385927E-015,-1.)) ;
#10360=DIRECTION('Axis2P3D Direction',(1.,6.12323399574E-017,-0.)) ;
#10369=DIRECTION('Vector Direction',(1.,1.072517337E-016,0.)) ;
#10376=DIRECTION('Axis2P3D Direction',(1.,6.12323399574E-017,-0.)) ;
#10383=DIRECTION('Vector Direction',(1.,1.072517337E-016,0.)) ;
#10395=DIRECTION('Vector Direction',(-7.80576321939E-016,1.,0.)) ;
#10400=DIRECTION('Vector Direction',(0.,-0.0871557427477,-0.996194698092)) ;
#10407=DIRECTION('Axis2P3D Direction',(1.,6.12323399574E-017,-0.)) ;
#10414=DIRECTION('Vector Direction',(0.,0.,-1.)) ;
#10421=DIRECTION('Vector Direction',(0.,-1.,0.)) ;
#10428=DIRECTION('Vector Direction',(0.,0.,-1.)) ;
#10435=DIRECTION('Axis2P3D Direction',(1.,6.12323399574E-017,-0.)) ;
#10442=DIRECTION('Vector Direction',(0.,-0.0871557427477,-0.996194698092)) ;
#10461=DIRECTION('Vector Direction',(0.,1.,0.)) ;
#10466=DIRECTION('Vector Direction',(0.,-0.0871557427477,-0.996194698092)) ;
#10473=DIRECTION('Axis2P3D Direction',(-1.,-6.12323399574E-017,-0.)) ;
#10480=DIRECTION('Vector Direction',(0.,0.,-1.)) ;
#10487=DIRECTION('Vector Direction',(0.,-1.,0.)) ;
#10494=DIRECTION('Vector Direction',(0.,0.,-1.)) ;
#10501=DIRECTION('Axis2P3D Direction',(-1.,-6.12323399574E-017,-0.)) ;
#10508=DIRECTION('Vector Direction',(0.,-0.0871557427477,-0.996194698092)) ;
#10527=DIRECTION('Axis2P3D Direction',(6.09993324173E-017,-0.996194698092,0.0871557427477)) ;
#10528=DIRECTION('Axis2P3D XDirection',(5.33675006916E-018,-0.0871557427477,-0.996194698092)) ;
#10532=DIRECTION('Vector Direction',(1.,7.42727598356E-017,0.)) ;
#10544=DIRECTION('Axis2P3D Direction',(6.09993324173E-017,-0.996194698092,0.0871557427477)) ;
#10545=DIRECTION('Axis2P3D XDirection',(5.33675006916E-018,-0.0871557427477,-0.996194698092)) ;
#10549=DIRECTION('Vector Direction',(1.,6.1120291948E-017,0.)) ;
#10561=DIRECTION('Axis2P3D Direction',(6.12323399574E-017,-1.,0.)) ;
#10562=DIRECTION('Axis2P3D XDirection',(0.,0.,-1.)) ;
#10566=DIRECTION('Vector Direction',(0.,0.,-1.)) ;
#10575=DIRECTION('Axis2P3D Direction',(6.12323399574E-017,-1.,0.)) ;
#10582=DIRECTION('Vector Direction',(-1.,-7.40148683083E-017,0.)) ;
#10589=DIRECTION('Axis2P3D Direction',(6.12323399574E-017,-1.,0.)) ;
#10594=DIRECTION('Vector Direction',(1.,6.18939665296E-017,0.)) ;
#10599=DIRECTION('Axis2P3D Direction',(6.12323399574E-017,-1.,0.)) ;
#10606=DIRECTION('Vector Direction',(1.,0.,0.)) ;
#10613=DIRECTION('Axis2P3D Direction',(6.12323399574E-017,-1.,0.)) ;
#10620=DIRECTION('Vector Direction',(0.,0.,-1.)) ;
#10627=DIRECTION('Axis2P3D Direction',(6.12323399574E-017,-1.,0.)) ;
#10634=DIRECTION('Axis2P3D Direction',(6.12323399574E-017,-1.,0.)) ;
#10641=DIRECTION('Vector Direction',(0.,0.,-1.)) ;
#10648=DIRECTION('Axis2P3D Direction',(6.12323399574E-017,-1.,0.)) ;
#10655=DIRECTION('Axis2P3D Direction',(6.12323399574E-017,-1.,0.)) ;
#10662=DIRECTION('Vector Direction',(0.,0.,-1.)) ;
#10669=DIRECTION('Vector Direction',(1.,6.0329100206E-017,0.)) ;
#10694=DIRECTION('Axis2P3D Direction',(6.12323399574E-017,-1.,0.)) ;
#10703=DIRECTION('Axis2P3D Direction',(6.12323399574E-017,-1.,0.)) ;
#10712=DIRECTION('Axis2P3D Direction',(6.12323399574E-017,-1.,0.)) ;
#10721=DIRECTION('Axis2P3D Direction',(6.12323399574E-017,-1.,0.)) ;
#10730=DIRECTION('Axis2P3D Direction',(6.12323399574E-017,-1.,0.)) ;
#10739=DIRECTION('Axis2P3D Direction',(6.12323399574E-017,-1.,0.)) ;
#10746=DIRECTION('Axis2P3D Direction',(6.12323399574E-017,-1.,0.)) ;
#10756=DIRECTION('Axis2P3D Direction',(6.12323399574E-017,-1.,0.)) ;
#10765=DIRECTION('Axis2P3D Direction',(6.12323399574E-017,-1.,0.)) ;
#10772=DIRECTION('Axis2P3D Direction',(6.12323399574E-017,-1.,0.)) ;
#10782=DIRECTION('Axis2P3D Direction',(6.12323399574E-017,-1.,0.)) ;
#10791=DIRECTION('Axis2P3D Direction',(6.12323399574E-017,-1.,0.)) ;
#10800=DIRECTION('Axis2P3D Direction',(6.12323399574E-017,-1.,0.)) ;
#10809=DIRECTION('Axis2P3D Direction',(6.12323399574E-017,-1.,0.)) ;
#10818=DIRECTION('Axis2P3D Direction',(6.12323399574E-017,-1.,0.)) ;
#10827=DIRECTION('Axis2P3D Direction',(6.12323399574E-017,-1.,0.)) ;
#10837=DIRECTION('Axis2P3D Direction',(1.,6.12323399574E-017,-0.)) ;
#10838=DIRECTION('Axis2P3D XDirection',(-6.09993324173E-017,0.996194698092,-0.0871557427477)) ;
#10849=DIRECTION('Axis2P3D Direction',(1.,6.12323399574E-017,-0.)) ;
#10850=DIRECTION('Axis2P3D XDirection',(-6.09993324173E-017,0.996194698092,-0.0871557427477)) ;
#10854=DIRECTION('Vector Direction',(1.,5.36258668498E-017,0.)) ;
#10866=DIRECTION('Axis2P3D Direction',(-6.12323399574E-017,1.,0.)) ;
#10867=DIRECTION('Axis2P3D XDirection',(0.,0.,1.)) ;
#10871=DIRECTION('Axis2P3D Direction',(-6.12323399574E-017,1.,0.)) ;
#10880=DIRECTION('Vector Direction',(1.,6.12323399574E-017,0.)) ;
#10887=DIRECTION('Axis2P3D Direction',(-6.12323399574E-017,1.,0.)) ;
#10892=DIRECTION('Axis2P3D Direction',(-6.12323399574E-017,1.,0.)) ;
#10899=DIRECTION('Vector Direction',(-1.,-6.12323399574E-017,0.)) ;
#10906=DIRECTION('Axis2P3D Direction',(-6.12323399574E-017,1.,0.)) ;
#10913=DIRECTION('Vector Direction',(0.,0.,1.)) ;
#10920=DIRECTION('Vector Direction',(1.,6.12323399574E-017,0.)) ;
#10939=DIRECTION('Axis2P3D Direction',(6.12323399574E-017,-1.,0.)) ;
#10940=DIRECTION('Axis2P3D XDirection',(1.,6.12323399574E-017,0.)) ;
#10944=DIRECTION('Vector Direction',(6.12345729678E-017,-1.,0.)) ;
#10956=DIRECTION('Axis2P3D Direction',(6.12323399574E-017,-1.,0.)) ;
#10957=DIRECTION('Axis2P3D XDirection',(-1.04899068467E-015,-6.42321542157E-032,1.)) ;
#10961=DIRECTION('Vector Direction',(6.12345729678E-017,-1.,0.)) ;
#10973=DIRECTION('Axis2P3D Direction',(0.,1.,0.)) ;
#10974=DIRECTION('Axis2P3D XDirection',(-1.,0.,0.)) ;
#10978=DIRECTION('Axis2P3D Direction',(0.,1.,0.)) ;
#10987=DIRECTION('Vector Direction',(0.,1.,0.)) ;
#10992=DIRECTION('Vector Direction',(0.,1.,0.)) ;
#11004=DIRECTION('Axis2P3D Direction',(-0.,-1.,0.)) ;
#11005=DIRECTION('Axis2P3D XDirection',(-5.51276753807E-015,0.,-1.)) ;
#11009=DIRECTION('Vector Direction',(0.,-1.,0.)) ;
#11016=DIRECTION('Axis2P3D Direction',(-0.,-1.,0.)) ;
#11028=DIRECTION('Axis2P3D Direction',(-1.,-0.,-0.)) ;
#11029=DIRECTION('Axis2P3D XDirection',(0.,0.,-1.)) ;
#11033=DIRECTION('Vector Direction',(0.,0.,-1.)) ;
#11040=DIRECTION('Vector Direction',(0.,-1.,0.)) ;
#11052=DIRECTION('Axis2P3D Direction',(-0.,-1.,0.)) ;
#11053=DIRECTION('Axis2P3D XDirection',(1.,-0.,0.)) ;
#11057=DIRECTION('Vector Direction',(0.,-1.,0.)) ;
#11064=DIRECTION('Axis2P3D Direction',(-0.,-1.,0.)) ;
#11076=DIRECTION('Axis2P3D Direction',(0.,1.,0.)) ;
#11077=DIRECTION('Axis2P3D XDirection',(-0.5,0.,-0.866025403784)) ;
#11081=DIRECTION('Axis2P3D Direction',(0.,1.,0.)) ;
#11088=DIRECTION('Vector Direction',(0.,1.,0.)) ;
#11100=DIRECTION('Vector Direction',(0.,0.,1.)) ;
#11109=DIRECTION('Axis2P3D Direction',(1.,6.12323399574E-017,-0.)) ;
#11114=DIRECTION('Vector Direction',(0.,0.,-1.)) ;
#11121=DIRECTION('Vector Direction',(0.,-1.,0.)) ;
#11135=DIRECTION('Axis2P3D Direction',(6.12323399574E-017,-1.,0.)) ;
#11136=DIRECTION('Axis2P3D XDirection',(1.,6.12323399574E-017,-1.83697019872E-016)) ;
#11140=DIRECTION('Axis2P3D Direction',(6.12323399574E-017,-1.,0.)) ;
#11147=DIRECTION('Vector Direction',(5.442686601E-017,-1.,0.)) ;
#11154=DIRECTION('Axis2P3D Direction',(6.12323399574E-017,-1.,0.)) ;
#11166=DIRECTION('Axis2P3D Direction',(0.,0.,-1.)) ;
#11167=DIRECTION('Axis2P3D XDirection',(1.,6.12323399574E-017,0.)) ;
#11171=DIRECTION('Vector Direction',(0.,-1.,0.)) ;
#11180=DIRECTION('Vector Direction',(1.,7.1054273576E-017,0.)) ;
#11185=DIRECTION('Vector Direction',(1.,7.1054273576E-017,0.)) ;
#11197=DIRECTION('Axis2P3D Direction',(6.12323399574E-017,-1.,0.)) ;
#11198=DIRECTION('Axis2P3D XDirection',(-0.6,-3.67394039744E-017,-0.8)) ;
#11202=DIRECTION('Vector Direction',(7.59289095697E-017,-1.,0.)) ;
#11211=DIRECTION('Axis2P3D Direction',(6.12323399574E-017,-1.,0.)) ;
#11226=DIRECTION('Axis2P3D Direction',(6.12323399574E-017,-1.,0.)) ;
#11239=DIRECTION('Axis2P3D Direction',(6.12323399574E-017,-1.,0.)) ;
#11240=DIRECTION('Axis2P3D XDirection',(0.6,3.67394039744E-017,0.8)) ;
#11244=DIRECTION('Axis2P3D Direction',(6.12323399574E-017,-1.,0.)) ;
#11251=DIRECTION('Vector Direction',(7.59289095697E-017,-1.,0.)) ;
#11258=DIRECTION('Axis2P3D Direction',(6.12323399574E-017,-1.,0.)) ;
#11270=DIRECTION('Axis2P3D Direction',(0.,0.,-1.)) ;
#11271=DIRECTION('Axis2P3D XDirection',(-6.12323399574E-017,1.,0.)) ;
#11275=DIRECTION('Vector Direction',(0.,-1.,0.)) ;
#11284=DIRECTION('Vector Direction',(-1.,-6.76707367391E-017,0.)) ;
#11289=DIRECTION('Vector Direction',(-1.,-5.92118946467E-017,0.)) ;
#11301=DIRECTION('Axis2P3D Direction',(6.12323399574E-017,-1.,0.)) ;
#11302=DIRECTION('Axis2P3D XDirection',(6.12323399574E-017,3.74939945665E-033,1.)) ;
#11306=DIRECTION('Axis2P3D Direction',(6.12323399574E-017,-1.,0.)) ;
#11313=DIRECTION('Vector Direction',(7.59289095697E-017,-1.,0.)) ;
#11320=DIRECTION('Axis2P3D Direction',(6.12323399574E-017,-1.,0.)) ;
#11332=DIRECTION('Axis2P3D Direction',(6.12323399574E-017,-1.,0.)) ;
#11333=DIRECTION('Axis2P3D XDirection',(-1.83697019872E-016,-1.124819837E-032,-1.)) ;
#11337=DIRECTION('Vector Direction',(7.59289095697E-017,-1.,0.)) ;
#11356=DIRECTION('Axis2P3D Direction',(6.12323399574E-017,-1.,0.)) ;
#11361=DIRECTION('Axis2P3D Direction',(6.12323399574E-017,-1.,0.)) ;
#11374=DIRECTION('Vector Direction',(1.,7.1054273576E-017,0.)) ;
#11381=DIRECTION('Vector Direction',(0.,-1.,0.)) ;
#11388=DIRECTION('Vector Direction',(1.,7.1054273576E-017,0.)) ;
#11400=DIRECTION('Axis2P3D Direction',(6.12323399574E-017,-1.,0.)) ;
#11401=DIRECTION('Axis2P3D XDirection',(1.83697019872E-016,1.124819837E-032,1.)) ;
#11405=DIRECTION('Axis2P3D Direction',(6.12323399574E-017,-1.,0.)) ;
#11412=DIRECTION('Vector Direction',(5.442686601E-017,-1.,0.)) ;
#11419=DIRECTION('Axis2P3D Direction',(6.12323399574E-017,-1.,0.)) ;
#11431=DIRECTION('Axis2P3D Direction',(1.,6.12323399574E-017,-0.)) ;
#11432=DIRECTION('Axis2P3D XDirection',(-6.12323399574E-017,1.,0.)) ;
#11436=DIRECTION('Vector Direction',(0.,0.,1.)) ;
#11443=DIRECTION('Axis2P3D Direction',(1.,6.12323399574E-017,-0.)) ;
#11448=DIRECTION('Vector Direction',(0.,1.,0.)) ;
#11453=DIRECTION('Axis2P3D Direction',(1.,6.12323399574E-017,-0.)) ;
#11460=DIRECTION('Vector Direction',(0.,0.,1.)) ;
#11476=DIRECTION('Axis2P3D Direction',(-6.12323399574E-017,1.,0.)) ;
#11477=DIRECTION('Axis2P3D XDirection',(1.83697019872E-016,1.124819837E-032,-1.)) ;
#11481=DIRECTION('Vector Direction',(0.,1.,0.)) ;
#11493=DIRECTION('Axis2P3D Direction',(0.,0.,-1.)) ;
#11494=DIRECTION('Axis2P3D XDirection',(1.,6.12323399574E-017,0.)) ;
#11505=DIRECTION('Axis2P3D Direction',(0.,0.,-1.)) ;
#11506=DIRECTION('Axis2P3D XDirection',(1.,6.12323399574E-017,0.)) ;
#11510=DIRECTION('Vector Direction',(0.,1.,0.)) ;
#11522=DIRECTION('Axis2P3D Direction',(-6.12323399574E-017,1.,0.)) ;
#11523=DIRECTION('Axis2P3D XDirection',(1.,6.12323399574E-017,1.83697019872E-016)) ;
#11527=DIRECTION('Vector Direction',(0.,1.,0.)) ;
#11544=DIRECTION('Axis2P3D Direction',(-6.12323399574E-017,1.,0.)) ;
#11558=DIRECTION('Vector Direction',(0.,0.,-1.)) ;
#11570=DIRECTION('Axis2P3D Direction',(0.,0.,1.)) ;
#11571=DIRECTION('Axis2P3D XDirection',(2.83276944882E-016,1.,0.)) ;
#11575=DIRECTION('Axis2P3D Direction',(0.,0.,1.)) ;
#11584=DIRECTION('Vector Direction',(0.,0.,1.)) ;
#11591=DIRECTION('Axis2P3D Direction',(0.,0.,1.)) ;
#11598=DIRECTION('Vector Direction',(0.,0.,1.)) ;
#11610=DIRECTION('Axis2P3D Direction',(-1.,0.,0.)) ;
#11611=DIRECTION('Axis2P3D XDirection',(0.,-1.,0.)) ;
#11615=DIRECTION('Vector Direction',(0.,-1.,0.)) ;
#11622=DIRECTION('Vector Direction',(0.,-1.,0.)) ;
#11629=DIRECTION('Vector Direction',(0.,0.,1.)) ;
#11641=DIRECTION('Axis2P3D Direction',(0.,0.,1.)) ;
#11642=DIRECTION('Axis2P3D XDirection',(-1.,1.01064309961E-015,0.)) ;
#11646=DIRECTION('Axis2P3D Direction',(0.,0.,1.)) ;
#11653=DIRECTION('Axis2P3D Direction',(0.,0.,1.)) ;
#11660=DIRECTION('Vector Direction',(0.,0.,1.)) ;
#11672=DIRECTION('Axis2P3D Direction',(0.,0.,-1.)) ;
#11673=DIRECTION('Axis2P3D XDirection',(-6.12323399574E-017,1.,0.)) ;
#11677=DIRECTION('Vector Direction',(-1.,0.,0.)) ;
#11684=DIRECTION('Vector Direction',(0.,1.,0.)) ;
#11691=DIRECTION('Vector Direction',(1.,0.,0.)) ;
#11696=DIRECTION('Vector Direction',(0.707106781187,-0.707106781187,0.)) ;
#11703=DIRECTION('Vector Direction',(-1.,0.,0.)) ;
#11710=DIRECTION('Vector Direction',(-0.707106781187,-0.707106781187,0.)) ;
#11715=DIRECTION('Vector Direction',(-2.90266981826E-016,1.,0.)) ;
#11750=DIRECTION('Vector Direction',(1.,0.,0.)) ;
#11755=DIRECTION('Axis2P3D Direction',(-6.12323399574E-017,1.,0.)) ;
#11762=DIRECTION('Vector Direction',(1.,0.,0.)) ;
#11776=DIRECTION('Vector Direction',(-1.,0.,0.)) ;
#11783=DIRECTION('Axis2P3D Direction',(-6.12323399574E-017,1.,0.)) ;
#11788=DIRECTION('Vector Direction',(-1.,0.,0.)) ;
#11802=DIRECTION('Axis2P3D Direction',(6.12323399574E-017,-1.,0.)) ;
#11803=DIRECTION('Axis2P3D XDirection',(-0.479425538604,-2.93563475641E-017,0.87758256189)) ;
#11807=DIRECTION('Axis2P3D Direction',(6.12323399574E-017,-1.,0.)) ;
#11816=DIRECTION('Vector Direction',(0.,-1.,0.)) ;
#11821=DIRECTION('Vector Direction',(0.,-1.,0.)) ;
#11834=DIRECTION('Axis2P3D Direction',(6.12323399574E-017,-1.,0.)) ;
#11835=DIRECTION('Axis2P3D XDirection',(0.,0.,-1.)) ;
#11839=DIRECTION('Vector Direction',(1.,6.04235085988E-017,0.)) ;
#11865=DIRECTION('Axis2P3D Direction',(6.12323399574E-017,-1.,0.)) ;
#11874=DIRECTION('Axis2P3D Direction',(6.12323399574E-017,-1.,0.)) ;
#11883=DIRECTION('Axis2P3D Direction',(6.12323399574E-017,-1.,0.)) ;
#11892=DIRECTION('Axis2P3D Direction',(6.12323399574E-017,-1.,0.)) ;
#11901=DIRECTION('Axis2P3D Direction',(6.12323399574E-017,-1.,0.)) ;
#11910=DIRECTION('Axis2P3D Direction',(6.12323399574E-017,-1.,0.)) ;
#11919=DIRECTION('Axis2P3D Direction',(6.12323399574E-017,-1.,0.)) ;
#11928=DIRECTION('Axis2P3D Direction',(6.12323399574E-017,-1.,0.)) ;
#11937=DIRECTION('Axis2P3D Direction',(6.12323399574E-017,-1.,0.)) ;
#11946=DIRECTION('Axis2P3D Direction',(6.12323399574E-017,-1.,0.)) ;
#11955=DIRECTION('Axis2P3D Direction',(6.12323399574E-017,-1.,0.)) ;
#11964=DIRECTION('Axis2P3D Direction',(6.12323399574E-017,-1.,0.)) ;
#11973=DIRECTION('Axis2P3D Direction',(6.12323399574E-017,-1.,0.)) ;
#11982=DIRECTION('Axis2P3D Direction',(6.12323399574E-017,-1.,0.)) ;
#11991=DIRECTION('Axis2P3D Direction',(6.12323399574E-017,-1.,0.)) ;
#12000=DIRECTION('Axis2P3D Direction',(6.12323399574E-017,-1.,0.)) ;
#12009=DIRECTION('Axis2P3D Direction',(6.12323399574E-017,-1.,0.)) ;
#12018=DIRECTION('Axis2P3D Direction',(6.12323399574E-017,-1.,0.)) ;
#12027=DIRECTION('Axis2P3D Direction',(6.12323399574E-017,-1.,0.)) ;
#12036=DIRECTION('Axis2P3D Direction',(6.12323399574E-017,-1.,0.)) ;
#12045=DIRECTION('Axis2P3D Direction',(6.12323399574E-017,-1.,0.)) ;
#12056=DIRECTION('Axis2P3D Direction',(1.,6.12323399574E-017,-0.)) ;
#12057=DIRECTION('Axis2P3D XDirection',(6.12323399574E-017,-1.,-3.21624529935E-016)) ;
#12069=DIRECTION('Axis2P3D Direction',(6.12323399574E-017,-1.,0.)) ;
#12070=DIRECTION('Axis2P3D XDirection',(-0.479425538604,-2.93563475641E-017,0.87758256189)) ;
#12074=DIRECTION('Vector Direction',(0.,-1.,0.)) ;
#12079=DIRECTION('Vector Direction',(0.,-1.,0.)) ;
#12101=DIRECTION('Axis2P3D Direction',(6.12323399574E-017,-1.,0.)) ;
#12102=DIRECTION('Axis2P3D XDirection',(1.,6.12323399574E-017,0.)) ;
#12106=DIRECTION('Axis2P3D Direction',(6.12323399574E-017,-1.,0.)) ;
#12115=DIRECTION('Vector Direction',(0.,-1.,0.)) ;
#12120=DIRECTION('Vector Direction',(0.,-1.,0.)) ;
#12133=DIRECTION('Axis2P3D Direction',(6.12323399574E-017,-1.,0.)) ;
#12146=DIRECTION('Axis2P3D Direction',(6.12323399574E-017,-1.,0.)) ;
#12147=DIRECTION('Axis2P3D XDirection',(1.,6.12323399574E-017,0.)) ;
#12151=DIRECTION('Axis2P3D Direction',(6.12323399574E-017,-1.,0.)) ;
#12160=DIRECTION('Vector Direction',(0.,-1.,0.)) ;
#12165=DIRECTION('Vector Direction',(0.,-1.,0.)) ;
#12178=DIRECTION('Axis2P3D Direction',(6.12323399574E-017,-1.,0.)) ;
#12191=DIRECTION('Axis2P3D Direction',(6.12323399574E-017,-1.,0.)) ;
#12192=DIRECTION('Axis2P3D XDirection',(1.,6.12323399574E-017,0.)) ;
#12196=DIRECTION('Vector Direction',(0.,-1.,0.)) ;
#12203=DIRECTION('Axis2P3D Direction',(6.12323399574E-017,-1.,0.)) ;
#12210=DIRECTION('Vector Direction',(0.,-1.,0.)) ;
#12223=DIRECTION('Axis2P3D Direction',(6.12323399574E-017,-1.,0.)) ;
#12236=DIRECTION('Axis2P3D Direction',(6.12323399574E-017,-1.,0.)) ;
#12237=DIRECTION('Axis2P3D XDirection',(1.,6.12323399574E-017,0.)) ;
#12241=DIRECTION('Vector Direction',(0.,-1.,0.)) ;
#12248=DIRECTION('Axis2P3D Direction',(6.12323399574E-017,-1.,0.)) ;
#12255=DIRECTION('Vector Direction',(0.,-1.,0.)) ;
#12268=DIRECTION('Axis2P3D Direction',(6.12323399574E-017,-1.,0.)) ;
#12281=DIRECTION('Axis2P3D Direction',(6.12323399574E-017,-1.,0.)) ;
#12282=DIRECTION('Axis2P3D XDirection',(1.,6.12323399574E-017,0.)) ;
#12286=DIRECTION('Vector Direction',(0.,-1.,0.)) ;
#12293=DIRECTION('Axis2P3D Direction',(6.12323399574E-017,-1.,0.)) ;
#12300=DIRECTION('Vector Direction',(0.,-1.,0.)) ;
#12313=DIRECTION('Axis2P3D Direction',(6.12323399574E-017,-1.,0.)) ;
#12326=DIRECTION('Axis2P3D Direction',(6.12323399574E-017,-1.,0.)) ;
#12327=DIRECTION('Axis2P3D XDirection',(1.,6.12323399574E-017,0.)) ;
#12331=DIRECTION('Vector Direction',(0.,-1.,0.)) ;
#12338=DIRECTION('Axis2P3D Direction',(6.12323399574E-017,-1.,0.)) ;
#12345=DIRECTION('Vector Direction',(0.,-1.,0.)) ;
#12358=DIRECTION('Axis2P3D Direction',(6.12323399574E-017,-1.,0.)) ;
#12371=DIRECTION('Axis2P3D Direction',(-6.12323399574E-017,1.,0.)) ;
#12372=DIRECTION('Axis2P3D XDirection',(0.,0.,1.)) ;
#12376=DIRECTION('Axis2P3D Direction',(-6.12323399574E-017,1.,0.)) ;
#12385=DIRECTION('Axis2P3D Direction',(-6.12323399574E-017,1.,0.)) ;
#12400=DIRECTION('Axis2P3D Direction',(-6.12323399574E-017,1.,0.)) ;
#12409=DIRECTION('Axis2P3D Direction',(-6.12323399574E-017,1.,0.)) ;
#12424=DIRECTION('Vector Direction',(0.,0.,1.)) ;
#12431=DIRECTION('Axis2P3D Direction',(-6.12323399574E-017,1.,0.)) ;
#12438=DIRECTION('Vector Direction',(1.,7.83686840912E-017,0.)) ;
#12457=DIRECTION('Vector Direction',(1.,7.83686840912E-017,0.)) ;
#12464=DIRECTION('Axis2P3D Direction',(-6.12323399574E-017,1.,0.)) ;
#12471=DIRECTION('Vector Direction',(0.,0.,1.)) ;
#12490=DIRECTION('Axis2P3D Direction',(-6.12323399574E-017,1.,0.)) ;
#12491=DIRECTION('Axis2P3D XDirection',(0.,0.,1.)) ;
#12495=DIRECTION('Vector Direction',(0.,0.,-1.)) ;
#12502=DIRECTION('Axis2P3D Direction',(-6.12323399574E-017,1.,0.)) ;
#12509=DIRECTION('Vector Direction',(-1.,-5.50808322295E-017,0.)) ;
#12516=DIRECTION('Axis2P3D Direction',(-6.12323399574E-017,1.,0.)) ;
#12523=DIRECTION('Vector Direction',(0.,0.,-1.)) ;
#12550=DIRECTION('Axis2P3D Direction',(6.12323399574E-017,-1.,0.)) ;
#12551=DIRECTION('Axis2P3D XDirection',(1.,6.12323399574E-017,0.)) ;
#12555=DIRECTION('Vector Direction',(0.,-1.,0.)) ;
#12560=DIRECTION('Vector Direction',(0.,-1.,0.)) ;
#12581=DIRECTION('Axis2P3D Direction',(6.12323399574E-017,-1.,0.)) ;
#12582=DIRECTION('Axis2P3D XDirection',(1.,6.12323399574E-017,0.)) ;
#12586=DIRECTION('Vector Direction',(0.,-1.,0.)) ;
#12591=DIRECTION('Vector Direction',(0.,-1.,0.)) ;
#12612=DIRECTION('Axis2P3D Direction',(1.,6.12323399574E-017,-0.)) ;
#12613=DIRECTION('Axis2P3D XDirection',(1.124819837E-032,-1.83697019872E-016,-1.)) ;
#12617=DIRECTION('Vector Direction',(1.,6.19659362581E-017,0.)) ;
#12632=DIRECTION('Axis2P3D Direction',(-6.12323399574E-017,1.,-0.)) ;
#12633=DIRECTION('Axis2P3D XDirection',(1.,9.86864910778E-017,0.)) ;
#12637=DIRECTION('Axis2P3D Direction',(1.,6.12323399574E-017,-8.26946079743E-016)) ;
#12642=DIRECTION('Axis2P3D Direction',(3.94745964311E-016,2.41712190835E-032,1.)) ;
#12655=DIRECTION('Axis2P3D Direction',(0.,0.,-1.)) ;
#12656=DIRECTION('Axis2P3D XDirection',(-2.44929359829E-016,1.,-0.)) ;
#12668=DIRECTION('Axis2P3D Direction',(0.,-0.,-1.)) ;
#12669=DIRECTION('Axis2P3D XDirection',(-1.,-6.12323399574E-017,0.)) ;
#12673=DIRECTION('Axis2P3D Direction',(0.,-0.,-1.)) ;
#12686=DIRECTION('Axis2P3D Direction',(-6.12323399574E-017,1.,0.)) ;
#12687=DIRECTION('Axis2P3D XDirection',(-1.57898385724E-015,0.,-1.)) ;
#12691=DIRECTION('Axis2P3D Direction',(1.,6.12323399574E-017,-7.89491928622E-016)) ;
#12704=DIRECTION('Axis2P3D Direction',(-1.,-6.12323399574E-017,-0.)) ;
#12705=DIRECTION('Axis2P3D XDirection',(-6.12323399574E-017,1.,1.83697019872E-016)) ;
#12726=DIRECTION('Axis2P3D Direction',(0.,-0.,1.)) ;
#12727=DIRECTION('Axis2P3D XDirection',(1.,6.12323399574E-017,0.)) ;
#12731=DIRECTION('Vector Direction',(0.,-1.,0.)) ;
#12746=DIRECTION('Axis2P3D Direction',(0.,-0.,1.)) ;
#12755=DIRECTION('Axis2P3D Direction',(0.,-0.,1.)) ;
#12766=DIRECTION('Axis2P3D Direction',(6.12323399574E-017,-1.,0.)) ;
#12767=DIRECTION('Axis2P3D XDirection',(-1.,-6.12323399574E-017,1.83697019872E-016)) ;
#12780=DIRECTION('Axis2P3D Direction',(0.,-0.,1.)) ;
#12781=DIRECTION('Axis2P3D XDirection',(1.,6.12323399574E-017,0.)) ;
#12785=DIRECTION('Vector Direction',(0.,0.,1.)) ;
#12792=DIRECTION('Axis2P3D Direction',(0.,-0.,1.)) ;
#12799=DIRECTION('Vector Direction',(0.,0.,1.)) ;
#12812=DIRECTION('Axis2P3D Direction',(0.,-0.,1.)) ;
#12825=DIRECTION('Axis2P3D Direction',(0.,0.,-1.)) ;
#12826=DIRECTION('Axis2P3D XDirection',(-6.12323399574E-017,1.,0.)) ;
#12874=DIRECTION('Axis2P3D Direction',(0.,0.,-1.)) ;
#12883=DIRECTION('Axis2P3D Direction',(0.,0.,-1.)) ;
#12892=DIRECTION('Axis2P3D Direction',(0.,0.,-1.)) ;
#12901=DIRECTION('Axis2P3D Direction',(0.,0.,-1.)) ;
#12914=DIRECTION('Axis2P3D Direction',(0.,0.,-1.)) ;
#12923=DIRECTION('Axis2P3D Direction',(0.,0.,-1.)) ;
#12934=DIRECTION('Axis2P3D Direction',(0.,-0.,1.)) ;
#12935=DIRECTION('Axis2P3D XDirection',(1.,6.12323399574E-017,0.)) ;
#12939=DIRECTION('Axis2P3D Direction',(0.,-0.,1.)) ;
#12948=DIRECTION('Vector Direction',(0.,0.,1.)) ;
#12953=DIRECTION('Vector Direction',(0.,0.,1.)) ;
#12966=DIRECTION('Axis2P3D Direction',(0.,-0.,1.)) ;
#12979=DIRECTION('Axis2P3D Direction',(0.,-0.,1.)) ;
#12980=DIRECTION('Axis2P3D XDirection',(1.,6.12323399574E-017,0.)) ;
#12984=DIRECTION('Axis2P3D Direction',(0.,-0.,1.)) ;
#12993=DIRECTION('Vector Direction',(0.,0.,1.)) ;
#12998=DIRECTION('Vector Direction',(0.,0.,1.)) ;
#13011=DIRECTION('Axis2P3D Direction',(0.,-0.,1.)) ;
#13024=DIRECTION('Axis2P3D Direction',(0.,-0.,1.)) ;
#13025=DIRECTION('Axis2P3D XDirection',(1.,6.12323399574E-017,0.)) ;
#13029=DIRECTION('Axis2P3D Direction',(0.,-0.,1.)) ;
#13038=DIRECTION('Vector Direction',(0.,0.,1.)) ;
#13043=DIRECTION('Vector Direction',(0.,0.,1.)) ;
#13056=DIRECTION('Axis2P3D Direction',(0.,-0.,1.)) ;
#13069=DIRECTION('Vector Direction',(0.,-1.,0.)) ;
#13088=DIRECTION('Axis2P3D Direction',(6.12323399574E-017,-1.,0.)) ;
#13089=DIRECTION('Axis2P3D XDirection',(0.,0.,-1.)) ;
#13101=DIRECTION('Vector Direction',(-0.707106781187,-0.707106781187,0.)) ;
#13108=DIRECTION('Vector Direction',(-1.,0.,0.)) ;
#13115=DIRECTION('Vector Direction',(0.707106781187,-0.707106781187,0.)) ;
#13145=DIRECTION('Axis2P3D Direction',(0.707106781187,-0.707106781187,0.)) ;
#13146=DIRECTION('Axis2P3D XDirection',(0.,0.,-1.)) ;
#13165=DIRECTION('Axis2P3D Direction',(-1.,-6.12323399574E-017,-0.)) ;
#13166=DIRECTION('Axis2P3D XDirection',(-6.12323399574E-017,1.,1.83697019872E-016)) ;
#13185=DIRECTION('Axis2P3D Direction',(-0.707106781187,-0.707106781187,-0.)) ;
#13186=DIRECTION('Axis2P3D XDirection',(-0.707106781187,0.707106781187,1.83697019872E-016)) ;
#13199=DIRECTION('Axis2P3D Direction',(6.12323399574E-017,-1.,0.)) ;
#13200=DIRECTION('Axis2P3D XDirection',(0.87758256189,5.37364337703E-017,0.479425538604)) ;
#13204=DIRECTION('Vector Direction',(0.,-1.,0.)) ;
#13209=DIRECTION('Vector Direction',(0.,-1.,0.)) ;
#13230=DIRECTION('Axis2P3D Direction',(6.12323399574E-017,-1.,0.)) ;
#13231=DIRECTION('Axis2P3D XDirection',(0.87758256189,5.37364337703E-017,0.479425538604)) ;
#13235=DIRECTION('Vector Direction',(0.,-1.,0.)) ;
#13240=DIRECTION('Vector Direction',(0.,-1.,0.)) ;
#13261=DIRECTION('Axis2P3D Direction',(6.12323399574E-017,-1.,0.)) ;
#13262=DIRECTION('Axis2P3D XDirection',(0.87758256189,5.37364337703E-017,0.479425538604)) ;
#13266=DIRECTION('Vector Direction',(0.,-1.,0.)) ;
#13271=DIRECTION('Vector Direction',(0.,-1.,0.)) ;
#13295=DIRECTION('Axis2P3D Direction',(1.,5.28409304712E-018,0.)) ;
#13296=DIRECTION('Axis2P3D XDirection',(5.28409304712E-018,-1.,0.)) ;
#13300=DIRECTION('Vector Direction',(0.,0.,-1.)) ;
#13309=DIRECTION('Vector Direction',(0.,-1.,0.)) ;
#13316=DIRECTION('Vector Direction',(0.,0.,-1.)) ;
#13323=DIRECTION('Vector Direction',(0.,-1.,0.)) ;
#13335=DIRECTION('Axis2P3D Direction',(0.,0.,1.)) ;
#13336=DIRECTION('Axis2P3D XDirection',(-1.,-6.12323399574E-017,0.)) ;
#13340=DIRECTION('Axis2P3D Direction',(0.,0.,1.)) ;
#13349=DIRECTION('Vector Direction',(1.,2.31070808377E-016,0.)) ;
#13356=DIRECTION('Axis2P3D Direction',(0.,0.,1.)) ;
#13363=DIRECTION('Vector Direction',(1.50368665321E-016,-1.,0.)) ;
#13370=DIRECTION('Axis2P3D Direction',(0.,0.,1.)) ;
#13377=DIRECTION('Vector Direction',(0.965925826289,-0.258819045103,0.)) ;
#13384=DIRECTION('Vector Direction',(0.,-1.,0.)) ;
#13391=DIRECTION('Vector Direction',(1.,6.04717221923E-017,0.)) ;
#13398=DIRECTION('Vector Direction',(0.,-1.,0.)) ;
#13405=DIRECTION('Vector Direction',(-0.965925826289,-0.258819045103,0.)) ;
#13412=DIRECTION('Axis2P3D Direction',(0.,0.,1.)) ;
#13419=DIRECTION('Vector Direction',(-7.01146415617E-017,1.,0.)) ;
#13426=DIRECTION('Vector Direction',(1.,0.,0.)) ;
#13433=DIRECTION('Vector Direction',(0.,1.,0.)) ;
#13454=DIRECTION('Axis2P3D Direction',(0.,0.,1.)) ;
#13461=DIRECTION('Vector Direction',(5.59482469102E-017,-1.,0.)) ;
#13468=DIRECTION('Axis2P3D Direction',(0.,0.,1.)) ;
#13480=DIRECTION('Axis2P3D Direction',(0.,-0.,1.)) ;
#13481=DIRECTION('Axis2P3D XDirection',(1.,6.12323399574E-017,0.)) ;
#13485=DIRECTION('Vector Direction',(0.,0.,1.)) ;
#13492=DIRECTION('Axis2P3D Direction',(0.,-0.,1.)) ;
#13504=DIRECTION('Axis2P3D Direction',(1.,6.12323399574E-017,-0.)) ;
#13505=DIRECTION('Axis2P3D XDirection',(-6.12323399574E-017,1.,0.)) ;
#13509=DIRECTION('Vector Direction',(0.,0.,1.)) ;
#13516=DIRECTION('Vector Direction',(0.,1.,0.)) ;
#13523=DIRECTION('Vector Direction',(0.,0.,1.)) ;
#13535=DIRECTION('Axis2P3D Direction',(0.,-0.,1.)) ;
#13536=DIRECTION('Axis2P3D XDirection',(-0.258819045103,0.965925826289,0.)) ;
#13540=DIRECTION('Vector Direction',(0.,0.,1.)) ;
#13547=DIRECTION('Axis2P3D Direction',(0.,-0.,1.)) ;
#13554=DIRECTION('Vector Direction',(0.,0.,1.)) ;
#13566=DIRECTION('Axis2P3D Direction',(-0.258819045103,0.965925826289,0.)) ;
#13567=DIRECTION('Axis2P3D XDirection',(-0.965925826289,-0.258819045103,0.)) ;
#13571=DIRECTION('Vector Direction',(0.,0.,1.)) ;
#13578=DIRECTION('Vector Direction',(-0.965925826289,-0.258819045103,0.)) ;
#13590=DIRECTION('Axis2P3D Direction',(-1.,-6.12323399574E-017,0.)) ;
#13591=DIRECTION('Axis2P3D XDirection',(6.12323399574E-017,-1.,0.)) ;
#13595=DIRECTION('Vector Direction',(0.,0.,1.)) ;
#13602=DIRECTION('Vector Direction',(0.,-1.,0.)) ;
#13614=DIRECTION('Axis2P3D Direction',(6.12323399574E-017,-1.,0.)) ;
#13615=DIRECTION('Axis2P3D XDirection',(1.,6.12323399574E-017,0.)) ;
#13619=DIRECTION('Vector Direction',(0.,0.,1.)) ;
#13626=DIRECTION('Vector Direction',(1.,6.04717221923E-017,0.)) ;
#13638=DIRECTION('Axis2P3D Direction',(0.,-0.,1.)) ;
#13639=DIRECTION('Axis2P3D XDirection',(1.,1.0086226543E-015,0.)) ;
#13643=DIRECTION('Vector Direction',(0.,0.,1.)) ;
#13650=DIRECTION('Axis2P3D Direction',(0.,-0.,1.)) ;
#13657=DIRECTION('Vector Direction',(0.,0.,1.)) ;
#13669=DIRECTION('Axis2P3D Direction',(0.,-0.,1.)) ;
#13670=DIRECTION('Axis2P3D XDirection',(-1.22464679915E-016,-1.,-0.)) ;
#13674=DIRECTION('Vector Direction',(0.,0.,1.)) ;
#13681=DIRECTION('Axis2P3D Direction',(0.,-0.,1.)) ;
#13688=DIRECTION('Vector Direction',(0.,0.,1.)) ;
#13700=DIRECTION('Axis2P3D Direction',(6.12323399574E-017,-1.,0.)) ;
#13701=DIRECTION('Axis2P3D XDirection',(1.,6.12323399574E-017,0.)) ;
#13705=DIRECTION('Vector Direction',(0.,0.,1.)) ;
#13712=DIRECTION('Vector Direction',(1.,0.,0.)) ;
#13724=DIRECTION('Axis2P3D Direction',(1.,7.52194016849E-017,0.)) ;
#13725=DIRECTION('Axis2P3D XDirection',(7.52194016849E-017,-1.,0.)) ;
#13729=DIRECTION('Vector Direction',(6.99353086378E-017,-1.,0.)) ;
#13736=DIRECTION('Vector Direction',(0.,0.,-1.)) ;
#13748=DIRECTION('Axis2P3D Direction',(0.,-0.,1.)) ;
#13749=DIRECTION('Axis2P3D XDirection',(-5.77315972805E-015,1.,0.)) ;
#13753=DIRECTION('Axis2P3D Direction',(0.,-0.,1.)) ;
#13765=DIRECTION('Axis2P3D Direction',(-1.,-6.12323399574E-017,0.)) ;
#13766=DIRECTION('Axis2P3D XDirection',(6.12323399574E-017,-1.,0.)) ;
#13770=DIRECTION('Vector Direction',(0.,-1.,0.)) ;
#13782=DIRECTION('Axis2P3D Direction',(-0.258819045103,-0.965925826289,0.)) ;
#13783=DIRECTION('Axis2P3D XDirection',(0.965925826289,-0.258819045103,0.)) ;
#13787=DIRECTION('Vector Direction',(0.965925826289,-0.258819045103,0.)) ;
#13794=DIRECTION('Vector Direction',(0.,0.,1.)) ;
#13806=DIRECTION('Axis2P3D Direction',(-1.,-6.12323399574E-017,0.)) ;
#13807=DIRECTION('Axis2P3D XDirection',(6.12323399574E-017,-1.,0.)) ;
#13811=DIRECTION('Vector Direction',(0.,-1.,0.)) ;
#13823=DIRECTION('Axis2P3D Direction',(1.,6.12323399574E-017,-0.)) ;
#13824=DIRECTION('Axis2P3D XDirection',(-6.12323399574E-017,1.,0.)) ;
#13828=DIRECTION('Vector Direction',(-7.01146415617E-017,1.,0.)) ;
#13835=DIRECTION('Vector Direction',(0.,0.,1.)) ;
#13847=DIRECTION('Axis2P3D Direction',(6.12323399574E-017,-1.,0.)) ;
#13848=DIRECTION('Axis2P3D XDirection',(1.,6.12323399574E-017,0.)) ;
#13852=DIRECTION('Vector Direction',(1.,0.,0.)) ;
#13864=DIRECTION('Axis2P3D Direction',(0.,-0.,1.)) ;
#13865=DIRECTION('Axis2P3D XDirection',(-1.,6.12323399574E-017,0.)) ;
#13869=DIRECTION('Axis2P3D Direction',(0.,-0.,1.)) ;
#13881=DIRECTION('Axis2P3D Direction',(0.,0.,-1.)) ;
#13882=DIRECTION('Axis2P3D XDirection',(1.,6.12323399574E-017,0.)) ;
#13912=DIRECTION('Axis2P3D Direction',(-6.12323399574E-017,1.,0.)) ;
#13913=DIRECTION('Axis2P3D XDirection',(0.,0.,1.)) ;
#13917=DIRECTION('Vector Direction',(0.,0.,-1.)) ;
#13926=DIRECTION('Vector Direction',(-1.,0.,0.)) ;
#13933=DIRECTION('Vector Direction',(0.,0.,-1.)) ;
#13940=DIRECTION('Vector Direction',(1.,0.,0.)) ;
#13952=DIRECTION('Axis2P3D Direction',(1.,6.12323399574E-017,-0.)) ;
#13953=DIRECTION('Axis2P3D XDirection',(-1.39712506801E-031,2.28167838921E-015,1.)) ;
#13957=DIRECTION('Axis2P3D Direction',(1.,6.12323399574E-017,-0.)) ;
#13964=DIRECTION('Axis2P3D Direction',(1.,6.12323399574E-017,-0.)) ;
#13971=DIRECTION('Vector Direction',(1.,6.12203621131E-017,0.)) ;
#13983=DIRECTION('Axis2P3D Direction',(-0.,0.,1.)) ;
#13984=DIRECTION('Axis2P3D XDirection',(6.12323399574E-017,-1.,0.)) ;
#13988=DIRECTION('Vector Direction',(2.23729625437E-012,-1.,0.)) ;
#13995=DIRECTION('Vector Direction',(2.23729625437E-012,-1.,0.)) ;
#14002=DIRECTION('Vector Direction',(1.,0.,0.)) ;
#14014=DIRECTION('Axis2P3D Direction',(1.,6.12323399574E-017,-0.)) ;
#14015=DIRECTION('Axis2P3D XDirection',(-4.31370445679E-032,7.04481399828E-016,-1.)) ;
#14019=DIRECTION('Axis2P3D Direction',(1.,6.12323399574E-017,-0.)) ;
#14026=DIRECTION('Vector Direction',(1.,6.12203621131E-017,0.)) ;
#14033=DIRECTION('Axis2P3D Direction',(1.,6.12323399574E-017,-0.)) ;
#14045=DIRECTION('Axis2P3D Direction',(-3.51214273422E-017,0.573576436351,-0.819152044289)) ;
#14046=DIRECTION('Axis2P3D XDirection',(-5.01585964527E-017,0.819152044289,0.573576436351)) ;
#14050=DIRECTION('Vector Direction',(1.51225959657E-012,0.819152044289,0.573576436351)) ;
#14057=DIRECTION('Vector Direction',(1.,0.,0.)) ;
#14064=DIRECTION('Vector Direction',(1.51225959657E-012,0.819152044289,0.573576436351)) ;
#14076=DIRECTION('Axis2P3D Direction',(1.,6.12323399574E-017,-0.)) ;
#14077=DIRECTION('Axis2P3D XDirection',(6.42321542157E-032,-1.04899068467E-015,1.)) ;
#14081=DIRECTION('Axis2P3D Direction',(1.,6.12323399574E-017,-0.)) ;
#14088=DIRECTION('Axis2P3D Direction',(1.,6.12323399574E-017,-0.)) ;
#14095=DIRECTION('Vector Direction',(1.,6.12345729678E-017,0.)) ;
#14107=DIRECTION('Axis2P3D Direction',(1.,6.12323399574E-017,-0.)) ;
#14108=DIRECTION('Axis2P3D XDirection',(0.,0.,1.)) ;
#14112=DIRECTION('Vector Direction',(0.,-6.24210840895E-013,-1.)) ;
#14121=DIRECTION('Vector Direction',(0.,-1.,0.)) ;
#14126=DIRECTION('Vector Direction',(5.81221051747E-017,-1.,0.)) ;
#14143=DIRECTION('Axis2P3D Direction',(0.,0.,1.)) ;
#14144=DIRECTION('Axis2P3D XDirection',(-1.,-6.12323399574E-017,0.)) ;
#14148=DIRECTION('Vector Direction',(5.81221051747E-017,-1.,0.)) ;
#14155=DIRECTION('Vector Direction',(-1.,-2.22044604925E-016,0.)) ;
#14167=DIRECTION('Axis2P3D Direction',(-1.,-6.12323399574E-017,-0.)) ;
#14168=DIRECTION('Axis2P3D XDirection',(0.,0.,-1.)) ;
#14172=DIRECTION('Vector Direction',(0.,0.,-1.)) ;
#14179=DIRECTION('Vector Direction',(0.,-1.,0.)) ;
#14196=DIRECTION('Axis2P3D Direction',(-0.,0.,1.)) ;
#14197=DIRECTION('Axis2P3D XDirection',(6.12323399574E-017,-1.,0.)) ;
#14201=DIRECTION('Vector Direction',(1.,2.22044604925E-016,0.)) ;
#14213=DIRECTION('Axis2P3D Direction',(6.12323399574E-017,-1.,0.)) ;
#14214=DIRECTION('Axis2P3D XDirection',(0.,0.,-1.)) ;
#14228=DIRECTION('Axis2P3D Direction',(-6.12323399574E-017,1.,0.)) ;
#14229=DIRECTION('Axis2P3D XDirection',(0.,0.,1.)) ;
#14233=DIRECTION('Vector Direction',(-4.87093396765E-013,0.,1.)) ;
#14242=DIRECTION('Vector Direction',(1.,0.,0.)) ;
#14249=DIRECTION('Vector Direction',(-4.87093396765E-013,0.,1.)) ;
#14256=DIRECTION('Vector Direction',(1.,0.,0.)) ;
#14268=DIRECTION('Axis2P3D Direction',(0.,0.,-1.)) ;
#14269=DIRECTION('Axis2P3D XDirection',(-6.12323399574E-017,1.,0.)) ;
#14273=DIRECTION('Vector Direction',(1.,0.,0.)) ;
#14282=DIRECTION('Vector Direction',(7.41034839341E-017,-1.,0.)) ;
#14287=DIRECTION('Vector Direction',(7.41034839341E-017,-1.,0.)) ;
#14299=DIRECTION('Axis2P3D Direction',(0.,0.,-1.)) ;
#14300=DIRECTION('Axis2P3D XDirection',(1.,6.12323399574E-017,0.)) ;
#14304=DIRECTION('Vector Direction',(5.81221051747E-017,-1.,0.)) ;
#14311=DIRECTION('Vector Direction',(5.81221051746E-017,-1.,0.)) ;
#14318=DIRECTION('Vector Direction',(1.,2.22044604925E-016,0.)) ;
#14330=DIRECTION('Axis2P3D Direction',(1.,6.12323399574E-017,-0.)) ;
#14331=DIRECTION('Axis2P3D XDirection',(0.,0.,1.)) ;
#14335=DIRECTION('Axis2P3D Direction',(1.,6.12323399574E-017,-0.)) ;
#14342=DIRECTION('Vector Direction',(0.,-0.0871557427477,-0.996194698092)) ;
#14349=DIRECTION('Axis2P3D Direction',(1.,6.12323399574E-017,-0.)) ;
#14356=DIRECTION('Vector Direction',(0.,0.,1.)) ;
#14371=DIRECTION('Axis2P3D Direction',(-1.,-6.12323399574E-017,-0.)) ;
#14372=DIRECTION('Axis2P3D XDirection',(0.,0.,-1.)) ;
#14376=DIRECTION('Vector Direction',(0.,0.,1.)) ;
#14383=DIRECTION('Axis2P3D Direction',(-1.,-6.12323399574E-017,-0.)) ;
#14390=DIRECTION('Vector Direction',(0.,-0.0871557427477,-0.996194698092)) ;
#14397=DIRECTION('Axis2P3D Direction',(-1.,-6.12323399574E-017,-0.)) ;
#14412=DIRECTION('Axis2P3D Direction',(6.09993324173E-017,-0.996194698092,0.0871557427477)) ;
#14413=DIRECTION('Axis2P3D XDirection',(5.33675006916E-018,-0.0871557427477,-0.996194698092)) ;
#14417=DIRECTION('Vector Direction',(1.,0.,0.)) ;
#14422=DIRECTION('Vector Direction',(1.,0.,0.)) ;
#14434=DIRECTION('Axis2P3D Direction',(1.,6.12323399574E-017,-0.)) ;
#14435=DIRECTION('Axis2P3D XDirection',(1.124819837E-032,-1.83697019872E-016,-1.)) ;
#14446=DIRECTION('Axis2P3D Direction',(1.,6.12323399574E-017,-0.)) ;
#14447=DIRECTION('Axis2P3D XDirection',(-6.09993324173E-017,0.996194698092,-0.0871557427477)) ;
#14451=DIRECTION('Vector Direction',(1.,6.12345729678E-017,0.)) ;
#14463=DIRECTION('Axis2P3D Direction',(6.12323399574E-017,-1.,0.)) ;
#14464=DIRECTION('Axis2P3D XDirection',(0.,0.,-1.)) ;
#14478=DIRECTION('Axis2P3D Direction',(-6.12323399574E-017,1.,0.)) ;
#14479=DIRECTION('Axis2P3D XDirection',(0.,0.,1.)) ;
#14483=DIRECTION('Vector Direction',(0.,0.,-1.)) ;
#14492=DIRECTION('Vector Direction',(-1.,0.,0.)) ;
#14499=DIRECTION('Vector Direction',(0.,0.,-1.)) ;
#14506=DIRECTION('Vector Direction',(1.,0.,0.)) ;
#14518=DIRECTION('Axis2P3D Direction',(1.,6.12323399574E-017,-0.)) ;
#14519=DIRECTION('Axis2P3D XDirection',(-1.39712506801E-031,2.28167838921E-015,1.)) ;
#14523=DIRECTION('Axis2P3D Direction',(1.,6.12323399574E-017,-0.)) ;
#14530=DIRECTION('Axis2P3D Direction',(1.,6.12323399574E-017,-0.)) ;
#14537=DIRECTION('Vector Direction',(1.,6.12203621131E-017,0.)) ;
#14549=DIRECTION('Axis2P3D Direction',(-0.,0.,1.)) ;
#14550=DIRECTION('Axis2P3D XDirection',(6.12323399574E-017,-1.,0.)) ;
#14554=DIRECTION('Vector Direction',(2.23729625437E-012,-1.,0.)) ;
#14561=DIRECTION('Vector Direction',(2.23729625437E-012,-1.,0.)) ;
#14568=DIRECTION('Vector Direction',(1.,0.,0.)) ;
#14580=DIRECTION('Axis2P3D Direction',(1.,6.12323399574E-017,-0.)) ;
#14581=DIRECTION('Axis2P3D XDirection',(-4.31370445679E-032,7.04481399828E-016,-1.)) ;
#14585=DIRECTION('Axis2P3D Direction',(1.,6.12323399574E-017,-0.)) ;
#14592=DIRECTION('Vector Direction',(1.,6.12203621131E-017,0.)) ;
#14599=DIRECTION('Axis2P3D Direction',(1.,6.12323399574E-017,-0.)) ;
#14611=DIRECTION('Axis2P3D Direction',(-3.51214273422E-017,0.573576436351,-0.819152044289)) ;
#14612=DIRECTION('Axis2P3D XDirection',(-5.01585964527E-017,0.819152044289,0.573576436351)) ;
#14616=DIRECTION('Vector Direction',(1.51244422111E-012,0.819152044289,0.573576436351)) ;
#14623=DIRECTION('Vector Direction',(1.,0.,0.)) ;
#14630=DIRECTION('Vector Direction',(1.51244422111E-012,0.819152044289,0.573576436351)) ;
#14642=DIRECTION('Axis2P3D Direction',(1.,6.12323399574E-017,-0.)) ;
#14643=DIRECTION('Axis2P3D XDirection',(6.42321542157E-032,-1.04899068467E-015,1.)) ;
#14647=DIRECTION('Axis2P3D Direction',(1.,6.12323399574E-017,-0.)) ;
#14654=DIRECTION('Axis2P3D Direction',(1.,6.12323399574E-017,-0.)) ;
#14661=DIRECTION('Vector Direction',(1.,6.12345729678E-017,0.)) ;
#14673=DIRECTION('Axis2P3D Direction',(1.,6.12323399574E-017,-0.)) ;
#14674=DIRECTION('Axis2P3D XDirection',(0.,0.,1.)) ;
#14678=DIRECTION('Vector Direction',(0.,-6.24220365597E-013,-1.)) ;
#14687=DIRECTION('Vector Direction',(5.07530525543E-017,-1.,0.)) ;
#14692=DIRECTION('Vector Direction',(5.81221051747E-017,-1.,0.)) ;
#14709=DIRECTION('Axis2P3D Direction',(0.,0.,1.)) ;
#14710=DIRECTION('Axis2P3D XDirection',(-1.,-6.12323399574E-017,0.)) ;
#14714=DIRECTION('Vector Direction',(5.81221051747E-017,-1.,0.)) ;
#14721=DIRECTION('Vector Direction',(-1.,0.,0.)) ;
#14733=DIRECTION('Axis2P3D Direction',(-1.,-6.12323399574E-017,-0.)) ;
#14734=DIRECTION('Axis2P3D XDirection',(0.,0.,-1.)) ;
#14738=DIRECTION('Vector Direction',(0.,0.,-1.)) ;
#14745=DIRECTION('Vector Direction',(1.01506105109E-016,-1.,0.)) ;
#14762=DIRECTION('Axis2P3D Direction',(-0.,0.,1.)) ;
#14763=DIRECTION('Axis2P3D XDirection',(6.12323399574E-017,-1.,0.)) ;
#14767=DIRECTION('Vector Direction',(1.,0.,0.)) ;
#14779=DIRECTION('Axis2P3D Direction',(6.12323399574E-017,-1.,0.)) ;
#14780=DIRECTION('Axis2P3D XDirection',(0.,0.,-1.)) ;
#14794=DIRECTION('Axis2P3D Direction',(-6.12323399574E-017,1.,0.)) ;
#14795=DIRECTION('Axis2P3D XDirection',(0.,0.,1.)) ;
#14799=DIRECTION('Vector Direction',(-4.87093396765E-013,0.,1.)) ;
#14808=DIRECTION('Vector Direction',(1.,0.,0.)) ;
#14815=DIRECTION('Vector Direction',(-4.87093396765E-013,0.,1.)) ;
#14822=DIRECTION('Vector Direction',(1.,0.,0.)) ;
#14834=DIRECTION('Axis2P3D Direction',(0.,0.,-1.)) ;
#14835=DIRECTION('Axis2P3D XDirection',(-6.12323399574E-017,1.,0.)) ;
#14839=DIRECTION('Vector Direction',(1.,0.,0.)) ;
#14848=DIRECTION('Vector Direction',(7.41034839341E-017,-1.,0.)) ;
#14853=DIRECTION('Vector Direction',(7.41034839341E-017,-1.,0.)) ;
#14865=DIRECTION('Axis2P3D Direction',(0.,0.,-1.)) ;
#14866=DIRECTION('Axis2P3D XDirection',(1.,6.12323399574E-017,0.)) ;
#14870=DIRECTION('Vector Direction',(5.81221051747E-017,-1.,0.)) ;
#14877=DIRECTION('Vector Direction',(5.81221051746E-017,-1.,0.)) ;
#14884=DIRECTION('Vector Direction',(1.,0.,0.)) ;
#14896=DIRECTION('Axis2P3D Direction',(1.,6.12323399574E-017,-0.)) ;
#14897=DIRECTION('Axis2P3D XDirection',(0.,0.,1.)) ;
#14901=DIRECTION('Axis2P3D Direction',(1.,6.12323399574E-017,-0.)) ;
#14908=DIRECTION('Vector Direction',(0.,-0.0871557427477,-0.996194698092)) ;
#14915=DIRECTION('Axis2P3D Direction',(1.,6.12323399574E-017,-0.)) ;
#14922=DIRECTION('Vector Direction',(0.,0.,1.)) ;
#14937=DIRECTION('Axis2P3D Direction',(-1.,-6.12323399574E-017,-0.)) ;
#14938=DIRECTION('Axis2P3D XDirection',(0.,0.,-1.)) ;
#14942=DIRECTION('Vector Direction',(0.,0.,1.)) ;
#14949=DIRECTION('Axis2P3D Direction',(-1.,-6.12323399574E-017,-0.)) ;
#14956=DIRECTION('Vector Direction',(0.,-0.0871557427477,-0.996194698092)) ;
#14963=DIRECTION('Axis2P3D Direction',(-1.,-6.12323399574E-017,-0.)) ;
#14978=DIRECTION('Axis2P3D Direction',(6.09993324173E-017,-0.996194698092,0.0871557427477)) ;
#14979=DIRECTION('Axis2P3D XDirection',(5.33675006916E-018,-0.0871557427477,-0.996194698092)) ;
#14983=DIRECTION('Vector Direction',(1.,0.,0.)) ;
#14988=DIRECTION('Vector Direction',(1.,0.,0.)) ;
#15000=DIRECTION('Axis2P3D Direction',(1.,6.12323399574E-017,-0.)) ;
#15001=DIRECTION('Axis2P3D XDirection',(1.124819837E-032,-1.83697019872E-016,-1.)) ;
#15012=DIRECTION('Axis2P3D Direction',(1.,6.12323399574E-017,-0.)) ;
#15013=DIRECTION('Axis2P3D XDirection',(-6.09993324173E-017,0.996194698092,-0.0871557427477)) ;
#15017=DIRECTION('Vector Direction',(1.,6.12345729678E-017,0.)) ;
#15029=DIRECTION('Axis2P3D Direction',(6.12323399574E-017,-1.,0.)) ;
#15030=DIRECTION('Axis2P3D XDirection',(0.,0.,-1.)) ;
#15044=DIRECTION('Axis2P3D Direction',(0.,-0.0871557427476,-0.996194698092)) ;
#15045=DIRECTION('Axis2P3D XDirection',(0.,0.996194698092,-0.0871557427476)) ;
#15049=DIRECTION('Vector Direction',(0.,0.996194698092,-0.0871557427476)) ;
#15058=DIRECTION('Vector Direction',(1.,0.,0.)) ;
#15065=DIRECTION('Vector Direction',(0.,0.996194698092,-0.0871557427476)) ;
#15072=DIRECTION('Vector Direction',(1.,0.,0.)) ;
#15084=DIRECTION('Vector Direction',(0.,-0.0871557427477,-0.996194698092)) ;
#15091=DIRECTION('Vector Direction',(0.,0.0871557427477,0.996194698092)) ;
#15098=DIRECTION('Vector Direction',(0.,-0.996194698092,0.0871557427477)) ;
#15110=DIRECTION('Axis2P3D Direction',(0.,0.996194698092,-0.0871557427477)) ;
#15111=DIRECTION('Axis2P3D XDirection',(0.,0.0871557427477,0.996194698092)) ;
#15115=DIRECTION('Vector Direction',(0.,0.0871557427477,0.996194698092)) ;
#15122=DIRECTION('Vector Direction',(1.,0.,0.)) ;
#15134=DIRECTION('Axis2P3D Direction',(-0.,0.0871557427477,0.996194698092)) ;
#15135=DIRECTION('Axis2P3D XDirection',(0.,-0.996194698092,0.0871557427477)) ;
#15139=DIRECTION('Vector Direction',(0.,-0.996194698092,0.0871557427477)) ;
#15146=DIRECTION('Vector Direction',(1.,0.,0.)) ;
#15158=DIRECTION('Vector Direction',(0.,-0.0871557427477,-0.996194698092)) ;
#15170=DIRECTION('Axis2P3D Direction',(0.,-0.996194698092,0.0871557427477)) ;
#15171=DIRECTION('Axis2P3D XDirection',(0.,-0.0871557427477,-0.996194698092)) ;
#15185=DIRECTION('Axis2P3D Direction',(0.,0.,-1.)) ;
#15186=DIRECTION('Axis2P3D XDirection',(0.,1.,0.)) ;
#15190=DIRECTION('Vector Direction',(0.,1.,0.)) ;
#15199=DIRECTION('Vector Direction',(1.,0.,0.)) ;
#15206=DIRECTION('Vector Direction',(0.,1.,0.)) ;
#15213=DIRECTION('Vector Direction',(1.,0.,0.)) ;
#15225=DIRECTION('Axis2P3D Direction',(0.,1.,0.)) ;
#15226=DIRECTION('Axis2P3D XDirection',(0.,0.,1.)) ;
#15230=DIRECTION('Vector Direction',(0.,0.,1.)) ;
#15237=DIRECTION('Vector Direction',(0.,0.,1.)) ;
#15244=DIRECTION('Vector Direction',(1.,0.,0.)) ;
#15256=DIRECTION('Vector Direction',(0.,-1.,0.)) ;
#15263=DIRECTION('Vector Direction',(0.,0.,-1.)) ;
#15275=DIRECTION('Axis2P3D Direction',(-0.,0.,1.)) ;
#15276=DIRECTION('Axis2P3D XDirection',(0.,-1.,0.)) ;
#15280=DIRECTION('Vector Direction',(0.,-1.,0.)) ;
#15287=DIRECTION('Vector Direction',(1.,0.,0.)) ;
#15299=DIRECTION('Axis2P3D Direction',(0.,-1.,0.)) ;
#15300=DIRECTION('Axis2P3D XDirection',(0.,0.,-1.)) ;
#15304=DIRECTION('Vector Direction',(0.,0.,-1.)) ;
#15326=DIRECTION('Axis2P3D Direction',(0.,-1.,0.)) ;
#15327=DIRECTION('Axis2P3D XDirection',(0.,0.,-1.)) ;
#15331=DIRECTION('Vector Direction',(0.,0.,-1.)) ;
#15340=DIRECTION('Vector Direction',(1.,0.,0.)) ;
#15347=DIRECTION('Vector Direction',(0.,0.,-1.)) ;
#15354=DIRECTION('Vector Direction',(1.,0.,0.)) ;
#15366=DIRECTION('Axis2P3D Direction',(-0.,0.,1.)) ;
#15367=DIRECTION('Axis2P3D XDirection',(0.,-1.,0.)) ;
#15371=DIRECTION('Vector Direction',(0.,-1.,0.)) ;
#15378=DIRECTION('Vector Direction',(1.,0.,0.)) ;
#15385=DIRECTION('Vector Direction',(0.,-1.,0.)) ;
#15397=DIRECTION('Vector Direction',(0.,0.,1.)) ;
#15404=DIRECTION('Vector Direction',(0.,1.,0.)) ;
#15416=DIRECTION('Axis2P3D Direction',(0.,1.,0.)) ;
#15417=DIRECTION('Axis2P3D XDirection',(0.,0.,1.)) ;
#15421=DIRECTION('Vector Direction',(0.,0.,1.)) ;
#15428=DIRECTION('Vector Direction',(1.,0.,0.)) ;
#15440=DIRECTION('Axis2P3D Direction',(0.,0.,-1.)) ;
#15441=DIRECTION('Axis2P3D XDirection',(0.,1.,0.)) ;
#15445=DIRECTION('Vector Direction',(0.,1.,0.)) ;
#15467=DIRECTION('Axis2P3D Direction',(0.,0.,-1.)) ;
#15468=DIRECTION('Axis2P3D XDirection',(0.,1.,0.)) ;
#15472=DIRECTION('Vector Direction',(0.,1.,0.)) ;
#15481=DIRECTION('Vector Direction',(1.,0.,0.)) ;
#15488=DIRECTION('Vector Direction',(0.,1.,0.)) ;
#15495=DIRECTION('Vector Direction',(1.,0.,0.)) ;
#15507=DIRECTION('Axis2P3D Direction',(0.,1.,0.)) ;
#15508=DIRECTION('Axis2P3D XDirection',(0.,0.,1.)) ;
#15512=DIRECTION('Vector Direction',(0.,0.,1.)) ;
#15519=DIRECTION('Vector Direction',(0.,0.,1.)) ;
#15526=DIRECTION('Vector Direction',(1.,0.,0.)) ;
#15538=DIRECTION('Vector Direction',(0.,-1.,0.)) ;
#15545=DIRECTION('Vector Direction',(0.,0.,-1.)) ;
#15557=DIRECTION('Axis2P3D Direction',(-0.,0.,1.)) ;
#15558=DIRECTION('Axis2P3D XDirection',(0.,-1.,0.)) ;
#15562=DIRECTION('Vector Direction',(0.,-1.,0.)) ;
#15569=DIRECTION('Vector Direction',(1.,0.,0.)) ;
#15581=DIRECTION('Axis2P3D Direction',(0.,-1.,0.)) ;
#15582=DIRECTION('Axis2P3D XDirection',(0.,0.,-1.)) ;
#15586=DIRECTION('Vector Direction',(0.,0.,-1.)) ;
#15608=DIRECTION('Axis2P3D Direction',(6.12323399574E-017,-1.,0.)) ;
#15609=DIRECTION('Axis2P3D XDirection',(1.,6.12323399574E-017,0.)) ;
#15613=DIRECTION('Vector Direction',(0.,-1.,0.)) ;
#15622=DIRECTION('Axis2P3D Direction',(6.12323399574E-017,-1.,0.)) ;
#15629=DIRECTION('Vector Direction',(0.,-1.,0.)) ;
#15636=DIRECTION('Axis2P3D Direction',(6.12323399574E-017,-1.,0.)) ;
#15648=DIRECTION('Axis2P3D Direction',(6.12323399574E-017,-1.,0.)) ;
#15649=DIRECTION('Axis2P3D XDirection',(6.12323399574E-017,3.74939945665E-033,1.)) ;
#15653=DIRECTION('Vector Direction',(6.12345729678E-017,-1.,0.)) ;
#15662=DIRECTION('Axis2P3D Direction',(6.12323399574E-017,-1.,0.)) ;
#15669=DIRECTION('Vector Direction',(6.12345729678E-017,-1.,0.)) ;
#15676=DIRECTION('Axis2P3D Direction',(6.12323399574E-017,-1.,0.)) ;
#15688=DIRECTION('Axis2P3D Direction',(0.,0.,1.)) ;
#15689=DIRECTION('Axis2P3D XDirection',(-1.,-6.12323399574E-017,0.)) ;
#15693=DIRECTION('Vector Direction',(0.,-1.,0.)) ;
#15702=DIRECTION('Vector Direction',(-1.,0.,0.)) ;
#15707=DIRECTION('Vector Direction',(-1.,0.,0.)) ;
#15719=DIRECTION('Axis2P3D Direction',(0.,0.,-1.)) ;
#15720=DIRECTION('Axis2P3D XDirection',(1.,6.12323399574E-017,0.)) ;
#15724=DIRECTION('Vector Direction',(0.,-1.,0.)) ;
#15733=DIRECTION('Vector Direction',(1.,0.,0.)) ;
#15740=DIRECTION('Vector Direction',(0.,-1.,0.)) ;
#15747=DIRECTION('Vector Direction',(1.,0.,0.)) ;
#15759=DIRECTION('Axis2P3D Direction',(6.12323399574E-017,-1.,0.)) ;
#15760=DIRECTION('Axis2P3D XDirection',(1.,6.12323399574E-017,0.)) ;
#15764=DIRECTION('Vector Direction',(0.,-1.,0.)) ;
#15773=DIRECTION('Axis2P3D Direction',(6.12323399574E-017,-1.,0.)) ;
#15780=DIRECTION('Vector Direction',(0.,-1.,0.)) ;
#15787=DIRECTION('Axis2P3D Direction',(6.12323399574E-017,-1.,0.)) ;
#15799=DIRECTION('Axis2P3D Direction',(6.12323399574E-017,-1.,0.)) ;
#15804=DIRECTION('Axis2P3D Direction',(6.12323399574E-017,-1.,0.)) ;
#15816=DIRECTION('Axis2P3D Direction',(6.12323399574E-017,-1.,0.)) ;
#15817=DIRECTION('Axis2P3D XDirection',(1.39349996951E-015,8.53272638635E-032,1.)) ;
#15821=DIRECTION('Axis2P3D Direction',(6.12323399574E-017,-1.,0.)) ;
#15828=DIRECTION('Vector Direction',(6.12345729678E-017,-1.,0.)) ;
#15835=DIRECTION('Axis2P3D Direction',(6.12323399574E-017,-1.,0.)) ;
#15847=DIRECTION('Axis2P3D Direction',(6.12323399574E-017,-1.,0.)) ;
#15848=DIRECTION('Axis2P3D XDirection',(1.,6.12323399574E-017,0.)) ;
#15852=DIRECTION('Axis2P3D Direction',(6.12323399574E-017,-1.,0.)) ;
#15859=DIRECTION('Axis2P3D Direction',(6.12323399574E-017,-1.,0.)) ;
#15866=DIRECTION('Vector Direction',(6.12203621131E-017,-1.,0.)) ;
#15878=DIRECTION('Axis2P3D Direction',(1.,6.12323399574E-017,-0.)) ;
#15879=DIRECTION('Axis2P3D XDirection',(0.,0.,1.)) ;
#15883=DIRECTION('Vector Direction',(0.,0.,1.)) ;
#15890=DIRECTION('Vector Direction',(0.,0.,1.)) ;
#15897=DIRECTION('Vector Direction',(0.,-1.,0.)) ;
#15909=DIRECTION('Axis2P3D Direction',(6.12323399574E-017,-1.,0.)) ;
#15910=DIRECTION('Axis2P3D XDirection',(-1.83697019872E-016,-1.124819837E-032,-1.)) ;
#15914=DIRECTION('Axis2P3D Direction',(6.12323399574E-017,-1.,0.)) ;
#15919=DIRECTION('Axis2P3D Direction',(6.12323399574E-017,-1.,0.)) ;
#15931=DIRECTION('Axis2P3D Direction',(1.,6.12323399574E-017,-0.)) ;
#15932=DIRECTION('Axis2P3D XDirection',(0.,0.,1.)) ;
#15936=DIRECTION('Vector Direction',(0.,0.,1.)) ;
#15943=DIRECTION('Vector Direction',(0.,0.,1.)) ;
#15950=DIRECTION('Vector Direction',(0.,-1.,0.)) ;
#15962=DIRECTION('Axis2P3D Direction',(0.,0.,-1.)) ;
#15963=DIRECTION('Axis2P3D XDirection',(1.,6.12323399574E-017,0.)) ;
#15967=DIRECTION('Vector Direction',(1.,0.,0.)) ;
#15974=DIRECTION('Vector Direction',(1.,0.,0.)) ;
#15981=DIRECTION('Vector Direction',(0.,-1.,0.)) ;
#15993=DIRECTION('Axis2P3D Direction',(-1.,-6.12323399574E-017,-0.)) ;
#15994=DIRECTION('Axis2P3D XDirection',(0.,0.,-1.)) ;
#15998=DIRECTION('Vector Direction',(0.,0.,-1.)) ;
#16003=DIRECTION('Vector Direction',(0.,0.,-1.)) ;
#16015=DIRECTION('Axis2P3D Direction',(-6.12323399574E-017,1.,0.)) ;
#16016=DIRECTION('Axis2P3D XDirection',(-1.,-6.12323399574E-017,0.)) ;
#16032=DIRECTION('Axis2P3D Direction',(-6.12323399574E-017,1.,0.)) ;
#16046=DIRECTION('Axis2P3D Direction',(6.12323399574E-017,-1.,0.)) ;
#16058=DIRECTION('Axis2P3D Direction',(6.12323399574E-017,-1.,0.)) ;
#16059=DIRECTION('Axis2P3D XDirection',(1.,6.12323399574E-017,0.)) ;
#16087=DIRECTION('Axis2P3D Direction',(0.,0.,-1.)) ;
#16088=DIRECTION('Axis2P3D XDirection',(0.,1.,0.)) ;
#16092=DIRECTION('Vector Direction',(1.,0.,0.)) ;
#16101=DIRECTION('Vector Direction',(0.,1.,0.)) ;
#16108=DIRECTION('Axis2P3D Direction',(0.,0.,-1.)) ;
#16115=DIRECTION('Vector Direction',(-9.70127681891E-013,-1.,0.)) ;
#16122=DIRECTION('Vector Direction',(1.,0.,0.)) ;
#16129=DIRECTION('Vector Direction',(-8.81934256265E-014,-1.,0.)) ;
#16143=DIRECTION('Axis2P3D Direction',(0.,-1.,0.)) ;
#16144=DIRECTION('Axis2P3D XDirection',(0.,0.,-1.)) ;
#16148=DIRECTION('Vector Direction',(0.,0.,-1.)) ;
#16155=DIRECTION('Vector Direction',(1.,0.,0.)) ;
#16162=DIRECTION('Vector Direction',(0.,0.,-1.)) ;
#16174=DIRECTION('Axis2P3D Direction',(-0.,0.,1.)) ;
#16175=DIRECTION('Axis2P3D XDirection',(0.,-1.,0.)) ;
#16179=DIRECTION('Vector Direction',(1.,0.,0.)) ;
#16188=DIRECTION('Vector Direction',(0.,-1.,0.)) ;
#16195=DIRECTION('Axis2P3D Direction',(-0.,0.,1.)) ;
#16202=DIRECTION('Vector Direction',(0.,1.,0.)) ;
#16207=DIRECTION('Vector Direction',(0.,-1.,0.)) ;
#16221=DIRECTION('Axis2P3D Direction',(-1.,0.,0.)) ;
#16222=DIRECTION('Axis2P3D XDirection',(0.,-1.,0.)) ;
#16226=DIRECTION('Vector Direction',(0.,0.,1.)) ;
#16238=DIRECTION('Axis2P3D Direction',(0.,1.,0.)) ;
#16239=DIRECTION('Axis2P3D XDirection',(0.,0.,1.)) ;
#16243=DIRECTION('Vector Direction',(0.,0.,1.)) ;
#16255=DIRECTION('Axis2P3D Direction',(-1.,0.,0.)) ;
#16256=DIRECTION('Axis2P3D XDirection',(0.,-1.,0.)) ;
#16260=DIRECTION('Vector Direction',(0.,0.,1.)) ;
#16272=DIRECTION('Axis2P3D Direction',(0.,0.,1.)) ;
#16273=DIRECTION('Axis2P3D XDirection',(-0.258333333333,0.966055841496,0.)) ;
#16277=DIRECTION('Vector Direction',(0.,0.,1.)) ;
#16289=DIRECTION('Axis2P3D Direction',(1.,0.,0.)) ;
#16290=DIRECTION('Axis2P3D XDirection',(0.,1.,0.)) ;
#16304=DIRECTION('Axis2P3D Direction',(0.,0.,-1.)) ;
#16305=DIRECTION('Axis2P3D XDirection',(0.,1.,0.)) ;
#16309=DIRECTION('Vector Direction',(1.,0.,0.)) ;
#16318=DIRECTION('Vector Direction',(-8.81934256265E-014,-1.,0.)) ;
#16325=DIRECTION('Vector Direction',(1.,0.,0.)) ;
#16332=DIRECTION('Vector Direction',(0.,-1.,0.)) ;
#16339=DIRECTION('Axis2P3D Direction',(0.,0.,-1.)) ;
#16346=DIRECTION('Vector Direction',(0.,1.,0.)) ;
#16360=DIRECTION('Axis2P3D Direction',(0.,-1.,0.)) ;
#16361=DIRECTION('Axis2P3D XDirection',(0.,0.,-1.)) ;
#16365=DIRECTION('Vector Direction',(0.,0.,-1.)) ;
#16372=DIRECTION('Vector Direction',(1.,0.,0.)) ;
#16379=DIRECTION('Vector Direction',(0.,0.,-1.)) ;
#16391=DIRECTION('Axis2P3D Direction',(-0.,0.,1.)) ;
#16392=DIRECTION('Axis2P3D XDirection',(0.,-1.,0.)) ;
#16396=DIRECTION('Vector Direction',(1.,0.,0.)) ;
#16405=DIRECTION('Vector Direction',(0.,-1.,0.)) ;
#16410=DIRECTION('Vector Direction',(0.,1.,0.)) ;
#16417=DIRECTION('Axis2P3D Direction',(-0.,0.,1.)) ;
#16424=DIRECTION('Vector Direction',(0.,-1.,0.)) ;
#16438=DIRECTION('Axis2P3D Direction',(1.,0.,0.)) ;
#16439=DIRECTION('Axis2P3D XDirection',(0.,1.,0.)) ;
#16443=DIRECTION('Vector Direction',(0.,0.,1.)) ;
#16455=DIRECTION('Axis2P3D Direction',(0.,0.,1.)) ;
#16456=DIRECTION('Axis2P3D XDirection',(1.,-1.13310777953E-015,0.)) ;
#16460=DIRECTION('Vector Direction',(0.,0.,1.)) ;
#16472=DIRECTION('Axis2P3D Direction',(-1.,0.,0.)) ;
#16473=DIRECTION('Axis2P3D XDirection',(0.,-1.,0.)) ;
#16477=DIRECTION('Vector Direction',(0.,0.,1.)) ;
#16489=DIRECTION('Axis2P3D Direction',(0.,1.,0.)) ;
#16490=DIRECTION('Axis2P3D XDirection',(0.,0.,1.)) ;
#16494=DIRECTION('Vector Direction',(0.,0.,1.)) ;
#16506=DIRECTION('Axis2P3D Direction',(-1.,0.,0.)) ;
#16507=DIRECTION('Axis2P3D XDirection',(0.,-1.,0.)) ;
#16521=DIRECTION('Axis2P3D Direction',(1.,6.12323399574E-017,0.)) ;
#16522=DIRECTION('Axis2P3D XDirection',(6.12323399574E-017,-1.,0.)) ;
#16526=DIRECTION('Vector Direction',(0.,1.,0.)) ;
#16535=DIRECTION('Vector Direction',(0.,0.,-1.)) ;
#16542=DIRECTION('Vector Direction',(0.,1.,0.)) ;
#16549=DIRECTION('Vector Direction',(0.,0.,-1.)) ;
#16561=DIRECTION('Axis2P3D Direction',(-6.12323399574E-017,1.,0.)) ;
#16562=DIRECTION('Axis2P3D XDirection',(1.,6.12323399574E-017,0.)) ;
#16566=DIRECTION('Vector Direction',(1.,0.,0.)) ;
#16573=DIRECTION('Vector Direction',(0.,0.,-1.)) ;
#16580=DIRECTION('Vector Direction',(1.,0.,0.)) ;
#16592=DIRECTION('Axis2P3D Direction',(-0.,0.,1.)) ;
#16593=DIRECTION('Axis2P3D XDirection',(6.12323399574E-017,-1.,0.)) ;
#16597=DIRECTION('Axis2P3D Direction',(-0.,0.,1.)) ;
#16604=DIRECTION('Vector Direction',(1.,6.17863248487E-017,0.)) ;
#16611=DIRECTION('Vector Direction',(0.,1.,0.)) ;
#16618=DIRECTION('Vector Direction',(1.,0.,0.)) ;
#16625=DIRECTION('Axis2P3D Direction',(-0.,0.,1.)) ;
#16632=DIRECTION('Vector Direction',(0.,-1.,0.)) ;
#16639=DIRECTION('Vector Direction',(1.,0.,0.)) ;
#16656=DIRECTION('Axis2P3D Direction',(6.12323399574E-017,-1.,0.)) ;
#16657=DIRECTION('Axis2P3D XDirection',(0.,0.,-1.)) ;
#16661=DIRECTION('Vector Direction',(1.,6.17863248487E-017,0.)) ;
#16668=DIRECTION('Vector Direction',(0.,0.,-1.)) ;
#16680=DIRECTION('Axis2P3D Direction',(0.,0.,-1.)) ;
#16681=DIRECTION('Axis2P3D XDirection',(-6.12323399574E-017,1.,0.)) ;
#16685=DIRECTION('Axis2P3D Direction',(0.,0.,-1.)) ;
#16692=DIRECTION('Vector Direction',(1.,0.,0.)) ;
#16699=DIRECTION('Vector Direction',(0.,-1.,0.)) ;
#16706=DIRECTION('Axis2P3D Direction',(0.,0.,-1.)) ;
#16713=DIRECTION('Vector Direction',(1.,0.,0.)) ;
#16720=DIRECTION('Vector Direction',(0.,1.,0.)) ;
#16737=DIRECTION('Axis2P3D Direction',(0.,-0.,1.)) ;
#16738=DIRECTION('Axis2P3D XDirection',(1.,5.34927497131E-016,0.)) ;
#16750=DIRECTION('Vector Direction',(0.,0.,1.)) ;
#16772=DIRECTION('Axis2P3D Direction',(1.,6.12323399574E-017,-0.)) ;
#16773=DIRECTION('Axis2P3D XDirection',(6.42321542157E-032,-1.04899068467E-015,1.)) ;
#16788=DIRECTION('Axis2P3D Direction',(1.,6.12323399574E-017,-0.)) ;
#16793=DIRECTION('Axis2P3D Direction',(1.,6.12323399574E-017,-0.)) ;
#16800=DIRECTION('Vector Direction',(1.,5.63922806159E-017,0.)) ;
#16814=DIRECTION('Axis2P3D Direction',(-1.,-6.12323399574E-017,-0.)) ;
#16815=DIRECTION('Axis2P3D XDirection',(-6.12323399574E-017,1.,0.)) ;
#16819=DIRECTION('Vector Direction',(0.,0.,-1.)) ;
#16828=DIRECTION('Axis2P3D Direction',(-1.,-6.12323399574E-017,-0.)) ;
#16835=DIRECTION('Vector Direction',(0.,0.819152044289,0.573576436351)) ;
#16840=DIRECTION('Vector Direction',(0.,0.,-1.)) ;
#16845=DIRECTION('Axis2P3D Direction',(-1.,-6.12323399574E-017,-0.)) ;
#16852=DIRECTION('Vector Direction',(0.,0.819152044289,0.573576436351)) ;
#16859=DIRECTION('Axis2P3D Direction',(-1.,-6.12323399574E-017,-0.)) ;
#16877=DIRECTION('Axis2P3D Direction',(0.,-0.,1.)) ;
#16878=DIRECTION('Axis2P3D XDirection',(-6.66133814775E-016,1.,0.)) ;
#16882=DIRECTION('Vector Direction',(0.,0.,1.)) ;
#16894=DIRECTION('Vector Direction',(0.,0.,-1.)) ;
#16906=DIRECTION('Axis2P3D Direction',(1.,6.12323399574E-017,0.)) ;
#16907=DIRECTION('Axis2P3D XDirection',(6.12323399574E-017,-1.,0.)) ;
#16918=DIRECTION('Axis2P3D Direction',(1.,6.12323399574E-017,-0.)) ;
#16919=DIRECTION('Axis2P3D XDirection',(-3.74939945665E-033,6.12323399574E-017,1.)) ;
#16923=DIRECTION('Vector Direction',(1.,5.63922806159E-017,0.)) ;
#16930=DIRECTION('Axis2P3D Direction',(1.,6.12323399574E-017,-0.)) ;
#16953=DIRECTION('Axis2P3D Direction',(1.,6.12323399574E-017,-0.)) ;
#16954=DIRECTION('Axis2P3D XDirection',(0.,0.,1.)) ;
#16958=DIRECTION('Vector Direction',(0.,0.,-1.)) ;
#16970=DIRECTION('Axis2P3D Direction',(-3.51214273422E-017,0.573576436351,-0.819152044289)) ;
#16971=DIRECTION('Axis2P3D XDirection',(-5.01585964527E-017,0.819152044289,0.573576436351)) ;
#16975=DIRECTION('Vector Direction',(1.,0.,0.)) ;
#17003=DIRECTION('Axis2P3D Direction',(0.,-0.,1.)) ;
#17004=DIRECTION('Axis2P3D XDirection',(7.65713739785E-016,-1.,0.)) ;
#17024=DIRECTION('Vector Direction',(0.,0.,1.)) ;
#17066=DIRECTION('Axis2P3D Direction',(1.,6.12323399574E-017,-0.)) ;
#17067=DIRECTION('Axis2P3D XDirection',(1.124819837E-032,-1.83697019872E-016,-1.)) ;
#17071=DIRECTION('Vector Direction',(1.,1.12784561232E-016,0.)) ;
#17086=DIRECTION('Vector Direction',(1.,1.12784561232E-016,0.)) ;
#17101=DIRECTION('Vector Direction',(1.,1.12784561232E-016,0.)) ;
#17116=DIRECTION('Axis2P3D Direction',(-3.51214273422E-017,0.573576436351,-0.819152044289)) ;
#17117=DIRECTION('Axis2P3D XDirection',(-5.01585964527E-017,0.819152044289,0.573576436351)) ;
#17128=DIRECTION('Axis2P3D Direction',(1.,6.12323399574E-017,-0.)) ;
#17129=DIRECTION('Axis2P3D XDirection',(-4.31370445679E-032,7.04481399828E-016,-1.)) ;
#17143=DIRECTION('Vector Direction',(1.,1.12784561232E-016,0.)) ;
#17158=DIRECTION('Vector Direction',(1.,1.12784561232E-016,0.)) ;
#17173=DIRECTION('Axis2P3D Direction',(0.,-0.,1.)) ;
#17174=DIRECTION('Axis2P3D XDirection',(-1.,6.12323399574E-017,0.)) ;
#17178=DIRECTION('Vector Direction',(0.,0.,1.)) ;
#17187=DIRECTION('Axis2P3D Direction',(0.,-0.,1.)) ;
#17192=DIRECTION('Axis2P3D Direction',(0.,-0.,1.)) ;
#17206=DIRECTION('Axis2P3D Direction',(-6.12323399574E-017,1.,0.)) ;
#17207=DIRECTION('Axis2P3D XDirection',(1.,6.12323399574E-017,0.)) ;
#17211=DIRECTION('Vector Direction',(0.,0.,-1.)) ;
#17223=DIRECTION('Axis2P3D Direction',(0.,0.,-1.)) ;
#17224=DIRECTION('Axis2P3D XDirection',(-6.12323399574E-017,1.,0.)) ;
#17228=DIRECTION('Axis2P3D Direction',(0.,0.,-1.)) ;
#17237=DIRECTION('Vector Direction',(0.,1.,0.)) ;
#17244=DIRECTION('Vector Direction',(1.,6.05115166284E-017,0.)) ;
#17251=DIRECTION('Axis2P3D Direction',(0.,0.,-1.)) ;
#17258=DIRECTION('Vector Direction',(-1.,0.,0.)) ;
#17265=DIRECTION('Axis2P3D Direction',(0.,0.,-1.)) ;
#17272=DIRECTION('Vector Direction',(0.,1.,0.)) ;
#17279=DIRECTION('Axis2P3D Direction',(0.,0.,-1.)) ;
#17286=DIRECTION('Vector Direction',(-1.,0.,0.)) ;
#17291=DIRECTION('Axis2P3D Direction',(0.,0.,-1.)) ;
#17298=DIRECTION('Axis2P3D Direction',(0.,0.,-1.)) ;
#17305=DIRECTION('Vector Direction',(-1.,-2.08834252427E-016,0.)) ;
#17327=DIRECTION('Axis2P3D Direction',(0.,-0.,1.)) ;
#17328=DIRECTION('Axis2P3D XDirection',(0.,1.,0.)) ;
#17332=DIRECTION('Axis2P3D Direction',(0.,-0.,1.)) ;
#17339=DIRECTION('Vector Direction',(0.,0.,1.)) ;
#17353=DIRECTION('Axis2P3D Direction',(-0.,0.,1.)) ;
#17354=DIRECTION('Axis2P3D XDirection',(6.12323399574E-017,-1.,0.)) ;
#17358=DIRECTION('Axis2P3D Direction',(-0.,0.,1.)) ;
#17367=DIRECTION('Vector Direction',(-1.,-2.08834252427E-016,0.)) ;
#17374=DIRECTION('Axis2P3D Direction',(-0.,0.,1.)) ;
#17379=DIRECTION('Vector Direction',(-1.,0.,0.)) ;
#17386=DIRECTION('Axis2P3D Direction',(-0.,0.,1.)) ;
#17393=DIRECTION('Vector Direction',(0.,-1.,0.)) ;
#17400=DIRECTION('Axis2P3D Direction',(-0.,0.,1.)) ;
#17407=DIRECTION('Vector Direction',(-1.,0.,0.)) ;
#17414=DIRECTION('Axis2P3D Direction',(-0.,0.,1.)) ;
#17421=DIRECTION('Vector Direction',(1.,6.05115166284E-017,0.)) ;
#17428=DIRECTION('Vector Direction',(0.,-1.,0.)) ;
#17450=DIRECTION('Axis2P3D Direction',(6.12323399574E-017,-1.,0.)) ;
#17451=DIRECTION('Axis2P3D XDirection',(-1.,-6.12323399574E-017,0.)) ;
#17455=DIRECTION('Vector Direction',(0.,0.,-1.)) ;
#17467=DIRECTION('Axis2P3D Direction',(-6.12323399574E-017,1.,0.)) ;
#17468=DIRECTION('Axis2P3D XDirection',(1.,6.12323399574E-017,0.)) ;
#17472=DIRECTION('Vector Direction',(0.,0.,-1.)) ;
#17477=DIRECTION('Vector Direction',(0.,0.,-1.)) ;
#17489=DIRECTION('Axis2P3D Direction',(0.,-0.,1.)) ;
#17490=DIRECTION('Axis2P3D XDirection',(-1.22464679915E-016,-1.,-0.)) ;
#17501=DIRECTION('Axis2P3D Direction',(0.,-0.,1.)) ;
#17502=DIRECTION('Axis2P3D XDirection',(1.,6.12323399574E-017,0.)) ;
#17506=DIRECTION('Vector Direction',(0.,0.,1.)) ;
#17518=DIRECTION('Axis2P3D Direction',(1.,6.12323399574E-017,-0.)) ;
#17519=DIRECTION('Axis2P3D XDirection',(-6.12323399574E-017,1.,0.)) ;
#17523=DIRECTION('Vector Direction',(0.,0.,-1.)) ;
#17535=DIRECTION('Axis2P3D Direction',(0.,-0.,1.)) ;
#17536=DIRECTION('Axis2P3D XDirection',(1.65389215949E-015,-1.,0.)) ;
#17540=DIRECTION('Vector Direction',(0.,0.,1.)) ;
#17552=DIRECTION('Axis2P3D Direction',(6.12323399574E-017,-1.,0.)) ;
#17553=DIRECTION('Axis2P3D XDirection',(-1.,-6.12323399574E-017,0.)) ;
#17557=DIRECTION('Vector Direction',(0.,0.,-1.)) ;
#17569=DIRECTION('Axis2P3D Direction',(0.,-0.,1.)) ;
#17570=DIRECTION('Axis2P3D XDirection',(-1.7763568394E-015,1.,0.)) ;
#17574=DIRECTION('Vector Direction',(0.,0.,1.)) ;
#17620=DIRECTION('Axis2P3D Direction',(1.,6.12323399574E-017,-0.)) ;
#17621=DIRECTION('Axis2P3D XDirection',(-3.74939945665E-033,6.12323399574E-017,1.)) ;
#17625=DIRECTION('Axis2P3D Direction',(1.,6.12323399574E-017,-0.)) ;
#17632=DIRECTION('Axis2P3D Direction',(1.,6.12323399574E-017,-0.)) ;
#17639=DIRECTION('Vector Direction',(1.,1.12784561232E-016,0.)) ;
#17652=DIRECTION('Axis2P3D Direction',(1.,6.12323399574E-017,-0.)) ;
#17653=DIRECTION('Axis2P3D XDirection',(-6.12323399574E-017,1.,0.)) ;
#17657=DIRECTION('Vector Direction',(0.,0.,-1.)) ;
#17662=DIRECTION('Axis2P3D Direction',(1.,6.12323399574E-017,-0.)) ;
#17669=DIRECTION('Vector Direction',(0.,0.,1.)) ;
#17676=DIRECTION('Vector Direction',(0.,1.,0.)) ;
#17683=DIRECTION('Vector Direction',(0.,0.,-1.)) ;
#17699=DIRECTION('Axis2P3D Direction',(0.,0.,-1.)) ;
#17700=DIRECTION('Axis2P3D XDirection',(-1.,-2.44929359829E-016,-0.)) ;
#17711=DIRECTION('Axis2P3D Direction',(1.,6.12323399574E-017,-0.)) ;
#17712=DIRECTION('Axis2P3D XDirection',(-1.39712506801E-031,2.28167838921E-015,1.)) ;
#17716=DIRECTION('Vector Direction',(1.,0.,0.)) ;
#17723=DIRECTION('Axis2P3D Direction',(1.,6.12323399574E-017,-0.)) ;
#17736=DIRECTION('Vector Direction',(0.,-1.,0.)) ;
#17745=DIRECTION('Vector Direction',(0.,0.,1.)) ;
#17750=DIRECTION('Vector Direction',(0.,0.,-1.)) ;
#17764=DIRECTION('Axis2P3D Direction',(6.12323399574E-017,-1.,3.08148791102E-033)) ;
#17765=DIRECTION('Axis2P3D XDirection',(-1.,-6.12323399574E-017,3.05311331772E-015)) ;
#17769=DIRECTION('Vector Direction',(0.,-1.,0.)) ;
#17778=DIRECTION('Axis2P3D Direction',(6.12323399574E-017,-1.,3.08148791102E-033)) ;
#17783=DIRECTION('Axis2P3D Direction',(6.12323399574E-017,-1.,3.08148791102E-033)) ;
#17795=DIRECTION('Axis2P3D Direction',(-6.12323399574E-017,1.,0.)) ;
#17796=DIRECTION('Axis2P3D XDirection',(1.83697019872E-016,1.124819837E-032,-1.)) ;
#17800=DIRECTION('Axis2P3D Direction',(-6.12323399574E-017,1.,0.)) ;
#17807=DIRECTION('Vector Direction',(0.,1.,0.)) ;
#17814=DIRECTION('Axis2P3D Direction',(-6.12323399574E-017,1.,0.)) ;
#17826=DIRECTION('Axis2P3D Direction',(0.,0.,-1.)) ;
#17827=DIRECTION('Axis2P3D XDirection',(1.,6.12323399574E-017,0.)) ;
#17831=DIRECTION('Vector Direction',(-1.,0.,0.)) ;
#17838=DIRECTION('Vector Direction',(0.,-1.,0.)) ;
#17845=DIRECTION('Vector Direction',(-1.,0.,0.)) ;
#17857=DIRECTION('Axis2P3D Direction',(6.12323399574E-017,-1.,0.)) ;
#17858=DIRECTION('Axis2P3D XDirection',(1.,6.12323399574E-017,0.)) ;
#17862=DIRECTION('Vector Direction',(1.04560773417E-016,-1.,0.)) ;
#17871=DIRECTION('Axis2P3D Direction',(6.12323399574E-017,-1.,0.)) ;
#17876=DIRECTION('Axis2P3D Direction',(6.12323399574E-017,-1.,0.)) ;
#17888=DIRECTION('Vector Direction',(0.,0.,-1.)) ;
#17895=DIRECTION('Vector Direction',(0.,1.,0.)) ;
#17902=DIRECTION('Vector Direction',(0.,0.,-1.)) ;
#17914=DIRECTION('Axis2P3D Direction',(0.,0.,-1.)) ;
#17915=DIRECTION('Axis2P3D XDirection',(-6.12323399574E-017,1.,0.)) ;
#17919=DIRECTION('Vector Direction',(1.,0.,0.)) ;
#17926=DIRECTION('Vector Direction',(0.,1.,0.)) ;
#17933=DIRECTION('Vector Direction',(1.,0.,0.)) ;
#17945=DIRECTION('Vector Direction',(0.,-1.,0.)) ;
#17954=DIRECTION('Vector Direction',(0.,0.,-1.)) ;
#17959=DIRECTION('Vector Direction',(0.,0.,1.)) ;
#17971=DIRECTION('Axis2P3D Direction',(6.12323399574E-017,-1.,0.)) ;
#17972=DIRECTION('Axis2P3D XDirection',(-0.25,-1.53080849893E-017,0.968245836552)) ;
#17976=DIRECTION('Axis2P3D Direction',(6.12323399574E-017,-1.,0.)) ;
#17983=DIRECTION('Vector Direction',(0.,-1.,0.)) ;
#17990=DIRECTION('Axis2P3D Direction',(6.12323399574E-017,-1.,0.)) ;
#18002=DIRECTION('Axis2P3D Direction',(6.12323399574E-017,-1.,0.)) ;
#18003=DIRECTION('Axis2P3D XDirection',(1.,6.12323399574E-017,0.)) ;
#18007=DIRECTION('Axis2P3D Direction',(6.12323399574E-017,-1.,0.)) ;
#18014=DIRECTION('Vector Direction',(0.,-1.,0.)) ;
#18021=DIRECTION('Axis2P3D Direction',(6.12323399574E-017,-1.,0.)) ;
#18033=DIRECTION('Axis2P3D Direction',(1.,6.12323399574E-017,-0.)) ;
#18034=DIRECTION('Axis2P3D XDirection',(0.,0.,1.)) ;
#18038=DIRECTION('Vector Direction',(0.,-1.,0.)) ;
#18047=DIRECTION('Vector Direction',(0.,0.,1.)) ;
#18052=DIRECTION('Vector Direction',(0.,0.,1.)) ;
#18064=DIRECTION('Axis2P3D Direction',(6.12323399574E-017,-1.,0.)) ;
#18065=DIRECTION('Axis2P3D XDirection',(1.59265981953E-015,9.75222875058E-032,-1.)) ;
#18069=DIRECTION('Axis2P3D Direction',(6.12323399574E-017,-1.,0.)) ;
#18074=DIRECTION('Axis2P3D Direction',(6.12323399574E-017,-1.,0.)) ;
#18086=DIRECTION('Axis2P3D Direction',(6.12323399574E-017,-1.,0.)) ;
#18087=DIRECTION('Axis2P3D XDirection',(0.,0.,-1.)) ;
#18108=DIRECTION('Axis2P3D Direction',(-6.12323399574E-017,1.,0.)) ;
#18109=DIRECTION('Axis2P3D XDirection',(0.,0.,1.)) ;
#18138=DIRECTION('NONE',(1.,0.,0.)) ;
#18139=DIRECTION('NONE',(0.,0.,1.)) ;
#18140=DIRECTION('NONE',(1.,0.,0.)) ;
#18141=DIRECTION('NONE',(0.,0.,1.)) ;
#18151=DIRECTION('NONE',(1.,0.,0.)) ;
#18152=DIRECTION('NONE',(0.,0.,1.)) ;
#18153=DIRECTION('NONE',(1.,0.,0.)) ;
#18154=DIRECTION('NONE',(0.,0.,1.)) ;
#18172=DIRECTION('NONE',(1.,0.,0.)) ;
#18173=DIRECTION('NONE',(0.,0.,1.)) ;
#18174=DIRECTION('NONE',(1.,0.,0.)) ;
#18175=DIRECTION('NONE',(0.,0.,1.)) ;
#20=UNCERTAINTY_MEASURE_WITH_UNIT(LENGTH_MEASURE(0.005),#17,'distance_accuracy_value','CONFUSED CURVE UNCERTAINTY') ;
#22=UNCERTAINTY_MEASURE_WITH_UNIT(LENGTH_MEASURE(0.005),#17,'distance_accuracy_value','CONFUSED CURVE UNCERTAINTY') ;
#30=UNCERTAINTY_MEASURE_WITH_UNIT(LENGTH_MEASURE(0.005),#17,'distance_accuracy_value','CONFUSED CURVE UNCERTAINTY') ;
#18155=UNCERTAINTY_MEASURE_WITH_UNIT(LENGTH_MEASURE(0.005),#17,'distance_accuracy_value','CONFUSED CURVE UNCERTAINTY') ;
#51=AXIS2_PLACEMENT_3D('Plane Axis2P3D',#48,#49,#50) ;
#91=AXIS2_PLACEMENT_3D('Plane Axis2P3D',#88,#89,#90) ;
#122=AXIS2_PLACEMENT_3D('Plane Axis2P3D',#119,#120,#121) ;
#153=AXIS2_PLACEMENT_3D('Plane Axis2P3D',#150,#151,#152) ;
#184=AXIS2_PLACEMENT_3D('Cylinder Axis2P3D',#181,#182,#183) ;
#188=AXIS2_PLACEMENT_3D('Circle Axis2P3D',#186,#187,$) ;
#202=AXIS2_PLACEMENT_3D('Circle Axis2P3D',#200,#201,$) ;
#215=AXIS2_PLACEMENT_3D('Plane Axis2P3D',#212,#213,#214) ;
#237=AXIS2_PLACEMENT_3D('Plane Axis2P3D',#234,#235,#236) ;
#251=AXIS2_PLACEMENT_3D('Plane Axis2P3D',#248,#249,#250) ;
#270=AXIS2_PLACEMENT_3D('Plane Axis2P3D',#267,#268,#269) ;
#311=AXIS2_PLACEMENT_3D('Cylinder Axis2P3D',#308,#309,#310) ;
#315=AXIS2_PLACEMENT_3D('Circle Axis2P3D',#313,#314,$) ;
#342=AXIS2_PLACEMENT_3D('Cylinder Axis2P3D',#339,#340,#341) ;
#363=AXIS2_PLACEMENT_3D('Circle Axis2P3D',#361,#362,$) ;
#376=AXIS2_PLACEMENT_3D('Plane Axis2P3D',#373,#374,#375) ;
#407=AXIS2_PLACEMENT_3D('Plane Axis2P3D',#404,#405,#406) ;
#447=AXIS2_PLACEMENT_3D('Plane Axis2P3D',#444,#445,#446) ;
#469=AXIS2_PLACEMENT_3D('Plane Axis2P3D',#466,#467,#468) ;
#500=AXIS2_PLACEMENT_3D('Plane Axis2P3D',#497,#498,#499) ;
#580=AXIS2_PLACEMENT_3D('Plane Axis2P3D',#577,#578,#579) ;
#602=AXIS2_PLACEMENT_3D('Plane Axis2P3D',#599,#600,#601) ;
#606=AXIS2_PLACEMENT_3D('Circle Axis2P3D',#604,#605,$) ;
#626=AXIS2_PLACEMENT_3D('Plane Axis2P3D',#623,#624,#625) ;
#668=AXIS2_PLACEMENT_3D('Cylinder Axis2P3D',#665,#666,#667) ;
#685=AXIS2_PLACEMENT_3D('Cylinder Axis2P3D',#682,#683,#684) ;
#689=AXIS2_PLACEMENT_3D('Circle Axis2P3D',#687,#688,$) ;
#709=AXIS2_PLACEMENT_3D('Plane Axis2P3D',#706,#707,#708) ;
#733=AXIS2_PLACEMENT_3D('Plane Axis2P3D',#730,#731,#732) ;
#757=AXIS2_PLACEMENT_3D('Plane Axis2P3D',#754,#755,#756) ;
#774=AXIS2_PLACEMENT_3D('Plane Axis2P3D',#771,#772,#773) ;
#787=AXIS2_PLACEMENT_3D('Plane Axis2P3D',#784,#785,#786) ;
#827=AXIS2_PLACEMENT_3D('Cylinder Axis2P3D',#824,#825,#826) ;
#831=AXIS2_PLACEMENT_3D('Circle Axis2P3D',#829,#830,$) ;
#836=AXIS2_PLACEMENT_3D('Circle Axis2P3D',#834,#835,$) ;
#849=AXIS2_PLACEMENT_3D('Plane Axis2P3D',#846,#847,#848) ;
#870=AXIS2_PLACEMENT_3D('Plane Axis2P3D',#867,#868,#869) ;
#891=AXIS2_PLACEMENT_3D('Plane Axis2P3D',#888,#889,#890) ;
#906=AXIS2_PLACEMENT_3D('Plane Axis2P3D',#903,#904,#905) ;
#946=AXIS2_PLACEMENT_3D('Plane Axis2P3D',#943,#944,#945) ;
#1069=AXIS2_PLACEMENT_3D('Plane Axis2P3D',#1066,#1067,#1068) ;
#1093=AXIS2_PLACEMENT_3D('Plane Axis2P3D',#1090,#1091,#1092) ;
#1124=AXIS2_PLACEMENT_3D('Plane Axis2P3D',#1121,#1122,#1123) ;
#1148=AXIS2_PLACEMENT_3D('Plane Axis2P3D',#1145,#1146,#1147) ;
#1172=AXIS2_PLACEMENT_3D('Cylinder Axis2P3D',#1169,#1170,#1171) ;
#1176=AXIS2_PLACEMENT_3D('Circle Axis2P3D',#1174,#1175,$) ;
#1203=AXIS2_PLACEMENT_3D('Cylinder Axis2P3D',#1200,#1201,#1202) ;
#1207=AXIS2_PLACEMENT_3D('Circle Axis2P3D',#1205,#1206,$) ;
#1234=AXIS2_PLACEMENT_3D('Cylinder Axis2P3D',#1231,#1232,#1233) ;
#1278=AXIS2_PLACEMENT_3D('Plane Axis2P3D',#1275,#1276,#1277) ;
#1348=AXIS2_PLACEMENT_3D('Plane Axis2P3D',#1345,#1346,#1347) ;
#1398=AXIS2_PLACEMENT_3D('Cylinder Axis2P3D',#1395,#1396,#1397) ;
#1438=AXIS2_PLACEMENT_3D('Cylinder Axis2P3D',#1435,#1436,#1437) ;
#1449=AXIS2_PLACEMENT_3D('Circle Axis2P3D',#1447,#1448,$) ;
#1462=AXIS2_PLACEMENT_3D('Plane Axis2P3D',#1459,#1460,#1461) ;
#1473=AXIS2_PLACEMENT_3D('Circle Axis2P3D',#1471,#1472,$) ;
#1502=AXIS2_PLACEMENT_3D('Plane Axis2P3D',#1499,#1500,#1501) ;
#1519=AXIS2_PLACEMENT_3D('Cylinder Axis2P3D',#1516,#1517,#1518) ;
#1541=AXIS2_PLACEMENT_3D('Plane Axis2P3D',#1538,#1539,#1540) ;
#1558=AXIS2_PLACEMENT_3D('Plane Axis2P3D',#1555,#1556,#1557) ;
#1614=AXIS2_PLACEMENT_3D('Cylinder Axis2P3D',#1611,#1612,#1613) ;
#1618=AXIS2_PLACEMENT_3D('Circle Axis2P3D',#1616,#1617,$) ;
#1631=AXIS2_PLACEMENT_3D('Plane Axis2P3D',#1628,#1629,#1630) ;
#1648=AXIS2_PLACEMENT_3D('Cylinder Axis2P3D',#1645,#1646,#1647) ;
#1652=AXIS2_PLACEMENT_3D('Circle Axis2P3D',#1650,#1651,$) ;
#1665=AXIS2_PLACEMENT_3D('Cylinder Axis2P3D',#1662,#1663,#1664) ;
#1676=AXIS2_PLACEMENT_3D('Circle Axis2P3D',#1674,#1675,$) ;
#1689=AXIS2_PLACEMENT_3D('Plane Axis2P3D',#1686,#1687,#1688) ;
#1716=AXIS2_PLACEMENT_3D('Plane Axis2P3D',#1713,#1714,#1715) ;
#1731=AXIS2_PLACEMENT_3D('Plane Axis2P3D',#1728,#1729,#1730) ;
#1771=AXIS2_PLACEMENT_3D('Plane Axis2P3D',#1768,#1769,#1770) ;
#1885=AXIS2_PLACEMENT_3D('Plane Axis2P3D',#1882,#1883,#1884) ;
#1909=AXIS2_PLACEMENT_3D('Plane Axis2P3D',#1906,#1907,#1908) ;
#1940=AXIS2_PLACEMENT_3D('Plane Axis2P3D',#1937,#1938,#1939) ;
#1964=AXIS2_PLACEMENT_3D('Plane Axis2P3D',#1961,#1962,#1963) ;
#1988=AXIS2_PLACEMENT_3D('Cylinder Axis2P3D',#1985,#1986,#1987) ;
#1992=AXIS2_PLACEMENT_3D('Circle Axis2P3D',#1990,#1991,$) ;
#2019=AXIS2_PLACEMENT_3D('Plane Axis2P3D',#2016,#2017,#2018) ;
#2043=AXIS2_PLACEMENT_3D('Cylinder Axis2P3D',#2040,#2041,#2042) ;
#2078=AXIS2_PLACEMENT_3D('Plane Axis2P3D',#2075,#2076,#2077) ;
#2148=AXIS2_PLACEMENT_3D('Plane Axis2P3D',#2145,#2146,#2147) ;
#2213=AXIS2_PLACEMENT_3D('Plane Axis2P3D',#2210,#2211,#2212) ;
#2237=AXIS2_PLACEMENT_3D('Plane Axis2P3D',#2234,#2235,#2236) ;
#2268=AXIS2_PLACEMENT_3D('Cylinder Axis2P3D',#2265,#2266,#2267) ;
#2272=AXIS2_PLACEMENT_3D('Circle Axis2P3D',#2270,#2271,$) ;
#2292=AXIS2_PLACEMENT_3D('Plane Axis2P3D',#2289,#2290,#2291) ;
#2308=AXIS2_PLACEMENT_3D('Circle Axis2P3D',#2306,#2307,$) ;
#2339=AXIS2_PLACEMENT_3D('Plane Axis2P3D',#2336,#2337,#2338) ;
#2356=AXIS2_PLACEMENT_3D('Cylinder Axis2P3D',#2353,#2354,#2355) ;
#2373=AXIS2_PLACEMENT_3D('Plane Axis2P3D',#2370,#2371,#2372) ;
#2390=AXIS2_PLACEMENT_3D('Plane Axis2P3D',#2387,#2388,#2389) ;
#2402=AXIS2_PLACEMENT_3D('Cylinder Axis2P3D',#2399,#2400,#2401) ;
#2452=AXIS2_PLACEMENT_3D('Cylinder Axis2P3D',#2449,#2450,#2451) ;
#2456=AXIS2_PLACEMENT_3D('Circle Axis2P3D',#2454,#2455,$) ;
#2469=AXIS2_PLACEMENT_3D('Cylinder Axis2P3D',#2466,#2467,#2468) ;
#2473=AXIS2_PLACEMENT_3D('Circle Axis2P3D',#2471,#2472,$) ;
#2486=AXIS2_PLACEMENT_3D('Cylinder Axis2P3D',#2483,#2484,#2485) ;
#2490=AXIS2_PLACEMENT_3D('Circle Axis2P3D',#2488,#2489,$) ;
#2510=AXIS2_PLACEMENT_3D('Plane Axis2P3D',#2507,#2508,#2509) ;
#2536=AXIS2_PLACEMENT_3D('Plane Axis2P3D',#2533,#2534,#2535) ;
#2551=AXIS2_PLACEMENT_3D('Plane Axis2P3D',#2548,#2549,#2550) ;
#2591=AXIS2_PLACEMENT_3D('Plane Axis2P3D',#2588,#2589,#2590) ;
#2622=AXIS2_PLACEMENT_3D('Cylinder Axis2P3D',#2619,#2620,#2621) ;
#2626=AXIS2_PLACEMENT_3D('Circle Axis2P3D',#2624,#2625,$) ;
#2640=AXIS2_PLACEMENT_3D('Circle Axis2P3D',#2638,#2639,$) ;
#2653=AXIS2_PLACEMENT_3D('Plane Axis2P3D',#2650,#2651,#2652) ;
#2684=AXIS2_PLACEMENT_3D('Cylinder Axis2P3D',#2681,#2682,#2683) ;
#2688=AXIS2_PLACEMENT_3D('Circle Axis2P3D',#2686,#2687,$) ;
#2702=AXIS2_PLACEMENT_3D('Circle Axis2P3D',#2700,#2701,$) ;
#2715=AXIS2_PLACEMENT_3D('Plane Axis2P3D',#2712,#2713,#2714) ;
#2772=AXIS2_PLACEMENT_3D('Plane Axis2P3D',#2769,#2770,#2771) ;
#2812=AXIS2_PLACEMENT_3D('Plane Axis2P3D',#2809,#2810,#2811) ;
#2840=AXIS2_PLACEMENT_3D('Plane Axis2P3D',#2837,#2838,#2839) ;
#2857=AXIS2_PLACEMENT_3D('Plane Axis2P3D',#2854,#2855,#2856) ;
#2880=AXIS2_PLACEMENT_3D('Plane Axis2P3D',#2877,#2878,#2879) ;
#2895=AXIS2_PLACEMENT_3D('Cylinder Axis2P3D',#2892,#2893,#2894) ;
#2908=AXIS2_PLACEMENT_3D('Circle Axis2P3D',#2906,#2907,$) ;
#2922=AXIS2_PLACEMENT_3D('Circle Axis2P3D',#2920,#2921,$) ;
#2935=AXIS2_PLACEMENT_3D('Plane Axis2P3D',#2932,#2933,#2934) ;
#2966=AXIS2_PLACEMENT_3D('Cylinder Axis2P3D',#2963,#2964,#2965) ;
#2970=AXIS2_PLACEMENT_3D('Circle Axis2P3D',#2968,#2969,$) ;
#2984=AXIS2_PLACEMENT_3D('Circle Axis2P3D',#2982,#2983,$) ;
#2997=AXIS2_PLACEMENT_3D('Plane Axis2P3D',#2994,#2995,#2996) ;
#3028=AXIS2_PLACEMENT_3D('Cylinder Axis2P3D',#3025,#3026,#3027) ;
#3032=AXIS2_PLACEMENT_3D('Circle Axis2P3D',#3030,#3031,$) ;
#3046=AXIS2_PLACEMENT_3D('Circle Axis2P3D',#3044,#3045,$) ;
#3059=AXIS2_PLACEMENT_3D('Plane Axis2P3D',#3056,#3057,#3058) ;
#3090=AXIS2_PLACEMENT_3D('Cylinder Axis2P3D',#3087,#3088,#3089) ;
#3094=AXIS2_PLACEMENT_3D('Circle Axis2P3D',#3092,#3093,$) ;
#3108=AXIS2_PLACEMENT_3D('Circle Axis2P3D',#3106,#3107,$) ;
#3121=AXIS2_PLACEMENT_3D('Plane Axis2P3D',#3118,#3119,#3120) ;
#3152=AXIS2_PLACEMENT_3D('Cylinder Axis2P3D',#3149,#3150,#3151) ;
#3156=AXIS2_PLACEMENT_3D('Circle Axis2P3D',#3154,#3155,$) ;
#3170=AXIS2_PLACEMENT_3D('Circle Axis2P3D',#3168,#3169,$) ;
#3183=AXIS2_PLACEMENT_3D('Plane Axis2P3D',#3180,#3181,#3182) ;
#3214=AXIS2_PLACEMENT_3D('Cylinder Axis2P3D',#3211,#3212,#3213) ;
#3218=AXIS2_PLACEMENT_3D('Circle Axis2P3D',#3216,#3217,$) ;
#3232=AXIS2_PLACEMENT_3D('Circle Axis2P3D',#3230,#3231,$) ;
#3245=AXIS2_PLACEMENT_3D('Plane Axis2P3D',#3242,#3243,#3244) ;
#3276=AXIS2_PLACEMENT_3D('Cylinder Axis2P3D',#3273,#3274,#3275) ;
#3280=AXIS2_PLACEMENT_3D('Circle Axis2P3D',#3278,#3279,$) ;
#3294=AXIS2_PLACEMENT_3D('Circle Axis2P3D',#3292,#3293,$) ;
#3333=AXIS2_PLACEMENT_3D('Cylinder Axis2P3D',#3330,#3331,#3332) ;
#3337=AXIS2_PLACEMENT_3D('Circle Axis2P3D',#3335,#3336,$) ;
#3351=AXIS2_PLACEMENT_3D('Circle Axis2P3D',#3349,#3350,$) ;
#3364=AXIS2_PLACEMENT_3D('Plane Axis2P3D',#3361,#3362,#3363) ;
#3395=AXIS2_PLACEMENT_3D('Cylinder Axis2P3D',#3392,#3393,#3394) ;
#3399=AXIS2_PLACEMENT_3D('Circle Axis2P3D',#3397,#3398,$) ;
#3413=AXIS2_PLACEMENT_3D('Circle Axis2P3D',#3411,#3412,$) ;
#3452=AXIS2_PLACEMENT_3D('Cylinder Axis2P3D',#3449,#3450,#3451) ;
#3456=AXIS2_PLACEMENT_3D('Circle Axis2P3D',#3454,#3455,$) ;
#3470=AXIS2_PLACEMENT_3D('Circle Axis2P3D',#3468,#3469,$) ;
#3483=AXIS2_PLACEMENT_3D('Plane Axis2P3D',#3480,#3481,#3482) ;
#3514=AXIS2_PLACEMENT_3D('Cylinder Axis2P3D',#3511,#3512,#3513) ;
#3518=AXIS2_PLACEMENT_3D('Circle Axis2P3D',#3516,#3517,$) ;
#3532=AXIS2_PLACEMENT_3D('Circle Axis2P3D',#3530,#3531,$) ;
#3571=AXIS2_PLACEMENT_3D('Cylinder Axis2P3D',#3568,#3569,#3570) ;
#3575=AXIS2_PLACEMENT_3D('Circle Axis2P3D',#3573,#3574,$) ;
#3589=AXIS2_PLACEMENT_3D('Circle Axis2P3D',#3587,#3588,$) ;
#3602=AXIS2_PLACEMENT_3D('Plane Axis2P3D',#3599,#3600,#3601) ;
#3624=AXIS2_PLACEMENT_3D('Cylinder Axis2P3D',#3621,#3622,#3623) ;
#3628=AXIS2_PLACEMENT_3D('Circle Axis2P3D',#3626,#3627,$) ;
#3644=AXIS2_PLACEMENT_3D('Circle Axis2P3D',#3642,#3643,$) ;
#3663=AXIS2_PLACEMENT_3D('Circle Axis2P3D',#3661,#3662,$) ;
#3668=AXIS2_PLACEMENT_3D('Circle Axis2P3D',#3666,#3667,$) ;
#3681=AXIS2_PLACEMENT_3D('Cylinder Axis2P3D',#3678,#3679,#3680) ;
#3685=AXIS2_PLACEMENT_3D('Circle Axis2P3D',#3683,#3684,$) ;
#3701=AXIS2_PLACEMENT_3D('Circle Axis2P3D',#3699,#3700,$) ;
#3720=AXIS2_PLACEMENT_3D('Circle Axis2P3D',#3718,#3719,$) ;
#3725=AXIS2_PLACEMENT_3D('Circle Axis2P3D',#3723,#3724,$) ;
#3738=AXIS2_PLACEMENT_3D('Cylinder Axis2P3D',#3735,#3736,#3737) ;
#3742=AXIS2_PLACEMENT_3D('Circle Axis2P3D',#3740,#3741,$) ;
#3758=AXIS2_PLACEMENT_3D('Circle Axis2P3D',#3756,#3757,$) ;
#3777=AXIS2_PLACEMENT_3D('Circle Axis2P3D',#3775,#3776,$) ;
#3782=AXIS2_PLACEMENT_3D('Circle Axis2P3D',#3780,#3781,$) ;
#3795=AXIS2_PLACEMENT_3D('Plane Axis2P3D',#3792,#3793,#3794) ;
#3839=AXIS2_PLACEMENT_3D('Plane Axis2P3D',#3836,#3837,#3838) ;
#3886=AXIS2_PLACEMENT_3D('Plane Axis2P3D',#3883,#3884,#3885) ;
#3926=AXIS2_PLACEMENT_3D('Plane Axis2P3D',#3923,#3924,#3925) ;
#3957=AXIS2_PLACEMENT_3D('Plane Axis2P3D',#3954,#3955,#3956) ;
#3988=AXIS2_PLACEMENT_3D('Plane Axis2P3D',#3985,#3986,#3987) ;
#4005=AXIS2_PLACEMENT_3D('Cylinder Axis2P3D',#4002,#4003,#4004) ;
#4009=AXIS2_PLACEMENT_3D('Circle Axis2P3D',#4007,#4008,$) ;
#4023=AXIS2_PLACEMENT_3D('Circle Axis2P3D',#4021,#4022,$) ;
#4036=AXIS2_PLACEMENT_3D('Plane Axis2P3D',#4033,#4034,#4035) ;
#4040=AXIS2_PLACEMENT_3D('Circle Axis2P3D',#4038,#4039,$) ;
#4060=AXIS2_PLACEMENT_3D('Plane Axis2P3D',#4057,#4058,#4059) ;
#4091=AXIS2_PLACEMENT_3D('Cylinder Axis2P3D',#4088,#4089,#4090) ;
#4095=AXIS2_PLACEMENT_3D('Circle Axis2P3D',#4093,#4094,$) ;
#4102=AXIS2_PLACEMENT_3D('Circle Axis2P3D',#4100,#4101,$) ;
#4122=AXIS2_PLACEMENT_3D('Plane Axis2P3D',#4119,#4120,#4121) ;
#4153=AXIS2_PLACEMENT_3D('Cylinder Axis2P3D',#4150,#4151,#4152) ;
#4157=AXIS2_PLACEMENT_3D('Circle Axis2P3D',#4155,#4156,$) ;
#4171=AXIS2_PLACEMENT_3D('Circle Axis2P3D',#4169,#4170,$) ;
#4184=AXIS2_PLACEMENT_3D('Plane Axis2P3D',#4181,#4182,#4183) ;
#4215=AXIS2_PLACEMENT_3D('Cylinder Axis2P3D',#4212,#4213,#4214) ;
#4219=AXIS2_PLACEMENT_3D('Circle Axis2P3D',#4217,#4218,$) ;
#4233=AXIS2_PLACEMENT_3D('Circle Axis2P3D',#4231,#4232,$) ;
#4246=AXIS2_PLACEMENT_3D('Plane Axis2P3D',#4243,#4244,#4245) ;
#4277=AXIS2_PLACEMENT_3D('Cylinder Axis2P3D',#4274,#4275,#4276) ;
#4281=AXIS2_PLACEMENT_3D('Circle Axis2P3D',#4279,#4280,$) ;
#4288=AXIS2_PLACEMENT_3D('Circle Axis2P3D',#4286,#4287,$) ;
#4308=AXIS2_PLACEMENT_3D('Plane Axis2P3D',#4305,#4306,#4307) ;
#4469=AXIS2_PLACEMENT_3D('Plane Axis2P3D',#4466,#4467,#4468) ;
#4500=AXIS2_PLACEMENT_3D('Cylinder Axis2P3D',#4497,#4498,#4499) ;
#4504=AXIS2_PLACEMENT_3D('Circle Axis2P3D',#4502,#4503,$) ;
#4524=AXIS2_PLACEMENT_3D('Plane Axis2P3D',#4521,#4522,#4523) ;
#4548=AXIS2_PLACEMENT_3D('Cylinder Axis2P3D',#4545,#4546,#4547) ;
#4552=AXIS2_PLACEMENT_3D('Circle Axis2P3D',#4550,#4551,$) ;
#4572=AXIS2_PLACEMENT_3D('Plane Axis2P3D',#4569,#4570,#4571) ;
#4596=AXIS2_PLACEMENT_3D('Cylinder Axis2P3D',#4593,#4594,#4595) ;
#4600=AXIS2_PLACEMENT_3D('Circle Axis2P3D',#4598,#4599,$) ;
#4620=AXIS2_PLACEMENT_3D('Plane Axis2P3D',#4617,#4618,#4619) ;
#4644=AXIS2_PLACEMENT_3D('Plane Axis2P3D',#4641,#4642,#4643) ;
#4648=AXIS2_PLACEMENT_3D('Circle Axis2P3D',#4646,#4647,$) ;
#4661=AXIS2_PLACEMENT_3D('Cylinder Axis2P3D',#4658,#4659,#4660) ;
#4683=AXIS2_PLACEMENT_3D('Plane Axis2P3D',#4680,#4681,#4682) ;
#4695=AXIS2_PLACEMENT_3D('Cylinder Axis2P3D',#4692,#4693,#4694) ;
#4706=AXIS2_PLACEMENT_3D('Circle Axis2P3D',#4704,#4705,$) ;
#4726=AXIS2_PLACEMENT_3D('Cylinder Axis2P3D',#4723,#4724,#4725) ;
#4730=AXIS2_PLACEMENT_3D('Circle Axis2P3D',#4728,#4729,$) ;
#4756=AXIS2_PLACEMENT_3D('Circle Axis2P3D',#4754,#4755,$) ;
#4768=AXIS2_PLACEMENT_3D('Circle Axis2P3D',#4766,#4767,$) ;
#4781=AXIS2_PLACEMENT_3D('Cylinder Axis2P3D',#4778,#4779,#4780) ;
#4792=AXIS2_PLACEMENT_3D('Circle Axis2P3D',#4790,#4791,$) ;
#4805=AXIS2_PLACEMENT_3D('Plane Axis2P3D',#4802,#4803,#4804) ;
#4829=AXIS2_PLACEMENT_3D('Plane Axis2P3D',#4826,#4827,#4828) ;
#4875=AXIS2_PLACEMENT_3D('Plane Axis2P3D',#4872,#4873,#4874) ;
#4892=AXIS2_PLACEMENT_3D('Cylinder Axis2P3D',#4889,#4890,#4891) ;
#4896=AXIS2_PLACEMENT_3D('Circle Axis2P3D',#4894,#4895,$) ;
#4910=AXIS2_PLACEMENT_3D('Circle Axis2P3D',#4908,#4909,$) ;
#4923=AXIS2_PLACEMENT_3D('Plane Axis2P3D',#4920,#4921,#4922) ;
#4934=AXIS2_PLACEMENT_3D('Circle Axis2P3D',#4932,#4933,$) ;
#4947=AXIS2_PLACEMENT_3D('Cylinder Axis2P3D',#4944,#4945,#4946) ;
#4958=AXIS2_PLACEMENT_3D('Circle Axis2P3D',#4956,#4957,$) ;
#4971=AXIS2_PLACEMENT_3D('Plane Axis2P3D',#4968,#4969,#4970) ;
#4988=AXIS2_PLACEMENT_3D('Plane Axis2P3D',#4985,#4986,#4987) ;
#5019=AXIS2_PLACEMENT_3D('Plane Axis2P3D',#5016,#5017,#5018) ;
#5043=AXIS2_PLACEMENT_3D('Plane Axis2P3D',#5040,#5041,#5042) ;
#5067=AXIS2_PLACEMENT_3D('Plane Axis2P3D',#5064,#5065,#5066) ;
#5084=AXIS2_PLACEMENT_3D('Plane Axis2P3D',#5081,#5082,#5083) ;
#5099=AXIS2_PLACEMENT_3D('Plane Axis2P3D',#5096,#5097,#5098) ;
#5103=AXIS2_PLACEMENT_3D('Circle Axis2P3D',#5101,#5102,$) ;
#5133=AXIS2_PLACEMENT_3D('Circle Axis2P3D',#5131,#5132,$) ;
#5155=AXIS2_PLACEMENT_3D('Cylinder Axis2P3D',#5152,#5153,#5154) ;
#5168=AXIS2_PLACEMENT_3D('Circle Axis2P3D',#5166,#5167,$) ;
#5173=AXIS2_PLACEMENT_3D('Circle Axis2P3D',#5171,#5172,$) ;
#5186=AXIS2_PLACEMENT_3D('Plane Axis2P3D',#5183,#5184,#5185) ;
#5217=AXIS2_PLACEMENT_3D('Cylinder Axis2P3D',#5214,#5215,#5216) ;
#5221=AXIS2_PLACEMENT_3D('Circle Axis2P3D',#5219,#5220,$) ;
#5241=AXIS2_PLACEMENT_3D('Cylinder Axis2P3D',#5238,#5239,#5240) ;
#5245=AXIS2_PLACEMENT_3D('Circle Axis2P3D',#5243,#5244,$) ;
#5265=AXIS2_PLACEMENT_3D('Plane Axis2P3D',#5262,#5263,#5264) ;
#5276=AXIS2_PLACEMENT_3D('Circle Axis2P3D',#5274,#5275,$) ;
#5290=AXIS2_PLACEMENT_3D('Circle Axis2P3D',#5288,#5289,$) ;
#5304=AXIS2_PLACEMENT_3D('Circle Axis2P3D',#5302,#5303,$) ;
#5318=AXIS2_PLACEMENT_3D('Circle Axis2P3D',#5316,#5317,$) ;
#5332=AXIS2_PLACEMENT_3D('Circle Axis2P3D',#5330,#5331,$) ;
#5346=AXIS2_PLACEMENT_3D('Circle Axis2P3D',#5344,#5345,$) ;
#5360=AXIS2_PLACEMENT_3D('Circle Axis2P3D',#5358,#5359,$) ;
#5415=AXIS2_PLACEMENT_3D('Circle Axis2P3D',#5413,#5414,$) ;
#5429=AXIS2_PLACEMENT_3D('Circle Axis2P3D',#5427,#5428,$) ;
#5449=AXIS2_PLACEMENT_3D('Circle Axis2P3D',#5447,#5448,$) ;
#5463=AXIS2_PLACEMENT_3D('Circle Axis2P3D',#5461,#5462,$) ;
#5476=AXIS2_PLACEMENT_3D('Plane Axis2P3D',#5473,#5474,#5475) ;
#5510=AXIS2_PLACEMENT_3D('Circle Axis2P3D',#5508,#5509,$) ;
#5524=AXIS2_PLACEMENT_3D('Circle Axis2P3D',#5522,#5523,$) ;
#5538=AXIS2_PLACEMENT_3D('Circle Axis2P3D',#5536,#5537,$) ;
#5552=AXIS2_PLACEMENT_3D('Circle Axis2P3D',#5550,#5551,$) ;
#5566=AXIS2_PLACEMENT_3D('Circle Axis2P3D',#5564,#5565,$) ;
#5580=AXIS2_PLACEMENT_3D('Circle Axis2P3D',#5578,#5579,$) ;
#5594=AXIS2_PLACEMENT_3D('Circle Axis2P3D',#5592,#5593,$) ;
#5626=AXIS2_PLACEMENT_3D('Circle Axis2P3D',#5624,#5625,$) ;
#5642=AXIS2_PLACEMENT_3D('Circle Axis2P3D',#5640,#5641,$) ;
#5660=AXIS2_PLACEMENT_3D('Circle Axis2P3D',#5658,#5659,$) ;
#5676=AXIS2_PLACEMENT_3D('Circle Axis2P3D',#5674,#5675,$) ;
#5696=AXIS2_PLACEMENT_3D('Cylinder Axis2P3D',#5693,#5694,#5695) ;
#5700=AXIS2_PLACEMENT_3D('Circle Axis2P3D',#5698,#5699,$) ;
#5714=AXIS2_PLACEMENT_3D('Circle Axis2P3D',#5712,#5713,$) ;
#5727=AXIS2_PLACEMENT_3D('Plane Axis2P3D',#5724,#5725,#5726) ;
#5749=AXIS2_PLACEMENT_3D('Cylinder Axis2P3D',#5746,#5747,#5748) ;
#5771=AXIS2_PLACEMENT_3D('Plane Axis2P3D',#5768,#5769,#5770) ;
#5788=AXIS2_PLACEMENT_3D('Cylinder Axis2P3D',#5785,#5786,#5787) ;
#5805=AXIS2_PLACEMENT_3D('Plane Axis2P3D',#5802,#5803,#5804) ;
#5822=AXIS2_PLACEMENT_3D('Cylinder Axis2P3D',#5819,#5820,#5821) ;
#5839=AXIS2_PLACEMENT_3D('Plane Axis2P3D',#5836,#5837,#5838) ;
#5856=AXIS2_PLACEMENT_3D('Cylinder Axis2P3D',#5853,#5854,#5855) ;
#5873=AXIS2_PLACEMENT_3D('Plane Axis2P3D',#5870,#5871,#5872) ;
#5890=AXIS2_PLACEMENT_3D('Cylinder Axis2P3D',#5887,#5888,#5889) ;
#5907=AXIS2_PLACEMENT_3D('Plane Axis2P3D',#5904,#5905,#5906) ;
#5924=AXIS2_PLACEMENT_3D('Cylinder Axis2P3D',#5921,#5922,#5923) ;
#5941=AXIS2_PLACEMENT_3D('Plane Axis2P3D',#5938,#5939,#5940) ;
#5958=AXIS2_PLACEMENT_3D('Cylinder Axis2P3D',#5955,#5956,#5957) ;
#5975=AXIS2_PLACEMENT_3D('Plane Axis2P3D',#5972,#5973,#5974) ;
#5987=AXIS2_PLACEMENT_3D('Plane Axis2P3D',#5984,#5985,#5986) ;
#6009=AXIS2_PLACEMENT_3D('Cylinder Axis2P3D',#6006,#6007,#6008) ;
#6026=AXIS2_PLACEMENT_3D('Plane Axis2P3D',#6023,#6024,#6025) ;
#6043=AXIS2_PLACEMENT_3D('Cylinder Axis2P3D',#6040,#6041,#6042) ;
#6072=AXIS2_PLACEMENT_3D('Cylinder Axis2P3D',#6069,#6070,#6071) ;
#6101=AXIS2_PLACEMENT_3D('Cylinder Axis2P3D',#6098,#6099,#6100) ;
#6113=AXIS2_PLACEMENT_3D('Plane Axis2P3D',#6110,#6111,#6112) ;
#6134=AXIS2_PLACEMENT_3D('Plane Axis2P3D',#6131,#6132,#6133) ;
#6153=AXIS2_PLACEMENT_3D('Plane Axis2P3D',#6150,#6151,#6152) ;
#6172=AXIS2_PLACEMENT_3D('Plane Axis2P3D',#6169,#6170,#6171) ;
#6212=AXIS2_PLACEMENT_3D('Plane Axis2P3D',#6209,#6210,#6211) ;
#6237=AXIS2_PLACEMENT_3D('Circle Axis2P3D',#6235,#6236,$) ;
#6251=AXIS2_PLACEMENT_3D('Circle Axis2P3D',#6249,#6250,$) ;
#6279=AXIS2_PLACEMENT_3D('Circle Axis2P3D',#6277,#6278,$) ;
#6297=AXIS2_PLACEMENT_3D('Circle Axis2P3D',#6295,#6296,$) ;
#6306=AXIS2_PLACEMENT_3D('Circle Axis2P3D',#6304,#6305,$) ;
#6315=AXIS2_PLACEMENT_3D('Circle Axis2P3D',#6313,#6314,$) ;
#6324=AXIS2_PLACEMENT_3D('Circle Axis2P3D',#6322,#6323,$) ;
#6335=AXIS2_PLACEMENT_3D('Cylinder Axis2P3D',#6332,#6333,#6334) ;
#6346=AXIS2_PLACEMENT_3D('Circle Axis2P3D',#6344,#6345,$) ;
#6359=AXIS2_PLACEMENT_3D('Plane Axis2P3D',#6356,#6357,#6358) ;
#6390=AXIS2_PLACEMENT_3D('Plane Axis2P3D',#6387,#6388,#6389) ;
#6414=AXIS2_PLACEMENT_3D('Plane Axis2P3D',#6411,#6412,#6413) ;
#6445=AXIS2_PLACEMENT_3D('Cylinder Axis2P3D',#6442,#6443,#6444) ;
#6449=AXIS2_PLACEMENT_3D('Circle Axis2P3D',#6447,#6448,$) ;
#6469=AXIS2_PLACEMENT_3D('Plane Axis2P3D',#6466,#6467,#6468) ;
#6500=AXIS2_PLACEMENT_3D('Plane Axis2P3D',#6497,#6498,#6499) ;
#6517=AXIS2_PLACEMENT_3D('Cylinder Axis2P3D',#6514,#6515,#6516) ;
#6528=AXIS2_PLACEMENT_3D('Circle Axis2P3D',#6526,#6527,$) ;
#6547=AXIS2_PLACEMENT_3D('Circle Axis2P3D',#6545,#6546,$) ;
#6560=AXIS2_PLACEMENT_3D('Cylinder Axis2P3D',#6557,#6558,#6559) ;
#6571=AXIS2_PLACEMENT_3D('Circle Axis2P3D',#6569,#6570,$) ;
#6590=AXIS2_PLACEMENT_3D('Circle Axis2P3D',#6588,#6589,$) ;
#6603=AXIS2_PLACEMENT_3D('Plane Axis2P3D',#6600,#6601,#6602) ;
#6620=AXIS2_PLACEMENT_3D('Cylinder Axis2P3D',#6617,#6618,#6619) ;
#6624=AXIS2_PLACEMENT_3D('Circle Axis2P3D',#6622,#6623,$) ;
#6637=AXIS2_PLACEMENT_3D('Plane Axis2P3D',#6634,#6635,#6636) ;
#6679=AXIS2_PLACEMENT_3D('Cylinder Axis2P3D',#6676,#6677,#6678) ;
#6692=AXIS2_PLACEMENT_3D('Circle Axis2P3D',#6690,#6691,$) ;
#6706=AXIS2_PLACEMENT_3D('Circle Axis2P3D',#6704,#6705,$) ;
#6719=AXIS2_PLACEMENT_3D('Plane Axis2P3D',#6716,#6717,#6718) ;
#6732=AXIS2_PLACEMENT_3D('Circle Axis2P3D',#6730,#6731,$) ;
#6786=AXIS2_PLACEMENT_3D('Circle Axis2P3D',#6784,#6785,$) ;
#6800=AXIS2_PLACEMENT_3D('Circle Axis2P3D',#6798,#6799,$) ;
#6820=AXIS2_PLACEMENT_3D('Circle Axis2P3D',#6818,#6819,$) ;
#6829=AXIS2_PLACEMENT_3D('Circle Axis2P3D',#6827,#6828,$) ;
#6838=AXIS2_PLACEMENT_3D('Circle Axis2P3D',#6836,#6837,$) ;
#6847=AXIS2_PLACEMENT_3D('Circle Axis2P3D',#6845,#6846,$) ;
#6858=AXIS2_PLACEMENT_3D('Plane Axis2P3D',#6855,#6856,#6857) ;
#6882=AXIS2_PLACEMENT_3D('Plane Axis2P3D',#6879,#6880,#6881) ;
#6913=AXIS2_PLACEMENT_3D('Plane Axis2P3D',#6910,#6911,#6912) ;
#6937=AXIS2_PLACEMENT_3D('Plane Axis2P3D',#6934,#6935,#6936) ;
#6961=AXIS2_PLACEMENT_3D('Plane Axis2P3D',#6958,#6959,#6960) ;
#6992=AXIS2_PLACEMENT_3D('Cylinder Axis2P3D',#6989,#6990,#6991) ;
#6996=AXIS2_PLACEMENT_3D('Circle Axis2P3D',#6994,#6995,$) ;
#7016=AXIS2_PLACEMENT_3D('Cylinder Axis2P3D',#7013,#7014,#7015) ;
#7027=AXIS2_PLACEMENT_3D('Circle Axis2P3D',#7025,#7026,$) ;
#7066=AXIS2_PLACEMENT_3D('Cylinder Axis2P3D',#7063,#7064,#7065) ;
#7077=AXIS2_PLACEMENT_3D('Circle Axis2P3D',#7075,#7076,$) ;
#7096=AXIS2_PLACEMENT_3D('Circle Axis2P3D',#7094,#7095,$) ;
#7109=AXIS2_PLACEMENT_3D('Cylinder Axis2P3D',#7106,#7107,#7108) ;
#7120=AXIS2_PLACEMENT_3D('Circle Axis2P3D',#7118,#7119,$) ;
#7139=AXIS2_PLACEMENT_3D('Circle Axis2P3D',#7137,#7138,$) ;
#7152=AXIS2_PLACEMENT_3D('Plane Axis2P3D',#7149,#7150,#7151) ;
#7169=AXIS2_PLACEMENT_3D('Plane Axis2P3D',#7166,#7167,#7168) ;
#7186=AXIS2_PLACEMENT_3D('Cylinder Axis2P3D',#7183,#7184,#7185) ;
#7190=AXIS2_PLACEMENT_3D('Circle Axis2P3D',#7188,#7189,$) ;
#7203=AXIS2_PLACEMENT_3D('Plane Axis2P3D',#7200,#7201,#7202) ;
#7237=AXIS2_PLACEMENT_3D('Plane Axis2P3D',#7234,#7235,#7236) ;
#7252=AXIS2_PLACEMENT_3D('Cylinder Axis2P3D',#7249,#7250,#7251) ;
#7265=AXIS2_PLACEMENT_3D('Circle Axis2P3D',#7263,#7264,$) ;
#7279=AXIS2_PLACEMENT_3D('Circle Axis2P3D',#7277,#7278,$) ;
#7291=AXIS2_PLACEMENT_3D('Circle Axis2P3D',#7289,#7290,$) ;
#7296=AXIS2_PLACEMENT_3D('Circle Axis2P3D',#7294,#7295,$) ;
#7308=AXIS2_PLACEMENT_3D('Circle Axis2P3D',#7306,#7307,$) ;
#7317=AXIS2_PLACEMENT_3D('Circle Axis2P3D',#7315,#7316,$) ;
#7331=AXIS2_PLACEMENT_3D('Circle Axis2P3D',#7329,#7330,$) ;
#7340=AXIS2_PLACEMENT_3D('Circle Axis2P3D',#7338,#7339,$) ;
#7349=AXIS2_PLACEMENT_3D('Circle Axis2P3D',#7347,#7348,$) ;
#7358=AXIS2_PLACEMENT_3D('Circle Axis2P3D',#7356,#7357,$) ;
#7369=AXIS2_PLACEMENT_3D('Cylinder Axis2P3D',#7366,#7367,#7368) ;
#7411=AXIS2_PLACEMENT_3D('Circle Axis2P3D',#7409,#7410,$) ;
#7423=AXIS2_PLACEMENT_3D('Circle Axis2P3D',#7421,#7422,$) ;
#7436=AXIS2_PLACEMENT_3D('Plane Axis2P3D',#7433,#7434,#7435) ;
#7444=AXIS2_PLACEMENT_3D('Circle Axis2P3D',#7442,#7443,$) ;
#7453=AXIS2_PLACEMENT_3D('Circle Axis2P3D',#7451,#7452,$) ;
#7472=AXIS2_PLACEMENT_3D('Plane Axis2P3D',#7469,#7470,#7471) ;
#7480=AXIS2_PLACEMENT_3D('Circle Axis2P3D',#7478,#7479,$) ;
#7489=AXIS2_PLACEMENT_3D('Circle Axis2P3D',#7487,#7488,$) ;
#7501=AXIS2_PLACEMENT_3D('Cylinder Axis2P3D',#7498,#7499,#7500) ;
#7535=AXIS2_PLACEMENT_3D('Cylinder Axis2P3D',#7532,#7533,#7534) ;
#7548=AXIS2_PLACEMENT_3D('Circle Axis2P3D',#7546,#7547,$) ;
#7562=AXIS2_PLACEMENT_3D('Circle Axis2P3D',#7560,#7561,$) ;
#7574=AXIS2_PLACEMENT_3D('Circle Axis2P3D',#7572,#7573,$) ;
#7579=AXIS2_PLACEMENT_3D('Circle Axis2P3D',#7577,#7578,$) ;
#7591=AXIS2_PLACEMENT_3D('Circle Axis2P3D',#7589,#7590,$) ;
#7600=AXIS2_PLACEMENT_3D('Circle Axis2P3D',#7598,#7599,$) ;
#7614=AXIS2_PLACEMENT_3D('Circle Axis2P3D',#7612,#7613,$) ;
#7623=AXIS2_PLACEMENT_3D('Circle Axis2P3D',#7621,#7622,$) ;
#7632=AXIS2_PLACEMENT_3D('Circle Axis2P3D',#7630,#7631,$) ;
#7641=AXIS2_PLACEMENT_3D('Circle Axis2P3D',#7639,#7640,$) ;
#7652=AXIS2_PLACEMENT_3D('Cylinder Axis2P3D',#7649,#7650,#7651) ;
#7694=AXIS2_PLACEMENT_3D('Circle Axis2P3D',#7692,#7693,$) ;
#7706=AXIS2_PLACEMENT_3D('Circle Axis2P3D',#7704,#7705,$) ;
#7719=AXIS2_PLACEMENT_3D('Plane Axis2P3D',#7716,#7717,#7718) ;
#7727=AXIS2_PLACEMENT_3D('Circle Axis2P3D',#7725,#7726,$) ;
#7736=AXIS2_PLACEMENT_3D('Circle Axis2P3D',#7734,#7735,$) ;
#7748=AXIS2_PLACEMENT_3D('Plane Axis2P3D',#7745,#7746,#7747) ;
#7756=AXIS2_PLACEMENT_3D('Circle Axis2P3D',#7754,#7755,$) ;
#7765=AXIS2_PLACEMENT_3D('Circle Axis2P3D',#7763,#7764,$) ;
#7777=AXIS2_PLACEMENT_3D('Cylinder Axis2P3D',#7774,#7775,#7776) ;
#7811=AXIS2_PLACEMENT_3D('Plane Axis2P3D',#7808,#7809,#7810) ;
#7851=AXIS2_PLACEMENT_3D('Cylinder Axis2P3D',#7848,#7849,#7850) ;
#7864=AXIS2_PLACEMENT_3D('Circle Axis2P3D',#7862,#7863,$) ;
#7869=AXIS2_PLACEMENT_3D('Circle Axis2P3D',#7867,#7868,$) ;
#7882=AXIS2_PLACEMENT_3D('Plane Axis2P3D',#7879,#7880,#7881) ;
#7922=AXIS2_PLACEMENT_3D('Plane Axis2P3D',#7919,#7920,#7921) ;
#7926=AXIS2_PLACEMENT_3D('Circle Axis2P3D',#7924,#7925,$) ;
#7968=AXIS2_PLACEMENT_3D('Circle Axis2P3D',#7966,#7967,$) ;
#7994=AXIS2_PLACEMENT_3D('Cylinder Axis2P3D',#7991,#7992,#7993) ;
#8007=AXIS2_PLACEMENT_3D('Circle Axis2P3D',#8005,#8006,$) ;
#8012=AXIS2_PLACEMENT_3D('Circle Axis2P3D',#8010,#8011,$) ;
#8025=AXIS2_PLACEMENT_3D('Plane Axis2P3D',#8022,#8023,#8024) ;
#8057=AXIS2_PLACEMENT_3D('Circle Axis2P3D',#8055,#8056,$) ;
#8080=AXIS2_PLACEMENT_3D('Cylinder Axis2P3D',#8077,#8078,#8079) ;
#8091=AXIS2_PLACEMENT_3D('Circle Axis2P3D',#8089,#8090,$) ;
#8104=AXIS2_PLACEMENT_3D('Cylinder Axis2P3D',#8101,#8102,#8103) ;
#8108=AXIS2_PLACEMENT_3D('Circle Axis2P3D',#8106,#8107,$) ;
#8122=AXIS2_PLACEMENT_3D('Circle Axis2P3D',#8120,#8121,$) ;
#8135=AXIS2_PLACEMENT_3D('Plane Axis2P3D',#8132,#8133,#8134) ;
#8159=AXIS2_PLACEMENT_3D('Cylinder Axis2P3D',#8156,#8157,#8158) ;
#8170=AXIS2_PLACEMENT_3D('Circle Axis2P3D',#8168,#8169,$) ;
#8183=AXIS2_PLACEMENT_3D('Plane Axis2P3D',#8180,#8181,#8182) ;
#8199=AXIS2_PLACEMENT_3D('Circle Axis2P3D',#8197,#8198,$) ;
#8238=AXIS2_PLACEMENT_3D('Plane Axis2P3D',#8235,#8236,#8237) ;
#8257=AXIS2_PLACEMENT_3D('Plane Axis2P3D',#8254,#8255,#8256) ;
#8267=AXIS2_PLACEMENT_3D('Circle Axis2P3D',#8265,#8266,$) ;
#8276=AXIS2_PLACEMENT_3D('Circle Axis2P3D',#8274,#8275,$) ;
#8288=AXIS2_PLACEMENT_3D('Cylinder Axis2P3D',#8285,#8286,#8287) ;
#8299=AXIS2_PLACEMENT_3D('Circle Axis2P3D',#8297,#8298,$) ;
#8319=AXIS2_PLACEMENT_3D('Circle Axis2P3D',#8317,#8318,$) ;
#8333=AXIS2_PLACEMENT_3D('Plane Axis2P3D',#8330,#8331,#8332) ;
#8355=AXIS2_PLACEMENT_3D('Plane Axis2P3D',#8352,#8353,#8354) ;
#8375=AXIS2_PLACEMENT_3D('Cylinder Axis2P3D',#8372,#8373,#8374) ;
#8391=AXIS2_PLACEMENT_3D('Plane Axis2P3D',#8388,#8389,#8390) ;
#8431=AXIS2_PLACEMENT_3D('Plane Axis2P3D',#8428,#8429,#8430) ;
#8481=AXIS2_PLACEMENT_3D('Plane Axis2P3D',#8478,#8479,#8480) ;
#8505=AXIS2_PLACEMENT_3D('Plane Axis2P3D',#8502,#8503,#8504) ;
#8532=AXIS2_PLACEMENT_3D('Plane Axis2P3D',#8529,#8530,#8531) ;
#8572=AXIS2_PLACEMENT_3D('Plane Axis2P3D',#8569,#8570,#8571) ;
#8622=AXIS2_PLACEMENT_3D('Plane Axis2P3D',#8619,#8620,#8621) ;
#8646=AXIS2_PLACEMENT_3D('Plane Axis2P3D',#8643,#8644,#8645) ;
#8673=AXIS2_PLACEMENT_3D('Plane Axis2P3D',#8670,#8671,#8672) ;
#8739=AXIS2_PLACEMENT_3D('Plane Axis2P3D',#8736,#8737,#8738) ;
#8763=AXIS2_PLACEMENT_3D('Plane Axis2P3D',#8760,#8761,#8762) ;
#8799=AXIS2_PLACEMENT_3D('Plane Axis2P3D',#8796,#8797,#8798) ;
#8814=AXIS2_PLACEMENT_3D('Plane Axis2P3D',#8811,#8812,#8813) ;
#8818=AXIS2_PLACEMENT_3D('Circle Axis2P3D',#8816,#8817,$) ;
#8855=AXIS2_PLACEMENT_3D('Circle Axis2P3D',#8853,#8854,$) ;
#8902=AXIS2_PLACEMENT_3D('Cylinder Axis2P3D',#8899,#8900,#8901) ;
#8920=AXIS2_PLACEMENT_3D('Circle Axis2P3D',#8918,#8919,$) ;
#8933=AXIS2_PLACEMENT_3D('Plane Axis2P3D',#8930,#8931,#8932) ;
#8957=AXIS2_PLACEMENT_3D('Plane Axis2P3D',#8954,#8955,#8956) ;
#8981=AXIS2_PLACEMENT_3D('Plane Axis2P3D',#8978,#8979,#8980) ;
#9005=AXIS2_PLACEMENT_3D('Plane Axis2P3D',#9002,#9003,#9004) ;
#9029=AXIS2_PLACEMENT_3D('Plane Axis2P3D',#9026,#9027,#9028) ;
#9053=AXIS2_PLACEMENT_3D('Plane Axis2P3D',#9050,#9051,#9052) ;
#9077=AXIS2_PLACEMENT_3D('Plane Axis2P3D',#9074,#9075,#9076) ;
#9101=AXIS2_PLACEMENT_3D('Plane Axis2P3D',#9098,#9099,#9100) ;
#9125=AXIS2_PLACEMENT_3D('Cylinder Axis2P3D',#9122,#9123,#9124) ;
#9129=AXIS2_PLACEMENT_3D('Circle Axis2P3D',#9127,#9128,$) ;
#9142=AXIS2_PLACEMENT_3D('Plane Axis2P3D',#9139,#9140,#9141) ;
#9163=AXIS2_PLACEMENT_3D('Cylinder Axis2P3D',#9160,#9161,#9162) ;
#9167=AXIS2_PLACEMENT_3D('Circle Axis2P3D',#9165,#9166,$) ;
#9183=AXIS2_PLACEMENT_3D('Circle Axis2P3D',#9181,#9182,$) ;
#9203=AXIS2_PLACEMENT_3D('Plane Axis2P3D',#9200,#9201,#9202) ;
#9234=AXIS2_PLACEMENT_3D('Plane Axis2P3D',#9231,#9232,#9233) ;
#9276=AXIS2_PLACEMENT_3D('Cylinder Axis2P3D',#9273,#9274,#9275) ;
#9280=AXIS2_PLACEMENT_3D('Circle Axis2P3D',#9278,#9279,$) ;
#9296=AXIS2_PLACEMENT_3D('Circle Axis2P3D',#9294,#9295,$) ;
#9326=AXIS2_PLACEMENT_3D('Cylinder Axis2P3D',#9323,#9324,#9325) ;
#9349=AXIS2_PLACEMENT_3D('Circle Axis2P3D',#9347,#9348,$) ;
#9363=AXIS2_PLACEMENT_3D('Circle Axis2P3D',#9361,#9362,$) ;
#9384=AXIS2_PLACEMENT_3D('Cylinder Axis2P3D',#9381,#9382,#9383) ;
#9405=AXIS2_PLACEMENT_3D('Circle Axis2P3D',#9403,#9404,$) ;
#9419=AXIS2_PLACEMENT_3D('Circle Axis2P3D',#9417,#9418,$) ;
#9434=AXIS2_PLACEMENT_3D('Plane Axis2P3D',#9431,#9432,#9433) ;
#9465=AXIS2_PLACEMENT_3D('Cylinder Axis2P3D',#9462,#9463,#9464) ;
#9469=AXIS2_PLACEMENT_3D('Circle Axis2P3D',#9467,#9468,$) ;
#9483=AXIS2_PLACEMENT_3D('Circle Axis2P3D',#9481,#9482,$) ;
#9496=AXIS2_PLACEMENT_3D('Plane Axis2P3D',#9493,#9494,#9495) ;
#9527=AXIS2_PLACEMENT_3D('Cylinder Axis2P3D',#9524,#9525,#9526) ;
#9531=AXIS2_PLACEMENT_3D('Circle Axis2P3D',#9529,#9530,$) ;
#9538=AXIS2_PLACEMENT_3D('Circle Axis2P3D',#9536,#9537,$) ;
#9558=AXIS2_PLACEMENT_3D('Plane Axis2P3D',#9555,#9556,#9557) ;
#9589=AXIS2_PLACEMENT_3D('Cylinder Axis2P3D',#9586,#9587,#9588) ;
#9593=AXIS2_PLACEMENT_3D('Circle Axis2P3D',#9591,#9592,$) ;
#9610=AXIS2_PLACEMENT_3D('Circle Axis2P3D',#9608,#9609,$) ;
#9624=AXIS2_PLACEMENT_3D('Circle Axis2P3D',#9622,#9623,$) ;
#9639=AXIS2_PLACEMENT_3D('Plane Axis2P3D',#9636,#9637,#9638) ;
#9670=AXIS2_PLACEMENT_3D('Cylinder Axis2P3D',#9667,#9668,#9669) ;
#9674=AXIS2_PLACEMENT_3D('Circle Axis2P3D',#9672,#9673,$) ;
#9681=AXIS2_PLACEMENT_3D('Circle Axis2P3D',#9679,#9680,$) ;
#9701=AXIS2_PLACEMENT_3D('Cylinder Axis2P3D',#9698,#9699,#9700) ;
#9705=AXIS2_PLACEMENT_3D('Circle Axis2P3D',#9703,#9704,$) ;
#9719=AXIS2_PLACEMENT_3D('Circle Axis2P3D',#9717,#9718,$) ;
#9732=AXIS2_PLACEMENT_3D('Plane Axis2P3D',#9729,#9730,#9731) ;
#9763=AXIS2_PLACEMENT_3D('Cylinder Axis2P3D',#9760,#9761,#9762) ;
#9767=AXIS2_PLACEMENT_3D('Circle Axis2P3D',#9765,#9766,$) ;
#9781=AXIS2_PLACEMENT_3D('Circle Axis2P3D',#9779,#9780,$) ;
#9794=AXIS2_PLACEMENT_3D('Cylinder Axis2P3D',#9791,#9792,#9793) ;
#9798=AXIS2_PLACEMENT_3D('Circle Axis2P3D',#9796,#9797,$) ;
#9805=AXIS2_PLACEMENT_3D('Circle Axis2P3D',#9803,#9804,$) ;
#9851=AXIS2_PLACEMENT_3D('Cylinder Axis2P3D',#9848,#9849,#9850) ;
#9855=AXIS2_PLACEMENT_3D('Circle Axis2P3D',#9853,#9854,$) ;
#9869=AXIS2_PLACEMENT_3D('Circle Axis2P3D',#9867,#9868,$) ;
#9883=AXIS2_PLACEMENT_3D('Cylinder Axis2P3D',#9880,#9881,#9882) ;
#9887=AXIS2_PLACEMENT_3D('Circle Axis2P3D',#9885,#9886,$) ;
#9901=AXIS2_PLACEMENT_3D('Circle Axis2P3D',#9899,#9900,$) ;
#9914=AXIS2_PLACEMENT_3D('Plane Axis2P3D',#9911,#9912,#9913) ;
#9945=AXIS2_PLACEMENT_3D('Cylinder Axis2P3D',#9942,#9943,#9944) ;
#9949=AXIS2_PLACEMENT_3D('Circle Axis2P3D',#9947,#9948,$) ;
#9963=AXIS2_PLACEMENT_3D('Circle Axis2P3D',#9961,#9962,$) ;
#9976=AXIS2_PLACEMENT_3D('Plane Axis2P3D',#9973,#9974,#9975) ;
#10007=AXIS2_PLACEMENT_3D('Cylinder Axis2P3D',#10004,#10005,#10006) ;
#10011=AXIS2_PLACEMENT_3D('Circle Axis2P3D',#10009,#10010,$) ;
#10018=AXIS2_PLACEMENT_3D('Circle Axis2P3D',#10016,#10017,$) ;
#10064=AXIS2_PLACEMENT_3D('Cylinder Axis2P3D',#10061,#10062,#10063) ;
#10068=AXIS2_PLACEMENT_3D('Circle Axis2P3D',#10066,#10067,$) ;
#10085=AXIS2_PLACEMENT_3D('Circle Axis2P3D',#10083,#10084,$) ;
#10099=AXIS2_PLACEMENT_3D('Circle Axis2P3D',#10097,#10098,$) ;
#10114=AXIS2_PLACEMENT_3D('Plane Axis2P3D',#10111,#10112,#10113) ;
#10145=AXIS2_PLACEMENT_3D('Cylinder Axis2P3D',#10142,#10143,#10144) ;
#10149=AXIS2_PLACEMENT_3D('Circle Axis2P3D',#10147,#10148,$) ;
#10156=AXIS2_PLACEMENT_3D('Circle Axis2P3D',#10154,#10155,$) ;
#10176=AXIS2_PLACEMENT_3D('Cylinder Axis2P3D',#10173,#10174,#10175) ;
#10180=AXIS2_PLACEMENT_3D('Circle Axis2P3D',#10178,#10179,$) ;
#10194=AXIS2_PLACEMENT_3D('Circle Axis2P3D',#10192,#10193,$) ;
#10207=AXIS2_PLACEMENT_3D('Plane Axis2P3D',#10204,#10205,#10206) ;
#10238=AXIS2_PLACEMENT_3D('Cylinder Axis2P3D',#10235,#10236,#10237) ;
#10242=AXIS2_PLACEMENT_3D('Circle Axis2P3D',#10240,#10241,$) ;
#10256=AXIS2_PLACEMENT_3D('Circle Axis2P3D',#10254,#10255,$) ;
#10269=AXIS2_PLACEMENT_3D('Cylinder Axis2P3D',#10266,#10267,#10268) ;
#10273=AXIS2_PLACEMENT_3D('Circle Axis2P3D',#10271,#10272,$) ;
#10280=AXIS2_PLACEMENT_3D('Circle Axis2P3D',#10278,#10279,$) ;
#10326=AXIS2_PLACEMENT_3D('Cylinder Axis2P3D',#10323,#10324,#10325) ;
#10330=AXIS2_PLACEMENT_3D('Circle Axis2P3D',#10328,#10329,$) ;
#10337=AXIS2_PLACEMENT_3D('Circle Axis2P3D',#10335,#10336,$) ;
#10357=AXIS2_PLACEMENT_3D('Cylinder Axis2P3D',#10354,#10355,#10356) ;
#10361=AXIS2_PLACEMENT_3D('Circle Axis2P3D',#10359,#10360,$) ;
#10377=AXIS2_PLACEMENT_3D('Circle Axis2P3D',#10375,#10376,$) ;
#10408=AXIS2_PLACEMENT_3D('Circle Axis2P3D',#10406,#10407,$) ;
#10436=AXIS2_PLACEMENT_3D('Circle Axis2P3D',#10434,#10435,$) ;
#10474=AXIS2_PLACEMENT_3D('Circle Axis2P3D',#10472,#10473,$) ;
#10502=AXIS2_PLACEMENT_3D('Circle Axis2P3D',#10500,#10501,$) ;
#10529=AXIS2_PLACEMENT_3D('Plane Axis2P3D',#10526,#10527,#10528) ;
#10546=AXIS2_PLACEMENT_3D('Plane Axis2P3D',#10543,#10544,#10545) ;
#10563=AXIS2_PLACEMENT_3D('Plane Axis2P3D',#10560,#10561,#10562) ;
#10576=AXIS2_PLACEMENT_3D('Circle Axis2P3D',#10574,#10575,$) ;
#10590=AXIS2_PLACEMENT_3D('Circle Axis2P3D',#10588,#10589,$) ;
#10600=AXIS2_PLACEMENT_3D('Circle Axis2P3D',#10598,#10599,$) ;
#10614=AXIS2_PLACEMENT_3D('Circle Axis2P3D',#10612,#10613,$) ;
#10628=AXIS2_PLACEMENT_3D('Circle Axis2P3D',#10626,#10627,$) ;
#10635=AXIS2_PLACEMENT_3D('Circle Axis2P3D',#10633,#10634,$) ;
#10649=AXIS2_PLACEMENT_3D('Circle Axis2P3D',#10647,#10648,$) ;
#10656=AXIS2_PLACEMENT_3D('Circle Axis2P3D',#10654,#10655,$) ;
#10695=AXIS2_PLACEMENT_3D('Circle Axis2P3D',#10693,#10694,$) ;
#10704=AXIS2_PLACEMENT_3D('Circle Axis2P3D',#10702,#10703,$) ;
#10713=AXIS2_PLACEMENT_3D('Circle Axis2P3D',#10711,#10712,$) ;
#10722=AXIS2_PLACEMENT_3D('Circle Axis2P3D',#10720,#10721,$) ;
#10731=AXIS2_PLACEMENT_3D('Circle Axis2P3D',#10729,#10730,$) ;
#10740=AXIS2_PLACEMENT_3D('Circle Axis2P3D',#10738,#10739,$) ;
#10747=AXIS2_PLACEMENT_3D('Circle Axis2P3D',#10745,#10746,$) ;
#10757=AXIS2_PLACEMENT_3D('Circle Axis2P3D',#10755,#10756,$) ;
#10766=AXIS2_PLACEMENT_3D('Circle Axis2P3D',#10764,#10765,$) ;
#10773=AXIS2_PLACEMENT_3D('Circle Axis2P3D',#10771,#10772,$) ;
#10783=AXIS2_PLACEMENT_3D('Circle Axis2P3D',#10781,#10782,$) ;
#10792=AXIS2_PLACEMENT_3D('Circle Axis2P3D',#10790,#10791,$) ;
#10801=AXIS2_PLACEMENT_3D('Circle Axis2P3D',#10799,#10800,$) ;
#10810=AXIS2_PLACEMENT_3D('Circle Axis2P3D',#10808,#10809,$) ;
#10819=AXIS2_PLACEMENT_3D('Circle Axis2P3D',#10817,#10818,$) ;
#10828=AXIS2_PLACEMENT_3D('Circle Axis2P3D',#10826,#10827,$) ;
#10839=AXIS2_PLACEMENT_3D('Cylinder Axis2P3D',#10836,#10837,#10838) ;
#10851=AXIS2_PLACEMENT_3D('Cylinder Axis2P3D',#10848,#10849,#10850) ;
#10868=AXIS2_PLACEMENT_3D('Plane Axis2P3D',#10865,#10866,#10867) ;
#10872=AXIS2_PLACEMENT_3D('Circle Axis2P3D',#10870,#10871,$) ;
#10888=AXIS2_PLACEMENT_3D('Circle Axis2P3D',#10886,#10887,$) ;
#10893=AXIS2_PLACEMENT_3D('Circle Axis2P3D',#10891,#10892,$) ;
#10907=AXIS2_PLACEMENT_3D('Circle Axis2P3D',#10905,#10906,$) ;
#10941=AXIS2_PLACEMENT_3D('Cylinder Axis2P3D',#10938,#10939,#10940) ;
#10958=AXIS2_PLACEMENT_3D('Cylinder Axis2P3D',#10955,#10956,#10957) ;
#10975=AXIS2_PLACEMENT_3D('Cylinder Axis2P3D',#10972,#10973,#10974) ;
#10979=AXIS2_PLACEMENT_3D('Circle Axis2P3D',#10977,#10978,$) ;
#11006=AXIS2_PLACEMENT_3D('Cylinder Axis2P3D',#11003,#11004,#11005) ;
#11017=AXIS2_PLACEMENT_3D('Circle Axis2P3D',#11015,#11016,$) ;
#11030=AXIS2_PLACEMENT_3D('Plane Axis2P3D',#11027,#11028,#11029) ;
#11054=AXIS2_PLACEMENT_3D('Cylinder Axis2P3D',#11051,#11052,#11053) ;
#11065=AXIS2_PLACEMENT_3D('Circle Axis2P3D',#11063,#11064,$) ;
#11078=AXIS2_PLACEMENT_3D('Cylinder Axis2P3D',#11075,#11076,#11077) ;
#11082=AXIS2_PLACEMENT_3D('Circle Axis2P3D',#11080,#11081,$) ;
#11110=AXIS2_PLACEMENT_3D('Circle Axis2P3D',#11108,#11109,$) ;
#11137=AXIS2_PLACEMENT_3D('Cylinder Axis2P3D',#11134,#11135,#11136) ;
#11141=AXIS2_PLACEMENT_3D('Circle Axis2P3D',#11139,#11140,$) ;
#11155=AXIS2_PLACEMENT_3D('Circle Axis2P3D',#11153,#11154,$) ;
#11168=AXIS2_PLACEMENT_3D('Plane Axis2P3D',#11165,#11166,#11167) ;
#11199=AXIS2_PLACEMENT_3D('Cylinder Axis2P3D',#11196,#11197,#11198) ;
#11212=AXIS2_PLACEMENT_3D('Circle Axis2P3D',#11210,#11211,$) ;
#11227=AXIS2_PLACEMENT_3D('Circle Axis2P3D',#11225,#11226,$) ;
#11241=AXIS2_PLACEMENT_3D('Cylinder Axis2P3D',#11238,#11239,#11240) ;
#11245=AXIS2_PLACEMENT_3D('Circle Axis2P3D',#11243,#11244,$) ;
#11259=AXIS2_PLACEMENT_3D('Circle Axis2P3D',#11257,#11258,$) ;
#11272=AXIS2_PLACEMENT_3D('Plane Axis2P3D',#11269,#11270,#11271) ;
#11303=AXIS2_PLACEMENT_3D('Cylinder Axis2P3D',#11300,#11301,#11302) ;
#11307=AXIS2_PLACEMENT_3D('Circle Axis2P3D',#11305,#11306,$) ;
#11321=AXIS2_PLACEMENT_3D('Circle Axis2P3D',#11319,#11320,$) ;
#11334=AXIS2_PLACEMENT_3D('Cylinder Axis2P3D',#11331,#11332,#11333) ;
#11357=AXIS2_PLACEMENT_3D('Circle Axis2P3D',#11355,#11356,$) ;
#11362=AXIS2_PLACEMENT_3D('Circle Axis2P3D',#11360,#11361,$) ;
#11402=AXIS2_PLACEMENT_3D('Cylinder Axis2P3D',#11399,#11400,#11401) ;
#11406=AXIS2_PLACEMENT_3D('Circle Axis2P3D',#11404,#11405,$) ;
#11420=AXIS2_PLACEMENT_3D('Circle Axis2P3D',#11418,#11419,$) ;
#11433=AXIS2_PLACEMENT_3D('Plane Axis2P3D',#11430,#11431,#11432) ;
#11444=AXIS2_PLACEMENT_3D('Circle Axis2P3D',#11442,#11443,$) ;
#11454=AXIS2_PLACEMENT_3D('Circle Axis2P3D',#11452,#11453,$) ;
#11478=AXIS2_PLACEMENT_3D('Cylinder Axis2P3D',#11475,#11476,#11477) ;
#11495=AXIS2_PLACEMENT_3D('Plane Axis2P3D',#11492,#11493,#11494) ;
#11507=AXIS2_PLACEMENT_3D('Plane Axis2P3D',#11504,#11505,#11506) ;
#11524=AXIS2_PLACEMENT_3D('Cylinder Axis2P3D',#11521,#11522,#11523) ;
#11545=AXIS2_PLACEMENT_3D('Circle Axis2P3D',#11543,#11544,$) ;
#11572=AXIS2_PLACEMENT_3D('Cylinder Axis2P3D',#11569,#11570,#11571) ;
#11576=AXIS2_PLACEMENT_3D('Circle Axis2P3D',#11574,#11575,$) ;
#11592=AXIS2_PLACEMENT_3D('Circle Axis2P3D',#11590,#11591,$) ;
#11612=AXIS2_PLACEMENT_3D('Plane Axis2P3D',#11609,#11610,#11611) ;
#11643=AXIS2_PLACEMENT_3D('Cylinder Axis2P3D',#11640,#11641,#11642) ;
#11647=AXIS2_PLACEMENT_3D('Circle Axis2P3D',#11645,#11646,$) ;
#11654=AXIS2_PLACEMENT_3D('Circle Axis2P3D',#11652,#11653,$) ;
#11674=AXIS2_PLACEMENT_3D('Plane Axis2P3D',#11671,#11672,#11673) ;
#11756=AXIS2_PLACEMENT_3D('Circle Axis2P3D',#11754,#11755,$) ;
#11784=AXIS2_PLACEMENT_3D('Circle Axis2P3D',#11782,#11783,$) ;
#11804=AXIS2_PLACEMENT_3D('Cylinder Axis2P3D',#11801,#11802,#11803) ;
#11808=AXIS2_PLACEMENT_3D('Circle Axis2P3D',#11806,#11807,$) ;
#11836=AXIS2_PLACEMENT_3D('Plane Axis2P3D',#11833,#11834,#11835) ;
#11866=AXIS2_PLACEMENT_3D('Circle Axis2P3D',#11864,#11865,$) ;
#11875=AXIS2_PLACEMENT_3D('Circle Axis2P3D',#11873,#11874,$) ;
#11884=AXIS2_PLACEMENT_3D('Circle Axis2P3D',#11882,#11883,$) ;
#11893=AXIS2_PLACEMENT_3D('Circle Axis2P3D',#11891,#11892,$) ;
#11902=AXIS2_PLACEMENT_3D('Circle Axis2P3D',#11900,#11901,$) ;
#11911=AXIS2_PLACEMENT_3D('Circle Axis2P3D',#11909,#11910,$) ;
#11920=AXIS2_PLACEMENT_3D('Circle Axis2P3D',#11918,#11919,$) ;
#11929=AXIS2_PLACEMENT_3D('Circle Axis2P3D',#11927,#11928,$) ;
#11938=AXIS2_PLACEMENT_3D('Circle Axis2P3D',#11936,#11937,$) ;
#11947=AXIS2_PLACEMENT_3D('Circle Axis2P3D',#11945,#11946,$) ;
#11956=AXIS2_PLACEMENT_3D('Circle Axis2P3D',#11954,#11955,$) ;
#11965=AXIS2_PLACEMENT_3D('Circle Axis2P3D',#11963,#11964,$) ;
#11974=AXIS2_PLACEMENT_3D('Circle Axis2P3D',#11972,#11973,$) ;
#11983=AXIS2_PLACEMENT_3D('Circle Axis2P3D',#11981,#11982,$) ;
#11992=AXIS2_PLACEMENT_3D('Circle Axis2P3D',#11990,#11991,$) ;
#12001=AXIS2_PLACEMENT_3D('Circle Axis2P3D',#11999,#12000,$) ;
#12010=AXIS2_PLACEMENT_3D('Circle Axis2P3D',#12008,#12009,$) ;
#12019=AXIS2_PLACEMENT_3D('Circle Axis2P3D',#12017,#12018,$) ;
#12028=AXIS2_PLACEMENT_3D('Circle Axis2P3D',#12026,#12027,$) ;
#12037=AXIS2_PLACEMENT_3D('Circle Axis2P3D',#12035,#12036,$) ;
#12046=AXIS2_PLACEMENT_3D('Circle Axis2P3D',#12044,#12045,$) ;
#12058=AXIS2_PLACEMENT_3D('Cylinder Axis2P3D',#12055,#12056,#12057) ;
#12071=AXIS2_PLACEMENT_3D('Cylinder Axis2P3D',#12068,#12069,#12070) ;
#12103=AXIS2_PLACEMENT_3D('Cylinder Axis2P3D',#12100,#12101,#12102) ;
#12107=AXIS2_PLACEMENT_3D('Circle Axis2P3D',#12105,#12106,$) ;
#12134=AXIS2_PLACEMENT_3D('Circle Axis2P3D',#12132,#12133,$) ;
#12148=AXIS2_PLACEMENT_3D('Cylinder Axis2P3D',#12145,#12146,#12147) ;
#12152=AXIS2_PLACEMENT_3D('Circle Axis2P3D',#12150,#12151,$) ;
#12179=AXIS2_PLACEMENT_3D('Circle Axis2P3D',#12177,#12178,$) ;
#12193=AXIS2_PLACEMENT_3D('Cylinder Axis2P3D',#12190,#12191,#12192) ;
#12204=AXIS2_PLACEMENT_3D('Circle Axis2P3D',#12202,#12203,$) ;
#12224=AXIS2_PLACEMENT_3D('Circle Axis2P3D',#12222,#12223,$) ;
#12238=AXIS2_PLACEMENT_3D('Cylinder Axis2P3D',#12235,#12236,#12237) ;
#12249=AXIS2_PLACEMENT_3D('Circle Axis2P3D',#12247,#12248,$) ;
#12269=AXIS2_PLACEMENT_3D('Circle Axis2P3D',#12267,#12268,$) ;
#12283=AXIS2_PLACEMENT_3D('Cylinder Axis2P3D',#12280,#12281,#12282) ;
#12294=AXIS2_PLACEMENT_3D('Circle Axis2P3D',#12292,#12293,$) ;
#12314=AXIS2_PLACEMENT_3D('Circle Axis2P3D',#12312,#12313,$) ;
#12328=AXIS2_PLACEMENT_3D('Cylinder Axis2P3D',#12325,#12326,#12327) ;
#12339=AXIS2_PLACEMENT_3D('Circle Axis2P3D',#12337,#12338,$) ;
#12359=AXIS2_PLACEMENT_3D('Circle Axis2P3D',#12357,#12358,$) ;
#12373=AXIS2_PLACEMENT_3D('Plane Axis2P3D',#12370,#12371,#12372) ;
#12377=AXIS2_PLACEMENT_3D('Circle Axis2P3D',#12375,#12376,$) ;
#12386=AXIS2_PLACEMENT_3D('Circle Axis2P3D',#12384,#12385,$) ;
#12401=AXIS2_PLACEMENT_3D('Circle Axis2P3D',#12399,#12400,$) ;
#12410=AXIS2_PLACEMENT_3D('Circle Axis2P3D',#12408,#12409,$) ;
#12432=AXIS2_PLACEMENT_3D('Circle Axis2P3D',#12430,#12431,$) ;
#12465=AXIS2_PLACEMENT_3D('Circle Axis2P3D',#12463,#12464,$) ;
#12492=AXIS2_PLACEMENT_3D('Plane Axis2P3D',#12489,#12490,#12491) ;
#12503=AXIS2_PLACEMENT_3D('Circle Axis2P3D',#12501,#12502,$) ;
#12517=AXIS2_PLACEMENT_3D('Circle Axis2P3D',#12515,#12516,$) ;
#12552=AXIS2_PLACEMENT_3D('Cylinder Axis2P3D',#12549,#12550,#12551) ;
#12583=AXIS2_PLACEMENT_3D('Cylinder Axis2P3D',#12580,#12581,#12582) ;
#12614=AXIS2_PLACEMENT_3D('Cylinder Axis2P3D',#12611,#12612,#12613) ;
#12634=AXIS2_PLACEMENT_3D('Torus Axis2P3D',#12631,#12632,#12633) ;
#12638=AXIS2_PLACEMENT_3D('Circle Axis2P3D',#12636,#12637,$) ;
#12643=AXIS2_PLACEMENT_3D('Circle Axis2P3D',#12641,#12642,$) ;
#12657=AXIS2_PLACEMENT_3D('Cylinder Axis2P3D',#12654,#12655,#12656) ;
#12670=AXIS2_PLACEMENT_3D('Cylinder Axis2P3D',#12667,#12668,#12669) ;
#12674=AXIS2_PLACEMENT_3D('Circle Axis2P3D',#12672,#12673,$) ;
#12688=AXIS2_PLACEMENT_3D('Torus Axis2P3D',#12685,#12686,#12687) ;
#12692=AXIS2_PLACEMENT_3D('Circle Axis2P3D',#12690,#12691,$) ;
#12706=AXIS2_PLACEMENT_3D('Cylinder Axis2P3D',#12703,#12704,#12705) ;
#12728=AXIS2_PLACEMENT_3D('Plane Axis2P3D',#12725,#12726,#12727) ;
#12747=AXIS2_PLACEMENT_3D('Circle Axis2P3D',#12745,#12746,$) ;
#12756=AXIS2_PLACEMENT_3D('Circle Axis2P3D',#12754,#12755,$) ;
#12768=AXIS2_PLACEMENT_3D('Cylinder Axis2P3D',#12765,#12766,#12767) ;
#12782=AXIS2_PLACEMENT_3D('Cylinder Axis2P3D',#12779,#12780,#12781) ;
#12793=AXIS2_PLACEMENT_3D('Circle Axis2P3D',#12791,#12792,$) ;
#12813=AXIS2_PLACEMENT_3D('Circle Axis2P3D',#12811,#12812,$) ;
#12827=AXIS2_PLACEMENT_3D('Plane Axis2P3D',#12824,#12825,#12826) ;
#12875=AXIS2_PLACEMENT_3D('Circle Axis2P3D',#12873,#12874,$) ;
#12884=AXIS2_PLACEMENT_3D('Circle Axis2P3D',#12882,#12883,$) ;
#12893=AXIS2_PLACEMENT_3D('Circle Axis2P3D',#12891,#12892,$) ;
#12902=AXIS2_PLACEMENT_3D('Circle Axis2P3D',#12900,#12901,$) ;
#12915=AXIS2_PLACEMENT_3D('Circle Axis2P3D',#12913,#12914,$) ;
#12924=AXIS2_PLACEMENT_3D('Circle Axis2P3D',#12922,#12923,$) ;
#12936=AXIS2_PLACEMENT_3D('Cylinder Axis2P3D',#12933,#12934,#12935) ;
#12940=AXIS2_PLACEMENT_3D('Circle Axis2P3D',#12938,#12939,$) ;
#12967=AXIS2_PLACEMENT_3D('Circle Axis2P3D',#12965,#12966,$) ;
#12981=AXIS2_PLACEMENT_3D('Cylinder Axis2P3D',#12978,#12979,#12980) ;
#12985=AXIS2_PLACEMENT_3D('Circle Axis2P3D',#12983,#12984,$) ;
#13012=AXIS2_PLACEMENT_3D('Circle Axis2P3D',#13010,#13011,$) ;
#13026=AXIS2_PLACEMENT_3D('Cylinder Axis2P3D',#13023,#13024,#13025) ;
#13030=AXIS2_PLACEMENT_3D('Circle Axis2P3D',#13028,#13029,$) ;
#13057=AXIS2_PLACEMENT_3D('Circle Axis2P3D',#13055,#13056,$) ;
#13090=AXIS2_PLACEMENT_3D('Cylinder Axis2P3D',#13087,#13088,#13089) ;
#13147=AXIS2_PLACEMENT_3D('Cylinder Axis2P3D',#13144,#13145,#13146) ;
#13167=AXIS2_PLACEMENT_3D('Cylinder Axis2P3D',#13164,#13165,#13166) ;
#13187=AXIS2_PLACEMENT_3D('Cylinder Axis2P3D',#13184,#13185,#13186) ;
#13201=AXIS2_PLACEMENT_3D('Cylinder Axis2P3D',#13198,#13199,#13200) ;
#13232=AXIS2_PLACEMENT_3D('Cylinder Axis2P3D',#13229,#13230,#13231) ;
#13263=AXIS2_PLACEMENT_3D('Cylinder Axis2P3D',#13260,#13261,#13262) ;
#13297=AXIS2_PLACEMENT_3D('Plane Axis2P3D',#13294,#13295,#13296) ;
#13337=AXIS2_PLACEMENT_3D('Plane Axis2P3D',#13334,#13335,#13336) ;
#13341=AXIS2_PLACEMENT_3D('Circle Axis2P3D',#13339,#13340,$) ;
#13357=AXIS2_PLACEMENT_3D('Circle Axis2P3D',#13355,#13356,$) ;
#13371=AXIS2_PLACEMENT_3D('Circle Axis2P3D',#13369,#13370,$) ;
#13413=AXIS2_PLACEMENT_3D('Circle Axis2P3D',#13411,#13412,$) ;
#13455=AXIS2_PLACEMENT_3D('Circle Axis2P3D',#13453,#13454,$) ;
#13469=AXIS2_PLACEMENT_3D('Circle Axis2P3D',#13467,#13468,$) ;
#13482=AXIS2_PLACEMENT_3D('Cylinder Axis2P3D',#13479,#13480,#13481) ;
#13493=AXIS2_PLACEMENT_3D('Circle Axis2P3D',#13491,#13492,$) ;
#13506=AXIS2_PLACEMENT_3D('Plane Axis2P3D',#13503,#13504,#13505) ;
#13537=AXIS2_PLACEMENT_3D('Cylinder Axis2P3D',#13534,#13535,#13536) ;
#13548=AXIS2_PLACEMENT_3D('Circle Axis2P3D',#13546,#13547,$) ;
#13568=AXIS2_PLACEMENT_3D('Plane Axis2P3D',#13565,#13566,#13567) ;
#13592=AXIS2_PLACEMENT_3D('Plane Axis2P3D',#13589,#13590,#13591) ;
#13616=AXIS2_PLACEMENT_3D('Plane Axis2P3D',#13613,#13614,#13615) ;
#13640=AXIS2_PLACEMENT_3D('Cylinder Axis2P3D',#13637,#13638,#13639) ;
#13651=AXIS2_PLACEMENT_3D('Circle Axis2P3D',#13649,#13650,$) ;
#13671=AXIS2_PLACEMENT_3D('Cylinder Axis2P3D',#13668,#13669,#13670) ;
#13682=AXIS2_PLACEMENT_3D('Circle Axis2P3D',#13680,#13681,$) ;
#13702=AXIS2_PLACEMENT_3D('Plane Axis2P3D',#13699,#13700,#13701) ;
#13726=AXIS2_PLACEMENT_3D('Plane Axis2P3D',#13723,#13724,#13725) ;
#13750=AXIS2_PLACEMENT_3D('Cylinder Axis2P3D',#13747,#13748,#13749) ;
#13754=AXIS2_PLACEMENT_3D('Circle Axis2P3D',#13752,#13753,$) ;
#13767=AXIS2_PLACEMENT_3D('Plane Axis2P3D',#13764,#13765,#13766) ;
#13784=AXIS2_PLACEMENT_3D('Plane Axis2P3D',#13781,#13782,#13783) ;
#13808=AXIS2_PLACEMENT_3D('Plane Axis2P3D',#13805,#13806,#13807) ;
#13825=AXIS2_PLACEMENT_3D('Plane Axis2P3D',#13822,#13823,#13824) ;
#13849=AXIS2_PLACEMENT_3D('Plane Axis2P3D',#13846,#13847,#13848) ;
#13866=AXIS2_PLACEMENT_3D('Cylinder Axis2P3D',#13863,#13864,#13865) ;
#13870=AXIS2_PLACEMENT_3D('Circle Axis2P3D',#13868,#13869,$) ;
#13883=AXIS2_PLACEMENT_3D('Plane Axis2P3D',#13880,#13881,#13882) ;
#13914=AXIS2_PLACEMENT_3D('Plane Axis2P3D',#13911,#13912,#13913) ;
#13954=AXIS2_PLACEMENT_3D('Cylinder Axis2P3D',#13951,#13952,#13953) ;
#13958=AXIS2_PLACEMENT_3D('Circle Axis2P3D',#13956,#13957,$) ;
#13965=AXIS2_PLACEMENT_3D('Circle Axis2P3D',#13963,#13964,$) ;
#13985=AXIS2_PLACEMENT_3D('Plane Axis2P3D',#13982,#13983,#13984) ;
#14016=AXIS2_PLACEMENT_3D('Cylinder Axis2P3D',#14013,#14014,#14015) ;
#14020=AXIS2_PLACEMENT_3D('Circle Axis2P3D',#14018,#14019,$) ;
#14034=AXIS2_PLACEMENT_3D('Circle Axis2P3D',#14032,#14033,$) ;
#14047=AXIS2_PLACEMENT_3D('Plane Axis2P3D',#14044,#14045,#14046) ;
#14078=AXIS2_PLACEMENT_3D('Cylinder Axis2P3D',#14075,#14076,#14077) ;
#14082=AXIS2_PLACEMENT_3D('Circle Axis2P3D',#14080,#14081,$) ;
#14089=AXIS2_PLACEMENT_3D('Circle Axis2P3D',#14087,#14088,$) ;
#14109=AXIS2_PLACEMENT_3D('Plane Axis2P3D',#14106,#14107,#14108) ;
#14145=AXIS2_PLACEMENT_3D('Plane Axis2P3D',#14142,#14143,#14144) ;
#14169=AXIS2_PLACEMENT_3D('Plane Axis2P3D',#14166,#14167,#14168) ;
#14198=AXIS2_PLACEMENT_3D('Plane Axis2P3D',#14195,#14196,#14197) ;
#14215=AXIS2_PLACEMENT_3D('Plane Axis2P3D',#14212,#14213,#14214) ;
#14230=AXIS2_PLACEMENT_3D('Plane Axis2P3D',#14227,#14228,#14229) ;
#14270=AXIS2_PLACEMENT_3D('Plane Axis2P3D',#14267,#14268,#14269) ;
#14301=AXIS2_PLACEMENT_3D('Plane Axis2P3D',#14298,#14299,#14300) ;
#14332=AXIS2_PLACEMENT_3D('Plane Axis2P3D',#14329,#14330,#14331) ;
#14336=AXIS2_PLACEMENT_3D('Circle Axis2P3D',#14334,#14335,$) ;
#14350=AXIS2_PLACEMENT_3D('Circle Axis2P3D',#14348,#14349,$) ;
#14373=AXIS2_PLACEMENT_3D('Plane Axis2P3D',#14370,#14371,#14372) ;
#14384=AXIS2_PLACEMENT_3D('Circle Axis2P3D',#14382,#14383,$) ;
#14398=AXIS2_PLACEMENT_3D('Circle Axis2P3D',#14396,#14397,$) ;
#14414=AXIS2_PLACEMENT_3D('Plane Axis2P3D',#14411,#14412,#14413) ;
#14436=AXIS2_PLACEMENT_3D('Cylinder Axis2P3D',#14433,#14434,#14435) ;
#14448=AXIS2_PLACEMENT_3D('Cylinder Axis2P3D',#14445,#14446,#14447) ;
#14465=AXIS2_PLACEMENT_3D('Plane Axis2P3D',#14462,#14463,#14464) ;
#14480=AXIS2_PLACEMENT_3D('Plane Axis2P3D',#14477,#14478,#14479) ;
#14520=AXIS2_PLACEMENT_3D('Cylinder Axis2P3D',#14517,#14518,#14519) ;
#14524=AXIS2_PLACEMENT_3D('Circle Axis2P3D',#14522,#14523,$) ;
#14531=AXIS2_PLACEMENT_3D('Circle Axis2P3D',#14529,#14530,$) ;
#14551=AXIS2_PLACEMENT_3D('Plane Axis2P3D',#14548,#14549,#14550) ;
#14582=AXIS2_PLACEMENT_3D('Cylinder Axis2P3D',#14579,#14580,#14581) ;
#14586=AXIS2_PLACEMENT_3D('Circle Axis2P3D',#14584,#14585,$) ;
#14600=AXIS2_PLACEMENT_3D('Circle Axis2P3D',#14598,#14599,$) ;
#14613=AXIS2_PLACEMENT_3D('Plane Axis2P3D',#14610,#14611,#14612) ;
#14644=AXIS2_PLACEMENT_3D('Cylinder Axis2P3D',#14641,#14642,#14643) ;
#14648=AXIS2_PLACEMENT_3D('Circle Axis2P3D',#14646,#14647,$) ;
#14655=AXIS2_PLACEMENT_3D('Circle Axis2P3D',#14653,#14654,$) ;
#14675=AXIS2_PLACEMENT_3D('Plane Axis2P3D',#14672,#14673,#14674) ;
#14711=AXIS2_PLACEMENT_3D('Plane Axis2P3D',#14708,#14709,#14710) ;
#14735=AXIS2_PLACEMENT_3D('Plane Axis2P3D',#14732,#14733,#14734) ;
#14764=AXIS2_PLACEMENT_3D('Plane Axis2P3D',#14761,#14762,#14763) ;
#14781=AXIS2_PLACEMENT_3D('Plane Axis2P3D',#14778,#14779,#14780) ;
#14796=AXIS2_PLACEMENT_3D('Plane Axis2P3D',#14793,#14794,#14795) ;
#14836=AXIS2_PLACEMENT_3D('Plane Axis2P3D',#14833,#14834,#14835) ;
#14867=AXIS2_PLACEMENT_3D('Plane Axis2P3D',#14864,#14865,#14866) ;
#14898=AXIS2_PLACEMENT_3D('Plane Axis2P3D',#14895,#14896,#14897) ;
#14902=AXIS2_PLACEMENT_3D('Circle Axis2P3D',#14900,#14901,$) ;
#14916=AXIS2_PLACEMENT_3D('Circle Axis2P3D',#14914,#14915,$) ;
#14939=AXIS2_PLACEMENT_3D('Plane Axis2P3D',#14936,#14937,#14938) ;
#14950=AXIS2_PLACEMENT_3D('Circle Axis2P3D',#14948,#14949,$) ;
#14964=AXIS2_PLACEMENT_3D('Circle Axis2P3D',#14962,#14963,$) ;
#14980=AXIS2_PLACEMENT_3D('Plane Axis2P3D',#14977,#14978,#14979) ;
#15002=AXIS2_PLACEMENT_3D('Cylinder Axis2P3D',#14999,#15000,#15001) ;
#15014=AXIS2_PLACEMENT_3D('Cylinder Axis2P3D',#15011,#15012,#15013) ;
#15031=AXIS2_PLACEMENT_3D('Plane Axis2P3D',#15028,#15029,#15030) ;
#15046=AXIS2_PLACEMENT_3D('Plane Axis2P3D',#15043,#15044,#15045) ;
#15112=AXIS2_PLACEMENT_3D('Plane Axis2P3D',#15109,#15110,#15111) ;
#15136=AXIS2_PLACEMENT_3D('Plane Axis2P3D',#15133,#15134,#15135) ;
#15172=AXIS2_PLACEMENT_3D('Plane Axis2P3D',#15169,#15170,#15171) ;
#15187=AXIS2_PLACEMENT_3D('Plane Axis2P3D',#15184,#15185,#15186) ;
#15227=AXIS2_PLACEMENT_3D('Plane Axis2P3D',#15224,#15225,#15226) ;
#15277=AXIS2_PLACEMENT_3D('Plane Axis2P3D',#15274,#15275,#15276) ;
#15301=AXIS2_PLACEMENT_3D('Plane Axis2P3D',#15298,#15299,#15300) ;
#15328=AXIS2_PLACEMENT_3D('Plane Axis2P3D',#15325,#15326,#15327) ;
#15368=AXIS2_PLACEMENT_3D('Plane Axis2P3D',#15365,#15366,#15367) ;
#15418=AXIS2_PLACEMENT_3D('Plane Axis2P3D',#15415,#15416,#15417) ;
#15442=AXIS2_PLACEMENT_3D('Plane Axis2P3D',#15439,#15440,#15441) ;
#15469=AXIS2_PLACEMENT_3D('Plane Axis2P3D',#15466,#15467,#15468) ;
#15509=AXIS2_PLACEMENT_3D('Plane Axis2P3D',#15506,#15507,#15508) ;
#15559=AXIS2_PLACEMENT_3D('Plane Axis2P3D',#15556,#15557,#15558) ;
#15583=AXIS2_PLACEMENT_3D('Plane Axis2P3D',#15580,#15581,#15582) ;
#15610=AXIS2_PLACEMENT_3D('Cylinder Axis2P3D',#15607,#15608,#15609) ;
#15623=AXIS2_PLACEMENT_3D('Circle Axis2P3D',#15621,#15622,$) ;
#15637=AXIS2_PLACEMENT_3D('Circle Axis2P3D',#15635,#15636,$) ;
#15650=AXIS2_PLACEMENT_3D('Cylinder Axis2P3D',#15647,#15648,#15649) ;
#15663=AXIS2_PLACEMENT_3D('Circle Axis2P3D',#15661,#15662,$) ;
#15677=AXIS2_PLACEMENT_3D('Circle Axis2P3D',#15675,#15676,$) ;
#15690=AXIS2_PLACEMENT_3D('Plane Axis2P3D',#15687,#15688,#15689) ;
#15721=AXIS2_PLACEMENT_3D('Plane Axis2P3D',#15718,#15719,#15720) ;
#15761=AXIS2_PLACEMENT_3D('Cylinder Axis2P3D',#15758,#15759,#15760) ;
#15774=AXIS2_PLACEMENT_3D('Circle Axis2P3D',#15772,#15773,$) ;
#15788=AXIS2_PLACEMENT_3D('Circle Axis2P3D',#15786,#15787,$) ;
#15800=AXIS2_PLACEMENT_3D('Circle Axis2P3D',#15798,#15799,$) ;
#15805=AXIS2_PLACEMENT_3D('Circle Axis2P3D',#15803,#15804,$) ;
#15818=AXIS2_PLACEMENT_3D('Cylinder Axis2P3D',#15815,#15816,#15817) ;
#15822=AXIS2_PLACEMENT_3D('Circle Axis2P3D',#15820,#15821,$) ;
#15836=AXIS2_PLACEMENT_3D('Circle Axis2P3D',#15834,#15835,$) ;
#15849=AXIS2_PLACEMENT_3D('Cylinder Axis2P3D',#15846,#15847,#15848) ;
#15853=AXIS2_PLACEMENT_3D('Circle Axis2P3D',#15851,#15852,$) ;
#15860=AXIS2_PLACEMENT_3D('Circle Axis2P3D',#15858,#15859,$) ;
#15880=AXIS2_PLACEMENT_3D('Plane Axis2P3D',#15877,#15878,#15879) ;
#15911=AXIS2_PLACEMENT_3D('Cylinder Axis2P3D',#15908,#15909,#15910) ;
#15915=AXIS2_PLACEMENT_3D('Circle Axis2P3D',#15913,#15914,$) ;
#15920=AXIS2_PLACEMENT_3D('Circle Axis2P3D',#15918,#15919,$) ;
#15933=AXIS2_PLACEMENT_3D('Plane Axis2P3D',#15930,#15931,#15932) ;
#15964=AXIS2_PLACEMENT_3D('Plane Axis2P3D',#15961,#15962,#15963) ;
#15995=AXIS2_PLACEMENT_3D('Plane Axis2P3D',#15992,#15993,#15994) ;
#16017=AXIS2_PLACEMENT_3D('Plane Axis2P3D',#16014,#16015,#16016) ;
#16033=AXIS2_PLACEMENT_3D('Circle Axis2P3D',#16031,#16032,$) ;
#16047=AXIS2_PLACEMENT_3D('Circle Axis2P3D',#16045,#16046,$) ;
#16060=AXIS2_PLACEMENT_3D('Plane Axis2P3D',#16057,#16058,#16059) ;
#16089=AXIS2_PLACEMENT_3D('Plane Axis2P3D',#16086,#16087,#16088) ;
#16109=AXIS2_PLACEMENT_3D('Circle Axis2P3D',#16107,#16108,$) ;
#16145=AXIS2_PLACEMENT_3D('Plane Axis2P3D',#16142,#16143,#16144) ;
#16176=AXIS2_PLACEMENT_3D('Plane Axis2P3D',#16173,#16174,#16175) ;
#16196=AXIS2_PLACEMENT_3D('Circle Axis2P3D',#16194,#16195,$) ;
#16223=AXIS2_PLACEMENT_3D('Plane Axis2P3D',#16220,#16221,#16222) ;
#16240=AXIS2_PLACEMENT_3D('Plane Axis2P3D',#16237,#16238,#16239) ;
#16257=AXIS2_PLACEMENT_3D('Plane Axis2P3D',#16254,#16255,#16256) ;
#16274=AXIS2_PLACEMENT_3D('Cylinder Axis2P3D',#16271,#16272,#16273) ;
#16291=AXIS2_PLACEMENT_3D('Plane Axis2P3D',#16288,#16289,#16290) ;
#16306=AXIS2_PLACEMENT_3D('Plane Axis2P3D',#16303,#16304,#16305) ;
#16340=AXIS2_PLACEMENT_3D('Circle Axis2P3D',#16338,#16339,$) ;
#16362=AXIS2_PLACEMENT_3D('Plane Axis2P3D',#16359,#16360,#16361) ;
#16393=AXIS2_PLACEMENT_3D('Plane Axis2P3D',#16390,#16391,#16392) ;
#16418=AXIS2_PLACEMENT_3D('Circle Axis2P3D',#16416,#16417,$) ;
#16440=AXIS2_PLACEMENT_3D('Plane Axis2P3D',#16437,#16438,#16439) ;
#16457=AXIS2_PLACEMENT_3D('Cylinder Axis2P3D',#16454,#16455,#16456) ;
#16474=AXIS2_PLACEMENT_3D('Plane Axis2P3D',#16471,#16472,#16473) ;
#16491=AXIS2_PLACEMENT_3D('Plane Axis2P3D',#16488,#16489,#16490) ;
#16508=AXIS2_PLACEMENT_3D('Plane Axis2P3D',#16505,#16506,#16507) ;
#16523=AXIS2_PLACEMENT_3D('Plane Axis2P3D',#16520,#16521,#16522) ;
#16563=AXIS2_PLACEMENT_3D('Plane Axis2P3D',#16560,#16561,#16562) ;
#16594=AXIS2_PLACEMENT_3D('Plane Axis2P3D',#16591,#16592,#16593) ;
#16598=AXIS2_PLACEMENT_3D('Circle Axis2P3D',#16596,#16597,$) ;
#16626=AXIS2_PLACEMENT_3D('Circle Axis2P3D',#16624,#16625,$) ;
#16658=AXIS2_PLACEMENT_3D('Plane Axis2P3D',#16655,#16656,#16657) ;
#16682=AXIS2_PLACEMENT_3D('Plane Axis2P3D',#16679,#16680,#16681) ;
#16686=AXIS2_PLACEMENT_3D('Circle Axis2P3D',#16684,#16685,$) ;
#16707=AXIS2_PLACEMENT_3D('Circle Axis2P3D',#16705,#16706,$) ;
#16739=AXIS2_PLACEMENT_3D('Cylinder Axis2P3D',#16736,#16737,#16738) ;
#16774=AXIS2_PLACEMENT_3D('Cylinder Axis2P3D',#16771,#16772,#16773) ;
#16789=AXIS2_PLACEMENT_3D('Circle Axis2P3D',#16787,#16788,$) ;
#16794=AXIS2_PLACEMENT_3D('Circle Axis2P3D',#16792,#16793,$) ;
#16816=AXIS2_PLACEMENT_3D('Plane Axis2P3D',#16813,#16814,#16815) ;
#16829=AXIS2_PLACEMENT_3D('Circle Axis2P3D',#16827,#16828,$) ;
#16846=AXIS2_PLACEMENT_3D('Circle Axis2P3D',#16844,#16845,$) ;
#16860=AXIS2_PLACEMENT_3D('Circle Axis2P3D',#16858,#16859,$) ;
#16879=AXIS2_PLACEMENT_3D('Cylinder Axis2P3D',#16876,#16877,#16878) ;
#16908=AXIS2_PLACEMENT_3D('Plane Axis2P3D',#16905,#16906,#16907) ;
#16920=AXIS2_PLACEMENT_3D('Cylinder Axis2P3D',#16917,#16918,#16919) ;
#16931=AXIS2_PLACEMENT_3D('Circle Axis2P3D',#16929,#16930,$) ;
#16955=AXIS2_PLACEMENT_3D('Plane Axis2P3D',#16952,#16953,#16954) ;
#16972=AXIS2_PLACEMENT_3D('Plane Axis2P3D',#16969,#16970,#16971) ;
#17005=AXIS2_PLACEMENT_3D('Cylinder Axis2P3D',#17002,#17003,#17004) ;
#17068=AXIS2_PLACEMENT_3D('Cylinder Axis2P3D',#17065,#17066,#17067) ;
#17118=AXIS2_PLACEMENT_3D('Plane Axis2P3D',#17115,#17116,#17117) ;
#17130=AXIS2_PLACEMENT_3D('Cylinder Axis2P3D',#17127,#17128,#17129) ;
#17175=AXIS2_PLACEMENT_3D('Cylinder Axis2P3D',#17172,#17173,#17174) ;
#17188=AXIS2_PLACEMENT_3D('Circle Axis2P3D',#17186,#17187,$) ;
#17193=AXIS2_PLACEMENT_3D('Circle Axis2P3D',#17191,#17192,$) ;
#17208=AXIS2_PLACEMENT_3D('Plane Axis2P3D',#17205,#17206,#17207) ;
#17225=AXIS2_PLACEMENT_3D('Plane Axis2P3D',#17222,#17223,#17224) ;
#17229=AXIS2_PLACEMENT_3D('Circle Axis2P3D',#17227,#17228,$) ;
#17252=AXIS2_PLACEMENT_3D('Circle Axis2P3D',#17250,#17251,$) ;
#17266=AXIS2_PLACEMENT_3D('Circle Axis2P3D',#17264,#17265,$) ;
#17280=AXIS2_PLACEMENT_3D('Circle Axis2P3D',#17278,#17279,$) ;
#17292=AXIS2_PLACEMENT_3D('Circle Axis2P3D',#17290,#17291,$) ;
#17299=AXIS2_PLACEMENT_3D('Circle Axis2P3D',#17297,#17298,$) ;
#17329=AXIS2_PLACEMENT_3D('Cylinder Axis2P3D',#17326,#17327,#17328) ;
#17333=AXIS2_PLACEMENT_3D('Circle Axis2P3D',#17331,#17332,$) ;
#17355=AXIS2_PLACEMENT_3D('Plane Axis2P3D',#17352,#17353,#17354) ;
#17359=AXIS2_PLACEMENT_3D('Circle Axis2P3D',#17357,#17358,$) ;
#17375=AXIS2_PLACEMENT_3D('Circle Axis2P3D',#17373,#17374,$) ;
#17387=AXIS2_PLACEMENT_3D('Circle Axis2P3D',#17385,#17386,$) ;
#17401=AXIS2_PLACEMENT_3D('Circle Axis2P3D',#17399,#17400,$) ;
#17415=AXIS2_PLACEMENT_3D('Circle Axis2P3D',#17413,#17414,$) ;
#17452=AXIS2_PLACEMENT_3D('Plane Axis2P3D',#17449,#17450,#17451) ;
#17469=AXIS2_PLACEMENT_3D('Plane Axis2P3D',#17466,#17467,#17468) ;
#17491=AXIS2_PLACEMENT_3D('Cylinder Axis2P3D',#17488,#17489,#17490) ;
#17503=AXIS2_PLACEMENT_3D('Cylinder Axis2P3D',#17500,#17501,#17502) ;
#17520=AXIS2_PLACEMENT_3D('Plane Axis2P3D',#17517,#17518,#17519) ;
#17537=AXIS2_PLACEMENT_3D('Cylinder Axis2P3D',#17534,#17535,#17536) ;
#17554=AXIS2_PLACEMENT_3D('Plane Axis2P3D',#17551,#17552,#17553) ;
#17571=AXIS2_PLACEMENT_3D('Cylinder Axis2P3D',#17568,#17569,#17570) ;
#17622=AXIS2_PLACEMENT_3D('Cylinder Axis2P3D',#17619,#17620,#17621) ;
#17626=AXIS2_PLACEMENT_3D('Circle Axis2P3D',#17624,#17625,$) ;
#17633=AXIS2_PLACEMENT_3D('Circle Axis2P3D',#17631,#17632,$) ;
#17654=AXIS2_PLACEMENT_3D('Plane Axis2P3D',#17651,#17652,#17653) ;
#17663=AXIS2_PLACEMENT_3D('Circle Axis2P3D',#17661,#17662,$) ;
#17701=AXIS2_PLACEMENT_3D('Cylinder Axis2P3D',#17698,#17699,#17700) ;
#17713=AXIS2_PLACEMENT_3D('Cylinder Axis2P3D',#17710,#17711,#17712) ;
#17724=AXIS2_PLACEMENT_3D('Circle Axis2P3D',#17722,#17723,$) ;
#17766=AXIS2_PLACEMENT_3D('Cylinder Axis2P3D',#17763,#17764,#17765) ;
#17779=AXIS2_PLACEMENT_3D('Circle Axis2P3D',#17777,#17778,$) ;
#17784=AXIS2_PLACEMENT_3D('Circle Axis2P3D',#17782,#17783,$) ;
#17797=AXIS2_PLACEMENT_3D('Cylinder Axis2P3D',#17794,#17795,#17796) ;
#17801=AXIS2_PLACEMENT_3D('Circle Axis2P3D',#17799,#17800,$) ;
#17815=AXIS2_PLACEMENT_3D('Circle Axis2P3D',#17813,#17814,$) ;
#17828=AXIS2_PLACEMENT_3D('Plane Axis2P3D',#17825,#17826,#17827) ;
#17859=AXIS2_PLACEMENT_3D('Cylinder Axis2P3D',#17856,#17857,#17858) ;
#17872=AXIS2_PLACEMENT_3D('Circle Axis2P3D',#17870,#17871,$) ;
#17877=AXIS2_PLACEMENT_3D('Circle Axis2P3D',#17875,#17876,$) ;
#17916=AXIS2_PLACEMENT_3D('Plane Axis2P3D',#17913,#17914,#17915) ;
#17973=AXIS2_PLACEMENT_3D('Cylinder Axis2P3D',#17970,#17971,#17972) ;
#17977=AXIS2_PLACEMENT_3D('Circle Axis2P3D',#17975,#17976,$) ;
#17991=AXIS2_PLACEMENT_3D('Circle Axis2P3D',#17989,#17990,$) ;
#18004=AXIS2_PLACEMENT_3D('Cylinder Axis2P3D',#18001,#18002,#18003) ;
#18008=AXIS2_PLACEMENT_3D('Circle Axis2P3D',#18006,#18007,$) ;
#18022=AXIS2_PLACEMENT_3D('Circle Axis2P3D',#18020,#18021,$) ;
#18035=AXIS2_PLACEMENT_3D('Plane Axis2P3D',#18032,#18033,#18034) ;
#18066=AXIS2_PLACEMENT_3D('Cylinder Axis2P3D',#18063,#18064,#18065) ;
#18070=AXIS2_PLACEMENT_3D('Circle Axis2P3D',#18068,#18069,$) ;
#18075=AXIS2_PLACEMENT_3D('Circle Axis2P3D',#18073,#18074,$) ;
#18088=AXIS2_PLACEMENT_3D('Plane Axis2P3D',#18085,#18086,#18087) ;
#18110=AXIS2_PLACEMENT_3D('Plane Axis2P3D',#18107,#18108,#18109) ;
#18134=AXIS2_PLACEMENT_3D(' ',#18137,#18141,#18140) ;
#18135=AXIS2_PLACEMENT_3D(' ',#18136,#18139,#18138) ;
#18147=AXIS2_PLACEMENT_3D(' ',#18150,#18154,#18153) ;
#18148=AXIS2_PLACEMENT_3D(' ',#18149,#18152,#18151) ;
#18168=AXIS2_PLACEMENT_3D(' ',#18171,#18175,#18174) ;
#18169=AXIS2_PLACEMENT_3D(' ',#18170,#18173,#18172) ;
#56=LINE('Line',#53,#55) ;
#65=LINE('Line',#62,#64) ;
#72=LINE('Line',#69,#71) ;
#79=LINE('Line',#76,#78) ;
#96=LINE('Line',#93,#95) ;
#103=LINE('Line',#100,#102) ;
#110=LINE('Line',#107,#109) ;
#127=LINE('Line',#124,#126) ;
#134=LINE('Line',#131,#133) ;
#141=LINE('Line',#138,#140) ;
#158=LINE('Line',#155,#157) ;
#165=LINE('Line',#162,#164) ;
#172=LINE('Line',#169,#171) ;
#196=LINE('Line',#193,#195) ;
#220=LINE('Line',#217,#219) ;
#225=LINE('Line',#222,#224) ;
#275=LINE('Line',#272,#274) ;
#292=LINE('Line',#289,#291) ;
#299=LINE('Line',#296,#298) ;
#325=LINE('Line',#322,#324) ;
#330=LINE('Line',#327,#329) ;
#357=LINE('Line',#354,#356) ;
#381=LINE('Line',#378,#380) ;
#388=LINE('Line',#385,#387) ;
#395=LINE('Line',#392,#394) ;
#412=LINE('Line',#409,#411) ;
#421=LINE('Line',#418,#420) ;
#428=LINE('Line',#425,#427) ;
#435=LINE('Line',#432,#434) ;
#452=LINE('Line',#449,#451) ;
#457=LINE('Line',#454,#456) ;
#474=LINE('Line',#471,#473) ;
#483=LINE('Line',#480,#482) ;
#488=LINE('Line',#485,#487) ;
#505=LINE('Line',#502,#504) ;
#514=LINE('Line',#511,#513) ;
#519=LINE('Line',#516,#518) ;
#585=LINE('Line',#582,#584) ;
#590=LINE('Line',#587,#589) ;
#614=LINE('Line',#611,#613) ;
#631=LINE('Line',#628,#630) ;
#640=LINE('Line',#637,#639) ;
#647=LINE('Line',#644,#646) ;
#673=LINE('Line',#670,#672) ;
#697=LINE('Line',#694,#696) ;
#714=LINE('Line',#711,#713) ;
#721=LINE('Line',#718,#720) ;
#738=LINE('Line',#735,#737) ;
#745=LINE('Line',#742,#744) ;
#762=LINE('Line',#759,#761) ;
#792=LINE('Line',#789,#791) ;
#801=LINE('Line',#798,#800) ;
#808=LINE('Line',#805,#807) ;
#815=LINE('Line',#812,#814) ;
#854=LINE('Line',#851,#853) ;
#875=LINE('Line',#872,#874) ;
#911=LINE('Line',#908,#910) ;
#920=LINE('Line',#917,#919) ;
#927=LINE('Line',#924,#926) ;
#934=LINE('Line',#931,#933) ;
#951=LINE('Line',#948,#950) ;
#971=LINE('Line',#968,#970) ;
#978=LINE('Line',#975,#977) ;
#985=LINE('Line',#982,#984) ;
#1025=LINE('Line',#1022,#1024) ;
#1047=LINE('Line',#1044,#1046) ;
#1074=LINE('Line',#1071,#1073) ;
#1081=LINE('Line',#1078,#1080) ;
#1098=LINE('Line',#1095,#1097) ;
#1107=LINE('Line',#1104,#1106) ;
#1112=LINE('Line',#1109,#1111) ;
#1129=LINE('Line',#1126,#1128) ;
#1136=LINE('Line',#1133,#1135) ;
#1153=LINE('Line',#1150,#1152) ;
#1160=LINE('Line',#1157,#1159) ;
#1186=LINE('Line',#1183,#1185) ;
#1191=LINE('Line',#1188,#1190) ;
#1217=LINE('Line',#1214,#1216) ;
#1222=LINE('Line',#1219,#1221) ;
#1248=LINE('Line',#1245,#1247) ;
#1283=LINE('Line',#1280,#1282) ;
#1290=LINE('Line',#1287,#1289) ;
#1297=LINE('Line',#1294,#1296) ;
#1353=LINE('Line',#1350,#1352) ;
#1362=LINE('Line',#1359,#1361) ;
#1384=LINE('Line',#1381,#1383) ;
#1403=LINE('Line',#1400,#1402) ;
#1425=LINE('Line',#1422,#1424) ;
#1443=LINE('Line',#1440,#1442) ;
#1467=LINE('Line',#1464,#1466) ;
#1481=LINE('Line',#1478,#1480) ;
#1488=LINE('Line',#1485,#1487) ;
#1507=LINE('Line',#1504,#1506) ;
#1524=LINE('Line',#1521,#1523) ;
#1529=LINE('Line',#1526,#1528) ;
#1546=LINE('Line',#1543,#1545) ;
#1636=LINE('Line',#1633,#1635) ;
#1670=LINE('Line',#1667,#1669) ;
#1694=LINE('Line',#1691,#1693) ;
#1736=LINE('Line',#1733,#1735) ;
#1745=LINE('Line',#1742,#1744) ;
#1752=LINE('Line',#1749,#1751) ;
#1759=LINE('Line',#1756,#1758) ;
#1776=LINE('Line',#1773,#1775) ;
#1796=LINE('Line',#1793,#1795) ;
#1803=LINE('Line',#1800,#1802) ;
#1810=LINE('Line',#1807,#1809) ;
#1841=LINE('Line',#1838,#1840) ;
#1864=LINE('Line',#1861,#1863) ;
#1890=LINE('Line',#1887,#1889) ;
#1897=LINE('Line',#1894,#1896) ;
#1914=LINE('Line',#1911,#1913) ;
#1923=LINE('Line',#1920,#1922) ;
#1928=LINE('Line',#1925,#1927) ;
#1945=LINE('Line',#1942,#1944) ;
#1952=LINE('Line',#1949,#1951) ;
#1969=LINE('Line',#1966,#1968) ;
#1976=LINE('Line',#1973,#1975) ;
#2002=LINE('Line',#1999,#2001) ;
#2007=LINE('Line',#2004,#2006) ;
#2024=LINE('Line',#2021,#2023) ;
#2031=LINE('Line',#2028,#2030) ;
#2057=LINE('Line',#2054,#2056) ;
#2083=LINE('Line',#2080,#2082) ;
#2090=LINE('Line',#2087,#2089) ;
#2097=LINE('Line',#2094,#2096) ;
#2153=LINE('Line',#2150,#2152) ;
#2162=LINE('Line',#2159,#2161) ;
#2197=LINE('Line',#2194,#2196) ;
#2218=LINE('Line',#2215,#2217) ;
#2225=LINE('Line',#2222,#2224) ;
#2242=LINE('Line',#2239,#2241) ;
#2251=LINE('Line',#2248,#2250) ;
#2256=LINE('Line',#2253,#2255) ;
#2280=LINE('Line',#2277,#2279) ;
#2297=LINE('Line',#2294,#2296) ;
#2304=LINE('Line',#2301,#2303) ;
#2316=LINE('Line',#2313,#2315) ;
#2323=LINE('Line',#2320,#2322) ;
#2344=LINE('Line',#2341,#2343) ;
#2361=LINE('Line',#2358,#2360) ;
#2378=LINE('Line',#2375,#2377) ;
#2407=LINE('Line',#2404,#2406) ;
#2498=LINE('Line',#2495,#2497) ;
#2515=LINE('Line',#2512,#2514) ;
#2556=LINE('Line',#2553,#2555) ;
#2565=LINE('Line',#2562,#2564) ;
#2572=LINE('Line',#2569,#2571) ;
#2579=LINE('Line',#2576,#2578) ;
#2596=LINE('Line',#2593,#2595) ;
#2605=LINE('Line',#2602,#2604) ;
#2610=LINE('Line',#2607,#2609) ;
#2634=LINE('Line',#2631,#2633) ;
#2658=LINE('Line',#2655,#2657) ;
#2667=LINE('Line',#2664,#2666) ;
#2672=LINE('Line',#2669,#2671) ;
#2696=LINE('Line',#2693,#2695) ;
#2720=LINE('Line',#2717,#2719) ;
#2727=LINE('Line',#2724,#2726) ;
#2734=LINE('Line',#2731,#2733) ;
#2746=LINE('Line',#2743,#2745) ;
#2753=LINE('Line',#2750,#2752) ;
#2760=LINE('Line',#2757,#2759) ;
#2777=LINE('Line',#2774,#2776) ;
#2786=LINE('Line',#2783,#2785) ;
#2793=LINE('Line',#2790,#2792) ;
#2800=LINE('Line',#2797,#2799) ;
#2817=LINE('Line',#2814,#2816) ;
#2822=LINE('Line',#2819,#2821) ;
#2845=LINE('Line',#2842,#2844) ;
#2862=LINE('Line',#2859,#2861) ;
#2900=LINE('Line',#2897,#2899) ;
#2916=LINE('Line',#2913,#2915) ;
#2940=LINE('Line',#2937,#2939) ;
#2947=LINE('Line',#2944,#2946) ;
#2954=LINE('Line',#2951,#2953) ;
#2978=LINE('Line',#2975,#2977) ;
#3002=LINE('Line',#2999,#3001) ;
#3009=LINE('Line',#3006,#3008) ;
#3016=LINE('Line',#3013,#3015) ;
#3040=LINE('Line',#3037,#3039) ;
#3064=LINE('Line',#3061,#3063) ;
#3071=LINE('Line',#3068,#3070) ;
#3078=LINE('Line',#3075,#3077) ;
#3102=LINE('Line',#3099,#3101) ;
#3126=LINE('Line',#3123,#3125) ;
#3133=LINE('Line',#3130,#3132) ;
#3140=LINE('Line',#3137,#3139) ;
#3164=LINE('Line',#3161,#3163) ;
#3188=LINE('Line',#3185,#3187) ;
#3195=LINE('Line',#3192,#3194) ;
#3202=LINE('Line',#3199,#3201) ;
#3226=LINE('Line',#3223,#3225) ;
#3250=LINE('Line',#3247,#3249) ;
#3257=LINE('Line',#3254,#3256) ;
#3264=LINE('Line',#3261,#3263) ;
#3288=LINE('Line',#3285,#3287) ;
#3307=LINE('Line',#3304,#3306) ;
#3314=LINE('Line',#3311,#3313) ;
#3321=LINE('Line',#3318,#3320) ;
#3345=LINE('Line',#3342,#3344) ;
#3369=LINE('Line',#3366,#3368) ;
#3376=LINE('Line',#3373,#3375) ;
#3383=LINE('Line',#3380,#3382) ;
#3407=LINE('Line',#3404,#3406) ;
#3426=LINE('Line',#3423,#3425) ;
#3433=LINE('Line',#3430,#3432) ;
#3440=LINE('Line',#3437,#3439) ;
#3464=LINE('Line',#3461,#3463) ;
#3488=LINE('Line',#3485,#3487) ;
#3495=LINE('Line',#3492,#3494) ;
#3502=LINE('Line',#3499,#3501) ;
#3526=LINE('Line',#3523,#3525) ;
#3545=LINE('Line',#3542,#3544) ;
#3552=LINE('Line',#3549,#3551) ;
#3559=LINE('Line',#3556,#3558) ;
#3583=LINE('Line',#3580,#3582) ;
#3607=LINE('Line',#3604,#3606) ;
#3612=LINE('Line',#3609,#3611) ;
#3638=LINE('Line',#3635,#3637) ;
#3652=LINE('Line',#3649,#3651) ;
#3695=LINE('Line',#3692,#3694) ;
#3709=LINE('Line',#3706,#3708) ;
#3752=LINE('Line',#3749,#3751) ;
#3766=LINE('Line',#3763,#3765) ;
#3891=LINE('Line',#3888,#3890) ;
#3900=LINE('Line',#3897,#3899) ;
#3907=LINE('Line',#3904,#3906) ;
#3914=LINE('Line',#3911,#3913) ;
#3931=LINE('Line',#3928,#3930) ;
#3938=LINE('Line',#3935,#3937) ;
#3945=LINE('Line',#3942,#3944) ;
#3962=LINE('Line',#3959,#3961) ;
#3971=LINE('Line',#3968,#3970) ;
#3976=LINE('Line',#3973,#3975) ;
#3993=LINE('Line',#3990,#3992) ;
#4017=LINE('Line',#4014,#4016) ;
#4048=LINE('Line',#4045,#4047) ;
#4065=LINE('Line',#4062,#4064) ;
#4072=LINE('Line',#4069,#4071) ;
#4079=LINE('Line',#4076,#4078) ;
#4110=LINE('Line',#4107,#4109) ;
#4127=LINE('Line',#4124,#4126) ;
#4136=LINE('Line',#4133,#4135) ;
#4141=LINE('Line',#4138,#4140) ;
#4165=LINE('Line',#4162,#4164) ;
#4189=LINE('Line',#4186,#4188) ;
#4196=LINE('Line',#4193,#4195) ;
#4203=LINE('Line',#4200,#4202) ;
#4227=LINE('Line',#4224,#4226) ;
#4251=LINE('Line',#4248,#4250) ;
#4258=LINE('Line',#4255,#4257) ;
#4265=LINE('Line',#4262,#4264) ;
#4296=LINE('Line',#4293,#4295) ;
#4313=LINE('Line',#4310,#4312) ;
#4320=LINE('Line',#4317,#4319) ;
#4327=LINE('Line',#4324,#4326) ;
#4344=LINE('Line',#4341,#4343) ;
#4361=LINE('Line',#4358,#4360) ;
#4378=LINE('Line',#4375,#4377) ;
#4395=LINE('Line',#4392,#4394) ;
#4474=LINE('Line',#4471,#4473) ;
#4481=LINE('Line',#4478,#4480) ;
#4488=LINE('Line',#4485,#4487) ;
#4512=LINE('Line',#4509,#4511) ;
#4529=LINE('Line',#4526,#4528) ;
#4536=LINE('Line',#4533,#4535) ;
#4560=LINE('Line',#4557,#4559) ;
#4577=LINE('Line',#4574,#4576) ;
#4584=LINE('Line',#4581,#4583) ;
#4608=LINE('Line',#4605,#4607) ;
#4625=LINE('Line',#4622,#4624) ;
#4632=LINE('Line',#4629,#4631) ;
#4666=LINE('Line',#4663,#4665) ;
#4671=LINE('Line',#4668,#4670) ;
#4700=LINE('Line',#4697,#4699) ;
#4714=LINE('Line',#4711,#4713) ;
#4738=LINE('Line',#4735,#4737) ;
#4750=LINE('Line',#4747,#4749) ;
#4786=LINE('Line',#4783,#4785) ;
#4810=LINE('Line',#4807,#4809) ;
#4817=LINE('Line',#4814,#4816) ;
#4834=LINE('Line',#4831,#4833) ;
#4841=LINE('Line',#4838,#4840) ;
#4880=LINE('Line',#4877,#4879) ;
#4904=LINE('Line',#4901,#4903) ;
#4928=LINE('Line',#4925,#4927) ;
#4952=LINE('Line',#4949,#4951) ;
#4976=LINE('Line',#4973,#4975) ;
#4993=LINE('Line',#4990,#4992) ;
#5000=LINE('Line',#4997,#4999) ;
#5007=LINE('Line',#5004,#5006) ;
#5024=LINE('Line',#5021,#5023) ;
#5031=LINE('Line',#5028,#5030) ;
#5048=LINE('Line',#5045,#5047) ;
#5055=LINE('Line',#5052,#5054) ;
#5072=LINE('Line',#5069,#5071) ;
#5113=LINE('Line',#5110,#5112) ;
#5120=LINE('Line',#5117,#5119) ;
#5127=LINE('Line',#5124,#5126) ;
#5141=LINE('Line',#5138,#5140) ;
#5160=LINE('Line',#5157,#5159) ;
#5191=LINE('Line',#5188,#5190) ;
#5198=LINE('Line',#5195,#5197) ;
#5205=LINE('Line',#5202,#5204) ;
#5229=LINE('Line',#5226,#5228) ;
#5253=LINE('Line',#5250,#5252) ;
#5270=LINE('Line',#5267,#5269) ;
#5284=LINE('Line',#5281,#5283) ;
#5298=LINE('Line',#5295,#5297) ;
#5312=LINE('Line',#5309,#5311) ;
#5326=LINE('Line',#5323,#5325) ;
#5340=LINE('Line',#5337,#5339) ;
#5354=LINE('Line',#5351,#5353) ;
#5368=LINE('Line',#5365,#5367) ;
#5375=LINE('Line',#5372,#5374) ;
#5382=LINE('Line',#5379,#5381) ;
#5407=LINE('Line',#5404,#5406) ;
#5423=LINE('Line',#5420,#5422) ;
#5441=LINE('Line',#5438,#5440) ;
#5457=LINE('Line',#5454,#5456) ;
#5481=LINE('Line',#5478,#5480) ;
#5490=LINE('Line',#5487,#5489) ;
#5497=LINE('Line',#5494,#5496) ;
#5504=LINE('Line',#5501,#5503) ;
#5518=LINE('Line',#5515,#5517) ;
#5532=LINE('Line',#5529,#5531) ;
#5546=LINE('Line',#5543,#5545) ;
#5560=LINE('Line',#5557,#5559) ;
#5574=LINE('Line',#5571,#5573) ;
#5588=LINE('Line',#5585,#5587) ;
#5602=LINE('Line',#5599,#5601) ;
#5636=LINE('Line',#5633,#5635) ;
#5650=LINE('Line',#5647,#5649) ;
#5670=LINE('Line',#5667,#5669) ;
#5684=LINE('Line',#5681,#5683) ;
#5708=LINE('Line',#5705,#5707) ;
#5732=LINE('Line',#5729,#5731) ;
#5737=LINE('Line',#5734,#5736) ;
#5754=LINE('Line',#5751,#5753) ;
#5759=LINE('Line',#5756,#5758) ;
#5776=LINE('Line',#5773,#5775) ;
#5793=LINE('Line',#5790,#5792) ;
#5810=LINE('Line',#5807,#5809) ;
#5827=LINE('Line',#5824,#5826) ;
#5844=LINE('Line',#5841,#5843) ;
#5861=LINE('Line',#5858,#5860) ;
#5878=LINE('Line',#5875,#5877) ;
#5895=LINE('Line',#5892,#5894) ;
#5912=LINE('Line',#5909,#5911) ;
#5929=LINE('Line',#5926,#5928) ;
#5946=LINE('Line',#5943,#5945) ;
#5963=LINE('Line',#5960,#5962) ;
#5992=LINE('Line',#5989,#5991) ;
#5997=LINE('Line',#5994,#5996) ;
#6014=LINE('Line',#6011,#6013) ;
#6031=LINE('Line',#6028,#6030) ;
#6055=LINE('Line',#6052,#6054) ;
#6060=LINE('Line',#6057,#6059) ;
#6077=LINE('Line',#6074,#6076) ;
#6089=LINE('Line',#6086,#6088) ;
#6118=LINE('Line',#6115,#6117) ;
#6139=LINE('Line',#6136,#6138) ;
#6177=LINE('Line',#6174,#6176) ;
#6186=LINE('Line',#6183,#6185) ;
#6193=LINE('Line',#6190,#6192) ;
#6200=LINE('Line',#6197,#6199) ;
#6217=LINE('Line',#6214,#6216) ;
#6224=LINE('Line',#6221,#6223) ;
#6231=LINE('Line',#6228,#6230) ;
#6245=LINE('Line',#6242,#6244) ;
#6259=LINE('Line',#6256,#6258) ;
#6266=LINE('Line',#6263,#6265) ;
#6273=LINE('Line',#6270,#6272) ;
#6340=LINE('Line',#6337,#6339) ;
#6364=LINE('Line',#6361,#6363) ;
#6371=LINE('Line',#6368,#6370) ;
#6378=LINE('Line',#6375,#6377) ;
#6395=LINE('Line',#6392,#6394) ;
#6402=LINE('Line',#6399,#6401) ;
#6419=LINE('Line',#6416,#6418) ;
#6426=LINE('Line',#6423,#6425) ;
#6433=LINE('Line',#6430,#6432) ;
#6457=LINE('Line',#6454,#6456) ;
#6474=LINE('Line',#6471,#6473) ;
#6481=LINE('Line',#6478,#6480) ;
#6488=LINE('Line',#6485,#6487) ;
#6505=LINE('Line',#6502,#6504) ;
#6522=LINE('Line',#6519,#6521) ;
#6536=LINE('Line',#6533,#6535) ;
#6565=LINE('Line',#6562,#6564) ;
#6579=LINE('Line',#6576,#6578) ;
#6608=LINE('Line',#6605,#6607) ;
#6642=LINE('Line',#6639,#6641) ;
#6684=LINE('Line',#6681,#6683) ;
#6700=LINE('Line',#6697,#6699) ;
#6724=LINE('Line',#6721,#6723) ;
#6740=LINE('Line',#6737,#6739) ;
#6747=LINE('Line',#6744,#6746) ;
#6754=LINE('Line',#6751,#6753) ;
#6759=LINE('Line',#6756,#6758) ;
#6766=LINE('Line',#6763,#6765) ;
#6773=LINE('Line',#6770,#6772) ;
#6780=LINE('Line',#6777,#6779) ;
#6794=LINE('Line',#6791,#6793) ;
#6863=LINE('Line',#6860,#6862) ;
#6870=LINE('Line',#6867,#6869) ;
#6887=LINE('Line',#6884,#6886) ;
#6894=LINE('Line',#6891,#6893) ;
#6901=LINE('Line',#6898,#6900) ;
#6918=LINE('Line',#6915,#6917) ;
#6925=LINE('Line',#6922,#6924) ;
#6942=LINE('Line',#6939,#6941) ;
#6949=LINE('Line',#6946,#6948) ;
#6966=LINE('Line',#6963,#6965) ;
#6973=LINE('Line',#6970,#6972) ;
#6980=LINE('Line',#6977,#6979) ;
#7004=LINE('Line',#7001,#7003) ;
#7021=LINE('Line',#7018,#7020) ;
#7035=LINE('Line',#7032,#7034) ;
#7047=LINE('Line',#7044,#7046) ;
#7054=LINE('Line',#7051,#7053) ;
#7071=LINE('Line',#7068,#7070) ;
#7085=LINE('Line',#7082,#7084) ;
#7114=LINE('Line',#7111,#7113) ;
#7128=LINE('Line',#7125,#7127) ;
#7157=LINE('Line',#7154,#7156) ;
#7174=LINE('Line',#7171,#7173) ;
#7208=LINE('Line',#7205,#7207) ;
#7257=LINE('Line',#7254,#7256) ;
#7273=LINE('Line',#7270,#7272) ;
#7374=LINE('Line',#7371,#7373) ;
#7379=LINE('Line',#7376,#7378) ;
#7398=LINE('Line',#7395,#7397) ;
#7405=LINE('Line',#7402,#7404) ;
#7506=LINE('Line',#7503,#7505) ;
#7511=LINE('Line',#7508,#7510) ;
#7540=LINE('Line',#7537,#7539) ;
#7556=LINE('Line',#7553,#7555) ;
#7657=LINE('Line',#7654,#7656) ;
#7662=LINE('Line',#7659,#7661) ;
#7681=LINE('Line',#7678,#7680) ;
#7688=LINE('Line',#7685,#7687) ;
#7782=LINE('Line',#7779,#7781) ;
#7787=LINE('Line',#7784,#7786) ;
#7816=LINE('Line',#7813,#7815) ;
#7825=LINE('Line',#7822,#7824) ;
#7832=LINE('Line',#7829,#7831) ;
#7839=LINE('Line',#7836,#7838) ;
#7856=LINE('Line',#7853,#7855) ;
#7887=LINE('Line',#7884,#7886) ;
#7896=LINE('Line',#7893,#7895) ;
#7903=LINE('Line',#7900,#7902) ;
#7908=LINE('Line',#7905,#7907) ;
#7936=LINE('Line',#7933,#7935) ;
#7943=LINE('Line',#7940,#7942) ;
#7950=LINE('Line',#7947,#7949) ;
#7955=LINE('Line',#7952,#7954) ;
#7962=LINE('Line',#7959,#7961) ;
#7976=LINE('Line',#7973,#7975) ;
#7999=LINE('Line',#7996,#7998) ;
#8030=LINE('Line',#8027,#8029) ;
#8037=LINE('Line',#8034,#8036) ;
#8044=LINE('Line',#8041,#8043) ;
#8051=LINE('Line',#8048,#8050) ;
#8065=LINE('Line',#8062,#8064) ;
#8085=LINE('Line',#8082,#8084) ;
#8116=LINE('Line',#8113,#8115) ;
#8140=LINE('Line',#8137,#8139) ;
#8147=LINE('Line',#8144,#8146) ;
#8164=LINE('Line',#8161,#8163) ;
#8188=LINE('Line',#8185,#8187) ;
#8193=LINE('Line',#8190,#8192) ;
#8207=LINE('Line',#8204,#8206) ;
#8222=LINE('Line',#8219,#8221) ;
#8243=LINE('Line',#8240,#8242) ;
#8293=LINE('Line',#8290,#8292) ;
#8307=LINE('Line',#8304,#8306) ;
#8338=LINE('Line',#8335,#8337) ;
#8360=LINE('Line',#8357,#8359) ;
#8396=LINE('Line',#8393,#8395) ;
#8405=LINE('Line',#8402,#8404) ;
#8412=LINE('Line',#8409,#8411) ;
#8419=LINE('Line',#8416,#8418) ;
#8436=LINE('Line',#8433,#8435) ;
#8443=LINE('Line',#8440,#8442) ;
#8450=LINE('Line',#8447,#8449) ;
#8462=LINE('Line',#8459,#8461) ;
#8469=LINE('Line',#8466,#8468) ;
#8486=LINE('Line',#8483,#8485) ;
#8493=LINE('Line',#8490,#8492) ;
#8510=LINE('Line',#8507,#8509) ;
#8537=LINE('Line',#8534,#8536) ;
#8546=LINE('Line',#8543,#8545) ;
#8553=LINE('Line',#8550,#8552) ;
#8560=LINE('Line',#8557,#8559) ;
#8577=LINE('Line',#8574,#8576) ;
#8584=LINE('Line',#8581,#8583) ;
#8591=LINE('Line',#8588,#8590) ;
#8603=LINE('Line',#8600,#8602) ;
#8610=LINE('Line',#8607,#8609) ;
#8627=LINE('Line',#8624,#8626) ;
#8634=LINE('Line',#8631,#8633) ;
#8651=LINE('Line',#8648,#8650) ;
#8678=LINE('Line',#8675,#8677) ;
#8687=LINE('Line',#8684,#8686) ;
#8694=LINE('Line',#8691,#8693) ;
#8701=LINE('Line',#8698,#8700) ;
#8713=LINE('Line',#8710,#8712) ;
#8722=LINE('Line',#8719,#8721) ;
#8727=LINE('Line',#8724,#8726) ;
#8744=LINE('Line',#8741,#8743) ;
#8751=LINE('Line',#8748,#8750) ;
#8768=LINE('Line',#8765,#8767) ;
#8775=LINE('Line',#8772,#8774) ;
#8787=LINE('Line',#8784,#8786) ;
#8828=LINE('Line',#8825,#8827) ;
#8835=LINE('Line',#8832,#8834) ;
#8842=LINE('Line',#8839,#8841) ;
#8849=LINE('Line',#8846,#8848) ;
#8863=LINE('Line',#8860,#8862) ;
#8870=LINE('Line',#8867,#8869) ;
#8877=LINE('Line',#8874,#8876) ;
#8884=LINE('Line',#8881,#8883) ;
#8907=LINE('Line',#8904,#8906) ;
#8914=LINE('Line',#8911,#8913) ;
#8938=LINE('Line',#8935,#8937) ;
#8945=LINE('Line',#8942,#8944) ;
#8962=LINE('Line',#8959,#8961) ;
#8969=LINE('Line',#8966,#8968) ;
#8986=LINE('Line',#8983,#8985) ;
#8993=LINE('Line',#8990,#8992) ;
#9010=LINE('Line',#9007,#9009) ;
#9017=LINE('Line',#9014,#9016) ;
#9034=LINE('Line',#9031,#9033) ;
#9041=LINE('Line',#9038,#9040) ;
#9058=LINE('Line',#9055,#9057) ;
#9065=LINE('Line',#9062,#9064) ;
#9082=LINE('Line',#9079,#9081) ;
#9089=LINE('Line',#9086,#9088) ;
#9106=LINE('Line',#9103,#9105) ;
#9113=LINE('Line',#9110,#9112) ;
#9177=LINE('Line',#9174,#9176) ;
#9191=LINE('Line',#9188,#9190) ;
#9208=LINE('Line',#9205,#9207) ;
#9215=LINE('Line',#9212,#9214) ;
#9222=LINE('Line',#9219,#9221) ;
#9239=LINE('Line',#9236,#9238) ;
#9258=LINE('Line',#9255,#9257) ;
#9263=LINE('Line',#9260,#9262) ;
#9290=LINE('Line',#9287,#9289) ;
#9313=LINE('Line',#9310,#9312) ;
#9357=LINE('Line',#9354,#9356) ;
#9369=LINE('Line',#9366,#9368) ;
#9389=LINE('Line',#9386,#9388) ;
#9413=LINE('Line',#9410,#9412) ;
#9439=LINE('Line',#9436,#9438) ;
#9446=LINE('Line',#9443,#9445) ;
#9453=LINE('Line',#9450,#9452) ;
#9477=LINE('Line',#9474,#9476) ;
#9501=LINE('Line',#9498,#9500) ;
#9508=LINE('Line',#9505,#9507) ;
#9515=LINE('Line',#9512,#9514) ;
#9546=LINE('Line',#9543,#9545) ;
#9563=LINE('Line',#9560,#9562) ;
#9570=LINE('Line',#9567,#9569) ;
#9577=LINE('Line',#9574,#9576) ;
#9618=LINE('Line',#9615,#9617) ;
#9644=LINE('Line',#9641,#9643) ;
#9651=LINE('Line',#9648,#9650) ;
#9658=LINE('Line',#9655,#9657) ;
#9689=LINE('Line',#9686,#9688) ;
#9713=LINE('Line',#9710,#9712) ;
#9737=LINE('Line',#9734,#9736) ;
#9744=LINE('Line',#9741,#9743) ;
#9751=LINE('Line',#9748,#9750) ;
#9775=LINE('Line',#9772,#9774) ;
#9813=LINE('Line',#9810,#9812) ;
#9825=LINE('Line',#9822,#9824) ;
#9832=LINE('Line',#9829,#9831) ;
#9839=LINE('Line',#9836,#9838) ;
#9895=LINE('Line',#9892,#9894) ;
#9919=LINE('Line',#9916,#9918) ;
#9926=LINE('Line',#9923,#9925) ;
#9933=LINE('Line',#9930,#9932) ;
#9957=LINE('Line',#9954,#9956) ;
#9981=LINE('Line',#9978,#9980) ;
#9988=LINE('Line',#9985,#9987) ;
#9995=LINE('Line',#9992,#9994) ;
#10026=LINE('Line',#10023,#10025) ;
#10038=LINE('Line',#10035,#10037) ;
#10045=LINE('Line',#10042,#10044) ;
#10052=LINE('Line',#10049,#10051) ;
#10093=LINE('Line',#10090,#10092) ;
#10119=LINE('Line',#10116,#10118) ;
#10126=LINE('Line',#10123,#10125) ;
#10133=LINE('Line',#10130,#10132) ;
#10164=LINE('Line',#10161,#10163) ;
#10188=LINE('Line',#10185,#10187) ;
#10212=LINE('Line',#10209,#10211) ;
#10219=LINE('Line',#10216,#10218) ;
#10226=LINE('Line',#10223,#10225) ;
#10250=LINE('Line',#10247,#10249) ;
#10288=LINE('Line',#10285,#10287) ;
#10300=LINE('Line',#10297,#10299) ;
#10307=LINE('Line',#10304,#10306) ;
#10314=LINE('Line',#10311,#10313) ;
#10345=LINE('Line',#10342,#10344) ;
#10371=LINE('Line',#10368,#10370) ;
#10385=LINE('Line',#10382,#10384) ;
#10397=LINE('Line',#10394,#10396) ;
#10402=LINE('Line',#10399,#10401) ;
#10416=LINE('Line',#10413,#10415) ;
#10423=LINE('Line',#10420,#10422) ;
#10430=LINE('Line',#10427,#10429) ;
#10444=LINE('Line',#10441,#10443) ;
#10463=LINE('Line',#10460,#10462) ;
#10468=LINE('Line',#10465,#10467) ;
#10482=LINE('Line',#10479,#10481) ;
#10489=LINE('Line',#10486,#10488) ;
#10496=LINE('Line',#10493,#10495) ;
#10510=LINE('Line',#10507,#10509) ;
#10534=LINE('Line',#10531,#10533) ;
#10551=LINE('Line',#10548,#10550) ;
#10568=LINE('Line',#10565,#10567) ;
#10584=LINE('Line',#10581,#10583) ;
#10596=LINE('Line',#10593,#10595) ;
#10608=LINE('Line',#10605,#10607) ;
#10622=LINE('Line',#10619,#10621) ;
#10643=LINE('Line',#10640,#10642) ;
#10664=LINE('Line',#10661,#10663) ;
#10671=LINE('Line',#10668,#10670) ;
#10856=LINE('Line',#10853,#10855) ;
#10882=LINE('Line',#10879,#10881) ;
#10901=LINE('Line',#10898,#10900) ;
#10915=LINE('Line',#10912,#10914) ;
#10922=LINE('Line',#10919,#10921) ;
#10946=LINE('Line',#10943,#10945) ;
#10963=LINE('Line',#10960,#10962) ;
#10989=LINE('Line',#10986,#10988) ;
#10994=LINE('Line',#10991,#10993) ;
#11011=LINE('Line',#11008,#11010) ;
#11035=LINE('Line',#11032,#11034) ;
#11042=LINE('Line',#11039,#11041) ;
#11059=LINE('Line',#11056,#11058) ;
#11090=LINE('Line',#11087,#11089) ;
#11102=LINE('Line',#11099,#11101) ;
#11116=LINE('Line',#11113,#11115) ;
#11123=LINE('Line',#11120,#11122) ;
#11149=LINE('Line',#11146,#11148) ;
#11173=LINE('Line',#11170,#11172) ;
#11182=LINE('Line',#11179,#11181) ;
#11187=LINE('Line',#11184,#11186) ;
#11204=LINE('Line',#11201,#11203) ;
#11253=LINE('Line',#11250,#11252) ;
#11277=LINE('Line',#11274,#11276) ;
#11286=LINE('Line',#11283,#11285) ;
#11291=LINE('Line',#11288,#11290) ;
#11315=LINE('Line',#11312,#11314) ;
#11339=LINE('Line',#11336,#11338) ;
#11376=LINE('Line',#11373,#11375) ;
#11383=LINE('Line',#11380,#11382) ;
#11390=LINE('Line',#11387,#11389) ;
#11414=LINE('Line',#11411,#11413) ;
#11438=LINE('Line',#11435,#11437) ;
#11450=LINE('Line',#11447,#11449) ;
#11462=LINE('Line',#11459,#11461) ;
#11483=LINE('Line',#11480,#11482) ;
#11512=LINE('Line',#11509,#11511) ;
#11529=LINE('Line',#11526,#11528) ;
#11560=LINE('Line',#11557,#11559) ;
#11586=LINE('Line',#11583,#11585) ;
#11600=LINE('Line',#11597,#11599) ;
#11617=LINE('Line',#11614,#11616) ;
#11624=LINE('Line',#11621,#11623) ;
#11631=LINE('Line',#11628,#11630) ;
#11662=LINE('Line',#11659,#11661) ;
#11679=LINE('Line',#11676,#11678) ;
#11686=LINE('Line',#11683,#11685) ;
#11693=LINE('Line',#11690,#11692) ;
#11698=LINE('Line',#11695,#11697) ;
#11705=LINE('Line',#11702,#11704) ;
#11712=LINE('Line',#11709,#11711) ;
#11717=LINE('Line',#11714,#11716) ;
#11752=LINE('Line',#11749,#11751) ;
#11764=LINE('Line',#11761,#11763) ;
#11778=LINE('Line',#11775,#11777) ;
#11790=LINE('Line',#11787,#11789) ;
#11818=LINE('Line',#11815,#11817) ;
#11823=LINE('Line',#11820,#11822) ;
#11841=LINE('Line',#11838,#11840) ;
#12076=LINE('Line',#12073,#12075) ;
#12081=LINE('Line',#12078,#12080) ;
#12117=LINE('Line',#12114,#12116) ;
#12122=LINE('Line',#12119,#12121) ;
#12162=LINE('Line',#12159,#12161) ;
#12167=LINE('Line',#12164,#12166) ;
#12198=LINE('Line',#12195,#12197) ;
#12212=LINE('Line',#12209,#12211) ;
#12243=LINE('Line',#12240,#12242) ;
#12257=LINE('Line',#12254,#12256) ;
#12288=LINE('Line',#12285,#12287) ;
#12302=LINE('Line',#12299,#12301) ;
#12333=LINE('Line',#12330,#12332) ;
#12347=LINE('Line',#12344,#12346) ;
#12426=LINE('Line',#12423,#12425) ;
#12440=LINE('Line',#12437,#12439) ;
#12459=LINE('Line',#12456,#12458) ;
#12473=LINE('Line',#12470,#12472) ;
#12497=LINE('Line',#12494,#12496) ;
#12511=LINE('Line',#12508,#12510) ;
#12525=LINE('Line',#12522,#12524) ;
#12557=LINE('Line',#12554,#12556) ;
#12562=LINE('Line',#12559,#12561) ;
#12588=LINE('Line',#12585,#12587) ;
#12593=LINE('Line',#12590,#12592) ;
#12619=LINE('Line',#12616,#12618) ;
#12733=LINE('Line',#12730,#12732) ;
#12787=LINE('Line',#12784,#12786) ;
#12801=LINE('Line',#12798,#12800) ;
#12950=LINE('Line',#12947,#12949) ;
#12955=LINE('Line',#12952,#12954) ;
#12995=LINE('Line',#12992,#12994) ;
#13000=LINE('Line',#12997,#12999) ;
#13040=LINE('Line',#13037,#13039) ;
#13045=LINE('Line',#13042,#13044) ;
#13071=LINE('Line',#13068,#13070) ;
#13103=LINE('Line',#13100,#13102) ;
#13110=LINE('Line',#13107,#13109) ;
#13117=LINE('Line',#13114,#13116) ;
#13206=LINE('Line',#13203,#13205) ;
#13211=LINE('Line',#13208,#13210) ;
#13237=LINE('Line',#13234,#13236) ;
#13242=LINE('Line',#13239,#13241) ;
#13268=LINE('Line',#13265,#13267) ;
#13273=LINE('Line',#13270,#13272) ;
#13302=LINE('Line',#13299,#13301) ;
#13311=LINE('Line',#13308,#13310) ;
#13318=LINE('Line',#13315,#13317) ;
#13325=LINE('Line',#13322,#13324) ;
#13351=LINE('Line',#13348,#13350) ;
#13365=LINE('Line',#13362,#13364) ;
#13379=LINE('Line',#13376,#13378) ;
#13386=LINE('Line',#13383,#13385) ;
#13393=LINE('Line',#13390,#13392) ;
#13400=LINE('Line',#13397,#13399) ;
#13407=LINE('Line',#13404,#13406) ;
#13421=LINE('Line',#13418,#13420) ;
#13428=LINE('Line',#13425,#13427) ;
#13435=LINE('Line',#13432,#13434) ;
#13463=LINE('Line',#13460,#13462) ;
#13487=LINE('Line',#13484,#13486) ;
#13511=LINE('Line',#13508,#13510) ;
#13518=LINE('Line',#13515,#13517) ;
#13525=LINE('Line',#13522,#13524) ;
#13542=LINE('Line',#13539,#13541) ;
#13556=LINE('Line',#13553,#13555) ;
#13573=LINE('Line',#13570,#13572) ;
#13580=LINE('Line',#13577,#13579) ;
#13597=LINE('Line',#13594,#13596) ;
#13604=LINE('Line',#13601,#13603) ;
#13621=LINE('Line',#13618,#13620) ;
#13628=LINE('Line',#13625,#13627) ;
#13645=LINE('Line',#13642,#13644) ;
#13659=LINE('Line',#13656,#13658) ;
#13676=LINE('Line',#13673,#13675) ;
#13690=LINE('Line',#13687,#13689) ;
#13707=LINE('Line',#13704,#13706) ;
#13714=LINE('Line',#13711,#13713) ;
#13731=LINE('Line',#13728,#13730) ;
#13738=LINE('Line',#13735,#13737) ;
#13772=LINE('Line',#13769,#13771) ;
#13789=LINE('Line',#13786,#13788) ;
#13796=LINE('Line',#13793,#13795) ;
#13813=LINE('Line',#13810,#13812) ;
#13830=LINE('Line',#13827,#13829) ;
#13837=LINE('Line',#13834,#13836) ;
#13854=LINE('Line',#13851,#13853) ;
#13919=LINE('Line',#13916,#13918) ;
#13928=LINE('Line',#13925,#13927) ;
#13935=LINE('Line',#13932,#13934) ;
#13942=LINE('Line',#13939,#13941) ;
#13973=LINE('Line',#13970,#13972) ;
#13990=LINE('Line',#13987,#13989) ;
#13997=LINE('Line',#13994,#13996) ;
#14004=LINE('Line',#14001,#14003) ;
#14028=LINE('Line',#14025,#14027) ;
#14052=LINE('Line',#14049,#14051) ;
#14059=LINE('Line',#14056,#14058) ;
#14066=LINE('Line',#14063,#14065) ;
#14097=LINE('Line',#14094,#14096) ;
#14114=LINE('Line',#14111,#14113) ;
#14123=LINE('Line',#14120,#14122) ;
#14128=LINE('Line',#14125,#14127) ;
#14150=LINE('Line',#14147,#14149) ;
#14157=LINE('Line',#14154,#14156) ;
#14174=LINE('Line',#14171,#14173) ;
#14181=LINE('Line',#14178,#14180) ;
#14203=LINE('Line',#14200,#14202) ;
#14235=LINE('Line',#14232,#14234) ;
#14244=LINE('Line',#14241,#14243) ;
#14251=LINE('Line',#14248,#14250) ;
#14258=LINE('Line',#14255,#14257) ;
#14275=LINE('Line',#14272,#14274) ;
#14284=LINE('Line',#14281,#14283) ;
#14289=LINE('Line',#14286,#14288) ;
#14306=LINE('Line',#14303,#14305) ;
#14313=LINE('Line',#14310,#14312) ;
#14320=LINE('Line',#14317,#14319) ;
#14344=LINE('Line',#14341,#14343) ;
#14358=LINE('Line',#14355,#14357) ;
#14378=LINE('Line',#14375,#14377) ;
#14392=LINE('Line',#14389,#14391) ;
#14419=LINE('Line',#14416,#14418) ;
#14424=LINE('Line',#14421,#14423) ;
#14453=LINE('Line',#14450,#14452) ;
#14485=LINE('Line',#14482,#14484) ;
#14494=LINE('Line',#14491,#14493) ;
#14501=LINE('Line',#14498,#14500) ;
#14508=LINE('Line',#14505,#14507) ;
#14539=LINE('Line',#14536,#14538) ;
#14556=LINE('Line',#14553,#14555) ;
#14563=LINE('Line',#14560,#14562) ;
#14570=LINE('Line',#14567,#14569) ;
#14594=LINE('Line',#14591,#14593) ;
#14618=LINE('Line',#14615,#14617) ;
#14625=LINE('Line',#14622,#14624) ;
#14632=LINE('Line',#14629,#14631) ;
#14663=LINE('Line',#14660,#14662) ;
#14680=LINE('Line',#14677,#14679) ;
#14689=LINE('Line',#14686,#14688) ;
#14694=LINE('Line',#14691,#14693) ;
#14716=LINE('Line',#14713,#14715) ;
#14723=LINE('Line',#14720,#14722) ;
#14740=LINE('Line',#14737,#14739) ;
#14747=LINE('Line',#14744,#14746) ;
#14769=LINE('Line',#14766,#14768) ;
#14801=LINE('Line',#14798,#14800) ;
#14810=LINE('Line',#14807,#14809) ;
#14817=LINE('Line',#14814,#14816) ;
#14824=LINE('Line',#14821,#14823) ;
#14841=LINE('Line',#14838,#14840) ;
#14850=LINE('Line',#14847,#14849) ;
#14855=LINE('Line',#14852,#14854) ;
#14872=LINE('Line',#14869,#14871) ;
#14879=LINE('Line',#14876,#14878) ;
#14886=LINE('Line',#14883,#14885) ;
#14910=LINE('Line',#14907,#14909) ;
#14924=LINE('Line',#14921,#14923) ;
#14944=LINE('Line',#14941,#14943) ;
#14958=LINE('Line',#14955,#14957) ;
#14985=LINE('Line',#14982,#14984) ;
#14990=LINE('Line',#14987,#14989) ;
#15019=LINE('Line',#15016,#15018) ;
#15051=LINE('Line',#15048,#15050) ;
#15060=LINE('Line',#15057,#15059) ;
#15067=LINE('Line',#15064,#15066) ;
#15074=LINE('Line',#15071,#15073) ;
#15086=LINE('Line',#15083,#15085) ;
#15093=LINE('Line',#15090,#15092) ;
#15100=LINE('Line',#15097,#15099) ;
#15117=LINE('Line',#15114,#15116) ;
#15124=LINE('Line',#15121,#15123) ;
#15141=LINE('Line',#15138,#15140) ;
#15148=LINE('Line',#15145,#15147) ;
#15160=LINE('Line',#15157,#15159) ;
#15192=LINE('Line',#15189,#15191) ;
#15201=LINE('Line',#15198,#15200) ;
#15208=LINE('Line',#15205,#15207) ;
#15215=LINE('Line',#15212,#15214) ;
#15232=LINE('Line',#15229,#15231) ;
#15239=LINE('Line',#15236,#15238) ;
#15246=LINE('Line',#15243,#15245) ;
#15258=LINE('Line',#15255,#15257) ;
#15265=LINE('Line',#15262,#15264) ;
#15282=LINE('Line',#15279,#15281) ;
#15289=LINE('Line',#15286,#15288) ;
#15306=LINE('Line',#15303,#15305) ;
#15333=LINE('Line',#15330,#15332) ;
#15342=LINE('Line',#15339,#15341) ;
#15349=LINE('Line',#15346,#15348) ;
#15356=LINE('Line',#15353,#15355) ;
#15373=LINE('Line',#15370,#15372) ;
#15380=LINE('Line',#15377,#15379) ;
#15387=LINE('Line',#15384,#15386) ;
#15399=LINE('Line',#15396,#15398) ;
#15406=LINE('Line',#15403,#15405) ;
#15423=LINE('Line',#15420,#15422) ;
#15430=LINE('Line',#15427,#15429) ;
#15447=LINE('Line',#15444,#15446) ;
#15474=LINE('Line',#15471,#15473) ;
#15483=LINE('Line',#15480,#15482) ;
#15490=LINE('Line',#15487,#15489) ;
#15497=LINE('Line',#15494,#15496) ;
#15514=LINE('Line',#15511,#15513) ;
#15521=LINE('Line',#15518,#15520) ;
#15528=LINE('Line',#15525,#15527) ;
#15540=LINE('Line',#15537,#15539) ;
#15547=LINE('Line',#15544,#15546) ;
#15564=LINE('Line',#15561,#15563) ;
#15571=LINE('Line',#15568,#15570) ;
#15588=LINE('Line',#15585,#15587) ;
#15615=LINE('Line',#15612,#15614) ;
#15631=LINE('Line',#15628,#15630) ;
#15655=LINE('Line',#15652,#15654) ;
#15671=LINE('Line',#15668,#15670) ;
#15695=LINE('Line',#15692,#15694) ;
#15704=LINE('Line',#15701,#15703) ;
#15709=LINE('Line',#15706,#15708) ;
#15726=LINE('Line',#15723,#15725) ;
#15735=LINE('Line',#15732,#15734) ;
#15742=LINE('Line',#15739,#15741) ;
#15749=LINE('Line',#15746,#15748) ;
#15766=LINE('Line',#15763,#15765) ;
#15782=LINE('Line',#15779,#15781) ;
#15830=LINE('Line',#15827,#15829) ;
#15868=LINE('Line',#15865,#15867) ;
#15885=LINE('Line',#15882,#15884) ;
#15892=LINE('Line',#15889,#15891) ;
#15899=LINE('Line',#15896,#15898) ;
#15938=LINE('Line',#15935,#15937) ;
#15945=LINE('Line',#15942,#15944) ;
#15952=LINE('Line',#15949,#15951) ;
#15969=LINE('Line',#15966,#15968) ;
#15976=LINE('Line',#15973,#15975) ;
#15983=LINE('Line',#15980,#15982) ;
#16000=LINE('Line',#15997,#15999) ;
#16005=LINE('Line',#16002,#16004) ;
#16094=LINE('Line',#16091,#16093) ;
#16103=LINE('Line',#16100,#16102) ;
#16117=LINE('Line',#16114,#16116) ;
#16124=LINE('Line',#16121,#16123) ;
#16131=LINE('Line',#16128,#16130) ;
#16150=LINE('Line',#16147,#16149) ;
#16157=LINE('Line',#16154,#16156) ;
#16164=LINE('Line',#16161,#16163) ;
#16181=LINE('Line',#16178,#16180) ;
#16190=LINE('Line',#16187,#16189) ;
#16204=LINE('Line',#16201,#16203) ;
#16209=LINE('Line',#16206,#16208) ;
#16228=LINE('Line',#16225,#16227) ;
#16245=LINE('Line',#16242,#16244) ;
#16262=LINE('Line',#16259,#16261) ;
#16279=LINE('Line',#16276,#16278) ;
#16311=LINE('Line',#16308,#16310) ;
#16320=LINE('Line',#16317,#16319) ;
#16327=LINE('Line',#16324,#16326) ;
#16334=LINE('Line',#16331,#16333) ;
#16348=LINE('Line',#16345,#16347) ;
#16367=LINE('Line',#16364,#16366) ;
#16374=LINE('Line',#16371,#16373) ;
#16381=LINE('Line',#16378,#16380) ;
#16398=LINE('Line',#16395,#16397) ;
#16407=LINE('Line',#16404,#16406) ;
#16412=LINE('Line',#16409,#16411) ;
#16426=LINE('Line',#16423,#16425) ;
#16445=LINE('Line',#16442,#16444) ;
#16462=LINE('Line',#16459,#16461) ;
#16479=LINE('Line',#16476,#16478) ;
#16496=LINE('Line',#16493,#16495) ;
#16528=LINE('Line',#16525,#16527) ;
#16537=LINE('Line',#16534,#16536) ;
#16544=LINE('Line',#16541,#16543) ;
#16551=LINE('Line',#16548,#16550) ;
#16568=LINE('Line',#16565,#16567) ;
#16575=LINE('Line',#16572,#16574) ;
#16582=LINE('Line',#16579,#16581) ;
#16606=LINE('Line',#16603,#16605) ;
#16613=LINE('Line',#16610,#16612) ;
#16620=LINE('Line',#16617,#16619) ;
#16634=LINE('Line',#16631,#16633) ;
#16641=LINE('Line',#16638,#16640) ;
#16663=LINE('Line',#16660,#16662) ;
#16670=LINE('Line',#16667,#16669) ;
#16694=LINE('Line',#16691,#16693) ;
#16701=LINE('Line',#16698,#16700) ;
#16715=LINE('Line',#16712,#16714) ;
#16722=LINE('Line',#16719,#16721) ;
#16752=LINE('Line',#16749,#16751) ;
#16802=LINE('Line',#16799,#16801) ;
#16821=LINE('Line',#16818,#16820) ;
#16837=LINE('Line',#16834,#16836) ;
#16842=LINE('Line',#16839,#16841) ;
#16854=LINE('Line',#16851,#16853) ;
#16884=LINE('Line',#16881,#16883) ;
#16896=LINE('Line',#16893,#16895) ;
#16925=LINE('Line',#16922,#16924) ;
#16960=LINE('Line',#16957,#16959) ;
#16977=LINE('Line',#16974,#16976) ;
#17026=LINE('Line',#17023,#17025) ;
#17073=LINE('Line',#17070,#17072) ;
#17088=LINE('Line',#17085,#17087) ;
#17103=LINE('Line',#17100,#17102) ;
#17145=LINE('Line',#17142,#17144) ;
#17160=LINE('Line',#17157,#17159) ;
#17180=LINE('Line',#17177,#17179) ;
#17213=LINE('Line',#17210,#17212) ;
#17239=LINE('Line',#17236,#17238) ;
#17246=LINE('Line',#17243,#17245) ;
#17260=LINE('Line',#17257,#17259) ;
#17274=LINE('Line',#17271,#17273) ;
#17288=LINE('Line',#17285,#17287) ;
#17307=LINE('Line',#17304,#17306) ;
#17341=LINE('Line',#17338,#17340) ;
#17369=LINE('Line',#17366,#17368) ;
#17381=LINE('Line',#17378,#17380) ;
#17395=LINE('Line',#17392,#17394) ;
#17409=LINE('Line',#17406,#17408) ;
#17423=LINE('Line',#17420,#17422) ;
#17430=LINE('Line',#17427,#17429) ;
#17457=LINE('Line',#17454,#17456) ;
#17474=LINE('Line',#17471,#17473) ;
#17479=LINE('Line',#17476,#17478) ;
#17508=LINE('Line',#17505,#17507) ;
#17525=LINE('Line',#17522,#17524) ;
#17542=LINE('Line',#17539,#17541) ;
#17559=LINE('Line',#17556,#17558) ;
#17576=LINE('Line',#17573,#17575) ;
#17641=LINE('Line',#17638,#17640) ;
#17659=LINE('Line',#17656,#17658) ;
#17671=LINE('Line',#17668,#17670) ;
#17678=LINE('Line',#17675,#17677) ;
#17685=LINE('Line',#17682,#17684) ;
#17718=LINE('Line',#17715,#17717) ;
#17738=LINE('Line',#17735,#17737) ;
#17747=LINE('Line',#17744,#17746) ;
#17752=LINE('Line',#17749,#17751) ;
#17771=LINE('Line',#17768,#17770) ;
#17809=LINE('Line',#17806,#17808) ;
#17833=LINE('Line',#17830,#17832) ;
#17840=LINE('Line',#17837,#17839) ;
#17847=LINE('Line',#17844,#17846) ;
#17864=LINE('Line',#17861,#17863) ;
#17890=LINE('Line',#17887,#17889) ;
#17897=LINE('Line',#17894,#17896) ;
#17904=LINE('Line',#17901,#17903) ;
#17921=LINE('Line',#17918,#17920) ;
#17928=LINE('Line',#17925,#17927) ;
#17935=LINE('Line',#17932,#17934) ;
#17947=LINE('Line',#17944,#17946) ;
#17956=LINE('Line',#17953,#17955) ;
#17961=LINE('Line',#17958,#17960) ;
#17985=LINE('Line',#17982,#17984) ;
#18016=LINE('Line',#18013,#18015) ;
#18040=LINE('Line',#18037,#18039) ;
#18049=LINE('Line',#18046,#18048) ;
#18054=LINE('Line',#18051,#18053) ;
#189=CIRCLE('generated circle',#188,60.) ;
#203=CIRCLE('generated circle',#202,60.) ;
#316=CIRCLE('generated circle',#315,60.) ;
#364=CIRCLE('generated circle',#363,11.5) ;
#607=CIRCLE('generated circle',#606,19.5) ;
#690=CIRCLE('generated circle',#689,60.) ;
#832=CIRCLE('generated circle',#831,60.) ;
#837=CIRCLE('generated circle',#836,60.) ;
#1177=CIRCLE('generated circle',#1176,5.) ;
#1208=CIRCLE('generated circle',#1207,25.) ;
#1450=CIRCLE('generated circle',#1449,25.) ;
#1474=CIRCLE('generated circle',#1473,25.) ;
#1619=CIRCLE('generated circle',#1618,60.) ;
#1653=CIRCLE('generated circle',#1652,60.) ;
#1677=CIRCLE('generated circle',#1676,35.) ;
#1993=CIRCLE('generated circle',#1992,25.) ;
#2273=CIRCLE('generated circle',#2272,25.) ;
#2309=CIRCLE('generated circle',#2308,25.) ;
#2457=CIRCLE('generated circle',#2456,60.) ;
#2474=CIRCLE('generated circle',#2473,60.) ;
#2491=CIRCLE('generated circle',#2490,35.) ;
#2627=CIRCLE('generated circle',#2626,20.) ;
#2641=CIRCLE('generated circle',#2640,20.) ;
#2689=CIRCLE('generated circle',#2688,20.) ;
#2703=CIRCLE('generated circle',#2702,20.) ;
#2909=CIRCLE('generated circle',#2908,5.) ;
#2923=CIRCLE('generated circle',#2922,5.) ;
#2971=CIRCLE('generated circle',#2970,5.) ;
#2985=CIRCLE('generated circle',#2984,5.) ;
#3033=CIRCLE('generated circle',#3032,5.) ;
#3047=CIRCLE('generated circle',#3046,5.) ;
#3095=CIRCLE('generated circle',#3094,5.) ;
#3109=CIRCLE('generated circle',#3108,5.) ;
#3157=CIRCLE('generated circle',#3156,5.) ;
#3171=CIRCLE('generated circle',#3170,5.) ;
#3219=CIRCLE('generated circle',#3218,5.) ;
#3233=CIRCLE('generated circle',#3232,5.) ;
#3281=CIRCLE('generated circle',#3280,5.) ;
#3295=CIRCLE('generated circle',#3294,5.) ;
#3338=CIRCLE('generated circle',#3337,5.) ;
#3352=CIRCLE('generated circle',#3351,5.) ;
#3400=CIRCLE('generated circle',#3399,5.) ;
#3414=CIRCLE('generated circle',#3413,5.) ;
#3457=CIRCLE('generated circle',#3456,5.) ;
#3471=CIRCLE('generated circle',#3470,5.) ;
#3519=CIRCLE('generated circle',#3518,5.) ;
#3533=CIRCLE('generated circle',#3532,5.) ;
#3576=CIRCLE('generated circle',#3575,5.) ;
#3590=CIRCLE('generated circle',#3589,5.) ;
#3629=CIRCLE('generated circle',#3628,15.) ;
#3645=CIRCLE('generated circle',#3644,15.) ;
#3664=CIRCLE('generated circle',#3663,15.) ;
#3669=CIRCLE('generated circle',#3668,15.) ;
#3686=CIRCLE('generated circle',#3685,15.) ;
#3702=CIRCLE('generated circle',#3701,15.) ;
#3721=CIRCLE('generated circle',#3720,15.) ;
#3726=CIRCLE('generated circle',#3725,15.) ;
#3743=CIRCLE('generated circle',#3742,12.5) ;
#3759=CIRCLE('generated circle',#3758,12.5) ;
#3778=CIRCLE('generated circle',#3777,12.5) ;
#3783=CIRCLE('generated circle',#3782,12.5) ;
#4010=CIRCLE('generated circle',#4009,6.) ;
#4024=CIRCLE('generated circle',#4023,6.) ;
#4041=CIRCLE('generated circle',#4040,10.) ;
#4096=CIRCLE('generated circle',#4095,5.) ;
#4103=CIRCLE('generated circle',#4102,5.) ;
#4158=CIRCLE('generated circle',#4157,5.) ;
#4172=CIRCLE('generated circle',#4171,5.) ;
#4220=CIRCLE('generated circle',#4219,5.) ;
#4234=CIRCLE('generated circle',#4233,5.) ;
#4282=CIRCLE('generated circle',#4281,5.) ;
#4289=CIRCLE('generated circle',#4288,5.) ;
#4505=CIRCLE('generated circle',#4504,5.) ;
#4553=CIRCLE('generated circle',#4552,5.) ;
#4601=CIRCLE('generated circle',#4600,5.) ;
#4649=CIRCLE('generated circle',#4648,10.) ;
#4707=CIRCLE('generated circle',#4706,4.5) ;
#4731=CIRCLE('generated circle',#4730,4.5) ;
#4757=CIRCLE('generated circle',#4756,4.5) ;
#4769=CIRCLE('generated circle',#4768,4.5) ;
#4793=CIRCLE('generated circle',#4792,5.) ;
#4897=CIRCLE('generated circle',#4896,6.) ;
#4911=CIRCLE('generated circle',#4910,6.) ;
#4935=CIRCLE('generated circle',#4934,10.) ;
#4959=CIRCLE('generated circle',#4958,10.) ;
#5104=CIRCLE('generated circle',#5103,5.) ;
#5134=CIRCLE('generated circle',#5133,5.) ;
#5169=CIRCLE('generated circle',#5168,6.) ;
#5174=CIRCLE('generated circle',#5173,6.) ;
#5222=CIRCLE('generated circle',#5221,5.) ;
#5246=CIRCLE('generated circle',#5245,5.) ;
#5277=CIRCLE('generated circle',#5276,25.) ;
#5291=CIRCLE('generated circle',#5290,30.) ;
#5305=CIRCLE('generated circle',#5304,5.) ;
#5319=CIRCLE('generated circle',#5318,5.) ;
#5333=CIRCLE('generated circle',#5332,5.) ;
#5347=CIRCLE('generated circle',#5346,15.) ;
#5361=CIRCLE('generated circle',#5360,5.) ;
#5416=CIRCLE('generated circle',#5415,4.5) ;
#5430=CIRCLE('generated circle',#5429,4.5) ;
#5450=CIRCLE('generated circle',#5449,4.5) ;
#5464=CIRCLE('generated circle',#5463,4.5) ;
#5511=CIRCLE('generated circle',#5510,5.) ;
#5525=CIRCLE('generated circle',#5524,15.) ;
#5539=CIRCLE('generated circle',#5538,5.) ;
#5553=CIRCLE('generated circle',#5552,5.) ;
#5567=CIRCLE('generated circle',#5566,5.) ;
#5581=CIRCLE('generated circle',#5580,30.) ;
#5595=CIRCLE('generated circle',#5594,25.) ;
#5627=CIRCLE('generated circle',#5626,4.5) ;
#5643=CIRCLE('generated circle',#5642,4.5) ;
#5661=CIRCLE('generated circle',#5660,4.5) ;
#5677=CIRCLE('generated circle',#5676,4.5) ;
#5701=CIRCLE('generated circle',#5700,10.) ;
#5715=CIRCLE('generated circle',#5714,10.) ;
#6238=CIRCLE('generated circle',#6237,20.) ;
#6252=CIRCLE('generated circle',#6251,37.5) ;
#6280=CIRCLE('generated circle',#6279,22.5) ;
#6298=CIRCLE('generated circle',#6297,20.) ;
#6307=CIRCLE('generated circle',#6306,20.) ;
#6316=CIRCLE('generated circle',#6315,20.) ;
#6325=CIRCLE('generated circle',#6324,20.) ;
#6347=CIRCLE('generated circle',#6346,22.5) ;
#6450=CIRCLE('generated circle',#6449,37.5) ;
#6529=CIRCLE('generated circle',#6528,20.) ;
#6548=CIRCLE('generated circle',#6547,20.) ;
#6572=CIRCLE('generated circle',#6571,20.) ;
#6591=CIRCLE('generated circle',#6590,20.) ;
#6625=CIRCLE('generated circle',#6624,20.) ;
#6693=CIRCLE('generated circle',#6692,20.) ;
#6707=CIRCLE('generated circle',#6706,20.) ;
#6733=CIRCLE('generated circle',#6732,37.5) ;
#6787=CIRCLE('generated circle',#6786,30.) ;
#6801=CIRCLE('generated circle',#6800,200.) ;
#6821=CIRCLE('generated circle',#6820,20.) ;
#6830=CIRCLE('generated circle',#6829,20.) ;
#6839=CIRCLE('generated circle',#6838,20.) ;
#6848=CIRCLE('generated circle',#6847,20.) ;
#6997=CIRCLE('generated circle',#6996,200.) ;
#7028=CIRCLE('generated circle',#7027,37.5) ;
#7078=CIRCLE('generated circle',#7077,20.) ;
#7097=CIRCLE('generated circle',#7096,20.) ;
#7121=CIRCLE('generated circle',#7120,20.) ;
#7140=CIRCLE('generated circle',#7139,20.) ;
#7191=CIRCLE('generated circle',#7190,30.) ;
#7266=CIRCLE('generated circle',#7265,20.) ;
#7280=CIRCLE('generated circle',#7279,20.) ;
#7292=CIRCLE('generated circle',#7291,20.) ;
#7297=CIRCLE('generated circle',#7296,20.) ;
#7309=CIRCLE('generated circle',#7308,22.5) ;
#7318=CIRCLE('generated circle',#7317,22.5) ;
#7332=CIRCLE('generated circle',#7331,22.5) ;
#7341=CIRCLE('generated circle',#7340,22.5) ;
#7350=CIRCLE('generated circle',#7349,20.) ;
#7359=CIRCLE('generated circle',#7358,20.) ;
#7412=CIRCLE('generated circle',#7411,20.) ;
#7424=CIRCLE('generated circle',#7423,20.) ;
#7445=CIRCLE('generated circle',#7444,11.) ;
#7454=CIRCLE('generated circle',#7453,11.) ;
#7481=CIRCLE('generated circle',#7480,11.) ;
#7490=CIRCLE('generated circle',#7489,11.) ;
#7549=CIRCLE('generated circle',#7548,20.) ;
#7563=CIRCLE('generated circle',#7562,20.) ;
#7575=CIRCLE('generated circle',#7574,20.) ;
#7580=CIRCLE('generated circle',#7579,20.) ;
#7592=CIRCLE('generated circle',#7591,22.5) ;
#7601=CIRCLE('generated circle',#7600,22.5) ;
#7615=CIRCLE('generated circle',#7614,22.5) ;
#7624=CIRCLE('generated circle',#7623,22.5) ;
#7633=CIRCLE('generated circle',#7632,20.) ;
#7642=CIRCLE('generated circle',#7641,20.) ;
#7695=CIRCLE('generated circle',#7694,20.) ;
#7707=CIRCLE('generated circle',#7706,20.) ;
#7728=CIRCLE('generated circle',#7727,11.) ;
#7737=CIRCLE('generated circle',#7736,11.) ;
#7757=CIRCLE('generated circle',#7756,11.) ;
#7766=CIRCLE('generated circle',#7765,11.) ;
#7865=CIRCLE('generated circle',#7864,5.) ;
#7870=CIRCLE('generated circle',#7869,5.) ;
#7927=CIRCLE('generated circle',#7926,10.) ;
#7969=CIRCLE('generated circle',#7968,10.) ;
#8008=CIRCLE('generated circle',#8007,20.) ;
#8013=CIRCLE('generated circle',#8012,20.) ;
#8058=CIRCLE('generated circle',#8057,5.) ;
#8092=CIRCLE('generated circle',#8091,10.) ;
#8109=CIRCLE('generated circle',#8108,22.5) ;
#8123=CIRCLE('generated circle',#8122,22.5) ;
#8171=CIRCLE('generated circle',#8170,10.) ;
#8200=CIRCLE('generated circle',#8199,5.) ;
#8268=CIRCLE('generated circle',#8267,11.) ;
#8277=CIRCLE('generated circle',#8276,11.) ;
#8300=CIRCLE('generated circle',#8299,11.) ;
#8320=CIRCLE('generated circle',#8319,11.) ;
#8819=CIRCLE('generated circle',#8818,35.) ;
#8856=CIRCLE('generated circle',#8855,50.) ;
#8921=CIRCLE('generated circle',#8920,35.) ;
#9130=CIRCLE('generated circle',#9129,50.) ;
#9168=CIRCLE('generated circle',#9167,10.) ;
#9184=CIRCLE('generated circle',#9183,10.) ;
#9281=CIRCLE('generated circle',#9280,10.) ;
#9297=CIRCLE('generated circle',#9296,10.) ;
#9350=CIRCLE('generated circle',#9349,40.) ;
#9364=CIRCLE('generated circle',#9363,40.) ;
#9406=CIRCLE('generated circle',#9405,10.) ;
#9420=CIRCLE('generated circle',#9419,10.) ;
#9470=CIRCLE('generated circle',#9469,10.) ;
#9484=CIRCLE('generated circle',#9483,10.) ;
#9532=CIRCLE('generated circle',#9531,10.) ;
#9539=CIRCLE('generated circle',#9538,10.) ;
#9594=CIRCLE('generated circle',#9593,10.) ;
#9611=CIRCLE('generated circle',#9610,10.) ;
#9625=CIRCLE('generated circle',#9624,10.) ;
#9675=CIRCLE('generated circle',#9674,10.) ;
#9682=CIRCLE('generated circle',#9681,10.) ;
#9706=CIRCLE('generated circle',#9705,10.) ;
#9720=CIRCLE('generated circle',#9719,10.) ;
#9768=CIRCLE('generated circle',#9767,10.) ;
#9782=CIRCLE('generated circle',#9781,10.) ;
#9799=CIRCLE('generated circle',#9798,10.) ;
#9806=CIRCLE('generated circle',#9805,10.) ;
#9856=CIRCLE('generated circle',#9855,10.) ;
#9870=CIRCLE('generated circle',#9869,10.) ;
#9888=CIRCLE('generated circle',#9887,10.) ;
#9902=CIRCLE('generated circle',#9901,10.) ;
#9950=CIRCLE('generated circle',#9949,10.) ;
#9964=CIRCLE('generated circle',#9963,10.) ;
#10012=CIRCLE('generated circle',#10011,10.) ;
#10019=CIRCLE('generated circle',#10018,10.) ;
#10069=CIRCLE('generated circle',#10068,15.) ;
#10086=CIRCLE('generated circle',#10085,15.) ;
#10100=CIRCLE('generated circle',#10099,15.) ;
#10150=CIRCLE('generated circle',#10149,10.) ;
#10157=CIRCLE('generated circle',#10156,10.) ;
#10181=CIRCLE('generated circle',#10180,10.) ;
#10195=CIRCLE('generated circle',#10194,10.) ;
#10243=CIRCLE('generated circle',#10242,10.) ;
#10257=CIRCLE('generated circle',#10256,10.) ;
#10274=CIRCLE('generated circle',#10273,10.) ;
#10281=CIRCLE('generated circle',#10280,10.) ;
#10331=CIRCLE('generated circle',#10330,10.) ;
#10338=CIRCLE('generated circle',#10337,10.) ;
#10362=CIRCLE('generated circle',#10361,56.) ;
#10378=CIRCLE('generated circle',#10377,56.) ;
#10409=CIRCLE('generated circle',#10408,40.) ;
#10437=CIRCLE('generated circle',#10436,56.) ;
#10475=CIRCLE('generated circle',#10474,56.) ;
#10503=CIRCLE('generated circle',#10502,40.) ;
#10577=CIRCLE('generated circle',#10576,15.) ;
#10591=CIRCLE('generated circle',#10590,15.) ;
#10601=CIRCLE('generated circle',#10600,15.) ;
#10615=CIRCLE('generated circle',#10614,15.) ;
#10629=CIRCLE('generated circle',#10628,20.) ;
#10636=CIRCLE('generated circle',#10635,15.) ;
#10650=CIRCLE('generated circle',#10649,15.) ;
#10657=CIRCLE('generated circle',#10656,20.) ;
#10696=CIRCLE('generated circle',#10695,18.) ;
#10705=CIRCLE('generated circle',#10704,18.) ;
#10714=CIRCLE('generated circle',#10713,18.) ;
#10723=CIRCLE('generated circle',#10722,18.) ;
#10732=CIRCLE('generated circle',#10731,8.) ;
#10741=CIRCLE('generated circle',#10740,8.) ;
#10748=CIRCLE('generated circle',#10747,8.) ;
#10758=CIRCLE('generated circle',#10757,8.) ;
#10767=CIRCLE('generated circle',#10766,8.) ;
#10774=CIRCLE('generated circle',#10773,8.) ;
#10784=CIRCLE('generated circle',#10783,4.188) ;
#10793=CIRCLE('generated circle',#10792,4.188) ;
#10802=CIRCLE('generated circle',#10801,4.188) ;
#10811=CIRCLE('generated circle',#10810,4.188) ;
#10820=CIRCLE('generated circle',#10819,3.3235) ;
#10829=CIRCLE('generated circle',#10828,3.3235) ;
#10873=CIRCLE('generated circle',#10872,15.) ;
#10889=CIRCLE('generated circle',#10888,15.) ;
#10894=CIRCLE('generated circle',#10893,15.) ;
#10908=CIRCLE('generated circle',#10907,15.) ;
#10980=CIRCLE('generated circle',#10979,20.) ;
#11018=CIRCLE('generated circle',#11017,15.) ;
#11066=CIRCLE('generated circle',#11065,15.) ;
#11083=CIRCLE('generated circle',#11082,20.) ;
#11111=CIRCLE('generated circle',#11110,6.) ;
#11142=CIRCLE('generated circle',#11141,25.) ;
#11156=CIRCLE('generated circle',#11155,25.) ;
#11213=CIRCLE('generated circle',#11212,25.) ;
#11228=CIRCLE('generated circle',#11227,25.) ;
#11246=CIRCLE('generated circle',#11245,25.) ;
#11260=CIRCLE('generated circle',#11259,25.) ;
#11308=CIRCLE('generated circle',#11307,25.) ;
#11322=CIRCLE('generated circle',#11321,25.) ;
#11358=CIRCLE('generated circle',#11357,25.) ;
#11363=CIRCLE('generated circle',#11362,25.) ;
#11407=CIRCLE('generated circle',#11406,25.) ;
#11421=CIRCLE('generated circle',#11420,25.) ;
#11445=CIRCLE('generated circle',#11444,6.) ;
#11455=CIRCLE('generated circle',#11454,6.) ;
#11546=CIRCLE('generated circle',#11545,15.) ;
#11577=CIRCLE('generated circle',#11576,15.) ;
#11593=CIRCLE('generated circle',#11592,15.) ;
#11648=CIRCLE('generated circle',#11647,15.) ;
#11655=CIRCLE('generated circle',#11654,15.) ;
#11757=CIRCLE('generated circle',#11756,6.) ;
#11785=CIRCLE('generated circle',#11784,6.) ;
#11809=CIRCLE('generated circle',#11808,8.) ;
#11867=CIRCLE('generated circle',#11866,8.) ;
#11876=CIRCLE('generated circle',#11875,8.) ;
#11885=CIRCLE('generated circle',#11884,8.) ;
#11894=CIRCLE('generated circle',#11893,9.) ;
#11903=CIRCLE('generated circle',#11902,9.) ;
#11912=CIRCLE('generated circle',#11911,9.) ;
#11921=CIRCLE('generated circle',#11920,9.) ;
#11930=CIRCLE('generated circle',#11929,9.) ;
#11939=CIRCLE('generated circle',#11938,9.) ;
#11948=CIRCLE('generated circle',#11947,9.) ;
#11957=CIRCLE('generated circle',#11956,9.) ;
#11966=CIRCLE('generated circle',#11965,14.5) ;
#11975=CIRCLE('generated circle',#11974,14.5) ;
#11984=CIRCLE('generated circle',#11983,12.5) ;
#11993=CIRCLE('generated circle',#11992,12.5) ;
#12002=CIRCLE('generated circle',#12001,4.188) ;
#12011=CIRCLE('generated circle',#12010,4.188) ;
#12020=CIRCLE('generated circle',#12019,4.188) ;
#12029=CIRCLE('generated circle',#12028,4.188) ;
#12038=CIRCLE('generated circle',#12037,3.3235) ;
#12047=CIRCLE('generated circle',#12046,3.3235) ;
#12108=CIRCLE('generated circle',#12107,9.) ;
#12135=CIRCLE('generated circle',#12134,9.) ;
#12153=CIRCLE('generated circle',#12152,9.) ;
#12180=CIRCLE('generated circle',#12179,9.) ;
#12205=CIRCLE('generated circle',#12204,9.) ;
#12225=CIRCLE('generated circle',#12224,9.) ;
#12250=CIRCLE('generated circle',#12249,9.) ;
#12270=CIRCLE('generated circle',#12269,9.) ;
#12295=CIRCLE('generated circle',#12294,14.5) ;
#12315=CIRCLE('generated circle',#12314,14.5) ;
#12340=CIRCLE('generated circle',#12339,12.5) ;
#12360=CIRCLE('generated circle',#12359,12.5) ;
#12378=CIRCLE('generated circle',#12377,18.) ;
#12387=CIRCLE('generated circle',#12386,18.) ;
#12402=CIRCLE('generated circle',#12401,18.) ;
#12411=CIRCLE('generated circle',#12410,18.) ;
#12433=CIRCLE('generated circle',#12432,18.) ;
#12466=CIRCLE('generated circle',#12465,18.) ;
#12504=CIRCLE('generated circle',#12503,12.) ;
#12518=CIRCLE('generated circle',#12517,12.) ;
#12639=CIRCLE('generated circle',#12638,6.) ;
#12644=CIRCLE('generated circle',#12643,6.) ;
#12675=CIRCLE('generated circle',#12674,6.) ;
#12693=CIRCLE('generated circle',#12692,6.) ;
#12748=CIRCLE('generated circle',#12747,8.75) ;
#12757=CIRCLE('generated circle',#12756,8.75) ;
#12794=CIRCLE('generated circle',#12793,8.75) ;
#12814=CIRCLE('generated circle',#12813,8.75) ;
#12876=CIRCLE('generated circle',#12875,8.75) ;
#12885=CIRCLE('generated circle',#12884,8.75) ;
#12894=CIRCLE('generated circle',#12893,8.75) ;
#12903=CIRCLE('generated circle',#12902,8.75) ;
#12916=CIRCLE('generated circle',#12915,8.75) ;
#12925=CIRCLE('generated circle',#12924,8.75) ;
#12941=CIRCLE('generated circle',#12940,8.75) ;
#12968=CIRCLE('generated circle',#12967,8.75) ;
#12986=CIRCLE('generated circle',#12985,8.75) ;
#13013=CIRCLE('generated circle',#13012,8.75) ;
#13031=CIRCLE('generated circle',#13030,8.75) ;
#13058=CIRCLE('generated circle',#13057,8.75) ;
#13342=CIRCLE('generated circle',#13341,10.) ;
#13358=CIRCLE('generated circle',#13357,100.) ;
#13372=CIRCLE('generated circle',#13371,15.) ;
#13414=CIRCLE('generated circle',#13413,25.) ;
#13456=CIRCLE('generated circle',#13455,28.75) ;
#13470=CIRCLE('generated circle',#13469,28.75) ;
#13494=CIRCLE('generated circle',#13493,28.75) ;
#13549=CIRCLE('generated circle',#13548,25.) ;
#13652=CIRCLE('generated circle',#13651,15.) ;
#13683=CIRCLE('generated circle',#13682,100.) ;
#13755=CIRCLE('generated circle',#13754,10.) ;
#13871=CIRCLE('generated circle',#13870,28.75) ;
#13959=CIRCLE('generated circle',#13958,25.) ;
#13966=CIRCLE('generated circle',#13965,25.) ;
#14021=CIRCLE('generated circle',#14020,35.) ;
#14035=CIRCLE('generated circle',#14034,35.) ;
#14083=CIRCLE('generated circle',#14082,25.) ;
#14090=CIRCLE('generated circle',#14089,25.) ;
#14337=CIRCLE('generated circle',#14336,40.) ;
#14351=CIRCLE('generated circle',#14350,40.) ;
#14385=CIRCLE('generated circle',#14384,40.) ;
#14399=CIRCLE('generated circle',#14398,40.) ;
#14525=CIRCLE('generated circle',#14524,25.) ;
#14532=CIRCLE('generated circle',#14531,25.) ;
#14587=CIRCLE('generated circle',#14586,35.) ;
#14601=CIRCLE('generated circle',#14600,35.) ;
#14649=CIRCLE('generated circle',#14648,25.) ;
#14656=CIRCLE('generated circle',#14655,25.) ;
#14903=CIRCLE('generated circle',#14902,40.) ;
#14917=CIRCLE('generated circle',#14916,40.) ;
#14951=CIRCLE('generated circle',#14950,40.) ;
#14965=CIRCLE('generated circle',#14964,40.) ;
#15624=CIRCLE('generated circle',#15623,4.5) ;
#15638=CIRCLE('generated circle',#15637,4.5) ;
#15664=CIRCLE('generated circle',#15663,5.) ;
#15678=CIRCLE('generated circle',#15677,5.) ;
#15775=CIRCLE('generated circle',#15774,4.5) ;
#15789=CIRCLE('generated circle',#15788,4.5) ;
#15801=CIRCLE('generated circle',#15800,4.5) ;
#15806=CIRCLE('generated circle',#15805,4.5) ;
#15823=CIRCLE('generated circle',#15822,10.) ;
#15837=CIRCLE('generated circle',#15836,10.) ;
#15854=CIRCLE('generated circle',#15853,5.) ;
#15861=CIRCLE('generated circle',#15860,5.) ;
#15916=CIRCLE('generated circle',#15915,5.) ;
#15921=CIRCLE('generated circle',#15920,5.) ;
#16034=CIRCLE('generated circle',#16033,4.5) ;
#16048=CIRCLE('generated circle',#16047,4.5) ;
#16110=CIRCLE('generated circle',#16109,60.) ;
#16197=CIRCLE('generated circle',#16196,60.) ;
#16341=CIRCLE('generated circle',#16340,60.) ;
#16419=CIRCLE('generated circle',#16418,60.) ;
#16599=CIRCLE('generated circle',#16598,60.) ;
#16627=CIRCLE('generated circle',#16626,25.) ;
#16687=CIRCLE('generated circle',#16686,60.) ;
#16708=CIRCLE('generated circle',#16707,25.) ;
#16790=CIRCLE('generated circle',#16789,25.) ;
#16795=CIRCLE('generated circle',#16794,25.) ;
#16830=CIRCLE('generated circle',#16829,35.) ;
#16847=CIRCLE('generated circle',#16846,35.) ;
#16861=CIRCLE('generated circle',#16860,25.) ;
#16932=CIRCLE('generated circle',#16931,35.) ;
#17189=CIRCLE('generated circle',#17188,25.) ;
#17194=CIRCLE('generated circle',#17193,25.) ;
#17230=CIRCLE('generated circle',#17229,20.) ;
#17253=CIRCLE('generated circle',#17252,25.) ;
#17267=CIRCLE('generated circle',#17266,10.) ;
#17281=CIRCLE('generated circle',#17280,10.) ;
#17293=CIRCLE('generated circle',#17292,50.) ;
#17300=CIRCLE('generated circle',#17299,50.) ;
#17334=CIRCLE('generated circle',#17333,50.) ;
#17360=CIRCLE('generated circle',#17359,20.) ;
#17376=CIRCLE('generated circle',#17375,50.) ;
#17388=CIRCLE('generated circle',#17387,10.) ;
#17402=CIRCLE('generated circle',#17401,10.) ;
#17416=CIRCLE('generated circle',#17415,25.) ;
#17627=CIRCLE('generated circle',#17626,35.) ;
#17634=CIRCLE('generated circle',#17633,35.) ;
#17664=CIRCLE('generated circle',#17663,25.) ;
#17725=CIRCLE('generated circle',#17724,25.) ;
#17780=CIRCLE('generated circle',#17779,10.) ;
#17785=CIRCLE('generated circle',#17784,10.) ;
#17802=CIRCLE('generated circle',#17801,20.) ;
#17816=CIRCLE('generated circle',#17815,20.) ;
#17873=CIRCLE('generated circle',#17872,70.) ;
#17878=CIRCLE('generated circle',#17877,70.) ;
#17978=CIRCLE('generated circle',#17977,10.) ;
#17992=CIRCLE('generated circle',#17991,10.) ;
#18009=CIRCLE('generated circle',#18008,10.) ;
#18023=CIRCLE('generated circle',#18022,10.) ;
#18071=CIRCLE('generated circle',#18070,10.) ;
#18076=CIRCLE('generated circle',#18075,10.) ;
#52=PLANE('',#51) ;
#92=PLANE('',#91) ;
#123=PLANE('',#122) ;
#154=PLANE('',#153) ;
#216=PLANE('',#215) ;
#238=PLANE('',#237) ;
#252=PLANE('',#251) ;
#271=PLANE('',#270) ;
#377=PLANE('',#376) ;
#408=PLANE('',#407) ;
#448=PLANE('',#447) ;
#470=PLANE('',#469) ;
#501=PLANE('',#500) ;
#581=PLANE('',#580) ;
#603=PLANE('',#602) ;
#627=PLANE('',#626) ;
#710=PLANE('',#709) ;
#734=PLANE('',#733) ;
#758=PLANE('',#757) ;
#775=PLANE('',#774) ;
#788=PLANE('',#787) ;
#850=PLANE('',#849) ;
#871=PLANE('',#870) ;
#892=PLANE('',#891) ;
#907=PLANE('',#906) ;
#947=PLANE('',#946) ;
#1070=PLANE('',#1069) ;
#1094=PLANE('',#1093) ;
#1125=PLANE('',#1124) ;
#1149=PLANE('',#1148) ;
#1279=PLANE('',#1278) ;
#1349=PLANE('',#1348) ;
#1463=PLANE('',#1462) ;
#1503=PLANE('',#1502) ;
#1542=PLANE('',#1541) ;
#1559=PLANE('',#1558) ;
#1632=PLANE('',#1631) ;
#1690=PLANE('',#1689) ;
#1717=PLANE('',#1716) ;
#1732=PLANE('',#1731) ;
#1772=PLANE('',#1771) ;
#1886=PLANE('',#1885) ;
#1910=PLANE('',#1909) ;
#1941=PLANE('',#1940) ;
#1965=PLANE('',#1964) ;
#2020=PLANE('',#2019) ;
#2079=PLANE('',#2078) ;
#2149=PLANE('',#2148) ;
#2214=PLANE('',#2213) ;
#2238=PLANE('',#2237) ;
#2293=PLANE('',#2292) ;
#2340=PLANE('',#2339) ;
#2374=PLANE('',#2373) ;
#2391=PLANE('',#2390) ;
#2511=PLANE('',#2510) ;
#2537=PLANE('',#2536) ;
#2552=PLANE('',#2551) ;
#2592=PLANE('',#2591) ;
#2654=PLANE('',#2653) ;
#2716=PLANE('',#2715) ;
#2773=PLANE('',#2772) ;
#2813=PLANE('',#2812) ;
#2841=PLANE('',#2840) ;
#2858=PLANE('',#2857) ;
#2881=PLANE('',#2880) ;
#2936=PLANE('',#2935) ;
#2998=PLANE('',#2997) ;
#3060=PLANE('',#3059) ;
#3122=PLANE('',#3121) ;
#3184=PLANE('',#3183) ;
#3246=PLANE('',#3245) ;
#3365=PLANE('',#3364) ;
#3484=PLANE('',#3483) ;
#3603=PLANE('',#3602) ;
#3796=PLANE('',#3795) ;
#3840=PLANE('',#3839) ;
#3887=PLANE('',#3886) ;
#3927=PLANE('',#3926) ;
#3958=PLANE('',#3957) ;
#3989=PLANE('',#3988) ;
#4037=PLANE('',#4036) ;
#4061=PLANE('',#4060) ;
#4123=PLANE('',#4122) ;
#4185=PLANE('',#4184) ;
#4247=PLANE('',#4246) ;
#4309=PLANE('',#4308) ;
#4470=PLANE('',#4469) ;
#4525=PLANE('',#4524) ;
#4573=PLANE('',#4572) ;
#4621=PLANE('',#4620) ;
#4645=PLANE('',#4644) ;
#4684=PLANE('',#4683) ;
#4806=PLANE('',#4805) ;
#4830=PLANE('',#4829) ;
#4876=PLANE('',#4875) ;
#4924=PLANE('',#4923) ;
#4972=PLANE('',#4971) ;
#4989=PLANE('',#4988) ;
#5020=PLANE('',#5019) ;
#5044=PLANE('',#5043) ;
#5068=PLANE('',#5067) ;
#5085=PLANE('',#5084) ;
#5100=PLANE('',#5099) ;
#5187=PLANE('',#5186) ;
#5266=PLANE('',#5265) ;
#5477=PLANE('',#5476) ;
#5728=PLANE('',#5727) ;
#5772=PLANE('',#5771) ;
#5806=PLANE('',#5805) ;
#5840=PLANE('',#5839) ;
#5874=PLANE('',#5873) ;
#5908=PLANE('',#5907) ;
#5942=PLANE('',#5941) ;
#5976=PLANE('',#5975) ;
#5988=PLANE('',#5987) ;
#6027=PLANE('',#6026) ;
#6114=PLANE('',#6113) ;
#6135=PLANE('',#6134) ;
#6154=PLANE('',#6153) ;
#6173=PLANE('',#6172) ;
#6213=PLANE('',#6212) ;
#6360=PLANE('',#6359) ;
#6391=PLANE('',#6390) ;
#6415=PLANE('',#6414) ;
#6470=PLANE('',#6469) ;
#6501=PLANE('',#6500) ;
#6604=PLANE('',#6603) ;
#6638=PLANE('',#6637) ;
#6720=PLANE('',#6719) ;
#6859=PLANE('',#6858) ;
#6883=PLANE('',#6882) ;
#6914=PLANE('',#6913) ;
#6938=PLANE('',#6937) ;
#6962=PLANE('',#6961) ;
#7153=PLANE('',#7152) ;
#7170=PLANE('',#7169) ;
#7204=PLANE('',#7203) ;
#7238=PLANE('',#7237) ;
#7437=PLANE('',#7436) ;
#7473=PLANE('',#7472) ;
#7720=PLANE('',#7719) ;
#7749=PLANE('',#7748) ;
#7812=PLANE('',#7811) ;
#7883=PLANE('',#7882) ;
#7923=PLANE('',#7922) ;
#8026=PLANE('',#8025) ;
#8136=PLANE('',#8135) ;
#8184=PLANE('',#8183) ;
#8239=PLANE('',#8238) ;
#8258=PLANE('',#8257) ;
#8334=PLANE('',#8333) ;
#8356=PLANE('',#8355) ;
#8392=PLANE('',#8391) ;
#8432=PLANE('',#8431) ;
#8482=PLANE('',#8481) ;
#8506=PLANE('',#8505) ;
#8533=PLANE('',#8532) ;
#8573=PLANE('',#8572) ;
#8623=PLANE('',#8622) ;
#8647=PLANE('',#8646) ;
#8674=PLANE('',#8673) ;
#8740=PLANE('',#8739) ;
#8764=PLANE('',#8763) ;
#8800=PLANE('',#8799) ;
#8815=PLANE('',#8814) ;
#8934=PLANE('',#8933) ;
#8958=PLANE('',#8957) ;
#8982=PLANE('',#8981) ;
#9006=PLANE('',#9005) ;
#9030=PLANE('',#9029) ;
#9054=PLANE('',#9053) ;
#9078=PLANE('',#9077) ;
#9102=PLANE('',#9101) ;
#9143=PLANE('',#9142) ;
#9204=PLANE('',#9203) ;
#9235=PLANE('',#9234) ;
#9435=PLANE('',#9434) ;
#9497=PLANE('',#9496) ;
#9559=PLANE('',#9558) ;
#9640=PLANE('',#9639) ;
#9733=PLANE('',#9732) ;
#9915=PLANE('',#9914) ;
#9977=PLANE('',#9976) ;
#10115=PLANE('',#10114) ;
#10208=PLANE('',#10207) ;
#10530=PLANE('',#10529) ;
#10547=PLANE('',#10546) ;
#10564=PLANE('',#10563) ;
#10869=PLANE('',#10868) ;
#11031=PLANE('',#11030) ;
#11169=PLANE('',#11168) ;
#11273=PLANE('',#11272) ;
#11434=PLANE('',#11433) ;
#11496=PLANE('',#11495) ;
#11508=PLANE('',#11507) ;
#11613=PLANE('',#11612) ;
#11675=PLANE('',#11674) ;
#11837=PLANE('',#11836) ;
#12374=PLANE('',#12373) ;
#12493=PLANE('',#12492) ;
#12729=PLANE('',#12728) ;
#12828=PLANE('',#12827) ;
#13298=PLANE('',#13297) ;
#13338=PLANE('',#13337) ;
#13507=PLANE('',#13506) ;
#13569=PLANE('',#13568) ;
#13593=PLANE('',#13592) ;
#13617=PLANE('',#13616) ;
#13703=PLANE('',#13702) ;
#13727=PLANE('',#13726) ;
#13768=PLANE('',#13767) ;
#13785=PLANE('',#13784) ;
#13809=PLANE('',#13808) ;
#13826=PLANE('',#13825) ;
#13850=PLANE('',#13849) ;
#13884=PLANE('',#13883) ;
#13915=PLANE('',#13914) ;
#13986=PLANE('',#13985) ;
#14048=PLANE('',#14047) ;
#14110=PLANE('',#14109) ;
#14146=PLANE('',#14145) ;
#14170=PLANE('',#14169) ;
#14199=PLANE('',#14198) ;
#14216=PLANE('',#14215) ;
#14231=PLANE('',#14230) ;
#14271=PLANE('',#14270) ;
#14302=PLANE('',#14301) ;
#14333=PLANE('',#14332) ;
#14374=PLANE('',#14373) ;
#14415=PLANE('',#14414) ;
#14466=PLANE('',#14465) ;
#14481=PLANE('',#14480) ;
#14552=PLANE('',#14551) ;
#14614=PLANE('',#14613) ;
#14676=PLANE('',#14675) ;
#14712=PLANE('',#14711) ;
#14736=PLANE('',#14735) ;
#14765=PLANE('',#14764) ;
#14782=PLANE('',#14781) ;
#14797=PLANE('',#14796) ;
#14837=PLANE('',#14836) ;
#14868=PLANE('',#14867) ;
#14899=PLANE('',#14898) ;
#14940=PLANE('',#14939) ;
#14981=PLANE('',#14980) ;
#15032=PLANE('',#15031) ;
#15047=PLANE('',#15046) ;
#15113=PLANE('',#15112) ;
#15137=PLANE('',#15136) ;
#15173=PLANE('',#15172) ;
#15188=PLANE('',#15187) ;
#15228=PLANE('',#15227) ;
#15278=PLANE('',#15277) ;
#15302=PLANE('',#15301) ;
#15329=PLANE('',#15328) ;
#15369=PLANE('',#15368) ;
#15419=PLANE('',#15418) ;
#15443=PLANE('',#15442) ;
#15470=PLANE('',#15469) ;
#15510=PLANE('',#15509) ;
#15560=PLANE('',#15559) ;
#15584=PLANE('',#15583) ;
#15691=PLANE('',#15690) ;
#15722=PLANE('',#15721) ;
#15881=PLANE('',#15880) ;
#15934=PLANE('',#15933) ;
#15965=PLANE('',#15964) ;
#15996=PLANE('',#15995) ;
#16018=PLANE('',#16017) ;
#16061=PLANE('',#16060) ;
#16090=PLANE('',#16089) ;
#16146=PLANE('',#16145) ;
#16177=PLANE('',#16176) ;
#16224=PLANE('',#16223) ;
#16241=PLANE('',#16240) ;
#16258=PLANE('',#16257) ;
#16292=PLANE('',#16291) ;
#16307=PLANE('',#16306) ;
#16363=PLANE('',#16362) ;
#16394=PLANE('',#16393) ;
#16441=PLANE('',#16440) ;
#16475=PLANE('',#16474) ;
#16492=PLANE('',#16491) ;
#16509=PLANE('',#16508) ;
#16524=PLANE('',#16523) ;
#16564=PLANE('',#16563) ;
#16595=PLANE('',#16594) ;
#16659=PLANE('',#16658) ;
#16683=PLANE('',#16682) ;
#16817=PLANE('',#16816) ;
#16909=PLANE('',#16908) ;
#16956=PLANE('',#16955) ;
#16973=PLANE('',#16972) ;
#17119=PLANE('',#17118) ;
#17209=PLANE('',#17208) ;
#17226=PLANE('',#17225) ;
#17356=PLANE('',#17355) ;
#17453=PLANE('',#17452) ;
#17470=PLANE('',#17469) ;
#17521=PLANE('',#17520) ;
#17555=PLANE('',#17554) ;
#17655=PLANE('',#17654) ;
#17829=PLANE('',#17828) ;
#17917=PLANE('',#17916) ;
#18036=PLANE('',#18035) ;
#18089=PLANE('',#18088) ;
#18111=PLANE('',#18110) ;
#185=CYLINDRICAL_SURFACE('generated cylinder',#184,60.) ;
#312=CYLINDRICAL_SURFACE('generated cylinder',#311,60.) ;
#343=CYLINDRICAL_SURFACE('generated cylinder',#342,11.5) ;
#669=CYLINDRICAL_SURFACE('generated cylinder',#668,19.5) ;
#686=CYLINDRICAL_SURFACE('generated cylinder',#685,60.) ;
#828=CYLINDRICAL_SURFACE('generated cylinder',#827,60.) ;
#1173=CYLINDRICAL_SURFACE('generated cylinder',#1172,5.) ;
#1204=CYLINDRICAL_SURFACE('generated cylinder',#1203,25.) ;
#1235=CYLINDRICAL_SURFACE('generated cylinder',#1234,8.3) ;
#1399=CYLINDRICAL_SURFACE('generated cylinder',#1398,14.3) ;
#1439=CYLINDRICAL_SURFACE('generated cylinder',#1438,25.) ;
#1520=CYLINDRICAL_SURFACE('generated cylinder',#1519,25.) ;
#1615=CYLINDRICAL_SURFACE('generated cylinder',#1614,60.) ;
#1649=CYLINDRICAL_SURFACE('generated cylinder',#1648,60.) ;
#1666=CYLINDRICAL_SURFACE('generated cylinder',#1665,35.) ;
#1989=CYLINDRICAL_SURFACE('generated cylinder',#1988,25.) ;
#2044=CYLINDRICAL_SURFACE('generated cylinder',#2043,8.3) ;
#2269=CYLINDRICAL_SURFACE('generated cylinder',#2268,25.) ;
#2357=CYLINDRICAL_SURFACE('generated cylinder',#2356,25.) ;
#2403=CYLINDRICAL_SURFACE('generated cylinder',#2402,14.3) ;
#2453=CYLINDRICAL_SURFACE('generated cylinder',#2452,60.) ;
#2470=CYLINDRICAL_SURFACE('generated cylinder',#2469,60.) ;
#2487=CYLINDRICAL_SURFACE('generated cylinder',#2486,35.) ;
#2623=CYLINDRICAL_SURFACE('generated cylinder',#2622,20.) ;
#2685=CYLINDRICAL_SURFACE('generated cylinder',#2684,20.) ;
#2896=CYLINDRICAL_SURFACE('generated cylinder',#2895,5.) ;
#2967=CYLINDRICAL_SURFACE('generated cylinder',#2966,5.) ;
#3029=CYLINDRICAL_SURFACE('generated cylinder',#3028,5.) ;
#3091=CYLINDRICAL_SURFACE('generated cylinder',#3090,5.) ;
#3153=CYLINDRICAL_SURFACE('generated cylinder',#3152,5.) ;
#3215=CYLINDRICAL_SURFACE('generated cylinder',#3214,5.) ;
#3277=CYLINDRICAL_SURFACE('generated cylinder',#3276,5.) ;
#3334=CYLINDRICAL_SURFACE('generated cylinder',#3333,5.) ;
#3396=CYLINDRICAL_SURFACE('generated cylinder',#3395,5.) ;
#3453=CYLINDRICAL_SURFACE('generated cylinder',#3452,5.) ;
#3515=CYLINDRICAL_SURFACE('generated cylinder',#3514,5.) ;
#3572=CYLINDRICAL_SURFACE('generated cylinder',#3571,5.) ;
#3625=CYLINDRICAL_SURFACE('generated cylinder',#3624,15.) ;
#3682=CYLINDRICAL_SURFACE('generated cylinder',#3681,15.) ;
#3739=CYLINDRICAL_SURFACE('generated cylinder',#3738,12.5) ;
#4006=CYLINDRICAL_SURFACE('generated cylinder',#4005,6.) ;
#4092=CYLINDRICAL_SURFACE('generated cylinder',#4091,5.) ;
#4154=CYLINDRICAL_SURFACE('generated cylinder',#4153,5.) ;
#4216=CYLINDRICAL_SURFACE('generated cylinder',#4215,5.) ;
#4278=CYLINDRICAL_SURFACE('generated cylinder',#4277,5.) ;
#4501=CYLINDRICAL_SURFACE('generated cylinder',#4500,5.) ;
#4549=CYLINDRICAL_SURFACE('generated cylinder',#4548,5.) ;
#4597=CYLINDRICAL_SURFACE('generated cylinder',#4596,5.) ;
#4662=CYLINDRICAL_SURFACE('generated cylinder',#4661,10.) ;
#4696=CYLINDRICAL_SURFACE('generated cylinder',#4695,4.5) ;
#4727=CYLINDRICAL_SURFACE('generated cylinder',#4726,4.5) ;
#4782=CYLINDRICAL_SURFACE('generated cylinder',#4781,5.) ;
#4893=CYLINDRICAL_SURFACE('generated cylinder',#4892,6.) ;
#4948=CYLINDRICAL_SURFACE('generated cylinder',#4947,10.) ;
#5156=CYLINDRICAL_SURFACE('generated cylinder',#5155,6.) ;
#5218=CYLINDRICAL_SURFACE('generated cylinder',#5217,5.) ;
#5242=CYLINDRICAL_SURFACE('generated cylinder',#5241,5.) ;
#5697=CYLINDRICAL_SURFACE('generated cylinder',#5696,10.) ;
#5750=CYLINDRICAL_SURFACE('generated cylinder',#5749,25.) ;
#5789=CYLINDRICAL_SURFACE('generated cylinder',#5788,30.) ;
#5823=CYLINDRICAL_SURFACE('generated cylinder',#5822,5.) ;
#5857=CYLINDRICAL_SURFACE('generated cylinder',#5856,5.) ;
#5891=CYLINDRICAL_SURFACE('generated cylinder',#5890,5.) ;
#5925=CYLINDRICAL_SURFACE('generated cylinder',#5924,15.) ;
#5959=CYLINDRICAL_SURFACE('generated cylinder',#5958,5.) ;
#6010=CYLINDRICAL_SURFACE('generated cylinder',#6009,4.5) ;
#6044=CYLINDRICAL_SURFACE('generated cylinder',#6043,4.5) ;
#6073=CYLINDRICAL_SURFACE('generated cylinder',#6072,4.5) ;
#6102=CYLINDRICAL_SURFACE('generated cylinder',#6101,4.5) ;
#6336=CYLINDRICAL_SURFACE('generated cylinder',#6335,22.5) ;
#6446=CYLINDRICAL_SURFACE('generated cylinder',#6445,37.5) ;
#6518=CYLINDRICAL_SURFACE('generated cylinder',#6517,20.) ;
#6561=CYLINDRICAL_SURFACE('generated cylinder',#6560,20.) ;
#6621=CYLINDRICAL_SURFACE('generated cylinder',#6620,20.) ;
#6680=CYLINDRICAL_SURFACE('generated cylinder',#6679,20.) ;
#6993=CYLINDRICAL_SURFACE('generated cylinder',#6992,200.) ;
#7017=CYLINDRICAL_SURFACE('generated cylinder',#7016,37.5) ;
#7067=CYLINDRICAL_SURFACE('generated cylinder',#7066,20.) ;
#7110=CYLINDRICAL_SURFACE('generated cylinder',#7109,20.) ;
#7187=CYLINDRICAL_SURFACE('generated cylinder',#7186,30.) ;
#7253=CYLINDRICAL_SURFACE('generated cylinder',#7252,20.) ;
#7370=CYLINDRICAL_SURFACE('generated cylinder',#7369,22.5) ;
#7502=CYLINDRICAL_SURFACE('generated cylinder',#7501,11.) ;
#7536=CYLINDRICAL_SURFACE('generated cylinder',#7535,20.) ;
#7653=CYLINDRICAL_SURFACE('generated cylinder',#7652,22.5) ;
#7778=CYLINDRICAL_SURFACE('generated cylinder',#7777,11.) ;
#7852=CYLINDRICAL_SURFACE('generated cylinder',#7851,5.) ;
#7995=CYLINDRICAL_SURFACE('generated cylinder',#7994,20.) ;
#8081=CYLINDRICAL_SURFACE('generated cylinder',#8080,10.) ;
#8105=CYLINDRICAL_SURFACE('generated cylinder',#8104,22.5) ;
#8160=CYLINDRICAL_SURFACE('generated cylinder',#8159,10.) ;
#8289=CYLINDRICAL_SURFACE('generated cylinder',#8288,11.) ;
#8376=CYLINDRICAL_SURFACE('generated cylinder',#8375,5.) ;
#8903=CYLINDRICAL_SURFACE('generated cylinder',#8902,35.) ;
#9126=CYLINDRICAL_SURFACE('generated cylinder',#9125,50.) ;
#9164=CYLINDRICAL_SURFACE('generated cylinder',#9163,10.) ;
#9277=CYLINDRICAL_SURFACE('generated cylinder',#9276,10.) ;
#9327=CYLINDRICAL_SURFACE('generated cylinder',#9326,40.) ;
#9385=CYLINDRICAL_SURFACE('generated cylinder',#9384,10.) ;
#9466=CYLINDRICAL_SURFACE('generated cylinder',#9465,10.) ;
#9528=CYLINDRICAL_SURFACE('generated cylinder',#9527,10.) ;
#9590=CYLINDRICAL_SURFACE('generated cylinder',#9589,10.) ;
#9671=CYLINDRICAL_SURFACE('generated cylinder',#9670,10.) ;
#9702=CYLINDRICAL_SURFACE('generated cylinder',#9701,10.) ;
#9764=CYLINDRICAL_SURFACE('generated cylinder',#9763,10.) ;
#9795=CYLINDRICAL_SURFACE('generated cylinder',#9794,10.) ;
#9852=CYLINDRICAL_SURFACE('generated cylinder',#9851,10.) ;
#9884=CYLINDRICAL_SURFACE('generated cylinder',#9883,10.) ;
#9946=CYLINDRICAL_SURFACE('generated cylinder',#9945,10.) ;
#10008=CYLINDRICAL_SURFACE('generated cylinder',#10007,10.) ;
#10065=CYLINDRICAL_SURFACE('generated cylinder',#10064,15.) ;
#10146=CYLINDRICAL_SURFACE('generated cylinder',#10145,10.) ;
#10177=CYLINDRICAL_SURFACE('generated cylinder',#10176,10.) ;
#10239=CYLINDRICAL_SURFACE('generated cylinder',#10238,10.) ;
#10270=CYLINDRICAL_SURFACE('generated cylinder',#10269,10.) ;
#10327=CYLINDRICAL_SURFACE('generated cylinder',#10326,10.) ;
#10358=CYLINDRICAL_SURFACE('generated cylinder',#10357,56.) ;
#10840=CYLINDRICAL_SURFACE('generated cylinder',#10839,40.) ;
#10852=CYLINDRICAL_SURFACE('generated cylinder',#10851,56.) ;
#10942=CYLINDRICAL_SURFACE('generated cylinder',#10941,15.) ;
#10959=CYLINDRICAL_SURFACE('generated cylinder',#10958,15.) ;
#10976=CYLINDRICAL_SURFACE('generated cylinder',#10975,20.) ;
#11007=CYLINDRICAL_SURFACE('generated cylinder',#11006,15.) ;
#11055=CYLINDRICAL_SURFACE('generated cylinder',#11054,15.) ;
#11079=CYLINDRICAL_SURFACE('generated cylinder',#11078,20.) ;
#11138=CYLINDRICAL_SURFACE('generated cylinder',#11137,25.) ;
#11200=CYLINDRICAL_SURFACE('generated cylinder',#11199,25.) ;
#11242=CYLINDRICAL_SURFACE('generated cylinder',#11241,25.) ;
#11304=CYLINDRICAL_SURFACE('generated cylinder',#11303,25.) ;
#11335=CYLINDRICAL_SURFACE('generated cylinder',#11334,25.) ;
#11403=CYLINDRICAL_SURFACE('generated cylinder',#11402,25.) ;
#11479=CYLINDRICAL_SURFACE('generated cylinder',#11478,15.) ;
#11525=CYLINDRICAL_SURFACE('generated cylinder',#11524,15.) ;
#11573=CYLINDRICAL_SURFACE('generated cylinder',#11572,15.) ;
#11644=CYLINDRICAL_SURFACE('generated cylinder',#11643,15.) ;
#11805=CYLINDRICAL_SURFACE('generated cylinder',#11804,8.) ;
#12059=CYLINDRICAL_SURFACE('generated cylinder',#12058,6.) ;
#12072=CYLINDRICAL_SURFACE('generated cylinder',#12071,8.) ;
#12104=CYLINDRICAL_SURFACE('generated cylinder',#12103,9.) ;
#12149=CYLINDRICAL_SURFACE('generated cylinder',#12148,9.) ;
#12194=CYLINDRICAL_SURFACE('generated cylinder',#12193,9.) ;
#12239=CYLINDRICAL_SURFACE('generated cylinder',#12238,9.) ;
#12284=CYLINDRICAL_SURFACE('generated cylinder',#12283,14.5) ;
#12329=CYLINDRICAL_SURFACE('generated cylinder',#12328,12.5) ;
#12553=CYLINDRICAL_SURFACE('generated cylinder',#12552,18.) ;
#12584=CYLINDRICAL_SURFACE('generated cylinder',#12583,18.) ;
#12615=CYLINDRICAL_SURFACE('generated cylinder',#12614,6.) ;
#12658=CYLINDRICAL_SURFACE('generated cylinder',#12657,6.) ;
#12671=CYLINDRICAL_SURFACE('generated cylinder',#12670,6.) ;
#12707=CYLINDRICAL_SURFACE('generated cylinder',#12706,6.) ;
#12769=CYLINDRICAL_SURFACE('generated cylinder',#12768,6.) ;
#12783=CYLINDRICAL_SURFACE('generated cylinder',#12782,8.75) ;
#12937=CYLINDRICAL_SURFACE('generated cylinder',#12936,8.75) ;
#12982=CYLINDRICAL_SURFACE('generated cylinder',#12981,8.75) ;
#13027=CYLINDRICAL_SURFACE('generated cylinder',#13026,8.75) ;
#13091=CYLINDRICAL_SURFACE('generated cylinder',#13090,6.) ;
#13148=CYLINDRICAL_SURFACE('generated cylinder',#13147,6.) ;
#13168=CYLINDRICAL_SURFACE('generated cylinder',#13167,6.) ;
#13188=CYLINDRICAL_SURFACE('generated cylinder',#13187,6.) ;
#13202=CYLINDRICAL_SURFACE('generated cylinder',#13201,4.188) ;
#13233=CYLINDRICAL_SURFACE('generated cylinder',#13232,4.188) ;
#13264=CYLINDRICAL_SURFACE('generated cylinder',#13263,3.3235) ;
#13483=CYLINDRICAL_SURFACE('generated cylinder',#13482,28.75) ;
#13538=CYLINDRICAL_SURFACE('generated cylinder',#13537,25.) ;
#13641=CYLINDRICAL_SURFACE('generated cylinder',#13640,15.) ;
#13672=CYLINDRICAL_SURFACE('generated cylinder',#13671,100.) ;
#13751=CYLINDRICAL_SURFACE('generated cylinder',#13750,10.) ;
#13867=CYLINDRICAL_SURFACE('generated cylinder',#13866,28.75) ;
#13955=CYLINDRICAL_SURFACE('generated cylinder',#13954,25.) ;
#14017=CYLINDRICAL_SURFACE('generated cylinder',#14016,35.) ;
#14079=CYLINDRICAL_SURFACE('generated cylinder',#14078,25.) ;
#14437=CYLINDRICAL_SURFACE('generated cylinder',#14436,40.) ;
#14449=CYLINDRICAL_SURFACE('generated cylinder',#14448,40.) ;
#14521=CYLINDRICAL_SURFACE('generated cylinder',#14520,25.) ;
#14583=CYLINDRICAL_SURFACE('generated cylinder',#14582,35.) ;
#14645=CYLINDRICAL_SURFACE('generated cylinder',#14644,25.) ;
#15003=CYLINDRICAL_SURFACE('generated cylinder',#15002,40.) ;
#15015=CYLINDRICAL_SURFACE('generated cylinder',#15014,40.) ;
#15611=CYLINDRICAL_SURFACE('generated cylinder',#15610,4.5) ;
#15651=CYLINDRICAL_SURFACE('generated cylinder',#15650,5.) ;
#15762=CYLINDRICAL_SURFACE('generated cylinder',#15761,4.5) ;
#15819=CYLINDRICAL_SURFACE('generated cylinder',#15818,10.) ;
#15850=CYLINDRICAL_SURFACE('generated cylinder',#15849,5.) ;
#15912=CYLINDRICAL_SURFACE('generated cylinder',#15911,5.) ;
#16275=CYLINDRICAL_SURFACE('generated cylinder',#16274,60.) ;
#16458=CYLINDRICAL_SURFACE('generated cylinder',#16457,60.) ;
#16740=CYLINDRICAL_SURFACE('generated cylinder',#16739,60.) ;
#16775=CYLINDRICAL_SURFACE('generated cylinder',#16774,25.) ;
#16880=CYLINDRICAL_SURFACE('generated cylinder',#16879,25.) ;
#16921=CYLINDRICAL_SURFACE('generated cylinder',#16920,35.) ;
#17006=CYLINDRICAL_SURFACE('generated cylinder',#17005,90.) ;
#17069=CYLINDRICAL_SURFACE('generated cylinder',#17068,25.) ;
#17131=CYLINDRICAL_SURFACE('generated cylinder',#17130,35.) ;
#17176=CYLINDRICAL_SURFACE('generated cylinder',#17175,25.) ;
#17330=CYLINDRICAL_SURFACE('generated cylinder',#17329,50.) ;
#17492=CYLINDRICAL_SURFACE('generated cylinder',#17491,50.) ;
#17504=CYLINDRICAL_SURFACE('generated cylinder',#17503,10.) ;
#17538=CYLINDRICAL_SURFACE('generated cylinder',#17537,10.) ;
#17572=CYLINDRICAL_SURFACE('generated cylinder',#17571,25.) ;
#17623=CYLINDRICAL_SURFACE('generated cylinder',#17622,35.) ;
#17702=CYLINDRICAL_SURFACE('generated cylinder',#17701,20.) ;
#17714=CYLINDRICAL_SURFACE('generated cylinder',#17713,25.) ;
#17767=CYLINDRICAL_SURFACE('generated cylinder',#17766,10.) ;
#17798=CYLINDRICAL_SURFACE('generated cylinder',#17797,20.) ;
#17860=CYLINDRICAL_SURFACE('generated cylinder',#17859,70.) ;
#17974=CYLINDRICAL_SURFACE('generated cylinder',#17973,10.) ;
#18005=CYLINDRICAL_SURFACE('generated cylinder',#18004,10.) ;
#18067=CYLINDRICAL_SURFACE('generated cylinder',#18066,10.) ;
#12635=TOROIDAL_SURFACE('homeo Torus',#12634,12.,6.) ;
#12689=TOROIDAL_SURFACE('homeo Torus',#12688,12.,6.) ;
#3826=FACE_BOUND('',#3823,.T.) ;
#3830=FACE_BOUND('',#3827,.T.) ;
#3834=FACE_BOUND('',#3831,.T.) ;
#3870=FACE_BOUND('',#3867,.T.) ;
#3874=FACE_BOUND('',#3871,.T.) ;
#3878=FACE_BOUND('',#3875,.T.) ;
#4464=FACE_BOUND('',#4459,.T.) ;
#4870=FACE_BOUND('',#4865,.T.) ;
#5437=FACE_BOUND('',#5432,.T.) ;
#5471=FACE_BOUND('',#5466,.T.) ;
#5657=FACE_BOUND('',#5652,.T.) ;
#5691=FACE_BOUND('',#5686,.T.) ;
#6312=FACE_BOUND('',#6309,.T.) ;
#6330=FACE_BOUND('',#6327,.T.) ;
#6660=FACE_BOUND('',#6657,.T.) ;
#6664=FACE_BOUND('',#6661,.T.) ;
#6835=FACE_BOUND('',#6832,.T.) ;
#6853=FACE_BOUND('',#6850,.T.) ;
#7228=FACE_BOUND('',#7225,.T.) ;
#7232=FACE_BOUND('',#7229,.T.) ;
#7327=FACE_BOUND('',#7324,.T.) ;
#7364=FACE_BOUND('',#7361,.T.) ;
#7459=FACE_BOUND('',#7456,.T.) ;
#7495=FACE_BOUND('',#7492,.T.) ;
#7610=FACE_BOUND('',#7607,.T.) ;
#7647=FACE_BOUND('',#7644,.T.) ;
#7742=FACE_BOUND('',#7739,.T.) ;
#7771=FACE_BOUND('',#7768,.T.) ;
#8282=FACE_BOUND('',#8279,.T.) ;
#8349=FACE_BOUND('',#8346,.T.) ;
#10710=FACE_BOUND('',#10707,.T.) ;
#10728=FACE_BOUND('',#10725,.T.) ;
#10754=FACE_BOUND('',#10750,.T.) ;
#10780=FACE_BOUND('',#10776,.T.) ;
#10798=FACE_BOUND('',#10795,.T.) ;
#10816=FACE_BOUND('',#10813,.T.) ;
#10834=FACE_BOUND('',#10831,.T.) ;
#11881=FACE_BOUND('',#11878,.T.) ;
#11890=FACE_BOUND('',#11887,.T.) ;
#11908=FACE_BOUND('',#11905,.T.) ;
#11926=FACE_BOUND('',#11923,.T.) ;
#11944=FACE_BOUND('',#11941,.T.) ;
#11962=FACE_BOUND('',#11959,.T.) ;
#11980=FACE_BOUND('',#11977,.T.) ;
#11998=FACE_BOUND('',#11995,.T.) ;
#12016=FACE_BOUND('',#12013,.T.) ;
#12034=FACE_BOUND('',#12031,.T.) ;
#12052=FACE_BOUND('',#12049,.T.) ;
#12396=FACE_BOUND('',#12393,.T.) ;
#12420=FACE_BOUND('',#12417,.T.) ;
#12453=FACE_BOUND('',#12450,.T.) ;
#12486=FACE_BOUND('',#12483,.T.) ;
#12542=FACE_BOUND('',#12539,.T.) ;
#12546=FACE_BOUND('',#12543,.T.) ;
#12762=FACE_BOUND('',#12759,.T.) ;
#12890=FACE_BOUND('',#12887,.T.) ;
#12908=FACE_BOUND('',#12905,.T.) ;
#12912=FACE_BOUND('',#12909,.T.) ;
#12930=FACE_BOUND('',#12927,.T.) ;
#13084=FACE_BOUND('',#13081,.T.) ;
#13137=FACE_BOUND('',#13134,.T.) ;
#13141=FACE_BOUND('',#13138,.T.) ;
#13477=FACE_BOUND('',#13472,.T.) ;
#13906=FACE_BOUND('',#13901,.T.) ;
#16039=FACE_BOUND('',#16036,.T.) ;
#16043=FACE_BOUND('',#16040,.T.) ;
#16077=FACE_BOUND('',#16074,.T.) ;
#16081=FACE_BOUND('',#16078,.T.) ;
#61=EDGE_CURVE('',#58,#60,#56,.T.) ;
#68=EDGE_CURVE('',#58,#67,#65,.T.) ;
#75=EDGE_CURVE('',#67,#74,#72,.T.) ;
#80=EDGE_CURVE('',#60,#74,#79,.T.) ;
#99=EDGE_CURVE('',#67,#98,#96,.T.) ;
#106=EDGE_CURVE('',#98,#105,#103,.T.) ;
#111=EDGE_CURVE('',#74,#105,#110,.T.) ;
#130=EDGE_CURVE('',#98,#129,#127,.T.) ;
#137=EDGE_CURVE('',#129,#136,#134,.T.) ;
#142=EDGE_CURVE('',#105,#136,#141,.T.) ;
#161=EDGE_CURVE('',#129,#160,#158,.T.) ;
#168=EDGE_CURVE('',#160,#167,#165,.T.) ;
#173=EDGE_CURVE('',#136,#167,#172,.T.) ;
#192=EDGE_CURVE('',#160,#191,#189,.F.) ;
#199=EDGE_CURVE('',#191,#198,#196,.T.) ;
#204=EDGE_CURVE('',#167,#198,#203,.F.) ;
#221=EDGE_CURVE('',#191,#58,#220,.F.) ;
#226=EDGE_CURVE('',#198,#60,#225,.F.) ;
#280=EDGE_CURVE('',#277,#279,#275,.T.) ;
#288=EDGE_CURVE('',#287,#277,#281,.T.) ;
#295=EDGE_CURVE('',#287,#294,#292,.T.) ;
#300=EDGE_CURVE('',#279,#294,#299,.T.) ;
#321=EDGE_CURVE('',#318,#320,#316,.T.) ;
#326=EDGE_CURVE('',#318,#287,#325,.T.) ;
#331=EDGE_CURVE('',#320,#277,#330,.T.) ;
#353=EDGE_CURVE('',#287,#352,#344,.T.) ;
#360=EDGE_CURVE('',#352,#359,#357,.F.) ;
#365=EDGE_CURVE('',#294,#359,#364,.T.) ;
#384=EDGE_CURVE('',#383,#294,#381,.T.) ;
#391=EDGE_CURVE('',#390,#383,#388,.T.) ;
#396=EDGE_CURVE('',#390,#279,#395,.T.) ;
#417=EDGE_CURVE('',#414,#416,#412,.T.) ;
#424=EDGE_CURVE('',#416,#423,#421,.T.) ;
#431=EDGE_CURVE('',#423,#430,#428,.T.) ;
#436=EDGE_CURVE('',#414,#430,#435,.T.) ;
#453=EDGE_CURVE('',#277,#423,#452,.T.) ;
#458=EDGE_CURVE('',#320,#416,#457,.T.) ;
#479=EDGE_CURVE('',#476,#478,#474,.T.) ;
#484=EDGE_CURVE('',#476,#279,#483,.T.) ;
#489=EDGE_CURVE('',#478,#390,#488,.T.) ;
#510=EDGE_CURVE('',#507,#509,#505,.T.) ;
#515=EDGE_CURVE('',#507,#476,#514,.T.) ;
#520=EDGE_CURVE('',#509,#478,#519,.T.) ;
#558=EDGE_CURVE('',#557,#352,#553,.T.) ;
#569=EDGE_CURVE('',#318,#557,#559,.T.) ;
#586=EDGE_CURVE('',#318,#383,#585,.T.) ;
#591=EDGE_CURVE('',#320,#390,#590,.T.) ;
#610=EDGE_CURVE('',#383,#609,#607,.F.) ;
#615=EDGE_CURVE('',#609,#359,#614,.T.) ;
#636=EDGE_CURVE('',#633,#635,#631,.T.) ;
#643=EDGE_CURVE('',#635,#642,#640,.T.) ;
#648=EDGE_CURVE('',#359,#642,#647,.T.) ;
#656=EDGE_CURVE('',#633,#352,#649,.T.) ;
#674=EDGE_CURVE('',#557,#609,#673,.F.) ;
#693=EDGE_CURVE('',#692,#557,#690,.T.) ;
#698=EDGE_CURVE('',#692,#633,#697,.T.) ;
#717=EDGE_CURVE('',#642,#716,#714,.T.) ;
#722=EDGE_CURVE('',#609,#716,#721,.T.) ;
#741=EDGE_CURVE('',#740,#635,#738,.T.) ;
#746=EDGE_CURVE('',#692,#740,#745,.T.) ;
#763=EDGE_CURVE('',#740,#716,#762,.T.) ;
#797=EDGE_CURVE('',#794,#796,#792,.T.) ;
#804=EDGE_CURVE('',#794,#803,#801,.T.) ;
#811=EDGE_CURVE('',#803,#810,#808,.T.) ;
#816=EDGE_CURVE('',#796,#810,#815,.T.) ;
#833=EDGE_CURVE('',#430,#810,#832,.T.) ;
#838=EDGE_CURVE('',#414,#803,#837,.T.) ;
#855=EDGE_CURVE('',#796,#507,#854,.T.) ;
#876=EDGE_CURVE('',#794,#509,#875,.T.) ;
#916=EDGE_CURVE('',#913,#915,#911,.F.) ;
#923=EDGE_CURVE('',#913,#922,#920,.T.) ;
#930=EDGE_CURVE('',#922,#929,#927,.T.) ;
#935=EDGE_CURVE('',#915,#929,#934,.T.) ;
#954=EDGE_CURVE('',#953,#913,#951,.F.) ;
#967=EDGE_CURVE('',#966,#953,#955,.T.) ;
#974=EDGE_CURVE('',#966,#973,#971,.T.) ;
#981=EDGE_CURVE('',#973,#980,#978,.T.) ;
#988=EDGE_CURVE('',#980,#987,#985,.F.) ;
#998=EDGE_CURVE('',#997,#987,#989,.T.) ;
#1006=EDGE_CURVE('',#997,#1005,#999,.T.) ;
#1012=EDGE_CURVE('',#1011,#1005,#1007,.T.) ;
#1021=EDGE_CURVE('',#1011,#1020,#1013,.T.) ;
#1028=EDGE_CURVE('',#1020,#1027,#1025,.F.) ;
#1034=EDGE_CURVE('',#1027,#1033,#1029,.T.) ;
#1043=EDGE_CURVE('',#1042,#1033,#1035,.T.) ;
#1048=EDGE_CURVE('',#922,#1042,#1047,.T.) ;
#1077=EDGE_CURVE('',#1076,#1042,#1074,.F.) ;
#1082=EDGE_CURVE('',#1076,#929,#1081,.F.) ;
#1103=EDGE_CURVE('',#1100,#1102,#1098,.T.) ;
#1108=EDGE_CURVE('',#1102,#973,#1107,.F.) ;
#1113=EDGE_CURVE('',#966,#1100,#1112,.T.) ;
#1132=EDGE_CURVE('',#1102,#1131,#1129,.T.) ;
#1137=EDGE_CURVE('',#1131,#980,#1136,.F.) ;
#1156=EDGE_CURVE('',#1131,#1155,#1153,.T.) ;
#1161=EDGE_CURVE('',#1155,#987,#1160,.T.) ;
#1182=EDGE_CURVE('',#1179,#1181,#1177,.T.) ;
#1187=EDGE_CURVE('',#1181,#1005,#1186,.T.) ;
#1192=EDGE_CURVE('',#1179,#997,#1191,.T.) ;
#1213=EDGE_CURVE('',#1210,#1212,#1208,.T.) ;
#1218=EDGE_CURVE('',#1212,#1020,#1217,.T.) ;
#1223=EDGE_CURVE('',#1210,#1011,#1222,.T.) ;
#1244=EDGE_CURVE('',#1020,#1243,#1236,.T.) ;
#1251=EDGE_CURVE('',#1243,#1250,#1248,.F.) ;
#1260=EDGE_CURVE('',#1259,#1250,#1252,.T.) ;
#1266=EDGE_CURVE('',#1027,#1259,#1261,.T.) ;
#1286=EDGE_CURVE('',#1285,#1033,#1283,.T.) ;
#1293=EDGE_CURVE('',#1292,#1027,#1290,.T.) ;
#1298=EDGE_CURVE('',#1292,#1285,#1297,.T.) ;
#1330=EDGE_CURVE('',#1329,#1243,#1325,.T.) ;
#1337=EDGE_CURVE('',#1212,#1329,#1331,.T.) ;
#1358=EDGE_CURVE('',#1355,#1357,#1353,.T.) ;
#1365=EDGE_CURVE('',#1364,#1355,#1362,.F.) ;
#1372=EDGE_CURVE('',#1250,#1364,#1366,.T.) ;
#1380=EDGE_CURVE('',#1243,#1379,#1373,.T.) ;
#1385=EDGE_CURVE('',#1357,#1379,#1384,.T.) ;
#1404=EDGE_CURVE('',#1212,#1292,#1403,.F.) ;
#1412=EDGE_CURVE('',#1292,#1411,#1405,.T.) ;
#1421=EDGE_CURVE('',#1411,#1420,#1413,.T.) ;
#1426=EDGE_CURVE('',#1329,#1420,#1425,.F.) ;
#1446=EDGE_CURVE('',#1445,#1379,#1443,.T.) ;
#1451=EDGE_CURVE('',#1329,#1445,#1450,.T.) ;
#1470=EDGE_CURVE('',#1445,#1469,#1467,.F.) ;
#1477=EDGE_CURVE('',#1420,#1476,#1474,.T.) ;
#1484=EDGE_CURVE('',#1483,#1476,#1481,.F.) ;
#1489=EDGE_CURVE('',#1469,#1483,#1488,.F.) ;
#1508=EDGE_CURVE('',#1469,#1357,#1507,.F.) ;
#1525=EDGE_CURVE('',#1420,#1250,#1524,.T.) ;
#1530=EDGE_CURVE('',#1476,#1364,#1529,.T.) ;
#1547=EDGE_CURVE('',#1483,#1355,#1546,.F.) ;
#1583=EDGE_CURVE('',#1259,#1411,#1580,.T.) ;
#1620=EDGE_CURVE('',#1285,#1076,#1619,.F.) ;
#1637=EDGE_CURVE('',#1181,#1210,#1636,.F.) ;
#1654=EDGE_CURVE('',#1155,#1179,#1653,.F.) ;
#1673=EDGE_CURVE('',#953,#1672,#1670,.T.) ;
#1678=EDGE_CURVE('',#1100,#1672,#1677,.F.) ;
#1695=EDGE_CURVE('',#915,#1672,#1694,.F.) ;
#1741=EDGE_CURVE('',#1738,#1740,#1736,.F.) ;
#1748=EDGE_CURVE('',#1738,#1747,#1745,.T.) ;
#1755=EDGE_CURVE('',#1747,#1754,#1752,.T.) ;
#1760=EDGE_CURVE('',#1740,#1754,#1759,.T.) ;
#1779=EDGE_CURVE('',#1778,#1738,#1776,.F.) ;
#1792=EDGE_CURVE('',#1791,#1778,#1780,.T.) ;
#1799=EDGE_CURVE('',#1791,#1798,#1796,.T.) ;
#1806=EDGE_CURVE('',#1798,#1805,#1803,.T.) ;
#1813=EDGE_CURVE('',#1805,#1812,#1810,.F.) ;
#1823=EDGE_CURVE('',#1822,#1812,#1814,.T.) ;
#1831=EDGE_CURVE('',#1822,#1830,#1824,.T.) ;
#1837=EDGE_CURVE('',#1830,#1836,#1832,.T.) ;
#1844=EDGE_CURVE('',#1836,#1843,#1841,.F.) ;
#1850=EDGE_CURVE('',#1843,#1849,#1845,.T.) ;
#1860=EDGE_CURVE('',#1859,#1849,#1851,.T.) ;
#1865=EDGE_CURVE('',#1747,#1859,#1864,.T.) ;
#1893=EDGE_CURVE('',#1892,#1859,#1890,.F.) ;
#1898=EDGE_CURVE('',#1892,#1754,#1897,.F.) ;
#1919=EDGE_CURVE('',#1916,#1918,#1914,.T.) ;
#1924=EDGE_CURVE('',#1918,#1798,#1923,.F.) ;
#1929=EDGE_CURVE('',#1791,#1916,#1928,.T.) ;
#1948=EDGE_CURVE('',#1918,#1947,#1945,.T.) ;
#1953=EDGE_CURVE('',#1947,#1805,#1952,.F.) ;
#1972=EDGE_CURVE('',#1947,#1971,#1969,.T.) ;
#1977=EDGE_CURVE('',#1971,#1812,#1976,.T.) ;
#1998=EDGE_CURVE('',#1995,#1997,#1993,.T.) ;
#2003=EDGE_CURVE('',#1997,#1830,#2002,.T.) ;
#2008=EDGE_CURVE('',#1995,#1822,#2007,.T.) ;
#2027=EDGE_CURVE('',#1997,#2026,#2024,.T.) ;
#2032=EDGE_CURVE('',#2026,#1836,#2031,.T.) ;
#2053=EDGE_CURVE('',#2052,#1836,#2045,.T.) ;
#2060=EDGE_CURVE('',#2052,#2059,#2057,.F.) ;
#2067=EDGE_CURVE('',#1843,#2059,#2061,.T.) ;
#2086=EDGE_CURVE('',#2085,#1849,#2083,.T.) ;
#2093=EDGE_CURVE('',#2092,#1843,#2090,.T.) ;
#2098=EDGE_CURVE('',#2092,#2085,#2097,.T.) ;
#2130=EDGE_CURVE('',#2129,#2052,#2125,.T.) ;
#2137=EDGE_CURVE('',#2129,#2026,#2131,.T.) ;
#2158=EDGE_CURVE('',#2155,#2157,#2153,.T.) ;
#2165=EDGE_CURVE('',#2164,#2155,#2162,.F.) ;
#2174=EDGE_CURVE('',#2173,#2164,#2166,.T.) ;
#2178=EDGE_CURVE('',#2173,#2059,#2175,.T.) ;
#2184=EDGE_CURVE('',#2052,#2183,#2179,.T.) ;
#2193=EDGE_CURVE('',#2183,#2192,#2185,.T.) ;
#2198=EDGE_CURVE('',#2157,#2192,#2197,.T.) ;
#2221=EDGE_CURVE('',#2220,#2183,#2218,.T.) ;
#2226=EDGE_CURVE('',#2129,#2220,#2225,.T.) ;
#2247=EDGE_CURVE('',#2244,#2246,#2242,.T.) ;
#2252=EDGE_CURVE('',#2246,#2059,#2251,.T.) ;
#2257=EDGE_CURVE('',#2244,#2173,#2256,.F.) ;
#2276=EDGE_CURVE('',#2220,#2275,#2273,.T.) ;
#2281=EDGE_CURVE('',#2275,#2192,#2280,.T.) ;
#2300=EDGE_CURVE('',#2275,#2299,#2297,.F.) ;
#2305=EDGE_CURVE('',#2129,#2246,#2304,.T.) ;
#2312=EDGE_CURVE('',#2311,#2244,#2309,.F.) ;
#2319=EDGE_CURVE('',#2318,#2311,#2316,.F.) ;
#2324=EDGE_CURVE('',#2299,#2318,#2323,.F.) ;
#2345=EDGE_CURVE('',#2299,#2157,#2344,.F.) ;
#2362=EDGE_CURVE('',#2311,#2164,#2361,.T.) ;
#2379=EDGE_CURVE('',#2318,#2155,#2378,.F.) ;
#2408=EDGE_CURVE('',#2026,#2092,#2407,.F.) ;
#2415=EDGE_CURVE('',#2092,#2246,#2409,.T.) ;
#2458=EDGE_CURVE('',#2085,#1892,#2457,.F.) ;
#2475=EDGE_CURVE('',#1971,#1995,#2474,.F.) ;
#2494=EDGE_CURVE('',#1916,#2493,#2491,.F.) ;
#2499=EDGE_CURVE('',#1778,#2493,#2498,.T.) ;
#2516=EDGE_CURVE('',#1740,#2493,#2515,.F.) ;
#2561=EDGE_CURVE('',#2558,#2560,#2556,.T.) ;
#2568=EDGE_CURVE('',#2558,#2567,#2565,.T.) ;
#2575=EDGE_CURVE('',#2567,#2574,#2572,.T.) ;
#2580=EDGE_CURVE('',#2560,#2574,#2579,.T.) ;
#2601=EDGE_CURVE('',#2598,#2600,#2596,.F.) ;
#2606=EDGE_CURVE('',#2560,#2600,#2605,.F.) ;
#2611=EDGE_CURVE('',#2598,#2574,#2610,.T.) ;
#2630=EDGE_CURVE('',#2629,#2598,#2627,.F.) ;
#2637=EDGE_CURVE('',#2629,#2636,#2634,.F.) ;
#2642=EDGE_CURVE('',#2600,#2636,#2641,.T.) ;
#2663=EDGE_CURVE('',#2660,#2662,#2658,.F.) ;
#2668=EDGE_CURVE('',#2662,#2636,#2667,.T.) ;
#2673=EDGE_CURVE('',#2660,#2629,#2672,.T.) ;
#2692=EDGE_CURVE('',#2691,#2660,#2689,.F.) ;
#2699=EDGE_CURVE('',#2691,#2698,#2696,.F.) ;
#2704=EDGE_CURVE('',#2662,#2698,#2703,.T.) ;
#2723=EDGE_CURVE('',#2722,#2691,#2720,.F.) ;
#2730=EDGE_CURVE('',#2729,#2722,#2727,.T.) ;
#2735=EDGE_CURVE('',#2698,#2729,#2734,.T.) ;
#2749=EDGE_CURVE('',#2722,#2748,#2746,.T.) ;
#2756=EDGE_CURVE('',#2755,#2748,#2753,.T.) ;
#2761=EDGE_CURVE('',#2729,#2755,#2760,.T.) ;
#2782=EDGE_CURVE('',#2779,#2781,#2777,.T.) ;
#2789=EDGE_CURVE('',#2788,#2781,#2786,.T.) ;
#2796=EDGE_CURVE('',#2795,#2788,#2793,.T.) ;
#2801=EDGE_CURVE('',#2795,#2779,#2800,.T.) ;
#2818=EDGE_CURVE('',#2779,#2755,#2817,.T.) ;
#2823=EDGE_CURVE('',#2795,#2558,#2822,.T.) ;
#2846=EDGE_CURVE('',#2748,#2781,#2845,.T.) ;
#2863=EDGE_CURVE('',#2567,#2788,#2862,.T.) ;
#2905=EDGE_CURVE('',#2902,#2904,#2900,.T.) ;
#2912=EDGE_CURVE('',#2902,#2911,#2909,.T.) ;
#2919=EDGE_CURVE('',#2911,#2918,#2916,.T.) ;
#2924=EDGE_CURVE('',#2904,#2918,#2923,.T.) ;
#2943=EDGE_CURVE('',#2911,#2942,#2940,.F.) ;
#2950=EDGE_CURVE('',#2942,#2949,#2947,.T.) ;
#2955=EDGE_CURVE('',#2918,#2949,#2954,.F.) ;
#2974=EDGE_CURVE('',#2942,#2973,#2971,.T.) ;
#2981=EDGE_CURVE('',#2973,#2980,#2978,.T.) ;
#2986=EDGE_CURVE('',#2949,#2980,#2985,.T.) ;
#3005=EDGE_CURVE('',#2973,#3004,#3002,.F.) ;
#3012=EDGE_CURVE('',#3004,#3011,#3009,.T.) ;
#3017=EDGE_CURVE('',#2980,#3011,#3016,.F.) ;
#3036=EDGE_CURVE('',#3004,#3035,#3033,.T.) ;
#3043=EDGE_CURVE('',#3035,#3042,#3040,.T.) ;
#3048=EDGE_CURVE('',#3011,#3042,#3047,.T.) ;
#3067=EDGE_CURVE('',#3035,#3066,#3064,.F.) ;
#3074=EDGE_CURVE('',#3066,#3073,#3071,.T.) ;
#3079=EDGE_CURVE('',#3042,#3073,#3078,.F.) ;
#3098=EDGE_CURVE('',#3066,#3097,#3095,.F.) ;
#3105=EDGE_CURVE('',#3097,#3104,#3102,.T.) ;
#3110=EDGE_CURVE('',#3073,#3104,#3109,.F.) ;
#3129=EDGE_CURVE('',#3097,#3128,#3126,.T.) ;
#3136=EDGE_CURVE('',#3128,#3135,#3133,.T.) ;
#3141=EDGE_CURVE('',#3104,#3135,#3140,.T.) ;
#3160=EDGE_CURVE('',#3128,#3159,#3157,.T.) ;
#3167=EDGE_CURVE('',#3159,#3166,#3164,.T.) ;
#3172=EDGE_CURVE('',#3135,#3166,#3171,.T.) ;
#3191=EDGE_CURVE('',#3159,#3190,#3188,.T.) ;
#3198=EDGE_CURVE('',#3190,#3197,#3195,.T.) ;
#3203=EDGE_CURVE('',#3166,#3197,#3202,.T.) ;
#3222=EDGE_CURVE('',#3190,#3221,#3219,.T.) ;
#3229=EDGE_CURVE('',#3221,#3228,#3226,.T.) ;
#3234=EDGE_CURVE('',#3197,#3228,#3233,.T.) ;
#3253=EDGE_CURVE('',#3221,#3252,#3250,.T.) ;
#3260=EDGE_CURVE('',#3252,#3259,#3257,.T.) ;
#3265=EDGE_CURVE('',#3228,#3259,#3264,.T.) ;
#3284=EDGE_CURVE('',#3252,#3283,#3281,.F.) ;
#3291=EDGE_CURVE('',#3283,#3290,#3288,.T.) ;
#3296=EDGE_CURVE('',#3259,#3290,#3295,.F.) ;
#3310=EDGE_CURVE('',#3283,#3309,#3307,.F.) ;
#3317=EDGE_CURVE('',#3309,#3316,#3314,.T.) ;
#3322=EDGE_CURVE('',#3290,#3316,#3321,.F.) ;
#3341=EDGE_CURVE('',#3309,#3340,#3338,.F.) ;
#3348=EDGE_CURVE('',#3340,#3347,#3345,.T.) ;
#3353=EDGE_CURVE('',#3316,#3347,#3352,.F.) ;
#3372=EDGE_CURVE('',#3340,#3371,#3369,.F.) ;
#3379=EDGE_CURVE('',#3371,#3378,#3376,.T.) ;
#3384=EDGE_CURVE('',#3347,#3378,#3383,.F.) ;
#3403=EDGE_CURVE('',#3371,#3402,#3400,.T.) ;
#3410=EDGE_CURVE('',#3402,#3409,#3407,.T.) ;
#3415=EDGE_CURVE('',#3378,#3409,#3414,.T.) ;
#3429=EDGE_CURVE('',#3402,#3428,#3426,.F.) ;
#3436=EDGE_CURVE('',#3428,#3435,#3433,.T.) ;
#3441=EDGE_CURVE('',#3409,#3435,#3440,.F.) ;
#3460=EDGE_CURVE('',#3428,#3459,#3457,.T.) ;
#3467=EDGE_CURVE('',#3459,#3466,#3464,.T.) ;
#3472=EDGE_CURVE('',#3435,#3466,#3471,.T.) ;
#3491=EDGE_CURVE('',#3459,#3490,#3488,.F.) ;
#3498=EDGE_CURVE('',#3490,#3497,#3495,.T.) ;
#3503=EDGE_CURVE('',#3466,#3497,#3502,.F.) ;
#3522=EDGE_CURVE('',#3490,#3521,#3519,.F.) ;
#3529=EDGE_CURVE('',#3521,#3528,#3526,.T.) ;
#3534=EDGE_CURVE('',#3497,#3528,#3533,.F.) ;
#3548=EDGE_CURVE('',#3521,#3547,#3545,.F.) ;
#3555=EDGE_CURVE('',#3547,#3554,#3552,.T.) ;
#3560=EDGE_CURVE('',#3528,#3554,#3559,.F.) ;
#3579=EDGE_CURVE('',#3547,#3578,#3576,.T.) ;
#3586=EDGE_CURVE('',#3578,#3585,#3583,.T.) ;
#3591=EDGE_CURVE('',#3554,#3585,#3590,.T.) ;
#3608=EDGE_CURVE('',#3578,#2902,#3607,.F.) ;
#3613=EDGE_CURVE('',#3585,#2904,#3612,.F.) ;
#3634=EDGE_CURVE('',#3631,#3633,#3629,.T.) ;
#3641=EDGE_CURVE('',#3640,#3633,#3638,.T.) ;
#3648=EDGE_CURVE('',#3647,#3640,#3645,.T.) ;
#3653=EDGE_CURVE('',#3647,#3631,#3652,.T.) ;
#3665=EDGE_CURVE('',#3633,#3631,#3664,.T.) ;
#3670=EDGE_CURVE('',#3640,#3647,#3669,.T.) ;
#3691=EDGE_CURVE('',#3688,#3690,#3686,.T.) ;
#3698=EDGE_CURVE('',#3697,#3690,#3695,.T.) ;
#3705=EDGE_CURVE('',#3704,#3697,#3702,.T.) ;
#3710=EDGE_CURVE('',#3704,#3688,#3709,.T.) ;
#3722=EDGE_CURVE('',#3690,#3688,#3721,.T.) ;
#3727=EDGE_CURVE('',#3697,#3704,#3726,.T.) ;
#3748=EDGE_CURVE('',#3745,#3747,#3743,.T.) ;
#3755=EDGE_CURVE('',#3754,#3747,#3752,.T.) ;
#3762=EDGE_CURVE('',#3761,#3754,#3759,.T.) ;
#3767=EDGE_CURVE('',#3761,#3745,#3766,.T.) ;
#3779=EDGE_CURVE('',#3747,#3745,#3778,.T.) ;
#3784=EDGE_CURVE('',#3754,#3761,#3783,.T.) ;
#3896=EDGE_CURVE('',#3893,#3895,#3891,.T.) ;
#3903=EDGE_CURVE('',#3893,#3902,#3900,.T.) ;
#3910=EDGE_CURVE('',#3902,#3909,#3907,.T.) ;
#3915=EDGE_CURVE('',#3895,#3909,#3914,.T.) ;
#3934=EDGE_CURVE('',#3933,#3893,#3931,.T.) ;
#3941=EDGE_CURVE('',#3933,#3940,#3938,.T.) ;
#3946=EDGE_CURVE('',#3940,#3902,#3945,.T.) ;
#3967=EDGE_CURVE('',#3964,#3966,#3962,.T.) ;
#3972=EDGE_CURVE('',#3940,#3966,#3971,.T.) ;
#3977=EDGE_CURVE('',#3933,#3964,#3976,.T.) ;
#3994=EDGE_CURVE('',#3964,#3895,#3993,.T.) ;
#4013=EDGE_CURVE('',#3895,#4012,#4010,.T.) ;
#4020=EDGE_CURVE('',#4019,#4012,#4017,.T.) ;
#4025=EDGE_CURVE('',#3964,#4019,#4024,.T.) ;
#4044=EDGE_CURVE('',#3909,#4043,#4041,.F.) ;
#4049=EDGE_CURVE('',#4012,#4043,#4048,.T.) ;
#4068=EDGE_CURVE('',#4067,#4012,#4065,.T.) ;
#4075=EDGE_CURVE('',#4074,#4043,#4072,.T.) ;
#4080=EDGE_CURVE('',#4067,#4074,#4079,.T.) ;
#4099=EDGE_CURVE('',#4067,#4098,#4096,.T.) ;
#4106=EDGE_CURVE('',#4074,#4105,#4103,.T.) ;
#4111=EDGE_CURVE('',#4098,#4105,#4110,.T.) ;
#4132=EDGE_CURVE('',#4129,#4131,#4127,.T.) ;
#4137=EDGE_CURVE('',#4098,#4129,#4136,.T.) ;
#4142=EDGE_CURVE('',#4105,#4131,#4141,.T.) ;
#4161=EDGE_CURVE('',#4131,#4160,#4158,.F.) ;
#4168=EDGE_CURVE('',#4167,#4160,#4165,.T.) ;
#4173=EDGE_CURVE('',#4167,#4129,#4172,.T.) ;
#4192=EDGE_CURVE('',#4167,#4191,#4189,.T.) ;
#4199=EDGE_CURVE('',#4160,#4198,#4196,.T.) ;
#4204=EDGE_CURVE('',#4191,#4198,#4203,.T.) ;
#4223=EDGE_CURVE('',#4198,#4222,#4220,.F.) ;
#4230=EDGE_CURVE('',#4229,#4222,#4227,.T.) ;
#4235=EDGE_CURVE('',#4229,#4191,#4234,.T.) ;
#4254=EDGE_CURVE('',#4253,#4222,#4251,.T.) ;
#4261=EDGE_CURVE('',#4260,#4253,#4258,.T.) ;
#4266=EDGE_CURVE('',#4260,#4229,#4265,.T.) ;
#4285=EDGE_CURVE('',#4260,#4284,#4282,.T.) ;
#4292=EDGE_CURVE('',#4253,#4291,#4289,.T.) ;
#4297=EDGE_CURVE('',#4284,#4291,#4296,.T.) ;
#4316=EDGE_CURVE('',#4284,#4315,#4313,.T.) ;
#4323=EDGE_CURVE('',#4322,#4315,#4320,.T.) ;
#4330=EDGE_CURVE('',#4329,#4322,#4327,.T.) ;
#4340=EDGE_CURVE('',#4329,#4339,#4331,.T.) ;
#4347=EDGE_CURVE('',#4346,#4339,#4344,.T.) ;
#4357=EDGE_CURVE('',#4356,#4346,#4348,.T.) ;
#4364=EDGE_CURVE('',#4363,#4356,#4361,.T.) ;
#4374=EDGE_CURVE('',#4373,#4363,#4365,.T.) ;
#4381=EDGE_CURVE('',#4373,#4380,#4378,.T.) ;
#4391=EDGE_CURVE('',#4380,#4390,#4382,.T.) ;
#4396=EDGE_CURVE('',#4390,#4019,#4395,.F.) ;
#4430=EDGE_CURVE('',#4427,#4429,#4419,.T.) ;
#4440=EDGE_CURVE('',#4429,#4439,#4431,.T.) ;
#4450=EDGE_CURVE('',#4439,#4449,#4441,.T.) ;
#4458=EDGE_CURVE('',#4449,#4427,#4451,.T.) ;
#4477=EDGE_CURVE('',#4346,#4476,#4474,.T.) ;
#4484=EDGE_CURVE('',#4339,#4483,#4481,.T.) ;
#4489=EDGE_CURVE('',#4476,#4483,#4488,.T.) ;
#4508=EDGE_CURVE('',#4476,#4507,#4505,.F.) ;
#4513=EDGE_CURVE('',#4356,#4507,#4512,.T.) ;
#4532=EDGE_CURVE('',#4531,#4507,#4529,.T.) ;
#4537=EDGE_CURVE('',#4363,#4531,#4536,.T.) ;
#4556=EDGE_CURVE('',#4531,#4555,#4553,.F.) ;
#4561=EDGE_CURVE('',#4373,#4555,#4560,.T.) ;
#4580=EDGE_CURVE('',#4555,#4579,#4577,.T.) ;
#4585=EDGE_CURVE('',#4380,#4579,#4584,.T.) ;
#4604=EDGE_CURVE('',#4579,#4603,#4601,.T.) ;
#4609=EDGE_CURVE('',#4390,#4603,#4608,.T.) ;
#4628=EDGE_CURVE('',#4603,#4627,#4625,.T.) ;
#4633=EDGE_CURVE('',#4019,#4627,#4632,.T.) ;
#4650=EDGE_CURVE('',#3966,#4627,#4649,.T.) ;
#4667=EDGE_CURVE('',#4627,#4043,#4666,.T.) ;
#4672=EDGE_CURVE('',#3966,#3909,#4671,.T.) ;
#4703=EDGE_CURVE('',#4439,#4702,#4700,.T.) ;
#4710=EDGE_CURVE('',#4702,#4709,#4707,.T.) ;
#4715=EDGE_CURVE('',#4449,#4709,#4714,.T.) ;
#4734=EDGE_CURVE('',#4733,#4702,#4731,.T.) ;
#4739=EDGE_CURVE('',#4429,#4733,#4738,.T.) ;
#4753=EDGE_CURVE('',#4427,#4752,#4750,.T.) ;
#4758=EDGE_CURVE('',#4752,#4733,#4757,.T.) ;
#4770=EDGE_CURVE('',#4709,#4752,#4769,.T.) ;
#4789=EDGE_CURVE('',#4329,#4788,#4786,.T.) ;
#4794=EDGE_CURVE('',#4788,#4483,#4793,.T.) ;
#4813=EDGE_CURVE('',#4322,#4812,#4810,.T.) ;
#4818=EDGE_CURVE('',#4788,#4812,#4817,.T.) ;
#4837=EDGE_CURVE('',#4812,#4836,#4834,.T.) ;
#4842=EDGE_CURVE('',#4291,#4836,#4841,.T.) ;
#4881=EDGE_CURVE('',#4315,#4836,#4880,.T.) ;
#4900=EDGE_CURVE('',#4315,#4899,#4897,.T.) ;
#4907=EDGE_CURVE('',#4906,#4899,#4904,.T.) ;
#4912=EDGE_CURVE('',#4322,#4906,#4911,.T.) ;
#4931=EDGE_CURVE('',#4906,#4930,#4928,.T.) ;
#4936=EDGE_CURVE('',#4812,#4930,#4935,.F.) ;
#4955=EDGE_CURVE('',#4930,#4954,#4952,.T.) ;
#4960=EDGE_CURVE('',#4836,#4954,#4959,.T.) ;
#4977=EDGE_CURVE('',#4899,#4954,#4976,.T.) ;
#4996=EDGE_CURVE('',#4995,#4899,#4993,.F.) ;
#5003=EDGE_CURVE('',#5002,#4995,#5000,.T.) ;
#5008=EDGE_CURVE('',#5002,#4906,#5007,.F.) ;
#5027=EDGE_CURVE('',#5002,#5026,#5024,.T.) ;
#5032=EDGE_CURVE('',#5026,#4930,#5031,.T.) ;
#5051=EDGE_CURVE('',#5050,#4954,#5048,.F.) ;
#5056=EDGE_CURVE('',#5026,#5050,#5055,.T.) ;
#5073=EDGE_CURVE('',#4995,#5050,#5072,.T.) ;
#5109=EDGE_CURVE('',#5106,#5108,#5104,.T.) ;
#5116=EDGE_CURVE('',#5115,#5106,#5113,.T.) ;
#5123=EDGE_CURVE('',#5122,#5115,#5120,.T.) ;
#5130=EDGE_CURVE('',#5122,#5129,#5127,.T.) ;
#5137=EDGE_CURVE('',#5136,#5129,#5134,.T.) ;
#5142=EDGE_CURVE('',#5108,#5136,#5141,.F.) ;
#5165=EDGE_CURVE('',#5162,#5164,#5160,.T.) ;
#5170=EDGE_CURVE('',#5122,#5162,#5169,.T.) ;
#5175=EDGE_CURVE('',#5164,#5115,#5174,.F.) ;
#5194=EDGE_CURVE('',#5136,#5193,#5191,.T.) ;
#5201=EDGE_CURVE('',#5193,#5200,#5198,.F.) ;
#5206=EDGE_CURVE('',#5200,#5108,#5205,.T.) ;
#5225=EDGE_CURVE('',#5224,#5193,#5222,.F.) ;
#5230=EDGE_CURVE('',#5129,#5224,#5229,.T.) ;
#5249=EDGE_CURVE('',#5200,#5248,#5246,.T.) ;
#5254=EDGE_CURVE('',#5248,#5106,#5253,.T.) ;
#5273=EDGE_CURVE('',#5164,#5272,#5270,.T.) ;
#5280=EDGE_CURVE('',#5272,#5279,#5277,.F.) ;
#5287=EDGE_CURVE('',#5279,#5286,#5284,.T.) ;
#5294=EDGE_CURVE('',#5286,#5293,#5291,.F.) ;
#5301=EDGE_CURVE('',#5293,#5300,#5298,.F.) ;
#5308=EDGE_CURVE('',#5300,#5307,#5305,.T.) ;
#5315=EDGE_CURVE('',#5307,#5314,#5312,.F.) ;
#5322=EDGE_CURVE('',#5314,#5321,#5319,.T.) ;
#5329=EDGE_CURVE('',#5321,#5328,#5326,.F.) ;
#5336=EDGE_CURVE('',#5328,#5335,#5333,.T.) ;
#5343=EDGE_CURVE('',#5335,#5342,#5340,.F.) ;
#5350=EDGE_CURVE('',#5342,#5349,#5347,.F.) ;
#5357=EDGE_CURVE('',#5349,#5356,#5354,.F.) ;
#5364=EDGE_CURVE('',#5356,#5363,#5361,.F.) ;
#5371=EDGE_CURVE('',#5363,#5370,#5368,.F.) ;
#5378=EDGE_CURVE('',#5370,#5377,#5375,.F.) ;
#5383=EDGE_CURVE('',#5377,#5162,#5382,.F.) ;
#5412=EDGE_CURVE('',#5409,#5411,#5407,.F.) ;
#5419=EDGE_CURVE('',#5418,#5409,#5416,.T.) ;
#5426=EDGE_CURVE('',#5425,#5418,#5423,.F.) ;
#5431=EDGE_CURVE('',#5411,#5425,#5430,.T.) ;
#5446=EDGE_CURVE('',#5443,#5445,#5441,.F.) ;
#5453=EDGE_CURVE('',#5452,#5443,#5450,.T.) ;
#5460=EDGE_CURVE('',#5459,#5452,#5457,.F.) ;
#5465=EDGE_CURVE('',#5445,#5459,#5464,.T.) ;
#5486=EDGE_CURVE('',#5483,#5485,#5481,.F.) ;
#5493=EDGE_CURVE('',#5492,#5483,#5490,.F.) ;
#5500=EDGE_CURVE('',#5499,#5492,#5497,.F.) ;
#5507=EDGE_CURVE('',#5506,#5499,#5504,.F.) ;
#5514=EDGE_CURVE('',#5513,#5506,#5511,.F.) ;
#5521=EDGE_CURVE('',#5520,#5513,#5518,.F.) ;
#5528=EDGE_CURVE('',#5527,#5520,#5525,.F.) ;
#5535=EDGE_CURVE('',#5534,#5527,#5532,.F.) ;
#5542=EDGE_CURVE('',#5541,#5534,#5539,.T.) ;
#5549=EDGE_CURVE('',#5548,#5541,#5546,.F.) ;
#5556=EDGE_CURVE('',#5555,#5548,#5553,.T.) ;
#5563=EDGE_CURVE('',#5562,#5555,#5560,.F.) ;
#5570=EDGE_CURVE('',#5569,#5562,#5567,.T.) ;
#5577=EDGE_CURVE('',#5576,#5569,#5574,.F.) ;
#5584=EDGE_CURVE('',#5583,#5576,#5581,.F.) ;
#5591=EDGE_CURVE('',#5590,#5583,#5588,.T.) ;
#5598=EDGE_CURVE('',#5597,#5590,#5595,.F.) ;
#5603=EDGE_CURVE('',#5485,#5597,#5602,.T.) ;
#5632=EDGE_CURVE('',#5629,#5631,#5627,.T.) ;
#5639=EDGE_CURVE('',#5631,#5638,#5636,.F.) ;
#5646=EDGE_CURVE('',#5638,#5645,#5643,.T.) ;
#5651=EDGE_CURVE('',#5645,#5629,#5650,.F.) ;
#5666=EDGE_CURVE('',#5663,#5665,#5661,.T.) ;
#5673=EDGE_CURVE('',#5665,#5672,#5670,.F.) ;
#5680=EDGE_CURVE('',#5672,#5679,#5677,.T.) ;
#5685=EDGE_CURVE('',#5679,#5663,#5684,.F.) ;
#5704=EDGE_CURVE('',#5485,#5703,#5701,.T.) ;
#5711=EDGE_CURVE('',#5710,#5703,#5708,.F.) ;
#5716=EDGE_CURVE('',#5710,#5483,#5715,.F.) ;
#5733=EDGE_CURVE('',#5499,#5370,#5732,.T.) ;
#5738=EDGE_CURVE('',#5492,#5377,#5737,.T.) ;
#5755=EDGE_CURVE('',#5597,#5272,#5754,.T.) ;
#5760=EDGE_CURVE('',#5590,#5279,#5759,.T.) ;
#5777=EDGE_CURVE('',#5583,#5286,#5776,.T.) ;
#5794=EDGE_CURVE('',#5576,#5293,#5793,.T.) ;
#5811=EDGE_CURVE('',#5569,#5300,#5810,.T.) ;
#5828=EDGE_CURVE('',#5562,#5307,#5827,.T.) ;
#5845=EDGE_CURVE('',#5555,#5314,#5844,.T.) ;
#5862=EDGE_CURVE('',#5548,#5321,#5861,.T.) ;
#5879=EDGE_CURVE('',#5541,#5328,#5878,.T.) ;
#5896=EDGE_CURVE('',#5534,#5335,#5895,.T.) ;
#5913=EDGE_CURVE('',#5527,#5342,#5912,.T.) ;
#5930=EDGE_CURVE('',#5520,#5349,#5929,.T.) ;
#5947=EDGE_CURVE('',#5513,#5356,#5946,.T.) ;
#5964=EDGE_CURVE('',#5506,#5363,#5963,.T.) ;
#5993=EDGE_CURVE('',#5629,#5411,#5992,.T.) ;
#5998=EDGE_CURVE('',#5645,#5409,#5997,.T.) ;
#6015=EDGE_CURVE('',#5638,#5418,#6014,.T.) ;
#6032=EDGE_CURVE('',#5631,#5425,#6031,.T.) ;
#6056=EDGE_CURVE('',#5663,#5445,#6055,.T.) ;
#6061=EDGE_CURVE('',#5679,#5443,#6060,.T.) ;
#6078=EDGE_CURVE('',#5672,#5452,#6077,.T.) ;
#6090=EDGE_CURVE('',#5665,#5459,#6089,.T.) ;
#6119=EDGE_CURVE('',#5710,#5224,#6118,.T.) ;
#6140=EDGE_CURVE('',#5703,#5248,#6139,.T.) ;
#6182=EDGE_CURVE('',#6179,#6181,#6177,.T.) ;
#6189=EDGE_CURVE('',#6188,#6181,#6186,.T.) ;
#6196=EDGE_CURVE('',#6195,#6188,#6193,.T.) ;
#6201=EDGE_CURVE('',#6195,#6179,#6200,.T.) ;
#6220=EDGE_CURVE('',#6195,#6219,#6217,.T.) ;
#6227=EDGE_CURVE('',#6219,#6226,#6224,.T.) ;
#6234=EDGE_CURVE('',#6226,#6233,#6231,.T.) ;
#6241=EDGE_CURVE('',#6240,#6233,#6238,.T.) ;
#6248=EDGE_CURVE('',#6240,#6247,#6245,.T.) ;
#6255=EDGE_CURVE('',#6247,#6254,#6252,.T.) ;
#6262=EDGE_CURVE('',#6261,#6254,#6259,.T.) ;
#6269=EDGE_CURVE('',#6261,#6268,#6266,.T.) ;
#6276=EDGE_CURVE('',#6268,#6275,#6273,.T.) ;
#6281=EDGE_CURVE('',#6179,#6275,#6280,.T.) ;
#6303=EDGE_CURVE('',#6300,#6302,#6298,.T.) ;
#6308=EDGE_CURVE('',#6302,#6300,#6307,.T.) ;
#6321=EDGE_CURVE('',#6318,#6320,#6316,.T.) ;
#6326=EDGE_CURVE('',#6320,#6318,#6325,.T.) ;
#6343=EDGE_CURVE('',#6275,#6342,#6340,.T.) ;
#6348=EDGE_CURVE('',#6181,#6342,#6347,.F.) ;
#6367=EDGE_CURVE('',#6219,#6366,#6364,.T.) ;
#6374=EDGE_CURVE('',#6366,#6373,#6371,.T.) ;
#6379=EDGE_CURVE('',#6226,#6373,#6378,.T.) ;
#6398=EDGE_CURVE('',#6373,#6397,#6395,.T.) ;
#6403=EDGE_CURVE('',#6233,#6397,#6402,.T.) ;
#6422=EDGE_CURVE('',#6240,#6421,#6419,.T.) ;
#6429=EDGE_CURVE('',#6421,#6428,#6426,.T.) ;
#6434=EDGE_CURVE('',#6247,#6428,#6433,.T.) ;
#6453=EDGE_CURVE('',#6428,#6452,#6450,.F.) ;
#6458=EDGE_CURVE('',#6254,#6452,#6457,.T.) ;
#6477=EDGE_CURVE('',#6268,#6476,#6474,.T.) ;
#6484=EDGE_CURVE('',#6261,#6483,#6481,.T.) ;
#6489=EDGE_CURVE('',#6483,#6476,#6488,.T.) ;
#6506=EDGE_CURVE('',#6476,#6342,#6505,.T.) ;
#6525=EDGE_CURVE('',#6318,#6524,#6522,.T.) ;
#6532=EDGE_CURVE('',#6531,#6524,#6529,.F.) ;
#6537=EDGE_CURVE('',#6320,#6531,#6536,.T.) ;
#6549=EDGE_CURVE('',#6524,#6531,#6548,.F.) ;
#6568=EDGE_CURVE('',#6300,#6567,#6565,.T.) ;
#6575=EDGE_CURVE('',#6574,#6567,#6572,.F.) ;
#6580=EDGE_CURVE('',#6302,#6574,#6579,.T.) ;
#6592=EDGE_CURVE('',#6567,#6574,#6591,.F.) ;
#6609=EDGE_CURVE('',#6483,#6452,#6608,.T.) ;
#6626=EDGE_CURVE('',#6421,#6397,#6625,.F.) ;
#6643=EDGE_CURVE('',#6188,#6366,#6642,.T.) ;
#6689=EDGE_CURVE('',#6686,#6688,#6684,.T.) ;
#6696=EDGE_CURVE('',#6695,#6688,#6693,.F.) ;
#6703=EDGE_CURVE('',#6702,#6695,#6700,.T.) ;
#6708=EDGE_CURVE('',#6702,#6686,#6707,.F.) ;
#6729=EDGE_CURVE('',#6726,#6728,#6724,.T.) ;
#6736=EDGE_CURVE('',#6726,#6735,#6733,.T.) ;
#6743=EDGE_CURVE('',#6742,#6735,#6740,.T.) ;
#6750=EDGE_CURVE('',#6742,#6749,#6747,.T.) ;
#6755=EDGE_CURVE('',#6749,#6686,#6754,.T.) ;
#6762=EDGE_CURVE('',#6761,#6702,#6759,.T.) ;
#6769=EDGE_CURVE('',#6761,#6768,#6766,.T.) ;
#6776=EDGE_CURVE('',#6768,#6775,#6773,.T.) ;
#6783=EDGE_CURVE('',#6775,#6782,#6780,.T.) ;
#6790=EDGE_CURVE('',#6789,#6782,#6787,.T.) ;
#6797=EDGE_CURVE('',#6789,#6796,#6794,.T.) ;
#6802=EDGE_CURVE('',#6728,#6796,#6801,.F.) ;
#6826=EDGE_CURVE('',#6823,#6825,#6821,.T.) ;
#6831=EDGE_CURVE('',#6825,#6823,#6830,.T.) ;
#6844=EDGE_CURVE('',#6841,#6843,#6839,.T.) ;
#6849=EDGE_CURVE('',#6843,#6841,#6848,.T.) ;
#6866=EDGE_CURVE('',#6749,#6865,#6863,.T.) ;
#6871=EDGE_CURVE('',#6865,#6688,#6870,.T.) ;
#6890=EDGE_CURVE('',#6761,#6889,#6887,.T.) ;
#6897=EDGE_CURVE('',#6889,#6896,#6894,.T.) ;
#6902=EDGE_CURVE('',#6768,#6896,#6901,.T.) ;
#6921=EDGE_CURVE('',#6896,#6920,#6918,.T.) ;
#6926=EDGE_CURVE('',#6775,#6920,#6925,.T.) ;
#6945=EDGE_CURVE('',#6920,#6944,#6942,.T.) ;
#6950=EDGE_CURVE('',#6782,#6944,#6949,.T.) ;
#6969=EDGE_CURVE('',#6796,#6968,#6966,.T.) ;
#6976=EDGE_CURVE('',#6789,#6975,#6973,.T.) ;
#6981=EDGE_CURVE('',#6975,#6968,#6980,.T.) ;
#7000=EDGE_CURVE('',#6968,#6999,#6997,.F.) ;
#7005=EDGE_CURVE('',#6728,#6999,#7004,.T.) ;
#7024=EDGE_CURVE('',#6726,#7023,#7021,.T.) ;
#7031=EDGE_CURVE('',#7023,#7030,#7028,.F.) ;
#7036=EDGE_CURVE('',#6735,#7030,#7035,.T.) ;
#7050=EDGE_CURVE('',#6742,#7049,#7047,.T.) ;
#7055=EDGE_CURVE('',#7049,#6865,#7054,.T.) ;
#7074=EDGE_CURVE('',#6841,#7073,#7071,.T.) ;
#7081=EDGE_CURVE('',#7080,#7073,#7078,.F.) ;
#7086=EDGE_CURVE('',#6843,#7080,#7085,.T.) ;
#7098=EDGE_CURVE('',#7073,#7080,#7097,.F.) ;
#7117=EDGE_CURVE('',#6823,#7116,#7114,.T.) ;
#7124=EDGE_CURVE('',#7123,#7116,#7121,.F.) ;
#7129=EDGE_CURVE('',#6825,#7123,#7128,.T.) ;
#7141=EDGE_CURVE('',#7116,#7123,#7140,.F.) ;
#7158=EDGE_CURVE('',#7049,#7030,#7157,.T.) ;
#7175=EDGE_CURVE('',#7023,#6999,#7174,.T.) ;
#7192=EDGE_CURVE('',#6975,#6944,#7191,.F.) ;
#7209=EDGE_CURVE('',#6889,#6695,#7208,.T.) ;
#7262=EDGE_CURVE('',#7259,#7261,#7257,.T.) ;
#7269=EDGE_CURVE('',#7261,#7268,#7266,.F.) ;
#7276=EDGE_CURVE('',#7275,#7268,#7273,.T.) ;
#7281=EDGE_CURVE('',#7275,#7259,#7280,.T.) ;
#7293=EDGE_CURVE('',#7268,#7261,#7292,.F.) ;
#7298=EDGE_CURVE('',#7259,#7275,#7297,.T.) ;
#7314=EDGE_CURVE('',#7311,#7313,#7309,.T.) ;
#7319=EDGE_CURVE('',#7313,#7311,#7318,.T.) ;
#7337=EDGE_CURVE('',#7334,#7336,#7332,.T.) ;
#7342=EDGE_CURVE('',#7336,#7334,#7341,.T.) ;
#7355=EDGE_CURVE('',#7352,#7354,#7350,.T.) ;
#7360=EDGE_CURVE('',#7354,#7352,#7359,.T.) ;
#7375=EDGE_CURVE('',#7313,#7336,#7374,.T.) ;
#7380=EDGE_CURVE('',#7311,#7334,#7379,.T.) ;
#7401=EDGE_CURVE('',#7352,#7400,#7398,.T.) ;
#7408=EDGE_CURVE('',#7354,#7407,#7405,.T.) ;
#7413=EDGE_CURVE('',#7407,#7400,#7412,.F.) ;
#7425=EDGE_CURVE('',#7400,#7407,#7424,.F.) ;
#7450=EDGE_CURVE('',#7447,#7449,#7445,.T.) ;
#7455=EDGE_CURVE('',#7449,#7447,#7454,.T.) ;
#7486=EDGE_CURVE('',#7483,#7485,#7481,.T.) ;
#7491=EDGE_CURVE('',#7485,#7483,#7490,.T.) ;
#7507=EDGE_CURVE('',#7447,#7483,#7506,.T.) ;
#7512=EDGE_CURVE('',#7449,#7485,#7511,.T.) ;
#7545=EDGE_CURVE('',#7542,#7544,#7540,.T.) ;
#7552=EDGE_CURVE('',#7544,#7551,#7549,.F.) ;
#7559=EDGE_CURVE('',#7558,#7551,#7556,.T.) ;
#7564=EDGE_CURVE('',#7558,#7542,#7563,.T.) ;
#7576=EDGE_CURVE('',#7551,#7544,#7575,.F.) ;
#7581=EDGE_CURVE('',#7542,#7558,#7580,.T.) ;
#7597=EDGE_CURVE('',#7594,#7596,#7592,.T.) ;
#7602=EDGE_CURVE('',#7596,#7594,#7601,.T.) ;
#7620=EDGE_CURVE('',#7617,#7619,#7615,.T.) ;
#7625=EDGE_CURVE('',#7619,#7617,#7624,.T.) ;
#7638=EDGE_CURVE('',#7635,#7637,#7633,.T.) ;
#7643=EDGE_CURVE('',#7637,#7635,#7642,.T.) ;
#7658=EDGE_CURVE('',#7596,#7619,#7657,.T.) ;
#7663=EDGE_CURVE('',#7594,#7617,#7662,.T.) ;
#7684=EDGE_CURVE('',#7635,#7683,#7681,.T.) ;
#7691=EDGE_CURVE('',#7637,#7690,#7688,.T.) ;
#7696=EDGE_CURVE('',#7690,#7683,#7695,.F.) ;
#7708=EDGE_CURVE('',#7683,#7690,#7707,.F.) ;
#7733=EDGE_CURVE('',#7730,#7732,#7728,.T.) ;
#7738=EDGE_CURVE('',#7732,#7730,#7737,.T.) ;
#7762=EDGE_CURVE('',#7759,#7761,#7757,.T.) ;
#7767=EDGE_CURVE('',#7761,#7759,#7766,.T.) ;
#7783=EDGE_CURVE('',#7732,#7761,#7782,.T.) ;
#7788=EDGE_CURVE('',#7730,#7759,#7787,.T.) ;
#7821=EDGE_CURVE('',#7818,#7820,#7816,.T.) ;
#7828=EDGE_CURVE('',#7820,#7827,#7825,.T.) ;
#7835=EDGE_CURVE('',#7827,#7834,#7832,.T.) ;
#7840=EDGE_CURVE('',#7818,#7834,#7839,.T.) ;
#7861=EDGE_CURVE('',#7858,#7860,#7856,.T.) ;
#7866=EDGE_CURVE('',#7860,#7820,#7865,.T.) ;
#7871=EDGE_CURVE('',#7818,#7858,#7870,.F.) ;
#7892=EDGE_CURVE('',#7889,#7891,#7887,.T.) ;
#7899=EDGE_CURVE('',#7898,#7891,#7896,.T.) ;
#7904=EDGE_CURVE('',#7827,#7898,#7903,.T.) ;
#7909=EDGE_CURVE('',#7860,#7889,#7908,.T.) ;
#7932=EDGE_CURVE('',#7929,#7931,#7927,.T.) ;
#7939=EDGE_CURVE('',#7938,#7929,#7936,.T.) ;
#7946=EDGE_CURVE('',#7945,#7938,#7943,.T.) ;
#7951=EDGE_CURVE('',#7834,#7945,#7950,.T.) ;
#7958=EDGE_CURVE('',#7957,#7898,#7955,.T.) ;
#7965=EDGE_CURVE('',#7957,#7964,#7962,.T.) ;
#7972=EDGE_CURVE('',#7971,#7964,#7969,.T.) ;
#7977=EDGE_CURVE('',#7931,#7971,#7976,.T.) ;
#8004=EDGE_CURVE('',#8001,#8003,#7999,.T.) ;
#8009=EDGE_CURVE('',#8003,#7891,#8008,.F.) ;
#8014=EDGE_CURVE('',#7889,#8001,#8013,.T.) ;
#8033=EDGE_CURVE('',#7964,#8032,#8030,.T.) ;
#8040=EDGE_CURVE('',#7957,#8039,#8037,.T.) ;
#8047=EDGE_CURVE('',#8039,#8046,#8044,.T.) ;
#8054=EDGE_CURVE('',#8053,#8046,#8051,.T.) ;
#8061=EDGE_CURVE('',#8060,#8053,#8058,.T.) ;
#8066=EDGE_CURVE('',#8060,#8032,#8065,.T.) ;
#8088=EDGE_CURVE('',#7971,#8087,#8085,.T.) ;
#8093=EDGE_CURVE('',#8087,#8032,#8092,.T.) ;
#8112=EDGE_CURVE('',#8111,#8039,#8109,.F.) ;
#8119=EDGE_CURVE('',#8111,#8118,#8116,.T.) ;
#8124=EDGE_CURVE('',#8118,#8046,#8123,.F.) ;
#8143=EDGE_CURVE('',#8142,#7931,#8140,.T.) ;
#8148=EDGE_CURVE('',#8087,#8142,#8147,.T.) ;
#8167=EDGE_CURVE('',#8166,#7929,#8164,.T.) ;
#8172=EDGE_CURVE('',#8166,#8142,#8171,.F.) ;
#8189=EDGE_CURVE('',#8111,#7938,#8188,.T.) ;
#8196=EDGE_CURVE('',#8195,#8166,#8193,.T.) ;
#8203=EDGE_CURVE('',#8202,#8195,#8200,.T.) ;
#8208=EDGE_CURVE('',#8202,#8118,#8207,.T.) ;
#8223=EDGE_CURVE('',#7945,#8003,#8222,.T.) ;
#8244=EDGE_CURVE('',#8001,#7858,#8243,.T.) ;
#8273=EDGE_CURVE('',#8270,#8272,#8268,.T.) ;
#8278=EDGE_CURVE('',#8272,#8270,#8277,.T.) ;
#8296=EDGE_CURVE('',#8295,#8272,#8293,.F.) ;
#8303=EDGE_CURVE('',#8302,#8295,#8300,.F.) ;
#8308=EDGE_CURVE('',#8302,#8270,#8307,.F.) ;
#8321=EDGE_CURVE('',#8295,#8302,#8320,.F.) ;
#8339=EDGE_CURVE('',#8202,#8053,#8338,.T.) ;
#8361=EDGE_CURVE('',#8195,#8060,#8360,.T.) ;
#8401=EDGE_CURVE('',#8398,#8400,#8396,.T.) ;
#8408=EDGE_CURVE('',#8407,#8400,#8405,.T.) ;
#8415=EDGE_CURVE('',#8414,#8407,#8412,.T.) ;
#8420=EDGE_CURVE('',#8414,#8398,#8419,.T.) ;
#8439=EDGE_CURVE('',#8414,#8438,#8436,.T.) ;
#8446=EDGE_CURVE('',#8438,#8445,#8443,.T.) ;
#8451=EDGE_CURVE('',#8398,#8445,#8450,.T.) ;
#8465=EDGE_CURVE('',#8464,#8445,#8462,.T.) ;
#8470=EDGE_CURVE('',#8464,#8400,#8469,.T.) ;
#8489=EDGE_CURVE('',#8488,#8438,#8486,.T.) ;
#8494=EDGE_CURVE('',#8488,#8464,#8493,.T.) ;
#8511=EDGE_CURVE('',#8488,#8407,#8510,.T.) ;
#8542=EDGE_CURVE('',#8539,#8541,#8537,.T.) ;
#8549=EDGE_CURVE('',#8548,#8541,#8546,.T.) ;
#8556=EDGE_CURVE('',#8555,#8548,#8553,.T.) ;
#8561=EDGE_CURVE('',#8555,#8539,#8560,.T.) ;
#8580=EDGE_CURVE('',#8579,#8539,#8577,.T.) ;
#8587=EDGE_CURVE('',#8586,#8555,#8584,.T.) ;
#8592=EDGE_CURVE('',#8586,#8579,#8591,.T.) ;
#8606=EDGE_CURVE('',#8605,#8579,#8603,.T.) ;
#8611=EDGE_CURVE('',#8541,#8605,#8610,.T.) ;
#8630=EDGE_CURVE('',#8629,#8586,#8627,.T.) ;
#8635=EDGE_CURVE('',#8629,#8605,#8634,.T.) ;
#8652=EDGE_CURVE('',#8548,#8629,#8651,.T.) ;
#8683=EDGE_CURVE('',#8680,#8682,#8678,.T.) ;
#8690=EDGE_CURVE('',#8680,#8689,#8687,.T.) ;
#8697=EDGE_CURVE('',#8689,#8696,#8694,.T.) ;
#8702=EDGE_CURVE('',#8682,#8696,#8701,.T.) ;
#8718=EDGE_CURVE('',#8715,#8717,#8713,.T.) ;
#8723=EDGE_CURVE('',#8689,#8715,#8722,.T.) ;
#8728=EDGE_CURVE('',#8717,#8680,#8727,.T.) ;
#8747=EDGE_CURVE('',#8715,#8746,#8744,.T.) ;
#8752=EDGE_CURVE('',#8696,#8746,#8751,.T.) ;
#8771=EDGE_CURVE('',#8717,#8770,#8768,.T.) ;
#8776=EDGE_CURVE('',#8746,#8770,#8775,.T.) ;
#8788=EDGE_CURVE('',#8770,#8682,#8787,.T.) ;
#8824=EDGE_CURVE('',#8821,#8823,#8819,.T.) ;
#8831=EDGE_CURVE('',#8821,#8830,#8828,.T.) ;
#8838=EDGE_CURVE('',#8830,#8837,#8835,.T.) ;
#8845=EDGE_CURVE('',#8837,#8844,#8842,.T.) ;
#8852=EDGE_CURVE('',#8844,#8851,#8849,.T.) ;
#8859=EDGE_CURVE('',#8858,#8851,#8856,.T.) ;
#8866=EDGE_CURVE('',#8865,#8858,#8863,.T.) ;
#8873=EDGE_CURVE('',#8872,#8865,#8870,.T.) ;
#8880=EDGE_CURVE('',#8879,#8872,#8877,.T.) ;
#8885=EDGE_CURVE('',#8879,#8823,#8884,.T.) ;
#8910=EDGE_CURVE('',#8909,#8821,#8907,.T.) ;
#8917=EDGE_CURVE('',#8916,#8823,#8914,.T.) ;
#8922=EDGE_CURVE('',#8916,#8909,#8921,.F.) ;
#8941=EDGE_CURVE('',#8940,#8916,#8938,.T.) ;
#8946=EDGE_CURVE('',#8940,#8879,#8945,.T.) ;
#8965=EDGE_CURVE('',#8909,#8964,#8962,.T.) ;
#8970=EDGE_CURVE('',#8964,#8830,#8969,.T.) ;
#8989=EDGE_CURVE('',#8988,#8872,#8986,.T.) ;
#8994=EDGE_CURVE('',#8940,#8988,#8993,.T.) ;
#9013=EDGE_CURVE('',#8964,#9012,#9010,.T.) ;
#9018=EDGE_CURVE('',#9012,#8837,#9017,.T.) ;
#9037=EDGE_CURVE('',#9036,#8865,#9034,.T.) ;
#9042=EDGE_CURVE('',#8988,#9036,#9041,.T.) ;
#9061=EDGE_CURVE('',#9012,#9060,#9058,.T.) ;
#9066=EDGE_CURVE('',#9060,#8844,#9065,.T.) ;
#9085=EDGE_CURVE('',#9084,#8858,#9082,.T.) ;
#9090=EDGE_CURVE('',#9036,#9084,#9089,.T.) ;
#9109=EDGE_CURVE('',#9060,#9108,#9106,.T.) ;
#9114=EDGE_CURVE('',#9108,#8851,#9113,.T.) ;
#9131=EDGE_CURVE('',#9108,#9084,#9130,.F.) ;
#9173=EDGE_CURVE('',#9170,#9172,#9168,.F.) ;
#9180=EDGE_CURVE('',#9179,#9170,#9177,.F.) ;
#9187=EDGE_CURVE('',#9186,#9179,#9184,.T.) ;
#9192=EDGE_CURVE('',#9186,#9172,#9191,.F.) ;
#9211=EDGE_CURVE('',#9210,#9186,#9208,.T.) ;
#9218=EDGE_CURVE('',#9210,#9217,#9215,.T.) ;
#9223=EDGE_CURVE('',#9217,#9172,#9222,.T.) ;
#9244=EDGE_CURVE('',#9241,#9243,#9239,.T.) ;
#9254=EDGE_CURVE('',#9241,#9253,#9245,.T.) ;
#9259=EDGE_CURVE('',#9179,#9253,#9258,.T.) ;
#9264=EDGE_CURVE('',#9170,#9243,#9263,.T.) ;
#9286=EDGE_CURVE('',#9283,#9285,#9281,.F.) ;
#9293=EDGE_CURVE('',#9285,#9292,#9290,.T.) ;
#9300=EDGE_CURVE('',#9299,#9292,#9297,.F.) ;
#9309=EDGE_CURVE('',#9308,#9299,#9301,.T.) ;
#9314=EDGE_CURVE('',#9283,#9308,#9313,.T.) ;
#9337=EDGE_CURVE('',#9334,#9336,#9328,.T.) ;
#9346=EDGE_CURVE('',#9345,#9336,#9338,.T.) ;
#9353=EDGE_CURVE('',#9352,#9345,#9350,.F.) ;
#9360=EDGE_CURVE('',#9359,#9352,#9357,.T.) ;
#9365=EDGE_CURVE('',#9308,#9359,#9364,.T.) ;
#9370=EDGE_CURVE('',#9299,#9334,#9369,.T.) ;
#9392=EDGE_CURVE('',#9391,#9345,#9389,.T.) ;
#9402=EDGE_CURVE('',#9336,#9401,#9393,.T.) ;
#9409=EDGE_CURVE('',#9401,#9408,#9406,.T.) ;
#9416=EDGE_CURVE('',#9415,#9408,#9413,.T.) ;
#9421=EDGE_CURVE('',#9415,#9391,#9420,.F.) ;
#9442=EDGE_CURVE('',#9441,#9408,#9439,.T.) ;
#9449=EDGE_CURVE('',#9441,#9448,#9446,.T.) ;
#9454=EDGE_CURVE('',#9448,#9415,#9453,.T.) ;
#9473=EDGE_CURVE('',#9472,#9441,#9470,.F.) ;
#9480=EDGE_CURVE('',#9472,#9479,#9477,.T.) ;
#9485=EDGE_CURVE('',#9448,#9479,#9484,.T.) ;
#9504=EDGE_CURVE('',#9479,#9503,#9501,.T.) ;
#9511=EDGE_CURVE('',#9472,#9510,#9508,.T.) ;
#9516=EDGE_CURVE('',#9510,#9503,#9515,.T.) ;
#9535=EDGE_CURVE('',#9503,#9534,#9532,.F.) ;
#9542=EDGE_CURVE('',#9541,#9510,#9539,.T.) ;
#9547=EDGE_CURVE('',#9541,#9534,#9546,.F.) ;
#9566=EDGE_CURVE('',#9565,#9541,#9563,.T.) ;
#9573=EDGE_CURVE('',#9565,#9572,#9570,.T.) ;
#9578=EDGE_CURVE('',#9572,#9534,#9577,.T.) ;
#9597=EDGE_CURVE('',#9565,#9596,#9594,.T.) ;
#9607=EDGE_CURVE('',#9606,#9596,#9598,.T.) ;
#9614=EDGE_CURVE('',#9613,#9606,#9611,.F.) ;
#9621=EDGE_CURVE('',#9613,#9620,#9618,.F.) ;
#9626=EDGE_CURVE('',#9620,#9572,#9625,.F.) ;
#9647=EDGE_CURVE('',#9646,#9620,#9644,.T.) ;
#9654=EDGE_CURVE('',#9653,#9613,#9651,.T.) ;
#9659=EDGE_CURVE('',#9653,#9646,#9658,.T.) ;
#9678=EDGE_CURVE('',#9677,#9646,#9675,.F.) ;
#9685=EDGE_CURVE('',#9684,#9653,#9682,.F.) ;
#9690=EDGE_CURVE('',#9684,#9677,#9689,.F.) ;
#9709=EDGE_CURVE('',#9684,#9708,#9706,.F.) ;
#9716=EDGE_CURVE('',#9708,#9715,#9713,.F.) ;
#9721=EDGE_CURVE('',#9677,#9715,#9720,.F.) ;
#9740=EDGE_CURVE('',#9708,#9739,#9737,.T.) ;
#9747=EDGE_CURVE('',#9739,#9746,#9744,.T.) ;
#9752=EDGE_CURVE('',#9715,#9746,#9751,.T.) ;
#9771=EDGE_CURVE('',#9739,#9770,#9768,.F.) ;
#9778=EDGE_CURVE('',#9770,#9777,#9775,.F.) ;
#9783=EDGE_CURVE('',#9746,#9777,#9782,.F.) ;
#9802=EDGE_CURVE('',#9801,#9777,#9799,.F.) ;
#9809=EDGE_CURVE('',#9808,#9770,#9806,.F.) ;
#9814=EDGE_CURVE('',#9808,#9801,#9813,.F.) ;
#9828=EDGE_CURVE('',#9827,#9801,#9825,.T.) ;
#9835=EDGE_CURVE('',#9834,#9808,#9832,.T.) ;
#9840=EDGE_CURVE('',#9834,#9827,#9839,.T.) ;
#9859=EDGE_CURVE('',#9858,#9834,#9856,.F.) ;
#9866=EDGE_CURVE('',#9858,#9241,#9860,.T.) ;
#9871=EDGE_CURVE('',#9243,#9827,#9870,.F.) ;
#9891=EDGE_CURVE('',#9890,#9210,#9888,.F.) ;
#9898=EDGE_CURVE('',#9890,#9897,#9895,.T.) ;
#9903=EDGE_CURVE('',#9217,#9897,#9902,.T.) ;
#9922=EDGE_CURVE('',#9897,#9921,#9919,.T.) ;
#9929=EDGE_CURVE('',#9890,#9928,#9926,.T.) ;
#9934=EDGE_CURVE('',#9928,#9921,#9933,.T.) ;
#9953=EDGE_CURVE('',#9952,#9928,#9950,.F.) ;
#9960=EDGE_CURVE('',#9952,#9959,#9957,.T.) ;
#9965=EDGE_CURVE('',#9921,#9959,#9964,.T.) ;
#9984=EDGE_CURVE('',#9959,#9983,#9981,.T.) ;
#9991=EDGE_CURVE('',#9952,#9990,#9988,.T.) ;
#9996=EDGE_CURVE('',#9990,#9983,#9995,.T.) ;
#10015=EDGE_CURVE('',#9983,#10014,#10012,.F.) ;
#10022=EDGE_CURVE('',#10021,#9990,#10019,.T.) ;
#10027=EDGE_CURVE('',#10021,#10014,#10026,.F.) ;
#10041=EDGE_CURVE('',#10040,#10021,#10038,.T.) ;
#10048=EDGE_CURVE('',#10040,#10047,#10045,.T.) ;
#10053=EDGE_CURVE('',#10047,#10014,#10052,.T.) ;
#10072=EDGE_CURVE('',#10040,#10071,#10069,.T.) ;
#10082=EDGE_CURVE('',#10081,#10071,#10073,.T.) ;
#10089=EDGE_CURVE('',#10088,#10081,#10086,.F.) ;
#10096=EDGE_CURVE('',#10088,#10095,#10093,.F.) ;
#10101=EDGE_CURVE('',#10095,#10047,#10100,.F.) ;
#10122=EDGE_CURVE('',#10095,#10121,#10119,.T.) ;
#10129=EDGE_CURVE('',#10088,#10128,#10126,.T.) ;
#10134=EDGE_CURVE('',#10128,#10121,#10133,.T.) ;
#10153=EDGE_CURVE('',#10152,#10121,#10150,.F.) ;
#10160=EDGE_CURVE('',#10159,#10128,#10157,.F.) ;
#10165=EDGE_CURVE('',#10159,#10152,#10164,.F.) ;
#10184=EDGE_CURVE('',#10159,#10183,#10181,.F.) ;
#10191=EDGE_CURVE('',#10183,#10190,#10188,.F.) ;
#10196=EDGE_CURVE('',#10152,#10190,#10195,.F.) ;
#10215=EDGE_CURVE('',#10183,#10214,#10212,.T.) ;
#10222=EDGE_CURVE('',#10214,#10221,#10219,.T.) ;
#10227=EDGE_CURVE('',#10190,#10221,#10226,.T.) ;
#10246=EDGE_CURVE('',#10214,#10245,#10243,.F.) ;
#10253=EDGE_CURVE('',#10245,#10252,#10250,.F.) ;
#10258=EDGE_CURVE('',#10221,#10252,#10257,.F.) ;
#10277=EDGE_CURVE('',#10276,#10252,#10274,.F.) ;
#10284=EDGE_CURVE('',#10283,#10245,#10281,.F.) ;
#10289=EDGE_CURVE('',#10283,#10276,#10288,.F.) ;
#10303=EDGE_CURVE('',#10276,#10302,#10300,.T.) ;
#10310=EDGE_CURVE('',#10283,#10309,#10307,.T.) ;
#10315=EDGE_CURVE('',#10309,#10302,#10314,.T.) ;
#10334=EDGE_CURVE('',#10333,#10302,#10331,.F.) ;
#10341=EDGE_CURVE('',#10340,#10309,#10338,.F.) ;
#10346=EDGE_CURVE('',#10340,#10333,#10345,.F.) ;
#10367=EDGE_CURVE('',#10364,#10366,#10362,.T.) ;
#10374=EDGE_CURVE('',#10366,#10373,#10371,.T.) ;
#10381=EDGE_CURVE('',#10373,#10380,#10378,.F.) ;
#10386=EDGE_CURVE('',#10364,#10380,#10385,.T.) ;
#10398=EDGE_CURVE('',#9283,#10364,#10397,.T.) ;
#10405=EDGE_CURVE('',#10404,#9359,#10402,.T.) ;
#10412=EDGE_CURVE('',#10404,#10411,#10409,.T.) ;
#10419=EDGE_CURVE('',#10418,#10411,#10416,.T.) ;
#10426=EDGE_CURVE('',#10425,#10418,#10423,.T.) ;
#10433=EDGE_CURVE('',#10425,#10432,#10430,.T.) ;
#10440=EDGE_CURVE('',#10439,#10432,#10437,.T.) ;
#10445=EDGE_CURVE('',#10439,#10366,#10444,.T.) ;
#10464=EDGE_CURVE('',#9391,#10380,#10463,.T.) ;
#10471=EDGE_CURVE('',#10470,#10373,#10468,.T.) ;
#10478=EDGE_CURVE('',#10477,#10470,#10475,.T.) ;
#10485=EDGE_CURVE('',#10484,#10477,#10482,.T.) ;
#10492=EDGE_CURVE('',#10484,#10491,#10489,.T.) ;
#10499=EDGE_CURVE('',#10491,#10498,#10496,.T.) ;
#10506=EDGE_CURVE('',#10498,#10505,#10503,.T.) ;
#10511=EDGE_CURVE('',#10505,#9352,#10510,.T.) ;
#10535=EDGE_CURVE('',#10404,#10505,#10534,.T.) ;
#10552=EDGE_CURVE('',#10439,#10470,#10551,.T.) ;
#10573=EDGE_CURVE('',#10570,#10572,#10568,.T.) ;
#10580=EDGE_CURVE('',#10579,#10572,#10577,.F.) ;
#10587=EDGE_CURVE('',#10586,#10579,#10584,.T.) ;
#10592=EDGE_CURVE('',#10418,#10586,#10591,.T.) ;
#10597=EDGE_CURVE('',#10411,#10498,#10596,.T.) ;
#10604=EDGE_CURVE('',#10603,#10491,#10601,.T.) ;
#10611=EDGE_CURVE('',#10603,#10610,#10608,.T.) ;
#10618=EDGE_CURVE('',#10617,#10610,#10615,.F.) ;
#10625=EDGE_CURVE('',#10624,#10617,#10622,.T.) ;
#10632=EDGE_CURVE('',#10624,#10631,#10629,.F.) ;
#10639=EDGE_CURVE('',#10631,#10638,#10636,.T.) ;
#10646=EDGE_CURVE('',#10638,#10645,#10643,.F.) ;
#10653=EDGE_CURVE('',#10645,#10652,#10650,.T.) ;
#10660=EDGE_CURVE('',#10652,#10659,#10657,.F.) ;
#10667=EDGE_CURVE('',#10666,#10659,#10664,.T.) ;
#10672=EDGE_CURVE('',#10570,#10666,#10671,.T.) ;
#10701=EDGE_CURVE('',#10698,#10700,#10696,.T.) ;
#10706=EDGE_CURVE('',#10700,#10698,#10705,.T.) ;
#10719=EDGE_CURVE('',#10716,#10718,#10714,.T.) ;
#10724=EDGE_CURVE('',#10718,#10716,#10723,.T.) ;
#10737=EDGE_CURVE('',#10734,#10736,#10732,.T.) ;
#10744=EDGE_CURVE('',#10743,#10734,#10741,.T.) ;
#10749=EDGE_CURVE('',#10736,#10743,#10748,.T.) ;
#10763=EDGE_CURVE('',#10760,#10762,#10758,.T.) ;
#10770=EDGE_CURVE('',#10769,#10760,#10767,.T.) ;
#10775=EDGE_CURVE('',#10762,#10769,#10774,.T.) ;
#10789=EDGE_CURVE('',#10786,#10788,#10784,.T.) ;
#10794=EDGE_CURVE('',#10788,#10786,#10793,.T.) ;
#10807=EDGE_CURVE('',#10804,#10806,#10802,.T.) ;
#10812=EDGE_CURVE('',#10806,#10804,#10811,.T.) ;
#10825=EDGE_CURVE('',#10822,#10824,#10820,.T.) ;
#10830=EDGE_CURVE('',#10824,#10822,#10829,.T.) ;
#10857=EDGE_CURVE('',#10432,#10477,#10856,.T.) ;
#10878=EDGE_CURVE('',#10875,#10877,#10873,.F.) ;
#10885=EDGE_CURVE('',#10884,#10875,#10882,.T.) ;
#10890=EDGE_CURVE('',#10484,#10884,#10889,.T.) ;
#10897=EDGE_CURVE('',#10896,#10425,#10894,.T.) ;
#10904=EDGE_CURVE('',#10896,#10903,#10901,.T.) ;
#10911=EDGE_CURVE('',#10910,#10903,#10908,.F.) ;
#10918=EDGE_CURVE('',#10910,#10917,#10915,.T.) ;
#10923=EDGE_CURVE('',#10917,#10877,#10922,.T.) ;
#10947=EDGE_CURVE('',#10896,#10586,#10946,.T.) ;
#10964=EDGE_CURVE('',#10884,#10603,#10963,.T.) ;
#10985=EDGE_CURVE('',#10982,#10984,#10980,.F.) ;
#10990=EDGE_CURVE('',#10982,#10631,#10989,.F.) ;
#10995=EDGE_CURVE('',#10984,#10624,#10994,.F.) ;
#11014=EDGE_CURVE('',#11013,#10638,#11011,.T.) ;
#11019=EDGE_CURVE('',#10982,#11013,#11018,.T.) ;
#11038=EDGE_CURVE('',#11037,#11013,#11035,.T.) ;
#11043=EDGE_CURVE('',#11037,#10645,#11042,.T.) ;
#11062=EDGE_CURVE('',#11061,#10652,#11059,.T.) ;
#11067=EDGE_CURVE('',#11037,#11061,#11066,.T.) ;
#11086=EDGE_CURVE('',#11085,#11061,#11083,.F.) ;
#11091=EDGE_CURVE('',#11085,#10659,#11090,.F.) ;
#11107=EDGE_CURVE('',#11104,#11106,#11102,.T.) ;
#11112=EDGE_CURVE('',#10666,#11104,#11111,.T.) ;
#11119=EDGE_CURVE('',#11118,#11085,#11116,.T.) ;
#11124=EDGE_CURVE('',#11118,#11106,#11123,.T.) ;
#11145=EDGE_CURVE('',#11118,#11144,#11142,.T.) ;
#11152=EDGE_CURVE('',#11144,#11151,#11149,.T.) ;
#11157=EDGE_CURVE('',#11151,#11106,#11156,.F.) ;
#11178=EDGE_CURVE('',#11175,#11177,#11173,.T.) ;
#11183=EDGE_CURVE('',#11177,#11151,#11182,.T.) ;
#11188=EDGE_CURVE('',#11175,#11144,#11187,.T.) ;
#11209=EDGE_CURVE('',#11206,#11208,#11204,.T.) ;
#11216=EDGE_CURVE('',#11215,#11208,#11213,.F.) ;
#11224=EDGE_CURVE('',#11177,#11215,#11217,.T.) ;
#11229=EDGE_CURVE('',#11206,#11175,#11228,.T.) ;
#11249=EDGE_CURVE('',#11206,#11248,#11246,.T.) ;
#11256=EDGE_CURVE('',#11248,#11255,#11253,.T.) ;
#11261=EDGE_CURVE('',#11255,#11208,#11260,.F.) ;
#11282=EDGE_CURVE('',#11279,#11281,#11277,.T.) ;
#11287=EDGE_CURVE('',#11255,#11281,#11286,.T.) ;
#11292=EDGE_CURVE('',#11248,#11279,#11291,.T.) ;
#11311=EDGE_CURVE('',#11279,#11310,#11308,.T.) ;
#11318=EDGE_CURVE('',#11310,#11317,#11315,.T.) ;
#11323=EDGE_CURVE('',#11317,#11281,#11322,.F.) ;
#11344=EDGE_CURVE('',#11341,#11343,#11339,.T.) ;
#11354=EDGE_CURVE('',#11343,#11353,#11345,.T.) ;
#11359=EDGE_CURVE('',#11317,#11353,#11358,.F.) ;
#11364=EDGE_CURVE('',#11341,#11310,#11363,.T.) ;
#11379=EDGE_CURVE('',#11378,#11341,#11376,.T.) ;
#11386=EDGE_CURVE('',#11378,#11385,#11383,.T.) ;
#11391=EDGE_CURVE('',#11385,#11343,#11390,.T.) ;
#11410=EDGE_CURVE('',#11378,#11409,#11407,.T.) ;
#11417=EDGE_CURVE('',#11409,#11416,#11414,.T.) ;
#11422=EDGE_CURVE('',#11416,#11385,#11421,.F.) ;
#11441=EDGE_CURVE('',#11440,#11409,#11438,.T.) ;
#11446=EDGE_CURVE('',#11440,#10917,#11445,.T.) ;
#11451=EDGE_CURVE('',#10572,#10910,#11450,.T.) ;
#11458=EDGE_CURVE('',#10570,#11457,#11455,.T.) ;
#11463=EDGE_CURVE('',#11457,#11416,#11462,.T.) ;
#11484=EDGE_CURVE('',#10579,#10903,#11483,.T.) ;
#11513=EDGE_CURVE('',#10610,#10875,#11512,.T.) ;
#11532=EDGE_CURVE('',#10617,#11531,#11529,.T.) ;
#11542=EDGE_CURVE('',#10877,#11541,#11533,.T.) ;
#11547=EDGE_CURVE('',#11541,#11531,#11546,.F.) ;
#11561=EDGE_CURVE('',#10984,#11531,#11560,.T.) ;
#11582=EDGE_CURVE('',#11579,#11581,#11577,.T.) ;
#11589=EDGE_CURVE('',#11588,#11579,#11586,.T.) ;
#11596=EDGE_CURVE('',#11595,#11588,#11593,.F.) ;
#11601=EDGE_CURVE('',#11595,#11581,#11600,.T.) ;
#11620=EDGE_CURVE('',#11581,#11619,#11617,.T.) ;
#11627=EDGE_CURVE('',#11595,#11626,#11624,.T.) ;
#11632=EDGE_CURVE('',#11626,#11619,#11631,.T.) ;
#11651=EDGE_CURVE('',#11619,#11650,#11648,.T.) ;
#11658=EDGE_CURVE('',#11657,#11626,#11655,.F.) ;
#11663=EDGE_CURVE('',#11657,#11650,#11662,.T.) ;
#11682=EDGE_CURVE('',#9292,#11681,#11679,.T.) ;
#11689=EDGE_CURVE('',#11688,#11681,#11686,.T.) ;
#11694=EDGE_CURVE('',#11688,#10340,#11693,.T.) ;
#11701=EDGE_CURVE('',#10081,#11700,#11698,.T.) ;
#11708=EDGE_CURVE('',#11707,#11700,#11705,.T.) ;
#11713=EDGE_CURVE('',#9858,#11707,#11712,.T.) ;
#11718=EDGE_CURVE('',#9606,#9334,#11717,.T.) ;
#11753=EDGE_CURVE('',#11657,#10333,#11752,.T.) ;
#11760=EDGE_CURVE('',#11688,#11759,#11757,.T.) ;
#11765=EDGE_CURVE('',#11650,#11759,#11764,.T.) ;
#11781=EDGE_CURVE('',#11780,#11579,#11778,.T.) ;
#11786=EDGE_CURVE('',#11681,#11780,#11785,.T.) ;
#11791=EDGE_CURVE('',#9285,#11588,#11790,.T.) ;
#11814=EDGE_CURVE('',#11811,#11813,#11809,.T.) ;
#11819=EDGE_CURVE('',#10743,#11811,#11818,.F.) ;
#11824=EDGE_CURVE('',#10734,#11813,#11823,.F.) ;
#11842=EDGE_CURVE('',#11440,#11541,#11841,.T.) ;
#11872=EDGE_CURVE('',#11869,#11871,#11867,.T.) ;
#11877=EDGE_CURVE('',#11871,#11869,#11876,.T.) ;
#11886=EDGE_CURVE('',#11813,#11811,#11885,.T.) ;
#11899=EDGE_CURVE('',#11896,#11898,#11894,.T.) ;
#11904=EDGE_CURVE('',#11898,#11896,#11903,.T.) ;
#11917=EDGE_CURVE('',#11914,#11916,#11912,.T.) ;
#11922=EDGE_CURVE('',#11916,#11914,#11921,.T.) ;
#11935=EDGE_CURVE('',#11932,#11934,#11930,.T.) ;
#11940=EDGE_CURVE('',#11934,#11932,#11939,.T.) ;
#11953=EDGE_CURVE('',#11950,#11952,#11948,.T.) ;
#11958=EDGE_CURVE('',#11952,#11950,#11957,.T.) ;
#11971=EDGE_CURVE('',#11968,#11970,#11966,.T.) ;
#11976=EDGE_CURVE('',#11970,#11968,#11975,.T.) ;
#11989=EDGE_CURVE('',#11986,#11988,#11984,.T.) ;
#11994=EDGE_CURVE('',#11988,#11986,#11993,.T.) ;
#12007=EDGE_CURVE('',#12004,#12006,#12002,.T.) ;
#12012=EDGE_CURVE('',#12006,#12004,#12011,.T.) ;
#12025=EDGE_CURVE('',#12022,#12024,#12020,.T.) ;
#12030=EDGE_CURVE('',#12024,#12022,#12029,.T.) ;
#12043=EDGE_CURVE('',#12040,#12042,#12038,.T.) ;
#12048=EDGE_CURVE('',#12042,#12040,#12047,.T.) ;
#12077=EDGE_CURVE('',#10769,#11869,#12076,.F.) ;
#12082=EDGE_CURVE('',#10760,#11871,#12081,.F.) ;
#12113=EDGE_CURVE('',#12110,#12112,#12108,.F.) ;
#12118=EDGE_CURVE('',#11896,#12110,#12117,.T.) ;
#12123=EDGE_CURVE('',#11898,#12112,#12122,.T.) ;
#12136=EDGE_CURVE('',#12112,#12110,#12135,.F.) ;
#12158=EDGE_CURVE('',#12155,#12157,#12153,.F.) ;
#12163=EDGE_CURVE('',#11914,#12155,#12162,.T.) ;
#12168=EDGE_CURVE('',#11916,#12157,#12167,.T.) ;
#12181=EDGE_CURVE('',#12157,#12155,#12180,.F.) ;
#12201=EDGE_CURVE('',#11934,#12200,#12198,.T.) ;
#12208=EDGE_CURVE('',#12207,#12200,#12205,.F.) ;
#12213=EDGE_CURVE('',#11932,#12207,#12212,.T.) ;
#12226=EDGE_CURVE('',#12200,#12207,#12225,.F.) ;
#12246=EDGE_CURVE('',#11952,#12245,#12243,.T.) ;
#12253=EDGE_CURVE('',#12252,#12245,#12250,.F.) ;
#12258=EDGE_CURVE('',#11950,#12252,#12257,.T.) ;
#12271=EDGE_CURVE('',#12245,#12252,#12270,.F.) ;
#12291=EDGE_CURVE('',#11970,#12290,#12288,.T.) ;
#12298=EDGE_CURVE('',#12297,#12290,#12295,.F.) ;
#12303=EDGE_CURVE('',#11968,#12297,#12302,.T.) ;
#12316=EDGE_CURVE('',#12290,#12297,#12315,.F.) ;
#12336=EDGE_CURVE('',#11988,#12335,#12333,.T.) ;
#12343=EDGE_CURVE('',#12342,#12335,#12340,.F.) ;
#12348=EDGE_CURVE('',#11986,#12342,#12347,.T.) ;
#12361=EDGE_CURVE('',#12335,#12342,#12360,.F.) ;
#12383=EDGE_CURVE('',#12380,#12382,#12378,.F.) ;
#12388=EDGE_CURVE('',#12382,#12380,#12387,.F.) ;
#12407=EDGE_CURVE('',#12404,#12406,#12402,.F.) ;
#12412=EDGE_CURVE('',#12406,#12404,#12411,.F.) ;
#12429=EDGE_CURVE('',#11177,#12428,#12426,.F.) ;
#12436=EDGE_CURVE('',#12428,#12435,#12433,.T.) ;
#12441=EDGE_CURVE('',#12435,#11104,#12440,.T.) ;
#12462=EDGE_CURVE('',#11457,#12461,#12459,.T.) ;
#12469=EDGE_CURVE('',#12461,#12468,#12466,.T.) ;
#12474=EDGE_CURVE('',#12468,#11343,#12473,.T.) ;
#12500=EDGE_CURVE('',#12499,#11353,#12497,.F.) ;
#12507=EDGE_CURVE('',#12506,#12499,#12504,.T.) ;
#12514=EDGE_CURVE('',#12513,#12506,#12511,.T.) ;
#12521=EDGE_CURVE('',#12520,#12513,#12518,.T.) ;
#12526=EDGE_CURVE('',#11215,#12520,#12525,.T.) ;
#12558=EDGE_CURVE('',#12382,#10700,#12557,.T.) ;
#12563=EDGE_CURVE('',#12380,#10698,#12562,.T.) ;
#12589=EDGE_CURVE('',#12406,#10718,#12588,.T.) ;
#12594=EDGE_CURVE('',#12404,#10716,#12593,.T.) ;
#12620=EDGE_CURVE('',#12435,#12461,#12619,.F.) ;
#12640=EDGE_CURVE('',#12513,#12435,#12639,.F.) ;
#12645=EDGE_CURVE('',#12520,#12428,#12644,.F.) ;
#12676=EDGE_CURVE('',#12499,#12468,#12675,.F.) ;
#12694=EDGE_CURVE('',#12506,#12461,#12693,.F.) ;
#12734=EDGE_CURVE('',#9401,#9596,#12733,.T.) ;
#12753=EDGE_CURVE('',#12750,#12752,#12748,.T.) ;
#12758=EDGE_CURVE('',#12752,#12750,#12757,.T.) ;
#12790=EDGE_CURVE('',#12752,#12789,#12787,.F.) ;
#12797=EDGE_CURVE('',#12789,#12796,#12794,.F.) ;
#12802=EDGE_CURVE('',#12750,#12796,#12801,.F.) ;
#12815=EDGE_CURVE('',#12796,#12789,#12814,.F.) ;
#12881=EDGE_CURVE('',#12878,#12880,#12876,.T.) ;
#12886=EDGE_CURVE('',#12880,#12878,#12885,.T.) ;
#12899=EDGE_CURVE('',#12896,#12898,#12894,.T.) ;
#12904=EDGE_CURVE('',#12898,#12896,#12903,.T.) ;
#12921=EDGE_CURVE('',#12918,#12920,#12916,.T.) ;
#12926=EDGE_CURVE('',#12920,#12918,#12925,.T.) ;
#12946=EDGE_CURVE('',#12943,#12945,#12941,.T.) ;
#12951=EDGE_CURVE('',#12945,#12878,#12950,.F.) ;
#12956=EDGE_CURVE('',#12943,#12880,#12955,.F.) ;
#12969=EDGE_CURVE('',#12945,#12943,#12968,.T.) ;
#12991=EDGE_CURVE('',#12988,#12990,#12986,.T.) ;
#12996=EDGE_CURVE('',#12990,#12896,#12995,.F.) ;
#13001=EDGE_CURVE('',#12988,#12898,#13000,.F.) ;
#13014=EDGE_CURVE('',#12990,#12988,#13013,.T.) ;
#13036=EDGE_CURVE('',#13033,#13035,#13031,.T.) ;
#13041=EDGE_CURVE('',#13035,#12918,#13040,.F.) ;
#13046=EDGE_CURVE('',#13033,#12920,#13045,.F.) ;
#13059=EDGE_CURVE('',#13035,#13033,#13058,.T.) ;
#13072=EDGE_CURVE('',#11759,#11780,#13071,.F.) ;
#13106=EDGE_CURVE('',#9253,#13105,#13103,.T.) ;
#13113=EDGE_CURVE('',#13105,#13112,#13110,.T.) ;
#13118=EDGE_CURVE('',#13112,#10071,#13117,.F.) ;
#13155=EDGE_CURVE('',#13112,#11700,#13149,.T.) ;
#13175=EDGE_CURVE('',#13105,#11707,#13169,.T.) ;
#13207=EDGE_CURVE('',#10788,#12006,#13206,.F.) ;
#13212=EDGE_CURVE('',#10786,#12004,#13211,.F.) ;
#13238=EDGE_CURVE('',#10806,#12024,#13237,.F.) ;
#13243=EDGE_CURVE('',#10804,#12022,#13242,.F.) ;
#13269=EDGE_CURVE('',#10824,#12042,#13268,.F.) ;
#13274=EDGE_CURVE('',#10822,#12040,#13273,.F.) ;
#13307=EDGE_CURVE('',#13304,#13306,#13302,.T.) ;
#13314=EDGE_CURVE('',#13306,#13313,#13311,.T.) ;
#13321=EDGE_CURVE('',#13320,#13313,#13318,.T.) ;
#13326=EDGE_CURVE('',#13304,#13320,#13325,.T.) ;
#13347=EDGE_CURVE('',#13344,#13346,#13342,.T.) ;
#13354=EDGE_CURVE('',#13344,#13353,#13351,.T.) ;
#13361=EDGE_CURVE('',#13353,#13360,#13358,.T.) ;
#13368=EDGE_CURVE('',#13367,#13360,#13365,.T.) ;
#13375=EDGE_CURVE('',#13367,#13374,#13372,.T.) ;
#13382=EDGE_CURVE('',#13381,#13374,#13379,.T.) ;
#13389=EDGE_CURVE('',#13388,#13381,#13386,.T.) ;
#13396=EDGE_CURVE('',#13388,#13395,#13393,.T.) ;
#13403=EDGE_CURVE('',#13395,#13402,#13400,.T.) ;
#13410=EDGE_CURVE('',#13402,#13409,#13407,.T.) ;
#13417=EDGE_CURVE('',#13409,#13416,#13414,.T.) ;
#13424=EDGE_CURVE('',#13423,#13416,#13421,.T.) ;
#13431=EDGE_CURVE('',#13430,#13423,#13428,.T.) ;
#13436=EDGE_CURVE('',#13430,#13346,#13435,.T.) ;
#13459=EDGE_CURVE('',#13306,#13458,#13456,.T.) ;
#13466=EDGE_CURVE('',#13458,#13465,#13463,.T.) ;
#13471=EDGE_CURVE('',#13465,#13313,#13470,.T.) ;
#13490=EDGE_CURVE('',#13489,#13458,#13487,.F.) ;
#13495=EDGE_CURVE('',#13489,#13304,#13494,.F.) ;
#13514=EDGE_CURVE('',#13430,#13513,#13511,.T.) ;
#13521=EDGE_CURVE('',#13513,#13520,#13518,.T.) ;
#13526=EDGE_CURVE('',#13346,#13520,#13525,.T.) ;
#13545=EDGE_CURVE('',#13409,#13544,#13542,.T.) ;
#13552=EDGE_CURVE('',#13551,#13544,#13549,.F.) ;
#13557=EDGE_CURVE('',#13416,#13551,#13556,.T.) ;
#13576=EDGE_CURVE('',#13402,#13575,#13573,.T.) ;
#13581=EDGE_CURVE('',#13575,#13544,#13580,.T.) ;
#13600=EDGE_CURVE('',#13395,#13599,#13597,.T.) ;
#13605=EDGE_CURVE('',#13599,#13575,#13604,.T.) ;
#13624=EDGE_CURVE('',#13388,#13623,#13621,.T.) ;
#13629=EDGE_CURVE('',#13623,#13599,#13628,.T.) ;
#13648=EDGE_CURVE('',#13367,#13647,#13645,.T.) ;
#13655=EDGE_CURVE('',#13654,#13647,#13652,.F.) ;
#13660=EDGE_CURVE('',#13374,#13654,#13659,.T.) ;
#13679=EDGE_CURVE('',#13353,#13678,#13676,.T.) ;
#13686=EDGE_CURVE('',#13685,#13678,#13683,.F.) ;
#13691=EDGE_CURVE('',#13360,#13685,#13690,.T.) ;
#13710=EDGE_CURVE('',#13344,#13709,#13707,.T.) ;
#13715=EDGE_CURVE('',#13709,#13678,#13714,.T.) ;
#13734=EDGE_CURVE('',#13489,#13733,#13731,.T.) ;
#13739=EDGE_CURVE('',#13733,#13465,#13738,.T.) ;
#13756=EDGE_CURVE('',#13520,#13709,#13755,.F.) ;
#13773=EDGE_CURVE('',#13647,#13685,#13772,.T.) ;
#13792=EDGE_CURVE('',#13791,#13654,#13789,.T.) ;
#13797=EDGE_CURVE('',#13381,#13791,#13796,.T.) ;
#13814=EDGE_CURVE('',#13623,#13791,#13813,.T.) ;
#13833=EDGE_CURVE('',#13832,#13551,#13830,.T.) ;
#13838=EDGE_CURVE('',#13423,#13832,#13837,.T.) ;
#13855=EDGE_CURVE('',#13513,#13832,#13854,.T.) ;
#13872=EDGE_CURVE('',#13320,#13733,#13871,.F.) ;
#13924=EDGE_CURVE('',#13921,#13923,#13919,.T.) ;
#13931=EDGE_CURVE('',#13930,#13923,#13928,.T.) ;
#13938=EDGE_CURVE('',#13937,#13930,#13935,.T.) ;
#13943=EDGE_CURVE('',#13921,#13937,#13942,.T.) ;
#13962=EDGE_CURVE('',#13921,#13961,#13959,.F.) ;
#13969=EDGE_CURVE('',#13968,#13937,#13966,.T.) ;
#13974=EDGE_CURVE('',#13961,#13968,#13973,.T.) ;
#13993=EDGE_CURVE('',#13992,#13961,#13990,.T.) ;
#14000=EDGE_CURVE('',#13999,#13968,#13997,.T.) ;
#14005=EDGE_CURVE('',#13992,#13999,#14004,.T.) ;
#14024=EDGE_CURVE('',#13999,#14023,#14021,.T.) ;
#14031=EDGE_CURVE('',#14030,#14023,#14028,.T.) ;
#14036=EDGE_CURVE('',#14030,#13992,#14035,.F.) ;
#14055=EDGE_CURVE('',#14023,#14054,#14052,.T.) ;
#14062=EDGE_CURVE('',#14061,#14054,#14059,.T.) ;
#14067=EDGE_CURVE('',#14030,#14061,#14066,.T.) ;
#14086=EDGE_CURVE('',#14061,#14085,#14083,.F.) ;
#14093=EDGE_CURVE('',#14092,#14054,#14090,.T.) ;
#14098=EDGE_CURVE('',#14085,#14092,#14097,.T.) ;
#14119=EDGE_CURVE('',#14116,#14118,#14114,.T.) ;
#14124=EDGE_CURVE('',#14116,#14092,#14123,.T.) ;
#14129=EDGE_CURVE('',#14118,#13930,#14128,.T.) ;
#14153=EDGE_CURVE('',#14152,#13923,#14150,.T.) ;
#14158=EDGE_CURVE('',#14118,#14152,#14157,.T.) ;
#14177=EDGE_CURVE('',#14176,#14152,#14174,.T.) ;
#14182=EDGE_CURVE('',#14176,#14085,#14181,.T.) ;
#14204=EDGE_CURVE('',#14176,#14116,#14203,.T.) ;
#14240=EDGE_CURVE('',#14237,#14239,#14235,.T.) ;
#14247=EDGE_CURVE('',#14246,#14239,#14244,.T.) ;
#14254=EDGE_CURVE('',#14253,#14246,#14251,.T.) ;
#14259=EDGE_CURVE('',#14253,#14237,#14258,.T.) ;
#14280=EDGE_CURVE('',#14277,#14279,#14275,.T.) ;
#14285=EDGE_CURVE('',#14279,#14237,#14284,.T.) ;
#14290=EDGE_CURVE('',#14277,#14253,#14289,.T.) ;
#14309=EDGE_CURVE('',#14308,#14246,#14306,.T.) ;
#14316=EDGE_CURVE('',#14315,#14239,#14313,.T.) ;
#14321=EDGE_CURVE('',#14308,#14315,#14320,.T.) ;
#14340=EDGE_CURVE('',#14279,#14339,#14337,.T.) ;
#14347=EDGE_CURVE('',#14346,#14339,#14344,.T.) ;
#14354=EDGE_CURVE('',#14346,#14353,#14351,.T.) ;
#14359=EDGE_CURVE('',#14353,#14315,#14358,.T.) ;
#14381=EDGE_CURVE('',#14380,#14308,#14378,.T.) ;
#14388=EDGE_CURVE('',#14380,#14387,#14385,.T.) ;
#14395=EDGE_CURVE('',#14387,#14394,#14392,.T.) ;
#14400=EDGE_CURVE('',#14394,#14277,#14399,.T.) ;
#14420=EDGE_CURVE('',#14387,#14346,#14419,.T.) ;
#14425=EDGE_CURVE('',#14394,#14339,#14424,.T.) ;
#14454=EDGE_CURVE('',#14380,#14353,#14453,.T.) ;
#14490=EDGE_CURVE('',#14487,#14489,#14485,.T.) ;
#14497=EDGE_CURVE('',#14496,#14489,#14494,.T.) ;
#14504=EDGE_CURVE('',#14503,#14496,#14501,.T.) ;
#14509=EDGE_CURVE('',#14487,#14503,#14508,.T.) ;
#14528=EDGE_CURVE('',#14487,#14527,#14525,.F.) ;
#14535=EDGE_CURVE('',#14534,#14503,#14532,.T.) ;
#14540=EDGE_CURVE('',#14527,#14534,#14539,.T.) ;
#14559=EDGE_CURVE('',#14558,#14527,#14556,.T.) ;
#14566=EDGE_CURVE('',#14565,#14534,#14563,.T.) ;
#14571=EDGE_CURVE('',#14558,#14565,#14570,.T.) ;
#14590=EDGE_CURVE('',#14565,#14589,#14587,.T.) ;
#14597=EDGE_CURVE('',#14596,#14589,#14594,.T.) ;
#14602=EDGE_CURVE('',#14596,#14558,#14601,.F.) ;
#14621=EDGE_CURVE('',#14589,#14620,#14618,.T.) ;
#14628=EDGE_CURVE('',#14627,#14620,#14625,.T.) ;
#14633=EDGE_CURVE('',#14596,#14627,#14632,.T.) ;
#14652=EDGE_CURVE('',#14627,#14651,#14649,.F.) ;
#14659=EDGE_CURVE('',#14658,#14620,#14656,.T.) ;
#14664=EDGE_CURVE('',#14651,#14658,#14663,.T.) ;
#14685=EDGE_CURVE('',#14682,#14684,#14680,.T.) ;
#14690=EDGE_CURVE('',#14682,#14658,#14689,.T.) ;
#14695=EDGE_CURVE('',#14684,#14496,#14694,.T.) ;
#14719=EDGE_CURVE('',#14718,#14489,#14716,.T.) ;
#14724=EDGE_CURVE('',#14684,#14718,#14723,.T.) ;
#14743=EDGE_CURVE('',#14742,#14718,#14740,.T.) ;
#14748=EDGE_CURVE('',#14742,#14651,#14747,.T.) ;
#14770=EDGE_CURVE('',#14742,#14682,#14769,.T.) ;
#14806=EDGE_CURVE('',#14803,#14805,#14801,.T.) ;
#14813=EDGE_CURVE('',#14812,#14805,#14810,.T.) ;
#14820=EDGE_CURVE('',#14819,#14812,#14817,.T.) ;
#14825=EDGE_CURVE('',#14819,#14803,#14824,.T.) ;
#14846=EDGE_CURVE('',#14843,#14845,#14841,.T.) ;
#14851=EDGE_CURVE('',#14845,#14803,#14850,.T.) ;
#14856=EDGE_CURVE('',#14843,#14819,#14855,.T.) ;
#14875=EDGE_CURVE('',#14874,#14812,#14872,.T.) ;
#14882=EDGE_CURVE('',#14881,#14805,#14879,.T.) ;
#14887=EDGE_CURVE('',#14874,#14881,#14886,.T.) ;
#14906=EDGE_CURVE('',#14845,#14905,#14903,.T.) ;
#14913=EDGE_CURVE('',#14912,#14905,#14910,.T.) ;
#14920=EDGE_CURVE('',#14912,#14919,#14917,.T.) ;
#14925=EDGE_CURVE('',#14919,#14881,#14924,.T.) ;
#14947=EDGE_CURVE('',#14946,#14874,#14944,.T.) ;
#14954=EDGE_CURVE('',#14946,#14953,#14951,.T.) ;
#14961=EDGE_CURVE('',#14953,#14960,#14958,.T.) ;
#14966=EDGE_CURVE('',#14960,#14843,#14965,.T.) ;
#14986=EDGE_CURVE('',#14953,#14912,#14985,.T.) ;
#14991=EDGE_CURVE('',#14960,#14905,#14990,.T.) ;
#15020=EDGE_CURVE('',#14946,#14919,#15019,.T.) ;
#15056=EDGE_CURVE('',#15053,#15055,#15051,.T.) ;
#15063=EDGE_CURVE('',#15053,#15062,#15060,.T.) ;
#15070=EDGE_CURVE('',#15062,#15069,#15067,.T.) ;
#15075=EDGE_CURVE('',#15055,#15069,#15074,.T.) ;
#15089=EDGE_CURVE('',#15069,#15088,#15086,.T.) ;
#15096=EDGE_CURVE('',#15095,#15062,#15093,.T.) ;
#15101=EDGE_CURVE('',#15088,#15095,#15100,.T.) ;
#15120=EDGE_CURVE('',#15119,#15053,#15117,.T.) ;
#15125=EDGE_CURVE('',#15119,#15095,#15124,.T.) ;
#15144=EDGE_CURVE('',#15143,#15119,#15141,.T.) ;
#15149=EDGE_CURVE('',#15143,#15088,#15148,.T.) ;
#15161=EDGE_CURVE('',#15055,#15143,#15160,.T.) ;
#15197=EDGE_CURVE('',#15194,#15196,#15192,.T.) ;
#15204=EDGE_CURVE('',#15203,#15196,#15201,.T.) ;
#15211=EDGE_CURVE('',#15210,#15203,#15208,.T.) ;
#15216=EDGE_CURVE('',#15210,#15194,#15215,.T.) ;
#15235=EDGE_CURVE('',#15234,#15194,#15232,.T.) ;
#15242=EDGE_CURVE('',#15241,#15210,#15239,.T.) ;
#15247=EDGE_CURVE('',#15241,#15234,#15246,.T.) ;
#15261=EDGE_CURVE('',#15260,#15234,#15258,.T.) ;
#15266=EDGE_CURVE('',#15196,#15260,#15265,.T.) ;
#15285=EDGE_CURVE('',#15284,#15241,#15282,.T.) ;
#15290=EDGE_CURVE('',#15284,#15260,#15289,.T.) ;
#15307=EDGE_CURVE('',#15203,#15284,#15306,.T.) ;
#15338=EDGE_CURVE('',#15335,#15337,#15333,.T.) ;
#15345=EDGE_CURVE('',#15344,#15337,#15342,.T.) ;
#15352=EDGE_CURVE('',#15351,#15344,#15349,.T.) ;
#15357=EDGE_CURVE('',#15351,#15335,#15356,.T.) ;
#15376=EDGE_CURVE('',#15351,#15375,#15373,.T.) ;
#15383=EDGE_CURVE('',#15375,#15382,#15380,.T.) ;
#15388=EDGE_CURVE('',#15335,#15382,#15387,.T.) ;
#15402=EDGE_CURVE('',#15401,#15382,#15399,.T.) ;
#15407=EDGE_CURVE('',#15401,#15337,#15406,.T.) ;
#15426=EDGE_CURVE('',#15425,#15375,#15423,.T.) ;
#15431=EDGE_CURVE('',#15425,#15401,#15430,.T.) ;
#15448=EDGE_CURVE('',#15425,#15344,#15447,.T.) ;
#15479=EDGE_CURVE('',#15476,#15478,#15474,.T.) ;
#15486=EDGE_CURVE('',#15485,#15478,#15483,.T.) ;
#15493=EDGE_CURVE('',#15492,#15485,#15490,.T.) ;
#15498=EDGE_CURVE('',#15492,#15476,#15497,.T.) ;
#15517=EDGE_CURVE('',#15516,#15476,#15514,.T.) ;
#15524=EDGE_CURVE('',#15523,#15492,#15521,.T.) ;
#15529=EDGE_CURVE('',#15523,#15516,#15528,.T.) ;
#15543=EDGE_CURVE('',#15542,#15516,#15540,.T.) ;
#15548=EDGE_CURVE('',#15478,#15542,#15547,.T.) ;
#15567=EDGE_CURVE('',#15566,#15523,#15564,.T.) ;
#15572=EDGE_CURVE('',#15566,#15542,#15571,.T.) ;
#15589=EDGE_CURVE('',#15485,#15566,#15588,.T.) ;
#15620=EDGE_CURVE('',#15617,#15619,#15615,.T.) ;
#15627=EDGE_CURVE('',#15626,#15619,#15624,.F.) ;
#15634=EDGE_CURVE('',#15633,#15626,#15631,.T.) ;
#15639=EDGE_CURVE('',#15617,#15633,#15638,.T.) ;
#15660=EDGE_CURVE('',#15657,#15659,#15655,.T.) ;
#15667=EDGE_CURVE('',#15666,#15659,#15664,.F.) ;
#15674=EDGE_CURVE('',#15673,#15666,#15671,.T.) ;
#15679=EDGE_CURVE('',#15657,#15673,#15678,.T.) ;
#15700=EDGE_CURVE('',#15697,#15699,#15695,.T.) ;
#15705=EDGE_CURVE('',#15699,#15659,#15704,.T.) ;
#15710=EDGE_CURVE('',#15697,#15657,#15709,.T.) ;
#15731=EDGE_CURVE('',#15728,#15730,#15726,.T.) ;
#15738=EDGE_CURVE('',#15730,#15737,#15735,.T.) ;
#15745=EDGE_CURVE('',#15744,#15737,#15742,.T.) ;
#15750=EDGE_CURVE('',#15728,#15744,#15749,.T.) ;
#15771=EDGE_CURVE('',#15768,#15770,#15766,.T.) ;
#15778=EDGE_CURVE('',#15777,#15770,#15775,.F.) ;
#15785=EDGE_CURVE('',#15784,#15777,#15782,.T.) ;
#15790=EDGE_CURVE('',#15768,#15784,#15789,.T.) ;
#15802=EDGE_CURVE('',#15770,#15777,#15801,.F.) ;
#15807=EDGE_CURVE('',#15784,#15768,#15806,.T.) ;
#15826=EDGE_CURVE('',#15728,#15825,#15823,.T.) ;
#15833=EDGE_CURVE('',#15825,#15832,#15830,.T.) ;
#15838=EDGE_CURVE('',#15832,#15730,#15837,.F.) ;
#15857=EDGE_CURVE('',#15856,#15744,#15854,.T.) ;
#15864=EDGE_CURVE('',#15737,#15863,#15861,.F.) ;
#15869=EDGE_CURVE('',#15856,#15863,#15868,.T.) ;
#15888=EDGE_CURVE('',#15887,#15856,#15885,.T.) ;
#15895=EDGE_CURVE('',#15894,#15863,#15892,.T.) ;
#15900=EDGE_CURVE('',#15887,#15894,#15899,.T.) ;
#15917=EDGE_CURVE('',#15697,#15887,#15916,.T.) ;
#15922=EDGE_CURVE('',#15894,#15699,#15921,.F.) ;
#15941=EDGE_CURVE('',#15940,#15673,#15938,.T.) ;
#15948=EDGE_CURVE('',#15947,#15666,#15945,.T.) ;
#15953=EDGE_CURVE('',#15940,#15947,#15952,.T.) ;
#15972=EDGE_CURVE('',#15971,#15940,#15969,.T.) ;
#15979=EDGE_CURVE('',#15978,#15947,#15976,.T.) ;
#15984=EDGE_CURVE('',#15971,#15978,#15983,.T.) ;
#16001=EDGE_CURVE('',#15825,#15971,#16000,.T.) ;
#16006=EDGE_CURVE('',#15832,#15978,#16005,.T.) ;
#16035=EDGE_CURVE('',#15619,#15626,#16034,.T.) ;
#16049=EDGE_CURVE('',#15633,#15617,#16048,.T.) ;
#16099=EDGE_CURVE('',#16096,#16098,#16094,.T.) ;
#16106=EDGE_CURVE('',#16098,#16105,#16103,.T.) ;
#16113=EDGE_CURVE('',#16105,#16112,#16110,.T.) ;
#16120=EDGE_CURVE('',#16119,#16112,#16117,.T.) ;
#16127=EDGE_CURVE('',#16126,#16119,#16124,.T.) ;
#16132=EDGE_CURVE('',#16126,#16096,#16131,.T.) ;
#16153=EDGE_CURVE('',#16096,#16152,#16150,.T.) ;
#16160=EDGE_CURVE('',#16152,#16159,#16157,.T.) ;
#16165=EDGE_CURVE('',#16098,#16159,#16164,.T.) ;
#16186=EDGE_CURVE('',#16183,#16185,#16181,.T.) ;
#16193=EDGE_CURVE('',#16185,#16192,#16190,.T.) ;
#16200=EDGE_CURVE('',#16192,#16199,#16197,.T.) ;
#16205=EDGE_CURVE('',#16159,#16199,#16204,.T.) ;
#16210=EDGE_CURVE('',#16183,#16152,#16209,.T.) ;
#16229=EDGE_CURVE('',#16183,#16126,#16228,.T.) ;
#16246=EDGE_CURVE('',#16185,#16119,#16245,.T.) ;
#16263=EDGE_CURVE('',#16192,#16112,#16262,.T.) ;
#16280=EDGE_CURVE('',#16199,#16105,#16279,.T.) ;
#16316=EDGE_CURVE('',#16313,#16315,#16311,.T.) ;
#16323=EDGE_CURVE('',#16322,#16315,#16320,.T.) ;
#16330=EDGE_CURVE('',#16329,#16322,#16327,.T.) ;
#16337=EDGE_CURVE('',#16329,#16336,#16334,.T.) ;
#16344=EDGE_CURVE('',#16336,#16343,#16341,.T.) ;
#16349=EDGE_CURVE('',#16313,#16343,#16348,.T.) ;
#16370=EDGE_CURVE('',#16313,#16369,#16367,.T.) ;
#16377=EDGE_CURVE('',#16369,#16376,#16374,.T.) ;
#16382=EDGE_CURVE('',#16315,#16376,#16381,.T.) ;
#16403=EDGE_CURVE('',#16400,#16402,#16398,.T.) ;
#16408=EDGE_CURVE('',#16402,#16376,#16407,.T.) ;
#16415=EDGE_CURVE('',#16369,#16414,#16412,.T.) ;
#16422=EDGE_CURVE('',#16414,#16421,#16419,.T.) ;
#16427=EDGE_CURVE('',#16400,#16421,#16426,.T.) ;
#16446=EDGE_CURVE('',#16414,#16343,#16445,.T.) ;
#16463=EDGE_CURVE('',#16421,#16336,#16462,.T.) ;
#16480=EDGE_CURVE('',#16400,#16329,#16479,.T.) ;
#16497=EDGE_CURVE('',#16402,#16322,#16496,.T.) ;
#16533=EDGE_CURVE('',#16530,#16532,#16528,.T.) ;
#16540=EDGE_CURVE('',#16532,#16539,#16537,.T.) ;
#16547=EDGE_CURVE('',#16546,#16539,#16544,.T.) ;
#16552=EDGE_CURVE('',#16530,#16546,#16551,.T.) ;
#16571=EDGE_CURVE('',#16546,#16570,#16568,.T.) ;
#16578=EDGE_CURVE('',#16577,#16570,#16575,.T.) ;
#16583=EDGE_CURVE('',#16530,#16577,#16582,.T.) ;
#16602=EDGE_CURVE('',#16601,#16570,#16599,.T.) ;
#16609=EDGE_CURVE('',#16539,#16608,#16606,.T.) ;
#16616=EDGE_CURVE('',#16615,#16608,#16613,.T.) ;
#16623=EDGE_CURVE('',#16622,#16615,#16620,.T.) ;
#16630=EDGE_CURVE('',#16622,#16629,#16627,.T.) ;
#16637=EDGE_CURVE('',#16629,#16636,#16634,.T.) ;
#16642=EDGE_CURVE('',#16601,#16636,#16641,.T.) ;
#16666=EDGE_CURVE('',#16532,#16665,#16663,.T.) ;
#16671=EDGE_CURVE('',#16665,#16608,#16670,.T.) ;
#16690=EDGE_CURVE('',#16577,#16689,#16687,.T.) ;
#16697=EDGE_CURVE('',#16689,#16696,#16694,.T.) ;
#16704=EDGE_CURVE('',#16703,#16696,#16701,.T.) ;
#16711=EDGE_CURVE('',#16703,#16710,#16708,.T.) ;
#16718=EDGE_CURVE('',#16710,#16717,#16715,.T.) ;
#16723=EDGE_CURVE('',#16717,#16665,#16722,.T.) ;
#16748=EDGE_CURVE('',#16747,#16601,#16741,.T.) ;
#16755=EDGE_CURVE('',#16754,#16747,#16752,.F.) ;
#16761=EDGE_CURVE('',#16754,#16689,#16756,.T.) ;
#16786=EDGE_CURVE('',#16783,#16785,#16776,.T.) ;
#16791=EDGE_CURVE('',#16747,#16785,#16790,.T.) ;
#16798=EDGE_CURVE('',#16797,#16636,#16795,.F.) ;
#16803=EDGE_CURVE('',#16783,#16797,#16802,.T.) ;
#16826=EDGE_CURVE('',#16823,#16825,#16821,.T.) ;
#16833=EDGE_CURVE('',#16832,#16825,#16830,.T.) ;
#16838=EDGE_CURVE('',#16832,#16797,#16837,.T.) ;
#16843=EDGE_CURVE('',#16703,#16629,#16842,.T.) ;
#16850=EDGE_CURVE('',#16849,#16696,#16847,.T.) ;
#16857=EDGE_CURVE('',#16856,#16849,#16854,.T.) ;
#16862=EDGE_CURVE('',#16856,#16823,#16861,.T.) ;
#16885=EDGE_CURVE('',#16710,#16622,#16884,.F.) ;
#16897=EDGE_CURVE('',#16717,#16615,#16896,.T.) ;
#16928=EDGE_CURVE('',#16927,#16849,#16925,.T.) ;
#16935=EDGE_CURVE('',#16754,#16934,#16932,.T.) ;
#16942=EDGE_CURVE('',#16927,#16934,#16936,.T.) ;
#16961=EDGE_CURVE('',#16934,#16785,#16960,.T.) ;
#16980=EDGE_CURVE('',#16979,#16832,#16977,.T.) ;
#16994=EDGE_CURVE('',#16979,#16783,#16981,.T.) ;
#17022=EDGE_CURVE('',#16979,#17021,#17007,.T.) ;
#17029=EDGE_CURVE('',#17028,#17021,#17026,.F.) ;
#17042=EDGE_CURVE('',#17041,#17028,#17030,.T.) ;
#17053=EDGE_CURVE('',#17041,#16927,#17043,.T.) ;
#17076=EDGE_CURVE('',#17075,#17028,#17073,.T.) ;
#17084=EDGE_CURVE('',#17075,#17083,#17077,.T.) ;
#17091=EDGE_CURVE('',#17083,#17090,#17088,.T.) ;
#17099=EDGE_CURVE('',#16823,#17090,#17092,.T.) ;
#17104=EDGE_CURVE('',#17041,#16856,#17103,.T.) ;
#17141=EDGE_CURVE('',#16825,#17140,#17132,.T.) ;
#17148=EDGE_CURVE('',#17147,#17140,#17145,.T.) ;
#17156=EDGE_CURVE('',#17155,#17147,#17149,.T.) ;
#17161=EDGE_CURVE('',#17155,#17021,#17160,.T.) ;
#17185=EDGE_CURVE('',#17182,#17184,#17180,.F.) ;
#17190=EDGE_CURVE('',#17140,#17184,#17189,.T.) ;
#17195=EDGE_CURVE('',#17182,#17090,#17194,.F.) ;
#17214=EDGE_CURVE('',#17075,#17155,#17213,.T.) ;
#17235=EDGE_CURVE('',#17232,#17234,#17230,.T.) ;
#17242=EDGE_CURVE('',#17232,#17241,#17239,.F.) ;
#17249=EDGE_CURVE('',#17241,#17248,#17246,.T.) ;
#17256=EDGE_CURVE('',#17248,#17255,#17253,.T.) ;
#17263=EDGE_CURVE('',#17262,#17255,#17260,.T.) ;
#17270=EDGE_CURVE('',#17269,#17262,#17267,.T.) ;
#17277=EDGE_CURVE('',#17276,#17269,#17274,.F.) ;
#17284=EDGE_CURVE('',#17283,#17276,#17281,.T.) ;
#17289=EDGE_CURVE('',#17283,#17182,#17288,.T.) ;
#17296=EDGE_CURVE('',#17295,#17083,#17293,.T.) ;
#17303=EDGE_CURVE('',#17295,#17302,#17300,.T.) ;
#17308=EDGE_CURVE('',#17302,#17234,#17307,.T.) ;
#17337=EDGE_CURVE('',#17147,#17336,#17334,.T.) ;
#17342=EDGE_CURVE('',#17295,#17336,#17341,.F.) ;
#17365=EDGE_CURVE('',#17362,#17364,#17360,.T.) ;
#17372=EDGE_CURVE('',#17371,#17362,#17369,.T.) ;
#17377=EDGE_CURVE('',#17371,#17336,#17376,.T.) ;
#17384=EDGE_CURVE('',#17383,#17184,#17381,.T.) ;
#17391=EDGE_CURVE('',#17390,#17383,#17388,.T.) ;
#17398=EDGE_CURVE('',#17397,#17390,#17395,.F.) ;
#17405=EDGE_CURVE('',#17404,#17397,#17402,.T.) ;
#17412=EDGE_CURVE('',#17404,#17411,#17409,.T.) ;
#17419=EDGE_CURVE('',#17411,#17418,#17416,.T.) ;
#17426=EDGE_CURVE('',#17425,#17418,#17423,.T.) ;
#17431=EDGE_CURVE('',#17425,#17364,#17430,.F.) ;
#17458=EDGE_CURVE('',#17283,#17383,#17457,.T.) ;
#17475=EDGE_CURVE('',#17302,#17371,#17474,.T.) ;
#17480=EDGE_CURVE('',#17234,#17362,#17479,.T.) ;
#17509=EDGE_CURVE('',#17276,#17390,#17508,.F.) ;
#17526=EDGE_CURVE('',#17269,#17397,#17525,.T.) ;
#17543=EDGE_CURVE('',#17262,#17404,#17542,.F.) ;
#17560=EDGE_CURVE('',#17255,#17411,#17559,.T.) ;
#17581=EDGE_CURVE('',#17578,#17580,#17576,.F.) ;
#17595=EDGE_CURVE('',#17580,#17418,#17582,.T.) ;
#17609=EDGE_CURVE('',#17578,#17248,#17596,.T.) ;
#17630=EDGE_CURVE('',#17629,#17578,#17627,.F.) ;
#17637=EDGE_CURVE('',#17241,#17636,#17634,.T.) ;
#17642=EDGE_CURVE('',#17636,#17629,#17641,.T.) ;
#17660=EDGE_CURVE('',#17232,#17364,#17659,.T.) ;
#17667=EDGE_CURVE('',#17666,#17425,#17664,.F.) ;
#17674=EDGE_CURVE('',#17673,#17666,#17671,.T.) ;
#17681=EDGE_CURVE('',#17680,#17673,#17678,.T.) ;
#17686=EDGE_CURVE('',#17636,#17680,#17685,.T.) ;
#17721=EDGE_CURVE('',#17666,#17720,#17718,.T.) ;
#17726=EDGE_CURVE('',#17720,#17580,#17725,.F.) ;
#17743=EDGE_CURVE('',#17740,#17742,#17738,.T.) ;
#17748=EDGE_CURVE('',#17740,#17720,#17747,.T.) ;
#17753=EDGE_CURVE('',#17629,#17742,#17752,.T.) ;
#17776=EDGE_CURVE('',#17773,#17775,#17771,.T.) ;
#17781=EDGE_CURVE('',#17740,#17773,#17780,.T.) ;
#17786=EDGE_CURVE('',#17775,#17742,#17785,.F.) ;
#17805=EDGE_CURVE('',#17673,#17804,#17802,.F.) ;
#17812=EDGE_CURVE('',#17811,#17804,#17809,.T.) ;
#17817=EDGE_CURVE('',#17811,#17680,#17816,.T.) ;
#17836=EDGE_CURVE('',#17835,#17804,#17833,.T.) ;
#17843=EDGE_CURVE('',#17835,#17842,#17840,.T.) ;
#17848=EDGE_CURVE('',#17842,#17811,#17847,.T.) ;
#17869=EDGE_CURVE('',#17866,#17868,#17864,.T.) ;
#17874=EDGE_CURVE('',#17868,#17842,#17873,.T.) ;
#17879=EDGE_CURVE('',#17835,#17866,#17878,.F.) ;
#17893=EDGE_CURVE('',#17866,#17892,#17890,.T.) ;
#17900=EDGE_CURVE('',#17899,#17892,#17897,.T.) ;
#17905=EDGE_CURVE('',#17868,#17899,#17904,.T.) ;
#17924=EDGE_CURVE('',#17892,#17923,#17921,.T.) ;
#17931=EDGE_CURVE('',#17930,#17923,#17928,.T.) ;
#17936=EDGE_CURVE('',#17899,#17930,#17935,.T.) ;
#17952=EDGE_CURVE('',#17949,#17951,#17947,.T.) ;
#17957=EDGE_CURVE('',#17951,#17930,#17956,.T.) ;
#17962=EDGE_CURVE('',#17923,#17949,#17961,.T.) ;
#17981=EDGE_CURVE('',#17980,#17949,#17978,.T.) ;
#17988=EDGE_CURVE('',#17980,#17987,#17985,.T.) ;
#17993=EDGE_CURVE('',#17951,#17987,#17992,.F.) ;
#18012=EDGE_CURVE('',#18011,#17775,#18009,.T.) ;
#18019=EDGE_CURVE('',#18018,#18011,#18016,.T.) ;
#18024=EDGE_CURVE('',#17773,#18018,#18023,.F.) ;
#18045=EDGE_CURVE('',#18042,#18044,#18040,.T.) ;
#18050=EDGE_CURVE('',#18042,#18018,#18049,.T.) ;
#18055=EDGE_CURVE('',#18044,#18011,#18054,.T.) ;
#18072=EDGE_CURVE('',#18042,#17980,#18071,.F.) ;
#18077=EDGE_CURVE('',#17987,#18044,#18076,.T.) ;
#47=CLOSED_SHELL('Closed Shell',(#87,#118,#149,#180,#211,#233,#247,#261)) ;
#266=CLOSED_SHELL('Closed Shell',(#307,#338,#372,#403,#443,#465,#496,#527,#576,#598,#622,#664,#681,#705,#729,#753,#770,#783,#823,#845,#866,#887,#899)) ;
#902=CLOSED_SHELL('Closed Shell',(#942,#1065,#1089,#1120,#1144,#1168,#1199,#1230,#1274,#1305,#1344,#1394,#1434,#1458,#1498,#1515,#1537,#1554,#1566,#1590,#1610,#1627,#1644,#1661,#1685,#1712,#1724)) ;
#1727=CLOSED_SHELL('Closed Shell',(#1767,#1881,#1905,#1936,#1960,#1984,#2015,#2039,#2074,#2105,#2144,#2209,#2233,#2264,#2288,#2335,#2352,#2369,#2386,#2398,#2422,#2448,#2465,#2482,#2506,#2532,#2544)) ;
#2547=CLOSED_SHELL('Closed Shell',(#2587,#2618,#2649,#2680,#2711,#2742,#2768,#2808,#2836,#2853,#2876,#2888)) ;
#2891=CLOSED_SHELL('Closed Shell',(#2931,#2962,#2993,#3024,#3055,#3086,#3117,#3148,#3179,#3210,#3241,#3272,#3303,#3329,#3360,#3391,#3422,#3448,#3479,#3510,#3541,#3567,#3598,#3620,#3660,#3677,#3717,#3734,#3774,#3791,#3835,#3879)) ;
#3882=CLOSED_SHELL('Closed Shell',(#3922,#3953,#3984,#4001,#4032,#4056,#4087,#4118,#4149,#4180,#4211,#4242,#4273,#4304,#4465,#4496,#4520,#4544,#4568,#4592,#4616,#4640,#4657,#4679,#4691,#4722,#4746,#4765,#4777,#4801,#4825,#4871,#4888,#4919,#4943,#4967,#4984,#5015,#5039,#5063,#5080,#5092)) ;
#5095=CLOSED_SHELL('Closed Shell',(#5151,#5182,#5213,#5237,#5261,#5472,#5692,#5723,#5745,#5767,#5784,#5801,#5818,#5835,#5852,#5869,#5886,#5903,#5920,#5937,#5954,#5971,#5983,#6005,#6022,#6039,#6051,#6068,#6085,#6097,#6109,#6130,#6149,#6165)) ;
#6168=CLOSED_SHELL('Closed Shell',(#6208,#6331,#6355,#6386,#6410,#6441,#6465,#6496,#6513,#6544,#6556,#6587,#6599,#6616,#6633,#6665,#6672)) ;
#6675=CLOSED_SHELL('Closed Shell',(#6715,#6854,#6878,#6909,#6933,#6957,#6988,#7012,#7043,#7062,#7093,#7105,#7136,#7148,#7165,#7182,#7199,#7233,#7245)) ;
#7248=CLOSED_SHELL('Closed Shell',(#7288,#7305,#7328,#7365,#7387,#7394,#7420,#7432,#7460,#7496,#7519,#7527)) ;
#7531=CLOSED_SHELL('Closed Shell',(#7571,#7588,#7611,#7648,#7670,#7677,#7703,#7715,#7743,#7772,#7795,#7803)) ;
#7807=CLOSED_SHELL('Closed Shell',(#7847,#7878,#7918,#7990,#8021,#8076,#8100,#8131,#8155,#8179,#8218,#8234,#8253,#8283,#8315,#8328,#8350,#8370,#8383)) ;
#8387=CLOSED_SHELL('Closed Shell',(#8427,#8458,#8477,#8501,#8518,#8525)) ;
#8528=CLOSED_SHELL('Closed Shell',(#8568,#8599,#8618,#8642,#8659,#8666)) ;
#8669=CLOSED_SHELL('Closed Shell',(#8709,#8735,#8759,#8783,#8795,#8807)) ;
#8810=CLOSED_SHELL('Closed Shell',(#8898,#8929,#8953,#8977,#9001,#9025,#9049,#9073,#9097,#9121,#9138,#9156)) ;
#9159=CLOSED_SHELL('Closed Shell',(#9199,#9230,#9272,#9322,#9380,#9430,#9461,#9492,#9523,#9554,#9585,#9635,#9666,#9697,#9728,#9759,#9790,#9821,#9847,#9879,#9910,#9941,#9972,#10003,#10034,#10060,#10110,#10141,#10172,#10203,#10234,#10265,#10296,#10322,#10353,#10393,#10459,#10525,#10542,#10559,#10835,#10847,#10864,#10937,#10954,#10971,#11002,#11026,#11050,#11074,#11098,#11133,#11164,#11195,#11237,#11268,#11299,#11330,#11372,#11398,#11429,#11474,#11491,#11503,#11520,#11556,#11568,#11608,#11639,#11670,#11748,#11774,#11800,#11831,#12053,#12066,#12090,#12098,#12130,#12143,#12175,#12188,#12220,#12233,#12265,#12278,#12310,#12323,#12355,#12368,#12397,#12421,#12454,#12487,#12547,#12570,#12578,#12601,#12609,#12629,#12652,#12665,#12683,#12701,#12714,#12723,#12763,#12777,#12809,#12822,#12931,#12963,#12976,#13008,#13021,#13053,#13066,#13085,#13098,#13142,#13162,#13182,#13196,#13219,#13227,#13250,#13258,#13281,#13289)) ;
#13293=CLOSED_SHELL('Closed Shell',(#13333,#13478,#13502,#13533,#13564,#13588,#13612,#13636,#13667,#13698,#13722,#13746,#13763,#13780,#13804,#13821,#13845,#13862,#13879,#13907)) ;
#13910=CLOSED_SHELL('Closed Shell',(#13950,#13981,#14012,#14043,#14074,#14105,#14141,#14165,#14194,#14211,#14223)) ;
#14226=CLOSED_SHELL('Closed Shell',(#14266,#14297,#14328,#14369,#14410,#14432,#14444,#14461,#14473)) ;
#14476=CLOSED_SHELL('Closed Shell',(#14516,#14547,#14578,#14609,#14640,#14671,#14707,#14731,#14760,#14777,#14789)) ;
#14792=CLOSED_SHELL('Closed Shell',(#14832,#14863,#14894,#14935,#14976,#14998,#15010,#15027,#15039)) ;
#15042=CLOSED_SHELL('Closed Shell',(#15082,#15108,#15132,#15156,#15168,#15180)) ;
#15183=CLOSED_SHELL('Closed Shell',(#15223,#15254,#15273,#15297,#15314,#15321)) ;
#15324=CLOSED_SHELL('Closed Shell',(#15364,#15395,#15414,#15438,#15455,#15462)) ;
#15465=CLOSED_SHELL('Closed Shell',(#15505,#15536,#15555,#15579,#15596,#15603)) ;
#15606=CLOSED_SHELL('Closed Shell',(#15646,#15686,#15717,#15757,#15797,#15814,#15845,#15876,#15907,#15929,#15960,#15991,#16013,#16044,#16056,#16082)) ;
#16085=CLOSED_SHELL('Closed Shell',(#16141,#16172,#16219,#16236,#16253,#16270,#16287,#16299)) ;
#16302=CLOSED_SHELL('Closed Shell',(#16358,#16389,#16436,#16453,#16470,#16487,#16504,#16516)) ;
#16519=CLOSED_SHELL('Closed Shell',(#16559,#16590,#16654,#16678,#16735,#16770,#16812,#16875,#16892,#16904,#16916,#16951,#16968,#17001,#17064,#17114,#17126,#17171,#17204,#17221,#17325,#17351,#17448,#17465,#17487,#17499,#17516,#17533,#17550,#17567,#17618,#17650,#17697,#17709,#17734,#17762,#17793,#17824,#17855,#17886,#17912,#17943,#17969,#18000,#18031,#18062,#18084,#18106,#18128)) ;
#18131=CONTEXT_DEPENDENT_SHAPE_REPRESENTATION(#18132,#18130) ;
#18144=CONTEXT_DEPENDENT_SHAPE_REPRESENTATION(#18145,#18143) ;
#18165=CONTEXT_DEPENDENT_SHAPE_REPRESENTATION(#18166,#18164) ;
#263=SHAPE_REPRESENTATION_RELATIONSHIP(' ',' ',#32,#262) ;
#81=EDGE_LOOP('',(#82,#83,#84,#85)) ;
#112=EDGE_LOOP('',(#113,#114,#115,#116)) ;
#143=EDGE_LOOP('',(#144,#145,#146,#147)) ;
#174=EDGE_LOOP('',(#175,#176,#177,#178)) ;
#205=EDGE_LOOP('',(#206,#207,#208,#209)) ;
#227=EDGE_LOOP('',(#228,#229,#230,#231)) ;
#239=EDGE_LOOP('',(#240,#241,#242,#243,#244,#245)) ;
#253=EDGE_LOOP('',(#254,#255,#256,#257,#258,#259)) ;
#301=EDGE_LOOP('',(#302,#303,#304,#305)) ;
#332=EDGE_LOOP('',(#333,#334,#335,#336)) ;
#366=EDGE_LOOP('',(#367,#368,#369,#370)) ;
#397=EDGE_LOOP('',(#398,#399,#400,#401)) ;
#437=EDGE_LOOP('',(#438,#439,#440,#441)) ;
#459=EDGE_LOOP('',(#460,#461,#462,#463)) ;
#490=EDGE_LOOP('',(#491,#492,#493,#494)) ;
#521=EDGE_LOOP('',(#522,#523,#524,#525)) ;
#570=EDGE_LOOP('',(#571,#572,#573,#574)) ;
#592=EDGE_LOOP('',(#593,#594,#595,#596)) ;
#616=EDGE_LOOP('',(#617,#618,#619,#620)) ;
#657=EDGE_LOOP('',(#658,#659,#660,#661,#662)) ;
#675=EDGE_LOOP('',(#676,#677,#678,#679)) ;
#699=EDGE_LOOP('',(#700,#701,#702,#703)) ;
#723=EDGE_LOOP('',(#724,#725,#726,#727)) ;
#747=EDGE_LOOP('',(#748,#749,#750,#751)) ;
#764=EDGE_LOOP('',(#765,#766,#767,#768)) ;
#776=EDGE_LOOP('',(#777,#778,#779,#780,#781)) ;
#817=EDGE_LOOP('',(#818,#819,#820,#821)) ;
#839=EDGE_LOOP('',(#840,#841,#842,#843)) ;
#856=EDGE_LOOP('',(#857,#858,#859,#860,#861,#862,#863,#864)) ;
#877=EDGE_LOOP('',(#878,#879,#880,#881,#882,#883,#884,#885)) ;
#893=EDGE_LOOP('',(#894,#895,#896,#897)) ;
#936=EDGE_LOOP('',(#937,#938,#939,#940)) ;
#1049=EDGE_LOOP('',(#1050,#1051,#1052,#1053,#1054,#1055,#1056,#1057,#1058,#1059,#1060,#1061,#1062,#1063)) ;
#1083=EDGE_LOOP('',(#1084,#1085,#1086,#1087)) ;
#1114=EDGE_LOOP('',(#1115,#1116,#1117,#1118)) ;
#1138=EDGE_LOOP('',(#1139,#1140,#1141,#1142)) ;
#1162=EDGE_LOOP('',(#1163,#1164,#1165,#1166)) ;
#1193=EDGE_LOOP('',(#1194,#1195,#1196,#1197)) ;
#1224=EDGE_LOOP('',(#1225,#1226,#1227,#1228)) ;
#1267=EDGE_LOOP('',(#1268,#1269,#1270,#1271,#1272)) ;
#1299=EDGE_LOOP('',(#1300,#1301,#1302,#1303)) ;
#1338=EDGE_LOOP('',(#1339,#1340,#1341,#1342)) ;
#1386=EDGE_LOOP('',(#1387,#1388,#1389,#1390,#1391,#1392)) ;
#1427=EDGE_LOOP('',(#1428,#1429,#1430,#1431,#1432)) ;
#1452=EDGE_LOOP('',(#1453,#1454,#1455,#1456)) ;
#1490=EDGE_LOOP('',(#1491,#1492,#1493,#1494,#1495,#1496)) ;
#1509=EDGE_LOOP('',(#1510,#1511,#1512,#1513)) ;
#1531=EDGE_LOOP('',(#1532,#1533,#1534,#1535)) ;
#1548=EDGE_LOOP('',(#1549,#1550,#1551,#1552)) ;
#1560=EDGE_LOOP('',(#1561,#1562,#1563,#1564)) ;
#1584=EDGE_LOOP('',(#1585,#1586,#1587,#1588)) ;
#1604=EDGE_LOOP('',(#1605,#1606,#1607,#1608)) ;
#1621=EDGE_LOOP('',(#1622,#1623,#1624,#1625)) ;
#1638=EDGE_LOOP('',(#1639,#1640,#1641,#1642)) ;
#1655=EDGE_LOOP('',(#1656,#1657,#1658,#1659)) ;
#1679=EDGE_LOOP('',(#1680,#1681,#1682,#1683)) ;
#1696=EDGE_LOOP('',(#1697,#1698,#1699,#1700,#1701,#1702,#1703,#1704,#1705,#1706,#1707,#1708,#1709,#1710)) ;
#1718=EDGE_LOOP('',(#1719,#1720,#1721,#1722)) ;
#1761=EDGE_LOOP('',(#1762,#1763,#1764,#1765)) ;
#1866=EDGE_LOOP('',(#1867,#1868,#1869,#1870,#1871,#1872,#1873,#1874,#1875,#1876,#1877,#1878,#1879)) ;
#1899=EDGE_LOOP('',(#1900,#1901,#1902,#1903)) ;
#1930=EDGE_LOOP('',(#1931,#1932,#1933,#1934)) ;
#1954=EDGE_LOOP('',(#1955,#1956,#1957,#1958)) ;
#1978=EDGE_LOOP('',(#1979,#1980,#1981,#1982)) ;
#2009=EDGE_LOOP('',(#2010,#2011,#2012,#2013)) ;
#2033=EDGE_LOOP('',(#2034,#2035,#2036,#2037)) ;
#2068=EDGE_LOOP('',(#2069,#2070,#2071,#2072)) ;
#2099=EDGE_LOOP('',(#2100,#2101,#2102,#2103)) ;
#2138=EDGE_LOOP('',(#2139,#2140,#2141,#2142)) ;
#2199=EDGE_LOOP('',(#2200,#2201,#2202,#2203,#2204,#2205,#2206,#2207)) ;
#2227=EDGE_LOOP('',(#2228,#2229,#2230,#2231)) ;
#2258=EDGE_LOOP('',(#2259,#2260,#2261,#2262)) ;
#2282=EDGE_LOOP('',(#2283,#2284,#2285,#2286)) ;
#2325=EDGE_LOOP('',(#2326,#2327,#2328,#2329,#2330,#2331,#2332,#2333)) ;
#2346=EDGE_LOOP('',(#2347,#2348,#2349,#2350)) ;
#2363=EDGE_LOOP('',(#2364,#2365,#2366,#2367)) ;
#2380=EDGE_LOOP('',(#2381,#2382,#2383,#2384)) ;
#2392=EDGE_LOOP('',(#2393,#2394,#2395,#2396)) ;
#2416=EDGE_LOOP('',(#2417,#2418,#2419,#2420)) ;
#2442=EDGE_LOOP('',(#2443,#2444,#2445,#2446)) ;
#2459=EDGE_LOOP('',(#2460,#2461,#2462,#2463)) ;
#2476=EDGE_LOOP('',(#2477,#2478,#2479,#2480)) ;
#2500=EDGE_LOOP('',(#2501,#2502,#2503,#2504)) ;
#2517=EDGE_LOOP('',(#2518,#2519,#2520,#2521,#2522,#2523,#2524,#2525,#2526,#2527,#2528,#2529,#2530)) ;
#2538=EDGE_LOOP('',(#2539,#2540,#2541,#2542)) ;
#2581=EDGE_LOOP('',(#2582,#2583,#2584,#2585)) ;
#2612=EDGE_LOOP('',(#2613,#2614,#2615,#2616)) ;
#2643=EDGE_LOOP('',(#2644,#2645,#2646,#2647)) ;
#2674=EDGE_LOOP('',(#2675,#2676,#2677,#2678)) ;
#2705=EDGE_LOOP('',(#2706,#2707,#2708,#2709)) ;
#2736=EDGE_LOOP('',(#2737,#2738,#2739,#2740)) ;
#2762=EDGE_LOOP('',(#2763,#2764,#2765,#2766)) ;
#2802=EDGE_LOOP('',(#2803,#2804,#2805,#2806)) ;
#2824=EDGE_LOOP('',(#2825,#2826,#2827,#2828,#2829,#2830,#2831,#2832,#2833,#2834)) ;
#2847=EDGE_LOOP('',(#2848,#2849,#2850,#2851)) ;
#2864=EDGE_LOOP('',(#2865,#2866,#2867,#2868,#2869,#2870,#2871,#2872,#2873,#2874)) ;
#2882=EDGE_LOOP('',(#2883,#2884,#2885,#2886)) ;
#2925=EDGE_LOOP('',(#2926,#2927,#2928,#2929)) ;
#2956=EDGE_LOOP('',(#2957,#2958,#2959,#2960)) ;
#2987=EDGE_LOOP('',(#2988,#2989,#2990,#2991)) ;
#3018=EDGE_LOOP('',(#3019,#3020,#3021,#3022)) ;
#3049=EDGE_LOOP('',(#3050,#3051,#3052,#3053)) ;
#3080=EDGE_LOOP('',(#3081,#3082,#3083,#3084)) ;
#3111=EDGE_LOOP('',(#3112,#3113,#3114,#3115)) ;
#3142=EDGE_LOOP('',(#3143,#3144,#3145,#3146)) ;
#3173=EDGE_LOOP('',(#3174,#3175,#3176,#3177)) ;
#3204=EDGE_LOOP('',(#3205,#3206,#3207,#3208)) ;
#3235=EDGE_LOOP('',(#3236,#3237,#3238,#3239)) ;
#3266=EDGE_LOOP('',(#3267,#3268,#3269,#3270)) ;
#3297=EDGE_LOOP('',(#3298,#3299,#3300,#3301)) ;
#3323=EDGE_LOOP('',(#3324,#3325,#3326,#3327)) ;
#3354=EDGE_LOOP('',(#3355,#3356,#3357,#3358)) ;
#3385=EDGE_LOOP('',(#3386,#3387,#3388,#3389)) ;
#3416=EDGE_LOOP('',(#3417,#3418,#3419,#3420)) ;
#3442=EDGE_LOOP('',(#3443,#3444,#3445,#3446)) ;
#3473=EDGE_LOOP('',(#3474,#3475,#3476,#3477)) ;
#3504=EDGE_LOOP('',(#3505,#3506,#3507,#3508)) ;
#3535=EDGE_LOOP('',(#3536,#3537,#3538,#3539)) ;
#3561=EDGE_LOOP('',(#3562,#3563,#3564,#3565)) ;
#3592=EDGE_LOOP('',(#3593,#3594,#3595,#3596)) ;
#3614=EDGE_LOOP('',(#3615,#3616,#3617,#3618)) ;
#3654=EDGE_LOOP('',(#3655,#3656,#3657,#3658)) ;
#3671=EDGE_LOOP('',(#3672,#3673,#3674,#3675)) ;
#3711=EDGE_LOOP('',(#3712,#3713,#3714,#3715)) ;
#3728=EDGE_LOOP('',(#3729,#3730,#3731,#3732)) ;
#3768=EDGE_LOOP('',(#3769,#3770,#3771,#3772)) ;
#3785=EDGE_LOOP('',(#3786,#3787,#3788,#3789)) ;
#3797=EDGE_LOOP('',(#3798,#3799,#3800,#3801,#3802,#3803,#3804,#3805,#3806,#3807,#3808,#3809,#3810,#3811,#3812,#3813,#3814,#3815,#3816,#3817,#3818,#3819,#3820,#3821)) ;
#3823=EDGE_LOOP('',(#3824,#3825)) ;
#3827=EDGE_LOOP('',(#3828,#3829)) ;
#3831=EDGE_LOOP('',(#3832,#3833)) ;
#3841=EDGE_LOOP('',(#3842,#3843,#3844,#3845,#3846,#3847,#3848,#3849,#3850,#3851,#3852,#3853,#3854,#3855,#3856,#3857,#3858,#3859,#3860,#3861,#3862,#3863,#3864,#3865)) ;
#3867=EDGE_LOOP('',(#3868,#3869)) ;
#3871=EDGE_LOOP('',(#3872,#3873)) ;
#3875=EDGE_LOOP('',(#3876,#3877)) ;
#3916=EDGE_LOOP('',(#3917,#3918,#3919,#3920)) ;
#3947=EDGE_LOOP('',(#3948,#3949,#3950,#3951)) ;
#3978=EDGE_LOOP('',(#3979,#3980,#3981,#3982)) ;
#3995=EDGE_LOOP('',(#3996,#3997,#3998,#3999)) ;
#4026=EDGE_LOOP('',(#4027,#4028,#4029,#4030)) ;
#4050=EDGE_LOOP('',(#4051,#4052,#4053,#4054)) ;
#4081=EDGE_LOOP('',(#4082,#4083,#4084,#4085)) ;
#4112=EDGE_LOOP('',(#4113,#4114,#4115,#4116)) ;
#4143=EDGE_LOOP('',(#4144,#4145,#4146,#4147)) ;
#4174=EDGE_LOOP('',(#4175,#4176,#4177,#4178)) ;
#4205=EDGE_LOOP('',(#4206,#4207,#4208,#4209)) ;
#4236=EDGE_LOOP('',(#4237,#4238,#4239,#4240)) ;
#4267=EDGE_LOOP('',(#4268,#4269,#4270,#4271)) ;
#4298=EDGE_LOOP('',(#4299,#4300,#4301,#4302)) ;
#4397=EDGE_LOOP('',(#4398,#4399,#4400,#4401,#4402,#4403,#4404,#4405,#4406,#4407,#4408,#4409,#4410,#4411,#4412,#4413,#4414,#4415,#4416,#4417)) ;
#4459=EDGE_LOOP('',(#4460,#4461,#4462,#4463)) ;
#4490=EDGE_LOOP('',(#4491,#4492,#4493,#4494)) ;
#4514=EDGE_LOOP('',(#4515,#4516,#4517,#4518)) ;
#4538=EDGE_LOOP('',(#4539,#4540,#4541,#4542)) ;
#4562=EDGE_LOOP('',(#4563,#4564,#4565,#4566)) ;
#4586=EDGE_LOOP('',(#4587,#4588,#4589,#4590)) ;
#4610=EDGE_LOOP('',(#4611,#4612,#4613,#4614)) ;
#4634=EDGE_LOOP('',(#4635,#4636,#4637,#4638)) ;
#4651=EDGE_LOOP('',(#4652,#4653,#4654,#4655)) ;
#4673=EDGE_LOOP('',(#4674,#4675,#4676,#4677)) ;
#4685=EDGE_LOOP('',(#4686,#4687,#4688,#4689)) ;
#4716=EDGE_LOOP('',(#4717,#4718,#4719,#4720)) ;
#4740=EDGE_LOOP('',(#4741,#4742,#4743,#4744)) ;
#4759=EDGE_LOOP('',(#4760,#4761,#4762,#4763)) ;
#4771=EDGE_LOOP('',(#4772,#4773,#4774,#4775)) ;
#4795=EDGE_LOOP('',(#4796,#4797,#4798,#4799)) ;
#4819=EDGE_LOOP('',(#4820,#4821,#4822,#4823)) ;
#4843=EDGE_LOOP('',(#4844,#4845,#4846,#4847,#4848,#4849,#4850,#4851,#4852,#4853,#4854,#4855,#4856,#4857,#4858,#4859,#4860,#4861,#4862,#4863)) ;
#4865=EDGE_LOOP('',(#4866,#4867,#4868,#4869)) ;
#4882=EDGE_LOOP('',(#4883,#4884,#4885,#4886)) ;
#4913=EDGE_LOOP('',(#4914,#4915,#4916,#4917)) ;
#4937=EDGE_LOOP('',(#4938,#4939,#4940,#4941)) ;
#4961=EDGE_LOOP('',(#4962,#4963,#4964,#4965)) ;
#4978=EDGE_LOOP('',(#4979,#4980,#4981,#4982)) ;
#5009=EDGE_LOOP('',(#5010,#5011,#5012,#5013)) ;
#5033=EDGE_LOOP('',(#5034,#5035,#5036,#5037)) ;
#5057=EDGE_LOOP('',(#5058,#5059,#5060,#5061)) ;
#5074=EDGE_LOOP('',(#5075,#5076,#5077,#5078)) ;
#5086=EDGE_LOOP('',(#5087,#5088,#5089,#5090)) ;
#5143=EDGE_LOOP('',(#5144,#5145,#5146,#5147,#5148,#5149)) ;
#5176=EDGE_LOOP('',(#5177,#5178,#5179,#5180)) ;
#5207=EDGE_LOOP('',(#5208,#5209,#5210,#5211)) ;
#5231=EDGE_LOOP('',(#5232,#5233,#5234,#5235)) ;
#5255=EDGE_LOOP('',(#5256,#5257,#5258,#5259)) ;
#5384=EDGE_LOOP('',(#5385,#5386,#5387,#5388,#5389,#5390,#5391,#5392,#5393,#5394,#5395,#5396,#5397,#5398,#5399,#5400,#5401,#5402)) ;
#5432=EDGE_LOOP('',(#5433,#5434,#5435,#5436)) ;
#5466=EDGE_LOOP('',(#5467,#5468,#5469,#5470)) ;
#5604=EDGE_LOOP('',(#5605,#5606,#5607,#5608,#5609,#5610,#5611,#5612,#5613,#5614,#5615,#5616,#5617,#5618,#5619,#5620,#5621,#5622)) ;
#5652=EDGE_LOOP('',(#5653,#5654,#5655,#5656)) ;
#5686=EDGE_LOOP('',(#5687,#5688,#5689,#5690)) ;
#5717=EDGE_LOOP('',(#5718,#5719,#5720,#5721)) ;
#5739=EDGE_LOOP('',(#5740,#5741,#5742,#5743)) ;
#5761=EDGE_LOOP('',(#5762,#5763,#5764,#5765)) ;
#5778=EDGE_LOOP('',(#5779,#5780,#5781,#5782)) ;
#5795=EDGE_LOOP('',(#5796,#5797,#5798,#5799)) ;
#5812=EDGE_LOOP('',(#5813,#5814,#5815,#5816)) ;
#5829=EDGE_LOOP('',(#5830,#5831,#5832,#5833)) ;
#5846=EDGE_LOOP('',(#5847,#5848,#5849,#5850)) ;
#5863=EDGE_LOOP('',(#5864,#5865,#5866,#5867)) ;
#5880=EDGE_LOOP('',(#5881,#5882,#5883,#5884)) ;
#5897=EDGE_LOOP('',(#5898,#5899,#5900,#5901)) ;
#5914=EDGE_LOOP('',(#5915,#5916,#5917,#5918)) ;
#5931=EDGE_LOOP('',(#5932,#5933,#5934,#5935)) ;
#5948=EDGE_LOOP('',(#5949,#5950,#5951,#5952)) ;
#5965=EDGE_LOOP('',(#5966,#5967,#5968,#5969)) ;
#5977=EDGE_LOOP('',(#5978,#5979,#5980,#5981)) ;
#5999=EDGE_LOOP('',(#6000,#6001,#6002,#6003)) ;
#6016=EDGE_LOOP('',(#6017,#6018,#6019,#6020)) ;
#6033=EDGE_LOOP('',(#6034,#6035,#6036,#6037)) ;
#6045=EDGE_LOOP('',(#6046,#6047,#6048,#6049)) ;
#6062=EDGE_LOOP('',(#6063,#6064,#6065,#6066)) ;
#6079=EDGE_LOOP('',(#6080,#6081,#6082,#6083)) ;
#6091=EDGE_LOOP('',(#6092,#6093,#6094,#6095)) ;
#6103=EDGE_LOOP('',(#6104,#6105,#6106,#6107)) ;
#6120=EDGE_LOOP('',(#6121,#6122,#6123,#6124,#6125,#6126,#6127,#6128)) ;
#6141=EDGE_LOOP('',(#6142,#6143,#6144,#6145,#6146,#6147)) ;
#6155=EDGE_LOOP('',(#6156,#6157,#6158,#6159,#6160,#6161,#6162,#6163)) ;
#6202=EDGE_LOOP('',(#6203,#6204,#6205,#6206)) ;
#6282=EDGE_LOOP('',(#6283,#6284,#6285,#6286,#6287,#6288,#6289,#6290,#6291,#6292,#6293)) ;
#6309=EDGE_LOOP('',(#6310,#6311)) ;
#6327=EDGE_LOOP('',(#6328,#6329)) ;
#6349=EDGE_LOOP('',(#6350,#6351,#6352,#6353)) ;
#6380=EDGE_LOOP('',(#6381,#6382,#6383,#6384)) ;
#6404=EDGE_LOOP('',(#6405,#6406,#6407,#6408)) ;
#6435=EDGE_LOOP('',(#6436,#6437,#6438,#6439)) ;
#6459=EDGE_LOOP('',(#6460,#6461,#6462,#6463)) ;
#6490=EDGE_LOOP('',(#6491,#6492,#6493,#6494)) ;
#6507=EDGE_LOOP('',(#6508,#6509,#6510,#6511)) ;
#6538=EDGE_LOOP('',(#6539,#6540,#6541,#6542)) ;
#6550=EDGE_LOOP('',(#6551,#6552,#6553,#6554)) ;
#6581=EDGE_LOOP('',(#6582,#6583,#6584,#6585)) ;
#6593=EDGE_LOOP('',(#6594,#6595,#6596,#6597)) ;
#6610=EDGE_LOOP('',(#6611,#6612,#6613,#6614)) ;
#6627=EDGE_LOOP('',(#6628,#6629,#6630,#6631)) ;
#6644=EDGE_LOOP('',(#6645,#6646,#6647,#6648,#6649,#6650,#6651,#6652,#6653,#6654,#6655)) ;
#6657=EDGE_LOOP('',(#6658,#6659)) ;
#6661=EDGE_LOOP('',(#6662,#6663)) ;
#6666=EDGE_LOOP('',(#6667,#6668,#6669,#6670)) ;
#6709=EDGE_LOOP('',(#6710,#6711,#6712,#6713)) ;
#6803=EDGE_LOOP('',(#6804,#6805,#6806,#6807,#6808,#6809,#6810,#6811,#6812,#6813,#6814,#6815,#6816)) ;
#6832=EDGE_LOOP('',(#6833,#6834)) ;
#6850=EDGE_LOOP('',(#6851,#6852)) ;
#6872=EDGE_LOOP('',(#6873,#6874,#6875,#6876)) ;
#6903=EDGE_LOOP('',(#6904,#6905,#6906,#6907)) ;
#6927=EDGE_LOOP('',(#6928,#6929,#6930,#6931)) ;
#6951=EDGE_LOOP('',(#6952,#6953,#6954,#6955)) ;
#6982=EDGE_LOOP('',(#6983,#6984,#6985,#6986)) ;
#7006=EDGE_LOOP('',(#7007,#7008,#7009,#7010)) ;
#7037=EDGE_LOOP('',(#7038,#7039,#7040,#7041)) ;
#7056=EDGE_LOOP('',(#7057,#7058,#7059,#7060)) ;
#7087=EDGE_LOOP('',(#7088,#7089,#7090,#7091)) ;
#7099=EDGE_LOOP('',(#7100,#7101,#7102,#7103)) ;
#7130=EDGE_LOOP('',(#7131,#7132,#7133,#7134)) ;
#7142=EDGE_LOOP('',(#7143,#7144,#7145,#7146)) ;
#7159=EDGE_LOOP('',(#7160,#7161,#7162,#7163)) ;
#7176=EDGE_LOOP('',(#7177,#7178,#7179,#7180)) ;
#7193=EDGE_LOOP('',(#7194,#7195,#7196,#7197)) ;
#7210=EDGE_LOOP('',(#7211,#7212,#7213,#7214,#7215,#7216,#7217,#7218,#7219,#7220,#7221,#7222,#7223)) ;
#7225=EDGE_LOOP('',(#7226,#7227)) ;
#7229=EDGE_LOOP('',(#7230,#7231)) ;
#7239=EDGE_LOOP('',(#7240,#7241,#7242,#7243)) ;
#7282=EDGE_LOOP('',(#7283,#7284,#7285,#7286)) ;
#7299=EDGE_LOOP('',(#7300,#7301,#7302,#7303)) ;
#7320=EDGE_LOOP('',(#7321,#7322)) ;
#7324=EDGE_LOOP('',(#7325,#7326)) ;
#7343=EDGE_LOOP('',(#7344,#7345)) ;
#7361=EDGE_LOOP('',(#7362,#7363)) ;
#7381=EDGE_LOOP('',(#7382,#7383,#7384,#7385)) ;
#7388=EDGE_LOOP('',(#7389,#7390,#7391,#7392)) ;
#7414=EDGE_LOOP('',(#7415,#7416,#7417,#7418)) ;
#7426=EDGE_LOOP('',(#7427,#7428,#7429,#7430)) ;
#7438=EDGE_LOOP('',(#7439,#7440)) ;
#7456=EDGE_LOOP('',(#7457,#7458)) ;
#7474=EDGE_LOOP('',(#7475,#7476)) ;
#7492=EDGE_LOOP('',(#7493,#7494)) ;
#7513=EDGE_LOOP('',(#7514,#7515,#7516,#7517)) ;
#7521=EDGE_LOOP('',(#7522,#7523,#7524,#7525)) ;
#7565=EDGE_LOOP('',(#7566,#7567,#7568,#7569)) ;
#7582=EDGE_LOOP('',(#7583,#7584,#7585,#7586)) ;
#7603=EDGE_LOOP('',(#7604,#7605)) ;
#7607=EDGE_LOOP('',(#7608,#7609)) ;
#7626=EDGE_LOOP('',(#7627,#7628)) ;
#7644=EDGE_LOOP('',(#7645,#7646)) ;
#7664=EDGE_LOOP('',(#7665,#7666,#7667,#7668)) ;
#7671=EDGE_LOOP('',(#7672,#7673,#7674,#7675)) ;
#7697=EDGE_LOOP('',(#7698,#7699,#7700,#7701)) ;
#7709=EDGE_LOOP('',(#7710,#7711,#7712,#7713)) ;
#7721=EDGE_LOOP('',(#7722,#7723)) ;
#7739=EDGE_LOOP('',(#7740,#7741)) ;
#7750=EDGE_LOOP('',(#7751,#7752)) ;
#7768=EDGE_LOOP('',(#7769,#7770)) ;
#7789=EDGE_LOOP('',(#7790,#7791,#7792,#7793)) ;
#7797=EDGE_LOOP('',(#7798,#7799,#7800,#7801)) ;
#7841=EDGE_LOOP('',(#7842,#7843,#7844,#7845)) ;
#7872=EDGE_LOOP('',(#7873,#7874,#7875,#7876)) ;
#7910=EDGE_LOOP('',(#7911,#7912,#7913,#7914,#7915,#7916)) ;
#7978=EDGE_LOOP('',(#7979,#7980,#7981,#7982,#7983,#7984,#7985,#7986,#7987,#7988)) ;
#8015=EDGE_LOOP('',(#8016,#8017,#8018,#8019)) ;
#8067=EDGE_LOOP('',(#8068,#8069,#8070,#8071,#8072,#8073,#8074)) ;
#8094=EDGE_LOOP('',(#8095,#8096,#8097,#8098)) ;
#8125=EDGE_LOOP('',(#8126,#8127,#8128,#8129)) ;
#8149=EDGE_LOOP('',(#8150,#8151,#8152,#8153)) ;
#8173=EDGE_LOOP('',(#8174,#8175,#8176,#8177)) ;
#8209=EDGE_LOOP('',(#8210,#8211,#8212,#8213,#8214,#8215,#8216)) ;
#8224=EDGE_LOOP('',(#8225,#8226,#8227,#8228,#8229,#8230,#8231,#8232)) ;
#8245=EDGE_LOOP('',(#8246,#8247,#8248,#8249,#8250,#8251)) ;
#8259=EDGE_LOOP('',(#8260,#8261,#8262,#8263)) ;
#8279=EDGE_LOOP('',(#8280,#8281)) ;
#8309=EDGE_LOOP('',(#8310,#8311,#8312,#8313)) ;
#8322=EDGE_LOOP('',(#8323,#8324,#8325,#8326)) ;
#8340=EDGE_LOOP('',(#8341,#8342,#8343,#8344)) ;
#8346=EDGE_LOOP('',(#8347,#8348)) ;
#8362=EDGE_LOOP('',(#8363,#8364,#8365,#8366,#8367,#8368)) ;
#8377=EDGE_LOOP('',(#8378,#8379,#8380,#8381)) ;
#8421=EDGE_LOOP('',(#8422,#8423,#8424,#8425)) ;
#8452=EDGE_LOOP('',(#8453,#8454,#8455,#8456)) ;
#8471=EDGE_LOOP('',(#8472,#8473,#8474,#8475)) ;
#8495=EDGE_LOOP('',(#8496,#8497,#8498,#8499)) ;
#8512=EDGE_LOOP('',(#8513,#8514,#8515,#8516)) ;
#8519=EDGE_LOOP('',(#8520,#8521,#8522,#8523)) ;
#8562=EDGE_LOOP('',(#8563,#8564,#8565,#8566)) ;
#8593=EDGE_LOOP('',(#8594,#8595,#8596,#8597)) ;
#8612=EDGE_LOOP('',(#8613,#8614,#8615,#8616)) ;
#8636=EDGE_LOOP('',(#8637,#8638,#8639,#8640)) ;
#8653=EDGE_LOOP('',(#8654,#8655,#8656,#8657)) ;
#8660=EDGE_LOOP('',(#8661,#8662,#8663,#8664)) ;
#8703=EDGE_LOOP('',(#8704,#8705,#8706,#8707)) ;
#8729=EDGE_LOOP('',(#8730,#8731,#8732,#8733)) ;
#8753=EDGE_LOOP('',(#8754,#8755,#8756,#8757)) ;
#8777=EDGE_LOOP('',(#8778,#8779,#8780,#8781)) ;
#8789=EDGE_LOOP('',(#8790,#8791,#8792,#8793)) ;
#8801=EDGE_LOOP('',(#8802,#8803,#8804,#8805)) ;
#8886=EDGE_LOOP('',(#8887,#8888,#8889,#8890,#8891,#8892,#8893,#8894,#8895,#8896)) ;
#8923=EDGE_LOOP('',(#8924,#8925,#8926,#8927)) ;
#8947=EDGE_LOOP('',(#8948,#8949,#8950,#8951)) ;
#8971=EDGE_LOOP('',(#8972,#8973,#8974,#8975)) ;
#8995=EDGE_LOOP('',(#8996,#8997,#8998,#8999)) ;
#9019=EDGE_LOOP('',(#9020,#9021,#9022,#9023)) ;
#9043=EDGE_LOOP('',(#9044,#9045,#9046,#9047)) ;
#9067=EDGE_LOOP('',(#9068,#9069,#9070,#9071)) ;
#9091=EDGE_LOOP('',(#9092,#9093,#9094,#9095)) ;
#9115=EDGE_LOOP('',(#9116,#9117,#9118,#9119)) ;
#9132=EDGE_LOOP('',(#9133,#9134,#9135,#9136)) ;
#9144=EDGE_LOOP('',(#9145,#9146,#9147,#9148,#9149,#9150,#9151,#9152,#9153,#9154)) ;
#9193=EDGE_LOOP('',(#9194,#9195,#9196,#9197)) ;
#9224=EDGE_LOOP('',(#9225,#9226,#9227,#9228)) ;
#9265=EDGE_LOOP('',(#9266,#9267,#9268,#9269,#9270)) ;
#9315=EDGE_LOOP('',(#9316,#9317,#9318,#9319,#9320)) ;
#9371=EDGE_LOOP('',(#9372,#9373,#9374,#9375,#9376,#9377,#9378)) ;
#9422=EDGE_LOOP('',(#9423,#9424,#9425,#9426,#9427,#9428)) ;
#9455=EDGE_LOOP('',(#9456,#9457,#9458,#9459)) ;
#9486=EDGE_LOOP('',(#9487,#9488,#9489,#9490)) ;
#9517=EDGE_LOOP('',(#9518,#9519,#9520,#9521)) ;
#9548=EDGE_LOOP('',(#9549,#9550,#9551,#9552)) ;
#9579=EDGE_LOOP('',(#9580,#9581,#9582,#9583)) ;
#9627=EDGE_LOOP('',(#9628,#9629,#9630,#9631,#9632,#9633)) ;
#9660=EDGE_LOOP('',(#9661,#9662,#9663,#9664)) ;
#9691=EDGE_LOOP('',(#9692,#9693,#9694,#9695)) ;
#9722=EDGE_LOOP('',(#9723,#9724,#9725,#9726)) ;
#9753=EDGE_LOOP('',(#9754,#9755,#9756,#9757)) ;
#9784=EDGE_LOOP('',(#9785,#9786,#9787,#9788)) ;
#9815=EDGE_LOOP('',(#9816,#9817,#9818,#9819)) ;
#9841=EDGE_LOOP('',(#9842,#9843,#9844,#9845)) ;
#9872=EDGE_LOOP('',(#9873,#9874,#9875,#9876,#9877)) ;
#9904=EDGE_LOOP('',(#9905,#9906,#9907,#9908)) ;
#9935=EDGE_LOOP('',(#9936,#9937,#9938,#9939)) ;
#9966=EDGE_LOOP('',(#9967,#9968,#9969,#9970)) ;
#9997=EDGE_LOOP('',(#9998,#9999,#10000,#10001)) ;
#10028=EDGE_LOOP('',(#10029,#10030,#10031,#10032)) ;
#10054=EDGE_LOOP('',(#10055,#10056,#10057,#10058)) ;
#10102=EDGE_LOOP('',(#10103,#10104,#10105,#10106,#10107,#10108)) ;
#10135=EDGE_LOOP('',(#10136,#10137,#10138,#10139)) ;
#10166=EDGE_LOOP('',(#10167,#10168,#10169,#10170)) ;
#10197=EDGE_LOOP('',(#10198,#10199,#10200,#10201)) ;
#10228=EDGE_LOOP('',(#10229,#10230,#10231,#10232)) ;
#10259=EDGE_LOOP('',(#10260,#10261,#10262,#10263)) ;
#10290=EDGE_LOOP('',(#10291,#10292,#10293,#10294)) ;
#10316=EDGE_LOOP('',(#10317,#10318,#10319,#10320)) ;
#10347=EDGE_LOOP('',(#10348,#10349,#10350,#10351)) ;
#10387=EDGE_LOOP('',(#10388,#10389,#10390,#10391)) ;
#10446=EDGE_LOOP('',(#10447,#10448,#10449,#10450,#10451,#10452,#10453,#10454,#10455,#10456,#10457)) ;
#10512=EDGE_LOOP('',(#10513,#10514,#10515,#10516,#10517,#10518,#10519,#10520,#10521,#10522,#10523)) ;
#10536=EDGE_LOOP('',(#10537,#10538,#10539,#10540)) ;
#10553=EDGE_LOOP('',(#10554,#10555,#10556,#10557)) ;
#10673=EDGE_LOOP('',(#10674,#10675,#10676,#10677,#10678,#10679,#10680,#10681,#10682,#10683,#10684,#10685,#10686,#10687,#10688,#10689,#10690,#10691)) ;
#10707=EDGE_LOOP('',(#10708,#10709)) ;
#10725=EDGE_LOOP('',(#10726,#10727)) ;
#10750=EDGE_LOOP('',(#10751,#10752,#10753)) ;
#10776=EDGE_LOOP('',(#10777,#10778,#10779)) ;
#10795=EDGE_LOOP('',(#10796,#10797)) ;
#10813=EDGE_LOOP('',(#10814,#10815)) ;
#10831=EDGE_LOOP('',(#10832,#10833)) ;
#10841=EDGE_LOOP('',(#10842,#10843,#10844,#10845)) ;
#10858=EDGE_LOOP('',(#10859,#10860,#10861,#10862)) ;
#10924=EDGE_LOOP('',(#10925,#10926,#10927,#10928,#10929,#10930,#10931,#10932,#10933,#10934,#10935)) ;
#10948=EDGE_LOOP('',(#10949,#10950,#10951,#10952)) ;
#10965=EDGE_LOOP('',(#10966,#10967,#10968,#10969)) ;
#10996=EDGE_LOOP('',(#10997,#10998,#10999,#11000)) ;
#11020=EDGE_LOOP('',(#11021,#11022,#11023,#11024)) ;
#11044=EDGE_LOOP('',(#11045,#11046,#11047,#11048)) ;
#11068=EDGE_LOOP('',(#11069,#11070,#11071,#11072)) ;
#11092=EDGE_LOOP('',(#11093,#11094,#11095,#11096)) ;
#11125=EDGE_LOOP('',(#11126,#11127,#11128,#11129,#11130,#11131)) ;
#11158=EDGE_LOOP('',(#11159,#11160,#11161,#11162)) ;
#11189=EDGE_LOOP('',(#11190,#11191,#11192,#11193)) ;
#11230=EDGE_LOOP('',(#11231,#11232,#11233,#11234,#11235)) ;
#11262=EDGE_LOOP('',(#11263,#11264,#11265,#11266)) ;
#11293=EDGE_LOOP('',(#11294,#11295,#11296,#11297)) ;
#11324=EDGE_LOOP('',(#11325,#11326,#11327,#11328)) ;
#11365=EDGE_LOOP('',(#11366,#11367,#11368,#11369,#11370)) ;
#11392=EDGE_LOOP('',(#11393,#11394,#11395,#11396)) ;
#11423=EDGE_LOOP('',(#11424,#11425,#11426,#11427)) ;
#11464=EDGE_LOOP('',(#11465,#11466,#11467,#11468,#11469,#11470,#11471,#11472)) ;
#11485=EDGE_LOOP('',(#11486,#11487,#11488,#11489)) ;
#11497=EDGE_LOOP('',(#11498,#11499,#11500,#11501)) ;
#11514=EDGE_LOOP('',(#11515,#11516,#11517,#11518)) ;
#11548=EDGE_LOOP('',(#11549,#11550,#11551,#11552,#11553,#11554)) ;
#11562=EDGE_LOOP('',(#11563,#11564,#11565,#11566)) ;
#11602=EDGE_LOOP('',(#11603,#11604,#11605,#11606)) ;
#11633=EDGE_LOOP('',(#11634,#11635,#11636,#11637)) ;
#11664=EDGE_LOOP('',(#11665,#11666,#11667,#11668)) ;
#11719=EDGE_LOOP('',(#11720,#11721,#11722,#11723,#11724,#11725,#11726,#11727,#11728,#11729,#11730,#11731,#11732,#11733,#11734,#11735,#11736,#11737,#11738,#11739,#11740,#11741,#11742,#11743,#11744,#11745,#11746)) ;
#11766=EDGE_LOOP('',(#11767,#11768,#11769,#11770,#11771,#11772)) ;
#11792=EDGE_LOOP('',(#11793,#11794,#11795,#11796,#11797,#11798)) ;
#11825=EDGE_LOOP('',(#11826,#11827,#11828,#11829)) ;
#11843=EDGE_LOOP('',(#11844,#11845,#11846,#11847,#11848,#11849,#11850,#11851,#11852,#11853,#11854,#11855,#11856,#11857,#11858,#11859,#11860,#11861,#11862)) ;
#11878=EDGE_LOOP('',(#11879,#11880)) ;
#11887=EDGE_LOOP('',(#11888,#11889)) ;
#11905=EDGE_LOOP('',(#11906,#11907)) ;
#11923=EDGE_LOOP('',(#11924,#11925)) ;
#11941=EDGE_LOOP('',(#11942,#11943)) ;
#11959=EDGE_LOOP('',(#11960,#11961)) ;
#11977=EDGE_LOOP('',(#11978,#11979)) ;
#11995=EDGE_LOOP('',(#11996,#11997)) ;
#12013=EDGE_LOOP('',(#12014,#12015)) ;
#12031=EDGE_LOOP('',(#12032,#12033)) ;
#12049=EDGE_LOOP('',(#12050,#12051)) ;
#12060=EDGE_LOOP('',(#12061,#12062,#12063,#12064)) ;
#12083=EDGE_LOOP('',(#12084,#12085,#12086,#12087,#12088)) ;
#12092=EDGE_LOOP('',(#12093,#12094,#12095,#12096)) ;
#12124=EDGE_LOOP('',(#12125,#12126,#12127,#12128)) ;
#12137=EDGE_LOOP('',(#12138,#12139,#12140,#12141)) ;
#12169=EDGE_LOOP('',(#12170,#12171,#12172,#12173)) ;
#12182=EDGE_LOOP('',(#12183,#12184,#12185,#12186)) ;
#12214=EDGE_LOOP('',(#12215,#12216,#12217,#12218)) ;
#12227=EDGE_LOOP('',(#12228,#12229,#12230,#12231)) ;
#12259=EDGE_LOOP('',(#12260,#12261,#12262,#12263)) ;
#12272=EDGE_LOOP('',(#12273,#12274,#12275,#12276)) ;
#12304=EDGE_LOOP('',(#12305,#12306,#12307,#12308)) ;
#12317=EDGE_LOOP('',(#12318,#12319,#12320,#12321)) ;
#12349=EDGE_LOOP('',(#12350,#12351,#12352,#12353)) ;
#12362=EDGE_LOOP('',(#12363,#12364,#12365,#12366)) ;
#12389=EDGE_LOOP('',(#12390,#12391)) ;
#12393=EDGE_LOOP('',(#12394,#12395)) ;
#12413=EDGE_LOOP('',(#12414,#12415)) ;
#12417=EDGE_LOOP('',(#12418,#12419)) ;
#12442=EDGE_LOOP('',(#12443,#12444,#12445,#12446,#12447,#12448)) ;
#12450=EDGE_LOOP('',(#12451,#12452)) ;
#12475=EDGE_LOOP('',(#12476,#12477,#12478,#12479,#12480,#12481)) ;
#12483=EDGE_LOOP('',(#12484,#12485)) ;
#12527=EDGE_LOOP('',(#12528,#12529,#12530,#12531,#12532,#12533,#12534,#12535,#12536,#12537)) ;
#12539=EDGE_LOOP('',(#12540,#12541)) ;
#12543=EDGE_LOOP('',(#12544,#12545)) ;
#12564=EDGE_LOOP('',(#12565,#12566,#12567,#12568)) ;
#12572=EDGE_LOOP('',(#12573,#12574,#12575,#12576)) ;
#12595=EDGE_LOOP('',(#12596,#12597,#12598,#12599)) ;
#12603=EDGE_LOOP('',(#12604,#12605,#12606,#12607)) ;
#12621=EDGE_LOOP('',(#12622,#12623,#12624,#12625,#12626,#12627)) ;
#12646=EDGE_LOOP('',(#12647,#12648,#12649,#12650)) ;
#12659=EDGE_LOOP('',(#12660,#12661,#12662,#12663)) ;
#12677=EDGE_LOOP('',(#12678,#12679,#12680,#12681)) ;
#12695=EDGE_LOOP('',(#12696,#12697,#12698,#12699)) ;
#12708=EDGE_LOOP('',(#12709,#12710,#12711,#12712)) ;
#12716=EDGE_LOOP('',(#12717,#12718,#12719,#12720,#12721)) ;
#12735=EDGE_LOOP('',(#12736,#12737,#12738,#12739,#12740,#12741,#12742,#12743)) ;
#12759=EDGE_LOOP('',(#12760,#12761)) ;
#12770=EDGE_LOOP('',(#12771,#12772,#12773,#12774,#12775)) ;
#12803=EDGE_LOOP('',(#12804,#12805,#12806,#12807)) ;
#12816=EDGE_LOOP('',(#12817,#12818,#12819,#12820)) ;
#12829=EDGE_LOOP('',(#12830,#12831,#12832,#12833,#12834,#12835,#12836,#12837,#12838,#12839,#12840,#12841,#12842,#12843,#12844,#12845,#12846,#12847,#12848,#12849,#12850,#12851,#12852,#12853,#12854,#12855,#12856,#12857,#12858,#12859,#12860,#12861,#12862,#12863,#12864,#12865,#12866,#12867,#12868,#12869,#12870,#12871)) ;
#12887=EDGE_LOOP('',(#12888,#12889)) ;
#12905=EDGE_LOOP('',(#12906,#12907)) ;
#12909=EDGE_LOOP('',(#12910,#12911)) ;
#12927=EDGE_LOOP('',(#12928,#12929)) ;
#12957=EDGE_LOOP('',(#12958,#12959,#12960,#12961)) ;
#12970=EDGE_LOOP('',(#12971,#12972,#12973,#12974)) ;
#13002=EDGE_LOOP('',(#13003,#13004,#13005,#13006)) ;
#13015=EDGE_LOOP('',(#13016,#13017,#13018,#13019)) ;
#13047=EDGE_LOOP('',(#13048,#13049,#13050,#13051)) ;
#13060=EDGE_LOOP('',(#13061,#13062,#13063,#13064)) ;
#13073=EDGE_LOOP('',(#13074,#13075,#13076,#13077,#13078,#13079)) ;
#13081=EDGE_LOOP('',(#13082,#13083)) ;
#13092=EDGE_LOOP('',(#13093,#13094,#13095,#13096)) ;
#13119=EDGE_LOOP('',(#13120,#13121,#13122,#13123,#13124,#13125,#13126,#13127,#13128,#13129,#13130,#13131,#13132)) ;
#13134=EDGE_LOOP('',(#13135,#13136)) ;
#13138=EDGE_LOOP('',(#13139,#13140)) ;
#13156=EDGE_LOOP('',(#13157,#13158,#13159,#13160)) ;
#13176=EDGE_LOOP('',(#13177,#13178,#13179,#13180)) ;
#13189=EDGE_LOOP('',(#13190,#13191,#13192,#13193,#13194)) ;
#13213=EDGE_LOOP('',(#13214,#13215,#13216,#13217)) ;
#13221=EDGE_LOOP('',(#13222,#13223,#13224,#13225)) ;
#13244=EDGE_LOOP('',(#13245,#13246,#13247,#13248)) ;
#13252=EDGE_LOOP('',(#13253,#13254,#13255,#13256)) ;
#13275=EDGE_LOOP('',(#13276,#13277,#13278,#13279)) ;
#13283=EDGE_LOOP('',(#13284,#13285,#13286,#13287)) ;
#13327=EDGE_LOOP('',(#13328,#13329,#13330,#13331)) ;
#13437=EDGE_LOOP('',(#13438,#13439,#13440,#13441,#13442,#13443,#13444,#13445,#13446,#13447,#13448,#13449,#13450,#13451)) ;
#13472=EDGE_LOOP('',(#13473,#13474,#13475,#13476)) ;
#13496=EDGE_LOOP('',(#13497,#13498,#13499,#13500)) ;
#13527=EDGE_LOOP('',(#13528,#13529,#13530,#13531)) ;
#13558=EDGE_LOOP('',(#13559,#13560,#13561,#13562)) ;
#13582=EDGE_LOOP('',(#13583,#13584,#13585,#13586)) ;
#13606=EDGE_LOOP('',(#13607,#13608,#13609,#13610)) ;
#13630=EDGE_LOOP('',(#13631,#13632,#13633,#13634)) ;
#13661=EDGE_LOOP('',(#13662,#13663,#13664,#13665)) ;
#13692=EDGE_LOOP('',(#13693,#13694,#13695,#13696)) ;
#13716=EDGE_LOOP('',(#13717,#13718,#13719,#13720)) ;
#13740=EDGE_LOOP('',(#13741,#13742,#13743,#13744)) ;
#13757=EDGE_LOOP('',(#13758,#13759,#13760,#13761)) ;
#13774=EDGE_LOOP('',(#13775,#13776,#13777,#13778)) ;
#13798=EDGE_LOOP('',(#13799,#13800,#13801,#13802)) ;
#13815=EDGE_LOOP('',(#13816,#13817,#13818,#13819)) ;
#13839=EDGE_LOOP('',(#13840,#13841,#13842,#13843)) ;
#13856=EDGE_LOOP('',(#13857,#13858,#13859,#13860)) ;
#13873=EDGE_LOOP('',(#13874,#13875,#13876,#13877)) ;
#13885=EDGE_LOOP('',(#13886,#13887,#13888,#13889,#13890,#13891,#13892,#13893,#13894,#13895,#13896,#13897,#13898,#13899)) ;
#13901=EDGE_LOOP('',(#13902,#13903,#13904,#13905)) ;
#13944=EDGE_LOOP('',(#13945,#13946,#13947,#13948)) ;
#13975=EDGE_LOOP('',(#13976,#13977,#13978,#13979)) ;
#14006=EDGE_LOOP('',(#14007,#14008,#14009,#14010)) ;
#14037=EDGE_LOOP('',(#14038,#14039,#14040,#14041)) ;
#14068=EDGE_LOOP('',(#14069,#14070,#14071,#14072)) ;
#14099=EDGE_LOOP('',(#14100,#14101,#14102,#14103)) ;
#14130=EDGE_LOOP('',(#14131,#14132,#14133,#14134,#14135,#14136,#14137,#14138,#14139)) ;
#14159=EDGE_LOOP('',(#14160,#14161,#14162,#14163)) ;
#14183=EDGE_LOOP('',(#14184,#14185,#14186,#14187,#14188,#14189,#14190,#14191,#14192)) ;
#14205=EDGE_LOOP('',(#14206,#14207,#14208,#14209)) ;
#14217=EDGE_LOOP('',(#14218,#14219,#14220,#14221)) ;
#14260=EDGE_LOOP('',(#14261,#14262,#14263,#14264)) ;
#14291=EDGE_LOOP('',(#14292,#14293,#14294,#14295)) ;
#14322=EDGE_LOOP('',(#14323,#14324,#14325,#14326)) ;
#14360=EDGE_LOOP('',(#14361,#14362,#14363,#14364,#14365,#14366,#14367)) ;
#14401=EDGE_LOOP('',(#14402,#14403,#14404,#14405,#14406,#14407,#14408)) ;
#14426=EDGE_LOOP('',(#14427,#14428,#14429,#14430)) ;
#14438=EDGE_LOOP('',(#14439,#14440,#14441,#14442)) ;
#14455=EDGE_LOOP('',(#14456,#14457,#14458,#14459)) ;
#14467=EDGE_LOOP('',(#14468,#14469,#14470,#14471)) ;
#14510=EDGE_LOOP('',(#14511,#14512,#14513,#14514)) ;
#14541=EDGE_LOOP('',(#14542,#14543,#14544,#14545)) ;
#14572=EDGE_LOOP('',(#14573,#14574,#14575,#14576)) ;
#14603=EDGE_LOOP('',(#14604,#14605,#14606,#14607)) ;
#14634=EDGE_LOOP('',(#14635,#14636,#14637,#14638)) ;
#14665=EDGE_LOOP('',(#14666,#14667,#14668,#14669)) ;
#14696=EDGE_LOOP('',(#14697,#14698,#14699,#14700,#14701,#14702,#14703,#14704,#14705)) ;
#14725=EDGE_LOOP('',(#14726,#14727,#14728,#14729)) ;
#14749=EDGE_LOOP('',(#14750,#14751,#14752,#14753,#14754,#14755,#14756,#14757,#14758)) ;
#14771=EDGE_LOOP('',(#14772,#14773,#14774,#14775)) ;
#14783=EDGE_LOOP('',(#14784,#14785,#14786,#14787)) ;
#14826=EDGE_LOOP('',(#14827,#14828,#14829,#14830)) ;
#14857=EDGE_LOOP('',(#14858,#14859,#14860,#14861)) ;
#14888=EDGE_LOOP('',(#14889,#14890,#14891,#14892)) ;
#14926=EDGE_LOOP('',(#14927,#14928,#14929,#14930,#14931,#14932,#14933)) ;
#14967=EDGE_LOOP('',(#14968,#14969,#14970,#14971,#14972,#14973,#14974)) ;
#14992=EDGE_LOOP('',(#14993,#14994,#14995,#14996)) ;
#15004=EDGE_LOOP('',(#15005,#15006,#15007,#15008)) ;
#15021=EDGE_LOOP('',(#15022,#15023,#15024,#15025)) ;
#15033=EDGE_LOOP('',(#15034,#15035,#15036,#15037)) ;
#15076=EDGE_LOOP('',(#15077,#15078,#15079,#15080)) ;
#15102=EDGE_LOOP('',(#15103,#15104,#15105,#15106)) ;
#15126=EDGE_LOOP('',(#15127,#15128,#15129,#15130)) ;
#15150=EDGE_LOOP('',(#15151,#15152,#15153,#15154)) ;
#15162=EDGE_LOOP('',(#15163,#15164,#15165,#15166)) ;
#15174=EDGE_LOOP('',(#15175,#15176,#15177,#15178)) ;
#15217=EDGE_LOOP('',(#15218,#15219,#15220,#15221)) ;
#15248=EDGE_LOOP('',(#15249,#15250,#15251,#15252)) ;
#15267=EDGE_LOOP('',(#15268,#15269,#15270,#15271)) ;
#15291=EDGE_LOOP('',(#15292,#15293,#15294,#15295)) ;
#15308=EDGE_LOOP('',(#15309,#15310,#15311,#15312)) ;
#15315=EDGE_LOOP('',(#15316,#15317,#15318,#15319)) ;
#15358=EDGE_LOOP('',(#15359,#15360,#15361,#15362)) ;
#15389=EDGE_LOOP('',(#15390,#15391,#15392,#15393)) ;
#15408=EDGE_LOOP('',(#15409,#15410,#15411,#15412)) ;
#15432=EDGE_LOOP('',(#15433,#15434,#15435,#15436)) ;
#15449=EDGE_LOOP('',(#15450,#15451,#15452,#15453)) ;
#15456=EDGE_LOOP('',(#15457,#15458,#15459,#15460)) ;
#15499=EDGE_LOOP('',(#15500,#15501,#15502,#15503)) ;
#15530=EDGE_LOOP('',(#15531,#15532,#15533,#15534)) ;
#15549=EDGE_LOOP('',(#15550,#15551,#15552,#15553)) ;
#15573=EDGE_LOOP('',(#15574,#15575,#15576,#15577)) ;
#15590=EDGE_LOOP('',(#15591,#15592,#15593,#15594)) ;
#15597=EDGE_LOOP('',(#15598,#15599,#15600,#15601)) ;
#15640=EDGE_LOOP('',(#15641,#15642,#15643,#15644)) ;
#15680=EDGE_LOOP('',(#15681,#15682,#15683,#15684)) ;
#15711=EDGE_LOOP('',(#15712,#15713,#15714,#15715)) ;
#15751=EDGE_LOOP('',(#15752,#15753,#15754,#15755)) ;
#15791=EDGE_LOOP('',(#15792,#15793,#15794,#15795)) ;
#15808=EDGE_LOOP('',(#15809,#15810,#15811,#15812)) ;
#15839=EDGE_LOOP('',(#15840,#15841,#15842,#15843)) ;
#15870=EDGE_LOOP('',(#15871,#15872,#15873,#15874)) ;
#15901=EDGE_LOOP('',(#15902,#15903,#15904,#15905)) ;
#15923=EDGE_LOOP('',(#15924,#15925,#15926,#15927)) ;
#15954=EDGE_LOOP('',(#15955,#15956,#15957,#15958)) ;
#15985=EDGE_LOOP('',(#15986,#15987,#15988,#15989)) ;
#16007=EDGE_LOOP('',(#16008,#16009,#16010,#16011)) ;
#16019=EDGE_LOOP('',(#16020,#16021,#16022,#16023,#16024,#16025,#16026,#16027,#16028,#16029)) ;
#16036=EDGE_LOOP('',(#16037,#16038)) ;
#16040=EDGE_LOOP('',(#16041,#16042)) ;
#16050=EDGE_LOOP('',(#16051,#16052,#16053,#16054)) ;
#16062=EDGE_LOOP('',(#16063,#16064,#16065,#16066,#16067,#16068,#16069,#16070,#16071,#16072)) ;
#16074=EDGE_LOOP('',(#16075,#16076)) ;
#16078=EDGE_LOOP('',(#16079,#16080)) ;
#16133=EDGE_LOOP('',(#16134,#16135,#16136,#16137,#16138,#16139)) ;
#16166=EDGE_LOOP('',(#16167,#16168,#16169,#16170)) ;
#16211=EDGE_LOOP('',(#16212,#16213,#16214,#16215,#16216,#16217)) ;
#16230=EDGE_LOOP('',(#16231,#16232,#16233,#16234)) ;
#16247=EDGE_LOOP('',(#16248,#16249,#16250,#16251)) ;
#16264=EDGE_LOOP('',(#16265,#16266,#16267,#16268)) ;
#16281=EDGE_LOOP('',(#16282,#16283,#16284,#16285)) ;
#16293=EDGE_LOOP('',(#16294,#16295,#16296,#16297)) ;
#16350=EDGE_LOOP('',(#16351,#16352,#16353,#16354,#16355,#16356)) ;
#16383=EDGE_LOOP('',(#16384,#16385,#16386,#16387)) ;
#16428=EDGE_LOOP('',(#16429,#16430,#16431,#16432,#16433,#16434)) ;
#16447=EDGE_LOOP('',(#16448,#16449,#16450,#16451)) ;
#16464=EDGE_LOOP('',(#16465,#16466,#16467,#16468)) ;
#16481=EDGE_LOOP('',(#16482,#16483,#16484,#16485)) ;
#16498=EDGE_LOOP('',(#16499,#16500,#16501,#16502)) ;
#16510=EDGE_LOOP('',(#16511,#16512,#16513,#16514)) ;
#16553=EDGE_LOOP('',(#16554,#16555,#16556,#16557)) ;
#16584=EDGE_LOOP('',(#16585,#16586,#16587,#16588)) ;
#16643=EDGE_LOOP('',(#16644,#16645,#16646,#16647,#16648,#16649,#16650,#16651,#16652)) ;
#16672=EDGE_LOOP('',(#16673,#16674,#16675,#16676)) ;
#16724=EDGE_LOOP('',(#16725,#16726,#16727,#16728,#16729,#16730,#16731,#16732,#16733)) ;
#16762=EDGE_LOOP('',(#16763,#16764,#16765,#16766,#16767,#16768)) ;
#16804=EDGE_LOOP('',(#16805,#16806,#16807,#16808,#16809,#16810)) ;
#16863=EDGE_LOOP('',(#16864,#16865,#16866,#16867,#16868,#16869,#16870,#16871,#16872,#16873)) ;
#16886=EDGE_LOOP('',(#16887,#16888,#16889,#16890)) ;
#16898=EDGE_LOOP('',(#16899,#16900,#16901,#16902)) ;
#16910=EDGE_LOOP('',(#16911,#16912,#16913,#16914)) ;
#16943=EDGE_LOOP('',(#16944,#16945,#16946,#16947,#16948,#16949)) ;
#16962=EDGE_LOOP('',(#16963,#16964,#16965,#16966)) ;
#16995=EDGE_LOOP('',(#16996,#16997,#16998,#16999)) ;
#17054=EDGE_LOOP('',(#17055,#17056,#17057,#17058,#17059,#17060,#17061,#17062)) ;
#17105=EDGE_LOOP('',(#17106,#17107,#17108,#17109,#17110,#17111,#17112)) ;
#17120=EDGE_LOOP('',(#17121,#17122,#17123,#17124)) ;
#17162=EDGE_LOOP('',(#17163,#17164,#17165,#17166,#17167,#17168,#17169)) ;
#17196=EDGE_LOOP('',(#17197,#17198,#17199,#17200,#17201,#17202)) ;
#17215=EDGE_LOOP('',(#17216,#17217,#17218,#17219)) ;
#17309=EDGE_LOOP('',(#17310,#17311,#17312,#17313,#17314,#17315,#17316,#17317,#17318,#17319,#17320,#17321,#17322,#17323)) ;
#17343=EDGE_LOOP('',(#17344,#17345,#17346,#17347,#17348,#17349)) ;
#17432=EDGE_LOOP('',(#17433,#17434,#17435,#17436,#17437,#17438,#17439,#17440,#17441,#17442,#17443,#17444,#17445,#17446)) ;
#17459=EDGE_LOOP('',(#17460,#17461,#17462,#17463)) ;
#17481=EDGE_LOOP('',(#17482,#17483,#17484,#17485)) ;
#17493=EDGE_LOOP('',(#17494,#17495,#17496,#17497)) ;
#17510=EDGE_LOOP('',(#17511,#17512,#17513,#17514)) ;
#17527=EDGE_LOOP('',(#17528,#17529,#17530,#17531)) ;
#17544=EDGE_LOOP('',(#17545,#17546,#17547,#17548)) ;
#17561=EDGE_LOOP('',(#17562,#17563,#17564,#17565)) ;
#17610=EDGE_LOOP('',(#17611,#17612,#17613,#17614,#17615,#17616)) ;
#17643=EDGE_LOOP('',(#17644,#17645,#17646,#17647,#17648)) ;
#17687=EDGE_LOOP('',(#17688,#17689,#17690,#17691,#17692,#17693,#17694,#17695)) ;
#17703=EDGE_LOOP('',(#17704,#17705,#17706,#17707)) ;
#17727=EDGE_LOOP('',(#17728,#17729,#17730,#17731,#17732)) ;
#17754=EDGE_LOOP('',(#17755,#17756,#17757,#17758,#17759,#17760)) ;
#17787=EDGE_LOOP('',(#17788,#17789,#17790,#17791)) ;
#17818=EDGE_LOOP('',(#17819,#17820,#17821,#17822)) ;
#17849=EDGE_LOOP('',(#17850,#17851,#17852,#17853)) ;
#17880=EDGE_LOOP('',(#17881,#17882,#17883,#17884)) ;
#17906=EDGE_LOOP('',(#17907,#17908,#17909,#17910)) ;
#17937=EDGE_LOOP('',(#17938,#17939,#17940,#17941)) ;
#17963=EDGE_LOOP('',(#17964,#17965,#17966,#17967)) ;
#17994=EDGE_LOOP('',(#17995,#17996,#17997,#17998)) ;
#18025=EDGE_LOOP('',(#18026,#18027,#18028,#18029)) ;
#18056=EDGE_LOOP('',(#18057,#18058,#18059,#18060)) ;
#18078=EDGE_LOOP('',(#18079,#18080,#18081,#18082)) ;
#18090=EDGE_LOOP('',(#18091,#18092,#18093,#18094,#18095,#18096,#18097,#18098,#18099,#18100,#18101,#18102,#18103,#18104)) ;
#18112=EDGE_LOOP('',(#18113,#18114,#18115,#18116,#18117,#18118,#18119,#18120,#18121,#18122,#18123,#18124,#18125,#18126)) ;
#82=ORIENTED_EDGE('',*,*,#61,.F.) ;
#83=ORIENTED_EDGE('',*,*,#68,.T.) ;
#84=ORIENTED_EDGE('',*,*,#75,.T.) ;
#85=ORIENTED_EDGE('',*,*,#80,.F.) ;
#113=ORIENTED_EDGE('',*,*,#75,.F.) ;
#114=ORIENTED_EDGE('',*,*,#99,.T.) ;
#115=ORIENTED_EDGE('',*,*,#106,.T.) ;
#116=ORIENTED_EDGE('',*,*,#111,.F.) ;
#144=ORIENTED_EDGE('',*,*,#106,.F.) ;
#145=ORIENTED_EDGE('',*,*,#130,.T.) ;
#146=ORIENTED_EDGE('',*,*,#137,.T.) ;
#147=ORIENTED_EDGE('',*,*,#142,.F.) ;
#175=ORIENTED_EDGE('',*,*,#137,.F.) ;
#176=ORIENTED_EDGE('',*,*,#161,.T.) ;
#177=ORIENTED_EDGE('',*,*,#168,.T.) ;
#178=ORIENTED_EDGE('',*,*,#173,.F.) ;
#206=ORIENTED_EDGE('',*,*,#168,.F.) ;
#207=ORIENTED_EDGE('',*,*,#192,.T.) ;
#208=ORIENTED_EDGE('',*,*,#199,.T.) ;
#209=ORIENTED_EDGE('',*,*,#204,.F.) ;
#228=ORIENTED_EDGE('',*,*,#199,.F.) ;
#229=ORIENTED_EDGE('',*,*,#221,.T.) ;
#230=ORIENTED_EDGE('',*,*,#61,.T.) ;
#231=ORIENTED_EDGE('',*,*,#226,.F.) ;
#240=ORIENTED_EDGE('',*,*,#221,.F.) ;
#241=ORIENTED_EDGE('',*,*,#192,.F.) ;
#242=ORIENTED_EDGE('',*,*,#161,.F.) ;
#243=ORIENTED_EDGE('',*,*,#130,.F.) ;
#244=ORIENTED_EDGE('',*,*,#99,.F.) ;
#245=ORIENTED_EDGE('',*,*,#68,.F.) ;
#254=ORIENTED_EDGE('',*,*,#80,.T.) ;
#255=ORIENTED_EDGE('',*,*,#111,.T.) ;
#256=ORIENTED_EDGE('',*,*,#142,.T.) ;
#257=ORIENTED_EDGE('',*,*,#173,.T.) ;
#258=ORIENTED_EDGE('',*,*,#204,.T.) ;
#259=ORIENTED_EDGE('',*,*,#226,.T.) ;
#302=ORIENTED_EDGE('',*,*,#280,.F.) ;
#303=ORIENTED_EDGE('',*,*,#288,.F.) ;
#304=ORIENTED_EDGE('',*,*,#295,.T.) ;
#305=ORIENTED_EDGE('',*,*,#300,.F.) ;
#333=ORIENTED_EDGE('',*,*,#321,.F.) ;
#334=ORIENTED_EDGE('',*,*,#326,.T.) ;
#335=ORIENTED_EDGE('',*,*,#288,.T.) ;
#336=ORIENTED_EDGE('',*,*,#331,.F.) ;
#367=ORIENTED_EDGE('',*,*,#353,.T.) ;
#368=ORIENTED_EDGE('',*,*,#360,.T.) ;
#369=ORIENTED_EDGE('',*,*,#365,.F.) ;
#370=ORIENTED_EDGE('',*,*,#295,.F.) ;
#398=ORIENTED_EDGE('',*,*,#300,.T.) ;
#399=ORIENTED_EDGE('',*,*,#384,.F.) ;
#400=ORIENTED_EDGE('',*,*,#391,.F.) ;
#401=ORIENTED_EDGE('',*,*,#396,.T.) ;
#438=ORIENTED_EDGE('',*,*,#417,.T.) ;
#439=ORIENTED_EDGE('',*,*,#424,.T.) ;
#440=ORIENTED_EDGE('',*,*,#431,.T.) ;
#441=ORIENTED_EDGE('',*,*,#436,.F.) ;
#460=ORIENTED_EDGE('',*,*,#331,.T.) ;
#461=ORIENTED_EDGE('',*,*,#453,.T.) ;
#462=ORIENTED_EDGE('',*,*,#424,.F.) ;
#463=ORIENTED_EDGE('',*,*,#458,.F.) ;
#491=ORIENTED_EDGE('',*,*,#479,.F.) ;
#492=ORIENTED_EDGE('',*,*,#484,.T.) ;
#493=ORIENTED_EDGE('',*,*,#396,.F.) ;
#494=ORIENTED_EDGE('',*,*,#489,.F.) ;
#522=ORIENTED_EDGE('',*,*,#510,.F.) ;
#523=ORIENTED_EDGE('',*,*,#515,.T.) ;
#524=ORIENTED_EDGE('',*,*,#479,.T.) ;
#525=ORIENTED_EDGE('',*,*,#520,.F.) ;
#571=ORIENTED_EDGE('',*,*,#558,.T.) ;
#572=ORIENTED_EDGE('',*,*,#353,.F.) ;
#573=ORIENTED_EDGE('',*,*,#326,.F.) ;
#574=ORIENTED_EDGE('',*,*,#569,.T.) ;
#593=ORIENTED_EDGE('',*,*,#391,.T.) ;
#594=ORIENTED_EDGE('',*,*,#586,.F.) ;
#595=ORIENTED_EDGE('',*,*,#321,.T.) ;
#596=ORIENTED_EDGE('',*,*,#591,.T.) ;
#617=ORIENTED_EDGE('',*,*,#610,.F.) ;
#618=ORIENTED_EDGE('',*,*,#384,.T.) ;
#619=ORIENTED_EDGE('',*,*,#365,.T.) ;
#620=ORIENTED_EDGE('',*,*,#615,.F.) ;
#658=ORIENTED_EDGE('',*,*,#636,.T.) ;
#659=ORIENTED_EDGE('',*,*,#643,.T.) ;
#660=ORIENTED_EDGE('',*,*,#648,.F.) ;
#661=ORIENTED_EDGE('',*,*,#360,.F.) ;
#662=ORIENTED_EDGE('',*,*,#656,.F.) ;
#676=ORIENTED_EDGE('',*,*,#586,.T.) ;
#677=ORIENTED_EDGE('',*,*,#610,.T.) ;
#678=ORIENTED_EDGE('',*,*,#674,.F.) ;
#679=ORIENTED_EDGE('',*,*,#569,.F.) ;
#700=ORIENTED_EDGE('',*,*,#656,.T.) ;
#701=ORIENTED_EDGE('',*,*,#558,.F.) ;
#702=ORIENTED_EDGE('',*,*,#693,.F.) ;
#703=ORIENTED_EDGE('',*,*,#698,.T.) ;
#724=ORIENTED_EDGE('',*,*,#717,.T.) ;
#725=ORIENTED_EDGE('',*,*,#722,.F.) ;
#726=ORIENTED_EDGE('',*,*,#615,.T.) ;
#727=ORIENTED_EDGE('',*,*,#648,.T.) ;
#748=ORIENTED_EDGE('',*,*,#741,.T.) ;
#749=ORIENTED_EDGE('',*,*,#636,.F.) ;
#750=ORIENTED_EDGE('',*,*,#698,.F.) ;
#751=ORIENTED_EDGE('',*,*,#746,.T.) ;
#765=ORIENTED_EDGE('',*,*,#717,.F.) ;
#766=ORIENTED_EDGE('',*,*,#643,.F.) ;
#767=ORIENTED_EDGE('',*,*,#741,.F.) ;
#768=ORIENTED_EDGE('',*,*,#763,.T.) ;
#777=ORIENTED_EDGE('',*,*,#693,.T.) ;
#778=ORIENTED_EDGE('',*,*,#674,.T.) ;
#779=ORIENTED_EDGE('',*,*,#722,.T.) ;
#780=ORIENTED_EDGE('',*,*,#763,.F.) ;
#781=ORIENTED_EDGE('',*,*,#746,.F.) ;
#818=ORIENTED_EDGE('',*,*,#797,.F.) ;
#819=ORIENTED_EDGE('',*,*,#804,.T.) ;
#820=ORIENTED_EDGE('',*,*,#811,.T.) ;
#821=ORIENTED_EDGE('',*,*,#816,.F.) ;
#840=ORIENTED_EDGE('',*,*,#833,.T.) ;
#841=ORIENTED_EDGE('',*,*,#811,.F.) ;
#842=ORIENTED_EDGE('',*,*,#838,.F.) ;
#843=ORIENTED_EDGE('',*,*,#436,.T.) ;
#857=ORIENTED_EDGE('',*,*,#855,.F.) ;
#858=ORIENTED_EDGE('',*,*,#816,.T.) ;
#859=ORIENTED_EDGE('',*,*,#833,.F.) ;
#860=ORIENTED_EDGE('',*,*,#431,.F.) ;
#861=ORIENTED_EDGE('',*,*,#453,.F.) ;
#862=ORIENTED_EDGE('',*,*,#280,.T.) ;
#863=ORIENTED_EDGE('',*,*,#484,.F.) ;
#864=ORIENTED_EDGE('',*,*,#515,.F.) ;
#878=ORIENTED_EDGE('',*,*,#520,.T.) ;
#879=ORIENTED_EDGE('',*,*,#489,.T.) ;
#880=ORIENTED_EDGE('',*,*,#591,.F.) ;
#881=ORIENTED_EDGE('',*,*,#458,.T.) ;
#882=ORIENTED_EDGE('',*,*,#417,.F.) ;
#883=ORIENTED_EDGE('',*,*,#838,.T.) ;
#884=ORIENTED_EDGE('',*,*,#804,.F.) ;
#885=ORIENTED_EDGE('',*,*,#876,.T.) ;
#894=ORIENTED_EDGE('',*,*,#876,.F.) ;
#895=ORIENTED_EDGE('',*,*,#797,.T.) ;
#896=ORIENTED_EDGE('',*,*,#855,.T.) ;
#897=ORIENTED_EDGE('',*,*,#510,.T.) ;
#937=ORIENTED_EDGE('',*,*,#916,.F.) ;
#938=ORIENTED_EDGE('',*,*,#923,.T.) ;
#939=ORIENTED_EDGE('',*,*,#930,.T.) ;
#940=ORIENTED_EDGE('',*,*,#935,.F.) ;
#1050=ORIENTED_EDGE('',*,*,#923,.F.) ;
#1051=ORIENTED_EDGE('',*,*,#954,.F.) ;
#1052=ORIENTED_EDGE('',*,*,#967,.F.) ;
#1053=ORIENTED_EDGE('',*,*,#974,.T.) ;
#1054=ORIENTED_EDGE('',*,*,#981,.T.) ;
#1055=ORIENTED_EDGE('',*,*,#988,.T.) ;
#1056=ORIENTED_EDGE('',*,*,#998,.F.) ;
#1057=ORIENTED_EDGE('',*,*,#1006,.T.) ;
#1058=ORIENTED_EDGE('',*,*,#1012,.F.) ;
#1059=ORIENTED_EDGE('',*,*,#1021,.T.) ;
#1060=ORIENTED_EDGE('',*,*,#1028,.T.) ;
#1061=ORIENTED_EDGE('',*,*,#1034,.T.) ;
#1062=ORIENTED_EDGE('',*,*,#1043,.F.) ;
#1063=ORIENTED_EDGE('',*,*,#1048,.F.) ;
#1084=ORIENTED_EDGE('',*,*,#1048,.T.) ;
#1085=ORIENTED_EDGE('',*,*,#1077,.F.) ;
#1086=ORIENTED_EDGE('',*,*,#1082,.T.) ;
#1087=ORIENTED_EDGE('',*,*,#930,.F.) ;
#1115=ORIENTED_EDGE('',*,*,#1103,.T.) ;
#1116=ORIENTED_EDGE('',*,*,#1108,.T.) ;
#1117=ORIENTED_EDGE('',*,*,#974,.F.) ;
#1118=ORIENTED_EDGE('',*,*,#1113,.T.) ;
#1139=ORIENTED_EDGE('',*,*,#1132,.T.) ;
#1140=ORIENTED_EDGE('',*,*,#1137,.T.) ;
#1141=ORIENTED_EDGE('',*,*,#981,.F.) ;
#1142=ORIENTED_EDGE('',*,*,#1108,.F.) ;
#1163=ORIENTED_EDGE('',*,*,#1156,.T.) ;
#1164=ORIENTED_EDGE('',*,*,#1161,.T.) ;
#1165=ORIENTED_EDGE('',*,*,#988,.F.) ;
#1166=ORIENTED_EDGE('',*,*,#1137,.F.) ;
#1194=ORIENTED_EDGE('',*,*,#1182,.T.) ;
#1195=ORIENTED_EDGE('',*,*,#1187,.T.) ;
#1196=ORIENTED_EDGE('',*,*,#1006,.F.) ;
#1197=ORIENTED_EDGE('',*,*,#1192,.F.) ;
#1225=ORIENTED_EDGE('',*,*,#1213,.T.) ;
#1226=ORIENTED_EDGE('',*,*,#1218,.T.) ;
#1227=ORIENTED_EDGE('',*,*,#1021,.F.) ;
#1228=ORIENTED_EDGE('',*,*,#1223,.F.) ;
#1268=ORIENTED_EDGE('',*,*,#1244,.T.) ;
#1269=ORIENTED_EDGE('',*,*,#1251,.T.) ;
#1270=ORIENTED_EDGE('',*,*,#1260,.F.) ;
#1271=ORIENTED_EDGE('',*,*,#1266,.F.) ;
#1272=ORIENTED_EDGE('',*,*,#1028,.F.) ;
#1300=ORIENTED_EDGE('',*,*,#1286,.T.) ;
#1301=ORIENTED_EDGE('',*,*,#1034,.F.) ;
#1302=ORIENTED_EDGE('',*,*,#1293,.F.) ;
#1303=ORIENTED_EDGE('',*,*,#1298,.T.) ;
#1339=ORIENTED_EDGE('',*,*,#1330,.T.) ;
#1340=ORIENTED_EDGE('',*,*,#1244,.F.) ;
#1341=ORIENTED_EDGE('',*,*,#1218,.F.) ;
#1342=ORIENTED_EDGE('',*,*,#1337,.T.) ;
#1387=ORIENTED_EDGE('',*,*,#1358,.F.) ;
#1388=ORIENTED_EDGE('',*,*,#1365,.F.) ;
#1389=ORIENTED_EDGE('',*,*,#1372,.F.) ;
#1390=ORIENTED_EDGE('',*,*,#1251,.F.) ;
#1391=ORIENTED_EDGE('',*,*,#1380,.T.) ;
#1392=ORIENTED_EDGE('',*,*,#1385,.F.) ;
#1428=ORIENTED_EDGE('',*,*,#1404,.T.) ;
#1429=ORIENTED_EDGE('',*,*,#1412,.T.) ;
#1430=ORIENTED_EDGE('',*,*,#1421,.T.) ;
#1431=ORIENTED_EDGE('',*,*,#1426,.F.) ;
#1432=ORIENTED_EDGE('',*,*,#1337,.F.) ;
#1453=ORIENTED_EDGE('',*,*,#1446,.T.) ;
#1454=ORIENTED_EDGE('',*,*,#1380,.F.) ;
#1455=ORIENTED_EDGE('',*,*,#1330,.F.) ;
#1456=ORIENTED_EDGE('',*,*,#1451,.T.) ;
#1491=ORIENTED_EDGE('',*,*,#1470,.F.) ;
#1492=ORIENTED_EDGE('',*,*,#1451,.F.) ;
#1493=ORIENTED_EDGE('',*,*,#1426,.T.) ;
#1494=ORIENTED_EDGE('',*,*,#1477,.T.) ;
#1495=ORIENTED_EDGE('',*,*,#1484,.F.) ;
#1496=ORIENTED_EDGE('',*,*,#1489,.F.) ;
#1510=ORIENTED_EDGE('',*,*,#1470,.T.) ;
#1511=ORIENTED_EDGE('',*,*,#1508,.T.) ;
#1512=ORIENTED_EDGE('',*,*,#1385,.T.) ;
#1513=ORIENTED_EDGE('',*,*,#1446,.F.) ;
#1532=ORIENTED_EDGE('',*,*,#1477,.F.) ;
#1533=ORIENTED_EDGE('',*,*,#1525,.T.) ;
#1534=ORIENTED_EDGE('',*,*,#1372,.T.) ;
#1535=ORIENTED_EDGE('',*,*,#1530,.F.) ;
#1549=ORIENTED_EDGE('',*,*,#1484,.T.) ;
#1550=ORIENTED_EDGE('',*,*,#1530,.T.) ;
#1551=ORIENTED_EDGE('',*,*,#1365,.T.) ;
#1552=ORIENTED_EDGE('',*,*,#1547,.F.) ;
#1561=ORIENTED_EDGE('',*,*,#1489,.T.) ;
#1562=ORIENTED_EDGE('',*,*,#1547,.T.) ;
#1563=ORIENTED_EDGE('',*,*,#1358,.T.) ;
#1564=ORIENTED_EDGE('',*,*,#1508,.F.) ;
#1585=ORIENTED_EDGE('',*,*,#1583,.F.) ;
#1586=ORIENTED_EDGE('',*,*,#1260,.T.) ;
#1587=ORIENTED_EDGE('',*,*,#1525,.F.) ;
#1588=ORIENTED_EDGE('',*,*,#1421,.F.) ;
#1605=ORIENTED_EDGE('',*,*,#1412,.F.) ;
#1606=ORIENTED_EDGE('',*,*,#1293,.T.) ;
#1607=ORIENTED_EDGE('',*,*,#1266,.T.) ;
#1608=ORIENTED_EDGE('',*,*,#1583,.T.) ;
#1622=ORIENTED_EDGE('',*,*,#1620,.T.) ;
#1623=ORIENTED_EDGE('',*,*,#1077,.T.) ;
#1624=ORIENTED_EDGE('',*,*,#1043,.T.) ;
#1625=ORIENTED_EDGE('',*,*,#1286,.F.) ;
#1639=ORIENTED_EDGE('',*,*,#1637,.T.) ;
#1640=ORIENTED_EDGE('',*,*,#1223,.T.) ;
#1641=ORIENTED_EDGE('',*,*,#1012,.T.) ;
#1642=ORIENTED_EDGE('',*,*,#1187,.F.) ;
#1656=ORIENTED_EDGE('',*,*,#1654,.T.) ;
#1657=ORIENTED_EDGE('',*,*,#1192,.T.) ;
#1658=ORIENTED_EDGE('',*,*,#998,.T.) ;
#1659=ORIENTED_EDGE('',*,*,#1161,.F.) ;
#1680=ORIENTED_EDGE('',*,*,#967,.T.) ;
#1681=ORIENTED_EDGE('',*,*,#1673,.T.) ;
#1682=ORIENTED_EDGE('',*,*,#1678,.F.) ;
#1683=ORIENTED_EDGE('',*,*,#1113,.F.) ;
#1697=ORIENTED_EDGE('',*,*,#935,.T.) ;
#1698=ORIENTED_EDGE('',*,*,#1082,.F.) ;
#1699=ORIENTED_EDGE('',*,*,#1620,.F.) ;
#1700=ORIENTED_EDGE('',*,*,#1298,.F.) ;
#1701=ORIENTED_EDGE('',*,*,#1404,.F.) ;
#1702=ORIENTED_EDGE('',*,*,#1213,.F.) ;
#1703=ORIENTED_EDGE('',*,*,#1637,.F.) ;
#1704=ORIENTED_EDGE('',*,*,#1182,.F.) ;
#1705=ORIENTED_EDGE('',*,*,#1654,.F.) ;
#1706=ORIENTED_EDGE('',*,*,#1156,.F.) ;
#1707=ORIENTED_EDGE('',*,*,#1132,.F.) ;
#1708=ORIENTED_EDGE('',*,*,#1103,.F.) ;
#1709=ORIENTED_EDGE('',*,*,#1678,.T.) ;
#1710=ORIENTED_EDGE('',*,*,#1695,.F.) ;
#1719=ORIENTED_EDGE('',*,*,#1695,.T.) ;
#1720=ORIENTED_EDGE('',*,*,#1673,.F.) ;
#1721=ORIENTED_EDGE('',*,*,#954,.T.) ;
#1722=ORIENTED_EDGE('',*,*,#916,.T.) ;
#1762=ORIENTED_EDGE('',*,*,#1741,.F.) ;
#1763=ORIENTED_EDGE('',*,*,#1748,.T.) ;
#1764=ORIENTED_EDGE('',*,*,#1755,.T.) ;
#1765=ORIENTED_EDGE('',*,*,#1760,.F.) ;
#1867=ORIENTED_EDGE('',*,*,#1748,.F.) ;
#1868=ORIENTED_EDGE('',*,*,#1779,.F.) ;
#1869=ORIENTED_EDGE('',*,*,#1792,.F.) ;
#1870=ORIENTED_EDGE('',*,*,#1799,.T.) ;
#1871=ORIENTED_EDGE('',*,*,#1806,.T.) ;
#1872=ORIENTED_EDGE('',*,*,#1813,.T.) ;
#1873=ORIENTED_EDGE('',*,*,#1823,.F.) ;
#1874=ORIENTED_EDGE('',*,*,#1831,.T.) ;
#1875=ORIENTED_EDGE('',*,*,#1837,.T.) ;
#1876=ORIENTED_EDGE('',*,*,#1844,.T.) ;
#1877=ORIENTED_EDGE('',*,*,#1850,.T.) ;
#1878=ORIENTED_EDGE('',*,*,#1860,.F.) ;
#1879=ORIENTED_EDGE('',*,*,#1865,.F.) ;
#1900=ORIENTED_EDGE('',*,*,#1865,.T.) ;
#1901=ORIENTED_EDGE('',*,*,#1893,.F.) ;
#1902=ORIENTED_EDGE('',*,*,#1898,.T.) ;
#1903=ORIENTED_EDGE('',*,*,#1755,.F.) ;
#1931=ORIENTED_EDGE('',*,*,#1919,.T.) ;
#1932=ORIENTED_EDGE('',*,*,#1924,.T.) ;
#1933=ORIENTED_EDGE('',*,*,#1799,.F.) ;
#1934=ORIENTED_EDGE('',*,*,#1929,.T.) ;
#1955=ORIENTED_EDGE('',*,*,#1948,.T.) ;
#1956=ORIENTED_EDGE('',*,*,#1953,.T.) ;
#1957=ORIENTED_EDGE('',*,*,#1806,.F.) ;
#1958=ORIENTED_EDGE('',*,*,#1924,.F.) ;
#1979=ORIENTED_EDGE('',*,*,#1972,.T.) ;
#1980=ORIENTED_EDGE('',*,*,#1977,.T.) ;
#1981=ORIENTED_EDGE('',*,*,#1813,.F.) ;
#1982=ORIENTED_EDGE('',*,*,#1953,.F.) ;
#2010=ORIENTED_EDGE('',*,*,#1998,.T.) ;
#2011=ORIENTED_EDGE('',*,*,#2003,.T.) ;
#2012=ORIENTED_EDGE('',*,*,#1831,.F.) ;
#2013=ORIENTED_EDGE('',*,*,#2008,.F.) ;
#2034=ORIENTED_EDGE('',*,*,#2027,.T.) ;
#2035=ORIENTED_EDGE('',*,*,#2032,.T.) ;
#2036=ORIENTED_EDGE('',*,*,#1837,.F.) ;
#2037=ORIENTED_EDGE('',*,*,#2003,.F.) ;
#2069=ORIENTED_EDGE('',*,*,#2053,.F.) ;
#2070=ORIENTED_EDGE('',*,*,#2060,.T.) ;
#2071=ORIENTED_EDGE('',*,*,#2067,.F.) ;
#2072=ORIENTED_EDGE('',*,*,#1844,.F.) ;
#2100=ORIENTED_EDGE('',*,*,#2086,.T.) ;
#2101=ORIENTED_EDGE('',*,*,#1850,.F.) ;
#2102=ORIENTED_EDGE('',*,*,#2093,.F.) ;
#2103=ORIENTED_EDGE('',*,*,#2098,.T.) ;
#2139=ORIENTED_EDGE('',*,*,#2130,.T.) ;
#2140=ORIENTED_EDGE('',*,*,#2053,.T.) ;
#2141=ORIENTED_EDGE('',*,*,#2032,.F.) ;
#2142=ORIENTED_EDGE('',*,*,#2137,.F.) ;
#2200=ORIENTED_EDGE('',*,*,#2158,.F.) ;
#2201=ORIENTED_EDGE('',*,*,#2165,.F.) ;
#2202=ORIENTED_EDGE('',*,*,#2174,.F.) ;
#2203=ORIENTED_EDGE('',*,*,#2178,.T.) ;
#2204=ORIENTED_EDGE('',*,*,#2060,.F.) ;
#2205=ORIENTED_EDGE('',*,*,#2184,.T.) ;
#2206=ORIENTED_EDGE('',*,*,#2193,.T.) ;
#2207=ORIENTED_EDGE('',*,*,#2198,.F.) ;
#2228=ORIENTED_EDGE('',*,*,#2221,.T.) ;
#2229=ORIENTED_EDGE('',*,*,#2184,.F.) ;
#2230=ORIENTED_EDGE('',*,*,#2130,.F.) ;
#2231=ORIENTED_EDGE('',*,*,#2226,.T.) ;
#2259=ORIENTED_EDGE('',*,*,#2247,.T.) ;
#2260=ORIENTED_EDGE('',*,*,#2252,.T.) ;
#2261=ORIENTED_EDGE('',*,*,#2178,.F.) ;
#2262=ORIENTED_EDGE('',*,*,#2257,.F.) ;
#2283=ORIENTED_EDGE('',*,*,#2276,.T.) ;
#2284=ORIENTED_EDGE('',*,*,#2281,.T.) ;
#2285=ORIENTED_EDGE('',*,*,#2193,.F.) ;
#2286=ORIENTED_EDGE('',*,*,#2221,.F.) ;
#2326=ORIENTED_EDGE('',*,*,#2300,.F.) ;
#2327=ORIENTED_EDGE('',*,*,#2276,.F.) ;
#2328=ORIENTED_EDGE('',*,*,#2226,.F.) ;
#2329=ORIENTED_EDGE('',*,*,#2305,.T.) ;
#2330=ORIENTED_EDGE('',*,*,#2247,.F.) ;
#2331=ORIENTED_EDGE('',*,*,#2312,.F.) ;
#2332=ORIENTED_EDGE('',*,*,#2319,.F.) ;
#2333=ORIENTED_EDGE('',*,*,#2324,.F.) ;
#2347=ORIENTED_EDGE('',*,*,#2300,.T.) ;
#2348=ORIENTED_EDGE('',*,*,#2345,.T.) ;
#2349=ORIENTED_EDGE('',*,*,#2198,.T.) ;
#2350=ORIENTED_EDGE('',*,*,#2281,.F.) ;
#2364=ORIENTED_EDGE('',*,*,#2312,.T.) ;
#2365=ORIENTED_EDGE('',*,*,#2257,.T.) ;
#2366=ORIENTED_EDGE('',*,*,#2174,.T.) ;
#2367=ORIENTED_EDGE('',*,*,#2362,.F.) ;
#2381=ORIENTED_EDGE('',*,*,#2319,.T.) ;
#2382=ORIENTED_EDGE('',*,*,#2362,.T.) ;
#2383=ORIENTED_EDGE('',*,*,#2165,.T.) ;
#2384=ORIENTED_EDGE('',*,*,#2379,.F.) ;
#2393=ORIENTED_EDGE('',*,*,#2324,.T.) ;
#2394=ORIENTED_EDGE('',*,*,#2379,.T.) ;
#2395=ORIENTED_EDGE('',*,*,#2158,.T.) ;
#2396=ORIENTED_EDGE('',*,*,#2345,.F.) ;
#2417=ORIENTED_EDGE('',*,*,#2408,.T.) ;
#2418=ORIENTED_EDGE('',*,*,#2415,.T.) ;
#2419=ORIENTED_EDGE('',*,*,#2305,.F.) ;
#2420=ORIENTED_EDGE('',*,*,#2137,.T.) ;
#2443=ORIENTED_EDGE('',*,*,#2415,.F.) ;
#2444=ORIENTED_EDGE('',*,*,#2093,.T.) ;
#2445=ORIENTED_EDGE('',*,*,#2067,.T.) ;
#2446=ORIENTED_EDGE('',*,*,#2252,.F.) ;
#2460=ORIENTED_EDGE('',*,*,#2458,.T.) ;
#2461=ORIENTED_EDGE('',*,*,#1893,.T.) ;
#2462=ORIENTED_EDGE('',*,*,#1860,.T.) ;
#2463=ORIENTED_EDGE('',*,*,#2086,.F.) ;
#2477=ORIENTED_EDGE('',*,*,#2475,.T.) ;
#2478=ORIENTED_EDGE('',*,*,#2008,.T.) ;
#2479=ORIENTED_EDGE('',*,*,#1823,.T.) ;
#2480=ORIENTED_EDGE('',*,*,#1977,.F.) ;
#2501=ORIENTED_EDGE('',*,*,#2494,.F.) ;
#2502=ORIENTED_EDGE('',*,*,#1929,.F.) ;
#2503=ORIENTED_EDGE('',*,*,#1792,.T.) ;
#2504=ORIENTED_EDGE('',*,*,#2499,.T.) ;
#2518=ORIENTED_EDGE('',*,*,#1760,.T.) ;
#2519=ORIENTED_EDGE('',*,*,#1898,.F.) ;
#2520=ORIENTED_EDGE('',*,*,#2458,.F.) ;
#2521=ORIENTED_EDGE('',*,*,#2098,.F.) ;
#2522=ORIENTED_EDGE('',*,*,#2408,.F.) ;
#2523=ORIENTED_EDGE('',*,*,#2027,.F.) ;
#2524=ORIENTED_EDGE('',*,*,#1998,.F.) ;
#2525=ORIENTED_EDGE('',*,*,#2475,.F.) ;
#2526=ORIENTED_EDGE('',*,*,#1972,.F.) ;
#2527=ORIENTED_EDGE('',*,*,#1948,.F.) ;
#2528=ORIENTED_EDGE('',*,*,#1919,.F.) ;
#2529=ORIENTED_EDGE('',*,*,#2494,.T.) ;
#2530=ORIENTED_EDGE('',*,*,#2516,.F.) ;
#2539=ORIENTED_EDGE('',*,*,#2516,.T.) ;
#2540=ORIENTED_EDGE('',*,*,#2499,.F.) ;
#2541=ORIENTED_EDGE('',*,*,#1779,.T.) ;
#2542=ORIENTED_EDGE('',*,*,#1741,.T.) ;
#2582=ORIENTED_EDGE('',*,*,#2561,.F.) ;
#2583=ORIENTED_EDGE('',*,*,#2568,.T.) ;
#2584=ORIENTED_EDGE('',*,*,#2575,.T.) ;
#2585=ORIENTED_EDGE('',*,*,#2580,.F.) ;
#2613=ORIENTED_EDGE('',*,*,#2601,.T.) ;
#2614=ORIENTED_EDGE('',*,*,#2606,.F.) ;
#2615=ORIENTED_EDGE('',*,*,#2580,.T.) ;
#2616=ORIENTED_EDGE('',*,*,#2611,.F.) ;
#2644=ORIENTED_EDGE('',*,*,#2601,.F.) ;
#2645=ORIENTED_EDGE('',*,*,#2630,.F.) ;
#2646=ORIENTED_EDGE('',*,*,#2637,.T.) ;
#2647=ORIENTED_EDGE('',*,*,#2642,.F.) ;
#2675=ORIENTED_EDGE('',*,*,#2663,.T.) ;
#2676=ORIENTED_EDGE('',*,*,#2668,.T.) ;
#2677=ORIENTED_EDGE('',*,*,#2637,.F.) ;
#2678=ORIENTED_EDGE('',*,*,#2673,.F.) ;
#2706=ORIENTED_EDGE('',*,*,#2663,.F.) ;
#2707=ORIENTED_EDGE('',*,*,#2692,.F.) ;
#2708=ORIENTED_EDGE('',*,*,#2699,.T.) ;
#2709=ORIENTED_EDGE('',*,*,#2704,.F.) ;
#2737=ORIENTED_EDGE('',*,*,#2723,.F.) ;
#2738=ORIENTED_EDGE('',*,*,#2730,.F.) ;
#2739=ORIENTED_EDGE('',*,*,#2735,.F.) ;
#2740=ORIENTED_EDGE('',*,*,#2699,.F.) ;
#2763=ORIENTED_EDGE('',*,*,#2749,.T.) ;
#2764=ORIENTED_EDGE('',*,*,#2756,.F.) ;
#2765=ORIENTED_EDGE('',*,*,#2761,.F.) ;
#2766=ORIENTED_EDGE('',*,*,#2730,.T.) ;
#2803=ORIENTED_EDGE('',*,*,#2782,.T.) ;
#2804=ORIENTED_EDGE('',*,*,#2789,.F.) ;
#2805=ORIENTED_EDGE('',*,*,#2796,.F.) ;
#2806=ORIENTED_EDGE('',*,*,#2801,.T.) ;
#2825=ORIENTED_EDGE('',*,*,#2818,.F.) ;
#2826=ORIENTED_EDGE('',*,*,#2801,.F.) ;
#2827=ORIENTED_EDGE('',*,*,#2823,.T.) ;
#2828=ORIENTED_EDGE('',*,*,#2561,.T.) ;
#2829=ORIENTED_EDGE('',*,*,#2606,.T.) ;
#2830=ORIENTED_EDGE('',*,*,#2642,.T.) ;
#2831=ORIENTED_EDGE('',*,*,#2668,.F.) ;
#2832=ORIENTED_EDGE('',*,*,#2704,.T.) ;
#2833=ORIENTED_EDGE('',*,*,#2735,.T.) ;
#2834=ORIENTED_EDGE('',*,*,#2761,.T.) ;
#2848=ORIENTED_EDGE('',*,*,#2846,.T.) ;
#2849=ORIENTED_EDGE('',*,*,#2782,.F.) ;
#2850=ORIENTED_EDGE('',*,*,#2818,.T.) ;
#2851=ORIENTED_EDGE('',*,*,#2756,.T.) ;
#2865=ORIENTED_EDGE('',*,*,#2863,.T.) ;
#2866=ORIENTED_EDGE('',*,*,#2789,.T.) ;
#2867=ORIENTED_EDGE('',*,*,#2846,.F.) ;
#2868=ORIENTED_EDGE('',*,*,#2749,.F.) ;
#2869=ORIENTED_EDGE('',*,*,#2723,.T.) ;
#2870=ORIENTED_EDGE('',*,*,#2692,.T.) ;
#2871=ORIENTED_EDGE('',*,*,#2673,.T.) ;
#2872=ORIENTED_EDGE('',*,*,#2630,.T.) ;
#2873=ORIENTED_EDGE('',*,*,#2611,.T.) ;
#2874=ORIENTED_EDGE('',*,*,#2575,.F.) ;
#2883=ORIENTED_EDGE('',*,*,#2568,.F.) ;
#2884=ORIENTED_EDGE('',*,*,#2823,.F.) ;
#2885=ORIENTED_EDGE('',*,*,#2796,.T.) ;
#2886=ORIENTED_EDGE('',*,*,#2863,.F.) ;
#2926=ORIENTED_EDGE('',*,*,#2905,.F.) ;
#2927=ORIENTED_EDGE('',*,*,#2912,.T.) ;
#2928=ORIENTED_EDGE('',*,*,#2919,.T.) ;
#2929=ORIENTED_EDGE('',*,*,#2924,.F.) ;
#2957=ORIENTED_EDGE('',*,*,#2919,.F.) ;
#2958=ORIENTED_EDGE('',*,*,#2943,.T.) ;
#2959=ORIENTED_EDGE('',*,*,#2950,.T.) ;
#2960=ORIENTED_EDGE('',*,*,#2955,.F.) ;
#2988=ORIENTED_EDGE('',*,*,#2950,.F.) ;
#2989=ORIENTED_EDGE('',*,*,#2974,.T.) ;
#2990=ORIENTED_EDGE('',*,*,#2981,.T.) ;
#2991=ORIENTED_EDGE('',*,*,#2986,.F.) ;
#3019=ORIENTED_EDGE('',*,*,#2981,.F.) ;
#3020=ORIENTED_EDGE('',*,*,#3005,.T.) ;
#3021=ORIENTED_EDGE('',*,*,#3012,.T.) ;
#3022=ORIENTED_EDGE('',*,*,#3017,.F.) ;
#3050=ORIENTED_EDGE('',*,*,#3012,.F.) ;
#3051=ORIENTED_EDGE('',*,*,#3036,.T.) ;
#3052=ORIENTED_EDGE('',*,*,#3043,.T.) ;
#3053=ORIENTED_EDGE('',*,*,#3048,.F.) ;
#3081=ORIENTED_EDGE('',*,*,#3043,.F.) ;
#3082=ORIENTED_EDGE('',*,*,#3067,.T.) ;
#3083=ORIENTED_EDGE('',*,*,#3074,.T.) ;
#3084=ORIENTED_EDGE('',*,*,#3079,.F.) ;
#3112=ORIENTED_EDGE('',*,*,#3074,.F.) ;
#3113=ORIENTED_EDGE('',*,*,#3098,.T.) ;
#3114=ORIENTED_EDGE('',*,*,#3105,.T.) ;
#3115=ORIENTED_EDGE('',*,*,#3110,.F.) ;
#3143=ORIENTED_EDGE('',*,*,#3105,.F.) ;
#3144=ORIENTED_EDGE('',*,*,#3129,.T.) ;
#3145=ORIENTED_EDGE('',*,*,#3136,.T.) ;
#3146=ORIENTED_EDGE('',*,*,#3141,.F.) ;
#3174=ORIENTED_EDGE('',*,*,#3136,.F.) ;
#3175=ORIENTED_EDGE('',*,*,#3160,.T.) ;
#3176=ORIENTED_EDGE('',*,*,#3167,.T.) ;
#3177=ORIENTED_EDGE('',*,*,#3172,.F.) ;
#3205=ORIENTED_EDGE('',*,*,#3167,.F.) ;
#3206=ORIENTED_EDGE('',*,*,#3191,.T.) ;
#3207=ORIENTED_EDGE('',*,*,#3198,.T.) ;
#3208=ORIENTED_EDGE('',*,*,#3203,.F.) ;
#3236=ORIENTED_EDGE('',*,*,#3198,.F.) ;
#3237=ORIENTED_EDGE('',*,*,#3222,.T.) ;
#3238=ORIENTED_EDGE('',*,*,#3229,.T.) ;
#3239=ORIENTED_EDGE('',*,*,#3234,.F.) ;
#3267=ORIENTED_EDGE('',*,*,#3229,.F.) ;
#3268=ORIENTED_EDGE('',*,*,#3253,.T.) ;
#3269=ORIENTED_EDGE('',*,*,#3260,.T.) ;
#3270=ORIENTED_EDGE('',*,*,#3265,.F.) ;
#3298=ORIENTED_EDGE('',*,*,#3260,.F.) ;
#3299=ORIENTED_EDGE('',*,*,#3284,.T.) ;
#3300=ORIENTED_EDGE('',*,*,#3291,.T.) ;
#3301=ORIENTED_EDGE('',*,*,#3296,.F.) ;
#3324=ORIENTED_EDGE('',*,*,#3291,.F.) ;
#3325=ORIENTED_EDGE('',*,*,#3310,.T.) ;
#3326=ORIENTED_EDGE('',*,*,#3317,.T.) ;
#3327=ORIENTED_EDGE('',*,*,#3322,.F.) ;
#3355=ORIENTED_EDGE('',*,*,#3317,.F.) ;
#3356=ORIENTED_EDGE('',*,*,#3341,.T.) ;
#3357=ORIENTED_EDGE('',*,*,#3348,.T.) ;
#3358=ORIENTED_EDGE('',*,*,#3353,.F.) ;
#3386=ORIENTED_EDGE('',*,*,#3348,.F.) ;
#3387=ORIENTED_EDGE('',*,*,#3372,.T.) ;
#3388=ORIENTED_EDGE('',*,*,#3379,.T.) ;
#3389=ORIENTED_EDGE('',*,*,#3384,.F.) ;
#3417=ORIENTED_EDGE('',*,*,#3379,.F.) ;
#3418=ORIENTED_EDGE('',*,*,#3403,.T.) ;
#3419=ORIENTED_EDGE('',*,*,#3410,.T.) ;
#3420=ORIENTED_EDGE('',*,*,#3415,.F.) ;
#3443=ORIENTED_EDGE('',*,*,#3410,.F.) ;
#3444=ORIENTED_EDGE('',*,*,#3429,.T.) ;
#3445=ORIENTED_EDGE('',*,*,#3436,.T.) ;
#3446=ORIENTED_EDGE('',*,*,#3441,.F.) ;
#3474=ORIENTED_EDGE('',*,*,#3436,.F.) ;
#3475=ORIENTED_EDGE('',*,*,#3460,.T.) ;
#3476=ORIENTED_EDGE('',*,*,#3467,.T.) ;
#3477=ORIENTED_EDGE('',*,*,#3472,.F.) ;
#3505=ORIENTED_EDGE('',*,*,#3467,.F.) ;
#3506=ORIENTED_EDGE('',*,*,#3491,.T.) ;
#3507=ORIENTED_EDGE('',*,*,#3498,.T.) ;
#3508=ORIENTED_EDGE('',*,*,#3503,.F.) ;
#3536=ORIENTED_EDGE('',*,*,#3498,.F.) ;
#3537=ORIENTED_EDGE('',*,*,#3522,.T.) ;
#3538=ORIENTED_EDGE('',*,*,#3529,.T.) ;
#3539=ORIENTED_EDGE('',*,*,#3534,.F.) ;
#3562=ORIENTED_EDGE('',*,*,#3529,.F.) ;
#3563=ORIENTED_EDGE('',*,*,#3548,.T.) ;
#3564=ORIENTED_EDGE('',*,*,#3555,.T.) ;
#3565=ORIENTED_EDGE('',*,*,#3560,.F.) ;
#3593=ORIENTED_EDGE('',*,*,#3555,.F.) ;
#3594=ORIENTED_EDGE('',*,*,#3579,.T.) ;
#3595=ORIENTED_EDGE('',*,*,#3586,.T.) ;
#3596=ORIENTED_EDGE('',*,*,#3591,.F.) ;
#3615=ORIENTED_EDGE('',*,*,#3586,.F.) ;
#3616=ORIENTED_EDGE('',*,*,#3608,.T.) ;
#3617=ORIENTED_EDGE('',*,*,#2905,.T.) ;
#3618=ORIENTED_EDGE('',*,*,#3613,.F.) ;
#3655=ORIENTED_EDGE('',*,*,#3634,.T.) ;
#3656=ORIENTED_EDGE('',*,*,#3641,.F.) ;
#3657=ORIENTED_EDGE('',*,*,#3648,.F.) ;
#3658=ORIENTED_EDGE('',*,*,#3653,.T.) ;
#3672=ORIENTED_EDGE('',*,*,#3665,.T.) ;
#3673=ORIENTED_EDGE('',*,*,#3653,.F.) ;
#3674=ORIENTED_EDGE('',*,*,#3670,.F.) ;
#3675=ORIENTED_EDGE('',*,*,#3641,.T.) ;
#3712=ORIENTED_EDGE('',*,*,#3691,.T.) ;
#3713=ORIENTED_EDGE('',*,*,#3698,.F.) ;
#3714=ORIENTED_EDGE('',*,*,#3705,.F.) ;
#3715=ORIENTED_EDGE('',*,*,#3710,.T.) ;
#3729=ORIENTED_EDGE('',*,*,#3722,.T.) ;
#3730=ORIENTED_EDGE('',*,*,#3710,.F.) ;
#3731=ORIENTED_EDGE('',*,*,#3727,.F.) ;
#3732=ORIENTED_EDGE('',*,*,#3698,.T.) ;
#3769=ORIENTED_EDGE('',*,*,#3748,.T.) ;
#3770=ORIENTED_EDGE('',*,*,#3755,.F.) ;
#3771=ORIENTED_EDGE('',*,*,#3762,.F.) ;
#3772=ORIENTED_EDGE('',*,*,#3767,.T.) ;
#3786=ORIENTED_EDGE('',*,*,#3779,.T.) ;
#3787=ORIENTED_EDGE('',*,*,#3767,.F.) ;
#3788=ORIENTED_EDGE('',*,*,#3784,.F.) ;
#3789=ORIENTED_EDGE('',*,*,#3755,.T.) ;
#3798=ORIENTED_EDGE('',*,*,#3608,.F.) ;
#3799=ORIENTED_EDGE('',*,*,#3579,.F.) ;
#3800=ORIENTED_EDGE('',*,*,#3548,.F.) ;
#3801=ORIENTED_EDGE('',*,*,#3522,.F.) ;
#3802=ORIENTED_EDGE('',*,*,#3491,.F.) ;
#3803=ORIENTED_EDGE('',*,*,#3460,.F.) ;
#3804=ORIENTED_EDGE('',*,*,#3429,.F.) ;
#3805=ORIENTED_EDGE('',*,*,#3403,.F.) ;
#3806=ORIENTED_EDGE('',*,*,#3372,.F.) ;
#3807=ORIENTED_EDGE('',*,*,#3341,.F.) ;
#3808=ORIENTED_EDGE('',*,*,#3310,.F.) ;
#3809=ORIENTED_EDGE('',*,*,#3284,.F.) ;
#3810=ORIENTED_EDGE('',*,*,#3253,.F.) ;
#3811=ORIENTED_EDGE('',*,*,#3222,.F.) ;
#3812=ORIENTED_EDGE('',*,*,#3191,.F.) ;
#3813=ORIENTED_EDGE('',*,*,#3160,.F.) ;
#3814=ORIENTED_EDGE('',*,*,#3129,.F.) ;
#3815=ORIENTED_EDGE('',*,*,#3098,.F.) ;
#3816=ORIENTED_EDGE('',*,*,#3067,.F.) ;
#3817=ORIENTED_EDGE('',*,*,#3036,.F.) ;
#3818=ORIENTED_EDGE('',*,*,#3005,.F.) ;
#3819=ORIENTED_EDGE('',*,*,#2974,.F.) ;
#3820=ORIENTED_EDGE('',*,*,#2943,.F.) ;
#3821=ORIENTED_EDGE('',*,*,#2912,.F.) ;
#3824=ORIENTED_EDGE('',*,*,#3670,.T.) ;
#3825=ORIENTED_EDGE('',*,*,#3648,.T.) ;
#3828=ORIENTED_EDGE('',*,*,#3727,.T.) ;
#3829=ORIENTED_EDGE('',*,*,#3705,.T.) ;
#3832=ORIENTED_EDGE('',*,*,#3784,.T.) ;
#3833=ORIENTED_EDGE('',*,*,#3762,.T.) ;
#3842=ORIENTED_EDGE('',*,*,#2924,.T.) ;
#3843=ORIENTED_EDGE('',*,*,#2955,.T.) ;
#3844=ORIENTED_EDGE('',*,*,#2986,.T.) ;
#3845=ORIENTED_EDGE('',*,*,#3017,.T.) ;
#3846=ORIENTED_EDGE('',*,*,#3048,.T.) ;
#3847=ORIENTED_EDGE('',*,*,#3079,.T.) ;
#3848=ORIENTED_EDGE('',*,*,#3110,.T.) ;
#3849=ORIENTED_EDGE('',*,*,#3141,.T.) ;
#3850=ORIENTED_EDGE('',*,*,#3172,.T.) ;
#3851=ORIENTED_EDGE('',*,*,#3203,.T.) ;
#3852=ORIENTED_EDGE('',*,*,#3234,.T.) ;
#3853=ORIENTED_EDGE('',*,*,#3265,.T.) ;
#3854=ORIENTED_EDGE('',*,*,#3296,.T.) ;
#3855=ORIENTED_EDGE('',*,*,#3322,.T.) ;
#3856=ORIENTED_EDGE('',*,*,#3353,.T.) ;
#3857=ORIENTED_EDGE('',*,*,#3384,.T.) ;
#3858=ORIENTED_EDGE('',*,*,#3415,.T.) ;
#3859=ORIENTED_EDGE('',*,*,#3441,.T.) ;
#3860=ORIENTED_EDGE('',*,*,#3472,.T.) ;
#3861=ORIENTED_EDGE('',*,*,#3503,.T.) ;
#3862=ORIENTED_EDGE('',*,*,#3534,.T.) ;
#3863=ORIENTED_EDGE('',*,*,#3560,.T.) ;
#3864=ORIENTED_EDGE('',*,*,#3591,.T.) ;
#3865=ORIENTED_EDGE('',*,*,#3613,.T.) ;
#3868=ORIENTED_EDGE('',*,*,#3634,.F.) ;
#3869=ORIENTED_EDGE('',*,*,#3665,.F.) ;
#3872=ORIENTED_EDGE('',*,*,#3691,.F.) ;
#3873=ORIENTED_EDGE('',*,*,#3722,.F.) ;
#3876=ORIENTED_EDGE('',*,*,#3748,.F.) ;
#3877=ORIENTED_EDGE('',*,*,#3779,.F.) ;
#3917=ORIENTED_EDGE('',*,*,#3896,.F.) ;
#3918=ORIENTED_EDGE('',*,*,#3903,.T.) ;
#3919=ORIENTED_EDGE('',*,*,#3910,.T.) ;
#3920=ORIENTED_EDGE('',*,*,#3915,.F.) ;
#3948=ORIENTED_EDGE('',*,*,#3934,.F.) ;
#3949=ORIENTED_EDGE('',*,*,#3941,.T.) ;
#3950=ORIENTED_EDGE('',*,*,#3946,.T.) ;
#3951=ORIENTED_EDGE('',*,*,#3903,.F.) ;
#3979=ORIENTED_EDGE('',*,*,#3967,.T.) ;
#3980=ORIENTED_EDGE('',*,*,#3972,.F.) ;
#3981=ORIENTED_EDGE('',*,*,#3941,.F.) ;
#3982=ORIENTED_EDGE('',*,*,#3977,.T.) ;
#3996=ORIENTED_EDGE('',*,*,#3994,.F.) ;
#3997=ORIENTED_EDGE('',*,*,#3977,.F.) ;
#3998=ORIENTED_EDGE('',*,*,#3934,.T.) ;
#3999=ORIENTED_EDGE('',*,*,#3896,.T.) ;
#4027=ORIENTED_EDGE('',*,*,#4013,.T.) ;
#4028=ORIENTED_EDGE('',*,*,#4020,.F.) ;
#4029=ORIENTED_EDGE('',*,*,#4025,.F.) ;
#4030=ORIENTED_EDGE('',*,*,#3994,.T.) ;
#4051=ORIENTED_EDGE('',*,*,#4013,.F.) ;
#4052=ORIENTED_EDGE('',*,*,#3915,.T.) ;
#4053=ORIENTED_EDGE('',*,*,#4044,.T.) ;
#4054=ORIENTED_EDGE('',*,*,#4049,.F.) ;
#4082=ORIENTED_EDGE('',*,*,#4068,.T.) ;
#4083=ORIENTED_EDGE('',*,*,#4049,.T.) ;
#4084=ORIENTED_EDGE('',*,*,#4075,.F.) ;
#4085=ORIENTED_EDGE('',*,*,#4080,.F.) ;
#4113=ORIENTED_EDGE('',*,*,#4099,.F.) ;
#4114=ORIENTED_EDGE('',*,*,#4080,.T.) ;
#4115=ORIENTED_EDGE('',*,*,#4106,.T.) ;
#4116=ORIENTED_EDGE('',*,*,#4111,.F.) ;
#4144=ORIENTED_EDGE('',*,*,#4132,.F.) ;
#4145=ORIENTED_EDGE('',*,*,#4137,.F.) ;
#4146=ORIENTED_EDGE('',*,*,#4111,.T.) ;
#4147=ORIENTED_EDGE('',*,*,#4142,.T.) ;
#4175=ORIENTED_EDGE('',*,*,#4161,.T.) ;
#4176=ORIENTED_EDGE('',*,*,#4168,.F.) ;
#4177=ORIENTED_EDGE('',*,*,#4173,.T.) ;
#4178=ORIENTED_EDGE('',*,*,#4132,.T.) ;
#4206=ORIENTED_EDGE('',*,*,#4192,.F.) ;
#4207=ORIENTED_EDGE('',*,*,#4168,.T.) ;
#4208=ORIENTED_EDGE('',*,*,#4199,.T.) ;
#4209=ORIENTED_EDGE('',*,*,#4204,.F.) ;
#4237=ORIENTED_EDGE('',*,*,#4223,.T.) ;
#4238=ORIENTED_EDGE('',*,*,#4230,.F.) ;
#4239=ORIENTED_EDGE('',*,*,#4235,.T.) ;
#4240=ORIENTED_EDGE('',*,*,#4204,.T.) ;
#4268=ORIENTED_EDGE('',*,*,#4254,.F.) ;
#4269=ORIENTED_EDGE('',*,*,#4261,.F.) ;
#4270=ORIENTED_EDGE('',*,*,#4266,.T.) ;
#4271=ORIENTED_EDGE('',*,*,#4230,.T.) ;
#4299=ORIENTED_EDGE('',*,*,#4285,.F.) ;
#4300=ORIENTED_EDGE('',*,*,#4261,.T.) ;
#4301=ORIENTED_EDGE('',*,*,#4292,.T.) ;
#4302=ORIENTED_EDGE('',*,*,#4297,.F.) ;
#4398=ORIENTED_EDGE('',*,*,#4235,.F.) ;
#4399=ORIENTED_EDGE('',*,*,#4266,.F.) ;
#4400=ORIENTED_EDGE('',*,*,#4285,.T.) ;
#4401=ORIENTED_EDGE('',*,*,#4316,.T.) ;
#4402=ORIENTED_EDGE('',*,*,#4323,.F.) ;
#4403=ORIENTED_EDGE('',*,*,#4330,.F.) ;
#4404=ORIENTED_EDGE('',*,*,#4340,.T.) ;
#4405=ORIENTED_EDGE('',*,*,#4347,.F.) ;
#4406=ORIENTED_EDGE('',*,*,#4357,.F.) ;
#4407=ORIENTED_EDGE('',*,*,#4364,.F.) ;
#4408=ORIENTED_EDGE('',*,*,#4374,.F.) ;
#4409=ORIENTED_EDGE('',*,*,#4381,.T.) ;
#4410=ORIENTED_EDGE('',*,*,#4391,.T.) ;
#4411=ORIENTED_EDGE('',*,*,#4396,.T.) ;
#4412=ORIENTED_EDGE('',*,*,#4020,.T.) ;
#4413=ORIENTED_EDGE('',*,*,#4068,.F.) ;
#4414=ORIENTED_EDGE('',*,*,#4099,.T.) ;
#4415=ORIENTED_EDGE('',*,*,#4137,.T.) ;
#4416=ORIENTED_EDGE('',*,*,#4173,.F.) ;
#4417=ORIENTED_EDGE('',*,*,#4192,.T.) ;
#4460=ORIENTED_EDGE('',*,*,#4430,.T.) ;
#4461=ORIENTED_EDGE('',*,*,#4440,.T.) ;
#4462=ORIENTED_EDGE('',*,*,#4450,.T.) ;
#4463=ORIENTED_EDGE('',*,*,#4458,.T.) ;
#4491=ORIENTED_EDGE('',*,*,#4477,.F.) ;
#4492=ORIENTED_EDGE('',*,*,#4347,.T.) ;
#4493=ORIENTED_EDGE('',*,*,#4484,.T.) ;
#4494=ORIENTED_EDGE('',*,*,#4489,.F.) ;
#4515=ORIENTED_EDGE('',*,*,#4508,.T.) ;
#4516=ORIENTED_EDGE('',*,*,#4513,.F.) ;
#4517=ORIENTED_EDGE('',*,*,#4357,.T.) ;
#4518=ORIENTED_EDGE('',*,*,#4477,.T.) ;
#4539=ORIENTED_EDGE('',*,*,#4513,.T.) ;
#4540=ORIENTED_EDGE('',*,*,#4532,.F.) ;
#4541=ORIENTED_EDGE('',*,*,#4537,.F.) ;
#4542=ORIENTED_EDGE('',*,*,#4364,.T.) ;
#4563=ORIENTED_EDGE('',*,*,#4556,.T.) ;
#4564=ORIENTED_EDGE('',*,*,#4561,.F.) ;
#4565=ORIENTED_EDGE('',*,*,#4374,.T.) ;
#4566=ORIENTED_EDGE('',*,*,#4537,.T.) ;
#4587=ORIENTED_EDGE('',*,*,#4580,.T.) ;
#4588=ORIENTED_EDGE('',*,*,#4585,.F.) ;
#4589=ORIENTED_EDGE('',*,*,#4381,.F.) ;
#4590=ORIENTED_EDGE('',*,*,#4561,.T.) ;
#4611=ORIENTED_EDGE('',*,*,#4391,.F.) ;
#4612=ORIENTED_EDGE('',*,*,#4585,.T.) ;
#4613=ORIENTED_EDGE('',*,*,#4604,.T.) ;
#4614=ORIENTED_EDGE('',*,*,#4609,.F.) ;
#4635=ORIENTED_EDGE('',*,*,#4396,.F.) ;
#4636=ORIENTED_EDGE('',*,*,#4609,.T.) ;
#4637=ORIENTED_EDGE('',*,*,#4628,.T.) ;
#4638=ORIENTED_EDGE('',*,*,#4633,.F.) ;
#4652=ORIENTED_EDGE('',*,*,#4025,.T.) ;
#4653=ORIENTED_EDGE('',*,*,#4633,.T.) ;
#4654=ORIENTED_EDGE('',*,*,#4650,.F.) ;
#4655=ORIENTED_EDGE('',*,*,#3967,.F.) ;
#4674=ORIENTED_EDGE('',*,*,#4650,.T.) ;
#4675=ORIENTED_EDGE('',*,*,#4667,.T.) ;
#4676=ORIENTED_EDGE('',*,*,#4044,.F.) ;
#4677=ORIENTED_EDGE('',*,*,#4672,.F.) ;
#4686=ORIENTED_EDGE('',*,*,#3946,.F.) ;
#4687=ORIENTED_EDGE('',*,*,#3972,.T.) ;
#4688=ORIENTED_EDGE('',*,*,#4672,.T.) ;
#4689=ORIENTED_EDGE('',*,*,#3910,.F.) ;
#4717=ORIENTED_EDGE('',*,*,#4450,.F.) ;
#4718=ORIENTED_EDGE('',*,*,#4703,.T.) ;
#4719=ORIENTED_EDGE('',*,*,#4710,.T.) ;
#4720=ORIENTED_EDGE('',*,*,#4715,.F.) ;
#4741=ORIENTED_EDGE('',*,*,#4734,.T.) ;
#4742=ORIENTED_EDGE('',*,*,#4703,.F.) ;
#4743=ORIENTED_EDGE('',*,*,#4440,.F.) ;
#4744=ORIENTED_EDGE('',*,*,#4739,.T.) ;
#4760=ORIENTED_EDGE('',*,*,#4430,.F.) ;
#4761=ORIENTED_EDGE('',*,*,#4753,.T.) ;
#4762=ORIENTED_EDGE('',*,*,#4758,.T.) ;
#4763=ORIENTED_EDGE('',*,*,#4739,.F.) ;
#4772=ORIENTED_EDGE('',*,*,#4715,.T.) ;
#4773=ORIENTED_EDGE('',*,*,#4770,.T.) ;
#4774=ORIENTED_EDGE('',*,*,#4753,.F.) ;
#4775=ORIENTED_EDGE('',*,*,#4458,.F.) ;
#4796=ORIENTED_EDGE('',*,*,#4340,.F.) ;
#4797=ORIENTED_EDGE('',*,*,#4789,.T.) ;
#4798=ORIENTED_EDGE('',*,*,#4794,.T.) ;
#4799=ORIENTED_EDGE('',*,*,#4484,.F.) ;
#4820=ORIENTED_EDGE('',*,*,#4330,.T.) ;
#4821=ORIENTED_EDGE('',*,*,#4813,.T.) ;
#4822=ORIENTED_EDGE('',*,*,#4818,.F.) ;
#4823=ORIENTED_EDGE('',*,*,#4789,.F.) ;
#4844=ORIENTED_EDGE('',*,*,#4199,.F.) ;
#4845=ORIENTED_EDGE('',*,*,#4161,.F.) ;
#4846=ORIENTED_EDGE('',*,*,#4142,.F.) ;
#4847=ORIENTED_EDGE('',*,*,#4106,.F.) ;
#4848=ORIENTED_EDGE('',*,*,#4075,.T.) ;
#4849=ORIENTED_EDGE('',*,*,#4667,.F.) ;
#4850=ORIENTED_EDGE('',*,*,#4628,.F.) ;
#4851=ORIENTED_EDGE('',*,*,#4604,.F.) ;
#4852=ORIENTED_EDGE('',*,*,#4580,.F.) ;
#4853=ORIENTED_EDGE('',*,*,#4556,.F.) ;
#4854=ORIENTED_EDGE('',*,*,#4532,.T.) ;
#4855=ORIENTED_EDGE('',*,*,#4508,.F.) ;
#4856=ORIENTED_EDGE('',*,*,#4489,.T.) ;
#4857=ORIENTED_EDGE('',*,*,#4794,.F.) ;
#4858=ORIENTED_EDGE('',*,*,#4818,.T.) ;
#4859=ORIENTED_EDGE('',*,*,#4837,.T.) ;
#4860=ORIENTED_EDGE('',*,*,#4842,.F.) ;
#4861=ORIENTED_EDGE('',*,*,#4292,.F.) ;
#4862=ORIENTED_EDGE('',*,*,#4254,.T.) ;
#4863=ORIENTED_EDGE('',*,*,#4223,.F.) ;
#4866=ORIENTED_EDGE('',*,*,#4770,.F.) ;
#4867=ORIENTED_EDGE('',*,*,#4710,.F.) ;
#4868=ORIENTED_EDGE('',*,*,#4734,.F.) ;
#4869=ORIENTED_EDGE('',*,*,#4758,.F.) ;
#4883=ORIENTED_EDGE('',*,*,#4316,.F.) ;
#4884=ORIENTED_EDGE('',*,*,#4297,.T.) ;
#4885=ORIENTED_EDGE('',*,*,#4842,.T.) ;
#4886=ORIENTED_EDGE('',*,*,#4881,.F.) ;
#4914=ORIENTED_EDGE('',*,*,#4900,.T.) ;
#4915=ORIENTED_EDGE('',*,*,#4907,.F.) ;
#4916=ORIENTED_EDGE('',*,*,#4912,.F.) ;
#4917=ORIENTED_EDGE('',*,*,#4323,.T.) ;
#4938=ORIENTED_EDGE('',*,*,#4912,.T.) ;
#4939=ORIENTED_EDGE('',*,*,#4931,.T.) ;
#4940=ORIENTED_EDGE('',*,*,#4936,.F.) ;
#4941=ORIENTED_EDGE('',*,*,#4813,.F.) ;
#4962=ORIENTED_EDGE('',*,*,#4936,.T.) ;
#4963=ORIENTED_EDGE('',*,*,#4955,.T.) ;
#4964=ORIENTED_EDGE('',*,*,#4960,.F.) ;
#4965=ORIENTED_EDGE('',*,*,#4837,.F.) ;
#4979=ORIENTED_EDGE('',*,*,#4900,.F.) ;
#4980=ORIENTED_EDGE('',*,*,#4881,.T.) ;
#4981=ORIENTED_EDGE('',*,*,#4960,.T.) ;
#4982=ORIENTED_EDGE('',*,*,#4977,.F.) ;
#5010=ORIENTED_EDGE('',*,*,#4996,.F.) ;
#5011=ORIENTED_EDGE('',*,*,#5003,.F.) ;
#5012=ORIENTED_EDGE('',*,*,#5008,.T.) ;
#5013=ORIENTED_EDGE('',*,*,#4907,.T.) ;
#5034=ORIENTED_EDGE('',*,*,#5008,.F.) ;
#5035=ORIENTED_EDGE('',*,*,#5027,.T.) ;
#5036=ORIENTED_EDGE('',*,*,#5032,.T.) ;
#5037=ORIENTED_EDGE('',*,*,#4931,.F.) ;
#5058=ORIENTED_EDGE('',*,*,#5051,.T.) ;
#5059=ORIENTED_EDGE('',*,*,#4955,.F.) ;
#5060=ORIENTED_EDGE('',*,*,#5032,.F.) ;
#5061=ORIENTED_EDGE('',*,*,#5056,.T.) ;
#5075=ORIENTED_EDGE('',*,*,#4977,.T.) ;
#5076=ORIENTED_EDGE('',*,*,#5051,.F.) ;
#5077=ORIENTED_EDGE('',*,*,#5073,.F.) ;
#5078=ORIENTED_EDGE('',*,*,#4996,.T.) ;
#5087=ORIENTED_EDGE('',*,*,#5073,.T.) ;
#5088=ORIENTED_EDGE('',*,*,#5056,.F.) ;
#5089=ORIENTED_EDGE('',*,*,#5027,.F.) ;
#5090=ORIENTED_EDGE('',*,*,#5003,.T.) ;
#5144=ORIENTED_EDGE('',*,*,#5109,.F.) ;
#5145=ORIENTED_EDGE('',*,*,#5116,.F.) ;
#5146=ORIENTED_EDGE('',*,*,#5123,.F.) ;
#5147=ORIENTED_EDGE('',*,*,#5130,.T.) ;
#5148=ORIENTED_EDGE('',*,*,#5137,.F.) ;
#5149=ORIENTED_EDGE('',*,*,#5142,.F.) ;
#5177=ORIENTED_EDGE('',*,*,#5165,.F.) ;
#5178=ORIENTED_EDGE('',*,*,#5170,.F.) ;
#5179=ORIENTED_EDGE('',*,*,#5123,.T.) ;
#5180=ORIENTED_EDGE('',*,*,#5175,.F.) ;
#5208=ORIENTED_EDGE('',*,*,#5142,.T.) ;
#5209=ORIENTED_EDGE('',*,*,#5194,.T.) ;
#5210=ORIENTED_EDGE('',*,*,#5201,.T.) ;
#5211=ORIENTED_EDGE('',*,*,#5206,.T.) ;
#5232=ORIENTED_EDGE('',*,*,#5225,.T.) ;
#5233=ORIENTED_EDGE('',*,*,#5194,.F.) ;
#5234=ORIENTED_EDGE('',*,*,#5137,.T.) ;
#5235=ORIENTED_EDGE('',*,*,#5230,.T.) ;
#5256=ORIENTED_EDGE('',*,*,#5109,.T.) ;
#5257=ORIENTED_EDGE('',*,*,#5206,.F.) ;
#5258=ORIENTED_EDGE('',*,*,#5249,.T.) ;
#5259=ORIENTED_EDGE('',*,*,#5254,.T.) ;
#5385=ORIENTED_EDGE('',*,*,#5273,.T.) ;
#5386=ORIENTED_EDGE('',*,*,#5280,.T.) ;
#5387=ORIENTED_EDGE('',*,*,#5287,.T.) ;
#5388=ORIENTED_EDGE('',*,*,#5294,.T.) ;
#5389=ORIENTED_EDGE('',*,*,#5301,.T.) ;
#5390=ORIENTED_EDGE('',*,*,#5308,.T.) ;
#5391=ORIENTED_EDGE('',*,*,#5315,.T.) ;
#5392=ORIENTED_EDGE('',*,*,#5322,.T.) ;
#5393=ORIENTED_EDGE('',*,*,#5329,.T.) ;
#5394=ORIENTED_EDGE('',*,*,#5336,.T.) ;
#5395=ORIENTED_EDGE('',*,*,#5343,.T.) ;
#5396=ORIENTED_EDGE('',*,*,#5350,.T.) ;
#5397=ORIENTED_EDGE('',*,*,#5357,.T.) ;
#5398=ORIENTED_EDGE('',*,*,#5364,.T.) ;
#5399=ORIENTED_EDGE('',*,*,#5371,.T.) ;
#5400=ORIENTED_EDGE('',*,*,#5378,.T.) ;
#5401=ORIENTED_EDGE('',*,*,#5383,.T.) ;
#5402=ORIENTED_EDGE('',*,*,#5165,.T.) ;
#5433=ORIENTED_EDGE('',*,*,#5412,.F.) ;
#5434=ORIENTED_EDGE('',*,*,#5419,.F.) ;
#5435=ORIENTED_EDGE('',*,*,#5426,.F.) ;
#5436=ORIENTED_EDGE('',*,*,#5431,.F.) ;
#5467=ORIENTED_EDGE('',*,*,#5446,.F.) ;
#5468=ORIENTED_EDGE('',*,*,#5453,.F.) ;
#5469=ORIENTED_EDGE('',*,*,#5460,.F.) ;
#5470=ORIENTED_EDGE('',*,*,#5465,.F.) ;
#5605=ORIENTED_EDGE('',*,*,#5486,.F.) ;
#5606=ORIENTED_EDGE('',*,*,#5493,.F.) ;
#5607=ORIENTED_EDGE('',*,*,#5500,.F.) ;
#5608=ORIENTED_EDGE('',*,*,#5507,.F.) ;
#5609=ORIENTED_EDGE('',*,*,#5514,.F.) ;
#5610=ORIENTED_EDGE('',*,*,#5521,.F.) ;
#5611=ORIENTED_EDGE('',*,*,#5528,.F.) ;
#5612=ORIENTED_EDGE('',*,*,#5535,.F.) ;
#5613=ORIENTED_EDGE('',*,*,#5542,.F.) ;
#5614=ORIENTED_EDGE('',*,*,#5549,.F.) ;
#5615=ORIENTED_EDGE('',*,*,#5556,.F.) ;
#5616=ORIENTED_EDGE('',*,*,#5563,.F.) ;
#5617=ORIENTED_EDGE('',*,*,#5570,.F.) ;
#5618=ORIENTED_EDGE('',*,*,#5577,.F.) ;
#5619=ORIENTED_EDGE('',*,*,#5584,.F.) ;
#5620=ORIENTED_EDGE('',*,*,#5591,.F.) ;
#5621=ORIENTED_EDGE('',*,*,#5598,.F.) ;
#5622=ORIENTED_EDGE('',*,*,#5603,.F.) ;
#5653=ORIENTED_EDGE('',*,*,#5632,.T.) ;
#5654=ORIENTED_EDGE('',*,*,#5639,.T.) ;
#5655=ORIENTED_EDGE('',*,*,#5646,.T.) ;
#5656=ORIENTED_EDGE('',*,*,#5651,.T.) ;
#5687=ORIENTED_EDGE('',*,*,#5666,.T.) ;
#5688=ORIENTED_EDGE('',*,*,#5673,.T.) ;
#5689=ORIENTED_EDGE('',*,*,#5680,.T.) ;
#5690=ORIENTED_EDGE('',*,*,#5685,.T.) ;
#5718=ORIENTED_EDGE('',*,*,#5704,.T.) ;
#5719=ORIENTED_EDGE('',*,*,#5711,.F.) ;
#5720=ORIENTED_EDGE('',*,*,#5716,.T.) ;
#5721=ORIENTED_EDGE('',*,*,#5486,.T.) ;
#5740=ORIENTED_EDGE('',*,*,#5733,.F.) ;
#5741=ORIENTED_EDGE('',*,*,#5500,.T.) ;
#5742=ORIENTED_EDGE('',*,*,#5738,.T.) ;
#5743=ORIENTED_EDGE('',*,*,#5378,.F.) ;
#5762=ORIENTED_EDGE('',*,*,#5755,.F.) ;
#5763=ORIENTED_EDGE('',*,*,#5598,.T.) ;
#5764=ORIENTED_EDGE('',*,*,#5760,.T.) ;
#5765=ORIENTED_EDGE('',*,*,#5280,.F.) ;
#5779=ORIENTED_EDGE('',*,*,#5760,.F.) ;
#5780=ORIENTED_EDGE('',*,*,#5591,.T.) ;
#5781=ORIENTED_EDGE('',*,*,#5777,.T.) ;
#5782=ORIENTED_EDGE('',*,*,#5287,.F.) ;
#5796=ORIENTED_EDGE('',*,*,#5777,.F.) ;
#5797=ORIENTED_EDGE('',*,*,#5584,.T.) ;
#5798=ORIENTED_EDGE('',*,*,#5794,.T.) ;
#5799=ORIENTED_EDGE('',*,*,#5294,.F.) ;
#5813=ORIENTED_EDGE('',*,*,#5794,.F.) ;
#5814=ORIENTED_EDGE('',*,*,#5577,.T.) ;
#5815=ORIENTED_EDGE('',*,*,#5811,.T.) ;
#5816=ORIENTED_EDGE('',*,*,#5301,.F.) ;
#5830=ORIENTED_EDGE('',*,*,#5811,.F.) ;
#5831=ORIENTED_EDGE('',*,*,#5570,.T.) ;
#5832=ORIENTED_EDGE('',*,*,#5828,.T.) ;
#5833=ORIENTED_EDGE('',*,*,#5308,.F.) ;
#5847=ORIENTED_EDGE('',*,*,#5828,.F.) ;
#5848=ORIENTED_EDGE('',*,*,#5563,.T.) ;
#5849=ORIENTED_EDGE('',*,*,#5845,.T.) ;
#5850=ORIENTED_EDGE('',*,*,#5315,.F.) ;
#5864=ORIENTED_EDGE('',*,*,#5845,.F.) ;
#5865=ORIENTED_EDGE('',*,*,#5556,.T.) ;
#5866=ORIENTED_EDGE('',*,*,#5862,.T.) ;
#5867=ORIENTED_EDGE('',*,*,#5322,.F.) ;
#5881=ORIENTED_EDGE('',*,*,#5862,.F.) ;
#5882=ORIENTED_EDGE('',*,*,#5549,.T.) ;
#5883=ORIENTED_EDGE('',*,*,#5879,.T.) ;
#5884=ORIENTED_EDGE('',*,*,#5329,.F.) ;
#5898=ORIENTED_EDGE('',*,*,#5879,.F.) ;
#5899=ORIENTED_EDGE('',*,*,#5542,.T.) ;
#5900=ORIENTED_EDGE('',*,*,#5896,.T.) ;
#5901=ORIENTED_EDGE('',*,*,#5336,.F.) ;
#5915=ORIENTED_EDGE('',*,*,#5896,.F.) ;
#5916=ORIENTED_EDGE('',*,*,#5535,.T.) ;
#5917=ORIENTED_EDGE('',*,*,#5913,.T.) ;
#5918=ORIENTED_EDGE('',*,*,#5343,.F.) ;
#5932=ORIENTED_EDGE('',*,*,#5913,.F.) ;
#5933=ORIENTED_EDGE('',*,*,#5528,.T.) ;
#5934=ORIENTED_EDGE('',*,*,#5930,.T.) ;
#5935=ORIENTED_EDGE('',*,*,#5350,.F.) ;
#5949=ORIENTED_EDGE('',*,*,#5930,.F.) ;
#5950=ORIENTED_EDGE('',*,*,#5521,.T.) ;
#5951=ORIENTED_EDGE('',*,*,#5947,.T.) ;
#5952=ORIENTED_EDGE('',*,*,#5357,.F.) ;
#5966=ORIENTED_EDGE('',*,*,#5947,.F.) ;
#5967=ORIENTED_EDGE('',*,*,#5514,.T.) ;
#5968=ORIENTED_EDGE('',*,*,#5964,.T.) ;
#5969=ORIENTED_EDGE('',*,*,#5364,.F.) ;
#5978=ORIENTED_EDGE('',*,*,#5964,.F.) ;
#5979=ORIENTED_EDGE('',*,*,#5507,.T.) ;
#5980=ORIENTED_EDGE('',*,*,#5733,.T.) ;
#5981=ORIENTED_EDGE('',*,*,#5371,.F.) ;
#6000=ORIENTED_EDGE('',*,*,#5412,.T.) ;
#6001=ORIENTED_EDGE('',*,*,#5993,.F.) ;
#6002=ORIENTED_EDGE('',*,*,#5651,.F.) ;
#6003=ORIENTED_EDGE('',*,*,#5998,.T.) ;
#6017=ORIENTED_EDGE('',*,*,#5419,.T.) ;
#6018=ORIENTED_EDGE('',*,*,#5998,.F.) ;
#6019=ORIENTED_EDGE('',*,*,#5646,.F.) ;
#6020=ORIENTED_EDGE('',*,*,#6015,.T.) ;
#6034=ORIENTED_EDGE('',*,*,#5426,.T.) ;
#6035=ORIENTED_EDGE('',*,*,#6015,.F.) ;
#6036=ORIENTED_EDGE('',*,*,#5639,.F.) ;
#6037=ORIENTED_EDGE('',*,*,#6032,.T.) ;
#6046=ORIENTED_EDGE('',*,*,#5431,.T.) ;
#6047=ORIENTED_EDGE('',*,*,#6032,.F.) ;
#6048=ORIENTED_EDGE('',*,*,#5632,.F.) ;
#6049=ORIENTED_EDGE('',*,*,#5993,.T.) ;
#6063=ORIENTED_EDGE('',*,*,#5446,.T.) ;
#6064=ORIENTED_EDGE('',*,*,#6056,.F.) ;
#6065=ORIENTED_EDGE('',*,*,#5685,.F.) ;
#6066=ORIENTED_EDGE('',*,*,#6061,.T.) ;
#6080=ORIENTED_EDGE('',*,*,#5453,.T.) ;
#6081=ORIENTED_EDGE('',*,*,#6061,.F.) ;
#6082=ORIENTED_EDGE('',*,*,#5680,.F.) ;
#6083=ORIENTED_EDGE('',*,*,#6078,.T.) ;
#6092=ORIENTED_EDGE('',*,*,#5460,.T.) ;
#6093=ORIENTED_EDGE('',*,*,#6078,.F.) ;
#6094=ORIENTED_EDGE('',*,*,#5673,.F.) ;
#6095=ORIENTED_EDGE('',*,*,#6090,.T.) ;
#6104=ORIENTED_EDGE('',*,*,#5465,.T.) ;
#6105=ORIENTED_EDGE('',*,*,#6090,.F.) ;
#6106=ORIENTED_EDGE('',*,*,#5666,.F.) ;
#6107=ORIENTED_EDGE('',*,*,#6056,.T.) ;
#6121=ORIENTED_EDGE('',*,*,#5230,.F.) ;
#6122=ORIENTED_EDGE('',*,*,#5130,.F.) ;
#6123=ORIENTED_EDGE('',*,*,#5170,.T.) ;
#6124=ORIENTED_EDGE('',*,*,#5383,.F.) ;
#6125=ORIENTED_EDGE('',*,*,#5738,.F.) ;
#6126=ORIENTED_EDGE('',*,*,#5493,.T.) ;
#6127=ORIENTED_EDGE('',*,*,#5716,.F.) ;
#6128=ORIENTED_EDGE('',*,*,#6119,.T.) ;
#6142=ORIENTED_EDGE('',*,*,#5249,.F.) ;
#6143=ORIENTED_EDGE('',*,*,#5201,.F.) ;
#6144=ORIENTED_EDGE('',*,*,#5225,.F.) ;
#6145=ORIENTED_EDGE('',*,*,#6119,.F.) ;
#6146=ORIENTED_EDGE('',*,*,#5711,.T.) ;
#6147=ORIENTED_EDGE('',*,*,#6140,.T.) ;
#6156=ORIENTED_EDGE('',*,*,#6140,.F.) ;
#6157=ORIENTED_EDGE('',*,*,#5704,.F.) ;
#6158=ORIENTED_EDGE('',*,*,#5603,.T.) ;
#6159=ORIENTED_EDGE('',*,*,#5755,.T.) ;
#6160=ORIENTED_EDGE('',*,*,#5273,.F.) ;
#6161=ORIENTED_EDGE('',*,*,#5175,.T.) ;
#6162=ORIENTED_EDGE('',*,*,#5116,.T.) ;
#6163=ORIENTED_EDGE('',*,*,#5254,.F.) ;
#6203=ORIENTED_EDGE('',*,*,#6182,.T.) ;
#6204=ORIENTED_EDGE('',*,*,#6189,.F.) ;
#6205=ORIENTED_EDGE('',*,*,#6196,.F.) ;
#6206=ORIENTED_EDGE('',*,*,#6201,.T.) ;
#6283=ORIENTED_EDGE('',*,*,#6220,.T.) ;
#6284=ORIENTED_EDGE('',*,*,#6227,.T.) ;
#6285=ORIENTED_EDGE('',*,*,#6234,.T.) ;
#6286=ORIENTED_EDGE('',*,*,#6241,.F.) ;
#6287=ORIENTED_EDGE('',*,*,#6248,.T.) ;
#6288=ORIENTED_EDGE('',*,*,#6255,.T.) ;
#6289=ORIENTED_EDGE('',*,*,#6262,.F.) ;
#6290=ORIENTED_EDGE('',*,*,#6269,.T.) ;
#6291=ORIENTED_EDGE('',*,*,#6276,.T.) ;
#6292=ORIENTED_EDGE('',*,*,#6281,.F.) ;
#6293=ORIENTED_EDGE('',*,*,#6201,.F.) ;
#6310=ORIENTED_EDGE('',*,*,#6303,.F.) ;
#6311=ORIENTED_EDGE('',*,*,#6308,.F.) ;
#6328=ORIENTED_EDGE('',*,*,#6321,.F.) ;
#6329=ORIENTED_EDGE('',*,*,#6326,.F.) ;
#6350=ORIENTED_EDGE('',*,*,#6343,.T.) ;
#6351=ORIENTED_EDGE('',*,*,#6348,.F.) ;
#6352=ORIENTED_EDGE('',*,*,#6182,.F.) ;
#6353=ORIENTED_EDGE('',*,*,#6281,.T.) ;
#6381=ORIENTED_EDGE('',*,*,#6367,.T.) ;
#6382=ORIENTED_EDGE('',*,*,#6374,.T.) ;
#6383=ORIENTED_EDGE('',*,*,#6379,.F.) ;
#6384=ORIENTED_EDGE('',*,*,#6227,.F.) ;
#6405=ORIENTED_EDGE('',*,*,#6379,.T.) ;
#6406=ORIENTED_EDGE('',*,*,#6398,.T.) ;
#6407=ORIENTED_EDGE('',*,*,#6403,.F.) ;
#6408=ORIENTED_EDGE('',*,*,#6234,.F.) ;
#6436=ORIENTED_EDGE('',*,*,#6422,.T.) ;
#6437=ORIENTED_EDGE('',*,*,#6429,.T.) ;
#6438=ORIENTED_EDGE('',*,*,#6434,.F.) ;
#6439=ORIENTED_EDGE('',*,*,#6248,.F.) ;
#6460=ORIENTED_EDGE('',*,*,#6255,.F.) ;
#6461=ORIENTED_EDGE('',*,*,#6434,.T.) ;
#6462=ORIENTED_EDGE('',*,*,#6453,.T.) ;
#6463=ORIENTED_EDGE('',*,*,#6458,.F.) ;
#6491=ORIENTED_EDGE('',*,*,#6477,.F.) ;
#6492=ORIENTED_EDGE('',*,*,#6269,.F.) ;
#6493=ORIENTED_EDGE('',*,*,#6484,.T.) ;
#6494=ORIENTED_EDGE('',*,*,#6489,.T.) ;
#6508=ORIENTED_EDGE('',*,*,#6477,.T.) ;
#6509=ORIENTED_EDGE('',*,*,#6506,.T.) ;
#6510=ORIENTED_EDGE('',*,*,#6343,.F.) ;
#6511=ORIENTED_EDGE('',*,*,#6276,.F.) ;
#6539=ORIENTED_EDGE('',*,*,#6525,.T.) ;
#6540=ORIENTED_EDGE('',*,*,#6532,.F.) ;
#6541=ORIENTED_EDGE('',*,*,#6537,.F.) ;
#6542=ORIENTED_EDGE('',*,*,#6326,.T.) ;
#6551=ORIENTED_EDGE('',*,*,#6537,.T.) ;
#6552=ORIENTED_EDGE('',*,*,#6549,.F.) ;
#6553=ORIENTED_EDGE('',*,*,#6525,.F.) ;
#6554=ORIENTED_EDGE('',*,*,#6321,.T.) ;
#6582=ORIENTED_EDGE('',*,*,#6568,.T.) ;
#6583=ORIENTED_EDGE('',*,*,#6575,.F.) ;
#6584=ORIENTED_EDGE('',*,*,#6580,.F.) ;
#6585=ORIENTED_EDGE('',*,*,#6308,.T.) ;
#6594=ORIENTED_EDGE('',*,*,#6580,.T.) ;
#6595=ORIENTED_EDGE('',*,*,#6592,.F.) ;
#6596=ORIENTED_EDGE('',*,*,#6568,.F.) ;
#6597=ORIENTED_EDGE('',*,*,#6303,.T.) ;
#6611=ORIENTED_EDGE('',*,*,#6458,.T.) ;
#6612=ORIENTED_EDGE('',*,*,#6609,.F.) ;
#6613=ORIENTED_EDGE('',*,*,#6484,.F.) ;
#6614=ORIENTED_EDGE('',*,*,#6262,.T.) ;
#6628=ORIENTED_EDGE('',*,*,#6403,.T.) ;
#6629=ORIENTED_EDGE('',*,*,#6626,.F.) ;
#6630=ORIENTED_EDGE('',*,*,#6422,.F.) ;
#6631=ORIENTED_EDGE('',*,*,#6241,.T.) ;
#6645=ORIENTED_EDGE('',*,*,#6189,.T.) ;
#6646=ORIENTED_EDGE('',*,*,#6348,.T.) ;
#6647=ORIENTED_EDGE('',*,*,#6506,.F.) ;
#6648=ORIENTED_EDGE('',*,*,#6489,.F.) ;
#6649=ORIENTED_EDGE('',*,*,#6609,.T.) ;
#6650=ORIENTED_EDGE('',*,*,#6453,.F.) ;
#6651=ORIENTED_EDGE('',*,*,#6429,.F.) ;
#6652=ORIENTED_EDGE('',*,*,#6626,.T.) ;
#6653=ORIENTED_EDGE('',*,*,#6398,.F.) ;
#6654=ORIENTED_EDGE('',*,*,#6374,.F.) ;
#6655=ORIENTED_EDGE('',*,*,#6643,.F.) ;
#6658=ORIENTED_EDGE('',*,*,#6575,.T.) ;
#6659=ORIENTED_EDGE('',*,*,#6592,.T.) ;
#6662=ORIENTED_EDGE('',*,*,#6532,.T.) ;
#6663=ORIENTED_EDGE('',*,*,#6549,.T.) ;
#6667=ORIENTED_EDGE('',*,*,#6196,.T.) ;
#6668=ORIENTED_EDGE('',*,*,#6643,.T.) ;
#6669=ORIENTED_EDGE('',*,*,#6367,.F.) ;
#6670=ORIENTED_EDGE('',*,*,#6220,.F.) ;
#6710=ORIENTED_EDGE('',*,*,#6689,.T.) ;
#6711=ORIENTED_EDGE('',*,*,#6696,.F.) ;
#6712=ORIENTED_EDGE('',*,*,#6703,.F.) ;
#6713=ORIENTED_EDGE('',*,*,#6708,.T.) ;
#6804=ORIENTED_EDGE('',*,*,#6729,.F.) ;
#6805=ORIENTED_EDGE('',*,*,#6736,.T.) ;
#6806=ORIENTED_EDGE('',*,*,#6743,.F.) ;
#6807=ORIENTED_EDGE('',*,*,#6750,.T.) ;
#6808=ORIENTED_EDGE('',*,*,#6755,.T.) ;
#6809=ORIENTED_EDGE('',*,*,#6708,.F.) ;
#6810=ORIENTED_EDGE('',*,*,#6762,.F.) ;
#6811=ORIENTED_EDGE('',*,*,#6769,.T.) ;
#6812=ORIENTED_EDGE('',*,*,#6776,.T.) ;
#6813=ORIENTED_EDGE('',*,*,#6783,.T.) ;
#6814=ORIENTED_EDGE('',*,*,#6790,.F.) ;
#6815=ORIENTED_EDGE('',*,*,#6797,.T.) ;
#6816=ORIENTED_EDGE('',*,*,#6802,.F.) ;
#6833=ORIENTED_EDGE('',*,*,#6826,.F.) ;
#6834=ORIENTED_EDGE('',*,*,#6831,.F.) ;
#6851=ORIENTED_EDGE('',*,*,#6844,.F.) ;
#6852=ORIENTED_EDGE('',*,*,#6849,.F.) ;
#6873=ORIENTED_EDGE('',*,*,#6866,.T.) ;
#6874=ORIENTED_EDGE('',*,*,#6871,.T.) ;
#6875=ORIENTED_EDGE('',*,*,#6689,.F.) ;
#6876=ORIENTED_EDGE('',*,*,#6755,.F.) ;
#6904=ORIENTED_EDGE('',*,*,#6890,.T.) ;
#6905=ORIENTED_EDGE('',*,*,#6897,.T.) ;
#6906=ORIENTED_EDGE('',*,*,#6902,.F.) ;
#6907=ORIENTED_EDGE('',*,*,#6769,.F.) ;
#6928=ORIENTED_EDGE('',*,*,#6902,.T.) ;
#6929=ORIENTED_EDGE('',*,*,#6921,.T.) ;
#6930=ORIENTED_EDGE('',*,*,#6926,.F.) ;
#6931=ORIENTED_EDGE('',*,*,#6776,.F.) ;
#6952=ORIENTED_EDGE('',*,*,#6926,.T.) ;
#6953=ORIENTED_EDGE('',*,*,#6945,.T.) ;
#6954=ORIENTED_EDGE('',*,*,#6950,.F.) ;
#6955=ORIENTED_EDGE('',*,*,#6783,.F.) ;
#6983=ORIENTED_EDGE('',*,*,#6969,.F.) ;
#6984=ORIENTED_EDGE('',*,*,#6797,.F.) ;
#6985=ORIENTED_EDGE('',*,*,#6976,.T.) ;
#6986=ORIENTED_EDGE('',*,*,#6981,.T.) ;
#7007=ORIENTED_EDGE('',*,*,#7000,.T.) ;
#7008=ORIENTED_EDGE('',*,*,#7005,.F.) ;
#7009=ORIENTED_EDGE('',*,*,#6802,.T.) ;
#7010=ORIENTED_EDGE('',*,*,#6969,.T.) ;
#7038=ORIENTED_EDGE('',*,*,#6736,.F.) ;
#7039=ORIENTED_EDGE('',*,*,#7024,.T.) ;
#7040=ORIENTED_EDGE('',*,*,#7031,.T.) ;
#7041=ORIENTED_EDGE('',*,*,#7036,.F.) ;
#7057=ORIENTED_EDGE('',*,*,#6866,.F.) ;
#7058=ORIENTED_EDGE('',*,*,#6750,.F.) ;
#7059=ORIENTED_EDGE('',*,*,#7050,.T.) ;
#7060=ORIENTED_EDGE('',*,*,#7055,.T.) ;
#7088=ORIENTED_EDGE('',*,*,#7074,.T.) ;
#7089=ORIENTED_EDGE('',*,*,#7081,.F.) ;
#7090=ORIENTED_EDGE('',*,*,#7086,.F.) ;
#7091=ORIENTED_EDGE('',*,*,#6849,.T.) ;
#7100=ORIENTED_EDGE('',*,*,#7086,.T.) ;
#7101=ORIENTED_EDGE('',*,*,#7098,.F.) ;
#7102=ORIENTED_EDGE('',*,*,#7074,.F.) ;
#7103=ORIENTED_EDGE('',*,*,#6844,.T.) ;
#7131=ORIENTED_EDGE('',*,*,#7117,.T.) ;
#7132=ORIENTED_EDGE('',*,*,#7124,.F.) ;
#7133=ORIENTED_EDGE('',*,*,#7129,.F.) ;
#7134=ORIENTED_EDGE('',*,*,#6831,.T.) ;
#7143=ORIENTED_EDGE('',*,*,#7129,.T.) ;
#7144=ORIENTED_EDGE('',*,*,#7141,.F.) ;
#7145=ORIENTED_EDGE('',*,*,#7117,.F.) ;
#7146=ORIENTED_EDGE('',*,*,#6826,.T.) ;
#7160=ORIENTED_EDGE('',*,*,#6743,.T.) ;
#7161=ORIENTED_EDGE('',*,*,#7036,.T.) ;
#7162=ORIENTED_EDGE('',*,*,#7158,.F.) ;
#7163=ORIENTED_EDGE('',*,*,#7050,.F.) ;
#7177=ORIENTED_EDGE('',*,*,#7175,.F.) ;
#7178=ORIENTED_EDGE('',*,*,#7024,.F.) ;
#7179=ORIENTED_EDGE('',*,*,#6729,.T.) ;
#7180=ORIENTED_EDGE('',*,*,#7005,.T.) ;
#7194=ORIENTED_EDGE('',*,*,#6950,.T.) ;
#7195=ORIENTED_EDGE('',*,*,#7192,.F.) ;
#7196=ORIENTED_EDGE('',*,*,#6976,.F.) ;
#7197=ORIENTED_EDGE('',*,*,#6790,.T.) ;
#7211=ORIENTED_EDGE('',*,*,#7000,.F.) ;
#7212=ORIENTED_EDGE('',*,*,#6981,.F.) ;
#7213=ORIENTED_EDGE('',*,*,#7192,.T.) ;
#7214=ORIENTED_EDGE('',*,*,#6945,.F.) ;
#7215=ORIENTED_EDGE('',*,*,#6921,.F.) ;
#7216=ORIENTED_EDGE('',*,*,#6897,.F.) ;
#7217=ORIENTED_EDGE('',*,*,#7209,.T.) ;
#7218=ORIENTED_EDGE('',*,*,#6696,.T.) ;
#7219=ORIENTED_EDGE('',*,*,#6871,.F.) ;
#7220=ORIENTED_EDGE('',*,*,#7055,.F.) ;
#7221=ORIENTED_EDGE('',*,*,#7158,.T.) ;
#7222=ORIENTED_EDGE('',*,*,#7031,.F.) ;
#7223=ORIENTED_EDGE('',*,*,#7175,.T.) ;
#7226=ORIENTED_EDGE('',*,*,#7124,.T.) ;
#7227=ORIENTED_EDGE('',*,*,#7141,.T.) ;
#7230=ORIENTED_EDGE('',*,*,#7081,.T.) ;
#7231=ORIENTED_EDGE('',*,*,#7098,.T.) ;
#7240=ORIENTED_EDGE('',*,*,#6703,.T.) ;
#7241=ORIENTED_EDGE('',*,*,#7209,.F.) ;
#7242=ORIENTED_EDGE('',*,*,#6890,.F.) ;
#7243=ORIENTED_EDGE('',*,*,#6762,.T.) ;
#7283=ORIENTED_EDGE('',*,*,#7262,.T.) ;
#7284=ORIENTED_EDGE('',*,*,#7269,.T.) ;
#7285=ORIENTED_EDGE('',*,*,#7276,.F.) ;
#7286=ORIENTED_EDGE('',*,*,#7281,.T.) ;
#7300=ORIENTED_EDGE('',*,*,#7276,.T.) ;
#7301=ORIENTED_EDGE('',*,*,#7293,.T.) ;
#7302=ORIENTED_EDGE('',*,*,#7262,.F.) ;
#7303=ORIENTED_EDGE('',*,*,#7298,.T.) ;
#7321=ORIENTED_EDGE('',*,*,#7314,.T.) ;
#7322=ORIENTED_EDGE('',*,*,#7319,.T.) ;
#7325=ORIENTED_EDGE('',*,*,#7269,.F.) ;
#7326=ORIENTED_EDGE('',*,*,#7293,.F.) ;
#7344=ORIENTED_EDGE('',*,*,#7337,.F.) ;
#7345=ORIENTED_EDGE('',*,*,#7342,.F.) ;
#7362=ORIENTED_EDGE('',*,*,#7355,.T.) ;
#7363=ORIENTED_EDGE('',*,*,#7360,.T.) ;
#7382=ORIENTED_EDGE('',*,*,#7375,.F.) ;
#7383=ORIENTED_EDGE('',*,*,#7314,.F.) ;
#7384=ORIENTED_EDGE('',*,*,#7380,.T.) ;
#7385=ORIENTED_EDGE('',*,*,#7337,.T.) ;
#7389=ORIENTED_EDGE('',*,*,#7380,.F.) ;
#7390=ORIENTED_EDGE('',*,*,#7319,.F.) ;
#7391=ORIENTED_EDGE('',*,*,#7375,.T.) ;
#7392=ORIENTED_EDGE('',*,*,#7342,.T.) ;
#7415=ORIENTED_EDGE('',*,*,#7401,.F.) ;
#7416=ORIENTED_EDGE('',*,*,#7360,.F.) ;
#7417=ORIENTED_EDGE('',*,*,#7408,.T.) ;
#7418=ORIENTED_EDGE('',*,*,#7413,.T.) ;
#7427=ORIENTED_EDGE('',*,*,#7408,.F.) ;
#7428=ORIENTED_EDGE('',*,*,#7355,.F.) ;
#7429=ORIENTED_EDGE('',*,*,#7401,.T.) ;
#7430=ORIENTED_EDGE('',*,*,#7425,.T.) ;
#7439=ORIENTED_EDGE('',*,*,#7281,.F.) ;
#7440=ORIENTED_EDGE('',*,*,#7298,.F.) ;
#7457=ORIENTED_EDGE('',*,*,#7450,.T.) ;
#7458=ORIENTED_EDGE('',*,*,#7455,.T.) ;
#7475=ORIENTED_EDGE('',*,*,#7413,.F.) ;
#7476=ORIENTED_EDGE('',*,*,#7425,.F.) ;
#7493=ORIENTED_EDGE('',*,*,#7486,.T.) ;
#7494=ORIENTED_EDGE('',*,*,#7491,.T.) ;
#7514=ORIENTED_EDGE('',*,*,#7450,.F.) ;
#7515=ORIENTED_EDGE('',*,*,#7507,.T.) ;
#7516=ORIENTED_EDGE('',*,*,#7491,.F.) ;
#7517=ORIENTED_EDGE('',*,*,#7512,.F.) ;
#7522=ORIENTED_EDGE('',*,*,#7455,.F.) ;
#7523=ORIENTED_EDGE('',*,*,#7512,.T.) ;
#7524=ORIENTED_EDGE('',*,*,#7486,.F.) ;
#7525=ORIENTED_EDGE('',*,*,#7507,.F.) ;
#7566=ORIENTED_EDGE('',*,*,#7545,.T.) ;
#7567=ORIENTED_EDGE('',*,*,#7552,.T.) ;
#7568=ORIENTED_EDGE('',*,*,#7559,.F.) ;
#7569=ORIENTED_EDGE('',*,*,#7564,.T.) ;
#7583=ORIENTED_EDGE('',*,*,#7559,.T.) ;
#7584=ORIENTED_EDGE('',*,*,#7576,.T.) ;
#7585=ORIENTED_EDGE('',*,*,#7545,.F.) ;
#7586=ORIENTED_EDGE('',*,*,#7581,.T.) ;
#7604=ORIENTED_EDGE('',*,*,#7597,.T.) ;
#7605=ORIENTED_EDGE('',*,*,#7602,.T.) ;
#7608=ORIENTED_EDGE('',*,*,#7552,.F.) ;
#7609=ORIENTED_EDGE('',*,*,#7576,.F.) ;
#7627=ORIENTED_EDGE('',*,*,#7620,.F.) ;
#7628=ORIENTED_EDGE('',*,*,#7625,.F.) ;
#7645=ORIENTED_EDGE('',*,*,#7638,.T.) ;
#7646=ORIENTED_EDGE('',*,*,#7643,.T.) ;
#7665=ORIENTED_EDGE('',*,*,#7658,.F.) ;
#7666=ORIENTED_EDGE('',*,*,#7597,.F.) ;
#7667=ORIENTED_EDGE('',*,*,#7663,.T.) ;
#7668=ORIENTED_EDGE('',*,*,#7620,.T.) ;
#7672=ORIENTED_EDGE('',*,*,#7663,.F.) ;
#7673=ORIENTED_EDGE('',*,*,#7602,.F.) ;
#7674=ORIENTED_EDGE('',*,*,#7658,.T.) ;
#7675=ORIENTED_EDGE('',*,*,#7625,.T.) ;
#7698=ORIENTED_EDGE('',*,*,#7684,.F.) ;
#7699=ORIENTED_EDGE('',*,*,#7643,.F.) ;
#7700=ORIENTED_EDGE('',*,*,#7691,.T.) ;
#7701=ORIENTED_EDGE('',*,*,#7696,.T.) ;
#7710=ORIENTED_EDGE('',*,*,#7691,.F.) ;
#7711=ORIENTED_EDGE('',*,*,#7638,.F.) ;
#7712=ORIENTED_EDGE('',*,*,#7684,.T.) ;
#7713=ORIENTED_EDGE('',*,*,#7708,.T.) ;
#7722=ORIENTED_EDGE('',*,*,#7564,.F.) ;
#7723=ORIENTED_EDGE('',*,*,#7581,.F.) ;
#7740=ORIENTED_EDGE('',*,*,#7733,.T.) ;
#7741=ORIENTED_EDGE('',*,*,#7738,.T.) ;
#7751=ORIENTED_EDGE('',*,*,#7696,.F.) ;
#7752=ORIENTED_EDGE('',*,*,#7708,.F.) ;
#7769=ORIENTED_EDGE('',*,*,#7762,.T.) ;
#7770=ORIENTED_EDGE('',*,*,#7767,.T.) ;
#7790=ORIENTED_EDGE('',*,*,#7738,.F.) ;
#7791=ORIENTED_EDGE('',*,*,#7783,.T.) ;
#7792=ORIENTED_EDGE('',*,*,#7762,.F.) ;
#7793=ORIENTED_EDGE('',*,*,#7788,.F.) ;
#7798=ORIENTED_EDGE('',*,*,#7733,.F.) ;
#7799=ORIENTED_EDGE('',*,*,#7788,.T.) ;
#7800=ORIENTED_EDGE('',*,*,#7767,.F.) ;
#7801=ORIENTED_EDGE('',*,*,#7783,.F.) ;
#7842=ORIENTED_EDGE('',*,*,#7821,.T.) ;
#7843=ORIENTED_EDGE('',*,*,#7828,.T.) ;
#7844=ORIENTED_EDGE('',*,*,#7835,.T.) ;
#7845=ORIENTED_EDGE('',*,*,#7840,.F.) ;
#7873=ORIENTED_EDGE('',*,*,#7861,.T.) ;
#7874=ORIENTED_EDGE('',*,*,#7866,.T.) ;
#7875=ORIENTED_EDGE('',*,*,#7821,.F.) ;
#7876=ORIENTED_EDGE('',*,*,#7871,.T.) ;
#7911=ORIENTED_EDGE('',*,*,#7892,.T.) ;
#7912=ORIENTED_EDGE('',*,*,#7899,.F.) ;
#7913=ORIENTED_EDGE('',*,*,#7904,.F.) ;
#7914=ORIENTED_EDGE('',*,*,#7828,.F.) ;
#7915=ORIENTED_EDGE('',*,*,#7866,.F.) ;
#7916=ORIENTED_EDGE('',*,*,#7909,.T.) ;
#7979=ORIENTED_EDGE('',*,*,#7932,.F.) ;
#7980=ORIENTED_EDGE('',*,*,#7939,.F.) ;
#7981=ORIENTED_EDGE('',*,*,#7946,.F.) ;
#7982=ORIENTED_EDGE('',*,*,#7951,.F.) ;
#7983=ORIENTED_EDGE('',*,*,#7835,.F.) ;
#7984=ORIENTED_EDGE('',*,*,#7904,.T.) ;
#7985=ORIENTED_EDGE('',*,*,#7958,.F.) ;
#7986=ORIENTED_EDGE('',*,*,#7965,.T.) ;
#7987=ORIENTED_EDGE('',*,*,#7972,.F.) ;
#7988=ORIENTED_EDGE('',*,*,#7977,.F.) ;
#8016=ORIENTED_EDGE('',*,*,#8004,.T.) ;
#8017=ORIENTED_EDGE('',*,*,#8009,.T.) ;
#8018=ORIENTED_EDGE('',*,*,#7892,.F.) ;
#8019=ORIENTED_EDGE('',*,*,#8014,.T.) ;
#8068=ORIENTED_EDGE('',*,*,#8033,.F.) ;
#8069=ORIENTED_EDGE('',*,*,#7965,.F.) ;
#8070=ORIENTED_EDGE('',*,*,#8040,.T.) ;
#8071=ORIENTED_EDGE('',*,*,#8047,.T.) ;
#8072=ORIENTED_EDGE('',*,*,#8054,.F.) ;
#8073=ORIENTED_EDGE('',*,*,#8061,.F.) ;
#8074=ORIENTED_EDGE('',*,*,#8066,.T.) ;
#8095=ORIENTED_EDGE('',*,*,#8088,.F.) ;
#8096=ORIENTED_EDGE('',*,*,#7972,.T.) ;
#8097=ORIENTED_EDGE('',*,*,#8033,.T.) ;
#8098=ORIENTED_EDGE('',*,*,#8093,.F.) ;
#8126=ORIENTED_EDGE('',*,*,#8047,.F.) ;
#8127=ORIENTED_EDGE('',*,*,#8112,.F.) ;
#8128=ORIENTED_EDGE('',*,*,#8119,.T.) ;
#8129=ORIENTED_EDGE('',*,*,#8124,.T.) ;
#8150=ORIENTED_EDGE('',*,*,#8143,.T.) ;
#8151=ORIENTED_EDGE('',*,*,#7977,.T.) ;
#8152=ORIENTED_EDGE('',*,*,#8088,.T.) ;
#8153=ORIENTED_EDGE('',*,*,#8148,.T.) ;
#8174=ORIENTED_EDGE('',*,*,#8167,.T.) ;
#8175=ORIENTED_EDGE('',*,*,#7932,.T.) ;
#8176=ORIENTED_EDGE('',*,*,#8143,.F.) ;
#8177=ORIENTED_EDGE('',*,*,#8172,.F.) ;
#8210=ORIENTED_EDGE('',*,*,#8119,.F.) ;
#8211=ORIENTED_EDGE('',*,*,#8189,.T.) ;
#8212=ORIENTED_EDGE('',*,*,#7939,.T.) ;
#8213=ORIENTED_EDGE('',*,*,#8167,.F.) ;
#8214=ORIENTED_EDGE('',*,*,#8196,.F.) ;
#8215=ORIENTED_EDGE('',*,*,#8203,.F.) ;
#8216=ORIENTED_EDGE('',*,*,#8208,.T.) ;
#8225=ORIENTED_EDGE('',*,*,#7946,.T.) ;
#8226=ORIENTED_EDGE('',*,*,#8189,.F.) ;
#8227=ORIENTED_EDGE('',*,*,#8112,.T.) ;
#8228=ORIENTED_EDGE('',*,*,#8040,.F.) ;
#8229=ORIENTED_EDGE('',*,*,#7958,.T.) ;
#8230=ORIENTED_EDGE('',*,*,#7899,.T.) ;
#8231=ORIENTED_EDGE('',*,*,#8009,.F.) ;
#8232=ORIENTED_EDGE('',*,*,#8223,.F.) ;
#8246=ORIENTED_EDGE('',*,*,#7871,.F.) ;
#8247=ORIENTED_EDGE('',*,*,#7840,.T.) ;
#8248=ORIENTED_EDGE('',*,*,#7951,.T.) ;
#8249=ORIENTED_EDGE('',*,*,#8223,.T.) ;
#8250=ORIENTED_EDGE('',*,*,#8004,.F.) ;
#8251=ORIENTED_EDGE('',*,*,#8244,.T.) ;
#8260=ORIENTED_EDGE('',*,*,#8014,.F.) ;
#8261=ORIENTED_EDGE('',*,*,#7909,.F.) ;
#8262=ORIENTED_EDGE('',*,*,#7861,.F.) ;
#8263=ORIENTED_EDGE('',*,*,#8244,.F.) ;
#8280=ORIENTED_EDGE('',*,*,#8273,.T.) ;
#8281=ORIENTED_EDGE('',*,*,#8278,.T.) ;
#8310=ORIENTED_EDGE('',*,*,#8278,.F.) ;
#8311=ORIENTED_EDGE('',*,*,#8296,.F.) ;
#8312=ORIENTED_EDGE('',*,*,#8303,.F.) ;
#8313=ORIENTED_EDGE('',*,*,#8308,.T.) ;
#8323=ORIENTED_EDGE('',*,*,#8273,.F.) ;
#8324=ORIENTED_EDGE('',*,*,#8308,.F.) ;
#8325=ORIENTED_EDGE('',*,*,#8321,.F.) ;
#8326=ORIENTED_EDGE('',*,*,#8296,.T.) ;
#8341=ORIENTED_EDGE('',*,*,#8054,.T.) ;
#8342=ORIENTED_EDGE('',*,*,#8124,.F.) ;
#8343=ORIENTED_EDGE('',*,*,#8208,.F.) ;
#8344=ORIENTED_EDGE('',*,*,#8339,.T.) ;
#8347=ORIENTED_EDGE('',*,*,#8303,.T.) ;
#8348=ORIENTED_EDGE('',*,*,#8321,.T.) ;
#8363=ORIENTED_EDGE('',*,*,#8361,.F.) ;
#8364=ORIENTED_EDGE('',*,*,#8196,.T.) ;
#8365=ORIENTED_EDGE('',*,*,#8172,.T.) ;
#8366=ORIENTED_EDGE('',*,*,#8148,.F.) ;
#8367=ORIENTED_EDGE('',*,*,#8093,.T.) ;
#8368=ORIENTED_EDGE('',*,*,#8066,.F.) ;
#8378=ORIENTED_EDGE('',*,*,#8361,.T.) ;
#8379=ORIENTED_EDGE('',*,*,#8061,.T.) ;
#8380=ORIENTED_EDGE('',*,*,#8339,.F.) ;
#8381=ORIENTED_EDGE('',*,*,#8203,.T.) ;
#8422=ORIENTED_EDGE('',*,*,#8401,.T.) ;
#8423=ORIENTED_EDGE('',*,*,#8408,.F.) ;
#8424=ORIENTED_EDGE('',*,*,#8415,.F.) ;
#8425=ORIENTED_EDGE('',*,*,#8420,.T.) ;
#8453=ORIENTED_EDGE('',*,*,#8420,.F.) ;
#8454=ORIENTED_EDGE('',*,*,#8439,.T.) ;
#8455=ORIENTED_EDGE('',*,*,#8446,.T.) ;
#8456=ORIENTED_EDGE('',*,*,#8451,.F.) ;
#8472=ORIENTED_EDGE('',*,*,#8451,.T.) ;
#8473=ORIENTED_EDGE('',*,*,#8465,.F.) ;
#8474=ORIENTED_EDGE('',*,*,#8470,.T.) ;
#8475=ORIENTED_EDGE('',*,*,#8401,.F.) ;
#8496=ORIENTED_EDGE('',*,*,#8465,.T.) ;
#8497=ORIENTED_EDGE('',*,*,#8446,.F.) ;
#8498=ORIENTED_EDGE('',*,*,#8489,.F.) ;
#8499=ORIENTED_EDGE('',*,*,#8494,.T.) ;
#8513=ORIENTED_EDGE('',*,*,#8494,.F.) ;
#8514=ORIENTED_EDGE('',*,*,#8511,.T.) ;
#8515=ORIENTED_EDGE('',*,*,#8408,.T.) ;
#8516=ORIENTED_EDGE('',*,*,#8470,.F.) ;
#8520=ORIENTED_EDGE('',*,*,#8489,.T.) ;
#8521=ORIENTED_EDGE('',*,*,#8439,.F.) ;
#8522=ORIENTED_EDGE('',*,*,#8415,.T.) ;
#8523=ORIENTED_EDGE('',*,*,#8511,.F.) ;
#8563=ORIENTED_EDGE('',*,*,#8542,.T.) ;
#8564=ORIENTED_EDGE('',*,*,#8549,.F.) ;
#8565=ORIENTED_EDGE('',*,*,#8556,.F.) ;
#8566=ORIENTED_EDGE('',*,*,#8561,.T.) ;
#8594=ORIENTED_EDGE('',*,*,#8580,.T.) ;
#8595=ORIENTED_EDGE('',*,*,#8561,.F.) ;
#8596=ORIENTED_EDGE('',*,*,#8587,.F.) ;
#8597=ORIENTED_EDGE('',*,*,#8592,.T.) ;
#8613=ORIENTED_EDGE('',*,*,#8580,.F.) ;
#8614=ORIENTED_EDGE('',*,*,#8606,.F.) ;
#8615=ORIENTED_EDGE('',*,*,#8611,.F.) ;
#8616=ORIENTED_EDGE('',*,*,#8542,.F.) ;
#8637=ORIENTED_EDGE('',*,*,#8606,.T.) ;
#8638=ORIENTED_EDGE('',*,*,#8592,.F.) ;
#8639=ORIENTED_EDGE('',*,*,#8630,.F.) ;
#8640=ORIENTED_EDGE('',*,*,#8635,.T.) ;
#8654=ORIENTED_EDGE('',*,*,#8611,.T.) ;
#8655=ORIENTED_EDGE('',*,*,#8635,.F.) ;
#8656=ORIENTED_EDGE('',*,*,#8652,.F.) ;
#8657=ORIENTED_EDGE('',*,*,#8549,.T.) ;
#8661=ORIENTED_EDGE('',*,*,#8630,.T.) ;
#8662=ORIENTED_EDGE('',*,*,#8587,.T.) ;
#8663=ORIENTED_EDGE('',*,*,#8556,.T.) ;
#8664=ORIENTED_EDGE('',*,*,#8652,.T.) ;
#8704=ORIENTED_EDGE('',*,*,#8683,.F.) ;
#8705=ORIENTED_EDGE('',*,*,#8690,.T.) ;
#8706=ORIENTED_EDGE('',*,*,#8697,.T.) ;
#8707=ORIENTED_EDGE('',*,*,#8702,.F.) ;
#8730=ORIENTED_EDGE('',*,*,#8718,.F.) ;
#8731=ORIENTED_EDGE('',*,*,#8723,.F.) ;
#8732=ORIENTED_EDGE('',*,*,#8690,.F.) ;
#8733=ORIENTED_EDGE('',*,*,#8728,.F.) ;
#8754=ORIENTED_EDGE('',*,*,#8697,.F.) ;
#8755=ORIENTED_EDGE('',*,*,#8723,.T.) ;
#8756=ORIENTED_EDGE('',*,*,#8747,.T.) ;
#8757=ORIENTED_EDGE('',*,*,#8752,.F.) ;
#8778=ORIENTED_EDGE('',*,*,#8747,.F.) ;
#8779=ORIENTED_EDGE('',*,*,#8718,.T.) ;
#8780=ORIENTED_EDGE('',*,*,#8771,.T.) ;
#8781=ORIENTED_EDGE('',*,*,#8776,.F.) ;
#8790=ORIENTED_EDGE('',*,*,#8752,.T.) ;
#8791=ORIENTED_EDGE('',*,*,#8776,.T.) ;
#8792=ORIENTED_EDGE('',*,*,#8788,.T.) ;
#8793=ORIENTED_EDGE('',*,*,#8702,.T.) ;
#8802=ORIENTED_EDGE('',*,*,#8771,.F.) ;
#8803=ORIENTED_EDGE('',*,*,#8728,.T.) ;
#8804=ORIENTED_EDGE('',*,*,#8683,.T.) ;
#8805=ORIENTED_EDGE('',*,*,#8788,.F.) ;
#8887=ORIENTED_EDGE('',*,*,#8824,.F.) ;
#8888=ORIENTED_EDGE('',*,*,#8831,.T.) ;
#8889=ORIENTED_EDGE('',*,*,#8838,.T.) ;
#8890=ORIENTED_EDGE('',*,*,#8845,.T.) ;
#8891=ORIENTED_EDGE('',*,*,#8852,.T.) ;
#8892=ORIENTED_EDGE('',*,*,#8859,.F.) ;
#8893=ORIENTED_EDGE('',*,*,#8866,.F.) ;
#8894=ORIENTED_EDGE('',*,*,#8873,.F.) ;
#8895=ORIENTED_EDGE('',*,*,#8880,.F.) ;
#8896=ORIENTED_EDGE('',*,*,#8885,.T.) ;
#8924=ORIENTED_EDGE('',*,*,#8910,.T.) ;
#8925=ORIENTED_EDGE('',*,*,#8824,.T.) ;
#8926=ORIENTED_EDGE('',*,*,#8917,.F.) ;
#8927=ORIENTED_EDGE('',*,*,#8922,.T.) ;
#8948=ORIENTED_EDGE('',*,*,#8941,.T.) ;
#8949=ORIENTED_EDGE('',*,*,#8917,.T.) ;
#8950=ORIENTED_EDGE('',*,*,#8885,.F.) ;
#8951=ORIENTED_EDGE('',*,*,#8946,.F.) ;
#8972=ORIENTED_EDGE('',*,*,#8965,.T.) ;
#8973=ORIENTED_EDGE('',*,*,#8970,.T.) ;
#8974=ORIENTED_EDGE('',*,*,#8831,.F.) ;
#8975=ORIENTED_EDGE('',*,*,#8910,.F.) ;
#8996=ORIENTED_EDGE('',*,*,#8946,.T.) ;
#8997=ORIENTED_EDGE('',*,*,#8880,.T.) ;
#8998=ORIENTED_EDGE('',*,*,#8989,.F.) ;
#8999=ORIENTED_EDGE('',*,*,#8994,.F.) ;
#9020=ORIENTED_EDGE('',*,*,#9013,.T.) ;
#9021=ORIENTED_EDGE('',*,*,#9018,.T.) ;
#9022=ORIENTED_EDGE('',*,*,#8838,.F.) ;
#9023=ORIENTED_EDGE('',*,*,#8970,.F.) ;
#9044=ORIENTED_EDGE('',*,*,#8989,.T.) ;
#9045=ORIENTED_EDGE('',*,*,#8873,.T.) ;
#9046=ORIENTED_EDGE('',*,*,#9037,.F.) ;
#9047=ORIENTED_EDGE('',*,*,#9042,.F.) ;
#9068=ORIENTED_EDGE('',*,*,#9061,.T.) ;
#9069=ORIENTED_EDGE('',*,*,#9066,.T.) ;
#9070=ORIENTED_EDGE('',*,*,#8845,.F.) ;
#9071=ORIENTED_EDGE('',*,*,#9018,.F.) ;
#9092=ORIENTED_EDGE('',*,*,#9037,.T.) ;
#9093=ORIENTED_EDGE('',*,*,#8866,.T.) ;
#9094=ORIENTED_EDGE('',*,*,#9085,.F.) ;
#9095=ORIENTED_EDGE('',*,*,#9090,.F.) ;
#9116=ORIENTED_EDGE('',*,*,#9109,.T.) ;
#9117=ORIENTED_EDGE('',*,*,#9114,.T.) ;
#9118=ORIENTED_EDGE('',*,*,#8852,.F.) ;
#9119=ORIENTED_EDGE('',*,*,#9066,.F.) ;
#9133=ORIENTED_EDGE('',*,*,#9085,.T.) ;
#9134=ORIENTED_EDGE('',*,*,#8859,.T.) ;
#9135=ORIENTED_EDGE('',*,*,#9114,.F.) ;
#9136=ORIENTED_EDGE('',*,*,#9131,.T.) ;
#9145=ORIENTED_EDGE('',*,*,#8941,.F.) ;
#9146=ORIENTED_EDGE('',*,*,#8994,.T.) ;
#9147=ORIENTED_EDGE('',*,*,#9042,.T.) ;
#9148=ORIENTED_EDGE('',*,*,#9090,.T.) ;
#9149=ORIENTED_EDGE('',*,*,#9131,.F.) ;
#9150=ORIENTED_EDGE('',*,*,#9109,.F.) ;
#9151=ORIENTED_EDGE('',*,*,#9061,.F.) ;
#9152=ORIENTED_EDGE('',*,*,#9013,.F.) ;
#9153=ORIENTED_EDGE('',*,*,#8965,.F.) ;
#9154=ORIENTED_EDGE('',*,*,#8922,.F.) ;
#9194=ORIENTED_EDGE('',*,*,#9173,.F.) ;
#9195=ORIENTED_EDGE('',*,*,#9180,.F.) ;
#9196=ORIENTED_EDGE('',*,*,#9187,.F.) ;
#9197=ORIENTED_EDGE('',*,*,#9192,.T.) ;
#9225=ORIENTED_EDGE('',*,*,#9211,.F.) ;
#9226=ORIENTED_EDGE('',*,*,#9218,.T.) ;
#9227=ORIENTED_EDGE('',*,*,#9223,.T.) ;
#9228=ORIENTED_EDGE('',*,*,#9192,.F.) ;
#9266=ORIENTED_EDGE('',*,*,#9244,.F.) ;
#9267=ORIENTED_EDGE('',*,*,#9254,.T.) ;
#9268=ORIENTED_EDGE('',*,*,#9259,.F.) ;
#9269=ORIENTED_EDGE('',*,*,#9180,.T.) ;
#9270=ORIENTED_EDGE('',*,*,#9264,.T.) ;
#9316=ORIENTED_EDGE('',*,*,#9286,.T.) ;
#9317=ORIENTED_EDGE('',*,*,#9293,.T.) ;
#9318=ORIENTED_EDGE('',*,*,#9300,.F.) ;
#9319=ORIENTED_EDGE('',*,*,#9309,.F.) ;
#9320=ORIENTED_EDGE('',*,*,#9314,.F.) ;
#9372=ORIENTED_EDGE('',*,*,#9337,.T.) ;
#9373=ORIENTED_EDGE('',*,*,#9346,.F.) ;
#9374=ORIENTED_EDGE('',*,*,#9353,.F.) ;
#9375=ORIENTED_EDGE('',*,*,#9360,.F.) ;
#9376=ORIENTED_EDGE('',*,*,#9365,.F.) ;
#9377=ORIENTED_EDGE('',*,*,#9309,.T.) ;
#9378=ORIENTED_EDGE('',*,*,#9370,.T.) ;
#9423=ORIENTED_EDGE('',*,*,#9392,.T.) ;
#9424=ORIENTED_EDGE('',*,*,#9346,.T.) ;
#9425=ORIENTED_EDGE('',*,*,#9402,.T.) ;
#9426=ORIENTED_EDGE('',*,*,#9409,.T.) ;
#9427=ORIENTED_EDGE('',*,*,#9416,.F.) ;
#9428=ORIENTED_EDGE('',*,*,#9421,.T.) ;
#9456=ORIENTED_EDGE('',*,*,#9442,.F.) ;
#9457=ORIENTED_EDGE('',*,*,#9449,.T.) ;
#9458=ORIENTED_EDGE('',*,*,#9454,.T.) ;
#9459=ORIENTED_EDGE('',*,*,#9416,.T.) ;
#9487=ORIENTED_EDGE('',*,*,#9473,.F.) ;
#9488=ORIENTED_EDGE('',*,*,#9480,.T.) ;
#9489=ORIENTED_EDGE('',*,*,#9485,.F.) ;
#9490=ORIENTED_EDGE('',*,*,#9449,.F.) ;
#9518=ORIENTED_EDGE('',*,*,#9504,.F.) ;
#9519=ORIENTED_EDGE('',*,*,#9480,.F.) ;
#9520=ORIENTED_EDGE('',*,*,#9511,.T.) ;
#9521=ORIENTED_EDGE('',*,*,#9516,.T.) ;
#9549=ORIENTED_EDGE('',*,*,#9535,.F.) ;
#9550=ORIENTED_EDGE('',*,*,#9516,.F.) ;
#9551=ORIENTED_EDGE('',*,*,#9542,.F.) ;
#9552=ORIENTED_EDGE('',*,*,#9547,.T.) ;
#9580=ORIENTED_EDGE('',*,*,#9547,.F.) ;
#9581=ORIENTED_EDGE('',*,*,#9566,.F.) ;
#9582=ORIENTED_EDGE('',*,*,#9573,.T.) ;
#9583=ORIENTED_EDGE('',*,*,#9578,.T.) ;
#9628=ORIENTED_EDGE('',*,*,#9597,.T.) ;
#9629=ORIENTED_EDGE('',*,*,#9607,.F.) ;
#9630=ORIENTED_EDGE('',*,*,#9614,.F.) ;
#9631=ORIENTED_EDGE('',*,*,#9621,.T.) ;
#9632=ORIENTED_EDGE('',*,*,#9626,.T.) ;
#9633=ORIENTED_EDGE('',*,*,#9573,.F.) ;
#9661=ORIENTED_EDGE('',*,*,#9647,.T.) ;
#9662=ORIENTED_EDGE('',*,*,#9621,.F.) ;
#9663=ORIENTED_EDGE('',*,*,#9654,.F.) ;
#9664=ORIENTED_EDGE('',*,*,#9659,.T.) ;
#9692=ORIENTED_EDGE('',*,*,#9678,.T.) ;
#9693=ORIENTED_EDGE('',*,*,#9659,.F.) ;
#9694=ORIENTED_EDGE('',*,*,#9685,.F.) ;
#9695=ORIENTED_EDGE('',*,*,#9690,.T.) ;
#9723=ORIENTED_EDGE('',*,*,#9690,.F.) ;
#9724=ORIENTED_EDGE('',*,*,#9709,.T.) ;
#9725=ORIENTED_EDGE('',*,*,#9716,.T.) ;
#9726=ORIENTED_EDGE('',*,*,#9721,.F.) ;
#9754=ORIENTED_EDGE('',*,*,#9716,.F.) ;
#9755=ORIENTED_EDGE('',*,*,#9740,.T.) ;
#9756=ORIENTED_EDGE('',*,*,#9747,.T.) ;
#9757=ORIENTED_EDGE('',*,*,#9752,.F.) ;
#9785=ORIENTED_EDGE('',*,*,#9747,.F.) ;
#9786=ORIENTED_EDGE('',*,*,#9771,.T.) ;
#9787=ORIENTED_EDGE('',*,*,#9778,.T.) ;
#9788=ORIENTED_EDGE('',*,*,#9783,.F.) ;
#9816=ORIENTED_EDGE('',*,*,#9802,.T.) ;
#9817=ORIENTED_EDGE('',*,*,#9778,.F.) ;
#9818=ORIENTED_EDGE('',*,*,#9809,.F.) ;
#9819=ORIENTED_EDGE('',*,*,#9814,.T.) ;
#9842=ORIENTED_EDGE('',*,*,#9828,.T.) ;
#9843=ORIENTED_EDGE('',*,*,#9814,.F.) ;
#9844=ORIENTED_EDGE('',*,*,#9835,.F.) ;
#9845=ORIENTED_EDGE('',*,*,#9840,.T.) ;
#9873=ORIENTED_EDGE('',*,*,#9840,.F.) ;
#9874=ORIENTED_EDGE('',*,*,#9859,.F.) ;
#9875=ORIENTED_EDGE('',*,*,#9866,.T.) ;
#9876=ORIENTED_EDGE('',*,*,#9244,.T.) ;
#9877=ORIENTED_EDGE('',*,*,#9871,.T.) ;
#9905=ORIENTED_EDGE('',*,*,#9891,.F.) ;
#9906=ORIENTED_EDGE('',*,*,#9898,.T.) ;
#9907=ORIENTED_EDGE('',*,*,#9903,.F.) ;
#9908=ORIENTED_EDGE('',*,*,#9218,.F.) ;
#9936=ORIENTED_EDGE('',*,*,#9922,.F.) ;
#9937=ORIENTED_EDGE('',*,*,#9898,.F.) ;
#9938=ORIENTED_EDGE('',*,*,#9929,.T.) ;
#9939=ORIENTED_EDGE('',*,*,#9934,.T.) ;
#9967=ORIENTED_EDGE('',*,*,#9953,.F.) ;
#9968=ORIENTED_EDGE('',*,*,#9960,.T.) ;
#9969=ORIENTED_EDGE('',*,*,#9965,.F.) ;
#9970=ORIENTED_EDGE('',*,*,#9934,.F.) ;
#9998=ORIENTED_EDGE('',*,*,#9984,.F.) ;
#9999=ORIENTED_EDGE('',*,*,#9960,.F.) ;
#10000=ORIENTED_EDGE('',*,*,#9991,.T.) ;
#10001=ORIENTED_EDGE('',*,*,#9996,.T.) ;
#10029=ORIENTED_EDGE('',*,*,#10015,.F.) ;
#10030=ORIENTED_EDGE('',*,*,#9996,.F.) ;
#10031=ORIENTED_EDGE('',*,*,#10022,.F.) ;
#10032=ORIENTED_EDGE('',*,*,#10027,.T.) ;
#10055=ORIENTED_EDGE('',*,*,#10027,.F.) ;
#10056=ORIENTED_EDGE('',*,*,#10041,.F.) ;
#10057=ORIENTED_EDGE('',*,*,#10048,.T.) ;
#10058=ORIENTED_EDGE('',*,*,#10053,.T.) ;
#10103=ORIENTED_EDGE('',*,*,#10072,.T.) ;
#10104=ORIENTED_EDGE('',*,*,#10082,.F.) ;
#10105=ORIENTED_EDGE('',*,*,#10089,.F.) ;
#10106=ORIENTED_EDGE('',*,*,#10096,.T.) ;
#10107=ORIENTED_EDGE('',*,*,#10101,.T.) ;
#10108=ORIENTED_EDGE('',*,*,#10048,.F.) ;
#10136=ORIENTED_EDGE('',*,*,#10122,.F.) ;
#10137=ORIENTED_EDGE('',*,*,#10096,.F.) ;
#10138=ORIENTED_EDGE('',*,*,#10129,.T.) ;
#10139=ORIENTED_EDGE('',*,*,#10134,.T.) ;
#10167=ORIENTED_EDGE('',*,*,#10153,.T.) ;
#10168=ORIENTED_EDGE('',*,*,#10134,.F.) ;
#10169=ORIENTED_EDGE('',*,*,#10160,.F.) ;
#10170=ORIENTED_EDGE('',*,*,#10165,.T.) ;
#10198=ORIENTED_EDGE('',*,*,#10165,.F.) ;
#10199=ORIENTED_EDGE('',*,*,#10184,.T.) ;
#10200=ORIENTED_EDGE('',*,*,#10191,.T.) ;
#10201=ORIENTED_EDGE('',*,*,#10196,.F.) ;
#10229=ORIENTED_EDGE('',*,*,#10191,.F.) ;
#10230=ORIENTED_EDGE('',*,*,#10215,.T.) ;
#10231=ORIENTED_EDGE('',*,*,#10222,.T.) ;
#10232=ORIENTED_EDGE('',*,*,#10227,.F.) ;
#10260=ORIENTED_EDGE('',*,*,#10222,.F.) ;
#10261=ORIENTED_EDGE('',*,*,#10246,.T.) ;
#10262=ORIENTED_EDGE('',*,*,#10253,.T.) ;
#10263=ORIENTED_EDGE('',*,*,#10258,.F.) ;
#10291=ORIENTED_EDGE('',*,*,#10277,.T.) ;
#10292=ORIENTED_EDGE('',*,*,#10253,.F.) ;
#10293=ORIENTED_EDGE('',*,*,#10284,.F.) ;
#10294=ORIENTED_EDGE('',*,*,#10289,.T.) ;
#10317=ORIENTED_EDGE('',*,*,#10303,.F.) ;
#10318=ORIENTED_EDGE('',*,*,#10289,.F.) ;
#10319=ORIENTED_EDGE('',*,*,#10310,.T.) ;
#10320=ORIENTED_EDGE('',*,*,#10315,.T.) ;
#10348=ORIENTED_EDGE('',*,*,#10334,.T.) ;
#10349=ORIENTED_EDGE('',*,*,#10315,.F.) ;
#10350=ORIENTED_EDGE('',*,*,#10341,.F.) ;
#10351=ORIENTED_EDGE('',*,*,#10346,.T.) ;
#10388=ORIENTED_EDGE('',*,*,#10367,.T.) ;
#10389=ORIENTED_EDGE('',*,*,#10374,.T.) ;
#10390=ORIENTED_EDGE('',*,*,#10381,.T.) ;
#10391=ORIENTED_EDGE('',*,*,#10386,.F.) ;
#10447=ORIENTED_EDGE('',*,*,#10398,.F.) ;
#10448=ORIENTED_EDGE('',*,*,#9314,.T.) ;
#10449=ORIENTED_EDGE('',*,*,#9365,.T.) ;
#10450=ORIENTED_EDGE('',*,*,#10405,.F.) ;
#10451=ORIENTED_EDGE('',*,*,#10412,.T.) ;
#10452=ORIENTED_EDGE('',*,*,#10419,.F.) ;
#10453=ORIENTED_EDGE('',*,*,#10426,.F.) ;
#10454=ORIENTED_EDGE('',*,*,#10433,.T.) ;
#10455=ORIENTED_EDGE('',*,*,#10440,.F.) ;
#10456=ORIENTED_EDGE('',*,*,#10445,.T.) ;
#10457=ORIENTED_EDGE('',*,*,#10367,.F.) ;
#10513=ORIENTED_EDGE('',*,*,#10464,.T.) ;
#10514=ORIENTED_EDGE('',*,*,#10381,.F.) ;
#10515=ORIENTED_EDGE('',*,*,#10471,.F.) ;
#10516=ORIENTED_EDGE('',*,*,#10478,.F.) ;
#10517=ORIENTED_EDGE('',*,*,#10485,.F.) ;
#10518=ORIENTED_EDGE('',*,*,#10492,.T.) ;
#10519=ORIENTED_EDGE('',*,*,#10499,.T.) ;
#10520=ORIENTED_EDGE('',*,*,#10506,.T.) ;
#10521=ORIENTED_EDGE('',*,*,#10511,.T.) ;
#10522=ORIENTED_EDGE('',*,*,#9353,.T.) ;
#10523=ORIENTED_EDGE('',*,*,#9392,.F.) ;
#10537=ORIENTED_EDGE('',*,*,#10535,.F.) ;
#10538=ORIENTED_EDGE('',*,*,#10405,.T.) ;
#10539=ORIENTED_EDGE('',*,*,#9360,.T.) ;
#10540=ORIENTED_EDGE('',*,*,#10511,.F.) ;
#10554=ORIENTED_EDGE('',*,*,#10471,.T.) ;
#10555=ORIENTED_EDGE('',*,*,#10374,.F.) ;
#10556=ORIENTED_EDGE('',*,*,#10445,.F.) ;
#10557=ORIENTED_EDGE('',*,*,#10552,.T.) ;
#10674=ORIENTED_EDGE('',*,*,#10573,.T.) ;
#10675=ORIENTED_EDGE('',*,*,#10580,.F.) ;
#10676=ORIENTED_EDGE('',*,*,#10587,.F.) ;
#10677=ORIENTED_EDGE('',*,*,#10592,.F.) ;
#10678=ORIENTED_EDGE('',*,*,#10419,.T.) ;
#10679=ORIENTED_EDGE('',*,*,#10597,.T.) ;
#10680=ORIENTED_EDGE('',*,*,#10499,.F.) ;
#10681=ORIENTED_EDGE('',*,*,#10604,.F.) ;
#10682=ORIENTED_EDGE('',*,*,#10611,.T.) ;
#10683=ORIENTED_EDGE('',*,*,#10618,.F.) ;
#10684=ORIENTED_EDGE('',*,*,#10625,.F.) ;
#10685=ORIENTED_EDGE('',*,*,#10632,.T.) ;
#10686=ORIENTED_EDGE('',*,*,#10639,.T.) ;
#10687=ORIENTED_EDGE('',*,*,#10646,.T.) ;
#10688=ORIENTED_EDGE('',*,*,#10653,.T.) ;
#10689=ORIENTED_EDGE('',*,*,#10660,.T.) ;
#10690=ORIENTED_EDGE('',*,*,#10667,.F.) ;
#10691=ORIENTED_EDGE('',*,*,#10672,.F.) ;
#10708=ORIENTED_EDGE('',*,*,#10701,.F.) ;
#10709=ORIENTED_EDGE('',*,*,#10706,.F.) ;
#10726=ORIENTED_EDGE('',*,*,#10719,.F.) ;
#10727=ORIENTED_EDGE('',*,*,#10724,.F.) ;
#10751=ORIENTED_EDGE('',*,*,#10737,.F.) ;
#10752=ORIENTED_EDGE('',*,*,#10744,.F.) ;
#10753=ORIENTED_EDGE('',*,*,#10749,.F.) ;
#10777=ORIENTED_EDGE('',*,*,#10763,.F.) ;
#10778=ORIENTED_EDGE('',*,*,#10770,.F.) ;
#10779=ORIENTED_EDGE('',*,*,#10775,.F.) ;
#10796=ORIENTED_EDGE('',*,*,#10789,.F.) ;
#10797=ORIENTED_EDGE('',*,*,#10794,.F.) ;
#10814=ORIENTED_EDGE('',*,*,#10807,.F.) ;
#10815=ORIENTED_EDGE('',*,*,#10812,.F.) ;
#10832=ORIENTED_EDGE('',*,*,#10825,.F.) ;
#10833=ORIENTED_EDGE('',*,*,#10830,.F.) ;
#10842=ORIENTED_EDGE('',*,*,#10506,.F.) ;
#10843=ORIENTED_EDGE('',*,*,#10597,.F.) ;
#10844=ORIENTED_EDGE('',*,*,#10412,.F.) ;
#10845=ORIENTED_EDGE('',*,*,#10535,.T.) ;
#10859=ORIENTED_EDGE('',*,*,#10552,.F.) ;
#10860=ORIENTED_EDGE('',*,*,#10440,.T.) ;
#10861=ORIENTED_EDGE('',*,*,#10857,.T.) ;
#10862=ORIENTED_EDGE('',*,*,#10478,.T.) ;
#10925=ORIENTED_EDGE('',*,*,#10878,.F.) ;
#10926=ORIENTED_EDGE('',*,*,#10885,.F.) ;
#10927=ORIENTED_EDGE('',*,*,#10890,.F.) ;
#10928=ORIENTED_EDGE('',*,*,#10485,.T.) ;
#10929=ORIENTED_EDGE('',*,*,#10857,.F.) ;
#10930=ORIENTED_EDGE('',*,*,#10433,.F.) ;
#10931=ORIENTED_EDGE('',*,*,#10897,.F.) ;
#10932=ORIENTED_EDGE('',*,*,#10904,.T.) ;
#10933=ORIENTED_EDGE('',*,*,#10911,.F.) ;
#10934=ORIENTED_EDGE('',*,*,#10918,.T.) ;
#10935=ORIENTED_EDGE('',*,*,#10923,.T.) ;
#10949=ORIENTED_EDGE('',*,*,#10947,.F.) ;
#10950=ORIENTED_EDGE('',*,*,#10897,.T.) ;
#10951=ORIENTED_EDGE('',*,*,#10426,.T.) ;
#10952=ORIENTED_EDGE('',*,*,#10592,.T.) ;
#10966=ORIENTED_EDGE('',*,*,#10492,.F.) ;
#10967=ORIENTED_EDGE('',*,*,#10890,.T.) ;
#10968=ORIENTED_EDGE('',*,*,#10964,.T.) ;
#10969=ORIENTED_EDGE('',*,*,#10604,.T.) ;
#10997=ORIENTED_EDGE('',*,*,#10985,.F.) ;
#10998=ORIENTED_EDGE('',*,*,#10990,.T.) ;
#10999=ORIENTED_EDGE('',*,*,#10632,.F.) ;
#11000=ORIENTED_EDGE('',*,*,#10995,.F.) ;
#11021=ORIENTED_EDGE('',*,*,#11014,.T.) ;
#11022=ORIENTED_EDGE('',*,*,#10639,.F.) ;
#11023=ORIENTED_EDGE('',*,*,#10990,.F.) ;
#11024=ORIENTED_EDGE('',*,*,#11019,.T.) ;
#11045=ORIENTED_EDGE('',*,*,#11038,.F.) ;
#11046=ORIENTED_EDGE('',*,*,#11043,.T.) ;
#11047=ORIENTED_EDGE('',*,*,#10646,.F.) ;
#11048=ORIENTED_EDGE('',*,*,#11014,.F.) ;
#11069=ORIENTED_EDGE('',*,*,#11062,.T.) ;
#11070=ORIENTED_EDGE('',*,*,#10653,.F.) ;
#11071=ORIENTED_EDGE('',*,*,#11043,.F.) ;
#11072=ORIENTED_EDGE('',*,*,#11067,.T.) ;
#11093=ORIENTED_EDGE('',*,*,#11086,.F.) ;
#11094=ORIENTED_EDGE('',*,*,#11091,.T.) ;
#11095=ORIENTED_EDGE('',*,*,#10660,.F.) ;
#11096=ORIENTED_EDGE('',*,*,#11062,.F.) ;
#11126=ORIENTED_EDGE('',*,*,#11107,.F.) ;
#11127=ORIENTED_EDGE('',*,*,#11112,.F.) ;
#11128=ORIENTED_EDGE('',*,*,#10667,.T.) ;
#11129=ORIENTED_EDGE('',*,*,#11091,.F.) ;
#11130=ORIENTED_EDGE('',*,*,#11119,.F.) ;
#11131=ORIENTED_EDGE('',*,*,#11124,.T.) ;
#11159=ORIENTED_EDGE('',*,*,#11145,.T.) ;
#11160=ORIENTED_EDGE('',*,*,#11152,.T.) ;
#11161=ORIENTED_EDGE('',*,*,#11157,.T.) ;
#11162=ORIENTED_EDGE('',*,*,#11124,.F.) ;
#11190=ORIENTED_EDGE('',*,*,#11178,.T.) ;
#11191=ORIENTED_EDGE('',*,*,#11183,.T.) ;
#11192=ORIENTED_EDGE('',*,*,#11152,.F.) ;
#11193=ORIENTED_EDGE('',*,*,#11188,.F.) ;
#11231=ORIENTED_EDGE('',*,*,#11209,.T.) ;
#11232=ORIENTED_EDGE('',*,*,#11216,.F.) ;
#11233=ORIENTED_EDGE('',*,*,#11224,.F.) ;
#11234=ORIENTED_EDGE('',*,*,#11178,.F.) ;
#11235=ORIENTED_EDGE('',*,*,#11229,.F.) ;
#11263=ORIENTED_EDGE('',*,*,#11249,.T.) ;
#11264=ORIENTED_EDGE('',*,*,#11256,.T.) ;
#11265=ORIENTED_EDGE('',*,*,#11261,.T.) ;
#11266=ORIENTED_EDGE('',*,*,#11209,.F.) ;
#11294=ORIENTED_EDGE('',*,*,#11282,.T.) ;
#11295=ORIENTED_EDGE('',*,*,#11287,.F.) ;
#11296=ORIENTED_EDGE('',*,*,#11256,.F.) ;
#11297=ORIENTED_EDGE('',*,*,#11292,.T.) ;
#11325=ORIENTED_EDGE('',*,*,#11311,.T.) ;
#11326=ORIENTED_EDGE('',*,*,#11318,.T.) ;
#11327=ORIENTED_EDGE('',*,*,#11323,.T.) ;
#11328=ORIENTED_EDGE('',*,*,#11282,.F.) ;
#11366=ORIENTED_EDGE('',*,*,#11344,.T.) ;
#11367=ORIENTED_EDGE('',*,*,#11354,.T.) ;
#11368=ORIENTED_EDGE('',*,*,#11359,.F.) ;
#11369=ORIENTED_EDGE('',*,*,#11318,.F.) ;
#11370=ORIENTED_EDGE('',*,*,#11364,.F.) ;
#11393=ORIENTED_EDGE('',*,*,#11344,.F.) ;
#11394=ORIENTED_EDGE('',*,*,#11379,.F.) ;
#11395=ORIENTED_EDGE('',*,*,#11386,.T.) ;
#11396=ORIENTED_EDGE('',*,*,#11391,.T.) ;
#11424=ORIENTED_EDGE('',*,*,#11410,.T.) ;
#11425=ORIENTED_EDGE('',*,*,#11417,.T.) ;
#11426=ORIENTED_EDGE('',*,*,#11422,.T.) ;
#11427=ORIENTED_EDGE('',*,*,#11386,.F.) ;
#11465=ORIENTED_EDGE('',*,*,#11441,.F.) ;
#11466=ORIENTED_EDGE('',*,*,#11446,.T.) ;
#11467=ORIENTED_EDGE('',*,*,#10918,.F.) ;
#11468=ORIENTED_EDGE('',*,*,#11451,.F.) ;
#11469=ORIENTED_EDGE('',*,*,#10573,.F.) ;
#11470=ORIENTED_EDGE('',*,*,#11458,.T.) ;
#11471=ORIENTED_EDGE('',*,*,#11463,.T.) ;
#11472=ORIENTED_EDGE('',*,*,#11417,.F.) ;
#11486=ORIENTED_EDGE('',*,*,#10911,.T.) ;
#11487=ORIENTED_EDGE('',*,*,#11484,.F.) ;
#11488=ORIENTED_EDGE('',*,*,#10580,.T.) ;
#11489=ORIENTED_EDGE('',*,*,#11451,.T.) ;
#11498=ORIENTED_EDGE('',*,*,#10904,.F.) ;
#11499=ORIENTED_EDGE('',*,*,#10947,.T.) ;
#11500=ORIENTED_EDGE('',*,*,#10587,.T.) ;
#11501=ORIENTED_EDGE('',*,*,#11484,.T.) ;
#11515=ORIENTED_EDGE('',*,*,#10611,.F.) ;
#11516=ORIENTED_EDGE('',*,*,#10964,.F.) ;
#11517=ORIENTED_EDGE('',*,*,#10885,.T.) ;
#11518=ORIENTED_EDGE('',*,*,#11513,.F.) ;
#11549=ORIENTED_EDGE('',*,*,#11532,.F.) ;
#11550=ORIENTED_EDGE('',*,*,#10618,.T.) ;
#11551=ORIENTED_EDGE('',*,*,#11513,.T.) ;
#11552=ORIENTED_EDGE('',*,*,#10878,.T.) ;
#11553=ORIENTED_EDGE('',*,*,#11542,.T.) ;
#11554=ORIENTED_EDGE('',*,*,#11547,.T.) ;
#11563=ORIENTED_EDGE('',*,*,#10995,.T.) ;
#11564=ORIENTED_EDGE('',*,*,#10625,.T.) ;
#11565=ORIENTED_EDGE('',*,*,#11532,.T.) ;
#11566=ORIENTED_EDGE('',*,*,#11561,.F.) ;
#11603=ORIENTED_EDGE('',*,*,#11582,.F.) ;
#11604=ORIENTED_EDGE('',*,*,#11589,.F.) ;
#11605=ORIENTED_EDGE('',*,*,#11596,.F.) ;
#11606=ORIENTED_EDGE('',*,*,#11601,.T.) ;
#11634=ORIENTED_EDGE('',*,*,#11620,.F.) ;
#11635=ORIENTED_EDGE('',*,*,#11601,.F.) ;
#11636=ORIENTED_EDGE('',*,*,#11627,.T.) ;
#11637=ORIENTED_EDGE('',*,*,#11632,.T.) ;
#11665=ORIENTED_EDGE('',*,*,#11651,.F.) ;
#11666=ORIENTED_EDGE('',*,*,#11632,.F.) ;
#11667=ORIENTED_EDGE('',*,*,#11658,.F.) ;
#11668=ORIENTED_EDGE('',*,*,#11663,.T.) ;
#11720=ORIENTED_EDGE('',*,*,#9370,.F.) ;
#11721=ORIENTED_EDGE('',*,*,#9300,.T.) ;
#11722=ORIENTED_EDGE('',*,*,#11682,.T.) ;
#11723=ORIENTED_EDGE('',*,*,#11689,.F.) ;
#11724=ORIENTED_EDGE('',*,*,#11694,.T.) ;
#11725=ORIENTED_EDGE('',*,*,#10341,.T.) ;
#11726=ORIENTED_EDGE('',*,*,#10310,.F.) ;
#11727=ORIENTED_EDGE('',*,*,#10284,.T.) ;
#11728=ORIENTED_EDGE('',*,*,#10246,.F.) ;
#11729=ORIENTED_EDGE('',*,*,#10215,.F.) ;
#11730=ORIENTED_EDGE('',*,*,#10184,.F.) ;
#11731=ORIENTED_EDGE('',*,*,#10160,.T.) ;
#11732=ORIENTED_EDGE('',*,*,#10129,.F.) ;
#11733=ORIENTED_EDGE('',*,*,#10089,.T.) ;
#11734=ORIENTED_EDGE('',*,*,#11701,.T.) ;
#11735=ORIENTED_EDGE('',*,*,#11708,.F.) ;
#11736=ORIENTED_EDGE('',*,*,#11713,.F.) ;
#11737=ORIENTED_EDGE('',*,*,#9859,.T.) ;
#11738=ORIENTED_EDGE('',*,*,#9835,.T.) ;
#11739=ORIENTED_EDGE('',*,*,#9809,.T.) ;
#11740=ORIENTED_EDGE('',*,*,#9771,.F.) ;
#11741=ORIENTED_EDGE('',*,*,#9740,.F.) ;
#11742=ORIENTED_EDGE('',*,*,#9709,.F.) ;
#11743=ORIENTED_EDGE('',*,*,#9685,.T.) ;
#11744=ORIENTED_EDGE('',*,*,#9654,.T.) ;
#11745=ORIENTED_EDGE('',*,*,#9614,.T.) ;
#11746=ORIENTED_EDGE('',*,*,#11718,.T.) ;
#11767=ORIENTED_EDGE('',*,*,#11753,.T.) ;
#11768=ORIENTED_EDGE('',*,*,#10346,.F.) ;
#11769=ORIENTED_EDGE('',*,*,#11694,.F.) ;
#11770=ORIENTED_EDGE('',*,*,#11760,.T.) ;
#11771=ORIENTED_EDGE('',*,*,#11765,.F.) ;
#11772=ORIENTED_EDGE('',*,*,#11663,.F.) ;
#11793=ORIENTED_EDGE('',*,*,#11589,.T.) ;
#11794=ORIENTED_EDGE('',*,*,#11781,.F.) ;
#11795=ORIENTED_EDGE('',*,*,#11786,.F.) ;
#11796=ORIENTED_EDGE('',*,*,#11682,.F.) ;
#11797=ORIENTED_EDGE('',*,*,#9293,.F.) ;
#11798=ORIENTED_EDGE('',*,*,#11791,.T.) ;
#11826=ORIENTED_EDGE('',*,*,#11814,.F.) ;
#11827=ORIENTED_EDGE('',*,*,#11819,.F.) ;
#11828=ORIENTED_EDGE('',*,*,#10744,.T.) ;
#11829=ORIENTED_EDGE('',*,*,#11824,.T.) ;
#11844=ORIENTED_EDGE('',*,*,#11441,.T.) ;
#11845=ORIENTED_EDGE('',*,*,#11410,.F.) ;
#11846=ORIENTED_EDGE('',*,*,#11379,.T.) ;
#11847=ORIENTED_EDGE('',*,*,#11364,.T.) ;
#11848=ORIENTED_EDGE('',*,*,#11311,.F.) ;
#11849=ORIENTED_EDGE('',*,*,#11292,.F.) ;
#11850=ORIENTED_EDGE('',*,*,#11249,.F.) ;
#11851=ORIENTED_EDGE('',*,*,#11229,.T.) ;
#11852=ORIENTED_EDGE('',*,*,#11188,.T.) ;
#11853=ORIENTED_EDGE('',*,*,#11145,.F.) ;
#11854=ORIENTED_EDGE('',*,*,#11119,.T.) ;
#11855=ORIENTED_EDGE('',*,*,#11086,.T.) ;
#11856=ORIENTED_EDGE('',*,*,#11067,.F.) ;
#11857=ORIENTED_EDGE('',*,*,#11038,.T.) ;
#11858=ORIENTED_EDGE('',*,*,#11019,.F.) ;
#11859=ORIENTED_EDGE('',*,*,#10985,.T.) ;
#11860=ORIENTED_EDGE('',*,*,#11561,.T.) ;
#11861=ORIENTED_EDGE('',*,*,#11547,.F.) ;
#11862=ORIENTED_EDGE('',*,*,#11842,.F.) ;
#11879=ORIENTED_EDGE('',*,*,#11872,.T.) ;
#11880=ORIENTED_EDGE('',*,*,#11877,.T.) ;
#11888=ORIENTED_EDGE('',*,*,#11814,.T.) ;
#11889=ORIENTED_EDGE('',*,*,#11886,.T.) ;
#11906=ORIENTED_EDGE('',*,*,#11899,.T.) ;
#11907=ORIENTED_EDGE('',*,*,#11904,.T.) ;
#11924=ORIENTED_EDGE('',*,*,#11917,.T.) ;
#11925=ORIENTED_EDGE('',*,*,#11922,.T.) ;
#11942=ORIENTED_EDGE('',*,*,#11935,.T.) ;
#11943=ORIENTED_EDGE('',*,*,#11940,.T.) ;
#11960=ORIENTED_EDGE('',*,*,#11953,.T.) ;
#11961=ORIENTED_EDGE('',*,*,#11958,.T.) ;
#11978=ORIENTED_EDGE('',*,*,#11971,.T.) ;
#11979=ORIENTED_EDGE('',*,*,#11976,.T.) ;
#11996=ORIENTED_EDGE('',*,*,#11989,.T.) ;
#11997=ORIENTED_EDGE('',*,*,#11994,.T.) ;
#12014=ORIENTED_EDGE('',*,*,#12007,.T.) ;
#12015=ORIENTED_EDGE('',*,*,#12012,.T.) ;
#12032=ORIENTED_EDGE('',*,*,#12025,.T.) ;
#12033=ORIENTED_EDGE('',*,*,#12030,.T.) ;
#12050=ORIENTED_EDGE('',*,*,#12043,.T.) ;
#12051=ORIENTED_EDGE('',*,*,#12048,.T.) ;
#12061=ORIENTED_EDGE('',*,*,#11542,.F.) ;
#12062=ORIENTED_EDGE('',*,*,#10923,.F.) ;
#12063=ORIENTED_EDGE('',*,*,#11446,.F.) ;
#12064=ORIENTED_EDGE('',*,*,#11842,.T.) ;
#12084=ORIENTED_EDGE('',*,*,#10775,.T.) ;
#12085=ORIENTED_EDGE('',*,*,#12077,.T.) ;
#12086=ORIENTED_EDGE('',*,*,#11877,.F.) ;
#12087=ORIENTED_EDGE('',*,*,#12082,.F.) ;
#12088=ORIENTED_EDGE('',*,*,#10763,.T.) ;
#12093=ORIENTED_EDGE('',*,*,#11872,.F.) ;
#12094=ORIENTED_EDGE('',*,*,#12077,.F.) ;
#12095=ORIENTED_EDGE('',*,*,#10770,.T.) ;
#12096=ORIENTED_EDGE('',*,*,#12082,.T.) ;
#12125=ORIENTED_EDGE('',*,*,#12113,.F.) ;
#12126=ORIENTED_EDGE('',*,*,#12118,.F.) ;
#12127=ORIENTED_EDGE('',*,*,#11904,.F.) ;
#12128=ORIENTED_EDGE('',*,*,#12123,.T.) ;
#12138=ORIENTED_EDGE('',*,*,#12136,.F.) ;
#12139=ORIENTED_EDGE('',*,*,#12123,.F.) ;
#12140=ORIENTED_EDGE('',*,*,#11899,.F.) ;
#12141=ORIENTED_EDGE('',*,*,#12118,.T.) ;
#12170=ORIENTED_EDGE('',*,*,#12158,.F.) ;
#12171=ORIENTED_EDGE('',*,*,#12163,.F.) ;
#12172=ORIENTED_EDGE('',*,*,#11922,.F.) ;
#12173=ORIENTED_EDGE('',*,*,#12168,.T.) ;
#12183=ORIENTED_EDGE('',*,*,#12181,.F.) ;
#12184=ORIENTED_EDGE('',*,*,#12168,.F.) ;
#12185=ORIENTED_EDGE('',*,*,#11917,.F.) ;
#12186=ORIENTED_EDGE('',*,*,#12163,.T.) ;
#12215=ORIENTED_EDGE('',*,*,#12201,.T.) ;
#12216=ORIENTED_EDGE('',*,*,#12208,.F.) ;
#12217=ORIENTED_EDGE('',*,*,#12213,.F.) ;
#12218=ORIENTED_EDGE('',*,*,#11940,.F.) ;
#12228=ORIENTED_EDGE('',*,*,#12213,.T.) ;
#12229=ORIENTED_EDGE('',*,*,#12226,.F.) ;
#12230=ORIENTED_EDGE('',*,*,#12201,.F.) ;
#12231=ORIENTED_EDGE('',*,*,#11935,.F.) ;
#12260=ORIENTED_EDGE('',*,*,#12246,.T.) ;
#12261=ORIENTED_EDGE('',*,*,#12253,.F.) ;
#12262=ORIENTED_EDGE('',*,*,#12258,.F.) ;
#12263=ORIENTED_EDGE('',*,*,#11958,.F.) ;
#12273=ORIENTED_EDGE('',*,*,#12258,.T.) ;
#12274=ORIENTED_EDGE('',*,*,#12271,.F.) ;
#12275=ORIENTED_EDGE('',*,*,#12246,.F.) ;
#12276=ORIENTED_EDGE('',*,*,#11953,.F.) ;
#12305=ORIENTED_EDGE('',*,*,#12291,.T.) ;
#12306=ORIENTED_EDGE('',*,*,#12298,.F.) ;
#12307=ORIENTED_EDGE('',*,*,#12303,.F.) ;
#12308=ORIENTED_EDGE('',*,*,#11976,.F.) ;
#12318=ORIENTED_EDGE('',*,*,#12303,.T.) ;
#12319=ORIENTED_EDGE('',*,*,#12316,.F.) ;
#12320=ORIENTED_EDGE('',*,*,#12291,.F.) ;
#12321=ORIENTED_EDGE('',*,*,#11971,.F.) ;
#12350=ORIENTED_EDGE('',*,*,#12336,.T.) ;
#12351=ORIENTED_EDGE('',*,*,#12343,.F.) ;
#12352=ORIENTED_EDGE('',*,*,#12348,.F.) ;
#12353=ORIENTED_EDGE('',*,*,#11994,.F.) ;
#12363=ORIENTED_EDGE('',*,*,#12348,.T.) ;
#12364=ORIENTED_EDGE('',*,*,#12361,.F.) ;
#12365=ORIENTED_EDGE('',*,*,#12336,.F.) ;
#12366=ORIENTED_EDGE('',*,*,#11989,.F.) ;
#12390=ORIENTED_EDGE('',*,*,#12383,.T.) ;
#12391=ORIENTED_EDGE('',*,*,#12388,.T.) ;
#12394=ORIENTED_EDGE('',*,*,#12136,.T.) ;
#12395=ORIENTED_EDGE('',*,*,#12113,.T.) ;
#12414=ORIENTED_EDGE('',*,*,#12407,.T.) ;
#12415=ORIENTED_EDGE('',*,*,#12412,.T.) ;
#12418=ORIENTED_EDGE('',*,*,#12181,.T.) ;
#12419=ORIENTED_EDGE('',*,*,#12158,.T.) ;
#12443=ORIENTED_EDGE('',*,*,#11107,.T.) ;
#12444=ORIENTED_EDGE('',*,*,#11157,.F.) ;
#12445=ORIENTED_EDGE('',*,*,#11183,.F.) ;
#12446=ORIENTED_EDGE('',*,*,#12429,.T.) ;
#12447=ORIENTED_EDGE('',*,*,#12436,.T.) ;
#12448=ORIENTED_EDGE('',*,*,#12441,.T.) ;
#12451=ORIENTED_EDGE('',*,*,#12226,.T.) ;
#12452=ORIENTED_EDGE('',*,*,#12208,.T.) ;
#12476=ORIENTED_EDGE('',*,*,#11391,.F.) ;
#12477=ORIENTED_EDGE('',*,*,#11422,.F.) ;
#12478=ORIENTED_EDGE('',*,*,#11463,.F.) ;
#12479=ORIENTED_EDGE('',*,*,#12462,.T.) ;
#12480=ORIENTED_EDGE('',*,*,#12469,.T.) ;
#12481=ORIENTED_EDGE('',*,*,#12474,.T.) ;
#12484=ORIENTED_EDGE('',*,*,#12271,.T.) ;
#12485=ORIENTED_EDGE('',*,*,#12253,.T.) ;
#12528=ORIENTED_EDGE('',*,*,#11216,.T.) ;
#12529=ORIENTED_EDGE('',*,*,#11261,.F.) ;
#12530=ORIENTED_EDGE('',*,*,#11287,.T.) ;
#12531=ORIENTED_EDGE('',*,*,#11323,.F.) ;
#12532=ORIENTED_EDGE('',*,*,#11359,.T.) ;
#12533=ORIENTED_EDGE('',*,*,#12500,.F.) ;
#12534=ORIENTED_EDGE('',*,*,#12507,.F.) ;
#12535=ORIENTED_EDGE('',*,*,#12514,.F.) ;
#12536=ORIENTED_EDGE('',*,*,#12521,.F.) ;
#12537=ORIENTED_EDGE('',*,*,#12526,.F.) ;
#12540=ORIENTED_EDGE('',*,*,#12316,.T.) ;
#12541=ORIENTED_EDGE('',*,*,#12298,.T.) ;
#12544=ORIENTED_EDGE('',*,*,#12361,.T.) ;
#12545=ORIENTED_EDGE('',*,*,#12343,.T.) ;
#12565=ORIENTED_EDGE('',*,*,#10701,.T.) ;
#12566=ORIENTED_EDGE('',*,*,#12558,.F.) ;
#12567=ORIENTED_EDGE('',*,*,#12383,.F.) ;
#12568=ORIENTED_EDGE('',*,*,#12563,.T.) ;
#12573=ORIENTED_EDGE('',*,*,#10706,.T.) ;
#12574=ORIENTED_EDGE('',*,*,#12563,.F.) ;
#12575=ORIENTED_EDGE('',*,*,#12388,.F.) ;
#12576=ORIENTED_EDGE('',*,*,#12558,.T.) ;
#12596=ORIENTED_EDGE('',*,*,#10719,.T.) ;
#12597=ORIENTED_EDGE('',*,*,#12589,.F.) ;
#12598=ORIENTED_EDGE('',*,*,#12407,.F.) ;
#12599=ORIENTED_EDGE('',*,*,#12594,.T.) ;
#12604=ORIENTED_EDGE('',*,*,#10724,.T.) ;
#12605=ORIENTED_EDGE('',*,*,#12594,.F.) ;
#12606=ORIENTED_EDGE('',*,*,#12412,.F.) ;
#12607=ORIENTED_EDGE('',*,*,#12589,.T.) ;
#12622=ORIENTED_EDGE('',*,*,#11458,.F.) ;
#12623=ORIENTED_EDGE('',*,*,#10672,.T.) ;
#12624=ORIENTED_EDGE('',*,*,#11112,.T.) ;
#12625=ORIENTED_EDGE('',*,*,#12441,.F.) ;
#12626=ORIENTED_EDGE('',*,*,#12620,.T.) ;
#12627=ORIENTED_EDGE('',*,*,#12462,.F.) ;
#12647=ORIENTED_EDGE('',*,*,#12521,.T.) ;
#12648=ORIENTED_EDGE('',*,*,#12640,.T.) ;
#12649=ORIENTED_EDGE('',*,*,#12436,.F.) ;
#12650=ORIENTED_EDGE('',*,*,#12645,.F.) ;
#12660=ORIENTED_EDGE('',*,*,#11224,.T.) ;
#12661=ORIENTED_EDGE('',*,*,#12526,.T.) ;
#12662=ORIENTED_EDGE('',*,*,#12645,.T.) ;
#12663=ORIENTED_EDGE('',*,*,#12429,.F.) ;
#12678=ORIENTED_EDGE('',*,*,#11354,.F.) ;
#12679=ORIENTED_EDGE('',*,*,#12474,.F.) ;
#12680=ORIENTED_EDGE('',*,*,#12676,.F.) ;
#12681=ORIENTED_EDGE('',*,*,#12500,.T.) ;
#12696=ORIENTED_EDGE('',*,*,#12507,.T.) ;
#12697=ORIENTED_EDGE('',*,*,#12676,.T.) ;
#12698=ORIENTED_EDGE('',*,*,#12469,.F.) ;
#12699=ORIENTED_EDGE('',*,*,#12694,.F.) ;
#12709=ORIENTED_EDGE('',*,*,#12514,.T.) ;
#12710=ORIENTED_EDGE('',*,*,#12694,.T.) ;
#12711=ORIENTED_EDGE('',*,*,#12620,.F.) ;
#12712=ORIENTED_EDGE('',*,*,#12640,.F.) ;
#12717=ORIENTED_EDGE('',*,*,#11824,.F.) ;
#12718=ORIENTED_EDGE('',*,*,#10737,.T.) ;
#12719=ORIENTED_EDGE('',*,*,#10749,.T.) ;
#12720=ORIENTED_EDGE('',*,*,#11819,.T.) ;
#12721=ORIENTED_EDGE('',*,*,#11886,.F.) ;
#12736=ORIENTED_EDGE('',*,*,#12734,.T.) ;
#12737=ORIENTED_EDGE('',*,*,#9597,.F.) ;
#12738=ORIENTED_EDGE('',*,*,#9566,.T.) ;
#12739=ORIENTED_EDGE('',*,*,#9542,.T.) ;
#12740=ORIENTED_EDGE('',*,*,#9511,.F.) ;
#12741=ORIENTED_EDGE('',*,*,#9473,.T.) ;
#12742=ORIENTED_EDGE('',*,*,#9442,.T.) ;
#12743=ORIENTED_EDGE('',*,*,#9409,.F.) ;
#12760=ORIENTED_EDGE('',*,*,#12753,.F.) ;
#12761=ORIENTED_EDGE('',*,*,#12758,.F.) ;
#12771=ORIENTED_EDGE('',*,*,#9402,.F.) ;
#12772=ORIENTED_EDGE('',*,*,#9337,.F.) ;
#12773=ORIENTED_EDGE('',*,*,#11718,.F.) ;
#12774=ORIENTED_EDGE('',*,*,#9607,.T.) ;
#12775=ORIENTED_EDGE('',*,*,#12734,.F.) ;
#12804=ORIENTED_EDGE('',*,*,#12753,.T.) ;
#12805=ORIENTED_EDGE('',*,*,#12790,.T.) ;
#12806=ORIENTED_EDGE('',*,*,#12797,.T.) ;
#12807=ORIENTED_EDGE('',*,*,#12802,.F.) ;
#12817=ORIENTED_EDGE('',*,*,#12758,.T.) ;
#12818=ORIENTED_EDGE('',*,*,#12802,.T.) ;
#12819=ORIENTED_EDGE('',*,*,#12815,.T.) ;
#12820=ORIENTED_EDGE('',*,*,#12790,.F.) ;
#12830=ORIENTED_EDGE('',*,*,#11658,.T.) ;
#12831=ORIENTED_EDGE('',*,*,#11627,.F.) ;
#12832=ORIENTED_EDGE('',*,*,#11596,.T.) ;
#12833=ORIENTED_EDGE('',*,*,#11791,.F.) ;
#12834=ORIENTED_EDGE('',*,*,#9286,.F.) ;
#12835=ORIENTED_EDGE('',*,*,#10398,.T.) ;
#12836=ORIENTED_EDGE('',*,*,#10386,.T.) ;
#12837=ORIENTED_EDGE('',*,*,#10464,.F.) ;
#12838=ORIENTED_EDGE('',*,*,#9421,.F.) ;
#12839=ORIENTED_EDGE('',*,*,#9454,.F.) ;
#12840=ORIENTED_EDGE('',*,*,#9485,.T.) ;
#12841=ORIENTED_EDGE('',*,*,#9504,.T.) ;
#12842=ORIENTED_EDGE('',*,*,#9535,.T.) ;
#12843=ORIENTED_EDGE('',*,*,#9578,.F.) ;
#12844=ORIENTED_EDGE('',*,*,#9626,.F.) ;
#12845=ORIENTED_EDGE('',*,*,#9647,.F.) ;
#12846=ORIENTED_EDGE('',*,*,#9678,.F.) ;
#12847=ORIENTED_EDGE('',*,*,#9721,.T.) ;
#12848=ORIENTED_EDGE('',*,*,#9752,.T.) ;
#12849=ORIENTED_EDGE('',*,*,#9783,.T.) ;
#12850=ORIENTED_EDGE('',*,*,#9802,.F.) ;
#12851=ORIENTED_EDGE('',*,*,#9828,.F.) ;
#12852=ORIENTED_EDGE('',*,*,#9871,.F.) ;
#12853=ORIENTED_EDGE('',*,*,#9264,.F.) ;
#12854=ORIENTED_EDGE('',*,*,#9173,.T.) ;
#12855=ORIENTED_EDGE('',*,*,#9223,.F.) ;
#12856=ORIENTED_EDGE('',*,*,#9903,.T.) ;
#12857=ORIENTED_EDGE('',*,*,#9922,.T.) ;
#12858=ORIENTED_EDGE('',*,*,#9965,.T.) ;
#12859=ORIENTED_EDGE('',*,*,#9984,.T.) ;
#12860=ORIENTED_EDGE('',*,*,#10015,.T.) ;
#12861=ORIENTED_EDGE('',*,*,#10053,.F.) ;
#12862=ORIENTED_EDGE('',*,*,#10101,.F.) ;
#12863=ORIENTED_EDGE('',*,*,#10122,.T.) ;
#12864=ORIENTED_EDGE('',*,*,#10153,.F.) ;
#12865=ORIENTED_EDGE('',*,*,#10196,.T.) ;
#12866=ORIENTED_EDGE('',*,*,#10227,.T.) ;
#12867=ORIENTED_EDGE('',*,*,#10258,.T.) ;
#12868=ORIENTED_EDGE('',*,*,#10277,.F.) ;
#12869=ORIENTED_EDGE('',*,*,#10303,.T.) ;
#12870=ORIENTED_EDGE('',*,*,#10334,.F.) ;
#12871=ORIENTED_EDGE('',*,*,#11753,.F.) ;
#12888=ORIENTED_EDGE('',*,*,#12881,.F.) ;
#12889=ORIENTED_EDGE('',*,*,#12886,.F.) ;
#12906=ORIENTED_EDGE('',*,*,#12899,.F.) ;
#12907=ORIENTED_EDGE('',*,*,#12904,.F.) ;
#12910=ORIENTED_EDGE('',*,*,#12797,.F.) ;
#12911=ORIENTED_EDGE('',*,*,#12815,.F.) ;
#12928=ORIENTED_EDGE('',*,*,#12921,.F.) ;
#12929=ORIENTED_EDGE('',*,*,#12926,.F.) ;
#12958=ORIENTED_EDGE('',*,*,#12946,.T.) ;
#12959=ORIENTED_EDGE('',*,*,#12951,.T.) ;
#12960=ORIENTED_EDGE('',*,*,#12881,.T.) ;
#12961=ORIENTED_EDGE('',*,*,#12956,.F.) ;
#12971=ORIENTED_EDGE('',*,*,#12969,.T.) ;
#12972=ORIENTED_EDGE('',*,*,#12956,.T.) ;
#12973=ORIENTED_EDGE('',*,*,#12886,.T.) ;
#12974=ORIENTED_EDGE('',*,*,#12951,.F.) ;
#13003=ORIENTED_EDGE('',*,*,#12991,.T.) ;
#13004=ORIENTED_EDGE('',*,*,#12996,.T.) ;
#13005=ORIENTED_EDGE('',*,*,#12899,.T.) ;
#13006=ORIENTED_EDGE('',*,*,#13001,.F.) ;
#13016=ORIENTED_EDGE('',*,*,#13014,.T.) ;
#13017=ORIENTED_EDGE('',*,*,#13001,.T.) ;
#13018=ORIENTED_EDGE('',*,*,#12904,.T.) ;
#13019=ORIENTED_EDGE('',*,*,#12996,.F.) ;
#13048=ORIENTED_EDGE('',*,*,#13036,.T.) ;
#13049=ORIENTED_EDGE('',*,*,#13041,.T.) ;
#13050=ORIENTED_EDGE('',*,*,#12921,.T.) ;
#13051=ORIENTED_EDGE('',*,*,#13046,.F.) ;
#13061=ORIENTED_EDGE('',*,*,#13059,.T.) ;
#13062=ORIENTED_EDGE('',*,*,#13046,.T.) ;
#13063=ORIENTED_EDGE('',*,*,#12926,.T.) ;
#13064=ORIENTED_EDGE('',*,*,#13041,.F.) ;
#13074=ORIENTED_EDGE('',*,*,#13072,.T.) ;
#13075=ORIENTED_EDGE('',*,*,#11781,.T.) ;
#13076=ORIENTED_EDGE('',*,*,#11582,.T.) ;
#13077=ORIENTED_EDGE('',*,*,#11620,.T.) ;
#13078=ORIENTED_EDGE('',*,*,#11651,.T.) ;
#13079=ORIENTED_EDGE('',*,*,#11765,.T.) ;
#13082=ORIENTED_EDGE('',*,*,#13059,.F.) ;
#13083=ORIENTED_EDGE('',*,*,#13036,.F.) ;
#13093=ORIENTED_EDGE('',*,*,#11760,.F.) ;
#13094=ORIENTED_EDGE('',*,*,#11689,.T.) ;
#13095=ORIENTED_EDGE('',*,*,#11786,.T.) ;
#13096=ORIENTED_EDGE('',*,*,#13072,.F.) ;
#13120=ORIENTED_EDGE('',*,*,#13106,.T.) ;
#13121=ORIENTED_EDGE('',*,*,#13113,.T.) ;
#13122=ORIENTED_EDGE('',*,*,#13118,.T.) ;
#13123=ORIENTED_EDGE('',*,*,#10072,.F.) ;
#13124=ORIENTED_EDGE('',*,*,#10041,.T.) ;
#13125=ORIENTED_EDGE('',*,*,#10022,.T.) ;
#13126=ORIENTED_EDGE('',*,*,#9991,.F.) ;
#13127=ORIENTED_EDGE('',*,*,#9953,.T.) ;
#13128=ORIENTED_EDGE('',*,*,#9929,.F.) ;
#13129=ORIENTED_EDGE('',*,*,#9891,.T.) ;
#13130=ORIENTED_EDGE('',*,*,#9211,.T.) ;
#13131=ORIENTED_EDGE('',*,*,#9187,.T.) ;
#13132=ORIENTED_EDGE('',*,*,#9259,.T.) ;
#13135=ORIENTED_EDGE('',*,*,#12946,.F.) ;
#13136=ORIENTED_EDGE('',*,*,#12969,.F.) ;
#13139=ORIENTED_EDGE('',*,*,#12991,.F.) ;
#13140=ORIENTED_EDGE('',*,*,#13014,.F.) ;
#13157=ORIENTED_EDGE('',*,*,#11701,.F.) ;
#13158=ORIENTED_EDGE('',*,*,#10082,.T.) ;
#13159=ORIENTED_EDGE('',*,*,#13118,.F.) ;
#13160=ORIENTED_EDGE('',*,*,#13155,.T.) ;
#13177=ORIENTED_EDGE('',*,*,#11708,.T.) ;
#13178=ORIENTED_EDGE('',*,*,#13155,.F.) ;
#13179=ORIENTED_EDGE('',*,*,#13113,.F.) ;
#13180=ORIENTED_EDGE('',*,*,#13175,.T.) ;
#13190=ORIENTED_EDGE('',*,*,#9254,.F.) ;
#13191=ORIENTED_EDGE('',*,*,#9866,.F.) ;
#13192=ORIENTED_EDGE('',*,*,#11713,.T.) ;
#13193=ORIENTED_EDGE('',*,*,#13175,.F.) ;
#13194=ORIENTED_EDGE('',*,*,#13106,.F.) ;
#13214=ORIENTED_EDGE('',*,*,#10789,.T.) ;
#13215=ORIENTED_EDGE('',*,*,#13207,.T.) ;
#13216=ORIENTED_EDGE('',*,*,#12007,.F.) ;
#13217=ORIENTED_EDGE('',*,*,#13212,.F.) ;
#13222=ORIENTED_EDGE('',*,*,#10794,.T.) ;
#13223=ORIENTED_EDGE('',*,*,#13212,.T.) ;
#13224=ORIENTED_EDGE('',*,*,#12012,.F.) ;
#13225=ORIENTED_EDGE('',*,*,#13207,.F.) ;
#13245=ORIENTED_EDGE('',*,*,#10807,.T.) ;
#13246=ORIENTED_EDGE('',*,*,#13238,.T.) ;
#13247=ORIENTED_EDGE('',*,*,#12025,.F.) ;
#13248=ORIENTED_EDGE('',*,*,#13243,.F.) ;
#13253=ORIENTED_EDGE('',*,*,#10812,.T.) ;
#13254=ORIENTED_EDGE('',*,*,#13243,.T.) ;
#13255=ORIENTED_EDGE('',*,*,#12030,.F.) ;
#13256=ORIENTED_EDGE('',*,*,#13238,.F.) ;
#13276=ORIENTED_EDGE('',*,*,#10825,.T.) ;
#13277=ORIENTED_EDGE('',*,*,#13269,.T.) ;
#13278=ORIENTED_EDGE('',*,*,#12043,.F.) ;
#13279=ORIENTED_EDGE('',*,*,#13274,.F.) ;
#13284=ORIENTED_EDGE('',*,*,#10830,.T.) ;
#13285=ORIENTED_EDGE('',*,*,#13274,.T.) ;
#13286=ORIENTED_EDGE('',*,*,#12048,.F.) ;
#13287=ORIENTED_EDGE('',*,*,#13269,.F.) ;
#13328=ORIENTED_EDGE('',*,*,#13307,.T.) ;
#13329=ORIENTED_EDGE('',*,*,#13314,.T.) ;
#13330=ORIENTED_EDGE('',*,*,#13321,.F.) ;
#13331=ORIENTED_EDGE('',*,*,#13326,.F.) ;
#13438=ORIENTED_EDGE('',*,*,#13347,.F.) ;
#13439=ORIENTED_EDGE('',*,*,#13354,.T.) ;
#13440=ORIENTED_EDGE('',*,*,#13361,.T.) ;
#13441=ORIENTED_EDGE('',*,*,#13368,.F.) ;
#13442=ORIENTED_EDGE('',*,*,#13375,.T.) ;
#13443=ORIENTED_EDGE('',*,*,#13382,.F.) ;
#13444=ORIENTED_EDGE('',*,*,#13389,.F.) ;
#13445=ORIENTED_EDGE('',*,*,#13396,.T.) ;
#13446=ORIENTED_EDGE('',*,*,#13403,.T.) ;
#13447=ORIENTED_EDGE('',*,*,#13410,.T.) ;
#13448=ORIENTED_EDGE('',*,*,#13417,.T.) ;
#13449=ORIENTED_EDGE('',*,*,#13424,.F.) ;
#13450=ORIENTED_EDGE('',*,*,#13431,.F.) ;
#13451=ORIENTED_EDGE('',*,*,#13436,.T.) ;
#13473=ORIENTED_EDGE('',*,*,#13314,.F.) ;
#13474=ORIENTED_EDGE('',*,*,#13459,.T.) ;
#13475=ORIENTED_EDGE('',*,*,#13466,.T.) ;
#13476=ORIENTED_EDGE('',*,*,#13471,.T.) ;
#13497=ORIENTED_EDGE('',*,*,#13490,.T.) ;
#13498=ORIENTED_EDGE('',*,*,#13459,.F.) ;
#13499=ORIENTED_EDGE('',*,*,#13307,.F.) ;
#13500=ORIENTED_EDGE('',*,*,#13495,.F.) ;
#13528=ORIENTED_EDGE('',*,*,#13514,.T.) ;
#13529=ORIENTED_EDGE('',*,*,#13521,.T.) ;
#13530=ORIENTED_EDGE('',*,*,#13526,.F.) ;
#13531=ORIENTED_EDGE('',*,*,#13436,.F.) ;
#13559=ORIENTED_EDGE('',*,*,#13545,.T.) ;
#13560=ORIENTED_EDGE('',*,*,#13552,.F.) ;
#13561=ORIENTED_EDGE('',*,*,#13557,.F.) ;
#13562=ORIENTED_EDGE('',*,*,#13417,.F.) ;
#13583=ORIENTED_EDGE('',*,*,#13576,.T.) ;
#13584=ORIENTED_EDGE('',*,*,#13581,.T.) ;
#13585=ORIENTED_EDGE('',*,*,#13545,.F.) ;
#13586=ORIENTED_EDGE('',*,*,#13410,.F.) ;
#13607=ORIENTED_EDGE('',*,*,#13600,.T.) ;
#13608=ORIENTED_EDGE('',*,*,#13605,.T.) ;
#13609=ORIENTED_EDGE('',*,*,#13576,.F.) ;
#13610=ORIENTED_EDGE('',*,*,#13403,.F.) ;
#13631=ORIENTED_EDGE('',*,*,#13624,.T.) ;
#13632=ORIENTED_EDGE('',*,*,#13629,.T.) ;
#13633=ORIENTED_EDGE('',*,*,#13600,.F.) ;
#13634=ORIENTED_EDGE('',*,*,#13396,.F.) ;
#13662=ORIENTED_EDGE('',*,*,#13648,.T.) ;
#13663=ORIENTED_EDGE('',*,*,#13655,.F.) ;
#13664=ORIENTED_EDGE('',*,*,#13660,.F.) ;
#13665=ORIENTED_EDGE('',*,*,#13375,.F.) ;
#13693=ORIENTED_EDGE('',*,*,#13679,.T.) ;
#13694=ORIENTED_EDGE('',*,*,#13686,.F.) ;
#13695=ORIENTED_EDGE('',*,*,#13691,.F.) ;
#13696=ORIENTED_EDGE('',*,*,#13361,.F.) ;
#13717=ORIENTED_EDGE('',*,*,#13710,.T.) ;
#13718=ORIENTED_EDGE('',*,*,#13715,.T.) ;
#13719=ORIENTED_EDGE('',*,*,#13679,.F.) ;
#13720=ORIENTED_EDGE('',*,*,#13354,.F.) ;
#13741=ORIENTED_EDGE('',*,*,#13734,.T.) ;
#13742=ORIENTED_EDGE('',*,*,#13739,.T.) ;
#13743=ORIENTED_EDGE('',*,*,#13466,.F.) ;
#13744=ORIENTED_EDGE('',*,*,#13490,.F.) ;
#13758=ORIENTED_EDGE('',*,*,#13347,.T.) ;
#13759=ORIENTED_EDGE('',*,*,#13526,.T.) ;
#13760=ORIENTED_EDGE('',*,*,#13756,.T.) ;
#13761=ORIENTED_EDGE('',*,*,#13710,.F.) ;
#13775=ORIENTED_EDGE('',*,*,#13368,.T.) ;
#13776=ORIENTED_EDGE('',*,*,#13691,.T.) ;
#13777=ORIENTED_EDGE('',*,*,#13773,.F.) ;
#13778=ORIENTED_EDGE('',*,*,#13648,.F.) ;
#13799=ORIENTED_EDGE('',*,*,#13382,.T.) ;
#13800=ORIENTED_EDGE('',*,*,#13660,.T.) ;
#13801=ORIENTED_EDGE('',*,*,#13792,.F.) ;
#13802=ORIENTED_EDGE('',*,*,#13797,.F.) ;
#13816=ORIENTED_EDGE('',*,*,#13389,.T.) ;
#13817=ORIENTED_EDGE('',*,*,#13797,.T.) ;
#13818=ORIENTED_EDGE('',*,*,#13814,.F.) ;
#13819=ORIENTED_EDGE('',*,*,#13624,.F.) ;
#13840=ORIENTED_EDGE('',*,*,#13424,.T.) ;
#13841=ORIENTED_EDGE('',*,*,#13557,.T.) ;
#13842=ORIENTED_EDGE('',*,*,#13833,.F.) ;
#13843=ORIENTED_EDGE('',*,*,#13838,.F.) ;
#13857=ORIENTED_EDGE('',*,*,#13431,.T.) ;
#13858=ORIENTED_EDGE('',*,*,#13838,.T.) ;
#13859=ORIENTED_EDGE('',*,*,#13855,.F.) ;
#13860=ORIENTED_EDGE('',*,*,#13514,.F.) ;
#13874=ORIENTED_EDGE('',*,*,#13321,.T.) ;
#13875=ORIENTED_EDGE('',*,*,#13471,.F.) ;
#13876=ORIENTED_EDGE('',*,*,#13739,.F.) ;
#13877=ORIENTED_EDGE('',*,*,#13872,.F.) ;
#13886=ORIENTED_EDGE('',*,*,#13521,.F.) ;
#13887=ORIENTED_EDGE('',*,*,#13855,.T.) ;
#13888=ORIENTED_EDGE('',*,*,#13833,.T.) ;
#13889=ORIENTED_EDGE('',*,*,#13552,.T.) ;
#13890=ORIENTED_EDGE('',*,*,#13581,.F.) ;
#13891=ORIENTED_EDGE('',*,*,#13605,.F.) ;
#13892=ORIENTED_EDGE('',*,*,#13629,.F.) ;
#13893=ORIENTED_EDGE('',*,*,#13814,.T.) ;
#13894=ORIENTED_EDGE('',*,*,#13792,.T.) ;
#13895=ORIENTED_EDGE('',*,*,#13655,.T.) ;
#13896=ORIENTED_EDGE('',*,*,#13773,.T.) ;
#13897=ORIENTED_EDGE('',*,*,#13686,.T.) ;
#13898=ORIENTED_EDGE('',*,*,#13715,.F.) ;
#13899=ORIENTED_EDGE('',*,*,#13756,.F.) ;
#13902=ORIENTED_EDGE('',*,*,#13872,.T.) ;
#13903=ORIENTED_EDGE('',*,*,#13734,.F.) ;
#13904=ORIENTED_EDGE('',*,*,#13495,.T.) ;
#13905=ORIENTED_EDGE('',*,*,#13326,.T.) ;
#13945=ORIENTED_EDGE('',*,*,#13924,.T.) ;
#13946=ORIENTED_EDGE('',*,*,#13931,.F.) ;
#13947=ORIENTED_EDGE('',*,*,#13938,.F.) ;
#13948=ORIENTED_EDGE('',*,*,#13943,.F.) ;
#13976=ORIENTED_EDGE('',*,*,#13962,.F.) ;
#13977=ORIENTED_EDGE('',*,*,#13943,.T.) ;
#13978=ORIENTED_EDGE('',*,*,#13969,.F.) ;
#13979=ORIENTED_EDGE('',*,*,#13974,.F.) ;
#14007=ORIENTED_EDGE('',*,*,#13993,.T.) ;
#14008=ORIENTED_EDGE('',*,*,#13974,.T.) ;
#14009=ORIENTED_EDGE('',*,*,#14000,.F.) ;
#14010=ORIENTED_EDGE('',*,*,#14005,.F.) ;
#14038=ORIENTED_EDGE('',*,*,#14005,.T.) ;
#14039=ORIENTED_EDGE('',*,*,#14024,.T.) ;
#14040=ORIENTED_EDGE('',*,*,#14031,.F.) ;
#14041=ORIENTED_EDGE('',*,*,#14036,.T.) ;
#14069=ORIENTED_EDGE('',*,*,#14031,.T.) ;
#14070=ORIENTED_EDGE('',*,*,#14055,.T.) ;
#14071=ORIENTED_EDGE('',*,*,#14062,.F.) ;
#14072=ORIENTED_EDGE('',*,*,#14067,.F.) ;
#14100=ORIENTED_EDGE('',*,*,#14086,.F.) ;
#14101=ORIENTED_EDGE('',*,*,#14062,.T.) ;
#14102=ORIENTED_EDGE('',*,*,#14093,.F.) ;
#14103=ORIENTED_EDGE('',*,*,#14098,.F.) ;
#14131=ORIENTED_EDGE('',*,*,#14119,.F.) ;
#14132=ORIENTED_EDGE('',*,*,#14124,.T.) ;
#14133=ORIENTED_EDGE('',*,*,#14093,.T.) ;
#14134=ORIENTED_EDGE('',*,*,#14055,.F.) ;
#14135=ORIENTED_EDGE('',*,*,#14024,.F.) ;
#14136=ORIENTED_EDGE('',*,*,#14000,.T.) ;
#14137=ORIENTED_EDGE('',*,*,#13969,.T.) ;
#14138=ORIENTED_EDGE('',*,*,#13938,.T.) ;
#14139=ORIENTED_EDGE('',*,*,#14129,.F.) ;
#14160=ORIENTED_EDGE('',*,*,#14129,.T.) ;
#14161=ORIENTED_EDGE('',*,*,#13931,.T.) ;
#14162=ORIENTED_EDGE('',*,*,#14153,.F.) ;
#14163=ORIENTED_EDGE('',*,*,#14158,.F.) ;
#14184=ORIENTED_EDGE('',*,*,#14177,.T.) ;
#14185=ORIENTED_EDGE('',*,*,#14153,.T.) ;
#14186=ORIENTED_EDGE('',*,*,#13924,.F.) ;
#14187=ORIENTED_EDGE('',*,*,#13962,.T.) ;
#14188=ORIENTED_EDGE('',*,*,#13993,.F.) ;
#14189=ORIENTED_EDGE('',*,*,#14036,.F.) ;
#14190=ORIENTED_EDGE('',*,*,#14067,.T.) ;
#14191=ORIENTED_EDGE('',*,*,#14086,.T.) ;
#14192=ORIENTED_EDGE('',*,*,#14182,.F.) ;
#14206=ORIENTED_EDGE('',*,*,#14204,.F.) ;
#14207=ORIENTED_EDGE('',*,*,#14182,.T.) ;
#14208=ORIENTED_EDGE('',*,*,#14098,.T.) ;
#14209=ORIENTED_EDGE('',*,*,#14124,.F.) ;
#14218=ORIENTED_EDGE('',*,*,#14119,.T.) ;
#14219=ORIENTED_EDGE('',*,*,#14158,.T.) ;
#14220=ORIENTED_EDGE('',*,*,#14177,.F.) ;
#14221=ORIENTED_EDGE('',*,*,#14204,.T.) ;
#14261=ORIENTED_EDGE('',*,*,#14240,.T.) ;
#14262=ORIENTED_EDGE('',*,*,#14247,.F.) ;
#14263=ORIENTED_EDGE('',*,*,#14254,.F.) ;
#14264=ORIENTED_EDGE('',*,*,#14259,.T.) ;
#14292=ORIENTED_EDGE('',*,*,#14280,.T.) ;
#14293=ORIENTED_EDGE('',*,*,#14285,.T.) ;
#14294=ORIENTED_EDGE('',*,*,#14259,.F.) ;
#14295=ORIENTED_EDGE('',*,*,#14290,.F.) ;
#14323=ORIENTED_EDGE('',*,*,#14309,.T.) ;
#14324=ORIENTED_EDGE('',*,*,#14247,.T.) ;
#14325=ORIENTED_EDGE('',*,*,#14316,.F.) ;
#14326=ORIENTED_EDGE('',*,*,#14321,.F.) ;
#14361=ORIENTED_EDGE('',*,*,#14340,.T.) ;
#14362=ORIENTED_EDGE('',*,*,#14347,.F.) ;
#14363=ORIENTED_EDGE('',*,*,#14354,.T.) ;
#14364=ORIENTED_EDGE('',*,*,#14359,.T.) ;
#14365=ORIENTED_EDGE('',*,*,#14316,.T.) ;
#14366=ORIENTED_EDGE('',*,*,#14240,.F.) ;
#14367=ORIENTED_EDGE('',*,*,#14285,.F.) ;
#14402=ORIENTED_EDGE('',*,*,#14381,.F.) ;
#14403=ORIENTED_EDGE('',*,*,#14388,.T.) ;
#14404=ORIENTED_EDGE('',*,*,#14395,.T.) ;
#14405=ORIENTED_EDGE('',*,*,#14400,.T.) ;
#14406=ORIENTED_EDGE('',*,*,#14290,.T.) ;
#14407=ORIENTED_EDGE('',*,*,#14254,.T.) ;
#14408=ORIENTED_EDGE('',*,*,#14309,.F.) ;
#14427=ORIENTED_EDGE('',*,*,#14420,.T.) ;
#14428=ORIENTED_EDGE('',*,*,#14347,.T.) ;
#14429=ORIENTED_EDGE('',*,*,#14425,.F.) ;
#14430=ORIENTED_EDGE('',*,*,#14395,.F.) ;
#14439=ORIENTED_EDGE('',*,*,#14400,.F.) ;
#14440=ORIENTED_EDGE('',*,*,#14425,.T.) ;
#14441=ORIENTED_EDGE('',*,*,#14340,.F.) ;
#14442=ORIENTED_EDGE('',*,*,#14280,.F.) ;
#14456=ORIENTED_EDGE('',*,*,#14388,.F.) ;
#14457=ORIENTED_EDGE('',*,*,#14454,.T.) ;
#14458=ORIENTED_EDGE('',*,*,#14354,.F.) ;
#14459=ORIENTED_EDGE('',*,*,#14420,.F.) ;
#14468=ORIENTED_EDGE('',*,*,#14381,.T.) ;
#14469=ORIENTED_EDGE('',*,*,#14321,.T.) ;
#14470=ORIENTED_EDGE('',*,*,#14359,.F.) ;
#14471=ORIENTED_EDGE('',*,*,#14454,.F.) ;
#14511=ORIENTED_EDGE('',*,*,#14490,.T.) ;
#14512=ORIENTED_EDGE('',*,*,#14497,.F.) ;
#14513=ORIENTED_EDGE('',*,*,#14504,.F.) ;
#14514=ORIENTED_EDGE('',*,*,#14509,.F.) ;
#14542=ORIENTED_EDGE('',*,*,#14528,.F.) ;
#14543=ORIENTED_EDGE('',*,*,#14509,.T.) ;
#14544=ORIENTED_EDGE('',*,*,#14535,.F.) ;
#14545=ORIENTED_EDGE('',*,*,#14540,.F.) ;
#14573=ORIENTED_EDGE('',*,*,#14559,.T.) ;
#14574=ORIENTED_EDGE('',*,*,#14540,.T.) ;
#14575=ORIENTED_EDGE('',*,*,#14566,.F.) ;
#14576=ORIENTED_EDGE('',*,*,#14571,.F.) ;
#14604=ORIENTED_EDGE('',*,*,#14571,.T.) ;
#14605=ORIENTED_EDGE('',*,*,#14590,.T.) ;
#14606=ORIENTED_EDGE('',*,*,#14597,.F.) ;
#14607=ORIENTED_EDGE('',*,*,#14602,.T.) ;
#14635=ORIENTED_EDGE('',*,*,#14597,.T.) ;
#14636=ORIENTED_EDGE('',*,*,#14621,.T.) ;
#14637=ORIENTED_EDGE('',*,*,#14628,.F.) ;
#14638=ORIENTED_EDGE('',*,*,#14633,.F.) ;
#14666=ORIENTED_EDGE('',*,*,#14652,.F.) ;
#14667=ORIENTED_EDGE('',*,*,#14628,.T.) ;
#14668=ORIENTED_EDGE('',*,*,#14659,.F.) ;
#14669=ORIENTED_EDGE('',*,*,#14664,.F.) ;
#14697=ORIENTED_EDGE('',*,*,#14685,.F.) ;
#14698=ORIENTED_EDGE('',*,*,#14690,.T.) ;
#14699=ORIENTED_EDGE('',*,*,#14659,.T.) ;
#14700=ORIENTED_EDGE('',*,*,#14621,.F.) ;
#14701=ORIENTED_EDGE('',*,*,#14590,.F.) ;
#14702=ORIENTED_EDGE('',*,*,#14566,.T.) ;
#14703=ORIENTED_EDGE('',*,*,#14535,.T.) ;
#14704=ORIENTED_EDGE('',*,*,#14504,.T.) ;
#14705=ORIENTED_EDGE('',*,*,#14695,.F.) ;
#14726=ORIENTED_EDGE('',*,*,#14695,.T.) ;
#14727=ORIENTED_EDGE('',*,*,#14497,.T.) ;
#14728=ORIENTED_EDGE('',*,*,#14719,.F.) ;
#14729=ORIENTED_EDGE('',*,*,#14724,.F.) ;
#14750=ORIENTED_EDGE('',*,*,#14743,.T.) ;
#14751=ORIENTED_EDGE('',*,*,#14719,.T.) ;
#14752=ORIENTED_EDGE('',*,*,#14490,.F.) ;
#14753=ORIENTED_EDGE('',*,*,#14528,.T.) ;
#14754=ORIENTED_EDGE('',*,*,#14559,.F.) ;
#14755=ORIENTED_EDGE('',*,*,#14602,.F.) ;
#14756=ORIENTED_EDGE('',*,*,#14633,.T.) ;
#14757=ORIENTED_EDGE('',*,*,#14652,.T.) ;
#14758=ORIENTED_EDGE('',*,*,#14748,.F.) ;
#14772=ORIENTED_EDGE('',*,*,#14770,.F.) ;
#14773=ORIENTED_EDGE('',*,*,#14748,.T.) ;
#14774=ORIENTED_EDGE('',*,*,#14664,.T.) ;
#14775=ORIENTED_EDGE('',*,*,#14690,.F.) ;
#14784=ORIENTED_EDGE('',*,*,#14685,.T.) ;
#14785=ORIENTED_EDGE('',*,*,#14724,.T.) ;
#14786=ORIENTED_EDGE('',*,*,#14743,.F.) ;
#14787=ORIENTED_EDGE('',*,*,#14770,.T.) ;
#14827=ORIENTED_EDGE('',*,*,#14806,.T.) ;
#14828=ORIENTED_EDGE('',*,*,#14813,.F.) ;
#14829=ORIENTED_EDGE('',*,*,#14820,.F.) ;
#14830=ORIENTED_EDGE('',*,*,#14825,.T.) ;
#14858=ORIENTED_EDGE('',*,*,#14846,.T.) ;
#14859=ORIENTED_EDGE('',*,*,#14851,.T.) ;
#14860=ORIENTED_EDGE('',*,*,#14825,.F.) ;
#14861=ORIENTED_EDGE('',*,*,#14856,.F.) ;
#14889=ORIENTED_EDGE('',*,*,#14875,.T.) ;
#14890=ORIENTED_EDGE('',*,*,#14813,.T.) ;
#14891=ORIENTED_EDGE('',*,*,#14882,.F.) ;
#14892=ORIENTED_EDGE('',*,*,#14887,.F.) ;
#14927=ORIENTED_EDGE('',*,*,#14906,.T.) ;
#14928=ORIENTED_EDGE('',*,*,#14913,.F.) ;
#14929=ORIENTED_EDGE('',*,*,#14920,.T.) ;
#14930=ORIENTED_EDGE('',*,*,#14925,.T.) ;
#14931=ORIENTED_EDGE('',*,*,#14882,.T.) ;
#14932=ORIENTED_EDGE('',*,*,#14806,.F.) ;
#14933=ORIENTED_EDGE('',*,*,#14851,.F.) ;
#14968=ORIENTED_EDGE('',*,*,#14947,.F.) ;
#14969=ORIENTED_EDGE('',*,*,#14954,.T.) ;
#14970=ORIENTED_EDGE('',*,*,#14961,.T.) ;
#14971=ORIENTED_EDGE('',*,*,#14966,.T.) ;
#14972=ORIENTED_EDGE('',*,*,#14856,.T.) ;
#14973=ORIENTED_EDGE('',*,*,#14820,.T.) ;
#14974=ORIENTED_EDGE('',*,*,#14875,.F.) ;
#14993=ORIENTED_EDGE('',*,*,#14986,.T.) ;
#14994=ORIENTED_EDGE('',*,*,#14913,.T.) ;
#14995=ORIENTED_EDGE('',*,*,#14991,.F.) ;
#14996=ORIENTED_EDGE('',*,*,#14961,.F.) ;
#15005=ORIENTED_EDGE('',*,*,#14966,.F.) ;
#15006=ORIENTED_EDGE('',*,*,#14991,.T.) ;
#15007=ORIENTED_EDGE('',*,*,#14906,.F.) ;
#15008=ORIENTED_EDGE('',*,*,#14846,.F.) ;
#15022=ORIENTED_EDGE('',*,*,#14954,.F.) ;
#15023=ORIENTED_EDGE('',*,*,#15020,.T.) ;
#15024=ORIENTED_EDGE('',*,*,#14920,.F.) ;
#15025=ORIENTED_EDGE('',*,*,#14986,.F.) ;
#15034=ORIENTED_EDGE('',*,*,#14947,.T.) ;
#15035=ORIENTED_EDGE('',*,*,#14887,.T.) ;
#15036=ORIENTED_EDGE('',*,*,#14925,.F.) ;
#15037=ORIENTED_EDGE('',*,*,#15020,.F.) ;
#15077=ORIENTED_EDGE('',*,*,#15056,.F.) ;
#15078=ORIENTED_EDGE('',*,*,#15063,.T.) ;
#15079=ORIENTED_EDGE('',*,*,#15070,.T.) ;
#15080=ORIENTED_EDGE('',*,*,#15075,.F.) ;
#15103=ORIENTED_EDGE('',*,*,#15089,.F.) ;
#15104=ORIENTED_EDGE('',*,*,#15070,.F.) ;
#15105=ORIENTED_EDGE('',*,*,#15096,.F.) ;
#15106=ORIENTED_EDGE('',*,*,#15101,.F.) ;
#15127=ORIENTED_EDGE('',*,*,#15120,.F.) ;
#15128=ORIENTED_EDGE('',*,*,#15125,.T.) ;
#15129=ORIENTED_EDGE('',*,*,#15096,.T.) ;
#15130=ORIENTED_EDGE('',*,*,#15063,.F.) ;
#15151=ORIENTED_EDGE('',*,*,#15144,.F.) ;
#15152=ORIENTED_EDGE('',*,*,#15149,.T.) ;
#15153=ORIENTED_EDGE('',*,*,#15101,.T.) ;
#15154=ORIENTED_EDGE('',*,*,#15125,.F.) ;
#15163=ORIENTED_EDGE('',*,*,#15056,.T.) ;
#15164=ORIENTED_EDGE('',*,*,#15161,.T.) ;
#15165=ORIENTED_EDGE('',*,*,#15144,.T.) ;
#15166=ORIENTED_EDGE('',*,*,#15120,.T.) ;
#15175=ORIENTED_EDGE('',*,*,#15161,.F.) ;
#15176=ORIENTED_EDGE('',*,*,#15075,.T.) ;
#15177=ORIENTED_EDGE('',*,*,#15089,.T.) ;
#15178=ORIENTED_EDGE('',*,*,#15149,.F.) ;
#15218=ORIENTED_EDGE('',*,*,#15197,.T.) ;
#15219=ORIENTED_EDGE('',*,*,#15204,.F.) ;
#15220=ORIENTED_EDGE('',*,*,#15211,.F.) ;
#15221=ORIENTED_EDGE('',*,*,#15216,.T.) ;
#15249=ORIENTED_EDGE('',*,*,#15235,.T.) ;
#15250=ORIENTED_EDGE('',*,*,#15216,.F.) ;
#15251=ORIENTED_EDGE('',*,*,#15242,.F.) ;
#15252=ORIENTED_EDGE('',*,*,#15247,.T.) ;
#15268=ORIENTED_EDGE('',*,*,#15235,.F.) ;
#15269=ORIENTED_EDGE('',*,*,#15261,.F.) ;
#15270=ORIENTED_EDGE('',*,*,#15266,.F.) ;
#15271=ORIENTED_EDGE('',*,*,#15197,.F.) ;
#15292=ORIENTED_EDGE('',*,*,#15261,.T.) ;
#15293=ORIENTED_EDGE('',*,*,#15247,.F.) ;
#15294=ORIENTED_EDGE('',*,*,#15285,.F.) ;
#15295=ORIENTED_EDGE('',*,*,#15290,.T.) ;
#15309=ORIENTED_EDGE('',*,*,#15266,.T.) ;
#15310=ORIENTED_EDGE('',*,*,#15290,.F.) ;
#15311=ORIENTED_EDGE('',*,*,#15307,.F.) ;
#15312=ORIENTED_EDGE('',*,*,#15204,.T.) ;
#15316=ORIENTED_EDGE('',*,*,#15285,.T.) ;
#15317=ORIENTED_EDGE('',*,*,#15242,.T.) ;
#15318=ORIENTED_EDGE('',*,*,#15211,.T.) ;
#15319=ORIENTED_EDGE('',*,*,#15307,.T.) ;
#15359=ORIENTED_EDGE('',*,*,#15338,.T.) ;
#15360=ORIENTED_EDGE('',*,*,#15345,.F.) ;
#15361=ORIENTED_EDGE('',*,*,#15352,.F.) ;
#15362=ORIENTED_EDGE('',*,*,#15357,.T.) ;
#15390=ORIENTED_EDGE('',*,*,#15357,.F.) ;
#15391=ORIENTED_EDGE('',*,*,#15376,.T.) ;
#15392=ORIENTED_EDGE('',*,*,#15383,.T.) ;
#15393=ORIENTED_EDGE('',*,*,#15388,.F.) ;
#15409=ORIENTED_EDGE('',*,*,#15388,.T.) ;
#15410=ORIENTED_EDGE('',*,*,#15402,.F.) ;
#15411=ORIENTED_EDGE('',*,*,#15407,.T.) ;
#15412=ORIENTED_EDGE('',*,*,#15338,.F.) ;
#15433=ORIENTED_EDGE('',*,*,#15402,.T.) ;
#15434=ORIENTED_EDGE('',*,*,#15383,.F.) ;
#15435=ORIENTED_EDGE('',*,*,#15426,.F.) ;
#15436=ORIENTED_EDGE('',*,*,#15431,.T.) ;
#15450=ORIENTED_EDGE('',*,*,#15431,.F.) ;
#15451=ORIENTED_EDGE('',*,*,#15448,.T.) ;
#15452=ORIENTED_EDGE('',*,*,#15345,.T.) ;
#15453=ORIENTED_EDGE('',*,*,#15407,.F.) ;
#15457=ORIENTED_EDGE('',*,*,#15426,.T.) ;
#15458=ORIENTED_EDGE('',*,*,#15376,.F.) ;
#15459=ORIENTED_EDGE('',*,*,#15352,.T.) ;
#15460=ORIENTED_EDGE('',*,*,#15448,.F.) ;
#15500=ORIENTED_EDGE('',*,*,#15479,.T.) ;
#15501=ORIENTED_EDGE('',*,*,#15486,.F.) ;
#15502=ORIENTED_EDGE('',*,*,#15493,.F.) ;
#15503=ORIENTED_EDGE('',*,*,#15498,.T.) ;
#15531=ORIENTED_EDGE('',*,*,#15517,.T.) ;
#15532=ORIENTED_EDGE('',*,*,#15498,.F.) ;
#15533=ORIENTED_EDGE('',*,*,#15524,.F.) ;
#15534=ORIENTED_EDGE('',*,*,#15529,.T.) ;
#15550=ORIENTED_EDGE('',*,*,#15517,.F.) ;
#15551=ORIENTED_EDGE('',*,*,#15543,.F.) ;
#15552=ORIENTED_EDGE('',*,*,#15548,.F.) ;
#15553=ORIENTED_EDGE('',*,*,#15479,.F.) ;
#15574=ORIENTED_EDGE('',*,*,#15543,.T.) ;
#15575=ORIENTED_EDGE('',*,*,#15529,.F.) ;
#15576=ORIENTED_EDGE('',*,*,#15567,.F.) ;
#15577=ORIENTED_EDGE('',*,*,#15572,.T.) ;
#15591=ORIENTED_EDGE('',*,*,#15548,.T.) ;
#15592=ORIENTED_EDGE('',*,*,#15572,.F.) ;
#15593=ORIENTED_EDGE('',*,*,#15589,.F.) ;
#15594=ORIENTED_EDGE('',*,*,#15486,.T.) ;
#15598=ORIENTED_EDGE('',*,*,#15567,.T.) ;
#15599=ORIENTED_EDGE('',*,*,#15524,.T.) ;
#15600=ORIENTED_EDGE('',*,*,#15493,.T.) ;
#15601=ORIENTED_EDGE('',*,*,#15589,.T.) ;
#15641=ORIENTED_EDGE('',*,*,#15620,.T.) ;
#15642=ORIENTED_EDGE('',*,*,#15627,.F.) ;
#15643=ORIENTED_EDGE('',*,*,#15634,.F.) ;
#15644=ORIENTED_EDGE('',*,*,#15639,.F.) ;
#15681=ORIENTED_EDGE('',*,*,#15660,.T.) ;
#15682=ORIENTED_EDGE('',*,*,#15667,.F.) ;
#15683=ORIENTED_EDGE('',*,*,#15674,.F.) ;
#15684=ORIENTED_EDGE('',*,*,#15679,.F.) ;
#15712=ORIENTED_EDGE('',*,*,#15700,.T.) ;
#15713=ORIENTED_EDGE('',*,*,#15705,.T.) ;
#15714=ORIENTED_EDGE('',*,*,#15660,.F.) ;
#15715=ORIENTED_EDGE('',*,*,#15710,.F.) ;
#15752=ORIENTED_EDGE('',*,*,#15731,.T.) ;
#15753=ORIENTED_EDGE('',*,*,#15738,.T.) ;
#15754=ORIENTED_EDGE('',*,*,#15745,.F.) ;
#15755=ORIENTED_EDGE('',*,*,#15750,.F.) ;
#15792=ORIENTED_EDGE('',*,*,#15771,.T.) ;
#15793=ORIENTED_EDGE('',*,*,#15778,.F.) ;
#15794=ORIENTED_EDGE('',*,*,#15785,.F.) ;
#15795=ORIENTED_EDGE('',*,*,#15790,.F.) ;
#15809=ORIENTED_EDGE('',*,*,#15785,.T.) ;
#15810=ORIENTED_EDGE('',*,*,#15802,.F.) ;
#15811=ORIENTED_EDGE('',*,*,#15771,.F.) ;
#15812=ORIENTED_EDGE('',*,*,#15807,.F.) ;
#15840=ORIENTED_EDGE('',*,*,#15826,.T.) ;
#15841=ORIENTED_EDGE('',*,*,#15833,.T.) ;
#15842=ORIENTED_EDGE('',*,*,#15838,.T.) ;
#15843=ORIENTED_EDGE('',*,*,#15731,.F.) ;
#15871=ORIENTED_EDGE('',*,*,#15857,.T.) ;
#15872=ORIENTED_EDGE('',*,*,#15745,.T.) ;
#15873=ORIENTED_EDGE('',*,*,#15864,.T.) ;
#15874=ORIENTED_EDGE('',*,*,#15869,.F.) ;
#15902=ORIENTED_EDGE('',*,*,#15888,.T.) ;
#15903=ORIENTED_EDGE('',*,*,#15869,.T.) ;
#15904=ORIENTED_EDGE('',*,*,#15895,.F.) ;
#15905=ORIENTED_EDGE('',*,*,#15900,.F.) ;
#15924=ORIENTED_EDGE('',*,*,#15917,.T.) ;
#15925=ORIENTED_EDGE('',*,*,#15900,.T.) ;
#15926=ORIENTED_EDGE('',*,*,#15922,.T.) ;
#15927=ORIENTED_EDGE('',*,*,#15700,.F.) ;
#15955=ORIENTED_EDGE('',*,*,#15941,.T.) ;
#15956=ORIENTED_EDGE('',*,*,#15674,.T.) ;
#15957=ORIENTED_EDGE('',*,*,#15948,.F.) ;
#15958=ORIENTED_EDGE('',*,*,#15953,.F.) ;
#15986=ORIENTED_EDGE('',*,*,#15972,.T.) ;
#15987=ORIENTED_EDGE('',*,*,#15953,.T.) ;
#15988=ORIENTED_EDGE('',*,*,#15979,.F.) ;
#15989=ORIENTED_EDGE('',*,*,#15984,.F.) ;
#16008=ORIENTED_EDGE('',*,*,#16001,.T.) ;
#16009=ORIENTED_EDGE('',*,*,#15984,.T.) ;
#16010=ORIENTED_EDGE('',*,*,#16006,.F.) ;
#16011=ORIENTED_EDGE('',*,*,#15833,.F.) ;
#16020=ORIENTED_EDGE('',*,*,#16006,.T.) ;
#16021=ORIENTED_EDGE('',*,*,#15979,.T.) ;
#16022=ORIENTED_EDGE('',*,*,#15948,.T.) ;
#16023=ORIENTED_EDGE('',*,*,#15667,.T.) ;
#16024=ORIENTED_EDGE('',*,*,#15705,.F.) ;
#16025=ORIENTED_EDGE('',*,*,#15922,.F.) ;
#16026=ORIENTED_EDGE('',*,*,#15895,.T.) ;
#16027=ORIENTED_EDGE('',*,*,#15864,.F.) ;
#16028=ORIENTED_EDGE('',*,*,#15738,.F.) ;
#16029=ORIENTED_EDGE('',*,*,#15838,.F.) ;
#16037=ORIENTED_EDGE('',*,*,#15627,.T.) ;
#16038=ORIENTED_EDGE('',*,*,#16035,.T.) ;
#16041=ORIENTED_EDGE('',*,*,#15802,.T.) ;
#16042=ORIENTED_EDGE('',*,*,#15778,.T.) ;
#16051=ORIENTED_EDGE('',*,*,#15634,.T.) ;
#16052=ORIENTED_EDGE('',*,*,#16035,.F.) ;
#16053=ORIENTED_EDGE('',*,*,#15620,.F.) ;
#16054=ORIENTED_EDGE('',*,*,#16049,.F.) ;
#16063=ORIENTED_EDGE('',*,*,#15826,.F.) ;
#16064=ORIENTED_EDGE('',*,*,#15750,.T.) ;
#16065=ORIENTED_EDGE('',*,*,#15857,.F.) ;
#16066=ORIENTED_EDGE('',*,*,#15888,.F.) ;
#16067=ORIENTED_EDGE('',*,*,#15917,.F.) ;
#16068=ORIENTED_EDGE('',*,*,#15710,.T.) ;
#16069=ORIENTED_EDGE('',*,*,#15679,.T.) ;
#16070=ORIENTED_EDGE('',*,*,#15941,.F.) ;
#16071=ORIENTED_EDGE('',*,*,#15972,.F.) ;
#16072=ORIENTED_EDGE('',*,*,#16001,.F.) ;
#16075=ORIENTED_EDGE('',*,*,#15639,.T.) ;
#16076=ORIENTED_EDGE('',*,*,#16049,.T.) ;
#16079=ORIENTED_EDGE('',*,*,#15807,.T.) ;
#16080=ORIENTED_EDGE('',*,*,#15790,.T.) ;
#16134=ORIENTED_EDGE('',*,*,#16099,.T.) ;
#16135=ORIENTED_EDGE('',*,*,#16106,.T.) ;
#16136=ORIENTED_EDGE('',*,*,#16113,.T.) ;
#16137=ORIENTED_EDGE('',*,*,#16120,.F.) ;
#16138=ORIENTED_EDGE('',*,*,#16127,.F.) ;
#16139=ORIENTED_EDGE('',*,*,#16132,.T.) ;
#16167=ORIENTED_EDGE('',*,*,#16153,.T.) ;
#16168=ORIENTED_EDGE('',*,*,#16160,.T.) ;
#16169=ORIENTED_EDGE('',*,*,#16165,.F.) ;
#16170=ORIENTED_EDGE('',*,*,#16099,.F.) ;
#16212=ORIENTED_EDGE('',*,*,#16186,.T.) ;
#16213=ORIENTED_EDGE('',*,*,#16193,.T.) ;
#16214=ORIENTED_EDGE('',*,*,#16200,.T.) ;
#16215=ORIENTED_EDGE('',*,*,#16205,.F.) ;
#16216=ORIENTED_EDGE('',*,*,#16160,.F.) ;
#16217=ORIENTED_EDGE('',*,*,#16210,.F.) ;
#16231=ORIENTED_EDGE('',*,*,#16229,.F.) ;
#16232=ORIENTED_EDGE('',*,*,#16210,.T.) ;
#16233=ORIENTED_EDGE('',*,*,#16153,.F.) ;
#16234=ORIENTED_EDGE('',*,*,#16132,.F.) ;
#16248=ORIENTED_EDGE('',*,*,#16186,.F.) ;
#16249=ORIENTED_EDGE('',*,*,#16229,.T.) ;
#16250=ORIENTED_EDGE('',*,*,#16127,.T.) ;
#16251=ORIENTED_EDGE('',*,*,#16246,.F.) ;
#16265=ORIENTED_EDGE('',*,*,#16246,.T.) ;
#16266=ORIENTED_EDGE('',*,*,#16120,.T.) ;
#16267=ORIENTED_EDGE('',*,*,#16263,.F.) ;
#16268=ORIENTED_EDGE('',*,*,#16193,.F.) ;
#16282=ORIENTED_EDGE('',*,*,#16263,.T.) ;
#16283=ORIENTED_EDGE('',*,*,#16113,.F.) ;
#16284=ORIENTED_EDGE('',*,*,#16280,.F.) ;
#16285=ORIENTED_EDGE('',*,*,#16200,.F.) ;
#16294=ORIENTED_EDGE('',*,*,#16280,.T.) ;
#16295=ORIENTED_EDGE('',*,*,#16106,.F.) ;
#16296=ORIENTED_EDGE('',*,*,#16165,.T.) ;
#16297=ORIENTED_EDGE('',*,*,#16205,.T.) ;
#16351=ORIENTED_EDGE('',*,*,#16316,.T.) ;
#16352=ORIENTED_EDGE('',*,*,#16323,.F.) ;
#16353=ORIENTED_EDGE('',*,*,#16330,.F.) ;
#16354=ORIENTED_EDGE('',*,*,#16337,.T.) ;
#16355=ORIENTED_EDGE('',*,*,#16344,.T.) ;
#16356=ORIENTED_EDGE('',*,*,#16349,.F.) ;
#16384=ORIENTED_EDGE('',*,*,#16370,.T.) ;
#16385=ORIENTED_EDGE('',*,*,#16377,.T.) ;
#16386=ORIENTED_EDGE('',*,*,#16382,.F.) ;
#16387=ORIENTED_EDGE('',*,*,#16316,.F.) ;
#16429=ORIENTED_EDGE('',*,*,#16403,.T.) ;
#16430=ORIENTED_EDGE('',*,*,#16408,.T.) ;
#16431=ORIENTED_EDGE('',*,*,#16377,.F.) ;
#16432=ORIENTED_EDGE('',*,*,#16415,.T.) ;
#16433=ORIENTED_EDGE('',*,*,#16422,.T.) ;
#16434=ORIENTED_EDGE('',*,*,#16427,.F.) ;
#16448=ORIENTED_EDGE('',*,*,#16415,.F.) ;
#16449=ORIENTED_EDGE('',*,*,#16370,.F.) ;
#16450=ORIENTED_EDGE('',*,*,#16349,.T.) ;
#16451=ORIENTED_EDGE('',*,*,#16446,.F.) ;
#16465=ORIENTED_EDGE('',*,*,#16446,.T.) ;
#16466=ORIENTED_EDGE('',*,*,#16344,.F.) ;
#16467=ORIENTED_EDGE('',*,*,#16463,.F.) ;
#16468=ORIENTED_EDGE('',*,*,#16422,.F.) ;
#16482=ORIENTED_EDGE('',*,*,#16427,.T.) ;
#16483=ORIENTED_EDGE('',*,*,#16463,.T.) ;
#16484=ORIENTED_EDGE('',*,*,#16337,.F.) ;
#16485=ORIENTED_EDGE('',*,*,#16480,.F.) ;
#16499=ORIENTED_EDGE('',*,*,#16403,.F.) ;
#16500=ORIENTED_EDGE('',*,*,#16480,.T.) ;
#16501=ORIENTED_EDGE('',*,*,#16330,.T.) ;
#16502=ORIENTED_EDGE('',*,*,#16497,.F.) ;
#16511=ORIENTED_EDGE('',*,*,#16323,.T.) ;
#16512=ORIENTED_EDGE('',*,*,#16382,.T.) ;
#16513=ORIENTED_EDGE('',*,*,#16408,.F.) ;
#16514=ORIENTED_EDGE('',*,*,#16497,.T.) ;
#16554=ORIENTED_EDGE('',*,*,#16533,.T.) ;
#16555=ORIENTED_EDGE('',*,*,#16540,.T.) ;
#16556=ORIENTED_EDGE('',*,*,#16547,.F.) ;
#16557=ORIENTED_EDGE('',*,*,#16552,.F.) ;
#16585=ORIENTED_EDGE('',*,*,#16552,.T.) ;
#16586=ORIENTED_EDGE('',*,*,#16571,.T.) ;
#16587=ORIENTED_EDGE('',*,*,#16578,.F.) ;
#16588=ORIENTED_EDGE('',*,*,#16583,.F.) ;
#16644=ORIENTED_EDGE('',*,*,#16602,.T.) ;
#16645=ORIENTED_EDGE('',*,*,#16571,.F.) ;
#16646=ORIENTED_EDGE('',*,*,#16547,.T.) ;
#16647=ORIENTED_EDGE('',*,*,#16609,.T.) ;
#16648=ORIENTED_EDGE('',*,*,#16616,.F.) ;
#16649=ORIENTED_EDGE('',*,*,#16623,.F.) ;
#16650=ORIENTED_EDGE('',*,*,#16630,.T.) ;
#16651=ORIENTED_EDGE('',*,*,#16637,.T.) ;
#16652=ORIENTED_EDGE('',*,*,#16642,.F.) ;
#16673=ORIENTED_EDGE('',*,*,#16540,.F.) ;
#16674=ORIENTED_EDGE('',*,*,#16666,.T.) ;
#16675=ORIENTED_EDGE('',*,*,#16671,.T.) ;
#16676=ORIENTED_EDGE('',*,*,#16609,.F.) ;
#16725=ORIENTED_EDGE('',*,*,#16533,.F.) ;
#16726=ORIENTED_EDGE('',*,*,#16583,.T.) ;
#16727=ORIENTED_EDGE('',*,*,#16690,.T.) ;
#16728=ORIENTED_EDGE('',*,*,#16697,.T.) ;
#16729=ORIENTED_EDGE('',*,*,#16704,.F.) ;
#16730=ORIENTED_EDGE('',*,*,#16711,.T.) ;
#16731=ORIENTED_EDGE('',*,*,#16718,.T.) ;
#16732=ORIENTED_EDGE('',*,*,#16723,.T.) ;
#16733=ORIENTED_EDGE('',*,*,#16666,.F.) ;
#16763=ORIENTED_EDGE('',*,*,#16578,.T.) ;
#16764=ORIENTED_EDGE('',*,*,#16602,.F.) ;
#16765=ORIENTED_EDGE('',*,*,#16748,.F.) ;
#16766=ORIENTED_EDGE('',*,*,#16755,.F.) ;
#16767=ORIENTED_EDGE('',*,*,#16761,.T.) ;
#16768=ORIENTED_EDGE('',*,*,#16690,.F.) ;
#16805=ORIENTED_EDGE('',*,*,#16786,.T.) ;
#16806=ORIENTED_EDGE('',*,*,#16791,.F.) ;
#16807=ORIENTED_EDGE('',*,*,#16748,.T.) ;
#16808=ORIENTED_EDGE('',*,*,#16642,.T.) ;
#16809=ORIENTED_EDGE('',*,*,#16798,.F.) ;
#16810=ORIENTED_EDGE('',*,*,#16803,.F.) ;
#16864=ORIENTED_EDGE('',*,*,#16826,.T.) ;
#16865=ORIENTED_EDGE('',*,*,#16833,.F.) ;
#16866=ORIENTED_EDGE('',*,*,#16838,.T.) ;
#16867=ORIENTED_EDGE('',*,*,#16798,.T.) ;
#16868=ORIENTED_EDGE('',*,*,#16637,.F.) ;
#16869=ORIENTED_EDGE('',*,*,#16843,.F.) ;
#16870=ORIENTED_EDGE('',*,*,#16704,.T.) ;
#16871=ORIENTED_EDGE('',*,*,#16850,.F.) ;
#16872=ORIENTED_EDGE('',*,*,#16857,.F.) ;
#16873=ORIENTED_EDGE('',*,*,#16862,.T.) ;
#16887=ORIENTED_EDGE('',*,*,#16843,.T.) ;
#16888=ORIENTED_EDGE('',*,*,#16630,.F.) ;
#16889=ORIENTED_EDGE('',*,*,#16885,.F.) ;
#16890=ORIENTED_EDGE('',*,*,#16711,.F.) ;
#16899=ORIENTED_EDGE('',*,*,#16885,.T.) ;
#16900=ORIENTED_EDGE('',*,*,#16623,.T.) ;
#16901=ORIENTED_EDGE('',*,*,#16897,.F.) ;
#16902=ORIENTED_EDGE('',*,*,#16718,.F.) ;
#16911=ORIENTED_EDGE('',*,*,#16897,.T.) ;
#16912=ORIENTED_EDGE('',*,*,#16616,.T.) ;
#16913=ORIENTED_EDGE('',*,*,#16671,.F.) ;
#16914=ORIENTED_EDGE('',*,*,#16723,.F.) ;
#16944=ORIENTED_EDGE('',*,*,#16928,.T.) ;
#16945=ORIENTED_EDGE('',*,*,#16850,.T.) ;
#16946=ORIENTED_EDGE('',*,*,#16697,.F.) ;
#16947=ORIENTED_EDGE('',*,*,#16761,.F.) ;
#16948=ORIENTED_EDGE('',*,*,#16935,.T.) ;
#16949=ORIENTED_EDGE('',*,*,#16942,.F.) ;
#16963=ORIENTED_EDGE('',*,*,#16755,.T.) ;
#16964=ORIENTED_EDGE('',*,*,#16791,.T.) ;
#16965=ORIENTED_EDGE('',*,*,#16961,.F.) ;
#16966=ORIENTED_EDGE('',*,*,#16935,.F.) ;
#16996=ORIENTED_EDGE('',*,*,#16803,.T.) ;
#16997=ORIENTED_EDGE('',*,*,#16838,.F.) ;
#16998=ORIENTED_EDGE('',*,*,#16980,.F.) ;
#16999=ORIENTED_EDGE('',*,*,#16994,.T.) ;
#17055=ORIENTED_EDGE('',*,*,#16961,.T.) ;
#17056=ORIENTED_EDGE('',*,*,#16786,.F.) ;
#17057=ORIENTED_EDGE('',*,*,#16994,.F.) ;
#17058=ORIENTED_EDGE('',*,*,#17022,.T.) ;
#17059=ORIENTED_EDGE('',*,*,#17029,.F.) ;
#17060=ORIENTED_EDGE('',*,*,#17042,.F.) ;
#17061=ORIENTED_EDGE('',*,*,#17053,.T.) ;
#17062=ORIENTED_EDGE('',*,*,#16942,.T.) ;
#17106=ORIENTED_EDGE('',*,*,#17042,.T.) ;
#17107=ORIENTED_EDGE('',*,*,#17076,.F.) ;
#17108=ORIENTED_EDGE('',*,*,#17084,.T.) ;
#17109=ORIENTED_EDGE('',*,*,#17091,.T.) ;
#17110=ORIENTED_EDGE('',*,*,#17099,.F.) ;
#17111=ORIENTED_EDGE('',*,*,#16862,.F.) ;
#17112=ORIENTED_EDGE('',*,*,#17104,.F.) ;
#17121=ORIENTED_EDGE('',*,*,#17053,.F.) ;
#17122=ORIENTED_EDGE('',*,*,#17104,.T.) ;
#17123=ORIENTED_EDGE('',*,*,#16857,.T.) ;
#17124=ORIENTED_EDGE('',*,*,#16928,.F.) ;
#17163=ORIENTED_EDGE('',*,*,#16980,.T.) ;
#17164=ORIENTED_EDGE('',*,*,#16833,.T.) ;
#17165=ORIENTED_EDGE('',*,*,#17141,.T.) ;
#17166=ORIENTED_EDGE('',*,*,#17148,.F.) ;
#17167=ORIENTED_EDGE('',*,*,#17156,.F.) ;
#17168=ORIENTED_EDGE('',*,*,#17161,.T.) ;
#17169=ORIENTED_EDGE('',*,*,#17022,.F.) ;
#17197=ORIENTED_EDGE('',*,*,#17185,.T.) ;
#17198=ORIENTED_EDGE('',*,*,#17190,.F.) ;
#17199=ORIENTED_EDGE('',*,*,#17141,.F.) ;
#17200=ORIENTED_EDGE('',*,*,#16826,.F.) ;
#17201=ORIENTED_EDGE('',*,*,#17099,.T.) ;
#17202=ORIENTED_EDGE('',*,*,#17195,.F.) ;
#17216=ORIENTED_EDGE('',*,*,#17076,.T.) ;
#17217=ORIENTED_EDGE('',*,*,#17029,.T.) ;
#17218=ORIENTED_EDGE('',*,*,#17161,.F.) ;
#17219=ORIENTED_EDGE('',*,*,#17214,.F.) ;
#17310=ORIENTED_EDGE('',*,*,#17235,.F.) ;
#17311=ORIENTED_EDGE('',*,*,#17242,.T.) ;
#17312=ORIENTED_EDGE('',*,*,#17249,.T.) ;
#17313=ORIENTED_EDGE('',*,*,#17256,.T.) ;
#17314=ORIENTED_EDGE('',*,*,#17263,.F.) ;
#17315=ORIENTED_EDGE('',*,*,#17270,.F.) ;
#17316=ORIENTED_EDGE('',*,*,#17277,.F.) ;
#17317=ORIENTED_EDGE('',*,*,#17284,.F.) ;
#17318=ORIENTED_EDGE('',*,*,#17289,.T.) ;
#17319=ORIENTED_EDGE('',*,*,#17195,.T.) ;
#17320=ORIENTED_EDGE('',*,*,#17091,.F.) ;
#17321=ORIENTED_EDGE('',*,*,#17296,.F.) ;
#17322=ORIENTED_EDGE('',*,*,#17303,.T.) ;
#17323=ORIENTED_EDGE('',*,*,#17308,.T.) ;
#17344=ORIENTED_EDGE('',*,*,#17296,.T.) ;
#17345=ORIENTED_EDGE('',*,*,#17084,.F.) ;
#17346=ORIENTED_EDGE('',*,*,#17214,.T.) ;
#17347=ORIENTED_EDGE('',*,*,#17156,.T.) ;
#17348=ORIENTED_EDGE('',*,*,#17337,.T.) ;
#17349=ORIENTED_EDGE('',*,*,#17342,.F.) ;
#17433=ORIENTED_EDGE('',*,*,#17365,.F.) ;
#17434=ORIENTED_EDGE('',*,*,#17372,.F.) ;
#17435=ORIENTED_EDGE('',*,*,#17377,.T.) ;
#17436=ORIENTED_EDGE('',*,*,#17337,.F.) ;
#17437=ORIENTED_EDGE('',*,*,#17148,.T.) ;
#17438=ORIENTED_EDGE('',*,*,#17190,.T.) ;
#17439=ORIENTED_EDGE('',*,*,#17384,.F.) ;
#17440=ORIENTED_EDGE('',*,*,#17391,.F.) ;
#17441=ORIENTED_EDGE('',*,*,#17398,.F.) ;
#17442=ORIENTED_EDGE('',*,*,#17405,.F.) ;
#17443=ORIENTED_EDGE('',*,*,#17412,.T.) ;
#17444=ORIENTED_EDGE('',*,*,#17419,.T.) ;
#17445=ORIENTED_EDGE('',*,*,#17426,.F.) ;
#17446=ORIENTED_EDGE('',*,*,#17431,.T.) ;
#17460=ORIENTED_EDGE('',*,*,#17458,.T.) ;
#17461=ORIENTED_EDGE('',*,*,#17384,.T.) ;
#17462=ORIENTED_EDGE('',*,*,#17185,.F.) ;
#17463=ORIENTED_EDGE('',*,*,#17289,.F.) ;
#17482=ORIENTED_EDGE('',*,*,#17308,.F.) ;
#17483=ORIENTED_EDGE('',*,*,#17475,.T.) ;
#17484=ORIENTED_EDGE('',*,*,#17372,.T.) ;
#17485=ORIENTED_EDGE('',*,*,#17480,.F.) ;
#17494=ORIENTED_EDGE('',*,*,#17342,.T.) ;
#17495=ORIENTED_EDGE('',*,*,#17377,.F.) ;
#17496=ORIENTED_EDGE('',*,*,#17475,.F.) ;
#17497=ORIENTED_EDGE('',*,*,#17303,.F.) ;
#17511=ORIENTED_EDGE('',*,*,#17284,.T.) ;
#17512=ORIENTED_EDGE('',*,*,#17509,.T.) ;
#17513=ORIENTED_EDGE('',*,*,#17391,.T.) ;
#17514=ORIENTED_EDGE('',*,*,#17458,.F.) ;
#17528=ORIENTED_EDGE('',*,*,#17509,.F.) ;
#17529=ORIENTED_EDGE('',*,*,#17277,.T.) ;
#17530=ORIENTED_EDGE('',*,*,#17526,.T.) ;
#17531=ORIENTED_EDGE('',*,*,#17398,.T.) ;
#17545=ORIENTED_EDGE('',*,*,#17270,.T.) ;
#17546=ORIENTED_EDGE('',*,*,#17543,.T.) ;
#17547=ORIENTED_EDGE('',*,*,#17405,.T.) ;
#17548=ORIENTED_EDGE('',*,*,#17526,.F.) ;
#17562=ORIENTED_EDGE('',*,*,#17263,.T.) ;
#17563=ORIENTED_EDGE('',*,*,#17560,.T.) ;
#17564=ORIENTED_EDGE('',*,*,#17412,.F.) ;
#17565=ORIENTED_EDGE('',*,*,#17543,.F.) ;
#17611=ORIENTED_EDGE('',*,*,#17581,.T.) ;
#17612=ORIENTED_EDGE('',*,*,#17595,.T.) ;
#17613=ORIENTED_EDGE('',*,*,#17419,.F.) ;
#17614=ORIENTED_EDGE('',*,*,#17560,.F.) ;
#17615=ORIENTED_EDGE('',*,*,#17256,.F.) ;
#17616=ORIENTED_EDGE('',*,*,#17609,.F.) ;
#17644=ORIENTED_EDGE('',*,*,#17630,.T.) ;
#17645=ORIENTED_EDGE('',*,*,#17609,.T.) ;
#17646=ORIENTED_EDGE('',*,*,#17249,.F.) ;
#17647=ORIENTED_EDGE('',*,*,#17637,.T.) ;
#17648=ORIENTED_EDGE('',*,*,#17642,.T.) ;
#17688=ORIENTED_EDGE('',*,*,#17660,.T.) ;
#17689=ORIENTED_EDGE('',*,*,#17431,.F.) ;
#17690=ORIENTED_EDGE('',*,*,#17667,.F.) ;
#17691=ORIENTED_EDGE('',*,*,#17674,.F.) ;
#17692=ORIENTED_EDGE('',*,*,#17681,.F.) ;
#17693=ORIENTED_EDGE('',*,*,#17686,.F.) ;
#17694=ORIENTED_EDGE('',*,*,#17637,.F.) ;
#17695=ORIENTED_EDGE('',*,*,#17242,.F.) ;
#17704=ORIENTED_EDGE('',*,*,#17365,.T.) ;
#17705=ORIENTED_EDGE('',*,*,#17660,.F.) ;
#17706=ORIENTED_EDGE('',*,*,#17235,.T.) ;
#17707=ORIENTED_EDGE('',*,*,#17480,.T.) ;
#17728=ORIENTED_EDGE('',*,*,#17721,.F.) ;
#17729=ORIENTED_EDGE('',*,*,#17667,.T.) ;
#17730=ORIENTED_EDGE('',*,*,#17426,.T.) ;
#17731=ORIENTED_EDGE('',*,*,#17595,.F.) ;
#17732=ORIENTED_EDGE('',*,*,#17726,.F.) ;
#17755=ORIENTED_EDGE('',*,*,#17743,.F.) ;
#17756=ORIENTED_EDGE('',*,*,#17748,.T.) ;
#17757=ORIENTED_EDGE('',*,*,#17726,.T.) ;
#17758=ORIENTED_EDGE('',*,*,#17581,.F.) ;
#17759=ORIENTED_EDGE('',*,*,#17630,.F.) ;
#17760=ORIENTED_EDGE('',*,*,#17753,.T.) ;
#17788=ORIENTED_EDGE('',*,*,#17776,.F.) ;
#17789=ORIENTED_EDGE('',*,*,#17781,.F.) ;
#17790=ORIENTED_EDGE('',*,*,#17743,.T.) ;
#17791=ORIENTED_EDGE('',*,*,#17786,.F.) ;
#17819=ORIENTED_EDGE('',*,*,#17805,.T.) ;
#17820=ORIENTED_EDGE('',*,*,#17812,.F.) ;
#17821=ORIENTED_EDGE('',*,*,#17817,.T.) ;
#17822=ORIENTED_EDGE('',*,*,#17681,.T.) ;
#17850=ORIENTED_EDGE('',*,*,#17836,.F.) ;
#17851=ORIENTED_EDGE('',*,*,#17843,.T.) ;
#17852=ORIENTED_EDGE('',*,*,#17848,.T.) ;
#17853=ORIENTED_EDGE('',*,*,#17812,.T.) ;
#17881=ORIENTED_EDGE('',*,*,#17869,.T.) ;
#17882=ORIENTED_EDGE('',*,*,#17874,.T.) ;
#17883=ORIENTED_EDGE('',*,*,#17843,.F.) ;
#17884=ORIENTED_EDGE('',*,*,#17879,.T.) ;
#17907=ORIENTED_EDGE('',*,*,#17893,.T.) ;
#17908=ORIENTED_EDGE('',*,*,#17900,.F.) ;
#17909=ORIENTED_EDGE('',*,*,#17905,.F.) ;
#17910=ORIENTED_EDGE('',*,*,#17869,.F.) ;
#17938=ORIENTED_EDGE('',*,*,#17924,.T.) ;
#17939=ORIENTED_EDGE('',*,*,#17931,.F.) ;
#17940=ORIENTED_EDGE('',*,*,#17936,.F.) ;
#17941=ORIENTED_EDGE('',*,*,#17900,.T.) ;
#17964=ORIENTED_EDGE('',*,*,#17952,.T.) ;
#17965=ORIENTED_EDGE('',*,*,#17957,.T.) ;
#17966=ORIENTED_EDGE('',*,*,#17931,.T.) ;
#17967=ORIENTED_EDGE('',*,*,#17962,.T.) ;
#17995=ORIENTED_EDGE('',*,*,#17952,.F.) ;
#17996=ORIENTED_EDGE('',*,*,#17981,.F.) ;
#17997=ORIENTED_EDGE('',*,*,#17988,.T.) ;
#17998=ORIENTED_EDGE('',*,*,#17993,.F.) ;
#18026=ORIENTED_EDGE('',*,*,#18012,.F.) ;
#18027=ORIENTED_EDGE('',*,*,#18019,.F.) ;
#18028=ORIENTED_EDGE('',*,*,#18024,.F.) ;
#18029=ORIENTED_EDGE('',*,*,#17776,.T.) ;
#18057=ORIENTED_EDGE('',*,*,#18045,.F.) ;
#18058=ORIENTED_EDGE('',*,*,#18050,.T.) ;
#18059=ORIENTED_EDGE('',*,*,#18019,.T.) ;
#18060=ORIENTED_EDGE('',*,*,#18055,.F.) ;
#18079=ORIENTED_EDGE('',*,*,#18072,.F.) ;
#18080=ORIENTED_EDGE('',*,*,#18045,.T.) ;
#18081=ORIENTED_EDGE('',*,*,#18077,.F.) ;
#18082=ORIENTED_EDGE('',*,*,#17988,.F.) ;
#18091=ORIENTED_EDGE('',*,*,#17993,.T.) ;
#18092=ORIENTED_EDGE('',*,*,#18077,.T.) ;
#18093=ORIENTED_EDGE('',*,*,#18055,.T.) ;
#18094=ORIENTED_EDGE('',*,*,#18012,.T.) ;
#18095=ORIENTED_EDGE('',*,*,#17786,.T.) ;
#18096=ORIENTED_EDGE('',*,*,#17753,.F.) ;
#18097=ORIENTED_EDGE('',*,*,#17642,.F.) ;
#18098=ORIENTED_EDGE('',*,*,#17686,.T.) ;
#18099=ORIENTED_EDGE('',*,*,#17817,.F.) ;
#18100=ORIENTED_EDGE('',*,*,#17848,.F.) ;
#18101=ORIENTED_EDGE('',*,*,#17874,.F.) ;
#18102=ORIENTED_EDGE('',*,*,#17905,.T.) ;
#18103=ORIENTED_EDGE('',*,*,#17936,.T.) ;
#18104=ORIENTED_EDGE('',*,*,#17957,.F.) ;
#18113=ORIENTED_EDGE('',*,*,#17981,.T.) ;
#18114=ORIENTED_EDGE('',*,*,#17962,.F.) ;
#18115=ORIENTED_EDGE('',*,*,#17924,.F.) ;
#18116=ORIENTED_EDGE('',*,*,#17893,.F.) ;
#18117=ORIENTED_EDGE('',*,*,#17879,.F.) ;
#18118=ORIENTED_EDGE('',*,*,#17836,.T.) ;
#18119=ORIENTED_EDGE('',*,*,#17805,.F.) ;
#18120=ORIENTED_EDGE('',*,*,#17674,.T.) ;
#18121=ORIENTED_EDGE('',*,*,#17721,.T.) ;
#18122=ORIENTED_EDGE('',*,*,#17748,.F.) ;
#18123=ORIENTED_EDGE('',*,*,#17781,.T.) ;
#18124=ORIENTED_EDGE('',*,*,#18024,.T.) ;
#18125=ORIENTED_EDGE('',*,*,#18050,.F.) ;
#18126=ORIENTED_EDGE('',*,*,#18072,.T.) ;
#38=MANIFOLD_SOLID_BREP('RENFORT DROIT',#47) ;
#264=MANIFOLD_SOLID_BREP('RENFORT PLIE',#266) ;
#900=MANIFOLD_SOLID_BREP('TOLE PLIEE GAUCHE SUPPORT TUYAUTERIE',#902) ;
#1725=MANIFOLD_SOLID_BREP('TOLE PLIEE DROITE SUPPORT TUYAUTERIE',#1727) ;
#2545=MANIFOLD_SOLID_BREP('TRAVERSE SUPPORT TUYAUTERIE',#2547) ;
#2889=MANIFOLD_SOLID_BREP('TOLE CONNECTEURS TUYAUTERIE',#2891) ;
#3880=MANIFOLD_SOLID_BREP('SUPPORT_COLLIER_CABLAGE',#3882) ;
#5093=MANIFOLD_SOLID_BREP('SUPPORT CABLAGE INT',#5095) ;
#6166=MANIFOLD_SOLID_BREP('TOLE SUPPORT SCRUBBER',#6168) ;
#6673=MANIFOLD_SOLID_BREP('TOLE INF SUPPORT SCRUBBER',#6675) ;
#7246=MANIFOLD_SOLID_BREP('BOSSAGE A',#7248) ;
#7529=MANIFOLD_SOLID_BREP('BOSSAGE A',#7531) ;
#7805=MANIFOLD_SOLID_BREP('BOSSAGE B',#7807) ;
#8385=MANIFOLD_SOLID_BREP('SUPPORT SCRUBBER CLOISON A',#8387) ;
#8526=MANIFOLD_SOLID_BREP('SUPPORT SCRUBBER CLOISON B',#8528) ;
#8667=MANIFOLD_SOLID_BREP('SUPPORT SCRUBBER CLOISON C',#8669) ;
#8808=MANIFOLD_SOLID_BREP('RENFORT DROIT SUPPORT SCRUBBER',#8810) ;
#9157=MANIFOLD_SOLID_BREP('Tole_INTERFACE_CHASSIS',#9159) ;
#13291=MANIFOLD_SOLID_BREP('RENFORT CENTRAL',#13293) ;
#13908=MANIFOLD_SOLID_BREP('Tole_LATERAL',#13910) ;
#14224=MANIFOLD_SOLID_BREP('TOLE LATERAL BASSE',#14226) ;
#14474=MANIFOLD_SOLID_BREP('Tole_LATERAL',#14476) ;
#14790=MANIFOLD_SOLID_BREP('TOLE LATERAL BASSE',#14792) ;
#15040=MANIFOLD_SOLID_BREP('RENFORT CARRE INTERIEUR',#15042) ;
#15181=MANIFOLD_SOLID_BREP('RENFORT CARRE INTERIEUR',#15183) ;
#15322=MANIFOLD_SOLID_BREP('RENFORT CARRE INTERIEUR',#15324) ;
#15463=MANIFOLD_SOLID_BREP('RENFORT CARRE INTERIEUR',#15465) ;
#15604=MANIFOLD_SOLID_BREP('SUPPORT BLOCHET',#15606) ;
#16083=MANIFOLD_SOLID_BREP('RENFORT LATERAL',#16085) ;
#16300=MANIFOLD_SOLID_BREP('RENFORT LATERAL*',#16302) ;
#16517=MANIFOLD_SOLID_BREP('Tole_Superieur',#16519) ;
#58=VERTEX_POINT('',#57) ;
#60=VERTEX_POINT('',#59) ;
#67=VERTEX_POINT('',#66) ;
#74=VERTEX_POINT('',#73) ;
#98=VERTEX_POINT('',#97) ;
#105=VERTEX_POINT('',#104) ;
#129=VERTEX_POINT('',#128) ;
#136=VERTEX_POINT('',#135) ;
#160=VERTEX_POINT('',#159) ;
#167=VERTEX_POINT('',#166) ;
#191=VERTEX_POINT('',#190) ;
#198=VERTEX_POINT('',#197) ;
#277=VERTEX_POINT('',#276) ;
#279=VERTEX_POINT('',#278) ;
#287=VERTEX_POINT('',#286) ;
#294=VERTEX_POINT('',#293) ;
#318=VERTEX_POINT('',#317) ;
#320=VERTEX_POINT('',#319) ;
#352=VERTEX_POINT('',#351) ;
#359=VERTEX_POINT('',#358) ;
#383=VERTEX_POINT('',#382) ;
#390=VERTEX_POINT('',#389) ;
#414=VERTEX_POINT('',#413) ;
#416=VERTEX_POINT('',#415) ;
#423=VERTEX_POINT('',#422) ;
#430=VERTEX_POINT('',#429) ;
#476=VERTEX_POINT('',#475) ;
#478=VERTEX_POINT('',#477) ;
#507=VERTEX_POINT('',#506) ;
#509=VERTEX_POINT('',#508) ;
#557=VERTEX_POINT('',#556) ;
#609=VERTEX_POINT('',#608) ;
#633=VERTEX_POINT('',#632) ;
#635=VERTEX_POINT('',#634) ;
#642=VERTEX_POINT('',#641) ;
#692=VERTEX_POINT('',#691) ;
#716=VERTEX_POINT('',#715) ;
#740=VERTEX_POINT('',#739) ;
#794=VERTEX_POINT('',#793) ;
#796=VERTEX_POINT('',#795) ;
#803=VERTEX_POINT('',#802) ;
#810=VERTEX_POINT('',#809) ;
#913=VERTEX_POINT('',#912) ;
#915=VERTEX_POINT('',#914) ;
#922=VERTEX_POINT('',#921) ;
#929=VERTEX_POINT('',#928) ;
#953=VERTEX_POINT('',#952) ;
#966=VERTEX_POINT('',#965) ;
#973=VERTEX_POINT('',#972) ;
#980=VERTEX_POINT('',#979) ;
#987=VERTEX_POINT('',#986) ;
#997=VERTEX_POINT('',#996) ;
#1005=VERTEX_POINT('',#1004) ;
#1011=VERTEX_POINT('',#1010) ;
#1020=VERTEX_POINT('',#1019) ;
#1027=VERTEX_POINT('',#1026) ;
#1033=VERTEX_POINT('',#1032) ;
#1042=VERTEX_POINT('',#1041) ;
#1076=VERTEX_POINT('',#1075) ;
#1100=VERTEX_POINT('',#1099) ;
#1102=VERTEX_POINT('',#1101) ;
#1131=VERTEX_POINT('',#1130) ;
#1155=VERTEX_POINT('',#1154) ;
#1179=VERTEX_POINT('',#1178) ;
#1181=VERTEX_POINT('',#1180) ;
#1210=VERTEX_POINT('',#1209) ;
#1212=VERTEX_POINT('',#1211) ;
#1243=VERTEX_POINT('',#1242) ;
#1250=VERTEX_POINT('',#1249) ;
#1259=VERTEX_POINT('',#1258) ;
#1285=VERTEX_POINT('',#1284) ;
#1292=VERTEX_POINT('',#1291) ;
#1329=VERTEX_POINT('',#1328) ;
#1355=VERTEX_POINT('',#1354) ;
#1357=VERTEX_POINT('',#1356) ;
#1364=VERTEX_POINT('',#1363) ;
#1379=VERTEX_POINT('',#1378) ;
#1411=VERTEX_POINT('',#1410) ;
#1420=VERTEX_POINT('',#1419) ;
#1445=VERTEX_POINT('',#1444) ;
#1469=VERTEX_POINT('',#1468) ;
#1476=VERTEX_POINT('',#1475) ;
#1483=VERTEX_POINT('',#1482) ;
#1672=VERTEX_POINT('',#1671) ;
#1738=VERTEX_POINT('',#1737) ;
#1740=VERTEX_POINT('',#1739) ;
#1747=VERTEX_POINT('',#1746) ;
#1754=VERTEX_POINT('',#1753) ;
#1778=VERTEX_POINT('',#1777) ;
#1791=VERTEX_POINT('',#1790) ;
#1798=VERTEX_POINT('',#1797) ;
#1805=VERTEX_POINT('',#1804) ;
#1812=VERTEX_POINT('',#1811) ;
#1822=VERTEX_POINT('',#1821) ;
#1830=VERTEX_POINT('',#1829) ;
#1836=VERTEX_POINT('',#1835) ;
#1843=VERTEX_POINT('',#1842) ;
#1849=VERTEX_POINT('',#1848) ;
#1859=VERTEX_POINT('',#1858) ;
#1892=VERTEX_POINT('',#1891) ;
#1916=VERTEX_POINT('',#1915) ;
#1918=VERTEX_POINT('',#1917) ;
#1947=VERTEX_POINT('',#1946) ;
#1971=VERTEX_POINT('',#1970) ;
#1995=VERTEX_POINT('',#1994) ;
#1997=VERTEX_POINT('',#1996) ;
#2026=VERTEX_POINT('',#2025) ;
#2052=VERTEX_POINT('',#2051) ;
#2059=VERTEX_POINT('',#2058) ;
#2085=VERTEX_POINT('',#2084) ;
#2092=VERTEX_POINT('',#2091) ;
#2129=VERTEX_POINT('',#2128) ;
#2155=VERTEX_POINT('',#2154) ;
#2157=VERTEX_POINT('',#2156) ;
#2164=VERTEX_POINT('',#2163) ;
#2173=VERTEX_POINT('',#2172) ;
#2183=VERTEX_POINT('',#2182) ;
#2192=VERTEX_POINT('',#2191) ;
#2220=VERTEX_POINT('',#2219) ;
#2244=VERTEX_POINT('',#2243) ;
#2246=VERTEX_POINT('',#2245) ;
#2275=VERTEX_POINT('',#2274) ;
#2299=VERTEX_POINT('',#2298) ;
#2311=VERTEX_POINT('',#2310) ;
#2318=VERTEX_POINT('',#2317) ;
#2493=VERTEX_POINT('',#2492) ;
#2558=VERTEX_POINT('',#2557) ;
#2560=VERTEX_POINT('',#2559) ;
#2567=VERTEX_POINT('',#2566) ;
#2574=VERTEX_POINT('',#2573) ;
#2598=VERTEX_POINT('',#2597) ;
#2600=VERTEX_POINT('',#2599) ;
#2629=VERTEX_POINT('',#2628) ;
#2636=VERTEX_POINT('',#2635) ;
#2660=VERTEX_POINT('',#2659) ;
#2662=VERTEX_POINT('',#2661) ;
#2691=VERTEX_POINT('',#2690) ;
#2698=VERTEX_POINT('',#2697) ;
#2722=VERTEX_POINT('',#2721) ;
#2729=VERTEX_POINT('',#2728) ;
#2748=VERTEX_POINT('',#2747) ;
#2755=VERTEX_POINT('',#2754) ;
#2779=VERTEX_POINT('',#2778) ;
#2781=VERTEX_POINT('',#2780) ;
#2788=VERTEX_POINT('',#2787) ;
#2795=VERTEX_POINT('',#2794) ;
#2902=VERTEX_POINT('',#2901) ;
#2904=VERTEX_POINT('',#2903) ;
#2911=VERTEX_POINT('',#2910) ;
#2918=VERTEX_POINT('',#2917) ;
#2942=VERTEX_POINT('',#2941) ;
#2949=VERTEX_POINT('',#2948) ;
#2973=VERTEX_POINT('',#2972) ;
#2980=VERTEX_POINT('',#2979) ;
#3004=VERTEX_POINT('',#3003) ;
#3011=VERTEX_POINT('',#3010) ;
#3035=VERTEX_POINT('',#3034) ;
#3042=VERTEX_POINT('',#3041) ;
#3066=VERTEX_POINT('',#3065) ;
#3073=VERTEX_POINT('',#3072) ;
#3097=VERTEX_POINT('',#3096) ;
#3104=VERTEX_POINT('',#3103) ;
#3128=VERTEX_POINT('',#3127) ;
#3135=VERTEX_POINT('',#3134) ;
#3159=VERTEX_POINT('',#3158) ;
#3166=VERTEX_POINT('',#3165) ;
#3190=VERTEX_POINT('',#3189) ;
#3197=VERTEX_POINT('',#3196) ;
#3221=VERTEX_POINT('',#3220) ;
#3228=VERTEX_POINT('',#3227) ;
#3252=VERTEX_POINT('',#3251) ;
#3259=VERTEX_POINT('',#3258) ;
#3283=VERTEX_POINT('',#3282) ;
#3290=VERTEX_POINT('',#3289) ;
#3309=VERTEX_POINT('',#3308) ;
#3316=VERTEX_POINT('',#3315) ;
#3340=VERTEX_POINT('',#3339) ;
#3347=VERTEX_POINT('',#3346) ;
#3371=VERTEX_POINT('',#3370) ;
#3378=VERTEX_POINT('',#3377) ;
#3402=VERTEX_POINT('',#3401) ;
#3409=VERTEX_POINT('',#3408) ;
#3428=VERTEX_POINT('',#3427) ;
#3435=VERTEX_POINT('',#3434) ;
#3459=VERTEX_POINT('',#3458) ;
#3466=VERTEX_POINT('',#3465) ;
#3490=VERTEX_POINT('',#3489) ;
#3497=VERTEX_POINT('',#3496) ;
#3521=VERTEX_POINT('',#3520) ;
#3528=VERTEX_POINT('',#3527) ;
#3547=VERTEX_POINT('',#3546) ;
#3554=VERTEX_POINT('',#3553) ;
#3578=VERTEX_POINT('',#3577) ;
#3585=VERTEX_POINT('',#3584) ;
#3631=VERTEX_POINT('',#3630) ;
#3633=VERTEX_POINT('',#3632) ;
#3640=VERTEX_POINT('',#3639) ;
#3647=VERTEX_POINT('',#3646) ;
#3688=VERTEX_POINT('',#3687) ;
#3690=VERTEX_POINT('',#3689) ;
#3697=VERTEX_POINT('',#3696) ;
#3704=VERTEX_POINT('',#3703) ;
#3745=VERTEX_POINT('',#3744) ;
#3747=VERTEX_POINT('',#3746) ;
#3754=VERTEX_POINT('',#3753) ;
#3761=VERTEX_POINT('',#3760) ;
#3893=VERTEX_POINT('',#3892) ;
#3895=VERTEX_POINT('',#3894) ;
#3902=VERTEX_POINT('',#3901) ;
#3909=VERTEX_POINT('',#3908) ;
#3933=VERTEX_POINT('',#3932) ;
#3940=VERTEX_POINT('',#3939) ;
#3964=VERTEX_POINT('',#3963) ;
#3966=VERTEX_POINT('',#3965) ;
#4012=VERTEX_POINT('',#4011) ;
#4019=VERTEX_POINT('',#4018) ;
#4043=VERTEX_POINT('',#4042) ;
#4067=VERTEX_POINT('',#4066) ;
#4074=VERTEX_POINT('',#4073) ;
#4098=VERTEX_POINT('',#4097) ;
#4105=VERTEX_POINT('',#4104) ;
#4129=VERTEX_POINT('',#4128) ;
#4131=VERTEX_POINT('',#4130) ;
#4160=VERTEX_POINT('',#4159) ;
#4167=VERTEX_POINT('',#4166) ;
#4191=VERTEX_POINT('',#4190) ;
#4198=VERTEX_POINT('',#4197) ;
#4222=VERTEX_POINT('',#4221) ;
#4229=VERTEX_POINT('',#4228) ;
#4253=VERTEX_POINT('',#4252) ;
#4260=VERTEX_POINT('',#4259) ;
#4284=VERTEX_POINT('',#4283) ;
#4291=VERTEX_POINT('',#4290) ;
#4315=VERTEX_POINT('',#4314) ;
#4322=VERTEX_POINT('',#4321) ;
#4329=VERTEX_POINT('',#4328) ;
#4339=VERTEX_POINT('',#4338) ;
#4346=VERTEX_POINT('',#4345) ;
#4356=VERTEX_POINT('',#4355) ;
#4363=VERTEX_POINT('',#4362) ;
#4373=VERTEX_POINT('',#4372) ;
#4380=VERTEX_POINT('',#4379) ;
#4390=VERTEX_POINT('',#4389) ;
#4427=VERTEX_POINT('',#4426) ;
#4429=VERTEX_POINT('',#4428) ;
#4439=VERTEX_POINT('',#4438) ;
#4449=VERTEX_POINT('',#4448) ;
#4476=VERTEX_POINT('',#4475) ;
#4483=VERTEX_POINT('',#4482) ;
#4507=VERTEX_POINT('',#4506) ;
#4531=VERTEX_POINT('',#4530) ;
#4555=VERTEX_POINT('',#4554) ;
#4579=VERTEX_POINT('',#4578) ;
#4603=VERTEX_POINT('',#4602) ;
#4627=VERTEX_POINT('',#4626) ;
#4702=VERTEX_POINT('',#4701) ;
#4709=VERTEX_POINT('',#4708) ;
#4733=VERTEX_POINT('',#4732) ;
#4752=VERTEX_POINT('',#4751) ;
#4788=VERTEX_POINT('',#4787) ;
#4812=VERTEX_POINT('',#4811) ;
#4836=VERTEX_POINT('',#4835) ;
#4899=VERTEX_POINT('',#4898) ;
#4906=VERTEX_POINT('',#4905) ;
#4930=VERTEX_POINT('',#4929) ;
#4954=VERTEX_POINT('',#4953) ;
#4995=VERTEX_POINT('',#4994) ;
#5002=VERTEX_POINT('',#5001) ;
#5026=VERTEX_POINT('',#5025) ;
#5050=VERTEX_POINT('',#5049) ;
#5106=VERTEX_POINT('',#5105) ;
#5108=VERTEX_POINT('',#5107) ;
#5115=VERTEX_POINT('',#5114) ;
#5122=VERTEX_POINT('',#5121) ;
#5129=VERTEX_POINT('',#5128) ;
#5136=VERTEX_POINT('',#5135) ;
#5162=VERTEX_POINT('',#5161) ;
#5164=VERTEX_POINT('',#5163) ;
#5193=VERTEX_POINT('',#5192) ;
#5200=VERTEX_POINT('',#5199) ;
#5224=VERTEX_POINT('',#5223) ;
#5248=VERTEX_POINT('',#5247) ;
#5272=VERTEX_POINT('',#5271) ;
#5279=VERTEX_POINT('',#5278) ;
#5286=VERTEX_POINT('',#5285) ;
#5293=VERTEX_POINT('',#5292) ;
#5300=VERTEX_POINT('',#5299) ;
#5307=VERTEX_POINT('',#5306) ;
#5314=VERTEX_POINT('',#5313) ;
#5321=VERTEX_POINT('',#5320) ;
#5328=VERTEX_POINT('',#5327) ;
#5335=VERTEX_POINT('',#5334) ;
#5342=VERTEX_POINT('',#5341) ;
#5349=VERTEX_POINT('',#5348) ;
#5356=VERTEX_POINT('',#5355) ;
#5363=VERTEX_POINT('',#5362) ;
#5370=VERTEX_POINT('',#5369) ;
#5377=VERTEX_POINT('',#5376) ;
#5409=VERTEX_POINT('',#5408) ;
#5411=VERTEX_POINT('',#5410) ;
#5418=VERTEX_POINT('',#5417) ;
#5425=VERTEX_POINT('',#5424) ;
#5443=VERTEX_POINT('',#5442) ;
#5445=VERTEX_POINT('',#5444) ;
#5452=VERTEX_POINT('',#5451) ;
#5459=VERTEX_POINT('',#5458) ;
#5483=VERTEX_POINT('',#5482) ;
#5485=VERTEX_POINT('',#5484) ;
#5492=VERTEX_POINT('',#5491) ;
#5499=VERTEX_POINT('',#5498) ;
#5506=VERTEX_POINT('',#5505) ;
#5513=VERTEX_POINT('',#5512) ;
#5520=VERTEX_POINT('',#5519) ;
#5527=VERTEX_POINT('',#5526) ;
#5534=VERTEX_POINT('',#5533) ;
#5541=VERTEX_POINT('',#5540) ;
#5548=VERTEX_POINT('',#5547) ;
#5555=VERTEX_POINT('',#5554) ;
#5562=VERTEX_POINT('',#5561) ;
#5569=VERTEX_POINT('',#5568) ;
#5576=VERTEX_POINT('',#5575) ;
#5583=VERTEX_POINT('',#5582) ;
#5590=VERTEX_POINT('',#5589) ;
#5597=VERTEX_POINT('',#5596) ;
#5629=VERTEX_POINT('',#5628) ;
#5631=VERTEX_POINT('',#5630) ;
#5638=VERTEX_POINT('',#5637) ;
#5645=VERTEX_POINT('',#5644) ;
#5663=VERTEX_POINT('',#5662) ;
#5665=VERTEX_POINT('',#5664) ;
#5672=VERTEX_POINT('',#5671) ;
#5679=VERTEX_POINT('',#5678) ;
#5703=VERTEX_POINT('',#5702) ;
#5710=VERTEX_POINT('',#5709) ;
#6179=VERTEX_POINT('',#6178) ;
#6181=VERTEX_POINT('',#6180) ;
#6188=VERTEX_POINT('',#6187) ;
#6195=VERTEX_POINT('',#6194) ;
#6219=VERTEX_POINT('',#6218) ;
#6226=VERTEX_POINT('',#6225) ;
#6233=VERTEX_POINT('',#6232) ;
#6240=VERTEX_POINT('',#6239) ;
#6247=VERTEX_POINT('',#6246) ;
#6254=VERTEX_POINT('',#6253) ;
#6261=VERTEX_POINT('',#6260) ;
#6268=VERTEX_POINT('',#6267) ;
#6275=VERTEX_POINT('',#6274) ;
#6300=VERTEX_POINT('',#6299) ;
#6302=VERTEX_POINT('',#6301) ;
#6318=VERTEX_POINT('',#6317) ;
#6320=VERTEX_POINT('',#6319) ;
#6342=VERTEX_POINT('',#6341) ;
#6366=VERTEX_POINT('',#6365) ;
#6373=VERTEX_POINT('',#6372) ;
#6397=VERTEX_POINT('',#6396) ;
#6421=VERTEX_POINT('',#6420) ;
#6428=VERTEX_POINT('',#6427) ;
#6452=VERTEX_POINT('',#6451) ;
#6476=VERTEX_POINT('',#6475) ;
#6483=VERTEX_POINT('',#6482) ;
#6524=VERTEX_POINT('',#6523) ;
#6531=VERTEX_POINT('',#6530) ;
#6567=VERTEX_POINT('',#6566) ;
#6574=VERTEX_POINT('',#6573) ;
#6686=VERTEX_POINT('',#6685) ;
#6688=VERTEX_POINT('',#6687) ;
#6695=VERTEX_POINT('',#6694) ;
#6702=VERTEX_POINT('',#6701) ;
#6726=VERTEX_POINT('',#6725) ;
#6728=VERTEX_POINT('',#6727) ;
#6735=VERTEX_POINT('',#6734) ;
#6742=VERTEX_POINT('',#6741) ;
#6749=VERTEX_POINT('',#6748) ;
#6761=VERTEX_POINT('',#6760) ;
#6768=VERTEX_POINT('',#6767) ;
#6775=VERTEX_POINT('',#6774) ;
#6782=VERTEX_POINT('',#6781) ;
#6789=VERTEX_POINT('',#6788) ;
#6796=VERTEX_POINT('',#6795) ;
#6823=VERTEX_POINT('',#6822) ;
#6825=VERTEX_POINT('',#6824) ;
#6841=VERTEX_POINT('',#6840) ;
#6843=VERTEX_POINT('',#6842) ;
#6865=VERTEX_POINT('',#6864) ;
#6889=VERTEX_POINT('',#6888) ;
#6896=VERTEX_POINT('',#6895) ;
#6920=VERTEX_POINT('',#6919) ;
#6944=VERTEX_POINT('',#6943) ;
#6968=VERTEX_POINT('',#6967) ;
#6975=VERTEX_POINT('',#6974) ;
#6999=VERTEX_POINT('',#6998) ;
#7023=VERTEX_POINT('',#7022) ;
#7030=VERTEX_POINT('',#7029) ;
#7049=VERTEX_POINT('',#7048) ;
#7073=VERTEX_POINT('',#7072) ;
#7080=VERTEX_POINT('',#7079) ;
#7116=VERTEX_POINT('',#7115) ;
#7123=VERTEX_POINT('',#7122) ;
#7259=VERTEX_POINT('',#7258) ;
#7261=VERTEX_POINT('',#7260) ;
#7268=VERTEX_POINT('',#7267) ;
#7275=VERTEX_POINT('',#7274) ;
#7311=VERTEX_POINT('',#7310) ;
#7313=VERTEX_POINT('',#7312) ;
#7334=VERTEX_POINT('',#7333) ;
#7336=VERTEX_POINT('',#7335) ;
#7352=VERTEX_POINT('',#7351) ;
#7354=VERTEX_POINT('',#7353) ;
#7400=VERTEX_POINT('',#7399) ;
#7407=VERTEX_POINT('',#7406) ;
#7447=VERTEX_POINT('',#7446) ;
#7449=VERTEX_POINT('',#7448) ;
#7483=VERTEX_POINT('',#7482) ;
#7485=VERTEX_POINT('',#7484) ;
#7542=VERTEX_POINT('',#7541) ;
#7544=VERTEX_POINT('',#7543) ;
#7551=VERTEX_POINT('',#7550) ;
#7558=VERTEX_POINT('',#7557) ;
#7594=VERTEX_POINT('',#7593) ;
#7596=VERTEX_POINT('',#7595) ;
#7617=VERTEX_POINT('',#7616) ;
#7619=VERTEX_POINT('',#7618) ;
#7635=VERTEX_POINT('',#7634) ;
#7637=VERTEX_POINT('',#7636) ;
#7683=VERTEX_POINT('',#7682) ;
#7690=VERTEX_POINT('',#7689) ;
#7730=VERTEX_POINT('',#7729) ;
#7732=VERTEX_POINT('',#7731) ;
#7759=VERTEX_POINT('',#7758) ;
#7761=VERTEX_POINT('',#7760) ;
#7818=VERTEX_POINT('',#7817) ;
#7820=VERTEX_POINT('',#7819) ;
#7827=VERTEX_POINT('',#7826) ;
#7834=VERTEX_POINT('',#7833) ;
#7858=VERTEX_POINT('',#7857) ;
#7860=VERTEX_POINT('',#7859) ;
#7889=VERTEX_POINT('',#7888) ;
#7891=VERTEX_POINT('',#7890) ;
#7898=VERTEX_POINT('',#7897) ;
#7929=VERTEX_POINT('',#7928) ;
#7931=VERTEX_POINT('',#7930) ;
#7938=VERTEX_POINT('',#7937) ;
#7945=VERTEX_POINT('',#7944) ;
#7957=VERTEX_POINT('',#7956) ;
#7964=VERTEX_POINT('',#7963) ;
#7971=VERTEX_POINT('',#7970) ;
#8001=VERTEX_POINT('',#8000) ;
#8003=VERTEX_POINT('',#8002) ;
#8032=VERTEX_POINT('',#8031) ;
#8039=VERTEX_POINT('',#8038) ;
#8046=VERTEX_POINT('',#8045) ;
#8053=VERTEX_POINT('',#8052) ;
#8060=VERTEX_POINT('',#8059) ;
#8087=VERTEX_POINT('',#8086) ;
#8111=VERTEX_POINT('',#8110) ;
#8118=VERTEX_POINT('',#8117) ;
#8142=VERTEX_POINT('',#8141) ;
#8166=VERTEX_POINT('',#8165) ;
#8195=VERTEX_POINT('',#8194) ;
#8202=VERTEX_POINT('',#8201) ;
#8270=VERTEX_POINT('',#8269) ;
#8272=VERTEX_POINT('',#8271) ;
#8295=VERTEX_POINT('',#8294) ;
#8302=VERTEX_POINT('',#8301) ;
#8398=VERTEX_POINT('',#8397) ;
#8400=VERTEX_POINT('',#8399) ;
#8407=VERTEX_POINT('',#8406) ;
#8414=VERTEX_POINT('',#8413) ;
#8438=VERTEX_POINT('',#8437) ;
#8445=VERTEX_POINT('',#8444) ;
#8464=VERTEX_POINT('',#8463) ;
#8488=VERTEX_POINT('',#8487) ;
#8539=VERTEX_POINT('',#8538) ;
#8541=VERTEX_POINT('',#8540) ;
#8548=VERTEX_POINT('',#8547) ;
#8555=VERTEX_POINT('',#8554) ;
#8579=VERTEX_POINT('',#8578) ;
#8586=VERTEX_POINT('',#8585) ;
#8605=VERTEX_POINT('',#8604) ;
#8629=VERTEX_POINT('',#8628) ;
#8680=VERTEX_POINT('',#8679) ;
#8682=VERTEX_POINT('',#8681) ;
#8689=VERTEX_POINT('',#8688) ;
#8696=VERTEX_POINT('',#8695) ;
#8715=VERTEX_POINT('',#8714) ;
#8717=VERTEX_POINT('',#8716) ;
#8746=VERTEX_POINT('',#8745) ;
#8770=VERTEX_POINT('',#8769) ;
#8821=VERTEX_POINT('',#8820) ;
#8823=VERTEX_POINT('',#8822) ;
#8830=VERTEX_POINT('',#8829) ;
#8837=VERTEX_POINT('',#8836) ;
#8844=VERTEX_POINT('',#8843) ;
#8851=VERTEX_POINT('',#8850) ;
#8858=VERTEX_POINT('',#8857) ;
#8865=VERTEX_POINT('',#8864) ;
#8872=VERTEX_POINT('',#8871) ;
#8879=VERTEX_POINT('',#8878) ;
#8909=VERTEX_POINT('',#8908) ;
#8916=VERTEX_POINT('',#8915) ;
#8940=VERTEX_POINT('',#8939) ;
#8964=VERTEX_POINT('',#8963) ;
#8988=VERTEX_POINT('',#8987) ;
#9012=VERTEX_POINT('',#9011) ;
#9036=VERTEX_POINT('',#9035) ;
#9060=VERTEX_POINT('',#9059) ;
#9084=VERTEX_POINT('',#9083) ;
#9108=VERTEX_POINT('',#9107) ;
#9170=VERTEX_POINT('',#9169) ;
#9172=VERTEX_POINT('',#9171) ;
#9179=VERTEX_POINT('',#9178) ;
#9186=VERTEX_POINT('',#9185) ;
#9210=VERTEX_POINT('',#9209) ;
#9217=VERTEX_POINT('',#9216) ;
#9241=VERTEX_POINT('',#9240) ;
#9243=VERTEX_POINT('',#9242) ;
#9253=VERTEX_POINT('',#9252) ;
#9283=VERTEX_POINT('',#9282) ;
#9285=VERTEX_POINT('',#9284) ;
#9292=VERTEX_POINT('',#9291) ;
#9299=VERTEX_POINT('',#9298) ;
#9308=VERTEX_POINT('',#9307) ;
#9334=VERTEX_POINT('',#9333) ;
#9336=VERTEX_POINT('',#9335) ;
#9345=VERTEX_POINT('',#9344) ;
#9352=VERTEX_POINT('',#9351) ;
#9359=VERTEX_POINT('',#9358) ;
#9391=VERTEX_POINT('',#9390) ;
#9401=VERTEX_POINT('',#9400) ;
#9408=VERTEX_POINT('',#9407) ;
#9415=VERTEX_POINT('',#9414) ;
#9441=VERTEX_POINT('',#9440) ;
#9448=VERTEX_POINT('',#9447) ;
#9472=VERTEX_POINT('',#9471) ;
#9479=VERTEX_POINT('',#9478) ;
#9503=VERTEX_POINT('',#9502) ;
#9510=VERTEX_POINT('',#9509) ;
#9534=VERTEX_POINT('',#9533) ;
#9541=VERTEX_POINT('',#9540) ;
#9565=VERTEX_POINT('',#9564) ;
#9572=VERTEX_POINT('',#9571) ;
#9596=VERTEX_POINT('',#9595) ;
#9606=VERTEX_POINT('',#9605) ;
#9613=VERTEX_POINT('',#9612) ;
#9620=VERTEX_POINT('',#9619) ;
#9646=VERTEX_POINT('',#9645) ;
#9653=VERTEX_POINT('',#9652) ;
#9677=VERTEX_POINT('',#9676) ;
#9684=VERTEX_POINT('',#9683) ;
#9708=VERTEX_POINT('',#9707) ;
#9715=VERTEX_POINT('',#9714) ;
#9739=VERTEX_POINT('',#9738) ;
#9746=VERTEX_POINT('',#9745) ;
#9770=VERTEX_POINT('',#9769) ;
#9777=VERTEX_POINT('',#9776) ;
#9801=VERTEX_POINT('',#9800) ;
#9808=VERTEX_POINT('',#9807) ;
#9827=VERTEX_POINT('',#9826) ;
#9834=VERTEX_POINT('',#9833) ;
#9858=VERTEX_POINT('',#9857) ;
#9890=VERTEX_POINT('',#9889) ;
#9897=VERTEX_POINT('',#9896) ;
#9921=VERTEX_POINT('',#9920) ;
#9928=VERTEX_POINT('',#9927) ;
#9952=VERTEX_POINT('',#9951) ;
#9959=VERTEX_POINT('',#9958) ;
#9983=VERTEX_POINT('',#9982) ;
#9990=VERTEX_POINT('',#9989) ;
#10014=VERTEX_POINT('',#10013) ;
#10021=VERTEX_POINT('',#10020) ;
#10040=VERTEX_POINT('',#10039) ;
#10047=VERTEX_POINT('',#10046) ;
#10071=VERTEX_POINT('',#10070) ;
#10081=VERTEX_POINT('',#10080) ;
#10088=VERTEX_POINT('',#10087) ;
#10095=VERTEX_POINT('',#10094) ;
#10121=VERTEX_POINT('',#10120) ;
#10128=VERTEX_POINT('',#10127) ;
#10152=VERTEX_POINT('',#10151) ;
#10159=VERTEX_POINT('',#10158) ;
#10183=VERTEX_POINT('',#10182) ;
#10190=VERTEX_POINT('',#10189) ;
#10214=VERTEX_POINT('',#10213) ;
#10221=VERTEX_POINT('',#10220) ;
#10245=VERTEX_POINT('',#10244) ;
#10252=VERTEX_POINT('',#10251) ;
#10276=VERTEX_POINT('',#10275) ;
#10283=VERTEX_POINT('',#10282) ;
#10302=VERTEX_POINT('',#10301) ;
#10309=VERTEX_POINT('',#10308) ;
#10333=VERTEX_POINT('',#10332) ;
#10340=VERTEX_POINT('',#10339) ;
#10364=VERTEX_POINT('',#10363) ;
#10366=VERTEX_POINT('',#10365) ;
#10373=VERTEX_POINT('',#10372) ;
#10380=VERTEX_POINT('',#10379) ;
#10404=VERTEX_POINT('',#10403) ;
#10411=VERTEX_POINT('',#10410) ;
#10418=VERTEX_POINT('',#10417) ;
#10425=VERTEX_POINT('',#10424) ;
#10432=VERTEX_POINT('',#10431) ;
#10439=VERTEX_POINT('',#10438) ;
#10470=VERTEX_POINT('',#10469) ;
#10477=VERTEX_POINT('',#10476) ;
#10484=VERTEX_POINT('',#10483) ;
#10491=VERTEX_POINT('',#10490) ;
#10498=VERTEX_POINT('',#10497) ;
#10505=VERTEX_POINT('',#10504) ;
#10570=VERTEX_POINT('',#10569) ;
#10572=VERTEX_POINT('',#10571) ;
#10579=VERTEX_POINT('',#10578) ;
#10586=VERTEX_POINT('',#10585) ;
#10603=VERTEX_POINT('',#10602) ;
#10610=VERTEX_POINT('',#10609) ;
#10617=VERTEX_POINT('',#10616) ;
#10624=VERTEX_POINT('',#10623) ;
#10631=VERTEX_POINT('',#10630) ;
#10638=VERTEX_POINT('',#10637) ;
#10645=VERTEX_POINT('',#10644) ;
#10652=VERTEX_POINT('',#10651) ;
#10659=VERTEX_POINT('',#10658) ;
#10666=VERTEX_POINT('',#10665) ;
#10698=VERTEX_POINT('',#10697) ;
#10700=VERTEX_POINT('',#10699) ;
#10716=VERTEX_POINT('',#10715) ;
#10718=VERTEX_POINT('',#10717) ;
#10734=VERTEX_POINT('',#10733) ;
#10736=VERTEX_POINT('',#10735) ;
#10743=VERTEX_POINT('',#10742) ;
#10760=VERTEX_POINT('',#10759) ;
#10762=VERTEX_POINT('',#10761) ;
#10769=VERTEX_POINT('',#10768) ;
#10786=VERTEX_POINT('',#10785) ;
#10788=VERTEX_POINT('',#10787) ;
#10804=VERTEX_POINT('',#10803) ;
#10806=VERTEX_POINT('',#10805) ;
#10822=VERTEX_POINT('',#10821) ;
#10824=VERTEX_POINT('',#10823) ;
#10875=VERTEX_POINT('',#10874) ;
#10877=VERTEX_POINT('',#10876) ;
#10884=VERTEX_POINT('',#10883) ;
#10896=VERTEX_POINT('',#10895) ;
#10903=VERTEX_POINT('',#10902) ;
#10910=VERTEX_POINT('',#10909) ;
#10917=VERTEX_POINT('',#10916) ;
#10982=VERTEX_POINT('',#10981) ;
#10984=VERTEX_POINT('',#10983) ;
#11013=VERTEX_POINT('',#11012) ;
#11037=VERTEX_POINT('',#11036) ;
#11061=VERTEX_POINT('',#11060) ;
#11085=VERTEX_POINT('',#11084) ;
#11104=VERTEX_POINT('',#11103) ;
#11106=VERTEX_POINT('',#11105) ;
#11118=VERTEX_POINT('',#11117) ;
#11144=VERTEX_POINT('',#11143) ;
#11151=VERTEX_POINT('',#11150) ;
#11175=VERTEX_POINT('',#11174) ;
#11177=VERTEX_POINT('',#11176) ;
#11206=VERTEX_POINT('',#11205) ;
#11208=VERTEX_POINT('',#11207) ;
#11215=VERTEX_POINT('',#11214) ;
#11248=VERTEX_POINT('',#11247) ;
#11255=VERTEX_POINT('',#11254) ;
#11279=VERTEX_POINT('',#11278) ;
#11281=VERTEX_POINT('',#11280) ;
#11310=VERTEX_POINT('',#11309) ;
#11317=VERTEX_POINT('',#11316) ;
#11341=VERTEX_POINT('',#11340) ;
#11343=VERTEX_POINT('',#11342) ;
#11353=VERTEX_POINT('',#11352) ;
#11378=VERTEX_POINT('',#11377) ;
#11385=VERTEX_POINT('',#11384) ;
#11409=VERTEX_POINT('',#11408) ;
#11416=VERTEX_POINT('',#11415) ;
#11440=VERTEX_POINT('',#11439) ;
#11457=VERTEX_POINT('',#11456) ;
#11531=VERTEX_POINT('',#11530) ;
#11541=VERTEX_POINT('',#11540) ;
#11579=VERTEX_POINT('',#11578) ;
#11581=VERTEX_POINT('',#11580) ;
#11588=VERTEX_POINT('',#11587) ;
#11595=VERTEX_POINT('',#11594) ;
#11619=VERTEX_POINT('',#11618) ;
#11626=VERTEX_POINT('',#11625) ;
#11650=VERTEX_POINT('',#11649) ;
#11657=VERTEX_POINT('',#11656) ;
#11681=VERTEX_POINT('',#11680) ;
#11688=VERTEX_POINT('',#11687) ;
#11700=VERTEX_POINT('',#11699) ;
#11707=VERTEX_POINT('',#11706) ;
#11759=VERTEX_POINT('',#11758) ;
#11780=VERTEX_POINT('',#11779) ;
#11811=VERTEX_POINT('',#11810) ;
#11813=VERTEX_POINT('',#11812) ;
#11869=VERTEX_POINT('',#11868) ;
#11871=VERTEX_POINT('',#11870) ;
#11896=VERTEX_POINT('',#11895) ;
#11898=VERTEX_POINT('',#11897) ;
#11914=VERTEX_POINT('',#11913) ;
#11916=VERTEX_POINT('',#11915) ;
#11932=VERTEX_POINT('',#11931) ;
#11934=VERTEX_POINT('',#11933) ;
#11950=VERTEX_POINT('',#11949) ;
#11952=VERTEX_POINT('',#11951) ;
#11968=VERTEX_POINT('',#11967) ;
#11970=VERTEX_POINT('',#11969) ;
#11986=VERTEX_POINT('',#11985) ;
#11988=VERTEX_POINT('',#11987) ;
#12004=VERTEX_POINT('',#12003) ;
#12006=VERTEX_POINT('',#12005) ;
#12022=VERTEX_POINT('',#12021) ;
#12024=VERTEX_POINT('',#12023) ;
#12040=VERTEX_POINT('',#12039) ;
#12042=VERTEX_POINT('',#12041) ;
#12110=VERTEX_POINT('',#12109) ;
#12112=VERTEX_POINT('',#12111) ;
#12155=VERTEX_POINT('',#12154) ;
#12157=VERTEX_POINT('',#12156) ;
#12200=VERTEX_POINT('',#12199) ;
#12207=VERTEX_POINT('',#12206) ;
#12245=VERTEX_POINT('',#12244) ;
#12252=VERTEX_POINT('',#12251) ;
#12290=VERTEX_POINT('',#12289) ;
#12297=VERTEX_POINT('',#12296) ;
#12335=VERTEX_POINT('',#12334) ;
#12342=VERTEX_POINT('',#12341) ;
#12380=VERTEX_POINT('',#12379) ;
#12382=VERTEX_POINT('',#12381) ;
#12404=VERTEX_POINT('',#12403) ;
#12406=VERTEX_POINT('',#12405) ;
#12428=VERTEX_POINT('',#12427) ;
#12435=VERTEX_POINT('',#12434) ;
#12461=VERTEX_POINT('',#12460) ;
#12468=VERTEX_POINT('',#12467) ;
#12499=VERTEX_POINT('',#12498) ;
#12506=VERTEX_POINT('',#12505) ;
#12513=VERTEX_POINT('',#12512) ;
#12520=VERTEX_POINT('',#12519) ;
#12750=VERTEX_POINT('',#12749) ;
#12752=VERTEX_POINT('',#12751) ;
#12789=VERTEX_POINT('',#12788) ;
#12796=VERTEX_POINT('',#12795) ;
#12878=VERTEX_POINT('',#12877) ;
#12880=VERTEX_POINT('',#12879) ;
#12896=VERTEX_POINT('',#12895) ;
#12898=VERTEX_POINT('',#12897) ;
#12918=VERTEX_POINT('',#12917) ;
#12920=VERTEX_POINT('',#12919) ;
#12943=VERTEX_POINT('',#12942) ;
#12945=VERTEX_POINT('',#12944) ;
#12988=VERTEX_POINT('',#12987) ;
#12990=VERTEX_POINT('',#12989) ;
#13033=VERTEX_POINT('',#13032) ;
#13035=VERTEX_POINT('',#13034) ;
#13105=VERTEX_POINT('',#13104) ;
#13112=VERTEX_POINT('',#13111) ;
#13304=VERTEX_POINT('',#13303) ;
#13306=VERTEX_POINT('',#13305) ;
#13313=VERTEX_POINT('',#13312) ;
#13320=VERTEX_POINT('',#13319) ;
#13344=VERTEX_POINT('',#13343) ;
#13346=VERTEX_POINT('',#13345) ;
#13353=VERTEX_POINT('',#13352) ;
#13360=VERTEX_POINT('',#13359) ;
#13367=VERTEX_POINT('',#13366) ;
#13374=VERTEX_POINT('',#13373) ;
#13381=VERTEX_POINT('',#13380) ;
#13388=VERTEX_POINT('',#13387) ;
#13395=VERTEX_POINT('',#13394) ;
#13402=VERTEX_POINT('',#13401) ;
#13409=VERTEX_POINT('',#13408) ;
#13416=VERTEX_POINT('',#13415) ;
#13423=VERTEX_POINT('',#13422) ;
#13430=VERTEX_POINT('',#13429) ;
#13458=VERTEX_POINT('',#13457) ;
#13465=VERTEX_POINT('',#13464) ;
#13489=VERTEX_POINT('',#13488) ;
#13513=VERTEX_POINT('',#13512) ;
#13520=VERTEX_POINT('',#13519) ;
#13544=VERTEX_POINT('',#13543) ;
#13551=VERTEX_POINT('',#13550) ;
#13575=VERTEX_POINT('',#13574) ;
#13599=VERTEX_POINT('',#13598) ;
#13623=VERTEX_POINT('',#13622) ;
#13647=VERTEX_POINT('',#13646) ;
#13654=VERTEX_POINT('',#13653) ;
#13678=VERTEX_POINT('',#13677) ;
#13685=VERTEX_POINT('',#13684) ;
#13709=VERTEX_POINT('',#13708) ;
#13733=VERTEX_POINT('',#13732) ;
#13791=VERTEX_POINT('',#13790) ;
#13832=VERTEX_POINT('',#13831) ;
#13921=VERTEX_POINT('',#13920) ;
#13923=VERTEX_POINT('',#13922) ;
#13930=VERTEX_POINT('',#13929) ;
#13937=VERTEX_POINT('',#13936) ;
#13961=VERTEX_POINT('',#13960) ;
#13968=VERTEX_POINT('',#13967) ;
#13992=VERTEX_POINT('',#13991) ;
#13999=VERTEX_POINT('',#13998) ;
#14023=VERTEX_POINT('',#14022) ;
#14030=VERTEX_POINT('',#14029) ;
#14054=VERTEX_POINT('',#14053) ;
#14061=VERTEX_POINT('',#14060) ;
#14085=VERTEX_POINT('',#14084) ;
#14092=VERTEX_POINT('',#14091) ;
#14116=VERTEX_POINT('',#14115) ;
#14118=VERTEX_POINT('',#14117) ;
#14152=VERTEX_POINT('',#14151) ;
#14176=VERTEX_POINT('',#14175) ;
#14237=VERTEX_POINT('',#14236) ;
#14239=VERTEX_POINT('',#14238) ;
#14246=VERTEX_POINT('',#14245) ;
#14253=VERTEX_POINT('',#14252) ;
#14277=VERTEX_POINT('',#14276) ;
#14279=VERTEX_POINT('',#14278) ;
#14308=VERTEX_POINT('',#14307) ;
#14315=VERTEX_POINT('',#14314) ;
#14339=VERTEX_POINT('',#14338) ;
#14346=VERTEX_POINT('',#14345) ;
#14353=VERTEX_POINT('',#14352) ;
#14380=VERTEX_POINT('',#14379) ;
#14387=VERTEX_POINT('',#14386) ;
#14394=VERTEX_POINT('',#14393) ;
#14487=VERTEX_POINT('',#14486) ;
#14489=VERTEX_POINT('',#14488) ;
#14496=VERTEX_POINT('',#14495) ;
#14503=VERTEX_POINT('',#14502) ;
#14527=VERTEX_POINT('',#14526) ;
#14534=VERTEX_POINT('',#14533) ;
#14558=VERTEX_POINT('',#14557) ;
#14565=VERTEX_POINT('',#14564) ;
#14589=VERTEX_POINT('',#14588) ;
#14596=VERTEX_POINT('',#14595) ;
#14620=VERTEX_POINT('',#14619) ;
#14627=VERTEX_POINT('',#14626) ;
#14651=VERTEX_POINT('',#14650) ;
#14658=VERTEX_POINT('',#14657) ;
#14682=VERTEX_POINT('',#14681) ;
#14684=VERTEX_POINT('',#14683) ;
#14718=VERTEX_POINT('',#14717) ;
#14742=VERTEX_POINT('',#14741) ;
#14803=VERTEX_POINT('',#14802) ;
#14805=VERTEX_POINT('',#14804) ;
#14812=VERTEX_POINT('',#14811) ;
#14819=VERTEX_POINT('',#14818) ;
#14843=VERTEX_POINT('',#14842) ;
#14845=VERTEX_POINT('',#14844) ;
#14874=VERTEX_POINT('',#14873) ;
#14881=VERTEX_POINT('',#14880) ;
#14905=VERTEX_POINT('',#14904) ;
#14912=VERTEX_POINT('',#14911) ;
#14919=VERTEX_POINT('',#14918) ;
#14946=VERTEX_POINT('',#14945) ;
#14953=VERTEX_POINT('',#14952) ;
#14960=VERTEX_POINT('',#14959) ;
#15053=VERTEX_POINT('',#15052) ;
#15055=VERTEX_POINT('',#15054) ;
#15062=VERTEX_POINT('',#15061) ;
#15069=VERTEX_POINT('',#15068) ;
#15088=VERTEX_POINT('',#15087) ;
#15095=VERTEX_POINT('',#15094) ;
#15119=VERTEX_POINT('',#15118) ;
#15143=VERTEX_POINT('',#15142) ;
#15194=VERTEX_POINT('',#15193) ;
#15196=VERTEX_POINT('',#15195) ;
#15203=VERTEX_POINT('',#15202) ;
#15210=VERTEX_POINT('',#15209) ;
#15234=VERTEX_POINT('',#15233) ;
#15241=VERTEX_POINT('',#15240) ;
#15260=VERTEX_POINT('',#15259) ;
#15284=VERTEX_POINT('',#15283) ;
#15335=VERTEX_POINT('',#15334) ;
#15337=VERTEX_POINT('',#15336) ;
#15344=VERTEX_POINT('',#15343) ;
#15351=VERTEX_POINT('',#15350) ;
#15375=VERTEX_POINT('',#15374) ;
#15382=VERTEX_POINT('',#15381) ;
#15401=VERTEX_POINT('',#15400) ;
#15425=VERTEX_POINT('',#15424) ;
#15476=VERTEX_POINT('',#15475) ;
#15478=VERTEX_POINT('',#15477) ;
#15485=VERTEX_POINT('',#15484) ;
#15492=VERTEX_POINT('',#15491) ;
#15516=VERTEX_POINT('',#15515) ;
#15523=VERTEX_POINT('',#15522) ;
#15542=VERTEX_POINT('',#15541) ;
#15566=VERTEX_POINT('',#15565) ;
#15617=VERTEX_POINT('',#15616) ;
#15619=VERTEX_POINT('',#15618) ;
#15626=VERTEX_POINT('',#15625) ;
#15633=VERTEX_POINT('',#15632) ;
#15657=VERTEX_POINT('',#15656) ;
#15659=VERTEX_POINT('',#15658) ;
#15666=VERTEX_POINT('',#15665) ;
#15673=VERTEX_POINT('',#15672) ;
#15697=VERTEX_POINT('',#15696) ;
#15699=VERTEX_POINT('',#15698) ;
#15728=VERTEX_POINT('',#15727) ;
#15730=VERTEX_POINT('',#15729) ;
#15737=VERTEX_POINT('',#15736) ;
#15744=VERTEX_POINT('',#15743) ;
#15768=VERTEX_POINT('',#15767) ;
#15770=VERTEX_POINT('',#15769) ;
#15777=VERTEX_POINT('',#15776) ;
#15784=VERTEX_POINT('',#15783) ;
#15825=VERTEX_POINT('',#15824) ;
#15832=VERTEX_POINT('',#15831) ;
#15856=VERTEX_POINT('',#15855) ;
#15863=VERTEX_POINT('',#15862) ;
#15887=VERTEX_POINT('',#15886) ;
#15894=VERTEX_POINT('',#15893) ;
#15940=VERTEX_POINT('',#15939) ;
#15947=VERTEX_POINT('',#15946) ;
#15971=VERTEX_POINT('',#15970) ;
#15978=VERTEX_POINT('',#15977) ;
#16096=VERTEX_POINT('',#16095) ;
#16098=VERTEX_POINT('',#16097) ;
#16105=VERTEX_POINT('',#16104) ;
#16112=VERTEX_POINT('',#16111) ;
#16119=VERTEX_POINT('',#16118) ;
#16126=VERTEX_POINT('',#16125) ;
#16152=VERTEX_POINT('',#16151) ;
#16159=VERTEX_POINT('',#16158) ;
#16183=VERTEX_POINT('',#16182) ;
#16185=VERTEX_POINT('',#16184) ;
#16192=VERTEX_POINT('',#16191) ;
#16199=VERTEX_POINT('',#16198) ;
#16313=VERTEX_POINT('',#16312) ;
#16315=VERTEX_POINT('',#16314) ;
#16322=VERTEX_POINT('',#16321) ;
#16329=VERTEX_POINT('',#16328) ;
#16336=VERTEX_POINT('',#16335) ;
#16343=VERTEX_POINT('',#16342) ;
#16369=VERTEX_POINT('',#16368) ;
#16376=VERTEX_POINT('',#16375) ;
#16400=VERTEX_POINT('',#16399) ;
#16402=VERTEX_POINT('',#16401) ;
#16414=VERTEX_POINT('',#16413) ;
#16421=VERTEX_POINT('',#16420) ;
#16530=VERTEX_POINT('',#16529) ;
#16532=VERTEX_POINT('',#16531) ;
#16539=VERTEX_POINT('',#16538) ;
#16546=VERTEX_POINT('',#16545) ;
#16570=VERTEX_POINT('',#16569) ;
#16577=VERTEX_POINT('',#16576) ;
#16601=VERTEX_POINT('',#16600) ;
#16608=VERTEX_POINT('',#16607) ;
#16615=VERTEX_POINT('',#16614) ;
#16622=VERTEX_POINT('',#16621) ;
#16629=VERTEX_POINT('',#16628) ;
#16636=VERTEX_POINT('',#16635) ;
#16665=VERTEX_POINT('',#16664) ;
#16689=VERTEX_POINT('',#16688) ;
#16696=VERTEX_POINT('',#16695) ;
#16703=VERTEX_POINT('',#16702) ;
#16710=VERTEX_POINT('',#16709) ;
#16717=VERTEX_POINT('',#16716) ;
#16747=VERTEX_POINT('',#16746) ;
#16754=VERTEX_POINT('',#16753) ;
#16783=VERTEX_POINT('',#16782) ;
#16785=VERTEX_POINT('',#16784) ;
#16797=VERTEX_POINT('',#16796) ;
#16823=VERTEX_POINT('',#16822) ;
#16825=VERTEX_POINT('',#16824) ;
#16832=VERTEX_POINT('',#16831) ;
#16849=VERTEX_POINT('',#16848) ;
#16856=VERTEX_POINT('',#16855) ;
#16927=VERTEX_POINT('',#16926) ;
#16934=VERTEX_POINT('',#16933) ;
#16979=VERTEX_POINT('',#16978) ;
#17021=VERTEX_POINT('',#17020) ;
#17028=VERTEX_POINT('',#17027) ;
#17041=VERTEX_POINT('',#17040) ;
#17075=VERTEX_POINT('',#17074) ;
#17083=VERTEX_POINT('',#17082) ;
#17090=VERTEX_POINT('',#17089) ;
#17140=VERTEX_POINT('',#17139) ;
#17147=VERTEX_POINT('',#17146) ;
#17155=VERTEX_POINT('',#17154) ;
#17182=VERTEX_POINT('',#17181) ;
#17184=VERTEX_POINT('',#17183) ;
#17232=VERTEX_POINT('',#17231) ;
#17234=VERTEX_POINT('',#17233) ;
#17241=VERTEX_POINT('',#17240) ;
#17248=VERTEX_POINT('',#17247) ;
#17255=VERTEX_POINT('',#17254) ;
#17262=VERTEX_POINT('',#17261) ;
#17269=VERTEX_POINT('',#17268) ;
#17276=VERTEX_POINT('',#17275) ;
#17283=VERTEX_POINT('',#17282) ;
#17295=VERTEX_POINT('',#17294) ;
#17302=VERTEX_POINT('',#17301) ;
#17336=VERTEX_POINT('',#17335) ;
#17362=VERTEX_POINT('',#17361) ;
#17364=VERTEX_POINT('',#17363) ;
#17371=VERTEX_POINT('',#17370) ;
#17383=VERTEX_POINT('',#17382) ;
#17390=VERTEX_POINT('',#17389) ;
#17397=VERTEX_POINT('',#17396) ;
#17404=VERTEX_POINT('',#17403) ;
#17411=VERTEX_POINT('',#17410) ;
#17418=VERTEX_POINT('',#17417) ;
#17425=VERTEX_POINT('',#17424) ;
#17578=VERTEX_POINT('',#17577) ;
#17580=VERTEX_POINT('',#17579) ;
#17629=VERTEX_POINT('',#17628) ;
#17636=VERTEX_POINT('',#17635) ;
#17666=VERTEX_POINT('',#17665) ;
#17673=VERTEX_POINT('',#17672) ;
#17680=VERTEX_POINT('',#17679) ;
#17720=VERTEX_POINT('',#17719) ;
#17740=VERTEX_POINT('',#17739) ;
#17742=VERTEX_POINT('',#17741) ;
#17773=VERTEX_POINT('',#17772) ;
#17775=VERTEX_POINT('',#17774) ;
#17804=VERTEX_POINT('',#17803) ;
#17811=VERTEX_POINT('',#17810) ;
#17835=VERTEX_POINT('',#17834) ;
#17842=VERTEX_POINT('',#17841) ;
#17866=VERTEX_POINT('',#17865) ;
#17868=VERTEX_POINT('',#17867) ;
#17892=VERTEX_POINT('',#17891) ;
#17899=VERTEX_POINT('',#17898) ;
#17923=VERTEX_POINT('',#17922) ;
#17930=VERTEX_POINT('',#17929) ;
#17949=VERTEX_POINT('',#17948) ;
#17951=VERTEX_POINT('',#17950) ;
#17980=VERTEX_POINT('',#17979) ;
#17987=VERTEX_POINT('',#17986) ;
#18011=VERTEX_POINT('',#18010) ;
#18018=VERTEX_POINT('',#18017) ;
#18042=VERTEX_POINT('',#18041) ;
#18044=VERTEX_POINT('',#18043) ;
#18129=NEXT_ASSEMBLY_USAGE_OCCURRENCE('M3D-233622.1','M3D-233622.1','',#28,#36,'M3D-233622.1') ;
#18142=NEXT_ASSEMBLY_USAGE_OCCURRENCE('AR00000233622.1','AR00000233622.1','',#13,#28,'AR00000233622.1') ;
#18163=NEXT_ASSEMBLY_USAGE_OCCURRENCE('M3D-233649.1','M3D-233649.1','',#13,#18161,'M3D-233649.1') ;
#262=ADVANCED_BREP_SHAPE_REPRESENTATION('NONE',(#38,#264,#900,#1725,#2545,#2889,#3880,#5093,#6166,#6673,#7246,#7529,#7805,#8385,#8526,#8667,#8808,#9157,#13291,#13908,#14224,#14474,#14790,#15040,#15181,#15322,#15463,#15604,#16083,#16300,#16517),#31) ;
#87=ADVANCED_FACE('RENFORT DROIT',(#86),#52,.T.) ;
#118=ADVANCED_FACE('RENFORT DROIT',(#117),#92,.T.) ;
#149=ADVANCED_FACE('RENFORT DROIT',(#148),#123,.T.) ;
#180=ADVANCED_FACE('RENFORT DROIT',(#179),#154,.T.) ;
#211=ADVANCED_FACE('RENFORT DROIT',(#210),#185,.F.) ;
#233=ADVANCED_FACE('RENFORT DROIT',(#232),#216,.F.) ;
#247=ADVANCED_FACE('RENFORT DROIT',(#246),#238,.F.) ;
#261=ADVANCED_FACE('RENFORT DROIT',(#260),#252,.T.) ;
#307=ADVANCED_FACE('RENFORT PLIE',(#306),#271,.T.) ;
#338=ADVANCED_FACE('RENFORT PLIE',(#337),#312,.F.) ;
#372=ADVANCED_FACE('RENFORT PLIE',(#371),#343,.F.) ;
#403=ADVANCED_FACE('RENFORT PLIE',(#402),#377,.T.) ;
#443=ADVANCED_FACE('RENFORT PLIE',(#442),#408,.T.) ;
#465=ADVANCED_FACE('RENFORT PLIE',(#464),#448,.F.) ;
#496=ADVANCED_FACE('RENFORT PLIE',(#495),#470,.F.) ;
#527=ADVANCED_FACE('RENFORT PLIE',(#526),#501,.F.) ;
#576=ADVANCED_FACE('RENFORT PLIE',(#575),#528,.F.) ;
#598=ADVANCED_FACE('RENFORT PLIE',(#597),#581,.F.) ;
#622=ADVANCED_FACE('RENFORT PLIE',(#621),#603,.T.) ;
#664=ADVANCED_FACE('RENFORT PLIE',(#663),#627,.T.) ;
#681=ADVANCED_FACE('RENFORT PLIE',(#680),#669,.T.) ;
#705=ADVANCED_FACE('RENFORT PLIE',(#704),#686,.F.) ;
#729=ADVANCED_FACE('RENFORT PLIE',(#728),#710,.T.) ;
#753=ADVANCED_FACE('RENFORT PLIE',(#752),#734,.T.) ;
#770=ADVANCED_FACE('RENFORT PLIE',(#769),#758,.F.) ;
#783=ADVANCED_FACE('RENFORT PLIE',(#782),#775,.F.) ;
#823=ADVANCED_FACE('RENFORT PLIE',(#822),#788,.T.) ;
#845=ADVANCED_FACE('RENFORT PLIE',(#844),#828,.F.) ;
#866=ADVANCED_FACE('RENFORT PLIE',(#865),#850,.T.) ;
#887=ADVANCED_FACE('RENFORT PLIE',(#886),#871,.F.) ;
#899=ADVANCED_FACE('RENFORT PLIE',(#898),#892,.T.) ;
#942=ADVANCED_FACE('TOLE PLIEE GAUCHE SUPPORT TUYAUTERIE',(#941),#907,.T.) ;
#1065=ADVANCED_FACE('TOLE PLIEE GAUCHE SUPPORT TUYAUTERIE',(#1064),#947,.T.) ;
#1089=ADVANCED_FACE('TOLE PLIEE GAUCHE SUPPORT TUYAUTERIE',(#1088),#1070,.T.) ;
#1120=ADVANCED_FACE('TOLE PLIEE GAUCHE SUPPORT TUYAUTERIE',(#1119),#1094,.T.) ;
#1144=ADVANCED_FACE('TOLE PLIEE GAUCHE SUPPORT TUYAUTERIE',(#1143),#1125,.T.) ;
#1168=ADVANCED_FACE('TOLE PLIEE GAUCHE SUPPORT TUYAUTERIE',(#1167),#1149,.T.) ;
#1199=ADVANCED_FACE('TOLE PLIEE GAUCHE SUPPORT TUYAUTERIE',(#1198),#1173,.T.) ;
#1230=ADVANCED_FACE('TOLE PLIEE GAUCHE SUPPORT TUYAUTERIE',(#1229),#1204,.T.) ;
#1274=ADVANCED_FACE('TOLE PLIEE GAUCHE SUPPORT TUYAUTERIE',(#1273),#1235,.F.) ;
#1305=ADVANCED_FACE('TOLE PLIEE GAUCHE SUPPORT TUYAUTERIE',(#1304),#1279,.T.) ;
#1344=ADVANCED_FACE('TOLE PLIEE GAUCHE SUPPORT TUYAUTERIE',(#1343),#1306,.F.) ;
#1394=ADVANCED_FACE('TOLE PLIEE GAUCHE SUPPORT TUYAUTERIE',(#1393),#1349,.T.) ;
#1434=ADVANCED_FACE('TOLE PLIEE GAUCHE SUPPORT TUYAUTERIE',(#1433),#1399,.T.) ;
#1458=ADVANCED_FACE('TOLE PLIEE GAUCHE SUPPORT TUYAUTERIE',(#1457),#1439,.T.) ;
#1498=ADVANCED_FACE('TOLE PLIEE GAUCHE SUPPORT TUYAUTERIE',(#1497),#1463,.F.) ;
#1515=ADVANCED_FACE('TOLE PLIEE GAUCHE SUPPORT TUYAUTERIE',(#1514),#1503,.T.) ;
#1537=ADVANCED_FACE('TOLE PLIEE GAUCHE SUPPORT TUYAUTERIE',(#1536),#1520,.F.) ;
#1554=ADVANCED_FACE('TOLE PLIEE GAUCHE SUPPORT TUYAUTERIE',(#1553),#1542,.T.) ;
#1566=ADVANCED_FACE('TOLE PLIEE GAUCHE SUPPORT TUYAUTERIE',(#1565),#1559,.T.) ;
#1590=ADVANCED_FACE('TOLE PLIEE GAUCHE SUPPORT TUYAUTERIE',(#1589),#1567,.T.) ;
#1610=ADVANCED_FACE('TOLE PLIEE GAUCHE SUPPORT TUYAUTERIE',(#1609),#1591,.T.) ;
#1627=ADVANCED_FACE('TOLE PLIEE GAUCHE SUPPORT TUYAUTERIE',(#1626),#1615,.F.) ;
#1644=ADVANCED_FACE('TOLE PLIEE GAUCHE SUPPORT TUYAUTERIE',(#1643),#1632,.T.) ;
#1661=ADVANCED_FACE('TOLE PLIEE GAUCHE SUPPORT TUYAUTERIE',(#1660),#1649,.F.) ;
#1685=ADVANCED_FACE('TOLE PLIEE GAUCHE SUPPORT TUYAUTERIE',(#1684),#1666,.F.) ;
#1712=ADVANCED_FACE('TOLE PLIEE GAUCHE SUPPORT TUYAUTERIE',(#1711),#1690,.F.) ;
#1724=ADVANCED_FACE('TOLE PLIEE GAUCHE SUPPORT TUYAUTERIE',(#1723),#1717,.T.) ;
#1767=ADVANCED_FACE('TOLE PLIEE DROITE SUPPORT TUYAUTERIE',(#1766),#1732,.T.) ;
#1881=ADVANCED_FACE('TOLE PLIEE DROITE SUPPORT TUYAUTERIE',(#1880),#1772,.T.) ;
#1905=ADVANCED_FACE('TOLE PLIEE DROITE SUPPORT TUYAUTERIE',(#1904),#1886,.T.) ;
#1936=ADVANCED_FACE('TOLE PLIEE DROITE SUPPORT TUYAUTERIE',(#1935),#1910,.T.) ;
#1960=ADVANCED_FACE('TOLE PLIEE DROITE SUPPORT TUYAUTERIE',(#1959),#1941,.T.) ;
#1984=ADVANCED_FACE('TOLE PLIEE DROITE SUPPORT TUYAUTERIE',(#1983),#1965,.T.) ;
#2015=ADVANCED_FACE('TOLE PLIEE DROITE SUPPORT TUYAUTERIE',(#2014),#1989,.T.) ;
#2039=ADVANCED_FACE('TOLE PLIEE DROITE SUPPORT TUYAUTERIE',(#2038),#2020,.T.) ;
#2074=ADVANCED_FACE('TOLE PLIEE DROITE SUPPORT TUYAUTERIE',(#2073),#2044,.F.) ;
#2105=ADVANCED_FACE('TOLE PLIEE DROITE SUPPORT TUYAUTERIE',(#2104),#2079,.T.) ;
#2144=ADVANCED_FACE('TOLE PLIEE DROITE SUPPORT TUYAUTERIE',(#2143),#2106,.T.) ;
#2209=ADVANCED_FACE('TOLE PLIEE DROITE SUPPORT TUYAUTERIE',(#2208),#2149,.T.) ;
#2233=ADVANCED_FACE('TOLE PLIEE DROITE SUPPORT TUYAUTERIE',(#2232),#2214,.T.) ;
#2264=ADVANCED_FACE('TOLE PLIEE DROITE SUPPORT TUYAUTERIE',(#2263),#2238,.T.) ;
#2288=ADVANCED_FACE('TOLE PLIEE DROITE SUPPORT TUYAUTERIE',(#2287),#2269,.T.) ;
#2335=ADVANCED_FACE('TOLE PLIEE DROITE SUPPORT TUYAUTERIE',(#2334),#2293,.F.) ;
#2352=ADVANCED_FACE('TOLE PLIEE DROITE SUPPORT TUYAUTERIE',(#2351),#2340,.T.) ;
#2369=ADVANCED_FACE('TOLE PLIEE DROITE SUPPORT TUYAUTERIE',(#2368),#2357,.F.) ;
#2386=ADVANCED_FACE('TOLE PLIEE DROITE SUPPORT TUYAUTERIE',(#2385),#2374,.T.) ;
#2398=ADVANCED_FACE('TOLE PLIEE DROITE SUPPORT TUYAUTERIE',(#2397),#2391,.T.) ;
#2422=ADVANCED_FACE('TOLE PLIEE DROITE SUPPORT TUYAUTERIE',(#2421),#2403,.T.) ;
#2448=ADVANCED_FACE('TOLE PLIEE DROITE SUPPORT TUYAUTERIE',(#2447),#2423,.T.) ;
#2465=ADVANCED_FACE('TOLE PLIEE DROITE SUPPORT TUYAUTERIE',(#2464),#2453,.F.) ;
#2482=ADVANCED_FACE('TOLE PLIEE DROITE SUPPORT TUYAUTERIE',(#2481),#2470,.F.) ;
#2506=ADVANCED_FACE('TOLE PLIEE DROITE SUPPORT TUYAUTERIE',(#2505),#2487,.F.) ;
#2532=ADVANCED_FACE('TOLE PLIEE DROITE SUPPORT TUYAUTERIE',(#2531),#2511,.F.) ;
#2544=ADVANCED_FACE('TOLE PLIEE DROITE SUPPORT TUYAUTERIE',(#2543),#2537,.T.) ;
#2587=ADVANCED_FACE('TRAVERSE SUPPORT TUYAUTERIE',(#2586),#2552,.T.) ;
#2618=ADVANCED_FACE('TRAVERSE SUPPORT TUYAUTERIE',(#2617),#2592,.F.) ;
#2649=ADVANCED_FACE('TRAVERSE SUPPORT TUYAUTERIE',(#2648),#2623,.F.) ;
#2680=ADVANCED_FACE('TRAVERSE SUPPORT TUYAUTERIE',(#2679),#2654,.F.) ;
#2711=ADVANCED_FACE('TRAVERSE SUPPORT TUYAUTERIE',(#2710),#2685,.F.) ;
#2742=ADVANCED_FACE('TRAVERSE SUPPORT TUYAUTERIE',(#2741),#2716,.T.) ;
#2768=ADVANCED_FACE('TRAVERSE SUPPORT TUYAUTERIE',(#2767),#2552,.T.) ;
#2808=ADVANCED_FACE('TRAVERSE SUPPORT TUYAUTERIE',(#2807),#2773,.F.) ;
#2836=ADVANCED_FACE('TRAVERSE SUPPORT TUYAUTERIE',(#2835),#2813,.T.) ;
#2853=ADVANCED_FACE('TRAVERSE SUPPORT TUYAUTERIE',(#2852),#2841,.T.) ;
#2876=ADVANCED_FACE('TRAVERSE SUPPORT TUYAUTERIE',(#2875),#2858,.T.) ;
#2888=ADVANCED_FACE('TRAVERSE SUPPORT TUYAUTERIE',(#2887),#2881,.F.) ;
#2931=ADVANCED_FACE('TOLE CONNECTEURS TUYAUTERIE',(#2930),#2896,.T.) ;
#2962=ADVANCED_FACE('TOLE CONNECTEURS TUYAUTERIE',(#2961),#2936,.F.) ;
#2993=ADVANCED_FACE('TOLE CONNECTEURS TUYAUTERIE',(#2992),#2967,.T.) ;
#3024=ADVANCED_FACE('TOLE CONNECTEURS TUYAUTERIE',(#3023),#2998,.F.) ;
#3055=ADVANCED_FACE('TOLE CONNECTEURS TUYAUTERIE',(#3054),#3029,.T.) ;
#3086=ADVANCED_FACE('TOLE CONNECTEURS TUYAUTERIE',(#3085),#3060,.F.) ;
#3117=ADVANCED_FACE('TOLE CONNECTEURS TUYAUTERIE',(#3116),#3091,.F.) ;
#3148=ADVANCED_FACE('TOLE CONNECTEURS TUYAUTERIE',(#3147),#3122,.T.) ;
#3179=ADVANCED_FACE('TOLE CONNECTEURS TUYAUTERIE',(#3178),#3153,.T.) ;
#3210=ADVANCED_FACE('TOLE CONNECTEURS TUYAUTERIE',(#3209),#3184,.T.) ;
#3241=ADVANCED_FACE('TOLE CONNECTEURS TUYAUTERIE',(#3240),#3215,.T.) ;
#3272=ADVANCED_FACE('TOLE CONNECTEURS TUYAUTERIE',(#3271),#3246,.T.) ;
#3303=ADVANCED_FACE('TOLE CONNECTEURS TUYAUTERIE',(#3302),#3277,.F.) ;
#3329=ADVANCED_FACE('TOLE CONNECTEURS TUYAUTERIE',(#3328),#3060,.F.) ;
#3360=ADVANCED_FACE('TOLE CONNECTEURS TUYAUTERIE',(#3359),#3334,.F.) ;
#3391=ADVANCED_FACE('TOLE CONNECTEURS TUYAUTERIE',(#3390),#3365,.F.) ;
#3422=ADVANCED_FACE('TOLE CONNECTEURS TUYAUTERIE',(#3421),#3396,.T.) ;
#3448=ADVANCED_FACE('TOLE CONNECTEURS TUYAUTERIE',(#3447),#3184,.T.) ;
#3479=ADVANCED_FACE('TOLE CONNECTEURS TUYAUTERIE',(#3478),#3453,.T.) ;
#3510=ADVANCED_FACE('TOLE CONNECTEURS TUYAUTERIE',(#3509),#3484,.F.) ;
#3541=ADVANCED_FACE('TOLE CONNECTEURS TUYAUTERIE',(#3540),#3515,.F.) ;
#3567=ADVANCED_FACE('TOLE CONNECTEURS TUYAUTERIE',(#3566),#3060,.F.) ;
#3598=ADVANCED_FACE('TOLE CONNECTEURS TUYAUTERIE',(#3597),#3572,.T.) ;
#3620=ADVANCED_FACE('TOLE CONNECTEURS TUYAUTERIE',(#3619),#3603,.F.) ;
#3660=ADVANCED_FACE('TOLE CONNECTEURS TUYAUTERIE',(#3659),#3625,.F.) ;
#3677=ADVANCED_FACE('TOLE CONNECTEURS TUYAUTERIE',(#3676),#3625,.F.) ;
#3717=ADVANCED_FACE('TOLE CONNECTEURS TUYAUTERIE',(#3716),#3682,.F.) ;
#3734=ADVANCED_FACE('TOLE CONNECTEURS TUYAUTERIE',(#3733),#3682,.F.) ;
#3774=ADVANCED_FACE('TOLE CONNECTEURS TUYAUTERIE',(#3773),#3739,.F.) ;
#3791=ADVANCED_FACE('TOLE CONNECTEURS TUYAUTERIE',(#3790),#3739,.F.) ;
#3835=ADVANCED_FACE('TOLE CONNECTEURS TUYAUTERIE',(#3822,#3826,#3830,#3834),#3796,.F.) ;
#3879=ADVANCED_FACE('TOLE CONNECTEURS TUYAUTERIE',(#3866,#3870,#3874,#3878),#3840,.T.) ;
#3922=ADVANCED_FACE('SUPPORT_COLLIER_CABLAGE',(#3921),#3887,.T.) ;
#3953=ADVANCED_FACE('SUPPORT_COLLIER_CABLAGE',(#3952),#3927,.F.) ;
#3984=ADVANCED_FACE('SUPPORT_COLLIER_CABLAGE',(#3983),#3958,.F.) ;
#4001=ADVANCED_FACE('SUPPORT_COLLIER_CABLAGE',(#4000),#3989,.T.) ;
#4032=ADVANCED_FACE('SUPPORT_COLLIER_CABLAGE',(#4031),#4006,.F.) ;
#4056=ADVANCED_FACE('SUPPORT_COLLIER_CABLAGE',(#4055),#4037,.F.) ;
#4087=ADVANCED_FACE('SUPPORT_COLLIER_CABLAGE',(#4086),#4061,.F.) ;
#4118=ADVANCED_FACE('SUPPORT_COLLIER_CABLAGE',(#4117),#4092,.F.) ;
#4149=ADVANCED_FACE('SUPPORT_COLLIER_CABLAGE',(#4148),#4123,.F.) ;
#4180=ADVANCED_FACE('SUPPORT_COLLIER_CABLAGE',(#4179),#4154,.T.) ;
#4211=ADVANCED_FACE('SUPPORT_COLLIER_CABLAGE',(#4210),#4185,.T.) ;
#4242=ADVANCED_FACE('SUPPORT_COLLIER_CABLAGE',(#4241),#4216,.T.) ;
#4273=ADVANCED_FACE('SUPPORT_COLLIER_CABLAGE',(#4272),#4247,.T.) ;
#4304=ADVANCED_FACE('SUPPORT_COLLIER_CABLAGE',(#4303),#4278,.F.) ;
#4465=ADVANCED_FACE('SUPPORT_COLLIER_CABLAGE',(#4418,#4464),#4309,.F.) ;
#4496=ADVANCED_FACE('SUPPORT_COLLIER_CABLAGE',(#4495),#4470,.F.) ;
#4520=ADVANCED_FACE('SUPPORT_COLLIER_CABLAGE',(#4519),#4501,.T.) ;
#4544=ADVANCED_FACE('SUPPORT_COLLIER_CABLAGE',(#4543),#4525,.F.) ;
#4568=ADVANCED_FACE('SUPPORT_COLLIER_CABLAGE',(#4567),#4549,.T.) ;
#4592=ADVANCED_FACE('SUPPORT_COLLIER_CABLAGE',(#4591),#4573,.T.) ;
#4616=ADVANCED_FACE('SUPPORT_COLLIER_CABLAGE',(#4615),#4597,.F.) ;
#4640=ADVANCED_FACE('SUPPORT_COLLIER_CABLAGE',(#4639),#4621,.T.) ;
#4657=ADVANCED_FACE('SUPPORT_COLLIER_CABLAGE',(#4656),#4645,.F.) ;
#4679=ADVANCED_FACE('SUPPORT_COLLIER_CABLAGE',(#4678),#4662,.T.) ;
#4691=ADVANCED_FACE('SUPPORT_COLLIER_CABLAGE',(#4690),#4684,.F.) ;
#4722=ADVANCED_FACE('SUPPORT_COLLIER_CABLAGE',(#4721),#4696,.F.) ;
#4746=ADVANCED_FACE('SUPPORT_COLLIER_CABLAGE',(#4745),#4727,.F.) ;
#4765=ADVANCED_FACE('SUPPORT_COLLIER_CABLAGE',(#4764),#4727,.F.) ;
#4777=ADVANCED_FACE('SUPPORT_COLLIER_CABLAGE',(#4776),#4696,.F.) ;
#4801=ADVANCED_FACE('SUPPORT_COLLIER_CABLAGE',(#4800),#4782,.F.) ;
#4825=ADVANCED_FACE('SUPPORT_COLLIER_CABLAGE',(#4824),#4806,.F.) ;
#4871=ADVANCED_FACE('SUPPORT_COLLIER_CABLAGE',(#4864,#4870),#4830,.T.) ;
#4888=ADVANCED_FACE('SUPPORT_COLLIER_CABLAGE',(#4887),#4876,.T.) ;
#4919=ADVANCED_FACE('SUPPORT_COLLIER_CABLAGE',(#4918),#4893,.F.) ;
#4943=ADVANCED_FACE('SUPPORT_COLLIER_CABLAGE',(#4942),#4924,.T.) ;
#4967=ADVANCED_FACE('SUPPORT_COLLIER_CABLAGE',(#4966),#4948,.T.) ;
#4984=ADVANCED_FACE('SUPPORT_COLLIER_CABLAGE',(#4983),#4972,.T.) ;
#5015=ADVANCED_FACE('SUPPORT_COLLIER_CABLAGE',(#5014),#4989,.F.) ;
#5039=ADVANCED_FACE('SUPPORT_COLLIER_CABLAGE',(#5038),#5020,.F.) ;
#5063=ADVANCED_FACE('SUPPORT_COLLIER_CABLAGE',(#5062),#5044,.T.) ;
#5080=ADVANCED_FACE('SUPPORT_COLLIER_CABLAGE',(#5079),#5068,.T.) ;
#5092=ADVANCED_FACE('SUPPORT_COLLIER_CABLAGE',(#5091),#5085,.F.) ;
#5151=ADVANCED_FACE('SUPPORT CABLAGE INT',(#5150),#5100,.F.) ;
#5182=ADVANCED_FACE('SUPPORT CABLAGE INT',(#5181),#5156,.F.) ;
#5213=ADVANCED_FACE('SUPPORT CABLAGE INT',(#5212),#5187,.T.) ;
#5237=ADVANCED_FACE('SUPPORT CABLAGE INT',(#5236),#5218,.T.) ;
#5261=ADVANCED_FACE('SUPPORT CABLAGE INT',(#5260),#5242,.T.) ;
#5472=ADVANCED_FACE('SUPPORT CABLAGE INT',(#5403,#5437,#5471),#5266,.T.) ;
#5692=ADVANCED_FACE('SUPPORT CABLAGE INT',(#5623,#5657,#5691),#5477,.F.) ;
#5723=ADVANCED_FACE('SUPPORT CABLAGE INT',(#5722),#5697,.T.) ;
#5745=ADVANCED_FACE('SUPPORT CABLAGE INT',(#5744),#5728,.F.) ;
#5767=ADVANCED_FACE('SUPPORT CABLAGE INT',(#5766),#5750,.F.) ;
#5784=ADVANCED_FACE('SUPPORT CABLAGE INT',(#5783),#5772,.T.) ;
#5801=ADVANCED_FACE('SUPPORT CABLAGE INT',(#5800),#5789,.F.) ;
#5818=ADVANCED_FACE('SUPPORT CABLAGE INT',(#5817),#5806,.F.) ;
#5835=ADVANCED_FACE('SUPPORT CABLAGE INT',(#5834),#5823,.T.) ;
#5852=ADVANCED_FACE('SUPPORT CABLAGE INT',(#5851),#5840,.F.) ;
#5869=ADVANCED_FACE('SUPPORT CABLAGE INT',(#5868),#5857,.T.) ;
#5886=ADVANCED_FACE('SUPPORT CABLAGE INT',(#5885),#5874,.F.) ;
#5903=ADVANCED_FACE('SUPPORT CABLAGE INT',(#5902),#5891,.T.) ;
#5920=ADVANCED_FACE('SUPPORT CABLAGE INT',(#5919),#5908,.F.) ;
#5937=ADVANCED_FACE('SUPPORT CABLAGE INT',(#5936),#5925,.F.) ;
#5954=ADVANCED_FACE('SUPPORT CABLAGE INT',(#5953),#5942,.F.) ;
#5971=ADVANCED_FACE('SUPPORT CABLAGE INT',(#5970),#5959,.F.) ;
#5983=ADVANCED_FACE('SUPPORT CABLAGE INT',(#5982),#5976,.F.) ;
#6005=ADVANCED_FACE('SUPPORT CABLAGE INT',(#6004),#5988,.T.) ;
#6022=ADVANCED_FACE('SUPPORT CABLAGE INT',(#6021),#6010,.F.) ;
#6039=ADVANCED_FACE('SUPPORT CABLAGE INT',(#6038),#6027,.T.) ;
#6051=ADVANCED_FACE('SUPPORT CABLAGE INT',(#6050),#6044,.F.) ;
#6068=ADVANCED_FACE('SUPPORT CABLAGE INT',(#6067),#5988,.T.) ;
#6085=ADVANCED_FACE('SUPPORT CABLAGE INT',(#6084),#6073,.F.) ;
#6097=ADVANCED_FACE('SUPPORT CABLAGE INT',(#6096),#6027,.T.) ;
#6109=ADVANCED_FACE('SUPPORT CABLAGE INT',(#6108),#6102,.F.) ;
#6130=ADVANCED_FACE('SUPPORT CABLAGE INT',(#6129),#6114,.F.) ;
#6149=ADVANCED_FACE('SUPPORT CABLAGE INT',(#6148),#6135,.F.) ;
#6165=ADVANCED_FACE('SUPPORT CABLAGE INT',(#6164),#6154,.T.) ;
#6208=ADVANCED_FACE('TOLE SUPPORT SCRUBBER',(#6207),#6173,.F.) ;
#6331=ADVANCED_FACE('TOLE SUPPORT SCRUBBER',(#6294,#6312,#6330),#6213,.T.) ;
#6355=ADVANCED_FACE('TOLE SUPPORT SCRUBBER',(#6354),#6336,.F.) ;
#6386=ADVANCED_FACE('TOLE SUPPORT SCRUBBER',(#6385),#6360,.F.) ;
#6410=ADVANCED_FACE('TOLE SUPPORT SCRUBBER',(#6409),#6391,.F.) ;
#6441=ADVANCED_FACE('TOLE SUPPORT SCRUBBER',(#6440),#6415,.F.) ;
#6465=ADVANCED_FACE('TOLE SUPPORT SCRUBBER',(#6464),#6446,.T.) ;
#6496=ADVANCED_FACE('TOLE SUPPORT SCRUBBER',(#6495),#6470,.F.) ;
#6513=ADVANCED_FACE('TOLE SUPPORT SCRUBBER',(#6512),#6501,.F.) ;
#6544=ADVANCED_FACE('TOLE SUPPORT SCRUBBER',(#6543),#6518,.F.) ;
#6556=ADVANCED_FACE('TOLE SUPPORT SCRUBBER',(#6555),#6518,.F.) ;
#6587=ADVANCED_FACE('TOLE SUPPORT SCRUBBER',(#6586),#6561,.F.) ;
#6599=ADVANCED_FACE('TOLE SUPPORT SCRUBBER',(#6598),#6561,.F.) ;
#6616=ADVANCED_FACE('TOLE SUPPORT SCRUBBER',(#6615),#6604,.F.) ;
#6633=ADVANCED_FACE('TOLE SUPPORT SCRUBBER',(#6632),#6621,.F.) ;
#6665=ADVANCED_FACE('TOLE SUPPORT SCRUBBER',(#6656,#6660,#6664),#6638,.F.) ;
#6672=ADVANCED_FACE('TOLE SUPPORT SCRUBBER',(#6671),#6470,.F.) ;
#6715=ADVANCED_FACE('TOLE INF SUPPORT SCRUBBER',(#6714),#6680,.F.) ;
#6854=ADVANCED_FACE('TOLE INF SUPPORT SCRUBBER',(#6817,#6835,#6853),#6720,.T.) ;
#6878=ADVANCED_FACE('TOLE INF SUPPORT SCRUBBER',(#6877),#6859,.F.) ;
#6909=ADVANCED_FACE('TOLE INF SUPPORT SCRUBBER',(#6908),#6883,.F.) ;
#6933=ADVANCED_FACE('TOLE INF SUPPORT SCRUBBER',(#6932),#6914,.F.) ;
#6957=ADVANCED_FACE('TOLE INF SUPPORT SCRUBBER',(#6956),#6938,.F.) ;
#6988=ADVANCED_FACE('TOLE INF SUPPORT SCRUBBER',(#6987),#6962,.F.) ;
#7012=ADVANCED_FACE('TOLE INF SUPPORT SCRUBBER',(#7011),#6993,.T.) ;
#7043=ADVANCED_FACE('TOLE INF SUPPORT SCRUBBER',(#7042),#7017,.T.) ;
#7062=ADVANCED_FACE('TOLE INF SUPPORT SCRUBBER',(#7061),#6883,.F.) ;
#7093=ADVANCED_FACE('TOLE INF SUPPORT SCRUBBER',(#7092),#7067,.F.) ;
#7105=ADVANCED_FACE('TOLE INF SUPPORT SCRUBBER',(#7104),#7067,.F.) ;
#7136=ADVANCED_FACE('TOLE INF SUPPORT SCRUBBER',(#7135),#7110,.F.) ;
#7148=ADVANCED_FACE('TOLE INF SUPPORT SCRUBBER',(#7147),#7110,.F.) ;
#7165=ADVANCED_FACE('TOLE INF SUPPORT SCRUBBER',(#7164),#7153,.F.) ;
#7182=ADVANCED_FACE('TOLE INF SUPPORT SCRUBBER',(#7181),#7170,.T.) ;
#7199=ADVANCED_FACE('TOLE INF SUPPORT SCRUBBER',(#7198),#7187,.F.) ;
#7233=ADVANCED_FACE('TOLE INF SUPPORT SCRUBBER',(#7224,#7228,#7232),#7204,.F.) ;
#7245=ADVANCED_FACE('TOLE INF SUPPORT SCRUBBER',(#7244),#7238,.F.) ;
#7288=ADVANCED_FACE('BOSSAGE A',(#7287),#7253,.T.) ;
#7305=ADVANCED_FACE('BOSSAGE A',(#7304),#7253,.T.) ;
#7328=ADVANCED_FACE('BOSSAGE A',(#7323,#7327),#7204,.T.) ;
#7365=ADVANCED_FACE('BOSSAGE A',(#7346,#7364),#6213,.F.) ;
#7387=ADVANCED_FACE('BOSSAGE A',(#7386),#7370,.T.) ;
#7394=ADVANCED_FACE('BOSSAGE A',(#7393),#7370,.T.) ;
#7420=ADVANCED_FACE('BOSSAGE A',(#7419),#7253,.T.) ;
#7432=ADVANCED_FACE('BOSSAGE A',(#7431),#7253,.T.) ;
#7460=ADVANCED_FACE('BOSSAGE A',(#7441,#7459),#7437,.F.) ;
#7496=ADVANCED_FACE('BOSSAGE A',(#7477,#7495),#7473,.F.) ;
#7519=ADVANCED_FACE('BOSSAGE A',(#7518),#7502,.F.) ;
#7527=ADVANCED_FACE('BOSSAGE A',(#7526),#7502,.F.) ;
#7571=ADVANCED_FACE('BOSSAGE A',(#7570),#7536,.T.) ;
#7588=ADVANCED_FACE('BOSSAGE A',(#7587),#7536,.T.) ;
#7611=ADVANCED_FACE('BOSSAGE A',(#7606,#7610),#7204,.T.) ;
#7648=ADVANCED_FACE('BOSSAGE A',(#7629,#7647),#6213,.F.) ;
#7670=ADVANCED_FACE('BOSSAGE A',(#7669),#7653,.T.) ;
#7677=ADVANCED_FACE('BOSSAGE A',(#7676),#7653,.T.) ;
#7703=ADVANCED_FACE('BOSSAGE A',(#7702),#7536,.T.) ;
#7715=ADVANCED_FACE('BOSSAGE A',(#7714),#7536,.T.) ;
#7743=ADVANCED_FACE('BOSSAGE A',(#7724,#7742),#7720,.F.) ;
#7772=ADVANCED_FACE('BOSSAGE A',(#7753,#7771),#7749,.F.) ;
#7795=ADVANCED_FACE('BOSSAGE A',(#7794),#7778,.F.) ;
#7803=ADVANCED_FACE('BOSSAGE A',(#7802),#7778,.F.) ;
#7847=ADVANCED_FACE('BOSSAGE B',(#7846),#7812,.T.) ;
#7878=ADVANCED_FACE('BOSSAGE B',(#7877),#7852,.F.) ;
#7918=ADVANCED_FACE('BOSSAGE B',(#7917),#7883,.T.) ;
#7990=ADVANCED_FACE('BOSSAGE B',(#7989),#7923,.F.) ;
#8021=ADVANCED_FACE('BOSSAGE B',(#8020),#7995,.T.) ;
#8076=ADVANCED_FACE('BOSSAGE B',(#8075),#8026,.T.) ;
#8100=ADVANCED_FACE('BOSSAGE B',(#8099),#8081,.T.) ;
#8131=ADVANCED_FACE('BOSSAGE B',(#8130),#8105,.T.) ;
#8155=ADVANCED_FACE('BOSSAGE B',(#8154),#8136,.T.) ;
#8179=ADVANCED_FACE('BOSSAGE B',(#8178),#8160,.T.) ;
#8218=ADVANCED_FACE('BOSSAGE B',(#8217),#8184,.T.) ;
#8234=ADVANCED_FACE('BOSSAGE B',(#8233),#7204,.T.) ;
#8253=ADVANCED_FACE('BOSSAGE B',(#8252),#8239,.T.) ;
#8283=ADVANCED_FACE('BOSSAGE B',(#8264,#8282),#8258,.F.) ;
#8315=ADVANCED_FACE('BOSSAGE B',(#8314),#8289,.F.) ;
#8328=ADVANCED_FACE('BOSSAGE B',(#8327),#8289,.F.) ;
#8350=ADVANCED_FACE('BOSSAGE B',(#8345,#8349),#8334,.F.) ;
#8370=ADVANCED_FACE('BOSSAGE B',(#8369),#8356,.T.) ;
#8383=ADVANCED_FACE('BOSSAGE B',(#8382),#8376,.F.) ;
#8427=ADVANCED_FACE('SUPPORT SCRUBBER CLOISON A',(#8426),#8392,.F.) ;
#8458=ADVANCED_FACE('SUPPORT SCRUBBER CLOISON A',(#8457),#8432,.T.) ;
#8477=ADVANCED_FACE('SUPPORT SCRUBBER CLOISON A',(#8476),#6213,.F.) ;
#8501=ADVANCED_FACE('SUPPORT SCRUBBER CLOISON A',(#8500),#8482,.F.) ;
#8518=ADVANCED_FACE('SUPPORT SCRUBBER CLOISON A',(#8517),#8506,.T.) ;
#8525=ADVANCED_FACE('SUPPORT SCRUBBER CLOISON A',(#8524),#7204,.T.) ;
#8568=ADVANCED_FACE('SUPPORT SCRUBBER CLOISON B',(#8567),#8533,.F.) ;
#8599=ADVANCED_FACE('SUPPORT SCRUBBER CLOISON B',(#8598),#8573,.F.) ;
#8618=ADVANCED_FACE('SUPPORT SCRUBBER CLOISON B',(#8617),#6213,.F.) ;
#8642=ADVANCED_FACE('SUPPORT SCRUBBER CLOISON B',(#8641),#8623,.F.) ;
#8659=ADVANCED_FACE('SUPPORT SCRUBBER CLOISON B',(#8658),#8647,.F.) ;
#8666=ADVANCED_FACE('SUPPORT SCRUBBER CLOISON B',(#8665),#7204,.T.) ;
#8709=ADVANCED_FACE('SUPPORT SCRUBBER CLOISON C',(#8708),#8674,.T.) ;
#8735=ADVANCED_FACE('SUPPORT SCRUBBER CLOISON C',(#8734),#7204,.T.) ;
#8759=ADVANCED_FACE('SUPPORT SCRUBBER CLOISON C',(#8758),#8740,.T.) ;
#8783=ADVANCED_FACE('SUPPORT SCRUBBER CLOISON C',(#8782),#8764,.T.) ;
#8795=ADVANCED_FACE('SUPPORT SCRUBBER CLOISON C',(#8794),#6213,.F.) ;
#8807=ADVANCED_FACE('SUPPORT SCRUBBER CLOISON C',(#8806),#8800,.T.) ;
#8898=ADVANCED_FACE('RENFORT DROIT SUPPORT SCRUBBER',(#8897),#8815,.T.) ;
#8929=ADVANCED_FACE('RENFORT DROIT SUPPORT SCRUBBER',(#8928),#8903,.F.) ;
#8953=ADVANCED_FACE('RENFORT DROIT SUPPORT SCRUBBER',(#8952),#8934,.T.) ;
#8977=ADVANCED_FACE('RENFORT DROIT SUPPORT SCRUBBER',(#8976),#8958,.T.) ;
#9001=ADVANCED_FACE('RENFORT DROIT SUPPORT SCRUBBER',(#9000),#8982,.F.) ;
#9025=ADVANCED_FACE('RENFORT DROIT SUPPORT SCRUBBER',(#9024),#9006,.T.) ;
#9049=ADVANCED_FACE('RENFORT DROIT SUPPORT SCRUBBER',(#9048),#9030,.F.) ;
#9073=ADVANCED_FACE('RENFORT DROIT SUPPORT SCRUBBER',(#9072),#9054,.T.) ;
#9097=ADVANCED_FACE('RENFORT DROIT SUPPORT SCRUBBER',(#9096),#9078,.F.) ;
#9121=ADVANCED_FACE('RENFORT DROIT SUPPORT SCRUBBER',(#9120),#9102,.T.) ;
#9138=ADVANCED_FACE('RENFORT DROIT SUPPORT SCRUBBER',(#9137),#9126,.F.) ;
#9156=ADVANCED_FACE('RENFORT DROIT SUPPORT SCRUBBER',(#9155),#9143,.T.) ;
#9199=ADVANCED_FACE('Tole_INTERFACE_CHASSIS',(#9198),#9164,.T.) ;
#9230=ADVANCED_FACE('Tole_INTERFACE_CHASSIS',(#9229),#9204,.T.) ;
#9272=ADVANCED_FACE('Tole_INTERFACE_CHASSIS',(#9271),#9235,.F.) ;
#9322=ADVANCED_FACE('Tole_INTERFACE_CHASSIS',(#9321),#9277,.F.) ;
#9380=ADVANCED_FACE('Tole_INTERFACE_CHASSIS',(#9379),#9327,.F.) ;
#9430=ADVANCED_FACE('Tole_INTERFACE_CHASSIS',(#9429),#9385,.F.) ;
#9461=ADVANCED_FACE('Tole_INTERFACE_CHASSIS',(#9460),#9435,.T.) ;
#9492=ADVANCED_FACE('Tole_INTERFACE_CHASSIS',(#9491),#9466,.T.) ;
#9523=ADVANCED_FACE('Tole_INTERFACE_CHASSIS',(#9522),#9497,.T.) ;
#9554=ADVANCED_FACE('Tole_INTERFACE_CHASSIS',(#9553),#9528,.T.) ;
#9585=ADVANCED_FACE('Tole_INTERFACE_CHASSIS',(#9584),#9559,.F.) ;
#9635=ADVANCED_FACE('Tole_INTERFACE_CHASSIS',(#9634),#9590,.F.) ;
#9666=ADVANCED_FACE('Tole_INTERFACE_CHASSIS',(#9665),#9640,.F.) ;
#9697=ADVANCED_FACE('Tole_INTERFACE_CHASSIS',(#9696),#9671,.F.) ;
#9728=ADVANCED_FACE('Tole_INTERFACE_CHASSIS',(#9727),#9702,.T.) ;
#9759=ADVANCED_FACE('Tole_INTERFACE_CHASSIS',(#9758),#9733,.T.) ;
#9790=ADVANCED_FACE('Tole_INTERFACE_CHASSIS',(#9789),#9764,.T.) ;
#9821=ADVANCED_FACE('Tole_INTERFACE_CHASSIS',(#9820),#9795,.F.) ;
#9847=ADVANCED_FACE('Tole_INTERFACE_CHASSIS',(#9846),#9640,.F.) ;
#9879=ADVANCED_FACE('Tole_INTERFACE_CHASSIS',(#9878),#9852,.F.) ;
#9910=ADVANCED_FACE('Tole_INTERFACE_CHASSIS',(#9909),#9884,.T.) ;
#9941=ADVANCED_FACE('Tole_INTERFACE_CHASSIS',(#9940),#9915,.T.) ;
#9972=ADVANCED_FACE('Tole_INTERFACE_CHASSIS',(#9971),#9946,.T.) ;
#10003=ADVANCED_FACE('Tole_INTERFACE_CHASSIS',(#10002),#9977,.T.) ;
#10034=ADVANCED_FACE('Tole_INTERFACE_CHASSIS',(#10033),#10008,.T.) ;
#10060=ADVANCED_FACE('Tole_INTERFACE_CHASSIS',(#10059),#9235,.F.) ;
#10110=ADVANCED_FACE('Tole_INTERFACE_CHASSIS',(#10109),#10065,.F.) ;
#10141=ADVANCED_FACE('Tole_INTERFACE_CHASSIS',(#10140),#10115,.F.) ;
#10172=ADVANCED_FACE('Tole_INTERFACE_CHASSIS',(#10171),#10146,.F.) ;
#10203=ADVANCED_FACE('Tole_INTERFACE_CHASSIS',(#10202),#10177,.T.) ;
#10234=ADVANCED_FACE('Tole_INTERFACE_CHASSIS',(#10233),#10208,.T.) ;
#10265=ADVANCED_FACE('Tole_INTERFACE_CHASSIS',(#10264),#10239,.T.) ;
#10296=ADVANCED_FACE('Tole_INTERFACE_CHASSIS',(#10295),#10270,.F.) ;
#10322=ADVANCED_FACE('Tole_INTERFACE_CHASSIS',(#10321),#10115,.F.) ;
#10353=ADVANCED_FACE('Tole_INTERFACE_CHASSIS',(#10352),#10327,.F.) ;
#10393=ADVANCED_FACE('Tole_INTERFACE_CHASSIS',(#10392),#10358,.T.) ;
#10459=ADVANCED_FACE('Tole_INTERFACE_CHASSIS',(#10458),#10115,.F.) ;
#10525=ADVANCED_FACE('Tole_INTERFACE_CHASSIS',(#10524),#9640,.F.) ;
#10542=ADVANCED_FACE('Tole_INTERFACE_CHASSIS',(#10541),#10530,.T.) ;
#10559=ADVANCED_FACE('Tole_INTERFACE_CHASSIS',(#10558),#10547,.F.) ;
#10835=ADVANCED_FACE('Tole_INTERFACE_CHASSIS',(#10692,#10710,#10728,#10754,#10780,#10798,#10816,#10834),#10564,.T.) ;
#10847=ADVANCED_FACE('Tole_INTERFACE_CHASSIS',(#10846),#10840,.F.) ;
#10864=ADVANCED_FACE('Tole_INTERFACE_CHASSIS',(#10863),#10852,.T.) ;
#10937=ADVANCED_FACE('Tole_INTERFACE_CHASSIS',(#10936),#10869,.T.) ;
#10954=ADVANCED_FACE('Tole_INTERFACE_CHASSIS',(#10953),#10942,.F.) ;
#10971=ADVANCED_FACE('Tole_INTERFACE_CHASSIS',(#10970),#10959,.F.) ;
#11002=ADVANCED_FACE('Tole_INTERFACE_CHASSIS',(#11001),#10976,.F.) ;
#11026=ADVANCED_FACE('Tole_INTERFACE_CHASSIS',(#11025),#11007,.T.) ;
#11050=ADVANCED_FACE('Tole_INTERFACE_CHASSIS',(#11049),#11031,.F.) ;
#11074=ADVANCED_FACE('Tole_INTERFACE_CHASSIS',(#11073),#11055,.T.) ;
#11098=ADVANCED_FACE('Tole_INTERFACE_CHASSIS',(#11097),#11079,.F.) ;
#11133=ADVANCED_FACE('Tole_INTERFACE_CHASSIS',(#11132),#9204,.T.) ;
#11164=ADVANCED_FACE('Tole_INTERFACE_CHASSIS',(#11163),#11138,.T.) ;
#11195=ADVANCED_FACE('Tole_INTERFACE_CHASSIS',(#11194),#11169,.F.) ;
#11237=ADVANCED_FACE('Tole_INTERFACE_CHASSIS',(#11236),#11200,.F.) ;
#11268=ADVANCED_FACE('Tole_INTERFACE_CHASSIS',(#11267),#11242,.T.) ;
#11299=ADVANCED_FACE('Tole_INTERFACE_CHASSIS',(#11298),#11273,.F.) ;
#11330=ADVANCED_FACE('Tole_INTERFACE_CHASSIS',(#11329),#11304,.T.) ;
#11372=ADVANCED_FACE('Tole_INTERFACE_CHASSIS',(#11371),#11335,.F.) ;
#11398=ADVANCED_FACE('Tole_INTERFACE_CHASSIS',(#11397),#11169,.F.) ;
#11429=ADVANCED_FACE('Tole_INTERFACE_CHASSIS',(#11428),#11403,.T.) ;
#11474=ADVANCED_FACE('Tole_INTERFACE_CHASSIS',(#11473),#11434,.F.) ;
#11491=ADVANCED_FACE('Tole_INTERFACE_CHASSIS',(#11490),#11479,.T.) ;
#11503=ADVANCED_FACE('Tole_INTERFACE_CHASSIS',(#11502),#11496,.T.) ;
#11520=ADVANCED_FACE('Tole_INTERFACE_CHASSIS',(#11519),#11508,.T.) ;
#11556=ADVANCED_FACE('Tole_INTERFACE_CHASSIS',(#11555),#11525,.T.) ;
#11568=ADVANCED_FACE('Tole_INTERFACE_CHASSIS',(#11567),#9204,.T.) ;
#11608=ADVANCED_FACE('Tole_INTERFACE_CHASSIS',(#11607),#11573,.T.) ;
#11639=ADVANCED_FACE('Tole_INTERFACE_CHASSIS',(#11638),#11613,.T.) ;
#11670=ADVANCED_FACE('Tole_INTERFACE_CHASSIS',(#11669),#11644,.T.) ;
#11748=ADVANCED_FACE('Tole_INTERFACE_CHASSIS',(#11747),#11675,.F.) ;
#11774=ADVANCED_FACE('Tole_INTERFACE_CHASSIS',(#11773),#9559,.F.) ;
#11800=ADVANCED_FACE('Tole_INTERFACE_CHASSIS',(#11799),#9435,.T.) ;
#11831=ADVANCED_FACE('Tole_INTERFACE_CHASSIS',(#11830),#11805,.F.) ;
#12053=ADVANCED_FACE('Tole_INTERFACE_CHASSIS',(#11863,#11881,#11890,#11908,#11926,#11944,#11962,#11980,#11998,#12016,#12034,#12052),#11837,.F.) ;
#12066=ADVANCED_FACE('Tole_INTERFACE_CHASSIS',(#12065),#12059,.F.) ;
#12090=ADVANCED_FACE('Tole_INTERFACE_CHASSIS',(#12089),#12072,.F.) ;
#12098=ADVANCED_FACE('Tole_INTERFACE_CHASSIS',(#12097),#12072,.F.) ;
#12130=ADVANCED_FACE('Tole_INTERFACE_CHASSIS',(#12129),#12104,.F.) ;
#12143=ADVANCED_FACE('Tole_INTERFACE_CHASSIS',(#12142),#12104,.F.) ;
#12175=ADVANCED_FACE('Tole_INTERFACE_CHASSIS',(#12174),#12149,.F.) ;
#12188=ADVANCED_FACE('Tole_INTERFACE_CHASSIS',(#12187),#12149,.F.) ;
#12220=ADVANCED_FACE('Tole_INTERFACE_CHASSIS',(#12219),#12194,.F.) ;
#12233=ADVANCED_FACE('Tole_INTERFACE_CHASSIS',(#12232),#12194,.F.) ;
#12265=ADVANCED_FACE('Tole_INTERFACE_CHASSIS',(#12264),#12239,.F.) ;
#12278=ADVANCED_FACE('Tole_INTERFACE_CHASSIS',(#12277),#12239,.F.) ;
#12310=ADVANCED_FACE('Tole_INTERFACE_CHASSIS',(#12309),#12284,.F.) ;
#12323=ADVANCED_FACE('Tole_INTERFACE_CHASSIS',(#12322),#12284,.F.) ;
#12355=ADVANCED_FACE('Tole_INTERFACE_CHASSIS',(#12354),#12329,.F.) ;
#12368=ADVANCED_FACE('Tole_INTERFACE_CHASSIS',(#12367),#12329,.F.) ;
#12397=ADVANCED_FACE('Tole_INTERFACE_CHASSIS',(#12392,#12396),#12374,.F.) ;
#12421=ADVANCED_FACE('Tole_INTERFACE_CHASSIS',(#12416,#12420),#12374,.F.) ;
#12454=ADVANCED_FACE('Tole_INTERFACE_CHASSIS',(#12449,#12453),#12374,.F.) ;
#12487=ADVANCED_FACE('Tole_INTERFACE_CHASSIS',(#12482,#12486),#12374,.F.) ;
#12547=ADVANCED_FACE('Tole_INTERFACE_CHASSIS',(#12538,#12542,#12546),#12493,.F.) ;
#12570=ADVANCED_FACE('Tole_INTERFACE_CHASSIS',(#12569),#12553,.F.) ;
#12578=ADVANCED_FACE('Tole_INTERFACE_CHASSIS',(#12577),#12553,.F.) ;
#12601=ADVANCED_FACE('Tole_INTERFACE_CHASSIS',(#12600),#12584,.F.) ;
#12609=ADVANCED_FACE('Tole_INTERFACE_CHASSIS',(#12608),#12584,.F.) ;
#12629=ADVANCED_FACE('Tole_INTERFACE_CHASSIS',(#12628),#12615,.F.) ;
#12652=ADVANCED_FACE('Tole_INTERFACE_CHASSIS',(#12651),#12635,.F.) ;
#12665=ADVANCED_FACE('Tole_INTERFACE_CHASSIS',(#12664),#12658,.F.) ;
#12683=ADVANCED_FACE('Tole_INTERFACE_CHASSIS',(#12682),#12671,.F.) ;
#12701=ADVANCED_FACE('Tole_INTERFACE_CHASSIS',(#12700),#12689,.F.) ;
#12714=ADVANCED_FACE('Tole_INTERFACE_CHASSIS',(#12713),#12707,.F.) ;
#12723=ADVANCED_FACE('Tole_INTERFACE_CHASSIS',(#12722),#11805,.F.) ;
#12763=ADVANCED_FACE('Tole_INTERFACE_CHASSIS',(#12744,#12762),#12729,.T.) ;
#12777=ADVANCED_FACE('Tole_INTERFACE_CHASSIS',(#12776),#12769,.F.) ;
#12809=ADVANCED_FACE('Tole_INTERFACE_CHASSIS',(#12808),#12783,.F.) ;
#12822=ADVANCED_FACE('Tole_INTERFACE_CHASSIS',(#12821),#12783,.F.) ;
#12931=ADVANCED_FACE('Tole_INTERFACE_CHASSIS',(#12872,#12890,#12908,#12912,#12930),#12828,.T.) ;
#12963=ADVANCED_FACE('Tole_INTERFACE_CHASSIS',(#12962),#12937,.F.) ;
#12976=ADVANCED_FACE('Tole_INTERFACE_CHASSIS',(#12975),#12937,.F.) ;
#13008=ADVANCED_FACE('Tole_INTERFACE_CHASSIS',(#13007),#12982,.F.) ;
#13021=ADVANCED_FACE('Tole_INTERFACE_CHASSIS',(#13020),#12982,.F.) ;
#13053=ADVANCED_FACE('Tole_INTERFACE_CHASSIS',(#13052),#13027,.F.) ;
#13066=ADVANCED_FACE('Tole_INTERFACE_CHASSIS',(#13065),#13027,.F.) ;
#13085=ADVANCED_FACE('Tole_INTERFACE_CHASSIS',(#13080,#13084),#12729,.T.) ;
#13098=ADVANCED_FACE('Tole_INTERFACE_CHASSIS',(#13097),#13091,.F.) ;
#13142=ADVANCED_FACE('Tole_INTERFACE_CHASSIS',(#13133,#13137,#13141),#12729,.T.) ;
#13162=ADVANCED_FACE('Tole_INTERFACE_CHASSIS',(#13161),#13148,.F.) ;
#13182=ADVANCED_FACE('Tole_INTERFACE_CHASSIS',(#13181),#13168,.F.) ;
#13196=ADVANCED_FACE('Tole_INTERFACE_CHASSIS',(#13195),#13188,.F.) ;
#13219=ADVANCED_FACE('Tole_INTERFACE_CHASSIS',(#13218),#13202,.F.) ;
#13227=ADVANCED_FACE('Tole_INTERFACE_CHASSIS',(#13226),#13202,.F.) ;
#13250=ADVANCED_FACE('Tole_INTERFACE_CHASSIS',(#13249),#13233,.F.) ;
#13258=ADVANCED_FACE('Tole_INTERFACE_CHASSIS',(#13257),#13233,.F.) ;
#13281=ADVANCED_FACE('Tole_INTERFACE_CHASSIS',(#13280),#13264,.F.) ;
#13289=ADVANCED_FACE('Tole_INTERFACE_CHASSIS',(#13288),#13264,.F.) ;
#13333=ADVANCED_FACE('RENFORT CENTRAL',(#13332),#13298,.F.) ;
#13478=ADVANCED_FACE('RENFORT CENTRAL',(#13452,#13477),#13338,.F.) ;
#13502=ADVANCED_FACE('RENFORT CENTRAL',(#13501),#13483,.F.) ;
#13533=ADVANCED_FACE('RENFORT CENTRAL',(#13532),#13507,.F.) ;
#13564=ADVANCED_FACE('RENFORT CENTRAL',(#13563),#13538,.F.) ;
#13588=ADVANCED_FACE('RENFORT CENTRAL',(#13587),#13569,.F.) ;
#13612=ADVANCED_FACE('RENFORT CENTRAL',(#13611),#13593,.F.) ;
#13636=ADVANCED_FACE('RENFORT CENTRAL',(#13635),#13617,.F.) ;
#13667=ADVANCED_FACE('RENFORT CENTRAL',(#13666),#13641,.F.) ;
#13698=ADVANCED_FACE('RENFORT CENTRAL',(#13697),#13672,.F.) ;
#13722=ADVANCED_FACE('RENFORT CENTRAL',(#13721),#13703,.F.) ;
#13746=ADVANCED_FACE('RENFORT CENTRAL',(#13745),#13727,.T.) ;
#13763=ADVANCED_FACE('RENFORT CENTRAL',(#13762),#13751,.T.) ;
#13780=ADVANCED_FACE('RENFORT CENTRAL',(#13779),#13768,.T.) ;
#13804=ADVANCED_FACE('RENFORT CENTRAL',(#13803),#13785,.T.) ;
#13821=ADVANCED_FACE('RENFORT CENTRAL',(#13820),#13809,.T.) ;
#13845=ADVANCED_FACE('RENFORT CENTRAL',(#13844),#13826,.T.) ;
#13862=ADVANCED_FACE('RENFORT CENTRAL',(#13861),#13850,.T.) ;
#13879=ADVANCED_FACE('RENFORT CENTRAL',(#13878),#13867,.F.) ;
#13907=ADVANCED_FACE('RENFORT CENTRAL',(#13900,#13906),#13884,.F.) ;
#13950=ADVANCED_FACE('Tole_LATERAL',(#13949),#13915,.F.) ;
#13981=ADVANCED_FACE('Tole_LATERAL',(#13980),#13955,.T.) ;
#14012=ADVANCED_FACE('Tole_LATERAL',(#14011),#13986,.T.) ;
#14043=ADVANCED_FACE('Tole_LATERAL',(#14042),#14017,.F.) ;
#14074=ADVANCED_FACE('Tole_LATERAL',(#14073),#14048,.F.) ;
#14105=ADVANCED_FACE('Tole_LATERAL',(#14104),#14079,.T.) ;
#14141=ADVANCED_FACE('Tole_LATERAL',(#14140),#14110,.T.) ;
#14165=ADVANCED_FACE('Tole_LATERAL',(#14164),#14146,.F.) ;
#14194=ADVANCED_FACE('Tole_LATERAL',(#14193),#14170,.T.) ;
#14211=ADVANCED_FACE('Tole_LATERAL',(#14210),#14199,.T.) ;
#14223=ADVANCED_FACE('Tole_LATERAL',(#14222),#14216,.F.) ;
#14266=ADVANCED_FACE('TOLE LATERAL BASSE',(#14265),#14231,.F.) ;
#14297=ADVANCED_FACE('TOLE LATERAL BASSE',(#14296),#14271,.T.) ;
#14328=ADVANCED_FACE('TOLE LATERAL BASSE',(#14327),#14302,.F.) ;
#14369=ADVANCED_FACE('TOLE LATERAL BASSE',(#14368),#14333,.T.) ;
#14410=ADVANCED_FACE('TOLE LATERAL BASSE',(#14409),#14374,.T.) ;
#14432=ADVANCED_FACE('TOLE LATERAL BASSE',(#14431),#14415,.F.) ;
#14444=ADVANCED_FACE('TOLE LATERAL BASSE',(#14443),#14437,.T.) ;
#14461=ADVANCED_FACE('TOLE LATERAL BASSE',(#14460),#14449,.T.) ;
#14473=ADVANCED_FACE('TOLE LATERAL BASSE',(#14472),#14466,.F.) ;
#14516=ADVANCED_FACE('Tole_LATERAL',(#14515),#14481,.F.) ;
#14547=ADVANCED_FACE('Tole_LATERAL',(#14546),#14521,.T.) ;
#14578=ADVANCED_FACE('Tole_LATERAL',(#14577),#14552,.T.) ;
#14609=ADVANCED_FACE('Tole_LATERAL',(#14608),#14583,.F.) ;
#14640=ADVANCED_FACE('Tole_LATERAL',(#14639),#14614,.F.) ;
#14671=ADVANCED_FACE('Tole_LATERAL',(#14670),#14645,.T.) ;
#14707=ADVANCED_FACE('Tole_LATERAL',(#14706),#14676,.T.) ;
#14731=ADVANCED_FACE('Tole_LATERAL',(#14730),#14712,.F.) ;
#14760=ADVANCED_FACE('Tole_LATERAL',(#14759),#14736,.T.) ;
#14777=ADVANCED_FACE('Tole_LATERAL',(#14776),#14765,.T.) ;
#14789=ADVANCED_FACE('Tole_LATERAL',(#14788),#14782,.F.) ;
#14832=ADVANCED_FACE('TOLE LATERAL BASSE',(#14831),#14797,.F.) ;
#14863=ADVANCED_FACE('TOLE LATERAL BASSE',(#14862),#14837,.T.) ;
#14894=ADVANCED_FACE('TOLE LATERAL BASSE',(#14893),#14868,.F.) ;
#14935=ADVANCED_FACE('TOLE LATERAL BASSE',(#14934),#14899,.T.) ;
#14976=ADVANCED_FACE('TOLE LATERAL BASSE',(#14975),#14940,.T.) ;
#14998=ADVANCED_FACE('TOLE LATERAL BASSE',(#14997),#14981,.F.) ;
#15010=ADVANCED_FACE('TOLE LATERAL BASSE',(#15009),#15003,.T.) ;
#15027=ADVANCED_FACE('TOLE LATERAL BASSE',(#15026),#15015,.T.) ;
#15039=ADVANCED_FACE('TOLE LATERAL BASSE',(#15038),#15032,.F.) ;
#15082=ADVANCED_FACE('RENFORT CARRE INTERIEUR',(#15081),#15047,.F.) ;
#15108=ADVANCED_FACE('RENFORT CARRE INTERIEUR',(#15107),#14374,.F.) ;
#15132=ADVANCED_FACE('RENFORT CARRE INTERIEUR',(#15131),#15113,.F.) ;
#15156=ADVANCED_FACE('RENFORT CARRE INTERIEUR',(#15155),#15137,.F.) ;
#15168=ADVANCED_FACE('RENFORT CARRE INTERIEUR',(#15167),#14676,.F.) ;
#15180=ADVANCED_FACE('RENFORT CARRE INTERIEUR',(#15179),#15173,.F.) ;
#15223=ADVANCED_FACE('RENFORT CARRE INTERIEUR',(#15222),#15188,.F.) ;
#15254=ADVANCED_FACE('RENFORT CARRE INTERIEUR',(#15253),#15228,.F.) ;
#15273=ADVANCED_FACE('RENFORT CARRE INTERIEUR',(#15272),#14374,.F.) ;
#15297=ADVANCED_FACE('RENFORT CARRE INTERIEUR',(#15296),#15278,.F.) ;
#15314=ADVANCED_FACE('RENFORT CARRE INTERIEUR',(#15313),#15302,.F.) ;
#15321=ADVANCED_FACE('RENFORT CARRE INTERIEUR',(#15320),#14899,.F.) ;
#15364=ADVANCED_FACE('RENFORT CARRE INTERIEUR',(#15363),#15329,.F.) ;
#15395=ADVANCED_FACE('RENFORT CARRE INTERIEUR',(#15394),#15369,.T.) ;
#15414=ADVANCED_FACE('RENFORT CARRE INTERIEUR',(#15413),#14170,.F.) ;
#15438=ADVANCED_FACE('RENFORT CARRE INTERIEUR',(#15437),#15419,.F.) ;
#15455=ADVANCED_FACE('RENFORT CARRE INTERIEUR',(#15454),#15443,.T.) ;
#15462=ADVANCED_FACE('RENFORT CARRE INTERIEUR',(#15461),#14676,.F.) ;
#15505=ADVANCED_FACE('RENFORT CARRE INTERIEUR',(#15504),#15470,.F.) ;
#15536=ADVANCED_FACE('RENFORT CARRE INTERIEUR',(#15535),#15510,.F.) ;
#15555=ADVANCED_FACE('RENFORT CARRE INTERIEUR',(#15554),#14170,.F.) ;
#15579=ADVANCED_FACE('RENFORT CARRE INTERIEUR',(#15578),#15560,.F.) ;
#15596=ADVANCED_FACE('RENFORT CARRE INTERIEUR',(#15595),#15584,.F.) ;
#15603=ADVANCED_FACE('RENFORT CARRE INTERIEUR',(#15602),#14676,.F.) ;
#15646=ADVANCED_FACE('SUPPORT BLOCHET',(#15645),#15611,.F.) ;
#15686=ADVANCED_FACE('SUPPORT BLOCHET',(#15685),#15651,.F.) ;
#15717=ADVANCED_FACE('SUPPORT BLOCHET',(#15716),#15691,.F.) ;
#15757=ADVANCED_FACE('SUPPORT BLOCHET',(#15756),#15722,.F.) ;
#15797=ADVANCED_FACE('SUPPORT BLOCHET',(#15796),#15762,.F.) ;
#15814=ADVANCED_FACE('SUPPORT BLOCHET',(#15813),#15762,.F.) ;
#15845=ADVANCED_FACE('SUPPORT BLOCHET',(#15844),#15819,.T.) ;
#15876=ADVANCED_FACE('SUPPORT BLOCHET',(#15875),#15850,.T.) ;
#15907=ADVANCED_FACE('SUPPORT BLOCHET',(#15906),#15881,.T.) ;
#15929=ADVANCED_FACE('SUPPORT BLOCHET',(#15928),#15912,.T.) ;
#15960=ADVANCED_FACE('SUPPORT BLOCHET',(#15959),#15934,.T.) ;
#15991=ADVANCED_FACE('SUPPORT BLOCHET',(#15990),#15965,.T.) ;
#16013=ADVANCED_FACE('SUPPORT BLOCHET',(#16012),#15996,.T.) ;
#16044=ADVANCED_FACE('SUPPORT BLOCHET',(#16030,#16039,#16043),#16018,.F.) ;
#16056=ADVANCED_FACE('SUPPORT BLOCHET',(#16055),#15611,.F.) ;
#16082=ADVANCED_FACE('SUPPORT BLOCHET',(#16073,#16077,#16081),#16061,.F.) ;
#16141=ADVANCED_FACE('RENFORT LATERAL',(#16140),#16090,.F.) ;
#16172=ADVANCED_FACE('RENFORT LATERAL',(#16171),#16146,.T.) ;
#16219=ADVANCED_FACE('RENFORT LATERAL',(#16218),#16177,.F.) ;
#16236=ADVANCED_FACE('RENFORT LATERAL',(#16235),#16224,.T.) ;
#16253=ADVANCED_FACE('RENFORT LATERAL',(#16252),#16241,.T.) ;
#16270=ADVANCED_FACE('RENFORT LATERAL',(#16269),#16258,.F.) ;
#16287=ADVANCED_FACE('RENFORT LATERAL',(#16286),#16275,.F.) ;
#16299=ADVANCED_FACE('RENFORT LATERAL',(#16298),#16292,.T.) ;
#16358=ADVANCED_FACE('RENFORT LATERAL*',(#16357),#16307,.F.) ;
#16389=ADVANCED_FACE('RENFORT LATERAL*',(#16388),#16363,.T.) ;
#16436=ADVANCED_FACE('RENFORT LATERAL*',(#16435),#16394,.F.) ;
#16453=ADVANCED_FACE('RENFORT LATERAL*',(#16452),#16441,.F.) ;
#16470=ADVANCED_FACE('RENFORT LATERAL*',(#16469),#16458,.F.) ;
#16487=ADVANCED_FACE('RENFORT LATERAL*',(#16486),#16475,.T.) ;
#16504=ADVANCED_FACE('RENFORT LATERAL*',(#16503),#16492,.T.) ;
#16516=ADVANCED_FACE('RENFORT LATERAL*',(#16515),#16509,.F.) ;
#16559=ADVANCED_FACE('Tole_Superieur',(#16558),#16524,.F.) ;
#16590=ADVANCED_FACE('Tole_Superieur',(#16589),#16564,.F.) ;
#16654=ADVANCED_FACE('Tole_Superieur',(#16653),#16595,.F.) ;
#16678=ADVANCED_FACE('Tole_Superieur',(#16677),#16659,.F.) ;
#16735=ADVANCED_FACE('Tole_Superieur',(#16734),#16683,.F.) ;
#16770=ADVANCED_FACE('Tole_Superieur',(#16769),#16740,.F.) ;
#16812=ADVANCED_FACE('Tole_Superieur',(#16811),#16775,.F.) ;
#16875=ADVANCED_FACE('Tole_Superieur',(#16874),#16817,.F.) ;
#16892=ADVANCED_FACE('Tole_Superieur',(#16891),#16880,.F.) ;
#16904=ADVANCED_FACE('Tole_Superieur',(#16903),#16564,.F.) ;
#16916=ADVANCED_FACE('Tole_Superieur',(#16915),#16909,.T.) ;
#16951=ADVANCED_FACE('Tole_Superieur',(#16950),#16921,.T.) ;
#16968=ADVANCED_FACE('Tole_Superieur',(#16967),#16956,.F.) ;
#17001=ADVANCED_FACE('Tole_Superieur',(#17000),#16973,.T.) ;
#17064=ADVANCED_FACE('Tole_Superieur',(#17063),#17006,.F.) ;
#17114=ADVANCED_FACE('Tole_Superieur',(#17113),#17069,.F.) ;
#17126=ADVANCED_FACE('Tole_Superieur',(#17125),#17119,.F.) ;
#17171=ADVANCED_FACE('Tole_Superieur',(#17170),#17131,.T.) ;
#17204=ADVANCED_FACE('Tole_Superieur',(#17203),#17176,.F.) ;
#17221=ADVANCED_FACE('Tole_Superieur',(#17220),#17209,.T.) ;
#17325=ADVANCED_FACE('Tole_Superieur',(#17324),#17226,.F.) ;
#17351=ADVANCED_FACE('Tole_Superieur',(#17350),#17330,.T.) ;
#17448=ADVANCED_FACE('Tole_Superieur',(#17447),#17356,.F.) ;
#17465=ADVANCED_FACE('Tole_Superieur',(#17464),#17453,.F.) ;
#17487=ADVANCED_FACE('Tole_Superieur',(#17486),#17470,.T.) ;
#17499=ADVANCED_FACE('Tole_Superieur',(#17498),#17492,.F.) ;
#17516=ADVANCED_FACE('Tole_Superieur',(#17515),#17504,.T.) ;
#17533=ADVANCED_FACE('Tole_Superieur',(#17532),#17521,.T.) ;
#17550=ADVANCED_FACE('Tole_Superieur',(#17549),#17538,.T.) ;
#17567=ADVANCED_FACE('Tole_Superieur',(#17566),#17555,.T.) ;
#17618=ADVANCED_FACE('Tole_Superieur',(#17617),#17572,.F.) ;
#17650=ADVANCED_FACE('Tole_Superieur',(#17649),#17623,.T.) ;
#17697=ADVANCED_FACE('Tole_Superieur',(#17696),#17655,.F.) ;
#17709=ADVANCED_FACE('Tole_Superieur',(#17708),#17702,.T.) ;
#17734=ADVANCED_FACE('Tole_Superieur',(#17733),#17714,.F.) ;
#17762=ADVANCED_FACE('Tole_Superieur',(#17761),#16817,.F.) ;
#17793=ADVANCED_FACE('Tole_Superieur',(#17792),#17767,.F.) ;
#17824=ADVANCED_FACE('Tole_Superieur',(#17823),#17798,.T.) ;
#17855=ADVANCED_FACE('Tole_Superieur',(#17854),#17829,.T.) ;
#17886=ADVANCED_FACE('Tole_Superieur',(#17885),#17860,.F.) ;
#17912=ADVANCED_FACE('Tole_Superieur',(#17911),#16956,.F.) ;
#17943=ADVANCED_FACE('Tole_Superieur',(#17942),#17917,.T.) ;
#17969=ADVANCED_FACE('Tole_Superieur',(#17968),#16817,.F.) ;
#18000=ADVANCED_FACE('Tole_Superieur',(#17999),#17974,.F.) ;
#18031=ADVANCED_FACE('Tole_Superieur',(#18030),#18005,.T.) ;
#18062=ADVANCED_FACE('Tole_Superieur',(#18061),#18036,.T.) ;
#18084=ADVANCED_FACE('Tole_Superieur',(#18083),#18067,.T.) ;
#18106=ADVANCED_FACE('Tole_Superieur',(#18105),#18089,.T.) ;
#18128=ADVANCED_FACE('Tole_Superieur',(#18127),#18111,.T.) ;
#4=APPLICATION_PROTOCOL_DEFINITION('international standard','ap242_managed_model_based_3d_engineering',2014,#1) ;
#281=B_SPLINE_CURVE_WITH_KNOTS('',3,(#282,#283,#284,#285),.UNSPECIFIED.,.F.,.U.,(4,4),(173.264559959,188.495559215),.UNSPECIFIED.) ;
#344=B_SPLINE_CURVE_WITH_KNOTS('',5,(#345,#346,#347,#348,#349,#350),.UNSPECIFIED.,.F.,.U.,(6,6),(0.,37.4634650321),.UNSPECIFIED.) ;
#553=B_SPLINE_CURVE_WITH_KNOTS('',1,(#554,#555),.UNSPECIFIED.,.F.,.U.,(2,2),(-4.,4.),.UNSPECIFIED.) ;
#559=B_SPLINE_CURVE_WITH_KNOTS('',5,(#560,#561,#562,#563,#564,#565,#566,#567,#568),.UNSPECIFIED.,.F.,.U.,(6,3,6),(0.,18.3923152865,37.4606517298),.UNSPECIFIED.) ;
#649=B_SPLINE_CURVE_WITH_KNOTS('',5,(#650,#651,#652,#653,#654,#655),.UNSPECIFIED.,.F.,.U.,(6,6),(94.2477796077,147.854057131),.UNSPECIFIED.) ;
#955=B_SPLINE_CURVE_WITH_KNOTS('',5,(#956,#957,#958,#959,#960,#961,#962,#963,#964),.UNSPECIFIED.,.F.,.U.,(6,3,6),(54.9778714378,82.4668071567,109.955742876),.UNSPECIFIED.) ;
#989=B_SPLINE_CURVE_WITH_KNOTS('',5,(#990,#991,#992,#993,#994,#995),.UNSPECIFIED.,.F.,.U.,(6,6),(207.261562532,282.743338823),.UNSPECIFIED.) ;
#999=B_SPLINE_CURVE_WITH_KNOTS('',3,(#1000,#1001,#1002,#1003),.UNSPECIFIED.,.F.,.U.,(4,4),(32.9797601456,34.703509639),.UNSPECIFIED.) ;
#1007=B_SPLINE_CURVE_WITH_KNOTS('',1,(#1008,#1009),.UNSPECIFIED.,.F.,.U.,(2,2),(-32.9894152923,32.9894152923),.UNSPECIFIED.) ;
#1013=B_SPLINE_CURVE_WITH_KNOTS('',4,(#1014,#1015,#1016,#1017,#1018),.UNSPECIFIED.,.F.,.U.,(5,5),(16.4379155156,28.017674571),.UNSPECIFIED.) ;
#1029=B_SPLINE_CURVE_WITH_KNOTS('',1,(#1030,#1031),.UNSPECIFIED.,.F.,.U.,(2,2),(-26.8598602277,31.3108891325),.UNSPECIFIED.) ;
#1035=B_SPLINE_CURVE_WITH_KNOTS('',4,(#1036,#1037,#1038,#1039,#1040),.UNSPECIFIED.,.F.,.U.,(5,5),(0.,31.4159265359),.UNSPECIFIED.) ;
#1236=B_SPLINE_CURVE_WITH_KNOTS('',4,(#1237,#1238,#1239,#1240,#1241),.UNSPECIFIED.,.F.,.U.,(5,5),(0.,10.1464384327),.UNSPECIFIED.) ;
#1252=B_SPLINE_CURVE_WITH_KNOTS('',4,(#1253,#1254,#1255,#1256,#1257),.UNSPECIFIED.,.F.,.U.,(5,5),(0.,8.97876982956),.UNSPECIFIED.) ;
#1261=B_SPLINE_CURVE_WITH_KNOTS('',3,(#1262,#1263,#1264,#1265),.UNSPECIFIED.,.F.,.U.,(4,4),(-2.45512399035,2.45512399035),.UNSPECIFIED.) ;
#1325=B_SPLINE_CURVE_WITH_KNOTS('',1,(#1326,#1327),.UNSPECIFIED.,.F.,.U.,(2,2),(-3.,3.),.UNSPECIFIED.) ;
#1331=B_SPLINE_CURVE_WITH_KNOTS('',4,(#1332,#1333,#1334,#1335,#1336),.UNSPECIFIED.,.F.,.U.,(5,5),(2.22186093016E-015,10.1464382411),.UNSPECIFIED.) ;
#1366=B_SPLINE_CURVE_WITH_KNOTS('',4,(#1367,#1368,#1369,#1370,#1371),.UNSPECIFIED.,.F.,.U.,(5,5),(18.9957172905,39.2699081699),.UNSPECIFIED.) ;
#1373=B_SPLINE_CURVE_WITH_KNOTS('',3,(#1374,#1375,#1376,#1377),.UNSPECIFIED.,.F.,.U.,(4,4),(34.1094899734,39.2699081699),.UNSPECIFIED.) ;
#1405=B_SPLINE_CURVE_WITH_KNOTS('',3,(#1406,#1407,#1408,#1409),.UNSPECIFIED.,.F.,.U.,(4,4),(-2.45512399035,2.45512399035),.UNSPECIFIED.) ;
#1413=B_SPLINE_CURVE_WITH_KNOTS('',4,(#1414,#1415,#1416,#1417,#1418),.UNSPECIFIED.,.F.,.U.,(5,5),(0.,8.9785369884),.UNSPECIFIED.) ;
#1580=B_SPLINE_CURVE_WITH_KNOTS('',1,(#1581,#1582),.UNSPECIFIED.,.F.,.U.,(2,2),(-6.,1.81182229713E-015),.UNSPECIFIED.) ;
#1780=B_SPLINE_CURVE_WITH_KNOTS('',5,(#1781,#1782,#1783,#1784,#1785,#1786,#1787,#1788,#1789),.UNSPECIFIED.,.F.,.U.,(6,3,6),(54.9778714378,82.4668071567,109.955742876),.UNSPECIFIED.) ;
#1814=B_SPLINE_CURVE_WITH_KNOTS('',5,(#1815,#1816,#1817,#1818,#1819,#1820),.UNSPECIFIED.,.F.,.U.,(6,6),(232.869702824,282.743338823),.UNSPECIFIED.) ;
#1824=B_SPLINE_CURVE_WITH_KNOTS('',3,(#1825,#1826,#1827,#1828),.UNSPECIFIED.,.F.,.U.,(4,4),(18.4892265038,26.1799387799),.UNSPECIFIED.) ;
#1832=B_SPLINE_CURVE_WITH_KNOTS('',1,(#1833,#1834),.UNSPECIFIED.,.F.,.U.,(2,2),(-72.2874171473,26.8197560661),.UNSPECIFIED.) ;
#1845=B_SPLINE_CURVE_WITH_KNOTS('',1,(#1846,#1847),.UNSPECIFIED.,.F.,.U.,(2,2),(4.27577278558,50.9304881262),.UNSPECIFIED.) ;
#1851=B_SPLINE_CURVE_WITH_KNOTS('',5,(#1852,#1853,#1854,#1855,#1856,#1857),.UNSPECIFIED.,.F.,.U.,(6,6),(0.,59.4322243675),.UNSPECIFIED.) ;
#2045=B_SPLINE_CURVE_WITH_KNOTS('',4,(#2046,#2047,#2048,#2049,#2050),.UNSPECIFIED.,.F.,.U.,(5,5),(-4.26726222347,4.26726222347),.UNSPECIFIED.) ;
#2061=B_SPLINE_CURVE_WITH_KNOTS('',4,(#2062,#2063,#2064,#2065,#2066),.UNSPECIFIED.,.F.,.U.,(5,5),(-4.35969664503,4.35969664503),.UNSPECIFIED.) ;
#2125=B_SPLINE_CURVE_WITH_KNOTS('',1,(#2126,#2127),.UNSPECIFIED.,.F.,.U.,(2,2),(-3.,3.),.UNSPECIFIED.) ;
#2131=B_SPLINE_CURVE_WITH_KNOTS('',4,(#2132,#2133,#2134,#2135,#2136),.UNSPECIFIED.,.F.,.U.,(5,5),(0.,6.64218286068),.UNSPECIFIED.) ;
#2166=B_SPLINE_CURVE_WITH_KNOTS('',4,(#2167,#2168,#2169,#2170,#2171),.UNSPECIFIED.,.F.,.U.,(5,5),(24.7634268198,39.2699081699),.UNSPECIFIED.) ;
#2175=B_SPLINE_CURVE_WITH_KNOTS('',1,(#2176,#2177),.UNSPECIFIED.,.F.,.U.,(2,2),(-50.9304881262,-2.60233051153),.UNSPECIFIED.) ;
#2179=B_SPLINE_CURVE_WITH_KNOTS('',1,(#2180,#2181),.UNSPECIFIED.,.F.,.U.,(2,2),(33.4619389268,72.2874171473),.UNSPECIFIED.) ;
#2185=B_SPLINE_CURVE_WITH_KNOTS('',4,(#2186,#2187,#2188,#2189,#2190),.UNSPECIFIED.,.F.,.U.,(5,5),(26.1799387799,39.2699081699),.UNSPECIFIED.) ;
#2409=B_SPLINE_CURVE_WITH_KNOTS('',4,(#2410,#2411,#2412,#2413,#2414),.UNSPECIFIED.,.F.,.U.,(5,5),(-4.35969664503,4.35969664503),.UNSPECIFIED.) ;
#4331=B_SPLINE_CURVE_WITH_KNOTS('',5,(#4332,#4333,#4334,#4335,#4336,#4337),.UNSPECIFIED.,.F.,.U.,(6,6),(7.85398163397,15.7079632679),.UNSPECIFIED.) ;
#4348=B_SPLINE_CURVE_WITH_KNOTS('',5,(#4349,#4350,#4351,#4352,#4353,#4354),.UNSPECIFIED.,.F.,.U.,(6,6),(23.5619449019,31.4159265359),.UNSPECIFIED.) ;
#4365=B_SPLINE_CURVE_WITH_KNOTS('',5,(#4366,#4367,#4368,#4369,#4370,#4371),.UNSPECIFIED.,.F.,.U.,(6,6),(15.7079632679,23.5619449019),.UNSPECIFIED.) ;
#4382=B_SPLINE_CURVE_WITH_KNOTS('',5,(#4383,#4384,#4385,#4386,#4387,#4388),.UNSPECIFIED.,.F.,.U.,(6,6),(0.,7.85398163397),.UNSPECIFIED.) ;
#4419=B_SPLINE_CURVE_WITH_KNOTS('',5,(#4420,#4421,#4422,#4423,#4424,#4425),.UNSPECIFIED.,.F.,.U.,(6,6),(21.2057504117,28.2743338823),.UNSPECIFIED.) ;
#4431=B_SPLINE_CURVE_WITH_KNOTS('',5,(#4432,#4433,#4434,#4435,#4436,#4437),.UNSPECIFIED.,.F.,.U.,(6,6),(28.2743338823,35.3429173529),.UNSPECIFIED.) ;
#4441=B_SPLINE_CURVE_WITH_KNOTS('',5,(#4442,#4443,#4444,#4445,#4446,#4447),.UNSPECIFIED.,.F.,.U.,(6,6),(7.06858347058,14.1371669412),.UNSPECIFIED.) ;
#4451=B_SPLINE_CURVE_WITH_KNOTS('',5,(#4452,#4453,#4454,#4455,#4456,#4457),.UNSPECIFIED.,.F.,.U.,(6,6),(14.1371669412,21.2057504117),.UNSPECIFIED.) ;
#9245=B_SPLINE_CURVE_WITH_KNOTS('',5,(#9246,#9247,#9248,#9249,#9250,#9251),.UNSPECIFIED.,.F.,.U.,(6,6),(0.,5.47689034822),.UNSPECIFIED.) ;
#9301=B_SPLINE_CURVE_WITH_KNOTS('',4,(#9302,#9303,#9304,#9305,#9306),.UNSPECIFIED.,.F.,.U.,(5,5),(0.,8.65605558349),.UNSPECIFIED.) ;
#9328=B_SPLINE_CURVE_WITH_KNOTS('',3,(#9329,#9330,#9331,#9332),.UNSPECIFIED.,.F.,.U.,(4,4),(0.,0.594312504186),.UNSPECIFIED.) ;
#9338=B_SPLINE_CURVE_WITH_KNOTS('',4,(#9339,#9340,#9341,#9342,#9343),.UNSPECIFIED.,.F.,.U.,(5,5),(0.,7.94319179422),.UNSPECIFIED.) ;
#9393=B_SPLINE_CURVE_WITH_KNOTS('',5,(#9394,#9395,#9396,#9397,#9398,#9399),.UNSPECIFIED.,.F.,.U.,(6,6),(1.1079661103,10.1537498019),.UNSPECIFIED.) ;
#9598=B_SPLINE_CURVE_WITH_KNOTS('',5,(#9599,#9600,#9601,#9602,#9603,#9604),.UNSPECIFIED.,.F.,.U.,(6,6),(0.,9.03695687793),.UNSPECIFIED.) ;
#9860=B_SPLINE_CURVE_WITH_KNOTS('',4,(#9861,#9862,#9863,#9864,#9865),.UNSPECIFIED.,.F.,.U.,(5,5),(0.,3.78957994179),.UNSPECIFIED.) ;
#10073=B_SPLINE_CURVE_WITH_KNOTS('',5,(#10074,#10075,#10076,#10077,#10078,#10079),.UNSPECIFIED.,.F.,.U.,(6,6),(0.,8.13432022821),.UNSPECIFIED.) ;
#11217=B_SPLINE_CURVE_WITH_KNOTS('',5,(#11218,#11219,#11220,#11221,#11222,#11223),.UNSPECIFIED.,.F.,.U.,(6,6),(0.,13.4079455803),.UNSPECIFIED.) ;
#11345=B_SPLINE_CURVE_WITH_KNOTS('',5,(#11346,#11347,#11348,#11349,#11350,#11351),.UNSPECIFIED.,.F.,.U.,(6,6),(0.,13.4079455802),.UNSPECIFIED.) ;
#11533=B_SPLINE_CURVE_WITH_KNOTS('',5,(#11534,#11535,#11536,#11537,#11538,#11539),.UNSPECIFIED.,.F.,.U.,(6,6),(0.,9.50307920794),.UNSPECIFIED.) ;
#13149=B_SPLINE_CURVE_WITH_KNOTS('',4,(#13150,#13151,#13152,#13153,#13154),.UNSPECIFIED.,.F.,.U.,(5,5),(0.,7.60117670486),.UNSPECIFIED.) ;
#13169=B_SPLINE_CURVE_WITH_KNOTS('',4,(#13170,#13171,#13172,#13173,#13174),.UNSPECIFIED.,.F.,.U.,(5,5),(0.,7.60117670488),.UNSPECIFIED.) ;
#16741=B_SPLINE_CURVE_WITH_KNOTS('',3,(#16742,#16743,#16744,#16745),.UNSPECIFIED.,.F.,.U.,(4,4),(0.,7.1273274942),.UNSPECIFIED.) ;
#16756=B_SPLINE_CURVE_WITH_KNOTS('',3,(#16757,#16758,#16759,#16760),.UNSPECIFIED.,.F.,.U.,(4,4),(0.,7.10357359341),.UNSPECIFIED.) ;
#16776=B_SPLINE_CURVE_WITH_KNOTS('',4,(#16777,#16778,#16779,#16780,#16781),.UNSPECIFIED.,.F.,.U.,(5,5),(0.,11.5736718839),.UNSPECIFIED.) ;
#16936=B_SPLINE_CURVE_WITH_KNOTS('',4,(#16937,#16938,#16939,#16940,#16941),.UNSPECIFIED.,.F.,.U.,(5,5),(0.,20.3268200489),.UNSPECIFIED.) ;
#16981=B_SPLINE_CURVE_WITH_KNOTS('',5,(#16982,#16983,#16984,#16985,#16986,#16987,#16988,#16989,#16990,#16991,#16992,#16993),.UNSPECIFIED.,.F.,.U.,(6,3,3,6),(0.,40.2964810034,92.3218212397,121.427079062),.UNSPECIFIED.) ;
#17007=B_SPLINE_CURVE_WITH_KNOTS('',5,(#17008,#17009,#17010,#17011,#17012,#17013,#17014,#17015,#17016,#17017,#17018,#17019),.UNSPECIFIED.,.F.,.U.,(6,3,3,6),(0.,17.8007262661,38.9343800826,86.669844817),.UNSPECIFIED.) ;
#17030=B_SPLINE_CURVE_WITH_KNOTS('',5,(#17031,#17032,#17033,#17034,#17035,#17036,#17037,#17038,#17039),.UNSPECIFIED.,.F.,.U.,(6,3,6),(0.,31.1437904789,72.2523572946),.UNSPECIFIED.) ;
#17043=B_SPLINE_CURVE_WITH_KNOTS('',5,(#17044,#17045,#17046,#17047,#17048,#17049,#17050,#17051,#17052),.UNSPECIFIED.,.F.,.U.,(6,3,6),(0.,73.9936779471,126.6027235),.UNSPECIFIED.) ;
#17077=B_SPLINE_CURVE_WITH_KNOTS('',3,(#17078,#17079,#17080,#17081),.UNSPECIFIED.,.F.,.U.,(4,4),(0.,9.66227613748),.UNSPECIFIED.) ;
#17092=B_SPLINE_CURVE_WITH_KNOTS('',5,(#17093,#17094,#17095,#17096,#17097,#17098),.UNSPECIFIED.,.F.,.U.,(6,6),(0.,21.1664686394),.UNSPECIFIED.) ;
#17132=B_SPLINE_CURVE_WITH_KNOTS('',5,(#17133,#17134,#17135,#17136,#17137,#17138),.UNSPECIFIED.,.F.,.U.,(6,6),(0.,20.6095345909),.UNSPECIFIED.) ;
#17149=B_SPLINE_CURVE_WITH_KNOTS('',3,(#17150,#17151,#17152,#17153),.UNSPECIFIED.,.F.,.U.,(4,4),(0.,9.66225402462),.UNSPECIFIED.) ;
#17582=B_SPLINE_CURVE_WITH_KNOTS('',5,(#17583,#17584,#17585,#17586,#17587,#17588,#17589,#17590,#17591,#17592,#17593,#17594),.UNSPECIFIED.,.F.,.U.,(6,3,3,6),(0.,18.8457273466,26.598183754,38.8681955664),.UNSPECIFIED.) ;
#17596=B_SPLINE_CURVE_WITH_KNOTS('',5,(#17597,#17598,#17599,#17600,#17601,#17602,#17603,#17604,#17605,#17606,#17607,#17608),.UNSPECIFIED.,.F.,.U.,(6,3,3,6),(0.,11.2462994168,20.6621060496,35.913273723),.UNSPECIFIED.) ;
#528=B_SPLINE_SURFACE_WITH_KNOTS('',5,1,((#529,#530),(#531,#532),(#533,#534),(#535,#536),(#537,#538),(#539,#540),(#541,#542),(#543,#544),(#545,#546),(#547,#548),(#549,#550),(#551,#552)),.UNSPECIFIED.,.F.,.F.,.U.,(6,3,3,6),(2,2),(0.,12.704334809,22.8682498863,25.4093001691),(-8.00000000001,-1.7763568394E-015),.UNSPECIFIED.) ;
#1306=B_SPLINE_SURFACE_WITH_KNOTS('',5,1,((#1307,#1308),(#1309,#1310),(#1311,#1312),(#1313,#1314),(#1315,#1316),(#1317,#1318),(#1319,#1320),(#1321,#1322),(#1323,#1324)),.UNSPECIFIED.,.F.,.F.,.U.,(6,3,6),(2,2),(0.,3.65508924141,6.09181540236),(-6.00000000001,5.3290705182E-015),.UNSPECIFIED.) ;
#1567=B_SPLINE_SURFACE_WITH_KNOTS('',5,1,((#1568,#1569),(#1570,#1571),(#1572,#1573),(#1574,#1575),(#1576,#1577),(#1578,#1579)),.UNSPECIFIED.,.F.,.F.,.U.,(6,6),(2,2),(0.,5.90574790054),(-6.00000000001,1.81182229713E-015),.UNSPECIFIED.) ;
#1591=B_SPLINE_SURFACE_WITH_KNOTS('',5,1,((#1592,#1593),(#1594,#1595),(#1596,#1597),(#1598,#1599),(#1600,#1601),(#1602,#1603)),.UNSPECIFIED.,.F.,.F.,.U.,(6,6),(2,2),(0.,4.45102890471),(-6.,1.81182229713E-015),.UNSPECIFIED.) ;
#2106=B_SPLINE_SURFACE_WITH_KNOTS('',5,1,((#2107,#2108),(#2109,#2110),(#2111,#2112),(#2113,#2114),(#2115,#2116),(#2117,#2118),(#2119,#2120),(#2121,#2122),(#2123,#2124)),.UNSPECIFIED.,.F.,.F.,.U.,(6,3,6),(2,2),(0.,4.64952800248,6.64218286068),(-6.,3.71924713249E-015),.UNSPECIFIED.) ;
#2423=B_SPLINE_SURFACE_WITH_KNOTS('',5,1,((#2424,#2425),(#2426,#2427),(#2428,#2429),(#2430,#2431),(#2432,#2433),(#2434,#2435),(#2436,#2437),(#2438,#2439),(#2440,#2441)),.UNSPECIFIED.,.F.,.F.,.U.,(6,3,6),(2,2),(0.,4.81467230798,6.87810329712),(-6.,6.2172489379E-015),.UNSPECIFIED.) ;
#39=COLOUR_RGB('Colour',0.823529411765,0.823529411765,1.) ;
#7461=COLOUR_RGB('Colour',1.,1.,0.501960784314) ;
#7468=OVER_RIDING_STYLED_ITEM(' ',(#7467),#7460,#7247) ;
#7497=OVER_RIDING_STYLED_ITEM(' ',(#7467),#7496,#7247) ;
#7520=OVER_RIDING_STYLED_ITEM(' ',(#7467),#7519,#7247) ;
#7528=OVER_RIDING_STYLED_ITEM(' ',(#7467),#7527,#7247) ;
#7744=OVER_RIDING_STYLED_ITEM(' ',(#7467),#7743,#7530) ;
#7773=OVER_RIDING_STYLED_ITEM(' ',(#7467),#7772,#7530) ;
#7796=OVER_RIDING_STYLED_ITEM(' ',(#7467),#7795,#7530) ;
#7804=OVER_RIDING_STYLED_ITEM(' ',(#7467),#7803,#7530) ;
#8284=OVER_RIDING_STYLED_ITEM(' ',(#7467),#8283,#7806) ;
#8316=OVER_RIDING_STYLED_ITEM(' ',(#7467),#8315,#7806) ;
#8329=OVER_RIDING_STYLED_ITEM(' ',(#7467),#8328,#7806) ;
#8351=OVER_RIDING_STYLED_ITEM(' ',(#7467),#8350,#7806) ;
#8371=OVER_RIDING_STYLED_ITEM(' ',(#7467),#8370,#7806) ;
#8384=OVER_RIDING_STYLED_ITEM(' ',(#7467),#8383,#7806) ;
#11832=OVER_RIDING_STYLED_ITEM(' ',(#7467),#11831,#9158) ;
#12054=OVER_RIDING_STYLED_ITEM(' ',(#7467),#12053,#9158) ;
#12067=OVER_RIDING_STYLED_ITEM(' ',(#7467),#12066,#9158) ;
#12091=OVER_RIDING_STYLED_ITEM(' ',(#7467),#12090,#9158) ;
#12099=OVER_RIDING_STYLED_ITEM(' ',(#7467),#12098,#9158) ;
#12131=OVER_RIDING_STYLED_ITEM(' ',(#7467),#12130,#9158) ;
#12144=OVER_RIDING_STYLED_ITEM(' ',(#7467),#12143,#9158) ;
#12176=OVER_RIDING_STYLED_ITEM(' ',(#7467),#12175,#9158) ;
#12189=OVER_RIDING_STYLED_ITEM(' ',(#7467),#12188,#9158) ;
#12221=OVER_RIDING_STYLED_ITEM(' ',(#7467),#12220,#9158) ;
#12234=OVER_RIDING_STYLED_ITEM(' ',(#7467),#12233,#9158) ;
#12266=OVER_RIDING_STYLED_ITEM(' ',(#7467),#12265,#9158) ;
#12279=OVER_RIDING_STYLED_ITEM(' ',(#7467),#12278,#9158) ;
#12311=OVER_RIDING_STYLED_ITEM(' ',(#7467),#12310,#9158) ;
#12324=OVER_RIDING_STYLED_ITEM(' ',(#7467),#12323,#9158) ;
#12356=OVER_RIDING_STYLED_ITEM(' ',(#7467),#12355,#9158) ;
#12369=OVER_RIDING_STYLED_ITEM(' ',(#7467),#12368,#9158) ;
#12398=OVER_RIDING_STYLED_ITEM(' ',(#7467),#12397,#9158) ;
#12422=OVER_RIDING_STYLED_ITEM(' ',(#7467),#12421,#9158) ;
#12455=OVER_RIDING_STYLED_ITEM(' ',(#7467),#12454,#9158) ;
#12488=OVER_RIDING_STYLED_ITEM(' ',(#7467),#12487,#9158) ;
#12548=OVER_RIDING_STYLED_ITEM(' ',(#7467),#12547,#9158) ;
#12571=OVER_RIDING_STYLED_ITEM(' ',(#7467),#12570,#9158) ;
#12579=OVER_RIDING_STYLED_ITEM(' ',(#7467),#12578,#9158) ;
#12602=OVER_RIDING_STYLED_ITEM(' ',(#7467),#12601,#9158) ;
#12610=OVER_RIDING_STYLED_ITEM(' ',(#7467),#12609,#9158) ;
#12630=OVER_RIDING_STYLED_ITEM(' ',(#7467),#12629,#9158) ;
#12653=OVER_RIDING_STYLED_ITEM(' ',(#7467),#12652,#9158) ;
#12666=OVER_RIDING_STYLED_ITEM(' ',(#7467),#12665,#9158) ;
#12684=OVER_RIDING_STYLED_ITEM(' ',(#7467),#12683,#9158) ;
#12702=OVER_RIDING_STYLED_ITEM(' ',(#7467),#12701,#9158) ;
#12715=OVER_RIDING_STYLED_ITEM(' ',(#7467),#12714,#9158) ;
#12724=OVER_RIDING_STYLED_ITEM(' ',(#7467),#12723,#9158) ;
#12764=OVER_RIDING_STYLED_ITEM(' ',(#7467),#12763,#9158) ;
#12778=OVER_RIDING_STYLED_ITEM(' ',(#7467),#12777,#9158) ;
#12810=OVER_RIDING_STYLED_ITEM(' ',(#7467),#12809,#9158) ;
#12823=OVER_RIDING_STYLED_ITEM(' ',(#7467),#12822,#9158) ;
#12932=OVER_RIDING_STYLED_ITEM(' ',(#7467),#12931,#9158) ;
#12964=OVER_RIDING_STYLED_ITEM(' ',(#7467),#12963,#9158) ;
#12977=OVER_RIDING_STYLED_ITEM(' ',(#7467),#12976,#9158) ;
#13009=OVER_RIDING_STYLED_ITEM(' ',(#7467),#13008,#9158) ;
#13022=OVER_RIDING_STYLED_ITEM(' ',(#7467),#13021,#9158) ;
#13054=OVER_RIDING_STYLED_ITEM(' ',(#7467),#13053,#9158) ;
#13067=OVER_RIDING_STYLED_ITEM(' ',(#7467),#13066,#9158) ;
#13086=OVER_RIDING_STYLED_ITEM(' ',(#7467),#13085,#9158) ;
#13099=OVER_RIDING_STYLED_ITEM(' ',(#7467),#13098,#9158) ;
#13143=OVER_RIDING_STYLED_ITEM(' ',(#7467),#13142,#9158) ;
#13163=OVER_RIDING_STYLED_ITEM(' ',(#7467),#13162,#9158) ;
#13183=OVER_RIDING_STYLED_ITEM(' ',(#7467),#13182,#9158) ;
#13197=OVER_RIDING_STYLED_ITEM(' ',(#7467),#13196,#9158) ;
#13220=OVER_RIDING_STYLED_ITEM(' ',(#7467),#13219,#9158) ;
#13228=OVER_RIDING_STYLED_ITEM(' ',(#7467),#13227,#9158) ;
#13251=OVER_RIDING_STYLED_ITEM(' ',(#7467),#13250,#9158) ;
#13259=OVER_RIDING_STYLED_ITEM(' ',(#7467),#13258,#9158) ;
#13282=OVER_RIDING_STYLED_ITEM(' ',(#7467),#13281,#9158) ;
#13290=OVER_RIDING_STYLED_ITEM(' ',(#7467),#13289,#9158) ;
#86=FACE_OUTER_BOUND('',#81,.T.) ;
#117=FACE_OUTER_BOUND('',#112,.T.) ;
#148=FACE_OUTER_BOUND('',#143,.T.) ;
#179=FACE_OUTER_BOUND('',#174,.T.) ;
#210=FACE_OUTER_BOUND('',#205,.T.) ;
#232=FACE_OUTER_BOUND('',#227,.T.) ;
#246=FACE_OUTER_BOUND('',#239,.T.) ;
#260=FACE_OUTER_BOUND('',#253,.T.) ;
#306=FACE_OUTER_BOUND('',#301,.T.) ;
#337=FACE_OUTER_BOUND('',#332,.T.) ;
#371=FACE_OUTER_BOUND('',#366,.T.) ;
#402=FACE_OUTER_BOUND('',#397,.T.) ;
#442=FACE_OUTER_BOUND('',#437,.T.) ;
#464=FACE_OUTER_BOUND('',#459,.T.) ;
#495=FACE_OUTER_BOUND('',#490,.T.) ;
#526=FACE_OUTER_BOUND('',#521,.T.) ;
#575=FACE_OUTER_BOUND('',#570,.T.) ;
#597=FACE_OUTER_BOUND('',#592,.T.) ;
#621=FACE_OUTER_BOUND('',#616,.T.) ;
#663=FACE_OUTER_BOUND('',#657,.T.) ;
#680=FACE_OUTER_BOUND('',#675,.T.) ;
#704=FACE_OUTER_BOUND('',#699,.T.) ;
#728=FACE_OUTER_BOUND('',#723,.T.) ;
#752=FACE_OUTER_BOUND('',#747,.T.) ;
#769=FACE_OUTER_BOUND('',#764,.T.) ;
#782=FACE_OUTER_BOUND('',#776,.T.) ;
#822=FACE_OUTER_BOUND('',#817,.T.) ;
#844=FACE_OUTER_BOUND('',#839,.T.) ;
#865=FACE_OUTER_BOUND('',#856,.T.) ;
#886=FACE_OUTER_BOUND('',#877,.T.) ;
#898=FACE_OUTER_BOUND('',#893,.T.) ;
#941=FACE_OUTER_BOUND('',#936,.T.) ;
#1064=FACE_OUTER_BOUND('',#1049,.T.) ;
#1088=FACE_OUTER_BOUND('',#1083,.T.) ;
#1119=FACE_OUTER_BOUND('',#1114,.T.) ;
#1143=FACE_OUTER_BOUND('',#1138,.T.) ;
#1167=FACE_OUTER_BOUND('',#1162,.T.) ;
#1198=FACE_OUTER_BOUND('',#1193,.T.) ;
#1229=FACE_OUTER_BOUND('',#1224,.T.) ;
#1273=FACE_OUTER_BOUND('',#1267,.T.) ;
#1304=FACE_OUTER_BOUND('',#1299,.T.) ;
#1343=FACE_OUTER_BOUND('',#1338,.T.) ;
#1393=FACE_OUTER_BOUND('',#1386,.T.) ;
#1433=FACE_OUTER_BOUND('',#1427,.T.) ;
#1457=FACE_OUTER_BOUND('',#1452,.T.) ;
#1497=FACE_OUTER_BOUND('',#1490,.T.) ;
#1514=FACE_OUTER_BOUND('',#1509,.T.) ;
#1536=FACE_OUTER_BOUND('',#1531,.T.) ;
#1553=FACE_OUTER_BOUND('',#1548,.T.) ;
#1565=FACE_OUTER_BOUND('',#1560,.T.) ;
#1589=FACE_OUTER_BOUND('',#1584,.T.) ;
#1609=FACE_OUTER_BOUND('',#1604,.T.) ;
#1626=FACE_OUTER_BOUND('',#1621,.T.) ;
#1643=FACE_OUTER_BOUND('',#1638,.T.) ;
#1660=FACE_OUTER_BOUND('',#1655,.T.) ;
#1684=FACE_OUTER_BOUND('',#1679,.T.) ;
#1711=FACE_OUTER_BOUND('',#1696,.T.) ;
#1723=FACE_OUTER_BOUND('',#1718,.T.) ;
#1766=FACE_OUTER_BOUND('',#1761,.T.) ;
#1880=FACE_OUTER_BOUND('',#1866,.T.) ;
#1904=FACE_OUTER_BOUND('',#1899,.T.) ;
#1935=FACE_OUTER_BOUND('',#1930,.T.) ;
#1959=FACE_OUTER_BOUND('',#1954,.T.) ;
#1983=FACE_OUTER_BOUND('',#1978,.T.) ;
#2014=FACE_OUTER_BOUND('',#2009,.T.) ;
#2038=FACE_OUTER_BOUND('',#2033,.T.) ;
#2073=FACE_OUTER_BOUND('',#2068,.T.) ;
#2104=FACE_OUTER_BOUND('',#2099,.T.) ;
#2143=FACE_OUTER_BOUND('',#2138,.T.) ;
#2208=FACE_OUTER_BOUND('',#2199,.T.) ;
#2232=FACE_OUTER_BOUND('',#2227,.T.) ;
#2263=FACE_OUTER_BOUND('',#2258,.T.) ;
#2287=FACE_OUTER_BOUND('',#2282,.T.) ;
#2334=FACE_OUTER_BOUND('',#2325,.T.) ;
#2351=FACE_OUTER_BOUND('',#2346,.T.) ;
#2368=FACE_OUTER_BOUND('',#2363,.T.) ;
#2385=FACE_OUTER_BOUND('',#2380,.T.) ;
#2397=FACE_OUTER_BOUND('',#2392,.T.) ;
#2421=FACE_OUTER_BOUND('',#2416,.T.) ;
#2447=FACE_OUTER_BOUND('',#2442,.T.) ;
#2464=FACE_OUTER_BOUND('',#2459,.T.) ;
#2481=FACE_OUTER_BOUND('',#2476,.T.) ;
#2505=FACE_OUTER_BOUND('',#2500,.T.) ;
#2531=FACE_OUTER_BOUND('',#2517,.T.) ;
#2543=FACE_OUTER_BOUND('',#2538,.T.) ;
#2586=FACE_OUTER_BOUND('',#2581,.T.) ;
#2617=FACE_OUTER_BOUND('',#2612,.T.) ;
#2648=FACE_OUTER_BOUND('',#2643,.T.) ;
#2679=FACE_OUTER_BOUND('',#2674,.T.) ;
#2710=FACE_OUTER_BOUND('',#2705,.T.) ;
#2741=FACE_OUTER_BOUND('',#2736,.T.) ;
#2767=FACE_OUTER_BOUND('',#2762,.T.) ;
#2807=FACE_OUTER_BOUND('',#2802,.T.) ;
#2835=FACE_OUTER_BOUND('',#2824,.T.) ;
#2852=FACE_OUTER_BOUND('',#2847,.T.) ;
#2875=FACE_OUTER_BOUND('',#2864,.T.) ;
#2887=FACE_OUTER_BOUND('',#2882,.T.) ;
#2930=FACE_OUTER_BOUND('',#2925,.T.) ;
#2961=FACE_OUTER_BOUND('',#2956,.T.) ;
#2992=FACE_OUTER_BOUND('',#2987,.T.) ;
#3023=FACE_OUTER_BOUND('',#3018,.T.) ;
#3054=FACE_OUTER_BOUND('',#3049,.T.) ;
#3085=FACE_OUTER_BOUND('',#3080,.T.) ;
#3116=FACE_OUTER_BOUND('',#3111,.T.) ;
#3147=FACE_OUTER_BOUND('',#3142,.T.) ;
#3178=FACE_OUTER_BOUND('',#3173,.T.) ;
#3209=FACE_OUTER_BOUND('',#3204,.T.) ;
#3240=FACE_OUTER_BOUND('',#3235,.T.) ;
#3271=FACE_OUTER_BOUND('',#3266,.T.) ;
#3302=FACE_OUTER_BOUND('',#3297,.T.) ;
#3328=FACE_OUTER_BOUND('',#3323,.T.) ;
#3359=FACE_OUTER_BOUND('',#3354,.T.) ;
#3390=FACE_OUTER_BOUND('',#3385,.T.) ;
#3421=FACE_OUTER_BOUND('',#3416,.T.) ;
#3447=FACE_OUTER_BOUND('',#3442,.T.) ;
#3478=FACE_OUTER_BOUND('',#3473,.T.) ;
#3509=FACE_OUTER_BOUND('',#3504,.T.) ;
#3540=FACE_OUTER_BOUND('',#3535,.T.) ;
#3566=FACE_OUTER_BOUND('',#3561,.T.) ;
#3597=FACE_OUTER_BOUND('',#3592,.T.) ;
#3619=FACE_OUTER_BOUND('',#3614,.T.) ;
#3659=FACE_OUTER_BOUND('',#3654,.T.) ;
#3676=FACE_OUTER_BOUND('',#3671,.T.) ;
#3716=FACE_OUTER_BOUND('',#3711,.T.) ;
#3733=FACE_OUTER_BOUND('',#3728,.T.) ;
#3773=FACE_OUTER_BOUND('',#3768,.T.) ;
#3790=FACE_OUTER_BOUND('',#3785,.T.) ;
#3822=FACE_OUTER_BOUND('',#3797,.T.) ;
#3866=FACE_OUTER_BOUND('',#3841,.T.) ;
#3921=FACE_OUTER_BOUND('',#3916,.T.) ;
#3952=FACE_OUTER_BOUND('',#3947,.T.) ;
#3983=FACE_OUTER_BOUND('',#3978,.T.) ;
#4000=FACE_OUTER_BOUND('',#3995,.T.) ;
#4031=FACE_OUTER_BOUND('',#4026,.T.) ;
#4055=FACE_OUTER_BOUND('',#4050,.T.) ;
#4086=FACE_OUTER_BOUND('',#4081,.T.) ;
#4117=FACE_OUTER_BOUND('',#4112,.T.) ;
#4148=FACE_OUTER_BOUND('',#4143,.T.) ;
#4179=FACE_OUTER_BOUND('',#4174,.T.) ;
#4210=FACE_OUTER_BOUND('',#4205,.T.) ;
#4241=FACE_OUTER_BOUND('',#4236,.T.) ;
#4272=FACE_OUTER_BOUND('',#4267,.T.) ;
#4303=FACE_OUTER_BOUND('',#4298,.T.) ;
#4418=FACE_OUTER_BOUND('',#4397,.T.) ;
#4495=FACE_OUTER_BOUND('',#4490,.T.) ;
#4519=FACE_OUTER_BOUND('',#4514,.T.) ;
#4543=FACE_OUTER_BOUND('',#4538,.T.) ;
#4567=FACE_OUTER_BOUND('',#4562,.T.) ;
#4591=FACE_OUTER_BOUND('',#4586,.T.) ;
#4615=FACE_OUTER_BOUND('',#4610,.T.) ;
#4639=FACE_OUTER_BOUND('',#4634,.T.) ;
#4656=FACE_OUTER_BOUND('',#4651,.T.) ;
#4678=FACE_OUTER_BOUND('',#4673,.T.) ;
#4690=FACE_OUTER_BOUND('',#4685,.T.) ;
#4721=FACE_OUTER_BOUND('',#4716,.T.) ;
#4745=FACE_OUTER_BOUND('',#4740,.T.) ;
#4764=FACE_OUTER_BOUND('',#4759,.T.) ;
#4776=FACE_OUTER_BOUND('',#4771,.T.) ;
#4800=FACE_OUTER_BOUND('',#4795,.T.) ;
#4824=FACE_OUTER_BOUND('',#4819,.T.) ;
#4864=FACE_OUTER_BOUND('',#4843,.T.) ;
#4887=FACE_OUTER_BOUND('',#4882,.T.) ;
#4918=FACE_OUTER_BOUND('',#4913,.T.) ;
#4942=FACE_OUTER_BOUND('',#4937,.T.) ;
#4966=FACE_OUTER_BOUND('',#4961,.T.) ;
#4983=FACE_OUTER_BOUND('',#4978,.T.) ;
#5014=FACE_OUTER_BOUND('',#5009,.T.) ;
#5038=FACE_OUTER_BOUND('',#5033,.T.) ;
#5062=FACE_OUTER_BOUND('',#5057,.T.) ;
#5079=FACE_OUTER_BOUND('',#5074,.T.) ;
#5091=FACE_OUTER_BOUND('',#5086,.T.) ;
#5150=FACE_OUTER_BOUND('',#5143,.T.) ;
#5181=FACE_OUTER_BOUND('',#5176,.T.) ;
#5212=FACE_OUTER_BOUND('',#5207,.T.) ;
#5236=FACE_OUTER_BOUND('',#5231,.T.) ;
#5260=FACE_OUTER_BOUND('',#5255,.T.) ;
#5403=FACE_OUTER_BOUND('',#5384,.T.) ;
#5623=FACE_OUTER_BOUND('',#5604,.T.) ;
#5722=FACE_OUTER_BOUND('',#5717,.T.) ;
#5744=FACE_OUTER_BOUND('',#5739,.T.) ;
#5766=FACE_OUTER_BOUND('',#5761,.T.) ;
#5783=FACE_OUTER_BOUND('',#5778,.T.) ;
#5800=FACE_OUTER_BOUND('',#5795,.T.) ;
#5817=FACE_OUTER_BOUND('',#5812,.T.) ;
#5834=FACE_OUTER_BOUND('',#5829,.T.) ;
#5851=FACE_OUTER_BOUND('',#5846,.T.) ;
#5868=FACE_OUTER_BOUND('',#5863,.T.) ;
#5885=FACE_OUTER_BOUND('',#5880,.T.) ;
#5902=FACE_OUTER_BOUND('',#5897,.T.) ;
#5919=FACE_OUTER_BOUND('',#5914,.T.) ;
#5936=FACE_OUTER_BOUND('',#5931,.T.) ;
#5953=FACE_OUTER_BOUND('',#5948,.T.) ;
#5970=FACE_OUTER_BOUND('',#5965,.T.) ;
#5982=FACE_OUTER_BOUND('',#5977,.T.) ;
#6004=FACE_OUTER_BOUND('',#5999,.T.) ;
#6021=FACE_OUTER_BOUND('',#6016,.T.) ;
#6038=FACE_OUTER_BOUND('',#6033,.T.) ;
#6050=FACE_OUTER_BOUND('',#6045,.T.) ;
#6067=FACE_OUTER_BOUND('',#6062,.T.) ;
#6084=FACE_OUTER_BOUND('',#6079,.T.) ;
#6096=FACE_OUTER_BOUND('',#6091,.T.) ;
#6108=FACE_OUTER_BOUND('',#6103,.T.) ;
#6129=FACE_OUTER_BOUND('',#6120,.T.) ;
#6148=FACE_OUTER_BOUND('',#6141,.T.) ;
#6164=FACE_OUTER_BOUND('',#6155,.T.) ;
#6207=FACE_OUTER_BOUND('',#6202,.T.) ;
#6294=FACE_OUTER_BOUND('',#6282,.T.) ;
#6354=FACE_OUTER_BOUND('',#6349,.T.) ;
#6385=FACE_OUTER_BOUND('',#6380,.T.) ;
#6409=FACE_OUTER_BOUND('',#6404,.T.) ;
#6440=FACE_OUTER_BOUND('',#6435,.T.) ;
#6464=FACE_OUTER_BOUND('',#6459,.T.) ;
#6495=FACE_OUTER_BOUND('',#6490,.T.) ;
#6512=FACE_OUTER_BOUND('',#6507,.T.) ;
#6543=FACE_OUTER_BOUND('',#6538,.T.) ;
#6555=FACE_OUTER_BOUND('',#6550,.T.) ;
#6586=FACE_OUTER_BOUND('',#6581,.T.) ;
#6598=FACE_OUTER_BOUND('',#6593,.T.) ;
#6615=FACE_OUTER_BOUND('',#6610,.T.) ;
#6632=FACE_OUTER_BOUND('',#6627,.T.) ;
#6656=FACE_OUTER_BOUND('',#6644,.T.) ;
#6671=FACE_OUTER_BOUND('',#6666,.T.) ;
#6714=FACE_OUTER_BOUND('',#6709,.T.) ;
#6817=FACE_OUTER_BOUND('',#6803,.T.) ;
#6877=FACE_OUTER_BOUND('',#6872,.T.) ;
#6908=FACE_OUTER_BOUND('',#6903,.T.) ;
#6932=FACE_OUTER_BOUND('',#6927,.T.) ;
#6956=FACE_OUTER_BOUND('',#6951,.T.) ;
#6987=FACE_OUTER_BOUND('',#6982,.T.) ;
#7011=FACE_OUTER_BOUND('',#7006,.T.) ;
#7042=FACE_OUTER_BOUND('',#7037,.T.) ;
#7061=FACE_OUTER_BOUND('',#7056,.T.) ;
#7092=FACE_OUTER_BOUND('',#7087,.T.) ;
#7104=FACE_OUTER_BOUND('',#7099,.T.) ;
#7135=FACE_OUTER_BOUND('',#7130,.T.) ;
#7147=FACE_OUTER_BOUND('',#7142,.T.) ;
#7164=FACE_OUTER_BOUND('',#7159,.T.) ;
#7181=FACE_OUTER_BOUND('',#7176,.T.) ;
#7198=FACE_OUTER_BOUND('',#7193,.T.) ;
#7224=FACE_OUTER_BOUND('',#7210,.T.) ;
#7244=FACE_OUTER_BOUND('',#7239,.T.) ;
#7287=FACE_OUTER_BOUND('',#7282,.T.) ;
#7304=FACE_OUTER_BOUND('',#7299,.T.) ;
#7323=FACE_OUTER_BOUND('',#7320,.T.) ;
#7346=FACE_OUTER_BOUND('',#7343,.T.) ;
#7386=FACE_OUTER_BOUND('',#7381,.T.) ;
#7393=FACE_OUTER_BOUND('',#7388,.T.) ;
#7419=FACE_OUTER_BOUND('',#7414,.T.) ;
#7431=FACE_OUTER_BOUND('',#7426,.T.) ;
#7441=FACE_OUTER_BOUND('',#7438,.T.) ;
#7477=FACE_OUTER_BOUND('',#7474,.T.) ;
#7518=FACE_OUTER_BOUND('',#7513,.T.) ;
#7526=FACE_OUTER_BOUND('',#7521,.T.) ;
#7570=FACE_OUTER_BOUND('',#7565,.T.) ;
#7587=FACE_OUTER_BOUND('',#7582,.T.) ;
#7606=FACE_OUTER_BOUND('',#7603,.T.) ;
#7629=FACE_OUTER_BOUND('',#7626,.T.) ;
#7669=FACE_OUTER_BOUND('',#7664,.T.) ;
#7676=FACE_OUTER_BOUND('',#7671,.T.) ;
#7702=FACE_OUTER_BOUND('',#7697,.T.) ;
#7714=FACE_OUTER_BOUND('',#7709,.T.) ;
#7724=FACE_OUTER_BOUND('',#7721,.T.) ;
#7753=FACE_OUTER_BOUND('',#7750,.T.) ;
#7794=FACE_OUTER_BOUND('',#7789,.T.) ;
#7802=FACE_OUTER_BOUND('',#7797,.T.) ;
#7846=FACE_OUTER_BOUND('',#7841,.T.) ;
#7877=FACE_OUTER_BOUND('',#7872,.T.) ;
#7917=FACE_OUTER_BOUND('',#7910,.T.) ;
#7989=FACE_OUTER_BOUND('',#7978,.T.) ;
#8020=FACE_OUTER_BOUND('',#8015,.T.) ;
#8075=FACE_OUTER_BOUND('',#8067,.T.) ;
#8099=FACE_OUTER_BOUND('',#8094,.T.) ;
#8130=FACE_OUTER_BOUND('',#8125,.T.) ;
#8154=FACE_OUTER_BOUND('',#8149,.T.) ;
#8178=FACE_OUTER_BOUND('',#8173,.T.) ;
#8217=FACE_OUTER_BOUND('',#8209,.T.) ;
#8233=FACE_OUTER_BOUND('',#8224,.T.) ;
#8252=FACE_OUTER_BOUND('',#8245,.T.) ;
#8264=FACE_OUTER_BOUND('',#8259,.T.) ;
#8314=FACE_OUTER_BOUND('',#8309,.T.) ;
#8327=FACE_OUTER_BOUND('',#8322,.T.) ;
#8345=FACE_OUTER_BOUND('',#8340,.T.) ;
#8369=FACE_OUTER_BOUND('',#8362,.T.) ;
#8382=FACE_OUTER_BOUND('',#8377,.T.) ;
#8426=FACE_OUTER_BOUND('',#8421,.T.) ;
#8457=FACE_OUTER_BOUND('',#8452,.T.) ;
#8476=FACE_OUTER_BOUND('',#8471,.T.) ;
#8500=FACE_OUTER_BOUND('',#8495,.T.) ;
#8517=FACE_OUTER_BOUND('',#8512,.T.) ;
#8524=FACE_OUTER_BOUND('',#8519,.T.) ;
#8567=FACE_OUTER_BOUND('',#8562,.T.) ;
#8598=FACE_OUTER_BOUND('',#8593,.T.) ;
#8617=FACE_OUTER_BOUND('',#8612,.T.) ;
#8641=FACE_OUTER_BOUND('',#8636,.T.) ;
#8658=FACE_OUTER_BOUND('',#8653,.T.) ;
#8665=FACE_OUTER_BOUND('',#8660,.T.) ;
#8708=FACE_OUTER_BOUND('',#8703,.T.) ;
#8734=FACE_OUTER_BOUND('',#8729,.T.) ;
#8758=FACE_OUTER_BOUND('',#8753,.T.) ;
#8782=FACE_OUTER_BOUND('',#8777,.T.) ;
#8794=FACE_OUTER_BOUND('',#8789,.T.) ;
#8806=FACE_OUTER_BOUND('',#8801,.T.) ;
#8897=FACE_OUTER_BOUND('',#8886,.T.) ;
#8928=FACE_OUTER_BOUND('',#8923,.T.) ;
#8952=FACE_OUTER_BOUND('',#8947,.T.) ;
#8976=FACE_OUTER_BOUND('',#8971,.T.) ;
#9000=FACE_OUTER_BOUND('',#8995,.T.) ;
#9024=FACE_OUTER_BOUND('',#9019,.T.) ;
#9048=FACE_OUTER_BOUND('',#9043,.T.) ;
#9072=FACE_OUTER_BOUND('',#9067,.T.) ;
#9096=FACE_OUTER_BOUND('',#9091,.T.) ;
#9120=FACE_OUTER_BOUND('',#9115,.T.) ;
#9137=FACE_OUTER_BOUND('',#9132,.T.) ;
#9155=FACE_OUTER_BOUND('',#9144,.T.) ;
#9198=FACE_OUTER_BOUND('',#9193,.T.) ;
#9229=FACE_OUTER_BOUND('',#9224,.T.) ;
#9271=FACE_OUTER_BOUND('',#9265,.T.) ;
#9321=FACE_OUTER_BOUND('',#9315,.T.) ;
#9379=FACE_OUTER_BOUND('',#9371,.T.) ;
#9429=FACE_OUTER_BOUND('',#9422,.T.) ;
#9460=FACE_OUTER_BOUND('',#9455,.T.) ;
#9491=FACE_OUTER_BOUND('',#9486,.T.) ;
#9522=FACE_OUTER_BOUND('',#9517,.T.) ;
#9553=FACE_OUTER_BOUND('',#9548,.T.) ;
#9584=FACE_OUTER_BOUND('',#9579,.T.) ;
#9634=FACE_OUTER_BOUND('',#9627,.T.) ;
#9665=FACE_OUTER_BOUND('',#9660,.T.) ;
#9696=FACE_OUTER_BOUND('',#9691,.T.) ;
#9727=FACE_OUTER_BOUND('',#9722,.T.) ;
#9758=FACE_OUTER_BOUND('',#9753,.T.) ;
#9789=FACE_OUTER_BOUND('',#9784,.T.) ;
#9820=FACE_OUTER_BOUND('',#9815,.T.) ;
#9846=FACE_OUTER_BOUND('',#9841,.T.) ;
#9878=FACE_OUTER_BOUND('',#9872,.T.) ;
#9909=FACE_OUTER_BOUND('',#9904,.T.) ;
#9940=FACE_OUTER_BOUND('',#9935,.T.) ;
#9971=FACE_OUTER_BOUND('',#9966,.T.) ;
#10002=FACE_OUTER_BOUND('',#9997,.T.) ;
#10033=FACE_OUTER_BOUND('',#10028,.T.) ;
#10059=FACE_OUTER_BOUND('',#10054,.T.) ;
#10109=FACE_OUTER_BOUND('',#10102,.T.) ;
#10140=FACE_OUTER_BOUND('',#10135,.T.) ;
#10171=FACE_OUTER_BOUND('',#10166,.T.) ;
#10202=FACE_OUTER_BOUND('',#10197,.T.) ;
#10233=FACE_OUTER_BOUND('',#10228,.T.) ;
#10264=FACE_OUTER_BOUND('',#10259,.T.) ;
#10295=FACE_OUTER_BOUND('',#10290,.T.) ;
#10321=FACE_OUTER_BOUND('',#10316,.T.) ;
#10352=FACE_OUTER_BOUND('',#10347,.T.) ;
#10392=FACE_OUTER_BOUND('',#10387,.T.) ;
#10458=FACE_OUTER_BOUND('',#10446,.T.) ;
#10524=FACE_OUTER_BOUND('',#10512,.T.) ;
#10541=FACE_OUTER_BOUND('',#10536,.T.) ;
#10558=FACE_OUTER_BOUND('',#10553,.T.) ;
#10692=FACE_OUTER_BOUND('',#10673,.T.) ;
#10846=FACE_OUTER_BOUND('',#10841,.T.) ;
#10863=FACE_OUTER_BOUND('',#10858,.T.) ;
#10936=FACE_OUTER_BOUND('',#10924,.T.) ;
#10953=FACE_OUTER_BOUND('',#10948,.T.) ;
#10970=FACE_OUTER_BOUND('',#10965,.T.) ;
#11001=FACE_OUTER_BOUND('',#10996,.T.) ;
#11025=FACE_OUTER_BOUND('',#11020,.T.) ;
#11049=FACE_OUTER_BOUND('',#11044,.T.) ;
#11073=FACE_OUTER_BOUND('',#11068,.T.) ;
#11097=FACE_OUTER_BOUND('',#11092,.T.) ;
#11132=FACE_OUTER_BOUND('',#11125,.T.) ;
#11163=FACE_OUTER_BOUND('',#11158,.T.) ;
#11194=FACE_OUTER_BOUND('',#11189,.T.) ;
#11236=FACE_OUTER_BOUND('',#11230,.T.) ;
#11267=FACE_OUTER_BOUND('',#11262,.T.) ;
#11298=FACE_OUTER_BOUND('',#11293,.T.) ;
#11329=FACE_OUTER_BOUND('',#11324,.T.) ;
#11371=FACE_OUTER_BOUND('',#11365,.T.) ;
#11397=FACE_OUTER_BOUND('',#11392,.T.) ;
#11428=FACE_OUTER_BOUND('',#11423,.T.) ;
#11473=FACE_OUTER_BOUND('',#11464,.T.) ;
#11490=FACE_OUTER_BOUND('',#11485,.T.) ;
#11502=FACE_OUTER_BOUND('',#11497,.T.) ;
#11519=FACE_OUTER_BOUND('',#11514,.T.) ;
#11555=FACE_OUTER_BOUND('',#11548,.T.) ;
#11567=FACE_OUTER_BOUND('',#11562,.T.) ;
#11607=FACE_OUTER_BOUND('',#11602,.T.) ;
#11638=FACE_OUTER_BOUND('',#11633,.T.) ;
#11669=FACE_OUTER_BOUND('',#11664,.T.) ;
#11747=FACE_OUTER_BOUND('',#11719,.T.) ;
#11773=FACE_OUTER_BOUND('',#11766,.T.) ;
#11799=FACE_OUTER_BOUND('',#11792,.T.) ;
#11830=FACE_OUTER_BOUND('',#11825,.T.) ;
#11863=FACE_OUTER_BOUND('',#11843,.T.) ;
#12065=FACE_OUTER_BOUND('',#12060,.T.) ;
#12089=FACE_OUTER_BOUND('',#12083,.T.) ;
#12097=FACE_OUTER_BOUND('',#12092,.T.) ;
#12129=FACE_OUTER_BOUND('',#12124,.T.) ;
#12142=FACE_OUTER_BOUND('',#12137,.T.) ;
#12174=FACE_OUTER_BOUND('',#12169,.T.) ;
#12187=FACE_OUTER_BOUND('',#12182,.T.) ;
#12219=FACE_OUTER_BOUND('',#12214,.T.) ;
#12232=FACE_OUTER_BOUND('',#12227,.T.) ;
#12264=FACE_OUTER_BOUND('',#12259,.T.) ;
#12277=FACE_OUTER_BOUND('',#12272,.T.) ;
#12309=FACE_OUTER_BOUND('',#12304,.T.) ;
#12322=FACE_OUTER_BOUND('',#12317,.T.) ;
#12354=FACE_OUTER_BOUND('',#12349,.T.) ;
#12367=FACE_OUTER_BOUND('',#12362,.T.) ;
#12392=FACE_OUTER_BOUND('',#12389,.T.) ;
#12416=FACE_OUTER_BOUND('',#12413,.T.) ;
#12449=FACE_OUTER_BOUND('',#12442,.T.) ;
#12482=FACE_OUTER_BOUND('',#12475,.T.) ;
#12538=FACE_OUTER_BOUND('',#12527,.T.) ;
#12569=FACE_OUTER_BOUND('',#12564,.T.) ;
#12577=FACE_OUTER_BOUND('',#12572,.T.) ;
#12600=FACE_OUTER_BOUND('',#12595,.T.) ;
#12608=FACE_OUTER_BOUND('',#12603,.T.) ;
#12628=FACE_OUTER_BOUND('',#12621,.T.) ;
#12651=FACE_OUTER_BOUND('',#12646,.T.) ;
#12664=FACE_OUTER_BOUND('',#12659,.T.) ;
#12682=FACE_OUTER_BOUND('',#12677,.T.) ;
#12700=FACE_OUTER_BOUND('',#12695,.T.) ;
#12713=FACE_OUTER_BOUND('',#12708,.T.) ;
#12722=FACE_OUTER_BOUND('',#12716,.T.) ;
#12744=FACE_OUTER_BOUND('',#12735,.T.) ;
#12776=FACE_OUTER_BOUND('',#12770,.T.) ;
#12808=FACE_OUTER_BOUND('',#12803,.T.) ;
#12821=FACE_OUTER_BOUND('',#12816,.T.) ;
#12872=FACE_OUTER_BOUND('',#12829,.T.) ;
#12962=FACE_OUTER_BOUND('',#12957,.T.) ;
#12975=FACE_OUTER_BOUND('',#12970,.T.) ;
#13007=FACE_OUTER_BOUND('',#13002,.T.) ;
#13020=FACE_OUTER_BOUND('',#13015,.T.) ;
#13052=FACE_OUTER_BOUND('',#13047,.T.) ;
#13065=FACE_OUTER_BOUND('',#13060,.T.) ;
#13080=FACE_OUTER_BOUND('',#13073,.T.) ;
#13097=FACE_OUTER_BOUND('',#13092,.T.) ;
#13133=FACE_OUTER_BOUND('',#13119,.T.) ;
#13161=FACE_OUTER_BOUND('',#13156,.T.) ;
#13181=FACE_OUTER_BOUND('',#13176,.T.) ;
#13195=FACE_OUTER_BOUND('',#13189,.T.) ;
#13218=FACE_OUTER_BOUND('',#13213,.T.) ;
#13226=FACE_OUTER_BOUND('',#13221,.T.) ;
#13249=FACE_OUTER_BOUND('',#13244,.T.) ;
#13257=FACE_OUTER_BOUND('',#13252,.T.) ;
#13280=FACE_OUTER_BOUND('',#13275,.T.) ;
#13288=FACE_OUTER_BOUND('',#13283,.T.) ;
#13332=FACE_OUTER_BOUND('',#13327,.T.) ;
#13452=FACE_OUTER_BOUND('',#13437,.T.) ;
#13501=FACE_OUTER_BOUND('',#13496,.T.) ;
#13532=FACE_OUTER_BOUND('',#13527,.T.) ;
#13563=FACE_OUTER_BOUND('',#13558,.T.) ;
#13587=FACE_OUTER_BOUND('',#13582,.T.) ;
#13611=FACE_OUTER_BOUND('',#13606,.T.) ;
#13635=FACE_OUTER_BOUND('',#13630,.T.) ;
#13666=FACE_OUTER_BOUND('',#13661,.T.) ;
#13697=FACE_OUTER_BOUND('',#13692,.T.) ;
#13721=FACE_OUTER_BOUND('',#13716,.T.) ;
#13745=FACE_OUTER_BOUND('',#13740,.T.) ;
#13762=FACE_OUTER_BOUND('',#13757,.T.) ;
#13779=FACE_OUTER_BOUND('',#13774,.T.) ;
#13803=FACE_OUTER_BOUND('',#13798,.T.) ;
#13820=FACE_OUTER_BOUND('',#13815,.T.) ;
#13844=FACE_OUTER_BOUND('',#13839,.T.) ;
#13861=FACE_OUTER_BOUND('',#13856,.T.) ;
#13878=FACE_OUTER_BOUND('',#13873,.T.) ;
#13900=FACE_OUTER_BOUND('',#13885,.T.) ;
#13949=FACE_OUTER_BOUND('',#13944,.T.) ;
#13980=FACE_OUTER_BOUND('',#13975,.T.) ;
#14011=FACE_OUTER_BOUND('',#14006,.T.) ;
#14042=FACE_OUTER_BOUND('',#14037,.T.) ;
#14073=FACE_OUTER_BOUND('',#14068,.T.) ;
#14104=FACE_OUTER_BOUND('',#14099,.T.) ;
#14140=FACE_OUTER_BOUND('',#14130,.T.) ;
#14164=FACE_OUTER_BOUND('',#14159,.T.) ;
#14193=FACE_OUTER_BOUND('',#14183,.T.) ;
#14210=FACE_OUTER_BOUND('',#14205,.T.) ;
#14222=FACE_OUTER_BOUND('',#14217,.T.) ;
#14265=FACE_OUTER_BOUND('',#14260,.T.) ;
#14296=FACE_OUTER_BOUND('',#14291,.T.) ;
#14327=FACE_OUTER_BOUND('',#14322,.T.) ;
#14368=FACE_OUTER_BOUND('',#14360,.T.) ;
#14409=FACE_OUTER_BOUND('',#14401,.T.) ;
#14431=FACE_OUTER_BOUND('',#14426,.T.) ;
#14443=FACE_OUTER_BOUND('',#14438,.T.) ;
#14460=FACE_OUTER_BOUND('',#14455,.T.) ;
#14472=FACE_OUTER_BOUND('',#14467,.T.) ;
#14515=FACE_OUTER_BOUND('',#14510,.T.) ;
#14546=FACE_OUTER_BOUND('',#14541,.T.) ;
#14577=FACE_OUTER_BOUND('',#14572,.T.) ;
#14608=FACE_OUTER_BOUND('',#14603,.T.) ;
#14639=FACE_OUTER_BOUND('',#14634,.T.) ;
#14670=FACE_OUTER_BOUND('',#14665,.T.) ;
#14706=FACE_OUTER_BOUND('',#14696,.T.) ;
#14730=FACE_OUTER_BOUND('',#14725,.T.) ;
#14759=FACE_OUTER_BOUND('',#14749,.T.) ;
#14776=FACE_OUTER_BOUND('',#14771,.T.) ;
#14788=FACE_OUTER_BOUND('',#14783,.T.) ;
#14831=FACE_OUTER_BOUND('',#14826,.T.) ;
#14862=FACE_OUTER_BOUND('',#14857,.T.) ;
#14893=FACE_OUTER_BOUND('',#14888,.T.) ;
#14934=FACE_OUTER_BOUND('',#14926,.T.) ;
#14975=FACE_OUTER_BOUND('',#14967,.T.) ;
#14997=FACE_OUTER_BOUND('',#14992,.T.) ;
#15009=FACE_OUTER_BOUND('',#15004,.T.) ;
#15026=FACE_OUTER_BOUND('',#15021,.T.) ;
#15038=FACE_OUTER_BOUND('',#15033,.T.) ;
#15081=FACE_OUTER_BOUND('',#15076,.T.) ;
#15107=FACE_OUTER_BOUND('',#15102,.T.) ;
#15131=FACE_OUTER_BOUND('',#15126,.T.) ;
#15155=FACE_OUTER_BOUND('',#15150,.T.) ;
#15167=FACE_OUTER_BOUND('',#15162,.T.) ;
#15179=FACE_OUTER_BOUND('',#15174,.T.) ;
#15222=FACE_OUTER_BOUND('',#15217,.T.) ;
#15253=FACE_OUTER_BOUND('',#15248,.T.) ;
#15272=FACE_OUTER_BOUND('',#15267,.T.) ;
#15296=FACE_OUTER_BOUND('',#15291,.T.) ;
#15313=FACE_OUTER_BOUND('',#15308,.T.) ;
#15320=FACE_OUTER_BOUND('',#15315,.T.) ;
#15363=FACE_OUTER_BOUND('',#15358,.T.) ;
#15394=FACE_OUTER_BOUND('',#15389,.T.) ;
#15413=FACE_OUTER_BOUND('',#15408,.T.) ;
#15437=FACE_OUTER_BOUND('',#15432,.T.) ;
#15454=FACE_OUTER_BOUND('',#15449,.T.) ;
#15461=FACE_OUTER_BOUND('',#15456,.T.) ;
#15504=FACE_OUTER_BOUND('',#15499,.T.) ;
#15535=FACE_OUTER_BOUND('',#15530,.T.) ;
#15554=FACE_OUTER_BOUND('',#15549,.T.) ;
#15578=FACE_OUTER_BOUND('',#15573,.T.) ;
#15595=FACE_OUTER_BOUND('',#15590,.T.) ;
#15602=FACE_OUTER_BOUND('',#15597,.T.) ;
#15645=FACE_OUTER_BOUND('',#15640,.T.) ;
#15685=FACE_OUTER_BOUND('',#15680,.T.) ;
#15716=FACE_OUTER_BOUND('',#15711,.T.) ;
#15756=FACE_OUTER_BOUND('',#15751,.T.) ;
#15796=FACE_OUTER_BOUND('',#15791,.T.) ;
#15813=FACE_OUTER_BOUND('',#15808,.T.) ;
#15844=FACE_OUTER_BOUND('',#15839,.T.) ;
#15875=FACE_OUTER_BOUND('',#15870,.T.) ;
#15906=FACE_OUTER_BOUND('',#15901,.T.) ;
#15928=FACE_OUTER_BOUND('',#15923,.T.) ;
#15959=FACE_OUTER_BOUND('',#15954,.T.) ;
#15990=FACE_OUTER_BOUND('',#15985,.T.) ;
#16012=FACE_OUTER_BOUND('',#16007,.T.) ;
#16030=FACE_OUTER_BOUND('',#16019,.T.) ;
#16055=FACE_OUTER_BOUND('',#16050,.T.) ;
#16073=FACE_OUTER_BOUND('',#16062,.T.) ;
#16140=FACE_OUTER_BOUND('',#16133,.T.) ;
#16171=FACE_OUTER_BOUND('',#16166,.T.) ;
#16218=FACE_OUTER_BOUND('',#16211,.T.) ;
#16235=FACE_OUTER_BOUND('',#16230,.T.) ;
#16252=FACE_OUTER_BOUND('',#16247,.T.) ;
#16269=FACE_OUTER_BOUND('',#16264,.T.) ;
#16286=FACE_OUTER_BOUND('',#16281,.T.) ;
#16298=FACE_OUTER_BOUND('',#16293,.T.) ;
#16357=FACE_OUTER_BOUND('',#16350,.T.) ;
#16388=FACE_OUTER_BOUND('',#16383,.T.) ;
#16435=FACE_OUTER_BOUND('',#16428,.T.) ;
#16452=FACE_OUTER_BOUND('',#16447,.T.) ;
#16469=FACE_OUTER_BOUND('',#16464,.T.) ;
#16486=FACE_OUTER_BOUND('',#16481,.T.) ;
#16503=FACE_OUTER_BOUND('',#16498,.T.) ;
#16515=FACE_OUTER_BOUND('',#16510,.T.) ;
#16558=FACE_OUTER_BOUND('',#16553,.T.) ;
#16589=FACE_OUTER_BOUND('',#16584,.T.) ;
#16653=FACE_OUTER_BOUND('',#16643,.T.) ;
#16677=FACE_OUTER_BOUND('',#16672,.T.) ;
#16734=FACE_OUTER_BOUND('',#16724,.T.) ;
#16769=FACE_OUTER_BOUND('',#16762,.T.) ;
#16811=FACE_OUTER_BOUND('',#16804,.T.) ;
#16874=FACE_OUTER_BOUND('',#16863,.T.) ;
#16891=FACE_OUTER_BOUND('',#16886,.T.) ;
#16903=FACE_OUTER_BOUND('',#16898,.T.) ;
#16915=FACE_OUTER_BOUND('',#16910,.T.) ;
#16950=FACE_OUTER_BOUND('',#16943,.T.) ;
#16967=FACE_OUTER_BOUND('',#16962,.T.) ;
#17000=FACE_OUTER_BOUND('',#16995,.T.) ;
#17063=FACE_OUTER_BOUND('',#17054,.T.) ;
#17113=FACE_OUTER_BOUND('',#17105,.T.) ;
#17125=FACE_OUTER_BOUND('',#17120,.T.) ;
#17170=FACE_OUTER_BOUND('',#17162,.T.) ;
#17203=FACE_OUTER_BOUND('',#17196,.T.) ;
#17220=FACE_OUTER_BOUND('',#17215,.T.) ;
#17324=FACE_OUTER_BOUND('',#17309,.T.) ;
#17350=FACE_OUTER_BOUND('',#17343,.T.) ;
#17447=FACE_OUTER_BOUND('',#17432,.T.) ;
#17464=FACE_OUTER_BOUND('',#17459,.T.) ;
#17486=FACE_OUTER_BOUND('',#17481,.T.) ;
#17498=FACE_OUTER_BOUND('',#17493,.T.) ;
#17515=FACE_OUTER_BOUND('',#17510,.T.) ;
#17532=FACE_OUTER_BOUND('',#17527,.T.) ;
#17549=FACE_OUTER_BOUND('',#17544,.T.) ;
#17566=FACE_OUTER_BOUND('',#17561,.T.) ;
#17617=FACE_OUTER_BOUND('',#17610,.T.) ;
#17649=FACE_OUTER_BOUND('',#17643,.T.) ;
#17696=FACE_OUTER_BOUND('',#17687,.T.) ;
#17708=FACE_OUTER_BOUND('',#17703,.T.) ;
#17733=FACE_OUTER_BOUND('',#17727,.T.) ;
#17761=FACE_OUTER_BOUND('',#17754,.T.) ;
#17792=FACE_OUTER_BOUND('',#17787,.T.) ;
#17823=FACE_OUTER_BOUND('',#17818,.T.) ;
#17854=FACE_OUTER_BOUND('',#17849,.T.) ;
#17885=FACE_OUTER_BOUND('',#17880,.T.) ;
#17911=FACE_OUTER_BOUND('',#17906,.T.) ;
#17942=FACE_OUTER_BOUND('',#17937,.T.) ;
#17968=FACE_OUTER_BOUND('',#17963,.T.) ;
#17999=FACE_OUTER_BOUND('',#17994,.T.) ;
#18030=FACE_OUTER_BOUND('',#18025,.T.) ;
#18061=FACE_OUTER_BOUND('',#18056,.T.) ;
#18083=FACE_OUTER_BOUND('',#18078,.T.) ;
#18105=FACE_OUTER_BOUND('',#18090,.T.) ;
#18127=FACE_OUTER_BOUND('',#18112,.T.) ;
#9=PRODUCT_CATEGORY_RELATIONSHIP(' ',' ',#7,#8) ;
#12=PRODUCT_CATEGORY_RELATIONSHIP(' ',' ',#10,#11) ;
#6=PRODUCT_DEFINITION_FORMATION_WITH_SPECIFIED_SOURCE('--D',' ',#5,.NOT_KNOWN.) ;
#27=PRODUCT_DEFINITION_FORMATION_WITH_SPECIFIED_SOURCE('--D',' ',#26,.NOT_KNOWN.) ;
#35=PRODUCT_DEFINITION_FORMATION_WITH_SPECIFIED_SOURCE('--B',' ',#34,.NOT_KNOWN.) ;
#18160=PRODUCT_DEFINITION_FORMATION_WITH_SPECIFIED_SOURCE('--B',' ',#18159,.NOT_KNOWN.) ;
#14=SHAPE_DEFINITION_REPRESENTATION(#16,#15) ;
#25=SHAPE_DEFINITION_REPRESENTATION(#29,#24) ;
#33=SHAPE_DEFINITION_REPRESENTATION(#37,#32) ;
#18158=SHAPE_DEFINITION_REPRESENTATION(#18162,#18157) ;
#17=(LENGTH_UNIT()NAMED_UNIT(*)SI_UNIT(.MILLI.,.METRE.)) ;
#18=(NAMED_UNIT(*)PLANE_ANGLE_UNIT()SI_UNIT($,.RADIAN.)) ;
#19=(NAMED_UNIT(*)SI_UNIT($,.STERADIAN.)SOLID_ANGLE_UNIT()) ;
#21=(GEOMETRIC_REPRESENTATION_CONTEXT(3)GLOBAL_UNCERTAINTY_ASSIGNED_CONTEXT((#20))GLOBAL_UNIT_ASSIGNED_CONTEXT((#17,#18,#19))REPRESENTATION_CONTEXT(' ',' ')) ;
#23=(GEOMETRIC_REPRESENTATION_CONTEXT(3)GLOBAL_UNCERTAINTY_ASSIGNED_CONTEXT((#22))GLOBAL_UNIT_ASSIGNED_CONTEXT((#17,#18,#19))REPRESENTATION_CONTEXT(' ',' ')) ;
#31=(GEOMETRIC_REPRESENTATION_CONTEXT(3)GLOBAL_UNCERTAINTY_ASSIGNED_CONTEXT((#30))GLOBAL_UNIT_ASSIGNED_CONTEXT((#17,#18,#19))REPRESENTATION_CONTEXT(' ',' ')) ;
#18156=(GEOMETRIC_REPRESENTATION_CONTEXT(3)GLOBAL_UNCERTAINTY_ASSIGNED_CONTEXT((#18155))GLOBAL_UNIT_ASSIGNED_CONTEXT((#17,#18,#19))REPRESENTATION_CONTEXT(' ',' ')) ;
#18132=(REPRESENTATION_RELATIONSHIP(' ',' ',#32,#24)REPRESENTATION_RELATIONSHIP_WITH_TRANSFORMATION(#18133)SHAPE_REPRESENTATION_RELATIONSHIP()) ;
#18145=(REPRESENTATION_RELATIONSHIP(' ',' ',#24,#15)REPRESENTATION_RELATIONSHIP_WITH_TRANSFORMATION(#18146)SHAPE_REPRESENTATION_RELATIONSHIP()) ;
#18166=(REPRESENTATION_RELATIONSHIP(' ',' ',#18157,#15)REPRESENTATION_RELATIONSHIP_WITH_TRANSFORMATION(#18167)SHAPE_REPRESENTATION_RELATIONSHIP()) ;
ENDSEC;
END-ISO-10303-21;
