ISO-10303-21;
HEADER;
FILE_DESCRIPTION(('CATIA V5 STEP Exchange','CAx-IF Rec.Pracs.--- Model Styling and Organization---1.4--- 2014-01-23','CAx-IF Rec.Pracs.---Representation and Presentation of Product Manufacturing Information (PMI)---4.0---2014-10-13','CAx-IF Rec.Pracs.---3D Tessellated Data Validation Properties---0.5---2014-09-14'),'2;1');

FILE_NAME('C:\\Users\\e_mdemir\\OneDrive - Alstom\\Desktop\\STEP\\AR00000242313.stp','2022-03-01T16:48:20+00:00',('none'),('none'),'CATIA Version 5-6 Release 2016 SP5 HF59','CATIA V5 STEP AP242','none');

FILE_SCHEMA(('AP242_MANAGED_MODEL_BASED_3D_ENGINEERING_MIM_LF  {1 0 10303 442 1 1 4}'));

ENDSEC;
DATA;
#5=PRODUCT('M3D-242313','','FRAME SIDE BRACKET FOR Y',(#2)) ;
#2=PRODUCT_CONTEXT(' ',#1,'mechanical') ;
#1=APPLICATION_CONTEXT('managed model based 3d engineering') ;
#10=PRODUCT_DEFINITION('MASTER',' ',#6,#3) ;
#3=PRODUCT_DEFINITION_CONTEXT('part definition',#1,' ') ;
#11=PRODUCT_DEFINITION_SHAPE(' ',' ',#10) ;
#3181=MECHANICAL_DESIGN_GEOMETRIC_PRESENTATION_REPRESENTATION(' ',(#29),#16) ;
#19=SHAPE_REPRESENTATION(' ',(#18),#16) ;
#7=PRODUCT_CATEGORY('part','specification') ;
#17=CARTESIAN_POINT(' ',(0.,0.,0.)) ;
#31=CARTESIAN_POINT('Axis2P3D Location',(-82.5695809414,66.,-7.30410476622)) ;
#36=CARTESIAN_POINT('Line Origine',(-68.0060357554,63.,-24.6602620626)) ;
#40=CARTESIAN_POINT('Vertex',(-68.0060357554,66.,-24.6602620626)) ;
#42=CARTESIAN_POINT('Vertex',(-68.0060357554,60.,-24.6602620626)) ;
#45=CARTESIAN_POINT('Line Origine',(-69.0805020883,60.,-23.3797629502)) ;
#49=CARTESIAN_POINT('Vertex',(-70.1549684212,60.,-22.0992638379)) ;
#52=CARTESIAN_POINT('Line Origine',(-70.1549684212,63.,-22.0992638379)) ;
#56=CARTESIAN_POINT('Vertex',(-70.1549684212,66.,-22.0992638379)) ;
#59=CARTESIAN_POINT('Line Origine',(-69.0805020883,66.,-23.3797629502)) ;
#71=CARTESIAN_POINT('Axis2P3D Location',(-66.4739468691,63.,-23.3746868432)) ;
#76=CARTESIAN_POINT('Axis2P3D Location',(-66.4739468691,60.,-23.3746868432)) ;
#80=CARTESIAN_POINT('Vertex',(-65.1883716498,60.,-24.9067757295)) ;
#83=CARTESIAN_POINT('Axis2P3D Location',(-66.4739468691,66.,-23.3746868432)) ;
#87=CARTESIAN_POINT('Vertex',(-65.1883716498,66.,-24.9067757295)) ;
#90=CARTESIAN_POINT('Line Origine',(-65.1883716498,63.,-24.9067757295)) ;
#102=CARTESIAN_POINT('Axis2P3D Location',(-35.5056321942,66.,7.1054273576E-015)) ;
#107=CARTESIAN_POINT('Line Origine',(-51.7410887991,66.,-13.6231656491)) ;
#111=CARTESIAN_POINT('Vertex',(-38.2938059484,66.,-2.33955556881)) ;
#114=CARTESIAN_POINT('Line Origine',(-38.2938059484,63.,-2.33955556881)) ;
#118=CARTESIAN_POINT('Vertex',(-38.2938059484,60.,-2.33955556881)) ;
#121=CARTESIAN_POINT('Line Origine',(-51.7410887991,60.,-13.6231656491)) ;
#133=CARTESIAN_POINT('Axis2P3D Location',(-31.8659298516,33.,-10.)) ;
#138=CARTESIAN_POINT('Line Origine',(-31.8659298516,33.,0.)) ;
#142=CARTESIAN_POINT('Vertex',(-31.8659298516,60.,0.)) ;
#144=CARTESIAN_POINT('Vertex',(-31.8659298516,66.,0.)) ;
#147=CARTESIAN_POINT('Axis2P3D Location',(-31.8659298516,60.,-10.)) ;
#152=CARTESIAN_POINT('Axis2P3D Location',(-31.8659298516,66.,-10.)) ;
#164=CARTESIAN_POINT('Axis2P3D Location',(-30.,66.,0.)) ;
#169=CARTESIAN_POINT('Line Origine',(-68.6300868473,66.,11.3675009976)) ;
#173=CARTESIAN_POINT('Vertex',(-84.4719999404,66.,-1.92544243589)) ;
#175=CARTESIAN_POINT('Vertex',(-52.7881737542,66.,24.6604444312)) ;
#178=CARTESIAN_POINT('Axis2P3D Location',(-46.3602976573,66.,17.)) ;
#182=CARTESIAN_POINT('Vertex',(-46.3602976573,66.,27.)) ;
#185=CARTESIAN_POINT('Line Origine',(-38.1801488287,66.,27.)) ;
#189=CARTESIAN_POINT('Vertex',(-30.,66.,27.)) ;
#192=CARTESIAN_POINT('Line Origine',(-30.,66.,13.5)) ;
#196=CARTESIAN_POINT('Vertex',(-30.,66.,0.)) ;
#199=CARTESIAN_POINT('Line Origine',(-30.9329649258,66.,0.)) ;
#204=CARTESIAN_POINT('Axis2P3D Location',(-68.6228795349,66.,-20.8136886185)) ;
#208=CARTESIAN_POINT('Vertex',(-70.6152689311,66.,-20.639377133)) ;
#211=CARTESIAN_POINT('Line Origine',(-70.5642142791,66.,-20.0558197896)) ;
#215=CARTESIAN_POINT('Vertex',(-70.513159627,66.,-19.4722624463)) ;
#218=CARTESIAN_POINT('Axis2P3D Location',(-72.5055490232,66.,-19.2979509608)) ;
#222=CARTESIAN_POINT('Vertex',(-70.9734601369,66.,-18.0123757414)) ;
#225=CARTESIAN_POINT('Line Origine',(-74.8301857951,66.,-13.4161090827)) ;
#229=CARTESIAN_POINT('Vertex',(-78.6869114532,66.,-8.81984242397)) ;
#232=CARTESIAN_POINT('Axis2P3D Location',(-80.2190003394,66.,-10.1054176433)) ;
#236=CARTESIAN_POINT('Vertex',(-80.0446888539,66.,-8.11302824715)) ;
#239=CARTESIAN_POINT('Line Origine',(-80.6282461973,66.,-8.06197359509)) ;
#243=CARTESIAN_POINT('Vertex',(-81.2118035407,66.,-8.01091894303)) ;
#246=CARTESIAN_POINT('Axis2P3D Location',(-81.0374920552,66.,-6.01852954685)) ;
#250=CARTESIAN_POINT('Vertex',(-82.5695809414,66.,-7.30410476622)) ;
#253=CARTESIAN_POINT('Line Origine',(-83.6440472743,66.,-6.02360565386)) ;
#257=CARTESIAN_POINT('Vertex',(-84.7185136072,66.,-4.74310654151)) ;
#260=CARTESIAN_POINT('Axis2P3D Location',(-83.186424721,66.,-3.45753132213)) ;
#285=CARTESIAN_POINT('Axis2P3D Location',(-59.5358003752,66.,7.2498478182)) ;
#289=CARTESIAN_POINT('Vertex',(-61.8339337046,66.,5.32148498914)) ;
#291=CARTESIAN_POINT('Vertex',(-57.2376670458,66.,9.17821064726)) ;
#294=CARTESIAN_POINT('Line Origine',(-57.9772080464,66.,0.725218330425)) ;
#298=CARTESIAN_POINT('Vertex',(-54.1204823883,66.,-3.87104832829)) ;
#301=CARTESIAN_POINT('Axis2P3D Location',(-51.822349059,66.,-1.94268549923)) ;
#305=CARTESIAN_POINT('Vertex',(-49.5242157296,66.,-0.0143226701698)) ;
#308=CARTESIAN_POINT('Line Origine',(-53.3809413877,66.,4.58194398854)) ;
#320=CARTESIAN_POINT('Axis2P3D Location',(-30.,60.,0.)) ;
#325=CARTESIAN_POINT('Axis2P3D Location',(-83.186424721,60.,-3.45753132213)) ;
#329=CARTESIAN_POINT('Vertex',(-84.7185136072,60.,-4.74310654151)) ;
#331=CARTESIAN_POINT('Vertex',(-84.4719999404,60.,-1.92544243589)) ;
#334=CARTESIAN_POINT('Line Origine',(-83.6440472743,60.,-6.02360565386)) ;
#338=CARTESIAN_POINT('Vertex',(-82.5695809414,60.,-7.30410476622)) ;
#341=CARTESIAN_POINT('Axis2P3D Location',(-81.0374920552,60.,-6.01852954685)) ;
#345=CARTESIAN_POINT('Vertex',(-81.2118035407,60.,-8.01091894303)) ;
#348=CARTESIAN_POINT('Line Origine',(-80.6282461973,60.,-8.06197359509)) ;
#352=CARTESIAN_POINT('Vertex',(-80.0446888539,60.,-8.11302824715)) ;
#355=CARTESIAN_POINT('Axis2P3D Location',(-80.2190003394,60.,-10.1054176433)) ;
#359=CARTESIAN_POINT('Vertex',(-78.6869114532,60.,-8.81984242397)) ;
#362=CARTESIAN_POINT('Line Origine',(-74.8301857951,60.,-13.4161090827)) ;
#366=CARTESIAN_POINT('Vertex',(-70.9734601369,60.,-18.0123757414)) ;
#369=CARTESIAN_POINT('Axis2P3D Location',(-72.5055490232,60.,-19.2979509608)) ;
#373=CARTESIAN_POINT('Vertex',(-70.513159627,60.,-19.4722624463)) ;
#376=CARTESIAN_POINT('Line Origine',(-70.5642142791,60.,-20.0558197896)) ;
#380=CARTESIAN_POINT('Vertex',(-70.6152689311,60.,-20.639377133)) ;
#383=CARTESIAN_POINT('Axis2P3D Location',(-68.6228795349,60.,-20.8136886185)) ;
#388=CARTESIAN_POINT('Line Origine',(-30.9329649258,60.,0.)) ;
#392=CARTESIAN_POINT('Vertex',(-30.,60.,0.)) ;
#395=CARTESIAN_POINT('Line Origine',(-30.,60.,13.5)) ;
#399=CARTESIAN_POINT('Vertex',(-30.,60.,27.)) ;
#402=CARTESIAN_POINT('Line Origine',(-38.1801488287,60.,27.)) ;
#406=CARTESIAN_POINT('Vertex',(-46.3602976573,60.,27.)) ;
#409=CARTESIAN_POINT('Axis2P3D Location',(-46.3602976573,60.,17.)) ;
#413=CARTESIAN_POINT('Vertex',(-52.7881737542,60.,24.6604444312)) ;
#416=CARTESIAN_POINT('Line Origine',(-68.6300868473,60.,11.3675009976)) ;
#441=CARTESIAN_POINT('Line Origine',(-53.3809413877,60.,4.58194398854)) ;
#445=CARTESIAN_POINT('Vertex',(-49.5242157296,60.,-0.0143226701698)) ;
#447=CARTESIAN_POINT('Vertex',(-57.2376670458,60.,9.17821064726)) ;
#450=CARTESIAN_POINT('Axis2P3D Location',(-51.822349059,60.,-1.94268549923)) ;
#454=CARTESIAN_POINT('Vertex',(-54.1204823883,60.,-3.87104832829)) ;
#457=CARTESIAN_POINT('Line Origine',(-57.9772080464,60.,0.725218330425)) ;
#461=CARTESIAN_POINT('Vertex',(-61.8339337046,60.,5.32148498914)) ;
#464=CARTESIAN_POINT('Axis2P3D Location',(-59.5358003752,60.,7.2498478182)) ;
#476=CARTESIAN_POINT('Axis2P3D Location',(37.5,3.,0.)) ;
#481=CARTESIAN_POINT('Line Origine',(34.,0.,0.)) ;
#485=CARTESIAN_POINT('Vertex',(70.,0.,0.)) ;
#487=CARTESIAN_POINT('Vertex',(-2.,0.,0.)) ;
#490=CARTESIAN_POINT('Axis2P3D Location',(-2.,17.,0.)) ;
#494=CARTESIAN_POINT('Vertex',(-19.,17.,0.)) ;
#497=CARTESIAN_POINT('Line Origine',(-19.,33.,0.)) ;
#501=CARTESIAN_POINT('Vertex',(-19.,49.,0.)) ;
#504=CARTESIAN_POINT('Axis2P3D Location',(-30.,49.,0.)) ;
#509=CARTESIAN_POINT('Axis2P3D Location',(-30.,49.,0.)) ;
#513=CARTESIAN_POINT('Vertex',(-13.,49.,0.)) ;
#516=CARTESIAN_POINT('Line Origine',(-13.,33.,0.)) ;
#520=CARTESIAN_POINT('Vertex',(-13.,17.,0.)) ;
#523=CARTESIAN_POINT('Axis2P3D Location',(-2.,17.,0.)) ;
#527=CARTESIAN_POINT('Vertex',(-2.,6.,0.)) ;
#530=CARTESIAN_POINT('Line Origine',(34.,6.,0.)) ;
#534=CARTESIAN_POINT('Vertex',(70.,6.,0.)) ;
#537=CARTESIAN_POINT('Line Origine',(70.,3.,0.)) ;
#557=CARTESIAN_POINT('Axis2P3D Location',(70.,33.,5.)) ;
#562=CARTESIAN_POINT('Axis2P3D Location',(70.,0.,5.)) ;
#566=CARTESIAN_POINT('Vertex',(75.,0.,5.)) ;
#569=CARTESIAN_POINT('Axis2P3D Location',(70.,6.,5.)) ;
#573=CARTESIAN_POINT('Vertex',(75.,6.,5.)) ;
#576=CARTESIAN_POINT('Line Origine',(75.,33.,5.)) ;
#588=CARTESIAN_POINT('Axis2P3D Location',(-92.1324443715,66.,-8.35331853276)) ;
#593=CARTESIAN_POINT('Line Origine',(-84.4719999404,63.,-1.92544243589)) ;
#598=CARTESIAN_POINT('Line Origine',(-52.7881737542,63.,24.6604444312)) ;
#610=CARTESIAN_POINT('Axis2P3D Location',(-83.186424721,63.,-3.45753132213)) ;
#615=CARTESIAN_POINT('Line Origine',(-84.7185136072,63.,-4.74310654151)) ;
#627=CARTESIAN_POINT('Axis2P3D Location',(-46.3602976573,33.,17.)) ;
#632=CARTESIAN_POINT('Line Origine',(-46.3602976573,33.,27.)) ;
#644=CARTESIAN_POINT('Axis2P3D Location',(0.,0.,27.)) ;
#649=CARTESIAN_POINT('Axis2P3D Location',(-30.,49.,27.)) ;
#653=CARTESIAN_POINT('Vertex',(-19.,49.,27.)) ;
#656=CARTESIAN_POINT('Line Origine',(-19.,33.,27.)) ;
#660=CARTESIAN_POINT('Vertex',(-19.,17.,27.)) ;
#663=CARTESIAN_POINT('Axis2P3D Location',(-2.,17.,27.)) ;
#667=CARTESIAN_POINT('Vertex',(-2.,3.81639164715E-017,27.)) ;
#670=CARTESIAN_POINT('Line Origine',(-2.,3.,27.)) ;
#674=CARTESIAN_POINT('Vertex',(-2.,6.,27.)) ;
#677=CARTESIAN_POINT('Axis2P3D Location',(-2.,17.,27.)) ;
#681=CARTESIAN_POINT('Vertex',(-13.,17.,27.)) ;
#684=CARTESIAN_POINT('Line Origine',(-13.,33.,27.)) ;
#688=CARTESIAN_POINT('Vertex',(-13.,49.,27.)) ;
#691=CARTESIAN_POINT('Axis2P3D Location',(-30.,49.,27.)) ;
#709=CARTESIAN_POINT('Axis2P3D Location',(-30.,49.,13.5)) ;
#714=CARTESIAN_POINT('Line Origine',(-19.,49.,13.5)) ;
#726=CARTESIAN_POINT('Axis2P3D Location',(75.,3.,15.0925227119)) ;
#731=CARTESIAN_POINT('Line Origine',(75.,6.,17.0784832397)) ;
#735=CARTESIAN_POINT('Vertex',(75.,6.,29.1569664793)) ;
#738=CARTESIAN_POINT('Line Origine',(75.,3.,29.1569664793)) ;
#742=CARTESIAN_POINT('Vertex',(75.,0.,29.1569664793)) ;
#745=CARTESIAN_POINT('Line Origine',(75.,0.,17.0784832397)) ;
#757=CARTESIAN_POINT('Axis2P3D Location',(0.,0.,0.)) ;
#763=CARTESIAN_POINT('Control Point',(75.,0.,29.1569664793)) ;
#764=CARTESIAN_POINT('Control Point',(75.,0.,29.502121312)) ;
#765=CARTESIAN_POINT('Control Point',(74.964133258,0.,29.8472655852)) ;
#766=CARTESIAN_POINT('Control Point',(74.8931639748,0.,30.1850454238)) ;
#767=CARTESIAN_POINT('Vertex',(74.8931639748,0.,30.1850454238)) ;
#770=CARTESIAN_POINT('Line Origine',(56.6970123412,0.,30.1850454238)) ;
#774=CARTESIAN_POINT('Vertex',(0.10683602523,1.7763568394E-015,30.1850454238)) ;
#778=CARTESIAN_POINT('Control Point',(0.10683602523,0.,30.1850454238)) ;
#779=CARTESIAN_POINT('Control Point',(0.0358667420318,0.,29.8472655852)) ;
#780=CARTESIAN_POINT('Control Point',(-8.52327467863E-016,0.,29.502121312)) ;
#781=CARTESIAN_POINT('Control Point',(-8.881784197E-016,0.,29.1569664793)) ;
#782=CARTESIAN_POINT('Vertex',(0.,0.,29.1569664793)) ;
#785=CARTESIAN_POINT('Line Origine',(0.,0.,12.0925227119)) ;
#789=CARTESIAN_POINT('Vertex',(0.,0.,29.)) ;
#793=CARTESIAN_POINT('Control Point',(-2.,0.,27.)) ;
#794=CARTESIAN_POINT('Control Point',(-1.37168146928,0.,27.)) ;
#795=CARTESIAN_POINT('Control Point',(-0.742776713274,0.,27.2460300081)) ;
#796=CARTESIAN_POINT('Control Point',(-0.246030008091,0.,27.7427767133)) ;
#797=CARTESIAN_POINT('Control Point',(0.,0.,28.3716814693)) ;
#798=CARTESIAN_POINT('Control Point',(0.,0.,29.)) ;
#800=CARTESIAN_POINT('Line Origine',(-2.,0.,12.0925227119)) ;
#817=CARTESIAN_POINT('Control Point',(65.5,0.,13.5)) ;
#818=CARTESIAN_POINT('Control Point',(65.5,0.,14.2068583471)) ;
#819=CARTESIAN_POINT('Control Point',(65.3612086881,0.,14.9137166941)) ;
#820=CARTESIAN_POINT('Control Point',(65.0834888986,0.,15.5841915764)) ;
#821=CARTESIAN_POINT('Control Point',(64.2801207931,0.,16.7801207931)) ;
#822=CARTESIAN_POINT('Control Point',(63.0841915764,0.,17.5834888986)) ;
#823=CARTESIAN_POINT('Control Point',(62.4137166941,0.,17.8612086881)) ;
#824=CARTESIAN_POINT('Control Point',(61.,0.,18.1387913119)) ;
#825=CARTESIAN_POINT('Control Point',(59.5862833059,0.,17.8612086881)) ;
#826=CARTESIAN_POINT('Control Point',(58.9158084236,0.,17.5834888986)) ;
#827=CARTESIAN_POINT('Control Point',(57.7198792069,0.,16.7801207931)) ;
#828=CARTESIAN_POINT('Control Point',(56.9165111014,0.,15.5841915764)) ;
#829=CARTESIAN_POINT('Control Point',(56.6387913119,0.,14.9137166941)) ;
#830=CARTESIAN_POINT('Control Point',(56.5,0.,14.2068583471)) ;
#831=CARTESIAN_POINT('Control Point',(56.5,0.,13.5)) ;
#832=CARTESIAN_POINT('Vertex',(65.5,0.,13.5)) ;
#834=CARTESIAN_POINT('Vertex',(56.5,0.,13.5)) ;
#838=CARTESIAN_POINT('Control Point',(56.5,0.,13.5)) ;
#839=CARTESIAN_POINT('Control Point',(56.5,0.,12.7931416529)) ;
#840=CARTESIAN_POINT('Control Point',(56.6387913119,0.,12.0862833059)) ;
#841=CARTESIAN_POINT('Control Point',(56.9165111014,0.,11.4158084236)) ;
#842=CARTESIAN_POINT('Control Point',(57.7198792069,0.,10.2198792069)) ;
#843=CARTESIAN_POINT('Control Point',(58.9158084236,0.,9.41651110138)) ;
#844=CARTESIAN_POINT('Control Point',(59.5862833059,0.,9.13879131189)) ;
#845=CARTESIAN_POINT('Control Point',(61.,0.,8.86120868811)) ;
#846=CARTESIAN_POINT('Control Point',(62.4137166941,0.,9.13879131189)) ;
#847=CARTESIAN_POINT('Control Point',(63.0841915764,0.,9.41651110138)) ;
#848=CARTESIAN_POINT('Control Point',(64.2801207931,0.,10.2198792069)) ;
#849=CARTESIAN_POINT('Control Point',(65.0834888986,0.,11.4158084236)) ;
#850=CARTESIAN_POINT('Control Point',(65.3612086881,0.,12.0862833059)) ;
#851=CARTESIAN_POINT('Control Point',(65.5,0.,12.7931416529)) ;
#852=CARTESIAN_POINT('Control Point',(65.5,0.,13.5)) ;
#859=CARTESIAN_POINT('Control Point',(18.5,0.,13.5)) ;
#860=CARTESIAN_POINT('Control Point',(18.5,0.,14.2068583471)) ;
#861=CARTESIAN_POINT('Control Point',(18.3612086881,0.,14.9137166941)) ;
#862=CARTESIAN_POINT('Control Point',(18.0834888986,0.,15.5841915764)) ;
#863=CARTESIAN_POINT('Control Point',(17.2801207931,0.,16.7801207931)) ;
#864=CARTESIAN_POINT('Control Point',(16.0841915764,0.,17.5834888986)) ;
#865=CARTESIAN_POINT('Control Point',(15.4137166941,0.,17.8612086881)) ;
#866=CARTESIAN_POINT('Control Point',(14.,0.,18.1387913119)) ;
#867=CARTESIAN_POINT('Control Point',(12.5862833059,0.,17.8612086881)) ;
#868=CARTESIAN_POINT('Control Point',(11.9158084236,0.,17.5834888986)) ;
#869=CARTESIAN_POINT('Control Point',(10.7198792069,0.,16.7801207931)) ;
#870=CARTESIAN_POINT('Control Point',(9.91651110138,0.,15.5841915764)) ;
#871=CARTESIAN_POINT('Control Point',(9.63879131189,0.,14.9137166941)) ;
#872=CARTESIAN_POINT('Control Point',(9.5,0.,14.2068583471)) ;
#873=CARTESIAN_POINT('Control Point',(9.5,0.,13.5)) ;
#874=CARTESIAN_POINT('Vertex',(18.5,0.,13.5)) ;
#876=CARTESIAN_POINT('Vertex',(9.5,0.,13.5)) ;
#880=CARTESIAN_POINT('Control Point',(9.5,0.,13.5)) ;
#881=CARTESIAN_POINT('Control Point',(9.5,0.,12.7931416529)) ;
#882=CARTESIAN_POINT('Control Point',(9.63879131189,0.,12.0862833059)) ;
#883=CARTESIAN_POINT('Control Point',(9.91651110138,0.,11.4158084236)) ;
#884=CARTESIAN_POINT('Control Point',(10.7198792069,0.,10.2198792069)) ;
#885=CARTESIAN_POINT('Control Point',(11.9158084236,0.,9.41651110138)) ;
#886=CARTESIAN_POINT('Control Point',(12.5862833059,0.,9.13879131189)) ;
#887=CARTESIAN_POINT('Control Point',(14.,0.,8.86120868811)) ;
#888=CARTESIAN_POINT('Control Point',(15.4137166941,0.,9.13879131189)) ;
#889=CARTESIAN_POINT('Control Point',(16.0841915764,0.,9.41651110138)) ;
#890=CARTESIAN_POINT('Control Point',(17.2801207931,0.,10.2198792069)) ;
#891=CARTESIAN_POINT('Control Point',(18.0834888986,0.,11.4158084236)) ;
#892=CARTESIAN_POINT('Control Point',(18.3612086881,0.,12.0862833059)) ;
#893=CARTESIAN_POINT('Control Point',(18.5,0.,12.7931416529)) ;
#894=CARTESIAN_POINT('Control Point',(18.5,0.,13.5)) ;
#901=CARTESIAN_POINT('Axis2P3D Location',(-2.,17.,13.5)) ;
#906=CARTESIAN_POINT('Line Origine',(-19.,17.,13.5)) ;
#918=CARTESIAN_POINT('Axis2P3D Location',(-19.,17.,0.)) ;
#930=CARTESIAN_POINT('Axis2P3D Location',(37.5,17.,30.1850454238)) ;
#936=CARTESIAN_POINT('Control Point',(0.10683602523,-4.4408920985E-016,30.1850454238)) ;
#937=CARTESIAN_POINT('Control Point',(1.7206830116,7.45388993584E-016,33.7455170978)) ;
#938=CARTESIAN_POINT('Control Point',(3.33452999798,0.931503489033,37.306298994)) ;
#939=CARTESIAN_POINT('Control Point',(4.94837698435,2.79856524587,40.5401448178)) ;
#940=CARTESIAN_POINT('Control Point',(6.56222397072,5.4165410808,43.1272414511)) ;
#941=CARTESIAN_POINT('Control Point',(8.1760709571,8.5,44.9074772881)) ;
#942=CARTESIAN_POINT('Vertex',(8.1760709571,8.5,44.9074772881)) ;
#946=CARTESIAN_POINT('Control Point',(68.1698729811,6.07079993939,43.206281388)) ;
#947=CARTESIAN_POINT('Control Point',(69.8506957295,3.23045958379,40.8222797408)) ;
#948=CARTESIAN_POINT('Control Point',(71.5315184779,1.08064420471,37.6070155396)) ;
#949=CARTESIAN_POINT('Control Point',(73.2123412263,2.91988655476E-014,33.8932791259)) ;
#950=CARTESIAN_POINT('Control Point',(74.8931639748,0.,30.1850454238)) ;
#951=CARTESIAN_POINT('Vertex',(68.1698729811,6.07079993939,43.206281388)) ;
#955=CARTESIAN_POINT('Control Point',(67.5028486944,8.5,44.9074772881)) ;
#956=CARTESIAN_POINT('Control Point',(67.5234552411,7.82689651738,44.5188608112)) ;
#957=CARTESIAN_POINT('Control Point',(67.6433968769,7.18086236756,44.0910072925)) ;
#958=CARTESIAN_POINT('Control Point',(67.8621928974,6.59073350123,43.6426806615)) ;
#959=CARTESIAN_POINT('Control Point',(68.1698729811,6.07079993939,43.206281388)) ;
#960=CARTESIAN_POINT('Vertex',(67.5028486944,8.5,44.9074772881)) ;
#963=CARTESIAN_POINT('Line Origine',(37.5,8.5,44.9074772881)) ;
#976=CARTESIAN_POINT('Axis2P3D Location',(0.,1.7763568394E-015,40.)) ;
#982=CARTESIAN_POINT('Control Point',(8.1760709571,8.5,44.9074772881)) ;
#983=CARTESIAN_POINT('Control Point',(18.8427376238,24.5,54.1450815951)) ;
#984=CARTESIAN_POINT('Vertex',(18.8427376238,24.5,54.1450815951)) ;
#988=CARTESIAN_POINT('Control Point',(67.5,8.6461476022,44.9918556456)) ;
#989=CARTESIAN_POINT('Control Point',(67.5,8.59742248091,44.9637241837)) ;
#990=CARTESIAN_POINT('Control Point',(67.5009497452,8.54869736069,44.9355927224)) ;
#991=CARTESIAN_POINT('Control Point',(67.5028486944,8.5,44.9074772881)) ;
#992=CARTESIAN_POINT('Vertex',(67.5,8.6461476022,44.9918556456)) ;
#995=CARTESIAN_POINT('Line Origine',(67.5,16.5,49.5262794416)) ;
#999=CARTESIAN_POINT('Vertex',(67.5,24.5,54.1450815951)) ;
#1002=CARTESIAN_POINT('Line Origine',(37.5,24.5,54.1450815951)) ;
#1015=CARTESIAN_POINT('Axis2P3D Location',(67.5,19.5730738011,44.3723161977)) ;
#1020=CARTESIAN_POINT('Line Origine',(67.5,10.1461476022,42.3937794342)) ;
#1024=CARTESIAN_POINT('Vertex',(67.5,11.6461476022,39.7957032229)) ;
#1027=CARTESIAN_POINT('Line Origine',(67.5,19.5730738011,44.3723161977)) ;
#1031=CARTESIAN_POINT('Vertex',(67.5,27.5,48.9489291724)) ;
#1034=CARTESIAN_POINT('Line Origine',(67.5,26.,51.5470053838)) ;
#1046=CARTESIAN_POINT('Axis2P3D Location',(37.5,19.,63.6713610368)) ;
#1051=CARTESIAN_POINT('Axis2P3D Location',(67.5,19.,63.6713610368)) ;
#1055=CARTESIAN_POINT('Vertex',(67.5,30.,63.6713610368)) ;
#1058=CARTESIAN_POINT('Line Origine',(37.5,30.,63.6713610368)) ;
#1062=CARTESIAN_POINT('Vertex',(21.5,30.,63.6713610368)) ;
#1065=CARTESIAN_POINT('Axis2P3D Location',(21.5,19.,63.6713610368)) ;
#1069=CARTESIAN_POINT('Vertex',(21.5,28.0664715995,57.4424692625)) ;
#1073=CARTESIAN_POINT('Control Point',(21.5,28.0664715995,57.4424692625)) ;
#1074=CARTESIAN_POINT('Control Point',(21.5,27.7618393586,56.9990614043)) ;
#1075=CARTESIAN_POINT('Control Point',(21.3864143172,27.4281157808,56.5754611915)) ;
#1076=CARTESIAN_POINT('Control Point',(21.1590772424,27.0812519992,56.1938025324)) ;
#1077=CARTESIAN_POINT('Control Point',(20.8301270189,26.7479147159,55.863043833)) ;
#1078=CARTESIAN_POINT('Vertex',(20.8301270189,26.7479147159,55.863043833)) ;
#1082=CARTESIAN_POINT('Control Point',(20.8301270189,26.7479147159,55.863043833)) ;
#1083=CARTESIAN_POINT('Control Point',(20.1676638872,26.0766166141,55.1969386652)) ;
#1084=CARTESIAN_POINT('Control Point',(19.5052007555,25.3189950714,54.6179286201)) ;
#1085=CARTESIAN_POINT('Control Point',(18.8427376238,24.5,54.1450815951)) ;
#1096=CARTESIAN_POINT('Axis2P3D Location',(0.,3.,34.8038475773)) ;
#1102=CARTESIAN_POINT('Control Point',(8.1760709571,11.5,39.7113248654)) ;
#1103=CARTESIAN_POINT('Control Point',(18.8427376238,27.5,48.9489291724)) ;
#1104=CARTESIAN_POINT('Vertex',(8.1760709571,11.5,39.7113248654)) ;
#1106=CARTESIAN_POINT('Vertex',(18.8427376238,27.5,48.9489291724)) ;
#1109=CARTESIAN_POINT('Line Origine',(37.5,27.5,48.9489291724)) ;
#1115=CARTESIAN_POINT('Control Point',(67.5,11.6461476022,39.7957032229)) ;
#1116=CARTESIAN_POINT('Control Point',(67.5,11.5974224809,39.767571761)) ;
#1117=CARTESIAN_POINT('Control Point',(67.5009497452,11.5486973607,39.7394402997)) ;
#1118=CARTESIAN_POINT('Control Point',(67.5028486944,11.5,39.7113248654)) ;
#1119=CARTESIAN_POINT('Vertex',(67.5028486944,11.5,39.7113248654)) ;
#1122=CARTESIAN_POINT('Line Origine',(37.5,11.5,39.7113248654)) ;
#1136=CARTESIAN_POINT('Control Point',(20.8301270189,26.7479147159,55.863043833)) ;
#1137=CARTESIAN_POINT('Control Point',(20.8301270189,30.9740500155,51.6039617218)) ;
#1138=CARTESIAN_POINT('Control Point',(20.4326491399,26.3451358548,55.4633807323)) ;
#1139=CARTESIAN_POINT('Control Point',(20.4326491399,30.3515735939,50.9863005662)) ;
#1140=CARTESIAN_POINT('Control Point',(20.0351712609,25.9165870609,55.0896884661)) ;
#1141=CARTESIAN_POINT('Control Point',(20.0351712609,29.6892709122,50.4087761548)) ;
#1142=CARTESIAN_POINT('Control Point',(19.6376933818,25.4645008241,54.7441828837)) ;
#1143=CARTESIAN_POINT('Control Point',(19.6376933818,28.9905921826,49.874812982)) ;
#1144=CARTESIAN_POINT('Control Point',(19.2402155028,24.9913970428,54.4287898101)) ;
#1145=CARTESIAN_POINT('Control Point',(19.2402155028,28.2594317935,49.3873873228)) ;
#1146=CARTESIAN_POINT('Control Point',(18.8427376238,24.5,54.1450815951)) ;
#1147=CARTESIAN_POINT('Control Point',(18.8427376238,27.5,48.9489291724)) ;
#1149=CARTESIAN_POINT('Control Point',(20.8301270189,26.7479147159,55.863043833)) ;
#1150=CARTESIAN_POINT('Control Point',(20.8301270189,30.9740500155,51.6039617218)) ;
#1151=CARTESIAN_POINT('Vertex',(20.8301270189,30.9740500155,51.6039617218)) ;
#1155=CARTESIAN_POINT('Control Point',(20.8301270189,30.9740500155,51.6039617218)) ;
#1156=CARTESIAN_POINT('Control Point',(20.1676638872,29.9365893128,50.5745264625)) ;
#1157=CARTESIAN_POINT('Control Point',(19.5052007555,28.7657196558,49.6796927564)) ;
#1158=CARTESIAN_POINT('Control Point',(18.8427376238,27.5,48.9489291724)) ;
#1161=CARTESIAN_POINT('Control Point',(18.8427376238,24.5,54.1450815951)) ;
#1162=CARTESIAN_POINT('Control Point',(18.8427376238,27.5,48.9489291724)) ;
#1172=CARTESIAN_POINT('Control Point',(21.5,28.0664715995,57.4424692625)) ;
#1173=CARTESIAN_POINT('Control Point',(21.5,33.0118197446,54.044891931)) ;
#1174=CARTESIAN_POINT('Control Point',(21.5,27.871383543,57.1585085857)) ;
#1175=CARTESIAN_POINT('Control Point',(21.5,32.7103200209,53.6060436124)) ;
#1176=CARTESIAN_POINT('Control Point',(21.456305932,27.6651673297,56.8821693533)) ;
#1177=CARTESIAN_POINT('Control Point',(21.456305932,32.3916222368,53.1789738896)) ;
#1178=CARTESIAN_POINT('Control Point',(21.3689517937,27.4509470045,56.6180267975)) ;
#1179=CARTESIAN_POINT('Control Point',(21.3689517937,32.0605544615,52.7707535761)) ;
#1180=CARTESIAN_POINT('Control Point',(21.2064180581,27.1786797885,56.3075209073)) ;
#1181=CARTESIAN_POINT('Control Point',(21.2064180581,31.6397778549,52.2908808366)) ;
#1182=CARTESIAN_POINT('Control Point',(20.9805236834,26.9086284786,56.0252718008)) ;
#1183=CARTESIAN_POINT('Control Point',(20.9805236834,31.2224258306,51.8546776721)) ;
#1184=CARTESIAN_POINT('Control Point',(20.932836875,26.8547776868,55.9699815891)) ;
#1185=CARTESIAN_POINT('Control Point',(20.932836875,31.1392018797,51.769229163)) ;
#1186=CARTESIAN_POINT('Control Point',(20.8826928305,26.8011815738,55.9158986366)) ;
#1187=CARTESIAN_POINT('Control Point',(20.8826928305,31.0563715232,51.6856464183)) ;
#1188=CARTESIAN_POINT('Control Point',(20.8301270189,26.7479147159,55.863043833)) ;
#1189=CARTESIAN_POINT('Control Point',(20.8301270189,30.9740500155,51.6039617218)) ;
#1191=CARTESIAN_POINT('Control Point',(21.5,28.0664715995,57.4424692625)) ;
#1192=CARTESIAN_POINT('Control Point',(21.5,33.0118197446,54.044891931)) ;
#1193=CARTESIAN_POINT('Vertex',(21.5,33.0118197446,54.044891931)) ;
#1197=CARTESIAN_POINT('Control Point',(21.5,33.0118197446,54.044891931)) ;
#1198=CARTESIAN_POINT('Control Point',(21.5,32.5410307131,53.3596343381)) ;
#1199=CARTESIAN_POINT('Control Point',(21.3865348067,32.0255878935,52.7053499268)) ;
#1200=CARTESIAN_POINT('Control Point',(21.1590728756,31.4892007964,52.1151274714)) ;
#1201=CARTESIAN_POINT('Control Point',(20.8301270189,30.9740500155,51.6039617218)) ;
#1210=CARTESIAN_POINT('Axis2P3D Location',(21.5,33.0118197446,54.044891931)) ;
#1215=CARTESIAN_POINT('Line Origine',(21.5,33.,63.6713610368)) ;
#1219=CARTESIAN_POINT('Vertex',(21.5,36.,63.6713610368)) ;
#1222=CARTESIAN_POINT('Axis2P3D Location',(21.5,19.,63.6713610368)) ;
#1234=CARTESIAN_POINT('Axis2P3D Location',(0.,30.,57.3205080757)) ;
#1240=CARTESIAN_POINT('Control Point',(67.5,30.,121.339745962)) ;
#1241=CARTESIAN_POINT('Control Point',(67.5,30.,120.467081336)) ;
#1242=CARTESIAN_POINT('Control Point',(67.7335406681,30.,119.595495697)) ;
#1243=CARTESIAN_POINT('Control Point',(68.1698729811,30.,118.839745962)) ;
#1244=CARTESIAN_POINT('Vertex',(68.1698729811,30.,118.839745962)) ;
#1246=CARTESIAN_POINT('Vertex',(67.5,30.,121.339745962)) ;
#1249=CARTESIAN_POINT('Line Origine',(67.5,30.,116.121044843)) ;
#1253=CARTESIAN_POINT('Vertex',(67.5,30.,140.)) ;
#1257=CARTESIAN_POINT('Control Point',(67.5,30.,140.)) ;
#1258=CARTESIAN_POINT('Control Point',(67.5,30.,141.636246174)) ;
#1259=CARTESIAN_POINT('Control Point',(67.2322698459,30.,143.272492347)) ;
#1260=CARTESIAN_POINT('Control Point',(66.6966792595,30.,144.850291336)) ;
#1261=CARTESIAN_POINT('Control Point',(65.1293213657,30.,147.772501654)) ;
#1262=CARTESIAN_POINT('Control Point',(62.7123450237,30.,150.042776806)) ;
#1263=CARTESIAN_POINT('Control Point',(61.3269292757,30.,150.968482014)) ;
#1264=CARTESIAN_POINT('Control Point',(58.3045317266,30.,152.332680299)) ;
#1265=CARTESIAN_POINT('Control Point',(55.0049595262,30.,152.662448703)) ;
#1266=CARTESIAN_POINT('Control Point',(53.3423016899,30.,152.553472351)) ;
#1267=CARTESIAN_POINT('Control Point',(50.1140012011,30.,151.795844566)) ;
#1268=CARTESIAN_POINT('Control Point',(47.2955242896,30.,150.048815143)) ;
#1269=CARTESIAN_POINT('Control Point',(46.0427897413,30.,148.95019643)) ;
#1270=CARTESIAN_POINT('Control Point',(44.9928055396,30.,147.667030753)) ;
#1271=CARTESIAN_POINT('Control Point',(44.1746824527,30.,146.25)) ;
#1272=CARTESIAN_POINT('Vertex',(44.1746824527,30.,146.25)) ;
#1276=CARTESIAN_POINT('Control Point',(23.1746824527,30.,109.876933041)) ;
#1277=CARTESIAN_POINT('Control Point',(44.1746824527,30.,146.25)) ;
#1278=CARTESIAN_POINT('Vertex',(23.1746824527,30.,109.876933041)) ;
#1282=CARTESIAN_POINT('Control Point',(23.1746824527,30.,109.876933041)) ;
#1283=CARTESIAN_POINT('Control Point',(22.3565593658,30.,108.459902288)) ;
#1284=CARTESIAN_POINT('Control Point',(21.7856537764,30.,106.899757248)) ;
#1285=CARTESIAN_POINT('Control Point',(21.5,30.,105.263179215)) ;
#1286=CARTESIAN_POINT('Control Point',(21.5,30.,103.626933041)) ;
#1287=CARTESIAN_POINT('Vertex',(21.5,30.,103.626933041)) ;
#1290=CARTESIAN_POINT('Line Origine',(21.5,30.,116.121044843)) ;
#1295=CARTESIAN_POINT('Line Origine',(67.5,30.,116.121044843)) ;
#1299=CARTESIAN_POINT('Vertex',(67.5,30.,65.8679491924)) ;
#1303=CARTESIAN_POINT('Control Point',(69.3660254038,30.,66.3679491924)) ;
#1304=CARTESIAN_POINT('Control Point',(69.104226016,30.,66.8213990335)) ;
#1305=CARTESIAN_POINT('Control Point',(68.5446910635,30.,67.1128146362)) ;
#1306=CARTESIAN_POINT('Control Point',(67.8388636818,30.,66.9236887592)) ;
#1307=CARTESIAN_POINT('Control Point',(67.5,30.,66.391547968)) ;
#1308=CARTESIAN_POINT('Control Point',(67.5,30.,65.8679491924)) ;
#1309=CARTESIAN_POINT('Vertex',(69.3660254038,30.,66.3679491924)) ;
#1313=CARTESIAN_POINT('Control Point',(74.8477326999,30.,56.8733536434)) ;
#1314=CARTESIAN_POINT('Control Point',(69.3660254038,30.,66.3679491924)) ;
#1315=CARTESIAN_POINT('Vertex',(74.8477326999,30.,56.8733536434)) ;
#1319=CARTESIAN_POINT('Control Point',(74.8477326999,30.,56.8733536434)) ;
#1320=CARTESIAN_POINT('Control Point',(75.0440822407,30.,56.5332662626)) ;
#1321=CARTESIAN_POINT('Control Point',(75.3297772245,30.,56.2443137392)) ;
#1322=CARTESIAN_POINT('Control Point',(75.6828272323,30.,56.0431399921)) ;
#1323=CARTESIAN_POINT('Control Point',(76.0621454173,30.,55.9415019908)) ;
#1324=CARTESIAN_POINT('Vertex',(76.0621454172,30.,55.9415019908)) ;
#1328=CARTESIAN_POINT('Control Point',(77.1937979148,30.,55.6382766179)) ;
#1329=CARTESIAN_POINT('Control Point',(76.0621454172,30.,55.9415019908)) ;
#1330=CARTESIAN_POINT('Vertex',(77.1937979148,30.,55.6382766179)) ;
#1334=CARTESIAN_POINT('Control Point',(78.4082106322,30.,54.7064249654)) ;
#1335=CARTESIAN_POINT('Control Point',(78.2118610914,30.,55.0465123462)) ;
#1336=CARTESIAN_POINT('Control Point',(77.9261661076,30.,55.3354648695)) ;
#1337=CARTESIAN_POINT('Control Point',(77.5731160998,30.,55.5366386166)) ;
#1338=CARTESIAN_POINT('Control Point',(77.1937979148,30.,55.6382766179)) ;
#1339=CARTESIAN_POINT('Vertex',(78.4082106322,30.,54.7064249654)) ;
#1343=CARTESIAN_POINT('Control Point',(84.4082106322,30.,44.31412012)) ;
#1344=CARTESIAN_POINT('Control Point',(78.4082106322,30.,54.7064249654)) ;
#1345=CARTESIAN_POINT('Vertex',(84.4082106322,30.,44.31412012)) ;
#1349=CARTESIAN_POINT('Control Point',(84.6080114772,30.,42.7964820297)) ;
#1350=CARTESIAN_POINT('Control Point',(84.7096494785,30.,43.1758002147)) ;
#1351=CARTESIAN_POINT('Control Point',(84.7119529069,30.,43.5821373638)) ;
#1352=CARTESIAN_POINT('Control Point',(84.6045601731,30.,43.9740327392)) ;
#1353=CARTESIAN_POINT('Control Point',(84.4082106322,30.,44.31412012)) ;
#1354=CARTESIAN_POINT('Vertex',(84.6080114772,30.,42.7964820297)) ;
#1358=CARTESIAN_POINT('Control Point',(84.3047861044,30.,41.6648295322)) ;
#1359=CARTESIAN_POINT('Control Point',(84.6080114772,30.,42.7964820297)) ;
#1360=CARTESIAN_POINT('Vertex',(84.3047861044,30.,41.6648295322)) ;
#1364=CARTESIAN_POINT('Control Point',(84.3047861044,30.,41.6648295322)) ;
#1365=CARTESIAN_POINT('Control Point',(84.203148103,30.,41.2855113472)) ;
#1366=CARTESIAN_POINT('Control Point',(84.2008446747,30.,40.8791741981)) ;
#1367=CARTESIAN_POINT('Control Point',(84.3082374085,30.,40.4872788227)) ;
#1368=CARTESIAN_POINT('Control Point',(84.5045869494,30.,40.147191442)) ;
#1369=CARTESIAN_POINT('Vertex',(84.5045869494,30.,40.147191442)) ;
#1373=CARTESIAN_POINT('Control Point',(85.5045869494,30.,38.4151406344)) ;
#1374=CARTESIAN_POINT('Control Point',(84.5045869494,30.,40.147191442)) ;
#1375=CARTESIAN_POINT('Vertex',(85.5045869494,30.,38.4151406344)) ;
#1379=CARTESIAN_POINT('Control Point',(107.328427125,30.,51.0151406344)) ;
#1380=CARTESIAN_POINT('Control Point',(85.5045869494,30.,38.4151406344)) ;
#1381=CARTESIAN_POINT('Vertex',(107.328427125,30.,51.0151406344)) ;
#1385=CARTESIAN_POINT('Control Point',(107.328427125,30.,51.0151406344)) ;
#1386=CARTESIAN_POINT('Control Point',(106.328427125,30.,52.747191442)) ;
#1387=CARTESIAN_POINT('Vertex',(106.328427125,30.,52.747191442)) ;
#1391=CARTESIAN_POINT('Control Point',(106.328427125,30.,52.747191442)) ;
#1392=CARTESIAN_POINT('Control Point',(106.132077584,30.,53.0872788227)) ;
#1393=CARTESIAN_POINT('Control Point',(105.8463826,30.,53.3762313461)) ;
#1394=CARTESIAN_POINT('Control Point',(105.493332592,30.,53.5774050932)) ;
#1395=CARTESIAN_POINT('Control Point',(105.114014407,30.,53.6790430945)) ;
#1396=CARTESIAN_POINT('Vertex',(105.114014407,30.,53.6790430945)) ;
#1400=CARTESIAN_POINT('Control Point',(105.114014407,30.,53.6790430945)) ;
#1401=CARTESIAN_POINT('Control Point',(103.98236191,30.,53.9822684674)) ;
#1402=CARTESIAN_POINT('Vertex',(103.98236191,30.,53.9822684674)) ;
#1406=CARTESIAN_POINT('Control Point',(102.767949192,30.,54.91412012)) ;
#1407=CARTESIAN_POINT('Control Point',(102.964298733,30.,54.5740327392)) ;
#1408=CARTESIAN_POINT('Control Point',(103.249993717,30.,54.2850802158)) ;
#1409=CARTESIAN_POINT('Control Point',(103.603043725,30.,54.0839064687)) ;
#1410=CARTESIAN_POINT('Control Point',(103.98236191,30.,53.9822684674)) ;
#1411=CARTESIAN_POINT('Vertex',(102.767949192,30.,54.91412012)) ;
#1415=CARTESIAN_POINT('Control Point',(102.767949192,30.,54.91412012)) ;
#1416=CARTESIAN_POINT('Control Point',(96.7679491924,30.,65.3064249654)) ;
#1417=CARTESIAN_POINT('Vertex',(96.7679491924,30.,65.3064249654)) ;
#1421=CARTESIAN_POINT('Control Point',(96.5681483474,30.,66.8240630556)) ;
#1422=CARTESIAN_POINT('Control Point',(96.4665103461,30.,66.4447448706)) ;
#1423=CARTESIAN_POINT('Control Point',(96.4642069178,30.,66.0384077215)) ;
#1424=CARTESIAN_POINT('Control Point',(96.5715996516,30.,65.6465123462)) ;
#1425=CARTESIAN_POINT('Control Point',(96.7679491924,30.,65.3064249654)) ;
#1426=CARTESIAN_POINT('Vertex',(96.5681483474,30.,66.8240630556)) ;
#1430=CARTESIAN_POINT('Control Point',(96.5681483474,30.,66.8240630556)) ;
#1431=CARTESIAN_POINT('Control Point',(96.8713737203,30.,67.9557155532)) ;
#1432=CARTESIAN_POINT('Vertex',(96.8713737203,30.,67.9557155532)) ;
#1436=CARTESIAN_POINT('Control Point',(96.8713737203,30.,67.9557155532)) ;
#1437=CARTESIAN_POINT('Control Point',(96.9730117216,30.,68.3350337381)) ;
#1438=CARTESIAN_POINT('Control Point',(96.9753151499,30.,68.7413708872)) ;
#1439=CARTESIAN_POINT('Control Point',(96.8679224161,30.,69.1332662626)) ;
#1440=CARTESIAN_POINT('Control Point',(96.6715728753,30.,69.4733536434)) ;
#1441=CARTESIAN_POINT('Vertex',(96.6715728753,30.,69.4733536434)) ;
#1445=CARTESIAN_POINT('Control Point',(68.1698729811,30.,118.839745962)) ;
#1446=CARTESIAN_POINT('Control Point',(96.6715728753,30.,69.4733536434)) ;
#1479=CARTESIAN_POINT('Control Point',(57.4585,30.,140.)) ;
#1480=CARTESIAN_POINT('Control Point',(57.4585,30.,140.772360554)) ;
#1481=CARTESIAN_POINT('Control Point',(57.1551947197,30.,141.544721108)) ;
#1482=CARTESIAN_POINT('Control Point',(56.5447211078,30.,142.15519472)) ;
#1483=CARTESIAN_POINT('Control Point',(55.,30.,142.76180528)) ;
#1484=CARTESIAN_POINT('Control Point',(53.4552788922,30.,142.15519472)) ;
#1485=CARTESIAN_POINT('Control Point',(52.8448052803,30.,141.544721108)) ;
#1486=CARTESIAN_POINT('Control Point',(52.5415,30.,140.772360554)) ;
#1487=CARTESIAN_POINT('Control Point',(52.5415,30.,140.)) ;
#1488=CARTESIAN_POINT('Vertex',(57.4585,30.,140.)) ;
#1490=CARTESIAN_POINT('Vertex',(52.5415,30.,140.)) ;
#1494=CARTESIAN_POINT('Control Point',(52.5415,30.,140.)) ;
#1495=CARTESIAN_POINT('Control Point',(52.5415,30.,139.227639446)) ;
#1496=CARTESIAN_POINT('Control Point',(52.8448052803,30.,138.455278892)) ;
#1497=CARTESIAN_POINT('Control Point',(53.4552788922,30.,137.84480528)) ;
#1498=CARTESIAN_POINT('Control Point',(55.,30.,137.23819472)) ;
#1499=CARTESIAN_POINT('Control Point',(56.5447211078,30.,137.84480528)) ;
#1500=CARTESIAN_POINT('Control Point',(57.1551947197,30.,138.455278892)) ;
#1501=CARTESIAN_POINT('Control Point',(57.4585,30.,139.227639446)) ;
#1502=CARTESIAN_POINT('Control Point',(57.4585,30.,140.)) ;
#1509=CARTESIAN_POINT('Control Point',(31.5415,30.,103.626933041)) ;
#1510=CARTESIAN_POINT('Control Point',(31.5415,30.,102.854572487)) ;
#1511=CARTESIAN_POINT('Control Point',(31.8448052803,30.,102.082211933)) ;
#1512=CARTESIAN_POINT('Control Point',(32.4552788922,30.,101.471738321)) ;
#1513=CARTESIAN_POINT('Control Point',(34.,30.,100.865127761)) ;
#1514=CARTESIAN_POINT('Control Point',(35.5447211078,30.,101.471738321)) ;
#1515=CARTESIAN_POINT('Control Point',(36.1551947197,30.,102.082211933)) ;
#1516=CARTESIAN_POINT('Control Point',(36.4585,30.,102.854572487)) ;
#1517=CARTESIAN_POINT('Control Point',(36.4585,30.,103.626933041)) ;
#1518=CARTESIAN_POINT('Vertex',(31.5415,30.,103.626933041)) ;
#1520=CARTESIAN_POINT('Vertex',(36.4585,30.,103.626933041)) ;
#1524=CARTESIAN_POINT('Control Point',(36.4585,30.,103.626933041)) ;
#1525=CARTESIAN_POINT('Control Point',(36.4585,30.,104.399293595)) ;
#1526=CARTESIAN_POINT('Control Point',(36.1551947197,30.,105.171654149)) ;
#1527=CARTESIAN_POINT('Control Point',(35.5447211078,30.,105.782127761)) ;
#1528=CARTESIAN_POINT('Control Point',(34.,30.,106.388738321)) ;
#1529=CARTESIAN_POINT('Control Point',(32.4552788922,30.,105.782127761)) ;
#1530=CARTESIAN_POINT('Control Point',(31.8448052803,30.,105.171654149)) ;
#1531=CARTESIAN_POINT('Control Point',(31.5415,30.,104.399293595)) ;
#1532=CARTESIAN_POINT('Control Point',(31.5415,30.,103.626933041)) ;
#1539=CARTESIAN_POINT('Axis2P3D Location',(37.5,17.,30.1850454238)) ;
#1544=CARTESIAN_POINT('Line Origine',(37.5,6.,30.1850454238)) ;
#1548=CARTESIAN_POINT('Vertex',(74.8931639748,6.,30.1850454238)) ;
#1550=CARTESIAN_POINT('Vertex',(0.10683602523,6.,30.1850454238)) ;
#1554=CARTESIAN_POINT('Control Point',(0.10683602523,6.,30.1850454238)) ;
#1555=CARTESIAN_POINT('Control Point',(1.7206830116,6.,32.4888800364)) ;
#1556=CARTESIAN_POINT('Control Point',(3.33452999798,6.60273755173,34.792915381)) ;
#1557=CARTESIAN_POINT('Control Point',(4.94837698435,7.81083633556,36.8854038552)) ;
#1558=CARTESIAN_POINT('Control Point',(6.56222397072,9.50482069934,38.5594075591)) ;
#1559=CARTESIAN_POINT('Control Point',(8.1760709571,11.5,39.7113248654)) ;
#1562=CARTESIAN_POINT('Control Point',(67.5028486944,11.5,39.7113248654)) ;
#1563=CARTESIAN_POINT('Control Point',(67.5234552518,11.0644622266,39.4598670147)) ;
#1564=CARTESIAN_POINT('Control Point',(67.6433968257,10.6464403603,39.1830207242)) ;
#1565=CARTESIAN_POINT('Control Point',(67.8621927378,10.26459244,38.8929271946)) ;
#1566=CARTESIAN_POINT('Control Point',(68.1698729811,9.92816466667,38.6105510477)) ;
#1567=CARTESIAN_POINT('Vertex',(68.1698729811,9.92816466667,38.6105510477)) ;
#1571=CARTESIAN_POINT('Control Point',(68.1698729811,9.92816466667,38.6105510477)) ;
#1572=CARTESIAN_POINT('Control Point',(69.8506957295,8.09029737774,37.0679617466)) ;
#1573=CARTESIAN_POINT('Control Point',(71.5315184779,6.69924036776,34.9874966752)) ;
#1574=CARTESIAN_POINT('Control Point',(73.2123412263,6.,32.5844907604)) ;
#1575=CARTESIAN_POINT('Control Point',(74.8931639748,6.,30.1850454238)) ;
#1585=CARTESIAN_POINT('Axis2P3D Location',(21.5,36.,83.6491470389)) ;
#1590=CARTESIAN_POINT('Line Origine',(21.5,33.,103.626933041)) ;
#1594=CARTESIAN_POINT('Vertex',(21.5,36.,103.626933041)) ;
#1597=CARTESIAN_POINT('Line Origine',(21.5,36.,83.6491470389)) ;
#1609=CARTESIAN_POINT('Axis2P3D Location',(72.5,33.,121.339745962)) ;
#1614=CARTESIAN_POINT('Line Origine',(67.5,33.,121.339745962)) ;
#1618=CARTESIAN_POINT('Vertex',(67.5,36.,121.339745962)) ;
#1621=CARTESIAN_POINT('Line Origine',(68.1698729811,33.,118.839745962)) ;
#1625=CARTESIAN_POINT('Vertex',(68.1698729811,36.,118.839745962)) ;
#1628=CARTESIAN_POINT('Axis2P3D Location',(72.5,36.,121.339745962)) ;
#1640=CARTESIAN_POINT('Axis2P3D Location',(67.5,36.,101.835680518)) ;
#1645=CARTESIAN_POINT('Line Origine',(67.5,36.,130.669872981)) ;
#1649=CARTESIAN_POINT('Vertex',(67.5,36.,140.)) ;
#1652=CARTESIAN_POINT('Line Origine',(67.5,33.,140.)) ;
#1664=CARTESIAN_POINT('Axis2P3D Location',(55.,36.,140.)) ;
#1669=CARTESIAN_POINT('Axis2P3D Location',(55.,36.,140.)) ;
#1673=CARTESIAN_POINT('Vertex',(44.1746824527,36.,146.25)) ;
#1676=CARTESIAN_POINT('Line Origine',(44.1746824527,33.,146.25)) ;
#1688=CARTESIAN_POINT('Axis2P3D Location',(34.,36.,103.626933041)) ;
#1693=CARTESIAN_POINT('Line Origine',(23.1746824527,33.,109.876933041)) ;
#1697=CARTESIAN_POINT('Vertex',(23.1746824527,36.,109.876933041)) ;
#1700=CARTESIAN_POINT('Axis2P3D Location',(34.,36.,103.626933041)) ;
#1712=CARTESIAN_POINT('Line Origine',(67.5,33.,63.6713610368)) ;
#1716=CARTESIAN_POINT('Vertex',(67.5,36.,63.6713610368)) ;
#1719=CARTESIAN_POINT('Line Origine',(67.5,36.,64.7696551146)) ;
#1723=CARTESIAN_POINT('Vertex',(67.5,36.,65.8679491924)) ;
#1726=CARTESIAN_POINT('Line Origine',(67.5,33.,65.8679491924)) ;
#1738=CARTESIAN_POINT('Axis2P3D Location',(68.5,33.,65.8679491924)) ;
#1743=CARTESIAN_POINT('Line Origine',(69.3660254038,33.,66.3679491924)) ;
#1747=CARTESIAN_POINT('Vertex',(69.3660254038,36.,66.3679491924)) ;
#1750=CARTESIAN_POINT('Axis2P3D Location',(68.5,36.,65.8679491924)) ;
#1762=CARTESIAN_POINT('Axis2P3D Location',(112.495768342,47.,53.9985064771)) ;
#1767=CARTESIAN_POINT('Axis2P3D Location',(85.5045869494,47.,38.4151406344)) ;
#1771=CARTESIAN_POINT('Vertex',(88.4117581676,31.0252254466,33.379772378)) ;
#1774=CARTESIAN_POINT('Line Origine',(115.40293956,31.0252254466,48.9631382208)) ;
#1778=CARTESIAN_POINT('Vertex',(110.235598343,31.0252254466,45.979772378)) ;
#1781=CARTESIAN_POINT('Axis2P3D Location',(107.328427125,47.,51.0151406344)) ;
#1793=CARTESIAN_POINT('Axis2P3D Location',(88.4117581676,31.0252254466,33.379772378)) ;
#1798=CARTESIAN_POINT('Line Origine',(112.716481586,32.8311607567,41.6827565539)) ;
#1802=CARTESIAN_POINT('Vertex',(115.197364829,34.6370960669,37.3857407298)) ;
#1805=CARTESIAN_POINT('Line Origine',(90.8926414104,32.8311607567,29.0827565539)) ;
#1809=CARTESIAN_POINT('Vertex',(93.3735246532,34.6370960669,24.7857407298)) ;
#1812=CARTESIAN_POINT('Axis2P3D Location',(104.1988422,34.6370960669,31.0357407298)) ;
#1816=CARTESIAN_POINT('Vertex',(110.07192108,38.9123478584,20.863269713)) ;
#1819=CARTESIAN_POINT('Line Origine',(110.158523621,38.9123478584,20.913269713)) ;
#1823=CARTESIAN_POINT('Vertex',(110.245126161,38.9123478584,20.963269713)) ;
#1826=CARTESIAN_POINT('Axis2P3D Location',(104.372047281,34.6370960669,31.1357407298)) ;
#1840=CARTESIAN_POINT('Axis2P3D Location',(98.2205431031,44.5505035831,16.3904585093)) ;
#1845=CARTESIAN_POINT('Line Origine',(109.732095946,41.7314257208,21.8518641111)) ;
#1849=CARTESIAN_POINT('Vertex',(109.219065731,44.5505035831,22.7404585093)) ;
#1852=CARTESIAN_POINT('Line Origine',(109.558890865,41.7314257208,21.7518641111)) ;
#1856=CARTESIAN_POINT('Vertex',(109.04586065,44.5505035831,22.6404585093)) ;
#1859=CARTESIAN_POINT('Line Origine',(109.132463191,44.5505035831,22.6904585093)) ;
#1871=CARTESIAN_POINT('Axis2P3D Location',(87.3856977377,36.6633811714,35.1569611744)) ;
#1876=CARTESIAN_POINT('Axis2P3D Location',(103.345986851,40.2752517916,32.9129295262)) ;
#1880=CARTESIAN_POINT('Vertex',(114.171304399,40.2752517916,39.1629295262)) ;
#1883=CARTESIAN_POINT('Axis2P3D Location',(103.17278177,40.2752517916,32.8129295262)) ;
#1887=CARTESIAN_POINT('Vertex',(92.3474642232,40.2752517916,26.5629295262)) ;
#1890=CARTESIAN_POINT('Line Origine',(89.8665809804,38.4693164815,30.8599453503)) ;
#1894=CARTESIAN_POINT('Vertex',(87.3856977377,36.6633811714,35.1569611744)) ;
#1897=CARTESIAN_POINT('Line Origine',(98.2976178254,36.6633811714,41.4569611744)) ;
#1901=CARTESIAN_POINT('Vertex',(109.209537913,36.6633811714,47.7569611744)) ;
#1904=CARTESIAN_POINT('Line Origine',(111.690421156,38.4693164815,43.4599453503)) ;
#1918=CARTESIAN_POINT('Axis2P3D Location',(112.495768342,47.,53.9985064771)) ;
#1923=CARTESIAN_POINT('Axis2P3D Location',(107.328427125,47.,51.0151406344)) ;
#1927=CARTESIAN_POINT('Vertex',(107.328427125,36.,51.0151406344)) ;
#1930=CARTESIAN_POINT('Axis2P3D Location',(85.5045869494,47.,38.4151406344)) ;
#1934=CARTESIAN_POINT('Vertex',(85.5045869494,36.,38.4151406344)) ;
#1937=CARTESIAN_POINT('Line Origine',(112.495768342,36.,53.9985064771)) ;
#1949=CARTESIAN_POINT('Axis2P3D Location',(103.891942203,37.2752517916,31.9673071189)) ;
#1954=CARTESIAN_POINT('Line Origine',(114.71725975,37.2752517916,38.2173071189)) ;
#1966=CARTESIAN_POINT('Axis2P3D Location',(103.718737122,37.2752517916,31.8673071189)) ;
#1971=CARTESIAN_POINT('Line Origine',(92.8934195746,37.2752517916,25.6173071189)) ;
#1983=CARTESIAN_POINT('Axis2P3D Location',(0.,36.,57.3205080757)) ;
#1989=CARTESIAN_POINT('Control Point',(68.1698729811,36.,118.839745962)) ;
#1990=CARTESIAN_POINT('Control Point',(96.6715728753,36.,69.4733536434)) ;
#1991=CARTESIAN_POINT('Vertex',(96.6715728753,36.,69.4733536434)) ;
#1995=CARTESIAN_POINT('Control Point',(96.8713737203,36.,67.9557155532)) ;
#1996=CARTESIAN_POINT('Control Point',(96.9730117216,36.,68.3350337381)) ;
#1997=CARTESIAN_POINT('Control Point',(96.9753151499,36.,68.7413708872)) ;
#1998=CARTESIAN_POINT('Control Point',(96.8679224161,36.,69.1332662626)) ;
#1999=CARTESIAN_POINT('Control Point',(96.6715728753,36.,69.4733536434)) ;
#2000=CARTESIAN_POINT('Vertex',(96.8713737203,36.,67.9557155532)) ;
#2004=CARTESIAN_POINT('Control Point',(96.5681483474,36.,66.8240630556)) ;
#2005=CARTESIAN_POINT('Control Point',(96.8713737203,36.,67.9557155532)) ;
#2006=CARTESIAN_POINT('Vertex',(96.5681483474,36.,66.8240630556)) ;
#2010=CARTESIAN_POINT('Control Point',(96.5681483474,36.,66.8240630556)) ;
#2011=CARTESIAN_POINT('Control Point',(96.4665103461,36.,66.4447448706)) ;
#2012=CARTESIAN_POINT('Control Point',(96.4642069178,36.,66.0384077215)) ;
#2013=CARTESIAN_POINT('Control Point',(96.5715996516,36.,65.6465123462)) ;
#2014=CARTESIAN_POINT('Control Point',(96.7679491924,36.,65.3064249654)) ;
#2015=CARTESIAN_POINT('Vertex',(96.7679491924,36.,65.3064249654)) ;
#2019=CARTESIAN_POINT('Control Point',(102.767949192,36.,54.91412012)) ;
#2020=CARTESIAN_POINT('Control Point',(96.7679491924,36.,65.3064249654)) ;
#2021=CARTESIAN_POINT('Vertex',(102.767949192,36.,54.91412012)) ;
#2025=CARTESIAN_POINT('Control Point',(102.767949192,36.,54.91412012)) ;
#2026=CARTESIAN_POINT('Control Point',(102.964298733,36.,54.5740327392)) ;
#2027=CARTESIAN_POINT('Control Point',(103.249993717,36.,54.2850802158)) ;
#2028=CARTESIAN_POINT('Control Point',(103.603043725,36.,54.0839064687)) ;
#2029=CARTESIAN_POINT('Control Point',(103.98236191,36.,53.9822684674)) ;
#2030=CARTESIAN_POINT('Vertex',(103.98236191,36.,53.9822684674)) ;
#2034=CARTESIAN_POINT('Control Point',(105.114014407,36.,53.6790430945)) ;
#2035=CARTESIAN_POINT('Control Point',(103.98236191,36.,53.9822684674)) ;
#2036=CARTESIAN_POINT('Vertex',(105.114014407,36.,53.6790430945)) ;
#2040=CARTESIAN_POINT('Control Point',(106.328427125,36.,52.747191442)) ;
#2041=CARTESIAN_POINT('Control Point',(106.132077584,36.,53.0872788227)) ;
#2042=CARTESIAN_POINT('Control Point',(105.8463826,36.,53.3762313461)) ;
#2043=CARTESIAN_POINT('Control Point',(105.493332592,36.,53.5774050932)) ;
#2044=CARTESIAN_POINT('Control Point',(105.114014407,36.,53.6790430945)) ;
#2045=CARTESIAN_POINT('Vertex',(106.328427125,36.,52.747191442)) ;
#2049=CARTESIAN_POINT('Control Point',(107.328427125,36.,51.0151406344)) ;
#2050=CARTESIAN_POINT('Control Point',(106.328427125,36.,52.747191442)) ;
#2053=CARTESIAN_POINT('Control Point',(85.5045869494,36.,38.4151406344)) ;
#2054=CARTESIAN_POINT('Control Point',(84.5045869494,36.,40.147191442)) ;
#2055=CARTESIAN_POINT('Vertex',(84.5045869494,36.,40.147191442)) ;
#2059=CARTESIAN_POINT('Control Point',(84.3047861044,36.,41.6648295322)) ;
#2060=CARTESIAN_POINT('Control Point',(84.203148103,36.,41.2855113472)) ;
#2061=CARTESIAN_POINT('Control Point',(84.2008446747,36.,40.8791741981)) ;
#2062=CARTESIAN_POINT('Control Point',(84.3082374085,36.,40.4872788227)) ;
#2063=CARTESIAN_POINT('Control Point',(84.5045869494,36.,40.147191442)) ;
#2064=CARTESIAN_POINT('Vertex',(84.3047861044,36.,41.6648295322)) ;
#2068=CARTESIAN_POINT('Control Point',(84.3047861044,36.,41.6648295322)) ;
#2069=CARTESIAN_POINT('Control Point',(84.6080114772,36.,42.7964820297)) ;
#2070=CARTESIAN_POINT('Vertex',(84.6080114772,36.,42.7964820297)) ;
#2074=CARTESIAN_POINT('Control Point',(84.6080114772,36.,42.7964820297)) ;
#2075=CARTESIAN_POINT('Control Point',(84.7096494785,36.,43.1758002147)) ;
#2076=CARTESIAN_POINT('Control Point',(84.7119529069,36.,43.5821373638)) ;
#2077=CARTESIAN_POINT('Control Point',(84.6045601731,36.,43.9740327392)) ;
#2078=CARTESIAN_POINT('Control Point',(84.4082106322,36.,44.31412012)) ;
#2079=CARTESIAN_POINT('Vertex',(84.4082106322,36.,44.31412012)) ;
#2083=CARTESIAN_POINT('Control Point',(84.4082106322,36.,44.31412012)) ;
#2084=CARTESIAN_POINT('Control Point',(78.4082106322,36.,54.7064249654)) ;
#2085=CARTESIAN_POINT('Vertex',(78.4082106322,36.,54.7064249654)) ;
#2089=CARTESIAN_POINT('Control Point',(78.4082106322,36.,54.7064249654)) ;
#2090=CARTESIAN_POINT('Control Point',(78.2118610914,36.,55.0465123462)) ;
#2091=CARTESIAN_POINT('Control Point',(77.9261661076,36.,55.3354648695)) ;
#2092=CARTESIAN_POINT('Control Point',(77.5731160998,36.,55.5366386166)) ;
#2093=CARTESIAN_POINT('Control Point',(77.1937979148,36.,55.6382766179)) ;
#2094=CARTESIAN_POINT('Vertex',(77.1937979148,36.,55.6382766179)) ;
#2098=CARTESIAN_POINT('Control Point',(77.1937979148,36.,55.6382766179)) ;
#2099=CARTESIAN_POINT('Control Point',(76.0621454172,36.,55.9415019908)) ;
#2100=CARTESIAN_POINT('Vertex',(76.0621454172,36.,55.9415019908)) ;
#2104=CARTESIAN_POINT('Control Point',(74.8477326999,36.,56.8733536434)) ;
#2105=CARTESIAN_POINT('Control Point',(75.0440822407,36.,56.5332662626)) ;
#2106=CARTESIAN_POINT('Control Point',(75.3297772245,36.,56.2443137392)) ;
#2107=CARTESIAN_POINT('Control Point',(75.6828272323,36.,56.0431399921)) ;
#2108=CARTESIAN_POINT('Control Point',(76.0621454173,36.,55.9415019908)) ;
#2109=CARTESIAN_POINT('Vertex',(74.8477326999,36.,56.8733536434)) ;
#2113=CARTESIAN_POINT('Control Point',(74.8477326999,36.,56.8733536434)) ;
#2114=CARTESIAN_POINT('Control Point',(69.3660254038,36.,66.3679491924)) ;
#2116=CARTESIAN_POINT('Line Origine',(42.8380799123,36.,63.6713610368)) ;
#2122=CARTESIAN_POINT('Control Point',(23.1746824527,36.,109.876933041)) ;
#2123=CARTESIAN_POINT('Control Point',(44.1746824527,36.,146.25)) ;
#2156=CARTESIAN_POINT('Control Point',(52.5415,36.,140.)) ;
#2157=CARTESIAN_POINT('Control Point',(52.5415,36.,139.227639446)) ;
#2158=CARTESIAN_POINT('Control Point',(52.8448052803,36.,138.455278892)) ;
#2159=CARTESIAN_POINT('Control Point',(53.4552788922,36.,137.84480528)) ;
#2160=CARTESIAN_POINT('Control Point',(55.,36.,137.23819472)) ;
#2161=CARTESIAN_POINT('Control Point',(56.5447211078,36.,137.84480528)) ;
#2162=CARTESIAN_POINT('Control Point',(57.1551947197,36.,138.455278892)) ;
#2163=CARTESIAN_POINT('Control Point',(57.4585,36.,139.227639446)) ;
#2164=CARTESIAN_POINT('Control Point',(57.4585,36.,140.)) ;
#2165=CARTESIAN_POINT('Vertex',(52.5415,36.,140.)) ;
#2167=CARTESIAN_POINT('Vertex',(57.4585,36.,140.)) ;
#2171=CARTESIAN_POINT('Control Point',(57.4585,36.,140.)) ;
#2172=CARTESIAN_POINT('Control Point',(57.4585,36.,140.772360554)) ;
#2173=CARTESIAN_POINT('Control Point',(57.1551947197,36.,141.544721108)) ;
#2174=CARTESIAN_POINT('Control Point',(56.5447211078,36.,142.15519472)) ;
#2175=CARTESIAN_POINT('Control Point',(55.,36.,142.76180528)) ;
#2176=CARTESIAN_POINT('Control Point',(53.4552788922,36.,142.15519472)) ;
#2177=CARTESIAN_POINT('Control Point',(52.8448052803,36.,141.544721108)) ;
#2178=CARTESIAN_POINT('Control Point',(52.5415,36.,140.772360554)) ;
#2179=CARTESIAN_POINT('Control Point',(52.5415,36.,140.)) ;
#2186=CARTESIAN_POINT('Control Point',(36.4585,36.,103.626933041)) ;
#2187=CARTESIAN_POINT('Control Point',(36.4585,36.,104.399293595)) ;
#2188=CARTESIAN_POINT('Control Point',(36.1551947197,36.,105.171654149)) ;
#2189=CARTESIAN_POINT('Control Point',(35.5447211078,36.,105.782127761)) ;
#2190=CARTESIAN_POINT('Control Point',(34.,36.,106.388738321)) ;
#2191=CARTESIAN_POINT('Control Point',(32.4552788922,36.,105.782127761)) ;
#2192=CARTESIAN_POINT('Control Point',(31.8448052803,36.,105.171654149)) ;
#2193=CARTESIAN_POINT('Control Point',(31.5415,36.,104.399293595)) ;
#2194=CARTESIAN_POINT('Control Point',(31.5415,36.,103.626933041)) ;
#2195=CARTESIAN_POINT('Vertex',(36.4585,36.,103.626933041)) ;
#2197=CARTESIAN_POINT('Vertex',(31.5415,36.,103.626933041)) ;
#2201=CARTESIAN_POINT('Control Point',(31.5415,36.,103.626933041)) ;
#2202=CARTESIAN_POINT('Control Point',(31.5415,36.,102.854572487)) ;
#2203=CARTESIAN_POINT('Control Point',(31.8448052803,36.,102.082211933)) ;
#2204=CARTESIAN_POINT('Control Point',(32.4552788922,36.,101.471738321)) ;
#2205=CARTESIAN_POINT('Control Point',(34.,36.,100.865127761)) ;
#2206=CARTESIAN_POINT('Control Point',(35.5447211078,36.,101.471738321)) ;
#2207=CARTESIAN_POINT('Control Point',(36.1551947197,36.,102.082211933)) ;
#2208=CARTESIAN_POINT('Control Point',(36.4585,36.,102.854572487)) ;
#2209=CARTESIAN_POINT('Control Point',(36.4585,36.,103.626933041)) ;
#2216=CARTESIAN_POINT('Axis2P3D Location',(34.,33.,103.626933041)) ;
#2221=CARTESIAN_POINT('Line Origine',(36.4585,34.9154076403,103.626933041)) ;
#2226=CARTESIAN_POINT('Line Origine',(31.5415,34.9154076403,103.626933041)) ;
#2245=CARTESIAN_POINT('Axis2P3D Location',(55.,33.,140.)) ;
#2250=CARTESIAN_POINT('Line Origine',(52.5415,34.9154076403,140.)) ;
#2255=CARTESIAN_POINT('Line Origine',(57.4585,34.9154076403,140.)) ;
#2274=CARTESIAN_POINT('Axis2P3D Location',(67.5,36.,120.)) ;
#2279=CARTESIAN_POINT('Line Origine',(96.6715728753,33.,69.4733536434)) ;
#2291=CARTESIAN_POINT('Axis2P3D Location',(94.9395220677,33.,68.4733536434)) ;
#2296=CARTESIAN_POINT('Line Origine',(96.8713737203,33.,67.9557155532)) ;
#2308=CARTESIAN_POINT('Axis2P3D Location',(96.5681483474,36.,66.8240630556)) ;
#2313=CARTESIAN_POINT('Line Origine',(96.5681483474,33.,66.8240630556)) ;
#2325=CARTESIAN_POINT('Axis2P3D Location',(98.5,33.,66.3064249654)) ;
#2330=CARTESIAN_POINT('Line Origine',(96.7679491924,33.,65.3064249654)) ;
#2342=CARTESIAN_POINT('Axis2P3D Location',(102.767949192,36.,54.91412012)) ;
#2347=CARTESIAN_POINT('Line Origine',(102.767949192,33.,54.91412012)) ;
#2359=CARTESIAN_POINT('Axis2P3D Location',(104.5,33.,55.91412012)) ;
#2364=CARTESIAN_POINT('Line Origine',(103.98236191,33.,53.9822684674)) ;
#2376=CARTESIAN_POINT('Axis2P3D Location',(105.114014407,36.,53.6790430945)) ;
#2381=CARTESIAN_POINT('Line Origine',(105.114014407,33.,53.6790430945)) ;
#2393=CARTESIAN_POINT('Axis2P3D Location',(104.596376317,33.,51.747191442)) ;
#2398=CARTESIAN_POINT('Line Origine',(106.328427125,33.,52.747191442)) ;
#2421=CARTESIAN_POINT('Axis2P3D Location',(85.5045869494,36.,38.4151406344)) ;
#2426=CARTESIAN_POINT('Line Origine',(84.5045869494,33.,40.147191442)) ;
#2442=CARTESIAN_POINT('Axis2P3D Location',(86.2366377569,33.,41.147191442)) ;
#2447=CARTESIAN_POINT('Line Origine',(84.3047861044,33.,41.6648295322)) ;
#2459=CARTESIAN_POINT('Axis2P3D Location',(84.3047861044,36.,41.6648295322)) ;
#2464=CARTESIAN_POINT('Line Origine',(84.6080114772,33.,42.7964820297)) ;
#2476=CARTESIAN_POINT('Axis2P3D Location',(82.6761598246,33.,43.31412012)) ;
#2481=CARTESIAN_POINT('Line Origine',(84.4082106322,33.,44.31412012)) ;
#2493=CARTESIAN_POINT('Axis2P3D Location',(84.4082106322,36.,44.31412012)) ;
#2498=CARTESIAN_POINT('Line Origine',(78.4082106322,33.,54.7064249654)) ;
#2510=CARTESIAN_POINT('Axis2P3D Location',(76.6761598246,33.,53.7064249654)) ;
#2515=CARTESIAN_POINT('Line Origine',(77.1937979148,33.,55.6382766179)) ;
#2527=CARTESIAN_POINT('Axis2P3D Location',(77.1937979148,36.,55.6382766179)) ;
#2532=CARTESIAN_POINT('Line Origine',(76.0621454172,33.,55.9415019908)) ;
#2544=CARTESIAN_POINT('Axis2P3D Location',(76.5797835075,33.,57.8733536434)) ;
#2549=CARTESIAN_POINT('Line Origine',(74.8477326999,33.,56.8733536434)) ;
#2568=CARTESIAN_POINT('Axis2P3D Location',(33.6746824527,36.,128.063466521)) ;
#2580=CARTESIAN_POINT('Axis2P3D Location',(37.5,19.,63.6713610368)) ;
#2585=CARTESIAN_POINT('Axis2P3D Location',(67.5,19.,63.6713610368)) ;
#2599=CARTESIAN_POINT('Axis2P3D Location',(67.5,36.,63.6713610368)) ;
#2611=CARTESIAN_POINT('Axis2P3D Location',(72.5,11.6461476022,39.7957032229)) ;
#2616=CARTESIAN_POINT('Line Origine',(67.5028486944,10.,42.3094010768)) ;
#2628=CARTESIAN_POINT('Axis2P3D Location',(13.5094042904,19.5,44.3301270189)) ;
#2633=CARTESIAN_POINT('Line Origine',(8.1760709571,10.,42.3094010768)) ;
#2646=CARTESIAN_POINT('Control Point',(67.5028486944,11.5,39.7113248654)) ;
#2647=CARTESIAN_POINT('Control Point',(67.5028486944,8.5,44.9074772881)) ;
#2648=CARTESIAN_POINT('Control Point',(67.512746663,11.2907977001,39.5905418612)) ;
#2649=CARTESIAN_POINT('Control Point',(67.512746663,8.17668735462,44.7208126453)) ;
#2650=CARTESIAN_POINT('Control Point',(67.5441387757,11.0853974498,39.4642969768)) ;
#2651=CARTESIAN_POINT('Control Point',(67.5441387757,7.8592506042,44.5257069148)) ;
#2652=CARTESIAN_POINT('Control Point',(67.5969580764,10.8854221939,39.3335966364)) ;
#2653=CARTESIAN_POINT('Control Point',(67.5969580764,7.55019793595,44.3237154796)) ;
#2654=CARTESIAN_POINT('Control Point',(67.720200006,10.5635024459,39.1105454899)) ;
#2655=CARTESIAN_POINT('Control Point',(67.720200006,7.05268559816,43.9790000714)) ;
#2656=CARTESIAN_POINT('Control Point',(67.9005555228,10.2636702196,38.8830611708)) ;
#2657=CARTESIAN_POINT('Control Point',(67.9005555228,6.58930852119,43.6274333965)) ;
#2658=CARTESIAN_POINT('Control Point',(67.9816685062,10.1476061372,38.7918124652)) ;
#2659=CARTESIAN_POINT('Control Point',(67.9816685062,6.40993675753,43.4864126696)) ;
#2660=CARTESIAN_POINT('Control Point',(68.0715327931,10.0356930868,38.7008035874)) ;
#2661=CARTESIAN_POINT('Control Point',(68.0715327931,6.23698022509,43.3457625857)) ;
#2662=CARTESIAN_POINT('Control Point',(68.1698729811,9.92816466667,38.6105510477)) ;
#2663=CARTESIAN_POINT('Control Point',(68.1698729811,6.07079993939,43.206281388)) ;
#2665=CARTESIAN_POINT('Control Point',(68.1698729811,6.07079993939,43.206281388)) ;
#2666=CARTESIAN_POINT('Control Point',(68.1698729811,9.92816466667,38.6105510477)) ;
#2676=CARTESIAN_POINT('Control Point',(68.1698729811,9.92816466667,38.6105510477)) ;
#2677=CARTESIAN_POINT('Control Point',(68.1698729811,6.07079993939,43.206281388)) ;
#2678=CARTESIAN_POINT('Control Point',(68.8422020804,9.1930177511,37.9935153272)) ;
#2679=CARTESIAN_POINT('Control Point',(68.8422020804,4.93466379715,42.2526807291)) ;
#2680=CARTESIAN_POINT('Control Point',(69.5145311798,8.52516826653,37.296300296)) ;
#2681=CARTESIAN_POINT('Control Point',(69.5145311798,3.90253277554,41.1751665899)) ;
#2682=CARTESIAN_POINT('Control Point',(70.1868602792,7.93628409224,36.5286857597)) ;
#2683=CARTESIAN_POINT('Control Point',(70.1868602792,2.99243905165,39.9888532156)) ;
#2684=CARTESIAN_POINT('Control Point',(71.5315184779,6.93541680934,34.8773857816)) ;
#2685=CARTESIAN_POINT('Control Point',(71.5315184779,1.44564415989,37.4368441586)) ;
#2686=CARTESIAN_POINT('Control Point',(72.8761766767,6.31404693329,33.0491553769)) ;
#2687=CARTESIAN_POINT('Control Point',(72.8761766767,0.485345260536,34.6113971696)) ;
#2688=CARTESIAN_POINT('Control Point',(73.548505776,6.10467887134,32.1046016931)) ;
#2689=CARTESIAN_POINT('Control Point',(73.548505776,0.161776437522,33.1516323854)) ;
#2690=CARTESIAN_POINT('Control Point',(74.2208348754,6.,31.1448235584)) ;
#2691=CARTESIAN_POINT('Control Point',(74.2208348754,-8.881784197E-015,31.6683389046)) ;
#2692=CARTESIAN_POINT('Control Point',(74.8931639748,6.,30.1850454238)) ;
#2693=CARTESIAN_POINT('Control Point',(74.8931639748,4.52970994047E-014,30.1850454238)) ;
#2695=CARTESIAN_POINT('Control Point',(74.8931639748,0.,30.1850454238)) ;
#2696=CARTESIAN_POINT('Control Point',(74.8931639748,6.,30.1850454238)) ;
#2706=CARTESIAN_POINT('Control Point',(0.10683602523,6.,30.1850454238)) ;
#2707=CARTESIAN_POINT('Control Point',(0.10683602523,8.881784197E-016,30.1850454238)) ;
#2708=CARTESIAN_POINT('Control Point',(0.752374819779,6.,31.1065792688)) ;
#2709=CARTESIAN_POINT('Control Point',(0.752374819779,8.881784197E-016,31.6092340934)) ;
#2710=CARTESIAN_POINT('Control Point',(1.39791361433,6.09650279859,32.0281131139)) ;
#2711=CARTESIAN_POINT('Control Point',(1.39791361433,0.149140688728,33.033422763)) ;
#2712=CARTESIAN_POINT('Control Point',(2.04345240888,6.289516494,32.9361711568)) ;
#2713=CARTESIAN_POINT('Control Point',(2.04345240888,0.447434581631,34.4367851931)) ;
#2714=CARTESIAN_POINT('Control Point',(3.33452999798,6.86284027263,34.698399722)) ;
#2715=CARTESIAN_POINT('Control Point',(3.33452999798,1.33348042134,37.1602293391)) ;
#2716=CARTESIAN_POINT('Control Point',(4.62560758708,7.78880282447,36.3036233897)) ;
#2717=CARTESIAN_POINT('Control Point',(4.62560758708,2.76451345599,39.6410295529)) ;
#2718=CARTESIAN_POINT('Control Point',(5.27114638163,8.33447008928,37.0546699476)) ;
#2719=CARTESIAN_POINT('Control Point',(5.27114638163,3.60781741071,40.8017378696)) ;
#2720=CARTESIAN_POINT('Control Point',(6.23945457345,9.26486028776,38.0871830315)) ;
#2721=CARTESIAN_POINT('Control Point',(6.23945457345,5.04569317199,42.3974399084)) ;
#2722=CARTESIAN_POINT('Control Point',(7.20776276527,10.3405396825,38.9583361157)) ;
#2723=CARTESIAN_POINT('Control Point',(7.20776276527,6.70810678211,43.7437674022)) ;
#2724=CARTESIAN_POINT('Control Point',(7.53053216255,10.7139911296,39.2296644741)) ;
#2725=CARTESIAN_POINT('Control Point',(7.53053216255,7.28525901841,44.163093047)) ;
#2726=CARTESIAN_POINT('Control Point',(7.85330155982,11.1009641399,39.4809414041)) ;
#2727=CARTESIAN_POINT('Control Point',(7.85330155982,7.88330821616,44.5514301207)) ;
#2728=CARTESIAN_POINT('Control Point',(8.1760709571,11.5,39.7113248654)) ;
#2729=CARTESIAN_POINT('Control Point',(8.1760709571,8.5,44.9074772881)) ;
#2731=CARTESIAN_POINT('Control Point',(0.10683602523,0.,30.1850454238)) ;
#2732=CARTESIAN_POINT('Control Point',(0.10683602523,6.,30.1850454238)) ;
#2741=CARTESIAN_POINT('Axis2P3D Location',(14.,2.1417679482,13.5)) ;
#2746=CARTESIAN_POINT('Line Origine',(18.5,2.1417679482,13.5)) ;
#2750=CARTESIAN_POINT('Vertex',(18.5,6.,13.5)) ;
#2753=CARTESIAN_POINT('Axis2P3D Location',(14.,6.,13.5)) ;
#2757=CARTESIAN_POINT('Vertex',(9.5,6.,13.5)) ;
#2760=CARTESIAN_POINT('Line Origine',(9.5,2.1417679482,13.5)) ;
#2772=CARTESIAN_POINT('Axis2P3D Location',(14.,6.,13.5)) ;
#2784=CARTESIAN_POINT('Axis2P3D Location',(61.,2.1417679482,13.5)) ;
#2789=CARTESIAN_POINT('Line Origine',(65.5,2.1417679482,13.5)) ;
#2793=CARTESIAN_POINT('Vertex',(65.5,6.,13.5)) ;
#2796=CARTESIAN_POINT('Axis2P3D Location',(61.,6.,13.5)) ;
#2800=CARTESIAN_POINT('Vertex',(56.5,6.,13.5)) ;
#2803=CARTESIAN_POINT('Line Origine',(56.5,2.1417679482,13.5)) ;
#2815=CARTESIAN_POINT('Axis2P3D Location',(61.,6.,13.5)) ;
#2827=CARTESIAN_POINT('Axis2P3D Location',(0.,3.,15.0925227119)) ;
#2832=CARTESIAN_POINT('Line Origine',(0.,3.,29.1569664793)) ;
#2836=CARTESIAN_POINT('Vertex',(0.,6.,29.1569664793)) ;
#2839=CARTESIAN_POINT('Line Origine',(0.,6.,29.0784832397)) ;
#2843=CARTESIAN_POINT('Vertex',(0.,6.,29.)) ;
#2846=CARTESIAN_POINT('Line Origine',(0.,3.,29.)) ;
#2858=CARTESIAN_POINT('Axis2P3D Location',(5.,3.,29.1569664793)) ;
#2863=CARTESIAN_POINT('Axis2P3D Location',(5.,6.,29.1569664793)) ;
#2875=CARTESIAN_POINT('Axis2P3D Location',(70.,3.,29.1569664793)) ;
#2880=CARTESIAN_POINT('Axis2P3D Location',(70.,6.,29.1569664793)) ;
#2892=CARTESIAN_POINT('Axis2P3D Location',(-2.,33.,29.)) ;
#2897=CARTESIAN_POINT('Axis2P3D Location',(-2.,6.,29.)) ;
#2909=CARTESIAN_POINT('Axis2P3D Location',(0.,6.,0.)) ;
#2914=CARTESIAN_POINT('Line Origine',(-2.,6.,12.0925227119)) ;
#2939=CARTESIAN_POINT('Axis2P3D Location',(-2.,17.,13.5)) ;
#2944=CARTESIAN_POINT('Line Origine',(-13.,17.,13.5)) ;
#2956=CARTESIAN_POINT('Axis2P3D Location',(-13.,17.,0.)) ;
#2961=CARTESIAN_POINT('Line Origine',(-13.,49.,13.5)) ;
#2973=CARTESIAN_POINT('Axis2P3D Location',(-49.5242157296,66.,-0.0143226701697)) ;
#2978=CARTESIAN_POINT('Line Origine',(-57.2376670458,63.,9.17821064726)) ;
#2983=CARTESIAN_POINT('Line Origine',(-49.5242157296,63.,-0.0143226701697)) ;
#2995=CARTESIAN_POINT('Axis2P3D Location',(-51.822349059,32.1417679476,-1.94268549923)) ;
#3000=CARTESIAN_POINT('Line Origine',(-54.1204823883,32.1417679476,-3.87104832829)) ;
#3012=CARTESIAN_POINT('Axis2P3D Location',(-61.8339337046,66.,5.32148498914)) ;
#3017=CARTESIAN_POINT('Line Origine',(-61.8339337046,63.,5.32148498914)) ;
#3029=CARTESIAN_POINT('Axis2P3D Location',(-59.5358003752,32.1417679476,7.2498478182)) ;
#3041=CARTESIAN_POINT('Line Origine',(-82.5695809414,63.,-7.30410476622)) ;
#3053=CARTESIAN_POINT('Axis2P3D Location',(-81.0374920552,32.1417679476,-6.01852954685)) ;
#3058=CARTESIAN_POINT('Line Origine',(-81.2118035407,32.1417679476,-8.01091894303)) ;
#3070=CARTESIAN_POINT('Axis2P3D Location',(-80.0446888539,66.,-8.11302824715)) ;
#3075=CARTESIAN_POINT('Line Origine',(-80.0446888539,63.,-8.11302824715)) ;
#3087=CARTESIAN_POINT('Axis2P3D Location',(-80.2190003394,32.1417679476,-10.1054176433)) ;
#3092=CARTESIAN_POINT('Line Origine',(-78.6869114532,32.1417679476,-8.81984242397)) ;
#3104=CARTESIAN_POINT('Axis2P3D Location',(-70.9734601369,66.,-18.0123757414)) ;
#3109=CARTESIAN_POINT('Line Origine',(-70.9734601369,63.,-18.0123757414)) ;
#3121=CARTESIAN_POINT('Axis2P3D Location',(-72.5055490232,32.1417679476,-19.2979509608)) ;
#3126=CARTESIAN_POINT('Line Origine',(-70.513159627,32.1417679476,-19.4722624463)) ;
#3138=CARTESIAN_POINT('Axis2P3D Location',(-70.6152689311,66.,-20.639377133)) ;
#3143=CARTESIAN_POINT('Line Origine',(-70.6152689311,63.,-20.639377133)) ;
#3155=CARTESIAN_POINT('Axis2P3D Location',(-30.,49.,13.5)) ;
#3167=CARTESIAN_POINT('Axis2P3D Location',(-68.6228795349,32.1417679476,-20.8136886185)) ;
#8=PRODUCT_RELATED_PRODUCT_CATEGORY('part',$,(#5)) ;
#29=STYLED_ITEM(' ',(#28),#21) ;
#28=PRESENTATION_STYLE_ASSIGNMENT((#27)) ;
#27=SURFACE_STYLE_USAGE(.BOTH.,#26) ;
#26=SURFACE_SIDE_STYLE(' ',(#25)) ;
#25=SURFACE_STYLE_FILL_AREA(#24) ;
#24=FILL_AREA_STYLE(' ',(#23)) ;
#23=FILL_AREA_STYLE_COLOUR(' ',#22) ;
#38=VECTOR('Line Direction',#37,1.) ;
#47=VECTOR('Line Direction',#46,1.) ;
#54=VECTOR('Line Direction',#53,1.) ;
#61=VECTOR('Line Direction',#60,1.) ;
#92=VECTOR('Line Direction',#91,1.) ;
#109=VECTOR('Line Direction',#108,1.) ;
#116=VECTOR('Line Direction',#115,1.) ;
#123=VECTOR('Line Direction',#122,1.) ;
#140=VECTOR('Line Direction',#139,1.) ;
#171=VECTOR('Line Direction',#170,1.) ;
#187=VECTOR('Line Direction',#186,1.) ;
#194=VECTOR('Line Direction',#193,1.) ;
#201=VECTOR('Line Direction',#200,1.) ;
#213=VECTOR('Line Direction',#212,1.) ;
#227=VECTOR('Line Direction',#226,1.) ;
#241=VECTOR('Line Direction',#240,1.) ;
#255=VECTOR('Line Direction',#254,1.) ;
#296=VECTOR('Line Direction',#295,1.) ;
#310=VECTOR('Line Direction',#309,1.) ;
#336=VECTOR('Line Direction',#335,1.) ;
#350=VECTOR('Line Direction',#349,1.) ;
#364=VECTOR('Line Direction',#363,1.) ;
#378=VECTOR('Line Direction',#377,1.) ;
#390=VECTOR('Line Direction',#389,1.) ;
#397=VECTOR('Line Direction',#396,1.) ;
#404=VECTOR('Line Direction',#403,1.) ;
#418=VECTOR('Line Direction',#417,1.) ;
#443=VECTOR('Line Direction',#442,1.) ;
#459=VECTOR('Line Direction',#458,1.) ;
#483=VECTOR('Line Direction',#482,1.) ;
#499=VECTOR('Line Direction',#498,1.) ;
#518=VECTOR('Line Direction',#517,1.) ;
#532=VECTOR('Line Direction',#531,1.) ;
#539=VECTOR('Line Direction',#538,1.) ;
#578=VECTOR('Line Direction',#577,1.) ;
#595=VECTOR('Line Direction',#594,1.) ;
#600=VECTOR('Line Direction',#599,1.) ;
#617=VECTOR('Line Direction',#616,1.) ;
#634=VECTOR('Line Direction',#633,1.) ;
#658=VECTOR('Line Direction',#657,1.) ;
#672=VECTOR('Line Direction',#671,1.) ;
#686=VECTOR('Line Direction',#685,1.) ;
#716=VECTOR('Line Direction',#715,1.) ;
#733=VECTOR('Line Direction',#732,1.) ;
#740=VECTOR('Line Direction',#739,1.) ;
#747=VECTOR('Line Direction',#746,1.) ;
#772=VECTOR('Line Direction',#771,1.) ;
#787=VECTOR('Line Direction',#786,1.) ;
#802=VECTOR('Line Direction',#801,1.) ;
#908=VECTOR('Line Direction',#907,1.) ;
#965=VECTOR('Line Direction',#964,1.) ;
#997=VECTOR('Line Direction',#996,1.) ;
#1004=VECTOR('Line Direction',#1003,1.) ;
#1022=VECTOR('Line Direction',#1021,1.) ;
#1029=VECTOR('Line Direction',#1028,1.) ;
#1036=VECTOR('Line Direction',#1035,1.) ;
#1060=VECTOR('Line Direction',#1059,1.) ;
#1111=VECTOR('Line Direction',#1110,1.) ;
#1124=VECTOR('Line Direction',#1123,1.) ;
#1217=VECTOR('Line Direction',#1216,1.) ;
#1251=VECTOR('Line Direction',#1250,1.) ;
#1292=VECTOR('Line Direction',#1291,1.) ;
#1297=VECTOR('Line Direction',#1296,1.) ;
#1546=VECTOR('Line Direction',#1545,1.) ;
#1592=VECTOR('Line Direction',#1591,1.) ;
#1599=VECTOR('Line Direction',#1598,1.) ;
#1616=VECTOR('Line Direction',#1615,1.) ;
#1623=VECTOR('Line Direction',#1622,1.) ;
#1647=VECTOR('Line Direction',#1646,1.) ;
#1654=VECTOR('Line Direction',#1653,1.) ;
#1678=VECTOR('Line Direction',#1677,1.) ;
#1695=VECTOR('Line Direction',#1694,1.) ;
#1714=VECTOR('Line Direction',#1713,1.) ;
#1721=VECTOR('Line Direction',#1720,1.) ;
#1728=VECTOR('Line Direction',#1727,1.) ;
#1745=VECTOR('Line Direction',#1744,1.) ;
#1776=VECTOR('Line Direction',#1775,1.) ;
#1800=VECTOR('Line Direction',#1799,1.) ;
#1807=VECTOR('Line Direction',#1806,1.) ;
#1821=VECTOR('Line Direction',#1820,1.) ;
#1847=VECTOR('Line Direction',#1846,1.) ;
#1854=VECTOR('Line Direction',#1853,1.) ;
#1861=VECTOR('Line Direction',#1860,1.) ;
#1892=VECTOR('Line Direction',#1891,1.) ;
#1899=VECTOR('Line Direction',#1898,1.) ;
#1906=VECTOR('Line Direction',#1905,1.) ;
#1939=VECTOR('Line Direction',#1938,1.) ;
#1956=VECTOR('Line Direction',#1955,1.) ;
#1973=VECTOR('Line Direction',#1972,1.) ;
#2118=VECTOR('Line Direction',#2117,1.) ;
#2223=VECTOR('Line Direction',#2222,1.) ;
#2228=VECTOR('Line Direction',#2227,1.) ;
#2252=VECTOR('Line Direction',#2251,1.) ;
#2257=VECTOR('Line Direction',#2256,1.) ;
#2281=VECTOR('Line Direction',#2280,1.) ;
#2298=VECTOR('Line Direction',#2297,1.) ;
#2315=VECTOR('Line Direction',#2314,1.) ;
#2332=VECTOR('Line Direction',#2331,1.) ;
#2349=VECTOR('Line Direction',#2348,1.) ;
#2366=VECTOR('Line Direction',#2365,1.) ;
#2383=VECTOR('Line Direction',#2382,1.) ;
#2400=VECTOR('Line Direction',#2399,1.) ;
#2428=VECTOR('Line Direction',#2427,1.) ;
#2449=VECTOR('Line Direction',#2448,1.) ;
#2466=VECTOR('Line Direction',#2465,1.) ;
#2483=VECTOR('Line Direction',#2482,1.) ;
#2500=VECTOR('Line Direction',#2499,1.) ;
#2517=VECTOR('Line Direction',#2516,1.) ;
#2534=VECTOR('Line Direction',#2533,1.) ;
#2551=VECTOR('Line Direction',#2550,1.) ;
#2618=VECTOR('Line Direction',#2617,1.) ;
#2635=VECTOR('Line Direction',#2634,1.) ;
#2748=VECTOR('Line Direction',#2747,1.) ;
#2762=VECTOR('Line Direction',#2761,1.) ;
#2791=VECTOR('Line Direction',#2790,1.) ;
#2805=VECTOR('Line Direction',#2804,1.) ;
#2834=VECTOR('Line Direction',#2833,1.) ;
#2841=VECTOR('Line Direction',#2840,1.) ;
#2848=VECTOR('Line Direction',#2847,1.) ;
#2916=VECTOR('Line Direction',#2915,1.) ;
#2946=VECTOR('Line Direction',#2945,1.) ;
#2963=VECTOR('Line Direction',#2962,1.) ;
#2980=VECTOR('Line Direction',#2979,1.) ;
#2985=VECTOR('Line Direction',#2984,1.) ;
#3002=VECTOR('Line Direction',#3001,1.) ;
#3019=VECTOR('Line Direction',#3018,1.) ;
#3043=VECTOR('Line Direction',#3042,1.) ;
#3060=VECTOR('Line Direction',#3059,1.) ;
#3077=VECTOR('Line Direction',#3076,1.) ;
#3094=VECTOR('Line Direction',#3093,1.) ;
#3111=VECTOR('Line Direction',#3110,1.) ;
#3128=VECTOR('Line Direction',#3127,1.) ;
#3145=VECTOR('Line Direction',#3144,1.) ;
#32=DIRECTION('Axis2P3D Direction',(0.766044443119,0.,0.642787609687)) ;
#33=DIRECTION('Axis2P3D XDirection',(-0.642787609687,0.,0.766044443119)) ;
#37=DIRECTION('Vector Direction',(0.,-1.,0.)) ;
#46=DIRECTION('Vector Direction',(-0.642787609687,0.,0.766044443119)) ;
#53=DIRECTION('Vector Direction',(0.,-1.,0.)) ;
#60=DIRECTION('Vector Direction',(-0.642787609687,0.,0.766044443119)) ;
#72=DIRECTION('Axis2P3D Direction',(0.,-1.,0.)) ;
#73=DIRECTION('Axis2P3D XDirection',(-0.766044443119,-0.,-0.642787609687)) ;
#77=DIRECTION('Axis2P3D Direction',(0.,-1.,0.)) ;
#84=DIRECTION('Axis2P3D Direction',(0.,-1.,0.)) ;
#91=DIRECTION('Vector Direction',(0.,-1.,0.)) ;
#103=DIRECTION('Axis2P3D Direction',(-0.642787609687,0.,0.766044443119)) ;
#104=DIRECTION('Axis2P3D XDirection',(-0.766044443119,0.,-0.642787609687)) ;
#108=DIRECTION('Vector Direction',(-0.766044443119,0.,-0.642787609687)) ;
#115=DIRECTION('Vector Direction',(0.,-1.,0.)) ;
#122=DIRECTION('Vector Direction',(-0.766044443119,0.,-0.642787609687)) ;
#134=DIRECTION('Axis2P3D Direction',(0.,-1.,0.)) ;
#135=DIRECTION('Axis2P3D XDirection',(0.,0.,1.)) ;
#139=DIRECTION('Vector Direction',(0.,-1.,0.)) ;
#148=DIRECTION('Axis2P3D Direction',(0.,-1.,0.)) ;
#153=DIRECTION('Axis2P3D Direction',(0.,-1.,0.)) ;
#165=DIRECTION('Axis2P3D Direction',(0.,1.,-0.)) ;
#166=DIRECTION('Axis2P3D XDirection',(-1.,0.,0.)) ;
#170=DIRECTION('Vector Direction',(0.766044443119,0.,0.642787609687)) ;
#179=DIRECTION('Axis2P3D Direction',(0.,1.,-0.)) ;
#186=DIRECTION('Vector Direction',(1.,0.,0.)) ;
#193=DIRECTION('Vector Direction',(0.,0.,1.)) ;
#200=DIRECTION('Vector Direction',(-1.,0.,0.)) ;
#205=DIRECTION('Axis2P3D Direction',(0.,1.,-0.)) ;
#212=DIRECTION('Vector Direction',(0.0871557427477,0.,0.996194698092)) ;
#219=DIRECTION('Axis2P3D Direction',(0.,1.,-0.)) ;
#226=DIRECTION('Vector Direction',(-0.642787609687,0.,0.766044443119)) ;
#233=DIRECTION('Axis2P3D Direction',(0.,1.,-0.)) ;
#240=DIRECTION('Vector Direction',(-0.996194698092,0.,0.0871557427477)) ;
#247=DIRECTION('Axis2P3D Direction',(0.,1.,-0.)) ;
#254=DIRECTION('Vector Direction',(-0.642787609687,0.,0.766044443119)) ;
#261=DIRECTION('Axis2P3D Direction',(0.,1.,-0.)) ;
#286=DIRECTION('Axis2P3D Direction',(0.,1.,-0.)) ;
#295=DIRECTION('Vector Direction',(0.642787609687,0.,-0.766044443119)) ;
#302=DIRECTION('Axis2P3D Direction',(0.,1.,-0.)) ;
#309=DIRECTION('Vector Direction',(-0.642787609687,0.,0.766044443119)) ;
#321=DIRECTION('Axis2P3D Direction',(0.,1.,-0.)) ;
#322=DIRECTION('Axis2P3D XDirection',(-1.,0.,0.)) ;
#326=DIRECTION('Axis2P3D Direction',(0.,1.,-0.)) ;
#335=DIRECTION('Vector Direction',(-0.642787609687,0.,0.766044443119)) ;
#342=DIRECTION('Axis2P3D Direction',(0.,1.,-0.)) ;
#349=DIRECTION('Vector Direction',(-0.996194698092,0.,0.0871557427477)) ;
#356=DIRECTION('Axis2P3D Direction',(0.,1.,-0.)) ;
#363=DIRECTION('Vector Direction',(-0.642787609687,0.,0.766044443119)) ;
#370=DIRECTION('Axis2P3D Direction',(0.,1.,-0.)) ;
#377=DIRECTION('Vector Direction',(0.0871557427477,0.,0.996194698092)) ;
#384=DIRECTION('Axis2P3D Direction',(0.,1.,-0.)) ;
#389=DIRECTION('Vector Direction',(-1.,0.,0.)) ;
#396=DIRECTION('Vector Direction',(0.,0.,1.)) ;
#403=DIRECTION('Vector Direction',(1.,0.,0.)) ;
#410=DIRECTION('Axis2P3D Direction',(0.,1.,-0.)) ;
#417=DIRECTION('Vector Direction',(0.766044443119,0.,0.642787609687)) ;
#442=DIRECTION('Vector Direction',(-0.642787609687,0.,0.766044443119)) ;
#451=DIRECTION('Axis2P3D Direction',(0.,1.,-0.)) ;
#458=DIRECTION('Vector Direction',(0.642787609687,0.,-0.766044443119)) ;
#465=DIRECTION('Axis2P3D Direction',(0.,1.,-0.)) ;
#477=DIRECTION('Axis2P3D Direction',(0.,0.,-1.)) ;
#478=DIRECTION('Axis2P3D XDirection',(1.,0.,0.)) ;
#482=DIRECTION('Vector Direction',(-1.,0.,0.)) ;
#491=DIRECTION('Axis2P3D Direction',(0.,0.,-1.)) ;
#498=DIRECTION('Vector Direction',(0.,1.,0.)) ;
#505=DIRECTION('Axis2P3D Direction',(0.,0.,-1.)) ;
#510=DIRECTION('Axis2P3D Direction',(0.,0.,-1.)) ;
#517=DIRECTION('Vector Direction',(0.,1.,0.)) ;
#524=DIRECTION('Axis2P3D Direction',(0.,0.,-1.)) ;
#531=DIRECTION('Vector Direction',(-1.,0.,0.)) ;
#538=DIRECTION('Vector Direction',(0.,-1.,0.)) ;
#558=DIRECTION('Axis2P3D Direction',(0.,-1.,0.)) ;
#559=DIRECTION('Axis2P3D XDirection',(-1.83697019872E-016,-0.,-1.)) ;
#563=DIRECTION('Axis2P3D Direction',(0.,-1.,0.)) ;
#570=DIRECTION('Axis2P3D Direction',(0.,-1.,0.)) ;
#577=DIRECTION('Vector Direction',(0.,-1.,0.)) ;
#589=DIRECTION('Axis2P3D Direction',(0.642787609687,0.,-0.766044443119)) ;
#590=DIRECTION('Axis2P3D XDirection',(0.766044443119,0.,0.642787609687)) ;
#594=DIRECTION('Vector Direction',(0.,-1.,0.)) ;
#599=DIRECTION('Vector Direction',(0.,-1.,0.)) ;
#611=DIRECTION('Axis2P3D Direction',(0.,-1.,-0.)) ;
#612=DIRECTION('Axis2P3D XDirection',(-0.642787609687,-0.,0.766044443119)) ;
#616=DIRECTION('Vector Direction',(0.,-1.,0.)) ;
#628=DIRECTION('Axis2P3D Direction',(0.,-1.,0.)) ;
#629=DIRECTION('Axis2P3D XDirection',(0.,0.,1.)) ;
#633=DIRECTION('Vector Direction',(0.,-1.,0.)) ;
#645=DIRECTION('Axis2P3D Direction',(0.,0.,-1.)) ;
#646=DIRECTION('Axis2P3D XDirection',(1.,0.,0.)) ;
#650=DIRECTION('Axis2P3D Direction',(0.,0.,-1.)) ;
#657=DIRECTION('Vector Direction',(0.,1.,0.)) ;
#664=DIRECTION('Axis2P3D Direction',(0.,0.,-1.)) ;
#671=DIRECTION('Vector Direction',(0.,1.,0.)) ;
#678=DIRECTION('Axis2P3D Direction',(0.,0.,-1.)) ;
#685=DIRECTION('Vector Direction',(0.,1.,0.)) ;
#692=DIRECTION('Axis2P3D Direction',(0.,0.,-1.)) ;
#710=DIRECTION('Axis2P3D Direction',(0.,0.,-1.)) ;
#711=DIRECTION('Axis2P3D XDirection',(-1.07187543957E-015,1.,-0.)) ;
#715=DIRECTION('Vector Direction',(0.,0.,-1.)) ;
#727=DIRECTION('Axis2P3D Direction',(-1.,0.,0.)) ;
#728=DIRECTION('Axis2P3D XDirection',(0.,1.,0.)) ;
#732=DIRECTION('Vector Direction',(0.,0.,1.)) ;
#739=DIRECTION('Vector Direction',(0.,-1.,0.)) ;
#746=DIRECTION('Vector Direction',(0.,0.,1.)) ;
#758=DIRECTION('Axis2P3D Direction',(0.,-1.,0.)) ;
#759=DIRECTION('Axis2P3D XDirection',(0.,0.,1.)) ;
#771=DIRECTION('Vector Direction',(-1.,0.,0.)) ;
#786=DIRECTION('Vector Direction',(0.,0.,1.)) ;
#801=DIRECTION('Vector Direction',(0.,0.,1.)) ;
#902=DIRECTION('Axis2P3D Direction',(0.,0.,-1.)) ;
#903=DIRECTION('Axis2P3D XDirection',(6.12323399574E-017,-1.,0.)) ;
#907=DIRECTION('Vector Direction',(0.,0.,-1.)) ;
#919=DIRECTION('Axis2P3D Direction',(1.,-1.11022302463E-016,0.)) ;
#920=DIRECTION('Axis2P3D XDirection',(1.11022302463E-016,1.,0.)) ;
#931=DIRECTION('Axis2P3D Direction',(-1.,0.,0.)) ;
#932=DIRECTION('Axis2P3D XDirection',(-0.,0.866025403784,-0.5)) ;
#964=DIRECTION('Vector Direction',(-1.,0.,0.)) ;
#977=DIRECTION('Axis2P3D Direction',(0.,-0.5,0.866025403784)) ;
#978=DIRECTION('Axis2P3D XDirection',(0.,0.866025403784,0.5)) ;
#996=DIRECTION('Vector Direction',(0.,0.866025403784,0.5)) ;
#1003=DIRECTION('Vector Direction',(-1.,0.,0.)) ;
#1016=DIRECTION('Axis2P3D Direction',(-1.,0.,0.)) ;
#1017=DIRECTION('Axis2P3D XDirection',(0.,1.,0.)) ;
#1021=DIRECTION('Vector Direction',(0.,0.5,-0.866025403784)) ;
#1028=DIRECTION('Vector Direction',(0.,0.866025403784,0.5)) ;
#1035=DIRECTION('Vector Direction',(0.,0.5,-0.866025403784)) ;
#1047=DIRECTION('Axis2P3D Direction',(-1.,0.,0.)) ;
#1048=DIRECTION('Axis2P3D XDirection',(-0.,-0.866025403784,0.5)) ;
#1052=DIRECTION('Axis2P3D Direction',(-1.,0.,0.)) ;
#1059=DIRECTION('Vector Direction',(-1.,0.,0.)) ;
#1066=DIRECTION('Axis2P3D Direction',(-1.,0.,0.)) ;
#1097=DIRECTION('Axis2P3D Direction',(0.,-0.5,0.866025403784)) ;
#1098=DIRECTION('Axis2P3D XDirection',(0.,0.866025403784,0.5)) ;
#1110=DIRECTION('Vector Direction',(-1.,0.,0.)) ;
#1123=DIRECTION('Vector Direction',(-1.,0.,0.)) ;
#1211=DIRECTION('Axis2P3D Direction',(1.,0.,-0.)) ;
#1212=DIRECTION('Axis2P3D XDirection',(0.,0.436291867443,0.899805204699)) ;
#1216=DIRECTION('Vector Direction',(0.,1.,1.18423789293E-015)) ;
#1223=DIRECTION('Axis2P3D Direction',(1.,0.,-0.)) ;
#1235=DIRECTION('Axis2P3D Direction',(0.,-1.,0.)) ;
#1236=DIRECTION('Axis2P3D XDirection',(0.,0.,1.)) ;
#1250=DIRECTION('Vector Direction',(0.,0.,1.)) ;
#1291=DIRECTION('Vector Direction',(0.,0.,1.)) ;
#1296=DIRECTION('Vector Direction',(0.,0.,1.)) ;
#1540=DIRECTION('Axis2P3D Direction',(-1.,0.,0.)) ;
#1541=DIRECTION('Axis2P3D XDirection',(-0.,0.866025403784,-0.5)) ;
#1545=DIRECTION('Vector Direction',(-1.,0.,0.)) ;
#1586=DIRECTION('Axis2P3D Direction',(1.,0.,0.)) ;
#1587=DIRECTION('Axis2P3D XDirection',(0.,1.,0.)) ;
#1591=DIRECTION('Vector Direction',(0.,1.,0.)) ;
#1598=DIRECTION('Vector Direction',(0.,0.,1.)) ;
#1610=DIRECTION('Axis2P3D Direction',(0.,-1.,0.)) ;
#1611=DIRECTION('Axis2P3D XDirection',(-1.,0.,0.)) ;
#1615=DIRECTION('Vector Direction',(0.,-1.,0.)) ;
#1622=DIRECTION('Vector Direction',(0.,-1.,0.)) ;
#1629=DIRECTION('Axis2P3D Direction',(0.,-1.,0.)) ;
#1641=DIRECTION('Axis2P3D Direction',(1.,0.,0.)) ;
#1642=DIRECTION('Axis2P3D XDirection',(0.,1.,0.)) ;
#1646=DIRECTION('Vector Direction',(0.,0.,1.)) ;
#1653=DIRECTION('Vector Direction',(0.,1.,0.)) ;
#1665=DIRECTION('Axis2P3D Direction',(0.,-1.,0.)) ;
#1666=DIRECTION('Axis2P3D XDirection',(-0.258819045103,0.,-0.965925826289)) ;
#1670=DIRECTION('Axis2P3D Direction',(0.,-1.,0.)) ;
#1677=DIRECTION('Vector Direction',(0.,-1.,0.)) ;
#1689=DIRECTION('Axis2P3D Direction',(0.,-1.,0.)) ;
#1690=DIRECTION('Axis2P3D XDirection',(0.965925826289,-0.,-0.258819045103)) ;
#1694=DIRECTION('Vector Direction',(0.,-1.,0.)) ;
#1701=DIRECTION('Axis2P3D Direction',(0.,-1.,0.)) ;
#1713=DIRECTION('Vector Direction',(0.,1.,0.)) ;
#1720=DIRECTION('Vector Direction',(0.,0.,1.)) ;
#1727=DIRECTION('Vector Direction',(0.,-1.,0.)) ;
#1739=DIRECTION('Axis2P3D Direction',(0.,-1.,0.)) ;
#1740=DIRECTION('Axis2P3D XDirection',(0.866025403784,0.,0.5)) ;
#1744=DIRECTION('Vector Direction',(0.,-1.,0.)) ;
#1751=DIRECTION('Axis2P3D Direction',(0.,-1.,0.)) ;
#1763=DIRECTION('Axis2P3D Direction',(-0.866025403784,0.,-0.5)) ;
#1764=DIRECTION('Axis2P3D XDirection',(0.171010071663,-0.939692620786,-0.296198132726)) ;
#1768=DIRECTION('Axis2P3D Direction',(-0.866025403784,0.,-0.5)) ;
#1775=DIRECTION('Vector Direction',(-0.866025403784,0.,-0.5)) ;
#1782=DIRECTION('Axis2P3D Direction',(-0.866025403784,0.,-0.5)) ;
#1794=DIRECTION('Axis2P3D Direction',(0.171010071663,-0.939692620786,-0.296198132726)) ;
#1795=DIRECTION('Axis2P3D XDirection',(0.469846310393,0.342020143326,-0.813797681349)) ;
#1799=DIRECTION('Vector Direction',(0.469846310393,0.342020143326,-0.813797681349)) ;
#1806=DIRECTION('Vector Direction',(0.469846310393,0.342020143326,-0.813797681349)) ;
#1813=DIRECTION('Axis2P3D Direction',(0.171010071663,-0.939692620786,-0.296198132726)) ;
#1820=DIRECTION('Vector Direction',(0.866025403784,0.,0.5)) ;
#1827=DIRECTION('Axis2P3D Direction',(0.171010071663,-0.939692620786,-0.296198132726)) ;
#1841=DIRECTION('Axis2P3D Direction',(-0.469846310393,-0.342020143326,0.813797681349)) ;
#1842=DIRECTION('Axis2P3D XDirection',(0.171010071663,-0.939692620786,-0.296198132726)) ;
#1846=DIRECTION('Vector Direction',(0.171010071663,-0.939692620786,-0.296198132726)) ;
#1853=DIRECTION('Vector Direction',(0.171010071663,-0.939692620786,-0.296198132726)) ;
#1860=DIRECTION('Vector Direction',(0.866025403784,0.,0.5)) ;
#1872=DIRECTION('Axis2P3D Direction',(0.171010071663,-0.939692620786,-0.296198132726)) ;
#1873=DIRECTION('Axis2P3D XDirection',(0.469846310393,0.342020143326,-0.813797681349)) ;
#1877=DIRECTION('Axis2P3D Direction',(0.171010071663,-0.939692620786,-0.296198132726)) ;
#1884=DIRECTION('Axis2P3D Direction',(0.171010071663,-0.939692620786,-0.296198132726)) ;
#1891=DIRECTION('Vector Direction',(0.469846310393,0.342020143326,-0.813797681349)) ;
#1898=DIRECTION('Vector Direction',(0.866025403784,0.,0.5)) ;
#1905=DIRECTION('Vector Direction',(0.469846310393,0.342020143326,-0.813797681349)) ;
#1919=DIRECTION('Axis2P3D Direction',(-0.866025403784,0.,-0.5)) ;
#1920=DIRECTION('Axis2P3D XDirection',(0.171010071663,-0.939692620786,-0.296198132726)) ;
#1924=DIRECTION('Axis2P3D Direction',(-0.866025403784,0.,-0.5)) ;
#1931=DIRECTION('Axis2P3D Direction',(-0.866025403784,0.,-0.5)) ;
#1938=DIRECTION('Vector Direction',(-0.866025403784,0.,-0.5)) ;
#1950=DIRECTION('Axis2P3D Direction',(0.171010071663,-0.939692620786,-0.296198132726)) ;
#1951=DIRECTION('Axis2P3D XDirection',(0.469846310393,0.342020143326,-0.813797681349)) ;
#1955=DIRECTION('Vector Direction',(0.171010071663,-0.939692620786,-0.296198132726)) ;
#1967=DIRECTION('Axis2P3D Direction',(0.171010071663,-0.939692620786,-0.296198132726)) ;
#1968=DIRECTION('Axis2P3D XDirection',(-0.866025403784,-1.18339232296E-016,-0.5)) ;
#1972=DIRECTION('Vector Direction',(0.171010071663,-0.939692620786,-0.296198132726)) ;
#1984=DIRECTION('Axis2P3D Direction',(0.,-1.,0.)) ;
#1985=DIRECTION('Axis2P3D XDirection',(0.,0.,1.)) ;
#2117=DIRECTION('Vector Direction',(-1.,0.,0.)) ;
#2217=DIRECTION('Axis2P3D Direction',(0.,-1.,-0.)) ;
#2218=DIRECTION('Axis2P3D XDirection',(1.,0.,0.)) ;
#2222=DIRECTION('Vector Direction',(0.,-1.,0.)) ;
#2227=DIRECTION('Vector Direction',(0.,-1.,0.)) ;
#2246=DIRECTION('Axis2P3D Direction',(0.,-1.,-0.)) ;
#2247=DIRECTION('Axis2P3D XDirection',(1.,0.,0.)) ;
#2251=DIRECTION('Vector Direction',(0.,-1.,0.)) ;
#2256=DIRECTION('Vector Direction',(0.,-1.,0.)) ;
#2275=DIRECTION('Axis2P3D Direction',(-0.866025403784,-0.,-0.5)) ;
#2276=DIRECTION('Axis2P3D XDirection',(0.5,0.,-0.866025403784)) ;
#2280=DIRECTION('Vector Direction',(0.,-1.,0.)) ;
#2292=DIRECTION('Axis2P3D Direction',(0.,1.,-0.)) ;
#2293=DIRECTION('Axis2P3D XDirection',(0.866025403784,0.,0.5)) ;
#2297=DIRECTION('Vector Direction',(0.,1.,0.)) ;
#2309=DIRECTION('Axis2P3D Direction',(0.965925826289,0.,-0.258819045103)) ;
#2310=DIRECTION('Axis2P3D XDirection',(0.258819045103,0.,0.965925826289)) ;
#2314=DIRECTION('Vector Direction',(0.,-1.,0.)) ;
#2326=DIRECTION('Axis2P3D Direction',(0.,1.,-0.)) ;
#2327=DIRECTION('Axis2P3D XDirection',(-0.866025403784,0.,-0.5)) ;
#2331=DIRECTION('Vector Direction',(0.,1.,0.)) ;
#2343=DIRECTION('Axis2P3D Direction',(0.866025403784,0.,0.5)) ;
#2344=DIRECTION('Axis2P3D XDirection',(-0.5,0.,0.866025403784)) ;
#2348=DIRECTION('Vector Direction',(0.,-1.,0.)) ;
#2360=DIRECTION('Axis2P3D Direction',(0.,1.,-0.)) ;
#2361=DIRECTION('Axis2P3D XDirection',(-0.258819045103,0.,-0.965925826289)) ;
#2365=DIRECTION('Vector Direction',(0.,1.,0.)) ;
#2377=DIRECTION('Axis2P3D Direction',(0.258819045103,0.,0.965925826289)) ;
#2378=DIRECTION('Axis2P3D XDirection',(-0.965925826289,0.,0.258819045103)) ;
#2382=DIRECTION('Vector Direction',(0.,-1.,0.)) ;
#2394=DIRECTION('Axis2P3D Direction',(0.,1.,-0.)) ;
#2395=DIRECTION('Axis2P3D XDirection',(0.258819045103,0.,0.965925826289)) ;
#2399=DIRECTION('Vector Direction',(0.,1.,0.)) ;
#2422=DIRECTION('Axis2P3D Direction',(0.866025403784,0.,0.5)) ;
#2423=DIRECTION('Axis2P3D XDirection',(-0.5,0.,0.866025403784)) ;
#2427=DIRECTION('Vector Direction',(0.,-1.,0.)) ;
#2443=DIRECTION('Axis2P3D Direction',(0.,1.,-0.)) ;
#2444=DIRECTION('Axis2P3D XDirection',(-0.866025403784,0.,-0.5)) ;
#2448=DIRECTION('Vector Direction',(0.,1.,0.)) ;
#2460=DIRECTION('Axis2P3D Direction',(0.965925826289,0.,-0.258819045103)) ;
#2461=DIRECTION('Axis2P3D XDirection',(0.258819045103,0.,0.965925826289)) ;
#2465=DIRECTION('Vector Direction',(0.,-1.,0.)) ;
#2477=DIRECTION('Axis2P3D Direction',(0.,1.,-0.)) ;
#2478=DIRECTION('Axis2P3D XDirection',(0.866025403784,0.,0.5)) ;
#2482=DIRECTION('Vector Direction',(0.,1.,0.)) ;
#2494=DIRECTION('Axis2P3D Direction',(0.866025403784,0.,0.5)) ;
#2495=DIRECTION('Axis2P3D XDirection',(-0.5,0.,0.866025403784)) ;
#2499=DIRECTION('Vector Direction',(0.,-1.,0.)) ;
#2511=DIRECTION('Axis2P3D Direction',(0.,1.,-0.)) ;
#2512=DIRECTION('Axis2P3D XDirection',(0.258819045103,0.,0.965925826289)) ;
#2516=DIRECTION('Vector Direction',(0.,1.,0.)) ;
#2528=DIRECTION('Axis2P3D Direction',(0.258819045103,0.,0.965925826289)) ;
#2529=DIRECTION('Axis2P3D XDirection',(-0.965925826289,0.,0.258819045103)) ;
#2533=DIRECTION('Vector Direction',(0.,-1.,0.)) ;
#2545=DIRECTION('Axis2P3D Direction',(0.,1.,-0.)) ;
#2546=DIRECTION('Axis2P3D XDirection',(-0.258819045102,0.,-0.965925826289)) ;
#2550=DIRECTION('Vector Direction',(0.,1.,0.)) ;
#2569=DIRECTION('Axis2P3D Direction',(-0.866025403784,0.,0.5)) ;
#2570=DIRECTION('Axis2P3D XDirection',(0.5,0.,0.866025403784)) ;
#2581=DIRECTION('Axis2P3D Direction',(-1.,0.,0.)) ;
#2582=DIRECTION('Axis2P3D XDirection',(-0.,-0.866025403784,0.5)) ;
#2586=DIRECTION('Axis2P3D Direction',(-1.,0.,0.)) ;
#2600=DIRECTION('Axis2P3D Direction',(-1.,-0.,0.)) ;
#2601=DIRECTION('Axis2P3D XDirection',(0.,-0.258819045103,-0.965925826289)) ;
#2612=DIRECTION('Axis2P3D Direction',(0.,-0.5,0.866025403784)) ;
#2613=DIRECTION('Axis2P3D XDirection',(0.999857555135,0.0146168423139,0.00843903784461)) ;
#2617=DIRECTION('Vector Direction',(0.,-0.5,0.866025403784)) ;
#2629=DIRECTION('Axis2P3D Direction',(-0.866025403784,0.433012701892,0.25)) ;
#2630=DIRECTION('Axis2P3D XDirection',(0.5,0.75,0.433012701892)) ;
#2634=DIRECTION('Vector Direction',(0.,0.5,-0.866025403784)) ;
#2742=DIRECTION('Axis2P3D Direction',(0.,1.,-0.)) ;
#2743=DIRECTION('Axis2P3D XDirection',(-1.,0.,0.)) ;
#2747=DIRECTION('Vector Direction',(0.,1.,0.)) ;
#2754=DIRECTION('Axis2P3D Direction',(0.,1.,-0.)) ;
#2761=DIRECTION('Vector Direction',(0.,1.,0.)) ;
#2773=DIRECTION('Axis2P3D Direction',(0.,1.,-0.)) ;
#2785=DIRECTION('Axis2P3D Direction',(0.,1.,-0.)) ;
#2786=DIRECTION('Axis2P3D XDirection',(-1.,0.,0.)) ;
#2790=DIRECTION('Vector Direction',(0.,1.,0.)) ;
#2797=DIRECTION('Axis2P3D Direction',(0.,1.,-0.)) ;
#2804=DIRECTION('Vector Direction',(0.,1.,0.)) ;
#2816=DIRECTION('Axis2P3D Direction',(0.,1.,-0.)) ;
#2828=DIRECTION('Axis2P3D Direction',(-1.,0.,0.)) ;
#2829=DIRECTION('Axis2P3D XDirection',(0.,1.,0.)) ;
#2833=DIRECTION('Vector Direction',(0.,-1.,0.)) ;
#2840=DIRECTION('Vector Direction',(0.,0.,1.)) ;
#2847=DIRECTION('Vector Direction',(0.,1.,0.)) ;
#2859=DIRECTION('Axis2P3D Direction',(0.,-1.,0.)) ;
#2860=DIRECTION('Axis2P3D XDirection',(-0.978632794954,0.,0.205615788889)) ;
#2864=DIRECTION('Axis2P3D Direction',(0.,-1.,0.)) ;
#2876=DIRECTION('Axis2P3D Direction',(0.,-1.,0.)) ;
#2877=DIRECTION('Axis2P3D XDirection',(1.,0.,-6.66133814775E-016)) ;
#2881=DIRECTION('Axis2P3D Direction',(0.,-1.,0.)) ;
#2893=DIRECTION('Axis2P3D Direction',(-0.,1.,0.)) ;
#2894=DIRECTION('Axis2P3D XDirection',(1.,0.,0.)) ;
#2898=DIRECTION('Axis2P3D Direction',(-0.,1.,0.)) ;
#2910=DIRECTION('Axis2P3D Direction',(0.,-1.,0.)) ;
#2911=DIRECTION('Axis2P3D XDirection',(0.,0.,1.)) ;
#2915=DIRECTION('Vector Direction',(0.,0.,1.)) ;
#2940=DIRECTION('Axis2P3D Direction',(0.,0.,-1.)) ;
#2941=DIRECTION('Axis2P3D XDirection',(2.83276944882E-016,-1.,0.)) ;
#2945=DIRECTION('Vector Direction',(0.,0.,-1.)) ;
#2957=DIRECTION('Axis2P3D Direction',(1.,0.,0.)) ;
#2958=DIRECTION('Axis2P3D XDirection',(0.,1.,0.)) ;
#2962=DIRECTION('Vector Direction',(0.,0.,1.)) ;
#2974=DIRECTION('Axis2P3D Direction',(0.766044443119,0.,0.642787609687)) ;
#2975=DIRECTION('Axis2P3D XDirection',(-0.642787609687,0.,0.766044443119)) ;
#2979=DIRECTION('Vector Direction',(0.,-1.,0.)) ;
#2984=DIRECTION('Vector Direction',(0.,-1.,0.)) ;
#2996=DIRECTION('Axis2P3D Direction',(0.,1.,-0.)) ;
#2997=DIRECTION('Axis2P3D XDirection',(0.766044443119,0.,0.642787609687)) ;
#3001=DIRECTION('Vector Direction',(0.,1.,0.)) ;
#3013=DIRECTION('Axis2P3D Direction',(-0.766044443119,-0.,-0.642787609687)) ;
#3014=DIRECTION('Axis2P3D XDirection',(0.642787609687,0.,-0.766044443119)) ;
#3018=DIRECTION('Vector Direction',(0.,-1.,0.)) ;
#3030=DIRECTION('Axis2P3D Direction',(0.,1.,-0.)) ;
#3031=DIRECTION('Axis2P3D XDirection',(-0.766044443119,0.,-0.642787609687)) ;
#3042=DIRECTION('Vector Direction',(0.,-1.,0.)) ;
#3054=DIRECTION('Axis2P3D Direction',(0.,1.,-0.)) ;
#3055=DIRECTION('Axis2P3D XDirection',(-0.0871557427477,0.,-0.996194698092)) ;
#3059=DIRECTION('Vector Direction',(0.,1.,0.)) ;
#3071=DIRECTION('Axis2P3D Direction',(0.0871557427477,0.,0.996194698092)) ;
#3072=DIRECTION('Axis2P3D XDirection',(-0.996194698092,0.,0.0871557427477)) ;
#3076=DIRECTION('Vector Direction',(0.,-1.,0.)) ;
#3088=DIRECTION('Axis2P3D Direction',(0.,1.,-0.)) ;
#3089=DIRECTION('Axis2P3D XDirection',(0.0871557427477,0.,0.996194698092)) ;
#3093=DIRECTION('Vector Direction',(0.,1.,0.)) ;
#3105=DIRECTION('Axis2P3D Direction',(0.766044443119,0.,0.642787609687)) ;
#3106=DIRECTION('Axis2P3D XDirection',(-0.642787609687,0.,0.766044443119)) ;
#3110=DIRECTION('Vector Direction',(0.,-1.,0.)) ;
#3122=DIRECTION('Axis2P3D Direction',(0.,1.,-0.)) ;
#3123=DIRECTION('Axis2P3D XDirection',(0.766044443119,0.,0.642787609687)) ;
#3127=DIRECTION('Vector Direction',(0.,1.,0.)) ;
#3139=DIRECTION('Axis2P3D Direction',(0.996194698092,0.,-0.0871557427477)) ;
#3140=DIRECTION('Axis2P3D XDirection',(0.0871557427477,0.,0.996194698092)) ;
#3144=DIRECTION('Vector Direction',(0.,-1.,0.)) ;
#3156=DIRECTION('Axis2P3D Direction',(0.,0.,-1.)) ;
#3157=DIRECTION('Axis2P3D XDirection',(-1.83697019872E-016,1.,-0.)) ;
#3168=DIRECTION('Axis2P3D Direction',(0.,1.,-0.)) ;
#3169=DIRECTION('Axis2P3D XDirection',(-0.766044443119,0.,-0.642787609687)) ;
#15=UNCERTAINTY_MEASURE_WITH_UNIT(LENGTH_MEASURE(0.005),#12,'distance_accuracy_value','CONFUSED CURVE UNCERTAINTY') ;
#18=AXIS2_PLACEMENT_3D(' ',#17,$,$) ;
#34=AXIS2_PLACEMENT_3D('Plane Axis2P3D',#31,#32,#33) ;
#74=AXIS2_PLACEMENT_3D('Cylinder Axis2P3D',#71,#72,#73) ;
#78=AXIS2_PLACEMENT_3D('Circle Axis2P3D',#76,#77,$) ;
#85=AXIS2_PLACEMENT_3D('Circle Axis2P3D',#83,#84,$) ;
#105=AXIS2_PLACEMENT_3D('Plane Axis2P3D',#102,#103,#104) ;
#136=AXIS2_PLACEMENT_3D('Cylinder Axis2P3D',#133,#134,#135) ;
#149=AXIS2_PLACEMENT_3D('Circle Axis2P3D',#147,#148,$) ;
#154=AXIS2_PLACEMENT_3D('Circle Axis2P3D',#152,#153,$) ;
#167=AXIS2_PLACEMENT_3D('Plane Axis2P3D',#164,#165,#166) ;
#180=AXIS2_PLACEMENT_3D('Circle Axis2P3D',#178,#179,$) ;
#206=AXIS2_PLACEMENT_3D('Circle Axis2P3D',#204,#205,$) ;
#220=AXIS2_PLACEMENT_3D('Circle Axis2P3D',#218,#219,$) ;
#234=AXIS2_PLACEMENT_3D('Circle Axis2P3D',#232,#233,$) ;
#248=AXIS2_PLACEMENT_3D('Circle Axis2P3D',#246,#247,$) ;
#262=AXIS2_PLACEMENT_3D('Circle Axis2P3D',#260,#261,$) ;
#287=AXIS2_PLACEMENT_3D('Circle Axis2P3D',#285,#286,$) ;
#303=AXIS2_PLACEMENT_3D('Circle Axis2P3D',#301,#302,$) ;
#323=AXIS2_PLACEMENT_3D('Plane Axis2P3D',#320,#321,#322) ;
#327=AXIS2_PLACEMENT_3D('Circle Axis2P3D',#325,#326,$) ;
#343=AXIS2_PLACEMENT_3D('Circle Axis2P3D',#341,#342,$) ;
#357=AXIS2_PLACEMENT_3D('Circle Axis2P3D',#355,#356,$) ;
#371=AXIS2_PLACEMENT_3D('Circle Axis2P3D',#369,#370,$) ;
#385=AXIS2_PLACEMENT_3D('Circle Axis2P3D',#383,#384,$) ;
#411=AXIS2_PLACEMENT_3D('Circle Axis2P3D',#409,#410,$) ;
#452=AXIS2_PLACEMENT_3D('Circle Axis2P3D',#450,#451,$) ;
#466=AXIS2_PLACEMENT_3D('Circle Axis2P3D',#464,#465,$) ;
#479=AXIS2_PLACEMENT_3D('Plane Axis2P3D',#476,#477,#478) ;
#492=AXIS2_PLACEMENT_3D('Circle Axis2P3D',#490,#491,$) ;
#506=AXIS2_PLACEMENT_3D('Circle Axis2P3D',#504,#505,$) ;
#511=AXIS2_PLACEMENT_3D('Circle Axis2P3D',#509,#510,$) ;
#525=AXIS2_PLACEMENT_3D('Circle Axis2P3D',#523,#524,$) ;
#560=AXIS2_PLACEMENT_3D('Cylinder Axis2P3D',#557,#558,#559) ;
#564=AXIS2_PLACEMENT_3D('Circle Axis2P3D',#562,#563,$) ;
#571=AXIS2_PLACEMENT_3D('Circle Axis2P3D',#569,#570,$) ;
#591=AXIS2_PLACEMENT_3D('Plane Axis2P3D',#588,#589,#590) ;
#613=AXIS2_PLACEMENT_3D('Cylinder Axis2P3D',#610,#611,#612) ;
#630=AXIS2_PLACEMENT_3D('Cylinder Axis2P3D',#627,#628,#629) ;
#647=AXIS2_PLACEMENT_3D('Plane Axis2P3D',#644,#645,#646) ;
#651=AXIS2_PLACEMENT_3D('Circle Axis2P3D',#649,#650,$) ;
#665=AXIS2_PLACEMENT_3D('Circle Axis2P3D',#663,#664,$) ;
#679=AXIS2_PLACEMENT_3D('Circle Axis2P3D',#677,#678,$) ;
#693=AXIS2_PLACEMENT_3D('Circle Axis2P3D',#691,#692,$) ;
#712=AXIS2_PLACEMENT_3D('Cylinder Axis2P3D',#709,#710,#711) ;
#729=AXIS2_PLACEMENT_3D('Plane Axis2P3D',#726,#727,#728) ;
#760=AXIS2_PLACEMENT_3D('Plane Axis2P3D',#757,#758,#759) ;
#904=AXIS2_PLACEMENT_3D('Cylinder Axis2P3D',#901,#902,#903) ;
#921=AXIS2_PLACEMENT_3D('Plane Axis2P3D',#918,#919,#920) ;
#933=AXIS2_PLACEMENT_3D('Cylinder Axis2P3D',#930,#931,#932) ;
#979=AXIS2_PLACEMENT_3D('Plane Axis2P3D',#976,#977,#978) ;
#1018=AXIS2_PLACEMENT_3D('Plane Axis2P3D',#1015,#1016,#1017) ;
#1049=AXIS2_PLACEMENT_3D('Cylinder Axis2P3D',#1046,#1047,#1048) ;
#1053=AXIS2_PLACEMENT_3D('Circle Axis2P3D',#1051,#1052,$) ;
#1067=AXIS2_PLACEMENT_3D('Circle Axis2P3D',#1065,#1066,$) ;
#1099=AXIS2_PLACEMENT_3D('Plane Axis2P3D',#1096,#1097,#1098) ;
#1213=AXIS2_PLACEMENT_3D('Plane Axis2P3D',#1210,#1211,#1212) ;
#1224=AXIS2_PLACEMENT_3D('Circle Axis2P3D',#1222,#1223,$) ;
#1237=AXIS2_PLACEMENT_3D('Plane Axis2P3D',#1234,#1235,#1236) ;
#1542=AXIS2_PLACEMENT_3D('Cylinder Axis2P3D',#1539,#1540,#1541) ;
#1588=AXIS2_PLACEMENT_3D('Plane Axis2P3D',#1585,#1586,#1587) ;
#1612=AXIS2_PLACEMENT_3D('Cylinder Axis2P3D',#1609,#1610,#1611) ;
#1630=AXIS2_PLACEMENT_3D('Circle Axis2P3D',#1628,#1629,$) ;
#1643=AXIS2_PLACEMENT_3D('Plane Axis2P3D',#1640,#1641,#1642) ;
#1667=AXIS2_PLACEMENT_3D('Cylinder Axis2P3D',#1664,#1665,#1666) ;
#1671=AXIS2_PLACEMENT_3D('Circle Axis2P3D',#1669,#1670,$) ;
#1691=AXIS2_PLACEMENT_3D('Cylinder Axis2P3D',#1688,#1689,#1690) ;
#1702=AXIS2_PLACEMENT_3D('Circle Axis2P3D',#1700,#1701,$) ;
#1741=AXIS2_PLACEMENT_3D('Cylinder Axis2P3D',#1738,#1739,#1740) ;
#1752=AXIS2_PLACEMENT_3D('Circle Axis2P3D',#1750,#1751,$) ;
#1765=AXIS2_PLACEMENT_3D('Cylinder Axis2P3D',#1762,#1763,#1764) ;
#1769=AXIS2_PLACEMENT_3D('Circle Axis2P3D',#1767,#1768,$) ;
#1783=AXIS2_PLACEMENT_3D('Circle Axis2P3D',#1781,#1782,$) ;
#1796=AXIS2_PLACEMENT_3D('Plane Axis2P3D',#1793,#1794,#1795) ;
#1814=AXIS2_PLACEMENT_3D('Circle Axis2P3D',#1812,#1813,$) ;
#1828=AXIS2_PLACEMENT_3D('Circle Axis2P3D',#1826,#1827,$) ;
#1843=AXIS2_PLACEMENT_3D('Plane Axis2P3D',#1840,#1841,#1842) ;
#1874=AXIS2_PLACEMENT_3D('Plane Axis2P3D',#1871,#1872,#1873) ;
#1878=AXIS2_PLACEMENT_3D('Circle Axis2P3D',#1876,#1877,$) ;
#1885=AXIS2_PLACEMENT_3D('Circle Axis2P3D',#1883,#1884,$) ;
#1921=AXIS2_PLACEMENT_3D('Cylinder Axis2P3D',#1918,#1919,#1920) ;
#1925=AXIS2_PLACEMENT_3D('Circle Axis2P3D',#1923,#1924,$) ;
#1932=AXIS2_PLACEMENT_3D('Circle Axis2P3D',#1930,#1931,$) ;
#1952=AXIS2_PLACEMENT_3D('Cylinder Axis2P3D',#1949,#1950,#1951) ;
#1969=AXIS2_PLACEMENT_3D('Cylinder Axis2P3D',#1966,#1967,#1968) ;
#1986=AXIS2_PLACEMENT_3D('Plane Axis2P3D',#1983,#1984,#1985) ;
#2219=AXIS2_PLACEMENT_3D('Cylinder Axis2P3D',#2216,#2217,#2218) ;
#2248=AXIS2_PLACEMENT_3D('Cylinder Axis2P3D',#2245,#2246,#2247) ;
#2277=AXIS2_PLACEMENT_3D('Plane Axis2P3D',#2274,#2275,#2276) ;
#2294=AXIS2_PLACEMENT_3D('Cylinder Axis2P3D',#2291,#2292,#2293) ;
#2311=AXIS2_PLACEMENT_3D('Plane Axis2P3D',#2308,#2309,#2310) ;
#2328=AXIS2_PLACEMENT_3D('Cylinder Axis2P3D',#2325,#2326,#2327) ;
#2345=AXIS2_PLACEMENT_3D('Plane Axis2P3D',#2342,#2343,#2344) ;
#2362=AXIS2_PLACEMENT_3D('Cylinder Axis2P3D',#2359,#2360,#2361) ;
#2379=AXIS2_PLACEMENT_3D('Plane Axis2P3D',#2376,#2377,#2378) ;
#2396=AXIS2_PLACEMENT_3D('Cylinder Axis2P3D',#2393,#2394,#2395) ;
#2424=AXIS2_PLACEMENT_3D('Plane Axis2P3D',#2421,#2422,#2423) ;
#2445=AXIS2_PLACEMENT_3D('Cylinder Axis2P3D',#2442,#2443,#2444) ;
#2462=AXIS2_PLACEMENT_3D('Plane Axis2P3D',#2459,#2460,#2461) ;
#2479=AXIS2_PLACEMENT_3D('Cylinder Axis2P3D',#2476,#2477,#2478) ;
#2496=AXIS2_PLACEMENT_3D('Plane Axis2P3D',#2493,#2494,#2495) ;
#2513=AXIS2_PLACEMENT_3D('Cylinder Axis2P3D',#2510,#2511,#2512) ;
#2530=AXIS2_PLACEMENT_3D('Plane Axis2P3D',#2527,#2528,#2529) ;
#2547=AXIS2_PLACEMENT_3D('Cylinder Axis2P3D',#2544,#2545,#2546) ;
#2571=AXIS2_PLACEMENT_3D('Plane Axis2P3D',#2568,#2569,#2570) ;
#2583=AXIS2_PLACEMENT_3D('Cylinder Axis2P3D',#2580,#2581,#2582) ;
#2587=AXIS2_PLACEMENT_3D('Circle Axis2P3D',#2585,#2586,$) ;
#2602=AXIS2_PLACEMENT_3D('Plane Axis2P3D',#2599,#2600,#2601) ;
#2614=AXIS2_PLACEMENT_3D('Cylinder Axis2P3D',#2611,#2612,#2613) ;
#2631=AXIS2_PLACEMENT_3D('Plane Axis2P3D',#2628,#2629,#2630) ;
#2744=AXIS2_PLACEMENT_3D('Cylinder Axis2P3D',#2741,#2742,#2743) ;
#2755=AXIS2_PLACEMENT_3D('Circle Axis2P3D',#2753,#2754,$) ;
#2774=AXIS2_PLACEMENT_3D('Circle Axis2P3D',#2772,#2773,$) ;
#2787=AXIS2_PLACEMENT_3D('Cylinder Axis2P3D',#2784,#2785,#2786) ;
#2798=AXIS2_PLACEMENT_3D('Circle Axis2P3D',#2796,#2797,$) ;
#2817=AXIS2_PLACEMENT_3D('Circle Axis2P3D',#2815,#2816,$) ;
#2830=AXIS2_PLACEMENT_3D('Plane Axis2P3D',#2827,#2828,#2829) ;
#2861=AXIS2_PLACEMENT_3D('Cylinder Axis2P3D',#2858,#2859,#2860) ;
#2865=AXIS2_PLACEMENT_3D('Circle Axis2P3D',#2863,#2864,$) ;
#2878=AXIS2_PLACEMENT_3D('Cylinder Axis2P3D',#2875,#2876,#2877) ;
#2882=AXIS2_PLACEMENT_3D('Circle Axis2P3D',#2880,#2881,$) ;
#2895=AXIS2_PLACEMENT_3D('Cylinder Axis2P3D',#2892,#2893,#2894) ;
#2899=AXIS2_PLACEMENT_3D('Circle Axis2P3D',#2897,#2898,$) ;
#2912=AXIS2_PLACEMENT_3D('Plane Axis2P3D',#2909,#2910,#2911) ;
#2942=AXIS2_PLACEMENT_3D('Cylinder Axis2P3D',#2939,#2940,#2941) ;
#2959=AXIS2_PLACEMENT_3D('Plane Axis2P3D',#2956,#2957,#2958) ;
#2976=AXIS2_PLACEMENT_3D('Plane Axis2P3D',#2973,#2974,#2975) ;
#2998=AXIS2_PLACEMENT_3D('Cylinder Axis2P3D',#2995,#2996,#2997) ;
#3015=AXIS2_PLACEMENT_3D('Plane Axis2P3D',#3012,#3013,#3014) ;
#3032=AXIS2_PLACEMENT_3D('Cylinder Axis2P3D',#3029,#3030,#3031) ;
#3056=AXIS2_PLACEMENT_3D('Cylinder Axis2P3D',#3053,#3054,#3055) ;
#3073=AXIS2_PLACEMENT_3D('Plane Axis2P3D',#3070,#3071,#3072) ;
#3090=AXIS2_PLACEMENT_3D('Cylinder Axis2P3D',#3087,#3088,#3089) ;
#3107=AXIS2_PLACEMENT_3D('Plane Axis2P3D',#3104,#3105,#3106) ;
#3124=AXIS2_PLACEMENT_3D('Cylinder Axis2P3D',#3121,#3122,#3123) ;
#3141=AXIS2_PLACEMENT_3D('Plane Axis2P3D',#3138,#3139,#3140) ;
#3158=AXIS2_PLACEMENT_3D('Cylinder Axis2P3D',#3155,#3156,#3157) ;
#3170=AXIS2_PLACEMENT_3D('Cylinder Axis2P3D',#3167,#3168,#3169) ;
#39=LINE('Line',#36,#38) ;
#48=LINE('Line',#45,#47) ;
#55=LINE('Line',#52,#54) ;
#62=LINE('Line',#59,#61) ;
#93=LINE('Line',#90,#92) ;
#110=LINE('Line',#107,#109) ;
#117=LINE('Line',#114,#116) ;
#124=LINE('Line',#121,#123) ;
#141=LINE('Line',#138,#140) ;
#172=LINE('Line',#169,#171) ;
#188=LINE('Line',#185,#187) ;
#195=LINE('Line',#192,#194) ;
#202=LINE('Line',#199,#201) ;
#214=LINE('Line',#211,#213) ;
#228=LINE('Line',#225,#227) ;
#242=LINE('Line',#239,#241) ;
#256=LINE('Line',#253,#255) ;
#297=LINE('Line',#294,#296) ;
#311=LINE('Line',#308,#310) ;
#337=LINE('Line',#334,#336) ;
#351=LINE('Line',#348,#350) ;
#365=LINE('Line',#362,#364) ;
#379=LINE('Line',#376,#378) ;
#391=LINE('Line',#388,#390) ;
#398=LINE('Line',#395,#397) ;
#405=LINE('Line',#402,#404) ;
#419=LINE('Line',#416,#418) ;
#444=LINE('Line',#441,#443) ;
#460=LINE('Line',#457,#459) ;
#484=LINE('Line',#481,#483) ;
#500=LINE('Line',#497,#499) ;
#519=LINE('Line',#516,#518) ;
#533=LINE('Line',#530,#532) ;
#540=LINE('Line',#537,#539) ;
#579=LINE('Line',#576,#578) ;
#596=LINE('Line',#593,#595) ;
#601=LINE('Line',#598,#600) ;
#618=LINE('Line',#615,#617) ;
#635=LINE('Line',#632,#634) ;
#659=LINE('Line',#656,#658) ;
#673=LINE('Line',#670,#672) ;
#687=LINE('Line',#684,#686) ;
#717=LINE('Line',#714,#716) ;
#734=LINE('Line',#731,#733) ;
#741=LINE('Line',#738,#740) ;
#748=LINE('Line',#745,#747) ;
#773=LINE('Line',#770,#772) ;
#788=LINE('Line',#785,#787) ;
#803=LINE('Line',#800,#802) ;
#909=LINE('Line',#906,#908) ;
#966=LINE('Line',#963,#965) ;
#998=LINE('Line',#995,#997) ;
#1005=LINE('Line',#1002,#1004) ;
#1023=LINE('Line',#1020,#1022) ;
#1030=LINE('Line',#1027,#1029) ;
#1037=LINE('Line',#1034,#1036) ;
#1061=LINE('Line',#1058,#1060) ;
#1112=LINE('Line',#1109,#1111) ;
#1125=LINE('Line',#1122,#1124) ;
#1218=LINE('Line',#1215,#1217) ;
#1252=LINE('Line',#1249,#1251) ;
#1293=LINE('Line',#1290,#1292) ;
#1298=LINE('Line',#1295,#1297) ;
#1547=LINE('Line',#1544,#1546) ;
#1593=LINE('Line',#1590,#1592) ;
#1600=LINE('Line',#1597,#1599) ;
#1617=LINE('Line',#1614,#1616) ;
#1624=LINE('Line',#1621,#1623) ;
#1648=LINE('Line',#1645,#1647) ;
#1655=LINE('Line',#1652,#1654) ;
#1679=LINE('Line',#1676,#1678) ;
#1696=LINE('Line',#1693,#1695) ;
#1715=LINE('Line',#1712,#1714) ;
#1722=LINE('Line',#1719,#1721) ;
#1729=LINE('Line',#1726,#1728) ;
#1746=LINE('Line',#1743,#1745) ;
#1777=LINE('Line',#1774,#1776) ;
#1801=LINE('Line',#1798,#1800) ;
#1808=LINE('Line',#1805,#1807) ;
#1822=LINE('Line',#1819,#1821) ;
#1848=LINE('Line',#1845,#1847) ;
#1855=LINE('Line',#1852,#1854) ;
#1862=LINE('Line',#1859,#1861) ;
#1893=LINE('Line',#1890,#1892) ;
#1900=LINE('Line',#1897,#1899) ;
#1907=LINE('Line',#1904,#1906) ;
#1940=LINE('Line',#1937,#1939) ;
#1957=LINE('Line',#1954,#1956) ;
#1974=LINE('Line',#1971,#1973) ;
#2119=LINE('Line',#2116,#2118) ;
#2224=LINE('Line',#2221,#2223) ;
#2229=LINE('Line',#2226,#2228) ;
#2253=LINE('Line',#2250,#2252) ;
#2258=LINE('Line',#2255,#2257) ;
#2282=LINE('Line',#2279,#2281) ;
#2299=LINE('Line',#2296,#2298) ;
#2316=LINE('Line',#2313,#2315) ;
#2333=LINE('Line',#2330,#2332) ;
#2350=LINE('Line',#2347,#2349) ;
#2367=LINE('Line',#2364,#2366) ;
#2384=LINE('Line',#2381,#2383) ;
#2401=LINE('Line',#2398,#2400) ;
#2429=LINE('Line',#2426,#2428) ;
#2450=LINE('Line',#2447,#2449) ;
#2467=LINE('Line',#2464,#2466) ;
#2484=LINE('Line',#2481,#2483) ;
#2501=LINE('Line',#2498,#2500) ;
#2518=LINE('Line',#2515,#2517) ;
#2535=LINE('Line',#2532,#2534) ;
#2552=LINE('Line',#2549,#2551) ;
#2619=LINE('Line',#2616,#2618) ;
#2636=LINE('Line',#2633,#2635) ;
#2749=LINE('Line',#2746,#2748) ;
#2763=LINE('Line',#2760,#2762) ;
#2792=LINE('Line',#2789,#2791) ;
#2806=LINE('Line',#2803,#2805) ;
#2835=LINE('Line',#2832,#2834) ;
#2842=LINE('Line',#2839,#2841) ;
#2849=LINE('Line',#2846,#2848) ;
#2917=LINE('Line',#2914,#2916) ;
#2947=LINE('Line',#2944,#2946) ;
#2964=LINE('Line',#2961,#2963) ;
#2981=LINE('Line',#2978,#2980) ;
#2986=LINE('Line',#2983,#2985) ;
#3003=LINE('Line',#3000,#3002) ;
#3020=LINE('Line',#3017,#3019) ;
#3044=LINE('Line',#3041,#3043) ;
#3061=LINE('Line',#3058,#3060) ;
#3078=LINE('Line',#3075,#3077) ;
#3095=LINE('Line',#3092,#3094) ;
#3112=LINE('Line',#3109,#3111) ;
#3129=LINE('Line',#3126,#3128) ;
#3146=LINE('Line',#3143,#3145) ;
#79=CIRCLE('generated circle',#78,2.) ;
#86=CIRCLE('generated circle',#85,2.) ;
#150=CIRCLE('generated circle',#149,10.) ;
#155=CIRCLE('generated circle',#154,10.) ;
#181=CIRCLE('generated circle',#180,10.) ;
#207=CIRCLE('generated circle',#206,2.) ;
#221=CIRCLE('generated circle',#220,2.) ;
#235=CIRCLE('generated circle',#234,2.) ;
#249=CIRCLE('generated circle',#248,2.) ;
#263=CIRCLE('generated circle',#262,2.) ;
#288=CIRCLE('generated circle',#287,3.) ;
#304=CIRCLE('generated circle',#303,3.) ;
#328=CIRCLE('generated circle',#327,2.) ;
#344=CIRCLE('generated circle',#343,2.) ;
#358=CIRCLE('generated circle',#357,2.) ;
#372=CIRCLE('generated circle',#371,2.) ;
#386=CIRCLE('generated circle',#385,2.) ;
#412=CIRCLE('generated circle',#411,10.) ;
#453=CIRCLE('generated circle',#452,3.) ;
#467=CIRCLE('generated circle',#466,3.) ;
#493=CIRCLE('generated circle',#492,17.) ;
#507=CIRCLE('generated circle',#506,11.) ;
#512=CIRCLE('generated circle',#511,17.) ;
#526=CIRCLE('generated circle',#525,11.) ;
#565=CIRCLE('generated circle',#564,5.) ;
#572=CIRCLE('generated circle',#571,5.) ;
#652=CIRCLE('generated circle',#651,11.) ;
#666=CIRCLE('generated circle',#665,17.) ;
#680=CIRCLE('generated circle',#679,11.) ;
#694=CIRCLE('generated circle',#693,17.) ;
#1054=CIRCLE('generated circle',#1053,11.) ;
#1068=CIRCLE('generated circle',#1067,11.) ;
#1225=CIRCLE('generated circle',#1224,17.) ;
#1631=CIRCLE('generated circle',#1630,5.) ;
#1672=CIRCLE('generated circle',#1671,12.5) ;
#1703=CIRCLE('generated circle',#1702,12.5) ;
#1753=CIRCLE('generated circle',#1752,1.) ;
#1770=CIRCLE('generated circle',#1769,17.) ;
#1784=CIRCLE('generated circle',#1783,17.) ;
#1815=CIRCLE('generated circle',#1814,12.5) ;
#1829=CIRCLE('generated circle',#1828,12.5) ;
#1879=CIRCLE('generated circle',#1878,12.5) ;
#1886=CIRCLE('generated circle',#1885,12.5) ;
#1926=CIRCLE('generated circle',#1925,11.) ;
#1933=CIRCLE('generated circle',#1932,11.) ;
#2588=CIRCLE('generated circle',#2587,17.) ;
#2756=CIRCLE('generated circle',#2755,4.5) ;
#2775=CIRCLE('generated circle',#2774,4.5) ;
#2799=CIRCLE('generated circle',#2798,4.5) ;
#2818=CIRCLE('generated circle',#2817,4.5) ;
#2866=CIRCLE('generated circle',#2865,5.) ;
#2883=CIRCLE('generated circle',#2882,5.) ;
#2900=CIRCLE('generated circle',#2899,2.) ;
#35=PLANE('',#34) ;
#106=PLANE('',#105) ;
#168=PLANE('',#167) ;
#324=PLANE('',#323) ;
#480=PLANE('',#479) ;
#592=PLANE('',#591) ;
#648=PLANE('',#647) ;
#730=PLANE('',#729) ;
#761=PLANE('',#760) ;
#922=PLANE('',#921) ;
#980=PLANE('',#979) ;
#1019=PLANE('',#1018) ;
#1100=PLANE('',#1099) ;
#1214=PLANE('',#1213) ;
#1238=PLANE('',#1237) ;
#1589=PLANE('',#1588) ;
#1644=PLANE('',#1643) ;
#1797=PLANE('',#1796) ;
#1844=PLANE('',#1843) ;
#1875=PLANE('',#1874) ;
#1987=PLANE('',#1986) ;
#2278=PLANE('',#2277) ;
#2312=PLANE('',#2311) ;
#2346=PLANE('',#2345) ;
#2380=PLANE('',#2379) ;
#2425=PLANE('',#2424) ;
#2463=PLANE('',#2462) ;
#2497=PLANE('',#2496) ;
#2531=PLANE('',#2530) ;
#2572=PLANE('',#2571) ;
#2603=PLANE('',#2602) ;
#2632=PLANE('',#2631) ;
#2831=PLANE('',#2830) ;
#2913=PLANE('',#2912) ;
#2960=PLANE('',#2959) ;
#2977=PLANE('',#2976) ;
#3016=PLANE('',#3015) ;
#3074=PLANE('',#3073) ;
#3108=PLANE('',#3107) ;
#3142=PLANE('',#3141) ;
#75=CYLINDRICAL_SURFACE('generated cylinder',#74,2.) ;
#137=CYLINDRICAL_SURFACE('generated cylinder',#136,10.) ;
#561=CYLINDRICAL_SURFACE('generated cylinder',#560,5.) ;
#614=CYLINDRICAL_SURFACE('generated cylinder',#613,2.) ;
#631=CYLINDRICAL_SURFACE('generated cylinder',#630,10.) ;
#713=CYLINDRICAL_SURFACE('generated cylinder',#712,11.) ;
#905=CYLINDRICAL_SURFACE('generated cylinder',#904,17.) ;
#934=CYLINDRICAL_SURFACE('generated cylinder',#933,17.) ;
#1050=CYLINDRICAL_SURFACE('generated cylinder',#1049,11.) ;
#1543=CYLINDRICAL_SURFACE('generated cylinder',#1542,11.) ;
#1613=CYLINDRICAL_SURFACE('generated cylinder',#1612,5.) ;
#1668=CYLINDRICAL_SURFACE('generated cylinder',#1667,12.5) ;
#1692=CYLINDRICAL_SURFACE('generated cylinder',#1691,12.5) ;
#1742=CYLINDRICAL_SURFACE('generated cylinder',#1741,1.) ;
#1766=CYLINDRICAL_SURFACE('generated cylinder',#1765,17.) ;
#1922=CYLINDRICAL_SURFACE('generated cylinder',#1921,11.) ;
#1953=CYLINDRICAL_SURFACE('generated cylinder',#1952,12.5) ;
#1970=CYLINDRICAL_SURFACE('generated cylinder',#1969,12.5) ;
#2220=CYLINDRICAL_SURFACE('generated cylinder',#2219,2.4585) ;
#2249=CYLINDRICAL_SURFACE('generated cylinder',#2248,2.4585) ;
#2295=CYLINDRICAL_SURFACE('generated cylinder',#2294,2.) ;
#2329=CYLINDRICAL_SURFACE('generated cylinder',#2328,2.) ;
#2363=CYLINDRICAL_SURFACE('generated cylinder',#2362,2.) ;
#2397=CYLINDRICAL_SURFACE('generated cylinder',#2396,2.) ;
#2446=CYLINDRICAL_SURFACE('generated cylinder',#2445,2.) ;
#2480=CYLINDRICAL_SURFACE('generated cylinder',#2479,2.) ;
#2514=CYLINDRICAL_SURFACE('generated cylinder',#2513,2.) ;
#2548=CYLINDRICAL_SURFACE('generated cylinder',#2547,2.) ;
#2584=CYLINDRICAL_SURFACE('generated cylinder',#2583,17.) ;
#2615=CYLINDRICAL_SURFACE('generated cylinder',#2614,5.) ;
#2745=CYLINDRICAL_SURFACE('generated cylinder',#2744,4.5) ;
#2788=CYLINDRICAL_SURFACE('generated cylinder',#2787,4.5) ;
#2862=CYLINDRICAL_SURFACE('generated cylinder',#2861,5.) ;
#2879=CYLINDRICAL_SURFACE('generated cylinder',#2878,5.) ;
#2896=CYLINDRICAL_SURFACE('generated cylinder',#2895,2.) ;
#2943=CYLINDRICAL_SURFACE('generated cylinder',#2942,11.) ;
#2999=CYLINDRICAL_SURFACE('generated cylinder',#2998,3.) ;
#3033=CYLINDRICAL_SURFACE('generated cylinder',#3032,3.) ;
#3057=CYLINDRICAL_SURFACE('generated cylinder',#3056,2.) ;
#3091=CYLINDRICAL_SURFACE('generated cylinder',#3090,2.) ;
#3125=CYLINDRICAL_SURFACE('generated cylinder',#3124,2.) ;
#3159=CYLINDRICAL_SURFACE('generated cylinder',#3158,17.) ;
#3171=CYLINDRICAL_SURFACE('generated cylinder',#3170,2.) ;
#318=FACE_BOUND('',#313,.T.) ;
#474=FACE_BOUND('',#469,.T.) ;
#857=FACE_BOUND('',#854,.T.) ;
#899=FACE_BOUND('',#896,.T.) ;
#1507=FACE_BOUND('',#1504,.T.) ;
#1537=FACE_BOUND('',#1534,.T.) ;
#2184=FACE_BOUND('',#2181,.T.) ;
#2214=FACE_BOUND('',#2211,.T.) ;
#2933=FACE_BOUND('',#2930,.T.) ;
#2937=FACE_BOUND('',#2934,.T.) ;
#44=EDGE_CURVE('',#41,#43,#39,.T.) ;
#51=EDGE_CURVE('',#43,#50,#48,.T.) ;
#58=EDGE_CURVE('',#57,#50,#55,.T.) ;
#63=EDGE_CURVE('',#57,#41,#62,.F.) ;
#82=EDGE_CURVE('',#81,#43,#79,.F.) ;
#89=EDGE_CURVE('',#41,#88,#86,.T.) ;
#94=EDGE_CURVE('',#88,#81,#93,.T.) ;
#113=EDGE_CURVE('',#112,#88,#110,.T.) ;
#120=EDGE_CURVE('',#119,#112,#117,.F.) ;
#125=EDGE_CURVE('',#119,#81,#124,.T.) ;
#146=EDGE_CURVE('',#143,#145,#141,.F.) ;
#151=EDGE_CURVE('',#119,#143,#150,.F.) ;
#156=EDGE_CURVE('',#145,#112,#155,.T.) ;
#177=EDGE_CURVE('',#174,#176,#172,.T.) ;
#184=EDGE_CURVE('',#183,#176,#181,.F.) ;
#191=EDGE_CURVE('',#183,#190,#188,.T.) ;
#198=EDGE_CURVE('',#197,#190,#195,.T.) ;
#203=EDGE_CURVE('',#197,#145,#202,.T.) ;
#210=EDGE_CURVE('',#209,#57,#207,.F.) ;
#217=EDGE_CURVE('',#216,#209,#214,.F.) ;
#224=EDGE_CURVE('',#223,#216,#221,.T.) ;
#231=EDGE_CURVE('',#230,#223,#228,.F.) ;
#238=EDGE_CURVE('',#237,#230,#235,.T.) ;
#245=EDGE_CURVE('',#244,#237,#242,.F.) ;
#252=EDGE_CURVE('',#251,#244,#249,.F.) ;
#259=EDGE_CURVE('',#258,#251,#256,.F.) ;
#264=EDGE_CURVE('',#174,#258,#263,.F.) ;
#293=EDGE_CURVE('',#290,#292,#288,.T.) ;
#300=EDGE_CURVE('',#299,#290,#297,.F.) ;
#307=EDGE_CURVE('',#306,#299,#304,.T.) ;
#312=EDGE_CURVE('',#292,#306,#311,.F.) ;
#333=EDGE_CURVE('',#330,#332,#328,.T.) ;
#340=EDGE_CURVE('',#339,#330,#337,.T.) ;
#347=EDGE_CURVE('',#346,#339,#344,.T.) ;
#354=EDGE_CURVE('',#353,#346,#351,.T.) ;
#361=EDGE_CURVE('',#353,#360,#358,.T.) ;
#368=EDGE_CURVE('',#367,#360,#365,.T.) ;
#375=EDGE_CURVE('',#367,#374,#372,.T.) ;
#382=EDGE_CURVE('',#381,#374,#379,.T.) ;
#387=EDGE_CURVE('',#50,#381,#386,.T.) ;
#394=EDGE_CURVE('',#393,#143,#391,.T.) ;
#401=EDGE_CURVE('',#393,#400,#398,.T.) ;
#408=EDGE_CURVE('',#407,#400,#405,.T.) ;
#415=EDGE_CURVE('',#414,#407,#412,.T.) ;
#420=EDGE_CURVE('',#332,#414,#419,.T.) ;
#449=EDGE_CURVE('',#446,#448,#444,.T.) ;
#456=EDGE_CURVE('',#446,#455,#453,.T.) ;
#463=EDGE_CURVE('',#462,#455,#460,.T.) ;
#468=EDGE_CURVE('',#462,#448,#467,.T.) ;
#489=EDGE_CURVE('',#486,#488,#484,.T.) ;
#496=EDGE_CURVE('',#488,#495,#493,.T.) ;
#503=EDGE_CURVE('',#495,#502,#500,.T.) ;
#508=EDGE_CURVE('',#393,#502,#507,.T.) ;
#515=EDGE_CURVE('',#197,#514,#512,.T.) ;
#522=EDGE_CURVE('',#521,#514,#519,.T.) ;
#529=EDGE_CURVE('',#528,#521,#526,.T.) ;
#536=EDGE_CURVE('',#535,#528,#533,.T.) ;
#541=EDGE_CURVE('',#535,#486,#540,.T.) ;
#568=EDGE_CURVE('',#567,#486,#565,.F.) ;
#575=EDGE_CURVE('',#535,#574,#572,.T.) ;
#580=EDGE_CURVE('',#574,#567,#579,.T.) ;
#597=EDGE_CURVE('',#174,#332,#596,.T.) ;
#602=EDGE_CURVE('',#176,#414,#601,.T.) ;
#619=EDGE_CURVE('',#258,#330,#618,.T.) ;
#636=EDGE_CURVE('',#183,#407,#635,.T.) ;
#655=EDGE_CURVE('',#400,#654,#652,.T.) ;
#662=EDGE_CURVE('',#661,#654,#659,.T.) ;
#669=EDGE_CURVE('',#668,#661,#666,.T.) ;
#676=EDGE_CURVE('',#675,#668,#673,.F.) ;
#683=EDGE_CURVE('',#675,#682,#680,.T.) ;
#690=EDGE_CURVE('',#682,#689,#687,.T.) ;
#695=EDGE_CURVE('',#190,#689,#694,.T.) ;
#718=EDGE_CURVE('',#502,#654,#717,.F.) ;
#737=EDGE_CURVE('',#574,#736,#734,.T.) ;
#744=EDGE_CURVE('',#743,#736,#741,.F.) ;
#749=EDGE_CURVE('',#567,#743,#748,.T.) ;
#769=EDGE_CURVE('',#768,#743,#762,.F.) ;
#776=EDGE_CURVE('',#768,#775,#773,.T.) ;
#784=EDGE_CURVE('',#783,#775,#777,.F.) ;
#791=EDGE_CURVE('',#790,#783,#788,.T.) ;
#799=EDGE_CURVE('',#790,#668,#792,.F.) ;
#804=EDGE_CURVE('',#488,#668,#803,.T.) ;
#836=EDGE_CURVE('',#833,#835,#816,.T.) ;
#853=EDGE_CURVE('',#835,#833,#837,.T.) ;
#878=EDGE_CURVE('',#875,#877,#858,.T.) ;
#895=EDGE_CURVE('',#877,#875,#879,.T.) ;
#910=EDGE_CURVE('',#495,#661,#909,.F.) ;
#944=EDGE_CURVE('',#775,#943,#935,.T.) ;
#953=EDGE_CURVE('',#952,#768,#945,.T.) ;
#962=EDGE_CURVE('',#961,#952,#954,.T.) ;
#967=EDGE_CURVE('',#961,#943,#966,.T.) ;
#986=EDGE_CURVE('',#943,#985,#981,.T.) ;
#994=EDGE_CURVE('',#993,#961,#987,.T.) ;
#1001=EDGE_CURVE('',#993,#1000,#998,.T.) ;
#1006=EDGE_CURVE('',#1000,#985,#1005,.T.) ;
#1026=EDGE_CURVE('',#993,#1025,#1023,.T.) ;
#1033=EDGE_CURVE('',#1025,#1032,#1030,.T.) ;
#1038=EDGE_CURVE('',#1000,#1032,#1037,.T.) ;
#1057=EDGE_CURVE('',#1056,#1000,#1054,.T.) ;
#1064=EDGE_CURVE('',#1056,#1063,#1061,.T.) ;
#1071=EDGE_CURVE('',#1063,#1070,#1068,.T.) ;
#1080=EDGE_CURVE('',#1070,#1079,#1072,.T.) ;
#1086=EDGE_CURVE('',#1079,#985,#1081,.T.) ;
#1108=EDGE_CURVE('',#1105,#1107,#1101,.T.) ;
#1113=EDGE_CURVE('',#1032,#1107,#1112,.T.) ;
#1121=EDGE_CURVE('',#1025,#1120,#1114,.T.) ;
#1126=EDGE_CURVE('',#1120,#1105,#1125,.T.) ;
#1153=EDGE_CURVE('',#1079,#1152,#1148,.T.) ;
#1159=EDGE_CURVE('',#1152,#1107,#1154,.T.) ;
#1163=EDGE_CURVE('',#985,#1107,#1160,.T.) ;
#1195=EDGE_CURVE('',#1070,#1194,#1190,.T.) ;
#1202=EDGE_CURVE('',#1194,#1152,#1196,.T.) ;
#1221=EDGE_CURVE('',#1063,#1220,#1218,.T.) ;
#1226=EDGE_CURVE('',#1220,#1194,#1225,.F.) ;
#1248=EDGE_CURVE('',#1245,#1247,#1239,.F.) ;
#1255=EDGE_CURVE('',#1247,#1254,#1252,.T.) ;
#1274=EDGE_CURVE('',#1254,#1273,#1256,.T.) ;
#1280=EDGE_CURVE('',#1279,#1273,#1275,.T.) ;
#1289=EDGE_CURVE('',#1279,#1288,#1281,.T.) ;
#1294=EDGE_CURVE('',#1063,#1288,#1293,.T.) ;
#1301=EDGE_CURVE('',#1056,#1300,#1298,.T.) ;
#1311=EDGE_CURVE('',#1300,#1310,#1302,.F.) ;
#1317=EDGE_CURVE('',#1316,#1310,#1312,.T.) ;
#1326=EDGE_CURVE('',#1325,#1316,#1318,.F.) ;
#1332=EDGE_CURVE('',#1331,#1325,#1327,.T.) ;
#1341=EDGE_CURVE('',#1340,#1331,#1333,.T.) ;
#1347=EDGE_CURVE('',#1346,#1340,#1342,.T.) ;
#1356=EDGE_CURVE('',#1355,#1346,#1348,.T.) ;
#1362=EDGE_CURVE('',#1361,#1355,#1357,.T.) ;
#1371=EDGE_CURVE('',#1370,#1361,#1363,.F.) ;
#1377=EDGE_CURVE('',#1376,#1370,#1372,.T.) ;
#1383=EDGE_CURVE('',#1376,#1382,#1378,.F.) ;
#1389=EDGE_CURVE('',#1388,#1382,#1384,.F.) ;
#1398=EDGE_CURVE('',#1397,#1388,#1390,.F.) ;
#1404=EDGE_CURVE('',#1403,#1397,#1399,.F.) ;
#1413=EDGE_CURVE('',#1412,#1403,#1405,.T.) ;
#1419=EDGE_CURVE('',#1418,#1412,#1414,.F.) ;
#1428=EDGE_CURVE('',#1427,#1418,#1420,.T.) ;
#1434=EDGE_CURVE('',#1433,#1427,#1429,.F.) ;
#1443=EDGE_CURVE('',#1442,#1433,#1435,.F.) ;
#1447=EDGE_CURVE('',#1245,#1442,#1444,.T.) ;
#1492=EDGE_CURVE('',#1489,#1491,#1478,.T.) ;
#1503=EDGE_CURVE('',#1491,#1489,#1493,.T.) ;
#1522=EDGE_CURVE('',#1519,#1521,#1508,.T.) ;
#1533=EDGE_CURVE('',#1521,#1519,#1523,.T.) ;
#1552=EDGE_CURVE('',#1549,#1551,#1547,.T.) ;
#1560=EDGE_CURVE('',#1551,#1105,#1553,.T.) ;
#1569=EDGE_CURVE('',#1120,#1568,#1561,.T.) ;
#1576=EDGE_CURVE('',#1568,#1549,#1570,.T.) ;
#1596=EDGE_CURVE('',#1288,#1595,#1593,.T.) ;
#1601=EDGE_CURVE('',#1220,#1595,#1600,.T.) ;
#1620=EDGE_CURVE('',#1247,#1619,#1617,.F.) ;
#1627=EDGE_CURVE('',#1245,#1626,#1624,.F.) ;
#1632=EDGE_CURVE('',#1619,#1626,#1631,.T.) ;
#1651=EDGE_CURVE('',#1619,#1650,#1648,.T.) ;
#1656=EDGE_CURVE('',#1254,#1650,#1655,.T.) ;
#1675=EDGE_CURVE('',#1650,#1674,#1672,.T.) ;
#1680=EDGE_CURVE('',#1273,#1674,#1679,.F.) ;
#1699=EDGE_CURVE('',#1279,#1698,#1696,.F.) ;
#1704=EDGE_CURVE('',#1698,#1595,#1703,.T.) ;
#1718=EDGE_CURVE('',#1056,#1717,#1715,.T.) ;
#1725=EDGE_CURVE('',#1717,#1724,#1722,.T.) ;
#1730=EDGE_CURVE('',#1300,#1724,#1729,.F.) ;
#1749=EDGE_CURVE('',#1310,#1748,#1746,.F.) ;
#1754=EDGE_CURVE('',#1748,#1724,#1753,.T.) ;
#1773=EDGE_CURVE('',#1772,#1376,#1770,.T.) ;
#1780=EDGE_CURVE('',#1772,#1779,#1777,.F.) ;
#1785=EDGE_CURVE('',#1779,#1382,#1784,.T.) ;
#1804=EDGE_CURVE('',#1779,#1803,#1801,.T.) ;
#1811=EDGE_CURVE('',#1772,#1810,#1808,.T.) ;
#1818=EDGE_CURVE('',#1817,#1810,#1815,.F.) ;
#1825=EDGE_CURVE('',#1817,#1824,#1822,.T.) ;
#1830=EDGE_CURVE('',#1803,#1824,#1829,.F.) ;
#1851=EDGE_CURVE('',#1850,#1824,#1848,.T.) ;
#1858=EDGE_CURVE('',#1857,#1817,#1855,.T.) ;
#1863=EDGE_CURVE('',#1857,#1850,#1862,.T.) ;
#1882=EDGE_CURVE('',#1850,#1881,#1879,.T.) ;
#1889=EDGE_CURVE('',#1888,#1857,#1886,.T.) ;
#1896=EDGE_CURVE('',#1895,#1888,#1893,.T.) ;
#1903=EDGE_CURVE('',#1895,#1902,#1900,.T.) ;
#1908=EDGE_CURVE('',#1902,#1881,#1907,.T.) ;
#1929=EDGE_CURVE('',#1902,#1928,#1926,.T.) ;
#1936=EDGE_CURVE('',#1895,#1935,#1933,.T.) ;
#1941=EDGE_CURVE('',#1935,#1928,#1940,.F.) ;
#1958=EDGE_CURVE('',#1881,#1803,#1957,.T.) ;
#1975=EDGE_CURVE('',#1888,#1810,#1974,.T.) ;
#1993=EDGE_CURVE('',#1626,#1992,#1988,.T.) ;
#2002=EDGE_CURVE('',#1992,#2001,#1994,.F.) ;
#2008=EDGE_CURVE('',#2001,#2007,#2003,.F.) ;
#2017=EDGE_CURVE('',#2007,#2016,#2009,.T.) ;
#2023=EDGE_CURVE('',#2016,#2022,#2018,.F.) ;
#2032=EDGE_CURVE('',#2022,#2031,#2024,.T.) ;
#2038=EDGE_CURVE('',#2031,#2037,#2033,.F.) ;
#2047=EDGE_CURVE('',#2037,#2046,#2039,.F.) ;
#2051=EDGE_CURVE('',#2046,#1928,#2048,.F.) ;
#2057=EDGE_CURVE('',#1935,#2056,#2052,.T.) ;
#2066=EDGE_CURVE('',#2056,#2065,#2058,.F.) ;
#2072=EDGE_CURVE('',#2065,#2071,#2067,.T.) ;
#2081=EDGE_CURVE('',#2071,#2080,#2073,.T.) ;
#2087=EDGE_CURVE('',#2080,#2086,#2082,.T.) ;
#2096=EDGE_CURVE('',#2086,#2095,#2088,.T.) ;
#2102=EDGE_CURVE('',#2095,#2101,#2097,.T.) ;
#2111=EDGE_CURVE('',#2101,#2110,#2103,.F.) ;
#2115=EDGE_CURVE('',#2110,#1748,#2112,.T.) ;
#2120=EDGE_CURVE('',#1717,#1220,#2119,.T.) ;
#2124=EDGE_CURVE('',#1698,#1674,#2121,.T.) ;
#2169=EDGE_CURVE('',#2166,#2168,#2155,.T.) ;
#2180=EDGE_CURVE('',#2168,#2166,#2170,.T.) ;
#2199=EDGE_CURVE('',#2196,#2198,#2185,.T.) ;
#2210=EDGE_CURVE('',#2198,#2196,#2200,.T.) ;
#2225=EDGE_CURVE('',#1521,#2196,#2224,.F.) ;
#2230=EDGE_CURVE('',#1519,#2198,#2229,.F.) ;
#2254=EDGE_CURVE('',#1491,#2166,#2253,.F.) ;
#2259=EDGE_CURVE('',#1489,#2168,#2258,.F.) ;
#2283=EDGE_CURVE('',#1992,#1442,#2282,.T.) ;
#2300=EDGE_CURVE('',#2001,#1433,#2299,.F.) ;
#2317=EDGE_CURVE('',#2007,#1427,#2316,.T.) ;
#2334=EDGE_CURVE('',#2016,#1418,#2333,.F.) ;
#2351=EDGE_CURVE('',#2022,#1412,#2350,.T.) ;
#2368=EDGE_CURVE('',#2031,#1403,#2367,.F.) ;
#2385=EDGE_CURVE('',#2037,#1397,#2384,.T.) ;
#2402=EDGE_CURVE('',#2046,#1388,#2401,.F.) ;
#2430=EDGE_CURVE('',#2056,#1370,#2429,.T.) ;
#2451=EDGE_CURVE('',#2065,#1361,#2450,.F.) ;
#2468=EDGE_CURVE('',#2071,#1355,#2467,.T.) ;
#2485=EDGE_CURVE('',#2080,#1346,#2484,.F.) ;
#2502=EDGE_CURVE('',#2086,#1340,#2501,.T.) ;
#2519=EDGE_CURVE('',#2095,#1331,#2518,.F.) ;
#2536=EDGE_CURVE('',#2101,#1325,#2535,.T.) ;
#2553=EDGE_CURVE('',#2110,#1316,#2552,.F.) ;
#2589=EDGE_CURVE('',#1717,#1032,#2588,.T.) ;
#2620=EDGE_CURVE('',#961,#1120,#2619,.F.) ;
#2637=EDGE_CURVE('',#943,#1105,#2636,.T.) ;
#2667=EDGE_CURVE('',#952,#1568,#2664,.T.) ;
#2697=EDGE_CURVE('',#768,#1549,#2694,.T.) ;
#2733=EDGE_CURVE('',#775,#1551,#2730,.T.) ;
#2752=EDGE_CURVE('',#2751,#875,#2749,.F.) ;
#2759=EDGE_CURVE('',#2751,#2758,#2756,.T.) ;
#2764=EDGE_CURVE('',#2758,#877,#2763,.F.) ;
#2776=EDGE_CURVE('',#2758,#2751,#2775,.T.) ;
#2795=EDGE_CURVE('',#2794,#833,#2792,.F.) ;
#2802=EDGE_CURVE('',#2794,#2801,#2799,.T.) ;
#2807=EDGE_CURVE('',#2801,#835,#2806,.F.) ;
#2819=EDGE_CURVE('',#2801,#2794,#2818,.T.) ;
#2838=EDGE_CURVE('',#783,#2837,#2835,.F.) ;
#2845=EDGE_CURVE('',#2844,#2837,#2842,.T.) ;
#2850=EDGE_CURVE('',#2844,#790,#2849,.F.) ;
#2867=EDGE_CURVE('',#1551,#2837,#2866,.T.) ;
#2884=EDGE_CURVE('',#736,#1549,#2883,.T.) ;
#2901=EDGE_CURVE('',#675,#2844,#2900,.F.) ;
#2918=EDGE_CURVE('',#528,#675,#2917,.T.) ;
#2948=EDGE_CURVE('',#521,#682,#2947,.F.) ;
#2965=EDGE_CURVE('',#514,#689,#2964,.T.) ;
#2982=EDGE_CURVE('',#292,#448,#2981,.T.) ;
#2987=EDGE_CURVE('',#306,#446,#2986,.T.) ;
#3004=EDGE_CURVE('',#299,#455,#3003,.F.) ;
#3021=EDGE_CURVE('',#290,#462,#3020,.T.) ;
#3045=EDGE_CURVE('',#251,#339,#3044,.T.) ;
#3062=EDGE_CURVE('',#244,#346,#3061,.F.) ;
#3079=EDGE_CURVE('',#237,#353,#3078,.T.) ;
#3096=EDGE_CURVE('',#230,#360,#3095,.F.) ;
#3113=EDGE_CURVE('',#223,#367,#3112,.T.) ;
#3130=EDGE_CURVE('',#216,#374,#3129,.F.) ;
#3147=EDGE_CURVE('',#209,#381,#3146,.T.) ;
#30=CLOSED_SHELL('Closed Shell',(#70,#101,#132,#163,#319,#475,#556,#587,#609,#626,#643,#708,#725,#756,#900,#917,#929,#975,#1014,#1045,#1095,#1134,#1170,#1209,#1233,#1538,#1584,#1608,#1639,#1663,#1687,#1711,#1737,#1761,#1792,#1839,#1870,#1917,#1948,#1965,#1982,#2215,#2237,#2244,#2266,#2273,#2290,#2307,#2324,#2341,#2358,#2375,#2392,#2409,#2420,#2441,#2458,#2475,#2492,#2509,#2526,#2543,#2560,#2567,#2579,#2598,#2610,#2627,#2644,#2674,#2704,#2740,#2771,#2783,#2814,#2826,#2857,#2874,#2891,#2908,#2938,#2955,#2972,#2994,#3011,#3028,#3040,#3052,#3069,#3086,#3103,#3120,#3137,#3154,#3166,#3178)) ;
#3180=SHAPE_REPRESENTATION_RELATIONSHIP(' ',' ',#19,#3179) ;
#64=EDGE_LOOP('',(#65,#66,#67,#68)) ;
#95=EDGE_LOOP('',(#96,#97,#98,#99)) ;
#126=EDGE_LOOP('',(#127,#128,#129,#130)) ;
#157=EDGE_LOOP('',(#158,#159,#160,#161)) ;
#265=EDGE_LOOP('',(#266,#267,#268,#269,#270,#271,#272,#273,#274,#275,#276,#277,#278,#279,#280,#281,#282,#283)) ;
#313=EDGE_LOOP('',(#314,#315,#316,#317)) ;
#421=EDGE_LOOP('',(#422,#423,#424,#425,#426,#427,#428,#429,#430,#431,#432,#433,#434,#435,#436,#437,#438,#439)) ;
#469=EDGE_LOOP('',(#470,#471,#472,#473)) ;
#542=EDGE_LOOP('',(#543,#544,#545,#546,#547,#548,#549,#550,#551,#552,#553,#554)) ;
#581=EDGE_LOOP('',(#582,#583,#584,#585)) ;
#603=EDGE_LOOP('',(#604,#605,#606,#607)) ;
#620=EDGE_LOOP('',(#621,#622,#623,#624)) ;
#637=EDGE_LOOP('',(#638,#639,#640,#641)) ;
#696=EDGE_LOOP('',(#697,#698,#699,#700,#701,#702,#703,#704,#705,#706)) ;
#719=EDGE_LOOP('',(#720,#721,#722,#723)) ;
#750=EDGE_LOOP('',(#751,#752,#753,#754)) ;
#805=EDGE_LOOP('',(#806,#807,#808,#809,#810,#811,#812,#813,#814)) ;
#854=EDGE_LOOP('',(#855,#856)) ;
#896=EDGE_LOOP('',(#897,#898)) ;
#911=EDGE_LOOP('',(#912,#913,#914,#915)) ;
#923=EDGE_LOOP('',(#924,#925,#926,#927)) ;
#968=EDGE_LOOP('',(#969,#970,#971,#972,#973)) ;
#1007=EDGE_LOOP('',(#1008,#1009,#1010,#1011,#1012)) ;
#1039=EDGE_LOOP('',(#1040,#1041,#1042,#1043)) ;
#1087=EDGE_LOOP('',(#1088,#1089,#1090,#1091,#1092,#1093)) ;
#1127=EDGE_LOOP('',(#1128,#1129,#1130,#1131,#1132)) ;
#1164=EDGE_LOOP('',(#1165,#1166,#1167,#1168)) ;
#1203=EDGE_LOOP('',(#1204,#1205,#1206,#1207)) ;
#1227=EDGE_LOOP('',(#1228,#1229,#1230,#1231)) ;
#1448=EDGE_LOOP('',(#1449,#1450,#1451,#1452,#1453,#1454,#1455,#1456,#1457,#1458,#1459,#1460,#1461,#1462,#1463,#1464,#1465,#1466,#1467,#1468,#1469,#1470,#1471,#1472,#1473,#1474,#1475,#1476)) ;
#1504=EDGE_LOOP('',(#1505,#1506)) ;
#1534=EDGE_LOOP('',(#1535,#1536)) ;
#1577=EDGE_LOOP('',(#1578,#1579,#1580,#1581,#1582)) ;
#1602=EDGE_LOOP('',(#1603,#1604,#1605,#1606)) ;
#1633=EDGE_LOOP('',(#1634,#1635,#1636,#1637)) ;
#1657=EDGE_LOOP('',(#1658,#1659,#1660,#1661)) ;
#1681=EDGE_LOOP('',(#1682,#1683,#1684,#1685)) ;
#1705=EDGE_LOOP('',(#1706,#1707,#1708,#1709)) ;
#1731=EDGE_LOOP('',(#1732,#1733,#1734,#1735)) ;
#1755=EDGE_LOOP('',(#1756,#1757,#1758,#1759)) ;
#1786=EDGE_LOOP('',(#1787,#1788,#1789,#1790)) ;
#1831=EDGE_LOOP('',(#1832,#1833,#1834,#1835,#1836,#1837)) ;
#1864=EDGE_LOOP('',(#1865,#1866,#1867,#1868)) ;
#1909=EDGE_LOOP('',(#1910,#1911,#1912,#1913,#1914,#1915)) ;
#1942=EDGE_LOOP('',(#1943,#1944,#1945,#1946)) ;
#1959=EDGE_LOOP('',(#1960,#1961,#1962,#1963)) ;
#1976=EDGE_LOOP('',(#1977,#1978,#1979,#1980)) ;
#2125=EDGE_LOOP('',(#2126,#2127,#2128,#2129,#2130,#2131,#2132,#2133,#2134,#2135,#2136,#2137,#2138,#2139,#2140,#2141,#2142,#2143,#2144,#2145,#2146,#2147,#2148,#2149,#2150,#2151,#2152,#2153)) ;
#2181=EDGE_LOOP('',(#2182,#2183)) ;
#2211=EDGE_LOOP('',(#2212,#2213)) ;
#2231=EDGE_LOOP('',(#2232,#2233,#2234,#2235)) ;
#2238=EDGE_LOOP('',(#2239,#2240,#2241,#2242)) ;
#2260=EDGE_LOOP('',(#2261,#2262,#2263,#2264)) ;
#2267=EDGE_LOOP('',(#2268,#2269,#2270,#2271)) ;
#2284=EDGE_LOOP('',(#2285,#2286,#2287,#2288)) ;
#2301=EDGE_LOOP('',(#2302,#2303,#2304,#2305)) ;
#2318=EDGE_LOOP('',(#2319,#2320,#2321,#2322)) ;
#2335=EDGE_LOOP('',(#2336,#2337,#2338,#2339)) ;
#2352=EDGE_LOOP('',(#2353,#2354,#2355,#2356)) ;
#2369=EDGE_LOOP('',(#2370,#2371,#2372,#2373)) ;
#2386=EDGE_LOOP('',(#2387,#2388,#2389,#2390)) ;
#2403=EDGE_LOOP('',(#2404,#2405,#2406,#2407)) ;
#2410=EDGE_LOOP('',(#2411,#2412,#2413,#2414,#2415,#2416,#2417,#2418)) ;
#2431=EDGE_LOOP('',(#2432,#2433,#2434,#2435,#2436,#2437,#2438,#2439)) ;
#2452=EDGE_LOOP('',(#2453,#2454,#2455,#2456)) ;
#2469=EDGE_LOOP('',(#2470,#2471,#2472,#2473)) ;
#2486=EDGE_LOOP('',(#2487,#2488,#2489,#2490)) ;
#2503=EDGE_LOOP('',(#2504,#2505,#2506,#2507)) ;
#2520=EDGE_LOOP('',(#2521,#2522,#2523,#2524)) ;
#2537=EDGE_LOOP('',(#2538,#2539,#2540,#2541)) ;
#2554=EDGE_LOOP('',(#2555,#2556,#2557,#2558)) ;
#2561=EDGE_LOOP('',(#2562,#2563,#2564,#2565)) ;
#2573=EDGE_LOOP('',(#2574,#2575,#2576,#2577)) ;
#2590=EDGE_LOOP('',(#2591,#2592,#2593,#2594,#2595,#2596)) ;
#2604=EDGE_LOOP('',(#2605,#2606,#2607,#2608)) ;
#2621=EDGE_LOOP('',(#2622,#2623,#2624,#2625)) ;
#2638=EDGE_LOOP('',(#2639,#2640,#2641,#2642)) ;
#2668=EDGE_LOOP('',(#2669,#2670,#2671,#2672)) ;
#2698=EDGE_LOOP('',(#2699,#2700,#2701,#2702)) ;
#2734=EDGE_LOOP('',(#2735,#2736,#2737,#2738)) ;
#2765=EDGE_LOOP('',(#2766,#2767,#2768,#2769)) ;
#2777=EDGE_LOOP('',(#2778,#2779,#2780,#2781)) ;
#2808=EDGE_LOOP('',(#2809,#2810,#2811,#2812)) ;
#2820=EDGE_LOOP('',(#2821,#2822,#2823,#2824)) ;
#2851=EDGE_LOOP('',(#2852,#2853,#2854,#2855)) ;
#2868=EDGE_LOOP('',(#2869,#2870,#2871,#2872)) ;
#2885=EDGE_LOOP('',(#2886,#2887,#2888,#2889)) ;
#2902=EDGE_LOOP('',(#2903,#2904,#2905,#2906)) ;
#2919=EDGE_LOOP('',(#2920,#2921,#2922,#2923,#2924,#2925,#2926,#2927,#2928)) ;
#2930=EDGE_LOOP('',(#2931,#2932)) ;
#2934=EDGE_LOOP('',(#2935,#2936)) ;
#2949=EDGE_LOOP('',(#2950,#2951,#2952,#2953)) ;
#2966=EDGE_LOOP('',(#2967,#2968,#2969,#2970)) ;
#2988=EDGE_LOOP('',(#2989,#2990,#2991,#2992)) ;
#3005=EDGE_LOOP('',(#3006,#3007,#3008,#3009)) ;
#3022=EDGE_LOOP('',(#3023,#3024,#3025,#3026)) ;
#3034=EDGE_LOOP('',(#3035,#3036,#3037,#3038)) ;
#3046=EDGE_LOOP('',(#3047,#3048,#3049,#3050)) ;
#3063=EDGE_LOOP('',(#3064,#3065,#3066,#3067)) ;
#3080=EDGE_LOOP('',(#3081,#3082,#3083,#3084)) ;
#3097=EDGE_LOOP('',(#3098,#3099,#3100,#3101)) ;
#3114=EDGE_LOOP('',(#3115,#3116,#3117,#3118)) ;
#3131=EDGE_LOOP('',(#3132,#3133,#3134,#3135)) ;
#3148=EDGE_LOOP('',(#3149,#3150,#3151,#3152)) ;
#3160=EDGE_LOOP('',(#3161,#3162,#3163,#3164)) ;
#3172=EDGE_LOOP('',(#3173,#3174,#3175,#3176)) ;
#65=ORIENTED_EDGE('',*,*,#44,.T.) ;
#66=ORIENTED_EDGE('',*,*,#51,.T.) ;
#67=ORIENTED_EDGE('',*,*,#58,.F.) ;
#68=ORIENTED_EDGE('',*,*,#63,.T.) ;
#96=ORIENTED_EDGE('',*,*,#82,.T.) ;
#97=ORIENTED_EDGE('',*,*,#44,.F.) ;
#98=ORIENTED_EDGE('',*,*,#89,.T.) ;
#99=ORIENTED_EDGE('',*,*,#94,.T.) ;
#127=ORIENTED_EDGE('',*,*,#94,.F.) ;
#128=ORIENTED_EDGE('',*,*,#113,.F.) ;
#129=ORIENTED_EDGE('',*,*,#120,.F.) ;
#130=ORIENTED_EDGE('',*,*,#125,.T.) ;
#158=ORIENTED_EDGE('',*,*,#146,.F.) ;
#159=ORIENTED_EDGE('',*,*,#151,.F.) ;
#160=ORIENTED_EDGE('',*,*,#120,.T.) ;
#161=ORIENTED_EDGE('',*,*,#156,.F.) ;
#266=ORIENTED_EDGE('',*,*,#177,.T.) ;
#267=ORIENTED_EDGE('',*,*,#184,.F.) ;
#268=ORIENTED_EDGE('',*,*,#191,.T.) ;
#269=ORIENTED_EDGE('',*,*,#198,.F.) ;
#270=ORIENTED_EDGE('',*,*,#203,.T.) ;
#271=ORIENTED_EDGE('',*,*,#156,.T.) ;
#272=ORIENTED_EDGE('',*,*,#113,.T.) ;
#273=ORIENTED_EDGE('',*,*,#89,.F.) ;
#274=ORIENTED_EDGE('',*,*,#63,.F.) ;
#275=ORIENTED_EDGE('',*,*,#210,.F.) ;
#276=ORIENTED_EDGE('',*,*,#217,.F.) ;
#277=ORIENTED_EDGE('',*,*,#224,.F.) ;
#278=ORIENTED_EDGE('',*,*,#231,.F.) ;
#279=ORIENTED_EDGE('',*,*,#238,.F.) ;
#280=ORIENTED_EDGE('',*,*,#245,.F.) ;
#281=ORIENTED_EDGE('',*,*,#252,.F.) ;
#282=ORIENTED_EDGE('',*,*,#259,.F.) ;
#283=ORIENTED_EDGE('',*,*,#264,.F.) ;
#314=ORIENTED_EDGE('',*,*,#293,.F.) ;
#315=ORIENTED_EDGE('',*,*,#300,.F.) ;
#316=ORIENTED_EDGE('',*,*,#307,.F.) ;
#317=ORIENTED_EDGE('',*,*,#312,.F.) ;
#422=ORIENTED_EDGE('',*,*,#333,.F.) ;
#423=ORIENTED_EDGE('',*,*,#340,.F.) ;
#424=ORIENTED_EDGE('',*,*,#347,.F.) ;
#425=ORIENTED_EDGE('',*,*,#354,.F.) ;
#426=ORIENTED_EDGE('',*,*,#361,.T.) ;
#427=ORIENTED_EDGE('',*,*,#368,.F.) ;
#428=ORIENTED_EDGE('',*,*,#375,.T.) ;
#429=ORIENTED_EDGE('',*,*,#382,.F.) ;
#430=ORIENTED_EDGE('',*,*,#387,.F.) ;
#431=ORIENTED_EDGE('',*,*,#51,.F.) ;
#432=ORIENTED_EDGE('',*,*,#82,.F.) ;
#433=ORIENTED_EDGE('',*,*,#125,.F.) ;
#434=ORIENTED_EDGE('',*,*,#151,.T.) ;
#435=ORIENTED_EDGE('',*,*,#394,.F.) ;
#436=ORIENTED_EDGE('',*,*,#401,.T.) ;
#437=ORIENTED_EDGE('',*,*,#408,.F.) ;
#438=ORIENTED_EDGE('',*,*,#415,.F.) ;
#439=ORIENTED_EDGE('',*,*,#420,.F.) ;
#470=ORIENTED_EDGE('',*,*,#449,.F.) ;
#471=ORIENTED_EDGE('',*,*,#456,.T.) ;
#472=ORIENTED_EDGE('',*,*,#463,.F.) ;
#473=ORIENTED_EDGE('',*,*,#468,.T.) ;
#543=ORIENTED_EDGE('',*,*,#489,.T.) ;
#544=ORIENTED_EDGE('',*,*,#496,.T.) ;
#545=ORIENTED_EDGE('',*,*,#503,.T.) ;
#546=ORIENTED_EDGE('',*,*,#508,.F.) ;
#547=ORIENTED_EDGE('',*,*,#394,.T.) ;
#548=ORIENTED_EDGE('',*,*,#146,.T.) ;
#549=ORIENTED_EDGE('',*,*,#203,.F.) ;
#550=ORIENTED_EDGE('',*,*,#515,.T.) ;
#551=ORIENTED_EDGE('',*,*,#522,.F.) ;
#552=ORIENTED_EDGE('',*,*,#529,.F.) ;
#553=ORIENTED_EDGE('',*,*,#536,.F.) ;
#554=ORIENTED_EDGE('',*,*,#541,.T.) ;
#582=ORIENTED_EDGE('',*,*,#568,.T.) ;
#583=ORIENTED_EDGE('',*,*,#541,.F.) ;
#584=ORIENTED_EDGE('',*,*,#575,.T.) ;
#585=ORIENTED_EDGE('',*,*,#580,.T.) ;
#604=ORIENTED_EDGE('',*,*,#597,.T.) ;
#605=ORIENTED_EDGE('',*,*,#420,.T.) ;
#606=ORIENTED_EDGE('',*,*,#602,.F.) ;
#607=ORIENTED_EDGE('',*,*,#177,.F.) ;
#621=ORIENTED_EDGE('',*,*,#333,.T.) ;
#622=ORIENTED_EDGE('',*,*,#597,.F.) ;
#623=ORIENTED_EDGE('',*,*,#264,.T.) ;
#624=ORIENTED_EDGE('',*,*,#619,.T.) ;
#638=ORIENTED_EDGE('',*,*,#415,.T.) ;
#639=ORIENTED_EDGE('',*,*,#636,.F.) ;
#640=ORIENTED_EDGE('',*,*,#184,.T.) ;
#641=ORIENTED_EDGE('',*,*,#602,.T.) ;
#697=ORIENTED_EDGE('',*,*,#636,.T.) ;
#698=ORIENTED_EDGE('',*,*,#408,.T.) ;
#699=ORIENTED_EDGE('',*,*,#655,.T.) ;
#700=ORIENTED_EDGE('',*,*,#662,.F.) ;
#701=ORIENTED_EDGE('',*,*,#669,.F.) ;
#702=ORIENTED_EDGE('',*,*,#676,.F.) ;
#703=ORIENTED_EDGE('',*,*,#683,.T.) ;
#704=ORIENTED_EDGE('',*,*,#690,.T.) ;
#705=ORIENTED_EDGE('',*,*,#695,.F.) ;
#706=ORIENTED_EDGE('',*,*,#191,.F.) ;
#720=ORIENTED_EDGE('',*,*,#401,.F.) ;
#721=ORIENTED_EDGE('',*,*,#508,.T.) ;
#722=ORIENTED_EDGE('',*,*,#718,.T.) ;
#723=ORIENTED_EDGE('',*,*,#655,.F.) ;
#751=ORIENTED_EDGE('',*,*,#580,.F.) ;
#752=ORIENTED_EDGE('',*,*,#737,.T.) ;
#753=ORIENTED_EDGE('',*,*,#744,.F.) ;
#754=ORIENTED_EDGE('',*,*,#749,.F.) ;
#806=ORIENTED_EDGE('',*,*,#749,.T.) ;
#807=ORIENTED_EDGE('',*,*,#769,.F.) ;
#808=ORIENTED_EDGE('',*,*,#776,.T.) ;
#809=ORIENTED_EDGE('',*,*,#784,.F.) ;
#810=ORIENTED_EDGE('',*,*,#791,.F.) ;
#811=ORIENTED_EDGE('',*,*,#799,.T.) ;
#812=ORIENTED_EDGE('',*,*,#804,.F.) ;
#813=ORIENTED_EDGE('',*,*,#489,.F.) ;
#814=ORIENTED_EDGE('',*,*,#568,.F.) ;
#855=ORIENTED_EDGE('',*,*,#836,.F.) ;
#856=ORIENTED_EDGE('',*,*,#853,.F.) ;
#897=ORIENTED_EDGE('',*,*,#878,.F.) ;
#898=ORIENTED_EDGE('',*,*,#895,.F.) ;
#912=ORIENTED_EDGE('',*,*,#669,.T.) ;
#913=ORIENTED_EDGE('',*,*,#910,.F.) ;
#914=ORIENTED_EDGE('',*,*,#496,.F.) ;
#915=ORIENTED_EDGE('',*,*,#804,.T.) ;
#924=ORIENTED_EDGE('',*,*,#662,.T.) ;
#925=ORIENTED_EDGE('',*,*,#718,.F.) ;
#926=ORIENTED_EDGE('',*,*,#503,.F.) ;
#927=ORIENTED_EDGE('',*,*,#910,.T.) ;
#969=ORIENTED_EDGE('',*,*,#944,.F.) ;
#970=ORIENTED_EDGE('',*,*,#776,.F.) ;
#971=ORIENTED_EDGE('',*,*,#953,.F.) ;
#972=ORIENTED_EDGE('',*,*,#962,.F.) ;
#973=ORIENTED_EDGE('',*,*,#967,.T.) ;
#1008=ORIENTED_EDGE('',*,*,#986,.F.) ;
#1009=ORIENTED_EDGE('',*,*,#967,.F.) ;
#1010=ORIENTED_EDGE('',*,*,#994,.F.) ;
#1011=ORIENTED_EDGE('',*,*,#1001,.T.) ;
#1012=ORIENTED_EDGE('',*,*,#1006,.T.) ;
#1040=ORIENTED_EDGE('',*,*,#1026,.T.) ;
#1041=ORIENTED_EDGE('',*,*,#1033,.T.) ;
#1042=ORIENTED_EDGE('',*,*,#1038,.F.) ;
#1043=ORIENTED_EDGE('',*,*,#1001,.F.) ;
#1088=ORIENTED_EDGE('',*,*,#1006,.F.) ;
#1089=ORIENTED_EDGE('',*,*,#1057,.F.) ;
#1090=ORIENTED_EDGE('',*,*,#1064,.T.) ;
#1091=ORIENTED_EDGE('',*,*,#1071,.T.) ;
#1092=ORIENTED_EDGE('',*,*,#1080,.T.) ;
#1093=ORIENTED_EDGE('',*,*,#1086,.T.) ;
#1128=ORIENTED_EDGE('',*,*,#1108,.T.) ;
#1129=ORIENTED_EDGE('',*,*,#1113,.F.) ;
#1130=ORIENTED_EDGE('',*,*,#1033,.F.) ;
#1131=ORIENTED_EDGE('',*,*,#1121,.T.) ;
#1132=ORIENTED_EDGE('',*,*,#1126,.T.) ;
#1165=ORIENTED_EDGE('',*,*,#1153,.T.) ;
#1166=ORIENTED_EDGE('',*,*,#1159,.T.) ;
#1167=ORIENTED_EDGE('',*,*,#1163,.F.) ;
#1168=ORIENTED_EDGE('',*,*,#1086,.F.) ;
#1204=ORIENTED_EDGE('',*,*,#1195,.T.) ;
#1205=ORIENTED_EDGE('',*,*,#1202,.T.) ;
#1206=ORIENTED_EDGE('',*,*,#1153,.F.) ;
#1207=ORIENTED_EDGE('',*,*,#1080,.F.) ;
#1228=ORIENTED_EDGE('',*,*,#1221,.T.) ;
#1229=ORIENTED_EDGE('',*,*,#1226,.T.) ;
#1230=ORIENTED_EDGE('',*,*,#1195,.F.) ;
#1231=ORIENTED_EDGE('',*,*,#1071,.F.) ;
#1449=ORIENTED_EDGE('',*,*,#1248,.T.) ;
#1450=ORIENTED_EDGE('',*,*,#1255,.T.) ;
#1451=ORIENTED_EDGE('',*,*,#1274,.T.) ;
#1452=ORIENTED_EDGE('',*,*,#1280,.F.) ;
#1453=ORIENTED_EDGE('',*,*,#1289,.T.) ;
#1454=ORIENTED_EDGE('',*,*,#1294,.F.) ;
#1455=ORIENTED_EDGE('',*,*,#1064,.F.) ;
#1456=ORIENTED_EDGE('',*,*,#1301,.T.) ;
#1457=ORIENTED_EDGE('',*,*,#1311,.T.) ;
#1458=ORIENTED_EDGE('',*,*,#1317,.F.) ;
#1459=ORIENTED_EDGE('',*,*,#1326,.F.) ;
#1460=ORIENTED_EDGE('',*,*,#1332,.F.) ;
#1461=ORIENTED_EDGE('',*,*,#1341,.F.) ;
#1462=ORIENTED_EDGE('',*,*,#1347,.F.) ;
#1463=ORIENTED_EDGE('',*,*,#1356,.F.) ;
#1464=ORIENTED_EDGE('',*,*,#1362,.F.) ;
#1465=ORIENTED_EDGE('',*,*,#1371,.F.) ;
#1466=ORIENTED_EDGE('',*,*,#1377,.F.) ;
#1467=ORIENTED_EDGE('',*,*,#1383,.T.) ;
#1468=ORIENTED_EDGE('',*,*,#1389,.F.) ;
#1469=ORIENTED_EDGE('',*,*,#1398,.F.) ;
#1470=ORIENTED_EDGE('',*,*,#1404,.F.) ;
#1471=ORIENTED_EDGE('',*,*,#1413,.F.) ;
#1472=ORIENTED_EDGE('',*,*,#1419,.F.) ;
#1473=ORIENTED_EDGE('',*,*,#1428,.F.) ;
#1474=ORIENTED_EDGE('',*,*,#1434,.F.) ;
#1475=ORIENTED_EDGE('',*,*,#1443,.F.) ;
#1476=ORIENTED_EDGE('',*,*,#1447,.F.) ;
#1505=ORIENTED_EDGE('',*,*,#1492,.F.) ;
#1506=ORIENTED_EDGE('',*,*,#1503,.F.) ;
#1535=ORIENTED_EDGE('',*,*,#1522,.F.) ;
#1536=ORIENTED_EDGE('',*,*,#1533,.F.) ;
#1578=ORIENTED_EDGE('',*,*,#1552,.T.) ;
#1579=ORIENTED_EDGE('',*,*,#1560,.T.) ;
#1580=ORIENTED_EDGE('',*,*,#1126,.F.) ;
#1581=ORIENTED_EDGE('',*,*,#1569,.T.) ;
#1582=ORIENTED_EDGE('',*,*,#1576,.T.) ;
#1603=ORIENTED_EDGE('',*,*,#1596,.T.) ;
#1604=ORIENTED_EDGE('',*,*,#1601,.F.) ;
#1605=ORIENTED_EDGE('',*,*,#1221,.F.) ;
#1606=ORIENTED_EDGE('',*,*,#1294,.T.) ;
#1634=ORIENTED_EDGE('',*,*,#1620,.F.) ;
#1635=ORIENTED_EDGE('',*,*,#1248,.F.) ;
#1636=ORIENTED_EDGE('',*,*,#1627,.T.) ;
#1637=ORIENTED_EDGE('',*,*,#1632,.F.) ;
#1658=ORIENTED_EDGE('',*,*,#1651,.T.) ;
#1659=ORIENTED_EDGE('',*,*,#1656,.F.) ;
#1660=ORIENTED_EDGE('',*,*,#1255,.F.) ;
#1661=ORIENTED_EDGE('',*,*,#1620,.T.) ;
#1682=ORIENTED_EDGE('',*,*,#1656,.T.) ;
#1683=ORIENTED_EDGE('',*,*,#1675,.T.) ;
#1684=ORIENTED_EDGE('',*,*,#1680,.F.) ;
#1685=ORIENTED_EDGE('',*,*,#1274,.F.) ;
#1706=ORIENTED_EDGE('',*,*,#1699,.T.) ;
#1707=ORIENTED_EDGE('',*,*,#1704,.T.) ;
#1708=ORIENTED_EDGE('',*,*,#1596,.F.) ;
#1709=ORIENTED_EDGE('',*,*,#1289,.F.) ;
#1732=ORIENTED_EDGE('',*,*,#1301,.F.) ;
#1733=ORIENTED_EDGE('',*,*,#1718,.T.) ;
#1734=ORIENTED_EDGE('',*,*,#1725,.T.) ;
#1735=ORIENTED_EDGE('',*,*,#1730,.F.) ;
#1756=ORIENTED_EDGE('',*,*,#1749,.F.) ;
#1757=ORIENTED_EDGE('',*,*,#1311,.F.) ;
#1758=ORIENTED_EDGE('',*,*,#1730,.T.) ;
#1759=ORIENTED_EDGE('',*,*,#1754,.F.) ;
#1787=ORIENTED_EDGE('',*,*,#1383,.F.) ;
#1788=ORIENTED_EDGE('',*,*,#1773,.F.) ;
#1789=ORIENTED_EDGE('',*,*,#1780,.T.) ;
#1790=ORIENTED_EDGE('',*,*,#1785,.T.) ;
#1832=ORIENTED_EDGE('',*,*,#1804,.F.) ;
#1833=ORIENTED_EDGE('',*,*,#1780,.F.) ;
#1834=ORIENTED_EDGE('',*,*,#1811,.T.) ;
#1835=ORIENTED_EDGE('',*,*,#1818,.F.) ;
#1836=ORIENTED_EDGE('',*,*,#1825,.T.) ;
#1837=ORIENTED_EDGE('',*,*,#1830,.F.) ;
#1865=ORIENTED_EDGE('',*,*,#1851,.T.) ;
#1866=ORIENTED_EDGE('',*,*,#1825,.F.) ;
#1867=ORIENTED_EDGE('',*,*,#1858,.F.) ;
#1868=ORIENTED_EDGE('',*,*,#1863,.T.) ;
#1910=ORIENTED_EDGE('',*,*,#1882,.F.) ;
#1911=ORIENTED_EDGE('',*,*,#1863,.F.) ;
#1912=ORIENTED_EDGE('',*,*,#1889,.F.) ;
#1913=ORIENTED_EDGE('',*,*,#1896,.F.) ;
#1914=ORIENTED_EDGE('',*,*,#1903,.T.) ;
#1915=ORIENTED_EDGE('',*,*,#1908,.T.) ;
#1943=ORIENTED_EDGE('',*,*,#1929,.F.) ;
#1944=ORIENTED_EDGE('',*,*,#1903,.F.) ;
#1945=ORIENTED_EDGE('',*,*,#1936,.T.) ;
#1946=ORIENTED_EDGE('',*,*,#1941,.T.) ;
#1960=ORIENTED_EDGE('',*,*,#1830,.T.) ;
#1961=ORIENTED_EDGE('',*,*,#1851,.F.) ;
#1962=ORIENTED_EDGE('',*,*,#1882,.T.) ;
#1963=ORIENTED_EDGE('',*,*,#1958,.T.) ;
#1977=ORIENTED_EDGE('',*,*,#1818,.T.) ;
#1978=ORIENTED_EDGE('',*,*,#1975,.F.) ;
#1979=ORIENTED_EDGE('',*,*,#1889,.T.) ;
#1980=ORIENTED_EDGE('',*,*,#1858,.T.) ;
#2126=ORIENTED_EDGE('',*,*,#1993,.T.) ;
#2127=ORIENTED_EDGE('',*,*,#2002,.T.) ;
#2128=ORIENTED_EDGE('',*,*,#2008,.T.) ;
#2129=ORIENTED_EDGE('',*,*,#2017,.T.) ;
#2130=ORIENTED_EDGE('',*,*,#2023,.T.) ;
#2131=ORIENTED_EDGE('',*,*,#2032,.T.) ;
#2132=ORIENTED_EDGE('',*,*,#2038,.T.) ;
#2133=ORIENTED_EDGE('',*,*,#2047,.T.) ;
#2134=ORIENTED_EDGE('',*,*,#2051,.T.) ;
#2135=ORIENTED_EDGE('',*,*,#1941,.F.) ;
#2136=ORIENTED_EDGE('',*,*,#2057,.T.) ;
#2137=ORIENTED_EDGE('',*,*,#2066,.T.) ;
#2138=ORIENTED_EDGE('',*,*,#2072,.T.) ;
#2139=ORIENTED_EDGE('',*,*,#2081,.T.) ;
#2140=ORIENTED_EDGE('',*,*,#2087,.T.) ;
#2141=ORIENTED_EDGE('',*,*,#2096,.T.) ;
#2142=ORIENTED_EDGE('',*,*,#2102,.T.) ;
#2143=ORIENTED_EDGE('',*,*,#2111,.T.) ;
#2144=ORIENTED_EDGE('',*,*,#2115,.T.) ;
#2145=ORIENTED_EDGE('',*,*,#1754,.T.) ;
#2146=ORIENTED_EDGE('',*,*,#1725,.F.) ;
#2147=ORIENTED_EDGE('',*,*,#2120,.T.) ;
#2148=ORIENTED_EDGE('',*,*,#1601,.T.) ;
#2149=ORIENTED_EDGE('',*,*,#1704,.F.) ;
#2150=ORIENTED_EDGE('',*,*,#2124,.T.) ;
#2151=ORIENTED_EDGE('',*,*,#1675,.F.) ;
#2152=ORIENTED_EDGE('',*,*,#1651,.F.) ;
#2153=ORIENTED_EDGE('',*,*,#1632,.T.) ;
#2182=ORIENTED_EDGE('',*,*,#2169,.T.) ;
#2183=ORIENTED_EDGE('',*,*,#2180,.T.) ;
#2212=ORIENTED_EDGE('',*,*,#2199,.T.) ;
#2213=ORIENTED_EDGE('',*,*,#2210,.T.) ;
#2232=ORIENTED_EDGE('',*,*,#2199,.F.) ;
#2233=ORIENTED_EDGE('',*,*,#2225,.F.) ;
#2234=ORIENTED_EDGE('',*,*,#1533,.T.) ;
#2235=ORIENTED_EDGE('',*,*,#2230,.T.) ;
#2239=ORIENTED_EDGE('',*,*,#2210,.F.) ;
#2240=ORIENTED_EDGE('',*,*,#2230,.F.) ;
#2241=ORIENTED_EDGE('',*,*,#1522,.T.) ;
#2242=ORIENTED_EDGE('',*,*,#2225,.T.) ;
#2261=ORIENTED_EDGE('',*,*,#2169,.F.) ;
#2262=ORIENTED_EDGE('',*,*,#2254,.F.) ;
#2263=ORIENTED_EDGE('',*,*,#1503,.T.) ;
#2264=ORIENTED_EDGE('',*,*,#2259,.T.) ;
#2268=ORIENTED_EDGE('',*,*,#2180,.F.) ;
#2269=ORIENTED_EDGE('',*,*,#2259,.F.) ;
#2270=ORIENTED_EDGE('',*,*,#1492,.T.) ;
#2271=ORIENTED_EDGE('',*,*,#2254,.T.) ;
#2285=ORIENTED_EDGE('',*,*,#1627,.F.) ;
#2286=ORIENTED_EDGE('',*,*,#1447,.T.) ;
#2287=ORIENTED_EDGE('',*,*,#2283,.F.) ;
#2288=ORIENTED_EDGE('',*,*,#1993,.F.) ;
#2302=ORIENTED_EDGE('',*,*,#1443,.T.) ;
#2303=ORIENTED_EDGE('',*,*,#2300,.F.) ;
#2304=ORIENTED_EDGE('',*,*,#2002,.F.) ;
#2305=ORIENTED_EDGE('',*,*,#2283,.T.) ;
#2319=ORIENTED_EDGE('',*,*,#1434,.T.) ;
#2320=ORIENTED_EDGE('',*,*,#2317,.F.) ;
#2321=ORIENTED_EDGE('',*,*,#2008,.F.) ;
#2322=ORIENTED_EDGE('',*,*,#2300,.T.) ;
#2336=ORIENTED_EDGE('',*,*,#1428,.T.) ;
#2337=ORIENTED_EDGE('',*,*,#2334,.F.) ;
#2338=ORIENTED_EDGE('',*,*,#2017,.F.) ;
#2339=ORIENTED_EDGE('',*,*,#2317,.T.) ;
#2353=ORIENTED_EDGE('',*,*,#1419,.T.) ;
#2354=ORIENTED_EDGE('',*,*,#2351,.F.) ;
#2355=ORIENTED_EDGE('',*,*,#2023,.F.) ;
#2356=ORIENTED_EDGE('',*,*,#2334,.T.) ;
#2370=ORIENTED_EDGE('',*,*,#1413,.T.) ;
#2371=ORIENTED_EDGE('',*,*,#2368,.F.) ;
#2372=ORIENTED_EDGE('',*,*,#2032,.F.) ;
#2373=ORIENTED_EDGE('',*,*,#2351,.T.) ;
#2387=ORIENTED_EDGE('',*,*,#1404,.T.) ;
#2388=ORIENTED_EDGE('',*,*,#2385,.F.) ;
#2389=ORIENTED_EDGE('',*,*,#2038,.F.) ;
#2390=ORIENTED_EDGE('',*,*,#2368,.T.) ;
#2404=ORIENTED_EDGE('',*,*,#1398,.T.) ;
#2405=ORIENTED_EDGE('',*,*,#2402,.F.) ;
#2406=ORIENTED_EDGE('',*,*,#2047,.F.) ;
#2407=ORIENTED_EDGE('',*,*,#2385,.T.) ;
#2411=ORIENTED_EDGE('',*,*,#1958,.F.) ;
#2412=ORIENTED_EDGE('',*,*,#1908,.F.) ;
#2413=ORIENTED_EDGE('',*,*,#1929,.T.) ;
#2414=ORIENTED_EDGE('',*,*,#2051,.F.) ;
#2415=ORIENTED_EDGE('',*,*,#2402,.T.) ;
#2416=ORIENTED_EDGE('',*,*,#1389,.T.) ;
#2417=ORIENTED_EDGE('',*,*,#1785,.F.) ;
#2418=ORIENTED_EDGE('',*,*,#1804,.T.) ;
#2432=ORIENTED_EDGE('',*,*,#1975,.T.) ;
#2433=ORIENTED_EDGE('',*,*,#1811,.F.) ;
#2434=ORIENTED_EDGE('',*,*,#1773,.T.) ;
#2435=ORIENTED_EDGE('',*,*,#1377,.T.) ;
#2436=ORIENTED_EDGE('',*,*,#2430,.F.) ;
#2437=ORIENTED_EDGE('',*,*,#2057,.F.) ;
#2438=ORIENTED_EDGE('',*,*,#1936,.F.) ;
#2439=ORIENTED_EDGE('',*,*,#1896,.T.) ;
#2453=ORIENTED_EDGE('',*,*,#1371,.T.) ;
#2454=ORIENTED_EDGE('',*,*,#2451,.F.) ;
#2455=ORIENTED_EDGE('',*,*,#2066,.F.) ;
#2456=ORIENTED_EDGE('',*,*,#2430,.T.) ;
#2470=ORIENTED_EDGE('',*,*,#1362,.T.) ;
#2471=ORIENTED_EDGE('',*,*,#2468,.F.) ;
#2472=ORIENTED_EDGE('',*,*,#2072,.F.) ;
#2473=ORIENTED_EDGE('',*,*,#2451,.T.) ;
#2487=ORIENTED_EDGE('',*,*,#1356,.T.) ;
#2488=ORIENTED_EDGE('',*,*,#2485,.F.) ;
#2489=ORIENTED_EDGE('',*,*,#2081,.F.) ;
#2490=ORIENTED_EDGE('',*,*,#2468,.T.) ;
#2504=ORIENTED_EDGE('',*,*,#1347,.T.) ;
#2505=ORIENTED_EDGE('',*,*,#2502,.F.) ;
#2506=ORIENTED_EDGE('',*,*,#2087,.F.) ;
#2507=ORIENTED_EDGE('',*,*,#2485,.T.) ;
#2521=ORIENTED_EDGE('',*,*,#1341,.T.) ;
#2522=ORIENTED_EDGE('',*,*,#2519,.F.) ;
#2523=ORIENTED_EDGE('',*,*,#2096,.F.) ;
#2524=ORIENTED_EDGE('',*,*,#2502,.T.) ;
#2538=ORIENTED_EDGE('',*,*,#1332,.T.) ;
#2539=ORIENTED_EDGE('',*,*,#2536,.F.) ;
#2540=ORIENTED_EDGE('',*,*,#2102,.F.) ;
#2541=ORIENTED_EDGE('',*,*,#2519,.T.) ;
#2555=ORIENTED_EDGE('',*,*,#1326,.T.) ;
#2556=ORIENTED_EDGE('',*,*,#2553,.F.) ;
#2557=ORIENTED_EDGE('',*,*,#2111,.F.) ;
#2558=ORIENTED_EDGE('',*,*,#2536,.T.) ;
#2562=ORIENTED_EDGE('',*,*,#1749,.T.) ;
#2563=ORIENTED_EDGE('',*,*,#2115,.F.) ;
#2564=ORIENTED_EDGE('',*,*,#2553,.T.) ;
#2565=ORIENTED_EDGE('',*,*,#1317,.T.) ;
#2574=ORIENTED_EDGE('',*,*,#1680,.T.) ;
#2575=ORIENTED_EDGE('',*,*,#2124,.F.) ;
#2576=ORIENTED_EDGE('',*,*,#1699,.F.) ;
#2577=ORIENTED_EDGE('',*,*,#1280,.T.) ;
#2591=ORIENTED_EDGE('',*,*,#2120,.F.) ;
#2592=ORIENTED_EDGE('',*,*,#2589,.T.) ;
#2593=ORIENTED_EDGE('',*,*,#1113,.T.) ;
#2594=ORIENTED_EDGE('',*,*,#1159,.F.) ;
#2595=ORIENTED_EDGE('',*,*,#1202,.F.) ;
#2596=ORIENTED_EDGE('',*,*,#1226,.F.) ;
#2605=ORIENTED_EDGE('',*,*,#1038,.T.) ;
#2606=ORIENTED_EDGE('',*,*,#2589,.F.) ;
#2607=ORIENTED_EDGE('',*,*,#1718,.F.) ;
#2608=ORIENTED_EDGE('',*,*,#1057,.T.) ;
#2622=ORIENTED_EDGE('',*,*,#2620,.T.) ;
#2623=ORIENTED_EDGE('',*,*,#1121,.F.) ;
#2624=ORIENTED_EDGE('',*,*,#1026,.F.) ;
#2625=ORIENTED_EDGE('',*,*,#994,.T.) ;
#2639=ORIENTED_EDGE('',*,*,#1163,.T.) ;
#2640=ORIENTED_EDGE('',*,*,#1108,.F.) ;
#2641=ORIENTED_EDGE('',*,*,#2637,.F.) ;
#2642=ORIENTED_EDGE('',*,*,#986,.T.) ;
#2669=ORIENTED_EDGE('',*,*,#2667,.T.) ;
#2670=ORIENTED_EDGE('',*,*,#1569,.F.) ;
#2671=ORIENTED_EDGE('',*,*,#2620,.F.) ;
#2672=ORIENTED_EDGE('',*,*,#962,.T.) ;
#2699=ORIENTED_EDGE('',*,*,#2697,.T.) ;
#2700=ORIENTED_EDGE('',*,*,#1576,.F.) ;
#2701=ORIENTED_EDGE('',*,*,#2667,.F.) ;
#2702=ORIENTED_EDGE('',*,*,#953,.T.) ;
#2735=ORIENTED_EDGE('',*,*,#2637,.T.) ;
#2736=ORIENTED_EDGE('',*,*,#1560,.F.) ;
#2737=ORIENTED_EDGE('',*,*,#2733,.F.) ;
#2738=ORIENTED_EDGE('',*,*,#944,.T.) ;
#2766=ORIENTED_EDGE('',*,*,#895,.T.) ;
#2767=ORIENTED_EDGE('',*,*,#2752,.F.) ;
#2768=ORIENTED_EDGE('',*,*,#2759,.T.) ;
#2769=ORIENTED_EDGE('',*,*,#2764,.T.) ;
#2778=ORIENTED_EDGE('',*,*,#878,.T.) ;
#2779=ORIENTED_EDGE('',*,*,#2764,.F.) ;
#2780=ORIENTED_EDGE('',*,*,#2776,.T.) ;
#2781=ORIENTED_EDGE('',*,*,#2752,.T.) ;
#2809=ORIENTED_EDGE('',*,*,#853,.T.) ;
#2810=ORIENTED_EDGE('',*,*,#2795,.F.) ;
#2811=ORIENTED_EDGE('',*,*,#2802,.T.) ;
#2812=ORIENTED_EDGE('',*,*,#2807,.T.) ;
#2821=ORIENTED_EDGE('',*,*,#836,.T.) ;
#2822=ORIENTED_EDGE('',*,*,#2807,.F.) ;
#2823=ORIENTED_EDGE('',*,*,#2819,.T.) ;
#2824=ORIENTED_EDGE('',*,*,#2795,.T.) ;
#2852=ORIENTED_EDGE('',*,*,#791,.T.) ;
#2853=ORIENTED_EDGE('',*,*,#2838,.T.) ;
#2854=ORIENTED_EDGE('',*,*,#2845,.F.) ;
#2855=ORIENTED_EDGE('',*,*,#2850,.T.) ;
#2869=ORIENTED_EDGE('',*,*,#2867,.T.) ;
#2870=ORIENTED_EDGE('',*,*,#2838,.F.) ;
#2871=ORIENTED_EDGE('',*,*,#784,.T.) ;
#2872=ORIENTED_EDGE('',*,*,#2733,.T.) ;
#2886=ORIENTED_EDGE('',*,*,#2884,.T.) ;
#2887=ORIENTED_EDGE('',*,*,#2697,.F.) ;
#2888=ORIENTED_EDGE('',*,*,#769,.T.) ;
#2889=ORIENTED_EDGE('',*,*,#744,.T.) ;
#2903=ORIENTED_EDGE('',*,*,#2850,.F.) ;
#2904=ORIENTED_EDGE('',*,*,#2901,.F.) ;
#2905=ORIENTED_EDGE('',*,*,#676,.T.) ;
#2906=ORIENTED_EDGE('',*,*,#799,.F.) ;
#2920=ORIENTED_EDGE('',*,*,#575,.F.) ;
#2921=ORIENTED_EDGE('',*,*,#536,.T.) ;
#2922=ORIENTED_EDGE('',*,*,#2918,.T.) ;
#2923=ORIENTED_EDGE('',*,*,#2901,.T.) ;
#2924=ORIENTED_EDGE('',*,*,#2845,.T.) ;
#2925=ORIENTED_EDGE('',*,*,#2867,.F.) ;
#2926=ORIENTED_EDGE('',*,*,#1552,.F.) ;
#2927=ORIENTED_EDGE('',*,*,#2884,.F.) ;
#2928=ORIENTED_EDGE('',*,*,#737,.F.) ;
#2931=ORIENTED_EDGE('',*,*,#2802,.F.) ;
#2932=ORIENTED_EDGE('',*,*,#2819,.F.) ;
#2935=ORIENTED_EDGE('',*,*,#2759,.F.) ;
#2936=ORIENTED_EDGE('',*,*,#2776,.F.) ;
#2950=ORIENTED_EDGE('',*,*,#2918,.F.) ;
#2951=ORIENTED_EDGE('',*,*,#529,.T.) ;
#2952=ORIENTED_EDGE('',*,*,#2948,.T.) ;
#2953=ORIENTED_EDGE('',*,*,#683,.F.) ;
#2967=ORIENTED_EDGE('',*,*,#2948,.F.) ;
#2968=ORIENTED_EDGE('',*,*,#522,.T.) ;
#2969=ORIENTED_EDGE('',*,*,#2965,.T.) ;
#2970=ORIENTED_EDGE('',*,*,#690,.F.) ;
#2989=ORIENTED_EDGE('',*,*,#449,.T.) ;
#2990=ORIENTED_EDGE('',*,*,#2982,.F.) ;
#2991=ORIENTED_EDGE('',*,*,#312,.T.) ;
#2992=ORIENTED_EDGE('',*,*,#2987,.T.) ;
#3006=ORIENTED_EDGE('',*,*,#456,.F.) ;
#3007=ORIENTED_EDGE('',*,*,#2987,.F.) ;
#3008=ORIENTED_EDGE('',*,*,#307,.T.) ;
#3009=ORIENTED_EDGE('',*,*,#3004,.T.) ;
#3023=ORIENTED_EDGE('',*,*,#463,.T.) ;
#3024=ORIENTED_EDGE('',*,*,#3004,.F.) ;
#3025=ORIENTED_EDGE('',*,*,#300,.T.) ;
#3026=ORIENTED_EDGE('',*,*,#3021,.T.) ;
#3035=ORIENTED_EDGE('',*,*,#468,.F.) ;
#3036=ORIENTED_EDGE('',*,*,#3021,.F.) ;
#3037=ORIENTED_EDGE('',*,*,#293,.T.) ;
#3038=ORIENTED_EDGE('',*,*,#2982,.T.) ;
#3047=ORIENTED_EDGE('',*,*,#619,.F.) ;
#3048=ORIENTED_EDGE('',*,*,#259,.T.) ;
#3049=ORIENTED_EDGE('',*,*,#3045,.T.) ;
#3050=ORIENTED_EDGE('',*,*,#340,.T.) ;
#3064=ORIENTED_EDGE('',*,*,#3045,.F.) ;
#3065=ORIENTED_EDGE('',*,*,#252,.T.) ;
#3066=ORIENTED_EDGE('',*,*,#3062,.T.) ;
#3067=ORIENTED_EDGE('',*,*,#347,.T.) ;
#3081=ORIENTED_EDGE('',*,*,#354,.T.) ;
#3082=ORIENTED_EDGE('',*,*,#3062,.F.) ;
#3083=ORIENTED_EDGE('',*,*,#245,.T.) ;
#3084=ORIENTED_EDGE('',*,*,#3079,.T.) ;
#3098=ORIENTED_EDGE('',*,*,#361,.F.) ;
#3099=ORIENTED_EDGE('',*,*,#3079,.F.) ;
#3100=ORIENTED_EDGE('',*,*,#238,.T.) ;
#3101=ORIENTED_EDGE('',*,*,#3096,.T.) ;
#3115=ORIENTED_EDGE('',*,*,#368,.T.) ;
#3116=ORIENTED_EDGE('',*,*,#3096,.F.) ;
#3117=ORIENTED_EDGE('',*,*,#231,.T.) ;
#3118=ORIENTED_EDGE('',*,*,#3113,.T.) ;
#3132=ORIENTED_EDGE('',*,*,#375,.F.) ;
#3133=ORIENTED_EDGE('',*,*,#3113,.F.) ;
#3134=ORIENTED_EDGE('',*,*,#224,.T.) ;
#3135=ORIENTED_EDGE('',*,*,#3130,.T.) ;
#3149=ORIENTED_EDGE('',*,*,#382,.T.) ;
#3150=ORIENTED_EDGE('',*,*,#3130,.F.) ;
#3151=ORIENTED_EDGE('',*,*,#217,.T.) ;
#3152=ORIENTED_EDGE('',*,*,#3147,.T.) ;
#3161=ORIENTED_EDGE('',*,*,#695,.T.) ;
#3162=ORIENTED_EDGE('',*,*,#2965,.F.) ;
#3163=ORIENTED_EDGE('',*,*,#515,.F.) ;
#3164=ORIENTED_EDGE('',*,*,#198,.T.) ;
#3173=ORIENTED_EDGE('',*,*,#3147,.F.) ;
#3174=ORIENTED_EDGE('',*,*,#210,.T.) ;
#3175=ORIENTED_EDGE('',*,*,#58,.T.) ;
#3176=ORIENTED_EDGE('',*,*,#387,.T.) ;
#21=MANIFOLD_SOLID_BREP('M3D-242313',#30) ;
#41=VERTEX_POINT('',#40) ;
#43=VERTEX_POINT('',#42) ;
#50=VERTEX_POINT('',#49) ;
#57=VERTEX_POINT('',#56) ;
#81=VERTEX_POINT('',#80) ;
#88=VERTEX_POINT('',#87) ;
#112=VERTEX_POINT('',#111) ;
#119=VERTEX_POINT('',#118) ;
#143=VERTEX_POINT('',#142) ;
#145=VERTEX_POINT('',#144) ;
#174=VERTEX_POINT('',#173) ;
#176=VERTEX_POINT('',#175) ;
#183=VERTEX_POINT('',#182) ;
#190=VERTEX_POINT('',#189) ;
#197=VERTEX_POINT('',#196) ;
#209=VERTEX_POINT('',#208) ;
#216=VERTEX_POINT('',#215) ;
#223=VERTEX_POINT('',#222) ;
#230=VERTEX_POINT('',#229) ;
#237=VERTEX_POINT('',#236) ;
#244=VERTEX_POINT('',#243) ;
#251=VERTEX_POINT('',#250) ;
#258=VERTEX_POINT('',#257) ;
#290=VERTEX_POINT('',#289) ;
#292=VERTEX_POINT('',#291) ;
#299=VERTEX_POINT('',#298) ;
#306=VERTEX_POINT('',#305) ;
#330=VERTEX_POINT('',#329) ;
#332=VERTEX_POINT('',#331) ;
#339=VERTEX_POINT('',#338) ;
#346=VERTEX_POINT('',#345) ;
#353=VERTEX_POINT('',#352) ;
#360=VERTEX_POINT('',#359) ;
#367=VERTEX_POINT('',#366) ;
#374=VERTEX_POINT('',#373) ;
#381=VERTEX_POINT('',#380) ;
#393=VERTEX_POINT('',#392) ;
#400=VERTEX_POINT('',#399) ;
#407=VERTEX_POINT('',#406) ;
#414=VERTEX_POINT('',#413) ;
#446=VERTEX_POINT('',#445) ;
#448=VERTEX_POINT('',#447) ;
#455=VERTEX_POINT('',#454) ;
#462=VERTEX_POINT('',#461) ;
#486=VERTEX_POINT('',#485) ;
#488=VERTEX_POINT('',#487) ;
#495=VERTEX_POINT('',#494) ;
#502=VERTEX_POINT('',#501) ;
#514=VERTEX_POINT('',#513) ;
#521=VERTEX_POINT('',#520) ;
#528=VERTEX_POINT('',#527) ;
#535=VERTEX_POINT('',#534) ;
#567=VERTEX_POINT('',#566) ;
#574=VERTEX_POINT('',#573) ;
#654=VERTEX_POINT('',#653) ;
#661=VERTEX_POINT('',#660) ;
#668=VERTEX_POINT('',#667) ;
#675=VERTEX_POINT('',#674) ;
#682=VERTEX_POINT('',#681) ;
#689=VERTEX_POINT('',#688) ;
#736=VERTEX_POINT('',#735) ;
#743=VERTEX_POINT('',#742) ;
#768=VERTEX_POINT('',#767) ;
#775=VERTEX_POINT('',#774) ;
#783=VERTEX_POINT('',#782) ;
#790=VERTEX_POINT('',#789) ;
#833=VERTEX_POINT('',#832) ;
#835=VERTEX_POINT('',#834) ;
#875=VERTEX_POINT('',#874) ;
#877=VERTEX_POINT('',#876) ;
#943=VERTEX_POINT('',#942) ;
#952=VERTEX_POINT('',#951) ;
#961=VERTEX_POINT('',#960) ;
#985=VERTEX_POINT('',#984) ;
#993=VERTEX_POINT('',#992) ;
#1000=VERTEX_POINT('',#999) ;
#1025=VERTEX_POINT('',#1024) ;
#1032=VERTEX_POINT('',#1031) ;
#1056=VERTEX_POINT('',#1055) ;
#1063=VERTEX_POINT('',#1062) ;
#1070=VERTEX_POINT('',#1069) ;
#1079=VERTEX_POINT('',#1078) ;
#1105=VERTEX_POINT('',#1104) ;
#1107=VERTEX_POINT('',#1106) ;
#1120=VERTEX_POINT('',#1119) ;
#1152=VERTEX_POINT('',#1151) ;
#1194=VERTEX_POINT('',#1193) ;
#1220=VERTEX_POINT('',#1219) ;
#1245=VERTEX_POINT('',#1244) ;
#1247=VERTEX_POINT('',#1246) ;
#1254=VERTEX_POINT('',#1253) ;
#1273=VERTEX_POINT('',#1272) ;
#1279=VERTEX_POINT('',#1278) ;
#1288=VERTEX_POINT('',#1287) ;
#1300=VERTEX_POINT('',#1299) ;
#1310=VERTEX_POINT('',#1309) ;
#1316=VERTEX_POINT('',#1315) ;
#1325=VERTEX_POINT('',#1324) ;
#1331=VERTEX_POINT('',#1330) ;
#1340=VERTEX_POINT('',#1339) ;
#1346=VERTEX_POINT('',#1345) ;
#1355=VERTEX_POINT('',#1354) ;
#1361=VERTEX_POINT('',#1360) ;
#1370=VERTEX_POINT('',#1369) ;
#1376=VERTEX_POINT('',#1375) ;
#1382=VERTEX_POINT('',#1381) ;
#1388=VERTEX_POINT('',#1387) ;
#1397=VERTEX_POINT('',#1396) ;
#1403=VERTEX_POINT('',#1402) ;
#1412=VERTEX_POINT('',#1411) ;
#1418=VERTEX_POINT('',#1417) ;
#1427=VERTEX_POINT('',#1426) ;
#1433=VERTEX_POINT('',#1432) ;
#1442=VERTEX_POINT('',#1441) ;
#1489=VERTEX_POINT('',#1488) ;
#1491=VERTEX_POINT('',#1490) ;
#1519=VERTEX_POINT('',#1518) ;
#1521=VERTEX_POINT('',#1520) ;
#1549=VERTEX_POINT('',#1548) ;
#1551=VERTEX_POINT('',#1550) ;
#1568=VERTEX_POINT('',#1567) ;
#1595=VERTEX_POINT('',#1594) ;
#1619=VERTEX_POINT('',#1618) ;
#1626=VERTEX_POINT('',#1625) ;
#1650=VERTEX_POINT('',#1649) ;
#1674=VERTEX_POINT('',#1673) ;
#1698=VERTEX_POINT('',#1697) ;
#1717=VERTEX_POINT('',#1716) ;
#1724=VERTEX_POINT('',#1723) ;
#1748=VERTEX_POINT('',#1747) ;
#1772=VERTEX_POINT('',#1771) ;
#1779=VERTEX_POINT('',#1778) ;
#1803=VERTEX_POINT('',#1802) ;
#1810=VERTEX_POINT('',#1809) ;
#1817=VERTEX_POINT('',#1816) ;
#1824=VERTEX_POINT('',#1823) ;
#1850=VERTEX_POINT('',#1849) ;
#1857=VERTEX_POINT('',#1856) ;
#1881=VERTEX_POINT('',#1880) ;
#1888=VERTEX_POINT('',#1887) ;
#1895=VERTEX_POINT('',#1894) ;
#1902=VERTEX_POINT('',#1901) ;
#1928=VERTEX_POINT('',#1927) ;
#1935=VERTEX_POINT('',#1934) ;
#1992=VERTEX_POINT('',#1991) ;
#2001=VERTEX_POINT('',#2000) ;
#2007=VERTEX_POINT('',#2006) ;
#2016=VERTEX_POINT('',#2015) ;
#2022=VERTEX_POINT('',#2021) ;
#2031=VERTEX_POINT('',#2030) ;
#2037=VERTEX_POINT('',#2036) ;
#2046=VERTEX_POINT('',#2045) ;
#2056=VERTEX_POINT('',#2055) ;
#2065=VERTEX_POINT('',#2064) ;
#2071=VERTEX_POINT('',#2070) ;
#2080=VERTEX_POINT('',#2079) ;
#2086=VERTEX_POINT('',#2085) ;
#2095=VERTEX_POINT('',#2094) ;
#2101=VERTEX_POINT('',#2100) ;
#2110=VERTEX_POINT('',#2109) ;
#2166=VERTEX_POINT('',#2165) ;
#2168=VERTEX_POINT('',#2167) ;
#2196=VERTEX_POINT('',#2195) ;
#2198=VERTEX_POINT('',#2197) ;
#2751=VERTEX_POINT('',#2750) ;
#2758=VERTEX_POINT('',#2757) ;
#2794=VERTEX_POINT('',#2793) ;
#2801=VERTEX_POINT('',#2800) ;
#2837=VERTEX_POINT('',#2836) ;
#2844=VERTEX_POINT('',#2843) ;
#3179=ADVANCED_BREP_SHAPE_REPRESENTATION('NONE',(#21),#16) ;
#70=ADVANCED_FACE('M3D-242313',(#69),#35,.F.) ;
#101=ADVANCED_FACE('M3D-242313',(#100),#75,.T.) ;
#132=ADVANCED_FACE('M3D-242313',(#131),#106,.F.) ;
#163=ADVANCED_FACE('M3D-242313',(#162),#137,.F.) ;
#319=ADVANCED_FACE('M3D-242313',(#284,#318),#168,.T.) ;
#475=ADVANCED_FACE('M3D-242313',(#440,#474),#324,.F.) ;
#556=ADVANCED_FACE('M3D-242313',(#555),#480,.T.) ;
#587=ADVANCED_FACE('M3D-242313',(#586),#561,.T.) ;
#609=ADVANCED_FACE('M3D-242313',(#608),#592,.F.) ;
#626=ADVANCED_FACE('M3D-242313',(#625),#614,.T.) ;
#643=ADVANCED_FACE('M3D-242313',(#642),#631,.T.) ;
#708=ADVANCED_FACE('M3D-242313',(#707),#648,.F.) ;
#725=ADVANCED_FACE('M3D-242313',(#724),#713,.F.) ;
#756=ADVANCED_FACE('M3D-242313',(#755),#730,.F.) ;
#900=ADVANCED_FACE('M3D-242313',(#815,#857,#899),#761,.T.) ;
#917=ADVANCED_FACE('M3D-242313',(#916),#905,.T.) ;
#929=ADVANCED_FACE('M3D-242313',(#928),#922,.F.) ;
#975=ADVANCED_FACE('M3D-242313',(#974),#934,.T.) ;
#1014=ADVANCED_FACE('M3D-242313',(#1013),#980,.T.) ;
#1045=ADVANCED_FACE('M3D-242313',(#1044),#1019,.F.) ;
#1095=ADVANCED_FACE('M3D-242313',(#1094),#1050,.F.) ;
#1134=ADVANCED_FACE('M3D-242313',(#1133),#1100,.F.) ;
#1170=ADVANCED_FACE('M3D-242313',(#1169),#1135,.F.) ;
#1209=ADVANCED_FACE('M3D-242313',(#1208),#1171,.F.) ;
#1233=ADVANCED_FACE('M3D-242313',(#1232),#1214,.F.) ;
#1538=ADVANCED_FACE('M3D-242313',(#1477,#1507,#1537),#1238,.T.) ;
#1584=ADVANCED_FACE('M3D-242313',(#1583),#1543,.F.) ;
#1608=ADVANCED_FACE('M3D-242313',(#1607),#1589,.F.) ;
#1639=ADVANCED_FACE('M3D-242313',(#1638),#1613,.F.) ;
#1663=ADVANCED_FACE('M3D-242313',(#1662),#1644,.T.) ;
#1687=ADVANCED_FACE('M3D-242313',(#1686),#1668,.T.) ;
#1711=ADVANCED_FACE('M3D-242313',(#1710),#1692,.T.) ;
#1737=ADVANCED_FACE('M3D-242313',(#1736),#1644,.T.) ;
#1761=ADVANCED_FACE('M3D-242313',(#1760),#1742,.F.) ;
#1792=ADVANCED_FACE('M3D-242313',(#1791),#1766,.T.) ;
#1839=ADVANCED_FACE('M3D-242313',(#1838),#1797,.T.) ;
#1870=ADVANCED_FACE('M3D-242313',(#1869),#1844,.F.) ;
#1917=ADVANCED_FACE('M3D-242313',(#1916),#1875,.F.) ;
#1948=ADVANCED_FACE('M3D-242313',(#1947),#1922,.F.) ;
#1965=ADVANCED_FACE('M3D-242313',(#1964),#1953,.T.) ;
#1982=ADVANCED_FACE('M3D-242313',(#1981),#1970,.T.) ;
#2215=ADVANCED_FACE('M3D-242313',(#2154,#2184,#2214),#1987,.F.) ;
#2237=ADVANCED_FACE('M3D-242313',(#2236),#2220,.F.) ;
#2244=ADVANCED_FACE('M3D-242313',(#2243),#2220,.F.) ;
#2266=ADVANCED_FACE('M3D-242313',(#2265),#2249,.F.) ;
#2273=ADVANCED_FACE('M3D-242313',(#2272),#2249,.F.) ;
#2290=ADVANCED_FACE('M3D-242313',(#2289),#2278,.F.) ;
#2307=ADVANCED_FACE('M3D-242313',(#2306),#2295,.T.) ;
#2324=ADVANCED_FACE('M3D-242313',(#2323),#2312,.T.) ;
#2341=ADVANCED_FACE('M3D-242313',(#2340),#2329,.F.) ;
#2358=ADVANCED_FACE('M3D-242313',(#2357),#2346,.T.) ;
#2375=ADVANCED_FACE('M3D-242313',(#2374),#2363,.F.) ;
#2392=ADVANCED_FACE('M3D-242313',(#2391),#2380,.T.) ;
#2409=ADVANCED_FACE('M3D-242313',(#2408),#2397,.T.) ;
#2420=ADVANCED_FACE('M3D-242313',(#2419),#2278,.F.) ;
#2441=ADVANCED_FACE('M3D-242313',(#2440),#2425,.F.) ;
#2458=ADVANCED_FACE('M3D-242313',(#2457),#2446,.T.) ;
#2475=ADVANCED_FACE('M3D-242313',(#2474),#2463,.F.) ;
#2492=ADVANCED_FACE('M3D-242313',(#2491),#2480,.F.) ;
#2509=ADVANCED_FACE('M3D-242313',(#2508),#2497,.F.) ;
#2526=ADVANCED_FACE('M3D-242313',(#2525),#2514,.F.) ;
#2543=ADVANCED_FACE('M3D-242313',(#2542),#2531,.F.) ;
#2560=ADVANCED_FACE('M3D-242313',(#2559),#2548,.T.) ;
#2567=ADVANCED_FACE('M3D-242313',(#2566),#2425,.F.) ;
#2579=ADVANCED_FACE('M3D-242313',(#2578),#2572,.T.) ;
#2598=ADVANCED_FACE('M3D-242313',(#2597),#2584,.T.) ;
#2610=ADVANCED_FACE('M3D-242313',(#2609),#2603,.F.) ;
#2627=ADVANCED_FACE('M3D-242313',(#2626),#2615,.F.) ;
#2644=ADVANCED_FACE('M3D-242313',(#2643),#2632,.T.) ;
#2674=ADVANCED_FACE('M3D-242313',(#2673),#2645,.F.) ;
#2704=ADVANCED_FACE('M3D-242313',(#2703),#2675,.F.) ;
#2740=ADVANCED_FACE('M3D-242313',(#2739),#2705,.F.) ;
#2771=ADVANCED_FACE('M3D-242313',(#2770),#2745,.F.) ;
#2783=ADVANCED_FACE('M3D-242313',(#2782),#2745,.F.) ;
#2814=ADVANCED_FACE('M3D-242313',(#2813),#2788,.F.) ;
#2826=ADVANCED_FACE('M3D-242313',(#2825),#2788,.F.) ;
#2857=ADVANCED_FACE('M3D-242313',(#2856),#2831,.T.) ;
#2874=ADVANCED_FACE('M3D-242313',(#2873),#2862,.T.) ;
#2891=ADVANCED_FACE('M3D-242313',(#2890),#2879,.T.) ;
#2908=ADVANCED_FACE('M3D-242313',(#2907),#2896,.F.) ;
#2938=ADVANCED_FACE('M3D-242313',(#2929,#2933,#2937),#2913,.F.) ;
#2955=ADVANCED_FACE('M3D-242313',(#2954),#2943,.F.) ;
#2972=ADVANCED_FACE('M3D-242313',(#2971),#2960,.T.) ;
#2994=ADVANCED_FACE('M3D-242313',(#2993),#2977,.F.) ;
#3011=ADVANCED_FACE('M3D-242313',(#3010),#2999,.F.) ;
#3028=ADVANCED_FACE('M3D-242313',(#3027),#3016,.F.) ;
#3040=ADVANCED_FACE('M3D-242313',(#3039),#3033,.F.) ;
#3052=ADVANCED_FACE('M3D-242313',(#3051),#35,.F.) ;
#3069=ADVANCED_FACE('M3D-242313',(#3068),#3057,.T.) ;
#3086=ADVANCED_FACE('M3D-242313',(#3085),#3074,.F.) ;
#3103=ADVANCED_FACE('M3D-242313',(#3102),#3091,.F.) ;
#3120=ADVANCED_FACE('M3D-242313',(#3119),#3108,.F.) ;
#3137=ADVANCED_FACE('M3D-242313',(#3136),#3125,.F.) ;
#3154=ADVANCED_FACE('M3D-242313',(#3153),#3142,.F.) ;
#3166=ADVANCED_FACE('M3D-242313',(#3165),#3159,.T.) ;
#3178=ADVANCED_FACE('M3D-242313',(#3177),#3171,.T.) ;
#4=APPLICATION_PROTOCOL_DEFINITION('international standard','ap242_managed_model_based_3d_engineering',2014,#1) ;
#762=B_SPLINE_CURVE_WITH_KNOTS('',3,(#763,#764,#765,#766),.UNSPECIFIED.,.F.,.U.,(4,4),(23.5619449019,24.5974093998),.UNSPECIFIED.) ;
#777=B_SPLINE_CURVE_WITH_KNOTS('',3,(#778,#779,#780,#781),.UNSPECIFIED.,.F.,.U.,(4,4),(6.81851713612,7.85398163397),.UNSPECIFIED.) ;
#792=B_SPLINE_CURVE_WITH_KNOTS('',5,(#793,#794,#795,#796,#797,#798),.UNSPECIFIED.,.F.,.U.,(6,6),(6.28318530718,9.42477796077),.UNSPECIFIED.) ;
#816=B_SPLINE_CURVE_WITH_KNOTS('',5,(#817,#818,#819,#820,#821,#822,#823,#824,#825,#826,#827,#828,#829,#830,#831),.UNSPECIFIED.,.F.,.U.,(6,3,3,3,6),(21.2057504117,24.740042147,28.2743338823,31.8086256176,35.3429173529),.UNSPECIFIED.) ;
#837=B_SPLINE_CURVE_WITH_KNOTS('',5,(#838,#839,#840,#841,#842,#843,#844,#845,#846,#847,#848,#849,#850,#851,#852),.UNSPECIFIED.,.F.,.U.,(6,3,3,3,6),(7.06858347058,10.6028752059,14.1371669412,17.6714586764,21.2057504117),.UNSPECIFIED.) ;
#858=B_SPLINE_CURVE_WITH_KNOTS('',5,(#859,#860,#861,#862,#863,#864,#865,#866,#867,#868,#869,#870,#871,#872,#873),.UNSPECIFIED.,.F.,.U.,(6,3,3,3,6),(21.2057504117,24.740042147,28.2743338823,31.8086256176,35.3429173529),.UNSPECIFIED.) ;
#879=B_SPLINE_CURVE_WITH_KNOTS('',5,(#880,#881,#882,#883,#884,#885,#886,#887,#888,#889,#890,#891,#892,#893,#894),.UNSPECIFIED.,.F.,.U.,(6,3,3,3,6),(7.06858347058,10.6028752059,14.1371669412,17.6714586764,21.2057504117),.UNSPECIFIED.) ;
#935=B_SPLINE_CURVE_WITH_KNOTS('',5,(#936,#937,#938,#939,#940,#941),.UNSPECIFIED.,.F.,.U.,(6,6),(-8.36735626986,8.36735626986),.UNSPECIFIED.) ;
#945=B_SPLINE_CURVE_WITH_KNOTS('',4,(#946,#947,#948,#949,#950),.UNSPECIFIED.,.F.,.U.,(5,5),(-6.97168585686,6.97168585686),.UNSPECIFIED.) ;
#954=B_SPLINE_CURVE_WITH_KNOTS('',4,(#955,#956,#957,#958,#959),.UNSPECIFIED.,.F.,.U.,(5,5),(0.,4.36897858925),.UNSPECIFIED.) ;
#981=B_SPLINE_CURVE_WITH_KNOTS('',1,(#982,#983),.UNSPECIFIED.,.F.,.U.,(2,2),(-10.6666666667,10.6666666667),.UNSPECIFIED.) ;
#987=B_SPLINE_CURVE_WITH_KNOTS('',3,(#988,#989,#990,#991),.UNSPECIFIED.,.F.,.U.,(4,4),(7.85398163397,8.02277040531),.UNSPECIFIED.) ;
#1072=B_SPLINE_CURVE_WITH_KNOTS('',4,(#1073,#1074,#1075,#1076,#1077),.UNSPECIFIED.,.F.,.U.,(5,5),(0.,4.67100914088),.UNSPECIFIED.) ;
#1081=B_SPLINE_CURVE_WITH_KNOTS('',3,(#1082,#1083,#1084,#1085),.UNSPECIFIED.,.F.,.U.,(4,4),(-2.06081434692,2.06081434692),.UNSPECIFIED.) ;
#1101=B_SPLINE_CURVE_WITH_KNOTS('',1,(#1102,#1103),.UNSPECIFIED.,.F.,.U.,(2,2),(-10.6666666667,10.6666666667),.UNSPECIFIED.) ;
#1114=B_SPLINE_CURVE_WITH_KNOTS('',3,(#1115,#1116,#1117,#1118),.UNSPECIFIED.,.F.,.U.,(4,4),(7.85398163397,8.02277040531),.UNSPECIFIED.) ;
#1148=B_SPLINE_CURVE_WITH_KNOTS('',1,(#1149,#1150),.UNSPECIFIED.,.F.,.U.,(2,2),(-6.,-1.37112543541E-014),.UNSPECIFIED.) ;
#1154=B_SPLINE_CURVE_WITH_KNOTS('',3,(#1155,#1156,#1157,#1158),.UNSPECIFIED.,.F.,.U.,(4,4),(0.,4.12162869383),.UNSPECIFIED.) ;
#1160=B_SPLINE_CURVE_WITH_KNOTS('',1,(#1161,#1162),.UNSPECIFIED.,.F.,.U.,(2,2),(-6.,-9.97812943382E-015),.UNSPECIFIED.) ;
#1190=B_SPLINE_CURVE_WITH_KNOTS('',1,(#1191,#1192),.UNSPECIFIED.,.F.,.U.,(2,2),(-6.,-9.27036225562E-015),.UNSPECIFIED.) ;
#1196=B_SPLINE_CURVE_WITH_KNOTS('',4,(#1197,#1198,#1199,#1200,#1201),.UNSPECIFIED.,.F.,.U.,(5,5),(0.,4.67094713303),.UNSPECIFIED.) ;
#1239=B_SPLINE_CURVE_WITH_KNOTS('',3,(#1240,#1241,#1242,#1243),.UNSPECIFIED.,.F.,.U.,(4,4),(7.85398163397,10.471975512),.UNSPECIFIED.) ;
#1256=B_SPLINE_CURVE_WITH_KNOTS('',5,(#1257,#1258,#1259,#1260,#1261,#1262,#1263,#1264,#1265,#1266,#1267,#1268,#1269,#1270,#1271),.UNSPECIFIED.,.F.,.U.,(6,3,3,3,6),(58.9048622548,67.0860931235,75.2673239923,83.448554861,91.6297857297),.UNSPECIFIED.) ;
#1275=B_SPLINE_CURVE_WITH_KNOTS('',1,(#1276,#1277),.UNSPECIFIED.,.F.,.U.,(2,2),(-21.,21.),.UNSPECIFIED.) ;
#1281=B_SPLINE_CURVE_WITH_KNOTS('',4,(#1282,#1283,#1284,#1285,#1286),.UNSPECIFIED.,.F.,.U.,(5,5),(13.08996939,19.6349540849),.UNSPECIFIED.) ;
#1302=B_SPLINE_CURVE_WITH_KNOTS('',5,(#1303,#1304,#1305,#1306,#1307,#1308),.UNSPECIFIED.,.F.,.U.,(6,6),(5.23598775598,7.85398163397),.UNSPECIFIED.) ;
#1312=B_SPLINE_CURVE_WITH_KNOTS('',1,(#1313,#1314),.UNSPECIFIED.,.F.,.U.,(2,2),(-7.34773269989,3.61568189232),.UNSPECIFIED.) ;
#1318=B_SPLINE_CURVE_WITH_KNOTS('',4,(#1319,#1320,#1321,#1322,#1323),.UNSPECIFIED.,.F.,.U.,(5,5),(4.18879020479,5.75958653158),.UNSPECIFIED.) ;
#1327=B_SPLINE_CURVE_WITH_KNOTS('',1,(#1328,#1329),.UNSPECIFIED.,.F.,.U.,(2,2),(-0.585786437627,0.585786437627),.UNSPECIFIED.) ;
#1333=B_SPLINE_CURVE_WITH_KNOTS('',4,(#1334,#1335,#1336,#1337,#1338),.UNSPECIFIED.,.F.,.U.,(5,5),(10.471975512,12.0427718388),.UNSPECIFIED.) ;
#1342=B_SPLINE_CURVE_WITH_KNOTS('',1,(#1343,#1344),.UNSPECIFIED.,.F.,.U.,(2,2),(-6.,6.),.UNSPECIFIED.) ;
#1348=B_SPLINE_CURVE_WITH_KNOTS('',4,(#1349,#1350,#1351,#1352,#1353),.UNSPECIFIED.,.F.,.U.,(5,5),(8.90117918517,10.471975512),.UNSPECIFIED.) ;
#1357=B_SPLINE_CURVE_WITH_KNOTS('',1,(#1358,#1359),.UNSPECIFIED.,.F.,.U.,(2,2),(-0.585786437627,0.585786437627),.UNSPECIFIED.) ;
#1363=B_SPLINE_CURVE_WITH_KNOTS('',4,(#1364,#1365,#1366,#1367,#1368),.UNSPECIFIED.,.F.,.U.,(5,5),(2.61799387799,4.18879020479),.UNSPECIFIED.) ;
#1372=B_SPLINE_CURVE_WITH_KNOTS('',1,(#1373,#1374),.UNSPECIFIED.,.F.,.U.,(2,2),(-1.,1.),.UNSPECIFIED.) ;
#1378=B_SPLINE_CURVE_WITH_KNOTS('',1,(#1379,#1380),.UNSPECIFIED.,.F.,.U.,(2,2),(-12.6,12.6),.UNSPECIFIED.) ;
#1384=B_SPLINE_CURVE_WITH_KNOTS('',1,(#1385,#1386),.UNSPECIFIED.,.F.,.U.,(2,2),(-1.,1.),.UNSPECIFIED.) ;
#1390=B_SPLINE_CURVE_WITH_KNOTS('',4,(#1391,#1392,#1393,#1394,#1395),.UNSPECIFIED.,.F.,.U.,(5,5),(-2.09439510239,-0.523598775598),.UNSPECIFIED.) ;
#1399=B_SPLINE_CURVE_WITH_KNOTS('',1,(#1400,#1401),.UNSPECIFIED.,.F.,.U.,(2,2),(-0.585786437627,0.585786437627),.UNSPECIFIED.) ;
#1405=B_SPLINE_CURVE_WITH_KNOTS('',4,(#1406,#1407,#1408,#1409,#1410),.UNSPECIFIED.,.F.,.U.,(5,5),(4.18879020479,5.75958653158),.UNSPECIFIED.) ;
#1414=B_SPLINE_CURVE_WITH_KNOTS('',1,(#1415,#1416),.UNSPECIFIED.,.F.,.U.,(2,2),(-6.,6.),.UNSPECIFIED.) ;
#1420=B_SPLINE_CURVE_WITH_KNOTS('',4,(#1421,#1422,#1423,#1424,#1425),.UNSPECIFIED.,.F.,.U.,(5,5),(2.61799387799,4.18879020479),.UNSPECIFIED.) ;
#1429=B_SPLINE_CURVE_WITH_KNOTS('',1,(#1430,#1431),.UNSPECIFIED.,.F.,.U.,(2,2),(-0.585786437627,0.585786437627),.UNSPECIFIED.) ;
#1435=B_SPLINE_CURVE_WITH_KNOTS('',4,(#1436,#1437,#1438,#1439,#1440),.UNSPECIFIED.,.F.,.U.,(5,5),(8.90117918517,10.471975512),.UNSPECIFIED.) ;
#1444=B_SPLINE_CURVE_WITH_KNOTS('',1,(#1445,#1446),.UNSPECIFIED.,.F.,.U.,(2,2),(-27.8318269131,29.1715728753),.UNSPECIFIED.) ;
#1478=B_SPLINE_CURVE_WITH_KNOTS('',5,(#1479,#1480,#1481,#1482,#1483,#1484,#1485,#1486,#1487),.UNSPECIFIED.,.F.,.U.,(6,3,6),(11.5854083083,15.4472110777,19.3090138471),.UNSPECIFIED.) ;
#1493=B_SPLINE_CURVE_WITH_KNOTS('',5,(#1494,#1495,#1496,#1497,#1498,#1499,#1500,#1501,#1502),.UNSPECIFIED.,.F.,.U.,(6,3,6),(3.86180276943,7.72360553885,11.5854083083),.UNSPECIFIED.) ;
#1508=B_SPLINE_CURVE_WITH_KNOTS('',5,(#1509,#1510,#1511,#1512,#1513,#1514,#1515,#1516,#1517),.UNSPECIFIED.,.F.,.U.,(6,3,6),(3.86180276943,7.72360553885,11.5854083083),.UNSPECIFIED.) ;
#1523=B_SPLINE_CURVE_WITH_KNOTS('',5,(#1524,#1525,#1526,#1527,#1528,#1529,#1530,#1531,#1532),.UNSPECIFIED.,.F.,.U.,(6,3,6),(11.5854083083,15.4472110777,19.3090138471),.UNSPECIFIED.) ;
#1553=B_SPLINE_CURVE_WITH_KNOTS('',5,(#1554,#1555,#1556,#1557,#1558,#1559),.UNSPECIFIED.,.F.,.U.,(6,6),(-8.36735626986,8.36735626986),.UNSPECIFIED.) ;
#1561=B_SPLINE_CURVE_WITH_KNOTS('',4,(#1562,#1563,#1564,#1565,#1566),.UNSPECIFIED.,.F.,.U.,(5,5),(0.,4.36898085479),.UNSPECIFIED.) ;
#1570=B_SPLINE_CURVE_WITH_KNOTS('',4,(#1571,#1572,#1573,#1574,#1575),.UNSPECIFIED.,.F.,.U.,(5,5),(-6.97168585686,6.97168585686),.UNSPECIFIED.) ;
#1988=B_SPLINE_CURVE_WITH_KNOTS('',1,(#1989,#1990),.UNSPECIFIED.,.F.,.U.,(2,2),(-27.8318269131,29.1715728753),.UNSPECIFIED.) ;
#1994=B_SPLINE_CURVE_WITH_KNOTS('',4,(#1995,#1996,#1997,#1998,#1999),.UNSPECIFIED.,.F.,.U.,(5,5),(8.90117918517,10.471975512),.UNSPECIFIED.) ;
#2003=B_SPLINE_CURVE_WITH_KNOTS('',1,(#2004,#2005),.UNSPECIFIED.,.F.,.U.,(2,2),(-0.585786437627,0.585786437627),.UNSPECIFIED.) ;
#2009=B_SPLINE_CURVE_WITH_KNOTS('',4,(#2010,#2011,#2012,#2013,#2014),.UNSPECIFIED.,.F.,.U.,(5,5),(2.61799387799,4.18879020479),.UNSPECIFIED.) ;
#2018=B_SPLINE_CURVE_WITH_KNOTS('',1,(#2019,#2020),.UNSPECIFIED.,.F.,.U.,(2,2),(-6.,6.),.UNSPECIFIED.) ;
#2024=B_SPLINE_CURVE_WITH_KNOTS('',4,(#2025,#2026,#2027,#2028,#2029),.UNSPECIFIED.,.F.,.U.,(5,5),(4.18879020479,5.75958653158),.UNSPECIFIED.) ;
#2033=B_SPLINE_CURVE_WITH_KNOTS('',1,(#2034,#2035),.UNSPECIFIED.,.F.,.U.,(2,2),(-0.585786437627,0.585786437627),.UNSPECIFIED.) ;
#2039=B_SPLINE_CURVE_WITH_KNOTS('',4,(#2040,#2041,#2042,#2043,#2044),.UNSPECIFIED.,.F.,.U.,(5,5),(-2.09439510239,-0.523598775598),.UNSPECIFIED.) ;
#2048=B_SPLINE_CURVE_WITH_KNOTS('',1,(#2049,#2050),.UNSPECIFIED.,.F.,.U.,(2,2),(-1.,1.),.UNSPECIFIED.) ;
#2052=B_SPLINE_CURVE_WITH_KNOTS('',1,(#2053,#2054),.UNSPECIFIED.,.F.,.U.,(2,2),(-1.,1.),.UNSPECIFIED.) ;
#2058=B_SPLINE_CURVE_WITH_KNOTS('',4,(#2059,#2060,#2061,#2062,#2063),.UNSPECIFIED.,.F.,.U.,(5,5),(2.61799387799,4.18879020479),.UNSPECIFIED.) ;
#2067=B_SPLINE_CURVE_WITH_KNOTS('',1,(#2068,#2069),.UNSPECIFIED.,.F.,.U.,(2,2),(-0.585786437627,0.585786437627),.UNSPECIFIED.) ;
#2073=B_SPLINE_CURVE_WITH_KNOTS('',4,(#2074,#2075,#2076,#2077,#2078),.UNSPECIFIED.,.F.,.U.,(5,5),(8.90117918517,10.471975512),.UNSPECIFIED.) ;
#2082=B_SPLINE_CURVE_WITH_KNOTS('',1,(#2083,#2084),.UNSPECIFIED.,.F.,.U.,(2,2),(-6.,6.),.UNSPECIFIED.) ;
#2088=B_SPLINE_CURVE_WITH_KNOTS('',4,(#2089,#2090,#2091,#2092,#2093),.UNSPECIFIED.,.F.,.U.,(5,5),(10.471975512,12.0427718388),.UNSPECIFIED.) ;
#2097=B_SPLINE_CURVE_WITH_KNOTS('',1,(#2098,#2099),.UNSPECIFIED.,.F.,.U.,(2,2),(-0.585786437627,0.585786437627),.UNSPECIFIED.) ;
#2103=B_SPLINE_CURVE_WITH_KNOTS('',4,(#2104,#2105,#2106,#2107,#2108),.UNSPECIFIED.,.F.,.U.,(5,5),(4.18879020479,5.75958653158),.UNSPECIFIED.) ;
#2112=B_SPLINE_CURVE_WITH_KNOTS('',1,(#2113,#2114),.UNSPECIFIED.,.F.,.U.,(2,2),(-7.34773269989,3.61568189232),.UNSPECIFIED.) ;
#2121=B_SPLINE_CURVE_WITH_KNOTS('',1,(#2122,#2123),.UNSPECIFIED.,.F.,.U.,(2,2),(-21.,21.),.UNSPECIFIED.) ;
#2155=B_SPLINE_CURVE_WITH_KNOTS('',5,(#2156,#2157,#2158,#2159,#2160,#2161,#2162,#2163,#2164),.UNSPECIFIED.,.F.,.U.,(6,3,6),(19.3090138471,23.1708166166,27.032619386),.UNSPECIFIED.) ;
#2170=B_SPLINE_CURVE_WITH_KNOTS('',5,(#2171,#2172,#2173,#2174,#2175,#2176,#2177,#2178,#2179),.UNSPECIFIED.,.F.,.U.,(6,3,6),(11.5854083083,15.4472110777,19.3090138471),.UNSPECIFIED.) ;
#2185=B_SPLINE_CURVE_WITH_KNOTS('',5,(#2186,#2187,#2188,#2189,#2190,#2191,#2192,#2193,#2194),.UNSPECIFIED.,.F.,.U.,(6,3,6),(11.5854083083,15.4472110777,19.3090138471),.UNSPECIFIED.) ;
#2200=B_SPLINE_CURVE_WITH_KNOTS('',5,(#2201,#2202,#2203,#2204,#2205,#2206,#2207,#2208,#2209),.UNSPECIFIED.,.F.,.U.,(6,3,6),(19.3090138471,23.1708166166,27.032619386),.UNSPECIFIED.) ;
#2664=B_SPLINE_CURVE_WITH_KNOTS('',1,(#2665,#2666),.UNSPECIFIED.,.F.,.U.,(2,2),(-3.,3.),.UNSPECIFIED.) ;
#2694=B_SPLINE_CURVE_WITH_KNOTS('',1,(#2695,#2696),.UNSPECIFIED.,.F.,.U.,(2,2),(-3.,3.),.UNSPECIFIED.) ;
#2730=B_SPLINE_CURVE_WITH_KNOTS('',1,(#2731,#2732),.UNSPECIFIED.,.F.,.U.,(2,2),(-3.,3.),.UNSPECIFIED.) ;
#1135=B_SPLINE_SURFACE_WITH_KNOTS('',5,1,((#1136,#1137),(#1138,#1139),(#1140,#1141),(#1142,#1143),(#1144,#1145),(#1146,#1147)),.UNSPECIFIED.,.F.,.F.,.U.,(6,6),(2,2),(0.,4.12162869383),(-6.,-9.97812943382E-015),.UNSPECIFIED.) ;
#1171=B_SPLINE_SURFACE_WITH_KNOTS('',5,1,((#1172,#1173),(#1174,#1175),(#1176,#1177),(#1178,#1179),(#1180,#1181),(#1182,#1183),(#1184,#1185),(#1186,#1187),(#1188,#1189)),.UNSPECIFIED.,.F.,.F.,.U.,(6,3,6),(2,2),(0.,3.02899938765,3.78624923456),(-6.00000000001,2.72987966479E-014),.UNSPECIFIED.) ;
#2645=B_SPLINE_SURFACE_WITH_KNOTS('',5,1,((#2646,#2647),(#2648,#2649),(#2650,#2651),(#2652,#2653),(#2654,#2655),(#2656,#2657),(#2658,#2659),(#2660,#2661),(#2662,#2663)),.UNSPECIFIED.,.F.,.F.,.U.,(6,3,6),(2,2),(0.,2.12499598372,3.54165997286),(-1.49880108325E-015,6.00000000001),.UNSPECIFIED.) ;
#2675=B_SPLINE_SURFACE_WITH_KNOTS('',5,1,((#2676,#2677),(#2678,#2679),(#2680,#2681),(#2682,#2683),(#2684,#2685),(#2686,#2687),(#2688,#2689),(#2690,#2691),(#2692,#2693)),.UNSPECIFIED.,.F.,.F.,.U.,(6,3,6),(2,2),(0.,6.97168585686,13.9433717137),(-8.881784197E-016,6.),.UNSPECIFIED.) ;
#2705=B_SPLINE_SURFACE_WITH_KNOTS('',5,1,((#2706,#2707),(#2708,#2709),(#2710,#2711),(#2712,#2713),(#2714,#2715),(#2716,#2717),(#2718,#2719),(#2720,#2721),(#2722,#2723),(#2724,#2725),(#2726,#2727),(#2728,#2729)),.UNSPECIFIED.,.F.,.F.,.U.,(6,3,3,6),(2,2),(0.,6.69388501589,13.3877700318,16.7347125397),(-1.11022302463E-016,6.),.UNSPECIFIED.) ;
#22=DRAUGHTING_PRE_DEFINED_COLOUR('cyan') ;
#69=FACE_OUTER_BOUND('',#64,.T.) ;
#100=FACE_OUTER_BOUND('',#95,.T.) ;
#131=FACE_OUTER_BOUND('',#126,.T.) ;
#162=FACE_OUTER_BOUND('',#157,.T.) ;
#284=FACE_OUTER_BOUND('',#265,.T.) ;
#440=FACE_OUTER_BOUND('',#421,.T.) ;
#555=FACE_OUTER_BOUND('',#542,.T.) ;
#586=FACE_OUTER_BOUND('',#581,.T.) ;
#608=FACE_OUTER_BOUND('',#603,.T.) ;
#625=FACE_OUTER_BOUND('',#620,.T.) ;
#642=FACE_OUTER_BOUND('',#637,.T.) ;
#707=FACE_OUTER_BOUND('',#696,.T.) ;
#724=FACE_OUTER_BOUND('',#719,.T.) ;
#755=FACE_OUTER_BOUND('',#750,.T.) ;
#815=FACE_OUTER_BOUND('',#805,.T.) ;
#916=FACE_OUTER_BOUND('',#911,.T.) ;
#928=FACE_OUTER_BOUND('',#923,.T.) ;
#974=FACE_OUTER_BOUND('',#968,.T.) ;
#1013=FACE_OUTER_BOUND('',#1007,.T.) ;
#1044=FACE_OUTER_BOUND('',#1039,.T.) ;
#1094=FACE_OUTER_BOUND('',#1087,.T.) ;
#1133=FACE_OUTER_BOUND('',#1127,.T.) ;
#1169=FACE_OUTER_BOUND('',#1164,.T.) ;
#1208=FACE_OUTER_BOUND('',#1203,.T.) ;
#1232=FACE_OUTER_BOUND('',#1227,.T.) ;
#1477=FACE_OUTER_BOUND('',#1448,.T.) ;
#1583=FACE_OUTER_BOUND('',#1577,.T.) ;
#1607=FACE_OUTER_BOUND('',#1602,.T.) ;
#1638=FACE_OUTER_BOUND('',#1633,.T.) ;
#1662=FACE_OUTER_BOUND('',#1657,.T.) ;
#1686=FACE_OUTER_BOUND('',#1681,.T.) ;
#1710=FACE_OUTER_BOUND('',#1705,.T.) ;
#1736=FACE_OUTER_BOUND('',#1731,.T.) ;
#1760=FACE_OUTER_BOUND('',#1755,.T.) ;
#1791=FACE_OUTER_BOUND('',#1786,.T.) ;
#1838=FACE_OUTER_BOUND('',#1831,.T.) ;
#1869=FACE_OUTER_BOUND('',#1864,.T.) ;
#1916=FACE_OUTER_BOUND('',#1909,.T.) ;
#1947=FACE_OUTER_BOUND('',#1942,.T.) ;
#1964=FACE_OUTER_BOUND('',#1959,.T.) ;
#1981=FACE_OUTER_BOUND('',#1976,.T.) ;
#2154=FACE_OUTER_BOUND('',#2125,.T.) ;
#2236=FACE_OUTER_BOUND('',#2231,.T.) ;
#2243=FACE_OUTER_BOUND('',#2238,.T.) ;
#2265=FACE_OUTER_BOUND('',#2260,.T.) ;
#2272=FACE_OUTER_BOUND('',#2267,.T.) ;
#2289=FACE_OUTER_BOUND('',#2284,.T.) ;
#2306=FACE_OUTER_BOUND('',#2301,.T.) ;
#2323=FACE_OUTER_BOUND('',#2318,.T.) ;
#2340=FACE_OUTER_BOUND('',#2335,.T.) ;
#2357=FACE_OUTER_BOUND('',#2352,.T.) ;
#2374=FACE_OUTER_BOUND('',#2369,.T.) ;
#2391=FACE_OUTER_BOUND('',#2386,.T.) ;
#2408=FACE_OUTER_BOUND('',#2403,.T.) ;
#2419=FACE_OUTER_BOUND('',#2410,.T.) ;
#2440=FACE_OUTER_BOUND('',#2431,.T.) ;
#2457=FACE_OUTER_BOUND('',#2452,.T.) ;
#2474=FACE_OUTER_BOUND('',#2469,.T.) ;
#2491=FACE_OUTER_BOUND('',#2486,.T.) ;
#2508=FACE_OUTER_BOUND('',#2503,.T.) ;
#2525=FACE_OUTER_BOUND('',#2520,.T.) ;
#2542=FACE_OUTER_BOUND('',#2537,.T.) ;
#2559=FACE_OUTER_BOUND('',#2554,.T.) ;
#2566=FACE_OUTER_BOUND('',#2561,.T.) ;
#2578=FACE_OUTER_BOUND('',#2573,.T.) ;
#2597=FACE_OUTER_BOUND('',#2590,.T.) ;
#2609=FACE_OUTER_BOUND('',#2604,.T.) ;
#2626=FACE_OUTER_BOUND('',#2621,.T.) ;
#2643=FACE_OUTER_BOUND('',#2638,.T.) ;
#2673=FACE_OUTER_BOUND('',#2668,.T.) ;
#2703=FACE_OUTER_BOUND('',#2698,.T.) ;
#2739=FACE_OUTER_BOUND('',#2734,.T.) ;
#2770=FACE_OUTER_BOUND('',#2765,.T.) ;
#2782=FACE_OUTER_BOUND('',#2777,.T.) ;
#2813=FACE_OUTER_BOUND('',#2808,.T.) ;
#2825=FACE_OUTER_BOUND('',#2820,.T.) ;
#2856=FACE_OUTER_BOUND('',#2851,.T.) ;
#2873=FACE_OUTER_BOUND('',#2868,.T.) ;
#2890=FACE_OUTER_BOUND('',#2885,.T.) ;
#2907=FACE_OUTER_BOUND('',#2902,.T.) ;
#2929=FACE_OUTER_BOUND('',#2919,.T.) ;
#2954=FACE_OUTER_BOUND('',#2949,.T.) ;
#2971=FACE_OUTER_BOUND('',#2966,.T.) ;
#2993=FACE_OUTER_BOUND('',#2988,.T.) ;
#3010=FACE_OUTER_BOUND('',#3005,.T.) ;
#3027=FACE_OUTER_BOUND('',#3022,.T.) ;
#3039=FACE_OUTER_BOUND('',#3034,.T.) ;
#3051=FACE_OUTER_BOUND('',#3046,.T.) ;
#3068=FACE_OUTER_BOUND('',#3063,.T.) ;
#3085=FACE_OUTER_BOUND('',#3080,.T.) ;
#3102=FACE_OUTER_BOUND('',#3097,.T.) ;
#3119=FACE_OUTER_BOUND('',#3114,.T.) ;
#3136=FACE_OUTER_BOUND('',#3131,.T.) ;
#3153=FACE_OUTER_BOUND('',#3148,.T.) ;
#3165=FACE_OUTER_BOUND('',#3160,.T.) ;
#3177=FACE_OUTER_BOUND('',#3172,.T.) ;
#9=PRODUCT_CATEGORY_RELATIONSHIP(' ',' ',#7,#8) ;
#6=PRODUCT_DEFINITION_FORMATION_WITH_SPECIFIED_SOURCE('--A',' ',#5,.NOT_KNOWN.) ;
#20=SHAPE_DEFINITION_REPRESENTATION(#11,#19) ;
#12=(LENGTH_UNIT()NAMED_UNIT(*)SI_UNIT(.MILLI.,.METRE.)) ;
#13=(NAMED_UNIT(*)PLANE_ANGLE_UNIT()SI_UNIT($,.RADIAN.)) ;
#14=(NAMED_UNIT(*)SI_UNIT($,.STERADIAN.)SOLID_ANGLE_UNIT()) ;
#16=(GEOMETRIC_REPRESENTATION_CONTEXT(3)GLOBAL_UNCERTAINTY_ASSIGNED_CONTEXT((#15))GLOBAL_UNIT_ASSIGNED_CONTEXT((#12,#13,#14))REPRESENTATION_CONTEXT(' ',' ')) ;
ENDSEC;
END-ISO-10303-21;
