ISO-10303-21;
HEADER;
FILE_DESCRIPTION(('CATIA V5 STEP Exchange','CAx-IF Rec.Pracs.--- Model Styling and Organization---1.4--- 2014-01-23','CAx-IF Rec.Pracs.---Representation and Presentation of Product Manufacturing Information (PMI)---4.0---2014-10-13','CAx-IF Rec.Pracs.---3D Tessellated Data Validation Properties---0.5---2014-09-14'),'2;1');

FILE_NAME('C:\\Users\\sdesterb\\Desktop\\AR00000244733_A.stp','2022-05-18T06:15:29+00:00',('none'),('none'),'CATIA Version 5-6 Release 2016 SP5 HF35','CATIA V5 STEP AP242','none');

FILE_SCHEMA(('AP242_MANAGED_MODEL_BASED_3D_ENGINEERING_MIM_LF  {1 0 10303 442 1 1 4}'));

ENDSEC;
DATA;
#5=PRODUCT('AR00000244733_AllCATPart','','',(#2)) ;
#2=PRODUCT_CONTEXT(' ',#1,'mechanical') ;
#1=APPLICATION_CONTEXT('managed model based 3d engineering') ;
#10=PRODUCT_DEFINITION('',' ',#6,#3) ;
#3=PRODUCT_DEFINITION_CONTEXT('part definition',#1,' ') ;
#11=PRODUCT_DEFINITION_SHAPE(' ',' ',#10) ;
#5880=MECHANICAL_DESIGN_GEOMETRIC_PRESENTATION_REPRESENTATION(' ',(#29,#313,#602,#4485),#16) ;
#5881=MECHANICAL_DESIGN_GEOMETRIC_PRESENTATION_REPRESENTATION(' ',(#5877),#16) ;
#19=SHAPE_REPRESENTATION(' ',(#18),#16) ;
#7=PRODUCT_CATEGORY('part','specification') ;
#17=CARTESIAN_POINT(' ',(0.,0.,0.)) ;
#31=CARTESIAN_POINT('Axis2P3D Location',(86.3893971236,96.5006598811,-162.207190101)) ;
#36=CARTESIAN_POINT('Line Origine',(89.3338834436,96.5006446164,-160.50719001)) ;
#40=CARTESIAN_POINT('Vertex',(86.3893971236,96.5006598811,-162.207190101)) ;
#42=CARTESIAN_POINT('Vertex',(92.2783697637,96.5006293518,-158.807189918)) ;
#45=CARTESIAN_POINT('Line Origine',(88.2657855995,96.5006696086,-165.457190043)) ;
#49=CARTESIAN_POINT('Vertex',(90.1421740754,96.500679336,-168.707189985)) ;
#52=CARTESIAN_POINT('Line Origine',(93.0866603954,96.5006640714,-167.007189893)) ;
#56=CARTESIAN_POINT('Vertex',(96.0311467154,96.5006488067,-165.307189802)) ;
#59=CARTESIAN_POINT('Line Origine',(94.1547582395,96.5006390793,-162.05718986)) ;
#71=CARTESIAN_POINT('Axis2P3D Location',(90.1421740754,96.500679336,-168.707189985)) ;
#76=CARTESIAN_POINT('Line Origine',(91.0803767376,99.7506841997,-170.332175364)) ;
#80=CARTESIAN_POINT('Vertex',(92.0185793997,103.000689063,-171.957160744)) ;
#83=CARTESIAN_POINT('Line Origine',(94.9630657197,103.000673799,-170.257160652)) ;
#87=CARTESIAN_POINT('Vertex',(97.9075520398,103.000658534,-168.557160561)) ;
#90=CARTESIAN_POINT('Line Origine',(96.9693493776,99.7506536704,-166.932175181)) ;
#102=CARTESIAN_POINT('Axis2P3D Location',(92.0185793997,103.000689063,-171.957160744)) ;
#107=CARTESIAN_POINT('Line Origine',(91.080393586,106.2506842,-170.332146182)) ;
#111=CARTESIAN_POINT('Vertex',(90.1422077723,109.500679336,-168.70713162)) ;
#114=CARTESIAN_POINT('Line Origine',(93.0866940924,109.500664071,-167.007131528)) ;
#118=CARTESIAN_POINT('Vertex',(96.0311804124,109.500648807,-165.307131437)) ;
#121=CARTESIAN_POINT('Line Origine',(96.9693662261,106.25065367,-166.932145999)) ;
#133=CARTESIAN_POINT('Axis2P3D Location',(90.1422077723,109.500679336,-168.70713162)) ;
#138=CARTESIAN_POINT('Line Origine',(88.2658192965,109.500669608,-165.457131678)) ;
#142=CARTESIAN_POINT('Vertex',(86.3894308206,109.500659881,-162.207131736)) ;
#145=CARTESIAN_POINT('Line Origine',(89.3339171406,109.500644616,-160.507131645)) ;
#149=CARTESIAN_POINT('Vertex',(92.2784034606,109.500629352,-158.807131553)) ;
#152=CARTESIAN_POINT('Line Origine',(94.1547919365,109.500639079,-162.057131495)) ;
#164=CARTESIAN_POINT('Axis2P3D Location',(86.3894308206,109.500659881,-162.207131736)) ;
#169=CARTESIAN_POINT('Line Origine',(85.4512281584,106.250655017,-160.582146357)) ;
#173=CARTESIAN_POINT('Vertex',(84.5130254962,103.000650154,-158.957160977)) ;
#176=CARTESIAN_POINT('Line Origine',(87.4575118162,103.000634889,-157.257160886)) ;
#180=CARTESIAN_POINT('Vertex',(90.4019981363,103.000619624,-155.557160794)) ;
#183=CARTESIAN_POINT('Line Origine',(91.3402007984,106.250624488,-157.182146174)) ;
#195=CARTESIAN_POINT('Axis2P3D Location',(84.5130254962,103.000650154,-158.957160977)) ;
#200=CARTESIAN_POINT('Line Origine',(85.4512113099,99.7506550173,-160.582175539)) ;
#205=CARTESIAN_POINT('Line Origine',(91.34018395,99.750624488,-157.182175356)) ;
#217=CARTESIAN_POINT('Axis2P3D Location',(91.210288768,103.000654344,-163.757160769)) ;
#222=CARTESIAN_POINT('Axis2P3D Location',(94.154775088,103.000639079,-162.057160677)) ;
#226=CARTESIAN_POINT('Vertex',(92.4672749972,103.000630331,-159.134324992)) ;
#228=CARTESIAN_POINT('Vertex',(95.8422751789,103.000647827,-164.979996363)) ;
#231=CARTESIAN_POINT('Line Origine',(92.8977888588,103.000663092,-166.679996454)) ;
#235=CARTESIAN_POINT('Vertex',(89.9533025388,103.000678357,-168.379996546)) ;
#238=CARTESIAN_POINT('Axis2P3D Location',(88.265802448,103.000669608,-165.45716086)) ;
#242=CARTESIAN_POINT('Vertex',(86.5783023571,103.00066086,-162.534325175)) ;
#245=CARTESIAN_POINT('Line Origine',(89.5227886772,103.000645596,-160.834325084)) ;
#257=CARTESIAN_POINT('Axis2P3D Location',(94.154775088,103.000639079,-162.057160677)) ;
#262=CARTESIAN_POINT('Axis2P3D Location',(88.265802448,103.000669608,-165.45716086)) ;
#274=CARTESIAN_POINT('Axis2P3D Location',(88.265802448,103.000669608,-165.45716086)) ;
#292=CARTESIAN_POINT('Axis2P3D Location',(94.154775088,103.000639079,-162.057160677)) ;
#315=CARTESIAN_POINT('Axis2P3D Location',(86.3886272183,-75.4993401106,-162.207398939)) ;
#320=CARTESIAN_POINT('Line Origine',(89.3331135383,-75.4993553753,-160.507398848)) ;
#324=CARTESIAN_POINT('Vertex',(86.3886272183,-75.4993401106,-162.207398939)) ;
#326=CARTESIAN_POINT('Vertex',(92.2775998584,-75.4993706399,-158.807398756)) ;
#329=CARTESIAN_POINT('Line Origine',(88.2650156942,-75.4993303832,-165.457398881)) ;
#333=CARTESIAN_POINT('Vertex',(90.1414041701,-75.4993206557,-168.707398823)) ;
#336=CARTESIAN_POINT('Line Origine',(93.0858904901,-75.4993359204,-167.007398731)) ;
#340=CARTESIAN_POINT('Vertex',(96.0303768101,-75.499351185,-165.30739864)) ;
#343=CARTESIAN_POINT('Line Origine',(94.1539883342,-75.4993609125,-162.057398698)) ;
#355=CARTESIAN_POINT('Axis2P3D Location',(90.1414041701,-75.4993206557,-168.707398823)) ;
#360=CARTESIAN_POINT('Line Origine',(91.0796068322,-72.249315792,-170.332384202)) ;
#364=CARTESIAN_POINT('Vertex',(92.0178094944,-68.9993109283,-171.957369582)) ;
#367=CARTESIAN_POINT('Line Origine',(94.9622958144,-68.999326193,-170.257369491)) ;
#371=CARTESIAN_POINT('Vertex',(97.9067821345,-68.9993414576,-168.557369399)) ;
#374=CARTESIAN_POINT('Line Origine',(96.9685794723,-72.2493463213,-166.932384019)) ;
#386=CARTESIAN_POINT('Axis2P3D Location',(92.0178094944,-68.9993109283,-171.957369582)) ;
#391=CARTESIAN_POINT('Line Origine',(91.0796236807,-65.7493157921,-170.33235502)) ;
#395=CARTESIAN_POINT('Vertex',(90.141437867,-62.4993206559,-168.707340458)) ;
#398=CARTESIAN_POINT('Line Origine',(93.085924187,-62.4993359205,-167.007340366)) ;
#402=CARTESIAN_POINT('Vertex',(96.0304105071,-62.4993511852,-165.307340275)) ;
#405=CARTESIAN_POINT('Line Origine',(96.9685963208,-65.7493463214,-166.932354837)) ;
#417=CARTESIAN_POINT('Axis2P3D Location',(90.141437867,-62.4993206559,-168.707340458)) ;
#422=CARTESIAN_POINT('Line Origine',(88.2650493911,-62.4993303833,-165.457340516)) ;
#426=CARTESIAN_POINT('Vertex',(86.3886609153,-62.4993401108,-162.207340575)) ;
#429=CARTESIAN_POINT('Line Origine',(89.3331472353,-62.4993553755,-160.507340483)) ;
#433=CARTESIAN_POINT('Vertex',(92.2776335553,-62.4993706401,-158.807340392)) ;
#436=CARTESIAN_POINT('Line Origine',(94.1540220312,-62.4993609127,-162.057340333)) ;
#448=CARTESIAN_POINT('Axis2P3D Location',(86.3886609153,-62.4993401108,-162.207340575)) ;
#453=CARTESIAN_POINT('Line Origine',(85.4504582531,-65.7493449745,-160.582355195)) ;
#457=CARTESIAN_POINT('Vertex',(84.5122555909,-68.9993498382,-158.957369815)) ;
#460=CARTESIAN_POINT('Line Origine',(87.4567419109,-68.9993651029,-157.257369724)) ;
#464=CARTESIAN_POINT('Vertex',(90.401228231,-68.9993803675,-155.557369632)) ;
#467=CARTESIAN_POINT('Line Origine',(91.3394308931,-65.7493755038,-157.182355012)) ;
#479=CARTESIAN_POINT('Axis2P3D Location',(84.5122555909,-68.9993498382,-158.957369815)) ;
#484=CARTESIAN_POINT('Line Origine',(85.4504414046,-72.2493449744,-160.582384377)) ;
#489=CARTESIAN_POINT('Line Origine',(91.3394140447,-72.2493755037,-157.182384194)) ;
#501=CARTESIAN_POINT('Axis2P3D Location',(91.2095188627,-68.9993456479,-163.757369607)) ;
#506=CARTESIAN_POINT('Axis2P3D Location',(94.1540051827,-68.9993609126,-162.057369516)) ;
#510=CARTESIAN_POINT('Vertex',(92.4665050919,-68.9993696608,-159.13453383)) ;
#512=CARTESIAN_POINT('Vertex',(95.8415052735,-68.9993521643,-164.980205201)) ;
#515=CARTESIAN_POINT('Line Origine',(92.8970189535,-68.9993368997,-166.680205293)) ;
#519=CARTESIAN_POINT('Vertex',(89.9525326335,-68.999321635,-168.380205384)) ;
#522=CARTESIAN_POINT('Axis2P3D Location',(88.2650325427,-68.9993303833,-165.457369699)) ;
#526=CARTESIAN_POINT('Vertex',(86.5775324518,-68.9993391315,-162.534534013)) ;
#529=CARTESIAN_POINT('Line Origine',(89.5220187718,-68.9993543962,-160.834533922)) ;
#541=CARTESIAN_POINT('Axis2P3D Location',(94.1540051827,-68.9993609126,-162.057369516)) ;
#546=CARTESIAN_POINT('Axis2P3D Location',(88.2650325427,-68.9993303833,-165.457369699)) ;
#558=CARTESIAN_POINT('Axis2P3D Location',(88.2650325427,-68.9993303833,-165.457369699)) ;
#576=CARTESIAN_POINT('Axis2P3D Location',(94.1540051827,-68.9993609126,-162.057369516)) ;
#604=CARTESIAN_POINT('Axis2P3D Location',(96.3198379942,103.000627339,-160.807159633)) ;
#609=CARTESIAN_POINT('Line Origine',(59.0335754811,98.0008206364,-182.334386769)) ;
#613=CARTESIAN_POINT('Vertex',(94.1547520464,98.000638563,-162.057165664)) ;
#615=CARTESIAN_POINT('Vertex',(98.484879046,98.000616115,-159.557165631)) ;
#618=CARTESIAN_POINT('Axis2P3D Location',(94.1547744944,103.000638563,-162.057159649)) ;
#622=CARTESIAN_POINT('Vertex',(94.1547969424,108.000638563,-162.057153634)) ;
#625=CARTESIAN_POINT('Line Origine',(59.0336203771,108.000820636,-182.334374739)) ;
#629=CARTESIAN_POINT('Vertex',(98.484923942,108.000616115,-159.557153601)) ;
#632=CARTESIAN_POINT('Axis2P3D Location',(98.484901494,103.000616115,-159.557159616)) ;
#644=CARTESIAN_POINT('Axis2P3D Location',(94.1547744944,103.000638563,-162.057159649)) ;
#649=CARTESIAN_POINT('Axis2P3D Location',(98.484901494,103.000616115,-159.557159616)) ;
#661=CARTESIAN_POINT('Axis2P3D Location',(16.2293509064,0.000153430344125,-17.0872941884)) ;
#666=CARTESIAN_POINT('Line Origine',(98.4840619382,-83.999383883,-159.557384574)) ;
#670=CARTESIAN_POINT('Vertex',(103.484062005,-83.9993959129,-168.217638574)) ;
#672=CARTESIAN_POINT('Vertex',(93.4840618716,-83.9993718532,-150.897130575)) ;
#675=CARTESIAN_POINT('Axis2P3D Location',(103.484084453,-78.9993959129,-168.217632559)) ;
#679=CARTESIAN_POINT('Vertex',(105.984084486,-78.9994019278,-172.547759558)) ;
#682=CARTESIAN_POINT('Line Origine',(105.98430672,-29.4996919415,-172.547700011)) ;
#686=CARTESIAN_POINT('Vertex',(105.984528954,20.0000180449,-172.547640464)) ;
#689=CARTESIAN_POINT('Axis2P3D Location',(113.484529054,20.0000000001,-185.538021463)) ;
#693=CARTESIAN_POINT('Vertex',(113.484587376,35.,-185.537987791)) ;
#696=CARTESIAN_POINT('Line Origine',(113.984591893,35.,-186.404021004)) ;
#700=CARTESIAN_POINT('Vertex',(114.484596411,35.,-187.270054216)) ;
#703=CARTESIAN_POINT('Line Origine',(114.484731099,65.,-187.270018127)) ;
#707=CARTESIAN_POINT('Vertex',(114.484865787,95.,-187.269982037)) ;
#710=CARTESIAN_POINT('Line Origine',(113.984870292,95.,-186.403964452)) ;
#714=CARTESIAN_POINT('Vertex',(113.484874797,95.,-185.537946866)) ;
#717=CARTESIAN_POINT('Axis2P3D Location',(113.484933118,110.,-185.537913194)) ;
#721=CARTESIAN_POINT('Vertex',(105.984933019,110.000018045,-172.547532195)) ;
#724=CARTESIAN_POINT('Line Origine',(105.985007098,126.500308057,-172.547512345)) ;
#728=CARTESIAN_POINT('Vertex',(105.985081178,143.00059807,-172.547492496)) ;
#731=CARTESIAN_POINT('Axis2P3D Location',(103.485081145,143.000604085,-168.217365496)) ;
#735=CARTESIAN_POINT('Vertex',(103.485103593,148.000604085,-168.217359481)) ;
#738=CARTESIAN_POINT('Line Origine',(98.4851035262,148.000616114,-159.557105482)) ;
#742=CARTESIAN_POINT('Vertex',(93.4851034596,148.000628144,-150.896851482)) ;
#745=CARTESIAN_POINT('Axis2P3D Location',(93.4850810116,143.000628144,-150.896857497)) ;
#749=CARTESIAN_POINT('Vertex',(90.9850809783,143.000634159,-146.566730497)) ;
#752=CARTESIAN_POINT('Line Origine',(90.9850068983,126.500308057,-146.566750347)) ;
#756=CARTESIAN_POINT('Vertex',(90.9849328184,109.999981955,-146.566770197)) ;
#759=CARTESIAN_POINT('Axis2P3D Location',(83.4849327185,110.,-133.576389198)) ;
#763=CARTESIAN_POINT('Vertex',(83.4848743968,95.,-133.57642287)) ;
#766=CARTESIAN_POINT('Line Origine',(52.2783355987,95.,-79.5251131037)) ;
#770=CARTESIAN_POINT('Vertex',(21.0717968006,95.0000359168,-25.4738033374)) ;
#773=CARTESIAN_POINT('Line Origine',(21.0717968006,65.,-25.474072714)) ;
#777=CARTESIAN_POINT('Vertex',(21.0717968006,35.0000359168,-25.4743420898)) ;
#780=CARTESIAN_POINT('Line Origine',(52.2781918882,35.,-79.5254029423)) ;
#784=CARTESIAN_POINT('Vertex',(83.4845869759,35.,-133.576463794)) ;
#787=CARTESIAN_POINT('Axis2P3D Location',(83.4845286542,20.0000000001,-133.576497466)) ;
#791=CARTESIAN_POINT('Vertex',(90.9845287541,19.9999819554,-146.566878466)) ;
#794=CARTESIAN_POINT('Line Origine',(90.9843065202,-29.4996919415,-146.566938013)) ;
#798=CARTESIAN_POINT('Vertex',(90.9840842863,-78.9993658383,-146.56699756)) ;
#801=CARTESIAN_POINT('Axis2P3D Location',(93.4840843196,-78.9993718532,-150.89712456)) ;
#832=CARTESIAN_POINT('Axis2P3D Location',(98.4841292822,-68.9993838832,-159.55736653)) ;
#836=CARTESIAN_POINT('Vertex',(98.4841517303,-63.9993838832,-159.557360515)) ;
#838=CARTESIAN_POINT('Vertex',(98.4841068342,-73.9993838831,-159.557372544)) ;
#841=CARTESIAN_POINT('Axis2P3D Location',(98.4841292822,-68.9993838832,-159.55736653)) ;
#851=CARTESIAN_POINT('Axis2P3D Location',(11.8992239067,0.000175878360836,-19.5872942217)) ;
#857=CARTESIAN_POINT('Control Point',(86.6539572867,-78.9993433903,-149.066997594)) ;
#858=CARTESIAN_POINT('Control Point',(86.6539502344,-80.570139717,-149.066999483)) ;
#859=CARTESIAN_POINT('Control Point',(86.9614806898,-82.142402347,-149.599671965)) ;
#860=CARTESIAN_POINT('Control Point',(87.5824085041,-83.3842706039,-150.675161619)) ;
#861=CARTESIAN_POINT('Control Point',(88.3685366981,-83.9993475155,-152.036781091)) ;
#862=CARTESIAN_POINT('Control Point',(89.153934872,-83.9993494051,-153.397130608)) ;
#863=CARTESIAN_POINT('Vertex',(86.6539572867,-78.9993433903,-149.066997594)) ;
#865=CARTESIAN_POINT('Vertex',(89.153934872,-83.9993494051,-153.397130608)) ;
#868=CARTESIAN_POINT('Line Origine',(86.6544556326,32.0006566085,-149.066864062)) ;
#872=CARTESIAN_POINT('Vertex',(86.6544017545,20.0000044034,-149.066878499)) ;
#876=CARTESIAN_POINT('Control Point',(86.6544017545,20.0000044034,-149.066878499)) ;
#877=CARTESIAN_POINT('Control Point',(86.6544229112,24.7123969927,-149.06687283)) ;
#878=CARTESIAN_POINT('Control Point',(85.7318301388,29.4291885142,-147.468852949)) ;
#879=CARTESIAN_POINT('Control Point',(83.8690438102,33.1547945748,-144.242378988)) ;
#880=CARTESIAN_POINT('Control Point',(81.5106563023,35.000022448,-140.157515505)) ;
#881=CARTESIAN_POINT('Control Point',(79.1544599762,35.000022448,-136.076463828)) ;
#882=CARTESIAN_POINT('Vertex',(79.1544599762,35.000022448,-136.076463828)) ;
#886=CARTESIAN_POINT('Control Point',(79.1544599762,35.000022448,-136.076463828)) ;
#887=CARTESIAN_POINT('Control Point',(16.7416698009,35.000022448,-27.9743421234)) ;
#888=CARTESIAN_POINT('Vertex',(16.7416698009,35.000022448,-27.9743421234)) ;
#892=CARTESIAN_POINT('Control Point',(16.7416698009,95.000022448,-27.9738033711)) ;
#893=CARTESIAN_POINT('Control Point',(16.7416698009,35.000022448,-27.9743421234)) ;
#894=CARTESIAN_POINT('Vertex',(16.7416698009,95.000022448,-27.9738033711)) ;
#898=CARTESIAN_POINT('Control Point',(16.7416698009,95.000022448,-27.973803371)) ;
#899=CARTESIAN_POINT('Control Point',(79.1547473972,95.000022448,-136.076422903)) ;
#900=CARTESIAN_POINT('Vertex',(79.1547473972,95.000022448,-136.076422903)) ;
#904=CARTESIAN_POINT('Control Point',(79.1547473972,95.000022448,-136.076422903)) ;
#905=CARTESIAN_POINT('Control Point',(81.5109401143,95.000022448,-140.157468329)) ;
#906=CARTESIAN_POINT('Control Point',(83.8693383393,96.8452446961,-144.242317238)) ;
#907=CARTESIAN_POINT('Control Point',(85.7321523492,100.570839213,-147.468772238)) ;
#908=CARTESIAN_POINT('Control Point',(86.654784662,105.287619032,-149.066775899)) ;
#909=CARTESIAN_POINT('Control Point',(86.6548058188,110.000004403,-149.06677023)) ;
#910=CARTESIAN_POINT('Vertex',(86.6548058188,110.000004403,-149.06677023)) ;
#913=CARTESIAN_POINT('Line Origine',(86.6544556326,32.0006566085,-149.066864062)) ;
#917=CARTESIAN_POINT('Vertex',(86.6549539786,143.000656607,-149.066730531)) ;
#921=CARTESIAN_POINT('Control Point',(89.1549764599,148.000650592,-153.396851516)) ;
#922=CARTESIAN_POINT('Control Point',(88.3695782861,148.000652482,-152.036501998)) ;
#923=CARTESIAN_POINT('Control Point',(87.5834445691,147.385579353,-150.674884006)) ;
#924=CARTESIAN_POINT('Control Point',(86.9625056039,146.143714084,-149.59939734)) ;
#925=CARTESIAN_POINT('Control Point',(86.6549610309,144.571452934,-149.066728641)) ;
#926=CARTESIAN_POINT('Control Point',(86.6549539786,143.000656607,-149.066730531)) ;
#927=CARTESIAN_POINT('Vertex',(89.1549764599,148.000650592,-153.396851516)) ;
#930=CARTESIAN_POINT('Line Origine',(64.9125438727,148.000708919,-111.407727321)) ;
#934=CARTESIAN_POINT('Vertex',(99.1549765931,148.000626533,-170.717359514)) ;
#938=CARTESIAN_POINT('Control Point',(101.654954178,143.000620518,-175.047492529)) ;
#939=CARTESIAN_POINT('Control Point',(101.654961231,144.571416845,-175.047490639)) ;
#940=CARTESIAN_POINT('Control Point',(101.347430775,146.143679474,-174.514818158)) ;
#941=CARTESIAN_POINT('Control Point',(100.726502961,147.385547731,-173.439328503)) ;
#942=CARTESIAN_POINT('Control Point',(99.940374767,148.000624643,-172.077709031)) ;
#943=CARTESIAN_POINT('Control Point',(99.1549765931,148.000626533,-170.717359514)) ;
#944=CARTESIAN_POINT('Vertex',(101.654954178,143.000620518,-175.047492529)) ;
#947=CARTESIAN_POINT('Line Origine',(101.654455832,32.000620519,-175.04762606)) ;
#951=CARTESIAN_POINT('Vertex',(101.654806019,110.000040493,-175.047532228)) ;
#955=CARTESIAN_POINT('Control Point',(101.654806019,110.000040493,-175.047532228)) ;
#956=CARTESIAN_POINT('Control Point',(101.654784862,105.287647903,-175.047537897)) ;
#957=CARTESIAN_POINT('Control Point',(102.577377635,100.570856382,-176.645557778)) ;
#958=CARTESIAN_POINT('Control Point',(104.440163963,96.8452503212,-179.872031739)) ;
#959=CARTESIAN_POINT('Control Point',(106.798551471,95.000022448,-183.956895222)) ;
#960=CARTESIAN_POINT('Control Point',(109.154747797,95.000022448,-188.037946899)) ;
#961=CARTESIAN_POINT('Vertex',(109.154747797,95.000022448,-188.037946899)) ;
#965=CARTESIAN_POINT('Control Point',(109.154747797,95.000022448,-188.037946899)) ;
#966=CARTESIAN_POINT('Control Point',(110.154738787,95.000022448,-189.769982071)) ;
#967=CARTESIAN_POINT('Vertex',(110.154738787,95.000022448,-189.769982071)) ;
#970=CARTESIAN_POINT('Line Origine',(110.154455945,32.0006000682,-189.770057858)) ;
#974=CARTESIAN_POINT('Vertex',(110.154469411,35.000022448,-189.77005425)) ;
#978=CARTESIAN_POINT('Control Point',(110.154469411,35.000022448,-189.77005425)) ;
#979=CARTESIAN_POINT('Control Point',(109.154460376,35.000022448,-188.037987824)) ;
#980=CARTESIAN_POINT('Vertex',(109.154460376,35.000022448,-188.037987824)) ;
#984=CARTESIAN_POINT('Control Point',(109.154460376,35.000022448,-188.037987824)) ;
#985=CARTESIAN_POINT('Control Point',(106.798267659,35.000022448,-183.956942398)) ;
#986=CARTESIAN_POINT('Control Point',(104.439869434,33.1548001999,-179.872093489)) ;
#987=CARTESIAN_POINT('Control Point',(102.577055424,29.4292056828,-176.645638489)) ;
#988=CARTESIAN_POINT('Control Point',(101.654423111,24.7124258643,-175.047634828)) ;
#989=CARTESIAN_POINT('Control Point',(101.654401955,20.000040493,-175.047640497)) ;
#990=CARTESIAN_POINT('Vertex',(101.654401955,20.000040493,-175.047640497)) ;
#993=CARTESIAN_POINT('Line Origine',(101.654455832,32.000620519,-175.04762606)) ;
#997=CARTESIAN_POINT('Vertex',(101.653957486,-78.9993794798,-175.047759592)) ;
#1001=CARTESIAN_POINT('Control Point',(99.1539350052,-83.9993734648,-170.717638607)) ;
#1002=CARTESIAN_POINT('Control Point',(99.939333179,-83.9993753545,-172.077988124)) ;
#1003=CARTESIAN_POINT('Control Point',(100.725466896,-83.3843022257,-173.439606116)) ;
#1004=CARTESIAN_POINT('Control Point',(101.346405861,-82.1424369567,-174.515092782)) ;
#1005=CARTESIAN_POINT('Control Point',(101.653950434,-80.5701758066,-175.047761481)) ;
#1006=CARTESIAN_POINT('Control Point',(101.653957486,-78.9993794798,-175.047759592)) ;
#1007=CARTESIAN_POINT('Vertex',(99.1539350052,-83.9993734648,-170.717638607)) ;
#1010=CARTESIAN_POINT('Line Origine',(64.9115022847,-83.9992910785,-111.408006414)) ;
#1042=CARTESIAN_POINT('Control Point',(94.1539798346,-73.9993614351,-162.057372578)) ;
#1043=CARTESIAN_POINT('Control Point',(94.5466789215,-73.9993623799,-162.737547336)) ;
#1044=CARTESIAN_POINT('Control Point',(94.9393787008,-73.845150756,-163.417721909)) ;
#1045=CARTESIAN_POINT('Control Point',(95.3118661369,-73.5365741083,-164.062886292)) ;
#1046=CARTESIAN_POINT('Control Point',(95.9762752737,-72.6439444785,-165.213668638)) ;
#1047=CARTESIAN_POINT('Control Point',(96.4225968596,-71.3151353116,-165.986708356)) ;
#1048=CARTESIAN_POINT('Control Point',(96.5768889782,-70.5701635913,-166.253943451)) ;
#1049=CARTESIAN_POINT('Control Point',(96.7311086013,-68.9993676356,-166.521045564)) ;
#1050=CARTESIAN_POINT('Control Point',(96.5769030828,-67.4285709378,-166.253939671)) ;
#1051=CARTESIAN_POINT('Control Point',(96.4226176534,-66.6835984751,-165.986702784)) ;
#1052=CARTESIAN_POINT('Control Point',(95.9763079991,-65.3547871605,-165.213659869)) ;
#1053=CARTESIAN_POINT('Control Point',(95.3119068774,-64.4621543337,-164.062875375)) ;
#1054=CARTESIAN_POINT('Control Point',(94.9394222121,-64.1535758936,-163.417710251)) ;
#1055=CARTESIAN_POINT('Control Point',(94.5467238176,-63.99936238,-162.737535306)) ;
#1056=CARTESIAN_POINT('Control Point',(94.1540247306,-63.9993614352,-162.057360548)) ;
#1057=CARTESIAN_POINT('Vertex',(94.1539798346,-73.9993614351,-162.057372578)) ;
#1059=CARTESIAN_POINT('Vertex',(94.1540247306,-63.9993614352,-162.057360548)) ;
#1063=CARTESIAN_POINT('Control Point',(94.1540247306,-63.9993614352,-162.057360548)) ;
#1064=CARTESIAN_POINT('Control Point',(93.7613256437,-63.9993604904,-161.377185789)) ;
#1065=CARTESIAN_POINT('Control Point',(93.3686258644,-64.1535721143,-160.697011216)) ;
#1066=CARTESIAN_POINT('Control Point',(92.9961384283,-64.462148762,-160.051846834)) ;
#1067=CARTESIAN_POINT('Control Point',(92.3317292915,-65.3547783918,-158.901064488)) ;
#1068=CARTESIAN_POINT('Control Point',(91.8854077056,-66.6835875587,-158.12802477)) ;
#1069=CARTESIAN_POINT('Control Point',(91.731115587,-67.428559279,-157.860789675)) ;
#1070=CARTESIAN_POINT('Control Point',(91.5768959639,-68.9993552347,-157.593687562)) ;
#1071=CARTESIAN_POINT('Control Point',(91.7311014825,-70.5701519325,-157.860793454)) ;
#1072=CARTESIAN_POINT('Control Point',(91.8853869118,-71.3151243952,-158.128030341)) ;
#1073=CARTESIAN_POINT('Control Point',(92.3316965661,-72.6439357098,-158.901073256)) ;
#1074=CARTESIAN_POINT('Control Point',(92.9960976878,-73.5365685366,-160.05185775)) ;
#1075=CARTESIAN_POINT('Control Point',(93.3685823531,-73.8451469767,-160.697022875)) ;
#1076=CARTESIAN_POINT('Control Point',(93.7612807477,-73.9993604903,-161.377197819)) ;
#1077=CARTESIAN_POINT('Control Point',(94.1539798346,-73.9993614351,-162.057372578)) ;
#1084=CARTESIAN_POINT('Axis2P3D Location',(0.,0.,-225.)) ;
#1090=CARTESIAN_POINT('Control Point',(-48.4903698329,95.0007806918,-225.)) ;
#1091=CARTESIAN_POINT('Control Point',(71.6512189649,95.0002413037,-225.)) ;
#1092=CARTESIAN_POINT('Vertex',(-48.4903698329,95.0007806918,-225.)) ;
#1094=CARTESIAN_POINT('Vertex',(71.6512189649,95.0002413037,-225.)) ;
#1098=CARTESIAN_POINT('Control Point',(71.6510746066,35.0002413037,-225.)) ;
#1099=CARTESIAN_POINT('Control Point',(71.6512189649,95.0002413037,-225.)) ;
#1100=CARTESIAN_POINT('Vertex',(71.6510746066,35.0002413037,-225.)) ;
#1104=CARTESIAN_POINT('Control Point',(71.6510746066,35.0002413037,-225.)) ;
#1105=CARTESIAN_POINT('Control Point',(-57.1506687667,35.0008195725,-225.)) ;
#1106=CARTESIAN_POINT('Vertex',(-57.1506687667,35.0008195725,-225.)) ;
#1110=CARTESIAN_POINT('Control Point',(-57.1506687667,35.0008195725,-225.)) ;
#1111=CARTESIAN_POINT('Control Point',(-58.0233333927,35.0008234904,-225.)) ;
#1112=CARTESIAN_POINT('Control Point',(-58.8949200801,34.7672867354,-225.)) ;
#1113=CARTESIAN_POINT('Control Point',(-59.6506717742,34.3309578154,-225.)) ;
#1114=CARTESIAN_POINT('Vertex',(-59.6506717742,34.3309578154,-225.)) ;
#1118=CARTESIAN_POINT('Control Point',(-59.6506717742,34.3309578154,-225.)) ;
#1119=CARTESIAN_POINT('Control Point',(-61.6602855083,33.1707188148,-225.)) ;
#1120=CARTESIAN_POINT('Vertex',(-61.6602855083,33.1707188148,-225.)) ;
#1124=CARTESIAN_POINT('Control Point',(-64.1602660677,32.5008570577,-225.)) ;
#1125=CARTESIAN_POINT('Control Point',(-63.2876089244,32.5008570577,-225.)) ;
#1126=CARTESIAN_POINT('Control Point',(-62.4160307221,32.7343936362,-225.)) ;
#1127=CARTESIAN_POINT('Control Point',(-61.6602855083,33.1707188148,-225.)) ;
#1128=CARTESIAN_POINT('Vertex',(-64.1602660677,32.5008570577,-225.)) ;
#1131=CARTESIAN_POINT('Line Origine',(-5.85259373513,32.5008570577,-225.)) ;
#1135=CARTESIAN_POINT('Vertex',(-80.5,32.5008570577,-225.)) ;
#1139=CARTESIAN_POINT('Control Point',(-85.5,37.5008570577,-225.)) ;
#1140=CARTESIAN_POINT('Control Point',(-85.5,35.9300607309,-225.)) ;
#1141=CARTESIAN_POINT('Control Point',(-84.8849249798,34.3577988409,-225.)) ;
#1142=CARTESIAN_POINT('Control Point',(-83.6430582168,33.115932078,-225.)) ;
#1143=CARTESIAN_POINT('Control Point',(-82.0707963268,32.5008570577,-225.)) ;
#1144=CARTESIAN_POINT('Control Point',(-80.5,32.5008570577,-225.)) ;
#1145=CARTESIAN_POINT('Vertex',(-85.5,37.5008570577,-225.)) ;
#1148=CARTESIAN_POINT('Line Origine',(-85.5,67.5009019541,-225.)) ;
#1152=CARTESIAN_POINT('Vertex',(-85.5,97.5009244023,-225.)) ;
#1156=CARTESIAN_POINT('Control Point',(-80.499977552,102.500924402,-225.)) ;
#1157=CARTESIAN_POINT('Control Point',(-82.0707783684,102.500931455,-225.)) ;
#1158=CARTESIAN_POINT('Control Point',(-83.6430475378,101.885859994,-225.)) ;
#1159=CARTESIAN_POINT('Control Point',(-84.8849214809,100.643991627,-225.)) ;
#1160=CARTESIAN_POINT('Control Point',(-85.5,99.0717252187,-225.)) ;
#1161=CARTESIAN_POINT('Control Point',(-85.5,97.5009244023,-225.)) ;
#1162=CARTESIAN_POINT('Vertex',(-80.499977552,102.500924402,-225.)) ;
#1166=CARTESIAN_POINT('Control Point',(-80.499977552,102.500924402,-225.)) ;
#1167=CARTESIAN_POINT('Control Point',(-64.1602091418,102.500851043,-225.)) ;
#1168=CARTESIAN_POINT('Vertex',(-64.1602091418,102.500851043,-225.)) ;
#1172=CARTESIAN_POINT('Control Point',(-61.6602121493,101.830966838,-225.)) ;
#1173=CARTESIAN_POINT('Control Point',(-62.4159599254,102.267302544,-225.)) ;
#1174=CARTESIAN_POINT('Control Point',(-63.2875445158,102.500847125,-225.)) ;
#1175=CARTESIAN_POINT('Control Point',(-64.1602091418,102.500851043,-225.)) ;
#1176=CARTESIAN_POINT('Vertex',(-61.6602121493,101.830966838,-225.)) ;
#1180=CARTESIAN_POINT('Control Point',(-61.6602121493,101.830966838,-225.)) ;
#1181=CARTESIAN_POINT('Control Point',(-50.9903668254,95.6706648968,-225.)) ;
#1182=CARTESIAN_POINT('Vertex',(-50.9903668254,95.6706648968,-225.)) ;
#1186=CARTESIAN_POINT('Control Point',(-50.9903668254,95.6706648968,-225.)) ;
#1187=CARTESIAN_POINT('Control Point',(-50.2346190493,95.2343291908,-225.)) ;
#1188=CARTESIAN_POINT('Control Point',(-49.3630344589,95.0007846097,-225.)) ;
#1189=CARTESIAN_POINT('Control Point',(-48.4903698329,95.0007806918,-225.)) ;
#1207=CARTESIAN_POINT('Line Origine',(-5.85259373513,47.0008570575,-225.)) ;
#1211=CARTESIAN_POINT('Vertex',(-75.5,47.0008570575,-225.)) ;
#1213=CARTESIAN_POINT('Vertex',(-70.5,47.0008570575,-225.)) ;
#1217=CARTESIAN_POINT('Control Point',(-75.5,47.0008570575,-225.)) ;
#1218=CARTESIAN_POINT('Control Point',(-76.2068583471,47.0008570575,-225.)) ;
#1219=CARTESIAN_POINT('Control Point',(-76.9137166941,46.8620657456,-225.)) ;
#1220=CARTESIAN_POINT('Control Point',(-77.5841915764,46.5843459561,-225.)) ;
#1221=CARTESIAN_POINT('Control Point',(-78.7801207931,45.7809778506,-225.)) ;
#1222=CARTESIAN_POINT('Control Point',(-79.5834888986,44.5850486339,-225.)) ;
#1223=CARTESIAN_POINT('Control Point',(-79.8612086881,43.9145737516,-225.)) ;
#1224=CARTESIAN_POINT('Control Point',(-80.1387913119,42.5008570575,-225.)) ;
#1225=CARTESIAN_POINT('Control Point',(-79.8612086881,41.0871403634,-225.)) ;
#1226=CARTESIAN_POINT('Control Point',(-79.5834888986,40.4166654811,-225.)) ;
#1227=CARTESIAN_POINT('Control Point',(-78.7801207931,39.2207362644,-225.)) ;
#1228=CARTESIAN_POINT('Control Point',(-77.5841915764,38.4173681589,-225.)) ;
#1229=CARTESIAN_POINT('Control Point',(-76.9137166941,38.1396483694,-225.)) ;
#1230=CARTESIAN_POINT('Control Point',(-76.2068583471,38.0008570575,-225.)) ;
#1231=CARTESIAN_POINT('Control Point',(-75.5,38.0008570575,-225.)) ;
#1232=CARTESIAN_POINT('Vertex',(-75.5,38.0008570575,-225.)) ;
#1235=CARTESIAN_POINT('Line Origine',(-5.85259373513,38.0008570575,-225.)) ;
#1239=CARTESIAN_POINT('Vertex',(-70.5,38.0008570575,-225.)) ;
#1243=CARTESIAN_POINT('Control Point',(-70.5,38.0008570575,-225.)) ;
#1244=CARTESIAN_POINT('Control Point',(-69.7931416529,38.0008570575,-225.)) ;
#1245=CARTESIAN_POINT('Control Point',(-69.0862833059,38.1396483694,-225.)) ;
#1246=CARTESIAN_POINT('Control Point',(-68.4158084236,38.4173681589,-225.)) ;
#1247=CARTESIAN_POINT('Control Point',(-67.2198792069,39.2207362644,-225.)) ;
#1248=CARTESIAN_POINT('Control Point',(-66.4165111014,40.4166654811,-225.)) ;
#1249=CARTESIAN_POINT('Control Point',(-66.1387913119,41.0871403634,-225.)) ;
#1250=CARTESIAN_POINT('Control Point',(-65.8612086881,42.5008570575,-225.)) ;
#1251=CARTESIAN_POINT('Control Point',(-66.1387913119,43.9145737516,-225.)) ;
#1252=CARTESIAN_POINT('Control Point',(-66.4165111014,44.5850486339,-225.)) ;
#1253=CARTESIAN_POINT('Control Point',(-67.2198792069,45.7809778506,-225.)) ;
#1254=CARTESIAN_POINT('Control Point',(-68.4158084236,46.5843459561,-225.)) ;
#1255=CARTESIAN_POINT('Control Point',(-69.0862833059,46.8620657456,-225.)) ;
#1256=CARTESIAN_POINT('Control Point',(-69.7931416529,47.0008570575,-225.)) ;
#1257=CARTESIAN_POINT('Control Point',(-70.5,47.0008570575,-225.)) ;
#1266=CARTESIAN_POINT('Control Point',(-75.4999798033,97.0009019542,-225.)) ;
#1267=CARTESIAN_POINT('Control Point',(-70.499979803,97.0008795062,-225.)) ;
#1268=CARTESIAN_POINT('Vertex',(-75.4999798033,97.0009019542,-225.)) ;
#1270=CARTESIAN_POINT('Vertex',(-70.499979803,97.0008795062,-225.)) ;
#1274=CARTESIAN_POINT('Control Point',(-75.4999798033,97.0009019542,-225.)) ;
#1275=CARTESIAN_POINT('Control Point',(-76.2068381503,97.0009051277,-225.)) ;
#1276=CARTESIAN_POINT('Control Point',(-76.9136971205,96.8621169894,-225.)) ;
#1277=CARTESIAN_POINT('Control Point',(-77.5841732497,96.58440021,-225.)) ;
#1278=CARTESIAN_POINT('Control Point',(-78.7801060732,95.7810374738,-225.)) ;
#1279=CARTESIAN_POINT('Control Point',(-79.5834795479,94.5851118639,-225.)) ;
#1280=CARTESIAN_POINT('Control Point',(-79.8612023475,93.9146382285,-225.)) ;
#1281=CARTESIAN_POINT('Control Point',(-80.1387913183,92.5009227806,-225.)) ;
#1282=CARTESIAN_POINT('Control Point',(-79.8612150416,91.0872048403,-225.)) ;
#1283=CARTESIAN_POINT('Control Point',(-79.5834982623,90.4167287111,-225.)) ;
#1284=CARTESIAN_POINT('Control Point',(-78.7801355261,89.2207958876,-225.)) ;
#1285=CARTESIAN_POINT('Control Point',(-77.5842099162,88.4174224129,-225.)) ;
#1286=CARTESIAN_POINT('Control Point',(-76.9137362807,88.1396996132,-225.)) ;
#1287=CARTESIAN_POINT('Control Point',(-76.2068785568,88.0009051278,-225.)) ;
#1288=CARTESIAN_POINT('Control Point',(-75.5000202097,88.0009019543,-225.)) ;
#1289=CARTESIAN_POINT('Vertex',(-75.5000202097,88.0009019543,-225.)) ;
#1293=CARTESIAN_POINT('Control Point',(-75.5000202097,88.0009019543,-225.)) ;
#1294=CARTESIAN_POINT('Control Point',(-70.5000202094,88.0008795063,-225.)) ;
#1295=CARTESIAN_POINT('Vertex',(-70.5000202094,88.0008795063,-225.)) ;
#1299=CARTESIAN_POINT('Control Point',(-70.5000202094,88.0008795063,-225.)) ;
#1300=CARTESIAN_POINT('Control Point',(-69.7931618623,88.0008763328,-225.)) ;
#1301=CARTESIAN_POINT('Control Point',(-69.0863028922,88.1396644712,-225.)) ;
#1302=CARTESIAN_POINT('Control Point',(-68.415826763,88.4173812505,-225.)) ;
#1303=CARTESIAN_POINT('Control Point',(-67.2198939395,89.2207439867,-225.)) ;
#1304=CARTESIAN_POINT('Control Point',(-66.4165204648,90.4166695966,-225.)) ;
#1305=CARTESIAN_POINT('Control Point',(-66.1387976651,91.087143232,-225.)) ;
#1306=CARTESIAN_POINT('Control Point',(-65.8612086943,92.5008586799,-225.)) ;
#1307=CARTESIAN_POINT('Control Point',(-66.1387849711,93.9145766203,-225.)) ;
#1308=CARTESIAN_POINT('Control Point',(-66.4165017504,94.5850527494,-225.)) ;
#1309=CARTESIAN_POINT('Control Point',(-67.2198644866,95.7809855729,-225.)) ;
#1310=CARTESIAN_POINT('Control Point',(-68.4157900965,96.5843590476,-225.)) ;
#1311=CARTESIAN_POINT('Control Point',(-69.086263732,96.8620818473,-225.)) ;
#1312=CARTESIAN_POINT('Control Point',(-69.7931214559,97.0008763327,-225.)) ;
#1313=CARTESIAN_POINT('Control Point',(-70.499979803,97.0008795062,-225.)) ;
#1322=CARTESIAN_POINT('Axis2P3D Location',(-57.1506912147,30.0008195725,-220.)) ;
#1327=CARTESIAN_POINT('Line Origine',(-59.6506717742,34.3309578154,-222.5)) ;
#1331=CARTESIAN_POINT('Vertex',(-59.6506717742,34.3309578154,-220.)) ;
#1334=CARTESIAN_POINT('Line Origine',(-57.1506687667,35.0008195725,-222.5)) ;
#1338=CARTESIAN_POINT('Vertex',(-57.1506687667,35.0008195725,-220.)) ;
#1341=CARTESIAN_POINT('Axis2P3D Location',(-57.1506912147,30.0008195725,-220.)) ;
#1353=CARTESIAN_POINT('Axis2P3D Location',(-58.4904147289,35.0008255874,-220.)) ;
#1358=CARTESIAN_POINT('Line Origine',(7.25020291994,35.0005304381,-220.)) ;
#1362=CARTESIAN_POINT('Vertex',(71.6510746066,35.0002316792,-220.)) ;
#1365=CARTESIAN_POINT('Line Origine',(71.6510746066,35.0002413037,-222.5)) ;
#1377=CARTESIAN_POINT('Axis2P3D Location',(78.1510746932,35.0002160404,-223.258330199)) ;
#1382=CARTESIAN_POINT('Axis2P3D Location',(71.6510746066,35.0002316792,-212.)) ;
#1386=CARTESIAN_POINT('Vertex',(75.6510746598,35.0002220553,-218.9282032)) ;
#1389=CARTESIAN_POINT('Axis2P3D Location',(71.6510746066,35.0002316792,-212.)) ;
#1393=CARTESIAN_POINT('Vertex',(78.1510746932,35.0002160404,-223.258330199)) ;
#1396=CARTESIAN_POINT('Line Origine',(76.9010746765,35.0002190478,-221.093266699)) ;
#1408=CARTESIAN_POINT('Axis2P3D Location',(71.6511528022,67.5009019541,-212.)) ;
#1413=CARTESIAN_POINT('Line Origine',(78.1511528888,67.5008863152,-223.258330199)) ;
#1417=CARTESIAN_POINT('Vertex',(78.1512190514,95.0002210213,-223.258330199)) ;
#1420=CARTESIAN_POINT('Axis2P3D Location',(71.6512189648,95.0002366601,-212.)) ;
#1432=CARTESIAN_POINT('Axis2P3D Location',(74.9712126097,95.0002286723,-224.390347278)) ;
#1437=CARTESIAN_POINT('Axis2P3D Location',(71.6512189648,95.0002366601,-212.)) ;
#1441=CARTESIAN_POINT('Vertex',(75.6512190181,95.0002220559,-218.9282032)) ;
#1443=CARTESIAN_POINT('Vertex',(71.6512189649,95.0002413037,-220.)) ;
#1446=CARTESIAN_POINT('Line Origine',(76.9012190348,95.0002240288,-221.093266699)) ;
#1451=CARTESIAN_POINT('Line Origine',(71.6512189648,95.0002366601,-222.5)) ;
#1463=CARTESIAN_POINT('Axis2P3D Location',(73.7948125373,95.0002316798,-220.)) ;
#1468=CARTESIAN_POINT('Line Origine',(-48.4903698329,95.0007806918,-222.5)) ;
#1472=CARTESIAN_POINT('Vertex',(-48.4903698329,95.0007806918,-220.)) ;
#1475=CARTESIAN_POINT('Line Origine',(11.580424566,95.0005109977,-220.)) ;
#1487=CARTESIAN_POINT('Axis2P3D Location',(0.,0.,-220.)) ;
#1492=CARTESIAN_POINT('Line Origine',(71.6511467857,65.0002413037,-220.)) ;
#1497=CARTESIAN_POINT('Axis2P3D Location',(-48.4903473849,100.000780692,-220.)) ;
#1501=CARTESIAN_POINT('Vertex',(-50.9903668254,95.6706648968,-220.)) ;
#1504=CARTESIAN_POINT('Line Origine',(-56.3252894874,98.7508158675,-220.)) ;
#1508=CARTESIAN_POINT('Vertex',(-61.6602121493,101.830966838,-220.)) ;
#1511=CARTESIAN_POINT('Axis2P3D Location',(-64.1602315898,97.5008510433,-220.)) ;
#1515=CARTESIAN_POINT('Vertex',(-64.1602091418,102.500851043,-220.)) ;
#1518=CARTESIAN_POINT('Line Origine',(-72.3300933469,102.500887723,-220.)) ;
#1522=CARTESIAN_POINT('Vertex',(-80.499977552,102.500924402,-220.)) ;
#1525=CARTESIAN_POINT('Axis2P3D Location',(-80.5,97.5009244023,-220.)) ;
#1529=CARTESIAN_POINT('Vertex',(-85.5,97.5009244023,-220.)) ;
#1532=CARTESIAN_POINT('Line Origine',(-85.5,67.50089073,-220.)) ;
#1536=CARTESIAN_POINT('Vertex',(-85.5,37.5008570577,-220.)) ;
#1539=CARTESIAN_POINT('Axis2P3D Location',(-80.5,37.5008570577,-220.)) ;
#1543=CARTESIAN_POINT('Vertex',(-80.5,32.5008570577,-220.)) ;
#1546=CARTESIAN_POINT('Line Origine',(-72.3301330338,32.5008570577,-220.)) ;
#1550=CARTESIAN_POINT('Vertex',(-64.1602660677,32.5008570577,-220.)) ;
#1553=CARTESIAN_POINT('Axis2P3D Location',(-64.1602660677,37.5008570577,-220.)) ;
#1557=CARTESIAN_POINT('Vertex',(-61.6602855083,33.1707188148,-220.)) ;
#1560=CARTESIAN_POINT('Line Origine',(-60.6554786412,33.7508383151,-220.)) ;
#1581=CARTESIAN_POINT('Axis2P3D Location',(-70.5,42.5008570575,-220.)) ;
#1585=CARTESIAN_POINT('Vertex',(-70.5,38.0008570575,-220.)) ;
#1587=CARTESIAN_POINT('Vertex',(-70.5,47.0008570575,-220.)) ;
#1590=CARTESIAN_POINT('Line Origine',(-72.9999999999,38.0008570575,-220.)) ;
#1594=CARTESIAN_POINT('Vertex',(-75.5,38.0008570575,-220.)) ;
#1597=CARTESIAN_POINT('Axis2P3D Location',(-75.5,42.5008570575,-220.)) ;
#1601=CARTESIAN_POINT('Vertex',(-75.5,47.0008570575,-220.)) ;
#1604=CARTESIAN_POINT('Line Origine',(-72.9999999999,47.0008570575,-220.)) ;
#1615=CARTESIAN_POINT('Axis2P3D Location',(-70.5000000062,92.5008795062,-220.)) ;
#1619=CARTESIAN_POINT('Vertex',(-70.5000202094,88.0008795063,-220.)) ;
#1621=CARTESIAN_POINT('Vertex',(-70.499979803,97.0008795062,-220.)) ;
#1624=CARTESIAN_POINT('Line Origine',(-73.0000202096,88.0008907303,-220.)) ;
#1628=CARTESIAN_POINT('Vertex',(-75.5000202097,88.0009019543,-220.)) ;
#1631=CARTESIAN_POINT('Axis2P3D Location',(-75.5000000065,92.5009019543,-220.)) ;
#1635=CARTESIAN_POINT('Vertex',(-75.4999798033,97.0009019542,-220.)) ;
#1638=CARTESIAN_POINT('Line Origine',(-72.9999798031,97.0008907302,-220.)) ;
#1650=CARTESIAN_POINT('Axis2P3D Location',(-85.5,102.50094685,-220.)) ;
#1655=CARTESIAN_POINT('Line Origine',(-85.5,97.5009244023,-222.5)) ;
#1660=CARTESIAN_POINT('Line Origine',(-85.5,37.5008570577,-222.5)) ;
#1672=CARTESIAN_POINT('Axis2P3D Location',(-80.5,97.5009244023,-220.)) ;
#1677=CARTESIAN_POINT('Line Origine',(-80.499977552,102.500924402,-222.5)) ;
#1689=CARTESIAN_POINT('Axis2P3D Location',(-62.8204631797,102.500845028,-220.)) ;
#1694=CARTESIAN_POINT('Line Origine',(-64.1602091418,102.500851043,-222.5)) ;
#1706=CARTESIAN_POINT('Axis2P3D Location',(-64.1602315898,97.5008510433,-220.)) ;
#1711=CARTESIAN_POINT('Line Origine',(-61.6602121493,101.830966838,-222.5)) ;
#1723=CARTESIAN_POINT('Axis2P3D Location',(-49.8301157951,95.0007867067,-220.)) ;
#1728=CARTESIAN_POINT('Line Origine',(-50.9903668254,95.6706648968,-222.5)) ;
#1740=CARTESIAN_POINT('Axis2P3D Location',(-48.4903473849,100.000780692,-220.)) ;
#1752=CARTESIAN_POINT('Axis2P3D Location',(-73.,47.0008570575,-220.)) ;
#1757=CARTESIAN_POINT('Line Origine',(-75.5,47.0008570575,-222.5)) ;
#1762=CARTESIAN_POINT('Line Origine',(-70.5,47.0008570575,-222.5)) ;
#1774=CARTESIAN_POINT('Axis2P3D Location',(-73.,38.0008570575,-220.)) ;
#1779=CARTESIAN_POINT('Line Origine',(-70.5,38.0008570575,-222.5)) ;
#1784=CARTESIAN_POINT('Line Origine',(-75.5,38.0008570575,-222.5)) ;
#1796=CARTESIAN_POINT('Axis2P3D Location',(-75.5,42.5008570575,-220.)) ;
#1808=CARTESIAN_POINT('Axis2P3D Location',(-70.5000000062,92.5008795062,-220.)) ;
#1813=CARTESIAN_POINT('Line Origine',(-70.499979803,97.0008795062,-222.5)) ;
#1818=CARTESIAN_POINT('Line Origine',(-70.5000202094,88.0008795063,-222.5)) ;
#1830=CARTESIAN_POINT('Axis2P3D Location',(-72.9999798031,97.0008907302,-220.)) ;
#1835=CARTESIAN_POINT('Line Origine',(-75.4999798033,97.0009019542,-222.5)) ;
#1847=CARTESIAN_POINT('Axis2P3D Location',(-73.0000202096,88.0008907303,-220.)) ;
#1852=CARTESIAN_POINT('Line Origine',(-75.5000202097,88.0009019543,-222.5)) ;
#1864=CARTESIAN_POINT('Axis2P3D Location',(-75.5000000065,92.5009019543,-220.)) ;
#1876=CARTESIAN_POINT('Axis2P3D Location',(-62.8205321354,32.5008570577,-220.)) ;
#1881=CARTESIAN_POINT('Line Origine',(-61.6602855083,33.1707188148,-222.5)) ;
#1893=CARTESIAN_POINT('Axis2P3D Location',(-80.5,37.5008570577,-220.)) ;
#1898=CARTESIAN_POINT('Line Origine',(-80.5,32.5008570577,-222.5)) ;
#1910=CARTESIAN_POINT('Axis2P3D Location',(-64.1602660677,37.5008570577,-220.)) ;
#1915=CARTESIAN_POINT('Line Origine',(-64.1602660677,32.5008570577,-222.5)) ;
#1927=CARTESIAN_POINT('Axis2P3D Location',(-85.5,32.5008570577,-220.)) ;
#1939=CARTESIAN_POINT('Axis2P3D Location',(-70.5,42.5008570575,-220.)) ;
#1951=CARTESIAN_POINT('Axis2P3D Location',(5.,1.83697019872E-015,0.)) ;
#1957=CARTESIAN_POINT('Control Point',(5.,-7.5,10.)) ;
#1958=CARTESIAN_POINT('Control Point',(5.,-9.07079632679,10.)) ;
#1959=CARTESIAN_POINT('Control Point',(5.,-10.6430582168,9.38492497977)) ;
#1960=CARTESIAN_POINT('Control Point',(5.,-11.8849249798,8.14305821681)) ;
#1961=CARTESIAN_POINT('Control Point',(5.,-12.5,6.57079632679)) ;
#1962=CARTESIAN_POINT('Control Point',(5.,-12.5,5.)) ;
#1963=CARTESIAN_POINT('Vertex',(5.,-7.5,10.)) ;
#1965=CARTESIAN_POINT('Vertex',(5.,-12.5,5.)) ;
#1968=CARTESIAN_POINT('Line Origine',(5.,-12.5,0.)) ;
#1972=CARTESIAN_POINT('Vertex',(5.,-12.5,-5.)) ;
#1976=CARTESIAN_POINT('Control Point',(5.,-12.5,-5.)) ;
#1977=CARTESIAN_POINT('Control Point',(5.,-12.5,-6.57079632679)) ;
#1978=CARTESIAN_POINT('Control Point',(5.,-11.8849249798,-8.14305821681)) ;
#1979=CARTESIAN_POINT('Control Point',(5.,-10.6430582168,-9.38492497977)) ;
#1980=CARTESIAN_POINT('Control Point',(5.,-9.07079632679,-10.)) ;
#1981=CARTESIAN_POINT('Control Point',(5.,-7.5,-10.)) ;
#1982=CARTESIAN_POINT('Vertex',(5.,-7.5,-10.)) ;
#1985=CARTESIAN_POINT('Line Origine',(5.,2.5,-10.)) ;
#1989=CARTESIAN_POINT('Vertex',(5.,12.8811978465,-10.)) ;
#1992=CARTESIAN_POINT('Line Origine',(5.,12.8811978465,0.)) ;
#1996=CARTESIAN_POINT('Vertex',(5.,12.8811978465,10.)) ;
#1999=CARTESIAN_POINT('Line Origine',(5.,2.5,10.)) ;
#2013=CARTESIAN_POINT('Control Point',(5.,2.5,-5.5)) ;
#2014=CARTESIAN_POINT('Control Point',(5.,3.36393797974,-5.5)) ;
#2015=CARTESIAN_POINT('Control Point',(5.,4.22787595947,-5.33036617436)) ;
#2016=CARTESIAN_POINT('Control Point',(5.,5.0473452601,-4.99093087609)) ;
#2017=CARTESIAN_POINT('Control Point',(5.,6.50903652496,-4.00903652496)) ;
#2018=CARTESIAN_POINT('Control Point',(5.,7.49093087609,-2.5473452601)) ;
#2019=CARTESIAN_POINT('Control Point',(5.,7.83036617436,-1.72787595947)) ;
#2020=CARTESIAN_POINT('Control Point',(5.,8.16963382564,3.82719351341E-015)) ;
#2021=CARTESIAN_POINT('Control Point',(5.,7.83036617436,1.72787595947)) ;
#2022=CARTESIAN_POINT('Control Point',(5.,7.49093087609,2.5473452601)) ;
#2023=CARTESIAN_POINT('Control Point',(5.,6.50903652496,4.00903652496)) ;
#2024=CARTESIAN_POINT('Control Point',(5.,5.0473452601,4.99093087609)) ;
#2025=CARTESIAN_POINT('Control Point',(5.,4.22787595947,5.33036617436)) ;
#2026=CARTESIAN_POINT('Control Point',(5.,3.36393797974,5.5)) ;
#2027=CARTESIAN_POINT('Control Point',(5.,2.5,5.5)) ;
#2028=CARTESIAN_POINT('Vertex',(5.,2.5,-5.5)) ;
#2030=CARTESIAN_POINT('Vertex',(5.,2.5,5.5)) ;
#2033=CARTESIAN_POINT('Line Origine',(5.,2.5,-5.5)) ;
#2037=CARTESIAN_POINT('Vertex',(5.,-2.5,-5.5)) ;
#2041=CARTESIAN_POINT('Control Point',(5.,-2.5,5.5)) ;
#2042=CARTESIAN_POINT('Control Point',(5.,-3.36393797974,5.5)) ;
#2043=CARTESIAN_POINT('Control Point',(5.,-4.22787595947,5.33036617436)) ;
#2044=CARTESIAN_POINT('Control Point',(5.,-5.0473452601,4.99093087609)) ;
#2045=CARTESIAN_POINT('Control Point',(5.,-6.50903652496,4.00903652496)) ;
#2046=CARTESIAN_POINT('Control Point',(5.,-7.49093087609,2.5473452601)) ;
#2047=CARTESIAN_POINT('Control Point',(5.,-7.83036617436,1.72787595947)) ;
#2048=CARTESIAN_POINT('Control Point',(5.,-8.16963382564,1.41747907904E-015)) ;
#2049=CARTESIAN_POINT('Control Point',(5.,-7.83036617436,-1.72787595947)) ;
#2050=CARTESIAN_POINT('Control Point',(5.,-7.49093087609,-2.5473452601)) ;
#2051=CARTESIAN_POINT('Control Point',(5.,-6.50903652496,-4.00903652496)) ;
#2052=CARTESIAN_POINT('Control Point',(5.,-5.0473452601,-4.99093087609)) ;
#2053=CARTESIAN_POINT('Control Point',(5.,-4.22787595947,-5.33036617436)) ;
#2054=CARTESIAN_POINT('Control Point',(5.,-3.36393797974,-5.5)) ;
#2055=CARTESIAN_POINT('Control Point',(5.,-2.5,-5.5)) ;
#2056=CARTESIAN_POINT('Vertex',(5.,-2.5,5.5)) ;
#2059=CARTESIAN_POINT('Line Origine',(5.,2.5,5.5)) ;
#2071=CARTESIAN_POINT('Axis2P3D Location',(116.654604186,65.0000164331,-201.028348359)) ;
#2076=CARTESIAN_POINT('Line Origine',(93.9386704958,35.0001341951,-214.143357351)) ;
#2080=CARTESIAN_POINT('Vertex',(109.726266298,35.0000523499,-205.028384502)) ;
#2083=CARTESIAN_POINT('Line Origine',(93.938877363,95.0001341954,-214.143321261)) ;
#2087=CARTESIAN_POINT('Vertex',(109.726535675,95.0000523499,-205.028312323)) ;
#2090=CARTESIAN_POINT('Line Origine',(109.726400986,65.0000523499,-205.028348413)) ;
#2102=CARTESIAN_POINT('Axis2P3D Location',(0.,-7.5,5.)) ;
#2107=CARTESIAN_POINT('Axis2P3D Location',(0.,-7.5,5.)) ;
#2111=CARTESIAN_POINT('Vertex',(0.,-7.5,10.)) ;
#2113=CARTESIAN_POINT('Vertex',(0.,-12.5,5.)) ;
#2116=CARTESIAN_POINT('Line Origine',(2.5,-12.5,5.)) ;
#2121=CARTESIAN_POINT('Line Origine',(2.5,-7.5,10.)) ;
#2133=CARTESIAN_POINT('Axis2P3D Location',(0.,-12.5,10.)) ;
#2138=CARTESIAN_POINT('Line Origine',(2.5,-12.5,-5.)) ;
#2142=CARTESIAN_POINT('Vertex',(0.,-12.5,-5.)) ;
#2145=CARTESIAN_POINT('Line Origine',(0.,-12.5,8.881784197E-016)) ;
#2157=CARTESIAN_POINT('Axis2P3D Location',(0.,-7.5,-5.)) ;
#2162=CARTESIAN_POINT('Axis2P3D Location',(0.,-7.5,-5.)) ;
#2166=CARTESIAN_POINT('Vertex',(0.,-7.5,-10.)) ;
#2169=CARTESIAN_POINT('Line Origine',(2.5,-7.5,-10.)) ;
#2181=CARTESIAN_POINT('Axis2P3D Location',(0.,-12.5,-10.)) ;
#2186=CARTESIAN_POINT('Line Origine',(2.5,12.8811978465,-10.)) ;
#2190=CARTESIAN_POINT('Vertex',(0.,12.8811978465,-10.)) ;
#2193=CARTESIAN_POINT('Line Origine',(-2.54109884176E-027,2.69059892324,-10.)) ;
#2205=CARTESIAN_POINT('Axis2P3D Location',(0.,-2.5,5.5)) ;
#2210=CARTESIAN_POINT('Line Origine',(0.,1.7763568394E-015,5.5)) ;
#2214=CARTESIAN_POINT('Vertex',(0.,2.5,5.5)) ;
#2216=CARTESIAN_POINT('Vertex',(0.,-2.5,5.5)) ;
#2219=CARTESIAN_POINT('Line Origine',(2.5,2.5,5.5)) ;
#2224=CARTESIAN_POINT('Line Origine',(2.5,-2.5,5.5)) ;
#2236=CARTESIAN_POINT('Axis2P3D Location',(0.,2.5,0.)) ;
#2241=CARTESIAN_POINT('Axis2P3D Location',(0.,2.5,0.)) ;
#2245=CARTESIAN_POINT('Vertex',(0.,2.5,-5.5)) ;
#2248=CARTESIAN_POINT('Line Origine',(2.5,2.5,-5.5)) ;
#2260=CARTESIAN_POINT('Axis2P3D Location',(0.,2.5,-5.5)) ;
#2265=CARTESIAN_POINT('Line Origine',(0.,1.7763568394E-015,-5.5)) ;
#2269=CARTESIAN_POINT('Vertex',(0.,-2.5,-5.5)) ;
#2272=CARTESIAN_POINT('Line Origine',(2.5,-2.5,-5.5)) ;
#2284=CARTESIAN_POINT('Axis2P3D Location',(0.,-2.5,0.)) ;
#2289=CARTESIAN_POINT('Axis2P3D Location',(0.,-2.5,0.)) ;
#2301=CARTESIAN_POINT('Axis2P3D Location',(93.0104672553,35.0001390071,-214.679255751)) ;
#2306=CARTESIAN_POINT('Line Origine',(91.4386704624,35.0001402101,-209.813230351)) ;
#2310=CARTESIAN_POINT('Vertex',(107.226266265,35.0000583648,-200.698257503)) ;
#2313=CARTESIAN_POINT('Line Origine',(108.476266282,35.0000553574,-202.863321002)) ;
#2325=CARTESIAN_POINT('Axis2P3D Location',(71.6511528022,67.5009019541,-212.)) ;
#2330=CARTESIAN_POINT('Line Origine',(75.651146839,65.0002268676,-218.9282032)) ;
#2342=CARTESIAN_POINT('Axis2P3D Location',(93.0106741226,95.0001390074,-214.679219661)) ;
#2347=CARTESIAN_POINT('Line Origine',(108.476535658,95.0000553574,-202.863248823)) ;
#2351=CARTESIAN_POINT('Vertex',(107.226535641,95.000048741,-200.698185323)) ;
#2354=CARTESIAN_POINT('Line Origine',(91.4388773297,95.0001402104,-209.813194261)) ;
#2366=CARTESIAN_POINT('Axis2P3D Location',(0.,17.5,10.)) ;
#2371=CARTESIAN_POINT('Line Origine',(-8.46981248466E-028,2.69059892324,10.)) ;
#2375=CARTESIAN_POINT('Vertex',(0.,12.8811978465,10.)) ;
#2378=CARTESIAN_POINT('Line Origine',(2.5,12.8811978465,10.)) ;
#2390=CARTESIAN_POINT('Axis2P3D Location',(13.,12.8811978465,2.91020540999E-011)) ;
#2395=CARTESIAN_POINT('Line Origine',(9.,19.8094010768,0.)) ;
#2399=CARTESIAN_POINT('Vertex',(9.,19.8094010768,-10.)) ;
#2401=CARTESIAN_POINT('Vertex',(9.,19.8094010768,-10.5824911467)) ;
#2404=CARTESIAN_POINT('Line Origine',(9.,19.8094010768,0.)) ;
#2408=CARTESIAN_POINT('Vertex',(9.,19.8094010768,10.)) ;
#2411=CARTESIAN_POINT('Axis2P3D Location',(13.,12.8811978465,10.)) ;
#2416=CARTESIAN_POINT('Axis2P3D Location',(13.,12.8811978465,-10.)) ;
#2420=CARTESIAN_POINT('Vertex',(6.30609164527,17.262018653,-10.)) ;
#2424=CARTESIAN_POINT('Control Point',(9.,19.8094010768,-10.5824911467)) ;
#2425=CARTESIAN_POINT('Control Point',(8.19420175386,19.3441732424,-10.3654326445)) ;
#2426=CARTESIAN_POINT('Control Point',(7.45971450662,18.7543535734,-10.1462563171)) ;
#2427=CARTESIAN_POINT('Control Point',(6.82083514474,18.0485483842,-10.)) ;
#2428=CARTESIAN_POINT('Control Point',(6.30609164527,17.262018653,-10.)) ;
#2439=CARTESIAN_POINT('Axis2P3D Location',(103.226252746,32.000635985,-193.770057911)) ;
#2444=CARTESIAN_POINT('Axis2P3D Location',(103.226266212,35.0000583648,-193.770054303)) ;
#2449=CARTESIAN_POINT('Axis2P3D Location',(103.226535588,95.0000583648,-193.769982124)) ;
#2461=CARTESIAN_POINT('Axis2P3D Location',(0.,12.8811978465,-10.)) ;
#2466=CARTESIAN_POINT('Axis2P3D Location',(13.,12.8811978465,-10.)) ;
#2470=CARTESIAN_POINT('Vertex',(2.12239892356,20.000031657,-10.)) ;
#2473=CARTESIAN_POINT('Line Origine',(4.21424528441,18.631025155,-10.)) ;
#2485=CARTESIAN_POINT('Axis2P3D Location',(0.,1.83697019872E-015,0.)) ;
#2490=CARTESIAN_POINT('Line Origine',(0.,12.8811978465,-1.7763568394E-015)) ;
#2511=CARTESIAN_POINT('Control Point',(9.,19.8094010768,-10.5824911467)) ;
#2512=CARTESIAN_POINT('Control Point',(6.5,24.1395280957,-10.5824911467)) ;
#2513=CARTESIAN_POINT('Control Point',(8.54854745869,19.5487548305,-10.4608830234)) ;
#2514=CARTESIAN_POINT('Control Point',(5.76638962037,23.7159779455,-10.4608830234)) ;
#2515=CARTESIAN_POINT('Control Point',(8.11834908502,19.2513507627,-10.3389609173)) ;
#2516=CARTESIAN_POINT('Control Point',(5.06731726315,23.2326963354,-10.3389609173)) ;
#2517=CARTESIAN_POINT('Control Point',(7.71232292228,18.9188643998,-10.2262980941)) ;
#2518=CARTESIAN_POINT('Control Point',(4.4075247487,22.6924059956,-10.2262980941)) ;
#2519=CARTESIAN_POINT('Control Point',(7.17226729943,18.3969810067,-10.0938323073)) ;
#2520=CARTESIAN_POINT('Control Point',(3.52993436156,21.8443454819,-10.0938323073)) ;
#2521=CARTESIAN_POINT('Control Point',(6.69657922123,17.8150775493,-10.0228205928)) ;
#2522=CARTESIAN_POINT('Control Point',(2.75694123449,20.8987523635,-10.0228205928)) ;
#2523=CARTESIAN_POINT('Control Point',(6.55994111953,17.6353661951,-10.0078482391)) ;
#2524=CARTESIAN_POINT('Control Point',(2.53490431923,20.6067214129,-10.0078482391)) ;
#2525=CARTESIAN_POINT('Control Point',(6.42968635156,17.4508717637,-10.)) ;
#2526=CARTESIAN_POINT('Control Point',(2.32324032127,20.306917962,-10.)) ;
#2527=CARTESIAN_POINT('Control Point',(6.30609164527,17.262018653,-10.)) ;
#2528=CARTESIAN_POINT('Control Point',(2.12239892356,20.000031657,-10.)) ;
#2530=CARTESIAN_POINT('Control Point',(9.,19.8094010768,-10.5824911467)) ;
#2531=CARTESIAN_POINT('Control Point',(6.5,24.1395280957,-10.5824911467)) ;
#2532=CARTESIAN_POINT('Vertex',(6.5,24.1395280957,-10.5824911467)) ;
#2536=CARTESIAN_POINT('Control Point',(6.5,24.1395280957,-10.5824911467)) ;
#2537=CARTESIAN_POINT('Control Point',(5.19010007038,23.3832570187,-10.3653534446)) ;
#2538=CARTESIAN_POINT('Control Point',(3.99666411465,22.4245174811,-10.1462620004)) ;
#2539=CARTESIAN_POINT('Control Point',(2.9591623156,21.2786088252,-10.)) ;
#2540=CARTESIAN_POINT('Control Point',(2.12239892356,20.000031657,-10.)) ;
#2549=CARTESIAN_POINT('Axis2P3D Location',(114.484596411,35.,-187.270054216)) ;
#2554=CARTESIAN_POINT('Line Origine',(112.319532911,35.000011224,-188.520054233)) ;
#2559=CARTESIAN_POINT('Axis2P3D Location',(103.226266212,35.0000583648,-193.770054303)) ;
#2571=CARTESIAN_POINT('Axis2P3D Location',(114.154604153,65.000022448,-196.69822136)) ;
#2576=CARTESIAN_POINT('Line Origine',(107.226400953,65.0000535529,-200.698221413)) ;
#2588=CARTESIAN_POINT('Axis2P3D Location',(114.484865787,95.,-187.269982037)) ;
#2593=CARTESIAN_POINT('Axis2P3D Location',(103.226535588,95.0000583648,-193.769982124)) ;
#2598=CARTESIAN_POINT('Line Origine',(112.319802287,95.000011224,-188.519982054)) ;
#2610=CARTESIAN_POINT('Axis2P3D Location',(0.,12.8811978465,10.)) ;
#2615=CARTESIAN_POINT('Axis2P3D Location',(13.,12.8811978465,10.)) ;
#2619=CARTESIAN_POINT('Vertex',(6.50000000001,24.1395280957,10.0000000001)) ;
#2622=CARTESIAN_POINT('Line Origine',(7.75,21.9744645862,10.)) ;
#2634=CARTESIAN_POINT('Axis2P3D Location',(5.,17.5,-1.7763568394E-015)) ;
#2639=CARTESIAN_POINT('Line Origine',(13.5,22.4074772881,2.91020540999E-011)) ;
#2643=CARTESIAN_POINT('Vertex',(13.5,22.4074772881,-10.0000000001)) ;
#2645=CARTESIAN_POINT('Vertex',(13.5,22.4074772881,10.0000000001)) ;
#2648=CARTESIAN_POINT('Line Origine',(14.5,22.9848275573,10.0000000001)) ;
#2654=CARTESIAN_POINT('Control Point',(11.3899393832,21.189233223,-11.0523474387)) ;
#2655=CARTESIAN_POINT('Control Point',(10.5971196791,20.7314985534,-10.8712138727)) ;
#2656=CARTESIAN_POINT('Control Point',(9.79994770848,20.2712511016,-10.7150956023)) ;
#2657=CARTESIAN_POINT('Control Point',(9.,19.8094010768,-10.5824911467)) ;
#2658=CARTESIAN_POINT('Vertex',(11.3899393832,21.189233223,-11.0523474387)) ;
#2662=CARTESIAN_POINT('Control Point',(13.5,22.4074772881,-11.5983166966)) ;
#2663=CARTESIAN_POINT('Control Point',(12.8009294634,22.0038687256,-11.3954062145)) ;
#2664=CARTESIAN_POINT('Control Point',(12.0970496224,21.59748351,-11.2138991743)) ;
#2665=CARTESIAN_POINT('Control Point',(11.3899393832,21.189233223,-11.0523474387)) ;
#2666=CARTESIAN_POINT('Vertex',(13.5,22.4074772881,-11.5983166966)) ;
#2669=CARTESIAN_POINT('Line Origine',(13.5,22.4074772881,2.91020540999E-011)) ;
#2684=CARTESIAN_POINT('Axis2P3D Location',(13.,12.8811978465,2.91020540999E-011)) ;
#2689=CARTESIAN_POINT('Line Origine',(6.5,24.1395280957,2.91020540999E-011)) ;
#2693=CARTESIAN_POINT('Vertex',(6.5,24.1395280957,-10.0000000001)) ;
#2696=CARTESIAN_POINT('Line Origine',(6.5,24.1395280957,2.91020540999E-011)) ;
#2711=CARTESIAN_POINT('Control Point',(8.88993938318,25.5193602419,-11.0523474387)) ;
#2712=CARTESIAN_POINT('Control Point',(8.4142243568,25.2447060434,-10.9436619978)) ;
#2713=CARTESIAN_POINT('Control Point',(7.93721998833,24.9693074428,-10.8425011664)) ;
#2714=CARTESIAN_POINT('Control Point',(7.45909294006,24.6932606628,-10.7486833408)) ;
#2715=CARTESIAN_POINT('Control Point',(6.97997994639,24.4166446469,-10.6620556967)) ;
#2716=CARTESIAN_POINT('Control Point',(6.5,24.1395280957,-10.5824911467)) ;
#2721=CARTESIAN_POINT('Control Point',(8.88993938318,25.5193602419,-11.0523474387)) ;
#2722=CARTESIAN_POINT('Control Point',(8.09711967909,25.0616255723,-10.8712138727)) ;
#2723=CARTESIAN_POINT('Control Point',(7.29994770848,24.6013781205,-10.7150956023)) ;
#2724=CARTESIAN_POINT('Control Point',(6.5,24.1395280957,-10.5824911467)) ;
#2725=CARTESIAN_POINT('Vertex',(8.88993938318,25.5193602419,-11.0523474387)) ;
#2728=CARTESIAN_POINT('Line Origine',(10.1399393832,23.3542967324,-11.0523474387)) ;
#2741=CARTESIAN_POINT('Control Point',(11.,26.737604307,-11.5983166966)) ;
#2742=CARTESIAN_POINT('Control Point',(10.5805510767,26.4954353583,-11.4765684912)) ;
#2743=CARTESIAN_POINT('Control Point',(10.1596990659,26.2524563365,-11.36126556)) ;
#2744=CARTESIAN_POINT('Control Point',(9.73745944728,26.0086761791,-11.2521978068)) ;
#2745=CARTESIAN_POINT('Control Point',(9.314212204,25.7643142692,-11.1492800056)) ;
#2746=CARTESIAN_POINT('Control Point',(8.88993938318,25.5193602419,-11.0523474387)) ;
#2751=CARTESIAN_POINT('Control Point',(11.,26.737604307,-11.5983166966)) ;
#2752=CARTESIAN_POINT('Control Point',(10.3009294634,26.3339957446,-11.3954062145)) ;
#2753=CARTESIAN_POINT('Control Point',(9.59704962243,25.9276105289,-11.2138991743)) ;
#2754=CARTESIAN_POINT('Control Point',(8.88993938318,25.5193602419,-11.0523474387)) ;
#2755=CARTESIAN_POINT('Vertex',(11.,26.737604307,-11.5983166966)) ;
#2758=CARTESIAN_POINT('Line Origine',(12.25,24.5725407976,-11.5983166966)) ;
#2770=CARTESIAN_POINT('Axis2P3D Location',(90.9840618379,-83.9993658382,-146.567003575)) ;
#2775=CARTESIAN_POINT('Line Origine',(101.318998505,-83.9993846889,-169.46763859)) ;
#2780=CARTESIAN_POINT('Line Origine',(91.3189983718,-83.9993606291,-152.147130592)) ;
#2792=CARTESIAN_POINT('Axis2P3D Location',(99.1539574532,-78.9993734649,-170.717632592)) ;
#2797=CARTESIAN_POINT('Line Origine',(103.819020986,-78.9993907038,-173.797759575)) ;
#2809=CARTESIAN_POINT('Axis2P3D Location',(105.984062038,-83.9994019278,-172.547765573)) ;
#2814=CARTESIAN_POINT('Line Origine',(103.819465454,20.0000292689,-173.79764048)) ;
#2826=CARTESIAN_POINT('Axis2P3D Location',(109.154402055,20.0000224482,-188.038021496)) ;
#2831=CARTESIAN_POINT('Line Origine',(111.319523876,35.000011224,-186.787987807)) ;
#2843=CARTESIAN_POINT('Axis2P3D Location',(105.984596298,35.,-172.547622419)) ;
#2855=CARTESIAN_POINT('Axis2P3D Location',(103.226252746,32.000635985,-193.770057911)) ;
#2867=CARTESIAN_POINT('Axis2P3D Location',(118.484865841,95.,-194.198185238)) ;
#2872=CARTESIAN_POINT('Line Origine',(111.319811297,95.000011224,-186.787946883)) ;
#2884=CARTESIAN_POINT('Axis2P3D Location',(109.154806119,110.000022448,-188.037913227)) ;
#2889=CARTESIAN_POINT('Line Origine',(103.819869519,110.000029269,-173.797532212)) ;
#2901=CARTESIAN_POINT('Axis2P3D Location',(105.984865674,95.,-172.54755024)) ;
#2906=CARTESIAN_POINT('Line Origine',(103.820017678,143.000609294,-173.797492512)) ;
#2918=CARTESIAN_POINT('Axis2P3D Location',(99.1549541451,143.000626533,-170.717365529)) ;
#2923=CARTESIAN_POINT('Line Origine',(101.320040093,148.000615309,-169.467359498)) ;
#2935=CARTESIAN_POINT('Axis2P3D Location',(105.985103626,148.00059807,-172.54748648)) ;
#2940=CARTESIAN_POINT('Line Origine',(91.3200399598,148.000639368,-152.146851499)) ;
#2952=CARTESIAN_POINT('Axis2P3D Location',(89.1549540119,143.000650592,-153.39685753)) ;
#2957=CARTESIAN_POINT('Line Origine',(88.8200174784,143.000645383,-147.816730514)) ;
#2969=CARTESIAN_POINT('Axis2P3D Location',(90.9851034263,148.000634159,-146.566724483)) ;
#2974=CARTESIAN_POINT('Line Origine',(88.8198693186,109.999993179,-147.816770213)) ;
#2986=CARTESIAN_POINT('Axis2P3D Location',(79.1548057189,110.000022448,-136.076389231)) ;
#2991=CARTESIAN_POINT('Line Origine',(81.319810897,95.000011224,-134.826422886)) ;
#3003=CARTESIAN_POINT('Axis2P3D Location',(90.9848654744,95.,-146.566788242)) ;
#3008=CARTESIAN_POINT('Line Origine',(18.9067333007,95.000011224,-26.7238033543)) ;
#3020=CARTESIAN_POINT('Axis2P3D Location',(79.1544016546,20.0000224482,-136.0764975)) ;
#3025=CARTESIAN_POINT('Line Origine',(88.8194652543,19.9999931794,-147.816878482)) ;
#3030=CARTESIAN_POINT('Line Origine',(81.319523476,35.000011224,-134.826463811)) ;
#3042=CARTESIAN_POINT('Axis2P3D Location',(90.9845960982,35.,-146.566860421)) ;
#3047=CARTESIAN_POINT('Line Origine',(88.8190207865,-78.9993546143,-147.816997577)) ;
#3059=CARTESIAN_POINT('Axis2P3D Location',(89.15395732,-78.9993494052,-153.397124593)) ;
#3071=CARTESIAN_POINT('Axis2P3D Location',(19.9999999995,35.,-23.6179356084)) ;
#3076=CARTESIAN_POINT('Line Origine',(18.9067333007,35.000011224,-26.7243421067)) ;
#3088=CARTESIAN_POINT('Axis2P3D Location',(12.,27.3149545762,10.0000000001)) ;
#3093=CARTESIAN_POINT('Line Origine',(12.25,24.5725407976,10.0000000001)) ;
#3097=CARTESIAN_POINT('Vertex',(11.,26.737604307,10.0000000001)) ;
#3100=CARTESIAN_POINT('Line Origine',(8.75,25.4385662014,10.0000000001)) ;
#3112=CARTESIAN_POINT('Axis2P3D Location',(7.,33.6658075373,-9.99999999994)) ;
#3117=CARTESIAN_POINT('Axis2P3D Location',(7.,33.6658075373,10.0000000001)) ;
#3121=CARTESIAN_POINT('Vertex',(20.,33.6658075373,10.0000000001)) ;
#3125=CARTESIAN_POINT('Control Point',(20.,33.6658075373,-18.8156189001)) ;
#3126=CARTESIAN_POINT('Control Point',(20.,32.6061489906,-17.3746631987)) ;
#3127=CARTESIAN_POINT('Control Point',(19.8920311312,31.2862512342,-16.085450839)) ;
#3128=CARTESIAN_POINT('Control Point',(19.5691091116,29.7898790472,-14.9727801494)) ;
#3129=CARTESIAN_POINT('Control Point',(18.5081885135,27.1673498398,-13.424992866)) ;
#3130=CARTESIAN_POINT('Control Point',(16.5917706087,24.7552103422,-12.398499907)) ;
#3131=CARTESIAN_POINT('Control Point',(15.6715737694,23.8509467239,-12.0637952542)) ;
#3132=CARTESIAN_POINT('Control Point',(14.6320316545,23.0610560685,-11.8005199678)) ;
#3133=CARTESIAN_POINT('Control Point',(13.5,22.4074772881,-11.5983166966)) ;
#3134=CARTESIAN_POINT('Vertex',(20.,33.6658075373,-18.8156189001)) ;
#3137=CARTESIAN_POINT('Line Origine',(20.,33.6658075373,-9.99999999994)) ;
#3141=CARTESIAN_POINT('Vertex',(20.,33.6658075373,-10.0000000001)) ;
#3144=CARTESIAN_POINT('Line Origine',(20.,33.6658075373,-9.99999999994)) ;
#3158=CARTESIAN_POINT('Axis2P3D Location',(28.,32.0007664518,-21.4743689673)) ;
#3163=CARTESIAN_POINT('Line Origine',(20.,64.9999820416,-21.4740726605)) ;
#3167=CARTESIAN_POINT('Vertex',(20.,35.,-21.4743420365)) ;
#3169=CARTESIAN_POINT('Vertex',(20.,34.5798040328,-21.4743458096)) ;
#3173=CARTESIAN_POINT('Control Point',(20.2998025536,35.0000194809,-23.6438948214)) ;
#3174=CARTESIAN_POINT('Control Point',(20.0993225416,35.0000130917,-22.9323492497)) ;
#3175=CARTESIAN_POINT('Control Point',(20.,34.862153155,-22.192883777)) ;
#3176=CARTESIAN_POINT('Control Point',(20.,34.5798040328,-21.4743458096)) ;
#3177=CARTESIAN_POINT('Vertex',(20.2998025536,35.0000194809,-23.6438948214)) ;
#3180=CARTESIAN_POINT('Axis2P3D Location',(28.,35.,-21.4743420365)) ;
#3185=CARTESIAN_POINT('Axis2P3D Location',(28.,95.,-21.4738032841)) ;
#3189=CARTESIAN_POINT('Vertex',(20.2999426894,95.0000194853,-23.6438533789)) ;
#3193=CARTESIAN_POINT('Control Point',(20.2999426894,95.0000194853,-23.6438533789)) ;
#3194=CARTESIAN_POINT('Control Point',(20.0993687078,95.0000130948,-22.9321503829)) ;
#3195=CARTESIAN_POINT('Control Point',(20.,95.1379228445,-22.1925049695)) ;
#3196=CARTESIAN_POINT('Control Point',(20.,95.4203914034,-21.4737995094)) ;
#3197=CARTESIAN_POINT('Vertex',(20.,95.4203914034,-21.4737995094)) ;
#3200=CARTESIAN_POINT('Line Origine',(20.,64.9999820416,-21.4740726605)) ;
#3204=CARTESIAN_POINT('Vertex',(20.,95.,-21.4738032841)) ;
#3207=CARTESIAN_POINT('Line Origine',(20.,64.9999820416,-21.4740726605)) ;
#3223=CARTESIAN_POINT('Axis2P3D Location',(2.5,21.8301270189,-1.7763568394E-015)) ;
#3228=CARTESIAN_POINT('Line Origine',(11.,26.737604307,-10.7991583483)) ;
#3232=CARTESIAN_POINT('Vertex',(11.,26.737604307,-10.0000000001)) ;
#3235=CARTESIAN_POINT('Line Origine',(11.,26.737604307,3.5527136788E-015)) ;
#3251=CARTESIAN_POINT('Control Point',(15.,33.6658075373,-18.8156189001)) ;
#3252=CARTESIAN_POINT('Control Point',(20.,33.6658075373,-18.8156189001)) ;
#3253=CARTESIAN_POINT('Control Point',(15.,33.2386214865,-17.871655594)) ;
#3254=CARTESIAN_POINT('Control Point',(20.,32.9716302048,-17.871655594)) ;
#3255=CARTESIAN_POINT('Control Point',(14.9714862622,32.739904608,-16.9866178462)) ;
#3256=CARTESIAN_POINT('Control Point',(19.9536651761,32.1612152772,-16.9866178462)) ;
#3257=CARTESIAN_POINT('Control Point',(14.8953817047,32.1825443285,-16.1688635816)) ;
#3258=CARTESIAN_POINT('Control Point',(19.8299952701,31.255504823,-16.1688635816)) ;
#3259=CARTESIAN_POINT('Control Point',(14.6445706113,31.1339392535,-14.8701429338)) ;
#3260=CARTESIAN_POINT('Control Point',(19.4224272434,29.5515215762,-14.8701429338)) ;
#3261=CARTESIAN_POINT('Control Point',(14.1538965109,30.0276036553,-13.8164260856)) ;
#3262=CARTESIAN_POINT('Control Point',(18.6250818302,27.753726229,-13.8164260856)) ;
#3263=CARTESIAN_POINT('Control Point',(13.8948758202,29.552528957,-13.4117429438)) ;
#3264=CARTESIAN_POINT('Control Point',(18.2041732078,26.9817298443,-13.4117429438)) ;
#3265=CARTESIAN_POINT('Control Point',(13.275898755,28.6233291999,-12.6964678814)) ;
#3266=CARTESIAN_POINT('Control Point',(17.1983354768,25.471780239,-12.6964678814)) ;
#3267=CARTESIAN_POINT('Control Point',(12.4651601985,27.7792089559,-12.161218111)) ;
#3268=CARTESIAN_POINT('Control Point',(15.8808853226,24.1000848426,-12.161218111)) ;
#3269=CARTESIAN_POINT('Control Point',(12.0142168559,27.3890738819,-11.9365070045)) ;
#3270=CARTESIAN_POINT('Control Point',(15.1481023908,23.4661153473,-11.9365070045)) ;
#3271=CARTESIAN_POINT('Control Point',(11.5234383572,27.0398115835,-11.7502484381)) ;
#3272=CARTESIAN_POINT('Control Point',(14.3505873305,22.8985641124,-11.7502484381)) ;
#3273=CARTESIAN_POINT('Control Point',(11.,26.737604307,-11.5983166966)) ;
#3274=CARTESIAN_POINT('Control Point',(13.5,22.4074772881,-11.5983166966)) ;
#3276=CARTESIAN_POINT('Control Point',(15.,33.6658075373,-18.8156189001)) ;
#3277=CARTESIAN_POINT('Control Point',(20.,33.6658075373,-18.8156189001)) ;
#3278=CARTESIAN_POINT('Vertex',(15.,33.6658075373,-18.8156189001)) ;
#3282=CARTESIAN_POINT('Control Point',(15.,33.6658075373,-18.8156189001)) ;
#3283=CARTESIAN_POINT('Control Point',(15.,33.0137853019,-17.3748296612)) ;
#3284=CARTESIAN_POINT('Control Point',(14.9335729695,32.1951212704,-16.0713163515)) ;
#3285=CARTESIAN_POINT('Control Point',(14.7308979545,31.2742785474,-14.9676347755)) ;
#3286=CARTESIAN_POINT('Control Point',(14.0844758248,29.6707573638,-13.428210946)) ;
#3287=CARTESIAN_POINT('Control Point',(12.9006744266,28.1792948953,-12.3960501925)) ;
#3288=CARTESIAN_POINT('Control Point',(12.3356161953,27.6255034171,-12.0636049102)) ;
#3289=CARTESIAN_POINT('Control Point',(11.696741287,27.1398680766,-11.8005508578)) ;
#3290=CARTESIAN_POINT('Control Point',(11.,26.737604307,-11.5983166966)) ;
#3299=CARTESIAN_POINT('Axis2P3D Location',(15.,95.,-21.4738032841)) ;
#3304=CARTESIAN_POINT('Axis2P3D Location',(28.,95.,-21.4738032841)) ;
#3308=CARTESIAN_POINT('Vertex',(15.4874068704,95.0000316637,-25.0001346882)) ;
#3311=CARTESIAN_POINT('Line Origine',(17.8936747799,95.0000255745,-24.3219940335)) ;
#3323=CARTESIAN_POINT('Axis2P3D Location',(15.,35.,-21.4743420365)) ;
#3328=CARTESIAN_POINT('Line Origine',(17.8934908516,35.0000255686,-24.3218800667)) ;
#3332=CARTESIAN_POINT('Vertex',(15.4871791496,35.0000316564,-24.999865312)) ;
#3335=CARTESIAN_POINT('Axis2P3D Location',(28.,35.,-21.4743420365)) ;
#3348=CARTESIAN_POINT('Control Point',(20.2998025536,35.0000194809,-23.6438948214)) ;
#3349=CARTESIAN_POINT('Control Point',(15.4871791496,35.0000316564,-24.999865312)) ;
#3350=CARTESIAN_POINT('Control Point',(20.1915432163,35.0000160307,-23.2596597483)) ;
#3351=CARTESIAN_POINT('Control Point',(15.3112577264,35.0000260499,-24.3754833181)) ;
#3352=CARTESIAN_POINT('Control Point',(20.1072502553,34.9675247307,-22.8686724167)) ;
#3353=CARTESIAN_POINT('Control Point',(15.1742816649,34.9675325557,-23.740128722)) ;
#3354=CARTESIAN_POINT('Control Point',(20.047899754,34.9002564478,-22.4743938913)) ;
#3355=CARTESIAN_POINT('Control Point',(15.0778371002,34.9002620601,-23.0994257407)) ;
#3356=CARTESIAN_POINT('Control Point',(20.0096346472,34.7860940287,-22.0367226845)) ;
#3357=CARTESIAN_POINT('Control Point',(15.0156563017,34.7860971848,-22.388209389)) ;
#3358=CARTESIAN_POINT('Control Point',(20.0008729454,34.6293626218,-21.6038657666)) ;
#3359=CARTESIAN_POINT('Control Point',(15.0014185363,34.6293633487,-21.6848160179)) ;
#3360=CARTESIAN_POINT('Control Point',(20.0002904197,34.6132651589,-21.5606330546)) ;
#3361=CARTESIAN_POINT('Control Point',(15.000471932,34.6132656431,-21.6145627705)) ;
#3362=CARTESIAN_POINT('Control Point',(20.,34.5967450002,-21.5174581387)) ;
#3363=CARTESIAN_POINT('Control Point',(15.,34.5967452421,-21.5444034395)) ;
#3364=CARTESIAN_POINT('Control Point',(20.,34.5798040328,-21.4743458096)) ;
#3365=CARTESIAN_POINT('Control Point',(15.,34.5798040328,-21.4743458096)) ;
#3367=CARTESIAN_POINT('Control Point',(15.4871791496,35.0000316564,-24.999865312)) ;
#3368=CARTESIAN_POINT('Control Point',(15.2428441938,35.0000238697,-24.1326693552)) ;
#3369=CARTESIAN_POINT('Control Point',(15.0786483014,34.9331842358,-23.2428145739)) ;
#3370=CARTESIAN_POINT('Control Point',(15.,34.7915688478,-22.3500649349)) ;
#3371=CARTESIAN_POINT('Control Point',(15.,34.5798040328,-21.4743458096)) ;
#3372=CARTESIAN_POINT('Vertex',(15.,34.5798040328,-21.4743458096)) ;
#3376=CARTESIAN_POINT('Control Point',(20.,34.5798040328,-21.4743458096)) ;
#3377=CARTESIAN_POINT('Control Point',(15.,34.5798040328,-21.4743458096)) ;
#3386=CARTESIAN_POINT('Axis2P3D Location',(13.5,22.4074772881,10.0000000001)) ;
#3391=CARTESIAN_POINT('Axis2P3D Location',(7.,33.6658075373,10.0000000001)) ;
#3395=CARTESIAN_POINT('Vertex',(15.,33.6658075373,10.0000000001)) ;
#3398=CARTESIAN_POINT('Line Origine',(17.5,33.6658075373,10.0000000001)) ;
#3411=CARTESIAN_POINT('Control Point',(20.2999426895,95.0000194853,-23.6438533789)) ;
#3412=CARTESIAN_POINT('Control Point',(15.4874068704,95.0000316637,-25.0001346882)) ;
#3413=CARTESIAN_POINT('Control Point',(20.1916326135,95.0000160344,-23.2595333144)) ;
#3414=CARTESIAN_POINT('Control Point',(15.3114029969,95.000026056,-24.3756145833)) ;
#3415=CARTESIAN_POINT('Control Point',(20.107299954,95.0325146861,-22.8684556258)) ;
#3416=CARTESIAN_POINT('Control Point',(15.1743624252,95.0325225129,-23.7401135217)) ;
#3417=CARTESIAN_POINT('Control Point',(20.0479216916,95.0998067617,-22.4740836585)) ;
#3418=CARTESIAN_POINT('Control Point',(15.0778727489,95.0998123753,-23.0992594525)) ;
#3419=CARTESIAN_POINT('Control Point',(20.0096390284,95.2140147883,-22.0363081637)) ;
#3420=CARTESIAN_POINT('Control Point',(15.0156634212,95.2140179451,-22.3878749144)) ;
#3421=CARTESIAN_POINT('Control Point',(20.0008733409,95.3708119086,-21.6033497215)) ;
#3422=CARTESIAN_POINT('Control Point',(15.0014191789,95.3708126357,-21.6843183258)) ;
#3423=CARTESIAN_POINT('Control Point',(20.000290551,95.3869161426,-21.5601068883)) ;
#3424=CARTESIAN_POINT('Control Point',(15.0004721453,95.386916627,-21.6140488123)) ;
#3425=CARTESIAN_POINT('Control Point',(20.,95.4034432706,-21.5169218862)) ;
#3426=CARTESIAN_POINT('Control Point',(15.,95.4034435126,-21.5438732766)) ;
#3427=CARTESIAN_POINT('Control Point',(20.,95.4203914034,-21.4737995094)) ;
#3428=CARTESIAN_POINT('Control Point',(15.,95.4203914034,-21.4737995094)) ;
#3430=CARTESIAN_POINT('Control Point',(20.,95.4203914034,-21.4737995094)) ;
#3431=CARTESIAN_POINT('Control Point',(15.,95.4203914034,-21.4737995094)) ;
#3432=CARTESIAN_POINT('Vertex',(15.,95.4203914034,-21.4737995094)) ;
#3436=CARTESIAN_POINT('Control Point',(15.4874068704,95.0000316637,-25.0001346882)) ;
#3437=CARTESIAN_POINT('Control Point',(15.242957389,95.0000238752,-24.1327468704)) ;
#3438=CARTESIAN_POINT('Control Point',(15.0786838872,95.0668770522,-23.2426830242)) ;
#3439=CARTESIAN_POINT('Control Point',(15.,95.2085430602,-22.3497203893)) ;
#3440=CARTESIAN_POINT('Control Point',(15.,95.4203914034,-21.4737995094)) ;
#3449=CARTESIAN_POINT('Axis2P3D Location',(20.,0.,0.)) ;
#3454=CARTESIAN_POINT('Axis2P3D Location',(20.,110.000031663,-25.0000000001)) ;
#3458=CARTESIAN_POINT('Vertex',(20.,96.3341924627,-18.8157588219)) ;
#3461=CARTESIAN_POINT('Line Origine',(20.,96.3341924627,-14.407879411)) ;
#3465=CARTESIAN_POINT('Vertex',(20.,96.3341924627,-10.0000000001)) ;
#3468=CARTESIAN_POINT('Line Origine',(20.,96.3341924627,-3.5527136788E-015)) ;
#3472=CARTESIAN_POINT('Vertex',(20.,96.3341924627,10.0000000001)) ;
#3475=CARTESIAN_POINT('Line Origine',(20.,65.,10.0000000001)) ;
#3480=CARTESIAN_POINT('Axis2P3D Location',(20.,20.000031657,-25.0000000001)) ;
#3498=CARTESIAN_POINT('Axis2P3D Location',(7.,33.6658075373,-9.99999999994)) ;
#3503=CARTESIAN_POINT('Line Origine',(15.,33.6658075373,-5.3290705182E-015)) ;
#3507=CARTESIAN_POINT('Vertex',(15.,33.6658075373,-10.0000000001)) ;
#3510=CARTESIAN_POINT('Line Origine',(15.,33.6658075373,-5.3290705182E-015)) ;
#3524=CARTESIAN_POINT('Axis2P3D Location',(15.,20.000031657,-25.0000000001)) ;
#3529=CARTESIAN_POINT('Axis2P3D Location',(15.,20.000031657,-25.0000000001)) ;
#3541=CARTESIAN_POINT('Axis2P3D Location',(28.,32.0007664518,-21.4743689673)) ;
#3546=CARTESIAN_POINT('Line Origine',(15.,32.0007664518,-21.4743689673)) ;
#3550=CARTESIAN_POINT('Vertex',(15.,95.,-21.4738032841)) ;
#3552=CARTESIAN_POINT('Vertex',(15.,35.,-21.4743420365)) ;
#3555=CARTESIAN_POINT('Line Origine',(15.,32.0007664518,-21.4743689673)) ;
#3560=CARTESIAN_POINT('Line Origine',(15.,32.0007664518,-21.4743689673)) ;
#3576=CARTESIAN_POINT('Axis2P3D Location',(20.,103.839745962,10.0000000001)) ;
#3581=CARTESIAN_POINT('Line Origine',(17.5,96.3341924627,10.0000000001)) ;
#3585=CARTESIAN_POINT('Vertex',(15.,96.3341924627,10.0000000001)) ;
#3588=CARTESIAN_POINT('Line Origine',(15.,65.,10.0000000001)) ;
#3600=CARTESIAN_POINT('Axis2P3D Location',(15.,110.000031663,-25.0000000001)) ;
#3605=CARTESIAN_POINT('Axis2P3D Location',(15.,110.000031663,-25.0000000001)) ;
#3609=CARTESIAN_POINT('Vertex',(15.,96.3341924627,-18.8157588219)) ;
#3612=CARTESIAN_POINT('Line Origine',(17.5,96.3341924627,-18.8157588219)) ;
#3624=CARTESIAN_POINT('Axis2P3D Location',(7.,96.3341924627,-9.99999999994)) ;
#3629=CARTESIAN_POINT('Axis2P3D Location',(7.,96.3341924627,10.0000000001)) ;
#3633=CARTESIAN_POINT('Vertex',(13.5,107.592522712,10.0000000001)) ;
#3637=CARTESIAN_POINT('Control Point',(20.,96.3341924627,-18.8157588219)) ;
#3638=CARTESIAN_POINT('Control Point',(20.,97.3938354414,-17.3747850117)) ;
#3639=CARTESIAN_POINT('Control Point',(19.8920343036,98.7137248111,-16.0855545943)) ;
#3640=CARTESIAN_POINT('Control Point',(19.5691170415,100.210094894,-14.9728671544)) ;
#3641=CARTESIAN_POINT('Control Point',(18.508202055,102.83262806,-13.4250553619)) ;
#3642=CARTESIAN_POINT('Control Point',(16.5917824245,105.244777891,-12.3985452128)) ;
#3643=CARTESIAN_POINT('Control Point',(15.6715829982,106.149046224,-12.063834835)) ;
#3644=CARTESIAN_POINT('Control Point',(14.6320367978,106.938940962,-11.8005551011)) ;
#3645=CARTESIAN_POINT('Control Point',(13.5,107.592522712,-11.5983485304)) ;
#3646=CARTESIAN_POINT('Vertex',(13.5,107.592522712,-11.5983485304)) ;
#3649=CARTESIAN_POINT('Line Origine',(13.5,107.592522712,-9.99999999994)) ;
#3653=CARTESIAN_POINT('Vertex',(13.5,107.592522712,-10.0000000001)) ;
#3656=CARTESIAN_POINT('Line Origine',(13.5,107.592522712,-9.99999999994)) ;
#3670=CARTESIAN_POINT('Axis2P3D Location',(20.,96.3341924627,10.0000000001)) ;
#3675=CARTESIAN_POINT('Axis2P3D Location',(7.,96.3341924627,10.0000000001)) ;
#3679=CARTESIAN_POINT('Vertex',(11.,103.262395693,10.0000000001)) ;
#3682=CARTESIAN_POINT('Line Origine',(12.25,105.427459202,10.0000000001)) ;
#3694=CARTESIAN_POINT('Axis2P3D Location',(15.,0.,0.)) ;
#3699=CARTESIAN_POINT('Line Origine',(15.,96.3341924627,-9.99999999994)) ;
#3703=CARTESIAN_POINT('Vertex',(15.,96.3341924627,-10.0000000001)) ;
#3706=CARTESIAN_POINT('Line Origine',(15.,96.3341924627,-9.99999999994)) ;
#3725=CARTESIAN_POINT('Control Point',(15.,96.3341924627,-18.8157588219)) ;
#3726=CARTESIAN_POINT('Control Point',(20.,96.3341924627,-18.8157588219)) ;
#3727=CARTESIAN_POINT('Control Point',(15.,96.7613721857,-17.8717837672)) ;
#3728=CARTESIAN_POINT('Control Point',(20.,97.0283595126,-17.8717837672)) ;
#3729=CARTESIAN_POINT('Control Point',(14.9714871069,97.2600845817,-16.9867341846)) ;
#3730=CARTESIAN_POINT('Control Point',(19.9536665487,97.838767156,-16.9867341846)) ;
#3731=CARTESIAN_POINT('Control Point',(14.8953840232,97.8174420646,-16.1689684263)) ;
#3732=CARTESIAN_POINT('Control Point',(19.8299990377,98.7444730658,-16.1689684263)) ;
#3733=CARTESIAN_POINT('Control Point',(14.644575795,98.8660449279,-14.8702286374)) ;
#3734=CARTESIAN_POINT('Control Point',(19.4224356669,100.448452719,-14.8702286374)) ;
#3735=CARTESIAN_POINT('Control Point',(14.1539037584,99.9723821977,-13.8164950782)) ;
#3736=CARTESIAN_POINT('Control Point',(18.6250936075,102.246250782,-13.8164950782)) ;
#3737=CARTESIAN_POINT('Control Point',(13.8948836191,100.447458221,-13.4118053143)) ;
#3738=CARTESIAN_POINT('Control Point',(18.2041858811,103.01824932,-13.4118053143)) ;
#3739=CARTESIAN_POINT('Control Point',(13.2759066968,101.376661416,-12.6965183312)) ;
#3740=CARTESIAN_POINT('Control Point',(17.1983483824,104.528204511,-12.6965183312)) ;
#3741=CARTESIAN_POINT('Control Point',(12.4651662084,102.220785806,-12.1612594237)) ;
#3742=CARTESIAN_POINT('Control Point',(15.8808950887,105.899906646,-12.1612594237)) ;
#3743=CARTESIAN_POINT('Control Point',(12.0142213355,102.610922919,-11.9365444787)) ;
#3744=CARTESIAN_POINT('Control Point',(15.1481096701,106.533879454,-11.9365444787)) ;
#3745=CARTESIAN_POINT('Control Point',(11.5234407916,102.960187011,-11.7502827674)) ;
#3746=CARTESIAN_POINT('Control Point',(14.3505912863,107.101433604,-11.7502827674)) ;
#3747=CARTESIAN_POINT('Control Point',(11.,103.262395693,-11.5983485304)) ;
#3748=CARTESIAN_POINT('Control Point',(13.5,107.592522712,-11.5983485304)) ;
#3750=CARTESIAN_POINT('Control Point',(11.,103.262395693,-11.5983485304)) ;
#3751=CARTESIAN_POINT('Control Point',(13.5,107.592522712,-11.5983485304)) ;
#3752=CARTESIAN_POINT('Vertex',(11.,103.262395693,-11.5983485304)) ;
#3756=CARTESIAN_POINT('Control Point',(15.,96.3341924627,-18.8157588219)) ;
#3757=CARTESIAN_POINT('Control Point',(15.,96.9862051286,-17.3749514548)) ;
#3758=CARTESIAN_POINT('Control Point',(14.9335749193,97.8048639347,-16.0714198536)) ;
#3759=CARTESIAN_POINT('Control Point',(14.7309027753,98.7257055253,-14.9677216289)) ;
#3760=CARTESIAN_POINT('Control Point',(14.0844842177,100.329228927,-13.4282735698)) ;
#3761=CARTESIAN_POINT('Control Point',(12.9006816623,101.820697933,-12.3960954105)) ;
#3762=CARTESIAN_POINT('Control Point',(12.3356218506,102.374492256,-12.0636444821)) ;
#3763=CARTESIAN_POINT('Control Point',(11.6967444531,102.860130095,-11.8005859917)) ;
#3764=CARTESIAN_POINT('Control Point',(11.,103.262395693,-11.5983485304)) ;
#3773=CARTESIAN_POINT('Axis2P3D Location',(5.,112.5,0.)) ;
#3779=CARTESIAN_POINT('Control Point',(13.5,107.592522712,-11.5983485304)) ;
#3780=CARTESIAN_POINT('Control Point',(12.8009415823,107.996124278,-11.3954391769)) ;
#3781=CARTESIAN_POINT('Control Point',(12.0970739455,108.402502447,-11.2139326466)) ;
#3782=CARTESIAN_POINT('Control Point',(11.389975941,108.81074567,-11.0523808481)) ;
#3783=CARTESIAN_POINT('Vertex',(11.389975941,108.81074567,-11.0523808481)) ;
#3787=CARTESIAN_POINT('Control Point',(11.389975941,108.81074567,-11.0523808481)) ;
#3788=CARTESIAN_POINT('Control Point',(10.5971442524,109.268487259,-10.8712413394)) ;
#3789=CARTESIAN_POINT('Control Point',(9.79996006438,109.728741765,-10.7151180265)) ;
#3790=CARTESIAN_POINT('Control Point',(9.,110.190598923,-10.582509327)) ;
#3791=CARTESIAN_POINT('Vertex',(9.,110.190598923,-10.582509327)) ;
#3794=CARTESIAN_POINT('Line Origine',(9.,110.190598923,-2.91038304567E-011)) ;
#3798=CARTESIAN_POINT('Vertex',(9.,110.190598923,-10.0000000001)) ;
#3801=CARTESIAN_POINT('Line Origine',(9.,110.190598923,-2.91038304567E-011)) ;
#3805=CARTESIAN_POINT('Vertex',(9.,110.190598923,10.0000000001)) ;
#3808=CARTESIAN_POINT('Line Origine',(14.5,107.015172443,10.0000000001)) ;
#3824=CARTESIAN_POINT('Control Point',(8.88997594103,104.480618651,-11.0523808481)) ;
#3825=CARTESIAN_POINT('Control Point',(8.41425372259,104.755277002,-10.9436918411)) ;
#3826=CARTESIAN_POINT('Control Point',(7.9372420927,105.030679795,-10.8425277153)) ;
#3827=CARTESIAN_POINT('Control Point',(7.45910772448,105.306730801,-10.7487068543)) ;
#3828=CARTESIAN_POINT('Control Point',(6.97998736047,105.583351073,-10.6620764235)) ;
#3829=CARTESIAN_POINT('Control Point',(6.5,105.860471904,-10.582509327)) ;
#3834=CARTESIAN_POINT('Control Point',(8.88997594103,104.480618651,-11.0523808481)) ;
#3835=CARTESIAN_POINT('Control Point',(8.0971442524,104.93836024,-10.8712413394)) ;
#3836=CARTESIAN_POINT('Control Point',(7.29996006438,105.398614746,-10.7151180265)) ;
#3837=CARTESIAN_POINT('Control Point',(6.5,105.860471904,-10.582509327)) ;
#3838=CARTESIAN_POINT('Vertex',(8.88997594103,104.480618651,-11.0523808481)) ;
#3840=CARTESIAN_POINT('Vertex',(6.5,105.860471904,-10.582509327)) ;
#3843=CARTESIAN_POINT('Line Origine',(7.75,108.025535414,-10.582509327)) ;
#3848=CARTESIAN_POINT('Line Origine',(10.139975941,106.645682161,-11.0523808481)) ;
#3860=CARTESIAN_POINT('Axis2P3D Location',(12.,102.685045424,10.0000000001)) ;
#3865=CARTESIAN_POINT('Line Origine',(8.75,104.561433799,10.0000000001)) ;
#3869=CARTESIAN_POINT('Vertex',(6.50000000001,105.860471904,10.0000000001)) ;
#3872=CARTESIAN_POINT('Line Origine',(7.75,108.025535414,10.0000000001)) ;
#3885=CARTESIAN_POINT('Control Point',(11.,103.262395693,-11.5983485304)) ;
#3886=CARTESIAN_POINT('Control Point',(10.5805583483,103.504560443,-11.4766010023)) ;
#3887=CARTESIAN_POINT('Control Point',(10.1597136332,103.747535253,-11.3612985618)) ;
#3888=CARTESIAN_POINT('Control Point',(9.7374813342,103.991311185,-11.2522311195)) ;
#3889=CARTESIAN_POINT('Control Point',(9.31424142071,104.235668863,-11.1493134527)) ;
#3890=CARTESIAN_POINT('Control Point',(8.88997594103,104.480618651,-11.0523808481)) ;
#3895=CARTESIAN_POINT('Control Point',(11.,103.262395693,-11.5983485304)) ;
#3896=CARTESIAN_POINT('Control Point',(10.3009415823,103.665997259,-11.3954391769)) ;
#3897=CARTESIAN_POINT('Control Point',(9.59707394554,104.072375428,-11.2139326466)) ;
#3898=CARTESIAN_POINT('Control Point',(8.88997594103,104.480618651,-11.0523808481)) ;
#3907=CARTESIAN_POINT('Axis2P3D Location',(7.,96.3341924627,-9.99999999994)) ;
#3912=CARTESIAN_POINT('Line Origine',(11.,103.262395693,-1.7763568394E-015)) ;
#3916=CARTESIAN_POINT('Vertex',(11.,103.262395693,-10.0000000001)) ;
#3919=CARTESIAN_POINT('Line Origine',(11.,103.262395693,-1.7763568394E-015)) ;
#3933=CARTESIAN_POINT('Axis2P3D Location',(13.,117.118802154,-2.91038304567E-011)) ;
#3939=CARTESIAN_POINT('Control Point',(9.,110.190598923,-10.582509327)) ;
#3940=CARTESIAN_POINT('Control Point',(8.19419185836,110.655832471,-10.3654445653)) ;
#3941=CARTESIAN_POINT('Control Point',(7.45969647872,111.24566087,-10.146261153)) ;
#3942=CARTESIAN_POINT('Control Point',(6.82081155832,111.951477664,-10.)) ;
#3943=CARTESIAN_POINT('Control Point',(6.30606614405,112.738020313,-10.)) ;
#3944=CARTESIAN_POINT('Vertex',(6.30606614405,112.738020313,-10.)) ;
#3947=CARTESIAN_POINT('Axis2P3D Location',(13.,117.118802154,-10.)) ;
#3951=CARTESIAN_POINT('Vertex',(5.,117.118802154,-10.)) ;
#3954=CARTESIAN_POINT('Line Origine',(5.,117.118802154,0.)) ;
#3958=CARTESIAN_POINT('Vertex',(5.,117.118802154,10.)) ;
#3961=CARTESIAN_POINT('Axis2P3D Location',(13.,117.118802154,10.)) ;
#3975=CARTESIAN_POINT('Axis2P3D Location',(0.,117.118802154,10.)) ;
#3980=CARTESIAN_POINT('Line Origine',(2.5,117.118802154,10.)) ;
#3984=CARTESIAN_POINT('Vertex',(0.,117.118802154,10.)) ;
#3987=CARTESIAN_POINT('Axis2P3D Location',(13.,117.118802154,10.)) ;
#4000=CARTESIAN_POINT('Control Point',(9.,110.190598923,-10.582509327)) ;
#4001=CARTESIAN_POINT('Control Point',(6.5,105.860471904,-10.582509327)) ;
#4002=CARTESIAN_POINT('Control Point',(8.54854190111,110.451248378,-10.4608976932)) ;
#4003=CARTESIAN_POINT('Control Point',(5.76638058929,106.284027269,-10.4608976932)) ;
#4004=CARTESIAN_POINT('Control Point',(8.11833851005,110.74865655,-10.338971853)) ;
#4005=CARTESIAN_POINT('Control Point',(5.06730007882,106.767315548,-10.338971853)) ;
#4006=CARTESIAN_POINT('Control Point',(7.71230795407,111.081147857,-10.2263054541)) ;
#4007=CARTESIAN_POINT('Control Point',(4.40750042536,107.307613922,-10.2263054541)) ;
#4008=CARTESIAN_POINT('Control Point',(7.17224714403,111.603039409,-10.0938353865)) ;
#4009=CARTESIAN_POINT('Control Point',(3.52990160904,108.155687693,-10.0938353865)) ;
#4010=CARTESIAN_POINT('Control Point',(6.69655568294,112.184952328,-10.0228213439)) ;
#4011=CARTESIAN_POINT('Control Point',(2.75690298477,109.101296187,-10.0228213439)) ;
#4012=CARTESIAN_POINT('Control Point',(6.55991673907,112.364666628,-10.0078484974)) ;
#4013=CARTESIAN_POINT('Control Point',(2.53486470098,109.393331924,-10.0078484974)) ;
#4014=CARTESIAN_POINT('Control Point',(6.42966131381,112.549164095,-10.)) ;
#4015=CARTESIAN_POINT('Control Point',(2.32319963494,109.693140308,-10.)) ;
#4016=CARTESIAN_POINT('Control Point',(6.30606614405,112.738020313,-10.)) ;
#4017=CARTESIAN_POINT('Control Point',(2.12235748408,110.000031663,-10.)) ;
#4019=CARTESIAN_POINT('Control Point',(6.5,105.860471904,-10.582509327)) ;
#4020=CARTESIAN_POINT('Control Point',(5.19008395786,106.616752284,-10.3653653587)) ;
#4021=CARTESIAN_POINT('Control Point',(3.99663479007,107.575506036,-10.1462668352)) ;
#4022=CARTESIAN_POINT('Control Point',(2.95912400569,108.721433469,-10.)) ;
#4023=CARTESIAN_POINT('Control Point',(2.12235748408,110.000031663,-10.)) ;
#4024=CARTESIAN_POINT('Vertex',(2.12235748408,110.000031663,-10.)) ;
#4028=CARTESIAN_POINT('Control Point',(2.12235748408,110.000031663,-10.)) ;
#4029=CARTESIAN_POINT('Control Point',(6.30606614405,112.738020313,-10.)) ;
#4038=CARTESIAN_POINT('Axis2P3D Location',(2.5,108.169872981,0.)) ;
#4043=CARTESIAN_POINT('Line Origine',(6.5,105.860471904,1.93995930431E-011)) ;
#4047=CARTESIAN_POINT('Vertex',(6.5,105.860471904,-10.)) ;
#4050=CARTESIAN_POINT('Line Origine',(6.5,105.860471904,-10.2912546635)) ;
#4065=CARTESIAN_POINT('Axis2P3D Location',(0.,117.118802154,-10.)) ;
#4070=CARTESIAN_POINT('Line Origine',(2.5,117.118802154,-10.)) ;
#4074=CARTESIAN_POINT('Vertex',(0.,117.118802154,-10.)) ;
#4077=CARTESIAN_POINT('Axis2P3D Location',(13.,117.118802154,-10.)) ;
#4089=CARTESIAN_POINT('Axis2P3D Location',(5.,0.,0.)) ;
#4095=CARTESIAN_POINT('Control Point',(5.,137.5,-10.)) ;
#4096=CARTESIAN_POINT('Control Point',(5.,139.070796327,-10.)) ;
#4097=CARTESIAN_POINT('Control Point',(5.,140.643058217,-9.38492497977)) ;
#4098=CARTESIAN_POINT('Control Point',(5.,141.88492498,-8.14305821681)) ;
#4099=CARTESIAN_POINT('Control Point',(5.,142.5,-6.57079632679)) ;
#4100=CARTESIAN_POINT('Control Point',(5.,142.5,-5.)) ;
#4101=CARTESIAN_POINT('Vertex',(5.,137.5,-10.)) ;
#4103=CARTESIAN_POINT('Vertex',(5.,142.5,-5.)) ;
#4106=CARTESIAN_POINT('Line Origine',(5.,142.5,0.)) ;
#4110=CARTESIAN_POINT('Vertex',(5.,142.5,5.)) ;
#4114=CARTESIAN_POINT('Control Point',(5.,142.5,5.)) ;
#4115=CARTESIAN_POINT('Control Point',(5.,142.5,6.57079632679)) ;
#4116=CARTESIAN_POINT('Control Point',(5.,141.88492498,8.14305821681)) ;
#4117=CARTESIAN_POINT('Control Point',(5.,140.643058217,9.38492497977)) ;
#4118=CARTESIAN_POINT('Control Point',(5.,139.070796327,10.)) ;
#4119=CARTESIAN_POINT('Control Point',(5.,137.5,10.)) ;
#4120=CARTESIAN_POINT('Vertex',(5.,137.5,10.)) ;
#4123=CARTESIAN_POINT('Line Origine',(5.,127.5,10.)) ;
#4128=CARTESIAN_POINT('Line Origine',(5.,127.5,-10.)) ;
#4142=CARTESIAN_POINT('Control Point',(5.,132.5,-5.5)) ;
#4143=CARTESIAN_POINT('Control Point',(5.,133.36393798,-5.5)) ;
#4144=CARTESIAN_POINT('Control Point',(5.,134.227875959,-5.33036617436)) ;
#4145=CARTESIAN_POINT('Control Point',(5.,135.04734526,-4.99093087609)) ;
#4146=CARTESIAN_POINT('Control Point',(5.,136.509036525,-4.00903652496)) ;
#4147=CARTESIAN_POINT('Control Point',(5.,137.490930876,-2.5473452601)) ;
#4148=CARTESIAN_POINT('Control Point',(5.,137.830366174,-1.72787595947)) ;
#4149=CARTESIAN_POINT('Control Point',(5.,138.169633826,3.82719351341E-015)) ;
#4150=CARTESIAN_POINT('Control Point',(5.,137.830366174,1.72787595947)) ;
#4151=CARTESIAN_POINT('Control Point',(5.,137.490930876,2.5473452601)) ;
#4152=CARTESIAN_POINT('Control Point',(5.,136.509036525,4.00903652496)) ;
#4153=CARTESIAN_POINT('Control Point',(5.,135.04734526,4.99093087609)) ;
#4154=CARTESIAN_POINT('Control Point',(5.,134.227875959,5.33036617436)) ;
#4155=CARTESIAN_POINT('Control Point',(5.,133.36393798,5.5)) ;
#4156=CARTESIAN_POINT('Control Point',(5.,132.5,5.5)) ;
#4157=CARTESIAN_POINT('Vertex',(5.,132.5,-5.5)) ;
#4159=CARTESIAN_POINT('Vertex',(5.,132.5,5.5)) ;
#4162=CARTESIAN_POINT('Line Origine',(5.,127.5,-5.5)) ;
#4166=CARTESIAN_POINT('Vertex',(5.,127.5,-5.5)) ;
#4170=CARTESIAN_POINT('Control Point',(5.,127.5,5.5)) ;
#4171=CARTESIAN_POINT('Control Point',(5.,126.63606202,5.5)) ;
#4172=CARTESIAN_POINT('Control Point',(5.,125.772124041,5.33036617436)) ;
#4173=CARTESIAN_POINT('Control Point',(5.,124.95265474,4.99093087609)) ;
#4174=CARTESIAN_POINT('Control Point',(5.,123.490963475,4.00903652496)) ;
#4175=CARTESIAN_POINT('Control Point',(5.,122.509069124,2.5473452601)) ;
#4176=CARTESIAN_POINT('Control Point',(5.,122.169633826,1.72787595947)) ;
#4177=CARTESIAN_POINT('Control Point',(5.,121.830366174,1.41747907904E-015)) ;
#4178=CARTESIAN_POINT('Control Point',(5.,122.169633826,-1.72787595947)) ;
#4179=CARTESIAN_POINT('Control Point',(5.,122.509069124,-2.5473452601)) ;
#4180=CARTESIAN_POINT('Control Point',(5.,123.490963475,-4.00903652496)) ;
#4181=CARTESIAN_POINT('Control Point',(5.,124.95265474,-4.99093087609)) ;
#4182=CARTESIAN_POINT('Control Point',(5.,125.772124041,-5.33036617436)) ;
#4183=CARTESIAN_POINT('Control Point',(5.,126.63606202,-5.5)) ;
#4184=CARTESIAN_POINT('Control Point',(5.,127.5,-5.5)) ;
#4185=CARTESIAN_POINT('Vertex',(5.,127.5,5.5)) ;
#4188=CARTESIAN_POINT('Line Origine',(5.,127.5,5.5)) ;
#4200=CARTESIAN_POINT('Axis2P3D Location',(0.,137.5,-5.)) ;
#4205=CARTESIAN_POINT('Axis2P3D Location',(0.,137.5,-5.)) ;
#4209=CARTESIAN_POINT('Vertex',(0.,137.5,-10.)) ;
#4211=CARTESIAN_POINT('Vertex',(0.,142.5,-5.)) ;
#4214=CARTESIAN_POINT('Line Origine',(2.5,142.5,-5.)) ;
#4219=CARTESIAN_POINT('Line Origine',(2.5,137.5,-10.)) ;
#4231=CARTESIAN_POINT('Axis2P3D Location',(0.,142.5,-10.)) ;
#4236=CARTESIAN_POINT('Line Origine',(2.5,142.5,5.)) ;
#4240=CARTESIAN_POINT('Vertex',(0.,142.5,5.)) ;
#4243=CARTESIAN_POINT('Line Origine',(0.,142.5,0.)) ;
#4255=CARTESIAN_POINT('Axis2P3D Location',(0.,137.5,5.)) ;
#4260=CARTESIAN_POINT('Axis2P3D Location',(0.,137.5,5.)) ;
#4264=CARTESIAN_POINT('Vertex',(0.,137.5,10.)) ;
#4267=CARTESIAN_POINT('Line Origine',(2.5,137.5,10.)) ;
#4279=CARTESIAN_POINT('Axis2P3D Location',(0.,142.5,10.)) ;
#4284=CARTESIAN_POINT('Line Origine',(-2.54109884176E-027,127.309401077,10.)) ;
#4296=CARTESIAN_POINT('Axis2P3D Location',(13.,117.118802154,-2.91038304567E-011)) ;
#4301=CARTESIAN_POINT('Line Origine',(0.,117.118802154,-2.91038304567E-011)) ;
#4315=CARTESIAN_POINT('Axis2P3D Location',(0.,112.5,-10.)) ;
#4320=CARTESIAN_POINT('Line Origine',(0.,127.309401077,-10.)) ;
#4332=CARTESIAN_POINT('Axis2P3D Location',(0.,127.5,5.5)) ;
#4337=CARTESIAN_POINT('Line Origine',(0.,130.,5.5)) ;
#4341=CARTESIAN_POINT('Vertex',(0.,132.5,5.5)) ;
#4343=CARTESIAN_POINT('Vertex',(0.,127.5,5.5)) ;
#4346=CARTESIAN_POINT('Line Origine',(2.5,132.5,5.5)) ;
#4351=CARTESIAN_POINT('Line Origine',(2.5,127.5,5.5)) ;
#4363=CARTESIAN_POINT('Axis2P3D Location',(0.,132.5,0.)) ;
#4368=CARTESIAN_POINT('Axis2P3D Location',(0.,132.5,0.)) ;
#4372=CARTESIAN_POINT('Vertex',(0.,132.5,-5.5)) ;
#4375=CARTESIAN_POINT('Line Origine',(2.5,132.5,-5.5)) ;
#4387=CARTESIAN_POINT('Axis2P3D Location',(0.,132.5,-5.5)) ;
#4392=CARTESIAN_POINT('Line Origine',(0.,130.,-5.5)) ;
#4396=CARTESIAN_POINT('Vertex',(0.,127.5,-5.5)) ;
#4399=CARTESIAN_POINT('Line Origine',(2.5,127.5,-5.5)) ;
#4411=CARTESIAN_POINT('Axis2P3D Location',(0.,127.5,0.)) ;
#4416=CARTESIAN_POINT('Axis2P3D Location',(0.,127.5,0.)) ;
#4428=CARTESIAN_POINT('Axis2P3D Location',(0.,0.,0.)) ;
#4448=CARTESIAN_POINT('Axis2P3D Location',(96.3190657824,-68.9993726592,-160.807366546)) ;
#4453=CARTESIAN_POINT('Line Origine',(59.0328481653,-63.9991793618,-182.334581653)) ;
#4458=CARTESIAN_POINT('Line Origine',(59.0328032693,-73.9991793617,-182.334593682)) ;
#4487=CARTESIAN_POINT('Axis2P3D Location',(19.9,65.,8.25)) ;
#4492=CARTESIAN_POINT('Line Origine',(19.9,65.,12.7)) ;
#4496=CARTESIAN_POINT('Vertex',(19.9,35.,12.7)) ;
#4498=CARTESIAN_POINT('Vertex',(19.9,95.,12.7)) ;
#4501=CARTESIAN_POINT('Axis2P3D Location',(19.9,35.,8.25)) ;
#4505=CARTESIAN_POINT('Vertex',(24.35,35.,8.25)) ;
#4508=CARTESIAN_POINT('Line Origine',(24.35,65.,8.25)) ;
#4512=CARTESIAN_POINT('Vertex',(24.35,95.,8.25)) ;
#4515=CARTESIAN_POINT('Axis2P3D Location',(19.9,95.,8.25)) ;
#4527=CARTESIAN_POINT('Axis2P3D Location',(24.35,35.,8.25)) ;
#4532=CARTESIAN_POINT('Line Origine',(24.35,35.,2.65)) ;
#4536=CARTESIAN_POINT('Vertex',(24.35,35.,-2.95)) ;
#4539=CARTESIAN_POINT('Line Origine',(24.35,65.,-2.95)) ;
#4543=CARTESIAN_POINT('Vertex',(24.35,95.,-2.95)) ;
#4546=CARTESIAN_POINT('Line Origine',(24.35,95.,2.65)) ;
#4558=CARTESIAN_POINT('Axis2P3D Location',(23.,65.,-2.95)) ;
#4563=CARTESIAN_POINT('Axis2P3D Location',(23.,35.,-2.95)) ;
#4567=CARTESIAN_POINT('Vertex',(21.65,35.,-2.95)) ;
#4570=CARTESIAN_POINT('Line Origine',(21.65,65.,-2.95)) ;
#4574=CARTESIAN_POINT('Vertex',(21.65,95.,-2.95)) ;
#4577=CARTESIAN_POINT('Axis2P3D Location',(23.,95.,-2.95)) ;
#4589=CARTESIAN_POINT('Axis2P3D Location',(21.65,35.,-1.3)) ;
#4594=CARTESIAN_POINT('Line Origine',(21.65,35.,-2.125)) ;
#4598=CARTESIAN_POINT('Vertex',(21.65,35.,-1.3)) ;
#4601=CARTESIAN_POINT('Line Origine',(21.65,65.,-1.3)) ;
#4605=CARTESIAN_POINT('Vertex',(21.65,95.,-1.3)) ;
#4608=CARTESIAN_POINT('Line Origine',(21.65,95.,-2.125)) ;
#4620=CARTESIAN_POINT('Axis2P3D Location',(20.65,65.,-1.3)) ;
#4625=CARTESIAN_POINT('Axis2P3D Location',(20.65,35.,-1.3)) ;
#4629=CARTESIAN_POINT('Vertex',(21.4451120107,35.,-0.69353739565)) ;
#4632=CARTESIAN_POINT('Line Origine',(21.4451120107,65.,-0.69353739565)) ;
#4636=CARTESIAN_POINT('Vertex',(21.4451120107,95.,-0.69353739565)) ;
#4639=CARTESIAN_POINT('Axis2P3D Location',(20.65,95.,-1.3)) ;
#4651=CARTESIAN_POINT('Axis2P3D Location',(20.8195519573,35.,0.126612615716)) ;
#4656=CARTESIAN_POINT('Line Origine',(21.132331984,35.,-0.283462389967)) ;
#4660=CARTESIAN_POINT('Vertex',(20.8195519573,35.,0.126612615716)) ;
#4663=CARTESIAN_POINT('Line Origine',(20.8195519573,65.,0.126612615716)) ;
#4667=CARTESIAN_POINT('Vertex',(20.8195519573,95.,0.126612615716)) ;
#4670=CARTESIAN_POINT('Line Origine',(21.132331984,95.,-0.283462389967)) ;
#4682=CARTESIAN_POINT('Axis2P3D Location',(24.,65.,2.55246303312)) ;
#4687=CARTESIAN_POINT('Axis2P3D Location',(24.,35.,2.55246303312)) ;
#4691=CARTESIAN_POINT('Vertex',(20.,35.,2.55246303312)) ;
#4694=CARTESIAN_POINT('Line Origine',(20.,65.,2.55246303312)) ;
#4698=CARTESIAN_POINT('Vertex',(20.,95.,2.55246303312)) ;
#4701=CARTESIAN_POINT('Axis2P3D Location',(24.,95.,2.55246303312)) ;
#4713=CARTESIAN_POINT('Axis2P3D Location',(20.,35.,4.18085385882)) ;
#4718=CARTESIAN_POINT('Line Origine',(20.,35.,3.36665844597)) ;
#4722=CARTESIAN_POINT('Vertex',(20.,35.,4.18085385882)) ;
#4725=CARTESIAN_POINT('Line Origine',(20.,65.,4.18085385882)) ;
#4729=CARTESIAN_POINT('Vertex',(20.,95.,4.18085385882)) ;
#4732=CARTESIAN_POINT('Line Origine',(20.,95.,3.36665844597)) ;
#4744=CARTESIAN_POINT('Axis2P3D Location',(20.4016386418,65.,4.18085385882)) ;
#4749=CARTESIAN_POINT('Axis2P3D Location',(20.4016386418,35.,4.18085385882)) ;
#4753=CARTESIAN_POINT('Vertex',(20.7971754902,35.,4.25059767705)) ;
#4756=CARTESIAN_POINT('Line Origine',(20.7971754902,65.,4.25059767705)) ;
#4760=CARTESIAN_POINT('Vertex',(20.7971754902,95.,4.25059767705)) ;
#4763=CARTESIAN_POINT('Axis2P3D Location',(20.4016386418,95.,4.18085385882)) ;
#4775=CARTESIAN_POINT('Axis2P3D Location',(21.2530384494,35.,1.66527036447)) ;
#4780=CARTESIAN_POINT('Line Origine',(21.0251069698,35.,2.95793402076)) ;
#4784=CARTESIAN_POINT('Vertex',(21.2530384494,35.,1.66527036447)) ;
#4787=CARTESIAN_POINT('Line Origine',(21.2530384494,65.,1.66527036447)) ;
#4791=CARTESIAN_POINT('Vertex',(21.2530384494,95.,1.66527036447)) ;
#4794=CARTESIAN_POINT('Line Origine',(21.0251069698,95.,2.95793402076)) ;
#4806=CARTESIAN_POINT('Axis2P3D Location',(21.45,65.,1.7)) ;
#4811=CARTESIAN_POINT('Axis2P3D Location',(21.45,35.,1.7)) ;
#4815=CARTESIAN_POINT('Vertex',(21.65,35.,1.7)) ;
#4818=CARTESIAN_POINT('Line Origine',(21.65,65.,1.7)) ;
#4822=CARTESIAN_POINT('Vertex',(21.65,95.,1.7)) ;
#4825=CARTESIAN_POINT('Axis2P3D Location',(21.45,95.,1.7)) ;
#4837=CARTESIAN_POINT('Line Origine',(21.65,35.,4.975)) ;
#4841=CARTESIAN_POINT('Vertex',(21.65,35.,8.25)) ;
#4844=CARTESIAN_POINT('Line Origine',(21.65,65.,8.25)) ;
#4848=CARTESIAN_POINT('Vertex',(21.65,95.,8.25)) ;
#4851=CARTESIAN_POINT('Line Origine',(21.65,95.,4.975)) ;
#4863=CARTESIAN_POINT('Axis2P3D Location',(19.9,65.,8.25)) ;
#4868=CARTESIAN_POINT('Axis2P3D Location',(19.9,35.,8.25)) ;
#4872=CARTESIAN_POINT('Vertex',(19.9,35.,10.)) ;
#4875=CARTESIAN_POINT('Line Origine',(19.9,65.,10.)) ;
#4879=CARTESIAN_POINT('Vertex',(19.9,95.,10.)) ;
#4882=CARTESIAN_POINT('Axis2P3D Location',(19.9,95.,8.25)) ;
#4894=CARTESIAN_POINT('Axis2P3D Location',(16.1,35.,10.)) ;
#4899=CARTESIAN_POINT('Line Origine',(18.,35.,10.)) ;
#4903=CARTESIAN_POINT('Vertex',(16.1,35.,10.)) ;
#4906=CARTESIAN_POINT('Line Origine',(16.1,65.,10.)) ;
#4910=CARTESIAN_POINT('Vertex',(16.1,95.,10.)) ;
#4913=CARTESIAN_POINT('Line Origine',(18.,95.,10.)) ;
#4925=CARTESIAN_POINT('Axis2P3D Location',(16.1,65.,8.25)) ;
#4930=CARTESIAN_POINT('Axis2P3D Location',(16.1,35.,8.25)) ;
#4934=CARTESIAN_POINT('Vertex',(14.35,35.,8.25)) ;
#4937=CARTESIAN_POINT('Line Origine',(14.35,65.,8.25)) ;
#4941=CARTESIAN_POINT('Vertex',(14.35,95.,8.25)) ;
#4944=CARTESIAN_POINT('Axis2P3D Location',(16.1,95.,8.25)) ;
#4956=CARTESIAN_POINT('Axis2P3D Location',(14.35,35.,4.83822509939)) ;
#4961=CARTESIAN_POINT('Line Origine',(14.35,35.,6.5441125497)) ;
#4965=CARTESIAN_POINT('Vertex',(14.35,35.,4.83822509939)) ;
#4968=CARTESIAN_POINT('Line Origine',(14.35,65.,4.83822509939)) ;
#4972=CARTESIAN_POINT('Vertex',(14.35,95.,4.83822509939)) ;
#4975=CARTESIAN_POINT('Line Origine',(14.35,95.,6.5441125497)) ;
#4987=CARTESIAN_POINT('Axis2P3D Location',(14.65,65.,4.83822509939)) ;
#4992=CARTESIAN_POINT('Axis2P3D Location',(14.65,35.,4.83822509939)) ;
#4996=CARTESIAN_POINT('Vertex',(14.8621320344,35.,4.62609306503)) ;
#4999=CARTESIAN_POINT('Line Origine',(14.8621320344,65.,4.62609306503)) ;
#5003=CARTESIAN_POINT('Vertex',(14.8621320344,95.,4.62609306503)) ;
#5006=CARTESIAN_POINT('Axis2P3D Location',(14.65,95.,4.83822509939)) ;
#5018=CARTESIAN_POINT('Axis2P3D Location',(14.8621320344,35.,4.62609306503)) ;
#5023=CARTESIAN_POINT('Line Origine',(15.3457106781,35.,5.1096717088)) ;
#5027=CARTESIAN_POINT('Vertex',(15.8292893219,35.,5.59325035256)) ;
#5030=CARTESIAN_POINT('Line Origine',(15.8292893219,65.,5.59325035256)) ;
#5034=CARTESIAN_POINT('Vertex',(15.8292893219,95.,5.59325035256)) ;
#5037=CARTESIAN_POINT('Line Origine',(15.3457106781,95.,5.1096717088)) ;
#5049=CARTESIAN_POINT('Axis2P3D Location',(15.9,65.,5.52253967444)) ;
#5054=CARTESIAN_POINT('Axis2P3D Location',(15.9,35.,5.52253967444)) ;
#5058=CARTESIAN_POINT('Vertex',(16.,35.,5.52253967444)) ;
#5061=CARTESIAN_POINT('Line Origine',(16.,65.,5.52253967444)) ;
#5065=CARTESIAN_POINT('Vertex',(16.,95.,5.52253967444)) ;
#5068=CARTESIAN_POINT('Axis2P3D Location',(15.9,95.,5.52253967444)) ;
#5080=CARTESIAN_POINT('Axis2P3D Location',(16.,35.,5.52253967444)) ;
#5085=CARTESIAN_POINT('Line Origine',(16.,35.,4.95685424949)) ;
#5089=CARTESIAN_POINT('Vertex',(16.,35.,4.39116882454)) ;
#5092=CARTESIAN_POINT('Line Origine',(16.,65.,4.39116882454)) ;
#5096=CARTESIAN_POINT('Vertex',(16.,95.,4.39116882454)) ;
#5099=CARTESIAN_POINT('Line Origine',(16.,95.,4.95685424949)) ;
#5111=CARTESIAN_POINT('Axis2P3D Location',(15.9,65.,4.39116882454)) ;
#5116=CARTESIAN_POINT('Axis2P3D Location',(15.9,35.,4.39116882454)) ;
#5120=CARTESIAN_POINT('Vertex',(15.9707106781,35.,4.32045814642)) ;
#5123=CARTESIAN_POINT('Line Origine',(15.9707106781,65.,4.32045814642)) ;
#5127=CARTESIAN_POINT('Vertex',(15.9707106781,95.,4.32045814642)) ;
#5130=CARTESIAN_POINT('Axis2P3D Location',(15.9,95.,4.39116882454)) ;
#5142=CARTESIAN_POINT('Axis2P3D Location',(15.9707106781,35.,4.32045814642)) ;
#5147=CARTESIAN_POINT('Line Origine',(15.2042893219,35.,3.55403679019)) ;
#5151=CARTESIAN_POINT('Vertex',(14.4378679656,35.,2.78761543395)) ;
#5154=CARTESIAN_POINT('Line Origine',(14.4378679656,65.,2.78761543395)) ;
#5158=CARTESIAN_POINT('Vertex',(14.4378679656,95.,2.78761543395)) ;
#5161=CARTESIAN_POINT('Line Origine',(15.2042893219,95.,3.55403679019)) ;
#5173=CARTESIAN_POINT('Axis2P3D Location',(14.65,65.,2.57548339959)) ;
#5178=CARTESIAN_POINT('Axis2P3D Location',(14.65,35.,2.57548339959)) ;
#5182=CARTESIAN_POINT('Vertex',(14.35,35.,2.57548339959)) ;
#5185=CARTESIAN_POINT('Line Origine',(14.35,65.,2.57548339959)) ;
#5189=CARTESIAN_POINT('Vertex',(14.35,95.,2.57548339959)) ;
#5192=CARTESIAN_POINT('Axis2P3D Location',(14.65,95.,2.57548339959)) ;
#5204=CARTESIAN_POINT('Axis2P3D Location',(14.65,65.,2.57548339959)) ;
#5209=CARTESIAN_POINT('Axis2P3D Location',(14.65,35.,2.57548339959)) ;
#5213=CARTESIAN_POINT('Vertex',(14.8621320344,35.,2.36335136524)) ;
#5216=CARTESIAN_POINT('Line Origine',(14.8621320344,65.,2.36335136524)) ;
#5220=CARTESIAN_POINT('Vertex',(14.8621320344,95.,2.36335136524)) ;
#5223=CARTESIAN_POINT('Axis2P3D Location',(14.65,95.,2.57548339959)) ;
#5235=CARTESIAN_POINT('Axis2P3D Location',(14.8621320344,35.,2.36335136524)) ;
#5240=CARTESIAN_POINT('Line Origine',(15.3457106781,35.,2.846930009)) ;
#5244=CARTESIAN_POINT('Vertex',(15.8292893219,35.,3.33050865276)) ;
#5247=CARTESIAN_POINT('Line Origine',(15.8292893219,65.,3.33050865276)) ;
#5251=CARTESIAN_POINT('Vertex',(15.8292893219,95.,3.33050865276)) ;
#5254=CARTESIAN_POINT('Line Origine',(15.3457106781,95.,2.846930009)) ;
#5266=CARTESIAN_POINT('Axis2P3D Location',(15.9,65.,3.25979797464)) ;
#5271=CARTESIAN_POINT('Axis2P3D Location',(15.9,35.,3.25979797464)) ;
#5275=CARTESIAN_POINT('Vertex',(16.,35.,3.25979797464)) ;
#5278=CARTESIAN_POINT('Line Origine',(16.,65.,3.25979797464)) ;
#5282=CARTESIAN_POINT('Vertex',(16.,95.,3.25979797464)) ;
#5285=CARTESIAN_POINT('Axis2P3D Location',(15.9,95.,3.25979797464)) ;
#5297=CARTESIAN_POINT('Line Origine',(16.,35.,2.6941125497)) ;
#5301=CARTESIAN_POINT('Vertex',(16.,35.,2.12842712475)) ;
#5304=CARTESIAN_POINT('Line Origine',(16.,65.,2.12842712475)) ;
#5308=CARTESIAN_POINT('Vertex',(16.,95.,2.12842712475)) ;
#5311=CARTESIAN_POINT('Line Origine',(16.,95.,2.6941125497)) ;
#5323=CARTESIAN_POINT('Axis2P3D Location',(15.9,65.,2.12842712475)) ;
#5328=CARTESIAN_POINT('Axis2P3D Location',(15.9,35.,2.12842712475)) ;
#5332=CARTESIAN_POINT('Vertex',(15.9707106781,35.,2.05771644663)) ;
#5335=CARTESIAN_POINT('Line Origine',(15.9707106781,65.,2.05771644663)) ;
#5339=CARTESIAN_POINT('Vertex',(15.9707106781,95.,2.05771644663)) ;
#5342=CARTESIAN_POINT('Axis2P3D Location',(15.9,95.,2.12842712475)) ;
#5354=CARTESIAN_POINT('Axis2P3D Location',(15.9707106781,35.,2.05771644663)) ;
#5359=CARTESIAN_POINT('Line Origine',(15.2042893219,35.,1.29129509039)) ;
#5363=CARTESIAN_POINT('Vertex',(14.4378679656,35.,0.524873734153)) ;
#5366=CARTESIAN_POINT('Line Origine',(14.4378679656,65.,0.524873734153)) ;
#5370=CARTESIAN_POINT('Vertex',(14.4378679656,95.,0.524873734153)) ;
#5373=CARTESIAN_POINT('Line Origine',(15.2042893219,95.,1.29129509039)) ;
#5385=CARTESIAN_POINT('Axis2P3D Location',(14.65,65.,0.312741699797)) ;
#5390=CARTESIAN_POINT('Axis2P3D Location',(14.65,35.,0.312741699797)) ;
#5394=CARTESIAN_POINT('Vertex',(14.35,35.,0.312741699797)) ;
#5397=CARTESIAN_POINT('Line Origine',(14.35,65.,0.312741699797)) ;
#5401=CARTESIAN_POINT('Vertex',(14.35,95.,0.312741699797)) ;
#5404=CARTESIAN_POINT('Axis2P3D Location',(14.65,95.,0.312741699797)) ;
#5416=CARTESIAN_POINT('Axis2P3D Location',(14.65,65.,0.312741699797)) ;
#5421=CARTESIAN_POINT('Axis2P3D Location',(14.65,35.,0.312741699797)) ;
#5425=CARTESIAN_POINT('Vertex',(14.8621320344,35.,0.100609665441)) ;
#5428=CARTESIAN_POINT('Line Origine',(14.8621320344,65.,0.100609665441)) ;
#5432=CARTESIAN_POINT('Vertex',(14.8621320344,95.,0.100609665441)) ;
#5435=CARTESIAN_POINT('Axis2P3D Location',(14.65,95.,0.312741699797)) ;
#5447=CARTESIAN_POINT('Axis2P3D Location',(14.8621320344,35.,0.100609665441)) ;
#5452=CARTESIAN_POINT('Line Origine',(15.3457106781,35.,0.584188309204)) ;
#5456=CARTESIAN_POINT('Vertex',(15.8292893219,35.,1.06776695297)) ;
#5459=CARTESIAN_POINT('Line Origine',(15.8292893219,65.,1.06776695297)) ;
#5463=CARTESIAN_POINT('Vertex',(15.8292893219,95.,1.06776695297)) ;
#5466=CARTESIAN_POINT('Line Origine',(15.3457106781,95.,0.584188309204)) ;
#5478=CARTESIAN_POINT('Axis2P3D Location',(15.9,65.,0.997056274848)) ;
#5483=CARTESIAN_POINT('Axis2P3D Location',(15.9,35.,0.997056274848)) ;
#5487=CARTESIAN_POINT('Vertex',(16.,35.,0.997056274848)) ;
#5490=CARTESIAN_POINT('Line Origine',(16.,65.,0.997056274848)) ;
#5494=CARTESIAN_POINT('Vertex',(16.,95.,0.997056274848)) ;
#5497=CARTESIAN_POINT('Axis2P3D Location',(15.9,95.,0.997056274848)) ;
#5509=CARTESIAN_POINT('Line Origine',(16.,35.,0.431370849898)) ;
#5513=CARTESIAN_POINT('Vertex',(16.,35.,-0.134314575051)) ;
#5516=CARTESIAN_POINT('Line Origine',(16.,65.,-0.134314575051)) ;
#5520=CARTESIAN_POINT('Vertex',(16.,95.,-0.134314575051)) ;
#5523=CARTESIAN_POINT('Line Origine',(16.,95.,0.431370849898)) ;
#5535=CARTESIAN_POINT('Axis2P3D Location',(15.9,65.,-0.134314575051)) ;
#5540=CARTESIAN_POINT('Axis2P3D Location',(15.9,35.,-0.134314575051)) ;
#5544=CARTESIAN_POINT('Vertex',(15.9707106781,35.,-0.205025253169)) ;
#5547=CARTESIAN_POINT('Line Origine',(15.9707106781,65.,-0.205025253169)) ;
#5551=CARTESIAN_POINT('Vertex',(15.9707106781,95.,-0.205025253169)) ;
#5554=CARTESIAN_POINT('Axis2P3D Location',(15.9,95.,-0.134314575051)) ;
#5566=CARTESIAN_POINT('Axis2P3D Location',(15.9707106781,35.,-0.205025253169)) ;
#5571=CARTESIAN_POINT('Line Origine',(15.2042893219,35.,-0.971446609407)) ;
#5575=CARTESIAN_POINT('Vertex',(14.4378679656,35.,-1.73786796564)) ;
#5578=CARTESIAN_POINT('Line Origine',(14.4378679656,65.,-1.73786796564)) ;
#5582=CARTESIAN_POINT('Vertex',(14.4378679656,95.,-1.73786796564)) ;
#5585=CARTESIAN_POINT('Line Origine',(15.2042893219,95.,-0.971446609407)) ;
#5597=CARTESIAN_POINT('Axis2P3D Location',(14.65,65.,-1.95)) ;
#5602=CARTESIAN_POINT('Axis2P3D Location',(14.65,35.,-1.95)) ;
#5606=CARTESIAN_POINT('Vertex',(14.35,35.,-1.95)) ;
#5609=CARTESIAN_POINT('Line Origine',(14.35,65.,-1.95)) ;
#5613=CARTESIAN_POINT('Vertex',(14.35,95.,-1.95)) ;
#5616=CARTESIAN_POINT('Axis2P3D Location',(14.65,95.,-1.95)) ;
#5628=CARTESIAN_POINT('Line Origine',(14.35,35.,-2.45)) ;
#5632=CARTESIAN_POINT('Vertex',(14.35,35.,-2.95)) ;
#5635=CARTESIAN_POINT('Line Origine',(14.35,65.,-2.95)) ;
#5639=CARTESIAN_POINT('Vertex',(14.35,95.,-2.95)) ;
#5642=CARTESIAN_POINT('Line Origine',(14.35,95.,-2.45)) ;
#5654=CARTESIAN_POINT('Axis2P3D Location',(13.,65.,-2.95)) ;
#5659=CARTESIAN_POINT('Axis2P3D Location',(13.,35.,-2.95)) ;
#5663=CARTESIAN_POINT('Vertex',(11.65,35.,-2.95)) ;
#5666=CARTESIAN_POINT('Line Origine',(11.65,65.,-2.95)) ;
#5670=CARTESIAN_POINT('Vertex',(11.65,95.,-2.95)) ;
#5673=CARTESIAN_POINT('Axis2P3D Location',(13.,95.,-2.95)) ;
#5685=CARTESIAN_POINT('Axis2P3D Location',(11.65,35.,-2.95)) ;
#5690=CARTESIAN_POINT('Line Origine',(11.65,35.,2.65)) ;
#5694=CARTESIAN_POINT('Vertex',(11.65,35.,8.25)) ;
#5697=CARTESIAN_POINT('Line Origine',(11.65,65.,8.25)) ;
#5701=CARTESIAN_POINT('Vertex',(11.65,95.,8.25)) ;
#5704=CARTESIAN_POINT('Line Origine',(11.65,95.,2.65)) ;
#5716=CARTESIAN_POINT('Axis2P3D Location',(16.1,65.,8.25)) ;
#5721=CARTESIAN_POINT('Axis2P3D Location',(16.1,35.,8.25)) ;
#5725=CARTESIAN_POINT('Vertex',(16.1,35.,12.7)) ;
#5728=CARTESIAN_POINT('Line Origine',(16.1,65.,12.7)) ;
#5732=CARTESIAN_POINT('Vertex',(16.1,95.,12.7)) ;
#5735=CARTESIAN_POINT('Axis2P3D Location',(16.1,95.,8.25)) ;
#5747=CARTESIAN_POINT('Axis2P3D Location',(19.9,35.,12.7)) ;
#5752=CARTESIAN_POINT('Line Origine',(18.,35.,12.7)) ;
#5757=CARTESIAN_POINT('Line Origine',(18.,95.,12.7)) ;
#5769=CARTESIAN_POINT('Axis2P3D Location',(0.,35.,0.)) ;
#5819=CARTESIAN_POINT('Axis2P3D Location',(0.,95.,0.)) ;
#5869=CARTESIAN_POINT('Axis2P3D Location',(0.,0.,0.)) ;
#8=PRODUCT_RELATED_PRODUCT_CATEGORY('part',$,(#5)) ;
#29=STYLED_ITEM(' ',(#28),#21) ;
#313=STYLED_ITEM(' ',(#28),#312) ;
#602=STYLED_ITEM(' ',(#601),#594) ;
#4485=STYLED_ITEM(' ',(#4484),#4477) ;
#5877=STYLED_ITEM(' ',(#5876),#5872) ;
#28=PRESENTATION_STYLE_ASSIGNMENT((#27)) ;
#601=PRESENTATION_STYLE_ASSIGNMENT((#600)) ;
#4484=PRESENTATION_STYLE_ASSIGNMENT((#4483)) ;
#5876=PRESENTATION_STYLE_ASSIGNMENT((#5875)) ;
#5875=CURVE_STYLE(' ',#5873,POSITIVE_LENGTH_MEASURE(0.180000007153),#5874) ;
#27=SURFACE_STYLE_USAGE(.BOTH.,#26) ;
#600=SURFACE_STYLE_USAGE(.BOTH.,#599) ;
#4483=SURFACE_STYLE_USAGE(.BOTH.,#4482) ;
#26=SURFACE_SIDE_STYLE(' ',(#25)) ;
#599=SURFACE_SIDE_STYLE(' ',(#598)) ;
#4482=SURFACE_SIDE_STYLE(' ',(#4481)) ;
#25=SURFACE_STYLE_FILL_AREA(#24) ;
#598=SURFACE_STYLE_FILL_AREA(#597) ;
#4481=SURFACE_STYLE_FILL_AREA(#4480) ;
#24=FILL_AREA_STYLE(' ',(#23)) ;
#597=FILL_AREA_STYLE(' ',(#596)) ;
#4480=FILL_AREA_STYLE(' ',(#4479)) ;
#23=FILL_AREA_STYLE_COLOUR(' ',#22) ;
#596=FILL_AREA_STYLE_COLOUR(' ',#595) ;
#4479=FILL_AREA_STYLE_COLOUR(' ',#4478) ;
#38=VECTOR('Line Direction',#37,1.) ;
#47=VECTOR('Line Direction',#46,1.) ;
#54=VECTOR('Line Direction',#53,1.) ;
#61=VECTOR('Line Direction',#60,1.) ;
#78=VECTOR('Line Direction',#77,1.) ;
#85=VECTOR('Line Direction',#84,1.) ;
#92=VECTOR('Line Direction',#91,1.) ;
#109=VECTOR('Line Direction',#108,1.) ;
#116=VECTOR('Line Direction',#115,1.) ;
#123=VECTOR('Line Direction',#122,1.) ;
#140=VECTOR('Line Direction',#139,1.) ;
#147=VECTOR('Line Direction',#146,1.) ;
#154=VECTOR('Line Direction',#153,1.) ;
#171=VECTOR('Line Direction',#170,1.) ;
#178=VECTOR('Line Direction',#177,1.) ;
#185=VECTOR('Line Direction',#184,1.) ;
#202=VECTOR('Line Direction',#201,1.) ;
#207=VECTOR('Line Direction',#206,1.) ;
#233=VECTOR('Line Direction',#232,1.) ;
#247=VECTOR('Line Direction',#246,1.) ;
#322=VECTOR('Line Direction',#321,1.) ;
#331=VECTOR('Line Direction',#330,1.) ;
#338=VECTOR('Line Direction',#337,1.) ;
#345=VECTOR('Line Direction',#344,1.) ;
#362=VECTOR('Line Direction',#361,1.) ;
#369=VECTOR('Line Direction',#368,1.) ;
#376=VECTOR('Line Direction',#375,1.) ;
#393=VECTOR('Line Direction',#392,1.) ;
#400=VECTOR('Line Direction',#399,1.) ;
#407=VECTOR('Line Direction',#406,1.) ;
#424=VECTOR('Line Direction',#423,1.) ;
#431=VECTOR('Line Direction',#430,1.) ;
#438=VECTOR('Line Direction',#437,1.) ;
#455=VECTOR('Line Direction',#454,1.) ;
#462=VECTOR('Line Direction',#461,1.) ;
#469=VECTOR('Line Direction',#468,1.) ;
#486=VECTOR('Line Direction',#485,1.) ;
#491=VECTOR('Line Direction',#490,1.) ;
#517=VECTOR('Line Direction',#516,1.) ;
#531=VECTOR('Line Direction',#530,1.) ;
#611=VECTOR('Line Direction',#610,1.) ;
#627=VECTOR('Line Direction',#626,1.) ;
#668=VECTOR('Line Direction',#667,1.) ;
#684=VECTOR('Line Direction',#683,1.) ;
#698=VECTOR('Line Direction',#697,1.) ;
#705=VECTOR('Line Direction',#704,1.) ;
#712=VECTOR('Line Direction',#711,1.) ;
#726=VECTOR('Line Direction',#725,1.) ;
#740=VECTOR('Line Direction',#739,1.) ;
#754=VECTOR('Line Direction',#753,1.) ;
#768=VECTOR('Line Direction',#767,1.) ;
#775=VECTOR('Line Direction',#774,1.) ;
#782=VECTOR('Line Direction',#781,1.) ;
#796=VECTOR('Line Direction',#795,1.) ;
#870=VECTOR('Line Direction',#869,1.) ;
#915=VECTOR('Line Direction',#914,1.) ;
#932=VECTOR('Line Direction',#931,1.) ;
#949=VECTOR('Line Direction',#948,1.) ;
#972=VECTOR('Line Direction',#971,1.) ;
#995=VECTOR('Line Direction',#994,1.) ;
#1012=VECTOR('Line Direction',#1011,1.) ;
#1133=VECTOR('Line Direction',#1132,1.) ;
#1150=VECTOR('Line Direction',#1149,1.) ;
#1209=VECTOR('Line Direction',#1208,1.) ;
#1237=VECTOR('Line Direction',#1236,1.) ;
#1329=VECTOR('Line Direction',#1328,1.) ;
#1336=VECTOR('Line Direction',#1335,1.) ;
#1360=VECTOR('Line Direction',#1359,1.) ;
#1367=VECTOR('Line Direction',#1366,1.) ;
#1398=VECTOR('Line Direction',#1397,1.) ;
#1415=VECTOR('Line Direction',#1414,1.) ;
#1448=VECTOR('Line Direction',#1447,1.) ;
#1453=VECTOR('Line Direction',#1452,1.) ;
#1470=VECTOR('Line Direction',#1469,1.) ;
#1477=VECTOR('Line Direction',#1476,1.) ;
#1494=VECTOR('Line Direction',#1493,1.) ;
#1506=VECTOR('Line Direction',#1505,1.) ;
#1520=VECTOR('Line Direction',#1519,1.) ;
#1534=VECTOR('Line Direction',#1533,1.) ;
#1548=VECTOR('Line Direction',#1547,1.) ;
#1562=VECTOR('Line Direction',#1561,1.) ;
#1592=VECTOR('Line Direction',#1591,1.) ;
#1606=VECTOR('Line Direction',#1605,1.) ;
#1626=VECTOR('Line Direction',#1625,1.) ;
#1640=VECTOR('Line Direction',#1639,1.) ;
#1657=VECTOR('Line Direction',#1656,1.) ;
#1662=VECTOR('Line Direction',#1661,1.) ;
#1679=VECTOR('Line Direction',#1678,1.) ;
#1696=VECTOR('Line Direction',#1695,1.) ;
#1713=VECTOR('Line Direction',#1712,1.) ;
#1730=VECTOR('Line Direction',#1729,1.) ;
#1759=VECTOR('Line Direction',#1758,1.) ;
#1764=VECTOR('Line Direction',#1763,1.) ;
#1781=VECTOR('Line Direction',#1780,1.) ;
#1786=VECTOR('Line Direction',#1785,1.) ;
#1815=VECTOR('Line Direction',#1814,1.) ;
#1820=VECTOR('Line Direction',#1819,1.) ;
#1837=VECTOR('Line Direction',#1836,1.) ;
#1854=VECTOR('Line Direction',#1853,1.) ;
#1883=VECTOR('Line Direction',#1882,1.) ;
#1900=VECTOR('Line Direction',#1899,1.) ;
#1917=VECTOR('Line Direction',#1916,1.) ;
#1970=VECTOR('Line Direction',#1969,1.) ;
#1987=VECTOR('Line Direction',#1986,1.) ;
#1994=VECTOR('Line Direction',#1993,1.) ;
#2001=VECTOR('Line Direction',#2000,1.) ;
#2035=VECTOR('Line Direction',#2034,1.) ;
#2061=VECTOR('Line Direction',#2060,1.) ;
#2078=VECTOR('Line Direction',#2077,1.) ;
#2085=VECTOR('Line Direction',#2084,1.) ;
#2092=VECTOR('Line Direction',#2091,1.) ;
#2118=VECTOR('Line Direction',#2117,1.) ;
#2123=VECTOR('Line Direction',#2122,1.) ;
#2140=VECTOR('Line Direction',#2139,1.) ;
#2147=VECTOR('Line Direction',#2146,1.) ;
#2171=VECTOR('Line Direction',#2170,1.) ;
#2188=VECTOR('Line Direction',#2187,1.) ;
#2195=VECTOR('Line Direction',#2194,1.) ;
#2212=VECTOR('Line Direction',#2211,1.) ;
#2221=VECTOR('Line Direction',#2220,1.) ;
#2226=VECTOR('Line Direction',#2225,1.) ;
#2250=VECTOR('Line Direction',#2249,1.) ;
#2267=VECTOR('Line Direction',#2266,1.) ;
#2274=VECTOR('Line Direction',#2273,1.) ;
#2308=VECTOR('Line Direction',#2307,1.) ;
#2315=VECTOR('Line Direction',#2314,1.) ;
#2332=VECTOR('Line Direction',#2331,1.) ;
#2349=VECTOR('Line Direction',#2348,1.) ;
#2356=VECTOR('Line Direction',#2355,1.) ;
#2373=VECTOR('Line Direction',#2372,1.) ;
#2380=VECTOR('Line Direction',#2379,1.) ;
#2397=VECTOR('Line Direction',#2396,1.) ;
#2406=VECTOR('Line Direction',#2405,1.) ;
#2475=VECTOR('Line Direction',#2474,1.) ;
#2492=VECTOR('Line Direction',#2491,1.) ;
#2556=VECTOR('Line Direction',#2555,1.) ;
#2578=VECTOR('Line Direction',#2577,1.) ;
#2600=VECTOR('Line Direction',#2599,1.) ;
#2624=VECTOR('Line Direction',#2623,1.) ;
#2641=VECTOR('Line Direction',#2640,1.) ;
#2650=VECTOR('Line Direction',#2649,1.) ;
#2671=VECTOR('Line Direction',#2670,1.) ;
#2691=VECTOR('Line Direction',#2690,1.) ;
#2698=VECTOR('Line Direction',#2697,1.) ;
#2718=VECTOR('Extrusion Surface Vector',#2717,1.) ;
#2730=VECTOR('Line Direction',#2729,1.) ;
#2748=VECTOR('Extrusion Surface Vector',#2747,1.) ;
#2760=VECTOR('Line Direction',#2759,1.) ;
#2777=VECTOR('Line Direction',#2776,1.) ;
#2782=VECTOR('Line Direction',#2781,1.) ;
#2799=VECTOR('Line Direction',#2798,1.) ;
#2816=VECTOR('Line Direction',#2815,1.) ;
#2833=VECTOR('Line Direction',#2832,1.) ;
#2874=VECTOR('Line Direction',#2873,1.) ;
#2891=VECTOR('Line Direction',#2890,1.) ;
#2908=VECTOR('Line Direction',#2907,1.) ;
#2925=VECTOR('Line Direction',#2924,1.) ;
#2942=VECTOR('Line Direction',#2941,1.) ;
#2959=VECTOR('Line Direction',#2958,1.) ;
#2976=VECTOR('Line Direction',#2975,1.) ;
#2993=VECTOR('Line Direction',#2992,1.) ;
#3010=VECTOR('Line Direction',#3009,1.) ;
#3027=VECTOR('Line Direction',#3026,1.) ;
#3032=VECTOR('Line Direction',#3031,1.) ;
#3049=VECTOR('Line Direction',#3048,1.) ;
#3078=VECTOR('Line Direction',#3077,1.) ;
#3095=VECTOR('Line Direction',#3094,1.) ;
#3102=VECTOR('Line Direction',#3101,1.) ;
#3139=VECTOR('Line Direction',#3138,1.) ;
#3146=VECTOR('Line Direction',#3145,1.) ;
#3165=VECTOR('Line Direction',#3164,1.) ;
#3202=VECTOR('Line Direction',#3201,1.) ;
#3209=VECTOR('Line Direction',#3208,1.) ;
#3230=VECTOR('Line Direction',#3229,1.) ;
#3237=VECTOR('Line Direction',#3236,1.) ;
#3313=VECTOR('Line Direction',#3312,1.) ;
#3330=VECTOR('Line Direction',#3329,1.) ;
#3400=VECTOR('Line Direction',#3399,1.) ;
#3463=VECTOR('Line Direction',#3462,1.) ;
#3470=VECTOR('Line Direction',#3469,1.) ;
#3477=VECTOR('Line Direction',#3476,1.) ;
#3505=VECTOR('Line Direction',#3504,1.) ;
#3512=VECTOR('Line Direction',#3511,1.) ;
#3548=VECTOR('Line Direction',#3547,1.) ;
#3557=VECTOR('Line Direction',#3556,1.) ;
#3562=VECTOR('Line Direction',#3561,1.) ;
#3583=VECTOR('Line Direction',#3582,1.) ;
#3590=VECTOR('Line Direction',#3589,1.) ;
#3614=VECTOR('Line Direction',#3613,1.) ;
#3651=VECTOR('Line Direction',#3650,1.) ;
#3658=VECTOR('Line Direction',#3657,1.) ;
#3684=VECTOR('Line Direction',#3683,1.) ;
#3701=VECTOR('Line Direction',#3700,1.) ;
#3708=VECTOR('Line Direction',#3707,1.) ;
#3796=VECTOR('Line Direction',#3795,1.) ;
#3803=VECTOR('Line Direction',#3802,1.) ;
#3810=VECTOR('Line Direction',#3809,1.) ;
#3831=VECTOR('Extrusion Surface Vector',#3830,1.) ;
#3845=VECTOR('Line Direction',#3844,1.) ;
#3850=VECTOR('Line Direction',#3849,1.) ;
#3867=VECTOR('Line Direction',#3866,1.) ;
#3874=VECTOR('Line Direction',#3873,1.) ;
#3892=VECTOR('Extrusion Surface Vector',#3891,1.) ;
#3914=VECTOR('Line Direction',#3913,1.) ;
#3921=VECTOR('Line Direction',#3920,1.) ;
#3956=VECTOR('Line Direction',#3955,1.) ;
#3982=VECTOR('Line Direction',#3981,1.) ;
#4045=VECTOR('Line Direction',#4044,1.) ;
#4052=VECTOR('Line Direction',#4051,1.) ;
#4072=VECTOR('Line Direction',#4071,1.) ;
#4108=VECTOR('Line Direction',#4107,1.) ;
#4125=VECTOR('Line Direction',#4124,1.) ;
#4130=VECTOR('Line Direction',#4129,1.) ;
#4164=VECTOR('Line Direction',#4163,1.) ;
#4190=VECTOR('Line Direction',#4189,1.) ;
#4216=VECTOR('Line Direction',#4215,1.) ;
#4221=VECTOR('Line Direction',#4220,1.) ;
#4238=VECTOR('Line Direction',#4237,1.) ;
#4245=VECTOR('Line Direction',#4244,1.) ;
#4269=VECTOR('Line Direction',#4268,1.) ;
#4286=VECTOR('Line Direction',#4285,1.) ;
#4303=VECTOR('Line Direction',#4302,1.) ;
#4322=VECTOR('Line Direction',#4321,1.) ;
#4339=VECTOR('Line Direction',#4338,1.) ;
#4348=VECTOR('Line Direction',#4347,1.) ;
#4353=VECTOR('Line Direction',#4352,1.) ;
#4377=VECTOR('Line Direction',#4376,1.) ;
#4394=VECTOR('Line Direction',#4393,1.) ;
#4401=VECTOR('Line Direction',#4400,1.) ;
#4455=VECTOR('Line Direction',#4454,1.) ;
#4460=VECTOR('Line Direction',#4459,1.) ;
#4494=VECTOR('Line Direction',#4493,1.) ;
#4510=VECTOR('Line Direction',#4509,1.) ;
#4534=VECTOR('Line Direction',#4533,1.) ;
#4541=VECTOR('Line Direction',#4540,1.) ;
#4548=VECTOR('Line Direction',#4547,1.) ;
#4572=VECTOR('Line Direction',#4571,1.) ;
#4596=VECTOR('Line Direction',#4595,1.) ;
#4603=VECTOR('Line Direction',#4602,1.) ;
#4610=VECTOR('Line Direction',#4609,1.) ;
#4634=VECTOR('Line Direction',#4633,1.) ;
#4658=VECTOR('Line Direction',#4657,1.) ;
#4665=VECTOR('Line Direction',#4664,1.) ;
#4672=VECTOR('Line Direction',#4671,1.) ;
#4696=VECTOR('Line Direction',#4695,1.) ;
#4720=VECTOR('Line Direction',#4719,1.) ;
#4727=VECTOR('Line Direction',#4726,1.) ;
#4734=VECTOR('Line Direction',#4733,1.) ;
#4758=VECTOR('Line Direction',#4757,1.) ;
#4782=VECTOR('Line Direction',#4781,1.) ;
#4789=VECTOR('Line Direction',#4788,1.) ;
#4796=VECTOR('Line Direction',#4795,1.) ;
#4820=VECTOR('Line Direction',#4819,1.) ;
#4839=VECTOR('Line Direction',#4838,1.) ;
#4846=VECTOR('Line Direction',#4845,1.) ;
#4853=VECTOR('Line Direction',#4852,1.) ;
#4877=VECTOR('Line Direction',#4876,1.) ;
#4901=VECTOR('Line Direction',#4900,1.) ;
#4908=VECTOR('Line Direction',#4907,1.) ;
#4915=VECTOR('Line Direction',#4914,1.) ;
#4939=VECTOR('Line Direction',#4938,1.) ;
#4963=VECTOR('Line Direction',#4962,1.) ;
#4970=VECTOR('Line Direction',#4969,1.) ;
#4977=VECTOR('Line Direction',#4976,1.) ;
#5001=VECTOR('Line Direction',#5000,1.) ;
#5025=VECTOR('Line Direction',#5024,1.) ;
#5032=VECTOR('Line Direction',#5031,1.) ;
#5039=VECTOR('Line Direction',#5038,1.) ;
#5063=VECTOR('Line Direction',#5062,1.) ;
#5087=VECTOR('Line Direction',#5086,1.) ;
#5094=VECTOR('Line Direction',#5093,1.) ;
#5101=VECTOR('Line Direction',#5100,1.) ;
#5125=VECTOR('Line Direction',#5124,1.) ;
#5149=VECTOR('Line Direction',#5148,1.) ;
#5156=VECTOR('Line Direction',#5155,1.) ;
#5163=VECTOR('Line Direction',#5162,1.) ;
#5187=VECTOR('Line Direction',#5186,1.) ;
#5218=VECTOR('Line Direction',#5217,1.) ;
#5242=VECTOR('Line Direction',#5241,1.) ;
#5249=VECTOR('Line Direction',#5248,1.) ;
#5256=VECTOR('Line Direction',#5255,1.) ;
#5280=VECTOR('Line Direction',#5279,1.) ;
#5299=VECTOR('Line Direction',#5298,1.) ;
#5306=VECTOR('Line Direction',#5305,1.) ;
#5313=VECTOR('Line Direction',#5312,1.) ;
#5337=VECTOR('Line Direction',#5336,1.) ;
#5361=VECTOR('Line Direction',#5360,1.) ;
#5368=VECTOR('Line Direction',#5367,1.) ;
#5375=VECTOR('Line Direction',#5374,1.) ;
#5399=VECTOR('Line Direction',#5398,1.) ;
#5430=VECTOR('Line Direction',#5429,1.) ;
#5454=VECTOR('Line Direction',#5453,1.) ;
#5461=VECTOR('Line Direction',#5460,1.) ;
#5468=VECTOR('Line Direction',#5467,1.) ;
#5492=VECTOR('Line Direction',#5491,1.) ;
#5511=VECTOR('Line Direction',#5510,1.) ;
#5518=VECTOR('Line Direction',#5517,1.) ;
#5525=VECTOR('Line Direction',#5524,1.) ;
#5549=VECTOR('Line Direction',#5548,1.) ;
#5573=VECTOR('Line Direction',#5572,1.) ;
#5580=VECTOR('Line Direction',#5579,1.) ;
#5587=VECTOR('Line Direction',#5586,1.) ;
#5611=VECTOR('Line Direction',#5610,1.) ;
#5630=VECTOR('Line Direction',#5629,1.) ;
#5637=VECTOR('Line Direction',#5636,1.) ;
#5644=VECTOR('Line Direction',#5643,1.) ;
#5668=VECTOR('Line Direction',#5667,1.) ;
#5692=VECTOR('Line Direction',#5691,1.) ;
#5699=VECTOR('Line Direction',#5698,1.) ;
#5706=VECTOR('Line Direction',#5705,1.) ;
#5730=VECTOR('Line Direction',#5729,1.) ;
#5754=VECTOR('Line Direction',#5753,1.) ;
#5759=VECTOR('Line Direction',#5758,1.) ;
#32=DIRECTION('Axis2P3D Direction',(-2.59207356376E-006,-0.999999999987,-4.48960327049E-006)) ;
#33=DIRECTION('Axis2P3D XDirection',(0.500000026916,2.59207356376E-006,-0.866025388241)) ;
#37=DIRECTION('Vector Direction',(0.866025388241,-4.48960327007E-006,0.500000026902)) ;
#46=DIRECTION('Vector Direction',(0.500000026916,2.59207356399E-006,-0.866025388241)) ;
#53=DIRECTION('Vector Direction',(0.866025388241,-4.48960327007E-006,0.500000026902)) ;
#60=DIRECTION('Vector Direction',(0.500000026916,2.59207356399E-006,-0.866025388241)) ;
#72=DIRECTION('Axis2P3D Direction',(0.433011429165,-0.499997755192,-0.75000223134)) ;
#73=DIRECTION('Axis2P3D XDirection',(0.250002258259,0.86602669981,-0.43300880601)) ;
#77=DIRECTION('Vector Direction',(0.250002258259,0.86602669981,-0.43300880601)) ;
#84=DIRECTION('Vector Direction',(0.866025388241,-4.48960327007E-006,0.500000026902)) ;
#91=DIRECTION('Vector Direction',(0.250002258259,0.86602669981,-0.43300880601)) ;
#103=DIRECTION('Axis2P3D Direction',(0.433014021239,0.500002244795,-0.749997741737)) ;
#104=DIRECTION('Axis2P3D XDirection',(-0.249997768656,0.866024107736,0.433016582231)) ;
#108=DIRECTION('Vector Direction',(-0.249997768656,0.866024107736,0.433016582231)) ;
#115=DIRECTION('Vector Direction',(0.866025388241,-4.48960327007E-006,0.500000026902)) ;
#122=DIRECTION('Vector Direction',(-0.249997768656,0.866024107736,0.433016582231)) ;
#134=DIRECTION('Axis2P3D Direction',(2.59207356376E-006,0.999999999987,4.48960327049E-006)) ;
#135=DIRECTION('Axis2P3D XDirection',(-0.500000026916,-2.59207356376E-006,0.866025388241)) ;
#139=DIRECTION('Vector Direction',(-0.500000026916,-2.59207356399E-006,0.866025388241)) ;
#146=DIRECTION('Vector Direction',(0.866025388241,-4.48960327007E-006,0.500000026902)) ;
#153=DIRECTION('Vector Direction',(-0.500000026916,-2.59207356399E-006,0.866025388241)) ;
#165=DIRECTION('Axis2P3D Direction',(-0.433011429165,0.499997755192,0.75000223134)) ;
#166=DIRECTION('Axis2P3D XDirection',(-0.250002258259,-0.86602669981,0.43300880601)) ;
#170=DIRECTION('Vector Direction',(-0.250002258259,-0.86602669981,0.43300880601)) ;
#177=DIRECTION('Vector Direction',(0.866025388241,-4.48960327007E-006,0.500000026902)) ;
#184=DIRECTION('Vector Direction',(-0.250002258259,-0.86602669981,0.43300880601)) ;
#196=DIRECTION('Axis2P3D Direction',(-0.433014021239,-0.500002244795,0.749997741737)) ;
#197=DIRECTION('Axis2P3D XDirection',(0.249997768656,-0.866024107736,-0.433016582231)) ;
#201=DIRECTION('Vector Direction',(0.249997768656,-0.866024107736,-0.433016582231)) ;
#206=DIRECTION('Vector Direction',(0.249997768656,-0.866024107736,-0.433016582231)) ;
#218=DIRECTION('Axis2P3D Direction',(0.866025388241,-4.48960327049E-006,0.500000026902)) ;
#219=DIRECTION('Axis2P3D XDirection',(0.500000026916,2.59207356376E-006,-0.866025388241)) ;
#223=DIRECTION('Axis2P3D Direction',(0.866025388241,-4.48960327049E-006,0.500000026902)) ;
#232=DIRECTION('Vector Direction',(0.866025388241,-4.48960327216E-006,0.500000026902)) ;
#239=DIRECTION('Axis2P3D Direction',(0.866025388241,-4.48960327049E-006,0.500000026902)) ;
#246=DIRECTION('Vector Direction',(0.866025388241,-4.48960327216E-006,0.500000026902)) ;
#258=DIRECTION('Axis2P3D Direction',(0.866025388241,-4.48960327049E-006,0.500000026902)) ;
#263=DIRECTION('Axis2P3D Direction',(0.866025388241,-4.48960327049E-006,0.500000026902)) ;
#275=DIRECTION('Axis2P3D Direction',(0.866025388241,-4.48960327049E-006,0.500000026902)) ;
#276=DIRECTION('Axis2P3D XDirection',(0.500000026916,2.59207356376E-006,-0.866025388241)) ;
#293=DIRECTION('Axis2P3D Direction',(0.866025388241,-4.48960327049E-006,0.500000026902)) ;
#294=DIRECTION('Axis2P3D XDirection',(0.500000026916,2.59207356376E-006,-0.866025388241)) ;
#316=DIRECTION('Axis2P3D Direction',(-2.59207356376E-006,-0.999999999987,-4.48960327049E-006)) ;
#317=DIRECTION('Axis2P3D XDirection',(0.500000026916,2.59207356376E-006,-0.866025388241)) ;
#321=DIRECTION('Vector Direction',(0.866025388241,-4.48960327007E-006,0.500000026902)) ;
#330=DIRECTION('Vector Direction',(0.500000026916,2.59207356399E-006,-0.866025388241)) ;
#337=DIRECTION('Vector Direction',(0.866025388241,-4.48960327007E-006,0.500000026902)) ;
#344=DIRECTION('Vector Direction',(0.500000026916,2.59207356399E-006,-0.866025388241)) ;
#356=DIRECTION('Axis2P3D Direction',(0.433011429165,-0.499997755192,-0.75000223134)) ;
#357=DIRECTION('Axis2P3D XDirection',(0.250002258259,0.86602669981,-0.43300880601)) ;
#361=DIRECTION('Vector Direction',(0.250002258259,0.86602669981,-0.43300880601)) ;
#368=DIRECTION('Vector Direction',(0.866025388241,-4.48960327007E-006,0.500000026902)) ;
#375=DIRECTION('Vector Direction',(0.250002258259,0.86602669981,-0.43300880601)) ;
#387=DIRECTION('Axis2P3D Direction',(0.433014021239,0.500002244795,-0.749997741737)) ;
#388=DIRECTION('Axis2P3D XDirection',(-0.249997768656,0.866024107736,0.433016582231)) ;
#392=DIRECTION('Vector Direction',(-0.249997768656,0.866024107736,0.433016582231)) ;
#399=DIRECTION('Vector Direction',(0.866025388241,-4.48960327007E-006,0.500000026902)) ;
#406=DIRECTION('Vector Direction',(-0.249997768656,0.866024107736,0.433016582231)) ;
#418=DIRECTION('Axis2P3D Direction',(2.59207356376E-006,0.999999999987,4.48960327049E-006)) ;
#419=DIRECTION('Axis2P3D XDirection',(-0.500000026916,-2.59207356376E-006,0.866025388241)) ;
#423=DIRECTION('Vector Direction',(-0.500000026916,-2.59207356399E-006,0.866025388241)) ;
#430=DIRECTION('Vector Direction',(0.866025388241,-4.48960327007E-006,0.500000026902)) ;
#437=DIRECTION('Vector Direction',(-0.500000026916,-2.59207356399E-006,0.866025388241)) ;
#449=DIRECTION('Axis2P3D Direction',(-0.433011429165,0.499997755192,0.75000223134)) ;
#450=DIRECTION('Axis2P3D XDirection',(-0.250002258259,-0.86602669981,0.43300880601)) ;
#454=DIRECTION('Vector Direction',(-0.250002258259,-0.86602669981,0.43300880601)) ;
#461=DIRECTION('Vector Direction',(0.866025388241,-4.48960327007E-006,0.500000026902)) ;
#468=DIRECTION('Vector Direction',(-0.250002258259,-0.86602669981,0.43300880601)) ;
#480=DIRECTION('Axis2P3D Direction',(-0.433014021239,-0.500002244795,0.749997741737)) ;
#481=DIRECTION('Axis2P3D XDirection',(0.249997768656,-0.866024107736,-0.433016582231)) ;
#485=DIRECTION('Vector Direction',(0.249997768656,-0.866024107736,-0.433016582231)) ;
#490=DIRECTION('Vector Direction',(0.249997768656,-0.866024107736,-0.433016582231)) ;
#502=DIRECTION('Axis2P3D Direction',(0.866025388241,-4.48960327049E-006,0.500000026902)) ;
#503=DIRECTION('Axis2P3D XDirection',(0.500000026916,2.59207356376E-006,-0.866025388241)) ;
#507=DIRECTION('Axis2P3D Direction',(0.866025388241,-4.48960327049E-006,0.500000026902)) ;
#516=DIRECTION('Vector Direction',(0.866025388241,-4.48960327216E-006,0.500000026902)) ;
#523=DIRECTION('Axis2P3D Direction',(0.866025388241,-4.48960327049E-006,0.500000026902)) ;
#530=DIRECTION('Vector Direction',(0.866025388241,-4.48960327216E-006,0.500000026902)) ;
#542=DIRECTION('Axis2P3D Direction',(0.866025388241,-4.48960327049E-006,0.500000026902)) ;
#547=DIRECTION('Axis2P3D Direction',(0.866025388241,-4.48960327049E-006,0.500000026902)) ;
#559=DIRECTION('Axis2P3D Direction',(0.866025388241,-4.48960327049E-006,0.500000026902)) ;
#560=DIRECTION('Axis2P3D XDirection',(0.500000026916,2.59207356376E-006,-0.866025388241)) ;
#577=DIRECTION('Axis2P3D Direction',(0.866025388241,-4.48960327049E-006,0.500000026902)) ;
#578=DIRECTION('Axis2P3D XDirection',(0.500000026916,2.59207356376E-006,-0.866025388241)) ;
#605=DIRECTION('Axis2P3D Direction',(-0.866025399927,4.48960334218E-006,-0.50000000666)) ;
#606=DIRECTION('Axis2P3D XDirection',(4.48960334409E-006,0.999999999989,1.20298560509E-006)) ;
#610=DIRECTION('Vector Direction',(-0.866025399927,4.48960334218E-006,-0.50000000666)) ;
#619=DIRECTION('Axis2P3D Direction',(-0.866025399927,4.48960334218E-006,-0.50000000666)) ;
#626=DIRECTION('Vector Direction',(-0.866025399927,4.48960334218E-006,-0.50000000666)) ;
#633=DIRECTION('Axis2P3D Direction',(-0.866025399927,4.48960334218E-006,-0.50000000666)) ;
#645=DIRECTION('Axis2P3D Direction',(-0.866025399927,4.48960334218E-006,-0.50000000666)) ;
#650=DIRECTION('Axis2P3D Direction',(-0.866025399927,4.48960334218E-006,-0.50000000666)) ;
#662=DIRECTION('Axis2P3D Direction',(0.866025399927,-4.48960334218E-006,0.50000000666)) ;
#663=DIRECTION('Axis2P3D XDirection',(4.48960334218E-006,0.999999999989,1.20298560838E-006)) ;
#667=DIRECTION('Vector Direction',(-0.50000000666,1.20298560802E-006,0.866025399938)) ;
#676=DIRECTION('Axis2P3D Direction',(0.866025399927,-4.48960334218E-006,0.50000000666)) ;
#683=DIRECTION('Vector Direction',(-4.4896033426E-006,-0.999999999989,-1.20298560733E-006)) ;
#690=DIRECTION('Axis2P3D Direction',(0.866025399927,-4.48960334218E-006,0.50000000666)) ;
#697=DIRECTION('Vector Direction',(-0.500000006665,0.,0.866025399936)) ;
#704=DIRECTION('Vector Direction',(4.4896033422E-006,0.999999999989,1.20298560848E-006)) ;
#711=DIRECTION('Vector Direction',(0.500000006665,-7.1054914715E-015,-0.866025399936)) ;
#718=DIRECTION('Axis2P3D Direction',(0.866025399927,-4.48960334218E-006,0.50000000666)) ;
#725=DIRECTION('Vector Direction',(-4.48960334234E-006,-0.999999999989,-1.20298560838E-006)) ;
#732=DIRECTION('Axis2P3D Direction',(0.866025399927,-4.48960334218E-006,0.50000000666)) ;
#739=DIRECTION('Vector Direction',(0.50000000666,-1.20298560802E-006,-0.866025399938)) ;
#746=DIRECTION('Axis2P3D Direction',(0.866025399927,-4.48960334218E-006,0.50000000666)) ;
#753=DIRECTION('Vector Direction',(4.48960334217E-006,0.999999999989,1.20298560832E-006)) ;
#760=DIRECTION('Axis2P3D Direction',(0.866025399927,-4.48960334218E-006,0.50000000666)) ;
#767=DIRECTION('Vector Direction',(0.500000006665,-1.13845170371E-016,-0.866025399936)) ;
#774=DIRECTION('Vector Direction',(0.,-0.99999999996,-8.97920656435E-006)) ;
#781=DIRECTION('Vector Direction',(-0.500000006665,-5.69228473232E-017,0.866025399936)) ;
#788=DIRECTION('Axis2P3D Direction',(0.866025399927,-4.48960334218E-006,0.50000000666)) ;
#795=DIRECTION('Vector Direction',(4.48960334208E-006,0.999999999989,1.20298560821E-006)) ;
#802=DIRECTION('Axis2P3D Direction',(0.866025399927,-4.48960334218E-006,0.50000000666)) ;
#833=DIRECTION('Axis2P3D Direction',(0.866025399927,-4.48960334218E-006,0.50000000666)) ;
#842=DIRECTION('Axis2P3D Direction',(0.866025399927,-4.48960334218E-006,0.50000000666)) ;
#852=DIRECTION('Axis2P3D Direction',(0.866025399927,-4.48960334218E-006,0.50000000666)) ;
#853=DIRECTION('Axis2P3D XDirection',(4.48960334218E-006,0.999999999989,1.20298560838E-006)) ;
#869=DIRECTION('Vector Direction',(4.48960334215E-006,0.999999999989,1.20298560839E-006)) ;
#914=DIRECTION('Vector Direction',(4.48960334215E-006,0.999999999989,1.20298560839E-006)) ;
#931=DIRECTION('Vector Direction',(-0.50000000666,1.20298560839E-006,0.866025399938)) ;
#948=DIRECTION('Vector Direction',(4.48960334215E-006,0.999999999989,1.20298560839E-006)) ;
#971=DIRECTION('Vector Direction',(4.48960334215E-006,0.999999999989,1.20298560839E-006)) ;
#994=DIRECTION('Vector Direction',(4.48960334215E-006,0.999999999989,1.20298560839E-006)) ;
#1011=DIRECTION('Vector Direction',(-0.50000000666,1.20298560839E-006,0.866025399938)) ;
#1085=DIRECTION('Axis2P3D Direction',(0.,0.,1.)) ;
#1086=DIRECTION('Axis2P3D XDirection',(1.,0.,0.)) ;
#1132=DIRECTION('Vector Direction',(1.,0.,0.)) ;
#1149=DIRECTION('Vector Direction',(0.,1.,0.)) ;
#1208=DIRECTION('Vector Direction',(1.,0.,0.)) ;
#1236=DIRECTION('Vector Direction',(1.,0.,0.)) ;
#1323=DIRECTION('Axis2P3D Direction',(0.,0.,1.)) ;
#1324=DIRECTION('Axis2P3D XDirection',(0.258814708476,-0.965926988274,0.)) ;
#1328=DIRECTION('Vector Direction',(0.,0.,1.)) ;
#1335=DIRECTION('Vector Direction',(0.,0.,1.)) ;
#1342=DIRECTION('Axis2P3D Direction',(0.,0.,1.)) ;
#1354=DIRECTION('Axis2P3D Direction',(4.48960334091E-006,0.99999999999,0.)) ;
#1355=DIRECTION('Axis2P3D XDirection',(0.99999999999,-4.48960334091E-006,0.)) ;
#1359=DIRECTION('Vector Direction',(-0.99999999999,4.48960334092E-006,0.)) ;
#1366=DIRECTION('Vector Direction',(0.,0.,-1.)) ;
#1378=DIRECTION('Axis2P3D Direction',(2.40597118064E-006,0.999999999997,1.65476341753E-014)) ;
#1379=DIRECTION('Axis2P3D XDirection',(-0.923879530301,2.22282753062E-006,-0.382683437695)) ;
#1383=DIRECTION('Axis2P3D Direction',(2.40597118064E-006,0.999999999997,1.65476341753E-014)) ;
#1390=DIRECTION('Axis2P3D Direction',(2.40597118064E-006,0.999999999997,1.65476341753E-014)) ;
#1397=DIRECTION('Vector Direction',(0.50000000666,-1.20298559239E-006,-0.866025399938)) ;
#1409=DIRECTION('Axis2P3D Direction',(2.40597118553E-006,0.999999999997,2.61825930809E-016)) ;
#1410=DIRECTION('Axis2P3D XDirection',(0.50000000666,-1.20298560856E-006,-0.866025399938)) ;
#1414=DIRECTION('Vector Direction',(2.40597118539E-006,0.999999999997,0.)) ;
#1421=DIRECTION('Axis2P3D Direction',(2.40597118553E-006,0.999999999997,2.61825930809E-016)) ;
#1433=DIRECTION('Axis2P3D Direction',(-2.40597119147E-006,-0.999999999997,3.64056560675E-016)) ;
#1434=DIRECTION('Axis2P3D XDirection',(-0.258819793598,6.22712967533E-007,0.96592562573)) ;
#1438=DIRECTION('Axis2P3D Direction',(-2.40597119147E-006,-0.999999999997,3.64056560675E-016)) ;
#1447=DIRECTION('Vector Direction',(0.50000000666,-1.20298561228E-006,-0.866025399938)) ;
#1452=DIRECTION('Vector Direction',(0.,-2.84217094304E-015,-1.)) ;
#1464=DIRECTION('Axis2P3D Direction',(-4.489603341E-006,-0.99999999999,-0.)) ;
#1465=DIRECTION('Axis2P3D XDirection',(-0.99999999999,4.489603341E-006,0.)) ;
#1469=DIRECTION('Vector Direction',(0.,0.,-1.)) ;
#1476=DIRECTION('Vector Direction',(0.99999999999,-4.489603341E-006,0.)) ;
#1488=DIRECTION('Axis2P3D Direction',(0.,0.,1.)) ;
#1489=DIRECTION('Axis2P3D XDirection',(1.,0.,0.)) ;
#1493=DIRECTION('Vector Direction',(2.40597118595E-006,0.999999999997,0.)) ;
#1498=DIRECTION('Axis2P3D Direction',(0.,0.,1.)) ;
#1505=DIRECTION('Vector Direction',(0.866023158974,-0.500003888106,0.)) ;
#1512=DIRECTION('Axis2P3D Direction',(0.,0.,1.)) ;
#1519=DIRECTION('Vector Direction',(0.99999999999,-4.48960334062E-006,0.)) ;
#1526=DIRECTION('Axis2P3D Direction',(0.,0.,1.)) ;
#1533=DIRECTION('Vector Direction',(0.,1.,0.)) ;
#1540=DIRECTION('Axis2P3D Direction',(0.,0.,1.)) ;
#1547=DIRECTION('Vector Direction',(-1.,0.,0.)) ;
#1554=DIRECTION('Axis2P3D Direction',(0.,0.,1.)) ;
#1561=DIRECTION('Vector Direction',(-0.866027648577,-0.499996111884,0.)) ;
#1582=DIRECTION('Axis2P3D Direction',(0.,0.,1.)) ;
#1591=DIRECTION('Vector Direction',(1.,0.,0.)) ;
#1598=DIRECTION('Axis2P3D Direction',(0.,0.,1.)) ;
#1605=DIRECTION('Vector Direction',(1.,0.,0.)) ;
#1616=DIRECTION('Axis2P3D Direction',(0.,0.,1.)) ;
#1625=DIRECTION('Vector Direction',(0.99999999999,-4.48960335541E-006,0.)) ;
#1632=DIRECTION('Axis2P3D Direction',(0.,0.,1.)) ;
#1639=DIRECTION('Vector Direction',(0.99999999999,-4.48960335541E-006,0.)) ;
#1651=DIRECTION('Axis2P3D Direction',(1.,0.,0.)) ;
#1652=DIRECTION('Axis2P3D XDirection',(0.,-1.,0.)) ;
#1656=DIRECTION('Vector Direction',(0.,0.,-1.)) ;
#1661=DIRECTION('Vector Direction',(0.,0.,-1.)) ;
#1673=DIRECTION('Axis2P3D Direction',(0.,0.,1.)) ;
#1674=DIRECTION('Axis2P3D XDirection',(0.70710519387,-0.707108368499,0.)) ;
#1678=DIRECTION('Vector Direction',(0.,0.,1.)) ;
#1690=DIRECTION('Axis2P3D Direction',(-4.48960334123E-006,-0.99999999999,-0.)) ;
#1691=DIRECTION('Axis2P3D XDirection',(-0.99999999999,4.48960334123E-006,0.)) ;
#1695=DIRECTION('Vector Direction',(0.,0.,-1.)) ;
#1707=DIRECTION('Axis2P3D Direction',(0.,0.,1.)) ;
#1708=DIRECTION('Axis2P3D XDirection',(-0.258823381724,-0.965924664284,-0.)) ;
#1712=DIRECTION('Vector Direction',(0.,0.,1.)) ;
#1724=DIRECTION('Axis2P3D Direction',(-0.500003888106,-0.866023158974,-0.)) ;
#1725=DIRECTION('Axis2P3D XDirection',(-0.866023158974,0.500003888106,0.)) ;
#1729=DIRECTION('Vector Direction',(0.,0.,-1.)) ;
#1741=DIRECTION('Axis2P3D Direction',(0.,0.,1.)) ;
#1742=DIRECTION('Axis2P3D XDirection',(0.258823381724,0.965924664284,0.)) ;
#1753=DIRECTION('Axis2P3D Direction',(-0.,1.,0.)) ;
#1754=DIRECTION('Axis2P3D XDirection',(1.,0.,0.)) ;
#1758=DIRECTION('Vector Direction',(0.,0.,-1.)) ;
#1763=DIRECTION('Vector Direction',(0.,0.,-1.)) ;
#1775=DIRECTION('Axis2P3D Direction',(0.,-1.,0.)) ;
#1776=DIRECTION('Axis2P3D XDirection',(1.,0.,0.)) ;
#1780=DIRECTION('Vector Direction',(0.,0.,-1.)) ;
#1785=DIRECTION('Vector Direction',(0.,0.,-1.)) ;
#1797=DIRECTION('Axis2P3D Direction',(0.,0.,1.)) ;
#1798=DIRECTION('Axis2P3D XDirection',(1.,0.,0.)) ;
#1809=DIRECTION('Axis2P3D Direction',(0.,0.,1.)) ;
#1810=DIRECTION('Axis2P3D XDirection',(-0.99999999999,4.48960335586E-006,0.)) ;
#1814=DIRECTION('Vector Direction',(0.,0.,1.)) ;
#1819=DIRECTION('Vector Direction',(0.,0.,1.)) ;
#1831=DIRECTION('Axis2P3D Direction',(4.48960334404E-006,0.99999999999,0.)) ;
#1832=DIRECTION('Axis2P3D XDirection',(0.99999999999,-4.48960334404E-006,0.)) ;
#1836=DIRECTION('Vector Direction',(0.,0.,-1.)) ;
#1848=DIRECTION('Axis2P3D Direction',(-4.48960336678E-006,-0.99999999999,0.)) ;
#1849=DIRECTION('Axis2P3D XDirection',(0.99999999999,-4.48960336678E-006,0.)) ;
#1853=DIRECTION('Vector Direction',(0.,0.,-1.)) ;
#1865=DIRECTION('Axis2P3D Direction',(0.,0.,1.)) ;
#1866=DIRECTION('Axis2P3D XDirection',(0.99999999999,-4.48960335416E-006,0.)) ;
#1877=DIRECTION('Axis2P3D Direction',(-0.499996111884,0.866027648577,0.)) ;
#1878=DIRECTION('Axis2P3D XDirection',(0.866027648577,0.499996111884,0.)) ;
#1882=DIRECTION('Vector Direction',(0.,0.,-1.)) ;
#1894=DIRECTION('Axis2P3D Direction',(0.,0.,1.)) ;
#1895=DIRECTION('Axis2P3D XDirection',(0.707106781187,0.707106781187,0.)) ;
#1899=DIRECTION('Vector Direction',(0.,0.,1.)) ;
#1911=DIRECTION('Axis2P3D Direction',(0.,0.,1.)) ;
#1912=DIRECTION('Axis2P3D XDirection',(-0.25881687679,0.965926407284,0.)) ;
#1916=DIRECTION('Vector Direction',(0.,0.,1.)) ;
#1928=DIRECTION('Axis2P3D Direction',(-0.,1.,0.)) ;
#1929=DIRECTION('Axis2P3D XDirection',(1.,0.,0.)) ;
#1940=DIRECTION('Axis2P3D Direction',(0.,0.,1.)) ;
#1941=DIRECTION('Axis2P3D XDirection',(-1.,1.22464679915E-016,0.)) ;
#1952=DIRECTION('Axis2P3D Direction',(1.,0.,0.)) ;
#1953=DIRECTION('Axis2P3D XDirection',(0.,1.,0.)) ;
#1969=DIRECTION('Vector Direction',(0.,0.,1.)) ;
#1986=DIRECTION('Vector Direction',(0.,1.,0.)) ;
#1993=DIRECTION('Vector Direction',(0.,0.,1.)) ;
#2000=DIRECTION('Vector Direction',(0.,1.,0.)) ;
#2034=DIRECTION('Vector Direction',(0.,1.,0.)) ;
#2060=DIRECTION('Vector Direction',(0.,1.,0.)) ;
#2072=DIRECTION('Axis2P3D Direction',(0.50000000666,-1.20298560867E-006,-0.866025399938)) ;
#2073=DIRECTION('Axis2P3D XDirection',(-4.48960334232E-006,-0.999999999989,-1.20298560814E-006)) ;
#2077=DIRECTION('Vector Direction',(0.866025399927,-4.48960334175E-006,0.50000000666)) ;
#2084=DIRECTION('Vector Direction',(0.866025399927,-4.48960334223E-006,0.50000000666)) ;
#2091=DIRECTION('Vector Direction',(4.48960334244E-006,0.999999999989,1.20298560848E-006)) ;
#2103=DIRECTION('Axis2P3D Direction',(1.,0.,0.)) ;
#2104=DIRECTION('Axis2P3D XDirection',(0.,0.707106781187,-0.707106781187)) ;
#2108=DIRECTION('Axis2P3D Direction',(1.,0.,0.)) ;
#2117=DIRECTION('Vector Direction',(1.,0.,0.)) ;
#2122=DIRECTION('Vector Direction',(1.,0.,0.)) ;
#2134=DIRECTION('Axis2P3D Direction',(0.,-1.,0.)) ;
#2135=DIRECTION('Axis2P3D XDirection',(0.,0.,-1.)) ;
#2139=DIRECTION('Vector Direction',(1.,0.,0.)) ;
#2146=DIRECTION('Vector Direction',(0.,0.,-1.)) ;
#2158=DIRECTION('Axis2P3D Direction',(1.,0.,0.)) ;
#2159=DIRECTION('Axis2P3D XDirection',(0.,0.707106781187,0.707106781187)) ;
#2163=DIRECTION('Axis2P3D Direction',(1.,0.,0.)) ;
#2170=DIRECTION('Vector Direction',(1.,0.,0.)) ;
#2182=DIRECTION('Axis2P3D Direction',(0.,0.,-1.)) ;
#2183=DIRECTION('Axis2P3D XDirection',(0.,1.,0.)) ;
#2187=DIRECTION('Vector Direction',(1.,0.,0.)) ;
#2194=DIRECTION('Vector Direction',(0.,1.,0.)) ;
#2206=DIRECTION('Axis2P3D Direction',(0.,0.,-1.)) ;
#2207=DIRECTION('Axis2P3D XDirection',(0.,1.,0.)) ;
#2211=DIRECTION('Vector Direction',(0.,1.,0.)) ;
#2220=DIRECTION('Vector Direction',(1.,0.,0.)) ;
#2225=DIRECTION('Vector Direction',(-1.,0.,0.)) ;
#2237=DIRECTION('Axis2P3D Direction',(1.,0.,0.)) ;
#2238=DIRECTION('Axis2P3D XDirection',(-0.,-1.83697019872E-016,-1.)) ;
#2242=DIRECTION('Axis2P3D Direction',(1.,0.,0.)) ;
#2249=DIRECTION('Vector Direction',(1.,0.,0.)) ;
#2261=DIRECTION('Axis2P3D Direction',(-0.,0.,1.)) ;
#2262=DIRECTION('Axis2P3D XDirection',(0.,-1.,0.)) ;
#2266=DIRECTION('Vector Direction',(0.,-1.,0.)) ;
#2273=DIRECTION('Vector Direction',(1.,0.,0.)) ;
#2285=DIRECTION('Axis2P3D Direction',(1.,0.,0.)) ;
#2286=DIRECTION('Axis2P3D XDirection',(0.,-3.82856869893E-016,1.)) ;
#2290=DIRECTION('Axis2P3D Direction',(1.,0.,0.)) ;
#2302=DIRECTION('Axis2P3D Direction',(4.48960334232E-006,0.999999999989,1.20298560814E-006)) ;
#2303=DIRECTION('Axis2P3D XDirection',(0.99999999999,-4.48960334232E-006,-5.40092820712E-012)) ;
#2307=DIRECTION('Vector Direction',(-0.866025399927,4.48960334195E-006,-0.50000000666)) ;
#2314=DIRECTION('Vector Direction',(0.50000000666,-1.20298561086E-006,-0.866025399938)) ;
#2326=DIRECTION('Axis2P3D Direction',(2.40597118553E-006,0.999999999997,2.61825930809E-016)) ;
#2327=DIRECTION('Axis2P3D XDirection',(-0.258819048817,6.22711173468E-007,0.965925825294)) ;
#2331=DIRECTION('Vector Direction',(2.4059711856E-006,0.999999999997,0.)) ;
#2343=DIRECTION('Axis2P3D Direction',(4.48960334232E-006,0.999999999989,1.20298560814E-006)) ;
#2344=DIRECTION('Axis2P3D XDirection',(0.99999999999,-4.48960334232E-006,-5.40092820712E-012)) ;
#2348=DIRECTION('Vector Direction',(0.50000000666,-1.2029856066E-006,-0.866025399938)) ;
#2355=DIRECTION('Vector Direction',(-0.866025399927,4.48960334262E-006,-0.50000000666)) ;
#2367=DIRECTION('Axis2P3D Direction',(-0.,0.,1.)) ;
#2368=DIRECTION('Axis2P3D XDirection',(0.,-1.,0.)) ;
#2372=DIRECTION('Vector Direction',(0.,-1.,0.)) ;
#2379=DIRECTION('Vector Direction',(1.,0.,0.)) ;
#2391=DIRECTION('Axis2P3D Direction',(0.,0.,-1.)) ;
#2392=DIRECTION('Axis2P3D XDirection',(0.866025403784,-0.5,-0.)) ;
#2396=DIRECTION('Vector Direction',(0.,0.,-1.)) ;
#2405=DIRECTION('Vector Direction',(0.,0.,-1.)) ;
#2412=DIRECTION('Axis2P3D Direction',(0.,0.,-1.)) ;
#2417=DIRECTION('Axis2P3D Direction',(0.,0.,-1.)) ;
#2440=DIRECTION('Axis2P3D Direction',(4.48960334269E-006,0.999999999989,1.20298560841E-006)) ;
#2441=DIRECTION('Axis2P3D XDirection',(0.866025399927,-4.48960334263E-006,0.50000000666)) ;
#2445=DIRECTION('Axis2P3D Direction',(4.48960334269E-006,0.999999999989,1.20298560841E-006)) ;
#2450=DIRECTION('Axis2P3D Direction',(4.48960334269E-006,0.999999999989,1.20298560841E-006)) ;
#2462=DIRECTION('Axis2P3D Direction',(0.,0.,-1.)) ;
#2463=DIRECTION('Axis2P3D XDirection',(0.258819045103,0.965925826289,0.)) ;
#2467=DIRECTION('Axis2P3D Direction',(0.,0.,-1.)) ;
#2474=DIRECTION('Vector Direction',(0.836738544341,-0.54760260081,0.)) ;
#2486=DIRECTION('Axis2P3D Direction',(1.,0.,0.)) ;
#2487=DIRECTION('Axis2P3D XDirection',(0.,1.,0.)) ;
#2491=DIRECTION('Vector Direction',(0.,0.,-1.)) ;
#2550=DIRECTION('Axis2P3D Direction',(4.489603343E-006,0.999999999989,1.20298560837E-006)) ;
#2551=DIRECTION('Axis2P3D XDirection',(0.130526199849,6.06683035326E-007,-0.991444860369)) ;
#2555=DIRECTION('Vector Direction',(0.866025399927,-4.48960334296E-006,0.50000000666)) ;
#2560=DIRECTION('Axis2P3D Direction',(4.489603343E-006,0.999999999989,1.20298560837E-006)) ;
#2572=DIRECTION('Axis2P3D Direction',(0.50000000666,-1.20298560867E-006,-0.866025399938)) ;
#2573=DIRECTION('Axis2P3D XDirection',(-4.48960334232E-006,-0.999999999989,-1.20298560814E-006)) ;
#2577=DIRECTION('Vector Direction',(-4.48960334233E-006,-0.999999999989,-1.20298560831E-006)) ;
#2589=DIRECTION('Axis2P3D Direction',(4.4896033448E-006,0.999999999989,1.20298560788E-006)) ;
#2590=DIRECTION('Axis2P3D XDirection',(0.130526199849,6.06683034612E-007,-0.991444860369)) ;
#2594=DIRECTION('Axis2P3D Direction',(4.4896033448E-006,0.999999999989,1.20298560788E-006)) ;
#2599=DIRECTION('Vector Direction',(0.866025399927,-4.48960334438E-006,0.50000000666)) ;
#2611=DIRECTION('Axis2P3D Direction',(0.,0.,-1.)) ;
#2612=DIRECTION('Axis2P3D XDirection',(0.258819045103,0.965925826289,0.)) ;
#2616=DIRECTION('Axis2P3D Direction',(0.,0.,-1.)) ;
#2623=DIRECTION('Vector Direction',(-0.5,0.866025403784,0.)) ;
#2635=DIRECTION('Axis2P3D Direction',(-0.5,0.866025403784,0.)) ;
#2636=DIRECTION('Axis2P3D XDirection',(0.,0.,1.)) ;
#2640=DIRECTION('Vector Direction',(0.,0.,1.)) ;
#2649=DIRECTION('Vector Direction',(0.866025403784,0.5,0.)) ;
#2670=DIRECTION('Vector Direction',(0.,0.,1.)) ;
#2685=DIRECTION('Axis2P3D Direction',(0.,0.,-1.)) ;
#2686=DIRECTION('Axis2P3D XDirection',(-1.,0.,0.)) ;
#2690=DIRECTION('Vector Direction',(0.,0.,-1.)) ;
#2697=DIRECTION('Vector Direction',(0.,0.,-1.)) ;
#2717=DIRECTION('Vector Direction',(-0.5,0.866025403784,0.)) ;
#2729=DIRECTION('Vector Direction',(-0.5,0.866025403784,0.)) ;
#2747=DIRECTION('Vector Direction',(-0.5,0.866025403784,0.)) ;
#2759=DIRECTION('Vector Direction',(-0.5,0.866025403784,0.)) ;
#2771=DIRECTION('Axis2P3D Direction',(4.48960334168E-006,0.999999999989,1.20298560797E-006)) ;
#2772=DIRECTION('Axis2P3D XDirection',(0.50000000666,-1.20298560849E-006,-0.866025399938)) ;
#2776=DIRECTION('Vector Direction',(0.866025399927,-4.48960334154E-006,0.50000000666)) ;
#2781=DIRECTION('Vector Direction',(0.866025399927,-4.48960334154E-006,0.50000000666)) ;
#2793=DIRECTION('Axis2P3D Direction',(0.866025399927,-4.48960334218E-006,0.50000000666)) ;
#2794=DIRECTION('Axis2P3D XDirection',(-0.353550220674,0.707107631818,0.612373283615)) ;
#2798=DIRECTION('Vector Direction',(0.866025399927,-4.48960334154E-006,0.50000000666)) ;
#2810=DIRECTION('Axis2P3D Direction',(-0.50000000666,1.20298560841E-006,0.866025399938)) ;
#2811=DIRECTION('Axis2P3D XDirection',(4.48960334216E-006,0.999999999989,1.20298560835E-006)) ;
#2815=DIRECTION('Vector Direction',(0.866025399927,-4.48960334154E-006,0.50000000666)) ;
#2827=DIRECTION('Axis2P3D Direction',(0.866025399927,-4.48960334218E-006,0.50000000666)) ;
#2828=DIRECTION('Axis2P3D XDirection',(0.353550433336,-0.707107206499,-0.612373651952)) ;
#2832=DIRECTION('Vector Direction',(0.866025399927,-4.48960334255E-006,0.50000000666)) ;
#2844=DIRECTION('Axis2P3D Direction',(3.8881105297E-006,0.99999999999,2.2448017002E-006)) ;
#2845=DIRECTION('Axis2P3D XDirection',(0.500000006665,-5.68434188673E-016,-0.866025399936)) ;
#2856=DIRECTION('Axis2P3D Direction',(4.48960334269E-006,0.999999999989,1.20298560841E-006)) ;
#2857=DIRECTION('Axis2P3D XDirection',(-0.965925828271,4.02526824993E-006,0.258819037673)) ;
#2868=DIRECTION('Axis2P3D Direction',(-3.88811052913E-006,-0.99999999999,-2.24480170119E-006)) ;
#2869=DIRECTION('Axis2P3D XDirection',(-0.500000006665,-5.68434188608E-016,0.866025399936)) ;
#2873=DIRECTION('Vector Direction',(0.866025399927,-4.48960334154E-006,0.50000000666)) ;
#2885=DIRECTION('Axis2P3D Direction',(0.866025399927,-4.48960334218E-006,0.50000000666)) ;
#2886=DIRECTION('Axis2P3D XDirection',(0.353556357274,0.70710635586,-0.612371213999)) ;
#2890=DIRECTION('Vector Direction',(0.866025399927,-4.48960334154E-006,0.50000000666)) ;
#2902=DIRECTION('Axis2P3D Direction',(-0.50000000666,1.20298560835E-006,0.866025399938)) ;
#2903=DIRECTION('Axis2P3D XDirection',(4.48960334208E-006,0.999999999989,1.20298560837E-006)) ;
#2907=DIRECTION('Vector Direction',(0.866025399927,-4.48960334438E-006,0.50000000666)) ;
#2919=DIRECTION('Axis2P3D Direction',(0.866025399927,-4.48960334218E-006,0.50000000666)) ;
#2920=DIRECTION('Axis2P3D XDirection',(-0.353556569932,-0.70710593054,0.612371582337)) ;
#2924=DIRECTION('Vector Direction',(0.866025399927,-4.48960334357E-006,0.50000000666)) ;
#2936=DIRECTION('Axis2P3D Direction',(-4.48960334405E-006,-0.999999999989,-1.20298560955E-006)) ;
#2937=DIRECTION('Axis2P3D XDirection',(-0.50000000666,1.20298560831E-006,0.866025399938)) ;
#2941=DIRECTION('Vector Direction',(0.866025399927,-4.48960334438E-006,0.50000000666)) ;
#2953=DIRECTION('Axis2P3D Direction',(0.866025399927,-4.48960334218E-006,0.50000000666)) ;
#2954=DIRECTION('Axis2P3D XDirection',(0.353550220674,-0.707107631818,-0.612373283615)) ;
#2958=DIRECTION('Vector Direction',(0.866025399927,-4.48960334357E-006,0.50000000666)) ;
#2970=DIRECTION('Axis2P3D Direction',(0.50000000666,-1.20298560864E-006,-0.866025399938)) ;
#2971=DIRECTION('Axis2P3D XDirection',(-4.48960334216E-006,-0.999999999989,-1.20298560808E-006)) ;
#2975=DIRECTION('Vector Direction',(0.866025399927,-4.48960334154E-006,0.50000000666)) ;
#2987=DIRECTION('Axis2P3D Direction',(0.866025399927,-4.48960334218E-006,0.50000000666)) ;
#2988=DIRECTION('Axis2P3D XDirection',(-0.353550433336,0.707107206499,0.612373651952)) ;
#2992=DIRECTION('Vector Direction',(0.866025399927,-4.48960334154E-006,0.50000000666)) ;
#3004=DIRECTION('Axis2P3D Direction',(-3.88811052946E-006,-0.99999999999,-2.24480170061E-006)) ;
#3005=DIRECTION('Axis2P3D XDirection',(-0.500000006665,1.00097780066E-016,0.866025399936)) ;
#3009=DIRECTION('Vector Direction',(0.866025399927,-4.48960334154E-006,0.50000000666)) ;
#3021=DIRECTION('Axis2P3D Direction',(0.866025399927,-4.48960334218E-006,0.50000000666)) ;
#3022=DIRECTION('Axis2P3D XDirection',(-0.353556357274,-0.70710635586,0.612371213999)) ;
#3026=DIRECTION('Vector Direction',(0.866025399927,-4.48960334205E-006,0.50000000666)) ;
#3031=DIRECTION('Vector Direction',(0.866025399927,-4.48960334154E-006,0.50000000666)) ;
#3043=DIRECTION('Axis2P3D Direction',(0.50000000666,-1.20298560828E-006,-0.866025399938)) ;
#3044=DIRECTION('Axis2P3D XDirection',(-4.48960334212E-006,-0.999999999989,-1.20298560847E-006)) ;
#3048=DIRECTION('Vector Direction',(0.866025399927,-4.48960334154E-006,0.50000000666)) ;
#3060=DIRECTION('Axis2P3D Direction',(0.866025399927,-4.48960334218E-006,0.50000000666)) ;
#3061=DIRECTION('Axis2P3D XDirection',(0.353556569932,0.70710593054,-0.612371582337)) ;
#3072=DIRECTION('Axis2P3D Direction',(3.88811052941E-006,0.99999999999,2.2448017007E-006)) ;
#3073=DIRECTION('Axis2P3D XDirection',(0.500000006665,0.,-0.866025399936)) ;
#3077=DIRECTION('Vector Direction',(0.866025399927,-4.48960334154E-006,0.50000000666)) ;
#3089=DIRECTION('Axis2P3D Direction',(-5.04093130459E-017,-2.91038304567E-017,1.)) ;
#3090=DIRECTION('Axis2P3D XDirection',(1.,-1.46710410033E-033,5.04093130459E-017)) ;
#3094=DIRECTION('Vector Direction',(0.5,-0.866025403784,0.)) ;
#3101=DIRECTION('Vector Direction',(0.866025403784,0.5,0.)) ;
#3113=DIRECTION('Axis2P3D Direction',(0.,0.,1.)) ;
#3114=DIRECTION('Axis2P3D XDirection',(0.5,-0.866025403784,0.)) ;
#3118=DIRECTION('Axis2P3D Direction',(0.,0.,1.)) ;
#3138=DIRECTION('Vector Direction',(0.,0.,1.)) ;
#3145=DIRECTION('Vector Direction',(0.,0.,1.)) ;
#3159=DIRECTION('Axis2P3D Direction',(-0.,-0.99999999996,-8.97920656437E-006)) ;
#3160=DIRECTION('Axis2P3D XDirection',(0.965925825291,-2.32398970222E-006,0.258819048818)) ;
#3164=DIRECTION('Vector Direction',(0.,-0.99999999996,-8.97920656435E-006)) ;
#3181=DIRECTION('Axis2P3D Direction',(-0.,-0.99999999996,-8.97920656437E-006)) ;
#3186=DIRECTION('Axis2P3D Direction',(-0.,-0.99999999996,-8.97920656437E-006)) ;
#3201=DIRECTION('Vector Direction',(0.,-0.99999999996,-8.97920656435E-006)) ;
#3208=DIRECTION('Vector Direction',(0.,-0.99999999996,-8.97920656435E-006)) ;
#3224=DIRECTION('Axis2P3D Direction',(-0.5,0.866025403784,0.)) ;
#3225=DIRECTION('Axis2P3D XDirection',(0.,0.,1.)) ;
#3229=DIRECTION('Vector Direction',(0.,0.,1.)) ;
#3236=DIRECTION('Vector Direction',(0.,0.,1.)) ;
#3300=DIRECTION('Axis2P3D Direction',(-8.80478043177E-016,-0.99999999996,-8.97920656553E-006)) ;
#3301=DIRECTION('Axis2P3D XDirection',(0.130526194132,8.90238820623E-006,-0.991444861082)) ;
#3305=DIRECTION('Axis2P3D Direction',(-8.80478043177E-016,-0.99999999996,-8.97920656553E-006)) ;
#3312=DIRECTION('Vector Direction',(0.962507163819,-2.43566600773E-006,0.271256261847)) ;
#3324=DIRECTION('Axis2P3D Direction',(-8.9007958515E-015,-0.99999999996,-8.97920656659E-006)) ;
#3325=DIRECTION('Axis2P3D XDirection',(0.130526194132,8.90238820623E-006,-0.991444861082)) ;
#3329=DIRECTION('Vector Direction',(0.962524680798,-2.4351078352E-006,0.271194098109)) ;
#3336=DIRECTION('Axis2P3D Direction',(-8.9007958515E-015,-0.99999999996,-8.97920656659E-006)) ;
#3387=DIRECTION('Axis2P3D Direction',(0.,-0.,1.)) ;
#3388=DIRECTION('Axis2P3D XDirection',(0.707106781187,0.707106781187,0.)) ;
#3392=DIRECTION('Axis2P3D Direction',(0.,-0.,1.)) ;
#3399=DIRECTION('Vector Direction',(1.,0.,0.)) ;
#3450=DIRECTION('Axis2P3D Direction',(1.,0.,0.)) ;
#3451=DIRECTION('Axis2P3D XDirection',(0.,1.,0.)) ;
#3455=DIRECTION('Axis2P3D Direction',(1.,0.,0.)) ;
#3462=DIRECTION('Vector Direction',(0.,0.,1.)) ;
#3469=DIRECTION('Vector Direction',(0.,0.,1.)) ;
#3476=DIRECTION('Vector Direction',(0.,1.,0.)) ;
#3481=DIRECTION('Axis2P3D Direction',(1.,0.,0.)) ;
#3499=DIRECTION('Axis2P3D Direction',(0.,0.,1.)) ;
#3500=DIRECTION('Axis2P3D XDirection',(-0.866025403784,0.5,0.)) ;
#3504=DIRECTION('Vector Direction',(0.,0.,1.)) ;
#3511=DIRECTION('Vector Direction',(0.,0.,1.)) ;
#3525=DIRECTION('Axis2P3D Direction',(1.,0.,0.)) ;
#3526=DIRECTION('Axis2P3D XDirection',(-0.,-0.618448214203,-0.7858255572)) ;
#3530=DIRECTION('Axis2P3D Direction',(1.,0.,0.)) ;
#3542=DIRECTION('Axis2P3D Direction',(-0.,-0.99999999996,-8.97920656437E-006)) ;
#3543=DIRECTION('Axis2P3D XDirection',(-1.,0.,0.)) ;
#3547=DIRECTION('Vector Direction',(0.,-0.99999999996,-8.97920656437E-006)) ;
#3556=DIRECTION('Vector Direction',(0.,-0.99999999996,-8.97920656437E-006)) ;
#3561=DIRECTION('Vector Direction',(0.,-0.99999999996,-8.97920656437E-006)) ;
#3577=DIRECTION('Axis2P3D Direction',(-0.,-0.,-1.)) ;
#3578=DIRECTION('Axis2P3D XDirection',(0.,-1.,0.)) ;
#3582=DIRECTION('Vector Direction',(1.,0.,0.)) ;
#3589=DIRECTION('Vector Direction',(2.83453425761E-017,1.,0.)) ;
#3601=DIRECTION('Axis2P3D Direction',(1.,0.,0.)) ;
#3602=DIRECTION('Axis2P3D XDirection',(0.,0.61843349169,-0.78583714366)) ;
#3606=DIRECTION('Axis2P3D Direction',(1.,0.,0.)) ;
#3613=DIRECTION('Vector Direction',(1.,0.,0.)) ;
#3625=DIRECTION('Axis2P3D Direction',(0.,0.,1.)) ;
#3626=DIRECTION('Axis2P3D XDirection',(1.,0.,0.)) ;
#3630=DIRECTION('Axis2P3D Direction',(0.,0.,1.)) ;
#3650=DIRECTION('Vector Direction',(0.,0.,1.)) ;
#3657=DIRECTION('Vector Direction',(0.,0.,1.)) ;
#3671=DIRECTION('Axis2P3D Direction',(0.,0.,1.)) ;
#3672=DIRECTION('Axis2P3D XDirection',(-0.258819045103,0.965925826289,0.)) ;
#3676=DIRECTION('Axis2P3D Direction',(0.,0.,1.)) ;
#3683=DIRECTION('Vector Direction',(0.5,0.866025403784,0.)) ;
#3695=DIRECTION('Axis2P3D Direction',(1.,0.,0.)) ;
#3696=DIRECTION('Axis2P3D XDirection',(0.,1.,0.)) ;
#3700=DIRECTION('Vector Direction',(0.,0.,1.)) ;
#3707=DIRECTION('Vector Direction',(0.,0.,1.)) ;
#3774=DIRECTION('Axis2P3D Direction',(-0.5,-0.866025403784,-0.)) ;
#3775=DIRECTION('Axis2P3D XDirection',(0.,0.,-1.)) ;
#3795=DIRECTION('Vector Direction',(0.,0.,-1.)) ;
#3802=DIRECTION('Vector Direction',(0.,0.,-1.)) ;
#3809=DIRECTION('Vector Direction',(0.866025403784,-0.5,0.)) ;
#3830=DIRECTION('Vector Direction',(-0.5,-0.866025403784,-0.)) ;
#3844=DIRECTION('Vector Direction',(-0.5,-0.866025403784,0.)) ;
#3849=DIRECTION('Vector Direction',(-0.5,-0.866025403784,0.)) ;
#3861=DIRECTION('Axis2P3D Direction',(-5.04093130459E-017,2.91038304567E-017,-1.)) ;
#3862=DIRECTION('Axis2P3D XDirection',(1.,1.46710410033E-033,-5.04093130459E-017)) ;
#3866=DIRECTION('Vector Direction',(0.866025403784,-0.5,0.)) ;
#3873=DIRECTION('Vector Direction',(-0.5,-0.866025403784,0.)) ;
#3891=DIRECTION('Vector Direction',(-0.5,-0.866025403784,-0.)) ;
#3908=DIRECTION('Axis2P3D Direction',(0.,0.,1.)) ;
#3909=DIRECTION('Axis2P3D XDirection',(-0.866025403784,-0.5,-0.)) ;
#3913=DIRECTION('Vector Direction',(0.,0.,1.)) ;
#3920=DIRECTION('Vector Direction',(0.,0.,1.)) ;
#3934=DIRECTION('Axis2P3D Direction',(0.,0.,1.)) ;
#3935=DIRECTION('Axis2P3D XDirection',(0.866025403784,0.5,-0.)) ;
#3948=DIRECTION('Axis2P3D Direction',(0.,0.,1.)) ;
#3955=DIRECTION('Vector Direction',(0.,0.,1.)) ;
#3962=DIRECTION('Axis2P3D Direction',(0.,0.,1.)) ;
#3976=DIRECTION('Axis2P3D Direction',(-0.,0.,1.)) ;
#3977=DIRECTION('Axis2P3D XDirection',(0.258819045103,-0.965925826289,0.)) ;
#3981=DIRECTION('Vector Direction',(1.,0.,0.)) ;
#3988=DIRECTION('Axis2P3D Direction',(-0.,0.,1.)) ;
#4039=DIRECTION('Axis2P3D Direction',(-0.5,-0.866025403784,-0.)) ;
#4040=DIRECTION('Axis2P3D XDirection',(0.,0.,-1.)) ;
#4044=DIRECTION('Vector Direction',(0.,0.,1.)) ;
#4051=DIRECTION('Vector Direction',(0.,0.,1.)) ;
#4066=DIRECTION('Axis2P3D Direction',(-0.,0.,1.)) ;
#4067=DIRECTION('Axis2P3D XDirection',(0.258819045103,-0.965925826289,0.)) ;
#4071=DIRECTION('Vector Direction',(1.,0.,0.)) ;
#4078=DIRECTION('Axis2P3D Direction',(-0.,0.,1.)) ;
#4090=DIRECTION('Axis2P3D Direction',(1.,0.,0.)) ;
#4091=DIRECTION('Axis2P3D XDirection',(0.,1.,0.)) ;
#4107=DIRECTION('Vector Direction',(0.,0.,1.)) ;
#4124=DIRECTION('Vector Direction',(0.,1.,0.)) ;
#4129=DIRECTION('Vector Direction',(0.,1.,0.)) ;
#4163=DIRECTION('Vector Direction',(0.,1.,0.)) ;
#4189=DIRECTION('Vector Direction',(0.,1.,0.)) ;
#4201=DIRECTION('Axis2P3D Direction',(1.,0.,0.)) ;
#4202=DIRECTION('Axis2P3D XDirection',(0.,-0.707106781187,0.707106781187)) ;
#4206=DIRECTION('Axis2P3D Direction',(1.,0.,0.)) ;
#4215=DIRECTION('Vector Direction',(1.,0.,0.)) ;
#4220=DIRECTION('Vector Direction',(1.,0.,0.)) ;
#4232=DIRECTION('Axis2P3D Direction',(0.,1.,0.)) ;
#4233=DIRECTION('Axis2P3D XDirection',(0.,0.,1.)) ;
#4237=DIRECTION('Vector Direction',(1.,0.,0.)) ;
#4244=DIRECTION('Vector Direction',(0.,0.,1.)) ;
#4256=DIRECTION('Axis2P3D Direction',(1.,0.,0.)) ;
#4257=DIRECTION('Axis2P3D XDirection',(-0.,-0.707106781187,-0.707106781187)) ;
#4261=DIRECTION('Axis2P3D Direction',(1.,0.,0.)) ;
#4268=DIRECTION('Vector Direction',(1.,0.,0.)) ;
#4280=DIRECTION('Axis2P3D Direction',(-0.,0.,1.)) ;
#4281=DIRECTION('Axis2P3D XDirection',(0.,-1.,0.)) ;
#4285=DIRECTION('Vector Direction',(0.,-1.,0.)) ;
#4297=DIRECTION('Axis2P3D Direction',(0.,0.,1.)) ;
#4298=DIRECTION('Axis2P3D XDirection',(-1.,0.,0.)) ;
#4302=DIRECTION('Vector Direction',(0.,0.,1.)) ;
#4316=DIRECTION('Axis2P3D Direction',(0.,0.,-1.)) ;
#4317=DIRECTION('Axis2P3D XDirection',(0.,1.,0.)) ;
#4321=DIRECTION('Vector Direction',(0.,1.,0.)) ;
#4333=DIRECTION('Axis2P3D Direction',(0.,0.,-1.)) ;
#4334=DIRECTION('Axis2P3D XDirection',(0.,1.,0.)) ;
#4338=DIRECTION('Vector Direction',(0.,1.,0.)) ;
#4347=DIRECTION('Vector Direction',(1.,0.,0.)) ;
#4352=DIRECTION('Vector Direction',(-1.,0.,0.)) ;
#4364=DIRECTION('Axis2P3D Direction',(1.,0.,0.)) ;
#4365=DIRECTION('Axis2P3D XDirection',(-0.,-1.83697019872E-016,-1.)) ;
#4369=DIRECTION('Axis2P3D Direction',(1.,0.,0.)) ;
#4376=DIRECTION('Vector Direction',(1.,0.,0.)) ;
#4388=DIRECTION('Axis2P3D Direction',(-0.,0.,1.)) ;
#4389=DIRECTION('Axis2P3D XDirection',(0.,-1.,0.)) ;
#4393=DIRECTION('Vector Direction',(0.,-1.,0.)) ;
#4400=DIRECTION('Vector Direction',(1.,0.,0.)) ;
#4412=DIRECTION('Axis2P3D Direction',(1.,0.,0.)) ;
#4413=DIRECTION('Axis2P3D XDirection',(0.,2.83276944882E-016,1.)) ;
#4417=DIRECTION('Axis2P3D Direction',(1.,0.,0.)) ;
#4429=DIRECTION('Axis2P3D Direction',(1.,0.,0.)) ;
#4430=DIRECTION('Axis2P3D XDirection',(0.,1.,0.)) ;
#4449=DIRECTION('Axis2P3D Direction',(-0.866025399927,4.48960334218E-006,-0.50000000666)) ;
#4450=DIRECTION('Axis2P3D XDirection',(4.48960334409E-006,0.999999999989,1.20298560509E-006)) ;
#4454=DIRECTION('Vector Direction',(-0.866025399927,4.48960334218E-006,-0.50000000666)) ;
#4459=DIRECTION('Vector Direction',(-0.866025399927,4.48960334218E-006,-0.50000000666)) ;
#4488=DIRECTION('Axis2P3D Direction',(0.,1.,0.)) ;
#4489=DIRECTION('Axis2P3D XDirection',(-6.12323399574E-017,0.,1.)) ;
#4493=DIRECTION('Vector Direction',(0.,1.,0.)) ;
#4502=DIRECTION('Axis2P3D Direction',(0.,1.,0.)) ;
#4509=DIRECTION('Vector Direction',(0.,1.,0.)) ;
#4516=DIRECTION('Axis2P3D Direction',(0.,1.,0.)) ;
#4528=DIRECTION('Axis2P3D Direction',(1.,-0.,0.)) ;
#4529=DIRECTION('Axis2P3D XDirection',(0.,0.,-1.)) ;
#4533=DIRECTION('Vector Direction',(0.,0.,-1.)) ;
#4540=DIRECTION('Vector Direction',(0.,1.,0.)) ;
#4547=DIRECTION('Vector Direction',(0.,0.,-1.)) ;
#4559=DIRECTION('Axis2P3D Direction',(0.,1.,0.)) ;
#4560=DIRECTION('Axis2P3D XDirection',(1.,-0.,5.66553889765E-016)) ;
#4564=DIRECTION('Axis2P3D Direction',(0.,1.,0.)) ;
#4571=DIRECTION('Vector Direction',(0.,1.,0.)) ;
#4578=DIRECTION('Axis2P3D Direction',(0.,1.,0.)) ;
#4590=DIRECTION('Axis2P3D Direction',(1.,-0.,0.)) ;
#4591=DIRECTION('Axis2P3D XDirection',(0.,0.,-1.)) ;
#4595=DIRECTION('Vector Direction',(0.,0.,-1.)) ;
#4602=DIRECTION('Vector Direction',(0.,1.,0.)) ;
#4609=DIRECTION('Vector Direction',(0.,0.,-1.)) ;
#4621=DIRECTION('Axis2P3D Direction',(0.,1.,0.)) ;
#4622=DIRECTION('Axis2P3D XDirection',(0.795112010678,-0.,0.60646260435)) ;
#4626=DIRECTION('Axis2P3D Direction',(0.,1.,0.)) ;
#4633=DIRECTION('Vector Direction',(0.,1.,0.)) ;
#4640=DIRECTION('Axis2P3D Direction',(0.,1.,0.)) ;
#4652=DIRECTION('Axis2P3D Direction',(0.795112010678,-0.,0.60646260435)) ;
#4653=DIRECTION('Axis2P3D XDirection',(0.60646260435,0.,-0.795112010678)) ;
#4657=DIRECTION('Vector Direction',(0.60646260435,0.,-0.795112010678)) ;
#4664=DIRECTION('Vector Direction',(0.,1.,0.)) ;
#4671=DIRECTION('Vector Direction',(0.60646260435,0.,-0.795112010678)) ;
#4683=DIRECTION('Axis2P3D Direction',(0.,1.,0.)) ;
#4684=DIRECTION('Axis2P3D XDirection',(-0.795112010678,0.,-0.60646260435)) ;
#4688=DIRECTION('Axis2P3D Direction',(0.,1.,0.)) ;
#4695=DIRECTION('Vector Direction',(0.,1.,0.)) ;
#4702=DIRECTION('Axis2P3D Direction',(0.,1.,0.)) ;
#4714=DIRECTION('Axis2P3D Direction',(1.,-0.,0.)) ;
#4715=DIRECTION('Axis2P3D XDirection',(0.,0.,-1.)) ;
#4719=DIRECTION('Vector Direction',(0.,0.,-1.)) ;
#4726=DIRECTION('Vector Direction',(0.,1.,0.)) ;
#4733=DIRECTION('Vector Direction',(0.,0.,-1.)) ;
#4745=DIRECTION('Axis2P3D Direction',(0.,1.,0.)) ;
#4746=DIRECTION('Axis2P3D XDirection',(-1.,0.,6.63416061492E-015)) ;
#4750=DIRECTION('Axis2P3D Direction',(0.,1.,0.)) ;
#4757=DIRECTION('Vector Direction',(0.,1.,0.)) ;
#4764=DIRECTION('Axis2P3D Direction',(0.,1.,0.)) ;
#4776=DIRECTION('Axis2P3D Direction',(-0.984807753012,0.,-0.173648177667)) ;
#4777=DIRECTION('Axis2P3D XDirection',(-0.173648177667,0.,0.984807753012)) ;
#4781=DIRECTION('Vector Direction',(-0.173648177667,0.,0.984807753012)) ;
#4788=DIRECTION('Vector Direction',(0.,1.,0.)) ;
#4795=DIRECTION('Vector Direction',(-0.173648177667,0.,0.984807753012)) ;
#4807=DIRECTION('Axis2P3D Direction',(0.,1.,0.)) ;
#4808=DIRECTION('Axis2P3D XDirection',(1.,-0.,9.89242729662E-015)) ;
#4812=DIRECTION('Axis2P3D Direction',(0.,1.,0.)) ;
#4819=DIRECTION('Vector Direction',(0.,1.,0.)) ;
#4826=DIRECTION('Axis2P3D Direction',(0.,1.,0.)) ;
#4838=DIRECTION('Vector Direction',(0.,0.,-1.)) ;
#4845=DIRECTION('Vector Direction',(0.,1.,0.)) ;
#4852=DIRECTION('Vector Direction',(0.,0.,-1.)) ;
#4864=DIRECTION('Axis2P3D Direction',(0.,1.,0.)) ;
#4865=DIRECTION('Axis2P3D XDirection',(-2.05963378428E-015,0.,1.)) ;
#4869=DIRECTION('Axis2P3D Direction',(0.,1.,0.)) ;
#4876=DIRECTION('Vector Direction',(0.,1.,0.)) ;
#4883=DIRECTION('Axis2P3D Direction',(0.,1.,0.)) ;
#4895=DIRECTION('Axis2P3D Direction',(0.,0.,1.)) ;
#4896=DIRECTION('Axis2P3D XDirection',(1.,0.,0.)) ;
#4900=DIRECTION('Vector Direction',(1.,0.,0.)) ;
#4907=DIRECTION('Vector Direction',(0.,1.,0.)) ;
#4914=DIRECTION('Vector Direction',(1.,0.,0.)) ;
#4926=DIRECTION('Axis2P3D Direction',(0.,1.,0.)) ;
#4927=DIRECTION('Axis2P3D XDirection',(-1.,0.,1.01506105109E-015)) ;
#4931=DIRECTION('Axis2P3D Direction',(0.,1.,0.)) ;
#4938=DIRECTION('Vector Direction',(0.,1.,0.)) ;
#4945=DIRECTION('Axis2P3D Direction',(0.,1.,0.)) ;
#4957=DIRECTION('Axis2P3D Direction',(-1.,0.,0.)) ;
#4958=DIRECTION('Axis2P3D XDirection',(0.,0.,1.)) ;
#4962=DIRECTION('Vector Direction',(0.,0.,1.)) ;
#4969=DIRECTION('Vector Direction',(0.,1.,0.)) ;
#4976=DIRECTION('Vector Direction',(0.,0.,1.)) ;
#4988=DIRECTION('Axis2P3D Direction',(0.,1.,0.)) ;
#4989=DIRECTION('Axis2P3D XDirection',(0.707106781187,0.,-0.707106781187)) ;
#4993=DIRECTION('Axis2P3D Direction',(0.,1.,0.)) ;
#5000=DIRECTION('Vector Direction',(0.,1.,0.)) ;
#5007=DIRECTION('Axis2P3D Direction',(0.,1.,0.)) ;
#5019=DIRECTION('Axis2P3D Direction',(-0.707106781187,0.,0.707106781187)) ;
#5020=DIRECTION('Axis2P3D XDirection',(0.707106781187,0.,0.707106781187)) ;
#5024=DIRECTION('Vector Direction',(0.707106781187,0.,0.707106781187)) ;
#5031=DIRECTION('Vector Direction',(0.,1.,0.)) ;
#5038=DIRECTION('Vector Direction',(0.707106781187,0.,0.707106781187)) ;
#5050=DIRECTION('Axis2P3D Direction',(0.,1.,0.)) ;
#5051=DIRECTION('Axis2P3D XDirection',(-0.707106781187,0.,0.707106781187)) ;
#5055=DIRECTION('Axis2P3D Direction',(0.,1.,0.)) ;
#5062=DIRECTION('Vector Direction',(0.,1.,0.)) ;
#5069=DIRECTION('Axis2P3D Direction',(0.,1.,0.)) ;
#5081=DIRECTION('Axis2P3D Direction',(1.,-0.,0.)) ;
#5082=DIRECTION('Axis2P3D XDirection',(0.,0.,-1.)) ;
#5086=DIRECTION('Vector Direction',(0.,0.,-1.)) ;
#5093=DIRECTION('Vector Direction',(0.,1.,0.)) ;
#5100=DIRECTION('Vector Direction',(0.,0.,-1.)) ;
#5112=DIRECTION('Axis2P3D Direction',(0.,1.,0.)) ;
#5113=DIRECTION('Axis2P3D XDirection',(1.,-0.,1.22464679915E-016)) ;
#5117=DIRECTION('Axis2P3D Direction',(0.,1.,0.)) ;
#5124=DIRECTION('Vector Direction',(0.,1.,0.)) ;
#5131=DIRECTION('Axis2P3D Direction',(0.,1.,0.)) ;
#5143=DIRECTION('Axis2P3D Direction',(0.707106781187,0.,-0.707106781187)) ;
#5144=DIRECTION('Axis2P3D XDirection',(-0.707106781187,0.,-0.707106781187)) ;
#5148=DIRECTION('Vector Direction',(-0.707106781187,0.,-0.707106781187)) ;
#5155=DIRECTION('Vector Direction',(0.,1.,0.)) ;
#5162=DIRECTION('Vector Direction',(-0.707106781187,0.,-0.707106781187)) ;
#5174=DIRECTION('Axis2P3D Direction',(0.,1.,0.)) ;
#5175=DIRECTION('Axis2P3D XDirection',(-1.,0.,0.)) ;
#5179=DIRECTION('Axis2P3D Direction',(0.,1.,0.)) ;
#5186=DIRECTION('Vector Direction',(0.,1.,0.)) ;
#5193=DIRECTION('Axis2P3D Direction',(0.,1.,0.)) ;
#5205=DIRECTION('Axis2P3D Direction',(0.,1.,0.)) ;
#5206=DIRECTION('Axis2P3D XDirection',(0.707106781187,0.,-0.707106781187)) ;
#5210=DIRECTION('Axis2P3D Direction',(0.,1.,0.)) ;
#5217=DIRECTION('Vector Direction',(0.,1.,0.)) ;
#5224=DIRECTION('Axis2P3D Direction',(0.,1.,0.)) ;
#5236=DIRECTION('Axis2P3D Direction',(-0.707106781187,0.,0.707106781187)) ;
#5237=DIRECTION('Axis2P3D XDirection',(0.707106781187,0.,0.707106781187)) ;
#5241=DIRECTION('Vector Direction',(0.707106781187,0.,0.707106781187)) ;
#5248=DIRECTION('Vector Direction',(0.,1.,0.)) ;
#5255=DIRECTION('Vector Direction',(0.707106781187,0.,0.707106781187)) ;
#5267=DIRECTION('Axis2P3D Direction',(0.,1.,0.)) ;
#5268=DIRECTION('Axis2P3D XDirection',(-0.707106781187,0.,0.707106781187)) ;
#5272=DIRECTION('Axis2P3D Direction',(0.,1.,0.)) ;
#5279=DIRECTION('Vector Direction',(0.,1.,0.)) ;
#5286=DIRECTION('Axis2P3D Direction',(0.,1.,0.)) ;
#5298=DIRECTION('Vector Direction',(0.,0.,-1.)) ;
#5305=DIRECTION('Vector Direction',(0.,1.,0.)) ;
#5312=DIRECTION('Vector Direction',(0.,0.,-1.)) ;
#5324=DIRECTION('Axis2P3D Direction',(0.,1.,0.)) ;
#5325=DIRECTION('Axis2P3D XDirection',(1.,-0.,1.22464679915E-016)) ;
#5329=DIRECTION('Axis2P3D Direction',(0.,1.,0.)) ;
#5336=DIRECTION('Vector Direction',(0.,1.,0.)) ;
#5343=DIRECTION('Axis2P3D Direction',(0.,1.,0.)) ;
#5355=DIRECTION('Axis2P3D Direction',(0.707106781187,0.,-0.707106781187)) ;
#5356=DIRECTION('Axis2P3D XDirection',(-0.707106781187,0.,-0.707106781187)) ;
#5360=DIRECTION('Vector Direction',(-0.707106781187,0.,-0.707106781187)) ;
#5367=DIRECTION('Vector Direction',(0.,1.,0.)) ;
#5374=DIRECTION('Vector Direction',(-0.707106781187,0.,-0.707106781187)) ;
#5386=DIRECTION('Axis2P3D Direction',(0.,1.,0.)) ;
#5387=DIRECTION('Axis2P3D XDirection',(-1.,0.,5.55111512313E-016)) ;
#5391=DIRECTION('Axis2P3D Direction',(0.,1.,0.)) ;
#5398=DIRECTION('Vector Direction',(0.,1.,0.)) ;
#5405=DIRECTION('Axis2P3D Direction',(0.,1.,0.)) ;
#5417=DIRECTION('Axis2P3D Direction',(0.,1.,0.)) ;
#5418=DIRECTION('Axis2P3D XDirection',(0.707106781187,0.,-0.707106781187)) ;
#5422=DIRECTION('Axis2P3D Direction',(0.,1.,0.)) ;
#5429=DIRECTION('Vector Direction',(0.,1.,0.)) ;
#5436=DIRECTION('Axis2P3D Direction',(0.,1.,0.)) ;
#5448=DIRECTION('Axis2P3D Direction',(-0.707106781187,0.,0.707106781187)) ;
#5449=DIRECTION('Axis2P3D XDirection',(0.707106781187,0.,0.707106781187)) ;
#5453=DIRECTION('Vector Direction',(0.707106781187,0.,0.707106781187)) ;
#5460=DIRECTION('Vector Direction',(0.,1.,0.)) ;
#5467=DIRECTION('Vector Direction',(0.707106781187,0.,0.707106781187)) ;
#5479=DIRECTION('Axis2P3D Direction',(0.,1.,0.)) ;
#5480=DIRECTION('Axis2P3D XDirection',(-0.707106781187,0.,0.707106781187)) ;
#5484=DIRECTION('Axis2P3D Direction',(0.,1.,0.)) ;
#5491=DIRECTION('Vector Direction',(0.,1.,0.)) ;
#5498=DIRECTION('Axis2P3D Direction',(0.,1.,0.)) ;
#5510=DIRECTION('Vector Direction',(0.,0.,-1.)) ;
#5517=DIRECTION('Vector Direction',(0.,1.,0.)) ;
#5524=DIRECTION('Vector Direction',(0.,0.,-1.)) ;
#5536=DIRECTION('Axis2P3D Direction',(0.,1.,0.)) ;
#5537=DIRECTION('Axis2P3D XDirection',(1.,0.,-1.20980294964E-015)) ;
#5541=DIRECTION('Axis2P3D Direction',(0.,1.,0.)) ;
#5548=DIRECTION('Vector Direction',(0.,1.,0.)) ;
#5555=DIRECTION('Axis2P3D Direction',(0.,1.,0.)) ;
#5567=DIRECTION('Axis2P3D Direction',(0.707106781187,0.,-0.707106781187)) ;
#5568=DIRECTION('Axis2P3D XDirection',(-0.707106781187,0.,-0.707106781187)) ;
#5572=DIRECTION('Vector Direction',(-0.707106781187,0.,-0.707106781187)) ;
#5579=DIRECTION('Vector Direction',(0.,1.,0.)) ;
#5586=DIRECTION('Vector Direction',(-0.707106781187,0.,-0.707106781187)) ;
#5598=DIRECTION('Axis2P3D Direction',(0.,1.,0.)) ;
#5599=DIRECTION('Axis2P3D XDirection',(-1.,0.,7.40148683083E-016)) ;
#5603=DIRECTION('Axis2P3D Direction',(0.,1.,0.)) ;
#5610=DIRECTION('Vector Direction',(0.,1.,0.)) ;
#5617=DIRECTION('Axis2P3D Direction',(0.,1.,0.)) ;
#5629=DIRECTION('Vector Direction',(0.,0.,1.)) ;
#5636=DIRECTION('Vector Direction',(0.,1.,0.)) ;
#5643=DIRECTION('Vector Direction',(0.,0.,1.)) ;
#5655=DIRECTION('Axis2P3D Direction',(0.,1.,0.)) ;
#5656=DIRECTION('Axis2P3D XDirection',(1.,-0.,1.22464679915E-016)) ;
#5660=DIRECTION('Axis2P3D Direction',(0.,1.,0.)) ;
#5667=DIRECTION('Vector Direction',(0.,1.,0.)) ;
#5674=DIRECTION('Axis2P3D Direction',(0.,1.,0.)) ;
#5686=DIRECTION('Axis2P3D Direction',(-1.,0.,0.)) ;
#5687=DIRECTION('Axis2P3D XDirection',(0.,0.,1.)) ;
#5691=DIRECTION('Vector Direction',(0.,0.,1.)) ;
#5698=DIRECTION('Vector Direction',(0.,1.,0.)) ;
#5705=DIRECTION('Vector Direction',(0.,0.,1.)) ;
#5717=DIRECTION('Axis2P3D Direction',(0.,1.,0.)) ;
#5718=DIRECTION('Axis2P3D XDirection',(-1.,0.,7.9836262445E-016)) ;
#5722=DIRECTION('Axis2P3D Direction',(0.,1.,0.)) ;
#5729=DIRECTION('Vector Direction',(0.,1.,0.)) ;
#5736=DIRECTION('Axis2P3D Direction',(0.,1.,0.)) ;
#5748=DIRECTION('Axis2P3D Direction',(0.,0.,-1.)) ;
#5749=DIRECTION('Axis2P3D XDirection',(-1.,0.,0.)) ;
#5753=DIRECTION('Vector Direction',(-1.,0.,0.)) ;
#5758=DIRECTION('Vector Direction',(-1.,0.,0.)) ;
#5770=DIRECTION('Axis2P3D Direction',(0.,1.,-0.)) ;
#5771=DIRECTION('Axis2P3D XDirection',(-1.,0.,0.)) ;
#5820=DIRECTION('Axis2P3D Direction',(0.,1.,-0.)) ;
#5821=DIRECTION('Axis2P3D XDirection',(-1.,0.,0.)) ;
#5870=DIRECTION('Axis2P3D Direction',(0.,0.,1.)) ;
#5871=DIRECTION('Axis2P3D XDirection',(1.,0.,0.)) ;
#15=UNCERTAINTY_MEASURE_WITH_UNIT(LENGTH_MEASURE(0.005),#12,'distance_accuracy_value','CONFUSED CURVE UNCERTAINTY') ;
#18=AXIS2_PLACEMENT_3D(' ',#17,$,$) ;
#34=AXIS2_PLACEMENT_3D('Plane Axis2P3D',#31,#32,#33) ;
#74=AXIS2_PLACEMENT_3D('Plane Axis2P3D',#71,#72,#73) ;
#105=AXIS2_PLACEMENT_3D('Plane Axis2P3D',#102,#103,#104) ;
#136=AXIS2_PLACEMENT_3D('Plane Axis2P3D',#133,#134,#135) ;
#167=AXIS2_PLACEMENT_3D('Plane Axis2P3D',#164,#165,#166) ;
#198=AXIS2_PLACEMENT_3D('Plane Axis2P3D',#195,#196,#197) ;
#220=AXIS2_PLACEMENT_3D('Cylinder Axis2P3D',#217,#218,#219) ;
#224=AXIS2_PLACEMENT_3D('Circle Axis2P3D',#222,#223,$) ;
#240=AXIS2_PLACEMENT_3D('Circle Axis2P3D',#238,#239,$) ;
#259=AXIS2_PLACEMENT_3D('Circle Axis2P3D',#257,#258,$) ;
#264=AXIS2_PLACEMENT_3D('Circle Axis2P3D',#262,#263,$) ;
#277=AXIS2_PLACEMENT_3D('Plane Axis2P3D',#274,#275,#276) ;
#295=AXIS2_PLACEMENT_3D('Plane Axis2P3D',#292,#293,#294) ;
#318=AXIS2_PLACEMENT_3D('Plane Axis2P3D',#315,#316,#317) ;
#358=AXIS2_PLACEMENT_3D('Plane Axis2P3D',#355,#356,#357) ;
#389=AXIS2_PLACEMENT_3D('Plane Axis2P3D',#386,#387,#388) ;
#420=AXIS2_PLACEMENT_3D('Plane Axis2P3D',#417,#418,#419) ;
#451=AXIS2_PLACEMENT_3D('Plane Axis2P3D',#448,#449,#450) ;
#482=AXIS2_PLACEMENT_3D('Plane Axis2P3D',#479,#480,#481) ;
#504=AXIS2_PLACEMENT_3D('Cylinder Axis2P3D',#501,#502,#503) ;
#508=AXIS2_PLACEMENT_3D('Circle Axis2P3D',#506,#507,$) ;
#524=AXIS2_PLACEMENT_3D('Circle Axis2P3D',#522,#523,$) ;
#543=AXIS2_PLACEMENT_3D('Circle Axis2P3D',#541,#542,$) ;
#548=AXIS2_PLACEMENT_3D('Circle Axis2P3D',#546,#547,$) ;
#561=AXIS2_PLACEMENT_3D('Plane Axis2P3D',#558,#559,#560) ;
#579=AXIS2_PLACEMENT_3D('Plane Axis2P3D',#576,#577,#578) ;
#607=AXIS2_PLACEMENT_3D('Cylinder Axis2P3D',#604,#605,#606) ;
#620=AXIS2_PLACEMENT_3D('Circle Axis2P3D',#618,#619,$) ;
#634=AXIS2_PLACEMENT_3D('Circle Axis2P3D',#632,#633,$) ;
#646=AXIS2_PLACEMENT_3D('Circle Axis2P3D',#644,#645,$) ;
#651=AXIS2_PLACEMENT_3D('Circle Axis2P3D',#649,#650,$) ;
#664=AXIS2_PLACEMENT_3D('Plane Axis2P3D',#661,#662,#663) ;
#677=AXIS2_PLACEMENT_3D('Circle Axis2P3D',#675,#676,$) ;
#691=AXIS2_PLACEMENT_3D('Circle Axis2P3D',#689,#690,$) ;
#719=AXIS2_PLACEMENT_3D('Circle Axis2P3D',#717,#718,$) ;
#733=AXIS2_PLACEMENT_3D('Circle Axis2P3D',#731,#732,$) ;
#747=AXIS2_PLACEMENT_3D('Circle Axis2P3D',#745,#746,$) ;
#761=AXIS2_PLACEMENT_3D('Circle Axis2P3D',#759,#760,$) ;
#789=AXIS2_PLACEMENT_3D('Circle Axis2P3D',#787,#788,$) ;
#803=AXIS2_PLACEMENT_3D('Circle Axis2P3D',#801,#802,$) ;
#834=AXIS2_PLACEMENT_3D('Circle Axis2P3D',#832,#833,$) ;
#843=AXIS2_PLACEMENT_3D('Circle Axis2P3D',#841,#842,$) ;
#854=AXIS2_PLACEMENT_3D('Plane Axis2P3D',#851,#852,#853) ;
#1087=AXIS2_PLACEMENT_3D('Plane Axis2P3D',#1084,#1085,#1086) ;
#1325=AXIS2_PLACEMENT_3D('Cylinder Axis2P3D',#1322,#1323,#1324) ;
#1343=AXIS2_PLACEMENT_3D('Circle Axis2P3D',#1341,#1342,$) ;
#1356=AXIS2_PLACEMENT_3D('Plane Axis2P3D',#1353,#1354,#1355) ;
#1380=AXIS2_PLACEMENT_3D('Plane Axis2P3D',#1377,#1378,#1379) ;
#1384=AXIS2_PLACEMENT_3D('Circle Axis2P3D',#1382,#1383,$) ;
#1391=AXIS2_PLACEMENT_3D('Circle Axis2P3D',#1389,#1390,$) ;
#1411=AXIS2_PLACEMENT_3D('Cylinder Axis2P3D',#1408,#1409,#1410) ;
#1422=AXIS2_PLACEMENT_3D('Circle Axis2P3D',#1420,#1421,$) ;
#1435=AXIS2_PLACEMENT_3D('Plane Axis2P3D',#1432,#1433,#1434) ;
#1439=AXIS2_PLACEMENT_3D('Circle Axis2P3D',#1437,#1438,$) ;
#1466=AXIS2_PLACEMENT_3D('Plane Axis2P3D',#1463,#1464,#1465) ;
#1490=AXIS2_PLACEMENT_3D('Plane Axis2P3D',#1487,#1488,#1489) ;
#1499=AXIS2_PLACEMENT_3D('Circle Axis2P3D',#1497,#1498,$) ;
#1513=AXIS2_PLACEMENT_3D('Circle Axis2P3D',#1511,#1512,$) ;
#1527=AXIS2_PLACEMENT_3D('Circle Axis2P3D',#1525,#1526,$) ;
#1541=AXIS2_PLACEMENT_3D('Circle Axis2P3D',#1539,#1540,$) ;
#1555=AXIS2_PLACEMENT_3D('Circle Axis2P3D',#1553,#1554,$) ;
#1583=AXIS2_PLACEMENT_3D('Circle Axis2P3D',#1581,#1582,$) ;
#1599=AXIS2_PLACEMENT_3D('Circle Axis2P3D',#1597,#1598,$) ;
#1617=AXIS2_PLACEMENT_3D('Circle Axis2P3D',#1615,#1616,$) ;
#1633=AXIS2_PLACEMENT_3D('Circle Axis2P3D',#1631,#1632,$) ;
#1653=AXIS2_PLACEMENT_3D('Plane Axis2P3D',#1650,#1651,#1652) ;
#1675=AXIS2_PLACEMENT_3D('Cylinder Axis2P3D',#1672,#1673,#1674) ;
#1692=AXIS2_PLACEMENT_3D('Plane Axis2P3D',#1689,#1690,#1691) ;
#1709=AXIS2_PLACEMENT_3D('Cylinder Axis2P3D',#1706,#1707,#1708) ;
#1726=AXIS2_PLACEMENT_3D('Plane Axis2P3D',#1723,#1724,#1725) ;
#1743=AXIS2_PLACEMENT_3D('Cylinder Axis2P3D',#1740,#1741,#1742) ;
#1755=AXIS2_PLACEMENT_3D('Plane Axis2P3D',#1752,#1753,#1754) ;
#1777=AXIS2_PLACEMENT_3D('Plane Axis2P3D',#1774,#1775,#1776) ;
#1799=AXIS2_PLACEMENT_3D('Cylinder Axis2P3D',#1796,#1797,#1798) ;
#1811=AXIS2_PLACEMENT_3D('Cylinder Axis2P3D',#1808,#1809,#1810) ;
#1833=AXIS2_PLACEMENT_3D('Plane Axis2P3D',#1830,#1831,#1832) ;
#1850=AXIS2_PLACEMENT_3D('Plane Axis2P3D',#1847,#1848,#1849) ;
#1867=AXIS2_PLACEMENT_3D('Cylinder Axis2P3D',#1864,#1865,#1866) ;
#1879=AXIS2_PLACEMENT_3D('Plane Axis2P3D',#1876,#1877,#1878) ;
#1896=AXIS2_PLACEMENT_3D('Cylinder Axis2P3D',#1893,#1894,#1895) ;
#1913=AXIS2_PLACEMENT_3D('Cylinder Axis2P3D',#1910,#1911,#1912) ;
#1930=AXIS2_PLACEMENT_3D('Plane Axis2P3D',#1927,#1928,#1929) ;
#1942=AXIS2_PLACEMENT_3D('Cylinder Axis2P3D',#1939,#1940,#1941) ;
#1954=AXIS2_PLACEMENT_3D('Plane Axis2P3D',#1951,#1952,#1953) ;
#2074=AXIS2_PLACEMENT_3D('Plane Axis2P3D',#2071,#2072,#2073) ;
#2105=AXIS2_PLACEMENT_3D('Cylinder Axis2P3D',#2102,#2103,#2104) ;
#2109=AXIS2_PLACEMENT_3D('Circle Axis2P3D',#2107,#2108,$) ;
#2136=AXIS2_PLACEMENT_3D('Plane Axis2P3D',#2133,#2134,#2135) ;
#2160=AXIS2_PLACEMENT_3D('Cylinder Axis2P3D',#2157,#2158,#2159) ;
#2164=AXIS2_PLACEMENT_3D('Circle Axis2P3D',#2162,#2163,$) ;
#2184=AXIS2_PLACEMENT_3D('Plane Axis2P3D',#2181,#2182,#2183) ;
#2208=AXIS2_PLACEMENT_3D('Plane Axis2P3D',#2205,#2206,#2207) ;
#2239=AXIS2_PLACEMENT_3D('Cylinder Axis2P3D',#2236,#2237,#2238) ;
#2243=AXIS2_PLACEMENT_3D('Circle Axis2P3D',#2241,#2242,$) ;
#2263=AXIS2_PLACEMENT_3D('Plane Axis2P3D',#2260,#2261,#2262) ;
#2287=AXIS2_PLACEMENT_3D('Cylinder Axis2P3D',#2284,#2285,#2286) ;
#2291=AXIS2_PLACEMENT_3D('Circle Axis2P3D',#2289,#2290,$) ;
#2304=AXIS2_PLACEMENT_3D('Plane Axis2P3D',#2301,#2302,#2303) ;
#2328=AXIS2_PLACEMENT_3D('Cylinder Axis2P3D',#2325,#2326,#2327) ;
#2345=AXIS2_PLACEMENT_3D('Plane Axis2P3D',#2342,#2343,#2344) ;
#2369=AXIS2_PLACEMENT_3D('Plane Axis2P3D',#2366,#2367,#2368) ;
#2393=AXIS2_PLACEMENT_3D('Cylinder Axis2P3D',#2390,#2391,#2392) ;
#2413=AXIS2_PLACEMENT_3D('Circle Axis2P3D',#2411,#2412,$) ;
#2418=AXIS2_PLACEMENT_3D('Circle Axis2P3D',#2416,#2417,$) ;
#2442=AXIS2_PLACEMENT_3D('Cylinder Axis2P3D',#2439,#2440,#2441) ;
#2446=AXIS2_PLACEMENT_3D('Circle Axis2P3D',#2444,#2445,$) ;
#2451=AXIS2_PLACEMENT_3D('Circle Axis2P3D',#2449,#2450,$) ;
#2464=AXIS2_PLACEMENT_3D('Plane Axis2P3D',#2461,#2462,#2463) ;
#2468=AXIS2_PLACEMENT_3D('Circle Axis2P3D',#2466,#2467,$) ;
#2488=AXIS2_PLACEMENT_3D('Plane Axis2P3D',#2485,#2486,#2487) ;
#2552=AXIS2_PLACEMENT_3D('Plane Axis2P3D',#2549,#2550,#2551) ;
#2561=AXIS2_PLACEMENT_3D('Circle Axis2P3D',#2559,#2560,$) ;
#2574=AXIS2_PLACEMENT_3D('Plane Axis2P3D',#2571,#2572,#2573) ;
#2591=AXIS2_PLACEMENT_3D('Plane Axis2P3D',#2588,#2589,#2590) ;
#2595=AXIS2_PLACEMENT_3D('Circle Axis2P3D',#2593,#2594,$) ;
#2613=AXIS2_PLACEMENT_3D('Plane Axis2P3D',#2610,#2611,#2612) ;
#2617=AXIS2_PLACEMENT_3D('Circle Axis2P3D',#2615,#2616,$) ;
#2637=AXIS2_PLACEMENT_3D('Plane Axis2P3D',#2634,#2635,#2636) ;
#2687=AXIS2_PLACEMENT_3D('Cylinder Axis2P3D',#2684,#2685,#2686) ;
#2773=AXIS2_PLACEMENT_3D('Plane Axis2P3D',#2770,#2771,#2772) ;
#2795=AXIS2_PLACEMENT_3D('Cylinder Axis2P3D',#2792,#2793,#2794) ;
#2812=AXIS2_PLACEMENT_3D('Plane Axis2P3D',#2809,#2810,#2811) ;
#2829=AXIS2_PLACEMENT_3D('Cylinder Axis2P3D',#2826,#2827,#2828) ;
#2846=AXIS2_PLACEMENT_3D('Plane Axis2P3D',#2843,#2844,#2845) ;
#2858=AXIS2_PLACEMENT_3D('Cylinder Axis2P3D',#2855,#2856,#2857) ;
#2870=AXIS2_PLACEMENT_3D('Plane Axis2P3D',#2867,#2868,#2869) ;
#2887=AXIS2_PLACEMENT_3D('Cylinder Axis2P3D',#2884,#2885,#2886) ;
#2904=AXIS2_PLACEMENT_3D('Plane Axis2P3D',#2901,#2902,#2903) ;
#2921=AXIS2_PLACEMENT_3D('Cylinder Axis2P3D',#2918,#2919,#2920) ;
#2938=AXIS2_PLACEMENT_3D('Plane Axis2P3D',#2935,#2936,#2937) ;
#2955=AXIS2_PLACEMENT_3D('Cylinder Axis2P3D',#2952,#2953,#2954) ;
#2972=AXIS2_PLACEMENT_3D('Plane Axis2P3D',#2969,#2970,#2971) ;
#2989=AXIS2_PLACEMENT_3D('Cylinder Axis2P3D',#2986,#2987,#2988) ;
#3006=AXIS2_PLACEMENT_3D('Plane Axis2P3D',#3003,#3004,#3005) ;
#3023=AXIS2_PLACEMENT_3D('Cylinder Axis2P3D',#3020,#3021,#3022) ;
#3045=AXIS2_PLACEMENT_3D('Plane Axis2P3D',#3042,#3043,#3044) ;
#3062=AXIS2_PLACEMENT_3D('Cylinder Axis2P3D',#3059,#3060,#3061) ;
#3074=AXIS2_PLACEMENT_3D('Plane Axis2P3D',#3071,#3072,#3073) ;
#3091=AXIS2_PLACEMENT_3D('Plane Axis2P3D',#3088,#3089,#3090) ;
#3115=AXIS2_PLACEMENT_3D('Cylinder Axis2P3D',#3112,#3113,#3114) ;
#3119=AXIS2_PLACEMENT_3D('Circle Axis2P3D',#3117,#3118,$) ;
#3161=AXIS2_PLACEMENT_3D('Cylinder Axis2P3D',#3158,#3159,#3160) ;
#3182=AXIS2_PLACEMENT_3D('Circle Axis2P3D',#3180,#3181,$) ;
#3187=AXIS2_PLACEMENT_3D('Circle Axis2P3D',#3185,#3186,$) ;
#3226=AXIS2_PLACEMENT_3D('Plane Axis2P3D',#3223,#3224,#3225) ;
#3302=AXIS2_PLACEMENT_3D('Plane Axis2P3D',#3299,#3300,#3301) ;
#3306=AXIS2_PLACEMENT_3D('Circle Axis2P3D',#3304,#3305,$) ;
#3326=AXIS2_PLACEMENT_3D('Plane Axis2P3D',#3323,#3324,#3325) ;
#3337=AXIS2_PLACEMENT_3D('Circle Axis2P3D',#3335,#3336,$) ;
#3389=AXIS2_PLACEMENT_3D('Plane Axis2P3D',#3386,#3387,#3388) ;
#3393=AXIS2_PLACEMENT_3D('Circle Axis2P3D',#3391,#3392,$) ;
#3452=AXIS2_PLACEMENT_3D('Plane Axis2P3D',#3449,#3450,#3451) ;
#3456=AXIS2_PLACEMENT_3D('Circle Axis2P3D',#3454,#3455,$) ;
#3482=AXIS2_PLACEMENT_3D('Circle Axis2P3D',#3480,#3481,$) ;
#3501=AXIS2_PLACEMENT_3D('Cylinder Axis2P3D',#3498,#3499,#3500) ;
#3527=AXIS2_PLACEMENT_3D('Cylinder Axis2P3D',#3524,#3525,#3526) ;
#3531=AXIS2_PLACEMENT_3D('Circle Axis2P3D',#3529,#3530,$) ;
#3544=AXIS2_PLACEMENT_3D('Cylinder Axis2P3D',#3541,#3542,#3543) ;
#3579=AXIS2_PLACEMENT_3D('Plane Axis2P3D',#3576,#3577,#3578) ;
#3603=AXIS2_PLACEMENT_3D('Cylinder Axis2P3D',#3600,#3601,#3602) ;
#3607=AXIS2_PLACEMENT_3D('Circle Axis2P3D',#3605,#3606,$) ;
#3627=AXIS2_PLACEMENT_3D('Cylinder Axis2P3D',#3624,#3625,#3626) ;
#3631=AXIS2_PLACEMENT_3D('Circle Axis2P3D',#3629,#3630,$) ;
#3673=AXIS2_PLACEMENT_3D('Plane Axis2P3D',#3670,#3671,#3672) ;
#3677=AXIS2_PLACEMENT_3D('Circle Axis2P3D',#3675,#3676,$) ;
#3697=AXIS2_PLACEMENT_3D('Plane Axis2P3D',#3694,#3695,#3696) ;
#3776=AXIS2_PLACEMENT_3D('Plane Axis2P3D',#3773,#3774,#3775) ;
#3863=AXIS2_PLACEMENT_3D('Plane Axis2P3D',#3860,#3861,#3862) ;
#3910=AXIS2_PLACEMENT_3D('Cylinder Axis2P3D',#3907,#3908,#3909) ;
#3936=AXIS2_PLACEMENT_3D('Cylinder Axis2P3D',#3933,#3934,#3935) ;
#3949=AXIS2_PLACEMENT_3D('Circle Axis2P3D',#3947,#3948,$) ;
#3963=AXIS2_PLACEMENT_3D('Circle Axis2P3D',#3961,#3962,$) ;
#3978=AXIS2_PLACEMENT_3D('Plane Axis2P3D',#3975,#3976,#3977) ;
#3989=AXIS2_PLACEMENT_3D('Circle Axis2P3D',#3987,#3988,$) ;
#4041=AXIS2_PLACEMENT_3D('Plane Axis2P3D',#4038,#4039,#4040) ;
#4068=AXIS2_PLACEMENT_3D('Plane Axis2P3D',#4065,#4066,#4067) ;
#4079=AXIS2_PLACEMENT_3D('Circle Axis2P3D',#4077,#4078,$) ;
#4092=AXIS2_PLACEMENT_3D('Plane Axis2P3D',#4089,#4090,#4091) ;
#4203=AXIS2_PLACEMENT_3D('Cylinder Axis2P3D',#4200,#4201,#4202) ;
#4207=AXIS2_PLACEMENT_3D('Circle Axis2P3D',#4205,#4206,$) ;
#4234=AXIS2_PLACEMENT_3D('Plane Axis2P3D',#4231,#4232,#4233) ;
#4258=AXIS2_PLACEMENT_3D('Cylinder Axis2P3D',#4255,#4256,#4257) ;
#4262=AXIS2_PLACEMENT_3D('Circle Axis2P3D',#4260,#4261,$) ;
#4282=AXIS2_PLACEMENT_3D('Plane Axis2P3D',#4279,#4280,#4281) ;
#4299=AXIS2_PLACEMENT_3D('Cylinder Axis2P3D',#4296,#4297,#4298) ;
#4318=AXIS2_PLACEMENT_3D('Plane Axis2P3D',#4315,#4316,#4317) ;
#4335=AXIS2_PLACEMENT_3D('Plane Axis2P3D',#4332,#4333,#4334) ;
#4366=AXIS2_PLACEMENT_3D('Cylinder Axis2P3D',#4363,#4364,#4365) ;
#4370=AXIS2_PLACEMENT_3D('Circle Axis2P3D',#4368,#4369,$) ;
#4390=AXIS2_PLACEMENT_3D('Plane Axis2P3D',#4387,#4388,#4389) ;
#4414=AXIS2_PLACEMENT_3D('Cylinder Axis2P3D',#4411,#4412,#4413) ;
#4418=AXIS2_PLACEMENT_3D('Circle Axis2P3D',#4416,#4417,$) ;
#4431=AXIS2_PLACEMENT_3D('Plane Axis2P3D',#4428,#4429,#4430) ;
#4451=AXIS2_PLACEMENT_3D('Cylinder Axis2P3D',#4448,#4449,#4450) ;
#4490=AXIS2_PLACEMENT_3D('Cylinder Axis2P3D',#4487,#4488,#4489) ;
#4503=AXIS2_PLACEMENT_3D('Circle Axis2P3D',#4501,#4502,$) ;
#4517=AXIS2_PLACEMENT_3D('Circle Axis2P3D',#4515,#4516,$) ;
#4530=AXIS2_PLACEMENT_3D('Plane Axis2P3D',#4527,#4528,#4529) ;
#4561=AXIS2_PLACEMENT_3D('Cylinder Axis2P3D',#4558,#4559,#4560) ;
#4565=AXIS2_PLACEMENT_3D('Circle Axis2P3D',#4563,#4564,$) ;
#4579=AXIS2_PLACEMENT_3D('Circle Axis2P3D',#4577,#4578,$) ;
#4592=AXIS2_PLACEMENT_3D('Plane Axis2P3D',#4589,#4590,#4591) ;
#4623=AXIS2_PLACEMENT_3D('Cylinder Axis2P3D',#4620,#4621,#4622) ;
#4627=AXIS2_PLACEMENT_3D('Circle Axis2P3D',#4625,#4626,$) ;
#4641=AXIS2_PLACEMENT_3D('Circle Axis2P3D',#4639,#4640,$) ;
#4654=AXIS2_PLACEMENT_3D('Plane Axis2P3D',#4651,#4652,#4653) ;
#4685=AXIS2_PLACEMENT_3D('Cylinder Axis2P3D',#4682,#4683,#4684) ;
#4689=AXIS2_PLACEMENT_3D('Circle Axis2P3D',#4687,#4688,$) ;
#4703=AXIS2_PLACEMENT_3D('Circle Axis2P3D',#4701,#4702,$) ;
#4716=AXIS2_PLACEMENT_3D('Plane Axis2P3D',#4713,#4714,#4715) ;
#4747=AXIS2_PLACEMENT_3D('Cylinder Axis2P3D',#4744,#4745,#4746) ;
#4751=AXIS2_PLACEMENT_3D('Circle Axis2P3D',#4749,#4750,$) ;
#4765=AXIS2_PLACEMENT_3D('Circle Axis2P3D',#4763,#4764,$) ;
#4778=AXIS2_PLACEMENT_3D('Plane Axis2P3D',#4775,#4776,#4777) ;
#4809=AXIS2_PLACEMENT_3D('Cylinder Axis2P3D',#4806,#4807,#4808) ;
#4813=AXIS2_PLACEMENT_3D('Circle Axis2P3D',#4811,#4812,$) ;
#4827=AXIS2_PLACEMENT_3D('Circle Axis2P3D',#4825,#4826,$) ;
#4866=AXIS2_PLACEMENT_3D('Cylinder Axis2P3D',#4863,#4864,#4865) ;
#4870=AXIS2_PLACEMENT_3D('Circle Axis2P3D',#4868,#4869,$) ;
#4884=AXIS2_PLACEMENT_3D('Circle Axis2P3D',#4882,#4883,$) ;
#4897=AXIS2_PLACEMENT_3D('Plane Axis2P3D',#4894,#4895,#4896) ;
#4928=AXIS2_PLACEMENT_3D('Cylinder Axis2P3D',#4925,#4926,#4927) ;
#4932=AXIS2_PLACEMENT_3D('Circle Axis2P3D',#4930,#4931,$) ;
#4946=AXIS2_PLACEMENT_3D('Circle Axis2P3D',#4944,#4945,$) ;
#4959=AXIS2_PLACEMENT_3D('Plane Axis2P3D',#4956,#4957,#4958) ;
#4990=AXIS2_PLACEMENT_3D('Cylinder Axis2P3D',#4987,#4988,#4989) ;
#4994=AXIS2_PLACEMENT_3D('Circle Axis2P3D',#4992,#4993,$) ;
#5008=AXIS2_PLACEMENT_3D('Circle Axis2P3D',#5006,#5007,$) ;
#5021=AXIS2_PLACEMENT_3D('Plane Axis2P3D',#5018,#5019,#5020) ;
#5052=AXIS2_PLACEMENT_3D('Cylinder Axis2P3D',#5049,#5050,#5051) ;
#5056=AXIS2_PLACEMENT_3D('Circle Axis2P3D',#5054,#5055,$) ;
#5070=AXIS2_PLACEMENT_3D('Circle Axis2P3D',#5068,#5069,$) ;
#5083=AXIS2_PLACEMENT_3D('Plane Axis2P3D',#5080,#5081,#5082) ;
#5114=AXIS2_PLACEMENT_3D('Cylinder Axis2P3D',#5111,#5112,#5113) ;
#5118=AXIS2_PLACEMENT_3D('Circle Axis2P3D',#5116,#5117,$) ;
#5132=AXIS2_PLACEMENT_3D('Circle Axis2P3D',#5130,#5131,$) ;
#5145=AXIS2_PLACEMENT_3D('Plane Axis2P3D',#5142,#5143,#5144) ;
#5176=AXIS2_PLACEMENT_3D('Cylinder Axis2P3D',#5173,#5174,#5175) ;
#5180=AXIS2_PLACEMENT_3D('Circle Axis2P3D',#5178,#5179,$) ;
#5194=AXIS2_PLACEMENT_3D('Circle Axis2P3D',#5192,#5193,$) ;
#5207=AXIS2_PLACEMENT_3D('Cylinder Axis2P3D',#5204,#5205,#5206) ;
#5211=AXIS2_PLACEMENT_3D('Circle Axis2P3D',#5209,#5210,$) ;
#5225=AXIS2_PLACEMENT_3D('Circle Axis2P3D',#5223,#5224,$) ;
#5238=AXIS2_PLACEMENT_3D('Plane Axis2P3D',#5235,#5236,#5237) ;
#5269=AXIS2_PLACEMENT_3D('Cylinder Axis2P3D',#5266,#5267,#5268) ;
#5273=AXIS2_PLACEMENT_3D('Circle Axis2P3D',#5271,#5272,$) ;
#5287=AXIS2_PLACEMENT_3D('Circle Axis2P3D',#5285,#5286,$) ;
#5326=AXIS2_PLACEMENT_3D('Cylinder Axis2P3D',#5323,#5324,#5325) ;
#5330=AXIS2_PLACEMENT_3D('Circle Axis2P3D',#5328,#5329,$) ;
#5344=AXIS2_PLACEMENT_3D('Circle Axis2P3D',#5342,#5343,$) ;
#5357=AXIS2_PLACEMENT_3D('Plane Axis2P3D',#5354,#5355,#5356) ;
#5388=AXIS2_PLACEMENT_3D('Cylinder Axis2P3D',#5385,#5386,#5387) ;
#5392=AXIS2_PLACEMENT_3D('Circle Axis2P3D',#5390,#5391,$) ;
#5406=AXIS2_PLACEMENT_3D('Circle Axis2P3D',#5404,#5405,$) ;
#5419=AXIS2_PLACEMENT_3D('Cylinder Axis2P3D',#5416,#5417,#5418) ;
#5423=AXIS2_PLACEMENT_3D('Circle Axis2P3D',#5421,#5422,$) ;
#5437=AXIS2_PLACEMENT_3D('Circle Axis2P3D',#5435,#5436,$) ;
#5450=AXIS2_PLACEMENT_3D('Plane Axis2P3D',#5447,#5448,#5449) ;
#5481=AXIS2_PLACEMENT_3D('Cylinder Axis2P3D',#5478,#5479,#5480) ;
#5485=AXIS2_PLACEMENT_3D('Circle Axis2P3D',#5483,#5484,$) ;
#5499=AXIS2_PLACEMENT_3D('Circle Axis2P3D',#5497,#5498,$) ;
#5538=AXIS2_PLACEMENT_3D('Cylinder Axis2P3D',#5535,#5536,#5537) ;
#5542=AXIS2_PLACEMENT_3D('Circle Axis2P3D',#5540,#5541,$) ;
#5556=AXIS2_PLACEMENT_3D('Circle Axis2P3D',#5554,#5555,$) ;
#5569=AXIS2_PLACEMENT_3D('Plane Axis2P3D',#5566,#5567,#5568) ;
#5600=AXIS2_PLACEMENT_3D('Cylinder Axis2P3D',#5597,#5598,#5599) ;
#5604=AXIS2_PLACEMENT_3D('Circle Axis2P3D',#5602,#5603,$) ;
#5618=AXIS2_PLACEMENT_3D('Circle Axis2P3D',#5616,#5617,$) ;
#5657=AXIS2_PLACEMENT_3D('Cylinder Axis2P3D',#5654,#5655,#5656) ;
#5661=AXIS2_PLACEMENT_3D('Circle Axis2P3D',#5659,#5660,$) ;
#5675=AXIS2_PLACEMENT_3D('Circle Axis2P3D',#5673,#5674,$) ;
#5688=AXIS2_PLACEMENT_3D('Plane Axis2P3D',#5685,#5686,#5687) ;
#5719=AXIS2_PLACEMENT_3D('Cylinder Axis2P3D',#5716,#5717,#5718) ;
#5723=AXIS2_PLACEMENT_3D('Circle Axis2P3D',#5721,#5722,$) ;
#5737=AXIS2_PLACEMENT_3D('Circle Axis2P3D',#5735,#5736,$) ;
#5750=AXIS2_PLACEMENT_3D('Plane Axis2P3D',#5747,#5748,#5749) ;
#5772=AXIS2_PLACEMENT_3D('Plane Axis2P3D',#5769,#5770,#5771) ;
#5822=AXIS2_PLACEMENT_3D('Plane Axis2P3D',#5819,#5820,#5821) ;
#5872=AXIS2_PLACEMENT_3D('Absolute Axis System',#5869,#5870,#5871) ;
#39=LINE('Line',#36,#38) ;
#48=LINE('Line',#45,#47) ;
#55=LINE('Line',#52,#54) ;
#62=LINE('Line',#59,#61) ;
#79=LINE('Line',#76,#78) ;
#86=LINE('Line',#83,#85) ;
#93=LINE('Line',#90,#92) ;
#110=LINE('Line',#107,#109) ;
#117=LINE('Line',#114,#116) ;
#124=LINE('Line',#121,#123) ;
#141=LINE('Line',#138,#140) ;
#148=LINE('Line',#145,#147) ;
#155=LINE('Line',#152,#154) ;
#172=LINE('Line',#169,#171) ;
#179=LINE('Line',#176,#178) ;
#186=LINE('Line',#183,#185) ;
#203=LINE('Line',#200,#202) ;
#208=LINE('Line',#205,#207) ;
#234=LINE('Line',#231,#233) ;
#248=LINE('Line',#245,#247) ;
#323=LINE('Line',#320,#322) ;
#332=LINE('Line',#329,#331) ;
#339=LINE('Line',#336,#338) ;
#346=LINE('Line',#343,#345) ;
#363=LINE('Line',#360,#362) ;
#370=LINE('Line',#367,#369) ;
#377=LINE('Line',#374,#376) ;
#394=LINE('Line',#391,#393) ;
#401=LINE('Line',#398,#400) ;
#408=LINE('Line',#405,#407) ;
#425=LINE('Line',#422,#424) ;
#432=LINE('Line',#429,#431) ;
#439=LINE('Line',#436,#438) ;
#456=LINE('Line',#453,#455) ;
#463=LINE('Line',#460,#462) ;
#470=LINE('Line',#467,#469) ;
#487=LINE('Line',#484,#486) ;
#492=LINE('Line',#489,#491) ;
#518=LINE('Line',#515,#517) ;
#532=LINE('Line',#529,#531) ;
#612=LINE('Line',#609,#611) ;
#628=LINE('Line',#625,#627) ;
#669=LINE('Line',#666,#668) ;
#685=LINE('Line',#682,#684) ;
#699=LINE('Line',#696,#698) ;
#706=LINE('Line',#703,#705) ;
#713=LINE('Line',#710,#712) ;
#727=LINE('Line',#724,#726) ;
#741=LINE('Line',#738,#740) ;
#755=LINE('Line',#752,#754) ;
#769=LINE('Line',#766,#768) ;
#776=LINE('Line',#773,#775) ;
#783=LINE('Line',#780,#782) ;
#797=LINE('Line',#794,#796) ;
#871=LINE('Line',#868,#870) ;
#916=LINE('Line',#913,#915) ;
#933=LINE('Line',#930,#932) ;
#950=LINE('Line',#947,#949) ;
#973=LINE('Line',#970,#972) ;
#996=LINE('Line',#993,#995) ;
#1013=LINE('Line',#1010,#1012) ;
#1134=LINE('Line',#1131,#1133) ;
#1151=LINE('Line',#1148,#1150) ;
#1210=LINE('Line',#1207,#1209) ;
#1238=LINE('Line',#1235,#1237) ;
#1330=LINE('Line',#1327,#1329) ;
#1337=LINE('Line',#1334,#1336) ;
#1361=LINE('Line',#1358,#1360) ;
#1368=LINE('Line',#1365,#1367) ;
#1399=LINE('Line',#1396,#1398) ;
#1416=LINE('Line',#1413,#1415) ;
#1449=LINE('Line',#1446,#1448) ;
#1454=LINE('Line',#1451,#1453) ;
#1471=LINE('Line',#1468,#1470) ;
#1478=LINE('Line',#1475,#1477) ;
#1495=LINE('Line',#1492,#1494) ;
#1507=LINE('Line',#1504,#1506) ;
#1521=LINE('Line',#1518,#1520) ;
#1535=LINE('Line',#1532,#1534) ;
#1549=LINE('Line',#1546,#1548) ;
#1563=LINE('Line',#1560,#1562) ;
#1593=LINE('Line',#1590,#1592) ;
#1607=LINE('Line',#1604,#1606) ;
#1627=LINE('Line',#1624,#1626) ;
#1641=LINE('Line',#1638,#1640) ;
#1658=LINE('Line',#1655,#1657) ;
#1663=LINE('Line',#1660,#1662) ;
#1680=LINE('Line',#1677,#1679) ;
#1697=LINE('Line',#1694,#1696) ;
#1714=LINE('Line',#1711,#1713) ;
#1731=LINE('Line',#1728,#1730) ;
#1760=LINE('Line',#1757,#1759) ;
#1765=LINE('Line',#1762,#1764) ;
#1782=LINE('Line',#1779,#1781) ;
#1787=LINE('Line',#1784,#1786) ;
#1816=LINE('Line',#1813,#1815) ;
#1821=LINE('Line',#1818,#1820) ;
#1838=LINE('Line',#1835,#1837) ;
#1855=LINE('Line',#1852,#1854) ;
#1884=LINE('Line',#1881,#1883) ;
#1901=LINE('Line',#1898,#1900) ;
#1918=LINE('Line',#1915,#1917) ;
#1971=LINE('Line',#1968,#1970) ;
#1988=LINE('Line',#1985,#1987) ;
#1995=LINE('Line',#1992,#1994) ;
#2002=LINE('Line',#1999,#2001) ;
#2036=LINE('Line',#2033,#2035) ;
#2062=LINE('Line',#2059,#2061) ;
#2079=LINE('Line',#2076,#2078) ;
#2086=LINE('Line',#2083,#2085) ;
#2093=LINE('Line',#2090,#2092) ;
#2119=LINE('Line',#2116,#2118) ;
#2124=LINE('Line',#2121,#2123) ;
#2141=LINE('Line',#2138,#2140) ;
#2148=LINE('Line',#2145,#2147) ;
#2172=LINE('Line',#2169,#2171) ;
#2189=LINE('Line',#2186,#2188) ;
#2196=LINE('Line',#2193,#2195) ;
#2213=LINE('Line',#2210,#2212) ;
#2222=LINE('Line',#2219,#2221) ;
#2227=LINE('Line',#2224,#2226) ;
#2251=LINE('Line',#2248,#2250) ;
#2268=LINE('Line',#2265,#2267) ;
#2275=LINE('Line',#2272,#2274) ;
#2309=LINE('Line',#2306,#2308) ;
#2316=LINE('Line',#2313,#2315) ;
#2333=LINE('Line',#2330,#2332) ;
#2350=LINE('Line',#2347,#2349) ;
#2357=LINE('Line',#2354,#2356) ;
#2374=LINE('Line',#2371,#2373) ;
#2381=LINE('Line',#2378,#2380) ;
#2398=LINE('Line',#2395,#2397) ;
#2407=LINE('Line',#2404,#2406) ;
#2476=LINE('Line',#2473,#2475) ;
#2493=LINE('Line',#2490,#2492) ;
#2557=LINE('Line',#2554,#2556) ;
#2579=LINE('Line',#2576,#2578) ;
#2601=LINE('Line',#2598,#2600) ;
#2625=LINE('Line',#2622,#2624) ;
#2642=LINE('Line',#2639,#2641) ;
#2651=LINE('Line',#2648,#2650) ;
#2672=LINE('Line',#2669,#2671) ;
#2692=LINE('Line',#2689,#2691) ;
#2699=LINE('Line',#2696,#2698) ;
#2731=LINE('Line',#2728,#2730) ;
#2761=LINE('Line',#2758,#2760) ;
#2778=LINE('Line',#2775,#2777) ;
#2783=LINE('Line',#2780,#2782) ;
#2800=LINE('Line',#2797,#2799) ;
#2817=LINE('Line',#2814,#2816) ;
#2834=LINE('Line',#2831,#2833) ;
#2875=LINE('Line',#2872,#2874) ;
#2892=LINE('Line',#2889,#2891) ;
#2909=LINE('Line',#2906,#2908) ;
#2926=LINE('Line',#2923,#2925) ;
#2943=LINE('Line',#2940,#2942) ;
#2960=LINE('Line',#2957,#2959) ;
#2977=LINE('Line',#2974,#2976) ;
#2994=LINE('Line',#2991,#2993) ;
#3011=LINE('Line',#3008,#3010) ;
#3028=LINE('Line',#3025,#3027) ;
#3033=LINE('Line',#3030,#3032) ;
#3050=LINE('Line',#3047,#3049) ;
#3079=LINE('Line',#3076,#3078) ;
#3096=LINE('Line',#3093,#3095) ;
#3103=LINE('Line',#3100,#3102) ;
#3140=LINE('Line',#3137,#3139) ;
#3147=LINE('Line',#3144,#3146) ;
#3166=LINE('Line',#3163,#3165) ;
#3203=LINE('Line',#3200,#3202) ;
#3210=LINE('Line',#3207,#3209) ;
#3231=LINE('Line',#3228,#3230) ;
#3238=LINE('Line',#3235,#3237) ;
#3314=LINE('Line',#3311,#3313) ;
#3331=LINE('Line',#3328,#3330) ;
#3401=LINE('Line',#3398,#3400) ;
#3464=LINE('Line',#3461,#3463) ;
#3471=LINE('Line',#3468,#3470) ;
#3478=LINE('Line',#3475,#3477) ;
#3506=LINE('Line',#3503,#3505) ;
#3513=LINE('Line',#3510,#3512) ;
#3549=LINE('Line',#3546,#3548) ;
#3558=LINE('Line',#3555,#3557) ;
#3563=LINE('Line',#3560,#3562) ;
#3584=LINE('Line',#3581,#3583) ;
#3591=LINE('Line',#3588,#3590) ;
#3615=LINE('Line',#3612,#3614) ;
#3652=LINE('Line',#3649,#3651) ;
#3659=LINE('Line',#3656,#3658) ;
#3685=LINE('Line',#3682,#3684) ;
#3702=LINE('Line',#3699,#3701) ;
#3709=LINE('Line',#3706,#3708) ;
#3797=LINE('Line',#3794,#3796) ;
#3804=LINE('Line',#3801,#3803) ;
#3811=LINE('Line',#3808,#3810) ;
#3846=LINE('Line',#3843,#3845) ;
#3851=LINE('Line',#3848,#3850) ;
#3868=LINE('Line',#3865,#3867) ;
#3875=LINE('Line',#3872,#3874) ;
#3915=LINE('Line',#3912,#3914) ;
#3922=LINE('Line',#3919,#3921) ;
#3957=LINE('Line',#3954,#3956) ;
#3983=LINE('Line',#3980,#3982) ;
#4046=LINE('Line',#4043,#4045) ;
#4053=LINE('Line',#4050,#4052) ;
#4073=LINE('Line',#4070,#4072) ;
#4109=LINE('Line',#4106,#4108) ;
#4126=LINE('Line',#4123,#4125) ;
#4131=LINE('Line',#4128,#4130) ;
#4165=LINE('Line',#4162,#4164) ;
#4191=LINE('Line',#4188,#4190) ;
#4217=LINE('Line',#4214,#4216) ;
#4222=LINE('Line',#4219,#4221) ;
#4239=LINE('Line',#4236,#4238) ;
#4246=LINE('Line',#4243,#4245) ;
#4270=LINE('Line',#4267,#4269) ;
#4287=LINE('Line',#4284,#4286) ;
#4304=LINE('Line',#4301,#4303) ;
#4323=LINE('Line',#4320,#4322) ;
#4340=LINE('Line',#4337,#4339) ;
#4349=LINE('Line',#4346,#4348) ;
#4354=LINE('Line',#4351,#4353) ;
#4378=LINE('Line',#4375,#4377) ;
#4395=LINE('Line',#4392,#4394) ;
#4402=LINE('Line',#4399,#4401) ;
#4456=LINE('Line',#4453,#4455) ;
#4461=LINE('Line',#4458,#4460) ;
#4495=LINE('Line',#4492,#4494) ;
#4511=LINE('Line',#4508,#4510) ;
#4535=LINE('Line',#4532,#4534) ;
#4542=LINE('Line',#4539,#4541) ;
#4549=LINE('Line',#4546,#4548) ;
#4573=LINE('Line',#4570,#4572) ;
#4597=LINE('Line',#4594,#4596) ;
#4604=LINE('Line',#4601,#4603) ;
#4611=LINE('Line',#4608,#4610) ;
#4635=LINE('Line',#4632,#4634) ;
#4659=LINE('Line',#4656,#4658) ;
#4666=LINE('Line',#4663,#4665) ;
#4673=LINE('Line',#4670,#4672) ;
#4697=LINE('Line',#4694,#4696) ;
#4721=LINE('Line',#4718,#4720) ;
#4728=LINE('Line',#4725,#4727) ;
#4735=LINE('Line',#4732,#4734) ;
#4759=LINE('Line',#4756,#4758) ;
#4783=LINE('Line',#4780,#4782) ;
#4790=LINE('Line',#4787,#4789) ;
#4797=LINE('Line',#4794,#4796) ;
#4821=LINE('Line',#4818,#4820) ;
#4840=LINE('Line',#4837,#4839) ;
#4847=LINE('Line',#4844,#4846) ;
#4854=LINE('Line',#4851,#4853) ;
#4878=LINE('Line',#4875,#4877) ;
#4902=LINE('Line',#4899,#4901) ;
#4909=LINE('Line',#4906,#4908) ;
#4916=LINE('Line',#4913,#4915) ;
#4940=LINE('Line',#4937,#4939) ;
#4964=LINE('Line',#4961,#4963) ;
#4971=LINE('Line',#4968,#4970) ;
#4978=LINE('Line',#4975,#4977) ;
#5002=LINE('Line',#4999,#5001) ;
#5026=LINE('Line',#5023,#5025) ;
#5033=LINE('Line',#5030,#5032) ;
#5040=LINE('Line',#5037,#5039) ;
#5064=LINE('Line',#5061,#5063) ;
#5088=LINE('Line',#5085,#5087) ;
#5095=LINE('Line',#5092,#5094) ;
#5102=LINE('Line',#5099,#5101) ;
#5126=LINE('Line',#5123,#5125) ;
#5150=LINE('Line',#5147,#5149) ;
#5157=LINE('Line',#5154,#5156) ;
#5164=LINE('Line',#5161,#5163) ;
#5188=LINE('Line',#5185,#5187) ;
#5219=LINE('Line',#5216,#5218) ;
#5243=LINE('Line',#5240,#5242) ;
#5250=LINE('Line',#5247,#5249) ;
#5257=LINE('Line',#5254,#5256) ;
#5281=LINE('Line',#5278,#5280) ;
#5300=LINE('Line',#5297,#5299) ;
#5307=LINE('Line',#5304,#5306) ;
#5314=LINE('Line',#5311,#5313) ;
#5338=LINE('Line',#5335,#5337) ;
#5362=LINE('Line',#5359,#5361) ;
#5369=LINE('Line',#5366,#5368) ;
#5376=LINE('Line',#5373,#5375) ;
#5400=LINE('Line',#5397,#5399) ;
#5431=LINE('Line',#5428,#5430) ;
#5455=LINE('Line',#5452,#5454) ;
#5462=LINE('Line',#5459,#5461) ;
#5469=LINE('Line',#5466,#5468) ;
#5493=LINE('Line',#5490,#5492) ;
#5512=LINE('Line',#5509,#5511) ;
#5519=LINE('Line',#5516,#5518) ;
#5526=LINE('Line',#5523,#5525) ;
#5550=LINE('Line',#5547,#5549) ;
#5574=LINE('Line',#5571,#5573) ;
#5581=LINE('Line',#5578,#5580) ;
#5588=LINE('Line',#5585,#5587) ;
#5612=LINE('Line',#5609,#5611) ;
#5631=LINE('Line',#5628,#5630) ;
#5638=LINE('Line',#5635,#5637) ;
#5645=LINE('Line',#5642,#5644) ;
#5669=LINE('Line',#5666,#5668) ;
#5693=LINE('Line',#5690,#5692) ;
#5700=LINE('Line',#5697,#5699) ;
#5707=LINE('Line',#5704,#5706) ;
#5731=LINE('Line',#5728,#5730) ;
#5755=LINE('Line',#5752,#5754) ;
#5760=LINE('Line',#5757,#5759) ;
#225=CIRCLE('generated circle',#224,3.375) ;
#241=CIRCLE('generated circle',#240,3.375) ;
#260=CIRCLE('generated circle',#259,3.375) ;
#265=CIRCLE('generated circle',#264,3.375) ;
#509=CIRCLE('generated circle',#508,3.375) ;
#525=CIRCLE('generated circle',#524,3.375) ;
#544=CIRCLE('generated circle',#543,3.375) ;
#549=CIRCLE('generated circle',#548,3.375) ;
#621=CIRCLE('generated circle',#620,5.) ;
#635=CIRCLE('generated circle',#634,5.) ;
#647=CIRCLE('generated circle',#646,5.) ;
#652=CIRCLE('generated circle',#651,5.) ;
#678=CIRCLE('generated circle',#677,5.) ;
#692=CIRCLE('generated circle',#691,15.) ;
#720=CIRCLE('generated circle',#719,15.) ;
#734=CIRCLE('generated circle',#733,5.) ;
#748=CIRCLE('generated circle',#747,5.) ;
#762=CIRCLE('generated circle',#761,15.) ;
#790=CIRCLE('generated circle',#789,15.) ;
#804=CIRCLE('generated circle',#803,5.) ;
#835=CIRCLE('generated circle',#834,5.) ;
#844=CIRCLE('generated circle',#843,5.) ;
#1344=CIRCLE('generated circle',#1343,5.) ;
#1385=CIRCLE('generated circle',#1384,8.) ;
#1392=CIRCLE('generated circle',#1391,13.) ;
#1423=CIRCLE('generated circle',#1422,13.) ;
#1440=CIRCLE('generated circle',#1439,8.) ;
#1500=CIRCLE('generated circle',#1499,5.) ;
#1514=CIRCLE('generated circle',#1513,5.) ;
#1528=CIRCLE('generated circle',#1527,5.) ;
#1542=CIRCLE('generated circle',#1541,5.) ;
#1556=CIRCLE('generated circle',#1555,5.) ;
#1584=CIRCLE('generated circle',#1583,4.5) ;
#1600=CIRCLE('generated circle',#1599,4.5) ;
#1618=CIRCLE('generated circle',#1617,4.5) ;
#1634=CIRCLE('generated circle',#1633,4.5) ;
#2110=CIRCLE('generated circle',#2109,5.) ;
#2165=CIRCLE('generated circle',#2164,5.) ;
#2244=CIRCLE('generated circle',#2243,5.5) ;
#2292=CIRCLE('generated circle',#2291,5.5) ;
#2414=CIRCLE('generated circle',#2413,8.) ;
#2419=CIRCLE('generated circle',#2418,8.) ;
#2447=CIRCLE('generated circle',#2446,13.) ;
#2452=CIRCLE('generated circle',#2451,13.) ;
#2469=CIRCLE('generated circle',#2468,13.) ;
#2562=CIRCLE('generated circle',#2561,8.) ;
#2596=CIRCLE('generated circle',#2595,8.) ;
#2618=CIRCLE('generated circle',#2617,13.) ;
#3120=CIRCLE('generated circle',#3119,13.) ;
#3183=CIRCLE('generated circle',#3182,8.) ;
#3188=CIRCLE('generated circle',#3187,8.) ;
#3307=CIRCLE('generated circle',#3306,13.) ;
#3338=CIRCLE('generated circle',#3337,13.) ;
#3394=CIRCLE('generated circle',#3393,8.) ;
#3457=CIRCLE('generated circle',#3456,15.) ;
#3483=CIRCLE('generated circle',#3482,15.) ;
#3532=CIRCLE('generated circle',#3531,15.) ;
#3608=CIRCLE('generated circle',#3607,15.) ;
#3632=CIRCLE('generated circle',#3631,13.) ;
#3678=CIRCLE('generated circle',#3677,8.) ;
#3950=CIRCLE('generated circle',#3949,8.) ;
#3964=CIRCLE('generated circle',#3963,8.) ;
#3990=CIRCLE('generated circle',#3989,13.) ;
#4080=CIRCLE('generated circle',#4079,13.) ;
#4208=CIRCLE('generated circle',#4207,5.) ;
#4263=CIRCLE('generated circle',#4262,5.) ;
#4371=CIRCLE('generated circle',#4370,5.5) ;
#4419=CIRCLE('generated circle',#4418,5.5) ;
#4504=CIRCLE('generated circle',#4503,4.45) ;
#4518=CIRCLE('generated circle',#4517,4.45) ;
#4566=CIRCLE('generated circle',#4565,1.35) ;
#4580=CIRCLE('generated circle',#4579,1.35) ;
#4628=CIRCLE('generated circle',#4627,1.) ;
#4642=CIRCLE('generated circle',#4641,1.) ;
#4690=CIRCLE('generated circle',#4689,4.) ;
#4704=CIRCLE('generated circle',#4703,4.) ;
#4752=CIRCLE('generated circle',#4751,0.401638641836) ;
#4766=CIRCLE('generated circle',#4765,0.401638641836) ;
#4814=CIRCLE('generated circle',#4813,0.2) ;
#4828=CIRCLE('generated circle',#4827,0.2) ;
#4871=CIRCLE('generated circle',#4870,1.75) ;
#4885=CIRCLE('generated circle',#4884,1.75) ;
#4933=CIRCLE('generated circle',#4932,1.75) ;
#4947=CIRCLE('generated circle',#4946,1.75) ;
#4995=CIRCLE('generated circle',#4994,0.3) ;
#5009=CIRCLE('generated circle',#5008,0.3) ;
#5057=CIRCLE('generated circle',#5056,0.1) ;
#5071=CIRCLE('generated circle',#5070,0.1) ;
#5119=CIRCLE('generated circle',#5118,0.1) ;
#5133=CIRCLE('generated circle',#5132,0.1) ;
#5181=CIRCLE('generated circle',#5180,0.3) ;
#5195=CIRCLE('generated circle',#5194,0.3) ;
#5212=CIRCLE('generated circle',#5211,0.3) ;
#5226=CIRCLE('generated circle',#5225,0.3) ;
#5274=CIRCLE('generated circle',#5273,0.1) ;
#5288=CIRCLE('generated circle',#5287,0.1) ;
#5331=CIRCLE('generated circle',#5330,0.1) ;
#5345=CIRCLE('generated circle',#5344,0.1) ;
#5393=CIRCLE('generated circle',#5392,0.3) ;
#5407=CIRCLE('generated circle',#5406,0.3) ;
#5424=CIRCLE('generated circle',#5423,0.3) ;
#5438=CIRCLE('generated circle',#5437,0.3) ;
#5486=CIRCLE('generated circle',#5485,0.1) ;
#5500=CIRCLE('generated circle',#5499,0.1) ;
#5543=CIRCLE('generated circle',#5542,0.1) ;
#5557=CIRCLE('generated circle',#5556,0.1) ;
#5605=CIRCLE('generated circle',#5604,0.3) ;
#5619=CIRCLE('generated circle',#5618,0.3) ;
#5662=CIRCLE('generated circle',#5661,1.35) ;
#5676=CIRCLE('generated circle',#5675,1.35) ;
#5724=CIRCLE('generated circle',#5723,4.45) ;
#5738=CIRCLE('generated circle',#5737,4.45) ;
#35=PLANE('',#34) ;
#75=PLANE('',#74) ;
#106=PLANE('',#105) ;
#137=PLANE('',#136) ;
#168=PLANE('',#167) ;
#199=PLANE('',#198) ;
#278=PLANE('',#277) ;
#296=PLANE('',#295) ;
#319=PLANE('',#318) ;
#359=PLANE('',#358) ;
#390=PLANE('',#389) ;
#421=PLANE('',#420) ;
#452=PLANE('',#451) ;
#483=PLANE('',#482) ;
#562=PLANE('',#561) ;
#580=PLANE('',#579) ;
#665=PLANE('',#664) ;
#855=PLANE('',#854) ;
#1088=PLANE('',#1087) ;
#1357=PLANE('',#1356) ;
#1381=PLANE('',#1380) ;
#1436=PLANE('',#1435) ;
#1467=PLANE('',#1466) ;
#1491=PLANE('',#1490) ;
#1654=PLANE('',#1653) ;
#1693=PLANE('',#1692) ;
#1727=PLANE('',#1726) ;
#1756=PLANE('',#1755) ;
#1778=PLANE('',#1777) ;
#1834=PLANE('',#1833) ;
#1851=PLANE('',#1850) ;
#1880=PLANE('',#1879) ;
#1931=PLANE('',#1930) ;
#1955=PLANE('',#1954) ;
#2075=PLANE('',#2074) ;
#2137=PLANE('',#2136) ;
#2185=PLANE('',#2184) ;
#2209=PLANE('',#2208) ;
#2264=PLANE('',#2263) ;
#2305=PLANE('',#2304) ;
#2346=PLANE('',#2345) ;
#2370=PLANE('',#2369) ;
#2465=PLANE('',#2464) ;
#2489=PLANE('',#2488) ;
#2553=PLANE('',#2552) ;
#2575=PLANE('',#2574) ;
#2592=PLANE('',#2591) ;
#2614=PLANE('',#2613) ;
#2638=PLANE('',#2637) ;
#2774=PLANE('',#2773) ;
#2813=PLANE('',#2812) ;
#2847=PLANE('',#2846) ;
#2871=PLANE('',#2870) ;
#2905=PLANE('',#2904) ;
#2939=PLANE('',#2938) ;
#2973=PLANE('',#2972) ;
#3007=PLANE('',#3006) ;
#3046=PLANE('',#3045) ;
#3075=PLANE('',#3074) ;
#3092=PLANE('',#3091) ;
#3227=PLANE('',#3226) ;
#3303=PLANE('',#3302) ;
#3327=PLANE('',#3326) ;
#3390=PLANE('',#3389) ;
#3453=PLANE('',#3452) ;
#3580=PLANE('',#3579) ;
#3674=PLANE('',#3673) ;
#3698=PLANE('',#3697) ;
#3777=PLANE('',#3776) ;
#3864=PLANE('',#3863) ;
#3979=PLANE('',#3978) ;
#4042=PLANE('',#4041) ;
#4069=PLANE('',#4068) ;
#4093=PLANE('',#4092) ;
#4235=PLANE('',#4234) ;
#4283=PLANE('',#4282) ;
#4319=PLANE('',#4318) ;
#4336=PLANE('',#4335) ;
#4391=PLANE('',#4390) ;
#4432=PLANE('',#4431) ;
#4531=PLANE('',#4530) ;
#4593=PLANE('',#4592) ;
#4655=PLANE('',#4654) ;
#4717=PLANE('',#4716) ;
#4779=PLANE('',#4778) ;
#4898=PLANE('',#4897) ;
#4960=PLANE('',#4959) ;
#5022=PLANE('',#5021) ;
#5084=PLANE('',#5083) ;
#5146=PLANE('',#5145) ;
#5239=PLANE('',#5238) ;
#5358=PLANE('',#5357) ;
#5451=PLANE('',#5450) ;
#5570=PLANE('',#5569) ;
#5689=PLANE('',#5688) ;
#5751=PLANE('',#5750) ;
#5773=PLANE('',#5772) ;
#5823=PLANE('',#5822) ;
#221=CYLINDRICAL_SURFACE('generated cylinder',#220,3.375) ;
#505=CYLINDRICAL_SURFACE('generated cylinder',#504,3.375) ;
#608=CYLINDRICAL_SURFACE('generated cylinder',#607,5.) ;
#1326=CYLINDRICAL_SURFACE('generated cylinder',#1325,5.) ;
#1412=CYLINDRICAL_SURFACE('generated cylinder',#1411,13.) ;
#1676=CYLINDRICAL_SURFACE('generated cylinder',#1675,5.) ;
#1710=CYLINDRICAL_SURFACE('generated cylinder',#1709,5.) ;
#1744=CYLINDRICAL_SURFACE('generated cylinder',#1743,5.) ;
#1800=CYLINDRICAL_SURFACE('generated cylinder',#1799,4.5) ;
#1812=CYLINDRICAL_SURFACE('generated cylinder',#1811,4.5) ;
#1868=CYLINDRICAL_SURFACE('generated cylinder',#1867,4.5) ;
#1897=CYLINDRICAL_SURFACE('generated cylinder',#1896,5.) ;
#1914=CYLINDRICAL_SURFACE('generated cylinder',#1913,5.) ;
#1943=CYLINDRICAL_SURFACE('generated cylinder',#1942,4.5) ;
#2106=CYLINDRICAL_SURFACE('generated cylinder',#2105,5.) ;
#2161=CYLINDRICAL_SURFACE('generated cylinder',#2160,5.) ;
#2240=CYLINDRICAL_SURFACE('generated cylinder',#2239,5.5) ;
#2288=CYLINDRICAL_SURFACE('generated cylinder',#2287,5.5) ;
#2329=CYLINDRICAL_SURFACE('generated cylinder',#2328,8.) ;
#2394=CYLINDRICAL_SURFACE('generated cylinder',#2393,8.) ;
#2443=CYLINDRICAL_SURFACE('generated cylinder',#2442,13.) ;
#2688=CYLINDRICAL_SURFACE('generated cylinder',#2687,13.) ;
#2796=CYLINDRICAL_SURFACE('generated cylinder',#2795,5.) ;
#2830=CYLINDRICAL_SURFACE('generated cylinder',#2829,15.) ;
#2859=CYLINDRICAL_SURFACE('generated cylinder',#2858,8.) ;
#2888=CYLINDRICAL_SURFACE('generated cylinder',#2887,15.) ;
#2922=CYLINDRICAL_SURFACE('generated cylinder',#2921,5.) ;
#2956=CYLINDRICAL_SURFACE('generated cylinder',#2955,5.) ;
#2990=CYLINDRICAL_SURFACE('generated cylinder',#2989,15.) ;
#3024=CYLINDRICAL_SURFACE('generated cylinder',#3023,15.) ;
#3063=CYLINDRICAL_SURFACE('generated cylinder',#3062,5.) ;
#3116=CYLINDRICAL_SURFACE('generated cylinder',#3115,13.) ;
#3162=CYLINDRICAL_SURFACE('generated cylinder',#3161,8.) ;
#3502=CYLINDRICAL_SURFACE('generated cylinder',#3501,8.) ;
#3528=CYLINDRICAL_SURFACE('generated cylinder',#3527,15.) ;
#3545=CYLINDRICAL_SURFACE('generated cylinder',#3544,13.) ;
#3604=CYLINDRICAL_SURFACE('generated cylinder',#3603,15.) ;
#3628=CYLINDRICAL_SURFACE('generated cylinder',#3627,13.) ;
#3911=CYLINDRICAL_SURFACE('generated cylinder',#3910,8.) ;
#3937=CYLINDRICAL_SURFACE('generated cylinder',#3936,8.) ;
#4204=CYLINDRICAL_SURFACE('generated cylinder',#4203,5.) ;
#4259=CYLINDRICAL_SURFACE('generated cylinder',#4258,5.) ;
#4300=CYLINDRICAL_SURFACE('generated cylinder',#4299,13.) ;
#4367=CYLINDRICAL_SURFACE('generated cylinder',#4366,5.5) ;
#4415=CYLINDRICAL_SURFACE('generated cylinder',#4414,5.5) ;
#4452=CYLINDRICAL_SURFACE('generated cylinder',#4451,5.) ;
#4491=CYLINDRICAL_SURFACE('generated cylinder',#4490,4.45) ;
#4562=CYLINDRICAL_SURFACE('generated cylinder',#4561,1.35) ;
#4624=CYLINDRICAL_SURFACE('generated cylinder',#4623,1.) ;
#4686=CYLINDRICAL_SURFACE('generated cylinder',#4685,4.) ;
#4748=CYLINDRICAL_SURFACE('generated cylinder',#4747,0.401638641836) ;
#4810=CYLINDRICAL_SURFACE('generated cylinder',#4809,0.2) ;
#4867=CYLINDRICAL_SURFACE('generated cylinder',#4866,1.75) ;
#4929=CYLINDRICAL_SURFACE('generated cylinder',#4928,1.75) ;
#4991=CYLINDRICAL_SURFACE('generated cylinder',#4990,0.3) ;
#5053=CYLINDRICAL_SURFACE('generated cylinder',#5052,0.1) ;
#5115=CYLINDRICAL_SURFACE('generated cylinder',#5114,0.1) ;
#5177=CYLINDRICAL_SURFACE('generated cylinder',#5176,0.3) ;
#5208=CYLINDRICAL_SURFACE('generated cylinder',#5207,0.3) ;
#5270=CYLINDRICAL_SURFACE('generated cylinder',#5269,0.1) ;
#5327=CYLINDRICAL_SURFACE('generated cylinder',#5326,0.1) ;
#5389=CYLINDRICAL_SURFACE('generated cylinder',#5388,0.3) ;
#5420=CYLINDRICAL_SURFACE('generated cylinder',#5419,0.3) ;
#5482=CYLINDRICAL_SURFACE('generated cylinder',#5481,0.1) ;
#5539=CYLINDRICAL_SURFACE('generated cylinder',#5538,0.1) ;
#5601=CYLINDRICAL_SURFACE('generated cylinder',#5600,0.3) ;
#5658=CYLINDRICAL_SURFACE('generated cylinder',#5657,1.35) ;
#5720=CYLINDRICAL_SURFACE('generated cylinder',#5719,4.45) ;
#290=FACE_BOUND('',#287,.T.) ;
#308=FACE_BOUND('',#305,.T.) ;
#574=FACE_BOUND('',#571,.T.) ;
#592=FACE_BOUND('',#589,.T.) ;
#831=FACE_BOUND('',#828,.T.) ;
#849=FACE_BOUND('',#846,.T.) ;
#1040=FACE_BOUND('',#1037,.T.) ;
#1082=FACE_BOUND('',#1079,.T.) ;
#1264=FACE_BOUND('',#1259,.T.) ;
#1320=FACE_BOUND('',#1315,.T.) ;
#1614=FACE_BOUND('',#1609,.T.) ;
#1648=FACE_BOUND('',#1643,.T.) ;
#2069=FACE_BOUND('',#2064,.T.) ;
#2508=FACE_BOUND('',#2503,.T.) ;
#4198=FACE_BOUND('',#4193,.T.) ;
#4446=FACE_BOUND('',#4441,.T.) ;
#44=EDGE_CURVE('',#41,#43,#39,.T.) ;
#51=EDGE_CURVE('',#41,#50,#48,.T.) ;
#58=EDGE_CURVE('',#50,#57,#55,.T.) ;
#63=EDGE_CURVE('',#43,#57,#62,.T.) ;
#82=EDGE_CURVE('',#50,#81,#79,.T.) ;
#89=EDGE_CURVE('',#81,#88,#86,.T.) ;
#94=EDGE_CURVE('',#57,#88,#93,.T.) ;
#113=EDGE_CURVE('',#81,#112,#110,.T.) ;
#120=EDGE_CURVE('',#112,#119,#117,.T.) ;
#125=EDGE_CURVE('',#88,#119,#124,.T.) ;
#144=EDGE_CURVE('',#112,#143,#141,.T.) ;
#151=EDGE_CURVE('',#143,#150,#148,.T.) ;
#156=EDGE_CURVE('',#119,#150,#155,.T.) ;
#175=EDGE_CURVE('',#143,#174,#172,.T.) ;
#182=EDGE_CURVE('',#174,#181,#179,.T.) ;
#187=EDGE_CURVE('',#150,#181,#186,.T.) ;
#204=EDGE_CURVE('',#174,#41,#203,.T.) ;
#209=EDGE_CURVE('',#181,#43,#208,.T.) ;
#230=EDGE_CURVE('',#227,#229,#225,.T.) ;
#237=EDGE_CURVE('',#236,#229,#234,.T.) ;
#244=EDGE_CURVE('',#243,#236,#241,.T.) ;
#249=EDGE_CURVE('',#243,#227,#248,.T.) ;
#261=EDGE_CURVE('',#229,#227,#260,.T.) ;
#266=EDGE_CURVE('',#236,#243,#265,.T.) ;
#328=EDGE_CURVE('',#325,#327,#323,.T.) ;
#335=EDGE_CURVE('',#325,#334,#332,.T.) ;
#342=EDGE_CURVE('',#334,#341,#339,.T.) ;
#347=EDGE_CURVE('',#327,#341,#346,.T.) ;
#366=EDGE_CURVE('',#334,#365,#363,.T.) ;
#373=EDGE_CURVE('',#365,#372,#370,.T.) ;
#378=EDGE_CURVE('',#341,#372,#377,.T.) ;
#397=EDGE_CURVE('',#365,#396,#394,.T.) ;
#404=EDGE_CURVE('',#396,#403,#401,.T.) ;
#409=EDGE_CURVE('',#372,#403,#408,.T.) ;
#428=EDGE_CURVE('',#396,#427,#425,.T.) ;
#435=EDGE_CURVE('',#427,#434,#432,.T.) ;
#440=EDGE_CURVE('',#403,#434,#439,.T.) ;
#459=EDGE_CURVE('',#427,#458,#456,.T.) ;
#466=EDGE_CURVE('',#458,#465,#463,.T.) ;
#471=EDGE_CURVE('',#434,#465,#470,.T.) ;
#488=EDGE_CURVE('',#458,#325,#487,.T.) ;
#493=EDGE_CURVE('',#465,#327,#492,.T.) ;
#514=EDGE_CURVE('',#511,#513,#509,.T.) ;
#521=EDGE_CURVE('',#520,#513,#518,.T.) ;
#528=EDGE_CURVE('',#527,#520,#525,.T.) ;
#533=EDGE_CURVE('',#527,#511,#532,.T.) ;
#545=EDGE_CURVE('',#513,#511,#544,.T.) ;
#550=EDGE_CURVE('',#520,#527,#549,.T.) ;
#617=EDGE_CURVE('',#614,#616,#612,.F.) ;
#624=EDGE_CURVE('',#623,#614,#621,.F.) ;
#631=EDGE_CURVE('',#623,#630,#628,.F.) ;
#636=EDGE_CURVE('',#630,#616,#635,.F.) ;
#648=EDGE_CURVE('',#614,#623,#647,.F.) ;
#653=EDGE_CURVE('',#616,#630,#652,.F.) ;
#674=EDGE_CURVE('',#671,#673,#669,.T.) ;
#681=EDGE_CURVE('',#671,#680,#678,.T.) ;
#688=EDGE_CURVE('',#687,#680,#685,.T.) ;
#695=EDGE_CURVE('',#694,#687,#692,.T.) ;
#702=EDGE_CURVE('',#701,#694,#699,.T.) ;
#709=EDGE_CURVE('',#701,#708,#706,.T.) ;
#716=EDGE_CURVE('',#715,#708,#713,.T.) ;
#723=EDGE_CURVE('',#722,#715,#720,.T.) ;
#730=EDGE_CURVE('',#729,#722,#727,.T.) ;
#737=EDGE_CURVE('',#729,#736,#734,.T.) ;
#744=EDGE_CURVE('',#743,#736,#741,.T.) ;
#751=EDGE_CURVE('',#743,#750,#748,.T.) ;
#758=EDGE_CURVE('',#757,#750,#755,.T.) ;
#765=EDGE_CURVE('',#764,#757,#762,.T.) ;
#772=EDGE_CURVE('',#771,#764,#769,.T.) ;
#779=EDGE_CURVE('',#771,#778,#776,.T.) ;
#786=EDGE_CURVE('',#785,#778,#783,.T.) ;
#793=EDGE_CURVE('',#792,#785,#790,.T.) ;
#800=EDGE_CURVE('',#799,#792,#797,.T.) ;
#805=EDGE_CURVE('',#799,#673,#804,.T.) ;
#840=EDGE_CURVE('',#837,#839,#835,.T.) ;
#845=EDGE_CURVE('',#839,#837,#844,.T.) ;
#867=EDGE_CURVE('',#864,#866,#856,.T.) ;
#874=EDGE_CURVE('',#864,#873,#871,.T.) ;
#884=EDGE_CURVE('',#873,#883,#875,.T.) ;
#890=EDGE_CURVE('',#883,#889,#885,.T.) ;
#896=EDGE_CURVE('',#895,#889,#891,.T.) ;
#902=EDGE_CURVE('',#895,#901,#897,.T.) ;
#912=EDGE_CURVE('',#901,#911,#903,.T.) ;
#919=EDGE_CURVE('',#911,#918,#916,.T.) ;
#929=EDGE_CURVE('',#928,#918,#920,.T.) ;
#936=EDGE_CURVE('',#928,#935,#933,.F.) ;
#946=EDGE_CURVE('',#945,#935,#937,.T.) ;
#953=EDGE_CURVE('',#945,#952,#950,.F.) ;
#963=EDGE_CURVE('',#952,#962,#954,.T.) ;
#969=EDGE_CURVE('',#962,#968,#964,.T.) ;
#976=EDGE_CURVE('',#975,#968,#973,.T.) ;
#982=EDGE_CURVE('',#975,#981,#977,.T.) ;
#992=EDGE_CURVE('',#981,#991,#983,.T.) ;
#999=EDGE_CURVE('',#991,#998,#996,.F.) ;
#1009=EDGE_CURVE('',#1008,#998,#1000,.T.) ;
#1014=EDGE_CURVE('',#1008,#866,#1013,.T.) ;
#1061=EDGE_CURVE('',#1058,#1060,#1041,.T.) ;
#1078=EDGE_CURVE('',#1060,#1058,#1062,.T.) ;
#1096=EDGE_CURVE('',#1093,#1095,#1089,.T.) ;
#1102=EDGE_CURVE('',#1101,#1095,#1097,.T.) ;
#1108=EDGE_CURVE('',#1101,#1107,#1103,.T.) ;
#1116=EDGE_CURVE('',#1107,#1115,#1109,.T.) ;
#1122=EDGE_CURVE('',#1115,#1121,#1117,.T.) ;
#1130=EDGE_CURVE('',#1129,#1121,#1123,.T.) ;
#1137=EDGE_CURVE('',#1129,#1136,#1134,.F.) ;
#1147=EDGE_CURVE('',#1146,#1136,#1138,.T.) ;
#1154=EDGE_CURVE('',#1146,#1153,#1151,.T.) ;
#1164=EDGE_CURVE('',#1163,#1153,#1155,.T.) ;
#1170=EDGE_CURVE('',#1163,#1169,#1165,.T.) ;
#1178=EDGE_CURVE('',#1177,#1169,#1171,.T.) ;
#1184=EDGE_CURVE('',#1177,#1183,#1179,.T.) ;
#1190=EDGE_CURVE('',#1183,#1093,#1185,.T.) ;
#1215=EDGE_CURVE('',#1212,#1214,#1210,.T.) ;
#1234=EDGE_CURVE('',#1212,#1233,#1216,.T.) ;
#1241=EDGE_CURVE('',#1233,#1240,#1238,.T.) ;
#1258=EDGE_CURVE('',#1240,#1214,#1242,.T.) ;
#1272=EDGE_CURVE('',#1269,#1271,#1265,.T.) ;
#1291=EDGE_CURVE('',#1269,#1290,#1273,.T.) ;
#1297=EDGE_CURVE('',#1290,#1296,#1292,.T.) ;
#1314=EDGE_CURVE('',#1296,#1271,#1298,.T.) ;
#1333=EDGE_CURVE('',#1332,#1115,#1330,.F.) ;
#1340=EDGE_CURVE('',#1339,#1107,#1337,.F.) ;
#1345=EDGE_CURVE('',#1339,#1332,#1344,.T.) ;
#1364=EDGE_CURVE('',#1363,#1339,#1361,.T.) ;
#1369=EDGE_CURVE('',#1363,#1101,#1368,.T.) ;
#1388=EDGE_CURVE('',#1387,#1363,#1385,.T.) ;
#1395=EDGE_CURVE('',#1394,#1101,#1392,.T.) ;
#1400=EDGE_CURVE('',#1387,#1394,#1399,.T.) ;
#1419=EDGE_CURVE('',#1394,#1418,#1416,.T.) ;
#1424=EDGE_CURVE('',#1418,#1095,#1423,.T.) ;
#1445=EDGE_CURVE('',#1442,#1444,#1440,.F.) ;
#1450=EDGE_CURVE('',#1442,#1418,#1449,.T.) ;
#1455=EDGE_CURVE('',#1444,#1095,#1454,.T.) ;
#1474=EDGE_CURVE('',#1473,#1093,#1471,.T.) ;
#1479=EDGE_CURVE('',#1473,#1444,#1478,.T.) ;
#1496=EDGE_CURVE('',#1363,#1444,#1495,.T.) ;
#1503=EDGE_CURVE('',#1502,#1473,#1500,.T.) ;
#1510=EDGE_CURVE('',#1509,#1502,#1507,.T.) ;
#1517=EDGE_CURVE('',#1509,#1516,#1514,.T.) ;
#1524=EDGE_CURVE('',#1523,#1516,#1521,.T.) ;
#1531=EDGE_CURVE('',#1523,#1530,#1528,.T.) ;
#1538=EDGE_CURVE('',#1537,#1530,#1535,.T.) ;
#1545=EDGE_CURVE('',#1537,#1544,#1542,.T.) ;
#1552=EDGE_CURVE('',#1551,#1544,#1549,.T.) ;
#1559=EDGE_CURVE('',#1551,#1558,#1556,.T.) ;
#1564=EDGE_CURVE('',#1332,#1558,#1563,.T.) ;
#1589=EDGE_CURVE('',#1586,#1588,#1584,.T.) ;
#1596=EDGE_CURVE('',#1595,#1586,#1593,.T.) ;
#1603=EDGE_CURVE('',#1602,#1595,#1600,.T.) ;
#1608=EDGE_CURVE('',#1602,#1588,#1607,.T.) ;
#1623=EDGE_CURVE('',#1620,#1622,#1618,.T.) ;
#1630=EDGE_CURVE('',#1629,#1620,#1627,.T.) ;
#1637=EDGE_CURVE('',#1636,#1629,#1634,.T.) ;
#1642=EDGE_CURVE('',#1636,#1622,#1641,.T.) ;
#1659=EDGE_CURVE('',#1530,#1153,#1658,.T.) ;
#1664=EDGE_CURVE('',#1537,#1146,#1663,.T.) ;
#1681=EDGE_CURVE('',#1523,#1163,#1680,.F.) ;
#1698=EDGE_CURVE('',#1516,#1169,#1697,.T.) ;
#1715=EDGE_CURVE('',#1509,#1177,#1714,.F.) ;
#1732=EDGE_CURVE('',#1502,#1183,#1731,.T.) ;
#1761=EDGE_CURVE('',#1602,#1212,#1760,.T.) ;
#1766=EDGE_CURVE('',#1588,#1214,#1765,.T.) ;
#1783=EDGE_CURVE('',#1586,#1240,#1782,.T.) ;
#1788=EDGE_CURVE('',#1595,#1233,#1787,.T.) ;
#1817=EDGE_CURVE('',#1622,#1271,#1816,.F.) ;
#1822=EDGE_CURVE('',#1620,#1296,#1821,.F.) ;
#1839=EDGE_CURVE('',#1636,#1269,#1838,.T.) ;
#1856=EDGE_CURVE('',#1629,#1290,#1855,.T.) ;
#1885=EDGE_CURVE('',#1558,#1121,#1884,.T.) ;
#1902=EDGE_CURVE('',#1544,#1136,#1901,.F.) ;
#1919=EDGE_CURVE('',#1551,#1129,#1918,.F.) ;
#1967=EDGE_CURVE('',#1964,#1966,#1956,.T.) ;
#1974=EDGE_CURVE('',#1966,#1973,#1971,.F.) ;
#1984=EDGE_CURVE('',#1973,#1983,#1975,.T.) ;
#1991=EDGE_CURVE('',#1983,#1990,#1988,.T.) ;
#1998=EDGE_CURVE('',#1997,#1990,#1995,.F.) ;
#2003=EDGE_CURVE('',#1997,#1964,#2002,.F.) ;
#2032=EDGE_CURVE('',#2029,#2031,#2012,.T.) ;
#2039=EDGE_CURVE('',#2029,#2038,#2036,.F.) ;
#2058=EDGE_CURVE('',#2057,#2038,#2040,.T.) ;
#2063=EDGE_CURVE('',#2057,#2031,#2062,.T.) ;
#2082=EDGE_CURVE('',#1394,#2081,#2079,.T.) ;
#2089=EDGE_CURVE('',#1418,#2088,#2086,.T.) ;
#2094=EDGE_CURVE('',#2088,#2081,#2093,.F.) ;
#2115=EDGE_CURVE('',#2112,#2114,#2110,.T.) ;
#2120=EDGE_CURVE('',#2114,#1966,#2119,.T.) ;
#2125=EDGE_CURVE('',#2112,#1964,#2124,.T.) ;
#2144=EDGE_CURVE('',#2143,#1973,#2141,.T.) ;
#2149=EDGE_CURVE('',#2114,#2143,#2148,.T.) ;
#2168=EDGE_CURVE('',#2143,#2167,#2165,.T.) ;
#2173=EDGE_CURVE('',#2167,#1983,#2172,.T.) ;
#2192=EDGE_CURVE('',#2191,#1990,#2189,.T.) ;
#2197=EDGE_CURVE('',#2167,#2191,#2196,.T.) ;
#2218=EDGE_CURVE('',#2215,#2217,#2213,.F.) ;
#2223=EDGE_CURVE('',#2031,#2215,#2222,.F.) ;
#2228=EDGE_CURVE('',#2217,#2057,#2227,.F.) ;
#2247=EDGE_CURVE('',#2246,#2215,#2244,.T.) ;
#2252=EDGE_CURVE('',#2246,#2029,#2251,.T.) ;
#2271=EDGE_CURVE('',#2270,#2246,#2268,.F.) ;
#2276=EDGE_CURVE('',#2270,#2038,#2275,.T.) ;
#2293=EDGE_CURVE('',#2217,#2270,#2292,.T.) ;
#2312=EDGE_CURVE('',#2311,#1387,#2309,.T.) ;
#2317=EDGE_CURVE('',#2311,#2081,#2316,.T.) ;
#2334=EDGE_CURVE('',#1387,#1442,#2333,.T.) ;
#2353=EDGE_CURVE('',#2352,#2088,#2350,.T.) ;
#2358=EDGE_CURVE('',#2352,#1442,#2357,.T.) ;
#2377=EDGE_CURVE('',#2376,#2112,#2374,.T.) ;
#2382=EDGE_CURVE('',#2376,#1997,#2381,.T.) ;
#2403=EDGE_CURVE('',#2400,#2402,#2398,.T.) ;
#2410=EDGE_CURVE('',#2409,#2400,#2407,.T.) ;
#2415=EDGE_CURVE('',#1997,#2409,#2414,.T.) ;
#2422=EDGE_CURVE('',#1990,#2421,#2419,.T.) ;
#2429=EDGE_CURVE('',#2402,#2421,#2423,.T.) ;
#2448=EDGE_CURVE('',#701,#2081,#2447,.T.) ;
#2453=EDGE_CURVE('',#708,#2088,#2452,.T.) ;
#2472=EDGE_CURVE('',#2471,#2191,#2469,.F.) ;
#2477=EDGE_CURVE('',#2471,#2421,#2476,.T.) ;
#2494=EDGE_CURVE('',#2376,#2191,#2493,.T.) ;
#2534=EDGE_CURVE('',#2402,#2533,#2529,.T.) ;
#2541=EDGE_CURVE('',#2533,#2471,#2535,.T.) ;
#2558=EDGE_CURVE('',#975,#701,#2557,.T.) ;
#2563=EDGE_CURVE('',#975,#2311,#2562,.T.) ;
#2580=EDGE_CURVE('',#2311,#2352,#2579,.F.) ;
#2597=EDGE_CURVE('',#968,#2352,#2596,.T.) ;
#2602=EDGE_CURVE('',#968,#708,#2601,.T.) ;
#2621=EDGE_CURVE('',#2376,#2620,#2618,.T.) ;
#2626=EDGE_CURVE('',#2409,#2620,#2625,.T.) ;
#2647=EDGE_CURVE('',#2644,#2646,#2642,.T.) ;
#2652=EDGE_CURVE('',#2646,#2409,#2651,.F.) ;
#2660=EDGE_CURVE('',#2659,#2402,#2653,.T.) ;
#2668=EDGE_CURVE('',#2667,#2659,#2661,.T.) ;
#2673=EDGE_CURVE('',#2667,#2644,#2672,.T.) ;
#2695=EDGE_CURVE('',#2620,#2694,#2692,.T.) ;
#2700=EDGE_CURVE('',#2694,#2533,#2699,.T.) ;
#2727=EDGE_CURVE('',#2726,#2533,#2720,.T.) ;
#2732=EDGE_CURVE('',#2659,#2726,#2731,.T.) ;
#2757=EDGE_CURVE('',#2756,#2726,#2750,.T.) ;
#2762=EDGE_CURVE('',#2756,#2667,#2761,.F.) ;
#2779=EDGE_CURVE('',#1008,#671,#2778,.T.) ;
#2784=EDGE_CURVE('',#866,#673,#2783,.T.) ;
#2801=EDGE_CURVE('',#998,#680,#2800,.T.) ;
#2818=EDGE_CURVE('',#991,#687,#2817,.T.) ;
#2835=EDGE_CURVE('',#981,#694,#2834,.T.) ;
#2876=EDGE_CURVE('',#962,#715,#2875,.T.) ;
#2893=EDGE_CURVE('',#952,#722,#2892,.T.) ;
#2910=EDGE_CURVE('',#945,#729,#2909,.T.) ;
#2927=EDGE_CURVE('',#935,#736,#2926,.T.) ;
#2944=EDGE_CURVE('',#928,#743,#2943,.T.) ;
#2961=EDGE_CURVE('',#918,#750,#2960,.T.) ;
#2978=EDGE_CURVE('',#911,#757,#2977,.T.) ;
#2995=EDGE_CURVE('',#901,#764,#2994,.T.) ;
#3012=EDGE_CURVE('',#895,#771,#3011,.T.) ;
#3029=EDGE_CURVE('',#873,#792,#3028,.T.) ;
#3034=EDGE_CURVE('',#883,#785,#3033,.T.) ;
#3051=EDGE_CURVE('',#864,#799,#3050,.T.) ;
#3080=EDGE_CURVE('',#889,#778,#3079,.T.) ;
#3099=EDGE_CURVE('',#3098,#2646,#3096,.T.) ;
#3104=EDGE_CURVE('',#2620,#3098,#3103,.T.) ;
#3123=EDGE_CURVE('',#2646,#3122,#3120,.T.) ;
#3136=EDGE_CURVE('',#3135,#2667,#3124,.T.) ;
#3143=EDGE_CURVE('',#3135,#3142,#3140,.T.) ;
#3148=EDGE_CURVE('',#3142,#3122,#3147,.T.) ;
#3171=EDGE_CURVE('',#3168,#3170,#3166,.T.) ;
#3179=EDGE_CURVE('',#3178,#3170,#3172,.T.) ;
#3184=EDGE_CURVE('',#3178,#778,#3183,.T.) ;
#3191=EDGE_CURVE('',#3190,#771,#3188,.T.) ;
#3199=EDGE_CURVE('',#3190,#3198,#3192,.T.) ;
#3206=EDGE_CURVE('',#3198,#3205,#3203,.T.) ;
#3211=EDGE_CURVE('',#3205,#3168,#3210,.T.) ;
#3234=EDGE_CURVE('',#2756,#3233,#3231,.T.) ;
#3239=EDGE_CURVE('',#3233,#3098,#3238,.T.) ;
#3280=EDGE_CURVE('',#3279,#3135,#3275,.T.) ;
#3291=EDGE_CURVE('',#3279,#2756,#3281,.T.) ;
#3310=EDGE_CURVE('',#895,#3309,#3307,.F.) ;
#3315=EDGE_CURVE('',#3309,#3190,#3314,.T.) ;
#3334=EDGE_CURVE('',#3333,#3178,#3331,.T.) ;
#3339=EDGE_CURVE('',#889,#3333,#3338,.F.) ;
#3374=EDGE_CURVE('',#3333,#3373,#3366,.T.) ;
#3378=EDGE_CURVE('',#3373,#3170,#3375,.F.) ;
#3397=EDGE_CURVE('',#3098,#3396,#3394,.T.) ;
#3402=EDGE_CURVE('',#3396,#3122,#3401,.T.) ;
#3434=EDGE_CURVE('',#3433,#3198,#3429,.F.) ;
#3441=EDGE_CURVE('',#3309,#3433,#3435,.T.) ;
#3460=EDGE_CURVE('',#3459,#3198,#3457,.T.) ;
#3467=EDGE_CURVE('',#3459,#3466,#3464,.T.) ;
#3474=EDGE_CURVE('',#3466,#3473,#3471,.T.) ;
#3479=EDGE_CURVE('',#3122,#3473,#3478,.T.) ;
#3484=EDGE_CURVE('',#3170,#3135,#3483,.T.) ;
#3509=EDGE_CURVE('',#3508,#3396,#3506,.T.) ;
#3514=EDGE_CURVE('',#3279,#3508,#3513,.T.) ;
#3533=EDGE_CURVE('',#3373,#3279,#3532,.T.) ;
#3554=EDGE_CURVE('',#3551,#3553,#3549,.T.) ;
#3559=EDGE_CURVE('',#3433,#3551,#3558,.T.) ;
#3564=EDGE_CURVE('',#3553,#3373,#3563,.T.) ;
#3587=EDGE_CURVE('',#3586,#3473,#3584,.T.) ;
#3592=EDGE_CURVE('',#3396,#3586,#3591,.T.) ;
#3611=EDGE_CURVE('',#3610,#3433,#3608,.T.) ;
#3616=EDGE_CURVE('',#3610,#3459,#3615,.T.) ;
#3635=EDGE_CURVE('',#3473,#3634,#3632,.T.) ;
#3648=EDGE_CURVE('',#3459,#3647,#3636,.T.) ;
#3655=EDGE_CURVE('',#3647,#3654,#3652,.T.) ;
#3660=EDGE_CURVE('',#3654,#3634,#3659,.T.) ;
#3681=EDGE_CURVE('',#3586,#3680,#3678,.T.) ;
#3686=EDGE_CURVE('',#3680,#3634,#3685,.T.) ;
#3705=EDGE_CURVE('',#3704,#3586,#3702,.T.) ;
#3710=EDGE_CURVE('',#3610,#3704,#3709,.T.) ;
#3754=EDGE_CURVE('',#3647,#3753,#3749,.F.) ;
#3765=EDGE_CURVE('',#3610,#3753,#3755,.T.) ;
#3785=EDGE_CURVE('',#3647,#3784,#3778,.T.) ;
#3793=EDGE_CURVE('',#3784,#3792,#3786,.T.) ;
#3800=EDGE_CURVE('',#3792,#3799,#3797,.F.) ;
#3807=EDGE_CURVE('',#3799,#3806,#3804,.F.) ;
#3812=EDGE_CURVE('',#3634,#3806,#3811,.F.) ;
#3842=EDGE_CURVE('',#3839,#3841,#3833,.T.) ;
#3847=EDGE_CURVE('',#3792,#3841,#3846,.T.) ;
#3852=EDGE_CURVE('',#3784,#3839,#3851,.T.) ;
#3871=EDGE_CURVE('',#3870,#3680,#3868,.T.) ;
#3876=EDGE_CURVE('',#3806,#3870,#3875,.T.) ;
#3899=EDGE_CURVE('',#3753,#3839,#3894,.T.) ;
#3918=EDGE_CURVE('',#3917,#3680,#3915,.T.) ;
#3923=EDGE_CURVE('',#3753,#3917,#3922,.T.) ;
#3946=EDGE_CURVE('',#3792,#3945,#3938,.T.) ;
#3953=EDGE_CURVE('',#3952,#3945,#3950,.T.) ;
#3960=EDGE_CURVE('',#3952,#3959,#3957,.T.) ;
#3965=EDGE_CURVE('',#3959,#3806,#3964,.T.) ;
#3986=EDGE_CURVE('',#3985,#3959,#3983,.T.) ;
#3991=EDGE_CURVE('',#3985,#3870,#3990,.T.) ;
#4026=EDGE_CURVE('',#3841,#4025,#4018,.T.) ;
#4030=EDGE_CURVE('',#4025,#3945,#4027,.T.) ;
#4049=EDGE_CURVE('',#4048,#3870,#4046,.T.) ;
#4054=EDGE_CURVE('',#3841,#4048,#4053,.T.) ;
#4076=EDGE_CURVE('',#4075,#3952,#4073,.T.) ;
#4081=EDGE_CURVE('',#4025,#4075,#4080,.F.) ;
#4105=EDGE_CURVE('',#4102,#4104,#4094,.T.) ;
#4112=EDGE_CURVE('',#4104,#4111,#4109,.T.) ;
#4122=EDGE_CURVE('',#4111,#4121,#4113,.T.) ;
#4127=EDGE_CURVE('',#4121,#3959,#4126,.F.) ;
#4132=EDGE_CURVE('',#3952,#4102,#4131,.T.) ;
#4161=EDGE_CURVE('',#4158,#4160,#4141,.T.) ;
#4168=EDGE_CURVE('',#4158,#4167,#4165,.F.) ;
#4187=EDGE_CURVE('',#4186,#4167,#4169,.T.) ;
#4192=EDGE_CURVE('',#4186,#4160,#4191,.T.) ;
#4213=EDGE_CURVE('',#4210,#4212,#4208,.T.) ;
#4218=EDGE_CURVE('',#4212,#4104,#4217,.T.) ;
#4223=EDGE_CURVE('',#4210,#4102,#4222,.T.) ;
#4242=EDGE_CURVE('',#4241,#4111,#4239,.T.) ;
#4247=EDGE_CURVE('',#4212,#4241,#4246,.T.) ;
#4266=EDGE_CURVE('',#4241,#4265,#4263,.T.) ;
#4271=EDGE_CURVE('',#4265,#4121,#4270,.T.) ;
#4288=EDGE_CURVE('',#4265,#3985,#4287,.T.) ;
#4305=EDGE_CURVE('',#4075,#3985,#4304,.T.) ;
#4324=EDGE_CURVE('',#4075,#4210,#4323,.T.) ;
#4345=EDGE_CURVE('',#4342,#4344,#4340,.F.) ;
#4350=EDGE_CURVE('',#4160,#4342,#4349,.F.) ;
#4355=EDGE_CURVE('',#4344,#4186,#4354,.F.) ;
#4374=EDGE_CURVE('',#4373,#4342,#4371,.T.) ;
#4379=EDGE_CURVE('',#4373,#4158,#4378,.T.) ;
#4398=EDGE_CURVE('',#4397,#4373,#4395,.F.) ;
#4403=EDGE_CURVE('',#4397,#4167,#4402,.T.) ;
#4420=EDGE_CURVE('',#4344,#4397,#4419,.T.) ;
#4457=EDGE_CURVE('',#1060,#837,#4456,.F.) ;
#4462=EDGE_CURVE('',#1058,#839,#4461,.F.) ;
#4500=EDGE_CURVE('',#4497,#4499,#4495,.T.) ;
#4507=EDGE_CURVE('',#4497,#4506,#4504,.T.) ;
#4514=EDGE_CURVE('',#4506,#4513,#4511,.T.) ;
#4519=EDGE_CURVE('',#4499,#4513,#4518,.T.) ;
#4538=EDGE_CURVE('',#4506,#4537,#4535,.T.) ;
#4545=EDGE_CURVE('',#4537,#4544,#4542,.T.) ;
#4550=EDGE_CURVE('',#4513,#4544,#4549,.T.) ;
#4569=EDGE_CURVE('',#4537,#4568,#4566,.T.) ;
#4576=EDGE_CURVE('',#4568,#4575,#4573,.T.) ;
#4581=EDGE_CURVE('',#4544,#4575,#4580,.T.) ;
#4600=EDGE_CURVE('',#4568,#4599,#4597,.F.) ;
#4607=EDGE_CURVE('',#4599,#4606,#4604,.T.) ;
#4612=EDGE_CURVE('',#4575,#4606,#4611,.F.) ;
#4631=EDGE_CURVE('',#4599,#4630,#4628,.F.) ;
#4638=EDGE_CURVE('',#4630,#4637,#4635,.T.) ;
#4643=EDGE_CURVE('',#4606,#4637,#4642,.F.) ;
#4662=EDGE_CURVE('',#4630,#4661,#4659,.F.) ;
#4669=EDGE_CURVE('',#4661,#4668,#4666,.T.) ;
#4674=EDGE_CURVE('',#4637,#4668,#4673,.F.) ;
#4693=EDGE_CURVE('',#4661,#4692,#4690,.T.) ;
#4700=EDGE_CURVE('',#4692,#4699,#4697,.T.) ;
#4705=EDGE_CURVE('',#4668,#4699,#4704,.T.) ;
#4724=EDGE_CURVE('',#4692,#4723,#4721,.F.) ;
#4731=EDGE_CURVE('',#4723,#4730,#4728,.T.) ;
#4736=EDGE_CURVE('',#4699,#4730,#4735,.F.) ;
#4755=EDGE_CURVE('',#4723,#4754,#4752,.T.) ;
#4762=EDGE_CURVE('',#4754,#4761,#4759,.T.) ;
#4767=EDGE_CURVE('',#4730,#4761,#4766,.T.) ;
#4786=EDGE_CURVE('',#4754,#4785,#4783,.F.) ;
#4793=EDGE_CURVE('',#4785,#4792,#4790,.T.) ;
#4798=EDGE_CURVE('',#4761,#4792,#4797,.F.) ;
#4817=EDGE_CURVE('',#4785,#4816,#4814,.F.) ;
#4824=EDGE_CURVE('',#4816,#4823,#4821,.T.) ;
#4829=EDGE_CURVE('',#4792,#4823,#4828,.F.) ;
#4843=EDGE_CURVE('',#4816,#4842,#4840,.F.) ;
#4850=EDGE_CURVE('',#4842,#4849,#4847,.T.) ;
#4855=EDGE_CURVE('',#4823,#4849,#4854,.F.) ;
#4874=EDGE_CURVE('',#4842,#4873,#4871,.F.) ;
#4881=EDGE_CURVE('',#4873,#4880,#4878,.T.) ;
#4886=EDGE_CURVE('',#4849,#4880,#4885,.F.) ;
#4905=EDGE_CURVE('',#4873,#4904,#4902,.F.) ;
#4912=EDGE_CURVE('',#4904,#4911,#4909,.T.) ;
#4917=EDGE_CURVE('',#4880,#4911,#4916,.F.) ;
#4936=EDGE_CURVE('',#4904,#4935,#4933,.F.) ;
#4943=EDGE_CURVE('',#4935,#4942,#4940,.T.) ;
#4948=EDGE_CURVE('',#4911,#4942,#4947,.F.) ;
#4967=EDGE_CURVE('',#4935,#4966,#4964,.F.) ;
#4974=EDGE_CURVE('',#4966,#4973,#4971,.T.) ;
#4979=EDGE_CURVE('',#4942,#4973,#4978,.F.) ;
#4998=EDGE_CURVE('',#4966,#4997,#4995,.F.) ;
#5005=EDGE_CURVE('',#4997,#5004,#5002,.T.) ;
#5010=EDGE_CURVE('',#4973,#5004,#5009,.F.) ;
#5029=EDGE_CURVE('',#4997,#5028,#5026,.T.) ;
#5036=EDGE_CURVE('',#5028,#5035,#5033,.T.) ;
#5041=EDGE_CURVE('',#5004,#5035,#5040,.T.) ;
#5060=EDGE_CURVE('',#5028,#5059,#5057,.T.) ;
#5067=EDGE_CURVE('',#5059,#5066,#5064,.T.) ;
#5072=EDGE_CURVE('',#5035,#5066,#5071,.T.) ;
#5091=EDGE_CURVE('',#5059,#5090,#5088,.T.) ;
#5098=EDGE_CURVE('',#5090,#5097,#5095,.T.) ;
#5103=EDGE_CURVE('',#5066,#5097,#5102,.T.) ;
#5122=EDGE_CURVE('',#5090,#5121,#5119,.T.) ;
#5129=EDGE_CURVE('',#5121,#5128,#5126,.T.) ;
#5134=EDGE_CURVE('',#5097,#5128,#5133,.T.) ;
#5153=EDGE_CURVE('',#5121,#5152,#5150,.T.) ;
#5160=EDGE_CURVE('',#5152,#5159,#5157,.T.) ;
#5165=EDGE_CURVE('',#5128,#5159,#5164,.T.) ;
#5184=EDGE_CURVE('',#5152,#5183,#5181,.F.) ;
#5191=EDGE_CURVE('',#5183,#5190,#5188,.T.) ;
#5196=EDGE_CURVE('',#5159,#5190,#5195,.F.) ;
#5215=EDGE_CURVE('',#5183,#5214,#5212,.F.) ;
#5222=EDGE_CURVE('',#5214,#5221,#5219,.T.) ;
#5227=EDGE_CURVE('',#5190,#5221,#5226,.F.) ;
#5246=EDGE_CURVE('',#5214,#5245,#5243,.T.) ;
#5253=EDGE_CURVE('',#5245,#5252,#5250,.T.) ;
#5258=EDGE_CURVE('',#5221,#5252,#5257,.T.) ;
#5277=EDGE_CURVE('',#5245,#5276,#5274,.T.) ;
#5284=EDGE_CURVE('',#5276,#5283,#5281,.T.) ;
#5289=EDGE_CURVE('',#5252,#5283,#5288,.T.) ;
#5303=EDGE_CURVE('',#5276,#5302,#5300,.T.) ;
#5310=EDGE_CURVE('',#5302,#5309,#5307,.T.) ;
#5315=EDGE_CURVE('',#5283,#5309,#5314,.T.) ;
#5334=EDGE_CURVE('',#5302,#5333,#5331,.T.) ;
#5341=EDGE_CURVE('',#5333,#5340,#5338,.T.) ;
#5346=EDGE_CURVE('',#5309,#5340,#5345,.T.) ;
#5365=EDGE_CURVE('',#5333,#5364,#5362,.T.) ;
#5372=EDGE_CURVE('',#5364,#5371,#5369,.T.) ;
#5377=EDGE_CURVE('',#5340,#5371,#5376,.T.) ;
#5396=EDGE_CURVE('',#5364,#5395,#5393,.F.) ;
#5403=EDGE_CURVE('',#5395,#5402,#5400,.T.) ;
#5408=EDGE_CURVE('',#5371,#5402,#5407,.F.) ;
#5427=EDGE_CURVE('',#5395,#5426,#5424,.F.) ;
#5434=EDGE_CURVE('',#5426,#5433,#5431,.T.) ;
#5439=EDGE_CURVE('',#5402,#5433,#5438,.F.) ;
#5458=EDGE_CURVE('',#5426,#5457,#5455,.T.) ;
#5465=EDGE_CURVE('',#5457,#5464,#5462,.T.) ;
#5470=EDGE_CURVE('',#5433,#5464,#5469,.T.) ;
#5489=EDGE_CURVE('',#5457,#5488,#5486,.T.) ;
#5496=EDGE_CURVE('',#5488,#5495,#5493,.T.) ;
#5501=EDGE_CURVE('',#5464,#5495,#5500,.T.) ;
#5515=EDGE_CURVE('',#5488,#5514,#5512,.T.) ;
#5522=EDGE_CURVE('',#5514,#5521,#5519,.T.) ;
#5527=EDGE_CURVE('',#5495,#5521,#5526,.T.) ;
#5546=EDGE_CURVE('',#5514,#5545,#5543,.T.) ;
#5553=EDGE_CURVE('',#5545,#5552,#5550,.T.) ;
#5558=EDGE_CURVE('',#5521,#5552,#5557,.T.) ;
#5577=EDGE_CURVE('',#5545,#5576,#5574,.T.) ;
#5584=EDGE_CURVE('',#5576,#5583,#5581,.T.) ;
#5589=EDGE_CURVE('',#5552,#5583,#5588,.T.) ;
#5608=EDGE_CURVE('',#5576,#5607,#5605,.F.) ;
#5615=EDGE_CURVE('',#5607,#5614,#5612,.T.) ;
#5620=EDGE_CURVE('',#5583,#5614,#5619,.F.) ;
#5634=EDGE_CURVE('',#5607,#5633,#5631,.F.) ;
#5641=EDGE_CURVE('',#5633,#5640,#5638,.T.) ;
#5646=EDGE_CURVE('',#5614,#5640,#5645,.F.) ;
#5665=EDGE_CURVE('',#5633,#5664,#5662,.T.) ;
#5672=EDGE_CURVE('',#5664,#5671,#5669,.T.) ;
#5677=EDGE_CURVE('',#5640,#5671,#5676,.T.) ;
#5696=EDGE_CURVE('',#5664,#5695,#5693,.T.) ;
#5703=EDGE_CURVE('',#5695,#5702,#5700,.T.) ;
#5708=EDGE_CURVE('',#5671,#5702,#5707,.T.) ;
#5727=EDGE_CURVE('',#5695,#5726,#5724,.T.) ;
#5734=EDGE_CURVE('',#5726,#5733,#5731,.T.) ;
#5739=EDGE_CURVE('',#5702,#5733,#5738,.T.) ;
#5756=EDGE_CURVE('',#5726,#4497,#5755,.F.) ;
#5761=EDGE_CURVE('',#5733,#4499,#5760,.F.) ;
#30=CLOSED_SHELL('Closed Shell',(#70,#101,#132,#163,#194,#216,#256,#273,#291,#309)) ;
#314=CLOSED_SHELL('Closed Shell',(#354,#385,#416,#447,#478,#500,#540,#557,#575,#593)) ;
#603=CLOSED_SHELL('Closed Shell',(#643,#660,#850,#1083,#1321,#1352,#1376,#1407,#1431,#1462,#1486,#1649,#1671,#1688,#1705,#1722,#1739,#1751,#1773,#1795,#1807,#1829,#1846,#1863,#1875,#1892,#1909,#1926,#1938,#1950,#2070,#2101,#2132,#2156,#2180,#2204,#2235,#2259,#2283,#2300,#2324,#2341,#2365,#2389,#2438,#2460,#2484,#2509,#2548,#2570,#2587,#2609,#2633,#2683,#2709,#2739,#2769,#2791,#2808,#2825,#2842,#2854,#2866,#2883,#2900,#2917,#2934,#2951,#2968,#2985,#3002,#3019,#3041,#3058,#3070,#3087,#3111,#3157,#3222,#3249,#3298,#3322,#3346,#3385,#3409,#3448,#3497,#3523,#3540,#3575,#3599,#3623,#3669,#3693,#3723,#3772,#3822,#3859,#3883,#3906,#3932,#3974,#3998,#4037,#4064,#4088,#4199,#4230,#4254,#4278,#4295,#4314,#4331,#4362,#4386,#4410,#4427,#4447,#4469,#4476)) ;
#4486=CLOSED_SHELL('Closed Shell',(#4526,#4557,#4588,#4619,#4650,#4681,#4712,#4743,#4774,#4805,#4836,#4862,#4893,#4924,#4955,#4986,#5017,#5048,#5079,#5110,#5141,#5172,#5203,#5234,#5265,#5296,#5322,#5353,#5384,#5415,#5446,#5477,#5508,#5534,#5565,#5596,#5627,#5653,#5684,#5715,#5746,#5768,#5818,#5868)) ;
#5878=CONSTRUCTIVE_GEOMETRY_REPRESENTATION('supplemental geometry',(#5872),#16) ;
#311=SHAPE_REPRESENTATION_RELATIONSHIP(' ',' ',#19,#310) ;
#64=EDGE_LOOP('',(#65,#66,#67,#68)) ;
#95=EDGE_LOOP('',(#96,#97,#98,#99)) ;
#126=EDGE_LOOP('',(#127,#128,#129,#130)) ;
#157=EDGE_LOOP('',(#158,#159,#160,#161)) ;
#188=EDGE_LOOP('',(#189,#190,#191,#192)) ;
#210=EDGE_LOOP('',(#211,#212,#213,#214)) ;
#250=EDGE_LOOP('',(#251,#252,#253,#254)) ;
#267=EDGE_LOOP('',(#268,#269,#270,#271)) ;
#279=EDGE_LOOP('',(#280,#281,#282,#283,#284,#285)) ;
#287=EDGE_LOOP('',(#288,#289)) ;
#297=EDGE_LOOP('',(#298,#299,#300,#301,#302,#303)) ;
#305=EDGE_LOOP('',(#306,#307)) ;
#348=EDGE_LOOP('',(#349,#350,#351,#352)) ;
#379=EDGE_LOOP('',(#380,#381,#382,#383)) ;
#410=EDGE_LOOP('',(#411,#412,#413,#414)) ;
#441=EDGE_LOOP('',(#442,#443,#444,#445)) ;
#472=EDGE_LOOP('',(#473,#474,#475,#476)) ;
#494=EDGE_LOOP('',(#495,#496,#497,#498)) ;
#534=EDGE_LOOP('',(#535,#536,#537,#538)) ;
#551=EDGE_LOOP('',(#552,#553,#554,#555)) ;
#563=EDGE_LOOP('',(#564,#565,#566,#567,#568,#569)) ;
#571=EDGE_LOOP('',(#572,#573)) ;
#581=EDGE_LOOP('',(#582,#583,#584,#585,#586,#587)) ;
#589=EDGE_LOOP('',(#590,#591)) ;
#637=EDGE_LOOP('',(#638,#639,#640,#641)) ;
#654=EDGE_LOOP('',(#655,#656,#657,#658)) ;
#806=EDGE_LOOP('',(#807,#808,#809,#810,#811,#812,#813,#814,#815,#816,#817,#818,#819,#820,#821,#822,#823,#824,#825,#826)) ;
#828=EDGE_LOOP('',(#829,#830)) ;
#846=EDGE_LOOP('',(#847,#848)) ;
#1015=EDGE_LOOP('',(#1016,#1017,#1018,#1019,#1020,#1021,#1022,#1023,#1024,#1025,#1026,#1027,#1028,#1029,#1030,#1031,#1032,#1033,#1034,#1035)) ;
#1037=EDGE_LOOP('',(#1038,#1039)) ;
#1079=EDGE_LOOP('',(#1080,#1081)) ;
#1191=EDGE_LOOP('',(#1192,#1193,#1194,#1195,#1196,#1197,#1198,#1199,#1200,#1201,#1202,#1203,#1204,#1205)) ;
#1259=EDGE_LOOP('',(#1260,#1261,#1262,#1263)) ;
#1315=EDGE_LOOP('',(#1316,#1317,#1318,#1319)) ;
#1346=EDGE_LOOP('',(#1347,#1348,#1349,#1350)) ;
#1370=EDGE_LOOP('',(#1371,#1372,#1373,#1374)) ;
#1401=EDGE_LOOP('',(#1402,#1403,#1404,#1405)) ;
#1425=EDGE_LOOP('',(#1426,#1427,#1428,#1429)) ;
#1456=EDGE_LOOP('',(#1457,#1458,#1459,#1460)) ;
#1480=EDGE_LOOP('',(#1481,#1482,#1483,#1484)) ;
#1565=EDGE_LOOP('',(#1566,#1567,#1568,#1569,#1570,#1571,#1572,#1573,#1574,#1575,#1576,#1577,#1578,#1579)) ;
#1609=EDGE_LOOP('',(#1610,#1611,#1612,#1613)) ;
#1643=EDGE_LOOP('',(#1644,#1645,#1646,#1647)) ;
#1665=EDGE_LOOP('',(#1666,#1667,#1668,#1669)) ;
#1682=EDGE_LOOP('',(#1683,#1684,#1685,#1686)) ;
#1699=EDGE_LOOP('',(#1700,#1701,#1702,#1703)) ;
#1716=EDGE_LOOP('',(#1717,#1718,#1719,#1720)) ;
#1733=EDGE_LOOP('',(#1734,#1735,#1736,#1737)) ;
#1745=EDGE_LOOP('',(#1746,#1747,#1748,#1749)) ;
#1767=EDGE_LOOP('',(#1768,#1769,#1770,#1771)) ;
#1789=EDGE_LOOP('',(#1790,#1791,#1792,#1793)) ;
#1801=EDGE_LOOP('',(#1802,#1803,#1804,#1805)) ;
#1823=EDGE_LOOP('',(#1824,#1825,#1826,#1827)) ;
#1840=EDGE_LOOP('',(#1841,#1842,#1843,#1844)) ;
#1857=EDGE_LOOP('',(#1858,#1859,#1860,#1861)) ;
#1869=EDGE_LOOP('',(#1870,#1871,#1872,#1873)) ;
#1886=EDGE_LOOP('',(#1887,#1888,#1889,#1890)) ;
#1903=EDGE_LOOP('',(#1904,#1905,#1906,#1907)) ;
#1920=EDGE_LOOP('',(#1921,#1922,#1923,#1924)) ;
#1932=EDGE_LOOP('',(#1933,#1934,#1935,#1936)) ;
#1944=EDGE_LOOP('',(#1945,#1946,#1947,#1948)) ;
#2004=EDGE_LOOP('',(#2005,#2006,#2007,#2008,#2009,#2010)) ;
#2064=EDGE_LOOP('',(#2065,#2066,#2067,#2068)) ;
#2095=EDGE_LOOP('',(#2096,#2097,#2098,#2099)) ;
#2126=EDGE_LOOP('',(#2127,#2128,#2129,#2130)) ;
#2150=EDGE_LOOP('',(#2151,#2152,#2153,#2154)) ;
#2174=EDGE_LOOP('',(#2175,#2176,#2177,#2178)) ;
#2198=EDGE_LOOP('',(#2199,#2200,#2201,#2202)) ;
#2229=EDGE_LOOP('',(#2230,#2231,#2232,#2233)) ;
#2253=EDGE_LOOP('',(#2254,#2255,#2256,#2257)) ;
#2277=EDGE_LOOP('',(#2278,#2279,#2280,#2281)) ;
#2294=EDGE_LOOP('',(#2295,#2296,#2297,#2298)) ;
#2318=EDGE_LOOP('',(#2319,#2320,#2321,#2322)) ;
#2335=EDGE_LOOP('',(#2336,#2337,#2338,#2339)) ;
#2359=EDGE_LOOP('',(#2360,#2361,#2362,#2363)) ;
#2383=EDGE_LOOP('',(#2384,#2385,#2386,#2387)) ;
#2430=EDGE_LOOP('',(#2431,#2432,#2433,#2434,#2435,#2436)) ;
#2454=EDGE_LOOP('',(#2455,#2456,#2457,#2458)) ;
#2478=EDGE_LOOP('',(#2479,#2480,#2481,#2482)) ;
#2495=EDGE_LOOP('',(#2496,#2497,#2498,#2499,#2500,#2501)) ;
#2503=EDGE_LOOP('',(#2504,#2505,#2506,#2507)) ;
#2542=EDGE_LOOP('',(#2543,#2544,#2545,#2546)) ;
#2564=EDGE_LOOP('',(#2565,#2566,#2567,#2568)) ;
#2581=EDGE_LOOP('',(#2582,#2583,#2584,#2585)) ;
#2603=EDGE_LOOP('',(#2604,#2605,#2606,#2607)) ;
#2627=EDGE_LOOP('',(#2628,#2629,#2630,#2631)) ;
#2674=EDGE_LOOP('',(#2675,#2676,#2677,#2678,#2679,#2680,#2681)) ;
#2701=EDGE_LOOP('',(#2702,#2703,#2704,#2705,#2706,#2707)) ;
#2733=EDGE_LOOP('',(#2734,#2735,#2736,#2737)) ;
#2763=EDGE_LOOP('',(#2764,#2765,#2766,#2767)) ;
#2785=EDGE_LOOP('',(#2786,#2787,#2788,#2789)) ;
#2802=EDGE_LOOP('',(#2803,#2804,#2805,#2806)) ;
#2819=EDGE_LOOP('',(#2820,#2821,#2822,#2823)) ;
#2836=EDGE_LOOP('',(#2837,#2838,#2839,#2840)) ;
#2848=EDGE_LOOP('',(#2849,#2850,#2851,#2852)) ;
#2860=EDGE_LOOP('',(#2861,#2862,#2863,#2864)) ;
#2877=EDGE_LOOP('',(#2878,#2879,#2880,#2881)) ;
#2894=EDGE_LOOP('',(#2895,#2896,#2897,#2898)) ;
#2911=EDGE_LOOP('',(#2912,#2913,#2914,#2915)) ;
#2928=EDGE_LOOP('',(#2929,#2930,#2931,#2932)) ;
#2945=EDGE_LOOP('',(#2946,#2947,#2948,#2949)) ;
#2962=EDGE_LOOP('',(#2963,#2964,#2965,#2966)) ;
#2979=EDGE_LOOP('',(#2980,#2981,#2982,#2983)) ;
#2996=EDGE_LOOP('',(#2997,#2998,#2999,#3000)) ;
#3013=EDGE_LOOP('',(#3014,#3015,#3016,#3017)) ;
#3035=EDGE_LOOP('',(#3036,#3037,#3038,#3039)) ;
#3052=EDGE_LOOP('',(#3053,#3054,#3055,#3056)) ;
#3064=EDGE_LOOP('',(#3065,#3066,#3067,#3068)) ;
#3081=EDGE_LOOP('',(#3082,#3083,#3084,#3085)) ;
#3105=EDGE_LOOP('',(#3106,#3107,#3108,#3109)) ;
#3149=EDGE_LOOP('',(#3150,#3151,#3152,#3153,#3154,#3155)) ;
#3212=EDGE_LOOP('',(#3213,#3214,#3215,#3216,#3217,#3218,#3219,#3220)) ;
#3240=EDGE_LOOP('',(#3241,#3242,#3243,#3244,#3245,#3246,#3247)) ;
#3292=EDGE_LOOP('',(#3293,#3294,#3295,#3296)) ;
#3316=EDGE_LOOP('',(#3317,#3318,#3319,#3320)) ;
#3340=EDGE_LOOP('',(#3341,#3342,#3343,#3344)) ;
#3379=EDGE_LOOP('',(#3380,#3381,#3382,#3383)) ;
#3403=EDGE_LOOP('',(#3404,#3405,#3406,#3407)) ;
#3442=EDGE_LOOP('',(#3443,#3444,#3445,#3446)) ;
#3485=EDGE_LOOP('',(#3486,#3487,#3488,#3489,#3490,#3491,#3492,#3493,#3494,#3495)) ;
#3515=EDGE_LOOP('',(#3516,#3517,#3518,#3519,#3520,#3521)) ;
#3534=EDGE_LOOP('',(#3535,#3536,#3537,#3538)) ;
#3565=EDGE_LOOP('',(#3566,#3567,#3568,#3569,#3570,#3571,#3572,#3573)) ;
#3593=EDGE_LOOP('',(#3594,#3595,#3596,#3597)) ;
#3617=EDGE_LOOP('',(#3618,#3619,#3620,#3621)) ;
#3661=EDGE_LOOP('',(#3662,#3663,#3664,#3665,#3666,#3667)) ;
#3687=EDGE_LOOP('',(#3688,#3689,#3690,#3691)) ;
#3711=EDGE_LOOP('',(#3712,#3713,#3714,#3715,#3716,#3717,#3718,#3719,#3720,#3721)) ;
#3766=EDGE_LOOP('',(#3767,#3768,#3769,#3770)) ;
#3813=EDGE_LOOP('',(#3814,#3815,#3816,#3817,#3818,#3819,#3820)) ;
#3853=EDGE_LOOP('',(#3854,#3855,#3856,#3857)) ;
#3877=EDGE_LOOP('',(#3878,#3879,#3880,#3881)) ;
#3900=EDGE_LOOP('',(#3901,#3902,#3903,#3904)) ;
#3924=EDGE_LOOP('',(#3925,#3926,#3927,#3928,#3929,#3930)) ;
#3966=EDGE_LOOP('',(#3967,#3968,#3969,#3970,#3971,#3972)) ;
#3992=EDGE_LOOP('',(#3993,#3994,#3995,#3996)) ;
#4031=EDGE_LOOP('',(#4032,#4033,#4034,#4035)) ;
#4055=EDGE_LOOP('',(#4056,#4057,#4058,#4059,#4060,#4061,#4062)) ;
#4082=EDGE_LOOP('',(#4083,#4084,#4085,#4086)) ;
#4133=EDGE_LOOP('',(#4134,#4135,#4136,#4137,#4138,#4139)) ;
#4193=EDGE_LOOP('',(#4194,#4195,#4196,#4197)) ;
#4224=EDGE_LOOP('',(#4225,#4226,#4227,#4228)) ;
#4248=EDGE_LOOP('',(#4249,#4250,#4251,#4252)) ;
#4272=EDGE_LOOP('',(#4273,#4274,#4275,#4276)) ;
#4289=EDGE_LOOP('',(#4290,#4291,#4292,#4293)) ;
#4306=EDGE_LOOP('',(#4307,#4308,#4309,#4310,#4311,#4312)) ;
#4325=EDGE_LOOP('',(#4326,#4327,#4328,#4329)) ;
#4356=EDGE_LOOP('',(#4357,#4358,#4359,#4360)) ;
#4380=EDGE_LOOP('',(#4381,#4382,#4383,#4384)) ;
#4404=EDGE_LOOP('',(#4405,#4406,#4407,#4408)) ;
#4421=EDGE_LOOP('',(#4422,#4423,#4424,#4425)) ;
#4433=EDGE_LOOP('',(#4434,#4435,#4436,#4437,#4438,#4439)) ;
#4441=EDGE_LOOP('',(#4442,#4443,#4444,#4445)) ;
#4463=EDGE_LOOP('',(#4464,#4465,#4466,#4467)) ;
#4470=EDGE_LOOP('',(#4471,#4472,#4473,#4474)) ;
#4520=EDGE_LOOP('',(#4521,#4522,#4523,#4524)) ;
#4551=EDGE_LOOP('',(#4552,#4553,#4554,#4555)) ;
#4582=EDGE_LOOP('',(#4583,#4584,#4585,#4586)) ;
#4613=EDGE_LOOP('',(#4614,#4615,#4616,#4617)) ;
#4644=EDGE_LOOP('',(#4645,#4646,#4647,#4648)) ;
#4675=EDGE_LOOP('',(#4676,#4677,#4678,#4679)) ;
#4706=EDGE_LOOP('',(#4707,#4708,#4709,#4710)) ;
#4737=EDGE_LOOP('',(#4738,#4739,#4740,#4741)) ;
#4768=EDGE_LOOP('',(#4769,#4770,#4771,#4772)) ;
#4799=EDGE_LOOP('',(#4800,#4801,#4802,#4803)) ;
#4830=EDGE_LOOP('',(#4831,#4832,#4833,#4834)) ;
#4856=EDGE_LOOP('',(#4857,#4858,#4859,#4860)) ;
#4887=EDGE_LOOP('',(#4888,#4889,#4890,#4891)) ;
#4918=EDGE_LOOP('',(#4919,#4920,#4921,#4922)) ;
#4949=EDGE_LOOP('',(#4950,#4951,#4952,#4953)) ;
#4980=EDGE_LOOP('',(#4981,#4982,#4983,#4984)) ;
#5011=EDGE_LOOP('',(#5012,#5013,#5014,#5015)) ;
#5042=EDGE_LOOP('',(#5043,#5044,#5045,#5046)) ;
#5073=EDGE_LOOP('',(#5074,#5075,#5076,#5077)) ;
#5104=EDGE_LOOP('',(#5105,#5106,#5107,#5108)) ;
#5135=EDGE_LOOP('',(#5136,#5137,#5138,#5139)) ;
#5166=EDGE_LOOP('',(#5167,#5168,#5169,#5170)) ;
#5197=EDGE_LOOP('',(#5198,#5199,#5200,#5201)) ;
#5228=EDGE_LOOP('',(#5229,#5230,#5231,#5232)) ;
#5259=EDGE_LOOP('',(#5260,#5261,#5262,#5263)) ;
#5290=EDGE_LOOP('',(#5291,#5292,#5293,#5294)) ;
#5316=EDGE_LOOP('',(#5317,#5318,#5319,#5320)) ;
#5347=EDGE_LOOP('',(#5348,#5349,#5350,#5351)) ;
#5378=EDGE_LOOP('',(#5379,#5380,#5381,#5382)) ;
#5409=EDGE_LOOP('',(#5410,#5411,#5412,#5413)) ;
#5440=EDGE_LOOP('',(#5441,#5442,#5443,#5444)) ;
#5471=EDGE_LOOP('',(#5472,#5473,#5474,#5475)) ;
#5502=EDGE_LOOP('',(#5503,#5504,#5505,#5506)) ;
#5528=EDGE_LOOP('',(#5529,#5530,#5531,#5532)) ;
#5559=EDGE_LOOP('',(#5560,#5561,#5562,#5563)) ;
#5590=EDGE_LOOP('',(#5591,#5592,#5593,#5594)) ;
#5621=EDGE_LOOP('',(#5622,#5623,#5624,#5625)) ;
#5647=EDGE_LOOP('',(#5648,#5649,#5650,#5651)) ;
#5678=EDGE_LOOP('',(#5679,#5680,#5681,#5682)) ;
#5709=EDGE_LOOP('',(#5710,#5711,#5712,#5713)) ;
#5740=EDGE_LOOP('',(#5741,#5742,#5743,#5744)) ;
#5762=EDGE_LOOP('',(#5763,#5764,#5765,#5766)) ;
#5774=EDGE_LOOP('',(#5775,#5776,#5777,#5778,#5779,#5780,#5781,#5782,#5783,#5784,#5785,#5786,#5787,#5788,#5789,#5790,#5791,#5792,#5793,#5794,#5795,#5796,#5797,#5798,#5799,#5800,#5801,#5802,#5803,#5804,#5805,#5806,#5807,#5808,#5809,#5810,#5811,#5812,#5813,#5814,#5815,#5816)) ;
#5824=EDGE_LOOP('',(#5825,#5826,#5827,#5828,#5829,#5830,#5831,#5832,#5833,#5834,#5835,#5836,#5837,#5838,#5839,#5840,#5841,#5842,#5843,#5844,#5845,#5846,#5847,#5848,#5849,#5850,#5851,#5852,#5853,#5854,#5855,#5856,#5857,#5858,#5859,#5860,#5861,#5862,#5863,#5864,#5865,#5866)) ;
#65=ORIENTED_EDGE('',*,*,#44,.F.) ;
#66=ORIENTED_EDGE('',*,*,#51,.T.) ;
#67=ORIENTED_EDGE('',*,*,#58,.T.) ;
#68=ORIENTED_EDGE('',*,*,#63,.F.) ;
#96=ORIENTED_EDGE('',*,*,#58,.F.) ;
#97=ORIENTED_EDGE('',*,*,#82,.T.) ;
#98=ORIENTED_EDGE('',*,*,#89,.T.) ;
#99=ORIENTED_EDGE('',*,*,#94,.F.) ;
#127=ORIENTED_EDGE('',*,*,#89,.F.) ;
#128=ORIENTED_EDGE('',*,*,#113,.T.) ;
#129=ORIENTED_EDGE('',*,*,#120,.T.) ;
#130=ORIENTED_EDGE('',*,*,#125,.F.) ;
#158=ORIENTED_EDGE('',*,*,#120,.F.) ;
#159=ORIENTED_EDGE('',*,*,#144,.T.) ;
#160=ORIENTED_EDGE('',*,*,#151,.T.) ;
#161=ORIENTED_EDGE('',*,*,#156,.F.) ;
#189=ORIENTED_EDGE('',*,*,#151,.F.) ;
#190=ORIENTED_EDGE('',*,*,#175,.T.) ;
#191=ORIENTED_EDGE('',*,*,#182,.T.) ;
#192=ORIENTED_EDGE('',*,*,#187,.F.) ;
#211=ORIENTED_EDGE('',*,*,#182,.F.) ;
#212=ORIENTED_EDGE('',*,*,#204,.T.) ;
#213=ORIENTED_EDGE('',*,*,#44,.T.) ;
#214=ORIENTED_EDGE('',*,*,#209,.F.) ;
#251=ORIENTED_EDGE('',*,*,#230,.T.) ;
#252=ORIENTED_EDGE('',*,*,#237,.F.) ;
#253=ORIENTED_EDGE('',*,*,#244,.F.) ;
#254=ORIENTED_EDGE('',*,*,#249,.T.) ;
#268=ORIENTED_EDGE('',*,*,#261,.T.) ;
#269=ORIENTED_EDGE('',*,*,#249,.F.) ;
#270=ORIENTED_EDGE('',*,*,#266,.F.) ;
#271=ORIENTED_EDGE('',*,*,#237,.T.) ;
#280=ORIENTED_EDGE('',*,*,#204,.F.) ;
#281=ORIENTED_EDGE('',*,*,#175,.F.) ;
#282=ORIENTED_EDGE('',*,*,#144,.F.) ;
#283=ORIENTED_EDGE('',*,*,#113,.F.) ;
#284=ORIENTED_EDGE('',*,*,#82,.F.) ;
#285=ORIENTED_EDGE('',*,*,#51,.F.) ;
#288=ORIENTED_EDGE('',*,*,#266,.T.) ;
#289=ORIENTED_EDGE('',*,*,#244,.T.) ;
#298=ORIENTED_EDGE('',*,*,#63,.T.) ;
#299=ORIENTED_EDGE('',*,*,#94,.T.) ;
#300=ORIENTED_EDGE('',*,*,#125,.T.) ;
#301=ORIENTED_EDGE('',*,*,#156,.T.) ;
#302=ORIENTED_EDGE('',*,*,#187,.T.) ;
#303=ORIENTED_EDGE('',*,*,#209,.T.) ;
#306=ORIENTED_EDGE('',*,*,#230,.F.) ;
#307=ORIENTED_EDGE('',*,*,#261,.F.) ;
#349=ORIENTED_EDGE('',*,*,#328,.F.) ;
#350=ORIENTED_EDGE('',*,*,#335,.T.) ;
#351=ORIENTED_EDGE('',*,*,#342,.T.) ;
#352=ORIENTED_EDGE('',*,*,#347,.F.) ;
#380=ORIENTED_EDGE('',*,*,#342,.F.) ;
#381=ORIENTED_EDGE('',*,*,#366,.T.) ;
#382=ORIENTED_EDGE('',*,*,#373,.T.) ;
#383=ORIENTED_EDGE('',*,*,#378,.F.) ;
#411=ORIENTED_EDGE('',*,*,#373,.F.) ;
#412=ORIENTED_EDGE('',*,*,#397,.T.) ;
#413=ORIENTED_EDGE('',*,*,#404,.T.) ;
#414=ORIENTED_EDGE('',*,*,#409,.F.) ;
#442=ORIENTED_EDGE('',*,*,#404,.F.) ;
#443=ORIENTED_EDGE('',*,*,#428,.T.) ;
#444=ORIENTED_EDGE('',*,*,#435,.T.) ;
#445=ORIENTED_EDGE('',*,*,#440,.F.) ;
#473=ORIENTED_EDGE('',*,*,#435,.F.) ;
#474=ORIENTED_EDGE('',*,*,#459,.T.) ;
#475=ORIENTED_EDGE('',*,*,#466,.T.) ;
#476=ORIENTED_EDGE('',*,*,#471,.F.) ;
#495=ORIENTED_EDGE('',*,*,#466,.F.) ;
#496=ORIENTED_EDGE('',*,*,#488,.T.) ;
#497=ORIENTED_EDGE('',*,*,#328,.T.) ;
#498=ORIENTED_EDGE('',*,*,#493,.F.) ;
#535=ORIENTED_EDGE('',*,*,#514,.T.) ;
#536=ORIENTED_EDGE('',*,*,#521,.F.) ;
#537=ORIENTED_EDGE('',*,*,#528,.F.) ;
#538=ORIENTED_EDGE('',*,*,#533,.T.) ;
#552=ORIENTED_EDGE('',*,*,#545,.T.) ;
#553=ORIENTED_EDGE('',*,*,#533,.F.) ;
#554=ORIENTED_EDGE('',*,*,#550,.F.) ;
#555=ORIENTED_EDGE('',*,*,#521,.T.) ;
#564=ORIENTED_EDGE('',*,*,#488,.F.) ;
#565=ORIENTED_EDGE('',*,*,#459,.F.) ;
#566=ORIENTED_EDGE('',*,*,#428,.F.) ;
#567=ORIENTED_EDGE('',*,*,#397,.F.) ;
#568=ORIENTED_EDGE('',*,*,#366,.F.) ;
#569=ORIENTED_EDGE('',*,*,#335,.F.) ;
#572=ORIENTED_EDGE('',*,*,#550,.T.) ;
#573=ORIENTED_EDGE('',*,*,#528,.T.) ;
#582=ORIENTED_EDGE('',*,*,#347,.T.) ;
#583=ORIENTED_EDGE('',*,*,#378,.T.) ;
#584=ORIENTED_EDGE('',*,*,#409,.T.) ;
#585=ORIENTED_EDGE('',*,*,#440,.T.) ;
#586=ORIENTED_EDGE('',*,*,#471,.T.) ;
#587=ORIENTED_EDGE('',*,*,#493,.T.) ;
#590=ORIENTED_EDGE('',*,*,#514,.F.) ;
#591=ORIENTED_EDGE('',*,*,#545,.F.) ;
#638=ORIENTED_EDGE('',*,*,#617,.F.) ;
#639=ORIENTED_EDGE('',*,*,#624,.F.) ;
#640=ORIENTED_EDGE('',*,*,#631,.T.) ;
#641=ORIENTED_EDGE('',*,*,#636,.T.) ;
#655=ORIENTED_EDGE('',*,*,#631,.F.) ;
#656=ORIENTED_EDGE('',*,*,#648,.F.) ;
#657=ORIENTED_EDGE('',*,*,#617,.T.) ;
#658=ORIENTED_EDGE('',*,*,#653,.T.) ;
#807=ORIENTED_EDGE('',*,*,#674,.F.) ;
#808=ORIENTED_EDGE('',*,*,#681,.T.) ;
#809=ORIENTED_EDGE('',*,*,#688,.F.) ;
#810=ORIENTED_EDGE('',*,*,#695,.F.) ;
#811=ORIENTED_EDGE('',*,*,#702,.F.) ;
#812=ORIENTED_EDGE('',*,*,#709,.T.) ;
#813=ORIENTED_EDGE('',*,*,#716,.F.) ;
#814=ORIENTED_EDGE('',*,*,#723,.F.) ;
#815=ORIENTED_EDGE('',*,*,#730,.F.) ;
#816=ORIENTED_EDGE('',*,*,#737,.T.) ;
#817=ORIENTED_EDGE('',*,*,#744,.F.) ;
#818=ORIENTED_EDGE('',*,*,#751,.T.) ;
#819=ORIENTED_EDGE('',*,*,#758,.F.) ;
#820=ORIENTED_EDGE('',*,*,#765,.F.) ;
#821=ORIENTED_EDGE('',*,*,#772,.F.) ;
#822=ORIENTED_EDGE('',*,*,#779,.T.) ;
#823=ORIENTED_EDGE('',*,*,#786,.F.) ;
#824=ORIENTED_EDGE('',*,*,#793,.F.) ;
#825=ORIENTED_EDGE('',*,*,#800,.F.) ;
#826=ORIENTED_EDGE('',*,*,#805,.T.) ;
#829=ORIENTED_EDGE('',*,*,#636,.F.) ;
#830=ORIENTED_EDGE('',*,*,#653,.F.) ;
#847=ORIENTED_EDGE('',*,*,#840,.F.) ;
#848=ORIENTED_EDGE('',*,*,#845,.F.) ;
#1016=ORIENTED_EDGE('',*,*,#867,.F.) ;
#1017=ORIENTED_EDGE('',*,*,#874,.T.) ;
#1018=ORIENTED_EDGE('',*,*,#884,.T.) ;
#1019=ORIENTED_EDGE('',*,*,#890,.T.) ;
#1020=ORIENTED_EDGE('',*,*,#896,.F.) ;
#1021=ORIENTED_EDGE('',*,*,#902,.T.) ;
#1022=ORIENTED_EDGE('',*,*,#912,.T.) ;
#1023=ORIENTED_EDGE('',*,*,#919,.T.) ;
#1024=ORIENTED_EDGE('',*,*,#929,.F.) ;
#1025=ORIENTED_EDGE('',*,*,#936,.T.) ;
#1026=ORIENTED_EDGE('',*,*,#946,.F.) ;
#1027=ORIENTED_EDGE('',*,*,#953,.T.) ;
#1028=ORIENTED_EDGE('',*,*,#963,.T.) ;
#1029=ORIENTED_EDGE('',*,*,#969,.T.) ;
#1030=ORIENTED_EDGE('',*,*,#976,.F.) ;
#1031=ORIENTED_EDGE('',*,*,#982,.T.) ;
#1032=ORIENTED_EDGE('',*,*,#992,.T.) ;
#1033=ORIENTED_EDGE('',*,*,#999,.T.) ;
#1034=ORIENTED_EDGE('',*,*,#1009,.F.) ;
#1035=ORIENTED_EDGE('',*,*,#1014,.T.) ;
#1038=ORIENTED_EDGE('',*,*,#648,.T.) ;
#1039=ORIENTED_EDGE('',*,*,#624,.T.) ;
#1080=ORIENTED_EDGE('',*,*,#1061,.T.) ;
#1081=ORIENTED_EDGE('',*,*,#1078,.T.) ;
#1192=ORIENTED_EDGE('',*,*,#1096,.T.) ;
#1193=ORIENTED_EDGE('',*,*,#1102,.F.) ;
#1194=ORIENTED_EDGE('',*,*,#1108,.T.) ;
#1195=ORIENTED_EDGE('',*,*,#1116,.T.) ;
#1196=ORIENTED_EDGE('',*,*,#1122,.T.) ;
#1197=ORIENTED_EDGE('',*,*,#1130,.F.) ;
#1198=ORIENTED_EDGE('',*,*,#1137,.T.) ;
#1199=ORIENTED_EDGE('',*,*,#1147,.F.) ;
#1200=ORIENTED_EDGE('',*,*,#1154,.T.) ;
#1201=ORIENTED_EDGE('',*,*,#1164,.F.) ;
#1202=ORIENTED_EDGE('',*,*,#1170,.T.) ;
#1203=ORIENTED_EDGE('',*,*,#1178,.F.) ;
#1204=ORIENTED_EDGE('',*,*,#1184,.T.) ;
#1205=ORIENTED_EDGE('',*,*,#1190,.T.) ;
#1260=ORIENTED_EDGE('',*,*,#1215,.F.) ;
#1261=ORIENTED_EDGE('',*,*,#1234,.T.) ;
#1262=ORIENTED_EDGE('',*,*,#1241,.T.) ;
#1263=ORIENTED_EDGE('',*,*,#1258,.T.) ;
#1316=ORIENTED_EDGE('',*,*,#1272,.F.) ;
#1317=ORIENTED_EDGE('',*,*,#1291,.T.) ;
#1318=ORIENTED_EDGE('',*,*,#1297,.T.) ;
#1319=ORIENTED_EDGE('',*,*,#1314,.T.) ;
#1347=ORIENTED_EDGE('',*,*,#1333,.T.) ;
#1348=ORIENTED_EDGE('',*,*,#1116,.F.) ;
#1349=ORIENTED_EDGE('',*,*,#1340,.F.) ;
#1350=ORIENTED_EDGE('',*,*,#1345,.T.) ;
#1371=ORIENTED_EDGE('',*,*,#1364,.T.) ;
#1372=ORIENTED_EDGE('',*,*,#1340,.T.) ;
#1373=ORIENTED_EDGE('',*,*,#1108,.F.) ;
#1374=ORIENTED_EDGE('',*,*,#1369,.F.) ;
#1402=ORIENTED_EDGE('',*,*,#1388,.T.) ;
#1403=ORIENTED_EDGE('',*,*,#1369,.T.) ;
#1404=ORIENTED_EDGE('',*,*,#1395,.F.) ;
#1405=ORIENTED_EDGE('',*,*,#1400,.F.) ;
#1426=ORIENTED_EDGE('',*,*,#1419,.F.) ;
#1427=ORIENTED_EDGE('',*,*,#1395,.T.) ;
#1428=ORIENTED_EDGE('',*,*,#1102,.T.) ;
#1429=ORIENTED_EDGE('',*,*,#1424,.F.) ;
#1457=ORIENTED_EDGE('',*,*,#1445,.F.) ;
#1458=ORIENTED_EDGE('',*,*,#1450,.T.) ;
#1459=ORIENTED_EDGE('',*,*,#1424,.T.) ;
#1460=ORIENTED_EDGE('',*,*,#1455,.F.) ;
#1481=ORIENTED_EDGE('',*,*,#1096,.F.) ;
#1482=ORIENTED_EDGE('',*,*,#1474,.F.) ;
#1483=ORIENTED_EDGE('',*,*,#1479,.T.) ;
#1484=ORIENTED_EDGE('',*,*,#1455,.T.) ;
#1566=ORIENTED_EDGE('',*,*,#1345,.F.) ;
#1567=ORIENTED_EDGE('',*,*,#1364,.F.) ;
#1568=ORIENTED_EDGE('',*,*,#1496,.T.) ;
#1569=ORIENTED_EDGE('',*,*,#1479,.F.) ;
#1570=ORIENTED_EDGE('',*,*,#1503,.F.) ;
#1571=ORIENTED_EDGE('',*,*,#1510,.F.) ;
#1572=ORIENTED_EDGE('',*,*,#1517,.T.) ;
#1573=ORIENTED_EDGE('',*,*,#1524,.F.) ;
#1574=ORIENTED_EDGE('',*,*,#1531,.T.) ;
#1575=ORIENTED_EDGE('',*,*,#1538,.F.) ;
#1576=ORIENTED_EDGE('',*,*,#1545,.T.) ;
#1577=ORIENTED_EDGE('',*,*,#1552,.F.) ;
#1578=ORIENTED_EDGE('',*,*,#1559,.T.) ;
#1579=ORIENTED_EDGE('',*,*,#1564,.F.) ;
#1610=ORIENTED_EDGE('',*,*,#1589,.F.) ;
#1611=ORIENTED_EDGE('',*,*,#1596,.F.) ;
#1612=ORIENTED_EDGE('',*,*,#1603,.F.) ;
#1613=ORIENTED_EDGE('',*,*,#1608,.T.) ;
#1644=ORIENTED_EDGE('',*,*,#1623,.F.) ;
#1645=ORIENTED_EDGE('',*,*,#1630,.F.) ;
#1646=ORIENTED_EDGE('',*,*,#1637,.F.) ;
#1647=ORIENTED_EDGE('',*,*,#1642,.T.) ;
#1666=ORIENTED_EDGE('',*,*,#1538,.T.) ;
#1667=ORIENTED_EDGE('',*,*,#1659,.T.) ;
#1668=ORIENTED_EDGE('',*,*,#1154,.F.) ;
#1669=ORIENTED_EDGE('',*,*,#1664,.F.) ;
#1683=ORIENTED_EDGE('',*,*,#1681,.T.) ;
#1684=ORIENTED_EDGE('',*,*,#1164,.T.) ;
#1685=ORIENTED_EDGE('',*,*,#1659,.F.) ;
#1686=ORIENTED_EDGE('',*,*,#1531,.F.) ;
#1700=ORIENTED_EDGE('',*,*,#1524,.T.) ;
#1701=ORIENTED_EDGE('',*,*,#1698,.T.) ;
#1702=ORIENTED_EDGE('',*,*,#1170,.F.) ;
#1703=ORIENTED_EDGE('',*,*,#1681,.F.) ;
#1717=ORIENTED_EDGE('',*,*,#1715,.T.) ;
#1718=ORIENTED_EDGE('',*,*,#1178,.T.) ;
#1719=ORIENTED_EDGE('',*,*,#1698,.F.) ;
#1720=ORIENTED_EDGE('',*,*,#1517,.F.) ;
#1734=ORIENTED_EDGE('',*,*,#1732,.T.) ;
#1735=ORIENTED_EDGE('',*,*,#1184,.F.) ;
#1736=ORIENTED_EDGE('',*,*,#1715,.F.) ;
#1737=ORIENTED_EDGE('',*,*,#1510,.T.) ;
#1746=ORIENTED_EDGE('',*,*,#1474,.T.) ;
#1747=ORIENTED_EDGE('',*,*,#1190,.F.) ;
#1748=ORIENTED_EDGE('',*,*,#1732,.F.) ;
#1749=ORIENTED_EDGE('',*,*,#1503,.T.) ;
#1768=ORIENTED_EDGE('',*,*,#1761,.T.) ;
#1769=ORIENTED_EDGE('',*,*,#1215,.T.) ;
#1770=ORIENTED_EDGE('',*,*,#1766,.F.) ;
#1771=ORIENTED_EDGE('',*,*,#1608,.F.) ;
#1790=ORIENTED_EDGE('',*,*,#1596,.T.) ;
#1791=ORIENTED_EDGE('',*,*,#1783,.T.) ;
#1792=ORIENTED_EDGE('',*,*,#1241,.F.) ;
#1793=ORIENTED_EDGE('',*,*,#1788,.F.) ;
#1802=ORIENTED_EDGE('',*,*,#1603,.T.) ;
#1803=ORIENTED_EDGE('',*,*,#1788,.T.) ;
#1804=ORIENTED_EDGE('',*,*,#1234,.F.) ;
#1805=ORIENTED_EDGE('',*,*,#1761,.F.) ;
#1824=ORIENTED_EDGE('',*,*,#1623,.T.) ;
#1825=ORIENTED_EDGE('',*,*,#1817,.T.) ;
#1826=ORIENTED_EDGE('',*,*,#1314,.F.) ;
#1827=ORIENTED_EDGE('',*,*,#1822,.F.) ;
#1841=ORIENTED_EDGE('',*,*,#1839,.T.) ;
#1842=ORIENTED_EDGE('',*,*,#1272,.T.) ;
#1843=ORIENTED_EDGE('',*,*,#1817,.F.) ;
#1844=ORIENTED_EDGE('',*,*,#1642,.F.) ;
#1858=ORIENTED_EDGE('',*,*,#1630,.T.) ;
#1859=ORIENTED_EDGE('',*,*,#1822,.T.) ;
#1860=ORIENTED_EDGE('',*,*,#1297,.F.) ;
#1861=ORIENTED_EDGE('',*,*,#1856,.F.) ;
#1870=ORIENTED_EDGE('',*,*,#1637,.T.) ;
#1871=ORIENTED_EDGE('',*,*,#1856,.T.) ;
#1872=ORIENTED_EDGE('',*,*,#1291,.F.) ;
#1873=ORIENTED_EDGE('',*,*,#1839,.F.) ;
#1887=ORIENTED_EDGE('',*,*,#1564,.T.) ;
#1888=ORIENTED_EDGE('',*,*,#1885,.T.) ;
#1889=ORIENTED_EDGE('',*,*,#1122,.F.) ;
#1890=ORIENTED_EDGE('',*,*,#1333,.F.) ;
#1904=ORIENTED_EDGE('',*,*,#1664,.T.) ;
#1905=ORIENTED_EDGE('',*,*,#1147,.T.) ;
#1906=ORIENTED_EDGE('',*,*,#1902,.F.) ;
#1907=ORIENTED_EDGE('',*,*,#1545,.F.) ;
#1921=ORIENTED_EDGE('',*,*,#1919,.T.) ;
#1922=ORIENTED_EDGE('',*,*,#1130,.T.) ;
#1923=ORIENTED_EDGE('',*,*,#1885,.F.) ;
#1924=ORIENTED_EDGE('',*,*,#1559,.F.) ;
#1933=ORIENTED_EDGE('',*,*,#1902,.T.) ;
#1934=ORIENTED_EDGE('',*,*,#1137,.F.) ;
#1935=ORIENTED_EDGE('',*,*,#1919,.F.) ;
#1936=ORIENTED_EDGE('',*,*,#1552,.T.) ;
#1945=ORIENTED_EDGE('',*,*,#1589,.T.) ;
#1946=ORIENTED_EDGE('',*,*,#1766,.T.) ;
#1947=ORIENTED_EDGE('',*,*,#1258,.F.) ;
#1948=ORIENTED_EDGE('',*,*,#1783,.F.) ;
#2005=ORIENTED_EDGE('',*,*,#1967,.T.) ;
#2006=ORIENTED_EDGE('',*,*,#1974,.T.) ;
#2007=ORIENTED_EDGE('',*,*,#1984,.T.) ;
#2008=ORIENTED_EDGE('',*,*,#1991,.T.) ;
#2009=ORIENTED_EDGE('',*,*,#1998,.F.) ;
#2010=ORIENTED_EDGE('',*,*,#2003,.T.) ;
#2065=ORIENTED_EDGE('',*,*,#2032,.F.) ;
#2066=ORIENTED_EDGE('',*,*,#2039,.T.) ;
#2067=ORIENTED_EDGE('',*,*,#2058,.F.) ;
#2068=ORIENTED_EDGE('',*,*,#2063,.T.) ;
#2096=ORIENTED_EDGE('',*,*,#2082,.F.) ;
#2097=ORIENTED_EDGE('',*,*,#1419,.T.) ;
#2098=ORIENTED_EDGE('',*,*,#2089,.T.) ;
#2099=ORIENTED_EDGE('',*,*,#2094,.T.) ;
#2127=ORIENTED_EDGE('',*,*,#2115,.T.) ;
#2128=ORIENTED_EDGE('',*,*,#2120,.T.) ;
#2129=ORIENTED_EDGE('',*,*,#1967,.F.) ;
#2130=ORIENTED_EDGE('',*,*,#2125,.F.) ;
#2151=ORIENTED_EDGE('',*,*,#2144,.T.) ;
#2152=ORIENTED_EDGE('',*,*,#1974,.F.) ;
#2153=ORIENTED_EDGE('',*,*,#2120,.F.) ;
#2154=ORIENTED_EDGE('',*,*,#2149,.T.) ;
#2175=ORIENTED_EDGE('',*,*,#2168,.T.) ;
#2176=ORIENTED_EDGE('',*,*,#2173,.T.) ;
#2177=ORIENTED_EDGE('',*,*,#1984,.F.) ;
#2178=ORIENTED_EDGE('',*,*,#2144,.F.) ;
#2199=ORIENTED_EDGE('',*,*,#2192,.T.) ;
#2200=ORIENTED_EDGE('',*,*,#1991,.F.) ;
#2201=ORIENTED_EDGE('',*,*,#2173,.F.) ;
#2202=ORIENTED_EDGE('',*,*,#2197,.T.) ;
#2230=ORIENTED_EDGE('',*,*,#2218,.F.) ;
#2231=ORIENTED_EDGE('',*,*,#2223,.F.) ;
#2232=ORIENTED_EDGE('',*,*,#2063,.F.) ;
#2233=ORIENTED_EDGE('',*,*,#2228,.F.) ;
#2254=ORIENTED_EDGE('',*,*,#2247,.F.) ;
#2255=ORIENTED_EDGE('',*,*,#2252,.T.) ;
#2256=ORIENTED_EDGE('',*,*,#2032,.T.) ;
#2257=ORIENTED_EDGE('',*,*,#2223,.T.) ;
#2278=ORIENTED_EDGE('',*,*,#2271,.F.) ;
#2279=ORIENTED_EDGE('',*,*,#2276,.T.) ;
#2280=ORIENTED_EDGE('',*,*,#2039,.F.) ;
#2281=ORIENTED_EDGE('',*,*,#2252,.F.) ;
#2295=ORIENTED_EDGE('',*,*,#2293,.F.) ;
#2296=ORIENTED_EDGE('',*,*,#2228,.T.) ;
#2297=ORIENTED_EDGE('',*,*,#2058,.T.) ;
#2298=ORIENTED_EDGE('',*,*,#2276,.F.) ;
#2319=ORIENTED_EDGE('',*,*,#2312,.T.) ;
#2320=ORIENTED_EDGE('',*,*,#1400,.T.) ;
#2321=ORIENTED_EDGE('',*,*,#2082,.T.) ;
#2322=ORIENTED_EDGE('',*,*,#2317,.F.) ;
#2336=ORIENTED_EDGE('',*,*,#1445,.T.) ;
#2337=ORIENTED_EDGE('',*,*,#1496,.F.) ;
#2338=ORIENTED_EDGE('',*,*,#1388,.F.) ;
#2339=ORIENTED_EDGE('',*,*,#2334,.T.) ;
#2360=ORIENTED_EDGE('',*,*,#2353,.T.) ;
#2361=ORIENTED_EDGE('',*,*,#2089,.F.) ;
#2362=ORIENTED_EDGE('',*,*,#1450,.F.) ;
#2363=ORIENTED_EDGE('',*,*,#2358,.F.) ;
#2384=ORIENTED_EDGE('',*,*,#2377,.T.) ;
#2385=ORIENTED_EDGE('',*,*,#2125,.T.) ;
#2386=ORIENTED_EDGE('',*,*,#2003,.F.) ;
#2387=ORIENTED_EDGE('',*,*,#2382,.F.) ;
#2431=ORIENTED_EDGE('',*,*,#2403,.F.) ;
#2432=ORIENTED_EDGE('',*,*,#2410,.F.) ;
#2433=ORIENTED_EDGE('',*,*,#2415,.F.) ;
#2434=ORIENTED_EDGE('',*,*,#1998,.T.) ;
#2435=ORIENTED_EDGE('',*,*,#2422,.T.) ;
#2436=ORIENTED_EDGE('',*,*,#2429,.F.) ;
#2455=ORIENTED_EDGE('',*,*,#709,.F.) ;
#2456=ORIENTED_EDGE('',*,*,#2448,.T.) ;
#2457=ORIENTED_EDGE('',*,*,#2094,.F.) ;
#2458=ORIENTED_EDGE('',*,*,#2453,.F.) ;
#2479=ORIENTED_EDGE('',*,*,#2472,.F.) ;
#2480=ORIENTED_EDGE('',*,*,#2477,.T.) ;
#2481=ORIENTED_EDGE('',*,*,#2422,.F.) ;
#2482=ORIENTED_EDGE('',*,*,#2192,.F.) ;
#2496=ORIENTED_EDGE('',*,*,#2377,.F.) ;
#2497=ORIENTED_EDGE('',*,*,#2494,.T.) ;
#2498=ORIENTED_EDGE('',*,*,#2197,.F.) ;
#2499=ORIENTED_EDGE('',*,*,#2168,.F.) ;
#2500=ORIENTED_EDGE('',*,*,#2149,.F.) ;
#2501=ORIENTED_EDGE('',*,*,#2115,.F.) ;
#2504=ORIENTED_EDGE('',*,*,#2293,.T.) ;
#2505=ORIENTED_EDGE('',*,*,#2271,.T.) ;
#2506=ORIENTED_EDGE('',*,*,#2247,.T.) ;
#2507=ORIENTED_EDGE('',*,*,#2218,.T.) ;
#2543=ORIENTED_EDGE('',*,*,#2534,.F.) ;
#2544=ORIENTED_EDGE('',*,*,#2429,.T.) ;
#2545=ORIENTED_EDGE('',*,*,#2477,.F.) ;
#2546=ORIENTED_EDGE('',*,*,#2541,.F.) ;
#2565=ORIENTED_EDGE('',*,*,#2317,.T.) ;
#2566=ORIENTED_EDGE('',*,*,#2448,.F.) ;
#2567=ORIENTED_EDGE('',*,*,#2558,.F.) ;
#2568=ORIENTED_EDGE('',*,*,#2563,.T.) ;
#2582=ORIENTED_EDGE('',*,*,#2580,.T.) ;
#2583=ORIENTED_EDGE('',*,*,#2358,.T.) ;
#2584=ORIENTED_EDGE('',*,*,#2334,.F.) ;
#2585=ORIENTED_EDGE('',*,*,#2312,.F.) ;
#2604=ORIENTED_EDGE('',*,*,#2597,.F.) ;
#2605=ORIENTED_EDGE('',*,*,#2602,.T.) ;
#2606=ORIENTED_EDGE('',*,*,#2453,.T.) ;
#2607=ORIENTED_EDGE('',*,*,#2353,.F.) ;
#2628=ORIENTED_EDGE('',*,*,#2621,.F.) ;
#2629=ORIENTED_EDGE('',*,*,#2382,.T.) ;
#2630=ORIENTED_EDGE('',*,*,#2415,.T.) ;
#2631=ORIENTED_EDGE('',*,*,#2626,.T.) ;
#2675=ORIENTED_EDGE('',*,*,#2647,.T.) ;
#2676=ORIENTED_EDGE('',*,*,#2652,.T.) ;
#2677=ORIENTED_EDGE('',*,*,#2410,.T.) ;
#2678=ORIENTED_EDGE('',*,*,#2403,.T.) ;
#2679=ORIENTED_EDGE('',*,*,#2660,.F.) ;
#2680=ORIENTED_EDGE('',*,*,#2668,.F.) ;
#2681=ORIENTED_EDGE('',*,*,#2673,.T.) ;
#2702=ORIENTED_EDGE('',*,*,#2541,.T.) ;
#2703=ORIENTED_EDGE('',*,*,#2472,.T.) ;
#2704=ORIENTED_EDGE('',*,*,#2494,.F.) ;
#2705=ORIENTED_EDGE('',*,*,#2621,.T.) ;
#2706=ORIENTED_EDGE('',*,*,#2695,.T.) ;
#2707=ORIENTED_EDGE('',*,*,#2700,.T.) ;
#2734=ORIENTED_EDGE('',*,*,#2727,.F.) ;
#2735=ORIENTED_EDGE('',*,*,#2732,.F.) ;
#2736=ORIENTED_EDGE('',*,*,#2660,.T.) ;
#2737=ORIENTED_EDGE('',*,*,#2534,.T.) ;
#2764=ORIENTED_EDGE('',*,*,#2757,.F.) ;
#2765=ORIENTED_EDGE('',*,*,#2762,.T.) ;
#2766=ORIENTED_EDGE('',*,*,#2668,.T.) ;
#2767=ORIENTED_EDGE('',*,*,#2732,.T.) ;
#2786=ORIENTED_EDGE('',*,*,#1014,.F.) ;
#2787=ORIENTED_EDGE('',*,*,#2779,.T.) ;
#2788=ORIENTED_EDGE('',*,*,#674,.T.) ;
#2789=ORIENTED_EDGE('',*,*,#2784,.F.) ;
#2803=ORIENTED_EDGE('',*,*,#1009,.T.) ;
#2804=ORIENTED_EDGE('',*,*,#2801,.T.) ;
#2805=ORIENTED_EDGE('',*,*,#681,.F.) ;
#2806=ORIENTED_EDGE('',*,*,#2779,.F.) ;
#2820=ORIENTED_EDGE('',*,*,#2818,.T.) ;
#2821=ORIENTED_EDGE('',*,*,#688,.T.) ;
#2822=ORIENTED_EDGE('',*,*,#2801,.F.) ;
#2823=ORIENTED_EDGE('',*,*,#999,.F.) ;
#2837=ORIENTED_EDGE('',*,*,#2835,.T.) ;
#2838=ORIENTED_EDGE('',*,*,#695,.T.) ;
#2839=ORIENTED_EDGE('',*,*,#2818,.F.) ;
#2840=ORIENTED_EDGE('',*,*,#992,.F.) ;
#2849=ORIENTED_EDGE('',*,*,#2558,.T.) ;
#2850=ORIENTED_EDGE('',*,*,#702,.T.) ;
#2851=ORIENTED_EDGE('',*,*,#2835,.F.) ;
#2852=ORIENTED_EDGE('',*,*,#982,.F.) ;
#2861=ORIENTED_EDGE('',*,*,#2597,.T.) ;
#2862=ORIENTED_EDGE('',*,*,#2580,.F.) ;
#2863=ORIENTED_EDGE('',*,*,#2563,.F.) ;
#2864=ORIENTED_EDGE('',*,*,#976,.T.) ;
#2878=ORIENTED_EDGE('',*,*,#969,.F.) ;
#2879=ORIENTED_EDGE('',*,*,#2876,.T.) ;
#2880=ORIENTED_EDGE('',*,*,#716,.T.) ;
#2881=ORIENTED_EDGE('',*,*,#2602,.F.) ;
#2895=ORIENTED_EDGE('',*,*,#2893,.T.) ;
#2896=ORIENTED_EDGE('',*,*,#723,.T.) ;
#2897=ORIENTED_EDGE('',*,*,#2876,.F.) ;
#2898=ORIENTED_EDGE('',*,*,#963,.F.) ;
#2912=ORIENTED_EDGE('',*,*,#953,.F.) ;
#2913=ORIENTED_EDGE('',*,*,#2910,.T.) ;
#2914=ORIENTED_EDGE('',*,*,#730,.T.) ;
#2915=ORIENTED_EDGE('',*,*,#2893,.F.) ;
#2929=ORIENTED_EDGE('',*,*,#946,.T.) ;
#2930=ORIENTED_EDGE('',*,*,#2927,.T.) ;
#2931=ORIENTED_EDGE('',*,*,#737,.F.) ;
#2932=ORIENTED_EDGE('',*,*,#2910,.F.) ;
#2946=ORIENTED_EDGE('',*,*,#936,.F.) ;
#2947=ORIENTED_EDGE('',*,*,#2944,.T.) ;
#2948=ORIENTED_EDGE('',*,*,#744,.T.) ;
#2949=ORIENTED_EDGE('',*,*,#2927,.F.) ;
#2963=ORIENTED_EDGE('',*,*,#929,.T.) ;
#2964=ORIENTED_EDGE('',*,*,#2961,.T.) ;
#2965=ORIENTED_EDGE('',*,*,#751,.F.) ;
#2966=ORIENTED_EDGE('',*,*,#2944,.F.) ;
#2980=ORIENTED_EDGE('',*,*,#2978,.T.) ;
#2981=ORIENTED_EDGE('',*,*,#758,.T.) ;
#2982=ORIENTED_EDGE('',*,*,#2961,.F.) ;
#2983=ORIENTED_EDGE('',*,*,#919,.F.) ;
#2997=ORIENTED_EDGE('',*,*,#2995,.T.) ;
#2998=ORIENTED_EDGE('',*,*,#765,.T.) ;
#2999=ORIENTED_EDGE('',*,*,#2978,.F.) ;
#3000=ORIENTED_EDGE('',*,*,#912,.F.) ;
#3014=ORIENTED_EDGE('',*,*,#902,.F.) ;
#3015=ORIENTED_EDGE('',*,*,#3012,.T.) ;
#3016=ORIENTED_EDGE('',*,*,#772,.T.) ;
#3017=ORIENTED_EDGE('',*,*,#2995,.F.) ;
#3036=ORIENTED_EDGE('',*,*,#3029,.T.) ;
#3037=ORIENTED_EDGE('',*,*,#793,.T.) ;
#3038=ORIENTED_EDGE('',*,*,#3034,.F.) ;
#3039=ORIENTED_EDGE('',*,*,#884,.F.) ;
#3053=ORIENTED_EDGE('',*,*,#874,.F.) ;
#3054=ORIENTED_EDGE('',*,*,#3051,.T.) ;
#3055=ORIENTED_EDGE('',*,*,#800,.T.) ;
#3056=ORIENTED_EDGE('',*,*,#3029,.F.) ;
#3065=ORIENTED_EDGE('',*,*,#867,.T.) ;
#3066=ORIENTED_EDGE('',*,*,#2784,.T.) ;
#3067=ORIENTED_EDGE('',*,*,#805,.F.) ;
#3068=ORIENTED_EDGE('',*,*,#3051,.F.) ;
#3082=ORIENTED_EDGE('',*,*,#3034,.T.) ;
#3083=ORIENTED_EDGE('',*,*,#786,.T.) ;
#3084=ORIENTED_EDGE('',*,*,#3080,.F.) ;
#3085=ORIENTED_EDGE('',*,*,#890,.F.) ;
#3106=ORIENTED_EDGE('',*,*,#2626,.F.) ;
#3107=ORIENTED_EDGE('',*,*,#2652,.F.) ;
#3108=ORIENTED_EDGE('',*,*,#3099,.F.) ;
#3109=ORIENTED_EDGE('',*,*,#3104,.F.) ;
#3150=ORIENTED_EDGE('',*,*,#3123,.F.) ;
#3151=ORIENTED_EDGE('',*,*,#2647,.F.) ;
#3152=ORIENTED_EDGE('',*,*,#2673,.F.) ;
#3153=ORIENTED_EDGE('',*,*,#3136,.F.) ;
#3154=ORIENTED_EDGE('',*,*,#3143,.T.) ;
#3155=ORIENTED_EDGE('',*,*,#3148,.T.) ;
#3213=ORIENTED_EDGE('',*,*,#3171,.T.) ;
#3214=ORIENTED_EDGE('',*,*,#3179,.F.) ;
#3215=ORIENTED_EDGE('',*,*,#3184,.T.) ;
#3216=ORIENTED_EDGE('',*,*,#779,.F.) ;
#3217=ORIENTED_EDGE('',*,*,#3191,.F.) ;
#3218=ORIENTED_EDGE('',*,*,#3199,.T.) ;
#3219=ORIENTED_EDGE('',*,*,#3206,.T.) ;
#3220=ORIENTED_EDGE('',*,*,#3211,.T.) ;
#3241=ORIENTED_EDGE('',*,*,#3234,.F.) ;
#3242=ORIENTED_EDGE('',*,*,#2757,.T.) ;
#3243=ORIENTED_EDGE('',*,*,#2727,.T.) ;
#3244=ORIENTED_EDGE('',*,*,#2700,.F.) ;
#3245=ORIENTED_EDGE('',*,*,#2695,.F.) ;
#3246=ORIENTED_EDGE('',*,*,#3104,.T.) ;
#3247=ORIENTED_EDGE('',*,*,#3239,.F.) ;
#3293=ORIENTED_EDGE('',*,*,#3280,.T.) ;
#3294=ORIENTED_EDGE('',*,*,#3136,.T.) ;
#3295=ORIENTED_EDGE('',*,*,#2762,.F.) ;
#3296=ORIENTED_EDGE('',*,*,#3291,.F.) ;
#3317=ORIENTED_EDGE('',*,*,#3310,.T.) ;
#3318=ORIENTED_EDGE('',*,*,#3315,.T.) ;
#3319=ORIENTED_EDGE('',*,*,#3191,.T.) ;
#3320=ORIENTED_EDGE('',*,*,#3012,.F.) ;
#3341=ORIENTED_EDGE('',*,*,#3080,.T.) ;
#3342=ORIENTED_EDGE('',*,*,#3184,.F.) ;
#3343=ORIENTED_EDGE('',*,*,#3334,.F.) ;
#3344=ORIENTED_EDGE('',*,*,#3339,.F.) ;
#3380=ORIENTED_EDGE('',*,*,#3374,.F.) ;
#3381=ORIENTED_EDGE('',*,*,#3334,.T.) ;
#3382=ORIENTED_EDGE('',*,*,#3179,.T.) ;
#3383=ORIENTED_EDGE('',*,*,#3378,.F.) ;
#3404=ORIENTED_EDGE('',*,*,#3397,.F.) ;
#3405=ORIENTED_EDGE('',*,*,#3099,.T.) ;
#3406=ORIENTED_EDGE('',*,*,#3123,.T.) ;
#3407=ORIENTED_EDGE('',*,*,#3402,.F.) ;
#3443=ORIENTED_EDGE('',*,*,#3434,.T.) ;
#3444=ORIENTED_EDGE('',*,*,#3199,.F.) ;
#3445=ORIENTED_EDGE('',*,*,#3315,.F.) ;
#3446=ORIENTED_EDGE('',*,*,#3441,.T.) ;
#3486=ORIENTED_EDGE('',*,*,#3206,.F.) ;
#3487=ORIENTED_EDGE('',*,*,#3460,.F.) ;
#3488=ORIENTED_EDGE('',*,*,#3467,.T.) ;
#3489=ORIENTED_EDGE('',*,*,#3474,.T.) ;
#3490=ORIENTED_EDGE('',*,*,#3479,.F.) ;
#3491=ORIENTED_EDGE('',*,*,#3148,.F.) ;
#3492=ORIENTED_EDGE('',*,*,#3143,.F.) ;
#3493=ORIENTED_EDGE('',*,*,#3484,.F.) ;
#3494=ORIENTED_EDGE('',*,*,#3171,.F.) ;
#3495=ORIENTED_EDGE('',*,*,#3211,.F.) ;
#3516=ORIENTED_EDGE('',*,*,#3509,.F.) ;
#3517=ORIENTED_EDGE('',*,*,#3514,.F.) ;
#3518=ORIENTED_EDGE('',*,*,#3291,.T.) ;
#3519=ORIENTED_EDGE('',*,*,#3234,.T.) ;
#3520=ORIENTED_EDGE('',*,*,#3239,.T.) ;
#3521=ORIENTED_EDGE('',*,*,#3397,.T.) ;
#3535=ORIENTED_EDGE('',*,*,#3378,.T.) ;
#3536=ORIENTED_EDGE('',*,*,#3484,.T.) ;
#3537=ORIENTED_EDGE('',*,*,#3280,.F.) ;
#3538=ORIENTED_EDGE('',*,*,#3533,.F.) ;
#3566=ORIENTED_EDGE('',*,*,#3554,.F.) ;
#3567=ORIENTED_EDGE('',*,*,#3559,.F.) ;
#3568=ORIENTED_EDGE('',*,*,#3441,.F.) ;
#3569=ORIENTED_EDGE('',*,*,#3310,.F.) ;
#3570=ORIENTED_EDGE('',*,*,#896,.T.) ;
#3571=ORIENTED_EDGE('',*,*,#3339,.T.) ;
#3572=ORIENTED_EDGE('',*,*,#3374,.T.) ;
#3573=ORIENTED_EDGE('',*,*,#3564,.F.) ;
#3594=ORIENTED_EDGE('',*,*,#3402,.T.) ;
#3595=ORIENTED_EDGE('',*,*,#3479,.T.) ;
#3596=ORIENTED_EDGE('',*,*,#3587,.F.) ;
#3597=ORIENTED_EDGE('',*,*,#3592,.F.) ;
#3618=ORIENTED_EDGE('',*,*,#3611,.F.) ;
#3619=ORIENTED_EDGE('',*,*,#3616,.T.) ;
#3620=ORIENTED_EDGE('',*,*,#3460,.T.) ;
#3621=ORIENTED_EDGE('',*,*,#3434,.F.) ;
#3662=ORIENTED_EDGE('',*,*,#3635,.F.) ;
#3663=ORIENTED_EDGE('',*,*,#3474,.F.) ;
#3664=ORIENTED_EDGE('',*,*,#3467,.F.) ;
#3665=ORIENTED_EDGE('',*,*,#3648,.T.) ;
#3666=ORIENTED_EDGE('',*,*,#3655,.T.) ;
#3667=ORIENTED_EDGE('',*,*,#3660,.T.) ;
#3688=ORIENTED_EDGE('',*,*,#3681,.F.) ;
#3689=ORIENTED_EDGE('',*,*,#3587,.T.) ;
#3690=ORIENTED_EDGE('',*,*,#3635,.T.) ;
#3691=ORIENTED_EDGE('',*,*,#3686,.F.) ;
#3712=ORIENTED_EDGE('',*,*,#3509,.T.) ;
#3713=ORIENTED_EDGE('',*,*,#3592,.T.) ;
#3714=ORIENTED_EDGE('',*,*,#3705,.F.) ;
#3715=ORIENTED_EDGE('',*,*,#3710,.F.) ;
#3716=ORIENTED_EDGE('',*,*,#3611,.T.) ;
#3717=ORIENTED_EDGE('',*,*,#3559,.T.) ;
#3718=ORIENTED_EDGE('',*,*,#3554,.T.) ;
#3719=ORIENTED_EDGE('',*,*,#3564,.T.) ;
#3720=ORIENTED_EDGE('',*,*,#3533,.T.) ;
#3721=ORIENTED_EDGE('',*,*,#3514,.T.) ;
#3767=ORIENTED_EDGE('',*,*,#3754,.F.) ;
#3768=ORIENTED_EDGE('',*,*,#3648,.F.) ;
#3769=ORIENTED_EDGE('',*,*,#3616,.F.) ;
#3770=ORIENTED_EDGE('',*,*,#3765,.T.) ;
#3814=ORIENTED_EDGE('',*,*,#3660,.F.) ;
#3815=ORIENTED_EDGE('',*,*,#3655,.F.) ;
#3816=ORIENTED_EDGE('',*,*,#3785,.T.) ;
#3817=ORIENTED_EDGE('',*,*,#3793,.T.) ;
#3818=ORIENTED_EDGE('',*,*,#3800,.T.) ;
#3819=ORIENTED_EDGE('',*,*,#3807,.T.) ;
#3820=ORIENTED_EDGE('',*,*,#3812,.F.) ;
#3854=ORIENTED_EDGE('',*,*,#3842,.T.) ;
#3855=ORIENTED_EDGE('',*,*,#3847,.F.) ;
#3856=ORIENTED_EDGE('',*,*,#3793,.F.) ;
#3857=ORIENTED_EDGE('',*,*,#3852,.T.) ;
#3878=ORIENTED_EDGE('',*,*,#3871,.T.) ;
#3879=ORIENTED_EDGE('',*,*,#3686,.T.) ;
#3880=ORIENTED_EDGE('',*,*,#3812,.T.) ;
#3881=ORIENTED_EDGE('',*,*,#3876,.T.) ;
#3901=ORIENTED_EDGE('',*,*,#3852,.F.) ;
#3902=ORIENTED_EDGE('',*,*,#3785,.F.) ;
#3903=ORIENTED_EDGE('',*,*,#3754,.T.) ;
#3904=ORIENTED_EDGE('',*,*,#3899,.T.) ;
#3925=ORIENTED_EDGE('',*,*,#3918,.F.) ;
#3926=ORIENTED_EDGE('',*,*,#3923,.F.) ;
#3927=ORIENTED_EDGE('',*,*,#3765,.F.) ;
#3928=ORIENTED_EDGE('',*,*,#3710,.T.) ;
#3929=ORIENTED_EDGE('',*,*,#3705,.T.) ;
#3930=ORIENTED_EDGE('',*,*,#3681,.T.) ;
#3967=ORIENTED_EDGE('',*,*,#3807,.F.) ;
#3968=ORIENTED_EDGE('',*,*,#3800,.F.) ;
#3969=ORIENTED_EDGE('',*,*,#3946,.T.) ;
#3970=ORIENTED_EDGE('',*,*,#3953,.F.) ;
#3971=ORIENTED_EDGE('',*,*,#3960,.T.) ;
#3972=ORIENTED_EDGE('',*,*,#3965,.T.) ;
#3993=ORIENTED_EDGE('',*,*,#3876,.F.) ;
#3994=ORIENTED_EDGE('',*,*,#3965,.F.) ;
#3995=ORIENTED_EDGE('',*,*,#3986,.F.) ;
#3996=ORIENTED_EDGE('',*,*,#3991,.T.) ;
#4032=ORIENTED_EDGE('',*,*,#4026,.T.) ;
#4033=ORIENTED_EDGE('',*,*,#4030,.T.) ;
#4034=ORIENTED_EDGE('',*,*,#3946,.F.) ;
#4035=ORIENTED_EDGE('',*,*,#3847,.T.) ;
#4056=ORIENTED_EDGE('',*,*,#3871,.F.) ;
#4057=ORIENTED_EDGE('',*,*,#4049,.F.) ;
#4058=ORIENTED_EDGE('',*,*,#4054,.F.) ;
#4059=ORIENTED_EDGE('',*,*,#3842,.F.) ;
#4060=ORIENTED_EDGE('',*,*,#3899,.F.) ;
#4061=ORIENTED_EDGE('',*,*,#3923,.T.) ;
#4062=ORIENTED_EDGE('',*,*,#3918,.T.) ;
#4083=ORIENTED_EDGE('',*,*,#4076,.T.) ;
#4084=ORIENTED_EDGE('',*,*,#3953,.T.) ;
#4085=ORIENTED_EDGE('',*,*,#4030,.F.) ;
#4086=ORIENTED_EDGE('',*,*,#4081,.T.) ;
#4134=ORIENTED_EDGE('',*,*,#4105,.T.) ;
#4135=ORIENTED_EDGE('',*,*,#4112,.T.) ;
#4136=ORIENTED_EDGE('',*,*,#4122,.T.) ;
#4137=ORIENTED_EDGE('',*,*,#4127,.T.) ;
#4138=ORIENTED_EDGE('',*,*,#3960,.F.) ;
#4139=ORIENTED_EDGE('',*,*,#4132,.T.) ;
#4194=ORIENTED_EDGE('',*,*,#4161,.F.) ;
#4195=ORIENTED_EDGE('',*,*,#4168,.T.) ;
#4196=ORIENTED_EDGE('',*,*,#4187,.F.) ;
#4197=ORIENTED_EDGE('',*,*,#4192,.T.) ;
#4225=ORIENTED_EDGE('',*,*,#4213,.T.) ;
#4226=ORIENTED_EDGE('',*,*,#4218,.T.) ;
#4227=ORIENTED_EDGE('',*,*,#4105,.F.) ;
#4228=ORIENTED_EDGE('',*,*,#4223,.F.) ;
#4249=ORIENTED_EDGE('',*,*,#4242,.T.) ;
#4250=ORIENTED_EDGE('',*,*,#4112,.F.) ;
#4251=ORIENTED_EDGE('',*,*,#4218,.F.) ;
#4252=ORIENTED_EDGE('',*,*,#4247,.T.) ;
#4273=ORIENTED_EDGE('',*,*,#4266,.T.) ;
#4274=ORIENTED_EDGE('',*,*,#4271,.T.) ;
#4275=ORIENTED_EDGE('',*,*,#4122,.F.) ;
#4276=ORIENTED_EDGE('',*,*,#4242,.F.) ;
#4290=ORIENTED_EDGE('',*,*,#3986,.T.) ;
#4291=ORIENTED_EDGE('',*,*,#4127,.F.) ;
#4292=ORIENTED_EDGE('',*,*,#4271,.F.) ;
#4293=ORIENTED_EDGE('',*,*,#4288,.T.) ;
#4307=ORIENTED_EDGE('',*,*,#3991,.F.) ;
#4308=ORIENTED_EDGE('',*,*,#4305,.F.) ;
#4309=ORIENTED_EDGE('',*,*,#4081,.F.) ;
#4310=ORIENTED_EDGE('',*,*,#4026,.F.) ;
#4311=ORIENTED_EDGE('',*,*,#4054,.T.) ;
#4312=ORIENTED_EDGE('',*,*,#4049,.T.) ;
#4326=ORIENTED_EDGE('',*,*,#4324,.T.) ;
#4327=ORIENTED_EDGE('',*,*,#4223,.T.) ;
#4328=ORIENTED_EDGE('',*,*,#4132,.F.) ;
#4329=ORIENTED_EDGE('',*,*,#4076,.F.) ;
#4357=ORIENTED_EDGE('',*,*,#4345,.F.) ;
#4358=ORIENTED_EDGE('',*,*,#4350,.F.) ;
#4359=ORIENTED_EDGE('',*,*,#4192,.F.) ;
#4360=ORIENTED_EDGE('',*,*,#4355,.F.) ;
#4381=ORIENTED_EDGE('',*,*,#4374,.F.) ;
#4382=ORIENTED_EDGE('',*,*,#4379,.T.) ;
#4383=ORIENTED_EDGE('',*,*,#4161,.T.) ;
#4384=ORIENTED_EDGE('',*,*,#4350,.T.) ;
#4405=ORIENTED_EDGE('',*,*,#4398,.F.) ;
#4406=ORIENTED_EDGE('',*,*,#4403,.T.) ;
#4407=ORIENTED_EDGE('',*,*,#4168,.F.) ;
#4408=ORIENTED_EDGE('',*,*,#4379,.F.) ;
#4422=ORIENTED_EDGE('',*,*,#4420,.F.) ;
#4423=ORIENTED_EDGE('',*,*,#4355,.T.) ;
#4424=ORIENTED_EDGE('',*,*,#4187,.T.) ;
#4425=ORIENTED_EDGE('',*,*,#4403,.F.) ;
#4434=ORIENTED_EDGE('',*,*,#4324,.F.) ;
#4435=ORIENTED_EDGE('',*,*,#4305,.T.) ;
#4436=ORIENTED_EDGE('',*,*,#4288,.F.) ;
#4437=ORIENTED_EDGE('',*,*,#4266,.F.) ;
#4438=ORIENTED_EDGE('',*,*,#4247,.F.) ;
#4439=ORIENTED_EDGE('',*,*,#4213,.F.) ;
#4442=ORIENTED_EDGE('',*,*,#4420,.T.) ;
#4443=ORIENTED_EDGE('',*,*,#4398,.T.) ;
#4444=ORIENTED_EDGE('',*,*,#4374,.T.) ;
#4445=ORIENTED_EDGE('',*,*,#4345,.T.) ;
#4464=ORIENTED_EDGE('',*,*,#4457,.F.) ;
#4465=ORIENTED_EDGE('',*,*,#1061,.F.) ;
#4466=ORIENTED_EDGE('',*,*,#4462,.T.) ;
#4467=ORIENTED_EDGE('',*,*,#845,.T.) ;
#4471=ORIENTED_EDGE('',*,*,#4462,.F.) ;
#4472=ORIENTED_EDGE('',*,*,#1078,.F.) ;
#4473=ORIENTED_EDGE('',*,*,#4457,.T.) ;
#4474=ORIENTED_EDGE('',*,*,#840,.T.) ;
#4521=ORIENTED_EDGE('',*,*,#4500,.F.) ;
#4522=ORIENTED_EDGE('',*,*,#4507,.T.) ;
#4523=ORIENTED_EDGE('',*,*,#4514,.T.) ;
#4524=ORIENTED_EDGE('',*,*,#4519,.F.) ;
#4552=ORIENTED_EDGE('',*,*,#4514,.F.) ;
#4553=ORIENTED_EDGE('',*,*,#4538,.T.) ;
#4554=ORIENTED_EDGE('',*,*,#4545,.T.) ;
#4555=ORIENTED_EDGE('',*,*,#4550,.F.) ;
#4583=ORIENTED_EDGE('',*,*,#4545,.F.) ;
#4584=ORIENTED_EDGE('',*,*,#4569,.T.) ;
#4585=ORIENTED_EDGE('',*,*,#4576,.T.) ;
#4586=ORIENTED_EDGE('',*,*,#4581,.F.) ;
#4614=ORIENTED_EDGE('',*,*,#4576,.F.) ;
#4615=ORIENTED_EDGE('',*,*,#4600,.T.) ;
#4616=ORIENTED_EDGE('',*,*,#4607,.T.) ;
#4617=ORIENTED_EDGE('',*,*,#4612,.F.) ;
#4645=ORIENTED_EDGE('',*,*,#4607,.F.) ;
#4646=ORIENTED_EDGE('',*,*,#4631,.T.) ;
#4647=ORIENTED_EDGE('',*,*,#4638,.T.) ;
#4648=ORIENTED_EDGE('',*,*,#4643,.F.) ;
#4676=ORIENTED_EDGE('',*,*,#4638,.F.) ;
#4677=ORIENTED_EDGE('',*,*,#4662,.T.) ;
#4678=ORIENTED_EDGE('',*,*,#4669,.T.) ;
#4679=ORIENTED_EDGE('',*,*,#4674,.F.) ;
#4707=ORIENTED_EDGE('',*,*,#4669,.F.) ;
#4708=ORIENTED_EDGE('',*,*,#4693,.T.) ;
#4709=ORIENTED_EDGE('',*,*,#4700,.T.) ;
#4710=ORIENTED_EDGE('',*,*,#4705,.F.) ;
#4738=ORIENTED_EDGE('',*,*,#4700,.F.) ;
#4739=ORIENTED_EDGE('',*,*,#4724,.T.) ;
#4740=ORIENTED_EDGE('',*,*,#4731,.T.) ;
#4741=ORIENTED_EDGE('',*,*,#4736,.F.) ;
#4769=ORIENTED_EDGE('',*,*,#4731,.F.) ;
#4770=ORIENTED_EDGE('',*,*,#4755,.T.) ;
#4771=ORIENTED_EDGE('',*,*,#4762,.T.) ;
#4772=ORIENTED_EDGE('',*,*,#4767,.F.) ;
#4800=ORIENTED_EDGE('',*,*,#4762,.F.) ;
#4801=ORIENTED_EDGE('',*,*,#4786,.T.) ;
#4802=ORIENTED_EDGE('',*,*,#4793,.T.) ;
#4803=ORIENTED_EDGE('',*,*,#4798,.F.) ;
#4831=ORIENTED_EDGE('',*,*,#4793,.F.) ;
#4832=ORIENTED_EDGE('',*,*,#4817,.T.) ;
#4833=ORIENTED_EDGE('',*,*,#4824,.T.) ;
#4834=ORIENTED_EDGE('',*,*,#4829,.F.) ;
#4857=ORIENTED_EDGE('',*,*,#4824,.F.) ;
#4858=ORIENTED_EDGE('',*,*,#4843,.T.) ;
#4859=ORIENTED_EDGE('',*,*,#4850,.T.) ;
#4860=ORIENTED_EDGE('',*,*,#4855,.F.) ;
#4888=ORIENTED_EDGE('',*,*,#4850,.F.) ;
#4889=ORIENTED_EDGE('',*,*,#4874,.T.) ;
#4890=ORIENTED_EDGE('',*,*,#4881,.T.) ;
#4891=ORIENTED_EDGE('',*,*,#4886,.F.) ;
#4919=ORIENTED_EDGE('',*,*,#4881,.F.) ;
#4920=ORIENTED_EDGE('',*,*,#4905,.T.) ;
#4921=ORIENTED_EDGE('',*,*,#4912,.T.) ;
#4922=ORIENTED_EDGE('',*,*,#4917,.F.) ;
#4950=ORIENTED_EDGE('',*,*,#4912,.F.) ;
#4951=ORIENTED_EDGE('',*,*,#4936,.T.) ;
#4952=ORIENTED_EDGE('',*,*,#4943,.T.) ;
#4953=ORIENTED_EDGE('',*,*,#4948,.F.) ;
#4981=ORIENTED_EDGE('',*,*,#4943,.F.) ;
#4982=ORIENTED_EDGE('',*,*,#4967,.T.) ;
#4983=ORIENTED_EDGE('',*,*,#4974,.T.) ;
#4984=ORIENTED_EDGE('',*,*,#4979,.F.) ;
#5012=ORIENTED_EDGE('',*,*,#4974,.F.) ;
#5013=ORIENTED_EDGE('',*,*,#4998,.T.) ;
#5014=ORIENTED_EDGE('',*,*,#5005,.T.) ;
#5015=ORIENTED_EDGE('',*,*,#5010,.F.) ;
#5043=ORIENTED_EDGE('',*,*,#5005,.F.) ;
#5044=ORIENTED_EDGE('',*,*,#5029,.T.) ;
#5045=ORIENTED_EDGE('',*,*,#5036,.T.) ;
#5046=ORIENTED_EDGE('',*,*,#5041,.F.) ;
#5074=ORIENTED_EDGE('',*,*,#5036,.F.) ;
#5075=ORIENTED_EDGE('',*,*,#5060,.T.) ;
#5076=ORIENTED_EDGE('',*,*,#5067,.T.) ;
#5077=ORIENTED_EDGE('',*,*,#5072,.F.) ;
#5105=ORIENTED_EDGE('',*,*,#5067,.F.) ;
#5106=ORIENTED_EDGE('',*,*,#5091,.T.) ;
#5107=ORIENTED_EDGE('',*,*,#5098,.T.) ;
#5108=ORIENTED_EDGE('',*,*,#5103,.F.) ;
#5136=ORIENTED_EDGE('',*,*,#5098,.F.) ;
#5137=ORIENTED_EDGE('',*,*,#5122,.T.) ;
#5138=ORIENTED_EDGE('',*,*,#5129,.T.) ;
#5139=ORIENTED_EDGE('',*,*,#5134,.F.) ;
#5167=ORIENTED_EDGE('',*,*,#5129,.F.) ;
#5168=ORIENTED_EDGE('',*,*,#5153,.T.) ;
#5169=ORIENTED_EDGE('',*,*,#5160,.T.) ;
#5170=ORIENTED_EDGE('',*,*,#5165,.F.) ;
#5198=ORIENTED_EDGE('',*,*,#5160,.F.) ;
#5199=ORIENTED_EDGE('',*,*,#5184,.T.) ;
#5200=ORIENTED_EDGE('',*,*,#5191,.T.) ;
#5201=ORIENTED_EDGE('',*,*,#5196,.F.) ;
#5229=ORIENTED_EDGE('',*,*,#5191,.F.) ;
#5230=ORIENTED_EDGE('',*,*,#5215,.T.) ;
#5231=ORIENTED_EDGE('',*,*,#5222,.T.) ;
#5232=ORIENTED_EDGE('',*,*,#5227,.F.) ;
#5260=ORIENTED_EDGE('',*,*,#5222,.F.) ;
#5261=ORIENTED_EDGE('',*,*,#5246,.T.) ;
#5262=ORIENTED_EDGE('',*,*,#5253,.T.) ;
#5263=ORIENTED_EDGE('',*,*,#5258,.F.) ;
#5291=ORIENTED_EDGE('',*,*,#5253,.F.) ;
#5292=ORIENTED_EDGE('',*,*,#5277,.T.) ;
#5293=ORIENTED_EDGE('',*,*,#5284,.T.) ;
#5294=ORIENTED_EDGE('',*,*,#5289,.F.) ;
#5317=ORIENTED_EDGE('',*,*,#5284,.F.) ;
#5318=ORIENTED_EDGE('',*,*,#5303,.T.) ;
#5319=ORIENTED_EDGE('',*,*,#5310,.T.) ;
#5320=ORIENTED_EDGE('',*,*,#5315,.F.) ;
#5348=ORIENTED_EDGE('',*,*,#5310,.F.) ;
#5349=ORIENTED_EDGE('',*,*,#5334,.T.) ;
#5350=ORIENTED_EDGE('',*,*,#5341,.T.) ;
#5351=ORIENTED_EDGE('',*,*,#5346,.F.) ;
#5379=ORIENTED_EDGE('',*,*,#5341,.F.) ;
#5380=ORIENTED_EDGE('',*,*,#5365,.T.) ;
#5381=ORIENTED_EDGE('',*,*,#5372,.T.) ;
#5382=ORIENTED_EDGE('',*,*,#5377,.F.) ;
#5410=ORIENTED_EDGE('',*,*,#5372,.F.) ;
#5411=ORIENTED_EDGE('',*,*,#5396,.T.) ;
#5412=ORIENTED_EDGE('',*,*,#5403,.T.) ;
#5413=ORIENTED_EDGE('',*,*,#5408,.F.) ;
#5441=ORIENTED_EDGE('',*,*,#5403,.F.) ;
#5442=ORIENTED_EDGE('',*,*,#5427,.T.) ;
#5443=ORIENTED_EDGE('',*,*,#5434,.T.) ;
#5444=ORIENTED_EDGE('',*,*,#5439,.F.) ;
#5472=ORIENTED_EDGE('',*,*,#5434,.F.) ;
#5473=ORIENTED_EDGE('',*,*,#5458,.T.) ;
#5474=ORIENTED_EDGE('',*,*,#5465,.T.) ;
#5475=ORIENTED_EDGE('',*,*,#5470,.F.) ;
#5503=ORIENTED_EDGE('',*,*,#5465,.F.) ;
#5504=ORIENTED_EDGE('',*,*,#5489,.T.) ;
#5505=ORIENTED_EDGE('',*,*,#5496,.T.) ;
#5506=ORIENTED_EDGE('',*,*,#5501,.F.) ;
#5529=ORIENTED_EDGE('',*,*,#5496,.F.) ;
#5530=ORIENTED_EDGE('',*,*,#5515,.T.) ;
#5531=ORIENTED_EDGE('',*,*,#5522,.T.) ;
#5532=ORIENTED_EDGE('',*,*,#5527,.F.) ;
#5560=ORIENTED_EDGE('',*,*,#5522,.F.) ;
#5561=ORIENTED_EDGE('',*,*,#5546,.T.) ;
#5562=ORIENTED_EDGE('',*,*,#5553,.T.) ;
#5563=ORIENTED_EDGE('',*,*,#5558,.F.) ;
#5591=ORIENTED_EDGE('',*,*,#5553,.F.) ;
#5592=ORIENTED_EDGE('',*,*,#5577,.T.) ;
#5593=ORIENTED_EDGE('',*,*,#5584,.T.) ;
#5594=ORIENTED_EDGE('',*,*,#5589,.F.) ;
#5622=ORIENTED_EDGE('',*,*,#5584,.F.) ;
#5623=ORIENTED_EDGE('',*,*,#5608,.T.) ;
#5624=ORIENTED_EDGE('',*,*,#5615,.T.) ;
#5625=ORIENTED_EDGE('',*,*,#5620,.F.) ;
#5648=ORIENTED_EDGE('',*,*,#5615,.F.) ;
#5649=ORIENTED_EDGE('',*,*,#5634,.T.) ;
#5650=ORIENTED_EDGE('',*,*,#5641,.T.) ;
#5651=ORIENTED_EDGE('',*,*,#5646,.F.) ;
#5679=ORIENTED_EDGE('',*,*,#5641,.F.) ;
#5680=ORIENTED_EDGE('',*,*,#5665,.T.) ;
#5681=ORIENTED_EDGE('',*,*,#5672,.T.) ;
#5682=ORIENTED_EDGE('',*,*,#5677,.F.) ;
#5710=ORIENTED_EDGE('',*,*,#5672,.F.) ;
#5711=ORIENTED_EDGE('',*,*,#5696,.T.) ;
#5712=ORIENTED_EDGE('',*,*,#5703,.T.) ;
#5713=ORIENTED_EDGE('',*,*,#5708,.F.) ;
#5741=ORIENTED_EDGE('',*,*,#5703,.F.) ;
#5742=ORIENTED_EDGE('',*,*,#5727,.T.) ;
#5743=ORIENTED_EDGE('',*,*,#5734,.T.) ;
#5744=ORIENTED_EDGE('',*,*,#5739,.F.) ;
#5763=ORIENTED_EDGE('',*,*,#5734,.F.) ;
#5764=ORIENTED_EDGE('',*,*,#5756,.T.) ;
#5765=ORIENTED_EDGE('',*,*,#4500,.T.) ;
#5766=ORIENTED_EDGE('',*,*,#5761,.F.) ;
#5775=ORIENTED_EDGE('',*,*,#5756,.F.) ;
#5776=ORIENTED_EDGE('',*,*,#5727,.F.) ;
#5777=ORIENTED_EDGE('',*,*,#5696,.F.) ;
#5778=ORIENTED_EDGE('',*,*,#5665,.F.) ;
#5779=ORIENTED_EDGE('',*,*,#5634,.F.) ;
#5780=ORIENTED_EDGE('',*,*,#5608,.F.) ;
#5781=ORIENTED_EDGE('',*,*,#5577,.F.) ;
#5782=ORIENTED_EDGE('',*,*,#5546,.F.) ;
#5783=ORIENTED_EDGE('',*,*,#5515,.F.) ;
#5784=ORIENTED_EDGE('',*,*,#5489,.F.) ;
#5785=ORIENTED_EDGE('',*,*,#5458,.F.) ;
#5786=ORIENTED_EDGE('',*,*,#5427,.F.) ;
#5787=ORIENTED_EDGE('',*,*,#5396,.F.) ;
#5788=ORIENTED_EDGE('',*,*,#5365,.F.) ;
#5789=ORIENTED_EDGE('',*,*,#5334,.F.) ;
#5790=ORIENTED_EDGE('',*,*,#5303,.F.) ;
#5791=ORIENTED_EDGE('',*,*,#5277,.F.) ;
#5792=ORIENTED_EDGE('',*,*,#5246,.F.) ;
#5793=ORIENTED_EDGE('',*,*,#5215,.F.) ;
#5794=ORIENTED_EDGE('',*,*,#5184,.F.) ;
#5795=ORIENTED_EDGE('',*,*,#5153,.F.) ;
#5796=ORIENTED_EDGE('',*,*,#5122,.F.) ;
#5797=ORIENTED_EDGE('',*,*,#5091,.F.) ;
#5798=ORIENTED_EDGE('',*,*,#5060,.F.) ;
#5799=ORIENTED_EDGE('',*,*,#5029,.F.) ;
#5800=ORIENTED_EDGE('',*,*,#4998,.F.) ;
#5801=ORIENTED_EDGE('',*,*,#4967,.F.) ;
#5802=ORIENTED_EDGE('',*,*,#4936,.F.) ;
#5803=ORIENTED_EDGE('',*,*,#4905,.F.) ;
#5804=ORIENTED_EDGE('',*,*,#4874,.F.) ;
#5805=ORIENTED_EDGE('',*,*,#4843,.F.) ;
#5806=ORIENTED_EDGE('',*,*,#4817,.F.) ;
#5807=ORIENTED_EDGE('',*,*,#4786,.F.) ;
#5808=ORIENTED_EDGE('',*,*,#4755,.F.) ;
#5809=ORIENTED_EDGE('',*,*,#4724,.F.) ;
#5810=ORIENTED_EDGE('',*,*,#4693,.F.) ;
#5811=ORIENTED_EDGE('',*,*,#4662,.F.) ;
#5812=ORIENTED_EDGE('',*,*,#4631,.F.) ;
#5813=ORIENTED_EDGE('',*,*,#4600,.F.) ;
#5814=ORIENTED_EDGE('',*,*,#4569,.F.) ;
#5815=ORIENTED_EDGE('',*,*,#4538,.F.) ;
#5816=ORIENTED_EDGE('',*,*,#4507,.F.) ;
#5825=ORIENTED_EDGE('',*,*,#4519,.T.) ;
#5826=ORIENTED_EDGE('',*,*,#4550,.T.) ;
#5827=ORIENTED_EDGE('',*,*,#4581,.T.) ;
#5828=ORIENTED_EDGE('',*,*,#4612,.T.) ;
#5829=ORIENTED_EDGE('',*,*,#4643,.T.) ;
#5830=ORIENTED_EDGE('',*,*,#4674,.T.) ;
#5831=ORIENTED_EDGE('',*,*,#4705,.T.) ;
#5832=ORIENTED_EDGE('',*,*,#4736,.T.) ;
#5833=ORIENTED_EDGE('',*,*,#4767,.T.) ;
#5834=ORIENTED_EDGE('',*,*,#4798,.T.) ;
#5835=ORIENTED_EDGE('',*,*,#4829,.T.) ;
#5836=ORIENTED_EDGE('',*,*,#4855,.T.) ;
#5837=ORIENTED_EDGE('',*,*,#4886,.T.) ;
#5838=ORIENTED_EDGE('',*,*,#4917,.T.) ;
#5839=ORIENTED_EDGE('',*,*,#4948,.T.) ;
#5840=ORIENTED_EDGE('',*,*,#4979,.T.) ;
#5841=ORIENTED_EDGE('',*,*,#5010,.T.) ;
#5842=ORIENTED_EDGE('',*,*,#5041,.T.) ;
#5843=ORIENTED_EDGE('',*,*,#5072,.T.) ;
#5844=ORIENTED_EDGE('',*,*,#5103,.T.) ;
#5845=ORIENTED_EDGE('',*,*,#5134,.T.) ;
#5846=ORIENTED_EDGE('',*,*,#5165,.T.) ;
#5847=ORIENTED_EDGE('',*,*,#5196,.T.) ;
#5848=ORIENTED_EDGE('',*,*,#5227,.T.) ;
#5849=ORIENTED_EDGE('',*,*,#5258,.T.) ;
#5850=ORIENTED_EDGE('',*,*,#5289,.T.) ;
#5851=ORIENTED_EDGE('',*,*,#5315,.T.) ;
#5852=ORIENTED_EDGE('',*,*,#5346,.T.) ;
#5853=ORIENTED_EDGE('',*,*,#5377,.T.) ;
#5854=ORIENTED_EDGE('',*,*,#5408,.T.) ;
#5855=ORIENTED_EDGE('',*,*,#5439,.T.) ;
#5856=ORIENTED_EDGE('',*,*,#5470,.T.) ;
#5857=ORIENTED_EDGE('',*,*,#5501,.T.) ;
#5858=ORIENTED_EDGE('',*,*,#5527,.T.) ;
#5859=ORIENTED_EDGE('',*,*,#5558,.T.) ;
#5860=ORIENTED_EDGE('',*,*,#5589,.T.) ;
#5861=ORIENTED_EDGE('',*,*,#5620,.T.) ;
#5862=ORIENTED_EDGE('',*,*,#5646,.T.) ;
#5863=ORIENTED_EDGE('',*,*,#5677,.T.) ;
#5864=ORIENTED_EDGE('',*,*,#5708,.T.) ;
#5865=ORIENTED_EDGE('',*,*,#5739,.T.) ;
#5866=ORIENTED_EDGE('',*,*,#5761,.T.) ;
#21=MANIFOLD_SOLID_BREP('DTR0009907740.1\\DTR0009907740.1_\\PartBody',#30) ;
#312=MANIFOLD_SOLID_BREP('DTR0009907740.2\\DTR0009907740.1_\\PartBody',#314) ;
#594=MANIFOLD_SOLID_BREP('AR00000244734.1\\M3D-244734.1\\PartBody',#603) ;
#4477=MANIFOLD_SOLID_BREP('M3D-237880.1\\PartBody',#4486) ;
#41=VERTEX_POINT('',#40) ;
#43=VERTEX_POINT('',#42) ;
#50=VERTEX_POINT('',#49) ;
#57=VERTEX_POINT('',#56) ;
#81=VERTEX_POINT('',#80) ;
#88=VERTEX_POINT('',#87) ;
#112=VERTEX_POINT('',#111) ;
#119=VERTEX_POINT('',#118) ;
#143=VERTEX_POINT('',#142) ;
#150=VERTEX_POINT('',#149) ;
#174=VERTEX_POINT('',#173) ;
#181=VERTEX_POINT('',#180) ;
#227=VERTEX_POINT('',#226) ;
#229=VERTEX_POINT('',#228) ;
#236=VERTEX_POINT('',#235) ;
#243=VERTEX_POINT('',#242) ;
#325=VERTEX_POINT('',#324) ;
#327=VERTEX_POINT('',#326) ;
#334=VERTEX_POINT('',#333) ;
#341=VERTEX_POINT('',#340) ;
#365=VERTEX_POINT('',#364) ;
#372=VERTEX_POINT('',#371) ;
#396=VERTEX_POINT('',#395) ;
#403=VERTEX_POINT('',#402) ;
#427=VERTEX_POINT('',#426) ;
#434=VERTEX_POINT('',#433) ;
#458=VERTEX_POINT('',#457) ;
#465=VERTEX_POINT('',#464) ;
#511=VERTEX_POINT('',#510) ;
#513=VERTEX_POINT('',#512) ;
#520=VERTEX_POINT('',#519) ;
#527=VERTEX_POINT('',#526) ;
#614=VERTEX_POINT('',#613) ;
#616=VERTEX_POINT('',#615) ;
#623=VERTEX_POINT('',#622) ;
#630=VERTEX_POINT('',#629) ;
#671=VERTEX_POINT('',#670) ;
#673=VERTEX_POINT('',#672) ;
#680=VERTEX_POINT('',#679) ;
#687=VERTEX_POINT('',#686) ;
#694=VERTEX_POINT('',#693) ;
#701=VERTEX_POINT('',#700) ;
#708=VERTEX_POINT('',#707) ;
#715=VERTEX_POINT('',#714) ;
#722=VERTEX_POINT('',#721) ;
#729=VERTEX_POINT('',#728) ;
#736=VERTEX_POINT('',#735) ;
#743=VERTEX_POINT('',#742) ;
#750=VERTEX_POINT('',#749) ;
#757=VERTEX_POINT('',#756) ;
#764=VERTEX_POINT('',#763) ;
#771=VERTEX_POINT('',#770) ;
#778=VERTEX_POINT('',#777) ;
#785=VERTEX_POINT('',#784) ;
#792=VERTEX_POINT('',#791) ;
#799=VERTEX_POINT('',#798) ;
#837=VERTEX_POINT('',#836) ;
#839=VERTEX_POINT('',#838) ;
#864=VERTEX_POINT('',#863) ;
#866=VERTEX_POINT('',#865) ;
#873=VERTEX_POINT('',#872) ;
#883=VERTEX_POINT('',#882) ;
#889=VERTEX_POINT('',#888) ;
#895=VERTEX_POINT('',#894) ;
#901=VERTEX_POINT('',#900) ;
#911=VERTEX_POINT('',#910) ;
#918=VERTEX_POINT('',#917) ;
#928=VERTEX_POINT('',#927) ;
#935=VERTEX_POINT('',#934) ;
#945=VERTEX_POINT('',#944) ;
#952=VERTEX_POINT('',#951) ;
#962=VERTEX_POINT('',#961) ;
#968=VERTEX_POINT('',#967) ;
#975=VERTEX_POINT('',#974) ;
#981=VERTEX_POINT('',#980) ;
#991=VERTEX_POINT('',#990) ;
#998=VERTEX_POINT('',#997) ;
#1008=VERTEX_POINT('',#1007) ;
#1058=VERTEX_POINT('',#1057) ;
#1060=VERTEX_POINT('',#1059) ;
#1093=VERTEX_POINT('',#1092) ;
#1095=VERTEX_POINT('',#1094) ;
#1101=VERTEX_POINT('',#1100) ;
#1107=VERTEX_POINT('',#1106) ;
#1115=VERTEX_POINT('',#1114) ;
#1121=VERTEX_POINT('',#1120) ;
#1129=VERTEX_POINT('',#1128) ;
#1136=VERTEX_POINT('',#1135) ;
#1146=VERTEX_POINT('',#1145) ;
#1153=VERTEX_POINT('',#1152) ;
#1163=VERTEX_POINT('',#1162) ;
#1169=VERTEX_POINT('',#1168) ;
#1177=VERTEX_POINT('',#1176) ;
#1183=VERTEX_POINT('',#1182) ;
#1212=VERTEX_POINT('',#1211) ;
#1214=VERTEX_POINT('',#1213) ;
#1233=VERTEX_POINT('',#1232) ;
#1240=VERTEX_POINT('',#1239) ;
#1269=VERTEX_POINT('',#1268) ;
#1271=VERTEX_POINT('',#1270) ;
#1290=VERTEX_POINT('',#1289) ;
#1296=VERTEX_POINT('',#1295) ;
#1332=VERTEX_POINT('',#1331) ;
#1339=VERTEX_POINT('',#1338) ;
#1363=VERTEX_POINT('',#1362) ;
#1387=VERTEX_POINT('',#1386) ;
#1394=VERTEX_POINT('',#1393) ;
#1418=VERTEX_POINT('',#1417) ;
#1442=VERTEX_POINT('',#1441) ;
#1444=VERTEX_POINT('',#1443) ;
#1473=VERTEX_POINT('',#1472) ;
#1502=VERTEX_POINT('',#1501) ;
#1509=VERTEX_POINT('',#1508) ;
#1516=VERTEX_POINT('',#1515) ;
#1523=VERTEX_POINT('',#1522) ;
#1530=VERTEX_POINT('',#1529) ;
#1537=VERTEX_POINT('',#1536) ;
#1544=VERTEX_POINT('',#1543) ;
#1551=VERTEX_POINT('',#1550) ;
#1558=VERTEX_POINT('',#1557) ;
#1586=VERTEX_POINT('',#1585) ;
#1588=VERTEX_POINT('',#1587) ;
#1595=VERTEX_POINT('',#1594) ;
#1602=VERTEX_POINT('',#1601) ;
#1620=VERTEX_POINT('',#1619) ;
#1622=VERTEX_POINT('',#1621) ;
#1629=VERTEX_POINT('',#1628) ;
#1636=VERTEX_POINT('',#1635) ;
#1964=VERTEX_POINT('',#1963) ;
#1966=VERTEX_POINT('',#1965) ;
#1973=VERTEX_POINT('',#1972) ;
#1983=VERTEX_POINT('',#1982) ;
#1990=VERTEX_POINT('',#1989) ;
#1997=VERTEX_POINT('',#1996) ;
#2029=VERTEX_POINT('',#2028) ;
#2031=VERTEX_POINT('',#2030) ;
#2038=VERTEX_POINT('',#2037) ;
#2057=VERTEX_POINT('',#2056) ;
#2081=VERTEX_POINT('',#2080) ;
#2088=VERTEX_POINT('',#2087) ;
#2112=VERTEX_POINT('',#2111) ;
#2114=VERTEX_POINT('',#2113) ;
#2143=VERTEX_POINT('',#2142) ;
#2167=VERTEX_POINT('',#2166) ;
#2191=VERTEX_POINT('',#2190) ;
#2215=VERTEX_POINT('',#2214) ;
#2217=VERTEX_POINT('',#2216) ;
#2246=VERTEX_POINT('',#2245) ;
#2270=VERTEX_POINT('',#2269) ;
#2311=VERTEX_POINT('',#2310) ;
#2352=VERTEX_POINT('',#2351) ;
#2376=VERTEX_POINT('',#2375) ;
#2400=VERTEX_POINT('',#2399) ;
#2402=VERTEX_POINT('',#2401) ;
#2409=VERTEX_POINT('',#2408) ;
#2421=VERTEX_POINT('',#2420) ;
#2471=VERTEX_POINT('',#2470) ;
#2533=VERTEX_POINT('',#2532) ;
#2620=VERTEX_POINT('',#2619) ;
#2644=VERTEX_POINT('',#2643) ;
#2646=VERTEX_POINT('',#2645) ;
#2659=VERTEX_POINT('',#2658) ;
#2667=VERTEX_POINT('',#2666) ;
#2694=VERTEX_POINT('',#2693) ;
#2726=VERTEX_POINT('',#2725) ;
#2756=VERTEX_POINT('',#2755) ;
#3098=VERTEX_POINT('',#3097) ;
#3122=VERTEX_POINT('',#3121) ;
#3135=VERTEX_POINT('',#3134) ;
#3142=VERTEX_POINT('',#3141) ;
#3168=VERTEX_POINT('',#3167) ;
#3170=VERTEX_POINT('',#3169) ;
#3178=VERTEX_POINT('',#3177) ;
#3190=VERTEX_POINT('',#3189) ;
#3198=VERTEX_POINT('',#3197) ;
#3205=VERTEX_POINT('',#3204) ;
#3233=VERTEX_POINT('',#3232) ;
#3279=VERTEX_POINT('',#3278) ;
#3309=VERTEX_POINT('',#3308) ;
#3333=VERTEX_POINT('',#3332) ;
#3373=VERTEX_POINT('',#3372) ;
#3396=VERTEX_POINT('',#3395) ;
#3433=VERTEX_POINT('',#3432) ;
#3459=VERTEX_POINT('',#3458) ;
#3466=VERTEX_POINT('',#3465) ;
#3473=VERTEX_POINT('',#3472) ;
#3508=VERTEX_POINT('',#3507) ;
#3551=VERTEX_POINT('',#3550) ;
#3553=VERTEX_POINT('',#3552) ;
#3586=VERTEX_POINT('',#3585) ;
#3610=VERTEX_POINT('',#3609) ;
#3634=VERTEX_POINT('',#3633) ;
#3647=VERTEX_POINT('',#3646) ;
#3654=VERTEX_POINT('',#3653) ;
#3680=VERTEX_POINT('',#3679) ;
#3704=VERTEX_POINT('',#3703) ;
#3753=VERTEX_POINT('',#3752) ;
#3784=VERTEX_POINT('',#3783) ;
#3792=VERTEX_POINT('',#3791) ;
#3799=VERTEX_POINT('',#3798) ;
#3806=VERTEX_POINT('',#3805) ;
#3839=VERTEX_POINT('',#3838) ;
#3841=VERTEX_POINT('',#3840) ;
#3870=VERTEX_POINT('',#3869) ;
#3917=VERTEX_POINT('',#3916) ;
#3945=VERTEX_POINT('',#3944) ;
#3952=VERTEX_POINT('',#3951) ;
#3959=VERTEX_POINT('',#3958) ;
#3985=VERTEX_POINT('',#3984) ;
#4025=VERTEX_POINT('',#4024) ;
#4048=VERTEX_POINT('',#4047) ;
#4075=VERTEX_POINT('',#4074) ;
#4102=VERTEX_POINT('',#4101) ;
#4104=VERTEX_POINT('',#4103) ;
#4111=VERTEX_POINT('',#4110) ;
#4121=VERTEX_POINT('',#4120) ;
#4158=VERTEX_POINT('',#4157) ;
#4160=VERTEX_POINT('',#4159) ;
#4167=VERTEX_POINT('',#4166) ;
#4186=VERTEX_POINT('',#4185) ;
#4210=VERTEX_POINT('',#4209) ;
#4212=VERTEX_POINT('',#4211) ;
#4241=VERTEX_POINT('',#4240) ;
#4265=VERTEX_POINT('',#4264) ;
#4342=VERTEX_POINT('',#4341) ;
#4344=VERTEX_POINT('',#4343) ;
#4373=VERTEX_POINT('',#4372) ;
#4397=VERTEX_POINT('',#4396) ;
#4497=VERTEX_POINT('',#4496) ;
#4499=VERTEX_POINT('',#4498) ;
#4506=VERTEX_POINT('',#4505) ;
#4513=VERTEX_POINT('',#4512) ;
#4537=VERTEX_POINT('',#4536) ;
#4544=VERTEX_POINT('',#4543) ;
#4568=VERTEX_POINT('',#4567) ;
#4575=VERTEX_POINT('',#4574) ;
#4599=VERTEX_POINT('',#4598) ;
#4606=VERTEX_POINT('',#4605) ;
#4630=VERTEX_POINT('',#4629) ;
#4637=VERTEX_POINT('',#4636) ;
#4661=VERTEX_POINT('',#4660) ;
#4668=VERTEX_POINT('',#4667) ;
#4692=VERTEX_POINT('',#4691) ;
#4699=VERTEX_POINT('',#4698) ;
#4723=VERTEX_POINT('',#4722) ;
#4730=VERTEX_POINT('',#4729) ;
#4754=VERTEX_POINT('',#4753) ;
#4761=VERTEX_POINT('',#4760) ;
#4785=VERTEX_POINT('',#4784) ;
#4792=VERTEX_POINT('',#4791) ;
#4816=VERTEX_POINT('',#4815) ;
#4823=VERTEX_POINT('',#4822) ;
#4842=VERTEX_POINT('',#4841) ;
#4849=VERTEX_POINT('',#4848) ;
#4873=VERTEX_POINT('',#4872) ;
#4880=VERTEX_POINT('',#4879) ;
#4904=VERTEX_POINT('',#4903) ;
#4911=VERTEX_POINT('',#4910) ;
#4935=VERTEX_POINT('',#4934) ;
#4942=VERTEX_POINT('',#4941) ;
#4966=VERTEX_POINT('',#4965) ;
#4973=VERTEX_POINT('',#4972) ;
#4997=VERTEX_POINT('',#4996) ;
#5004=VERTEX_POINT('',#5003) ;
#5028=VERTEX_POINT('',#5027) ;
#5035=VERTEX_POINT('',#5034) ;
#5059=VERTEX_POINT('',#5058) ;
#5066=VERTEX_POINT('',#5065) ;
#5090=VERTEX_POINT('',#5089) ;
#5097=VERTEX_POINT('',#5096) ;
#5121=VERTEX_POINT('',#5120) ;
#5128=VERTEX_POINT('',#5127) ;
#5152=VERTEX_POINT('',#5151) ;
#5159=VERTEX_POINT('',#5158) ;
#5183=VERTEX_POINT('',#5182) ;
#5190=VERTEX_POINT('',#5189) ;
#5214=VERTEX_POINT('',#5213) ;
#5221=VERTEX_POINT('',#5220) ;
#5245=VERTEX_POINT('',#5244) ;
#5252=VERTEX_POINT('',#5251) ;
#5276=VERTEX_POINT('',#5275) ;
#5283=VERTEX_POINT('',#5282) ;
#5302=VERTEX_POINT('',#5301) ;
#5309=VERTEX_POINT('',#5308) ;
#5333=VERTEX_POINT('',#5332) ;
#5340=VERTEX_POINT('',#5339) ;
#5364=VERTEX_POINT('',#5363) ;
#5371=VERTEX_POINT('',#5370) ;
#5395=VERTEX_POINT('',#5394) ;
#5402=VERTEX_POINT('',#5401) ;
#5426=VERTEX_POINT('',#5425) ;
#5433=VERTEX_POINT('',#5432) ;
#5457=VERTEX_POINT('',#5456) ;
#5464=VERTEX_POINT('',#5463) ;
#5488=VERTEX_POINT('',#5487) ;
#5495=VERTEX_POINT('',#5494) ;
#5514=VERTEX_POINT('',#5513) ;
#5521=VERTEX_POINT('',#5520) ;
#5545=VERTEX_POINT('',#5544) ;
#5552=VERTEX_POINT('',#5551) ;
#5576=VERTEX_POINT('',#5575) ;
#5583=VERTEX_POINT('',#5582) ;
#5607=VERTEX_POINT('',#5606) ;
#5614=VERTEX_POINT('',#5613) ;
#5633=VERTEX_POINT('',#5632) ;
#5640=VERTEX_POINT('',#5639) ;
#5664=VERTEX_POINT('',#5663) ;
#5671=VERTEX_POINT('',#5670) ;
#5695=VERTEX_POINT('',#5694) ;
#5702=VERTEX_POINT('',#5701) ;
#5726=VERTEX_POINT('',#5725) ;
#5733=VERTEX_POINT('',#5732) ;
#310=ADVANCED_BREP_SHAPE_REPRESENTATION('NONE',(#21,#312,#594,#4477),#16) ;
#70=ADVANCED_FACE('DTR0009907740.1\\DTR0009907740.1_\\PartBody',(#69),#35,.T.) ;
#101=ADVANCED_FACE('DTR0009907740.1\\DTR0009907740.1_\\PartBody',(#100),#75,.T.) ;
#132=ADVANCED_FACE('DTR0009907740.1\\DTR0009907740.1_\\PartBody',(#131),#106,.T.) ;
#163=ADVANCED_FACE('DTR0009907740.1\\DTR0009907740.1_\\PartBody',(#162),#137,.T.) ;
#194=ADVANCED_FACE('DTR0009907740.1\\DTR0009907740.1_\\PartBody',(#193),#168,.T.) ;
#216=ADVANCED_FACE('DTR0009907740.1\\DTR0009907740.1_\\PartBody',(#215),#199,.T.) ;
#256=ADVANCED_FACE('DTR0009907740.1\\DTR0009907740.1_\\PartBody',(#255),#221,.F.) ;
#273=ADVANCED_FACE('DTR0009907740.1\\DTR0009907740.1_\\PartBody',(#272),#221,.F.) ;
#291=ADVANCED_FACE('DTR0009907740.1\\DTR0009907740.1_\\PartBody',(#286,#290),#278,.F.) ;
#309=ADVANCED_FACE('DTR0009907740.1\\DTR0009907740.1_\\PartBody',(#304,#308),#296,.T.) ;
#354=ADVANCED_FACE('DTR0009907740.2\\DTR0009907740.1_\\PartBody',(#353),#319,.T.) ;
#385=ADVANCED_FACE('DTR0009907740.2\\DTR0009907740.1_\\PartBody',(#384),#359,.T.) ;
#416=ADVANCED_FACE('DTR0009907740.2\\DTR0009907740.1_\\PartBody',(#415),#390,.T.) ;
#447=ADVANCED_FACE('DTR0009907740.2\\DTR0009907740.1_\\PartBody',(#446),#421,.T.) ;
#478=ADVANCED_FACE('DTR0009907740.2\\DTR0009907740.1_\\PartBody',(#477),#452,.T.) ;
#500=ADVANCED_FACE('DTR0009907740.2\\DTR0009907740.1_\\PartBody',(#499),#483,.T.) ;
#540=ADVANCED_FACE('DTR0009907740.2\\DTR0009907740.1_\\PartBody',(#539),#505,.F.) ;
#557=ADVANCED_FACE('DTR0009907740.2\\DTR0009907740.1_\\PartBody',(#556),#505,.F.) ;
#575=ADVANCED_FACE('DTR0009907740.2\\DTR0009907740.1_\\PartBody',(#570,#574),#562,.F.) ;
#593=ADVANCED_FACE('DTR0009907740.2\\DTR0009907740.1_\\PartBody',(#588,#592),#580,.T.) ;
#643=ADVANCED_FACE('AR00000244734.1\\M3D-244734.1\\PartBody',(#642),#608,.F.) ;
#660=ADVANCED_FACE('AR00000244734.1\\M3D-244734.1\\PartBody',(#659),#608,.F.) ;
#850=ADVANCED_FACE('AR00000244734.1\\M3D-244734.1\\PartBody',(#827,#831,#849),#665,.T.) ;
#1083=ADVANCED_FACE('AR00000244734.1\\M3D-244734.1\\PartBody',(#1036,#1040,#1082),#855,.F.) ;
#1321=ADVANCED_FACE('AR00000244734.1\\M3D-244734.1\\PartBody',(#1206,#1264,#1320),#1088,.F.) ;
#1352=ADVANCED_FACE('AR00000244734.1\\M3D-244734.1\\PartBody',(#1351),#1326,.F.) ;
#1376=ADVANCED_FACE('AR00000244734.1\\M3D-244734.1\\PartBody',(#1375),#1357,.F.) ;
#1407=ADVANCED_FACE('AR00000244734.1\\M3D-244734.1\\PartBody',(#1406),#1381,.F.) ;
#1431=ADVANCED_FACE('AR00000244734.1\\M3D-244734.1\\PartBody',(#1430),#1412,.T.) ;
#1462=ADVANCED_FACE('AR00000244734.1\\M3D-244734.1\\PartBody',(#1461),#1436,.F.) ;
#1486=ADVANCED_FACE('AR00000244734.1\\M3D-244734.1\\PartBody',(#1485),#1467,.F.) ;
#1649=ADVANCED_FACE('AR00000244734.1\\M3D-244734.1\\PartBody',(#1580,#1614,#1648),#1491,.T.) ;
#1671=ADVANCED_FACE('AR00000244734.1\\M3D-244734.1\\PartBody',(#1670),#1654,.F.) ;
#1688=ADVANCED_FACE('AR00000244734.1\\M3D-244734.1\\PartBody',(#1687),#1676,.T.) ;
#1705=ADVANCED_FACE('AR00000244734.1\\M3D-244734.1\\PartBody',(#1704),#1693,.F.) ;
#1722=ADVANCED_FACE('AR00000244734.1\\M3D-244734.1\\PartBody',(#1721),#1710,.T.) ;
#1739=ADVANCED_FACE('AR00000244734.1\\M3D-244734.1\\PartBody',(#1738),#1727,.F.) ;
#1751=ADVANCED_FACE('AR00000244734.1\\M3D-244734.1\\PartBody',(#1750),#1744,.F.) ;
#1773=ADVANCED_FACE('AR00000244734.1\\M3D-244734.1\\PartBody',(#1772),#1756,.F.) ;
#1795=ADVANCED_FACE('AR00000244734.1\\M3D-244734.1\\PartBody',(#1794),#1778,.F.) ;
#1807=ADVANCED_FACE('AR00000244734.1\\M3D-244734.1\\PartBody',(#1806),#1800,.F.) ;
#1829=ADVANCED_FACE('AR00000244734.1\\M3D-244734.1\\PartBody',(#1828),#1812,.F.) ;
#1846=ADVANCED_FACE('AR00000244734.1\\M3D-244734.1\\PartBody',(#1845),#1834,.F.) ;
#1863=ADVANCED_FACE('AR00000244734.1\\M3D-244734.1\\PartBody',(#1862),#1851,.F.) ;
#1875=ADVANCED_FACE('AR00000244734.1\\M3D-244734.1\\PartBody',(#1874),#1868,.F.) ;
#1892=ADVANCED_FACE('AR00000244734.1\\M3D-244734.1\\PartBody',(#1891),#1880,.F.) ;
#1909=ADVANCED_FACE('AR00000244734.1\\M3D-244734.1\\PartBody',(#1908),#1897,.T.) ;
#1926=ADVANCED_FACE('AR00000244734.1\\M3D-244734.1\\PartBody',(#1925),#1914,.T.) ;
#1938=ADVANCED_FACE('AR00000244734.1\\M3D-244734.1\\PartBody',(#1937),#1931,.F.) ;
#1950=ADVANCED_FACE('AR00000244734.1\\M3D-244734.1\\PartBody',(#1949),#1943,.F.) ;
#2070=ADVANCED_FACE('AR00000244734.1\\M3D-244734.1\\PartBody',(#2011,#2069),#1955,.T.) ;
#2101=ADVANCED_FACE('AR00000244734.1\\M3D-244734.1\\PartBody',(#2100),#2075,.T.) ;
#2132=ADVANCED_FACE('AR00000244734.1\\M3D-244734.1\\PartBody',(#2131),#2106,.T.) ;
#2156=ADVANCED_FACE('AR00000244734.1\\M3D-244734.1\\PartBody',(#2155),#2137,.T.) ;
#2180=ADVANCED_FACE('AR00000244734.1\\M3D-244734.1\\PartBody',(#2179),#2161,.T.) ;
#2204=ADVANCED_FACE('AR00000244734.1\\M3D-244734.1\\PartBody',(#2203),#2185,.T.) ;
#2235=ADVANCED_FACE('AR00000244734.1\\M3D-244734.1\\PartBody',(#2234),#2209,.T.) ;
#2259=ADVANCED_FACE('AR00000244734.1\\M3D-244734.1\\PartBody',(#2258),#2240,.F.) ;
#2283=ADVANCED_FACE('AR00000244734.1\\M3D-244734.1\\PartBody',(#2282),#2264,.T.) ;
#2300=ADVANCED_FACE('AR00000244734.1\\M3D-244734.1\\PartBody',(#2299),#2288,.F.) ;
#2324=ADVANCED_FACE('AR00000244734.1\\M3D-244734.1\\PartBody',(#2323),#2305,.F.) ;
#2341=ADVANCED_FACE('AR00000244734.1\\M3D-244734.1\\PartBody',(#2340),#2329,.F.) ;
#2365=ADVANCED_FACE('AR00000244734.1\\M3D-244734.1\\PartBody',(#2364),#2346,.T.) ;
#2389=ADVANCED_FACE('AR00000244734.1\\M3D-244734.1\\PartBody',(#2388),#2370,.T.) ;
#2438=ADVANCED_FACE('AR00000244734.1\\M3D-244734.1\\PartBody',(#2437),#2394,.F.) ;
#2460=ADVANCED_FACE('AR00000244734.1\\M3D-244734.1\\PartBody',(#2459),#2443,.T.) ;
#2484=ADVANCED_FACE('AR00000244734.1\\M3D-244734.1\\PartBody',(#2483),#2465,.T.) ;
#2509=ADVANCED_FACE('AR00000244734.1\\M3D-244734.1\\PartBody',(#2502,#2508),#2489,.F.) ;
#2548=ADVANCED_FACE('AR00000244734.1\\M3D-244734.1\\PartBody',(#2547),#2510,.T.) ;
#2570=ADVANCED_FACE('AR00000244734.1\\M3D-244734.1\\PartBody',(#2569),#2553,.F.) ;
#2587=ADVANCED_FACE('AR00000244734.1\\M3D-244734.1\\PartBody',(#2586),#2575,.F.) ;
#2609=ADVANCED_FACE('AR00000244734.1\\M3D-244734.1\\PartBody',(#2608),#2592,.T.) ;
#2633=ADVANCED_FACE('AR00000244734.1\\M3D-244734.1\\PartBody',(#2632),#2614,.F.) ;
#2683=ADVANCED_FACE('AR00000244734.1\\M3D-244734.1\\PartBody',(#2682),#2638,.F.) ;
#2709=ADVANCED_FACE('AR00000244734.1\\M3D-244734.1\\PartBody',(#2708),#2688,.T.) ;
#2739=ADVANCED_FACE('AR00000244734.1\\M3D-244734.1\\PartBody',(#2738),#2719,.T.) ;
#2769=ADVANCED_FACE('AR00000244734.1\\M3D-244734.1\\PartBody',(#2768),#2749,.T.) ;
#2791=ADVANCED_FACE('AR00000244734.1\\M3D-244734.1\\PartBody',(#2790),#2774,.F.) ;
#2808=ADVANCED_FACE('AR00000244734.1\\M3D-244734.1\\PartBody',(#2807),#2796,.T.) ;
#2825=ADVANCED_FACE('AR00000244734.1\\M3D-244734.1\\PartBody',(#2824),#2813,.F.) ;
#2842=ADVANCED_FACE('AR00000244734.1\\M3D-244734.1\\PartBody',(#2841),#2830,.F.) ;
#2854=ADVANCED_FACE('AR00000244734.1\\M3D-244734.1\\PartBody',(#2853),#2847,.F.) ;
#2866=ADVANCED_FACE('AR00000244734.1\\M3D-244734.1\\PartBody',(#2865),#2859,.F.) ;
#2883=ADVANCED_FACE('AR00000244734.1\\M3D-244734.1\\PartBody',(#2882),#2871,.F.) ;
#2900=ADVANCED_FACE('AR00000244734.1\\M3D-244734.1\\PartBody',(#2899),#2888,.F.) ;
#2917=ADVANCED_FACE('AR00000244734.1\\M3D-244734.1\\PartBody',(#2916),#2905,.F.) ;
#2934=ADVANCED_FACE('AR00000244734.1\\M3D-244734.1\\PartBody',(#2933),#2922,.T.) ;
#2951=ADVANCED_FACE('AR00000244734.1\\M3D-244734.1\\PartBody',(#2950),#2939,.F.) ;
#2968=ADVANCED_FACE('AR00000244734.1\\M3D-244734.1\\PartBody',(#2967),#2956,.T.) ;
#2985=ADVANCED_FACE('AR00000244734.1\\M3D-244734.1\\PartBody',(#2984),#2973,.F.) ;
#3002=ADVANCED_FACE('AR00000244734.1\\M3D-244734.1\\PartBody',(#3001),#2990,.F.) ;
#3019=ADVANCED_FACE('AR00000244734.1\\M3D-244734.1\\PartBody',(#3018),#3007,.F.) ;
#3041=ADVANCED_FACE('AR00000244734.1\\M3D-244734.1\\PartBody',(#3040),#3024,.F.) ;
#3058=ADVANCED_FACE('AR00000244734.1\\M3D-244734.1\\PartBody',(#3057),#3046,.F.) ;
#3070=ADVANCED_FACE('AR00000244734.1\\M3D-244734.1\\PartBody',(#3069),#3063,.T.) ;
#3087=ADVANCED_FACE('AR00000244734.1\\M3D-244734.1\\PartBody',(#3086),#3075,.F.) ;
#3111=ADVANCED_FACE('AR00000244734.1\\M3D-244734.1\\PartBody',(#3110),#3092,.T.) ;
#3157=ADVANCED_FACE('AR00000244734.1\\M3D-244734.1\\PartBody',(#3156),#3116,.T.) ;
#3222=ADVANCED_FACE('AR00000244734.1\\M3D-244734.1\\PartBody',(#3221),#3162,.F.) ;
#3249=ADVANCED_FACE('AR00000244734.1\\M3D-244734.1\\PartBody',(#3248),#3227,.T.) ;
#3298=ADVANCED_FACE('AR00000244734.1\\M3D-244734.1\\PartBody',(#3297),#3250,.F.) ;
#3322=ADVANCED_FACE('AR00000244734.1\\M3D-244734.1\\PartBody',(#3321),#3303,.F.) ;
#3346=ADVANCED_FACE('AR00000244734.1\\M3D-244734.1\\PartBody',(#3345),#3327,.T.) ;
#3385=ADVANCED_FACE('AR00000244734.1\\M3D-244734.1\\PartBody',(#3384),#3347,.T.) ;
#3409=ADVANCED_FACE('AR00000244734.1\\M3D-244734.1\\PartBody',(#3408),#3390,.T.) ;
#3448=ADVANCED_FACE('AR00000244734.1\\M3D-244734.1\\PartBody',(#3447),#3410,.F.) ;
#3497=ADVANCED_FACE('AR00000244734.1\\M3D-244734.1\\PartBody',(#3496),#3453,.T.) ;
#3523=ADVANCED_FACE('AR00000244734.1\\M3D-244734.1\\PartBody',(#3522),#3502,.F.) ;
#3540=ADVANCED_FACE('AR00000244734.1\\M3D-244734.1\\PartBody',(#3539),#3528,.F.) ;
#3575=ADVANCED_FACE('AR00000244734.1\\M3D-244734.1\\PartBody',(#3574),#3545,.T.) ;
#3599=ADVANCED_FACE('AR00000244734.1\\M3D-244734.1\\PartBody',(#3598),#3580,.F.) ;
#3623=ADVANCED_FACE('AR00000244734.1\\M3D-244734.1\\PartBody',(#3622),#3604,.F.) ;
#3669=ADVANCED_FACE('AR00000244734.1\\M3D-244734.1\\PartBody',(#3668),#3628,.T.) ;
#3693=ADVANCED_FACE('AR00000244734.1\\M3D-244734.1\\PartBody',(#3692),#3674,.T.) ;
#3723=ADVANCED_FACE('AR00000244734.1\\M3D-244734.1\\PartBody',(#3722),#3698,.F.) ;
#3772=ADVANCED_FACE('AR00000244734.1\\M3D-244734.1\\PartBody',(#3771),#3724,.T.) ;
#3822=ADVANCED_FACE('AR00000244734.1\\M3D-244734.1\\PartBody',(#3821),#3777,.F.) ;
#3859=ADVANCED_FACE('AR00000244734.1\\M3D-244734.1\\PartBody',(#3858),#3832,.F.) ;
#3883=ADVANCED_FACE('AR00000244734.1\\M3D-244734.1\\PartBody',(#3882),#3864,.F.) ;
#3906=ADVANCED_FACE('AR00000244734.1\\M3D-244734.1\\PartBody',(#3905),#3893,.F.) ;
#3932=ADVANCED_FACE('AR00000244734.1\\M3D-244734.1\\PartBody',(#3931),#3911,.F.) ;
#3974=ADVANCED_FACE('AR00000244734.1\\M3D-244734.1\\PartBody',(#3973),#3937,.F.) ;
#3998=ADVANCED_FACE('AR00000244734.1\\M3D-244734.1\\PartBody',(#3997),#3979,.T.) ;
#4037=ADVANCED_FACE('AR00000244734.1\\M3D-244734.1\\PartBody',(#4036),#3999,.F.) ;
#4064=ADVANCED_FACE('AR00000244734.1\\M3D-244734.1\\PartBody',(#4063),#4042,.T.) ;
#4088=ADVANCED_FACE('AR00000244734.1\\M3D-244734.1\\PartBody',(#4087),#4069,.F.) ;
#4199=ADVANCED_FACE('AR00000244734.1\\M3D-244734.1\\PartBody',(#4140,#4198),#4093,.T.) ;
#4230=ADVANCED_FACE('AR00000244734.1\\M3D-244734.1\\PartBody',(#4229),#4204,.T.) ;
#4254=ADVANCED_FACE('AR00000244734.1\\M3D-244734.1\\PartBody',(#4253),#4235,.T.) ;
#4278=ADVANCED_FACE('AR00000244734.1\\M3D-244734.1\\PartBody',(#4277),#4259,.T.) ;
#4295=ADVANCED_FACE('AR00000244734.1\\M3D-244734.1\\PartBody',(#4294),#4283,.T.) ;
#4314=ADVANCED_FACE('AR00000244734.1\\M3D-244734.1\\PartBody',(#4313),#4300,.T.) ;
#4331=ADVANCED_FACE('AR00000244734.1\\M3D-244734.1\\PartBody',(#4330),#4319,.T.) ;
#4362=ADVANCED_FACE('AR00000244734.1\\M3D-244734.1\\PartBody',(#4361),#4336,.T.) ;
#4386=ADVANCED_FACE('AR00000244734.1\\M3D-244734.1\\PartBody',(#4385),#4367,.F.) ;
#4410=ADVANCED_FACE('AR00000244734.1\\M3D-244734.1\\PartBody',(#4409),#4391,.T.) ;
#4427=ADVANCED_FACE('AR00000244734.1\\M3D-244734.1\\PartBody',(#4426),#4415,.F.) ;
#4447=ADVANCED_FACE('AR00000244734.1\\M3D-244734.1\\PartBody',(#4440,#4446),#4432,.F.) ;
#4469=ADVANCED_FACE('AR00000244734.1\\M3D-244734.1\\PartBody',(#4468),#4452,.F.) ;
#4476=ADVANCED_FACE('AR00000244734.1\\M3D-244734.1\\PartBody',(#4475),#4452,.F.) ;
#4526=ADVANCED_FACE('M3D-237880.1\\PartBody',(#4525),#4491,.T.) ;
#4557=ADVANCED_FACE('M3D-237880.1\\PartBody',(#4556),#4531,.T.) ;
#4588=ADVANCED_FACE('M3D-237880.1\\PartBody',(#4587),#4562,.T.) ;
#4619=ADVANCED_FACE('M3D-237880.1\\PartBody',(#4618),#4593,.F.) ;
#4650=ADVANCED_FACE('M3D-237880.1\\PartBody',(#4649),#4624,.F.) ;
#4681=ADVANCED_FACE('M3D-237880.1\\PartBody',(#4680),#4655,.F.) ;
#4712=ADVANCED_FACE('M3D-237880.1\\PartBody',(#4711),#4686,.T.) ;
#4743=ADVANCED_FACE('M3D-237880.1\\PartBody',(#4742),#4717,.F.) ;
#4774=ADVANCED_FACE('M3D-237880.1\\PartBody',(#4773),#4748,.T.) ;
#4805=ADVANCED_FACE('M3D-237880.1\\PartBody',(#4804),#4779,.F.) ;
#4836=ADVANCED_FACE('M3D-237880.1\\PartBody',(#4835),#4810,.F.) ;
#4862=ADVANCED_FACE('M3D-237880.1\\PartBody',(#4861),#4593,.F.) ;
#4893=ADVANCED_FACE('M3D-237880.1\\PartBody',(#4892),#4867,.F.) ;
#4924=ADVANCED_FACE('M3D-237880.1\\PartBody',(#4923),#4898,.F.) ;
#4955=ADVANCED_FACE('M3D-237880.1\\PartBody',(#4954),#4929,.F.) ;
#4986=ADVANCED_FACE('M3D-237880.1\\PartBody',(#4985),#4960,.F.) ;
#5017=ADVANCED_FACE('M3D-237880.1\\PartBody',(#5016),#4991,.F.) ;
#5048=ADVANCED_FACE('M3D-237880.1\\PartBody',(#5047),#5022,.T.) ;
#5079=ADVANCED_FACE('M3D-237880.1\\PartBody',(#5078),#5053,.T.) ;
#5110=ADVANCED_FACE('M3D-237880.1\\PartBody',(#5109),#5084,.T.) ;
#5141=ADVANCED_FACE('M3D-237880.1\\PartBody',(#5140),#5115,.T.) ;
#5172=ADVANCED_FACE('M3D-237880.1\\PartBody',(#5171),#5146,.T.) ;
#5203=ADVANCED_FACE('M3D-237880.1\\PartBody',(#5202),#5177,.F.) ;
#5234=ADVANCED_FACE('M3D-237880.1\\PartBody',(#5233),#5208,.F.) ;
#5265=ADVANCED_FACE('M3D-237880.1\\PartBody',(#5264),#5239,.T.) ;
#5296=ADVANCED_FACE('M3D-237880.1\\PartBody',(#5295),#5270,.T.) ;
#5322=ADVANCED_FACE('M3D-237880.1\\PartBody',(#5321),#5084,.T.) ;
#5353=ADVANCED_FACE('M3D-237880.1\\PartBody',(#5352),#5327,.T.) ;
#5384=ADVANCED_FACE('M3D-237880.1\\PartBody',(#5383),#5358,.T.) ;
#5415=ADVANCED_FACE('M3D-237880.1\\PartBody',(#5414),#5389,.F.) ;
#5446=ADVANCED_FACE('M3D-237880.1\\PartBody',(#5445),#5420,.F.) ;
#5477=ADVANCED_FACE('M3D-237880.1\\PartBody',(#5476),#5451,.T.) ;
#5508=ADVANCED_FACE('M3D-237880.1\\PartBody',(#5507),#5482,.T.) ;
#5534=ADVANCED_FACE('M3D-237880.1\\PartBody',(#5533),#5084,.T.) ;
#5565=ADVANCED_FACE('M3D-237880.1\\PartBody',(#5564),#5539,.T.) ;
#5596=ADVANCED_FACE('M3D-237880.1\\PartBody',(#5595),#5570,.T.) ;
#5627=ADVANCED_FACE('M3D-237880.1\\PartBody',(#5626),#5601,.F.) ;
#5653=ADVANCED_FACE('M3D-237880.1\\PartBody',(#5652),#4960,.F.) ;
#5684=ADVANCED_FACE('M3D-237880.1\\PartBody',(#5683),#5658,.T.) ;
#5715=ADVANCED_FACE('M3D-237880.1\\PartBody',(#5714),#5689,.T.) ;
#5746=ADVANCED_FACE('M3D-237880.1\\PartBody',(#5745),#5720,.T.) ;
#5768=ADVANCED_FACE('M3D-237880.1\\PartBody',(#5767),#5751,.F.) ;
#5818=ADVANCED_FACE('M3D-237880.1\\PartBody',(#5817),#5773,.F.) ;
#5868=ADVANCED_FACE('M3D-237880.1\\PartBody',(#5867),#5823,.T.) ;
#4=APPLICATION_PROTOCOL_DEFINITION('international standard','ap242_managed_model_based_3d_engineering',2014,#1) ;
#856=B_SPLINE_CURVE_WITH_KNOTS('',5,(#857,#858,#859,#860,#861,#862),.UNSPECIFIED.,.F.,.U.,(6,6),(7.85398163397,15.7079632679),.UNSPECIFIED.) ;
#875=B_SPLINE_CURVE_WITH_KNOTS('',5,(#876,#877,#878,#879,#880,#881),.UNSPECIFIED.,.F.,.U.,(6,6),(70.6858347058,94.2477976525),.UNSPECIFIED.) ;
#885=B_SPLINE_CURVE_WITH_KNOTS('',1,(#886,#887),.UNSPECIFIED.,.F.,.U.,(2,2),(-54.9127803209,69.9127983657),.UNSPECIFIED.) ;
#891=B_SPLINE_CURVE_WITH_KNOTS('',1,(#892,#893),.UNSPECIFIED.,.F.,.U.,(2,2),(-62.9991976339,-2.99919763145),.UNSPECIFIED.) ;
#897=B_SPLINE_CURVE_WITH_KNOTS('',1,(#898,#899),.UNSPECIFIED.,.F.,.U.,(2,2),(-69.9130677419,54.9130857867),.UNSPECIFIED.) ;
#903=B_SPLINE_CURVE_WITH_KNOTS('',5,(#904,#905,#906,#907,#908,#909),.UNSPECIFIED.,.F.,.U.,(6,6),(47.1239078486,70.6858347058),.UNSPECIFIED.) ;
#920=B_SPLINE_CURVE_WITH_KNOTS('',5,(#921,#922,#923,#924,#925,#926),.UNSPECIFIED.,.F.,.U.,(6,6),(1.13686837722E-013,7.85398163397),.UNSPECIFIED.) ;
#937=B_SPLINE_CURVE_WITH_KNOTS('',5,(#938,#939,#940,#941,#942,#943),.UNSPECIFIED.,.F.,.U.,(6,6),(23.5619449019,31.4159265359),.UNSPECIFIED.) ;
#954=B_SPLINE_CURVE_WITH_KNOTS('',5,(#955,#956,#957,#958,#959,#960),.UNSPECIFIED.,.F.,.U.,(6,6),(23.5619449019,47.1239078486),.UNSPECIFIED.) ;
#964=B_SPLINE_CURVE_WITH_KNOTS('',1,(#965,#966),.UNSPECIFIED.,.F.,.U.,(2,2),(6.50001804555,8.49999999926),.UNSPECIFIED.) ;
#977=B_SPLINE_CURVE_WITH_KNOTS('',1,(#978,#979),.UNSPECIFIED.,.F.,.U.,(2,2),(-8.49999999923,-6.49998195596),.UNSPECIFIED.) ;
#983=B_SPLINE_CURVE_WITH_KNOTS('',5,(#984,#985,#986,#987,#988,#989),.UNSPECIFIED.,.F.,.U.,(6,6),(1.80447841842E-005,23.5619449019),.UNSPECIFIED.) ;
#1000=B_SPLINE_CURVE_WITH_KNOTS('',5,(#1001,#1002,#1003,#1004,#1005,#1006),.UNSPECIFIED.,.F.,.U.,(6,6),(15.7079632679,23.5619449019),.UNSPECIFIED.) ;
#1041=B_SPLINE_CURVE_WITH_KNOTS('',5,(#1042,#1043,#1044,#1045,#1046,#1047,#1048,#1049,#1050,#1051,#1052,#1053,#1054,#1055,#1056),.UNSPECIFIED.,.F.,.U.,(6,3,3,3,6),(47.1238898038,51.0508806208,54.9778714378,58.9048622548,62.8318530718),.UNSPECIFIED.) ;
#1062=B_SPLINE_CURVE_WITH_KNOTS('',5,(#1063,#1064,#1065,#1066,#1067,#1068,#1069,#1070,#1071,#1072,#1073,#1074,#1075,#1076,#1077),.UNSPECIFIED.,.F.,.U.,(6,3,3,3,6),(31.4159265359,35.3429173529,39.2699081699,43.1968989869,47.1238898038),.UNSPECIFIED.) ;
#1089=B_SPLINE_CURVE_WITH_KNOTS('',1,(#1090,#1091),.UNSPECIFIED.,.F.,.U.,(2,2),(-59.4009214184,60.7406673806),.UNSPECIFIED.) ;
#1097=B_SPLINE_CURVE_WITH_KNOTS('',1,(#1098,#1099),.UNSPECIFIED.,.F.,.U.,(2,2),(-32.5006606504,27.4993393497),.UNSPECIFIED.) ;
#1103=B_SPLINE_CURVE_WITH_KNOTS('',1,(#1104,#1105),.UNSPECIFIED.,.F.,.U.,(2,2),(-65.0707446684,63.7309987062),.UNSPECIFIED.) ;
#1109=B_SPLINE_CURVE_WITH_KNOTS('',3,(#1110,#1111,#1112,#1113),.UNSPECIFIED.,.F.,.U.,(4,4),(7.85395918596,10.4719530639),.UNSPECIFIED.) ;
#1117=B_SPLINE_CURVE_WITH_KNOTS('',1,(#1118,#1119),.UNSPECIFIED.,.F.,.U.,(2,2),(-1.16024200801,1.16025403783),.UNSPECIFIED.) ;
#1123=B_SPLINE_CURVE_WITH_KNOTS('',3,(#1124,#1125,#1126,#1127),.UNSPECIFIED.,.F.,.U.,(4,4),(23.5619449019,26.1799163319),.UNSPECIFIED.) ;
#1138=B_SPLINE_CURVE_WITH_KNOTS('',5,(#1139,#1140,#1141,#1142,#1143,#1144),.UNSPECIFIED.,.F.,.U.,(6,6),(15.7079632679,23.5619449019),.UNSPECIFIED.) ;
#1155=B_SPLINE_CURVE_WITH_KNOTS('',5,(#1156,#1157,#1158,#1159,#1160,#1161),.UNSPECIFIED.,.F.,.U.,(6,6),(7.85395918596,15.7079632679),.UNSPECIFIED.) ;
#1165=B_SPLINE_CURVE_WITH_KNOTS('',1,(#1166,#1167),.UNSPECIFIED.,.F.,.U.,(2,2),(-6.33974596031,10.00002245),.UNSPECIFIED.) ;
#1171=B_SPLINE_CURVE_WITH_KNOTS('',3,(#1172,#1173,#1174,#1175),.UNSPECIFIED.,.F.,.U.,(4,4),(5.23596530797,7.85395918596),.UNSPECIFIED.) ;
#1179=B_SPLINE_CURVE_WITH_KNOTS('',1,(#1180,#1181),.UNSPECIFIED.,.F.,.U.,(2,2),(-6.16025403784,6.16025403785),.UNSPECIFIED.) ;
#1185=B_SPLINE_CURVE_WITH_KNOTS('',3,(#1186,#1187,#1188,#1189),.UNSPECIFIED.,.F.,.U.,(4,4),(20.9439285759,23.5619224539),.UNSPECIFIED.) ;
#1216=B_SPLINE_CURVE_WITH_KNOTS('',5,(#1217,#1218,#1219,#1220,#1221,#1222,#1223,#1224,#1225,#1226,#1227,#1228,#1229,#1230,#1231),.UNSPECIFIED.,.F.,.U.,(6,3,3,3,6),(7.06858347058,10.6028752059,14.1371669412,17.6714586764,21.2057504117),.UNSPECIFIED.) ;
#1242=B_SPLINE_CURVE_WITH_KNOTS('',5,(#1243,#1244,#1245,#1246,#1247,#1248,#1249,#1250,#1251,#1252,#1253,#1254,#1255,#1256,#1257),.UNSPECIFIED.,.F.,.U.,(6,3,3,3,6),(21.2057504117,24.740042147,28.2743338823,31.8086256176,35.3429173529),.UNSPECIFIED.) ;
#1265=B_SPLINE_CURVE_WITH_KNOTS('',1,(#1266,#1267),.UNSPECIFIED.,.F.,.U.,(2,2),(-2.50000000019,2.50000000019),.UNSPECIFIED.) ;
#1273=B_SPLINE_CURVE_WITH_KNOTS('',5,(#1274,#1275,#1276,#1277,#1278,#1279,#1280,#1281,#1282,#1283,#1284,#1285,#1286,#1287,#1288),.UNSPECIFIED.,.F.,.U.,(6,3,3,3,6),(7.06856326736,10.6028550027,14.1371467379,17.6714384732,21.2057302085),.UNSPECIFIED.) ;
#1292=B_SPLINE_CURVE_WITH_KNOTS('',1,(#1293,#1294),.UNSPECIFIED.,.F.,.U.,(2,2),(-2.50000000019,2.50000000019),.UNSPECIFIED.) ;
#1298=B_SPLINE_CURVE_WITH_KNOTS('',5,(#1299,#1300,#1301,#1302,#1303,#1304,#1305,#1306,#1307,#1308,#1309,#1310,#1311,#1312,#1313),.UNSPECIFIED.,.F.,.U.,(6,3,3,3,6),(21.2057302085,24.7400219438,28.2743136791,31.8086054144,35.3428971497),.UNSPECIFIED.) ;
#1956=B_SPLINE_CURVE_WITH_KNOTS('',5,(#1957,#1958,#1959,#1960,#1961,#1962),.UNSPECIFIED.,.F.,.U.,(6,6),(7.85398163397,15.7079632679),.UNSPECIFIED.) ;
#1975=B_SPLINE_CURVE_WITH_KNOTS('',5,(#1976,#1977,#1978,#1979,#1980,#1981),.UNSPECIFIED.,.F.,.U.,(6,6),(15.7079632679,23.5619449019),.UNSPECIFIED.) ;
#2012=B_SPLINE_CURVE_WITH_KNOTS('',5,(#2013,#2014,#2015,#2016,#2017,#2018,#2019,#2020,#2021,#2022,#2023,#2024,#2025,#2026,#2027),.UNSPECIFIED.,.F.,.U.,(6,3,3,3,6),(25.9181393921,30.2378292908,34.5575191895,38.8772090882,43.1968989869),.UNSPECIFIED.) ;
#2040=B_SPLINE_CURVE_WITH_KNOTS('',5,(#2041,#2042,#2043,#2044,#2045,#2046,#2047,#2048,#2049,#2050,#2051,#2052,#2053,#2054,#2055),.UNSPECIFIED.,.F.,.U.,(6,3,3,3,6),(8.63937979737,12.9590696961,17.2787595947,21.5984494934,25.9181393921),.UNSPECIFIED.) ;
#2423=B_SPLINE_CURVE_WITH_KNOTS('',4,(#2424,#2425,#2426,#2427,#2428),.UNSPECIFIED.,.F.,.U.,(5,5),(0.,10.5827698812),.UNSPECIFIED.) ;
#2529=B_SPLINE_CURVE_WITH_KNOTS('',1,(#2530,#2531),.UNSPECIFIED.,.F.,.U.,(2,2),(-5.,4.81096644004E-016),.UNSPECIFIED.) ;
#2535=B_SPLINE_CURVE_WITH_KNOTS('',4,(#2536,#2537,#2538,#2539,#2540),.UNSPECIFIED.,.F.,.U.,(5,5),(0.,10.5866313037),.UNSPECIFIED.) ;
#2653=B_SPLINE_CURVE_WITH_KNOTS('',3,(#2654,#2655,#2656,#2657),.UNSPECIFIED.,.F.,.U.,(4,4),(0.,4.84913641288),.UNSPECIFIED.) ;
#2661=B_SPLINE_CURVE_WITH_KNOTS('',3,(#2662,#2663,#2664,#2665),.UNSPECIFIED.,.F.,.U.,(4,4),(0.,4.32491017996),.UNSPECIFIED.) ;
#2710=B_SPLINE_CURVE_WITH_KNOTS('',5,(#2711,#2712,#2713,#2714,#2715,#2716),.UNSPECIFIED.,.F.,.U.,(6,6),(0.,3.95949643371),.UNSPECIFIED.) ;
#2720=B_SPLINE_CURVE_WITH_KNOTS('',3,(#2721,#2722,#2723,#2724),.UNSPECIFIED.,.F.,.U.,(4,4),(0.,4.84913641288),.UNSPECIFIED.) ;
#2740=B_SPLINE_CURVE_WITH_KNOTS('',5,(#2741,#2742,#2743,#2744,#2745,#2746),.UNSPECIFIED.,.F.,.U.,(6,6),(0.,3.53132995134),.UNSPECIFIED.) ;
#2750=B_SPLINE_CURVE_WITH_KNOTS('',3,(#2751,#2752,#2753,#2754),.UNSPECIFIED.,.F.,.U.,(4,4),(0.,4.32491017996),.UNSPECIFIED.) ;
#3124=B_SPLINE_CURVE_WITH_KNOTS('',5,(#3125,#3126,#3127,#3128,#3129,#3130,#3131,#3132,#3133),.UNSPECIFIED.,.F.,.U.,(6,3,6),(0.,14.916470518,25.1476291771),.UNSPECIFIED.) ;
#3172=B_SPLINE_CURVE_WITH_KNOTS('',3,(#3173,#3174,#3175,#3176),.UNSPECIFIED.,.F.,.U.,(4,4),(0.,6.24203347212),.UNSPECIFIED.) ;
#3192=B_SPLINE_CURVE_WITH_KNOTS('',3,(#3193,#3194,#3195,#3196),.UNSPECIFIED.,.F.,.U.,(4,4),(0.,6.24352810262),.UNSPECIFIED.) ;
#3275=B_SPLINE_CURVE_WITH_KNOTS('',1,(#3276,#3277),.UNSPECIFIED.,.F.,.U.,(2,2),(0.,5.),.UNSPECIFIED.) ;
#3281=B_SPLINE_CURVE_WITH_KNOTS('',5,(#3282,#3283,#3284,#3285,#3286,#3287,#3288,#3289,#3290),.UNSPECIFIED.,.F.,.U.,(6,3,6),(0.,14.9147473336,25.1474689744),.UNSPECIFIED.) ;
#3366=B_SPLINE_CURVE_WITH_KNOTS('',4,(#3367,#3368,#3369,#3370,#3371),.UNSPECIFIED.,.F.,.U.,(5,5),(0.,6.24203196944),.UNSPECIFIED.) ;
#3375=B_SPLINE_CURVE_WITH_KNOTS('',1,(#3376,#3377),.UNSPECIFIED.,.F.,.U.,(2,2),(-5.,4.40564692312E-016),.UNSPECIFIED.) ;
#3429=B_SPLINE_CURVE_WITH_KNOTS('',1,(#3430,#3431),.UNSPECIFIED.,.F.,.U.,(2,2),(-5.,0.),.UNSPECIFIED.) ;
#3435=B_SPLINE_CURVE_WITH_KNOTS('',4,(#3436,#3437,#3438,#3439,#3440),.UNSPECIFIED.,.F.,.U.,(5,5),(0.,6.24352660117),.UNSPECIFIED.) ;
#3636=B_SPLINE_CURVE_WITH_KNOTS('',5,(#3637,#3638,#3639,#3640,#3641,#3642,#3643,#3644,#3645),.UNSPECIFIED.,.F.,.U.,(6,3,6),(0.,14.9165359516,25.1477446128),.UNSPECIFIED.) ;
#3749=B_SPLINE_CURVE_WITH_KNOTS('',1,(#3750,#3751),.UNSPECIFIED.,.F.,.U.,(2,2),(-1.18952466924E-015,5.),.UNSPECIFIED.) ;
#3755=B_SPLINE_CURVE_WITH_KNOTS('',5,(#3756,#3757,#3758,#3759,#3760,#3761,#3762,#3763,#3764),.UNSPECIFIED.,.F.,.U.,(6,3,6),(0.,14.914812982,25.1475846407),.UNSPECIFIED.) ;
#3778=B_SPLINE_CURVE_WITH_KNOTS('',3,(#3779,#3780,#3781,#3782),.UNSPECIFIED.,.F.,.U.,(4,4),(0.,4.32483823097),.UNSPECIFIED.) ;
#3786=B_SPLINE_CURVE_WITH_KNOTS('',3,(#3787,#3788,#3789,#3790),.UNSPECIFIED.,.F.,.U.,(4,4),(0.,4.84921294627),.UNSPECIFIED.) ;
#3823=B_SPLINE_CURVE_WITH_KNOTS('',5,(#3824,#3825,#3826,#3827,#3828,#3829),.UNSPECIFIED.,.F.,.U.,(6,6),(0.,3.95955893423),.UNSPECIFIED.) ;
#3833=B_SPLINE_CURVE_WITH_KNOTS('',3,(#3834,#3835,#3836,#3837),.UNSPECIFIED.,.F.,.U.,(4,4),(0.,4.84921294627),.UNSPECIFIED.) ;
#3884=B_SPLINE_CURVE_WITH_KNOTS('',5,(#3885,#3886,#3887,#3888,#3889,#3890),.UNSPECIFIED.,.F.,.U.,(6,6),(0.,3.53127120285),.UNSPECIFIED.) ;
#3894=B_SPLINE_CURVE_WITH_KNOTS('',3,(#3895,#3896,#3897,#3898),.UNSPECIFIED.,.F.,.U.,(4,4),(0.,4.32483823097),.UNSPECIFIED.) ;
#3938=B_SPLINE_CURVE_WITH_KNOTS('',4,(#3939,#3940,#3941,#3942,#3943),.UNSPECIFIED.,.F.,.U.,(5,5),(0.,10.58290338),.UNSPECIFIED.) ;
#4018=B_SPLINE_CURVE_WITH_KNOTS('',4,(#4019,#4020,#4021,#4022,#4023),.UNSPECIFIED.,.F.,.U.,(5,5),(0.,10.5867650649),.UNSPECIFIED.) ;
#4027=B_SPLINE_CURVE_WITH_KNOTS('',1,(#4028,#4029),.UNSPECIFIED.,.F.,.U.,(2,2),(-2.5,2.5),.UNSPECIFIED.) ;
#4094=B_SPLINE_CURVE_WITH_KNOTS('',5,(#4095,#4096,#4097,#4098,#4099,#4100),.UNSPECIFIED.,.F.,.U.,(6,6),(23.5619449019,31.4159265359),.UNSPECIFIED.) ;
#4113=B_SPLINE_CURVE_WITH_KNOTS('',5,(#4114,#4115,#4116,#4117,#4118,#4119),.UNSPECIFIED.,.F.,.U.,(6,6),(0.,7.85398163397),.UNSPECIFIED.) ;
#4141=B_SPLINE_CURVE_WITH_KNOTS('',5,(#4142,#4143,#4144,#4145,#4146,#4147,#4148,#4149,#4150,#4151,#4152,#4153,#4154,#4155,#4156),.UNSPECIFIED.,.F.,.U.,(6,3,3,3,6),(25.9181393921,30.2378292908,34.5575191895,38.8772090882,43.1968989869),.UNSPECIFIED.) ;
#4169=B_SPLINE_CURVE_WITH_KNOTS('',5,(#4170,#4171,#4172,#4173,#4174,#4175,#4176,#4177,#4178,#4179,#4180,#4181,#4182,#4183,#4184),.UNSPECIFIED.,.F.,.U.,(6,3,3,3,6),(8.63937979737,12.9590696961,17.2787595947,21.5984494934,25.9181393921),.UNSPECIFIED.) ;
#2510=B_SPLINE_SURFACE_WITH_KNOTS('',5,1,((#2511,#2512),(#2513,#2514),(#2515,#2516),(#2517,#2518),(#2519,#2520),(#2521,#2522),(#2523,#2524),(#2525,#2526),(#2527,#2528)),.UNSPECIFIED.,.F.,.F.,.U.,(6,3,6),(2,2),(0.,6.05131165298,8.64473093283),(-5.00000000001,6.2172489379E-015),.UNSPECIFIED.) ;
#3250=B_SPLINE_SURFACE_WITH_KNOTS('',5,1,((#3251,#3252),(#3253,#3254),(#3255,#3256),(#3257,#3258),(#3259,#3260),(#3261,#3262),(#3263,#3264),(#3265,#3266),(#3267,#3268),(#3269,#3270),(#3271,#3272),(#3273,#3274)),.UNSPECIFIED.,.F.,.F.,.U.,(6,3,3,6),(2,2),(0.,7.82065140743,13.686139963,19.5516285186),(-6.60847038467E-016,5.00000000001),.UNSPECIFIED.) ;
#3347=B_SPLINE_SURFACE_WITH_KNOTS('',5,1,((#3348,#3349),(#3350,#3351),(#3352,#3353),(#3354,#3355),(#3356,#3357),(#3358,#3359),(#3360,#3361),(#3362,#3363),(#3364,#3365)),.UNSPECIFIED.,.F.,.F.,.U.,(6,3,6),(2,2),(0.,4.58694463329,5.0966051481),(-5.,4.40564692312E-016),.UNSPECIFIED.) ;
#3410=B_SPLINE_SURFACE_WITH_KNOTS('',5,1,((#3411,#3412),(#3413,#3414),(#3415,#3416),(#3417,#3418),(#3419,#3420),(#3421,#3422),(#3423,#3424),(#3425,#3426),(#3427,#3428)),.UNSPECIFIED.,.F.,.F.,.U.,(6,3,6),(2,2),(0.,4.58804274649,5.09782527388),(-5.,1.02695629778E-015),.UNSPECIFIED.) ;
#3724=B_SPLINE_SURFACE_WITH_KNOTS('',5,1,((#3725,#3726),(#3727,#3728),(#3729,#3730),(#3731,#3732),(#3733,#3734),(#3735,#3736),(#3737,#3738),(#3739,#3740),(#3741,#3742),(#3743,#3744),(#3745,#3746),(#3747,#3748)),.UNSPECIFIED.,.F.,.F.,.U.,(6,3,3,6),(2,2),(0.,7.82069085253,13.6862089919,19.5517271313),(-1.18952466924E-015,5.),.UNSPECIFIED.) ;
#3999=B_SPLINE_SURFACE_WITH_KNOTS('',5,1,((#4000,#4001),(#4002,#4003),(#4004,#4005),(#4006,#4007),(#4008,#4009),(#4010,#4011),(#4012,#4013),(#4014,#4015),(#4016,#4017)),.UNSPECIFIED.,.F.,.F.,.U.,(6,3,6),(2,2),(0.,6.05138817067,8.64484024381),(-5.00000000001,3.5527136788E-015),.UNSPECIFIED.) ;
#22=COLOUR_RGB('Colour',0.501960784314,0.250980392157,0.250980392157) ;
#595=COLOUR_RGB('Colour',0.823529411765,0.823529411765,1.) ;
#5879=CONSTRUCTIVE_GEOMETRY_REPRESENTATION_RELATIONSHIP('supplemental geometry','',#19,#5878) ;
#4478=DRAUGHTING_PRE_DEFINED_COLOUR('black') ;
#5874=DRAUGHTING_PRE_DEFINED_COLOUR('white') ;
#5873=DRAUGHTING_PRE_DEFINED_CURVE_FONT('continuous') ;
#69=FACE_OUTER_BOUND('',#64,.T.) ;
#100=FACE_OUTER_BOUND('',#95,.T.) ;
#131=FACE_OUTER_BOUND('',#126,.T.) ;
#162=FACE_OUTER_BOUND('',#157,.T.) ;
#193=FACE_OUTER_BOUND('',#188,.T.) ;
#215=FACE_OUTER_BOUND('',#210,.T.) ;
#255=FACE_OUTER_BOUND('',#250,.T.) ;
#272=FACE_OUTER_BOUND('',#267,.T.) ;
#286=FACE_OUTER_BOUND('',#279,.T.) ;
#304=FACE_OUTER_BOUND('',#297,.T.) ;
#353=FACE_OUTER_BOUND('',#348,.T.) ;
#384=FACE_OUTER_BOUND('',#379,.T.) ;
#415=FACE_OUTER_BOUND('',#410,.T.) ;
#446=FACE_OUTER_BOUND('',#441,.T.) ;
#477=FACE_OUTER_BOUND('',#472,.T.) ;
#499=FACE_OUTER_BOUND('',#494,.T.) ;
#539=FACE_OUTER_BOUND('',#534,.T.) ;
#556=FACE_OUTER_BOUND('',#551,.T.) ;
#570=FACE_OUTER_BOUND('',#563,.T.) ;
#588=FACE_OUTER_BOUND('',#581,.T.) ;
#642=FACE_OUTER_BOUND('',#637,.T.) ;
#659=FACE_OUTER_BOUND('',#654,.T.) ;
#827=FACE_OUTER_BOUND('',#806,.T.) ;
#1036=FACE_OUTER_BOUND('',#1015,.T.) ;
#1206=FACE_OUTER_BOUND('',#1191,.T.) ;
#1351=FACE_OUTER_BOUND('',#1346,.T.) ;
#1375=FACE_OUTER_BOUND('',#1370,.T.) ;
#1406=FACE_OUTER_BOUND('',#1401,.T.) ;
#1430=FACE_OUTER_BOUND('',#1425,.T.) ;
#1461=FACE_OUTER_BOUND('',#1456,.T.) ;
#1485=FACE_OUTER_BOUND('',#1480,.T.) ;
#1580=FACE_OUTER_BOUND('',#1565,.T.) ;
#1670=FACE_OUTER_BOUND('',#1665,.T.) ;
#1687=FACE_OUTER_BOUND('',#1682,.T.) ;
#1704=FACE_OUTER_BOUND('',#1699,.T.) ;
#1721=FACE_OUTER_BOUND('',#1716,.T.) ;
#1738=FACE_OUTER_BOUND('',#1733,.T.) ;
#1750=FACE_OUTER_BOUND('',#1745,.T.) ;
#1772=FACE_OUTER_BOUND('',#1767,.T.) ;
#1794=FACE_OUTER_BOUND('',#1789,.T.) ;
#1806=FACE_OUTER_BOUND('',#1801,.T.) ;
#1828=FACE_OUTER_BOUND('',#1823,.T.) ;
#1845=FACE_OUTER_BOUND('',#1840,.T.) ;
#1862=FACE_OUTER_BOUND('',#1857,.T.) ;
#1874=FACE_OUTER_BOUND('',#1869,.T.) ;
#1891=FACE_OUTER_BOUND('',#1886,.T.) ;
#1908=FACE_OUTER_BOUND('',#1903,.T.) ;
#1925=FACE_OUTER_BOUND('',#1920,.T.) ;
#1937=FACE_OUTER_BOUND('',#1932,.T.) ;
#1949=FACE_OUTER_BOUND('',#1944,.T.) ;
#2011=FACE_OUTER_BOUND('',#2004,.T.) ;
#2100=FACE_OUTER_BOUND('',#2095,.T.) ;
#2131=FACE_OUTER_BOUND('',#2126,.T.) ;
#2155=FACE_OUTER_BOUND('',#2150,.T.) ;
#2179=FACE_OUTER_BOUND('',#2174,.T.) ;
#2203=FACE_OUTER_BOUND('',#2198,.T.) ;
#2234=FACE_OUTER_BOUND('',#2229,.T.) ;
#2258=FACE_OUTER_BOUND('',#2253,.T.) ;
#2282=FACE_OUTER_BOUND('',#2277,.T.) ;
#2299=FACE_OUTER_BOUND('',#2294,.T.) ;
#2323=FACE_OUTER_BOUND('',#2318,.T.) ;
#2340=FACE_OUTER_BOUND('',#2335,.T.) ;
#2364=FACE_OUTER_BOUND('',#2359,.T.) ;
#2388=FACE_OUTER_BOUND('',#2383,.T.) ;
#2437=FACE_OUTER_BOUND('',#2430,.T.) ;
#2459=FACE_OUTER_BOUND('',#2454,.T.) ;
#2483=FACE_OUTER_BOUND('',#2478,.T.) ;
#2502=FACE_OUTER_BOUND('',#2495,.T.) ;
#2547=FACE_OUTER_BOUND('',#2542,.T.) ;
#2569=FACE_OUTER_BOUND('',#2564,.T.) ;
#2586=FACE_OUTER_BOUND('',#2581,.T.) ;
#2608=FACE_OUTER_BOUND('',#2603,.T.) ;
#2632=FACE_OUTER_BOUND('',#2627,.T.) ;
#2682=FACE_OUTER_BOUND('',#2674,.T.) ;
#2708=FACE_OUTER_BOUND('',#2701,.T.) ;
#2738=FACE_OUTER_BOUND('',#2733,.T.) ;
#2768=FACE_OUTER_BOUND('',#2763,.T.) ;
#2790=FACE_OUTER_BOUND('',#2785,.T.) ;
#2807=FACE_OUTER_BOUND('',#2802,.T.) ;
#2824=FACE_OUTER_BOUND('',#2819,.T.) ;
#2841=FACE_OUTER_BOUND('',#2836,.T.) ;
#2853=FACE_OUTER_BOUND('',#2848,.T.) ;
#2865=FACE_OUTER_BOUND('',#2860,.T.) ;
#2882=FACE_OUTER_BOUND('',#2877,.T.) ;
#2899=FACE_OUTER_BOUND('',#2894,.T.) ;
#2916=FACE_OUTER_BOUND('',#2911,.T.) ;
#2933=FACE_OUTER_BOUND('',#2928,.T.) ;
#2950=FACE_OUTER_BOUND('',#2945,.T.) ;
#2967=FACE_OUTER_BOUND('',#2962,.T.) ;
#2984=FACE_OUTER_BOUND('',#2979,.T.) ;
#3001=FACE_OUTER_BOUND('',#2996,.T.) ;
#3018=FACE_OUTER_BOUND('',#3013,.T.) ;
#3040=FACE_OUTER_BOUND('',#3035,.T.) ;
#3057=FACE_OUTER_BOUND('',#3052,.T.) ;
#3069=FACE_OUTER_BOUND('',#3064,.T.) ;
#3086=FACE_OUTER_BOUND('',#3081,.T.) ;
#3110=FACE_OUTER_BOUND('',#3105,.T.) ;
#3156=FACE_OUTER_BOUND('',#3149,.T.) ;
#3221=FACE_OUTER_BOUND('',#3212,.T.) ;
#3248=FACE_OUTER_BOUND('',#3240,.T.) ;
#3297=FACE_OUTER_BOUND('',#3292,.T.) ;
#3321=FACE_OUTER_BOUND('',#3316,.T.) ;
#3345=FACE_OUTER_BOUND('',#3340,.T.) ;
#3384=FACE_OUTER_BOUND('',#3379,.T.) ;
#3408=FACE_OUTER_BOUND('',#3403,.T.) ;
#3447=FACE_OUTER_BOUND('',#3442,.T.) ;
#3496=FACE_OUTER_BOUND('',#3485,.T.) ;
#3522=FACE_OUTER_BOUND('',#3515,.T.) ;
#3539=FACE_OUTER_BOUND('',#3534,.T.) ;
#3574=FACE_OUTER_BOUND('',#3565,.T.) ;
#3598=FACE_OUTER_BOUND('',#3593,.T.) ;
#3622=FACE_OUTER_BOUND('',#3617,.T.) ;
#3668=FACE_OUTER_BOUND('',#3661,.T.) ;
#3692=FACE_OUTER_BOUND('',#3687,.T.) ;
#3722=FACE_OUTER_BOUND('',#3711,.T.) ;
#3771=FACE_OUTER_BOUND('',#3766,.T.) ;
#3821=FACE_OUTER_BOUND('',#3813,.T.) ;
#3858=FACE_OUTER_BOUND('',#3853,.T.) ;
#3882=FACE_OUTER_BOUND('',#3877,.T.) ;
#3905=FACE_OUTER_BOUND('',#3900,.T.) ;
#3931=FACE_OUTER_BOUND('',#3924,.T.) ;
#3973=FACE_OUTER_BOUND('',#3966,.T.) ;
#3997=FACE_OUTER_BOUND('',#3992,.T.) ;
#4036=FACE_OUTER_BOUND('',#4031,.T.) ;
#4063=FACE_OUTER_BOUND('',#4055,.T.) ;
#4087=FACE_OUTER_BOUND('',#4082,.T.) ;
#4140=FACE_OUTER_BOUND('',#4133,.T.) ;
#4229=FACE_OUTER_BOUND('',#4224,.T.) ;
#4253=FACE_OUTER_BOUND('',#4248,.T.) ;
#4277=FACE_OUTER_BOUND('',#4272,.T.) ;
#4294=FACE_OUTER_BOUND('',#4289,.T.) ;
#4313=FACE_OUTER_BOUND('',#4306,.T.) ;
#4330=FACE_OUTER_BOUND('',#4325,.T.) ;
#4361=FACE_OUTER_BOUND('',#4356,.T.) ;
#4385=FACE_OUTER_BOUND('',#4380,.T.) ;
#4409=FACE_OUTER_BOUND('',#4404,.T.) ;
#4426=FACE_OUTER_BOUND('',#4421,.T.) ;
#4440=FACE_OUTER_BOUND('',#4433,.T.) ;
#4468=FACE_OUTER_BOUND('',#4463,.T.) ;
#4475=FACE_OUTER_BOUND('',#4470,.T.) ;
#4525=FACE_OUTER_BOUND('',#4520,.T.) ;
#4556=FACE_OUTER_BOUND('',#4551,.T.) ;
#4587=FACE_OUTER_BOUND('',#4582,.T.) ;
#4618=FACE_OUTER_BOUND('',#4613,.T.) ;
#4649=FACE_OUTER_BOUND('',#4644,.T.) ;
#4680=FACE_OUTER_BOUND('',#4675,.T.) ;
#4711=FACE_OUTER_BOUND('',#4706,.T.) ;
#4742=FACE_OUTER_BOUND('',#4737,.T.) ;
#4773=FACE_OUTER_BOUND('',#4768,.T.) ;
#4804=FACE_OUTER_BOUND('',#4799,.T.) ;
#4835=FACE_OUTER_BOUND('',#4830,.T.) ;
#4861=FACE_OUTER_BOUND('',#4856,.T.) ;
#4892=FACE_OUTER_BOUND('',#4887,.T.) ;
#4923=FACE_OUTER_BOUND('',#4918,.T.) ;
#4954=FACE_OUTER_BOUND('',#4949,.T.) ;
#4985=FACE_OUTER_BOUND('',#4980,.T.) ;
#5016=FACE_OUTER_BOUND('',#5011,.T.) ;
#5047=FACE_OUTER_BOUND('',#5042,.T.) ;
#5078=FACE_OUTER_BOUND('',#5073,.T.) ;
#5109=FACE_OUTER_BOUND('',#5104,.T.) ;
#5140=FACE_OUTER_BOUND('',#5135,.T.) ;
#5171=FACE_OUTER_BOUND('',#5166,.T.) ;
#5202=FACE_OUTER_BOUND('',#5197,.T.) ;
#5233=FACE_OUTER_BOUND('',#5228,.T.) ;
#5264=FACE_OUTER_BOUND('',#5259,.T.) ;
#5295=FACE_OUTER_BOUND('',#5290,.T.) ;
#5321=FACE_OUTER_BOUND('',#5316,.T.) ;
#5352=FACE_OUTER_BOUND('',#5347,.T.) ;
#5383=FACE_OUTER_BOUND('',#5378,.T.) ;
#5414=FACE_OUTER_BOUND('',#5409,.T.) ;
#5445=FACE_OUTER_BOUND('',#5440,.T.) ;
#5476=FACE_OUTER_BOUND('',#5471,.T.) ;
#5507=FACE_OUTER_BOUND('',#5502,.T.) ;
#5533=FACE_OUTER_BOUND('',#5528,.T.) ;
#5564=FACE_OUTER_BOUND('',#5559,.T.) ;
#5595=FACE_OUTER_BOUND('',#5590,.T.) ;
#5626=FACE_OUTER_BOUND('',#5621,.T.) ;
#5652=FACE_OUTER_BOUND('',#5647,.T.) ;
#5683=FACE_OUTER_BOUND('',#5678,.T.) ;
#5714=FACE_OUTER_BOUND('',#5709,.T.) ;
#5745=FACE_OUTER_BOUND('',#5740,.T.) ;
#5767=FACE_OUTER_BOUND('',#5762,.T.) ;
#5817=FACE_OUTER_BOUND('',#5774,.T.) ;
#5867=FACE_OUTER_BOUND('',#5824,.T.) ;
#9=PRODUCT_CATEGORY_RELATIONSHIP(' ',' ',#7,#8) ;
#6=PRODUCT_DEFINITION_FORMATION_WITH_SPECIFIED_SOURCE('',' ',#5,.NOT_KNOWN.) ;
#20=SHAPE_DEFINITION_REPRESENTATION(#11,#19) ;
#2719=SURFACE_OF_LINEAR_EXTRUSION('generated tabulated cylinder',#2710,#2718) ;
#2749=SURFACE_OF_LINEAR_EXTRUSION('generated tabulated cylinder',#2740,#2748) ;
#3832=SURFACE_OF_LINEAR_EXTRUSION('generated tabulated cylinder',#3823,#3831) ;
#3893=SURFACE_OF_LINEAR_EXTRUSION('generated tabulated cylinder',#3884,#3892) ;
#12=(LENGTH_UNIT()NAMED_UNIT(*)SI_UNIT(.MILLI.,.METRE.)) ;
#13=(NAMED_UNIT(*)PLANE_ANGLE_UNIT()SI_UNIT($,.RADIAN.)) ;
#14=(NAMED_UNIT(*)SI_UNIT($,.STERADIAN.)SOLID_ANGLE_UNIT()) ;
#16=(GEOMETRIC_REPRESENTATION_CONTEXT(3)GLOBAL_UNCERTAINTY_ASSIGNED_CONTEXT((#15))GLOBAL_UNIT_ASSIGNED_CONTEXT((#12,#13,#14))REPRESENTATION_CONTEXT(' ',' ')) ;
ENDSEC;
END-ISO-10303-21;
