ISO-10303-21;
HEADER;
FILE_DESCRIPTION(('CATIA V5 STEP Exchange','CAx-IF Rec.Pracs.--- Model Styling and Organization---1.4--- 2014-01-23','CAx-IF Rec.Pracs.---Representation and Presentation of Product Manufacturing Information (PMI)---4.0---2014-10-13','CAx-IF Rec.Pracs.---3D Tessellated Data Validation Properties---0.5---2014-09-14'),'2;1');

FILE_NAME('C:\\Users\\e_mdemir\\OneDrive - Alstom\\Desktop\\STEP\\AR00000243830.stp','2022-03-01T16:52:09+00:00',('none'),('none'),'CATIA Version 5-6 Release 2016 SP5 HF59','CATIA V5 STEP AP242','none');

FILE_SCHEMA(('AP242_MANAGED_MODEL_BASED_3D_ENGINEERING_MIM_LF  {1 0 10303 442 1 1 4}'));

ENDSEC;
DATA;
#5=PRODUCT('M3D-243830','','EXT COMBO SENSOR BRACKET',(#2)) ;
#2=PRODUCT_CONTEXT(' ',#1,'mechanical') ;
#1=APPLICATION_CONTEXT('managed model based 3d engineering') ;
#10=PRODUCT_DEFINITION('MASTER',' ',#6,#3) ;
#3=PRODUCT_DEFINITION_CONTEXT('part definition',#1,' ') ;
#11=PRODUCT_DEFINITION_SHAPE(' ',' ',#10) ;
#3584=MECHANICAL_DESIGN_GEOMETRIC_PRESENTATION_REPRESENTATION(' ',(#29,#3440),#16) ;
#19=SHAPE_REPRESENTATION(' ',(#18),#16) ;
#7=PRODUCT_CATEGORY('part','specification') ;
#17=CARTESIAN_POINT(' ',(0.,0.,0.)) ;
#31=CARTESIAN_POINT('Axis2P3D Location',(19.7367281912,33.2321452148,121.926692004)) ;
#36=CARTESIAN_POINT('Line Origine',(15.3018197595,38.669991937,117.15580003)) ;
#40=CARTESIAN_POINT('Vertex',(17.6846073313,33.2321452148,116.288536279)) ;
#42=CARTESIAN_POINT('Vertex',(12.9190321877,44.1078386592,118.023063781)) ;
#45=CARTESIAN_POINT('Line Origine',(13.9450926176,44.1078386592,120.842141643)) ;
#49=CARTESIAN_POINT('Vertex',(14.9711530476,44.1078386592,123.661219505)) ;
#52=CARTESIAN_POINT('Line Origine',(17.3539406194,38.669991937,122.793955755)) ;
#56=CARTESIAN_POINT('Vertex',(19.7367281912,33.2321452148,121.926692004)) ;
#59=CARTESIAN_POINT('Line Origine',(18.7106677612,33.2321452148,119.107614142)) ;
#71=CARTESIAN_POINT('Axis2P3D Location',(-11.7471960458,34.5,27.4757210001)) ;
#76=CARTESIAN_POINT('Axis2P3D Location',(20.2395595502,34.5,115.358609722)) ;
#80=CARTESIAN_POINT('Vertex',(22.7945117691,35.7678547852,114.428683164)) ;
#83=CARTESIAN_POINT('Axis2P3D Location',(22.2916804101,34.5,120.996765446)) ;
#87=CARTESIAN_POINT('Vertex',(24.8466326291,35.7678547852,120.066838889)) ;
#90=CARTESIAN_POINT('Line Origine',(-9.19224382689,35.7678547852,26.5457944424)) ;
#102=CARTESIAN_POINT('Axis2P3D Location',(46.8143424365,180.,112.071246404)) ;
#107=CARTESIAN_POINT('Line Origine',(11.0153689607,45.,125.101007166)) ;
#111=CARTESIAN_POINT('Vertex',(11.0153689607,59.,125.101007166)) ;
#113=CARTESIAN_POINT('Vertex',(11.0153689607,31.,125.101007166)) ;
#116=CARTESIAN_POINT('Axis2P3D Location',(15.7138320646,31.,123.39090645)) ;
#120=CARTESIAN_POINT('Vertex',(15.7138320646,26.,123.39090645)) ;
#123=CARTESIAN_POINT('Line Origine',(31.2640872506,26.,117.731076427)) ;
#127=CARTESIAN_POINT('Vertex',(46.8143424365,26.,112.071246404)) ;
#130=CARTESIAN_POINT('Line Origine',(46.8143424365,45.,112.071246404)) ;
#134=CARTESIAN_POINT('Vertex',(46.8143424365,64.,112.071246404)) ;
#137=CARTESIAN_POINT('Line Origine',(31.2640872506,64.,117.731076427)) ;
#141=CARTESIAN_POINT('Vertex',(15.7138320646,64.,123.39090645)) ;
#144=CARTESIAN_POINT('Axis2P3D Location',(15.7138320646,59.,123.39090645)) ;
#157=CARTESIAN_POINT('Axis2P3D Location',(17.5261052665,45.3756934444,122.731292948)) ;
#161=CARTESIAN_POINT('Vertex',(20.0810574854,46.6435482297,121.80136639)) ;
#164=CARTESIAN_POINT('Line Origine',(22.4638450573,41.2057015074,120.934102639)) ;
#175=CARTESIAN_POINT('Line Origine',(37.7935583708,48.8128302188,115.354543293)) ;
#179=CARTESIAN_POINT('Vertex',(35.410770799,54.250676941,116.221807044)) ;
#181=CARTESIAN_POINT('Vertex',(40.1763459426,43.3749834966,114.487279543)) ;
#184=CARTESIAN_POINT('Axis2P3D Location',(37.9657230179,55.5185317262,115.291880487)) ;
#188=CARTESIAN_POINT('Vertex',(40.5206752368,56.7863865114,114.361953929)) ;
#191=CARTESIAN_POINT('Line Origine',(42.9034628086,51.3485397892,113.494690178)) ;
#195=CARTESIAN_POINT('Vertex',(45.2862503804,45.910693067,112.627426427)) ;
#198=CARTESIAN_POINT('Axis2P3D Location',(42.7312981615,44.6428382818,113.557352985)) ;
#210=CARTESIAN_POINT('Axis2P3D Location',(44.7622215766,180.,106.433090679)) ;
#215=CARTESIAN_POINT('Axis2P3D Location',(13.6617112047,59.,117.752750725)) ;
#219=CARTESIAN_POINT('Vertex',(13.6617112047,64.,117.752750725)) ;
#221=CARTESIAN_POINT('Vertex',(8.96324810075,59.,119.462851442)) ;
#224=CARTESIAN_POINT('Line Origine',(29.2119663906,64.,112.092920702)) ;
#228=CARTESIAN_POINT('Vertex',(44.7622215766,64.,106.433090679)) ;
#231=CARTESIAN_POINT('Line Origine',(44.7622215766,45.,106.433090679)) ;
#235=CARTESIAN_POINT('Vertex',(44.7622215766,26.,106.433090679)) ;
#238=CARTESIAN_POINT('Line Origine',(29.2119663906,26.,112.092920702)) ;
#242=CARTESIAN_POINT('Vertex',(13.6617112047,26.,117.752750725)) ;
#245=CARTESIAN_POINT('Axis2P3D Location',(13.6617112047,31.,117.752750725)) ;
#249=CARTESIAN_POINT('Vertex',(8.96324810075,31.,119.462851442)) ;
#252=CARTESIAN_POINT('Line Origine',(8.96324810075,45.,119.462851442)) ;
#265=CARTESIAN_POINT('Line Origine',(20.4117241973,41.2057015074,115.295946915)) ;
#269=CARTESIAN_POINT('Vertex',(18.0289366255,46.6435482297,116.163210665)) ;
#272=CARTESIAN_POINT('Axis2P3D Location',(15.4739844066,45.3756934444,117.093137223)) ;
#283=CARTESIAN_POINT('Axis2P3D Location',(40.6791773015,44.6428382818,107.91919726)) ;
#287=CARTESIAN_POINT('Vertex',(38.1242250826,43.3749834966,108.849123818)) ;
#289=CARTESIAN_POINT('Vertex',(43.2341295204,45.910693067,106.989270703)) ;
#292=CARTESIAN_POINT('Line Origine',(40.8513419486,51.3485397892,107.856534453)) ;
#296=CARTESIAN_POINT('Vertex',(38.4685543768,56.7863865114,108.723798204)) ;
#299=CARTESIAN_POINT('Axis2P3D Location',(35.9136021579,55.5185317262,109.653724762)) ;
#303=CARTESIAN_POINT('Vertex',(33.358649939,54.250676941,110.583651319)) ;
#306=CARTESIAN_POINT('Line Origine',(35.7414375108,48.8128302188,109.716387569)) ;
#318=CARTESIAN_POINT('Axis2P3D Location',(20.0810574854,46.6435482297,121.80136639)) ;
#323=CARTESIAN_POINT('Line Origine',(19.0549970555,46.6435482297,118.982288528)) ;
#335=CARTESIAN_POINT('Axis2P3D Location',(0.,64.,3.03164900591E-013)) ;
#340=CARTESIAN_POINT('Axis2P3D Location',(41.,64.,96.0964718504)) ;
#344=CARTESIAN_POINT('Vertex',(58.,64.,96.0964718504)) ;
#347=CARTESIAN_POINT('Line Origine',(58.,64.,95.5482359252)) ;
#351=CARTESIAN_POINT('Vertex',(58.,64.,95.)) ;
#354=CARTESIAN_POINT('Line Origine',(55.,64.,95.)) ;
#358=CARTESIAN_POINT('Vertex',(52.,64.,95.)) ;
#361=CARTESIAN_POINT('Line Origine',(52.,64.,95.5482359252)) ;
#365=CARTESIAN_POINT('Vertex',(52.,64.,96.0964718504)) ;
#368=CARTESIAN_POINT('Axis2P3D Location',(41.,64.,96.0964718504)) ;
#373=CARTESIAN_POINT('Line Origine',(14.6877716347,64.,120.571828587)) ;
#389=CARTESIAN_POINT('Axis2P3D Location',(10.8583225081,59.,110.050503583)) ;
#394=CARTESIAN_POINT('Line Origine',(6.15985940417,59.,111.7606043)) ;
#406=CARTESIAN_POINT('Axis2P3D Location',(33.4816240504,69.,95.)) ;
#411=CARTESIAN_POINT('Line Origine',(33.4816240504,69.,90.)) ;
#415=CARTESIAN_POINT('Vertex',(52.,69.,90.)) ;
#417=CARTESIAN_POINT('Vertex',(58.,69.,90.)) ;
#420=CARTESIAN_POINT('Axis2P3D Location',(52.,69.,95.)) ;
#425=CARTESIAN_POINT('Axis2P3D Location',(58.,69.,95.)) ;
#437=CARTESIAN_POINT('Axis2P3D Location',(8.96324810075,180.,119.462851442)) ;
#442=CARTESIAN_POINT('Line Origine',(9.98930853073,31.,122.281929304)) ;
#454=CARTESIAN_POINT('Axis2P3D Location',(10.8583225081,31.,110.050503583)) ;
#459=CARTESIAN_POINT('Line Origine',(10.8583225081,26.,110.050503583)) ;
#471=CARTESIAN_POINT('Axis2P3D Location',(41.,45.,96.0964718504)) ;
#476=CARTESIAN_POINT('Line Origine',(52.,45.,96.0964718504)) ;
#480=CARTESIAN_POINT('Vertex',(52.,26.,96.0964718504)) ;
#483=CARTESIAN_POINT('Axis2P3D Location',(41.,26.,96.0964718504)) ;
#495=CARTESIAN_POINT('Axis2P3D Location',(52.,180.,60.)) ;
#500=CARTESIAN_POINT('Line Origine',(52.,93.5,60.)) ;
#504=CARTESIAN_POINT('Vertex',(52.,170.,60.)) ;
#506=CARTESIAN_POINT('Vertex',(52.,17.,60.)) ;
#509=CARTESIAN_POINT('Line Origine',(52.,17.,75.)) ;
#513=CARTESIAN_POINT('Vertex',(52.,17.,90.)) ;
#516=CARTESIAN_POINT('Line Origine',(52.,19.,90.)) ;
#520=CARTESIAN_POINT('Vertex',(52.,21.,90.)) ;
#523=CARTESIAN_POINT('Axis2P3D Location',(52.,21.,95.)) ;
#527=CARTESIAN_POINT('Vertex',(52.,26.,95.)) ;
#530=CARTESIAN_POINT('Line Origine',(52.,26.,95.5482359252)) ;
#535=CARTESIAN_POINT('Line Origine',(52.,119.5,90.)) ;
#539=CARTESIAN_POINT('Vertex',(52.,170.,90.)) ;
#542=CARTESIAN_POINT('Axis2P3D Location',(52.,170.,80.)) ;
#546=CARTESIAN_POINT('Vertex',(52.,180.,80.)) ;
#549=CARTESIAN_POINT('Line Origine',(52.,180.,75.)) ;
#553=CARTESIAN_POINT('Vertex',(52.,180.,70.)) ;
#556=CARTESIAN_POINT('Axis2P3D Location',(52.,170.,70.)) ;
#575=CARTESIAN_POINT('Line Origine',(52.,115.5,75.)) ;
#579=CARTESIAN_POINT('Vertex',(52.,115.5,78.)) ;
#581=CARTESIAN_POINT('Vertex',(52.,115.5,72.)) ;
#584=CARTESIAN_POINT('Axis2P3D Location',(52.,111.,78.)) ;
#588=CARTESIAN_POINT('Vertex',(52.,106.5,78.)) ;
#591=CARTESIAN_POINT('Line Origine',(52.,106.5,75.)) ;
#595=CARTESIAN_POINT('Vertex',(52.,106.5,72.)) ;
#598=CARTESIAN_POINT('Axis2P3D Location',(52.,111.,72.)) ;
#609=CARTESIAN_POINT('Axis2P3D Location',(52.,161.,78.)) ;
#613=CARTESIAN_POINT('Vertex',(52.,156.5,78.)) ;
#615=CARTESIAN_POINT('Vertex',(52.,165.5,78.)) ;
#618=CARTESIAN_POINT('Line Origine',(52.,156.5,75.)) ;
#622=CARTESIAN_POINT('Vertex',(52.,156.5,72.)) ;
#625=CARTESIAN_POINT('Axis2P3D Location',(52.,161.,72.)) ;
#629=CARTESIAN_POINT('Vertex',(52.,165.5,72.)) ;
#632=CARTESIAN_POINT('Line Origine',(52.,165.5,75.)) ;
#644=CARTESIAN_POINT('Axis2P3D Location',(0.,0.,90.)) ;
#649=CARTESIAN_POINT('Line Origine',(58.,119.5,90.)) ;
#653=CARTESIAN_POINT('Vertex',(58.,170.,90.)) ;
#656=CARTESIAN_POINT('Line Origine',(55.,170.,90.)) ;
#668=CARTESIAN_POINT('Axis2P3D Location',(55.,170.,80.)) ;
#673=CARTESIAN_POINT('Axis2P3D Location',(58.,170.,80.)) ;
#677=CARTESIAN_POINT('Vertex',(58.,180.,80.)) ;
#680=CARTESIAN_POINT('Line Origine',(55.,180.,80.)) ;
#692=CARTESIAN_POINT('Axis2P3D Location',(41.,17.,75.)) ;
#697=CARTESIAN_POINT('Axis2P3D Location',(41.,17.,90.)) ;
#701=CARTESIAN_POINT('Vertex',(41.,6.,90.)) ;
#704=CARTESIAN_POINT('Axis2P3D Location',(41.,17.,60.)) ;
#708=CARTESIAN_POINT('Vertex',(41.,6.,60.)) ;
#711=CARTESIAN_POINT('Line Origine',(41.,6.,75.)) ;
#723=CARTESIAN_POINT('Axis2P3D Location',(36.,0.,60.)) ;
#728=CARTESIAN_POINT('Line Origine',(58.,93.5,60.)) ;
#732=CARTESIAN_POINT('Vertex',(58.,170.,60.)) ;
#734=CARTESIAN_POINT('Vertex',(58.,17.,60.)) ;
#737=CARTESIAN_POINT('Axis2P3D Location',(41.,17.,60.)) ;
#741=CARTESIAN_POINT('Vertex',(41.,3.5527136788E-015,60.)) ;
#744=CARTESIAN_POINT('Line Origine',(41.,3.,60.)) ;
#749=CARTESIAN_POINT('Line Origine',(55.,170.,60.)) ;
#763=CARTESIAN_POINT('Axis2P3D Location',(49.5,170.,70.)) ;
#768=CARTESIAN_POINT('Line Origine',(49.5,180.,70.)) ;
#772=CARTESIAN_POINT('Vertex',(58.,180.,70.)) ;
#775=CARTESIAN_POINT('Axis2P3D Location',(58.,170.,70.)) ;
#787=CARTESIAN_POINT('Axis2P3D Location',(41.,90.,55.)) ;
#792=CARTESIAN_POINT('Line Origine',(36.,90.,55.)) ;
#796=CARTESIAN_POINT('Vertex',(36.,6.,55.)) ;
#798=CARTESIAN_POINT('Vertex',(36.,0.,55.)) ;
#801=CARTESIAN_POINT('Axis2P3D Location',(41.,6.,55.)) ;
#806=CARTESIAN_POINT('Axis2P3D Location',(41.,0.,55.)) ;
#818=CARTESIAN_POINT('Axis2P3D Location',(0.,6.,0.)) ;
#823=CARTESIAN_POINT('Line Origine',(36.,6.,50.)) ;
#827=CARTESIAN_POINT('Vertex',(36.,6.,45.)) ;
#830=CARTESIAN_POINT('Axis2P3D Location',(51.,6.,45.)) ;
#834=CARTESIAN_POINT('Vertex',(51.,6.,30.)) ;
#837=CARTESIAN_POINT('Line Origine',(92.2759112633,6.,30.)) ;
#841=CARTESIAN_POINT('Vertex',(133.551822527,6.,30.)) ;
#844=CARTESIAN_POINT('Line Origine',(133.551822527,6.,2.)) ;
#848=CARTESIAN_POINT('Vertex',(133.551822527,6.,-26.)) ;
#851=CARTESIAN_POINT('Line Origine',(49.8825129811,6.,-26.)) ;
#855=CARTESIAN_POINT('Vertex',(-33.7867965644,6.,-26.)) ;
#858=CARTESIAN_POINT('Axis2P3D Location',(-33.7867965644,6.,-11.)) ;
#862=CARTESIAN_POINT('Vertex',(-44.3933982822,6.,-21.6066017178)) ;
#865=CARTESIAN_POINT('Line Origine',(-65.,6.,-1.)) ;
#869=CARTESIAN_POINT('Vertex',(-85.6066017178,6.,19.6066017178)) ;
#872=CARTESIAN_POINT('Axis2P3D Location',(-75.,6.,30.2132034356)) ;
#876=CARTESIAN_POINT('Vertex',(-90.,6.,30.2132034356)) ;
#879=CARTESIAN_POINT('Line Origine',(-90.,6.,41.6065896493)) ;
#883=CARTESIAN_POINT('Vertex',(-90.,6.,52.999975863)) ;
#886=CARTESIAN_POINT('Line Origine',(-65.,6.,52.999975863)) ;
#890=CARTESIAN_POINT('Vertex',(-40.,6.,52.999975863)) ;
#893=CARTESIAN_POINT('Line Origine',(-40.,6.,48.9999879315)) ;
#897=CARTESIAN_POINT('Vertex',(-40.,6.,45.)) ;
#900=CARTESIAN_POINT('Axis2P3D Location',(-25.,6.,45.)) ;
#904=CARTESIAN_POINT('Vertex',(-25.,6.,30.)) ;
#907=CARTESIAN_POINT('Line Origine',(-20.,6.,30.)) ;
#911=CARTESIAN_POINT('Vertex',(-15.,6.,30.)) ;
#914=CARTESIAN_POINT('Axis2P3D Location',(-15.,6.,45.)) ;
#918=CARTESIAN_POINT('Vertex',(0.,6.,45.)) ;
#921=CARTESIAN_POINT('Line Origine',(0.,6.,49.3933982822)) ;
#925=CARTESIAN_POINT('Vertex',(0.,6.,53.7867965644)) ;
#928=CARTESIAN_POINT('Axis2P3D Location',(15.,6.,53.7867965644)) ;
#932=CARTESIAN_POINT('Vertex',(4.3933982822,6.,64.3933982822)) ;
#935=CARTESIAN_POINT('Line Origine',(15.,6.,75.)) ;
#939=CARTESIAN_POINT('Vertex',(25.6066017178,6.,85.6066017178)) ;
#942=CARTESIAN_POINT('Axis2P3D Location',(36.2132034356,6.,75.)) ;
#946=CARTESIAN_POINT('Vertex',(36.2132034356,6.,90.)) ;
#949=CARTESIAN_POINT('Line Origine',(38.6066017178,6.,90.)) ;
#977=CARTESIAN_POINT('Axis2P3D Location',(0.,6.,0.)) ;
#981=CARTESIAN_POINT('Vertex',(8.75,6.,0.)) ;
#983=CARTESIAN_POINT('Vertex',(-8.75,6.,1.07156594925E-015)) ;
#986=CARTESIAN_POINT('Axis2P3D Location',(0.,6.,0.)) ;
#996=CARTESIAN_POINT('Axis2P3D Location',(0.,0.,0.)) ;
#1001=CARTESIAN_POINT('Line Origine',(41.,0.,75.)) ;
#1005=CARTESIAN_POINT('Vertex',(41.,3.5527136788E-015,90.)) ;
#1008=CARTESIAN_POINT('Line Origine',(38.6066017178,0.,90.)) ;
#1012=CARTESIAN_POINT('Vertex',(36.2132034356,3.5527136788E-015,90.)) ;
#1015=CARTESIAN_POINT('Axis2P3D Location',(36.2132034356,0.,75.)) ;
#1019=CARTESIAN_POINT('Vertex',(25.6066017178,0.,85.6066017178)) ;
#1022=CARTESIAN_POINT('Line Origine',(15.,0.,75.)) ;
#1026=CARTESIAN_POINT('Vertex',(4.3933982822,0.,64.3933982822)) ;
#1029=CARTESIAN_POINT('Axis2P3D Location',(15.,0.,53.7867965644)) ;
#1033=CARTESIAN_POINT('Vertex',(0.,0.,53.7867965644)) ;
#1036=CARTESIAN_POINT('Line Origine',(0.,0.,49.3933982822)) ;
#1040=CARTESIAN_POINT('Vertex',(0.,0.,45.)) ;
#1043=CARTESIAN_POINT('Axis2P3D Location',(-15.,0.,45.)) ;
#1047=CARTESIAN_POINT('Vertex',(-15.,0.,30.)) ;
#1050=CARTESIAN_POINT('Line Origine',(-20.,0.,30.)) ;
#1054=CARTESIAN_POINT('Vertex',(-25.,0.,30.)) ;
#1057=CARTESIAN_POINT('Axis2P3D Location',(-25.,0.,45.)) ;
#1061=CARTESIAN_POINT('Vertex',(-40.,0.,45.)) ;
#1064=CARTESIAN_POINT('Line Origine',(-40.,0.,48.9999879315)) ;
#1068=CARTESIAN_POINT('Vertex',(-40.,0.,52.999975863)) ;
#1071=CARTESIAN_POINT('Line Origine',(-65.,0.,52.999975863)) ;
#1075=CARTESIAN_POINT('Vertex',(-90.,0.,52.999975863)) ;
#1078=CARTESIAN_POINT('Line Origine',(-90.,0.,41.6065896493)) ;
#1082=CARTESIAN_POINT('Vertex',(-90.,0.,30.2132034356)) ;
#1085=CARTESIAN_POINT('Axis2P3D Location',(-75.,0.,30.2132034356)) ;
#1089=CARTESIAN_POINT('Vertex',(-85.6066017178,0.,19.6066017178)) ;
#1092=CARTESIAN_POINT('Line Origine',(-65.,0.,-1.)) ;
#1096=CARTESIAN_POINT('Vertex',(-44.3933982822,0.,-21.6066017178)) ;
#1099=CARTESIAN_POINT('Axis2P3D Location',(-33.7867965644,0.,-11.)) ;
#1103=CARTESIAN_POINT('Vertex',(-33.7867965644,0.,-26.)) ;
#1106=CARTESIAN_POINT('Line Origine',(49.8825129811,0.,-26.)) ;
#1110=CARTESIAN_POINT('Vertex',(133.551822527,0.,-26.)) ;
#1113=CARTESIAN_POINT('Line Origine',(133.551822527,0.,2.)) ;
#1117=CARTESIAN_POINT('Vertex',(133.551822527,0.,30.)) ;
#1120=CARTESIAN_POINT('Line Origine',(92.2759112633,0.,30.)) ;
#1124=CARTESIAN_POINT('Vertex',(51.,0.,30.)) ;
#1127=CARTESIAN_POINT('Axis2P3D Location',(51.,0.,45.)) ;
#1131=CARTESIAN_POINT('Vertex',(36.,0.,45.)) ;
#1134=CARTESIAN_POINT('Line Origine',(36.,0.,50.)) ;
#1162=CARTESIAN_POINT('Axis2P3D Location',(0.,0.,0.)) ;
#1166=CARTESIAN_POINT('Vertex',(8.75,0.,0.)) ;
#1168=CARTESIAN_POINT('Vertex',(-8.75,0.,1.07156594925E-015)) ;
#1171=CARTESIAN_POINT('Axis2P3D Location',(0.,0.,0.)) ;
#1181=CARTESIAN_POINT('Axis2P3D Location',(36.,0.,30.)) ;
#1186=CARTESIAN_POINT('Line Origine',(36.,3.,45.)) ;
#1198=CARTESIAN_POINT('Axis2P3D Location',(51.,1.8194283032,45.)) ;
#1203=CARTESIAN_POINT('Line Origine',(51.,1.8194283032,30.)) ;
#1215=CARTESIAN_POINT('Axis2P3D Location',(0.,0.,30.)) ;
#1220=CARTESIAN_POINT('Axis2P3D Location',(133.551822527,-11.,30.)) ;
#1224=CARTESIAN_POINT('Vertex',(136.398832023,-0.37481591082,30.)) ;
#1227=CARTESIAN_POINT('Line Origine',(140.105369566,-1.36797965221,30.)) ;
#1231=CARTESIAN_POINT('Vertex',(143.811907109,-2.3611433936,30.)) ;
#1234=CARTESIAN_POINT('Line Origine',(144.588364244,0.536634085263,30.)) ;
#1238=CARTESIAN_POINT('Vertex',(145.36482138,3.43441156413,30.)) ;
#1241=CARTESIAN_POINT('Line Origine',(141.658283836,4.42757530552,30.)) ;
#1245=CARTESIAN_POINT('Vertex',(137.951746293,5.42073904691,30.)) ;
#1248=CARTESIAN_POINT('Axis2P3D Location',(133.551822527,-11.,30.)) ;
#1264=CARTESIAN_POINT('Axis2P3D Location',(133.551822527,-11.,1.38999999969)) ;
#1269=CARTESIAN_POINT('Line Origine',(137.951746293,5.42073904691,1.38999999969)) ;
#1273=CARTESIAN_POINT('Vertex',(137.951746293,5.42073904691,-26.)) ;
#1276=CARTESIAN_POINT('Axis2P3D Location',(133.551822527,-11.,-26.)) ;
#1288=CARTESIAN_POINT('Axis2P3D Location',(-40.,0.,-26.)) ;
#1293=CARTESIAN_POINT('Line Origine',(144.588364244,0.536634085263,-26.)) ;
#1297=CARTESIAN_POINT('Vertex',(143.811907109,-2.3611433936,-26.)) ;
#1299=CARTESIAN_POINT('Vertex',(145.36482138,3.43441156413,-26.)) ;
#1302=CARTESIAN_POINT('Line Origine',(140.105369566,-1.36797965221,-26.)) ;
#1306=CARTESIAN_POINT('Vertex',(136.398832023,-0.37481591082,-26.)) ;
#1309=CARTESIAN_POINT('Axis2P3D Location',(133.551822527,-11.,-26.)) ;
#1314=CARTESIAN_POINT('Line Origine',(-33.7867965644,3.,-26.)) ;
#1319=CARTESIAN_POINT('Line Origine',(141.658283836,4.42757530552,-26.)) ;
#1335=CARTESIAN_POINT('Axis2P3D Location',(-90.,0.,24.)) ;
#1340=CARTESIAN_POINT('Line Origine',(-44.3933982822,3.,-21.6066017178)) ;
#1345=CARTESIAN_POINT('Line Origine',(-85.6066017178,3.,19.6066017178)) ;
#1357=CARTESIAN_POINT('Axis2P3D Location',(-90.,0.,35.)) ;
#1362=CARTESIAN_POINT('Line Origine',(-90.,3.,30.2132034356)) ;
#1367=CARTESIAN_POINT('Axis2P3D Location',(-90.,17.,52.999975863)) ;
#1371=CARTESIAN_POINT('Vertex',(-90.,17.,69.999975863)) ;
#1374=CARTESIAN_POINT('Line Origine',(-90.,91.,69.999975863)) ;
#1378=CARTESIAN_POINT('Vertex',(-90.,165.,69.999975863)) ;
#1381=CARTESIAN_POINT('Line Origine',(-90.,165.,66.999975863)) ;
#1385=CARTESIAN_POINT('Vertex',(-90.,165.,63.999975863)) ;
#1388=CARTESIAN_POINT('Line Origine',(-90.,91.,63.999975863)) ;
#1392=CARTESIAN_POINT('Vertex',(-90.,17.,63.999975863)) ;
#1395=CARTESIAN_POINT('Axis2P3D Location',(-90.,17.,52.999975863)) ;
#1411=CARTESIAN_POINT('Axis2P3D Location',(-64.3899999991,17.,52.999975863)) ;
#1416=CARTESIAN_POINT('Axis2P3D Location',(-40.,17.,52.999975863)) ;
#1420=CARTESIAN_POINT('Vertex',(-40.,17.,63.999975863)) ;
#1423=CARTESIAN_POINT('Line Origine',(-64.3899999991,17.,63.999975863)) ;
#1435=CARTESIAN_POINT('Axis2P3D Location',(-40.,0.,30.)) ;
#1440=CARTESIAN_POINT('Line Origine',(-40.,165.,66.999975863)) ;
#1444=CARTESIAN_POINT('Vertex',(-40.,165.,69.999975863)) ;
#1446=CARTESIAN_POINT('Vertex',(-40.,165.,63.999975863)) ;
#1449=CARTESIAN_POINT('Line Origine',(-40.,91.,69.999975863)) ;
#1453=CARTESIAN_POINT('Vertex',(-40.,17.,69.999975863)) ;
#1456=CARTESIAN_POINT('Axis2P3D Location',(-40.,17.,52.999975863)) ;
#1461=CARTESIAN_POINT('Line Origine',(-40.,3.,45.)) ;
#1466=CARTESIAN_POINT('Line Origine',(-40.,91.,63.999975863)) ;
#1482=CARTESIAN_POINT('Axis2P3D Location',(-25.,90.,45.)) ;
#1487=CARTESIAN_POINT('Line Origine',(-25.,90.,30.)) ;
#1499=CARTESIAN_POINT('Line Origine',(-15.,3.,30.)) ;
#1511=CARTESIAN_POINT('Axis2P3D Location',(-15.,3.,45.)) ;
#1516=CARTESIAN_POINT('Line Origine',(0.,3.,45.)) ;
#1528=CARTESIAN_POINT('Axis2P3D Location',(0.,0.,60.)) ;
#1533=CARTESIAN_POINT('Line Origine',(0.,3.,53.7867965644)) ;
#1545=CARTESIAN_POINT('Axis2P3D Location',(15.,3.,53.7867965644)) ;
#1550=CARTESIAN_POINT('Line Origine',(4.3933982822,3.,64.3933982822)) ;
#1562=CARTESIAN_POINT('Axis2P3D Location',(144.816778394,1.38908729653,15.)) ;
#1567=CARTESIAN_POINT('Axis2P3D Location',(145.36482138,3.43441156413,15.)) ;
#1571=CARTESIAN_POINT('Vertex',(151.488089785,1.79368673993,28.5946168055)) ;
#1574=CARTESIAN_POINT('Axis2P3D Location',(143.811907109,-2.3611433936,15.)) ;
#1578=CARTESIAN_POINT('Vertex',(149.935175514,-4.0018682178,28.5946168055)) ;
#1581=CARTESIAN_POINT('Line Origine',(150.940046799,-0.251637527673,28.5946168055)) ;
#1593=CARTESIAN_POINT('Axis2P3D Location',(136.398832023,-0.37481591082,30.)) ;
#1598=CARTESIAN_POINT('Line Origine',(186.614312042,-13.8300132296,-9.)) ;
#1602=CARTESIAN_POINT('Vertex',(187.778110443,-14.1418520713,-9.)) ;
#1604=CARTESIAN_POINT('Vertex',(185.450513641,-13.5181743878,-9.)) ;
#1607=CARTESIAN_POINT('Line Origine',(187.778110443,-14.1418520713,2.)) ;
#1611=CARTESIAN_POINT('Vertex',(187.778110443,-14.1418520713,13.)) ;
#1614=CARTESIAN_POINT('Line Origine',(186.614312042,-13.8300132296,13.)) ;
#1618=CARTESIAN_POINT('Vertex',(185.450513641,-13.5181743878,13.)) ;
#1621=CARTESIAN_POINT('Axis2P3D Location',(185.450513641,-13.5181743878,28.)) ;
#1625=CARTESIAN_POINT('Vertex',(179.327245236,-11.8774495636,14.4053831945)) ;
#1628=CARTESIAN_POINT('Line Origine',(164.631210375,-7.9396588907,21.5)) ;
#1633=CARTESIAN_POINT('Line Origine',(136.398832023,-0.37481591082,2.)) ;
#1638=CARTESIAN_POINT('Axis2P3D Location',(143.811907109,-2.3611433936,-11.)) ;
#1642=CARTESIAN_POINT('Vertex',(149.935175514,-4.0018682178,-24.5946168055)) ;
#1645=CARTESIAN_POINT('Line Origine',(164.631210375,-7.9396588907,-17.5)) ;
#1649=CARTESIAN_POINT('Vertex',(179.327245236,-11.8774495636,-10.4053831945)) ;
#1652=CARTESIAN_POINT('Axis2P3D Location',(185.450513641,-13.5181743878,-24.)) ;
#1672=CARTESIAN_POINT('Axis2P3D Location',(-75.,165.,46.9999879315)) ;
#1677=CARTESIAN_POINT('Axis2P3D Location',(-75.,165.,63.999975863)) ;
#1681=CARTESIAN_POINT('Vertex',(-75.,180.,63.999975863)) ;
#1684=CARTESIAN_POINT('Axis2P3D Location',(-75.,165.,69.999975863)) ;
#1688=CARTESIAN_POINT('Vertex',(-75.,180.,69.999975863)) ;
#1691=CARTESIAN_POINT('Line Origine',(-75.,180.,46.9999879315)) ;
#1703=CARTESIAN_POINT('Axis2P3D Location',(-90.,17.,69.999975863)) ;
#1708=CARTESIAN_POINT('Line Origine',(-65.,17.,69.999975863)) ;
#1713=CARTESIAN_POINT('Axis2P3D Location',(-55.,165.,69.999975863)) ;
#1717=CARTESIAN_POINT('Vertex',(-55.,180.,69.999975863)) ;
#1720=CARTESIAN_POINT('Line Origine',(-65.,180.,69.999975863)) ;
#1733=CARTESIAN_POINT('Axis2P3D Location',(-62.,136.,69.999975863)) ;
#1737=CARTESIAN_POINT('Vertex',(-62.,131.5,69.999975863)) ;
#1739=CARTESIAN_POINT('Vertex',(-62.,140.5,69.999975863)) ;
#1742=CARTESIAN_POINT('Line Origine',(-65.,131.5,69.999975863)) ;
#1746=CARTESIAN_POINT('Vertex',(-68.,131.5,69.999975863)) ;
#1749=CARTESIAN_POINT('Axis2P3D Location',(-68.,136.,69.999975863)) ;
#1753=CARTESIAN_POINT('Vertex',(-68.,140.5,69.999975863)) ;
#1756=CARTESIAN_POINT('Line Origine',(-65.,140.5,69.999975863)) ;
#1768=CARTESIAN_POINT('Axis2P3D Location',(147.024016112,-3.22182540695,30.)) ;
#1773=CARTESIAN_POINT('Line Origine',(180.103702371,-8.97967208472,14.4053831945)) ;
#1777=CARTESIAN_POINT('Vertex',(180.880159506,-6.08189460585,14.4053831945)) ;
#1780=CARTESIAN_POINT('Line Origine',(166.184124645,-2.14410393296,21.5)) ;
#1792=CARTESIAN_POINT('Axis2P3D Location',(186.420272726,-9.8989842101,-24.)) ;
#1797=CARTESIAN_POINT('Line Origine',(180.297004321,-8.2582593859,-10.4053831945)) ;
#1801=CARTESIAN_POINT('Vertex',(180.880159506,-6.08189460585,-10.4053831945)) ;
#1804=CARTESIAN_POINT('Axis2P3D Location',(187.003427911,-7.72261943005,-24.)) ;
#1808=CARTESIAN_POINT('Vertex',(187.003427911,-7.72261943005,-9.)) ;
#1811=CARTESIAN_POINT('Line Origine',(186.420272726,-9.8989842101,-9.)) ;
#1823=CARTESIAN_POINT('Axis2P3D Location',(186.480333706,-9.67483358007,28.)) ;
#1828=CARTESIAN_POINT('Line Origine',(186.480333706,-9.67483358007,13.)) ;
#1832=CARTESIAN_POINT('Vertex',(187.003427911,-7.72261943005,13.)) ;
#1835=CARTESIAN_POINT('Axis2P3D Location',(187.003427911,-7.72261943005,28.)) ;
#1847=CARTESIAN_POINT('Axis2P3D Location',(-90.,180.,69.999975863)) ;
#1852=CARTESIAN_POINT('Line Origine',(-55.,180.,66.999975863)) ;
#1856=CARTESIAN_POINT('Vertex',(-55.,180.,63.999975863)) ;
#1859=CARTESIAN_POINT('Line Origine',(-65.,180.,63.999975863)) ;
#1871=CARTESIAN_POINT('Axis2P3D Location',(192.17803421,2.27888697558,1.38999999969)) ;
#1876=CARTESIAN_POINT('Axis2P3D Location',(192.17803421,2.27888697558,-8.99999999998)) ;
#1880=CARTESIAN_POINT('Vertex',(195.940255787,-8.05773185307,-9.000024137)) ;
#1882=CARTESIAN_POINT('Vertex',(189.331024714,-8.3462971136,-9.)) ;
#1885=CARTESIAN_POINT('Line Origine',(189.331024714,-8.3462971136,1.38999999969)) ;
#1889=CARTESIAN_POINT('Vertex',(189.331024714,-8.3462971136,13.)) ;
#1892=CARTESIAN_POINT('Axis2P3D Location',(192.17803421,2.27888697558,13.)) ;
#1896=CARTESIAN_POINT('Vertex',(195.940255787,-8.05773185307,12.999975863)) ;
#1899=CARTESIAN_POINT('Line Origine',(195.940255787,-8.05773185307,1.38999999969)) ;
#1911=CARTESIAN_POINT('Axis2P3D Location',(195.940255787,-8.05773185307,30.)) ;
#1916=CARTESIAN_POINT('Axis2P3D Location',(198.127475532,-7.26164897008,-24.000024137)) ;
#1920=CARTESIAN_POINT('Vertex',(200.575114199,-6.37078135087,-9.22790784181)) ;
#1922=CARTESIAN_POINT('Vertex',(198.127475532,-7.26164897008,-9.000024137)) ;
#1925=CARTESIAN_POINT('Line Origine',(197.033865659,-7.65969041158,-9.000024137)) ;
#1930=CARTESIAN_POINT('Line Origine',(197.938205078,-7.33053778133,12.999975863)) ;
#1934=CARTESIAN_POINT('Vertex',(199.93615437,-6.60334370959,12.999975863)) ;
#1937=CARTESIAN_POINT('Axis2P3D Location',(199.93615437,-6.60334370959,-2.000024137)) ;
#1941=CARTESIAN_POINT('Vertex',(202.383793038,-5.71247609038,12.7720921582)) ;
#1944=CARTESIAN_POINT('Line Origine',(205.76096485,-4.48328607467,12.1383886515)) ;
#1948=CARTESIAN_POINT('Vertex',(209.138136662,-3.25409605896,11.5046851448)) ;
#1951=CARTESIAN_POINT('Axis2P3D Location',(208.81178484,-3.37287840819,9.53506963876)) ;
#1955=CARTESIAN_POINT('Vertex',(210.351287103,-2.812545409,10.6822225115)) ;
#1958=CARTESIAN_POINT('Line Origine',(210.66701787,-2.69762880755,10.2023738286)) ;
#1962=CARTESIAN_POINT('Vertex',(210.982748638,-2.5827122061,9.72252514565)) ;
#1965=CARTESIAN_POINT('Axis2P3D Location',(212.5222509,-2.02237920691,10.8696780184)) ;
#1969=CARTESIAN_POINT('Vertex',(212.195899078,-2.14116155614,8.90006251233)) ;
#1972=CARTESIAN_POINT('Line Origine',(217.748398548,-0.12021702314,7.85817344633)) ;
#1976=CARTESIAN_POINT('Vertex',(223.300898019,1.90072750986,6.81628438033)) ;
#1979=CARTESIAN_POINT('Axis2P3D Location',(223.627249841,2.01950985909,8.78589988635)) ;
#1983=CARTESIAN_POINT('Vertex',(224.705220931,2.41185924903,7.14759579777)) ;
#1986=CARTESIAN_POINT('Line Origine',(225.156130704,2.57597698477,7.48358909513)) ;
#1990=CARTESIAN_POINT('Vertex',(225.607040477,2.7400947205,7.81958239249)) ;
#1993=CARTESIAN_POINT('Axis2P3D Location',(226.685011566,3.13244411044,6.18127830391)) ;
#1997=CARTESIAN_POINT('Vertex',(228.535844723,3.80609228811,5.83398194857)) ;
#2000=CARTESIAN_POINT('Line Origine',(227.067261522,3.27157171658,-3.02928782854)) ;
#2004=CARTESIAN_POINT('Vertex',(225.598678322,2.73705114506,-11.8925576056)) ;
#2007=CARTESIAN_POINT('Axis2P3D Location',(223.747845165,2.06340296739,-11.5452612503)) ;
#2011=CARTESIAN_POINT('Vertex',(222.208342903,1.50306996821,-12.692414123)) ;
#2014=CARTESIAN_POINT('Line Origine',(221.89261248,1.38815349249,-12.2125659651)) ;
#2018=CARTESIAN_POINT('Vertex',(221.576882058,1.27323701677,-11.7327178072)) ;
#2021=CARTESIAN_POINT('Axis2P3D Location',(220.037379796,0.712904017583,-12.8798706799)) ;
#2025=CARTESIAN_POINT('Vertex',(220.363731618,0.831686366811,-10.9102551739)) ;
#2028=CARTESIAN_POINT('Line Origine',(214.811232147,-1.18925816619,-9.86836610789)) ;
#2032=CARTESIAN_POINT('Vertex',(209.258732677,-3.21020269919,-8.82647704189)) ;
#2035=CARTESIAN_POINT('Axis2P3D Location',(208.932380855,-3.32898504842,-10.7960925479)) ;
#2039=CARTESIAN_POINT('Vertex',(207.854409765,-3.72133443836,-9.15778845934)) ;
#2042=CARTESIAN_POINT('Line Origine',(207.403499992,-3.8854521741,-9.49378175669)) ;
#2046=CARTESIAN_POINT('Vertex',(206.952590219,-4.04956990983,-9.82977505405)) ;
#2049=CARTESIAN_POINT('Axis2P3D Location',(205.87461913,-4.44191929977,-8.19147096547)) ;
#2053=CARTESIAN_POINT('Vertex',(205.548267308,-4.560701649,-10.1610864715)) ;
#2056=CARTESIAN_POINT('Line Origine',(203.061690753,-5.46574149994,-9.69449715665)) ;
#2086=CARTESIAN_POINT('Axis2P3D Location',(199.153535962,-10.0807268324,-24.000024137)) ;
#2091=CARTESIAN_POINT('Line Origine',(199.153535962,-10.0807268324,-9.000024137)) ;
#2095=CARTESIAN_POINT('Vertex',(200.179596392,-12.8998046948,-9.000024137)) ;
#2098=CARTESIAN_POINT('Line Origine',(201.601174629,-9.18985921323,-9.22790784181)) ;
#2102=CARTESIAN_POINT('Vertex',(202.627235059,-12.0089370756,-9.22790784181)) ;
#2105=CARTESIAN_POINT('Axis2P3D Location',(200.179596392,-12.8998046948,-24.000024137)) ;
#2117=CARTESIAN_POINT('Axis2P3D Location',(197.992376647,-13.6958875778,12.999975863)) ;
#2122=CARTESIAN_POINT('Line Origine',(196.966316217,-10.8768097154,12.999975863)) ;
#2126=CARTESIAN_POINT('Vertex',(197.992376647,-13.6958875778,12.999975863)) ;
#2129=CARTESIAN_POINT('Line Origine',(199.990325938,-12.968693506,12.999975863)) ;
#2133=CARTESIAN_POINT('Vertex',(201.98827523,-12.2414994343,12.999975863)) ;
#2136=CARTESIAN_POINT('Line Origine',(200.9622148,-9.42242157195,12.999975863)) ;
#2148=CARTESIAN_POINT('Axis2P3D Location',(203.221462003,-11.7926561557,12.999975863)) ;
#2153=CARTESIAN_POINT('Line Origine',(207.81308571,-10.1214417994,12.1383886515)) ;
#2157=CARTESIAN_POINT('Vertex',(204.435913897,-11.3506318151,12.7720921582)) ;
#2159=CARTESIAN_POINT('Vertex',(211.190257522,-8.89225178367,11.5046851448)) ;
#2162=CARTESIAN_POINT('Line Origine',(210.164197092,-6.07317392132,11.5046851448)) ;
#2167=CARTESIAN_POINT('Line Origine',(203.409853467,-8.53155395274,12.7720921582)) ;
#2179=CARTESIAN_POINT('Axis2P3D Location',(157.155915055,138.550457409,9.53506963876)) ;
#2184=CARTESIAN_POINT('Axis2P3D Location',(210.8639057,-9.0110341329,9.53506963876)) ;
#2188=CARTESIAN_POINT('Vertex',(212.403407963,-8.45070113371,10.6822225115)) ;
#2191=CARTESIAN_POINT('Line Origine',(158.695417318,139.110790408,10.6822225115)) ;
#2203=CARTESIAN_POINT('Axis2P3D Location',(212.403407963,-8.45070113371,10.6822225115)) ;
#2208=CARTESIAN_POINT('Line Origine',(212.71913873,-8.33578453226,10.2023738286)) ;
#2212=CARTESIAN_POINT('Vertex',(213.034869498,-8.22086793081,9.72252514565)) ;
#2215=CARTESIAN_POINT('Line Origine',(212.008809068,-5.40179006846,9.72252514565)) ;
#2227=CARTESIAN_POINT('Axis2P3D Location',(214.248019938,-7.77931728086,8.90006251233)) ;
#2232=CARTESIAN_POINT('Line Origine',(213.221959508,-4.9602394185,8.90006251233)) ;
#2236=CARTESIAN_POINT('Vertex',(214.248019938,-7.77931728086,8.90006251233)) ;
#2239=CARTESIAN_POINT('Line Origine',(219.800519408,-5.75837274786,7.85817344633)) ;
#2243=CARTESIAN_POINT('Vertex',(225.353018879,-3.73742821485,6.81628438033)) ;
#2246=CARTESIAN_POINT('Line Origine',(224.326958449,-0.918350352497,6.81628438033)) ;
#2258=CARTESIAN_POINT('Axis2P3D Location',(226.757341791,-3.22629647569,7.14759579777)) ;
#2263=CARTESIAN_POINT('Line Origine',(225.731281361,-0.407218613331,7.14759579777)) ;
#2267=CARTESIAN_POINT('Vertex',(226.757341791,-3.22629647569,7.14759579777)) ;
#2270=CARTESIAN_POINT('Line Origine',(227.208251564,-3.06217873995,7.48358909513)) ;
#2274=CARTESIAN_POINT('Vertex',(227.659161337,-2.89806100421,7.81958239249)) ;
#2277=CARTESIAN_POINT('Line Origine',(226.633100907,-0.0789831418528,7.81958239249)) ;
#2289=CARTESIAN_POINT('Axis2P3D Location',(175.029141781,145.055779927,6.18127830391)) ;
#2294=CARTESIAN_POINT('Axis2P3D Location',(228.737132426,-2.50571161427,6.18127830391)) ;
#2298=CARTESIAN_POINT('Vertex',(230.587965583,-1.83206343661,5.83398194857)) ;
#2301=CARTESIAN_POINT('Line Origine',(176.879974938,145.729428105,5.83398194857)) ;
#2313=CARTESIAN_POINT('Axis2P3D Location',(230.587965583,-1.83206343661,5.83398194857)) ;
#2318=CARTESIAN_POINT('Line Origine',(229.119382382,-2.36658400813,-3.02928782854)) ;
#2322=CARTESIAN_POINT('Vertex',(227.650799182,-2.90110457966,-11.8925576056)) ;
#2325=CARTESIAN_POINT('Line Origine',(226.624738752,-0.0820267172977,-11.8925576056)) ;
#2337=CARTESIAN_POINT('Axis2P3D Location',(172.09197538,143.986738784,-11.5452612503)) ;
#2342=CARTESIAN_POINT('Axis2P3D Location',(225.799966025,-3.57475275732,-11.5452612503)) ;
#2346=CARTESIAN_POINT('Vertex',(224.260463762,-4.13508575651,-12.692414123)) ;
#2349=CARTESIAN_POINT('Line Origine',(170.552473117,143.426405785,-12.692414123)) ;
#2361=CARTESIAN_POINT('Axis2P3D Location',(224.260463762,-4.13508575651,-12.692414123)) ;
#2366=CARTESIAN_POINT('Line Origine',(223.94473334,-4.25000223223,-12.2125659651)) ;
#2370=CARTESIAN_POINT('Vertex',(223.629002918,-4.36491870795,-11.7327178072)) ;
#2373=CARTESIAN_POINT('Line Origine',(222.602942488,-1.54584084559,-11.7327178072)) ;
#2385=CARTESIAN_POINT('Axis2P3D Location',(222.415852478,-4.8064693579,-10.9102551739)) ;
#2390=CARTESIAN_POINT('Line Origine',(221.389792048,-1.98739149555,-10.9102551739)) ;
#2394=CARTESIAN_POINT('Vertex',(222.415852478,-4.8064693579,-10.9102551739)) ;
#2397=CARTESIAN_POINT('Line Origine',(216.863353007,-6.82741389091,-9.86836610789)) ;
#2401=CARTESIAN_POINT('Vertex',(211.310853537,-8.84835842391,-8.82647704189)) ;
#2404=CARTESIAN_POINT('Line Origine',(210.284793107,-6.02928056155,-8.82647704189)) ;
#2416=CARTESIAN_POINT('Axis2P3D Location',(209.906530625,-9.35949016307,-9.15778845934)) ;
#2421=CARTESIAN_POINT('Line Origine',(208.880470195,-6.54041230071,-9.15778845934)) ;
#2425=CARTESIAN_POINT('Vertex',(209.906530625,-9.35949016307,-9.15778845934)) ;
#2428=CARTESIAN_POINT('Line Origine',(209.455620852,-9.52360789881,-9.49378175669)) ;
#2432=CARTESIAN_POINT('Vertex',(209.004711079,-9.68772563455,-9.82977505405)) ;
#2435=CARTESIAN_POINT('Line Origine',(207.978650649,-6.86864777219,-9.82977505405)) ;
#2447=CARTESIAN_POINT('Axis2P3D Location',(154.218749345,137.481416517,-8.19147096547)) ;
#2452=CARTESIAN_POINT('Axis2P3D Location',(207.92673999,-10.0800750245,-8.19147096547)) ;
#2456=CARTESIAN_POINT('Vertex',(207.600388167,-10.1988573737,-10.1610864715)) ;
#2459=CARTESIAN_POINT('Line Origine',(153.892397522,137.362634168,-10.1610864715)) ;
#2471=CARTESIAN_POINT('Axis2P3D Location',(207.600388167,-10.1988573737,-10.1610864715)) ;
#2476=CARTESIAN_POINT('Line Origine',(205.113811613,-11.1038972247,-9.69449715665)) ;
#2488=CARTESIAN_POINT('Axis2P3D Location',(197.992376647,-13.6958875778,30.)) ;
#2493=CARTESIAN_POINT('Axis2P3D Location',(210.984501715,-8.96714077313,-10.7960925479)) ;
#2498=CARTESIAN_POINT('Axis2P3D Location',(222.089500656,-4.92525170713,-12.8798706799)) ;
#2503=CARTESIAN_POINT('Axis2P3D Location',(225.679370701,-3.61864586563,8.78589988635)) ;
#2508=CARTESIAN_POINT('Axis2P3D Location',(214.57437176,-7.66053493163,10.8696780184)) ;
#2513=CARTESIAN_POINT('Axis2P3D Location',(201.98827523,-12.2414994343,-2.000024137)) ;
#2518=CARTESIAN_POINT('Line Origine',(197.992376647,-13.6958875778,1.999975863)) ;
#2522=CARTESIAN_POINT('Vertex',(197.992376647,-13.6958875778,-9.000024137)) ;
#2525=CARTESIAN_POINT('Line Origine',(199.085986519,-13.2978461363,-9.000024137)) ;
#2555=CARTESIAN_POINT('Axis2P3D Location',(157.27651107,138.594350768,-10.7960925479)) ;
#2567=CARTESIAN_POINT('Axis2P3D Location',(168.38151001,142.636239834,-12.8798706799)) ;
#2579=CARTESIAN_POINT('Axis2P3D Location',(171.971380056,143.942845676,8.78589988635)) ;
#2591=CARTESIAN_POINT('Axis2P3D Location',(160.866381115,139.90095661,10.8696780184)) ;
#2603=CARTESIAN_POINT('Axis2P3D Location',(200.9622148,-9.42242157195,-2.000024137)) ;
#2615=CARTESIAN_POINT('Axis2P3D Location',(201.412783164,-12.4509614162,-9.000024137)) ;
#2620=CARTESIAN_POINT('Line Origine',(196.966316217,-10.8768097154,-9.000024137)) ;
#2632=CARTESIAN_POINT('Axis2P3D Location',(-62.,136.,21.3399877401)) ;
#2637=CARTESIAN_POINT('Axis2P3D Location',(-62.,136.,63.999975863)) ;
#2641=CARTESIAN_POINT('Vertex',(-62.,140.5,63.999975863)) ;
#2643=CARTESIAN_POINT('Vertex',(-62.,131.5,63.999975863)) ;
#2646=CARTESIAN_POINT('Line Origine',(-62.,131.5,21.3399877401)) ;
#2651=CARTESIAN_POINT('Line Origine',(-62.,140.5,21.3399877401)) ;
#2663=CARTESIAN_POINT('Axis2P3D Location',(-62.,131.5,69.999975863)) ;
#2668=CARTESIAN_POINT('Line Origine',(-65.,131.5,63.999975863)) ;
#2672=CARTESIAN_POINT('Vertex',(-68.,131.5,63.999975863)) ;
#2675=CARTESIAN_POINT('Line Origine',(-68.,131.5,66.999975863)) ;
#2687=CARTESIAN_POINT('Axis2P3D Location',(-68.,136.,21.3399877401)) ;
#2692=CARTESIAN_POINT('Axis2P3D Location',(-68.,136.,63.999975863)) ;
#2696=CARTESIAN_POINT('Vertex',(-68.,140.5,63.999975863)) ;
#2699=CARTESIAN_POINT('Line Origine',(-68.,140.5,21.3399877401)) ;
#2711=CARTESIAN_POINT('Axis2P3D Location',(-68.,140.5,69.999975863)) ;
#2716=CARTESIAN_POINT('Line Origine',(-65.,140.5,63.999975863)) ;
#2728=CARTESIAN_POINT('Axis2P3D Location',(182.238404638,-12.6574923744,-9.)) ;
#2733=CARTESIAN_POINT('Line Origine',(188.167226313,-8.03445827183,-9.)) ;
#2739=CARTESIAN_POINT('Control Point',(187.778110443,-14.1418520713,-9.)) ;
#2740=CARTESIAN_POINT('Control Point',(189.38423106,-14.5722107935,-9.)) ;
#2741=CARTESIAN_POINT('Control Point',(191.043173002,-14.8061530858,-9.)) ;
#2742=CARTESIAN_POINT('Control Point',(192.722158172,-14.835219584,-9.)) ;
#2743=CARTESIAN_POINT('Control Point',(194.802756822,-14.6146981624,-9.)) ;
#2744=CARTESIAN_POINT('Control Point',(196.812015355,-14.0851950438,-9.)) ;
#2745=CARTESIAN_POINT('Control Point',(197.209876594,-13.9672725594,-9.)) ;
#2746=CARTESIAN_POINT('Control Point',(197.603288848,-13.8375039549,-9.)) ;
#2747=CARTESIAN_POINT('Control Point',(197.992376647,-13.6958875778,-9.)) ;
#2758=CARTESIAN_POINT('Axis2P3D Location',(192.17803421,2.27888697558,1.38999999969)) ;
#2764=CARTESIAN_POINT('Control Point',(197.992376647,-13.6958875778,13.)) ;
#2765=CARTESIAN_POINT('Control Point',(195.552768031,-14.5838324972,13.)) ;
#2766=CARTESIAN_POINT('Control Point',(192.931365428,-14.9751229818,13.)) ;
#2767=CARTESIAN_POINT('Control Point',(190.285825111,-14.8137921913,13.)) ;
#2768=CARTESIAN_POINT('Control Point',(187.778110443,-14.1418520713,13.)) ;
#2777=CARTESIAN_POINT('Axis2P3D Location',(182.238404638,-12.6574923744,13.)) ;
#2782=CARTESIAN_POINT('Line Origine',(188.167226313,-8.03445827183,13.)) ;
#2796=CARTESIAN_POINT('Axis2P3D Location',(147.024016112,-3.22182540695,-26.)) ;
#2801=CARTESIAN_POINT('Line Origine',(150.711632649,-1.10409073894,-24.5946168055)) ;
#2805=CARTESIAN_POINT('Vertex',(151.488089785,1.79368673993,-24.5946168055)) ;
#2808=CARTESIAN_POINT('Line Origine',(166.184124645,-2.14410393296,-17.5)) ;
#2820=CARTESIAN_POINT('Axis2P3D Location',(-55.,165.,57.4999879315)) ;
#2825=CARTESIAN_POINT('Axis2P3D Location',(-55.,165.,63.999975863)) ;
#2837=CARTESIAN_POINT('Axis2P3D Location',(-90.,17.,63.999975863)) ;
#2857=CARTESIAN_POINT('Axis2P3D Location',(144.816778394,1.38908729653,-11.)) ;
#2862=CARTESIAN_POINT('Axis2P3D Location',(145.36482138,3.43441156413,-11.)) ;
#2874=CARTESIAN_POINT('Axis2P3D Location',(137.951746293,5.42073904691,30.)) ;
#2894=CARTESIAN_POINT('Axis2P3D Location',(-64.3899999991,17.,52.999975863)) ;
#2906=CARTESIAN_POINT('Axis2P3D Location',(133.551822527,-11.,1.38999999969)) ;
#2918=CARTESIAN_POINT('Axis2P3D Location',(0.,90.6600000009,0.)) ;
#2923=CARTESIAN_POINT('Line Origine',(8.75,90.6600000009,0.)) ;
#2928=CARTESIAN_POINT('Line Origine',(-8.75,90.6600000009,1.07156594925E-015)) ;
#2947=CARTESIAN_POINT('Axis2P3D Location',(0.,90.,60.)) ;
#2952=CARTESIAN_POINT('Line Origine',(25.6066017178,90.,85.6066017178)) ;
#2964=CARTESIAN_POINT('Axis2P3D Location',(36.2132034356,13.,75.)) ;
#2969=CARTESIAN_POINT('Line Origine',(36.2132034356,13.,90.)) ;
#2981=CARTESIAN_POINT('Axis2P3D Location',(-75.,82.5,30.2132034356)) ;
#2993=CARTESIAN_POINT('Axis2P3D Location',(-33.7867965644,1.38908729653,-11.)) ;
#3005=CARTESIAN_POINT('Axis2P3D Location',(41.,17.,75.)) ;
#3010=CARTESIAN_POINT('Line Origine',(58.,17.,75.)) ;
#3014=CARTESIAN_POINT('Vertex',(58.,17.,90.)) ;
#3017=CARTESIAN_POINT('Axis2P3D Location',(41.,17.,90.)) ;
#3029=CARTESIAN_POINT('Axis2P3D Location',(58.,165.5,78.)) ;
#3034=CARTESIAN_POINT('Line Origine',(55.,165.5,72.)) ;
#3038=CARTESIAN_POINT('Vertex',(58.,165.5,72.)) ;
#3041=CARTESIAN_POINT('Line Origine',(58.,165.5,75.)) ;
#3045=CARTESIAN_POINT('Vertex',(58.,165.5,78.)) ;
#3048=CARTESIAN_POINT('Line Origine',(55.,165.5,78.)) ;
#3060=CARTESIAN_POINT('Axis2P3D Location',(-16.6600000013,161.,72.)) ;
#3065=CARTESIAN_POINT('Line Origine',(-16.6600000013,156.5,72.)) ;
#3069=CARTESIAN_POINT('Vertex',(58.,156.5,72.)) ;
#3072=CARTESIAN_POINT('Axis2P3D Location',(58.,161.,72.)) ;
#3084=CARTESIAN_POINT('Axis2P3D Location',(58.,156.5,72.)) ;
#3089=CARTESIAN_POINT('Line Origine',(55.,156.5,78.)) ;
#3093=CARTESIAN_POINT('Vertex',(58.,156.5,78.)) ;
#3096=CARTESIAN_POINT('Line Origine',(58.,156.5,75.)) ;
#3108=CARTESIAN_POINT('Axis2P3D Location',(-16.6600000013,161.,78.)) ;
#3113=CARTESIAN_POINT('Axis2P3D Location',(58.,161.,78.)) ;
#3125=CARTESIAN_POINT('Axis2P3D Location',(-16.6600000013,111.,72.)) ;
#3130=CARTESIAN_POINT('Line Origine',(-16.6600000013,106.5,72.)) ;
#3134=CARTESIAN_POINT('Vertex',(58.,106.5,72.)) ;
#3137=CARTESIAN_POINT('Axis2P3D Location',(58.,111.,72.)) ;
#3141=CARTESIAN_POINT('Vertex',(58.,115.5,72.)) ;
#3144=CARTESIAN_POINT('Line Origine',(-16.6600000013,115.5,72.)) ;
#3156=CARTESIAN_POINT('Axis2P3D Location',(58.,106.5,72.)) ;
#3161=CARTESIAN_POINT('Line Origine',(55.,106.5,78.)) ;
#3165=CARTESIAN_POINT('Vertex',(58.,106.5,78.)) ;
#3168=CARTESIAN_POINT('Line Origine',(58.,106.5,75.)) ;
#3180=CARTESIAN_POINT('Axis2P3D Location',(-16.6600000013,111.,78.)) ;
#3185=CARTESIAN_POINT('Line Origine',(-16.6600000013,115.5,78.)) ;
#3189=CARTESIAN_POINT('Vertex',(58.,115.5,78.)) ;
#3192=CARTESIAN_POINT('Axis2P3D Location',(58.,111.,78.)) ;
#3204=CARTESIAN_POINT('Axis2P3D Location',(58.,115.5,78.)) ;
#3209=CARTESIAN_POINT('Line Origine',(58.,115.5,75.)) ;
#3221=CARTESIAN_POINT('Line Origine',(58.,180.,75.)) ;
#3233=CARTESIAN_POINT('Line Origine',(58.,19.,90.)) ;
#3237=CARTESIAN_POINT('Vertex',(58.,21.,90.)) ;
#3240=CARTESIAN_POINT('Line Origine',(55.,21.,90.)) ;
#3256=CARTESIAN_POINT('Axis2P3D Location',(33.4816240504,21.,95.)) ;
#3261=CARTESIAN_POINT('Line Origine',(33.4816240504,26.,95.)) ;
#3265=CARTESIAN_POINT('Vertex',(58.,26.,95.)) ;
#3268=CARTESIAN_POINT('Axis2P3D Location',(58.,21.,95.)) ;
#3280=CARTESIAN_POINT('Axis2P3D Location',(58.,180.,60.)) ;
#3285=CARTESIAN_POINT('Line Origine',(58.,45.,96.0964718504)) ;
#3289=CARTESIAN_POINT('Vertex',(58.,26.,96.0964718504)) ;
#3292=CARTESIAN_POINT('Line Origine',(58.,26.,95.5482359252)) ;
#3324=CARTESIAN_POINT('Axis2P3D Location',(8.69242170553,44.6428382818,20.0363085388)) ;
#3329=CARTESIAN_POINT('Line Origine',(6.13746948661,43.3749834966,20.9662350964)) ;
#3334=CARTESIAN_POINT('Line Origine',(11.2473739244,45.910693067,19.1063819811)) ;
#3346=CARTESIAN_POINT('Axis2P3D Location',(45.2862503804,45.910693067,112.627426427)) ;
#3351=CARTESIAN_POINT('Line Origine',(39.4946148068,56.7863865114,111.542876067)) ;
#3363=CARTESIAN_POINT('Axis2P3D Location',(3.92684656192,55.5185317262,21.7708360402)) ;
#3368=CARTESIAN_POINT('Line Origine',(1.371894343,54.250676941,22.7007625979)) ;
#3380=CARTESIAN_POINT('Axis2P3D Location',(35.410770799,54.250676941,116.221807044)) ;
#3392=CARTESIAN_POINT('Axis2P3D Location',(0.,26.,1.23160740865E-013)) ;
#3397=CARTESIAN_POINT('Axis2P3D Location',(41.,26.,96.0964718504)) ;
#3413=CARTESIAN_POINT('Axis2P3D Location',(41.,45.,96.0964718504)) ;
#3425=CARTESIAN_POINT('Axis2P3D Location',(-16.5127711894,45.3756934444,29.2102485015)) ;
#3442=CARTESIAN_POINT('Axis2P3D Location',(0.,-12.5,0.)) ;
#3447=CARTESIAN_POINT('Line Origine',(16.,-12.5,0.)) ;
#3451=CARTESIAN_POINT('Vertex',(16.,0.,0.)) ;
#3453=CARTESIAN_POINT('Vertex',(16.,-25.,0.)) ;
#3456=CARTESIAN_POINT('Axis2P3D Location',(0.,0.,0.)) ;
#3460=CARTESIAN_POINT('Vertex',(-16.,0.,1.95943487864E-015)) ;
#3463=CARTESIAN_POINT('Line Origine',(-16.,-12.5,1.95943487864E-015)) ;
#3467=CARTESIAN_POINT('Vertex',(-16.,-25.,1.95943487864E-015)) ;
#3470=CARTESIAN_POINT('Axis2P3D Location',(0.,-25.,0.)) ;
#3482=CARTESIAN_POINT('Axis2P3D Location',(0.,0.,0.)) ;
#3487=CARTESIAN_POINT('Axis2P3D Location',(0.,-25.,0.)) ;
#3499=CARTESIAN_POINT('Axis2P3D Location',(0.,-12.5,0.)) ;
#3504=CARTESIAN_POINT('Axis2P3D Location',(0.,-25.,0.)) ;
#3508=CARTESIAN_POINT('Vertex',(-8.75,-25.,1.07156594925E-015)) ;
#3510=CARTESIAN_POINT('Vertex',(8.75,-25.,0.)) ;
#3513=CARTESIAN_POINT('Line Origine',(8.75,-12.5,-2.14313189851E-015)) ;
#3517=CARTESIAN_POINT('Vertex',(8.75,0.,0.)) ;
#3520=CARTESIAN_POINT('Axis2P3D Location',(0.,0.,0.)) ;
#3524=CARTESIAN_POINT('Vertex',(-8.75,0.,1.07156594925E-015)) ;
#3527=CARTESIAN_POINT('Line Origine',(-8.75,-12.5,1.07156594925E-015)) ;
#3539=CARTESIAN_POINT('Axis2P3D Location',(0.,-25.,0.)) ;
#3544=CARTESIAN_POINT('Axis2P3D Location',(0.,0.,0.)) ;
#3556=CARTESIAN_POINT('Axis2P3D Location',(0.,0.,208.973206043)) ;
#3570=CARTESIAN_POINT('Axis2P3D Location',(0.,-25.,208.973206043)) ;
#8=PRODUCT_RELATED_PRODUCT_CATEGORY('part',$,(#5)) ;
#29=STYLED_ITEM(' ',(#28),#21) ;
#3440=STYLED_ITEM(' ',(#28),#3439) ;
#28=PRESENTATION_STYLE_ASSIGNMENT((#27)) ;
#27=SURFACE_STYLE_USAGE(.BOTH.,#26) ;
#26=SURFACE_SIDE_STYLE(' ',(#25)) ;
#25=SURFACE_STYLE_FILL_AREA(#24) ;
#24=FILL_AREA_STYLE(' ',(#23)) ;
#23=FILL_AREA_STYLE_COLOUR(' ',#22) ;
#38=VECTOR('Line Direction',#37,1.) ;
#47=VECTOR('Line Direction',#46,1.) ;
#54=VECTOR('Line Direction',#53,1.) ;
#61=VECTOR('Line Direction',#60,1.) ;
#92=VECTOR('Line Direction',#91,1.) ;
#109=VECTOR('Line Direction',#108,1.) ;
#125=VECTOR('Line Direction',#124,1.) ;
#132=VECTOR('Line Direction',#131,1.) ;
#139=VECTOR('Line Direction',#138,1.) ;
#166=VECTOR('Line Direction',#165,1.) ;
#177=VECTOR('Line Direction',#176,1.) ;
#193=VECTOR('Line Direction',#192,1.) ;
#226=VECTOR('Line Direction',#225,1.) ;
#233=VECTOR('Line Direction',#232,1.) ;
#240=VECTOR('Line Direction',#239,1.) ;
#254=VECTOR('Line Direction',#253,1.) ;
#267=VECTOR('Line Direction',#266,1.) ;
#294=VECTOR('Line Direction',#293,1.) ;
#308=VECTOR('Line Direction',#307,1.) ;
#325=VECTOR('Line Direction',#324,1.) ;
#349=VECTOR('Line Direction',#348,1.) ;
#356=VECTOR('Line Direction',#355,1.) ;
#363=VECTOR('Line Direction',#362,1.) ;
#375=VECTOR('Line Direction',#374,1.) ;
#396=VECTOR('Line Direction',#395,1.) ;
#413=VECTOR('Line Direction',#412,1.) ;
#444=VECTOR('Line Direction',#443,1.) ;
#461=VECTOR('Line Direction',#460,1.) ;
#478=VECTOR('Line Direction',#477,1.) ;
#502=VECTOR('Line Direction',#501,1.) ;
#511=VECTOR('Line Direction',#510,1.) ;
#518=VECTOR('Line Direction',#517,1.) ;
#532=VECTOR('Line Direction',#531,1.) ;
#537=VECTOR('Line Direction',#536,1.) ;
#551=VECTOR('Line Direction',#550,1.) ;
#577=VECTOR('Line Direction',#576,1.) ;
#593=VECTOR('Line Direction',#592,1.) ;
#620=VECTOR('Line Direction',#619,1.) ;
#634=VECTOR('Line Direction',#633,1.) ;
#651=VECTOR('Line Direction',#650,1.) ;
#658=VECTOR('Line Direction',#657,1.) ;
#682=VECTOR('Line Direction',#681,1.) ;
#713=VECTOR('Line Direction',#712,1.) ;
#730=VECTOR('Line Direction',#729,1.) ;
#746=VECTOR('Line Direction',#745,1.) ;
#751=VECTOR('Line Direction',#750,1.) ;
#770=VECTOR('Line Direction',#769,1.) ;
#794=VECTOR('Line Direction',#793,1.) ;
#825=VECTOR('Line Direction',#824,1.) ;
#839=VECTOR('Line Direction',#838,1.) ;
#846=VECTOR('Line Direction',#845,1.) ;
#853=VECTOR('Line Direction',#852,1.) ;
#867=VECTOR('Line Direction',#866,1.) ;
#881=VECTOR('Line Direction',#880,1.) ;
#888=VECTOR('Line Direction',#887,1.) ;
#895=VECTOR('Line Direction',#894,1.) ;
#909=VECTOR('Line Direction',#908,1.) ;
#923=VECTOR('Line Direction',#922,1.) ;
#937=VECTOR('Line Direction',#936,1.) ;
#951=VECTOR('Line Direction',#950,1.) ;
#1003=VECTOR('Line Direction',#1002,1.) ;
#1010=VECTOR('Line Direction',#1009,1.) ;
#1024=VECTOR('Line Direction',#1023,1.) ;
#1038=VECTOR('Line Direction',#1037,1.) ;
#1052=VECTOR('Line Direction',#1051,1.) ;
#1066=VECTOR('Line Direction',#1065,1.) ;
#1073=VECTOR('Line Direction',#1072,1.) ;
#1080=VECTOR('Line Direction',#1079,1.) ;
#1094=VECTOR('Line Direction',#1093,1.) ;
#1108=VECTOR('Line Direction',#1107,1.) ;
#1115=VECTOR('Line Direction',#1114,1.) ;
#1122=VECTOR('Line Direction',#1121,1.) ;
#1136=VECTOR('Line Direction',#1135,1.) ;
#1188=VECTOR('Line Direction',#1187,1.) ;
#1205=VECTOR('Line Direction',#1204,1.) ;
#1229=VECTOR('Line Direction',#1228,1.) ;
#1236=VECTOR('Line Direction',#1235,1.) ;
#1243=VECTOR('Line Direction',#1242,1.) ;
#1271=VECTOR('Line Direction',#1270,1.) ;
#1295=VECTOR('Line Direction',#1294,1.) ;
#1304=VECTOR('Line Direction',#1303,1.) ;
#1316=VECTOR('Line Direction',#1315,1.) ;
#1321=VECTOR('Line Direction',#1320,1.) ;
#1342=VECTOR('Line Direction',#1341,1.) ;
#1347=VECTOR('Line Direction',#1346,1.) ;
#1364=VECTOR('Line Direction',#1363,1.) ;
#1376=VECTOR('Line Direction',#1375,1.) ;
#1383=VECTOR('Line Direction',#1382,1.) ;
#1390=VECTOR('Line Direction',#1389,1.) ;
#1425=VECTOR('Line Direction',#1424,1.) ;
#1442=VECTOR('Line Direction',#1441,1.) ;
#1451=VECTOR('Line Direction',#1450,1.) ;
#1463=VECTOR('Line Direction',#1462,1.) ;
#1468=VECTOR('Line Direction',#1467,1.) ;
#1489=VECTOR('Line Direction',#1488,1.) ;
#1501=VECTOR('Line Direction',#1500,1.) ;
#1518=VECTOR('Line Direction',#1517,1.) ;
#1535=VECTOR('Line Direction',#1534,1.) ;
#1552=VECTOR('Line Direction',#1551,1.) ;
#1583=VECTOR('Line Direction',#1582,1.) ;
#1600=VECTOR('Line Direction',#1599,1.) ;
#1609=VECTOR('Line Direction',#1608,1.) ;
#1616=VECTOR('Line Direction',#1615,1.) ;
#1630=VECTOR('Line Direction',#1629,1.) ;
#1635=VECTOR('Line Direction',#1634,1.) ;
#1647=VECTOR('Line Direction',#1646,1.) ;
#1693=VECTOR('Line Direction',#1692,1.) ;
#1710=VECTOR('Line Direction',#1709,1.) ;
#1722=VECTOR('Line Direction',#1721,1.) ;
#1744=VECTOR('Line Direction',#1743,1.) ;
#1758=VECTOR('Line Direction',#1757,1.) ;
#1775=VECTOR('Line Direction',#1774,1.) ;
#1782=VECTOR('Line Direction',#1781,1.) ;
#1799=VECTOR('Line Direction',#1798,1.) ;
#1813=VECTOR('Line Direction',#1812,1.) ;
#1830=VECTOR('Line Direction',#1829,1.) ;
#1854=VECTOR('Line Direction',#1853,1.) ;
#1861=VECTOR('Line Direction',#1860,1.) ;
#1887=VECTOR('Line Direction',#1886,1.) ;
#1901=VECTOR('Line Direction',#1900,1.) ;
#1927=VECTOR('Line Direction',#1926,1.) ;
#1932=VECTOR('Line Direction',#1931,1.) ;
#1946=VECTOR('Line Direction',#1945,1.) ;
#1960=VECTOR('Line Direction',#1959,1.) ;
#1974=VECTOR('Line Direction',#1973,1.) ;
#1988=VECTOR('Line Direction',#1987,1.) ;
#2002=VECTOR('Line Direction',#2001,1.) ;
#2016=VECTOR('Line Direction',#2015,1.) ;
#2030=VECTOR('Line Direction',#2029,1.) ;
#2044=VECTOR('Line Direction',#2043,1.) ;
#2058=VECTOR('Line Direction',#2057,1.) ;
#2093=VECTOR('Line Direction',#2092,1.) ;
#2100=VECTOR('Line Direction',#2099,1.) ;
#2124=VECTOR('Line Direction',#2123,1.) ;
#2131=VECTOR('Line Direction',#2130,1.) ;
#2138=VECTOR('Line Direction',#2137,1.) ;
#2155=VECTOR('Line Direction',#2154,1.) ;
#2164=VECTOR('Line Direction',#2163,1.) ;
#2169=VECTOR('Line Direction',#2168,1.) ;
#2193=VECTOR('Line Direction',#2192,1.) ;
#2210=VECTOR('Line Direction',#2209,1.) ;
#2217=VECTOR('Line Direction',#2216,1.) ;
#2234=VECTOR('Line Direction',#2233,1.) ;
#2241=VECTOR('Line Direction',#2240,1.) ;
#2248=VECTOR('Line Direction',#2247,1.) ;
#2265=VECTOR('Line Direction',#2264,1.) ;
#2272=VECTOR('Line Direction',#2271,1.) ;
#2279=VECTOR('Line Direction',#2278,1.) ;
#2303=VECTOR('Line Direction',#2302,1.) ;
#2320=VECTOR('Line Direction',#2319,1.) ;
#2327=VECTOR('Line Direction',#2326,1.) ;
#2351=VECTOR('Line Direction',#2350,1.) ;
#2368=VECTOR('Line Direction',#2367,1.) ;
#2375=VECTOR('Line Direction',#2374,1.) ;
#2392=VECTOR('Line Direction',#2391,1.) ;
#2399=VECTOR('Line Direction',#2398,1.) ;
#2406=VECTOR('Line Direction',#2405,1.) ;
#2423=VECTOR('Line Direction',#2422,1.) ;
#2430=VECTOR('Line Direction',#2429,1.) ;
#2437=VECTOR('Line Direction',#2436,1.) ;
#2461=VECTOR('Line Direction',#2460,1.) ;
#2478=VECTOR('Line Direction',#2477,1.) ;
#2520=VECTOR('Line Direction',#2519,1.) ;
#2527=VECTOR('Line Direction',#2526,1.) ;
#2622=VECTOR('Line Direction',#2621,1.) ;
#2648=VECTOR('Line Direction',#2647,1.) ;
#2653=VECTOR('Line Direction',#2652,1.) ;
#2670=VECTOR('Line Direction',#2669,1.) ;
#2677=VECTOR('Line Direction',#2676,1.) ;
#2701=VECTOR('Line Direction',#2700,1.) ;
#2718=VECTOR('Line Direction',#2717,1.) ;
#2735=VECTOR('Line Direction',#2734,1.) ;
#2784=VECTOR('Line Direction',#2783,1.) ;
#2803=VECTOR('Line Direction',#2802,1.) ;
#2810=VECTOR('Line Direction',#2809,1.) ;
#2925=VECTOR('Line Direction',#2924,1.) ;
#2930=VECTOR('Line Direction',#2929,1.) ;
#2954=VECTOR('Line Direction',#2953,1.) ;
#2971=VECTOR('Line Direction',#2970,1.) ;
#3012=VECTOR('Line Direction',#3011,1.) ;
#3036=VECTOR('Line Direction',#3035,1.) ;
#3043=VECTOR('Line Direction',#3042,1.) ;
#3050=VECTOR('Line Direction',#3049,1.) ;
#3067=VECTOR('Line Direction',#3066,1.) ;
#3091=VECTOR('Line Direction',#3090,1.) ;
#3098=VECTOR('Line Direction',#3097,1.) ;
#3132=VECTOR('Line Direction',#3131,1.) ;
#3146=VECTOR('Line Direction',#3145,1.) ;
#3163=VECTOR('Line Direction',#3162,1.) ;
#3170=VECTOR('Line Direction',#3169,1.) ;
#3187=VECTOR('Line Direction',#3186,1.) ;
#3211=VECTOR('Line Direction',#3210,1.) ;
#3223=VECTOR('Line Direction',#3222,1.) ;
#3235=VECTOR('Line Direction',#3234,1.) ;
#3242=VECTOR('Line Direction',#3241,1.) ;
#3263=VECTOR('Line Direction',#3262,1.) ;
#3287=VECTOR('Line Direction',#3286,1.) ;
#3294=VECTOR('Line Direction',#3293,1.) ;
#3331=VECTOR('Line Direction',#3330,1.) ;
#3336=VECTOR('Line Direction',#3335,1.) ;
#3353=VECTOR('Line Direction',#3352,1.) ;
#3370=VECTOR('Line Direction',#3369,1.) ;
#3449=VECTOR('Line Direction',#3448,1.) ;
#3465=VECTOR('Line Direction',#3464,1.) ;
#3515=VECTOR('Line Direction',#3514,1.) ;
#3529=VECTOR('Line Direction',#3528,1.) ;
#32=DIRECTION('Axis2P3D Direction',(-0.851650739639,-0.422618261741,0.309975519219)) ;
#33=DIRECTION('Axis2P3D XDirection',(-0.397131261967,0.906307787037,0.144543958453)) ;
#37=DIRECTION('Vector Direction',(-0.397131261967,0.906307787037,0.144543958453)) ;
#46=DIRECTION('Vector Direction',(-0.342020143326,4.73695157173E-015,-0.939692620786)) ;
#53=DIRECTION('Vector Direction',(-0.397131261967,0.906307787037,0.144543958453)) ;
#60=DIRECTION('Vector Direction',(-0.342020143326,4.73695157173E-015,-0.939692620786)) ;
#72=DIRECTION('Axis2P3D Direction',(0.342020143326,-4.45127843698E-015,0.939692620786)) ;
#73=DIRECTION('Axis2P3D XDirection',(-0.851650739639,-0.422618261741,0.309975519219)) ;
#77=DIRECTION('Axis2P3D Direction',(0.342020143326,-4.45127843698E-015,0.939692620786)) ;
#84=DIRECTION('Axis2P3D Direction',(0.342020143326,-4.45127843698E-015,0.939692620786)) ;
#91=DIRECTION('Vector Direction',(0.342020143326,-4.42647852245E-015,0.939692620786)) ;
#103=DIRECTION('Axis2P3D Direction',(0.342020143326,-4.45127843698E-015,0.939692620786)) ;
#104=DIRECTION('Axis2P3D XDirection',(-0.939692620786,-1.62013285549E-015,0.342020143326)) ;
#108=DIRECTION('Vector Direction',(0.,-1.,-5.07530525543E-015)) ;
#117=DIRECTION('Axis2P3D Direction',(0.342020143326,-4.45127843698E-015,0.939692620786)) ;
#124=DIRECTION('Vector Direction',(-0.939692620786,-1.71750690278E-015,0.342020143326)) ;
#131=DIRECTION('Vector Direction',(0.,-1.,-4.48763833112E-015)) ;
#138=DIRECTION('Vector Direction',(-0.939692620786,-1.71750690278E-015,0.342020143326)) ;
#145=DIRECTION('Axis2P3D Direction',(0.342020143326,-4.45127843698E-015,0.939692620786)) ;
#158=DIRECTION('Axis2P3D Direction',(0.342020143326,-4.45127843698E-015,0.939692620786)) ;
#165=DIRECTION('Vector Direction',(0.397131261967,-0.906307787037,-0.144543958453)) ;
#176=DIRECTION('Vector Direction',(0.397131261967,-0.906307787037,-0.144543958453)) ;
#185=DIRECTION('Axis2P3D Direction',(0.342020143326,-4.45127843698E-015,0.939692620786)) ;
#192=DIRECTION('Vector Direction',(-0.397131261967,0.906307787037,0.144543958453)) ;
#199=DIRECTION('Axis2P3D Direction',(0.342020143326,-4.45127843698E-015,0.939692620786)) ;
#211=DIRECTION('Axis2P3D Direction',(0.342020143326,-4.45127843698E-015,0.939692620786)) ;
#212=DIRECTION('Axis2P3D XDirection',(-0.939692620786,-1.62013285549E-015,0.342020143326)) ;
#216=DIRECTION('Axis2P3D Direction',(0.342020143326,-4.45127843698E-015,0.939692620786)) ;
#225=DIRECTION('Vector Direction',(-0.939692620786,-1.71750690278E-015,0.342020143326)) ;
#232=DIRECTION('Vector Direction',(0.,-1.,-4.48763833112E-015)) ;
#239=DIRECTION('Vector Direction',(-0.939692620786,-1.71750690278E-015,0.342020143326)) ;
#246=DIRECTION('Axis2P3D Direction',(0.342020143326,-4.45127843698E-015,0.939692620786)) ;
#253=DIRECTION('Vector Direction',(0.,-1.,-5.07530525543E-015)) ;
#266=DIRECTION('Vector Direction',(0.397131261967,-0.906307787037,-0.144543958453)) ;
#273=DIRECTION('Axis2P3D Direction',(0.342020143326,-4.45127843698E-015,0.939692620786)) ;
#284=DIRECTION('Axis2P3D Direction',(0.342020143326,-4.45127843698E-015,0.939692620786)) ;
#293=DIRECTION('Vector Direction',(-0.397131261967,0.906307787037,0.144543958453)) ;
#300=DIRECTION('Axis2P3D Direction',(0.342020143326,-4.45127843698E-015,0.939692620786)) ;
#307=DIRECTION('Vector Direction',(0.397131261967,-0.906307787037,-0.144543958453)) ;
#319=DIRECTION('Axis2P3D Direction',(0.851650739639,0.422618261741,-0.309975519219)) ;
#320=DIRECTION('Axis2P3D XDirection',(0.397131261967,-0.906307787037,-0.144543958453)) ;
#324=DIRECTION('Vector Direction',(-0.342020143326,4.73695157173E-015,-0.939692620786)) ;
#336=DIRECTION('Axis2P3D Direction',(0.,1.,4.73695157173E-015)) ;
#337=DIRECTION('Axis2P3D XDirection',(-1.,0.,0.)) ;
#341=DIRECTION('Axis2P3D Direction',(0.,1.,4.73695157173E-015)) ;
#348=DIRECTION('Vector Direction',(0.,-6.48026427198E-015,1.)) ;
#355=DIRECTION('Vector Direction',(-1.,0.,0.)) ;
#362=DIRECTION('Vector Direction',(0.,-6.48026427198E-015,1.)) ;
#369=DIRECTION('Axis2P3D Direction',(0.,1.,4.73695157173E-015)) ;
#374=DIRECTION('Vector Direction',(0.342020143326,-3.5527136788E-015,0.939692620786)) ;
#390=DIRECTION('Axis2P3D Direction',(0.342020143326,-4.43634169354E-015,0.939692620786)) ;
#391=DIRECTION('Axis2P3D XDirection',(3.54553424807E-016,1.,4.59200932829E-015)) ;
#395=DIRECTION('Vector Direction',(0.342020143326,-4.43634169354E-015,0.939692620786)) ;
#407=DIRECTION('Axis2P3D Direction',(-1.,0.,0.)) ;
#408=DIRECTION('Axis2P3D XDirection',(0.,0.,-1.)) ;
#412=DIRECTION('Vector Direction',(-1.,0.,0.)) ;
#421=DIRECTION('Axis2P3D Direction',(-1.,0.,0.)) ;
#426=DIRECTION('Axis2P3D Direction',(-1.,0.,0.)) ;
#438=DIRECTION('Axis2P3D Direction',(0.939692620786,1.62013285549E-015,-0.342020143326)) ;
#439=DIRECTION('Axis2P3D XDirection',(0.342020143326,-4.45127843698E-015,0.939692620786)) ;
#443=DIRECTION('Vector Direction',(0.342020143326,-4.73695157173E-015,0.939692620786)) ;
#455=DIRECTION('Axis2P3D Direction',(0.342020143326,-5.34153412437E-015,0.939692620786)) ;
#456=DIRECTION('Axis2P3D XDirection',(-0.939692620786,-8.72283987017E-016,0.342020143326)) ;
#460=DIRECTION('Vector Direction',(0.342020143326,-5.38698634216E-015,0.939692620786)) ;
#472=DIRECTION('Axis2P3D Direction',(0.,1.,4.73695157173E-015)) ;
#473=DIRECTION('Axis2P3D XDirection',(0.342020143326,-4.45127843698E-015,0.939692620786)) ;
#477=DIRECTION('Vector Direction',(0.,1.,4.48763833112E-015)) ;
#484=DIRECTION('Axis2P3D Direction',(0.,1.,4.73695157173E-015)) ;
#496=DIRECTION('Axis2P3D Direction',(-1.,0.,0.)) ;
#497=DIRECTION('Axis2P3D XDirection',(0.,-1.,0.)) ;
#501=DIRECTION('Vector Direction',(0.,-1.,0.)) ;
#510=DIRECTION('Vector Direction',(0.,0.,1.)) ;
#517=DIRECTION('Vector Direction',(0.,-1.,0.)) ;
#524=DIRECTION('Axis2P3D Direction',(-1.,0.,0.)) ;
#531=DIRECTION('Vector Direction',(0.,0.,1.)) ;
#536=DIRECTION('Vector Direction',(0.,-1.,0.)) ;
#543=DIRECTION('Axis2P3D Direction',(-1.,0.,0.)) ;
#550=DIRECTION('Vector Direction',(0.,0.,1.)) ;
#557=DIRECTION('Axis2P3D Direction',(-1.,0.,0.)) ;
#576=DIRECTION('Vector Direction',(0.,0.,-1.)) ;
#585=DIRECTION('Axis2P3D Direction',(-1.,0.,0.)) ;
#592=DIRECTION('Vector Direction',(0.,0.,1.)) ;
#599=DIRECTION('Axis2P3D Direction',(-1.,0.,0.)) ;
#610=DIRECTION('Axis2P3D Direction',(-1.,0.,0.)) ;
#619=DIRECTION('Vector Direction',(0.,0.,1.)) ;
#626=DIRECTION('Axis2P3D Direction',(-1.,0.,0.)) ;
#633=DIRECTION('Vector Direction',(0.,0.,-1.)) ;
#645=DIRECTION('Axis2P3D Direction',(0.,0.,1.)) ;
#646=DIRECTION('Axis2P3D XDirection',(1.,0.,0.)) ;
#650=DIRECTION('Vector Direction',(0.,-1.,0.)) ;
#657=DIRECTION('Vector Direction',(-1.,0.,0.)) ;
#669=DIRECTION('Axis2P3D Direction',(-1.,0.,0.)) ;
#670=DIRECTION('Axis2P3D XDirection',(0.,-6.06133593208E-018,1.)) ;
#674=DIRECTION('Axis2P3D Direction',(-1.,0.,0.)) ;
#681=DIRECTION('Vector Direction',(-1.,0.,0.)) ;
#693=DIRECTION('Axis2P3D Direction',(0.,0.,1.)) ;
#694=DIRECTION('Axis2P3D XDirection',(-1.83697019872E-016,-1.,-0.)) ;
#698=DIRECTION('Axis2P3D Direction',(0.,0.,1.)) ;
#705=DIRECTION('Axis2P3D Direction',(0.,0.,1.)) ;
#712=DIRECTION('Vector Direction',(0.,0.,1.)) ;
#724=DIRECTION('Axis2P3D Direction',(0.,0.,-1.)) ;
#725=DIRECTION('Axis2P3D XDirection',(-1.,0.,0.)) ;
#729=DIRECTION('Vector Direction',(0.,-1.,0.)) ;
#738=DIRECTION('Axis2P3D Direction',(0.,0.,-1.)) ;
#745=DIRECTION('Vector Direction',(0.,1.,0.)) ;
#750=DIRECTION('Vector Direction',(-1.,0.,0.)) ;
#764=DIRECTION('Axis2P3D Direction',(-1.,0.,0.)) ;
#765=DIRECTION('Axis2P3D XDirection',(0.,1.,4.62458911837E-015)) ;
#769=DIRECTION('Vector Direction',(-1.,0.,0.)) ;
#776=DIRECTION('Axis2P3D Direction',(-1.,0.,0.)) ;
#788=DIRECTION('Axis2P3D Direction',(0.,1.,0.)) ;
#789=DIRECTION('Axis2P3D XDirection',(-1.,0.,0.)) ;
#793=DIRECTION('Vector Direction',(0.,1.,0.)) ;
#802=DIRECTION('Axis2P3D Direction',(0.,1.,0.)) ;
#807=DIRECTION('Axis2P3D Direction',(0.,1.,0.)) ;
#819=DIRECTION('Axis2P3D Direction',(0.,1.,-0.)) ;
#820=DIRECTION('Axis2P3D XDirection',(-1.,0.,0.)) ;
#824=DIRECTION('Vector Direction',(0.,0.,1.)) ;
#831=DIRECTION('Axis2P3D Direction',(0.,1.,-0.)) ;
#838=DIRECTION('Vector Direction',(1.,0.,0.)) ;
#845=DIRECTION('Vector Direction',(0.,0.,-1.)) ;
#852=DIRECTION('Vector Direction',(-1.,0.,0.)) ;
#859=DIRECTION('Axis2P3D Direction',(0.,1.,-0.)) ;
#866=DIRECTION('Vector Direction',(0.707106781187,0.,-0.707106781187)) ;
#873=DIRECTION('Axis2P3D Direction',(0.,1.,-0.)) ;
#880=DIRECTION('Vector Direction',(0.,0.,1.)) ;
#887=DIRECTION('Vector Direction',(1.,0.,0.)) ;
#894=DIRECTION('Vector Direction',(0.,0.,-1.)) ;
#901=DIRECTION('Axis2P3D Direction',(0.,1.,-0.)) ;
#908=DIRECTION('Vector Direction',(-1.,0.,0.)) ;
#915=DIRECTION('Axis2P3D Direction',(0.,1.,-0.)) ;
#922=DIRECTION('Vector Direction',(0.,0.,-1.)) ;
#929=DIRECTION('Axis2P3D Direction',(0.,1.,-0.)) ;
#936=DIRECTION('Vector Direction',(-0.707106781187,0.,-0.707106781187)) ;
#943=DIRECTION('Axis2P3D Direction',(0.,1.,-0.)) ;
#950=DIRECTION('Vector Direction',(-1.,0.,0.)) ;
#978=DIRECTION('Axis2P3D Direction',(0.,1.,-0.)) ;
#987=DIRECTION('Axis2P3D Direction',(0.,1.,-0.)) ;
#997=DIRECTION('Axis2P3D Direction',(0.,1.,-0.)) ;
#998=DIRECTION('Axis2P3D XDirection',(-1.,0.,0.)) ;
#1002=DIRECTION('Vector Direction',(0.,0.,1.)) ;
#1009=DIRECTION('Vector Direction',(-1.,0.,0.)) ;
#1016=DIRECTION('Axis2P3D Direction',(0.,1.,-0.)) ;
#1023=DIRECTION('Vector Direction',(-0.707106781187,0.,-0.707106781187)) ;
#1030=DIRECTION('Axis2P3D Direction',(0.,1.,-0.)) ;
#1037=DIRECTION('Vector Direction',(0.,0.,-1.)) ;
#1044=DIRECTION('Axis2P3D Direction',(0.,1.,-0.)) ;
#1051=DIRECTION('Vector Direction',(-1.,0.,0.)) ;
#1058=DIRECTION('Axis2P3D Direction',(0.,1.,-0.)) ;
#1065=DIRECTION('Vector Direction',(0.,0.,-1.)) ;
#1072=DIRECTION('Vector Direction',(1.,0.,0.)) ;
#1079=DIRECTION('Vector Direction',(0.,0.,1.)) ;
#1086=DIRECTION('Axis2P3D Direction',(0.,1.,-0.)) ;
#1093=DIRECTION('Vector Direction',(0.707106781187,0.,-0.707106781187)) ;
#1100=DIRECTION('Axis2P3D Direction',(0.,1.,-0.)) ;
#1107=DIRECTION('Vector Direction',(-1.,0.,0.)) ;
#1114=DIRECTION('Vector Direction',(0.,0.,-1.)) ;
#1121=DIRECTION('Vector Direction',(1.,0.,0.)) ;
#1128=DIRECTION('Axis2P3D Direction',(0.,1.,-0.)) ;
#1135=DIRECTION('Vector Direction',(0.,0.,1.)) ;
#1163=DIRECTION('Axis2P3D Direction',(0.,1.,-0.)) ;
#1172=DIRECTION('Axis2P3D Direction',(0.,1.,-0.)) ;
#1182=DIRECTION('Axis2P3D Direction',(-1.,0.,0.)) ;
#1183=DIRECTION('Axis2P3D XDirection',(0.,0.,1.)) ;
#1187=DIRECTION('Vector Direction',(0.,1.,0.)) ;
#1199=DIRECTION('Axis2P3D Direction',(0.,1.,0.)) ;
#1200=DIRECTION('Axis2P3D XDirection',(0.,0.,-1.)) ;
#1204=DIRECTION('Vector Direction',(0.,1.,0.)) ;
#1216=DIRECTION('Axis2P3D Direction',(0.,0.,-1.)) ;
#1217=DIRECTION('Axis2P3D XDirection',(-1.,0.,0.)) ;
#1221=DIRECTION('Axis2P3D Direction',(0.,0.,-1.)) ;
#1228=DIRECTION('Vector Direction',(0.965925826289,-0.258819045103,0.)) ;
#1235=DIRECTION('Vector Direction',(0.258819045103,0.965925826289,0.)) ;
#1242=DIRECTION('Vector Direction',(0.965925826289,-0.258819045103,0.)) ;
#1249=DIRECTION('Axis2P3D Direction',(0.,0.,-1.)) ;
#1265=DIRECTION('Axis2P3D Direction',(-0.,0.,1.)) ;
#1266=DIRECTION('Axis2P3D XDirection',(0.258819045103,0.965925826289,0.)) ;
#1270=DIRECTION('Vector Direction',(0.,0.,1.)) ;
#1277=DIRECTION('Axis2P3D Direction',(-0.,0.,1.)) ;
#1289=DIRECTION('Axis2P3D Direction',(0.,0.,1.)) ;
#1290=DIRECTION('Axis2P3D XDirection',(1.,0.,0.)) ;
#1294=DIRECTION('Vector Direction',(0.258819045103,0.965925826289,0.)) ;
#1303=DIRECTION('Vector Direction',(0.965925826289,-0.258819045103,0.)) ;
#1310=DIRECTION('Axis2P3D Direction',(0.,0.,1.)) ;
#1315=DIRECTION('Vector Direction',(0.,1.,0.)) ;
#1320=DIRECTION('Vector Direction',(0.965925826289,-0.258819045103,0.)) ;
#1336=DIRECTION('Axis2P3D Direction',(0.707106781187,-0.,0.707106781187)) ;
#1337=DIRECTION('Axis2P3D XDirection',(0.707106781187,0.,-0.707106781187)) ;
#1341=DIRECTION('Vector Direction',(0.,1.,0.)) ;
#1346=DIRECTION('Vector Direction',(0.,1.,0.)) ;
#1358=DIRECTION('Axis2P3D Direction',(1.,-0.,0.)) ;
#1359=DIRECTION('Axis2P3D XDirection',(0.,0.,-1.)) ;
#1363=DIRECTION('Vector Direction',(0.,1.,0.)) ;
#1368=DIRECTION('Axis2P3D Direction',(1.,-0.,0.)) ;
#1375=DIRECTION('Vector Direction',(0.,1.,0.)) ;
#1382=DIRECTION('Vector Direction',(0.,0.,-1.)) ;
#1389=DIRECTION('Vector Direction',(0.,1.,0.)) ;
#1396=DIRECTION('Axis2P3D Direction',(1.,-0.,0.)) ;
#1412=DIRECTION('Axis2P3D Direction',(-1.,0.,0.)) ;
#1413=DIRECTION('Axis2P3D XDirection',(0.,-1.,0.)) ;
#1417=DIRECTION('Axis2P3D Direction',(-1.,0.,0.)) ;
#1424=DIRECTION('Vector Direction',(-1.,0.,0.)) ;
#1436=DIRECTION('Axis2P3D Direction',(-1.,0.,0.)) ;
#1437=DIRECTION('Axis2P3D XDirection',(0.,0.,1.)) ;
#1441=DIRECTION('Vector Direction',(0.,4.73695157173E-015,-1.)) ;
#1450=DIRECTION('Vector Direction',(0.,1.,0.)) ;
#1457=DIRECTION('Axis2P3D Direction',(-1.,0.,0.)) ;
#1462=DIRECTION('Vector Direction',(0.,1.,0.)) ;
#1467=DIRECTION('Vector Direction',(0.,1.,0.)) ;
#1483=DIRECTION('Axis2P3D Direction',(0.,1.,0.)) ;
#1484=DIRECTION('Axis2P3D XDirection',(0.,0.,-1.)) ;
#1488=DIRECTION('Vector Direction',(0.,1.,0.)) ;
#1500=DIRECTION('Vector Direction',(0.,1.,0.)) ;
#1512=DIRECTION('Axis2P3D Direction',(-0.,1.,0.)) ;
#1513=DIRECTION('Axis2P3D XDirection',(1.,0.,0.)) ;
#1517=DIRECTION('Vector Direction',(0.,1.,0.)) ;
#1529=DIRECTION('Axis2P3D Direction',(1.,-0.,0.)) ;
#1530=DIRECTION('Axis2P3D XDirection',(0.,0.,-1.)) ;
#1534=DIRECTION('Vector Direction',(0.,-1.,0.)) ;
#1546=DIRECTION('Axis2P3D Direction',(0.,-1.,0.)) ;
#1547=DIRECTION('Axis2P3D XDirection',(-0.707106781187,0.,0.707106781187)) ;
#1551=DIRECTION('Vector Direction',(0.,-1.,0.)) ;
#1563=DIRECTION('Axis2P3D Direction',(0.258819045103,0.965925826289,-5.13478148889E-016)) ;
#1564=DIRECTION('Axis2P3D XDirection',(-3.88578058619E-016,6.38378239159E-016,1.)) ;
#1568=DIRECTION('Axis2P3D Direction',(0.258819045103,0.965925826289,-5.13478148889E-016)) ;
#1575=DIRECTION('Axis2P3D Direction',(0.258819045103,0.965925826289,-5.13478148889E-016)) ;
#1582=DIRECTION('Vector Direction',(0.258819045103,0.965925826289,-5.3160499209E-016)) ;
#1594=DIRECTION('Axis2P3D Direction',(0.258819045103,0.965925826289,0.)) ;
#1595=DIRECTION('Axis2P3D XDirection',(0.965925826289,-0.258819045103,0.)) ;
#1599=DIRECTION('Vector Direction',(0.965925826289,-0.258819045103,0.)) ;
#1608=DIRECTION('Vector Direction',(0.,0.,-1.)) ;
#1615=DIRECTION('Vector Direction',(0.965925826289,-0.258819045103,0.)) ;
#1622=DIRECTION('Axis2P3D Direction',(0.258819045103,0.965925826289,0.)) ;
#1629=DIRECTION('Vector Direction',(0.875426098066,-0.23456971601,-0.422618261741)) ;
#1634=DIRECTION('Vector Direction',(0.,0.,-1.)) ;
#1639=DIRECTION('Axis2P3D Direction',(0.258819045103,0.965925826289,0.)) ;
#1646=DIRECTION('Vector Direction',(0.875426098066,-0.23456971601,0.422618261741)) ;
#1653=DIRECTION('Axis2P3D Direction',(0.258819045103,0.965925826289,0.)) ;
#1673=DIRECTION('Axis2P3D Direction',(0.,4.73695157173E-015,-1.)) ;
#1674=DIRECTION('Axis2P3D XDirection',(-1.,-1.83697019872E-016,-8.70163887006E-031)) ;
#1678=DIRECTION('Axis2P3D Direction',(0.,4.73695157173E-015,-1.)) ;
#1685=DIRECTION('Axis2P3D Direction',(0.,4.73695157173E-015,-1.)) ;
#1692=DIRECTION('Vector Direction',(0.,4.41331123351E-015,-1.)) ;
#1704=DIRECTION('Axis2P3D Direction',(0.,0.,-1.)) ;
#1705=DIRECTION('Axis2P3D XDirection',(0.,1.,0.)) ;
#1709=DIRECTION('Vector Direction',(1.,0.,0.)) ;
#1714=DIRECTION('Axis2P3D Direction',(0.,0.,-1.)) ;
#1721=DIRECTION('Vector Direction',(1.,0.,0.)) ;
#1734=DIRECTION('Axis2P3D Direction',(0.,0.,-1.)) ;
#1743=DIRECTION('Vector Direction',(-1.,0.,0.)) ;
#1750=DIRECTION('Axis2P3D Direction',(0.,0.,-1.)) ;
#1757=DIRECTION('Vector Direction',(1.,0.,0.)) ;
#1769=DIRECTION('Axis2P3D Direction',(0.408217893677,-0.109381654947,0.906307787037)) ;
#1770=DIRECTION('Axis2P3D XDirection',(0.875426098066,-0.23456971601,-0.422618261741)) ;
#1774=DIRECTION('Vector Direction',(0.258819045103,0.965925826289,0.)) ;
#1781=DIRECTION('Vector Direction',(0.875426098066,-0.23456971601,-0.422618261741)) ;
#1793=DIRECTION('Axis2P3D Direction',(0.258819045103,0.965925826289,-7.21644966006E-016)) ;
#1794=DIRECTION('Axis2P3D XDirection',(-0.408217893677,0.109381654947,0.906307787037)) ;
#1798=DIRECTION('Vector Direction',(0.258819045103,0.965925826289,-5.9815507072E-016)) ;
#1805=DIRECTION('Axis2P3D Direction',(0.258819045103,0.965925826289,-7.21644966006E-016)) ;
#1812=DIRECTION('Vector Direction',(0.258819045103,0.965925826289,-5.9815507072E-016)) ;
#1824=DIRECTION('Axis2P3D Direction',(0.258819045103,0.965925826289,0.)) ;
#1825=DIRECTION('Axis2P3D XDirection',(0.,0.,-1.)) ;
#1829=DIRECTION('Vector Direction',(0.258819045103,0.965925826289,0.)) ;
#1836=DIRECTION('Axis2P3D Direction',(0.258819045103,0.965925826289,0.)) ;
#1848=DIRECTION('Axis2P3D Direction',(0.,-1.,-4.73695157173E-015)) ;
#1849=DIRECTION('Axis2P3D XDirection',(0.,4.73695157173E-015,-1.)) ;
#1853=DIRECTION('Vector Direction',(0.,4.73695157173E-015,-1.)) ;
#1860=DIRECTION('Vector Direction',(1.,0.,0.)) ;
#1872=DIRECTION('Axis2P3D Direction',(-0.,0.,1.)) ;
#1873=DIRECTION('Axis2P3D XDirection',(-0.258819045103,-0.965925826289,-0.)) ;
#1877=DIRECTION('Axis2P3D Direction',(-0.,0.,1.)) ;
#1886=DIRECTION('Vector Direction',(0.,0.,1.)) ;
#1893=DIRECTION('Axis2P3D Direction',(-0.,0.,1.)) ;
#1900=DIRECTION('Vector Direction',(0.,0.,1.)) ;
#1912=DIRECTION('Axis2P3D Direction',(-0.342020143326,0.939692620786,0.)) ;
#1913=DIRECTION('Axis2P3D XDirection',(0.939692620786,0.342020143326,0.)) ;
#1917=DIRECTION('Axis2P3D Direction',(-0.342020143326,0.939692620786,0.)) ;
#1926=DIRECTION('Vector Direction',(0.939692620786,0.342020143326,0.)) ;
#1931=DIRECTION('Vector Direction',(0.939692620786,0.342020143326,0.)) ;
#1938=DIRECTION('Axis2P3D Direction',(-0.342020143326,0.939692620786,0.)) ;
#1945=DIRECTION('Vector Direction',(0.925416578398,0.336824088833,-0.173648177667)) ;
#1952=DIRECTION('Axis2P3D Direction',(-0.342020143326,0.939692620786,0.)) ;
#1959=DIRECTION('Vector Direction',(0.538985544696,0.196174694969,-0.819152044289)) ;
#1966=DIRECTION('Axis2P3D Direction',(-0.342020143326,0.939692620786,0.)) ;
#1973=DIRECTION('Vector Direction',(0.925416578398,0.336824088833,-0.173648177667)) ;
#1980=DIRECTION('Axis2P3D Direction',(-0.342020143326,0.939692620786,0.)) ;
#1987=DIRECTION('Vector Direction',(0.76975113132,0.280166499593,0.573576436351)) ;
#1994=DIRECTION('Axis2P3D Direction',(-0.342020143326,0.939692620786,0.)) ;
#2001=DIRECTION('Vector Direction',(-0.163175911167,-0.0593911746139,-0.984807753012)) ;
#2008=DIRECTION('Axis2P3D Direction',(-0.342020143326,0.939692620786,0.)) ;
#2015=DIRECTION('Vector Direction',(-0.538985544696,-0.196174694969,0.819152044289)) ;
#2022=DIRECTION('Axis2P3D Direction',(-0.342020143326,0.939692620786,0.)) ;
#2029=DIRECTION('Vector Direction',(-0.925416578398,-0.336824088833,0.173648177667)) ;
#2036=DIRECTION('Axis2P3D Direction',(-0.342020143326,0.939692620786,0.)) ;
#2043=DIRECTION('Vector Direction',(-0.76975113132,-0.280166499593,-0.573576436351)) ;
#2050=DIRECTION('Axis2P3D Direction',(-0.342020143326,0.939692620786,0.)) ;
#2057=DIRECTION('Vector Direction',(-0.925416578398,-0.336824088833,0.173648177667)) ;
#2087=DIRECTION('Axis2P3D Direction',(-0.342020143326,0.939692620786,0.)) ;
#2088=DIRECTION('Axis2P3D XDirection',(0.,0.,1.)) ;
#2092=DIRECTION('Vector Direction',(-0.342020143326,0.939692620786,0.)) ;
#2099=DIRECTION('Vector Direction',(-0.342020143326,0.939692620786,0.)) ;
#2106=DIRECTION('Axis2P3D Direction',(-0.342020143326,0.939692620786,0.)) ;
#2118=DIRECTION('Axis2P3D Direction',(0.,-0.,1.)) ;
#2119=DIRECTION('Axis2P3D XDirection',(0.939692620786,0.342020143326,0.)) ;
#2123=DIRECTION('Vector Direction',(-0.342020143326,0.939692620786,0.)) ;
#2130=DIRECTION('Vector Direction',(0.939692620786,0.342020143326,0.)) ;
#2137=DIRECTION('Vector Direction',(-0.342020143326,0.939692620786,0.)) ;
#2149=DIRECTION('Axis2P3D Direction',(0.163175911167,0.0593911746139,0.984807753012)) ;
#2150=DIRECTION('Axis2P3D XDirection',(0.925416578398,0.336824088833,-0.173648177667)) ;
#2154=DIRECTION('Vector Direction',(0.925416578398,0.336824088833,-0.173648177667)) ;
#2163=DIRECTION('Vector Direction',(-0.342020143326,0.939692620786,0.)) ;
#2168=DIRECTION('Vector Direction',(-0.342020143326,0.939692620786,0.)) ;
#2180=DIRECTION('Axis2P3D Direction',(0.342020143326,-0.939692620786,0.)) ;
#2181=DIRECTION('Axis2P3D XDirection',(0.76975113132,0.280166499593,0.573576436351)) ;
#2185=DIRECTION('Axis2P3D Direction',(0.342020143326,-0.939692620786,0.)) ;
#2192=DIRECTION('Vector Direction',(0.342020143326,-0.939692620786,0.)) ;
#2204=DIRECTION('Axis2P3D Direction',(0.76975113132,0.280166499593,0.573576436351)) ;
#2205=DIRECTION('Axis2P3D XDirection',(0.538985544696,0.196174694969,-0.819152044289)) ;
#2209=DIRECTION('Vector Direction',(0.538985544696,0.196174694969,-0.819152044289)) ;
#2216=DIRECTION('Vector Direction',(-0.342020143326,0.939692620786,0.)) ;
#2228=DIRECTION('Axis2P3D Direction',(0.163175911167,0.0593911746139,0.984807753012)) ;
#2229=DIRECTION('Axis2P3D XDirection',(0.925416578398,0.336824088833,-0.173648177667)) ;
#2233=DIRECTION('Vector Direction',(-0.342020143326,0.939692620786,0.)) ;
#2240=DIRECTION('Vector Direction',(0.925416578398,0.336824088833,-0.173648177667)) ;
#2247=DIRECTION('Vector Direction',(-0.342020143326,0.939692620786,0.)) ;
#2259=DIRECTION('Axis2P3D Direction',(-0.538985544696,-0.196174694969,0.819152044289)) ;
#2260=DIRECTION('Axis2P3D XDirection',(0.76975113132,0.280166499593,0.573576436351)) ;
#2264=DIRECTION('Vector Direction',(-0.342020143326,0.939692620786,0.)) ;
#2271=DIRECTION('Vector Direction',(0.76975113132,0.280166499593,0.573576436351)) ;
#2278=DIRECTION('Vector Direction',(-0.342020143326,0.939692620786,0.)) ;
#2290=DIRECTION('Axis2P3D Direction',(0.342020143326,-0.939692620786,0.)) ;
#2291=DIRECTION('Axis2P3D XDirection',(0.925416578398,0.336824088833,-0.173648177667)) ;
#2295=DIRECTION('Axis2P3D Direction',(0.342020143326,-0.939692620786,0.)) ;
#2302=DIRECTION('Vector Direction',(0.342020143326,-0.939692620786,0.)) ;
#2314=DIRECTION('Axis2P3D Direction',(0.925416578398,0.336824088833,-0.173648177667)) ;
#2315=DIRECTION('Axis2P3D XDirection',(-0.163175911167,-0.0593911746139,-0.984807753012)) ;
#2319=DIRECTION('Vector Direction',(-0.163175911167,-0.0593911746139,-0.984807753012)) ;
#2326=DIRECTION('Vector Direction',(-0.342020143326,0.939692620786,0.)) ;
#2338=DIRECTION('Axis2P3D Direction',(0.342020143326,-0.939692620786,0.)) ;
#2339=DIRECTION('Axis2P3D XDirection',(-0.76975113132,-0.280166499593,-0.573576436351)) ;
#2343=DIRECTION('Axis2P3D Direction',(0.342020143326,-0.939692620786,0.)) ;
#2350=DIRECTION('Vector Direction',(0.342020143326,-0.939692620786,0.)) ;
#2362=DIRECTION('Axis2P3D Direction',(-0.76975113132,-0.280166499593,-0.573576436351)) ;
#2363=DIRECTION('Axis2P3D XDirection',(-0.538985544696,-0.196174694969,0.819152044289)) ;
#2367=DIRECTION('Vector Direction',(-0.538985544696,-0.196174694969,0.819152044289)) ;
#2374=DIRECTION('Vector Direction',(-0.342020143326,0.939692620786,0.)) ;
#2386=DIRECTION('Axis2P3D Direction',(-0.163175911167,-0.0593911746139,-0.984807753012)) ;
#2387=DIRECTION('Axis2P3D XDirection',(-0.925416578398,-0.336824088833,0.173648177667)) ;
#2391=DIRECTION('Vector Direction',(-0.342020143326,0.939692620786,0.)) ;
#2398=DIRECTION('Vector Direction',(-0.925416578398,-0.336824088833,0.173648177667)) ;
#2405=DIRECTION('Vector Direction',(-0.342020143326,0.939692620786,0.)) ;
#2417=DIRECTION('Axis2P3D Direction',(0.538985544696,0.196174694969,-0.819152044289)) ;
#2418=DIRECTION('Axis2P3D XDirection',(-0.76975113132,-0.280166499593,-0.573576436351)) ;
#2422=DIRECTION('Vector Direction',(-0.342020143326,0.939692620786,0.)) ;
#2429=DIRECTION('Vector Direction',(-0.76975113132,-0.280166499593,-0.573576436351)) ;
#2436=DIRECTION('Vector Direction',(-0.342020143326,0.939692620786,0.)) ;
#2448=DIRECTION('Axis2P3D Direction',(0.342020143326,-0.939692620786,0.)) ;
#2449=DIRECTION('Axis2P3D XDirection',(-0.163175911166,-0.0593911746139,-0.984807753012)) ;
#2453=DIRECTION('Axis2P3D Direction',(0.342020143326,-0.939692620786,0.)) ;
#2460=DIRECTION('Vector Direction',(0.342020143326,-0.939692620786,0.)) ;
#2472=DIRECTION('Axis2P3D Direction',(-0.163175911167,-0.0593911746139,-0.984807753012)) ;
#2473=DIRECTION('Axis2P3D XDirection',(-0.925416578398,-0.336824088833,0.173648177667)) ;
#2477=DIRECTION('Vector Direction',(-0.925416578398,-0.336824088833,0.173648177667)) ;
#2489=DIRECTION('Axis2P3D Direction',(-0.342020143326,0.939692620786,0.)) ;
#2490=DIRECTION('Axis2P3D XDirection',(0.939692620786,0.342020143326,0.)) ;
#2494=DIRECTION('Axis2P3D Direction',(-0.342020143326,0.939692620786,0.)) ;
#2499=DIRECTION('Axis2P3D Direction',(-0.342020143326,0.939692620786,0.)) ;
#2504=DIRECTION('Axis2P3D Direction',(-0.342020143326,0.939692620786,0.)) ;
#2509=DIRECTION('Axis2P3D Direction',(-0.342020143326,0.939692620786,0.)) ;
#2514=DIRECTION('Axis2P3D Direction',(-0.342020143326,0.939692620786,0.)) ;
#2519=DIRECTION('Vector Direction',(0.,0.,-1.)) ;
#2526=DIRECTION('Vector Direction',(-0.939692620786,-0.342020143326,0.)) ;
#2556=DIRECTION('Axis2P3D Direction',(0.342020143326,-0.939692620786,0.)) ;
#2557=DIRECTION('Axis2P3D XDirection',(0.163175911167,0.0593911746139,0.984807753012)) ;
#2568=DIRECTION('Axis2P3D Direction',(0.342020143326,-0.939692620786,0.)) ;
#2569=DIRECTION('Axis2P3D XDirection',(0.76975113132,0.280166499593,0.573576436351)) ;
#2580=DIRECTION('Axis2P3D Direction',(0.342020143326,-0.939692620786,0.)) ;
#2581=DIRECTION('Axis2P3D XDirection',(-0.163175911166,-0.0593911746139,-0.984807753012)) ;
#2592=DIRECTION('Axis2P3D Direction',(0.342020143326,-0.939692620786,0.)) ;
#2593=DIRECTION('Axis2P3D XDirection',(-0.76975113132,-0.280166499593,-0.573576436351)) ;
#2604=DIRECTION('Axis2P3D Direction',(-0.342020143326,0.939692620786,8.32667268469E-017)) ;
#2605=DIRECTION('Axis2P3D XDirection',(-5.27355936697E-016,-2.8449465006E-016,1.)) ;
#2616=DIRECTION('Axis2P3D Direction',(-0.,0.,-1.)) ;
#2617=DIRECTION('Axis2P3D XDirection',(-0.939692620786,-0.342020143326,0.)) ;
#2621=DIRECTION('Vector Direction',(-0.342020143326,0.939692620786,0.)) ;
#2633=DIRECTION('Axis2P3D Direction',(0.,0.,1.)) ;
#2634=DIRECTION('Axis2P3D XDirection',(-1.96005385927E-015,-1.,-0.)) ;
#2638=DIRECTION('Axis2P3D Direction',(0.,0.,1.)) ;
#2647=DIRECTION('Vector Direction',(0.,0.,1.)) ;
#2652=DIRECTION('Vector Direction',(0.,0.,1.)) ;
#2664=DIRECTION('Axis2P3D Direction',(-0.,-1.,-0.)) ;
#2665=DIRECTION('Axis2P3D XDirection',(-1.,0.,0.)) ;
#2669=DIRECTION('Vector Direction',(-1.,0.,0.)) ;
#2676=DIRECTION('Vector Direction',(0.,0.,-1.)) ;
#2688=DIRECTION('Axis2P3D Direction',(0.,0.,1.)) ;
#2689=DIRECTION('Axis2P3D XDirection',(6.12323399574E-017,1.,0.)) ;
#2693=DIRECTION('Axis2P3D Direction',(0.,0.,1.)) ;
#2700=DIRECTION('Vector Direction',(0.,0.,1.)) ;
#2712=DIRECTION('Axis2P3D Direction',(-0.,1.,0.)) ;
#2713=DIRECTION('Axis2P3D XDirection',(1.,0.,0.)) ;
#2717=DIRECTION('Vector Direction',(1.,0.,0.)) ;
#2729=DIRECTION('Axis2P3D Direction',(-0.,0.,1.)) ;
#2730=DIRECTION('Axis2P3D XDirection',(0.965925826289,-0.258819045103,0.)) ;
#2734=DIRECTION('Vector Direction',(-0.965925826289,0.258819045103,0.)) ;
#2759=DIRECTION('Axis2P3D Direction',(-0.,0.,1.)) ;
#2760=DIRECTION('Axis2P3D XDirection',(-0.258819045103,-0.965925826289,-0.)) ;
#2778=DIRECTION('Axis2P3D Direction',(-0.,0.,1.)) ;
#2779=DIRECTION('Axis2P3D XDirection',(0.965925826289,-0.258819045103,0.)) ;
#2783=DIRECTION('Vector Direction',(-0.965925826289,0.258819045103,0.)) ;
#2797=DIRECTION('Axis2P3D Direction',(-0.408217893677,0.109381654947,0.906307787037)) ;
#2798=DIRECTION('Axis2P3D XDirection',(0.875426098066,-0.23456971601,0.422618261741)) ;
#2802=DIRECTION('Vector Direction',(0.258819045103,0.965925826289,0.)) ;
#2809=DIRECTION('Vector Direction',(0.875426098066,-0.23456971601,0.422618261741)) ;
#2821=DIRECTION('Axis2P3D Direction',(0.,4.87229774932E-015,-1.)) ;
#2822=DIRECTION('Axis2P3D XDirection',(-1.83697019872E-016,1.,4.87229774932E-015)) ;
#2826=DIRECTION('Axis2P3D Direction',(0.,4.87229774932E-015,-1.)) ;
#2838=DIRECTION('Axis2P3D Direction',(0.,0.,-1.)) ;
#2839=DIRECTION('Axis2P3D XDirection',(0.,1.,0.)) ;
#2858=DIRECTION('Axis2P3D Direction',(0.258819045103,0.965925826289,0.)) ;
#2859=DIRECTION('Axis2P3D XDirection',(0.408217893677,-0.109381654947,-0.906307787037)) ;
#2863=DIRECTION('Axis2P3D Direction',(0.258819045103,0.965925826289,0.)) ;
#2875=DIRECTION('Axis2P3D Direction',(0.258819045103,0.965925826289,0.)) ;
#2876=DIRECTION('Axis2P3D XDirection',(0.965925826289,-0.258819045103,0.)) ;
#2895=DIRECTION('Axis2P3D Direction',(-1.,0.,0.)) ;
#2896=DIRECTION('Axis2P3D XDirection',(0.,-1.,0.)) ;
#2907=DIRECTION('Axis2P3D Direction',(-0.,0.,1.)) ;
#2908=DIRECTION('Axis2P3D XDirection',(0.258819045103,0.965925826289,0.)) ;
#2919=DIRECTION('Axis2P3D Direction',(0.,-1.,0.)) ;
#2920=DIRECTION('Axis2P3D XDirection',(1.,0.,0.)) ;
#2924=DIRECTION('Vector Direction',(0.,-1.,0.)) ;
#2929=DIRECTION('Vector Direction',(0.,-1.,0.)) ;
#2948=DIRECTION('Axis2P3D Direction',(-0.707106781187,0.,0.707106781187)) ;
#2949=DIRECTION('Axis2P3D XDirection',(0.,-1.,0.)) ;
#2953=DIRECTION('Vector Direction',(0.,-1.,0.)) ;
#2965=DIRECTION('Axis2P3D Direction',(0.,-1.,0.)) ;
#2966=DIRECTION('Axis2P3D XDirection',(0.,0.,1.)) ;
#2970=DIRECTION('Vector Direction',(0.,-1.,0.)) ;
#2982=DIRECTION('Axis2P3D Direction',(0.,1.,0.)) ;
#2983=DIRECTION('Axis2P3D XDirection',(-0.707106781187,0.,-0.707106781187)) ;
#2994=DIRECTION('Axis2P3D Direction',(0.,1.,0.)) ;
#2995=DIRECTION('Axis2P3D XDirection',(2.77555756156E-016,0.,-1.)) ;
#3006=DIRECTION('Axis2P3D Direction',(0.,0.,1.)) ;
#3007=DIRECTION('Axis2P3D XDirection',(-1.83697019872E-016,-1.,-0.)) ;
#3011=DIRECTION('Vector Direction',(0.,0.,1.)) ;
#3018=DIRECTION('Axis2P3D Direction',(0.,0.,1.)) ;
#3030=DIRECTION('Axis2P3D Direction',(0.,1.,0.)) ;
#3031=DIRECTION('Axis2P3D XDirection',(0.,0.,-1.)) ;
#3035=DIRECTION('Vector Direction',(-1.,0.,0.)) ;
#3042=DIRECTION('Vector Direction',(0.,0.,-1.)) ;
#3049=DIRECTION('Vector Direction',(-1.,0.,0.)) ;
#3061=DIRECTION('Axis2P3D Direction',(1.,-0.,0.)) ;
#3062=DIRECTION('Axis2P3D XDirection',(0.,-1.,1.22464679915E-016)) ;
#3066=DIRECTION('Vector Direction',(1.,0.,0.)) ;
#3073=DIRECTION('Axis2P3D Direction',(1.,-0.,0.)) ;
#3085=DIRECTION('Axis2P3D Direction',(0.,-1.,0.)) ;
#3086=DIRECTION('Axis2P3D XDirection',(0.,0.,1.)) ;
#3090=DIRECTION('Vector Direction',(-1.,0.,0.)) ;
#3097=DIRECTION('Vector Direction',(0.,0.,1.)) ;
#3109=DIRECTION('Axis2P3D Direction',(1.,-0.,0.)) ;
#3110=DIRECTION('Axis2P3D XDirection',(0.,1.,0.)) ;
#3114=DIRECTION('Axis2P3D Direction',(1.,-0.,0.)) ;
#3126=DIRECTION('Axis2P3D Direction',(1.,-0.,0.)) ;
#3127=DIRECTION('Axis2P3D XDirection',(0.,-1.,1.22464679915E-016)) ;
#3131=DIRECTION('Vector Direction',(1.,0.,0.)) ;
#3138=DIRECTION('Axis2P3D Direction',(1.,-0.,0.)) ;
#3145=DIRECTION('Vector Direction',(1.,0.,0.)) ;
#3157=DIRECTION('Axis2P3D Direction',(0.,-1.,0.)) ;
#3158=DIRECTION('Axis2P3D XDirection',(0.,0.,1.)) ;
#3162=DIRECTION('Vector Direction',(-1.,0.,0.)) ;
#3169=DIRECTION('Vector Direction',(0.,0.,1.)) ;
#3181=DIRECTION('Axis2P3D Direction',(1.,-0.,0.)) ;
#3182=DIRECTION('Axis2P3D XDirection',(0.,1.,0.)) ;
#3186=DIRECTION('Vector Direction',(1.,0.,0.)) ;
#3193=DIRECTION('Axis2P3D Direction',(1.,-0.,0.)) ;
#3205=DIRECTION('Axis2P3D Direction',(0.,1.,0.)) ;
#3206=DIRECTION('Axis2P3D XDirection',(0.,0.,-1.)) ;
#3210=DIRECTION('Vector Direction',(0.,0.,-1.)) ;
#3222=DIRECTION('Vector Direction',(0.,-5.68434188608E-015,1.)) ;
#3234=DIRECTION('Vector Direction',(0.,-1.,0.)) ;
#3241=DIRECTION('Vector Direction',(-1.,0.,0.)) ;
#3257=DIRECTION('Axis2P3D Direction',(-1.,0.,0.)) ;
#3258=DIRECTION('Axis2P3D XDirection',(0.,1.,5.68434188608E-015)) ;
#3262=DIRECTION('Vector Direction',(-1.,0.,0.)) ;
#3269=DIRECTION('Axis2P3D Direction',(-1.,0.,0.)) ;
#3281=DIRECTION('Axis2P3D Direction',(-1.,0.,0.)) ;
#3282=DIRECTION('Axis2P3D XDirection',(0.,-1.,0.)) ;
#3286=DIRECTION('Vector Direction',(0.,-1.,0.)) ;
#3293=DIRECTION('Vector Direction',(0.,0.,1.)) ;
#3325=DIRECTION('Axis2P3D Direction',(0.342020143326,-4.45127843698E-015,0.939692620786)) ;
#3326=DIRECTION('Axis2P3D XDirection',(-0.851650739639,-0.422618261741,0.309975519219)) ;
#3330=DIRECTION('Vector Direction',(0.342020143326,-4.42647852245E-015,0.939692620786)) ;
#3335=DIRECTION('Vector Direction',(0.342020143326,-4.42647852245E-015,0.939692620786)) ;
#3347=DIRECTION('Axis2P3D Direction',(-0.851650739639,-0.422618261741,0.309975519219)) ;
#3348=DIRECTION('Axis2P3D XDirection',(-0.397131261967,0.906307787037,0.144543958453)) ;
#3352=DIRECTION('Vector Direction',(-0.342020143326,4.73695157173E-015,-0.939692620786)) ;
#3364=DIRECTION('Axis2P3D Direction',(0.342020143326,-4.45127843698E-015,0.939692620786)) ;
#3365=DIRECTION('Axis2P3D XDirection',(0.851650739639,0.422618261741,-0.309975519219)) ;
#3369=DIRECTION('Vector Direction',(0.342020143326,-4.42647852245E-015,0.939692620786)) ;
#3381=DIRECTION('Axis2P3D Direction',(0.851650739639,0.422618261741,-0.309975519219)) ;
#3382=DIRECTION('Axis2P3D XDirection',(0.397131261967,-0.906307787037,-0.144543958453)) ;
#3393=DIRECTION('Axis2P3D Direction',(0.,1.,4.73695157173E-015)) ;
#3394=DIRECTION('Axis2P3D XDirection',(-1.,0.,0.)) ;
#3398=DIRECTION('Axis2P3D Direction',(0.,1.,4.73695157173E-015)) ;
#3414=DIRECTION('Axis2P3D Direction',(0.,1.,4.73695157173E-015)) ;
#3415=DIRECTION('Axis2P3D XDirection',(0.342020143326,-4.45127843698E-015,0.939692620786)) ;
#3426=DIRECTION('Axis2P3D Direction',(0.342020143326,-4.45127843698E-015,0.939692620786)) ;
#3427=DIRECTION('Axis2P3D XDirection',(0.851650739639,0.422618261741,-0.309975519219)) ;
#3443=DIRECTION('Axis2P3D Direction',(0.,-1.,0.)) ;
#3444=DIRECTION('Axis2P3D XDirection',(1.,0.,0.)) ;
#3448=DIRECTION('Vector Direction',(0.,-1.,0.)) ;
#3457=DIRECTION('Axis2P3D Direction',(0.,-1.,0.)) ;
#3464=DIRECTION('Vector Direction',(0.,-1.,0.)) ;
#3471=DIRECTION('Axis2P3D Direction',(0.,-1.,0.)) ;
#3483=DIRECTION('Axis2P3D Direction',(0.,-1.,0.)) ;
#3488=DIRECTION('Axis2P3D Direction',(0.,-1.,0.)) ;
#3500=DIRECTION('Axis2P3D Direction',(0.,-1.,0.)) ;
#3501=DIRECTION('Axis2P3D XDirection',(1.,0.,0.)) ;
#3505=DIRECTION('Axis2P3D Direction',(0.,-1.,0.)) ;
#3514=DIRECTION('Vector Direction',(0.,-1.,0.)) ;
#3521=DIRECTION('Axis2P3D Direction',(0.,-1.,0.)) ;
#3528=DIRECTION('Vector Direction',(0.,-1.,0.)) ;
#3540=DIRECTION('Axis2P3D Direction',(0.,-1.,0.)) ;
#3545=DIRECTION('Axis2P3D Direction',(0.,-1.,0.)) ;
#3557=DIRECTION('Axis2P3D Direction',(0.,-1.,0.)) ;
#3558=DIRECTION('Axis2P3D XDirection',(1.,0.,0.)) ;
#3571=DIRECTION('Axis2P3D Direction',(0.,-1.,0.)) ;
#3572=DIRECTION('Axis2P3D XDirection',(1.,0.,0.)) ;
#15=UNCERTAINTY_MEASURE_WITH_UNIT(LENGTH_MEASURE(0.005),#12,'distance_accuracy_value','CONFUSED CURVE UNCERTAINTY') ;
#18=AXIS2_PLACEMENT_3D(' ',#17,$,$) ;
#34=AXIS2_PLACEMENT_3D('Plane Axis2P3D',#31,#32,#33) ;
#74=AXIS2_PLACEMENT_3D('Cylinder Axis2P3D',#71,#72,#73) ;
#78=AXIS2_PLACEMENT_3D('Circle Axis2P3D',#76,#77,$) ;
#85=AXIS2_PLACEMENT_3D('Circle Axis2P3D',#83,#84,$) ;
#105=AXIS2_PLACEMENT_3D('Plane Axis2P3D',#102,#103,#104) ;
#118=AXIS2_PLACEMENT_3D('Circle Axis2P3D',#116,#117,$) ;
#146=AXIS2_PLACEMENT_3D('Circle Axis2P3D',#144,#145,$) ;
#159=AXIS2_PLACEMENT_3D('Circle Axis2P3D',#157,#158,$) ;
#186=AXIS2_PLACEMENT_3D('Circle Axis2P3D',#184,#185,$) ;
#200=AXIS2_PLACEMENT_3D('Circle Axis2P3D',#198,#199,$) ;
#213=AXIS2_PLACEMENT_3D('Plane Axis2P3D',#210,#211,#212) ;
#217=AXIS2_PLACEMENT_3D('Circle Axis2P3D',#215,#216,$) ;
#247=AXIS2_PLACEMENT_3D('Circle Axis2P3D',#245,#246,$) ;
#274=AXIS2_PLACEMENT_3D('Circle Axis2P3D',#272,#273,$) ;
#285=AXIS2_PLACEMENT_3D('Circle Axis2P3D',#283,#284,$) ;
#301=AXIS2_PLACEMENT_3D('Circle Axis2P3D',#299,#300,$) ;
#321=AXIS2_PLACEMENT_3D('Plane Axis2P3D',#318,#319,#320) ;
#338=AXIS2_PLACEMENT_3D('Plane Axis2P3D',#335,#336,#337) ;
#342=AXIS2_PLACEMENT_3D('Circle Axis2P3D',#340,#341,$) ;
#370=AXIS2_PLACEMENT_3D('Circle Axis2P3D',#368,#369,$) ;
#392=AXIS2_PLACEMENT_3D('Cylinder Axis2P3D',#389,#390,#391) ;
#409=AXIS2_PLACEMENT_3D('Cylinder Axis2P3D',#406,#407,#408) ;
#422=AXIS2_PLACEMENT_3D('Circle Axis2P3D',#420,#421,$) ;
#427=AXIS2_PLACEMENT_3D('Circle Axis2P3D',#425,#426,$) ;
#440=AXIS2_PLACEMENT_3D('Plane Axis2P3D',#437,#438,#439) ;
#457=AXIS2_PLACEMENT_3D('Cylinder Axis2P3D',#454,#455,#456) ;
#474=AXIS2_PLACEMENT_3D('Cylinder Axis2P3D',#471,#472,#473) ;
#485=AXIS2_PLACEMENT_3D('Circle Axis2P3D',#483,#484,$) ;
#498=AXIS2_PLACEMENT_3D('Plane Axis2P3D',#495,#496,#497) ;
#525=AXIS2_PLACEMENT_3D('Circle Axis2P3D',#523,#524,$) ;
#544=AXIS2_PLACEMENT_3D('Circle Axis2P3D',#542,#543,$) ;
#558=AXIS2_PLACEMENT_3D('Circle Axis2P3D',#556,#557,$) ;
#586=AXIS2_PLACEMENT_3D('Circle Axis2P3D',#584,#585,$) ;
#600=AXIS2_PLACEMENT_3D('Circle Axis2P3D',#598,#599,$) ;
#611=AXIS2_PLACEMENT_3D('Circle Axis2P3D',#609,#610,$) ;
#627=AXIS2_PLACEMENT_3D('Circle Axis2P3D',#625,#626,$) ;
#647=AXIS2_PLACEMENT_3D('Plane Axis2P3D',#644,#645,#646) ;
#671=AXIS2_PLACEMENT_3D('Cylinder Axis2P3D',#668,#669,#670) ;
#675=AXIS2_PLACEMENT_3D('Circle Axis2P3D',#673,#674,$) ;
#695=AXIS2_PLACEMENT_3D('Cylinder Axis2P3D',#692,#693,#694) ;
#699=AXIS2_PLACEMENT_3D('Circle Axis2P3D',#697,#698,$) ;
#706=AXIS2_PLACEMENT_3D('Circle Axis2P3D',#704,#705,$) ;
#726=AXIS2_PLACEMENT_3D('Plane Axis2P3D',#723,#724,#725) ;
#739=AXIS2_PLACEMENT_3D('Circle Axis2P3D',#737,#738,$) ;
#766=AXIS2_PLACEMENT_3D('Cylinder Axis2P3D',#763,#764,#765) ;
#777=AXIS2_PLACEMENT_3D('Circle Axis2P3D',#775,#776,$) ;
#790=AXIS2_PLACEMENT_3D('Cylinder Axis2P3D',#787,#788,#789) ;
#803=AXIS2_PLACEMENT_3D('Circle Axis2P3D',#801,#802,$) ;
#808=AXIS2_PLACEMENT_3D('Circle Axis2P3D',#806,#807,$) ;
#821=AXIS2_PLACEMENT_3D('Plane Axis2P3D',#818,#819,#820) ;
#832=AXIS2_PLACEMENT_3D('Circle Axis2P3D',#830,#831,$) ;
#860=AXIS2_PLACEMENT_3D('Circle Axis2P3D',#858,#859,$) ;
#874=AXIS2_PLACEMENT_3D('Circle Axis2P3D',#872,#873,$) ;
#902=AXIS2_PLACEMENT_3D('Circle Axis2P3D',#900,#901,$) ;
#916=AXIS2_PLACEMENT_3D('Circle Axis2P3D',#914,#915,$) ;
#930=AXIS2_PLACEMENT_3D('Circle Axis2P3D',#928,#929,$) ;
#944=AXIS2_PLACEMENT_3D('Circle Axis2P3D',#942,#943,$) ;
#979=AXIS2_PLACEMENT_3D('Circle Axis2P3D',#977,#978,$) ;
#988=AXIS2_PLACEMENT_3D('Circle Axis2P3D',#986,#987,$) ;
#999=AXIS2_PLACEMENT_3D('Plane Axis2P3D',#996,#997,#998) ;
#1017=AXIS2_PLACEMENT_3D('Circle Axis2P3D',#1015,#1016,$) ;
#1031=AXIS2_PLACEMENT_3D('Circle Axis2P3D',#1029,#1030,$) ;
#1045=AXIS2_PLACEMENT_3D('Circle Axis2P3D',#1043,#1044,$) ;
#1059=AXIS2_PLACEMENT_3D('Circle Axis2P3D',#1057,#1058,$) ;
#1087=AXIS2_PLACEMENT_3D('Circle Axis2P3D',#1085,#1086,$) ;
#1101=AXIS2_PLACEMENT_3D('Circle Axis2P3D',#1099,#1100,$) ;
#1129=AXIS2_PLACEMENT_3D('Circle Axis2P3D',#1127,#1128,$) ;
#1164=AXIS2_PLACEMENT_3D('Circle Axis2P3D',#1162,#1163,$) ;
#1173=AXIS2_PLACEMENT_3D('Circle Axis2P3D',#1171,#1172,$) ;
#1184=AXIS2_PLACEMENT_3D('Plane Axis2P3D',#1181,#1182,#1183) ;
#1201=AXIS2_PLACEMENT_3D('Cylinder Axis2P3D',#1198,#1199,#1200) ;
#1218=AXIS2_PLACEMENT_3D('Plane Axis2P3D',#1215,#1216,#1217) ;
#1222=AXIS2_PLACEMENT_3D('Circle Axis2P3D',#1220,#1221,$) ;
#1250=AXIS2_PLACEMENT_3D('Circle Axis2P3D',#1248,#1249,$) ;
#1267=AXIS2_PLACEMENT_3D('Cylinder Axis2P3D',#1264,#1265,#1266) ;
#1278=AXIS2_PLACEMENT_3D('Circle Axis2P3D',#1276,#1277,$) ;
#1291=AXIS2_PLACEMENT_3D('Plane Axis2P3D',#1288,#1289,#1290) ;
#1311=AXIS2_PLACEMENT_3D('Circle Axis2P3D',#1309,#1310,$) ;
#1338=AXIS2_PLACEMENT_3D('Plane Axis2P3D',#1335,#1336,#1337) ;
#1360=AXIS2_PLACEMENT_3D('Plane Axis2P3D',#1357,#1358,#1359) ;
#1369=AXIS2_PLACEMENT_3D('Circle Axis2P3D',#1367,#1368,$) ;
#1397=AXIS2_PLACEMENT_3D('Circle Axis2P3D',#1395,#1396,$) ;
#1414=AXIS2_PLACEMENT_3D('Cylinder Axis2P3D',#1411,#1412,#1413) ;
#1418=AXIS2_PLACEMENT_3D('Circle Axis2P3D',#1416,#1417,$) ;
#1438=AXIS2_PLACEMENT_3D('Plane Axis2P3D',#1435,#1436,#1437) ;
#1458=AXIS2_PLACEMENT_3D('Circle Axis2P3D',#1456,#1457,$) ;
#1485=AXIS2_PLACEMENT_3D('Cylinder Axis2P3D',#1482,#1483,#1484) ;
#1514=AXIS2_PLACEMENT_3D('Cylinder Axis2P3D',#1511,#1512,#1513) ;
#1531=AXIS2_PLACEMENT_3D('Plane Axis2P3D',#1528,#1529,#1530) ;
#1548=AXIS2_PLACEMENT_3D('Cylinder Axis2P3D',#1545,#1546,#1547) ;
#1565=AXIS2_PLACEMENT_3D('Cylinder Axis2P3D',#1562,#1563,#1564) ;
#1569=AXIS2_PLACEMENT_3D('Circle Axis2P3D',#1567,#1568,$) ;
#1576=AXIS2_PLACEMENT_3D('Circle Axis2P3D',#1574,#1575,$) ;
#1596=AXIS2_PLACEMENT_3D('Plane Axis2P3D',#1593,#1594,#1595) ;
#1623=AXIS2_PLACEMENT_3D('Circle Axis2P3D',#1621,#1622,$) ;
#1640=AXIS2_PLACEMENT_3D('Circle Axis2P3D',#1638,#1639,$) ;
#1654=AXIS2_PLACEMENT_3D('Circle Axis2P3D',#1652,#1653,$) ;
#1675=AXIS2_PLACEMENT_3D('Cylinder Axis2P3D',#1672,#1673,#1674) ;
#1679=AXIS2_PLACEMENT_3D('Circle Axis2P3D',#1677,#1678,$) ;
#1686=AXIS2_PLACEMENT_3D('Circle Axis2P3D',#1684,#1685,$) ;
#1706=AXIS2_PLACEMENT_3D('Plane Axis2P3D',#1703,#1704,#1705) ;
#1715=AXIS2_PLACEMENT_3D('Circle Axis2P3D',#1713,#1714,$) ;
#1735=AXIS2_PLACEMENT_3D('Circle Axis2P3D',#1733,#1734,$) ;
#1751=AXIS2_PLACEMENT_3D('Circle Axis2P3D',#1749,#1750,$) ;
#1771=AXIS2_PLACEMENT_3D('Plane Axis2P3D',#1768,#1769,#1770) ;
#1795=AXIS2_PLACEMENT_3D('Cylinder Axis2P3D',#1792,#1793,#1794) ;
#1806=AXIS2_PLACEMENT_3D('Circle Axis2P3D',#1804,#1805,$) ;
#1826=AXIS2_PLACEMENT_3D('Cylinder Axis2P3D',#1823,#1824,#1825) ;
#1837=AXIS2_PLACEMENT_3D('Circle Axis2P3D',#1835,#1836,$) ;
#1850=AXIS2_PLACEMENT_3D('Plane Axis2P3D',#1847,#1848,#1849) ;
#1874=AXIS2_PLACEMENT_3D('Cylinder Axis2P3D',#1871,#1872,#1873) ;
#1878=AXIS2_PLACEMENT_3D('Circle Axis2P3D',#1876,#1877,$) ;
#1894=AXIS2_PLACEMENT_3D('Circle Axis2P3D',#1892,#1893,$) ;
#1914=AXIS2_PLACEMENT_3D('Plane Axis2P3D',#1911,#1912,#1913) ;
#1918=AXIS2_PLACEMENT_3D('Circle Axis2P3D',#1916,#1917,$) ;
#1939=AXIS2_PLACEMENT_3D('Circle Axis2P3D',#1937,#1938,$) ;
#1953=AXIS2_PLACEMENT_3D('Circle Axis2P3D',#1951,#1952,$) ;
#1967=AXIS2_PLACEMENT_3D('Circle Axis2P3D',#1965,#1966,$) ;
#1981=AXIS2_PLACEMENT_3D('Circle Axis2P3D',#1979,#1980,$) ;
#1995=AXIS2_PLACEMENT_3D('Circle Axis2P3D',#1993,#1994,$) ;
#2009=AXIS2_PLACEMENT_3D('Circle Axis2P3D',#2007,#2008,$) ;
#2023=AXIS2_PLACEMENT_3D('Circle Axis2P3D',#2021,#2022,$) ;
#2037=AXIS2_PLACEMENT_3D('Circle Axis2P3D',#2035,#2036,$) ;
#2051=AXIS2_PLACEMENT_3D('Circle Axis2P3D',#2049,#2050,$) ;
#2089=AXIS2_PLACEMENT_3D('Cylinder Axis2P3D',#2086,#2087,#2088) ;
#2107=AXIS2_PLACEMENT_3D('Circle Axis2P3D',#2105,#2106,$) ;
#2120=AXIS2_PLACEMENT_3D('Plane Axis2P3D',#2117,#2118,#2119) ;
#2151=AXIS2_PLACEMENT_3D('Plane Axis2P3D',#2148,#2149,#2150) ;
#2182=AXIS2_PLACEMENT_3D('Cylinder Axis2P3D',#2179,#2180,#2181) ;
#2186=AXIS2_PLACEMENT_3D('Circle Axis2P3D',#2184,#2185,$) ;
#2206=AXIS2_PLACEMENT_3D('Plane Axis2P3D',#2203,#2204,#2205) ;
#2230=AXIS2_PLACEMENT_3D('Plane Axis2P3D',#2227,#2228,#2229) ;
#2261=AXIS2_PLACEMENT_3D('Plane Axis2P3D',#2258,#2259,#2260) ;
#2292=AXIS2_PLACEMENT_3D('Cylinder Axis2P3D',#2289,#2290,#2291) ;
#2296=AXIS2_PLACEMENT_3D('Circle Axis2P3D',#2294,#2295,$) ;
#2316=AXIS2_PLACEMENT_3D('Plane Axis2P3D',#2313,#2314,#2315) ;
#2340=AXIS2_PLACEMENT_3D('Cylinder Axis2P3D',#2337,#2338,#2339) ;
#2344=AXIS2_PLACEMENT_3D('Circle Axis2P3D',#2342,#2343,$) ;
#2364=AXIS2_PLACEMENT_3D('Plane Axis2P3D',#2361,#2362,#2363) ;
#2388=AXIS2_PLACEMENT_3D('Plane Axis2P3D',#2385,#2386,#2387) ;
#2419=AXIS2_PLACEMENT_3D('Plane Axis2P3D',#2416,#2417,#2418) ;
#2450=AXIS2_PLACEMENT_3D('Cylinder Axis2P3D',#2447,#2448,#2449) ;
#2454=AXIS2_PLACEMENT_3D('Circle Axis2P3D',#2452,#2453,$) ;
#2474=AXIS2_PLACEMENT_3D('Plane Axis2P3D',#2471,#2472,#2473) ;
#2491=AXIS2_PLACEMENT_3D('Plane Axis2P3D',#2488,#2489,#2490) ;
#2495=AXIS2_PLACEMENT_3D('Circle Axis2P3D',#2493,#2494,$) ;
#2500=AXIS2_PLACEMENT_3D('Circle Axis2P3D',#2498,#2499,$) ;
#2505=AXIS2_PLACEMENT_3D('Circle Axis2P3D',#2503,#2504,$) ;
#2510=AXIS2_PLACEMENT_3D('Circle Axis2P3D',#2508,#2509,$) ;
#2515=AXIS2_PLACEMENT_3D('Circle Axis2P3D',#2513,#2514,$) ;
#2558=AXIS2_PLACEMENT_3D('Cylinder Axis2P3D',#2555,#2556,#2557) ;
#2570=AXIS2_PLACEMENT_3D('Cylinder Axis2P3D',#2567,#2568,#2569) ;
#2582=AXIS2_PLACEMENT_3D('Cylinder Axis2P3D',#2579,#2580,#2581) ;
#2594=AXIS2_PLACEMENT_3D('Cylinder Axis2P3D',#2591,#2592,#2593) ;
#2606=AXIS2_PLACEMENT_3D('Cylinder Axis2P3D',#2603,#2604,#2605) ;
#2618=AXIS2_PLACEMENT_3D('Plane Axis2P3D',#2615,#2616,#2617) ;
#2635=AXIS2_PLACEMENT_3D('Cylinder Axis2P3D',#2632,#2633,#2634) ;
#2639=AXIS2_PLACEMENT_3D('Circle Axis2P3D',#2637,#2638,$) ;
#2666=AXIS2_PLACEMENT_3D('Plane Axis2P3D',#2663,#2664,#2665) ;
#2690=AXIS2_PLACEMENT_3D('Cylinder Axis2P3D',#2687,#2688,#2689) ;
#2694=AXIS2_PLACEMENT_3D('Circle Axis2P3D',#2692,#2693,$) ;
#2714=AXIS2_PLACEMENT_3D('Plane Axis2P3D',#2711,#2712,#2713) ;
#2731=AXIS2_PLACEMENT_3D('Plane Axis2P3D',#2728,#2729,#2730) ;
#2761=AXIS2_PLACEMENT_3D('Cylinder Axis2P3D',#2758,#2759,#2760) ;
#2780=AXIS2_PLACEMENT_3D('Plane Axis2P3D',#2777,#2778,#2779) ;
#2799=AXIS2_PLACEMENT_3D('Plane Axis2P3D',#2796,#2797,#2798) ;
#2823=AXIS2_PLACEMENT_3D('Cylinder Axis2P3D',#2820,#2821,#2822) ;
#2827=AXIS2_PLACEMENT_3D('Circle Axis2P3D',#2825,#2826,$) ;
#2840=AXIS2_PLACEMENT_3D('Plane Axis2P3D',#2837,#2838,#2839) ;
#2860=AXIS2_PLACEMENT_3D('Cylinder Axis2P3D',#2857,#2858,#2859) ;
#2864=AXIS2_PLACEMENT_3D('Circle Axis2P3D',#2862,#2863,$) ;
#2877=AXIS2_PLACEMENT_3D('Plane Axis2P3D',#2874,#2875,#2876) ;
#2897=AXIS2_PLACEMENT_3D('Cylinder Axis2P3D',#2894,#2895,#2896) ;
#2909=AXIS2_PLACEMENT_3D('Cylinder Axis2P3D',#2906,#2907,#2908) ;
#2921=AXIS2_PLACEMENT_3D('Cylinder Axis2P3D',#2918,#2919,#2920) ;
#2950=AXIS2_PLACEMENT_3D('Plane Axis2P3D',#2947,#2948,#2949) ;
#2967=AXIS2_PLACEMENT_3D('Cylinder Axis2P3D',#2964,#2965,#2966) ;
#2984=AXIS2_PLACEMENT_3D('Cylinder Axis2P3D',#2981,#2982,#2983) ;
#2996=AXIS2_PLACEMENT_3D('Cylinder Axis2P3D',#2993,#2994,#2995) ;
#3008=AXIS2_PLACEMENT_3D('Cylinder Axis2P3D',#3005,#3006,#3007) ;
#3019=AXIS2_PLACEMENT_3D('Circle Axis2P3D',#3017,#3018,$) ;
#3032=AXIS2_PLACEMENT_3D('Plane Axis2P3D',#3029,#3030,#3031) ;
#3063=AXIS2_PLACEMENT_3D('Cylinder Axis2P3D',#3060,#3061,#3062) ;
#3074=AXIS2_PLACEMENT_3D('Circle Axis2P3D',#3072,#3073,$) ;
#3087=AXIS2_PLACEMENT_3D('Plane Axis2P3D',#3084,#3085,#3086) ;
#3111=AXIS2_PLACEMENT_3D('Cylinder Axis2P3D',#3108,#3109,#3110) ;
#3115=AXIS2_PLACEMENT_3D('Circle Axis2P3D',#3113,#3114,$) ;
#3128=AXIS2_PLACEMENT_3D('Cylinder Axis2P3D',#3125,#3126,#3127) ;
#3139=AXIS2_PLACEMENT_3D('Circle Axis2P3D',#3137,#3138,$) ;
#3159=AXIS2_PLACEMENT_3D('Plane Axis2P3D',#3156,#3157,#3158) ;
#3183=AXIS2_PLACEMENT_3D('Cylinder Axis2P3D',#3180,#3181,#3182) ;
#3194=AXIS2_PLACEMENT_3D('Circle Axis2P3D',#3192,#3193,$) ;
#3207=AXIS2_PLACEMENT_3D('Plane Axis2P3D',#3204,#3205,#3206) ;
#3259=AXIS2_PLACEMENT_3D('Cylinder Axis2P3D',#3256,#3257,#3258) ;
#3270=AXIS2_PLACEMENT_3D('Circle Axis2P3D',#3268,#3269,$) ;
#3283=AXIS2_PLACEMENT_3D('Plane Axis2P3D',#3280,#3281,#3282) ;
#3327=AXIS2_PLACEMENT_3D('Cylinder Axis2P3D',#3324,#3325,#3326) ;
#3349=AXIS2_PLACEMENT_3D('Plane Axis2P3D',#3346,#3347,#3348) ;
#3366=AXIS2_PLACEMENT_3D('Cylinder Axis2P3D',#3363,#3364,#3365) ;
#3383=AXIS2_PLACEMENT_3D('Plane Axis2P3D',#3380,#3381,#3382) ;
#3395=AXIS2_PLACEMENT_3D('Plane Axis2P3D',#3392,#3393,#3394) ;
#3399=AXIS2_PLACEMENT_3D('Circle Axis2P3D',#3397,#3398,$) ;
#3416=AXIS2_PLACEMENT_3D('Cylinder Axis2P3D',#3413,#3414,#3415) ;
#3428=AXIS2_PLACEMENT_3D('Cylinder Axis2P3D',#3425,#3426,#3427) ;
#3445=AXIS2_PLACEMENT_3D('Cylinder Axis2P3D',#3442,#3443,#3444) ;
#3458=AXIS2_PLACEMENT_3D('Circle Axis2P3D',#3456,#3457,$) ;
#3472=AXIS2_PLACEMENT_3D('Circle Axis2P3D',#3470,#3471,$) ;
#3484=AXIS2_PLACEMENT_3D('Circle Axis2P3D',#3482,#3483,$) ;
#3489=AXIS2_PLACEMENT_3D('Circle Axis2P3D',#3487,#3488,$) ;
#3502=AXIS2_PLACEMENT_3D('Cylinder Axis2P3D',#3499,#3500,#3501) ;
#3506=AXIS2_PLACEMENT_3D('Circle Axis2P3D',#3504,#3505,$) ;
#3522=AXIS2_PLACEMENT_3D('Circle Axis2P3D',#3520,#3521,$) ;
#3541=AXIS2_PLACEMENT_3D('Circle Axis2P3D',#3539,#3540,$) ;
#3546=AXIS2_PLACEMENT_3D('Circle Axis2P3D',#3544,#3545,$) ;
#3559=AXIS2_PLACEMENT_3D('Plane Axis2P3D',#3556,#3557,#3558) ;
#3573=AXIS2_PLACEMENT_3D('Plane Axis2P3D',#3570,#3571,#3572) ;
#39=LINE('Line',#36,#38) ;
#48=LINE('Line',#45,#47) ;
#55=LINE('Line',#52,#54) ;
#62=LINE('Line',#59,#61) ;
#93=LINE('Line',#90,#92) ;
#110=LINE('Line',#107,#109) ;
#126=LINE('Line',#123,#125) ;
#133=LINE('Line',#130,#132) ;
#140=LINE('Line',#137,#139) ;
#167=LINE('Line',#164,#166) ;
#178=LINE('Line',#175,#177) ;
#194=LINE('Line',#191,#193) ;
#227=LINE('Line',#224,#226) ;
#234=LINE('Line',#231,#233) ;
#241=LINE('Line',#238,#240) ;
#255=LINE('Line',#252,#254) ;
#268=LINE('Line',#265,#267) ;
#295=LINE('Line',#292,#294) ;
#309=LINE('Line',#306,#308) ;
#326=LINE('Line',#323,#325) ;
#350=LINE('Line',#347,#349) ;
#357=LINE('Line',#354,#356) ;
#364=LINE('Line',#361,#363) ;
#376=LINE('Line',#373,#375) ;
#397=LINE('Line',#394,#396) ;
#414=LINE('Line',#411,#413) ;
#445=LINE('Line',#442,#444) ;
#462=LINE('Line',#459,#461) ;
#479=LINE('Line',#476,#478) ;
#503=LINE('Line',#500,#502) ;
#512=LINE('Line',#509,#511) ;
#519=LINE('Line',#516,#518) ;
#533=LINE('Line',#530,#532) ;
#538=LINE('Line',#535,#537) ;
#552=LINE('Line',#549,#551) ;
#578=LINE('Line',#575,#577) ;
#594=LINE('Line',#591,#593) ;
#621=LINE('Line',#618,#620) ;
#635=LINE('Line',#632,#634) ;
#652=LINE('Line',#649,#651) ;
#659=LINE('Line',#656,#658) ;
#683=LINE('Line',#680,#682) ;
#714=LINE('Line',#711,#713) ;
#731=LINE('Line',#728,#730) ;
#747=LINE('Line',#744,#746) ;
#752=LINE('Line',#749,#751) ;
#771=LINE('Line',#768,#770) ;
#795=LINE('Line',#792,#794) ;
#826=LINE('Line',#823,#825) ;
#840=LINE('Line',#837,#839) ;
#847=LINE('Line',#844,#846) ;
#854=LINE('Line',#851,#853) ;
#868=LINE('Line',#865,#867) ;
#882=LINE('Line',#879,#881) ;
#889=LINE('Line',#886,#888) ;
#896=LINE('Line',#893,#895) ;
#910=LINE('Line',#907,#909) ;
#924=LINE('Line',#921,#923) ;
#938=LINE('Line',#935,#937) ;
#952=LINE('Line',#949,#951) ;
#1004=LINE('Line',#1001,#1003) ;
#1011=LINE('Line',#1008,#1010) ;
#1025=LINE('Line',#1022,#1024) ;
#1039=LINE('Line',#1036,#1038) ;
#1053=LINE('Line',#1050,#1052) ;
#1067=LINE('Line',#1064,#1066) ;
#1074=LINE('Line',#1071,#1073) ;
#1081=LINE('Line',#1078,#1080) ;
#1095=LINE('Line',#1092,#1094) ;
#1109=LINE('Line',#1106,#1108) ;
#1116=LINE('Line',#1113,#1115) ;
#1123=LINE('Line',#1120,#1122) ;
#1137=LINE('Line',#1134,#1136) ;
#1189=LINE('Line',#1186,#1188) ;
#1206=LINE('Line',#1203,#1205) ;
#1230=LINE('Line',#1227,#1229) ;
#1237=LINE('Line',#1234,#1236) ;
#1244=LINE('Line',#1241,#1243) ;
#1272=LINE('Line',#1269,#1271) ;
#1296=LINE('Line',#1293,#1295) ;
#1305=LINE('Line',#1302,#1304) ;
#1317=LINE('Line',#1314,#1316) ;
#1322=LINE('Line',#1319,#1321) ;
#1343=LINE('Line',#1340,#1342) ;
#1348=LINE('Line',#1345,#1347) ;
#1365=LINE('Line',#1362,#1364) ;
#1377=LINE('Line',#1374,#1376) ;
#1384=LINE('Line',#1381,#1383) ;
#1391=LINE('Line',#1388,#1390) ;
#1426=LINE('Line',#1423,#1425) ;
#1443=LINE('Line',#1440,#1442) ;
#1452=LINE('Line',#1449,#1451) ;
#1464=LINE('Line',#1461,#1463) ;
#1469=LINE('Line',#1466,#1468) ;
#1490=LINE('Line',#1487,#1489) ;
#1502=LINE('Line',#1499,#1501) ;
#1519=LINE('Line',#1516,#1518) ;
#1536=LINE('Line',#1533,#1535) ;
#1553=LINE('Line',#1550,#1552) ;
#1584=LINE('Line',#1581,#1583) ;
#1601=LINE('Line',#1598,#1600) ;
#1610=LINE('Line',#1607,#1609) ;
#1617=LINE('Line',#1614,#1616) ;
#1631=LINE('Line',#1628,#1630) ;
#1636=LINE('Line',#1633,#1635) ;
#1648=LINE('Line',#1645,#1647) ;
#1694=LINE('Line',#1691,#1693) ;
#1711=LINE('Line',#1708,#1710) ;
#1723=LINE('Line',#1720,#1722) ;
#1745=LINE('Line',#1742,#1744) ;
#1759=LINE('Line',#1756,#1758) ;
#1776=LINE('Line',#1773,#1775) ;
#1783=LINE('Line',#1780,#1782) ;
#1800=LINE('Line',#1797,#1799) ;
#1814=LINE('Line',#1811,#1813) ;
#1831=LINE('Line',#1828,#1830) ;
#1855=LINE('Line',#1852,#1854) ;
#1862=LINE('Line',#1859,#1861) ;
#1888=LINE('Line',#1885,#1887) ;
#1902=LINE('Line',#1899,#1901) ;
#1928=LINE('Line',#1925,#1927) ;
#1933=LINE('Line',#1930,#1932) ;
#1947=LINE('Line',#1944,#1946) ;
#1961=LINE('Line',#1958,#1960) ;
#1975=LINE('Line',#1972,#1974) ;
#1989=LINE('Line',#1986,#1988) ;
#2003=LINE('Line',#2000,#2002) ;
#2017=LINE('Line',#2014,#2016) ;
#2031=LINE('Line',#2028,#2030) ;
#2045=LINE('Line',#2042,#2044) ;
#2059=LINE('Line',#2056,#2058) ;
#2094=LINE('Line',#2091,#2093) ;
#2101=LINE('Line',#2098,#2100) ;
#2125=LINE('Line',#2122,#2124) ;
#2132=LINE('Line',#2129,#2131) ;
#2139=LINE('Line',#2136,#2138) ;
#2156=LINE('Line',#2153,#2155) ;
#2165=LINE('Line',#2162,#2164) ;
#2170=LINE('Line',#2167,#2169) ;
#2194=LINE('Line',#2191,#2193) ;
#2211=LINE('Line',#2208,#2210) ;
#2218=LINE('Line',#2215,#2217) ;
#2235=LINE('Line',#2232,#2234) ;
#2242=LINE('Line',#2239,#2241) ;
#2249=LINE('Line',#2246,#2248) ;
#2266=LINE('Line',#2263,#2265) ;
#2273=LINE('Line',#2270,#2272) ;
#2280=LINE('Line',#2277,#2279) ;
#2304=LINE('Line',#2301,#2303) ;
#2321=LINE('Line',#2318,#2320) ;
#2328=LINE('Line',#2325,#2327) ;
#2352=LINE('Line',#2349,#2351) ;
#2369=LINE('Line',#2366,#2368) ;
#2376=LINE('Line',#2373,#2375) ;
#2393=LINE('Line',#2390,#2392) ;
#2400=LINE('Line',#2397,#2399) ;
#2407=LINE('Line',#2404,#2406) ;
#2424=LINE('Line',#2421,#2423) ;
#2431=LINE('Line',#2428,#2430) ;
#2438=LINE('Line',#2435,#2437) ;
#2462=LINE('Line',#2459,#2461) ;
#2479=LINE('Line',#2476,#2478) ;
#2521=LINE('Line',#2518,#2520) ;
#2528=LINE('Line',#2525,#2527) ;
#2623=LINE('Line',#2620,#2622) ;
#2649=LINE('Line',#2646,#2648) ;
#2654=LINE('Line',#2651,#2653) ;
#2671=LINE('Line',#2668,#2670) ;
#2678=LINE('Line',#2675,#2677) ;
#2702=LINE('Line',#2699,#2701) ;
#2719=LINE('Line',#2716,#2718) ;
#2736=LINE('Line',#2733,#2735) ;
#2785=LINE('Line',#2782,#2784) ;
#2804=LINE('Line',#2801,#2803) ;
#2811=LINE('Line',#2808,#2810) ;
#2926=LINE('Line',#2923,#2925) ;
#2931=LINE('Line',#2928,#2930) ;
#2955=LINE('Line',#2952,#2954) ;
#2972=LINE('Line',#2969,#2971) ;
#3013=LINE('Line',#3010,#3012) ;
#3037=LINE('Line',#3034,#3036) ;
#3044=LINE('Line',#3041,#3043) ;
#3051=LINE('Line',#3048,#3050) ;
#3068=LINE('Line',#3065,#3067) ;
#3092=LINE('Line',#3089,#3091) ;
#3099=LINE('Line',#3096,#3098) ;
#3133=LINE('Line',#3130,#3132) ;
#3147=LINE('Line',#3144,#3146) ;
#3164=LINE('Line',#3161,#3163) ;
#3171=LINE('Line',#3168,#3170) ;
#3188=LINE('Line',#3185,#3187) ;
#3212=LINE('Line',#3209,#3211) ;
#3224=LINE('Line',#3221,#3223) ;
#3236=LINE('Line',#3233,#3235) ;
#3243=LINE('Line',#3240,#3242) ;
#3264=LINE('Line',#3261,#3263) ;
#3288=LINE('Line',#3285,#3287) ;
#3295=LINE('Line',#3292,#3294) ;
#3332=LINE('Line',#3329,#3331) ;
#3337=LINE('Line',#3334,#3336) ;
#3354=LINE('Line',#3351,#3353) ;
#3371=LINE('Line',#3368,#3370) ;
#3450=LINE('Line',#3447,#3449) ;
#3466=LINE('Line',#3463,#3465) ;
#3516=LINE('Line',#3513,#3515) ;
#3530=LINE('Line',#3527,#3529) ;
#79=CIRCLE('generated circle',#78,3.) ;
#86=CIRCLE('generated circle',#85,3.) ;
#119=CIRCLE('generated circle',#118,5.) ;
#147=CIRCLE('generated circle',#146,5.) ;
#160=CIRCLE('generated circle',#159,3.) ;
#187=CIRCLE('generated circle',#186,3.) ;
#201=CIRCLE('generated circle',#200,3.) ;
#218=CIRCLE('generated circle',#217,5.) ;
#248=CIRCLE('generated circle',#247,5.) ;
#275=CIRCLE('generated circle',#274,3.) ;
#286=CIRCLE('generated circle',#285,3.) ;
#302=CIRCLE('generated circle',#301,3.) ;
#343=CIRCLE('generated circle',#342,17.) ;
#371=CIRCLE('generated circle',#370,11.) ;
#423=CIRCLE('generated circle',#422,5.) ;
#428=CIRCLE('generated circle',#427,5.) ;
#486=CIRCLE('generated circle',#485,11.) ;
#526=CIRCLE('generated circle',#525,5.) ;
#545=CIRCLE('generated circle',#544,10.) ;
#559=CIRCLE('generated circle',#558,10.) ;
#587=CIRCLE('generated circle',#586,4.5) ;
#601=CIRCLE('generated circle',#600,4.5) ;
#612=CIRCLE('generated circle',#611,4.5) ;
#628=CIRCLE('generated circle',#627,4.5) ;
#676=CIRCLE('generated circle',#675,10.) ;
#700=CIRCLE('generated circle',#699,11.) ;
#707=CIRCLE('generated circle',#706,11.) ;
#740=CIRCLE('generated circle',#739,17.) ;
#778=CIRCLE('generated circle',#777,10.) ;
#804=CIRCLE('generated circle',#803,5.) ;
#809=CIRCLE('generated circle',#808,5.) ;
#833=CIRCLE('generated circle',#832,15.) ;
#861=CIRCLE('generated circle',#860,15.) ;
#875=CIRCLE('generated circle',#874,15.) ;
#903=CIRCLE('generated circle',#902,15.) ;
#917=CIRCLE('generated circle',#916,15.) ;
#931=CIRCLE('generated circle',#930,15.) ;
#945=CIRCLE('generated circle',#944,15.) ;
#980=CIRCLE('generated circle',#979,8.75) ;
#989=CIRCLE('generated circle',#988,8.75) ;
#1018=CIRCLE('generated circle',#1017,15.) ;
#1032=CIRCLE('generated circle',#1031,15.) ;
#1046=CIRCLE('generated circle',#1045,15.) ;
#1060=CIRCLE('generated circle',#1059,15.) ;
#1088=CIRCLE('generated circle',#1087,15.) ;
#1102=CIRCLE('generated circle',#1101,15.) ;
#1130=CIRCLE('generated circle',#1129,15.) ;
#1165=CIRCLE('generated circle',#1164,8.75) ;
#1174=CIRCLE('generated circle',#1173,8.75) ;
#1223=CIRCLE('generated circle',#1222,11.) ;
#1251=CIRCLE('generated circle',#1250,17.) ;
#1279=CIRCLE('generated circle',#1278,17.) ;
#1312=CIRCLE('generated circle',#1311,11.) ;
#1370=CIRCLE('generated circle',#1369,17.) ;
#1398=CIRCLE('generated circle',#1397,11.) ;
#1419=CIRCLE('generated circle',#1418,11.) ;
#1459=CIRCLE('generated circle',#1458,17.) ;
#1570=CIRCLE('generated circle',#1569,15.) ;
#1577=CIRCLE('generated circle',#1576,15.) ;
#1624=CIRCLE('generated circle',#1623,15.) ;
#1641=CIRCLE('generated circle',#1640,15.) ;
#1655=CIRCLE('generated circle',#1654,15.) ;
#1680=CIRCLE('generated circle',#1679,15.) ;
#1687=CIRCLE('generated circle',#1686,15.) ;
#1716=CIRCLE('generated circle',#1715,15.) ;
#1736=CIRCLE('generated circle',#1735,4.5) ;
#1752=CIRCLE('generated circle',#1751,4.5) ;
#1807=CIRCLE('generated circle',#1806,15.) ;
#1838=CIRCLE('generated circle',#1837,15.) ;
#1879=CIRCLE('generated circle',#1878,11.) ;
#1895=CIRCLE('generated circle',#1894,11.) ;
#1919=CIRCLE('generated circle',#1918,15.) ;
#1940=CIRCLE('generated circle',#1939,15.) ;
#1954=CIRCLE('generated circle',#1953,2.) ;
#1968=CIRCLE('generated circle',#1967,2.) ;
#1982=CIRCLE('generated circle',#1981,2.) ;
#1996=CIRCLE('generated circle',#1995,2.) ;
#2010=CIRCLE('generated circle',#2009,2.) ;
#2024=CIRCLE('generated circle',#2023,2.) ;
#2038=CIRCLE('generated circle',#2037,2.) ;
#2052=CIRCLE('generated circle',#2051,2.) ;
#2108=CIRCLE('generated circle',#2107,15.) ;
#2187=CIRCLE('generated circle',#2186,2.) ;
#2297=CIRCLE('generated circle',#2296,2.) ;
#2345=CIRCLE('generated circle',#2344,2.) ;
#2455=CIRCLE('generated circle',#2454,2.) ;
#2496=CIRCLE('generated circle',#2495,2.) ;
#2501=CIRCLE('generated circle',#2500,2.) ;
#2506=CIRCLE('generated circle',#2505,2.) ;
#2511=CIRCLE('generated circle',#2510,2.) ;
#2516=CIRCLE('generated circle',#2515,15.) ;
#2640=CIRCLE('generated circle',#2639,4.5) ;
#2695=CIRCLE('generated circle',#2694,4.5) ;
#2828=CIRCLE('generated circle',#2827,15.) ;
#2865=CIRCLE('generated circle',#2864,15.) ;
#3020=CIRCLE('generated circle',#3019,17.) ;
#3075=CIRCLE('generated circle',#3074,4.5) ;
#3116=CIRCLE('generated circle',#3115,4.5) ;
#3140=CIRCLE('generated circle',#3139,4.5) ;
#3195=CIRCLE('generated circle',#3194,4.5) ;
#3271=CIRCLE('generated circle',#3270,5.) ;
#3400=CIRCLE('generated circle',#3399,17.) ;
#3459=CIRCLE('generated circle',#3458,16.) ;
#3473=CIRCLE('generated circle',#3472,16.) ;
#3485=CIRCLE('generated circle',#3484,16.) ;
#3490=CIRCLE('generated circle',#3489,16.) ;
#3507=CIRCLE('generated circle',#3506,8.75) ;
#3523=CIRCLE('generated circle',#3522,8.75) ;
#3542=CIRCLE('generated circle',#3541,8.75) ;
#3547=CIRCLE('generated circle',#3546,8.75) ;
#35=PLANE('',#34) ;
#106=PLANE('',#105) ;
#214=PLANE('',#213) ;
#322=PLANE('',#321) ;
#339=PLANE('',#338) ;
#441=PLANE('',#440) ;
#499=PLANE('',#498) ;
#648=PLANE('',#647) ;
#727=PLANE('',#726) ;
#822=PLANE('',#821) ;
#1000=PLANE('',#999) ;
#1185=PLANE('',#1184) ;
#1219=PLANE('',#1218) ;
#1292=PLANE('',#1291) ;
#1339=PLANE('',#1338) ;
#1361=PLANE('',#1360) ;
#1439=PLANE('',#1438) ;
#1532=PLANE('',#1531) ;
#1597=PLANE('',#1596) ;
#1707=PLANE('',#1706) ;
#1772=PLANE('',#1771) ;
#1851=PLANE('',#1850) ;
#1915=PLANE('',#1914) ;
#2121=PLANE('',#2120) ;
#2152=PLANE('',#2151) ;
#2207=PLANE('',#2206) ;
#2231=PLANE('',#2230) ;
#2262=PLANE('',#2261) ;
#2317=PLANE('',#2316) ;
#2365=PLANE('',#2364) ;
#2389=PLANE('',#2388) ;
#2420=PLANE('',#2419) ;
#2475=PLANE('',#2474) ;
#2492=PLANE('',#2491) ;
#2619=PLANE('',#2618) ;
#2667=PLANE('',#2666) ;
#2715=PLANE('',#2714) ;
#2732=PLANE('',#2731) ;
#2781=PLANE('',#2780) ;
#2800=PLANE('',#2799) ;
#2841=PLANE('',#2840) ;
#2878=PLANE('',#2877) ;
#2951=PLANE('',#2950) ;
#3033=PLANE('',#3032) ;
#3088=PLANE('',#3087) ;
#3160=PLANE('',#3159) ;
#3208=PLANE('',#3207) ;
#3284=PLANE('',#3283) ;
#3350=PLANE('',#3349) ;
#3384=PLANE('',#3383) ;
#3396=PLANE('',#3395) ;
#3560=PLANE('',#3559) ;
#3574=PLANE('',#3573) ;
#75=CYLINDRICAL_SURFACE('generated cylinder',#74,3.) ;
#393=CYLINDRICAL_SURFACE('generated cylinder',#392,5.) ;
#410=CYLINDRICAL_SURFACE('generated cylinder',#409,5.) ;
#458=CYLINDRICAL_SURFACE('generated cylinder',#457,5.) ;
#475=CYLINDRICAL_SURFACE('generated cylinder',#474,11.) ;
#672=CYLINDRICAL_SURFACE('generated cylinder',#671,10.) ;
#696=CYLINDRICAL_SURFACE('generated cylinder',#695,11.) ;
#767=CYLINDRICAL_SURFACE('generated cylinder',#766,10.) ;
#791=CYLINDRICAL_SURFACE('generated cylinder',#790,5.) ;
#1202=CYLINDRICAL_SURFACE('generated cylinder',#1201,15.) ;
#1268=CYLINDRICAL_SURFACE('generated cylinder',#1267,17.) ;
#1415=CYLINDRICAL_SURFACE('generated cylinder',#1414,11.) ;
#1486=CYLINDRICAL_SURFACE('generated cylinder',#1485,15.) ;
#1515=CYLINDRICAL_SURFACE('generated cylinder',#1514,15.) ;
#1549=CYLINDRICAL_SURFACE('generated cylinder',#1548,15.) ;
#1566=CYLINDRICAL_SURFACE('generated cylinder',#1565,15.) ;
#1676=CYLINDRICAL_SURFACE('generated cylinder',#1675,15.) ;
#1796=CYLINDRICAL_SURFACE('generated cylinder',#1795,15.) ;
#1827=CYLINDRICAL_SURFACE('generated cylinder',#1826,15.) ;
#1875=CYLINDRICAL_SURFACE('generated cylinder',#1874,11.) ;
#2090=CYLINDRICAL_SURFACE('generated cylinder',#2089,15.) ;
#2183=CYLINDRICAL_SURFACE('generated cylinder',#2182,2.) ;
#2293=CYLINDRICAL_SURFACE('generated cylinder',#2292,2.) ;
#2341=CYLINDRICAL_SURFACE('generated cylinder',#2340,2.) ;
#2451=CYLINDRICAL_SURFACE('generated cylinder',#2450,2.) ;
#2559=CYLINDRICAL_SURFACE('generated cylinder',#2558,2.) ;
#2571=CYLINDRICAL_SURFACE('generated cylinder',#2570,2.) ;
#2583=CYLINDRICAL_SURFACE('generated cylinder',#2582,2.) ;
#2595=CYLINDRICAL_SURFACE('generated cylinder',#2594,2.) ;
#2607=CYLINDRICAL_SURFACE('generated cylinder',#2606,15.) ;
#2636=CYLINDRICAL_SURFACE('generated cylinder',#2635,4.5) ;
#2691=CYLINDRICAL_SURFACE('generated cylinder',#2690,4.5) ;
#2762=CYLINDRICAL_SURFACE('generated cylinder',#2761,17.) ;
#2824=CYLINDRICAL_SURFACE('generated cylinder',#2823,15.) ;
#2861=CYLINDRICAL_SURFACE('generated cylinder',#2860,15.) ;
#2898=CYLINDRICAL_SURFACE('generated cylinder',#2897,17.) ;
#2910=CYLINDRICAL_SURFACE('generated cylinder',#2909,11.) ;
#2922=CYLINDRICAL_SURFACE('generated cylinder',#2921,8.75) ;
#2968=CYLINDRICAL_SURFACE('generated cylinder',#2967,15.) ;
#2985=CYLINDRICAL_SURFACE('generated cylinder',#2984,15.) ;
#2997=CYLINDRICAL_SURFACE('generated cylinder',#2996,15.) ;
#3009=CYLINDRICAL_SURFACE('generated cylinder',#3008,17.) ;
#3064=CYLINDRICAL_SURFACE('generated cylinder',#3063,4.5) ;
#3112=CYLINDRICAL_SURFACE('generated cylinder',#3111,4.5) ;
#3129=CYLINDRICAL_SURFACE('generated cylinder',#3128,4.5) ;
#3184=CYLINDRICAL_SURFACE('generated cylinder',#3183,4.5) ;
#3260=CYLINDRICAL_SURFACE('generated cylinder',#3259,5.) ;
#3328=CYLINDRICAL_SURFACE('generated cylinder',#3327,3.) ;
#3367=CYLINDRICAL_SURFACE('generated cylinder',#3366,3.) ;
#3417=CYLINDRICAL_SURFACE('generated cylinder',#3416,17.) ;
#3429=CYLINDRICAL_SURFACE('generated cylinder',#3428,3.) ;
#3446=CYLINDRICAL_SURFACE('generated cylinder',#3445,16.) ;
#3503=CYLINDRICAL_SURFACE('generated cylinder',#3502,8.75) ;
#174=FACE_BOUND('',#169,.T.) ;
#208=FACE_BOUND('',#203,.T.) ;
#282=FACE_BOUND('',#277,.T.) ;
#316=FACE_BOUND('',#311,.T.) ;
#608=FACE_BOUND('',#603,.T.) ;
#642=FACE_BOUND('',#637,.T.) ;
#994=FACE_BOUND('',#991,.T.) ;
#1179=FACE_BOUND('',#1176,.T.) ;
#1766=FACE_BOUND('',#1761,.T.) ;
#2855=FACE_BOUND('',#2850,.T.) ;
#3316=FACE_BOUND('',#3311,.T.) ;
#3322=FACE_BOUND('',#3317,.T.) ;
#3568=FACE_BOUND('',#3565,.T.) ;
#3582=FACE_BOUND('',#3579,.T.) ;
#44=EDGE_CURVE('',#41,#43,#39,.T.) ;
#51=EDGE_CURVE('',#50,#43,#48,.T.) ;
#58=EDGE_CURVE('',#50,#57,#55,.F.) ;
#63=EDGE_CURVE('',#57,#41,#62,.T.) ;
#82=EDGE_CURVE('',#41,#81,#79,.T.) ;
#89=EDGE_CURVE('',#57,#88,#86,.T.) ;
#94=EDGE_CURVE('',#88,#81,#93,.F.) ;
#115=EDGE_CURVE('',#112,#114,#110,.T.) ;
#122=EDGE_CURVE('',#121,#114,#119,.F.) ;
#129=EDGE_CURVE('',#128,#121,#126,.T.) ;
#136=EDGE_CURVE('',#135,#128,#133,.T.) ;
#143=EDGE_CURVE('',#135,#142,#140,.T.) ;
#148=EDGE_CURVE('',#112,#142,#147,.F.) ;
#163=EDGE_CURVE('',#162,#50,#160,.T.) ;
#168=EDGE_CURVE('',#88,#162,#167,.F.) ;
#183=EDGE_CURVE('',#180,#182,#178,.T.) ;
#190=EDGE_CURVE('',#189,#180,#187,.T.) ;
#197=EDGE_CURVE('',#196,#189,#194,.T.) ;
#202=EDGE_CURVE('',#182,#196,#201,.T.) ;
#223=EDGE_CURVE('',#220,#222,#218,.T.) ;
#230=EDGE_CURVE('',#229,#220,#227,.T.) ;
#237=EDGE_CURVE('',#229,#236,#234,.T.) ;
#244=EDGE_CURVE('',#236,#243,#241,.T.) ;
#251=EDGE_CURVE('',#250,#243,#248,.T.) ;
#256=EDGE_CURVE('',#222,#250,#255,.T.) ;
#271=EDGE_CURVE('',#270,#81,#268,.T.) ;
#276=EDGE_CURVE('',#270,#43,#275,.T.) ;
#291=EDGE_CURVE('',#288,#290,#286,.T.) ;
#298=EDGE_CURVE('',#290,#297,#295,.T.) ;
#305=EDGE_CURVE('',#297,#304,#302,.T.) ;
#310=EDGE_CURVE('',#304,#288,#309,.T.) ;
#327=EDGE_CURVE('',#162,#270,#326,.T.) ;
#346=EDGE_CURVE('',#135,#345,#343,.T.) ;
#353=EDGE_CURVE('',#352,#345,#350,.T.) ;
#360=EDGE_CURVE('',#359,#352,#357,.F.) ;
#367=EDGE_CURVE('',#359,#366,#364,.T.) ;
#372=EDGE_CURVE('',#229,#366,#371,.T.) ;
#377=EDGE_CURVE('',#220,#142,#376,.T.) ;
#398=EDGE_CURVE('',#222,#112,#397,.T.) ;
#419=EDGE_CURVE('',#416,#418,#414,.F.) ;
#424=EDGE_CURVE('',#359,#416,#423,.F.) ;
#429=EDGE_CURVE('',#418,#352,#428,.T.) ;
#446=EDGE_CURVE('',#250,#114,#445,.T.) ;
#463=EDGE_CURVE('',#243,#121,#462,.T.) ;
#482=EDGE_CURVE('',#366,#481,#479,.F.) ;
#487=EDGE_CURVE('',#236,#481,#486,.T.) ;
#508=EDGE_CURVE('',#505,#507,#503,.T.) ;
#515=EDGE_CURVE('',#507,#514,#512,.T.) ;
#522=EDGE_CURVE('',#521,#514,#519,.T.) ;
#529=EDGE_CURVE('',#521,#528,#526,.F.) ;
#534=EDGE_CURVE('',#528,#481,#533,.T.) ;
#541=EDGE_CURVE('',#540,#416,#538,.T.) ;
#548=EDGE_CURVE('',#547,#540,#545,.F.) ;
#555=EDGE_CURVE('',#554,#547,#552,.T.) ;
#560=EDGE_CURVE('',#505,#554,#559,.F.) ;
#583=EDGE_CURVE('',#580,#582,#578,.T.) ;
#590=EDGE_CURVE('',#589,#580,#587,.T.) ;
#597=EDGE_CURVE('',#596,#589,#594,.T.) ;
#602=EDGE_CURVE('',#582,#596,#601,.T.) ;
#617=EDGE_CURVE('',#614,#616,#612,.T.) ;
#624=EDGE_CURVE('',#623,#614,#621,.T.) ;
#631=EDGE_CURVE('',#630,#623,#628,.T.) ;
#636=EDGE_CURVE('',#616,#630,#635,.T.) ;
#655=EDGE_CURVE('',#654,#418,#652,.T.) ;
#660=EDGE_CURVE('',#654,#540,#659,.T.) ;
#679=EDGE_CURVE('',#654,#678,#676,.T.) ;
#684=EDGE_CURVE('',#678,#547,#683,.T.) ;
#703=EDGE_CURVE('',#702,#514,#700,.T.) ;
#710=EDGE_CURVE('',#709,#507,#707,.T.) ;
#715=EDGE_CURVE('',#709,#702,#714,.T.) ;
#736=EDGE_CURVE('',#733,#735,#731,.T.) ;
#743=EDGE_CURVE('',#742,#735,#740,.F.) ;
#748=EDGE_CURVE('',#709,#742,#747,.F.) ;
#753=EDGE_CURVE('',#733,#505,#752,.T.) ;
#774=EDGE_CURVE('',#773,#554,#771,.T.) ;
#779=EDGE_CURVE('',#773,#733,#778,.T.) ;
#800=EDGE_CURVE('',#797,#799,#795,.F.) ;
#805=EDGE_CURVE('',#709,#797,#804,.F.) ;
#810=EDGE_CURVE('',#799,#742,#809,.T.) ;
#829=EDGE_CURVE('',#797,#828,#826,.F.) ;
#836=EDGE_CURVE('',#828,#835,#833,.F.) ;
#843=EDGE_CURVE('',#835,#842,#840,.T.) ;
#850=EDGE_CURVE('',#842,#849,#847,.T.) ;
#857=EDGE_CURVE('',#849,#856,#854,.T.) ;
#864=EDGE_CURVE('',#863,#856,#861,.F.) ;
#871=EDGE_CURVE('',#863,#870,#868,.F.) ;
#878=EDGE_CURVE('',#877,#870,#875,.F.) ;
#885=EDGE_CURVE('',#877,#884,#882,.T.) ;
#892=EDGE_CURVE('',#884,#891,#889,.T.) ;
#899=EDGE_CURVE('',#891,#898,#896,.T.) ;
#906=EDGE_CURVE('',#898,#905,#903,.F.) ;
#913=EDGE_CURVE('',#905,#912,#910,.F.) ;
#920=EDGE_CURVE('',#912,#919,#917,.F.) ;
#927=EDGE_CURVE('',#919,#926,#924,.F.) ;
#934=EDGE_CURVE('',#933,#926,#931,.F.) ;
#941=EDGE_CURVE('',#940,#933,#938,.T.) ;
#948=EDGE_CURVE('',#947,#940,#945,.F.) ;
#953=EDGE_CURVE('',#702,#947,#952,.T.) ;
#985=EDGE_CURVE('',#982,#984,#980,.T.) ;
#990=EDGE_CURVE('',#984,#982,#989,.T.) ;
#1007=EDGE_CURVE('',#742,#1006,#1004,.T.) ;
#1014=EDGE_CURVE('',#1006,#1013,#1011,.T.) ;
#1021=EDGE_CURVE('',#1020,#1013,#1018,.T.) ;
#1028=EDGE_CURVE('',#1027,#1020,#1025,.F.) ;
#1035=EDGE_CURVE('',#1034,#1027,#1032,.T.) ;
#1042=EDGE_CURVE('',#1041,#1034,#1039,.F.) ;
#1049=EDGE_CURVE('',#1041,#1048,#1046,.T.) ;
#1056=EDGE_CURVE('',#1055,#1048,#1053,.F.) ;
#1063=EDGE_CURVE('',#1055,#1062,#1060,.T.) ;
#1070=EDGE_CURVE('',#1069,#1062,#1067,.T.) ;
#1077=EDGE_CURVE('',#1076,#1069,#1074,.T.) ;
#1084=EDGE_CURVE('',#1083,#1076,#1081,.T.) ;
#1091=EDGE_CURVE('',#1090,#1083,#1088,.T.) ;
#1098=EDGE_CURVE('',#1097,#1090,#1095,.F.) ;
#1105=EDGE_CURVE('',#1104,#1097,#1102,.T.) ;
#1112=EDGE_CURVE('',#1111,#1104,#1109,.T.) ;
#1119=EDGE_CURVE('',#1118,#1111,#1116,.T.) ;
#1126=EDGE_CURVE('',#1125,#1118,#1123,.T.) ;
#1133=EDGE_CURVE('',#1125,#1132,#1130,.T.) ;
#1138=EDGE_CURVE('',#799,#1132,#1137,.F.) ;
#1170=EDGE_CURVE('',#1167,#1169,#1165,.F.) ;
#1175=EDGE_CURVE('',#1169,#1167,#1174,.F.) ;
#1190=EDGE_CURVE('',#828,#1132,#1189,.F.) ;
#1207=EDGE_CURVE('',#835,#1125,#1206,.F.) ;
#1226=EDGE_CURVE('',#1225,#1118,#1223,.F.) ;
#1233=EDGE_CURVE('',#1225,#1232,#1230,.T.) ;
#1240=EDGE_CURVE('',#1232,#1239,#1237,.T.) ;
#1247=EDGE_CURVE('',#1246,#1239,#1244,.T.) ;
#1252=EDGE_CURVE('',#1246,#842,#1251,.F.) ;
#1275=EDGE_CURVE('',#1246,#1274,#1272,.F.) ;
#1280=EDGE_CURVE('',#1274,#849,#1279,.T.) ;
#1301=EDGE_CURVE('',#1298,#1300,#1296,.T.) ;
#1308=EDGE_CURVE('',#1307,#1298,#1305,.T.) ;
#1313=EDGE_CURVE('',#1307,#1111,#1312,.T.) ;
#1318=EDGE_CURVE('',#1104,#856,#1317,.T.) ;
#1323=EDGE_CURVE('',#1274,#1300,#1322,.T.) ;
#1344=EDGE_CURVE('',#1097,#863,#1343,.T.) ;
#1349=EDGE_CURVE('',#1090,#870,#1348,.T.) ;
#1366=EDGE_CURVE('',#1083,#877,#1365,.T.) ;
#1373=EDGE_CURVE('',#1076,#1372,#1370,.F.) ;
#1380=EDGE_CURVE('',#1372,#1379,#1377,.T.) ;
#1387=EDGE_CURVE('',#1379,#1386,#1384,.T.) ;
#1394=EDGE_CURVE('',#1393,#1386,#1391,.T.) ;
#1399=EDGE_CURVE('',#884,#1393,#1398,.F.) ;
#1422=EDGE_CURVE('',#891,#1421,#1419,.T.) ;
#1427=EDGE_CURVE('',#1393,#1421,#1426,.F.) ;
#1448=EDGE_CURVE('',#1445,#1447,#1443,.T.) ;
#1455=EDGE_CURVE('',#1454,#1445,#1452,.T.) ;
#1460=EDGE_CURVE('',#1069,#1454,#1459,.T.) ;
#1465=EDGE_CURVE('',#898,#1062,#1464,.F.) ;
#1470=EDGE_CURVE('',#1421,#1447,#1469,.T.) ;
#1491=EDGE_CURVE('',#905,#1055,#1490,.F.) ;
#1503=EDGE_CURVE('',#912,#1048,#1502,.F.) ;
#1520=EDGE_CURVE('',#919,#1041,#1519,.F.) ;
#1537=EDGE_CURVE('',#926,#1034,#1536,.T.) ;
#1554=EDGE_CURVE('',#933,#1027,#1553,.T.) ;
#1573=EDGE_CURVE('',#1572,#1239,#1570,.F.) ;
#1580=EDGE_CURVE('',#1232,#1579,#1577,.T.) ;
#1585=EDGE_CURVE('',#1579,#1572,#1584,.T.) ;
#1606=EDGE_CURVE('',#1603,#1605,#1601,.F.) ;
#1613=EDGE_CURVE('',#1612,#1603,#1610,.T.) ;
#1620=EDGE_CURVE('',#1619,#1612,#1617,.T.) ;
#1627=EDGE_CURVE('',#1619,#1626,#1624,.T.) ;
#1632=EDGE_CURVE('',#1579,#1626,#1631,.T.) ;
#1637=EDGE_CURVE('',#1225,#1307,#1636,.T.) ;
#1644=EDGE_CURVE('',#1643,#1298,#1641,.T.) ;
#1651=EDGE_CURVE('',#1650,#1643,#1648,.F.) ;
#1656=EDGE_CURVE('',#1650,#1605,#1655,.T.) ;
#1683=EDGE_CURVE('',#1682,#1386,#1680,.F.) ;
#1690=EDGE_CURVE('',#1379,#1689,#1687,.T.) ;
#1695=EDGE_CURVE('',#1689,#1682,#1694,.T.) ;
#1712=EDGE_CURVE('',#1372,#1454,#1711,.T.) ;
#1719=EDGE_CURVE('',#1718,#1445,#1716,.T.) ;
#1724=EDGE_CURVE('',#1689,#1718,#1723,.T.) ;
#1741=EDGE_CURVE('',#1738,#1740,#1736,.F.) ;
#1748=EDGE_CURVE('',#1747,#1738,#1745,.F.) ;
#1755=EDGE_CURVE('',#1754,#1747,#1752,.F.) ;
#1760=EDGE_CURVE('',#1740,#1754,#1759,.F.) ;
#1779=EDGE_CURVE('',#1778,#1626,#1776,.F.) ;
#1784=EDGE_CURVE('',#1572,#1778,#1783,.T.) ;
#1803=EDGE_CURVE('',#1802,#1650,#1800,.F.) ;
#1810=EDGE_CURVE('',#1809,#1802,#1807,.F.) ;
#1815=EDGE_CURVE('',#1809,#1605,#1814,.F.) ;
#1834=EDGE_CURVE('',#1833,#1619,#1831,.F.) ;
#1839=EDGE_CURVE('',#1778,#1833,#1838,.F.) ;
#1858=EDGE_CURVE('',#1718,#1857,#1855,.T.) ;
#1863=EDGE_CURVE('',#1682,#1857,#1862,.T.) ;
#1884=EDGE_CURVE('',#1881,#1883,#1879,.F.) ;
#1891=EDGE_CURVE('',#1890,#1883,#1888,.F.) ;
#1898=EDGE_CURVE('',#1890,#1897,#1895,.T.) ;
#1903=EDGE_CURVE('',#1897,#1881,#1902,.F.) ;
#1924=EDGE_CURVE('',#1921,#1923,#1919,.F.) ;
#1929=EDGE_CURVE('',#1881,#1923,#1928,.T.) ;
#1936=EDGE_CURVE('',#1897,#1935,#1933,.T.) ;
#1943=EDGE_CURVE('',#1942,#1935,#1940,.F.) ;
#1950=EDGE_CURVE('',#1942,#1949,#1947,.T.) ;
#1957=EDGE_CURVE('',#1949,#1956,#1954,.T.) ;
#1964=EDGE_CURVE('',#1956,#1963,#1961,.T.) ;
#1971=EDGE_CURVE('',#1970,#1963,#1968,.T.) ;
#1978=EDGE_CURVE('',#1970,#1977,#1975,.T.) ;
#1985=EDGE_CURVE('',#1984,#1977,#1982,.T.) ;
#1992=EDGE_CURVE('',#1984,#1991,#1989,.T.) ;
#1999=EDGE_CURVE('',#1991,#1998,#1996,.T.) ;
#2006=EDGE_CURVE('',#1998,#2005,#2003,.T.) ;
#2013=EDGE_CURVE('',#2005,#2012,#2010,.T.) ;
#2020=EDGE_CURVE('',#2012,#2019,#2017,.T.) ;
#2027=EDGE_CURVE('',#2026,#2019,#2024,.T.) ;
#2034=EDGE_CURVE('',#2026,#2033,#2031,.T.) ;
#2041=EDGE_CURVE('',#2040,#2033,#2038,.T.) ;
#2048=EDGE_CURVE('',#2040,#2047,#2045,.T.) ;
#2055=EDGE_CURVE('',#2047,#2054,#2052,.T.) ;
#2060=EDGE_CURVE('',#2054,#1921,#2059,.T.) ;
#2097=EDGE_CURVE('',#1923,#2096,#2094,.F.) ;
#2104=EDGE_CURVE('',#1921,#2103,#2101,.F.) ;
#2109=EDGE_CURVE('',#2096,#2103,#2108,.T.) ;
#2128=EDGE_CURVE('',#1897,#2127,#2125,.F.) ;
#2135=EDGE_CURVE('',#2127,#2134,#2132,.T.) ;
#2140=EDGE_CURVE('',#2134,#1935,#2139,.T.) ;
#2161=EDGE_CURVE('',#2158,#2160,#2156,.T.) ;
#2166=EDGE_CURVE('',#2160,#1949,#2165,.T.) ;
#2171=EDGE_CURVE('',#2158,#1942,#2170,.T.) ;
#2190=EDGE_CURVE('',#2160,#2189,#2187,.F.) ;
#2195=EDGE_CURVE('',#2189,#1956,#2194,.F.) ;
#2214=EDGE_CURVE('',#2189,#2213,#2211,.T.) ;
#2219=EDGE_CURVE('',#2213,#1963,#2218,.T.) ;
#2238=EDGE_CURVE('',#2237,#1970,#2235,.T.) ;
#2245=EDGE_CURVE('',#2237,#2244,#2242,.T.) ;
#2250=EDGE_CURVE('',#2244,#1977,#2249,.T.) ;
#2269=EDGE_CURVE('',#2268,#1984,#2266,.T.) ;
#2276=EDGE_CURVE('',#2268,#2275,#2273,.T.) ;
#2281=EDGE_CURVE('',#2275,#1991,#2280,.T.) ;
#2300=EDGE_CURVE('',#2275,#2299,#2297,.F.) ;
#2305=EDGE_CURVE('',#2299,#1998,#2304,.F.) ;
#2324=EDGE_CURVE('',#2299,#2323,#2321,.T.) ;
#2329=EDGE_CURVE('',#2323,#2005,#2328,.T.) ;
#2348=EDGE_CURVE('',#2323,#2347,#2345,.F.) ;
#2353=EDGE_CURVE('',#2347,#2012,#2352,.F.) ;
#2372=EDGE_CURVE('',#2347,#2371,#2369,.T.) ;
#2377=EDGE_CURVE('',#2371,#2019,#2376,.T.) ;
#2396=EDGE_CURVE('',#2395,#2026,#2393,.T.) ;
#2403=EDGE_CURVE('',#2395,#2402,#2400,.T.) ;
#2408=EDGE_CURVE('',#2402,#2033,#2407,.T.) ;
#2427=EDGE_CURVE('',#2426,#2040,#2424,.T.) ;
#2434=EDGE_CURVE('',#2426,#2433,#2431,.T.) ;
#2439=EDGE_CURVE('',#2433,#2047,#2438,.T.) ;
#2458=EDGE_CURVE('',#2433,#2457,#2455,.F.) ;
#2463=EDGE_CURVE('',#2457,#2054,#2462,.F.) ;
#2480=EDGE_CURVE('',#2457,#2103,#2479,.T.) ;
#2497=EDGE_CURVE('',#2402,#2426,#2496,.F.) ;
#2502=EDGE_CURVE('',#2371,#2395,#2501,.F.) ;
#2507=EDGE_CURVE('',#2244,#2268,#2506,.F.) ;
#2512=EDGE_CURVE('',#2213,#2237,#2511,.F.) ;
#2517=EDGE_CURVE('',#2134,#2158,#2516,.T.) ;
#2524=EDGE_CURVE('',#2127,#2523,#2521,.T.) ;
#2529=EDGE_CURVE('',#2096,#2523,#2528,.T.) ;
#2624=EDGE_CURVE('',#1881,#2523,#2623,.F.) ;
#2645=EDGE_CURVE('',#2642,#2644,#2640,.F.) ;
#2650=EDGE_CURVE('',#1738,#2644,#2649,.F.) ;
#2655=EDGE_CURVE('',#1740,#2642,#2654,.F.) ;
#2674=EDGE_CURVE('',#2644,#2673,#2671,.T.) ;
#2679=EDGE_CURVE('',#1747,#2673,#2678,.T.) ;
#2698=EDGE_CURVE('',#2673,#2697,#2695,.F.) ;
#2703=EDGE_CURVE('',#1754,#2697,#2702,.F.) ;
#2720=EDGE_CURVE('',#2697,#2642,#2719,.T.) ;
#2737=EDGE_CURVE('',#1883,#1809,#2736,.T.) ;
#2748=EDGE_CURVE('',#1603,#2523,#2738,.T.) ;
#2769=EDGE_CURVE('',#2127,#1612,#2763,.T.) ;
#2786=EDGE_CURVE('',#1890,#1833,#2785,.T.) ;
#2807=EDGE_CURVE('',#1643,#2806,#2804,.T.) ;
#2812=EDGE_CURVE('',#2806,#1802,#2811,.T.) ;
#2829=EDGE_CURVE('',#1447,#1857,#2828,.F.) ;
#2866=EDGE_CURVE('',#1300,#2806,#2865,.F.) ;
#2927=EDGE_CURVE('',#1167,#982,#2926,.F.) ;
#2932=EDGE_CURVE('',#1169,#984,#2931,.F.) ;
#2956=EDGE_CURVE('',#940,#1020,#2955,.T.) ;
#2973=EDGE_CURVE('',#947,#1013,#2972,.T.) ;
#3016=EDGE_CURVE('',#735,#3015,#3013,.T.) ;
#3021=EDGE_CURVE('',#1006,#3015,#3020,.T.) ;
#3040=EDGE_CURVE('',#3039,#630,#3037,.T.) ;
#3047=EDGE_CURVE('',#3039,#3046,#3044,.F.) ;
#3052=EDGE_CURVE('',#3046,#616,#3051,.T.) ;
#3071=EDGE_CURVE('',#3070,#623,#3068,.F.) ;
#3076=EDGE_CURVE('',#3070,#3039,#3075,.T.) ;
#3095=EDGE_CURVE('',#3094,#614,#3092,.T.) ;
#3100=EDGE_CURVE('',#3094,#3070,#3099,.F.) ;
#3117=EDGE_CURVE('',#3046,#3094,#3116,.T.) ;
#3136=EDGE_CURVE('',#3135,#596,#3133,.F.) ;
#3143=EDGE_CURVE('',#3135,#3142,#3140,.T.) ;
#3148=EDGE_CURVE('',#3142,#582,#3147,.F.) ;
#3167=EDGE_CURVE('',#3166,#589,#3164,.T.) ;
#3172=EDGE_CURVE('',#3166,#3135,#3171,.F.) ;
#3191=EDGE_CURVE('',#3190,#580,#3188,.F.) ;
#3196=EDGE_CURVE('',#3190,#3166,#3195,.T.) ;
#3213=EDGE_CURVE('',#3142,#3190,#3212,.F.) ;
#3225=EDGE_CURVE('',#773,#678,#3224,.T.) ;
#3239=EDGE_CURVE('',#3238,#3015,#3236,.T.) ;
#3244=EDGE_CURVE('',#521,#3238,#3243,.F.) ;
#3267=EDGE_CURVE('',#528,#3266,#3264,.F.) ;
#3272=EDGE_CURVE('',#3266,#3238,#3271,.T.) ;
#3291=EDGE_CURVE('',#345,#3290,#3288,.T.) ;
#3296=EDGE_CURVE('',#3266,#3290,#3295,.T.) ;
#3333=EDGE_CURVE('',#182,#288,#3332,.F.) ;
#3338=EDGE_CURVE('',#196,#290,#3337,.F.) ;
#3355=EDGE_CURVE('',#189,#297,#3354,.T.) ;
#3372=EDGE_CURVE('',#180,#304,#3371,.F.) ;
#3401=EDGE_CURVE('',#128,#3290,#3400,.T.) ;
#3455=EDGE_CURVE('',#3452,#3454,#3450,.T.) ;
#3462=EDGE_CURVE('',#3452,#3461,#3459,.T.) ;
#3469=EDGE_CURVE('',#3461,#3468,#3466,.T.) ;
#3474=EDGE_CURVE('',#3454,#3468,#3473,.T.) ;
#3486=EDGE_CURVE('',#3461,#3452,#3485,.T.) ;
#3491=EDGE_CURVE('',#3468,#3454,#3490,.T.) ;
#3512=EDGE_CURVE('',#3509,#3511,#3507,.T.) ;
#3519=EDGE_CURVE('',#3518,#3511,#3516,.T.) ;
#3526=EDGE_CURVE('',#3525,#3518,#3523,.T.) ;
#3531=EDGE_CURVE('',#3525,#3509,#3530,.T.) ;
#3543=EDGE_CURVE('',#3511,#3509,#3542,.T.) ;
#3548=EDGE_CURVE('',#3518,#3525,#3547,.T.) ;
#30=CLOSED_SHELL('Closed Shell',(#70,#101,#209,#317,#334,#388,#405,#436,#453,#470,#494,#643,#667,#691,#722,#762,#786,#817,#995,#1180,#1197,#1214,#1263,#1287,#1334,#1356,#1410,#1434,#1481,#1498,#1510,#1527,#1544,#1561,#1592,#1671,#1702,#1767,#1791,#1822,#1846,#1870,#1910,#2085,#2116,#2147,#2178,#2202,#2226,#2257,#2288,#2312,#2336,#2360,#2384,#2415,#2446,#2470,#2487,#2554,#2566,#2578,#2590,#2602,#2614,#2631,#2662,#2686,#2710,#2727,#2757,#2776,#2795,#2819,#2836,#2856,#2873,#2893,#2905,#2917,#2939,#2946,#2963,#2980,#2992,#3004,#3028,#3059,#3083,#3107,#3124,#3155,#3179,#3203,#3220,#3232,#3255,#3279,#3323,#3345,#3362,#3379,#3391,#3412,#3424,#3436)) ;
#3441=CLOSED_SHELL('Closed Shell',(#3481,#3498,#3538,#3555,#3569,#3583)) ;
#3438=SHAPE_REPRESENTATION_RELATIONSHIP(' ',' ',#19,#3437) ;
#64=EDGE_LOOP('',(#65,#66,#67,#68)) ;
#95=EDGE_LOOP('',(#96,#97,#98,#99)) ;
#149=EDGE_LOOP('',(#150,#151,#152,#153,#154,#155)) ;
#169=EDGE_LOOP('',(#170,#171,#172,#173)) ;
#203=EDGE_LOOP('',(#204,#205,#206,#207)) ;
#257=EDGE_LOOP('',(#258,#259,#260,#261,#262,#263)) ;
#277=EDGE_LOOP('',(#278,#279,#280,#281)) ;
#311=EDGE_LOOP('',(#312,#313,#314,#315)) ;
#328=EDGE_LOOP('',(#329,#330,#331,#332)) ;
#378=EDGE_LOOP('',(#379,#380,#381,#382,#383,#384,#385,#386)) ;
#399=EDGE_LOOP('',(#400,#401,#402,#403)) ;
#430=EDGE_LOOP('',(#431,#432,#433,#434)) ;
#447=EDGE_LOOP('',(#448,#449,#450,#451)) ;
#464=EDGE_LOOP('',(#465,#466,#467,#468)) ;
#488=EDGE_LOOP('',(#489,#490,#491,#492)) ;
#561=EDGE_LOOP('',(#562,#563,#564,#565,#566,#567,#568,#569,#570,#571,#572,#573)) ;
#603=EDGE_LOOP('',(#604,#605,#606,#607)) ;
#637=EDGE_LOOP('',(#638,#639,#640,#641)) ;
#661=EDGE_LOOP('',(#662,#663,#664,#665)) ;
#685=EDGE_LOOP('',(#686,#687,#688,#689)) ;
#716=EDGE_LOOP('',(#717,#718,#719,#720)) ;
#754=EDGE_LOOP('',(#755,#756,#757,#758,#759,#760)) ;
#780=EDGE_LOOP('',(#781,#782,#783,#784)) ;
#811=EDGE_LOOP('',(#812,#813,#814,#815)) ;
#954=EDGE_LOOP('',(#955,#956,#957,#958,#959,#960,#961,#962,#963,#964,#965,#966,#967,#968,#969,#970,#971,#972,#973,#974,#975)) ;
#991=EDGE_LOOP('',(#992,#993)) ;
#1139=EDGE_LOOP('',(#1140,#1141,#1142,#1143,#1144,#1145,#1146,#1147,#1148,#1149,#1150,#1151,#1152,#1153,#1154,#1155,#1156,#1157,#1158,#1159,#1160)) ;
#1176=EDGE_LOOP('',(#1177,#1178)) ;
#1191=EDGE_LOOP('',(#1192,#1193,#1194,#1195)) ;
#1208=EDGE_LOOP('',(#1209,#1210,#1211,#1212)) ;
#1253=EDGE_LOOP('',(#1254,#1255,#1256,#1257,#1258,#1259,#1260,#1261)) ;
#1281=EDGE_LOOP('',(#1282,#1283,#1284,#1285)) ;
#1324=EDGE_LOOP('',(#1325,#1326,#1327,#1328,#1329,#1330,#1331,#1332)) ;
#1350=EDGE_LOOP('',(#1351,#1352,#1353,#1354)) ;
#1400=EDGE_LOOP('',(#1401,#1402,#1403,#1404,#1405,#1406,#1407,#1408)) ;
#1428=EDGE_LOOP('',(#1429,#1430,#1431,#1432)) ;
#1471=EDGE_LOOP('',(#1472,#1473,#1474,#1475,#1476,#1477,#1478,#1479)) ;
#1492=EDGE_LOOP('',(#1493,#1494,#1495,#1496)) ;
#1504=EDGE_LOOP('',(#1505,#1506,#1507,#1508)) ;
#1521=EDGE_LOOP('',(#1522,#1523,#1524,#1525)) ;
#1538=EDGE_LOOP('',(#1539,#1540,#1541,#1542)) ;
#1555=EDGE_LOOP('',(#1556,#1557,#1558,#1559)) ;
#1586=EDGE_LOOP('',(#1587,#1588,#1589,#1590)) ;
#1657=EDGE_LOOP('',(#1658,#1659,#1660,#1661,#1662,#1663,#1664,#1665,#1666,#1667,#1668,#1669)) ;
#1696=EDGE_LOOP('',(#1697,#1698,#1699,#1700)) ;
#1725=EDGE_LOOP('',(#1726,#1727,#1728,#1729,#1730,#1731)) ;
#1761=EDGE_LOOP('',(#1762,#1763,#1764,#1765)) ;
#1785=EDGE_LOOP('',(#1786,#1787,#1788,#1789)) ;
#1816=EDGE_LOOP('',(#1817,#1818,#1819,#1820)) ;
#1840=EDGE_LOOP('',(#1841,#1842,#1843,#1844)) ;
#1864=EDGE_LOOP('',(#1865,#1866,#1867,#1868)) ;
#1904=EDGE_LOOP('',(#1905,#1906,#1907,#1908)) ;
#2061=EDGE_LOOP('',(#2062,#2063,#2064,#2065,#2066,#2067,#2068,#2069,#2070,#2071,#2072,#2073,#2074,#2075,#2076,#2077,#2078,#2079,#2080,#2081,#2082,#2083)) ;
#2110=EDGE_LOOP('',(#2111,#2112,#2113,#2114)) ;
#2141=EDGE_LOOP('',(#2142,#2143,#2144,#2145)) ;
#2172=EDGE_LOOP('',(#2173,#2174,#2175,#2176)) ;
#2196=EDGE_LOOP('',(#2197,#2198,#2199,#2200)) ;
#2220=EDGE_LOOP('',(#2221,#2222,#2223,#2224)) ;
#2251=EDGE_LOOP('',(#2252,#2253,#2254,#2255)) ;
#2282=EDGE_LOOP('',(#2283,#2284,#2285,#2286)) ;
#2306=EDGE_LOOP('',(#2307,#2308,#2309,#2310)) ;
#2330=EDGE_LOOP('',(#2331,#2332,#2333,#2334)) ;
#2354=EDGE_LOOP('',(#2355,#2356,#2357,#2358)) ;
#2378=EDGE_LOOP('',(#2379,#2380,#2381,#2382)) ;
#2409=EDGE_LOOP('',(#2410,#2411,#2412,#2413)) ;
#2440=EDGE_LOOP('',(#2441,#2442,#2443,#2444)) ;
#2464=EDGE_LOOP('',(#2465,#2466,#2467,#2468)) ;
#2481=EDGE_LOOP('',(#2482,#2483,#2484,#2485)) ;
#2530=EDGE_LOOP('',(#2531,#2532,#2533,#2534,#2535,#2536,#2537,#2538,#2539,#2540,#2541,#2542,#2543,#2544,#2545,#2546,#2547,#2548,#2549,#2550,#2551,#2552)) ;
#2560=EDGE_LOOP('',(#2561,#2562,#2563,#2564)) ;
#2572=EDGE_LOOP('',(#2573,#2574,#2575,#2576)) ;
#2584=EDGE_LOOP('',(#2585,#2586,#2587,#2588)) ;
#2596=EDGE_LOOP('',(#2597,#2598,#2599,#2600)) ;
#2608=EDGE_LOOP('',(#2609,#2610,#2611,#2612)) ;
#2625=EDGE_LOOP('',(#2626,#2627,#2628,#2629)) ;
#2656=EDGE_LOOP('',(#2657,#2658,#2659,#2660)) ;
#2680=EDGE_LOOP('',(#2681,#2682,#2683,#2684)) ;
#2704=EDGE_LOOP('',(#2705,#2706,#2707,#2708)) ;
#2721=EDGE_LOOP('',(#2722,#2723,#2724,#2725)) ;
#2749=EDGE_LOOP('',(#2750,#2751,#2752,#2753,#2754,#2755)) ;
#2770=EDGE_LOOP('',(#2771,#2772,#2773,#2774)) ;
#2787=EDGE_LOOP('',(#2788,#2789,#2790,#2791,#2792,#2793)) ;
#2813=EDGE_LOOP('',(#2814,#2815,#2816,#2817)) ;
#2830=EDGE_LOOP('',(#2831,#2832,#2833,#2834)) ;
#2842=EDGE_LOOP('',(#2843,#2844,#2845,#2846,#2847,#2848)) ;
#2850=EDGE_LOOP('',(#2851,#2852,#2853,#2854)) ;
#2867=EDGE_LOOP('',(#2868,#2869,#2870,#2871)) ;
#2879=EDGE_LOOP('',(#2880,#2881,#2882,#2883,#2884,#2885,#2886,#2887,#2888,#2889,#2890,#2891)) ;
#2899=EDGE_LOOP('',(#2900,#2901,#2902,#2903)) ;
#2911=EDGE_LOOP('',(#2912,#2913,#2914,#2915)) ;
#2933=EDGE_LOOP('',(#2934,#2935,#2936,#2937)) ;
#2940=EDGE_LOOP('',(#2941,#2942,#2943,#2944)) ;
#2957=EDGE_LOOP('',(#2958,#2959,#2960,#2961)) ;
#2974=EDGE_LOOP('',(#2975,#2976,#2977,#2978)) ;
#2986=EDGE_LOOP('',(#2987,#2988,#2989,#2990)) ;
#2998=EDGE_LOOP('',(#2999,#3000,#3001,#3002)) ;
#3022=EDGE_LOOP('',(#3023,#3024,#3025,#3026)) ;
#3053=EDGE_LOOP('',(#3054,#3055,#3056,#3057)) ;
#3077=EDGE_LOOP('',(#3078,#3079,#3080,#3081)) ;
#3101=EDGE_LOOP('',(#3102,#3103,#3104,#3105)) ;
#3118=EDGE_LOOP('',(#3119,#3120,#3121,#3122)) ;
#3149=EDGE_LOOP('',(#3150,#3151,#3152,#3153)) ;
#3173=EDGE_LOOP('',(#3174,#3175,#3176,#3177)) ;
#3197=EDGE_LOOP('',(#3198,#3199,#3200,#3201)) ;
#3214=EDGE_LOOP('',(#3215,#3216,#3217,#3218)) ;
#3226=EDGE_LOOP('',(#3227,#3228,#3229,#3230)) ;
#3245=EDGE_LOOP('',(#3246,#3247,#3248,#3249,#3250,#3251,#3252,#3253)) ;
#3273=EDGE_LOOP('',(#3274,#3275,#3276,#3277)) ;
#3297=EDGE_LOOP('',(#3298,#3299,#3300,#3301,#3302,#3303,#3304,#3305,#3306,#3307,#3308,#3309)) ;
#3311=EDGE_LOOP('',(#3312,#3313,#3314,#3315)) ;
#3317=EDGE_LOOP('',(#3318,#3319,#3320,#3321)) ;
#3339=EDGE_LOOP('',(#3340,#3341,#3342,#3343)) ;
#3356=EDGE_LOOP('',(#3357,#3358,#3359,#3360)) ;
#3373=EDGE_LOOP('',(#3374,#3375,#3376,#3377)) ;
#3385=EDGE_LOOP('',(#3386,#3387,#3388,#3389)) ;
#3402=EDGE_LOOP('',(#3403,#3404,#3405,#3406,#3407,#3408,#3409,#3410)) ;
#3418=EDGE_LOOP('',(#3419,#3420,#3421,#3422)) ;
#3430=EDGE_LOOP('',(#3431,#3432,#3433,#3434)) ;
#3475=EDGE_LOOP('',(#3476,#3477,#3478,#3479)) ;
#3492=EDGE_LOOP('',(#3493,#3494,#3495,#3496)) ;
#3532=EDGE_LOOP('',(#3533,#3534,#3535,#3536)) ;
#3549=EDGE_LOOP('',(#3550,#3551,#3552,#3553)) ;
#3561=EDGE_LOOP('',(#3562,#3563)) ;
#3565=EDGE_LOOP('',(#3566,#3567)) ;
#3575=EDGE_LOOP('',(#3576,#3577)) ;
#3579=EDGE_LOOP('',(#3580,#3581)) ;
#65=ORIENTED_EDGE('',*,*,#44,.T.) ;
#66=ORIENTED_EDGE('',*,*,#51,.F.) ;
#67=ORIENTED_EDGE('',*,*,#58,.T.) ;
#68=ORIENTED_EDGE('',*,*,#63,.T.) ;
#96=ORIENTED_EDGE('',*,*,#82,.F.) ;
#97=ORIENTED_EDGE('',*,*,#63,.F.) ;
#98=ORIENTED_EDGE('',*,*,#89,.T.) ;
#99=ORIENTED_EDGE('',*,*,#94,.T.) ;
#150=ORIENTED_EDGE('',*,*,#115,.T.) ;
#151=ORIENTED_EDGE('',*,*,#122,.F.) ;
#152=ORIENTED_EDGE('',*,*,#129,.F.) ;
#153=ORIENTED_EDGE('',*,*,#136,.F.) ;
#154=ORIENTED_EDGE('',*,*,#143,.T.) ;
#155=ORIENTED_EDGE('',*,*,#148,.F.) ;
#170=ORIENTED_EDGE('',*,*,#163,.F.) ;
#171=ORIENTED_EDGE('',*,*,#168,.F.) ;
#172=ORIENTED_EDGE('',*,*,#89,.F.) ;
#173=ORIENTED_EDGE('',*,*,#58,.F.) ;
#204=ORIENTED_EDGE('',*,*,#183,.F.) ;
#205=ORIENTED_EDGE('',*,*,#190,.F.) ;
#206=ORIENTED_EDGE('',*,*,#197,.F.) ;
#207=ORIENTED_EDGE('',*,*,#202,.F.) ;
#258=ORIENTED_EDGE('',*,*,#223,.F.) ;
#259=ORIENTED_EDGE('',*,*,#230,.F.) ;
#260=ORIENTED_EDGE('',*,*,#237,.T.) ;
#261=ORIENTED_EDGE('',*,*,#244,.T.) ;
#262=ORIENTED_EDGE('',*,*,#251,.F.) ;
#263=ORIENTED_EDGE('',*,*,#256,.F.) ;
#278=ORIENTED_EDGE('',*,*,#44,.F.) ;
#279=ORIENTED_EDGE('',*,*,#82,.T.) ;
#280=ORIENTED_EDGE('',*,*,#271,.F.) ;
#281=ORIENTED_EDGE('',*,*,#276,.T.) ;
#312=ORIENTED_EDGE('',*,*,#291,.T.) ;
#313=ORIENTED_EDGE('',*,*,#298,.T.) ;
#314=ORIENTED_EDGE('',*,*,#305,.T.) ;
#315=ORIENTED_EDGE('',*,*,#310,.T.) ;
#329=ORIENTED_EDGE('',*,*,#271,.T.) ;
#330=ORIENTED_EDGE('',*,*,#94,.F.) ;
#331=ORIENTED_EDGE('',*,*,#168,.T.) ;
#332=ORIENTED_EDGE('',*,*,#327,.T.) ;
#379=ORIENTED_EDGE('',*,*,#143,.F.) ;
#380=ORIENTED_EDGE('',*,*,#346,.T.) ;
#381=ORIENTED_EDGE('',*,*,#353,.F.) ;
#382=ORIENTED_EDGE('',*,*,#360,.F.) ;
#383=ORIENTED_EDGE('',*,*,#367,.T.) ;
#384=ORIENTED_EDGE('',*,*,#372,.F.) ;
#385=ORIENTED_EDGE('',*,*,#230,.T.) ;
#386=ORIENTED_EDGE('',*,*,#377,.T.) ;
#400=ORIENTED_EDGE('',*,*,#148,.T.) ;
#401=ORIENTED_EDGE('',*,*,#377,.F.) ;
#402=ORIENTED_EDGE('',*,*,#223,.T.) ;
#403=ORIENTED_EDGE('',*,*,#398,.T.) ;
#431=ORIENTED_EDGE('',*,*,#419,.F.) ;
#432=ORIENTED_EDGE('',*,*,#424,.F.) ;
#433=ORIENTED_EDGE('',*,*,#360,.T.) ;
#434=ORIENTED_EDGE('',*,*,#429,.F.) ;
#448=ORIENTED_EDGE('',*,*,#398,.F.) ;
#449=ORIENTED_EDGE('',*,*,#256,.T.) ;
#450=ORIENTED_EDGE('',*,*,#446,.T.) ;
#451=ORIENTED_EDGE('',*,*,#115,.F.) ;
#465=ORIENTED_EDGE('',*,*,#122,.T.) ;
#466=ORIENTED_EDGE('',*,*,#446,.F.) ;
#467=ORIENTED_EDGE('',*,*,#251,.T.) ;
#468=ORIENTED_EDGE('',*,*,#463,.T.) ;
#489=ORIENTED_EDGE('',*,*,#237,.F.) ;
#490=ORIENTED_EDGE('',*,*,#372,.T.) ;
#491=ORIENTED_EDGE('',*,*,#482,.T.) ;
#492=ORIENTED_EDGE('',*,*,#487,.F.) ;
#562=ORIENTED_EDGE('',*,*,#508,.T.) ;
#563=ORIENTED_EDGE('',*,*,#515,.T.) ;
#564=ORIENTED_EDGE('',*,*,#522,.F.) ;
#565=ORIENTED_EDGE('',*,*,#529,.T.) ;
#566=ORIENTED_EDGE('',*,*,#534,.T.) ;
#567=ORIENTED_EDGE('',*,*,#482,.F.) ;
#568=ORIENTED_EDGE('',*,*,#367,.F.) ;
#569=ORIENTED_EDGE('',*,*,#424,.T.) ;
#570=ORIENTED_EDGE('',*,*,#541,.F.) ;
#571=ORIENTED_EDGE('',*,*,#548,.F.) ;
#572=ORIENTED_EDGE('',*,*,#555,.F.) ;
#573=ORIENTED_EDGE('',*,*,#560,.F.) ;
#604=ORIENTED_EDGE('',*,*,#583,.F.) ;
#605=ORIENTED_EDGE('',*,*,#590,.F.) ;
#606=ORIENTED_EDGE('',*,*,#597,.F.) ;
#607=ORIENTED_EDGE('',*,*,#602,.F.) ;
#638=ORIENTED_EDGE('',*,*,#617,.F.) ;
#639=ORIENTED_EDGE('',*,*,#624,.F.) ;
#640=ORIENTED_EDGE('',*,*,#631,.F.) ;
#641=ORIENTED_EDGE('',*,*,#636,.F.) ;
#662=ORIENTED_EDGE('',*,*,#541,.T.) ;
#663=ORIENTED_EDGE('',*,*,#419,.T.) ;
#664=ORIENTED_EDGE('',*,*,#655,.F.) ;
#665=ORIENTED_EDGE('',*,*,#660,.T.) ;
#686=ORIENTED_EDGE('',*,*,#548,.T.) ;
#687=ORIENTED_EDGE('',*,*,#660,.F.) ;
#688=ORIENTED_EDGE('',*,*,#679,.T.) ;
#689=ORIENTED_EDGE('',*,*,#684,.T.) ;
#717=ORIENTED_EDGE('',*,*,#703,.T.) ;
#718=ORIENTED_EDGE('',*,*,#515,.F.) ;
#719=ORIENTED_EDGE('',*,*,#710,.F.) ;
#720=ORIENTED_EDGE('',*,*,#715,.T.) ;
#755=ORIENTED_EDGE('',*,*,#736,.T.) ;
#756=ORIENTED_EDGE('',*,*,#743,.F.) ;
#757=ORIENTED_EDGE('',*,*,#748,.F.) ;
#758=ORIENTED_EDGE('',*,*,#710,.T.) ;
#759=ORIENTED_EDGE('',*,*,#508,.F.) ;
#760=ORIENTED_EDGE('',*,*,#753,.F.) ;
#781=ORIENTED_EDGE('',*,*,#560,.T.) ;
#782=ORIENTED_EDGE('',*,*,#774,.F.) ;
#783=ORIENTED_EDGE('',*,*,#779,.T.) ;
#784=ORIENTED_EDGE('',*,*,#753,.T.) ;
#812=ORIENTED_EDGE('',*,*,#800,.F.) ;
#813=ORIENTED_EDGE('',*,*,#805,.F.) ;
#814=ORIENTED_EDGE('',*,*,#748,.T.) ;
#815=ORIENTED_EDGE('',*,*,#810,.F.) ;
#955=ORIENTED_EDGE('',*,*,#805,.T.) ;
#956=ORIENTED_EDGE('',*,*,#829,.T.) ;
#957=ORIENTED_EDGE('',*,*,#836,.T.) ;
#958=ORIENTED_EDGE('',*,*,#843,.T.) ;
#959=ORIENTED_EDGE('',*,*,#850,.T.) ;
#960=ORIENTED_EDGE('',*,*,#857,.T.) ;
#961=ORIENTED_EDGE('',*,*,#864,.F.) ;
#962=ORIENTED_EDGE('',*,*,#871,.T.) ;
#963=ORIENTED_EDGE('',*,*,#878,.F.) ;
#964=ORIENTED_EDGE('',*,*,#885,.T.) ;
#965=ORIENTED_EDGE('',*,*,#892,.T.) ;
#966=ORIENTED_EDGE('',*,*,#899,.T.) ;
#967=ORIENTED_EDGE('',*,*,#906,.T.) ;
#968=ORIENTED_EDGE('',*,*,#913,.T.) ;
#969=ORIENTED_EDGE('',*,*,#920,.T.) ;
#970=ORIENTED_EDGE('',*,*,#927,.T.) ;
#971=ORIENTED_EDGE('',*,*,#934,.F.) ;
#972=ORIENTED_EDGE('',*,*,#941,.F.) ;
#973=ORIENTED_EDGE('',*,*,#948,.F.) ;
#974=ORIENTED_EDGE('',*,*,#953,.F.) ;
#975=ORIENTED_EDGE('',*,*,#715,.F.) ;
#992=ORIENTED_EDGE('',*,*,#985,.F.) ;
#993=ORIENTED_EDGE('',*,*,#990,.F.) ;
#1140=ORIENTED_EDGE('',*,*,#1007,.T.) ;
#1141=ORIENTED_EDGE('',*,*,#1014,.T.) ;
#1142=ORIENTED_EDGE('',*,*,#1021,.F.) ;
#1143=ORIENTED_EDGE('',*,*,#1028,.F.) ;
#1144=ORIENTED_EDGE('',*,*,#1035,.F.) ;
#1145=ORIENTED_EDGE('',*,*,#1042,.F.) ;
#1146=ORIENTED_EDGE('',*,*,#1049,.T.) ;
#1147=ORIENTED_EDGE('',*,*,#1056,.F.) ;
#1148=ORIENTED_EDGE('',*,*,#1063,.T.) ;
#1149=ORIENTED_EDGE('',*,*,#1070,.F.) ;
#1150=ORIENTED_EDGE('',*,*,#1077,.F.) ;
#1151=ORIENTED_EDGE('',*,*,#1084,.F.) ;
#1152=ORIENTED_EDGE('',*,*,#1091,.F.) ;
#1153=ORIENTED_EDGE('',*,*,#1098,.F.) ;
#1154=ORIENTED_EDGE('',*,*,#1105,.F.) ;
#1155=ORIENTED_EDGE('',*,*,#1112,.F.) ;
#1156=ORIENTED_EDGE('',*,*,#1119,.F.) ;
#1157=ORIENTED_EDGE('',*,*,#1126,.F.) ;
#1158=ORIENTED_EDGE('',*,*,#1133,.T.) ;
#1159=ORIENTED_EDGE('',*,*,#1138,.F.) ;
#1160=ORIENTED_EDGE('',*,*,#810,.T.) ;
#1177=ORIENTED_EDGE('',*,*,#1170,.F.) ;
#1178=ORIENTED_EDGE('',*,*,#1175,.F.) ;
#1192=ORIENTED_EDGE('',*,*,#800,.T.) ;
#1193=ORIENTED_EDGE('',*,*,#1138,.T.) ;
#1194=ORIENTED_EDGE('',*,*,#1190,.F.) ;
#1195=ORIENTED_EDGE('',*,*,#829,.F.) ;
#1209=ORIENTED_EDGE('',*,*,#1207,.F.) ;
#1210=ORIENTED_EDGE('',*,*,#836,.F.) ;
#1211=ORIENTED_EDGE('',*,*,#1190,.T.) ;
#1212=ORIENTED_EDGE('',*,*,#1133,.F.) ;
#1254=ORIENTED_EDGE('',*,*,#1207,.T.) ;
#1255=ORIENTED_EDGE('',*,*,#1126,.T.) ;
#1256=ORIENTED_EDGE('',*,*,#1226,.F.) ;
#1257=ORIENTED_EDGE('',*,*,#1233,.T.) ;
#1258=ORIENTED_EDGE('',*,*,#1240,.T.) ;
#1259=ORIENTED_EDGE('',*,*,#1247,.F.) ;
#1260=ORIENTED_EDGE('',*,*,#1252,.T.) ;
#1261=ORIENTED_EDGE('',*,*,#843,.F.) ;
#1282=ORIENTED_EDGE('',*,*,#850,.F.) ;
#1283=ORIENTED_EDGE('',*,*,#1252,.F.) ;
#1284=ORIENTED_EDGE('',*,*,#1275,.T.) ;
#1285=ORIENTED_EDGE('',*,*,#1280,.T.) ;
#1325=ORIENTED_EDGE('',*,*,#1301,.F.) ;
#1326=ORIENTED_EDGE('',*,*,#1308,.F.) ;
#1327=ORIENTED_EDGE('',*,*,#1313,.T.) ;
#1328=ORIENTED_EDGE('',*,*,#1112,.T.) ;
#1329=ORIENTED_EDGE('',*,*,#1318,.T.) ;
#1330=ORIENTED_EDGE('',*,*,#857,.F.) ;
#1331=ORIENTED_EDGE('',*,*,#1280,.F.) ;
#1332=ORIENTED_EDGE('',*,*,#1323,.T.) ;
#1351=ORIENTED_EDGE('',*,*,#1344,.F.) ;
#1352=ORIENTED_EDGE('',*,*,#1098,.T.) ;
#1353=ORIENTED_EDGE('',*,*,#1349,.T.) ;
#1354=ORIENTED_EDGE('',*,*,#871,.F.) ;
#1401=ORIENTED_EDGE('',*,*,#1366,.F.) ;
#1402=ORIENTED_EDGE('',*,*,#1084,.T.) ;
#1403=ORIENTED_EDGE('',*,*,#1373,.T.) ;
#1404=ORIENTED_EDGE('',*,*,#1380,.T.) ;
#1405=ORIENTED_EDGE('',*,*,#1387,.T.) ;
#1406=ORIENTED_EDGE('',*,*,#1394,.F.) ;
#1407=ORIENTED_EDGE('',*,*,#1399,.F.) ;
#1408=ORIENTED_EDGE('',*,*,#885,.F.) ;
#1429=ORIENTED_EDGE('',*,*,#1422,.F.) ;
#1430=ORIENTED_EDGE('',*,*,#892,.F.) ;
#1431=ORIENTED_EDGE('',*,*,#1399,.T.) ;
#1432=ORIENTED_EDGE('',*,*,#1427,.T.) ;
#1472=ORIENTED_EDGE('',*,*,#1448,.F.) ;
#1473=ORIENTED_EDGE('',*,*,#1455,.F.) ;
#1474=ORIENTED_EDGE('',*,*,#1460,.F.) ;
#1475=ORIENTED_EDGE('',*,*,#1070,.T.) ;
#1476=ORIENTED_EDGE('',*,*,#1465,.F.) ;
#1477=ORIENTED_EDGE('',*,*,#899,.F.) ;
#1478=ORIENTED_EDGE('',*,*,#1422,.T.) ;
#1479=ORIENTED_EDGE('',*,*,#1470,.T.) ;
#1493=ORIENTED_EDGE('',*,*,#1491,.F.) ;
#1494=ORIENTED_EDGE('',*,*,#906,.F.) ;
#1495=ORIENTED_EDGE('',*,*,#1465,.T.) ;
#1496=ORIENTED_EDGE('',*,*,#1063,.F.) ;
#1505=ORIENTED_EDGE('',*,*,#1503,.F.) ;
#1506=ORIENTED_EDGE('',*,*,#913,.F.) ;
#1507=ORIENTED_EDGE('',*,*,#1491,.T.) ;
#1508=ORIENTED_EDGE('',*,*,#1056,.T.) ;
#1522=ORIENTED_EDGE('',*,*,#1520,.F.) ;
#1523=ORIENTED_EDGE('',*,*,#920,.F.) ;
#1524=ORIENTED_EDGE('',*,*,#1503,.T.) ;
#1525=ORIENTED_EDGE('',*,*,#1049,.F.) ;
#1539=ORIENTED_EDGE('',*,*,#1537,.F.) ;
#1540=ORIENTED_EDGE('',*,*,#927,.F.) ;
#1541=ORIENTED_EDGE('',*,*,#1520,.T.) ;
#1542=ORIENTED_EDGE('',*,*,#1042,.T.) ;
#1556=ORIENTED_EDGE('',*,*,#1035,.T.) ;
#1557=ORIENTED_EDGE('',*,*,#1554,.F.) ;
#1558=ORIENTED_EDGE('',*,*,#934,.T.) ;
#1559=ORIENTED_EDGE('',*,*,#1537,.T.) ;
#1587=ORIENTED_EDGE('',*,*,#1573,.T.) ;
#1588=ORIENTED_EDGE('',*,*,#1240,.F.) ;
#1589=ORIENTED_EDGE('',*,*,#1580,.T.) ;
#1590=ORIENTED_EDGE('',*,*,#1585,.T.) ;
#1658=ORIENTED_EDGE('',*,*,#1606,.F.) ;
#1659=ORIENTED_EDGE('',*,*,#1613,.F.) ;
#1660=ORIENTED_EDGE('',*,*,#1620,.F.) ;
#1661=ORIENTED_EDGE('',*,*,#1627,.T.) ;
#1662=ORIENTED_EDGE('',*,*,#1632,.F.) ;
#1663=ORIENTED_EDGE('',*,*,#1580,.F.) ;
#1664=ORIENTED_EDGE('',*,*,#1233,.F.) ;
#1665=ORIENTED_EDGE('',*,*,#1637,.T.) ;
#1666=ORIENTED_EDGE('',*,*,#1308,.T.) ;
#1667=ORIENTED_EDGE('',*,*,#1644,.F.) ;
#1668=ORIENTED_EDGE('',*,*,#1651,.F.) ;
#1669=ORIENTED_EDGE('',*,*,#1656,.T.) ;
#1697=ORIENTED_EDGE('',*,*,#1683,.T.) ;
#1698=ORIENTED_EDGE('',*,*,#1387,.F.) ;
#1699=ORIENTED_EDGE('',*,*,#1690,.T.) ;
#1700=ORIENTED_EDGE('',*,*,#1695,.T.) ;
#1726=ORIENTED_EDGE('',*,*,#1690,.F.) ;
#1727=ORIENTED_EDGE('',*,*,#1380,.F.) ;
#1728=ORIENTED_EDGE('',*,*,#1712,.T.) ;
#1729=ORIENTED_EDGE('',*,*,#1455,.T.) ;
#1730=ORIENTED_EDGE('',*,*,#1719,.F.) ;
#1731=ORIENTED_EDGE('',*,*,#1724,.F.) ;
#1762=ORIENTED_EDGE('',*,*,#1741,.F.) ;
#1763=ORIENTED_EDGE('',*,*,#1748,.F.) ;
#1764=ORIENTED_EDGE('',*,*,#1755,.F.) ;
#1765=ORIENTED_EDGE('',*,*,#1760,.F.) ;
#1786=ORIENTED_EDGE('',*,*,#1632,.T.) ;
#1787=ORIENTED_EDGE('',*,*,#1779,.F.) ;
#1788=ORIENTED_EDGE('',*,*,#1784,.F.) ;
#1789=ORIENTED_EDGE('',*,*,#1585,.F.) ;
#1817=ORIENTED_EDGE('',*,*,#1803,.F.) ;
#1818=ORIENTED_EDGE('',*,*,#1810,.F.) ;
#1819=ORIENTED_EDGE('',*,*,#1815,.T.) ;
#1820=ORIENTED_EDGE('',*,*,#1656,.F.) ;
#1841=ORIENTED_EDGE('',*,*,#1834,.F.) ;
#1842=ORIENTED_EDGE('',*,*,#1839,.F.) ;
#1843=ORIENTED_EDGE('',*,*,#1779,.T.) ;
#1844=ORIENTED_EDGE('',*,*,#1627,.F.) ;
#1865=ORIENTED_EDGE('',*,*,#1695,.F.) ;
#1866=ORIENTED_EDGE('',*,*,#1724,.T.) ;
#1867=ORIENTED_EDGE('',*,*,#1858,.T.) ;
#1868=ORIENTED_EDGE('',*,*,#1863,.F.) ;
#1905=ORIENTED_EDGE('',*,*,#1884,.T.) ;
#1906=ORIENTED_EDGE('',*,*,#1891,.F.) ;
#1907=ORIENTED_EDGE('',*,*,#1898,.T.) ;
#1908=ORIENTED_EDGE('',*,*,#1903,.T.) ;
#2062=ORIENTED_EDGE('',*,*,#1924,.T.) ;
#2063=ORIENTED_EDGE('',*,*,#1929,.F.) ;
#2064=ORIENTED_EDGE('',*,*,#1903,.F.) ;
#2065=ORIENTED_EDGE('',*,*,#1936,.T.) ;
#2066=ORIENTED_EDGE('',*,*,#1943,.F.) ;
#2067=ORIENTED_EDGE('',*,*,#1950,.T.) ;
#2068=ORIENTED_EDGE('',*,*,#1957,.T.) ;
#2069=ORIENTED_EDGE('',*,*,#1964,.T.) ;
#2070=ORIENTED_EDGE('',*,*,#1971,.F.) ;
#2071=ORIENTED_EDGE('',*,*,#1978,.T.) ;
#2072=ORIENTED_EDGE('',*,*,#1985,.F.) ;
#2073=ORIENTED_EDGE('',*,*,#1992,.T.) ;
#2074=ORIENTED_EDGE('',*,*,#1999,.T.) ;
#2075=ORIENTED_EDGE('',*,*,#2006,.T.) ;
#2076=ORIENTED_EDGE('',*,*,#2013,.T.) ;
#2077=ORIENTED_EDGE('',*,*,#2020,.T.) ;
#2078=ORIENTED_EDGE('',*,*,#2027,.F.) ;
#2079=ORIENTED_EDGE('',*,*,#2034,.T.) ;
#2080=ORIENTED_EDGE('',*,*,#2041,.F.) ;
#2081=ORIENTED_EDGE('',*,*,#2048,.T.) ;
#2082=ORIENTED_EDGE('',*,*,#2055,.T.) ;
#2083=ORIENTED_EDGE('',*,*,#2060,.T.) ;
#2111=ORIENTED_EDGE('',*,*,#2097,.F.) ;
#2112=ORIENTED_EDGE('',*,*,#1924,.F.) ;
#2113=ORIENTED_EDGE('',*,*,#2104,.T.) ;
#2114=ORIENTED_EDGE('',*,*,#2109,.F.) ;
#2142=ORIENTED_EDGE('',*,*,#1936,.F.) ;
#2143=ORIENTED_EDGE('',*,*,#2128,.T.) ;
#2144=ORIENTED_EDGE('',*,*,#2135,.T.) ;
#2145=ORIENTED_EDGE('',*,*,#2140,.T.) ;
#2173=ORIENTED_EDGE('',*,*,#2161,.T.) ;
#2174=ORIENTED_EDGE('',*,*,#2166,.T.) ;
#2175=ORIENTED_EDGE('',*,*,#1950,.F.) ;
#2176=ORIENTED_EDGE('',*,*,#2171,.F.) ;
#2197=ORIENTED_EDGE('',*,*,#2166,.F.) ;
#2198=ORIENTED_EDGE('',*,*,#2190,.T.) ;
#2199=ORIENTED_EDGE('',*,*,#2195,.T.) ;
#2200=ORIENTED_EDGE('',*,*,#1957,.F.) ;
#2221=ORIENTED_EDGE('',*,*,#2195,.F.) ;
#2222=ORIENTED_EDGE('',*,*,#2214,.T.) ;
#2223=ORIENTED_EDGE('',*,*,#2219,.T.) ;
#2224=ORIENTED_EDGE('',*,*,#1964,.F.) ;
#2252=ORIENTED_EDGE('',*,*,#2238,.F.) ;
#2253=ORIENTED_EDGE('',*,*,#2245,.T.) ;
#2254=ORIENTED_EDGE('',*,*,#2250,.T.) ;
#2255=ORIENTED_EDGE('',*,*,#1978,.F.) ;
#2283=ORIENTED_EDGE('',*,*,#2269,.F.) ;
#2284=ORIENTED_EDGE('',*,*,#2276,.T.) ;
#2285=ORIENTED_EDGE('',*,*,#2281,.T.) ;
#2286=ORIENTED_EDGE('',*,*,#1992,.F.) ;
#2307=ORIENTED_EDGE('',*,*,#2281,.F.) ;
#2308=ORIENTED_EDGE('',*,*,#2300,.T.) ;
#2309=ORIENTED_EDGE('',*,*,#2305,.T.) ;
#2310=ORIENTED_EDGE('',*,*,#1999,.F.) ;
#2331=ORIENTED_EDGE('',*,*,#2305,.F.) ;
#2332=ORIENTED_EDGE('',*,*,#2324,.T.) ;
#2333=ORIENTED_EDGE('',*,*,#2329,.T.) ;
#2334=ORIENTED_EDGE('',*,*,#2006,.F.) ;
#2355=ORIENTED_EDGE('',*,*,#2329,.F.) ;
#2356=ORIENTED_EDGE('',*,*,#2348,.T.) ;
#2357=ORIENTED_EDGE('',*,*,#2353,.T.) ;
#2358=ORIENTED_EDGE('',*,*,#2013,.F.) ;
#2379=ORIENTED_EDGE('',*,*,#2353,.F.) ;
#2380=ORIENTED_EDGE('',*,*,#2372,.T.) ;
#2381=ORIENTED_EDGE('',*,*,#2377,.T.) ;
#2382=ORIENTED_EDGE('',*,*,#2020,.F.) ;
#2410=ORIENTED_EDGE('',*,*,#2396,.F.) ;
#2411=ORIENTED_EDGE('',*,*,#2403,.T.) ;
#2412=ORIENTED_EDGE('',*,*,#2408,.T.) ;
#2413=ORIENTED_EDGE('',*,*,#2034,.F.) ;
#2441=ORIENTED_EDGE('',*,*,#2427,.F.) ;
#2442=ORIENTED_EDGE('',*,*,#2434,.T.) ;
#2443=ORIENTED_EDGE('',*,*,#2439,.T.) ;
#2444=ORIENTED_EDGE('',*,*,#2048,.F.) ;
#2465=ORIENTED_EDGE('',*,*,#2439,.F.) ;
#2466=ORIENTED_EDGE('',*,*,#2458,.T.) ;
#2467=ORIENTED_EDGE('',*,*,#2463,.T.) ;
#2468=ORIENTED_EDGE('',*,*,#2055,.F.) ;
#2482=ORIENTED_EDGE('',*,*,#2060,.F.) ;
#2483=ORIENTED_EDGE('',*,*,#2463,.F.) ;
#2484=ORIENTED_EDGE('',*,*,#2480,.T.) ;
#2485=ORIENTED_EDGE('',*,*,#2104,.F.) ;
#2531=ORIENTED_EDGE('',*,*,#2480,.F.) ;
#2532=ORIENTED_EDGE('',*,*,#2458,.F.) ;
#2533=ORIENTED_EDGE('',*,*,#2434,.F.) ;
#2534=ORIENTED_EDGE('',*,*,#2497,.F.) ;
#2535=ORIENTED_EDGE('',*,*,#2403,.F.) ;
#2536=ORIENTED_EDGE('',*,*,#2502,.F.) ;
#2537=ORIENTED_EDGE('',*,*,#2372,.F.) ;
#2538=ORIENTED_EDGE('',*,*,#2348,.F.) ;
#2539=ORIENTED_EDGE('',*,*,#2324,.F.) ;
#2540=ORIENTED_EDGE('',*,*,#2300,.F.) ;
#2541=ORIENTED_EDGE('',*,*,#2276,.F.) ;
#2542=ORIENTED_EDGE('',*,*,#2507,.F.) ;
#2543=ORIENTED_EDGE('',*,*,#2245,.F.) ;
#2544=ORIENTED_EDGE('',*,*,#2512,.F.) ;
#2545=ORIENTED_EDGE('',*,*,#2214,.F.) ;
#2546=ORIENTED_EDGE('',*,*,#2190,.F.) ;
#2547=ORIENTED_EDGE('',*,*,#2161,.F.) ;
#2548=ORIENTED_EDGE('',*,*,#2517,.F.) ;
#2549=ORIENTED_EDGE('',*,*,#2135,.F.) ;
#2550=ORIENTED_EDGE('',*,*,#2524,.T.) ;
#2551=ORIENTED_EDGE('',*,*,#2529,.F.) ;
#2552=ORIENTED_EDGE('',*,*,#2109,.T.) ;
#2561=ORIENTED_EDGE('',*,*,#2041,.T.) ;
#2562=ORIENTED_EDGE('',*,*,#2408,.F.) ;
#2563=ORIENTED_EDGE('',*,*,#2497,.T.) ;
#2564=ORIENTED_EDGE('',*,*,#2427,.T.) ;
#2573=ORIENTED_EDGE('',*,*,#2027,.T.) ;
#2574=ORIENTED_EDGE('',*,*,#2377,.F.) ;
#2575=ORIENTED_EDGE('',*,*,#2502,.T.) ;
#2576=ORIENTED_EDGE('',*,*,#2396,.T.) ;
#2585=ORIENTED_EDGE('',*,*,#1985,.T.) ;
#2586=ORIENTED_EDGE('',*,*,#2250,.F.) ;
#2587=ORIENTED_EDGE('',*,*,#2507,.T.) ;
#2588=ORIENTED_EDGE('',*,*,#2269,.T.) ;
#2597=ORIENTED_EDGE('',*,*,#1971,.T.) ;
#2598=ORIENTED_EDGE('',*,*,#2219,.F.) ;
#2599=ORIENTED_EDGE('',*,*,#2512,.T.) ;
#2600=ORIENTED_EDGE('',*,*,#2238,.T.) ;
#2609=ORIENTED_EDGE('',*,*,#1943,.T.) ;
#2610=ORIENTED_EDGE('',*,*,#2140,.F.) ;
#2611=ORIENTED_EDGE('',*,*,#2517,.T.) ;
#2612=ORIENTED_EDGE('',*,*,#2171,.T.) ;
#2626=ORIENTED_EDGE('',*,*,#2529,.T.) ;
#2627=ORIENTED_EDGE('',*,*,#2624,.F.) ;
#2628=ORIENTED_EDGE('',*,*,#1929,.T.) ;
#2629=ORIENTED_EDGE('',*,*,#2097,.T.) ;
#2657=ORIENTED_EDGE('',*,*,#2645,.T.) ;
#2658=ORIENTED_EDGE('',*,*,#2650,.F.) ;
#2659=ORIENTED_EDGE('',*,*,#1741,.T.) ;
#2660=ORIENTED_EDGE('',*,*,#2655,.T.) ;
#2681=ORIENTED_EDGE('',*,*,#2674,.T.) ;
#2682=ORIENTED_EDGE('',*,*,#2679,.F.) ;
#2683=ORIENTED_EDGE('',*,*,#1748,.T.) ;
#2684=ORIENTED_EDGE('',*,*,#2650,.T.) ;
#2705=ORIENTED_EDGE('',*,*,#2698,.T.) ;
#2706=ORIENTED_EDGE('',*,*,#2703,.F.) ;
#2707=ORIENTED_EDGE('',*,*,#1755,.T.) ;
#2708=ORIENTED_EDGE('',*,*,#2679,.T.) ;
#2722=ORIENTED_EDGE('',*,*,#2720,.T.) ;
#2723=ORIENTED_EDGE('',*,*,#2655,.F.) ;
#2724=ORIENTED_EDGE('',*,*,#1760,.T.) ;
#2725=ORIENTED_EDGE('',*,*,#2703,.T.) ;
#2750=ORIENTED_EDGE('',*,*,#1815,.F.) ;
#2751=ORIENTED_EDGE('',*,*,#2737,.F.) ;
#2752=ORIENTED_EDGE('',*,*,#1884,.F.) ;
#2753=ORIENTED_EDGE('',*,*,#2624,.T.) ;
#2754=ORIENTED_EDGE('',*,*,#2748,.F.) ;
#2755=ORIENTED_EDGE('',*,*,#1606,.T.) ;
#2771=ORIENTED_EDGE('',*,*,#2524,.F.) ;
#2772=ORIENTED_EDGE('',*,*,#2769,.T.) ;
#2773=ORIENTED_EDGE('',*,*,#1613,.T.) ;
#2774=ORIENTED_EDGE('',*,*,#2748,.T.) ;
#2788=ORIENTED_EDGE('',*,*,#1620,.T.) ;
#2789=ORIENTED_EDGE('',*,*,#2769,.F.) ;
#2790=ORIENTED_EDGE('',*,*,#2128,.F.) ;
#2791=ORIENTED_EDGE('',*,*,#1898,.F.) ;
#2792=ORIENTED_EDGE('',*,*,#2786,.T.) ;
#2793=ORIENTED_EDGE('',*,*,#1834,.T.) ;
#2814=ORIENTED_EDGE('',*,*,#1803,.T.) ;
#2815=ORIENTED_EDGE('',*,*,#1651,.T.) ;
#2816=ORIENTED_EDGE('',*,*,#2807,.T.) ;
#2817=ORIENTED_EDGE('',*,*,#2812,.T.) ;
#2831=ORIENTED_EDGE('',*,*,#2829,.T.) ;
#2832=ORIENTED_EDGE('',*,*,#1858,.F.) ;
#2833=ORIENTED_EDGE('',*,*,#1719,.T.) ;
#2834=ORIENTED_EDGE('',*,*,#1448,.T.) ;
#2843=ORIENTED_EDGE('',*,*,#1863,.T.) ;
#2844=ORIENTED_EDGE('',*,*,#2829,.F.) ;
#2845=ORIENTED_EDGE('',*,*,#1470,.F.) ;
#2846=ORIENTED_EDGE('',*,*,#1427,.F.) ;
#2847=ORIENTED_EDGE('',*,*,#1394,.T.) ;
#2848=ORIENTED_EDGE('',*,*,#1683,.F.) ;
#2851=ORIENTED_EDGE('',*,*,#2720,.F.) ;
#2852=ORIENTED_EDGE('',*,*,#2698,.F.) ;
#2853=ORIENTED_EDGE('',*,*,#2674,.F.) ;
#2854=ORIENTED_EDGE('',*,*,#2645,.F.) ;
#2868=ORIENTED_EDGE('',*,*,#2866,.T.) ;
#2869=ORIENTED_EDGE('',*,*,#2807,.F.) ;
#2870=ORIENTED_EDGE('',*,*,#1644,.T.) ;
#2871=ORIENTED_EDGE('',*,*,#1301,.T.) ;
#2880=ORIENTED_EDGE('',*,*,#1810,.T.) ;
#2881=ORIENTED_EDGE('',*,*,#2812,.F.) ;
#2882=ORIENTED_EDGE('',*,*,#2866,.F.) ;
#2883=ORIENTED_EDGE('',*,*,#1323,.F.) ;
#2884=ORIENTED_EDGE('',*,*,#1275,.F.) ;
#2885=ORIENTED_EDGE('',*,*,#1247,.T.) ;
#2886=ORIENTED_EDGE('',*,*,#1573,.F.) ;
#2887=ORIENTED_EDGE('',*,*,#1784,.T.) ;
#2888=ORIENTED_EDGE('',*,*,#1839,.T.) ;
#2889=ORIENTED_EDGE('',*,*,#2786,.F.) ;
#2890=ORIENTED_EDGE('',*,*,#1891,.T.) ;
#2891=ORIENTED_EDGE('',*,*,#2737,.T.) ;
#2900=ORIENTED_EDGE('',*,*,#1712,.F.) ;
#2901=ORIENTED_EDGE('',*,*,#1373,.F.) ;
#2902=ORIENTED_EDGE('',*,*,#1077,.T.) ;
#2903=ORIENTED_EDGE('',*,*,#1460,.T.) ;
#2912=ORIENTED_EDGE('',*,*,#1313,.F.) ;
#2913=ORIENTED_EDGE('',*,*,#1637,.F.) ;
#2914=ORIENTED_EDGE('',*,*,#1226,.T.) ;
#2915=ORIENTED_EDGE('',*,*,#1119,.T.) ;
#2934=ORIENTED_EDGE('',*,*,#990,.T.) ;
#2935=ORIENTED_EDGE('',*,*,#2927,.F.) ;
#2936=ORIENTED_EDGE('',*,*,#1170,.T.) ;
#2937=ORIENTED_EDGE('',*,*,#2932,.T.) ;
#2941=ORIENTED_EDGE('',*,*,#985,.T.) ;
#2942=ORIENTED_EDGE('',*,*,#2932,.F.) ;
#2943=ORIENTED_EDGE('',*,*,#1175,.T.) ;
#2944=ORIENTED_EDGE('',*,*,#2927,.T.) ;
#2958=ORIENTED_EDGE('',*,*,#941,.T.) ;
#2959=ORIENTED_EDGE('',*,*,#1554,.T.) ;
#2960=ORIENTED_EDGE('',*,*,#1028,.T.) ;
#2961=ORIENTED_EDGE('',*,*,#2956,.F.) ;
#2975=ORIENTED_EDGE('',*,*,#1021,.T.) ;
#2976=ORIENTED_EDGE('',*,*,#2973,.F.) ;
#2977=ORIENTED_EDGE('',*,*,#948,.T.) ;
#2978=ORIENTED_EDGE('',*,*,#2956,.T.) ;
#2987=ORIENTED_EDGE('',*,*,#878,.T.) ;
#2988=ORIENTED_EDGE('',*,*,#1349,.F.) ;
#2989=ORIENTED_EDGE('',*,*,#1091,.T.) ;
#2990=ORIENTED_EDGE('',*,*,#1366,.T.) ;
#2999=ORIENTED_EDGE('',*,*,#864,.T.) ;
#3000=ORIENTED_EDGE('',*,*,#1318,.F.) ;
#3001=ORIENTED_EDGE('',*,*,#1105,.T.) ;
#3002=ORIENTED_EDGE('',*,*,#1344,.T.) ;
#3023=ORIENTED_EDGE('',*,*,#1007,.F.) ;
#3024=ORIENTED_EDGE('',*,*,#743,.T.) ;
#3025=ORIENTED_EDGE('',*,*,#3016,.T.) ;
#3026=ORIENTED_EDGE('',*,*,#3021,.F.) ;
#3054=ORIENTED_EDGE('',*,*,#636,.T.) ;
#3055=ORIENTED_EDGE('',*,*,#3040,.F.) ;
#3056=ORIENTED_EDGE('',*,*,#3047,.T.) ;
#3057=ORIENTED_EDGE('',*,*,#3052,.T.) ;
#3078=ORIENTED_EDGE('',*,*,#631,.T.) ;
#3079=ORIENTED_EDGE('',*,*,#3071,.F.) ;
#3080=ORIENTED_EDGE('',*,*,#3076,.T.) ;
#3081=ORIENTED_EDGE('',*,*,#3040,.T.) ;
#3102=ORIENTED_EDGE('',*,*,#624,.T.) ;
#3103=ORIENTED_EDGE('',*,*,#3095,.F.) ;
#3104=ORIENTED_EDGE('',*,*,#3100,.T.) ;
#3105=ORIENTED_EDGE('',*,*,#3071,.T.) ;
#3119=ORIENTED_EDGE('',*,*,#617,.T.) ;
#3120=ORIENTED_EDGE('',*,*,#3052,.F.) ;
#3121=ORIENTED_EDGE('',*,*,#3117,.T.) ;
#3122=ORIENTED_EDGE('',*,*,#3095,.T.) ;
#3150=ORIENTED_EDGE('',*,*,#602,.T.) ;
#3151=ORIENTED_EDGE('',*,*,#3136,.F.) ;
#3152=ORIENTED_EDGE('',*,*,#3143,.T.) ;
#3153=ORIENTED_EDGE('',*,*,#3148,.T.) ;
#3174=ORIENTED_EDGE('',*,*,#597,.T.) ;
#3175=ORIENTED_EDGE('',*,*,#3167,.F.) ;
#3176=ORIENTED_EDGE('',*,*,#3172,.T.) ;
#3177=ORIENTED_EDGE('',*,*,#3136,.T.) ;
#3198=ORIENTED_EDGE('',*,*,#590,.T.) ;
#3199=ORIENTED_EDGE('',*,*,#3191,.F.) ;
#3200=ORIENTED_EDGE('',*,*,#3196,.T.) ;
#3201=ORIENTED_EDGE('',*,*,#3167,.T.) ;
#3215=ORIENTED_EDGE('',*,*,#583,.T.) ;
#3216=ORIENTED_EDGE('',*,*,#3148,.F.) ;
#3217=ORIENTED_EDGE('',*,*,#3213,.T.) ;
#3218=ORIENTED_EDGE('',*,*,#3191,.T.) ;
#3227=ORIENTED_EDGE('',*,*,#774,.T.) ;
#3228=ORIENTED_EDGE('',*,*,#555,.T.) ;
#3229=ORIENTED_EDGE('',*,*,#684,.F.) ;
#3230=ORIENTED_EDGE('',*,*,#3225,.F.) ;
#3246=ORIENTED_EDGE('',*,*,#522,.T.) ;
#3247=ORIENTED_EDGE('',*,*,#703,.F.) ;
#3248=ORIENTED_EDGE('',*,*,#953,.T.) ;
#3249=ORIENTED_EDGE('',*,*,#2973,.T.) ;
#3250=ORIENTED_EDGE('',*,*,#1014,.F.) ;
#3251=ORIENTED_EDGE('',*,*,#3021,.T.) ;
#3252=ORIENTED_EDGE('',*,*,#3239,.F.) ;
#3253=ORIENTED_EDGE('',*,*,#3244,.F.) ;
#3274=ORIENTED_EDGE('',*,*,#3267,.F.) ;
#3275=ORIENTED_EDGE('',*,*,#529,.F.) ;
#3276=ORIENTED_EDGE('',*,*,#3244,.T.) ;
#3277=ORIENTED_EDGE('',*,*,#3272,.F.) ;
#3298=ORIENTED_EDGE('',*,*,#779,.F.) ;
#3299=ORIENTED_EDGE('',*,*,#3225,.T.) ;
#3300=ORIENTED_EDGE('',*,*,#679,.F.) ;
#3301=ORIENTED_EDGE('',*,*,#655,.T.) ;
#3302=ORIENTED_EDGE('',*,*,#429,.T.) ;
#3303=ORIENTED_EDGE('',*,*,#353,.T.) ;
#3304=ORIENTED_EDGE('',*,*,#3291,.T.) ;
#3305=ORIENTED_EDGE('',*,*,#3296,.F.) ;
#3306=ORIENTED_EDGE('',*,*,#3272,.T.) ;
#3307=ORIENTED_EDGE('',*,*,#3239,.T.) ;
#3308=ORIENTED_EDGE('',*,*,#3016,.F.) ;
#3309=ORIENTED_EDGE('',*,*,#736,.F.) ;
#3312=ORIENTED_EDGE('',*,*,#3143,.F.) ;
#3313=ORIENTED_EDGE('',*,*,#3172,.F.) ;
#3314=ORIENTED_EDGE('',*,*,#3196,.F.) ;
#3315=ORIENTED_EDGE('',*,*,#3213,.F.) ;
#3318=ORIENTED_EDGE('',*,*,#3047,.F.) ;
#3319=ORIENTED_EDGE('',*,*,#3076,.F.) ;
#3320=ORIENTED_EDGE('',*,*,#3100,.F.) ;
#3321=ORIENTED_EDGE('',*,*,#3117,.F.) ;
#3340=ORIENTED_EDGE('',*,*,#291,.F.) ;
#3341=ORIENTED_EDGE('',*,*,#3333,.F.) ;
#3342=ORIENTED_EDGE('',*,*,#202,.T.) ;
#3343=ORIENTED_EDGE('',*,*,#3338,.T.) ;
#3357=ORIENTED_EDGE('',*,*,#3338,.F.) ;
#3358=ORIENTED_EDGE('',*,*,#197,.T.) ;
#3359=ORIENTED_EDGE('',*,*,#3355,.T.) ;
#3360=ORIENTED_EDGE('',*,*,#298,.F.) ;
#3374=ORIENTED_EDGE('',*,*,#305,.F.) ;
#3375=ORIENTED_EDGE('',*,*,#3355,.F.) ;
#3376=ORIENTED_EDGE('',*,*,#190,.T.) ;
#3377=ORIENTED_EDGE('',*,*,#3372,.T.) ;
#3386=ORIENTED_EDGE('',*,*,#3372,.F.) ;
#3387=ORIENTED_EDGE('',*,*,#183,.T.) ;
#3388=ORIENTED_EDGE('',*,*,#3333,.T.) ;
#3389=ORIENTED_EDGE('',*,*,#310,.F.) ;
#3403=ORIENTED_EDGE('',*,*,#463,.F.) ;
#3404=ORIENTED_EDGE('',*,*,#244,.F.) ;
#3405=ORIENTED_EDGE('',*,*,#487,.T.) ;
#3406=ORIENTED_EDGE('',*,*,#534,.F.) ;
#3407=ORIENTED_EDGE('',*,*,#3267,.T.) ;
#3408=ORIENTED_EDGE('',*,*,#3296,.T.) ;
#3409=ORIENTED_EDGE('',*,*,#3401,.F.) ;
#3410=ORIENTED_EDGE('',*,*,#129,.T.) ;
#3419=ORIENTED_EDGE('',*,*,#3401,.T.) ;
#3420=ORIENTED_EDGE('',*,*,#3291,.F.) ;
#3421=ORIENTED_EDGE('',*,*,#346,.F.) ;
#3422=ORIENTED_EDGE('',*,*,#136,.T.) ;
#3431=ORIENTED_EDGE('',*,*,#276,.F.) ;
#3432=ORIENTED_EDGE('',*,*,#327,.F.) ;
#3433=ORIENTED_EDGE('',*,*,#163,.T.) ;
#3434=ORIENTED_EDGE('',*,*,#51,.T.) ;
#3476=ORIENTED_EDGE('',*,*,#3455,.F.) ;
#3477=ORIENTED_EDGE('',*,*,#3462,.T.) ;
#3478=ORIENTED_EDGE('',*,*,#3469,.T.) ;
#3479=ORIENTED_EDGE('',*,*,#3474,.F.) ;
#3493=ORIENTED_EDGE('',*,*,#3469,.F.) ;
#3494=ORIENTED_EDGE('',*,*,#3486,.T.) ;
#3495=ORIENTED_EDGE('',*,*,#3455,.T.) ;
#3496=ORIENTED_EDGE('',*,*,#3491,.F.) ;
#3533=ORIENTED_EDGE('',*,*,#3512,.T.) ;
#3534=ORIENTED_EDGE('',*,*,#3519,.F.) ;
#3535=ORIENTED_EDGE('',*,*,#3526,.F.) ;
#3536=ORIENTED_EDGE('',*,*,#3531,.T.) ;
#3550=ORIENTED_EDGE('',*,*,#3543,.T.) ;
#3551=ORIENTED_EDGE('',*,*,#3531,.F.) ;
#3552=ORIENTED_EDGE('',*,*,#3548,.F.) ;
#3553=ORIENTED_EDGE('',*,*,#3519,.T.) ;
#3562=ORIENTED_EDGE('',*,*,#3486,.F.) ;
#3563=ORIENTED_EDGE('',*,*,#3462,.F.) ;
#3566=ORIENTED_EDGE('',*,*,#3548,.T.) ;
#3567=ORIENTED_EDGE('',*,*,#3526,.T.) ;
#3576=ORIENTED_EDGE('',*,*,#3474,.T.) ;
#3577=ORIENTED_EDGE('',*,*,#3491,.T.) ;
#3580=ORIENTED_EDGE('',*,*,#3512,.F.) ;
#3581=ORIENTED_EDGE('',*,*,#3543,.F.) ;
#21=MANIFOLD_SOLID_BREP('TOLE solution 3',#30) ;
#3439=MANIFOLD_SOLID_BREP('BOSSAGE',#3441) ;
#41=VERTEX_POINT('',#40) ;
#43=VERTEX_POINT('',#42) ;
#50=VERTEX_POINT('',#49) ;
#57=VERTEX_POINT('',#56) ;
#81=VERTEX_POINT('',#80) ;
#88=VERTEX_POINT('',#87) ;
#112=VERTEX_POINT('',#111) ;
#114=VERTEX_POINT('',#113) ;
#121=VERTEX_POINT('',#120) ;
#128=VERTEX_POINT('',#127) ;
#135=VERTEX_POINT('',#134) ;
#142=VERTEX_POINT('',#141) ;
#162=VERTEX_POINT('',#161) ;
#180=VERTEX_POINT('',#179) ;
#182=VERTEX_POINT('',#181) ;
#189=VERTEX_POINT('',#188) ;
#196=VERTEX_POINT('',#195) ;
#220=VERTEX_POINT('',#219) ;
#222=VERTEX_POINT('',#221) ;
#229=VERTEX_POINT('',#228) ;
#236=VERTEX_POINT('',#235) ;
#243=VERTEX_POINT('',#242) ;
#250=VERTEX_POINT('',#249) ;
#270=VERTEX_POINT('',#269) ;
#288=VERTEX_POINT('',#287) ;
#290=VERTEX_POINT('',#289) ;
#297=VERTEX_POINT('',#296) ;
#304=VERTEX_POINT('',#303) ;
#345=VERTEX_POINT('',#344) ;
#352=VERTEX_POINT('',#351) ;
#359=VERTEX_POINT('',#358) ;
#366=VERTEX_POINT('',#365) ;
#416=VERTEX_POINT('',#415) ;
#418=VERTEX_POINT('',#417) ;
#481=VERTEX_POINT('',#480) ;
#505=VERTEX_POINT('',#504) ;
#507=VERTEX_POINT('',#506) ;
#514=VERTEX_POINT('',#513) ;
#521=VERTEX_POINT('',#520) ;
#528=VERTEX_POINT('',#527) ;
#540=VERTEX_POINT('',#539) ;
#547=VERTEX_POINT('',#546) ;
#554=VERTEX_POINT('',#553) ;
#580=VERTEX_POINT('',#579) ;
#582=VERTEX_POINT('',#581) ;
#589=VERTEX_POINT('',#588) ;
#596=VERTEX_POINT('',#595) ;
#614=VERTEX_POINT('',#613) ;
#616=VERTEX_POINT('',#615) ;
#623=VERTEX_POINT('',#622) ;
#630=VERTEX_POINT('',#629) ;
#654=VERTEX_POINT('',#653) ;
#678=VERTEX_POINT('',#677) ;
#702=VERTEX_POINT('',#701) ;
#709=VERTEX_POINT('',#708) ;
#733=VERTEX_POINT('',#732) ;
#735=VERTEX_POINT('',#734) ;
#742=VERTEX_POINT('',#741) ;
#773=VERTEX_POINT('',#772) ;
#797=VERTEX_POINT('',#796) ;
#799=VERTEX_POINT('',#798) ;
#828=VERTEX_POINT('',#827) ;
#835=VERTEX_POINT('',#834) ;
#842=VERTEX_POINT('',#841) ;
#849=VERTEX_POINT('',#848) ;
#856=VERTEX_POINT('',#855) ;
#863=VERTEX_POINT('',#862) ;
#870=VERTEX_POINT('',#869) ;
#877=VERTEX_POINT('',#876) ;
#884=VERTEX_POINT('',#883) ;
#891=VERTEX_POINT('',#890) ;
#898=VERTEX_POINT('',#897) ;
#905=VERTEX_POINT('',#904) ;
#912=VERTEX_POINT('',#911) ;
#919=VERTEX_POINT('',#918) ;
#926=VERTEX_POINT('',#925) ;
#933=VERTEX_POINT('',#932) ;
#940=VERTEX_POINT('',#939) ;
#947=VERTEX_POINT('',#946) ;
#982=VERTEX_POINT('',#981) ;
#984=VERTEX_POINT('',#983) ;
#1006=VERTEX_POINT('',#1005) ;
#1013=VERTEX_POINT('',#1012) ;
#1020=VERTEX_POINT('',#1019) ;
#1027=VERTEX_POINT('',#1026) ;
#1034=VERTEX_POINT('',#1033) ;
#1041=VERTEX_POINT('',#1040) ;
#1048=VERTEX_POINT('',#1047) ;
#1055=VERTEX_POINT('',#1054) ;
#1062=VERTEX_POINT('',#1061) ;
#1069=VERTEX_POINT('',#1068) ;
#1076=VERTEX_POINT('',#1075) ;
#1083=VERTEX_POINT('',#1082) ;
#1090=VERTEX_POINT('',#1089) ;
#1097=VERTEX_POINT('',#1096) ;
#1104=VERTEX_POINT('',#1103) ;
#1111=VERTEX_POINT('',#1110) ;
#1118=VERTEX_POINT('',#1117) ;
#1125=VERTEX_POINT('',#1124) ;
#1132=VERTEX_POINT('',#1131) ;
#1167=VERTEX_POINT('',#1166) ;
#1169=VERTEX_POINT('',#1168) ;
#1225=VERTEX_POINT('',#1224) ;
#1232=VERTEX_POINT('',#1231) ;
#1239=VERTEX_POINT('',#1238) ;
#1246=VERTEX_POINT('',#1245) ;
#1274=VERTEX_POINT('',#1273) ;
#1298=VERTEX_POINT('',#1297) ;
#1300=VERTEX_POINT('',#1299) ;
#1307=VERTEX_POINT('',#1306) ;
#1372=VERTEX_POINT('',#1371) ;
#1379=VERTEX_POINT('',#1378) ;
#1386=VERTEX_POINT('',#1385) ;
#1393=VERTEX_POINT('',#1392) ;
#1421=VERTEX_POINT('',#1420) ;
#1445=VERTEX_POINT('',#1444) ;
#1447=VERTEX_POINT('',#1446) ;
#1454=VERTEX_POINT('',#1453) ;
#1572=VERTEX_POINT('',#1571) ;
#1579=VERTEX_POINT('',#1578) ;
#1603=VERTEX_POINT('',#1602) ;
#1605=VERTEX_POINT('',#1604) ;
#1612=VERTEX_POINT('',#1611) ;
#1619=VERTEX_POINT('',#1618) ;
#1626=VERTEX_POINT('',#1625) ;
#1643=VERTEX_POINT('',#1642) ;
#1650=VERTEX_POINT('',#1649) ;
#1682=VERTEX_POINT('',#1681) ;
#1689=VERTEX_POINT('',#1688) ;
#1718=VERTEX_POINT('',#1717) ;
#1738=VERTEX_POINT('',#1737) ;
#1740=VERTEX_POINT('',#1739) ;
#1747=VERTEX_POINT('',#1746) ;
#1754=VERTEX_POINT('',#1753) ;
#1778=VERTEX_POINT('',#1777) ;
#1802=VERTEX_POINT('',#1801) ;
#1809=VERTEX_POINT('',#1808) ;
#1833=VERTEX_POINT('',#1832) ;
#1857=VERTEX_POINT('',#1856) ;
#1881=VERTEX_POINT('',#1880) ;
#1883=VERTEX_POINT('',#1882) ;
#1890=VERTEX_POINT('',#1889) ;
#1897=VERTEX_POINT('',#1896) ;
#1921=VERTEX_POINT('',#1920) ;
#1923=VERTEX_POINT('',#1922) ;
#1935=VERTEX_POINT('',#1934) ;
#1942=VERTEX_POINT('',#1941) ;
#1949=VERTEX_POINT('',#1948) ;
#1956=VERTEX_POINT('',#1955) ;
#1963=VERTEX_POINT('',#1962) ;
#1970=VERTEX_POINT('',#1969) ;
#1977=VERTEX_POINT('',#1976) ;
#1984=VERTEX_POINT('',#1983) ;
#1991=VERTEX_POINT('',#1990) ;
#1998=VERTEX_POINT('',#1997) ;
#2005=VERTEX_POINT('',#2004) ;
#2012=VERTEX_POINT('',#2011) ;
#2019=VERTEX_POINT('',#2018) ;
#2026=VERTEX_POINT('',#2025) ;
#2033=VERTEX_POINT('',#2032) ;
#2040=VERTEX_POINT('',#2039) ;
#2047=VERTEX_POINT('',#2046) ;
#2054=VERTEX_POINT('',#2053) ;
#2096=VERTEX_POINT('',#2095) ;
#2103=VERTEX_POINT('',#2102) ;
#2127=VERTEX_POINT('',#2126) ;
#2134=VERTEX_POINT('',#2133) ;
#2158=VERTEX_POINT('',#2157) ;
#2160=VERTEX_POINT('',#2159) ;
#2189=VERTEX_POINT('',#2188) ;
#2213=VERTEX_POINT('',#2212) ;
#2237=VERTEX_POINT('',#2236) ;
#2244=VERTEX_POINT('',#2243) ;
#2268=VERTEX_POINT('',#2267) ;
#2275=VERTEX_POINT('',#2274) ;
#2299=VERTEX_POINT('',#2298) ;
#2323=VERTEX_POINT('',#2322) ;
#2347=VERTEX_POINT('',#2346) ;
#2371=VERTEX_POINT('',#2370) ;
#2395=VERTEX_POINT('',#2394) ;
#2402=VERTEX_POINT('',#2401) ;
#2426=VERTEX_POINT('',#2425) ;
#2433=VERTEX_POINT('',#2432) ;
#2457=VERTEX_POINT('',#2456) ;
#2523=VERTEX_POINT('',#2522) ;
#2642=VERTEX_POINT('',#2641) ;
#2644=VERTEX_POINT('',#2643) ;
#2673=VERTEX_POINT('',#2672) ;
#2697=VERTEX_POINT('',#2696) ;
#2806=VERTEX_POINT('',#2805) ;
#3015=VERTEX_POINT('',#3014) ;
#3039=VERTEX_POINT('',#3038) ;
#3046=VERTEX_POINT('',#3045) ;
#3070=VERTEX_POINT('',#3069) ;
#3094=VERTEX_POINT('',#3093) ;
#3135=VERTEX_POINT('',#3134) ;
#3142=VERTEX_POINT('',#3141) ;
#3166=VERTEX_POINT('',#3165) ;
#3190=VERTEX_POINT('',#3189) ;
#3238=VERTEX_POINT('',#3237) ;
#3266=VERTEX_POINT('',#3265) ;
#3290=VERTEX_POINT('',#3289) ;
#3452=VERTEX_POINT('',#3451) ;
#3454=VERTEX_POINT('',#3453) ;
#3461=VERTEX_POINT('',#3460) ;
#3468=VERTEX_POINT('',#3467) ;
#3509=VERTEX_POINT('',#3508) ;
#3511=VERTEX_POINT('',#3510) ;
#3518=VERTEX_POINT('',#3517) ;
#3525=VERTEX_POINT('',#3524) ;
#3437=ADVANCED_BREP_SHAPE_REPRESENTATION('NONE',(#21,#3439),#16) ;
#70=ADVANCED_FACE('TOLE solution 3',(#69),#35,.F.) ;
#101=ADVANCED_FACE('TOLE solution 3',(#100),#75,.F.) ;
#209=ADVANCED_FACE('TOLE solution 3',(#156,#174,#208),#106,.T.) ;
#317=ADVANCED_FACE('TOLE solution 3',(#264,#282,#316),#214,.F.) ;
#334=ADVANCED_FACE('TOLE solution 3',(#333),#322,.F.) ;
#388=ADVANCED_FACE('TOLE solution 3',(#387),#339,.T.) ;
#405=ADVANCED_FACE('TOLE solution 3',(#404),#393,.T.) ;
#436=ADVANCED_FACE('TOLE solution 3',(#435),#410,.F.) ;
#453=ADVANCED_FACE('TOLE solution 3',(#452),#441,.F.) ;
#470=ADVANCED_FACE('TOLE solution 3',(#469),#458,.T.) ;
#494=ADVANCED_FACE('TOLE solution 3',(#493),#475,.F.) ;
#643=ADVANCED_FACE('TOLE solution 3',(#574,#608,#642),#499,.T.) ;
#667=ADVANCED_FACE('TOLE solution 3',(#666),#648,.T.) ;
#691=ADVANCED_FACE('TOLE solution 3',(#690),#672,.T.) ;
#722=ADVANCED_FACE('TOLE solution 3',(#721),#696,.F.) ;
#762=ADVANCED_FACE('TOLE solution 3',(#761),#727,.T.) ;
#786=ADVANCED_FACE('TOLE solution 3',(#785),#767,.T.) ;
#817=ADVANCED_FACE('TOLE solution 3',(#816),#791,.F.) ;
#995=ADVANCED_FACE('TOLE solution 3',(#976,#994),#822,.T.) ;
#1180=ADVANCED_FACE('TOLE solution 3',(#1161,#1179),#1000,.F.) ;
#1197=ADVANCED_FACE('TOLE solution 3',(#1196),#1185,.F.) ;
#1214=ADVANCED_FACE('TOLE solution 3',(#1213),#1202,.F.) ;
#1263=ADVANCED_FACE('TOLE solution 3',(#1262),#1219,.F.) ;
#1287=ADVANCED_FACE('TOLE solution 3',(#1286),#1268,.T.) ;
#1334=ADVANCED_FACE('TOLE solution 3',(#1333),#1292,.F.) ;
#1356=ADVANCED_FACE('TOLE solution 3',(#1355),#1339,.F.) ;
#1410=ADVANCED_FACE('TOLE solution 3',(#1409),#1361,.F.) ;
#1434=ADVANCED_FACE('TOLE solution 3',(#1433),#1415,.F.) ;
#1481=ADVANCED_FACE('TOLE solution 3',(#1480),#1439,.F.) ;
#1498=ADVANCED_FACE('TOLE solution 3',(#1497),#1486,.F.) ;
#1510=ADVANCED_FACE('TOLE solution 3',(#1509),#1219,.F.) ;
#1527=ADVANCED_FACE('TOLE solution 3',(#1526),#1515,.F.) ;
#1544=ADVANCED_FACE('TOLE solution 3',(#1543),#1532,.F.) ;
#1561=ADVANCED_FACE('TOLE solution 3',(#1560),#1549,.T.) ;
#1592=ADVANCED_FACE('TOLE solution 3',(#1591),#1566,.T.) ;
#1671=ADVANCED_FACE('TOLE solution 3',(#1670),#1597,.F.) ;
#1702=ADVANCED_FACE('TOLE solution 3',(#1701),#1676,.T.) ;
#1767=ADVANCED_FACE('TOLE solution 3',(#1732,#1766),#1707,.F.) ;
#1791=ADVANCED_FACE('TOLE solution 3',(#1790),#1772,.T.) ;
#1822=ADVANCED_FACE('TOLE solution 3',(#1821),#1796,.F.) ;
#1846=ADVANCED_FACE('TOLE solution 3',(#1845),#1827,.F.) ;
#1870=ADVANCED_FACE('TOLE solution 3',(#1869),#1851,.F.) ;
#1910=ADVANCED_FACE('TOLE solution 3',(#1909),#1875,.F.) ;
#2085=ADVANCED_FACE('TOLE solution 3',(#2084),#1915,.T.) ;
#2116=ADVANCED_FACE('TOLE solution 3',(#2115),#2090,.F.) ;
#2147=ADVANCED_FACE('TOLE solution 3',(#2146),#2121,.T.) ;
#2178=ADVANCED_FACE('TOLE solution 3',(#2177),#2152,.T.) ;
#2202=ADVANCED_FACE('TOLE solution 3',(#2201),#2183,.T.) ;
#2226=ADVANCED_FACE('TOLE solution 3',(#2225),#2207,.T.) ;
#2257=ADVANCED_FACE('TOLE solution 3',(#2256),#2231,.T.) ;
#2288=ADVANCED_FACE('TOLE solution 3',(#2287),#2262,.T.) ;
#2312=ADVANCED_FACE('TOLE solution 3',(#2311),#2293,.T.) ;
#2336=ADVANCED_FACE('TOLE solution 3',(#2335),#2317,.T.) ;
#2360=ADVANCED_FACE('TOLE solution 3',(#2359),#2341,.T.) ;
#2384=ADVANCED_FACE('TOLE solution 3',(#2383),#2365,.T.) ;
#2415=ADVANCED_FACE('TOLE solution 3',(#2414),#2389,.T.) ;
#2446=ADVANCED_FACE('TOLE solution 3',(#2445),#2420,.T.) ;
#2470=ADVANCED_FACE('TOLE solution 3',(#2469),#2451,.T.) ;
#2487=ADVANCED_FACE('TOLE solution 3',(#2486),#2475,.T.) ;
#2554=ADVANCED_FACE('TOLE solution 3',(#2553),#2492,.F.) ;
#2566=ADVANCED_FACE('TOLE solution 3',(#2565),#2559,.F.) ;
#2578=ADVANCED_FACE('TOLE solution 3',(#2577),#2571,.F.) ;
#2590=ADVANCED_FACE('TOLE solution 3',(#2589),#2583,.F.) ;
#2602=ADVANCED_FACE('TOLE solution 3',(#2601),#2595,.F.) ;
#2614=ADVANCED_FACE('TOLE solution 3',(#2613),#2607,.T.) ;
#2631=ADVANCED_FACE('TOLE solution 3',(#2630),#2619,.T.) ;
#2662=ADVANCED_FACE('TOLE solution 3',(#2661),#2636,.F.) ;
#2686=ADVANCED_FACE('TOLE solution 3',(#2685),#2667,.F.) ;
#2710=ADVANCED_FACE('TOLE solution 3',(#2709),#2691,.F.) ;
#2727=ADVANCED_FACE('TOLE solution 3',(#2726),#2715,.F.) ;
#2757=ADVANCED_FACE('TOLE solution 3',(#2756),#2732,.F.) ;
#2776=ADVANCED_FACE('TOLE solution 3',(#2775),#2762,.T.) ;
#2795=ADVANCED_FACE('TOLE solution 3',(#2794),#2781,.T.) ;
#2819=ADVANCED_FACE('TOLE solution 3',(#2818),#2800,.F.) ;
#2836=ADVANCED_FACE('TOLE solution 3',(#2835),#2824,.T.) ;
#2856=ADVANCED_FACE('TOLE solution 3',(#2849,#2855),#2841,.T.) ;
#2873=ADVANCED_FACE('TOLE solution 3',(#2872),#2861,.T.) ;
#2893=ADVANCED_FACE('TOLE solution 3',(#2892),#2878,.T.) ;
#2905=ADVANCED_FACE('TOLE solution 3',(#2904),#2898,.T.) ;
#2917=ADVANCED_FACE('TOLE solution 3',(#2916),#2910,.F.) ;
#2939=ADVANCED_FACE('TOLE solution 3',(#2938),#2922,.F.) ;
#2946=ADVANCED_FACE('TOLE solution 3',(#2945),#2922,.F.) ;
#2963=ADVANCED_FACE('TOLE solution 3',(#2962),#2951,.T.) ;
#2980=ADVANCED_FACE('TOLE solution 3',(#2979),#2968,.T.) ;
#2992=ADVANCED_FACE('TOLE solution 3',(#2991),#2985,.T.) ;
#3004=ADVANCED_FACE('TOLE solution 3',(#3003),#2997,.T.) ;
#3028=ADVANCED_FACE('TOLE solution 3',(#3027),#3009,.T.) ;
#3059=ADVANCED_FACE('TOLE solution 3',(#3058),#3033,.F.) ;
#3083=ADVANCED_FACE('TOLE solution 3',(#3082),#3064,.F.) ;
#3107=ADVANCED_FACE('TOLE solution 3',(#3106),#3088,.F.) ;
#3124=ADVANCED_FACE('TOLE solution 3',(#3123),#3112,.F.) ;
#3155=ADVANCED_FACE('TOLE solution 3',(#3154),#3129,.F.) ;
#3179=ADVANCED_FACE('TOLE solution 3',(#3178),#3160,.F.) ;
#3203=ADVANCED_FACE('TOLE solution 3',(#3202),#3184,.F.) ;
#3220=ADVANCED_FACE('TOLE solution 3',(#3219),#3208,.F.) ;
#3232=ADVANCED_FACE('TOLE solution 3',(#3231),#1851,.F.) ;
#3255=ADVANCED_FACE('TOLE solution 3',(#3254),#648,.T.) ;
#3279=ADVANCED_FACE('TOLE solution 3',(#3278),#3260,.F.) ;
#3323=ADVANCED_FACE('TOLE solution 3',(#3310,#3316,#3322),#3284,.F.) ;
#3345=ADVANCED_FACE('TOLE solution 3',(#3344),#3328,.F.) ;
#3362=ADVANCED_FACE('TOLE solution 3',(#3361),#3350,.T.) ;
#3379=ADVANCED_FACE('TOLE solution 3',(#3378),#3367,.F.) ;
#3391=ADVANCED_FACE('TOLE solution 3',(#3390),#3384,.T.) ;
#3412=ADVANCED_FACE('TOLE solution 3',(#3411),#3396,.F.) ;
#3424=ADVANCED_FACE('TOLE solution 3',(#3423),#3417,.T.) ;
#3436=ADVANCED_FACE('TOLE solution 3',(#3435),#3429,.F.) ;
#3481=ADVANCED_FACE('BOSSAGE',(#3480),#3446,.T.) ;
#3498=ADVANCED_FACE('BOSSAGE',(#3497),#3446,.T.) ;
#3538=ADVANCED_FACE('BOSSAGE',(#3537),#3503,.F.) ;
#3555=ADVANCED_FACE('BOSSAGE',(#3554),#3503,.F.) ;
#3569=ADVANCED_FACE('BOSSAGE',(#3564,#3568),#3560,.F.) ;
#3583=ADVANCED_FACE('BOSSAGE',(#3578,#3582),#3574,.T.) ;
#4=APPLICATION_PROTOCOL_DEFINITION('international standard','ap242_managed_model_based_3d_engineering',2014,#1) ;
#2738=B_SPLINE_CURVE_WITH_KNOTS('',5,(#2739,#2740,#2741,#2742,#2743,#2744,#2745,#2746,#2747),.UNSPECIFIED.,.F.,.U.,(6,3,6),(0.,11.7576189451,14.685455288),.UNSPECIFIED.) ;
#2763=B_SPLINE_CURVE_WITH_KNOTS('',4,(#2764,#2765,#2766,#2767,#2768),.UNSPECIFIED.,.F.,.U.,(5,5),(0.,14.6861963792),.UNSPECIFIED.) ;
#22=COLOUR_RGB('Colour',0.,0.858823529412,0.858823529412) ;
#69=FACE_OUTER_BOUND('',#64,.T.) ;
#100=FACE_OUTER_BOUND('',#95,.T.) ;
#156=FACE_OUTER_BOUND('',#149,.T.) ;
#264=FACE_OUTER_BOUND('',#257,.T.) ;
#333=FACE_OUTER_BOUND('',#328,.T.) ;
#387=FACE_OUTER_BOUND('',#378,.T.) ;
#404=FACE_OUTER_BOUND('',#399,.T.) ;
#435=FACE_OUTER_BOUND('',#430,.T.) ;
#452=FACE_OUTER_BOUND('',#447,.T.) ;
#469=FACE_OUTER_BOUND('',#464,.T.) ;
#493=FACE_OUTER_BOUND('',#488,.T.) ;
#574=FACE_OUTER_BOUND('',#561,.T.) ;
#666=FACE_OUTER_BOUND('',#661,.T.) ;
#690=FACE_OUTER_BOUND('',#685,.T.) ;
#721=FACE_OUTER_BOUND('',#716,.T.) ;
#761=FACE_OUTER_BOUND('',#754,.T.) ;
#785=FACE_OUTER_BOUND('',#780,.T.) ;
#816=FACE_OUTER_BOUND('',#811,.T.) ;
#976=FACE_OUTER_BOUND('',#954,.T.) ;
#1161=FACE_OUTER_BOUND('',#1139,.T.) ;
#1196=FACE_OUTER_BOUND('',#1191,.T.) ;
#1213=FACE_OUTER_BOUND('',#1208,.T.) ;
#1262=FACE_OUTER_BOUND('',#1253,.T.) ;
#1286=FACE_OUTER_BOUND('',#1281,.T.) ;
#1333=FACE_OUTER_BOUND('',#1324,.T.) ;
#1355=FACE_OUTER_BOUND('',#1350,.T.) ;
#1409=FACE_OUTER_BOUND('',#1400,.T.) ;
#1433=FACE_OUTER_BOUND('',#1428,.T.) ;
#1480=FACE_OUTER_BOUND('',#1471,.T.) ;
#1497=FACE_OUTER_BOUND('',#1492,.T.) ;
#1509=FACE_OUTER_BOUND('',#1504,.T.) ;
#1526=FACE_OUTER_BOUND('',#1521,.T.) ;
#1543=FACE_OUTER_BOUND('',#1538,.T.) ;
#1560=FACE_OUTER_BOUND('',#1555,.T.) ;
#1591=FACE_OUTER_BOUND('',#1586,.T.) ;
#1670=FACE_OUTER_BOUND('',#1657,.T.) ;
#1701=FACE_OUTER_BOUND('',#1696,.T.) ;
#1732=FACE_OUTER_BOUND('',#1725,.T.) ;
#1790=FACE_OUTER_BOUND('',#1785,.T.) ;
#1821=FACE_OUTER_BOUND('',#1816,.T.) ;
#1845=FACE_OUTER_BOUND('',#1840,.T.) ;
#1869=FACE_OUTER_BOUND('',#1864,.T.) ;
#1909=FACE_OUTER_BOUND('',#1904,.T.) ;
#2084=FACE_OUTER_BOUND('',#2061,.T.) ;
#2115=FACE_OUTER_BOUND('',#2110,.T.) ;
#2146=FACE_OUTER_BOUND('',#2141,.T.) ;
#2177=FACE_OUTER_BOUND('',#2172,.T.) ;
#2201=FACE_OUTER_BOUND('',#2196,.T.) ;
#2225=FACE_OUTER_BOUND('',#2220,.T.) ;
#2256=FACE_OUTER_BOUND('',#2251,.T.) ;
#2287=FACE_OUTER_BOUND('',#2282,.T.) ;
#2311=FACE_OUTER_BOUND('',#2306,.T.) ;
#2335=FACE_OUTER_BOUND('',#2330,.T.) ;
#2359=FACE_OUTER_BOUND('',#2354,.T.) ;
#2383=FACE_OUTER_BOUND('',#2378,.T.) ;
#2414=FACE_OUTER_BOUND('',#2409,.T.) ;
#2445=FACE_OUTER_BOUND('',#2440,.T.) ;
#2469=FACE_OUTER_BOUND('',#2464,.T.) ;
#2486=FACE_OUTER_BOUND('',#2481,.T.) ;
#2553=FACE_OUTER_BOUND('',#2530,.T.) ;
#2565=FACE_OUTER_BOUND('',#2560,.T.) ;
#2577=FACE_OUTER_BOUND('',#2572,.T.) ;
#2589=FACE_OUTER_BOUND('',#2584,.T.) ;
#2601=FACE_OUTER_BOUND('',#2596,.T.) ;
#2613=FACE_OUTER_BOUND('',#2608,.T.) ;
#2630=FACE_OUTER_BOUND('',#2625,.T.) ;
#2661=FACE_OUTER_BOUND('',#2656,.T.) ;
#2685=FACE_OUTER_BOUND('',#2680,.T.) ;
#2709=FACE_OUTER_BOUND('',#2704,.T.) ;
#2726=FACE_OUTER_BOUND('',#2721,.T.) ;
#2756=FACE_OUTER_BOUND('',#2749,.T.) ;
#2775=FACE_OUTER_BOUND('',#2770,.T.) ;
#2794=FACE_OUTER_BOUND('',#2787,.T.) ;
#2818=FACE_OUTER_BOUND('',#2813,.T.) ;
#2835=FACE_OUTER_BOUND('',#2830,.T.) ;
#2849=FACE_OUTER_BOUND('',#2842,.T.) ;
#2872=FACE_OUTER_BOUND('',#2867,.T.) ;
#2892=FACE_OUTER_BOUND('',#2879,.T.) ;
#2904=FACE_OUTER_BOUND('',#2899,.T.) ;
#2916=FACE_OUTER_BOUND('',#2911,.T.) ;
#2938=FACE_OUTER_BOUND('',#2933,.T.) ;
#2945=FACE_OUTER_BOUND('',#2940,.T.) ;
#2962=FACE_OUTER_BOUND('',#2957,.T.) ;
#2979=FACE_OUTER_BOUND('',#2974,.T.) ;
#2991=FACE_OUTER_BOUND('',#2986,.T.) ;
#3003=FACE_OUTER_BOUND('',#2998,.T.) ;
#3027=FACE_OUTER_BOUND('',#3022,.T.) ;
#3058=FACE_OUTER_BOUND('',#3053,.T.) ;
#3082=FACE_OUTER_BOUND('',#3077,.T.) ;
#3106=FACE_OUTER_BOUND('',#3101,.T.) ;
#3123=FACE_OUTER_BOUND('',#3118,.T.) ;
#3154=FACE_OUTER_BOUND('',#3149,.T.) ;
#3178=FACE_OUTER_BOUND('',#3173,.T.) ;
#3202=FACE_OUTER_BOUND('',#3197,.T.) ;
#3219=FACE_OUTER_BOUND('',#3214,.T.) ;
#3231=FACE_OUTER_BOUND('',#3226,.T.) ;
#3254=FACE_OUTER_BOUND('',#3245,.T.) ;
#3278=FACE_OUTER_BOUND('',#3273,.T.) ;
#3310=FACE_OUTER_BOUND('',#3297,.T.) ;
#3344=FACE_OUTER_BOUND('',#3339,.T.) ;
#3361=FACE_OUTER_BOUND('',#3356,.T.) ;
#3378=FACE_OUTER_BOUND('',#3373,.T.) ;
#3390=FACE_OUTER_BOUND('',#3385,.T.) ;
#3411=FACE_OUTER_BOUND('',#3402,.T.) ;
#3423=FACE_OUTER_BOUND('',#3418,.T.) ;
#3435=FACE_OUTER_BOUND('',#3430,.T.) ;
#3480=FACE_OUTER_BOUND('',#3475,.T.) ;
#3497=FACE_OUTER_BOUND('',#3492,.T.) ;
#3537=FACE_OUTER_BOUND('',#3532,.T.) ;
#3554=FACE_OUTER_BOUND('',#3549,.T.) ;
#3564=FACE_OUTER_BOUND('',#3561,.T.) ;
#3578=FACE_OUTER_BOUND('',#3575,.T.) ;
#9=PRODUCT_CATEGORY_RELATIONSHIP(' ',' ',#7,#8) ;
#6=PRODUCT_DEFINITION_FORMATION_WITH_SPECIFIED_SOURCE('--A',' ',#5,.NOT_KNOWN.) ;
#20=SHAPE_DEFINITION_REPRESENTATION(#11,#19) ;
#12=(LENGTH_UNIT()NAMED_UNIT(*)SI_UNIT(.MILLI.,.METRE.)) ;
#13=(NAMED_UNIT(*)PLANE_ANGLE_UNIT()SI_UNIT($,.RADIAN.)) ;
#14=(NAMED_UNIT(*)SI_UNIT($,.STERADIAN.)SOLID_ANGLE_UNIT()) ;
#16=(GEOMETRIC_REPRESENTATION_CONTEXT(3)GLOBAL_UNCERTAINTY_ASSIGNED_CONTEXT((#15))GLOBAL_UNIT_ASSIGNED_CONTEXT((#12,#13,#14))REPRESENTATION_CONTEXT(' ',' ')) ;
ENDSEC;
END-ISO-10303-21;
