ISO-10303-21;
HEADER;
FILE_DESCRIPTION(('CATIA V5 STEP Exchange','CAx-IF Rec.Pracs.--- Model Styling and Organization---1.4--- 2014-01-23','CAx-IF Rec.Pracs.---Representation and Presentation of Product Manufacturing Information (PMI)---4.0---2014-10-13','CAx-IF Rec.Pracs.---3D Tessellated Data Validation Properties---0.5---2014-09-14'),'2;1');

FILE_NAME('C:\\Users\\e_mdemir\\OneDrive - Alstom\\Desktop\\STEP\\AR00000244410.stp','2022-03-01T16:50:52+00:00',('none'),('none'),'CATIA Version 5-6 Release 2016 SP5 HF59','CATIA V5 STEP AP242','none');

FILE_SCHEMA(('AP242_MANAGED_MODEL_BASED_3D_ENGINEERING_MIM_LF  {1 0 10303 442 1 1 4}'));

ENDSEC;
DATA;
#5=PRODUCT('M3D-244410','','DUAL BASEPLATE BRACKET REAR',(#2)) ;
#2=PRODUCT_CONTEXT(' ',#1,'mechanical') ;
#1=APPLICATION_CONTEXT('managed model based 3d engineering') ;
#10=PRODUCT_DEFINITION('MASTER',' ',#6,#3) ;
#3=PRODUCT_DEFINITION_CONTEXT('part definition',#1,' ') ;
#11=PRODUCT_DEFINITION_SHAPE(' ',' ',#10) ;
#3440=MECHANICAL_DESIGN_GEOMETRIC_PRESENTATION_REPRESENTATION(' ',(#29),#16) ;
#19=SHAPE_REPRESENTATION(' ',(#18),#16) ;
#7=PRODUCT_CATEGORY('part','specification') ;
#17=CARTESIAN_POINT(' ',(0.,0.,0.)) ;
#31=CARTESIAN_POINT('Axis2P3D Location',(14.373176255,-48.0661735629,194.687070625)) ;
#36=CARTESIAN_POINT('Line Origine',(43.4478502573,-46.0933870807,189.552958821)) ;
#40=CARTESIAN_POINT('Vertex',(19.8164449929,-42.7722096597,193.849270548)) ;
#42=CARTESIAN_POINT('Vertex',(67.0792555218,-49.4145645018,185.256647095)) ;
#45=CARTESIAN_POINT('Line Origine',(19.39892569,-45.7430138659,193.849270548)) ;
#49=CARTESIAN_POINT('Vertex',(18.9814063871,-48.7138180721,193.849270548)) ;
#52=CARTESIAN_POINT('Line Origine',(42.6128116516,-52.0349954932,189.552958821)) ;
#56=CARTESIAN_POINT('Vertex',(66.244216916,-55.3561729142,185.256647095)) ;
#59=CARTESIAN_POINT('Line Origine',(66.6617362189,-52.385368708,185.256647095)) ;
#71=CARTESIAN_POINT('Axis2P3D Location',(67.2225602492,-29.2977618161,170.493989538)) ;
#76=CARTESIAN_POINT('Axis2P3D Location',(64.4473134082,-49.0446691603,170.493989538)) ;
#80=CARTESIAN_POINT('Vertex',(77.9329750365,-50.939955302,176.78245683)) ;
#83=CARTESIAN_POINT('Axis2P3D Location',(63.6122748025,-54.9862775727,170.493989538)) ;
#87=CARTESIAN_POINT('Vertex',(77.0979364307,-56.8815637145,176.78245683)) ;
#90=CARTESIAN_POINT('Line Origine',(80.7082218774,-31.1930479579,176.78245683)) ;
#102=CARTESIAN_POINT('Axis2P3D Location',(16.7669835764,-45.3731185244,179.086612991)) ;
#107=CARTESIAN_POINT('Axis2P3D Location',(17.1845028793,-42.4023143182,179.086612991)) ;
#111=CARTESIAN_POINT('Vertex',(10.9572345182,-41.5271288248,192.704805936)) ;
#114=CARTESIAN_POINT('Line Origine',(10.5397152153,-44.497933031,192.704805936)) ;
#118=CARTESIAN_POINT('Vertex',(10.1221959124,-47.4687372372,192.704805936)) ;
#121=CARTESIAN_POINT('Axis2P3D Location',(16.3494642736,-48.3439227306,179.086612991)) ;
#133=CARTESIAN_POINT('Axis2P3D Location',(59.3253816824,-54.3837940353,215.648628267)) ;
#138=CARTESIAN_POINT('Line Origine',(-1.9960007642,-45.7656357612,187.053998023)) ;
#142=CARTESIAN_POINT('Vertex',(-14.1141974408,-44.0625342852,181.40319011)) ;
#145=CARTESIAN_POINT('Axis2P3D Location',(-13.2838949927,-44.1792256843,179.58743105)) ;
#149=CARTESIAN_POINT('Vertex',(-15.1424478557,-43.9180231136,180.278484212)) ;
#152=CARTESIAN_POINT('Line Origine',(-15.3428828512,-43.889853812,179.728776969)) ;
#156=CARTESIAN_POINT('Vertex',(-15.5433178466,-43.8616845104,179.179069725)) ;
#159=CARTESIAN_POINT('Axis2P3D Location',(-17.4018707097,-43.6004819397,179.870122887)) ;
#163=CARTESIAN_POINT('Vertex',(-16.5715682615,-43.7171733389,178.054363828)) ;
#166=CARTESIAN_POINT('Line Origine',(-21.9658329128,-42.9590588822,175.538976911)) ;
#170=CARTESIAN_POINT('Vertex',(-27.3600975641,-42.2009444255,173.023589994)) ;
#173=CARTESIAN_POINT('Axis2P3D Location',(-28.1904000123,-42.0842530263,174.839349053)) ;
#177=CARTESIAN_POINT('Vertex',(-28.8747278922,-41.9880770149,172.962531127)) ;
#180=CARTESIAN_POINT('Line Origine',(-29.4190854226,-41.9115725532,173.164935912)) ;
#184=CARTESIAN_POINT('Vertex',(-29.963442953,-41.8350680915,173.367340697)) ;
#187=CARTESIAN_POINT('Axis2P3D Location',(-30.6477708329,-41.73889208,171.490522771)) ;
#191=CARTESIAN_POINT('Vertex',(-32.44585905,-41.4861872611,170.652060465)) ;
#194=CARTESIAN_POINT('Line Origine',(-27.8791955852,-42.1279899563,160.665385638)) ;
#198=CARTESIAN_POINT('Vertex',(-23.3125321204,-42.7697926514,150.678710811)) ;
#201=CARTESIAN_POINT('Axis2P3D Location',(-21.5144439033,-43.0224974703,151.517173117)) ;
#205=CARTESIAN_POINT('Vertex',(-19.6558910403,-43.283700041,150.826119955)) ;
#208=CARTESIAN_POINT('Line Origine',(-19.4554560448,-43.3118693426,151.375827198)) ;
#212=CARTESIAN_POINT('Vertex',(-19.2550210493,-43.3400386442,151.925534442)) ;
#215=CARTESIAN_POINT('Axis2P3D Location',(-17.3964681863,-43.6012412149,151.23448128)) ;
#219=CARTESIAN_POINT('Vertex',(-18.2267706345,-43.4845498158,153.05024034)) ;
#222=CARTESIAN_POINT('Line Origine',(-12.8325059832,-44.2426642725,155.565627257)) ;
#226=CARTESIAN_POINT('Vertex',(-7.43824133185,-45.0007787292,158.081014174)) ;
#229=CARTESIAN_POINT('Axis2P3D Location',(-6.6079388837,-45.1174701283,156.265255114)) ;
#233=CARTESIAN_POINT('Vertex',(-5.92361100374,-45.2136461397,158.14207304)) ;
#236=CARTESIAN_POINT('Line Origine',(-5.37925347336,-45.2901506014,157.939668255)) ;
#240=CARTESIAN_POINT('Vertex',(-4.83489594298,-45.3666550631,157.73726347)) ;
#243=CARTESIAN_POINT('Axis2P3D Location',(-4.15056806302,-45.4628310746,159.614081396)) ;
#247=CARTESIAN_POINT('Vertex',(-3.32026561487,-45.5795224737,157.798322337)) ;
#250=CARTESIAN_POINT('Line Origine',(4.18059041889,-46.6336990417,161.296028948)) ;
#254=CARTESIAN_POINT('Vertex',(11.6814464527,-47.6878756096,164.793735559)) ;
#257=CARTESIAN_POINT('Axis2P3D Location',(17.9087148138,-48.563061103,151.175542614)) ;
#261=CARTESIAN_POINT('Vertex',(31.394376442,-50.4583472448,157.464009906)) ;
#264=CARTESIAN_POINT('Line Origine',(32.0171032781,-50.5458657941,156.102190612)) ;
#268=CARTESIAN_POINT('Vertex',(32.6398301143,-50.6333843435,154.740371317)) ;
#271=CARTESIAN_POINT('Line Origine',(55.115932828,-53.7921945797,165.221150138)) ;
#275=CARTESIAN_POINT('Vertex',(77.5920355417,-56.951004816,175.701928959)) ;
#278=CARTESIAN_POINT('Line Origine',(77.3449859862,-56.9162842652,176.242192895)) ;
#310=CARTESIAN_POINT('Axis2P3D Location',(96.8636861322,-13.2073903402,147.557663537)) ;
#315=CARTESIAN_POINT('Axis2P3D Location',(79.9579782581,-40.1164476473,175.701928959)) ;
#319=CARTESIAN_POINT('Vertex',(87.0155490673,-41.1083245399,160.267976953)) ;
#322=CARTESIAN_POINT('Line Origine',(88.268106976,-32.1959119212,160.267976953)) ;
#326=CARTESIAN_POINT('Vertex',(89.5206648846,-23.2834993025,160.267976953)) ;
#329=CARTESIAN_POINT('Axis2P3D Location',(94.0873283495,-23.9253019977,150.281302126)) ;
#333=CARTESIAN_POINT('Vertex',(94.7624131563,-13.0972237036,152.097061186)) ;
#336=CARTESIAN_POINT('Line Origine',(95.1844757087,-10.0940925975,152.097061186)) ;
#340=CARTESIAN_POINT('Vertex',(95.6065382611,-7.09096149135,152.097061186)) ;
#343=CARTESIAN_POINT('Axis2P3D Location',(94.0873283495,-23.9253019977,150.281302126)) ;
#347=CARTESIAN_POINT('Vertex',(87.0297575402,-22.9334251051,165.715254132)) ;
#350=CARTESIAN_POINT('Line Origine',(85.7771996315,-31.8458377238,165.715254132)) ;
#354=CARTESIAN_POINT('Vertex',(84.5246417229,-40.7582503425,165.715254132)) ;
#357=CARTESIAN_POINT('Axis2P3D Location',(79.9579782581,-40.1164476473,175.701928959)) ;
#361=CARTESIAN_POINT('Vertex',(78.4270741475,-51.0093964035,175.701928959)) ;
#364=CARTESIAN_POINT('Line Origine',(78.180024592,-50.9746758528,176.242192895)) ;
#382=CARTESIAN_POINT('Axis2P3D Location',(96.4996885354,-33.3527852645,154.19321695)) ;
#387=CARTESIAN_POINT('Line Origine',(98.5754446558,-33.6445137623,149.653819301)) ;
#391=CARTESIAN_POINT('Vertex',(102.193945281,-7.89754397498,149.653819301)) ;
#393=CARTESIAN_POINT('Vertex',(101.358906675,-13.8391523874,149.653819301)) ;
#396=CARTESIAN_POINT('Axis2P3D Location',(100.118189095,-7.60581594405,154.19321695)) ;
#400=CARTESIAN_POINT('Vertex',(96.828554039,-7.14348741135,150.456299451)) ;
#404=CARTESIAN_POINT('Control Point',(95.6065382611,-7.09096149135,152.097061186)) ;
#405=CARTESIAN_POINT('Control Point',(95.9012167566,-7.05070209749,151.477254924)) ;
#406=CARTESIAN_POINT('Control Point',(96.3197670463,-7.07198524189,150.913034309)) ;
#407=CARTESIAN_POINT('Control Point',(96.8285538669,-7.14348786326,150.456299395)) ;
#410=CARTESIAN_POINT('Control Point',(95.9935153222,-13.0850958082,150.456299399)) ;
#411=CARTESIAN_POINT('Control Point',(95.4830878286,-13.0133599022,150.914507472)) ;
#412=CARTESIAN_POINT('Control Point',(95.0614073059,-13.0126187604,151.481365314)) ;
#413=CARTESIAN_POINT('Control Point',(94.7624131563,-13.0972237036,152.097061186)) ;
#414=CARTESIAN_POINT('Vertex',(95.9935153222,-13.0850958082,150.456299399)) ;
#417=CARTESIAN_POINT('Axis2P3D Location',(99.2831505546,-13.5474238896,154.19321695)) ;
#431=CARTESIAN_POINT('Axis2P3D Location',(51.0811782566,-6.77307846857,128.411864955)) ;
#436=CARTESIAN_POINT('Line Origine',(31.8118957449,-47.4875430386,157.464009906)) ;
#440=CARTESIAN_POINT('Vertex',(32.2294150478,-44.5167388323,157.464009906)) ;
#443=CARTESIAN_POINT('Line Origine',(32.8521418839,-44.6042573817,156.102190612)) ;
#447=CARTESIAN_POINT('Vertex',(33.47486872,-44.691775931,154.740371317)) ;
#450=CARTESIAN_POINT('Axis2P3D Location',(35.0057728306,-33.7988271749,154.740371317)) ;
#454=CARTESIAN_POINT('Vertex',(39.5724362954,-34.44062987,144.75369649)) ;
#457=CARTESIAN_POINT('Line Origine',(40.824994204,-25.5282172513,144.75369649)) ;
#461=CARTESIAN_POINT('Vertex',(42.0775521127,-16.6158046327,144.75369649)) ;
#464=CARTESIAN_POINT('Axis2P3D Location',(49.135122922,-17.6076815252,129.319744485)) ;
#468=CARTESIAN_POINT('Vertex',(50.6543328336,-0.773341018853,131.135503544)) ;
#471=CARTESIAN_POINT('Line Origine',(50.2322702812,-3.776472125,131.135503544)) ;
#475=CARTESIAN_POINT('Vertex',(49.8102077288,-6.77960323114,131.135503544)) ;
#478=CARTESIAN_POINT('Axis2P3D Location',(49.135122922,-17.6076815252,129.319744485)) ;
#482=CARTESIAN_POINT('Vertex',(44.5684594571,-16.96587883,139.306419312)) ;
#485=CARTESIAN_POINT('Line Origine',(43.3159015485,-25.8782914487,139.306419312)) ;
#489=CARTESIAN_POINT('Vertex',(42.0633436399,-34.7907040674,139.306419312)) ;
#492=CARTESIAN_POINT('Axis2P3D Location',(35.0057728306,-33.7988271749,154.740371317)) ;
#510=CARTESIAN_POINT('Axis2P3D Location',(21.5190002605,-22.8745453465,151.175542614)) ;
#515=CARTESIAN_POINT('Line Origine',(15.2917318994,-21.9993598531,164.793735559)) ;
#519=CARTESIAN_POINT('Vertex',(12.5164850584,-41.7462671972,164.793735559)) ;
#522=CARTESIAN_POINT('Axis2P3D Location',(18.7437534195,-42.6214526906,151.175542614)) ;
#534=CARTESIAN_POINT('Axis2P3D Location',(42.5570420224,-25.7716406975,129.03934778)) ;
#540=CARTESIAN_POINT('Control Point',(50.6543328336,-0.773341018853,131.135503544)) ;
#541=CARTESIAN_POINT('Control Point',(50.9490113291,-0.733081624995,130.515697282)) ;
#542=CARTESIAN_POINT('Control Point',(51.1114320617,-0.718368107645,129.832041493)) ;
#543=CARTESIAN_POINT('Control Point',(51.1257827106,-0.720382256736,129.144747206)) ;
#544=CARTESIAN_POINT('Vertex',(51.1257826651,-0.720381774257,129.14474716)) ;
#547=CARTESIAN_POINT('Axis2P3D Location',(46.1755425818,-0.0246713770558,129.03934778)) ;
#551=CARTESIAN_POINT('Vertex',(48.2512987678,-0.316399407986,124.499950131)) ;
#554=CARTESIAN_POINT('Line Origine',(44.6327981428,-26.0633691953,124.499950131)) ;
#558=CARTESIAN_POINT('Vertex',(47.416260162,-6.25800782044,124.499950131)) ;
#561=CARTESIAN_POINT('Axis2P3D Location',(45.3405040416,-5.96627932264,129.03934778)) ;
#565=CARTESIAN_POINT('Vertex',(50.2907441703,-6.6619902023,129.144747212)) ;
#569=CARTESIAN_POINT('Control Point',(50.2907441703,-6.6619902023,129.144747212)) ;
#570=CARTESIAN_POINT('Control Point',(50.2763476076,-6.65996689736,129.834258307)) ;
#571=CARTESIAN_POINT('Control Point',(50.1092018784,-6.69499828787,130.519807672)) ;
#572=CARTESIAN_POINT('Control Point',(49.8102077288,-6.77960323114,131.135503544)) ;
#583=CARTESIAN_POINT('Axis2P3D Location',(-3.32026561487,-45.5795224737,157.798322337)) ;
#588=CARTESIAN_POINT('Line Origine',(-2.90274631199,-42.6087182675,157.798322337)) ;
#592=CARTESIAN_POINT('Vertex',(-2.48522700911,-39.6379140613,157.798322337)) ;
#595=CARTESIAN_POINT('Line Origine',(5.01562902466,-40.6920906292,161.296028948)) ;
#607=CARTESIAN_POINT('Axis2P3D Location',(-3.73304876014,-42.4920268684,159.614081396)) ;
#612=CARTESIAN_POINT('Axis2P3D Location',(-3.31552945726,-39.5212226621,159.614081396)) ;
#616=CARTESIAN_POINT('Vertex',(-3.99985733722,-39.4250466507,157.73726347)) ;
#619=CARTESIAN_POINT('Line Origine',(-4.4173766401,-42.3958508569,157.73726347)) ;
#631=CARTESIAN_POINT('Axis2P3D Location',(-4.83489594298,-45.3666550631,157.73726347)) ;
#636=CARTESIAN_POINT('Line Origine',(-4.5442148676,-39.348542189,157.939668255)) ;
#640=CARTESIAN_POINT('Vertex',(-5.08857239798,-39.2720377273,158.14207304)) ;
#643=CARTESIAN_POINT('Line Origine',(-5.50609170086,-42.2428419335,158.14207304)) ;
#655=CARTESIAN_POINT('Axis2P3D Location',(-6.19041958082,-42.1466659221,156.265255114)) ;
#660=CARTESIAN_POINT('Axis2P3D Location',(-5.77290027794,-39.1758617158,156.265255114)) ;
#664=CARTESIAN_POINT('Vertex',(-6.60320272609,-39.0591703167,158.081014174)) ;
#667=CARTESIAN_POINT('Line Origine',(-7.02072202897,-42.0299745229,158.081014174)) ;
#679=CARTESIAN_POINT('Axis2P3D Location',(-7.43824133185,-45.0007787292,158.081014174)) ;
#684=CARTESIAN_POINT('Line Origine',(-11.9974673774,-38.30105586,155.565627257)) ;
#688=CARTESIAN_POINT('Vertex',(-17.3917320287,-37.5429414033,153.05024034)) ;
#691=CARTESIAN_POINT('Line Origine',(-17.8092513316,-40.5137456095,153.05024034)) ;
#703=CARTESIAN_POINT('Axis2P3D Location',(-16.9789488834,-40.6304370087,151.23448128)) ;
#708=CARTESIAN_POINT('Axis2P3D Location',(-16.5614295805,-37.6596328024,151.23448128)) ;
#712=CARTESIAN_POINT('Vertex',(-18.4199824435,-37.3984302317,151.925534442)) ;
#715=CARTESIAN_POINT('Line Origine',(-18.8375017464,-40.369234438,151.925534442)) ;
#727=CARTESIAN_POINT('Axis2P3D Location',(-19.2550210493,-43.3400386442,151.925534442)) ;
#732=CARTESIAN_POINT('Line Origine',(-18.620417439,-37.3702609302,151.375827198)) ;
#736=CARTESIAN_POINT('Vertex',(-18.8208524345,-37.3420916286,150.826119955)) ;
#739=CARTESIAN_POINT('Line Origine',(-19.2383717374,-40.3128958348,150.826119955)) ;
#751=CARTESIAN_POINT('Axis2P3D Location',(-21.0969246004,-40.0516932641,151.517173117)) ;
#756=CARTESIAN_POINT('Axis2P3D Location',(-20.6794052975,-37.0808890579,151.517173117)) ;
#760=CARTESIAN_POINT('Vertex',(-22.4774935146,-36.828184239,150.678710811)) ;
#763=CARTESIAN_POINT('Line Origine',(-22.8950128175,-39.7989884452,150.678710811)) ;
#775=CARTESIAN_POINT('Axis2P3D Location',(-23.3125321204,-42.7697926514,150.678710811)) ;
#780=CARTESIAN_POINT('Line Origine',(-27.0441569794,-36.1863815438,160.665385638)) ;
#784=CARTESIAN_POINT('Vertex',(-31.6108204443,-35.5445788487,170.652060465)) ;
#787=CARTESIAN_POINT('Line Origine',(-32.0283397472,-38.5153830549,170.652060465)) ;
#799=CARTESIAN_POINT('Axis2P3D Location',(-30.2302515301,-38.7680878738,171.490522771)) ;
#804=CARTESIAN_POINT('Axis2P3D Location',(-29.8127322272,-35.7972836676,171.490522771)) ;
#808=CARTESIAN_POINT('Vertex',(-29.1284043472,-35.893459679,173.367340697)) ;
#811=CARTESIAN_POINT('Line Origine',(-29.5459236501,-38.8642638853,173.367340697)) ;
#823=CARTESIAN_POINT('Axis2P3D Location',(-29.963442953,-41.8350680915,173.367340697)) ;
#828=CARTESIAN_POINT('Line Origine',(-28.5840468168,-35.9699641407,173.164935912)) ;
#832=CARTESIAN_POINT('Vertex',(-28.0396892865,-36.0464686024,172.962531127)) ;
#835=CARTESIAN_POINT('Line Origine',(-28.4572085893,-39.0172728087,172.962531127)) ;
#847=CARTESIAN_POINT('Axis2P3D Location',(-27.7728807094,-39.1134488201,174.839349053)) ;
#852=CARTESIAN_POINT('Axis2P3D Location',(-27.3553614065,-36.1426446139,174.839349053)) ;
#856=CARTESIAN_POINT('Vertex',(-26.5250589583,-36.259336013,173.023589994)) ;
#859=CARTESIAN_POINT('Line Origine',(-26.9425782612,-39.2301402192,173.023589994)) ;
#871=CARTESIAN_POINT('Axis2P3D Location',(-27.3600975641,-42.2009444255,173.023589994)) ;
#876=CARTESIAN_POINT('Line Origine',(-21.130794307,-37.0174504697,175.538976911)) ;
#880=CARTESIAN_POINT('Vertex',(-15.7365296557,-37.7755649264,178.054363828)) ;
#883=CARTESIAN_POINT('Line Origine',(-16.1540489586,-40.7463691326,178.054363828)) ;
#895=CARTESIAN_POINT('Axis2P3D Location',(-16.9843514068,-40.6296777335,179.870122887)) ;
#900=CARTESIAN_POINT('Axis2P3D Location',(-16.5668321039,-37.6588735273,179.870122887)) ;
#904=CARTESIAN_POINT('Vertex',(-14.7082792409,-37.920076098,179.179069725)) ;
#907=CARTESIAN_POINT('Line Origine',(-15.1257985438,-40.8908803042,179.179069725)) ;
#919=CARTESIAN_POINT('Axis2P3D Location',(-15.5433178466,-43.8616845104,179.179069725)) ;
#924=CARTESIAN_POINT('Line Origine',(-14.5078442454,-37.9482453996,179.728776969)) ;
#928=CARTESIAN_POINT('Vertex',(-14.3074092499,-37.9764147011,180.278484212)) ;
#931=CARTESIAN_POINT('Line Origine',(-14.7249285528,-40.9472189074,180.278484212)) ;
#943=CARTESIAN_POINT('Axis2P3D Location',(-12.8663756898,-41.2084214781,179.58743105)) ;
#948=CARTESIAN_POINT('Axis2P3D Location',(-12.4488563869,-38.2376172718,179.58743105)) ;
#952=CARTESIAN_POINT('Vertex',(-13.2791588351,-38.1209258727,181.40319011)) ;
#955=CARTESIAN_POINT('Line Origine',(-13.6966781379,-41.0917300789,181.40319011)) ;
#967=CARTESIAN_POINT('Axis2P3D Location',(20.6073775152,-13.5983683735,116.017038332)) ;
#972=CARTESIAN_POINT('Line Origine',(13.549806706,-12.606491481,131.450990337)) ;
#977=CARTESIAN_POINT('Line Origine',(22.9733202316,3.23618879508,116.017038332)) ;
#991=CARTESIAN_POINT('Axis2P3D Location',(106.152109896,-8.45382773393,151.499541774)) ;
#996=CARTESIAN_POINT('Line Origine',(131.837685544,-18.1226654104,163.866307299)) ;
#1000=CARTESIAN_POINT('Vertex',(162.316464413,-22.4061784334,178.078795297)) ;
#1003=CARTESIAN_POINT('Line Origine',(162.733983716,-19.4353742271,178.078795297)) ;
#1007=CARTESIAN_POINT('Vertex',(163.151503019,-16.4645700209,178.078795297)) ;
#1010=CARTESIAN_POINT('Line Origine',(132.67272415,-12.181056998,163.866307299)) ;
#1022=CARTESIAN_POINT('Axis2P3D Location',(45.1649613942,-5.94160841245,12.)) ;
#1028=CARTESIAN_POINT('Control Point',(46.3421483075,-6.10705124384,123.999083548)) ;
#1029=CARTESIAN_POINT('Control Point',(47.416260162,-6.25800782044,124.499950131)) ;
#1030=CARTESIAN_POINT('Vertex',(46.3421483075,-6.10705124384,123.999083548)) ;
#1033=CARTESIAN_POINT('Line Origine',(46.3421483075,-6.10705124384,119.972653353)) ;
#1037=CARTESIAN_POINT('Vertex',(46.3421483075,-6.10705124384,25.1022108003)) ;
#1041=CARTESIAN_POINT('Control Point',(116.164961394,-15.9200076763,7.)) ;
#1042=CARTESIAN_POINT('Control Point',(46.3421483075,-6.10705124384,25.1022108003)) ;
#1043=CARTESIAN_POINT('Vertex',(116.164961394,-15.9200076763,7.)) ;
#1046=CARTESIAN_POINT('Line Origine',(96.1139378548,-13.1020200915,7.)) ;
#1050=CARTESIAN_POINT('Vertex',(161.546363548,-22.297947815,7.)) ;
#1054=CARTESIAN_POINT('Control Point',(171.449044236,-23.6896788246,17.)) ;
#1055=CARTESIAN_POINT('Control Point',(171.449044236,-23.6896788246,13.8584073464)) ;
#1056=CARTESIAN_POINT('Control Point',(170.230865931,-23.5184750289,10.7138835664)) ;
#1057=CARTESIAN_POINT('Control Point',(167.771303929,-23.1728061321,8.23015004046)) ;
#1058=CARTESIAN_POINT('Control Point',(164.657382438,-22.7351730066,7.)) ;
#1059=CARTESIAN_POINT('Control Point',(161.546363548,-22.297947815,7.)) ;
#1060=CARTESIAN_POINT('Vertex',(171.449044236,-23.6896788246,17.)) ;
#1063=CARTESIAN_POINT('Line Origine',(171.449044236,-23.6896788246,119.972653353)) ;
#1067=CARTESIAN_POINT('Vertex',(171.449044236,-23.6896788246,100.)) ;
#1070=CARTESIAN_POINT('Line Origine',(171.449044236,-23.6896788246,119.972653353)) ;
#1074=CARTESIAN_POINT('Vertex',(171.449044236,-23.6896788246,179.)) ;
#1077=CARTESIAN_POINT('Line Origine',(96.1139378548,-13.1020200915,179.)) ;
#1081=CARTESIAN_POINT('Vertex',(166.467976654,-22.989635429,179.)) ;
#1085=CARTESIAN_POINT('Control Point',(162.316464413,-22.4061784334,178.078795297)) ;
#1086=CARTESIAN_POINT('Control Point',(163.612880905,-22.5883778893,178.683324236)) ;
#1087=CARTESIAN_POINT('Control Point',(165.04001573,-22.7889486088,179.)) ;
#1088=CARTESIAN_POINT('Control Point',(166.467976654,-22.989635429,179.)) ;
#1091=CARTESIAN_POINT('Control Point',(95.9935153222,-13.0850958082,150.456299399)) ;
#1092=CARTESIAN_POINT('Control Point',(50.2907441703,-6.6619902023,129.144747212)) ;
#1110=CARTESIAN_POINT('Control Point',(158.747563497,-21.9046021196,115.3415)) ;
#1111=CARTESIAN_POINT('Control Point',(157.982719503,-21.7971103063,115.3415)) ;
#1112=CARTESIAN_POINT('Control Point',(157.217161904,-21.6895182023,115.643932387)) ;
#1113=CARTESIAN_POINT('Control Point',(156.612478586,-21.6045355041,116.254558275)) ;
#1114=CARTESIAN_POINT('Control Point',(156.31298945,-21.5624450509,117.027639446)) ;
#1115=CARTESIAN_POINT('Control Point',(156.31298945,-21.5624450509,117.8)) ;
#1116=CARTESIAN_POINT('Vertex',(158.747563497,-21.9046021196,115.3415)) ;
#1118=CARTESIAN_POINT('Vertex',(156.31298945,-21.5624450509,117.8)) ;
#1122=CARTESIAN_POINT('Control Point',(156.31298945,-21.5624450509,117.8)) ;
#1123=CARTESIAN_POINT('Control Point',(156.31298945,-21.5624450509,118.572360554)) ;
#1124=CARTESIAN_POINT('Control Point',(156.612478586,-21.6045355041,119.345441725)) ;
#1125=CARTESIAN_POINT('Control Point',(157.217161904,-21.6895182023,119.956067613)) ;
#1126=CARTESIAN_POINT('Control Point',(157.982719503,-21.7971103063,120.2585)) ;
#1127=CARTESIAN_POINT('Control Point',(158.747563497,-21.9046021196,120.2585)) ;
#1128=CARTESIAN_POINT('Vertex',(158.747563497,-21.9046021196,120.2585)) ;
#1132=CARTESIAN_POINT('Control Point',(158.747563497,-21.9046021196,120.2585)) ;
#1133=CARTESIAN_POINT('Control Point',(159.512407491,-22.0120939329,120.2585)) ;
#1134=CARTESIAN_POINT('Control Point',(160.277965089,-22.1196860368,119.956067613)) ;
#1135=CARTESIAN_POINT('Control Point',(160.882648407,-22.2046687351,119.345441725)) ;
#1136=CARTESIAN_POINT('Control Point',(161.182137544,-22.2467591883,118.572360554)) ;
#1137=CARTESIAN_POINT('Control Point',(161.182137544,-22.2467591883,117.8)) ;
#1138=CARTESIAN_POINT('Vertex',(161.182137544,-22.2467591883,117.8)) ;
#1142=CARTESIAN_POINT('Control Point',(161.182137544,-22.2467591883,117.8)) ;
#1143=CARTESIAN_POINT('Control Point',(161.182137544,-22.2467591883,117.027639446)) ;
#1144=CARTESIAN_POINT('Control Point',(160.882648407,-22.2046687351,116.254558275)) ;
#1145=CARTESIAN_POINT('Control Point',(160.277965089,-22.1196860368,115.643932387)) ;
#1146=CARTESIAN_POINT('Control Point',(159.512407491,-22.0120939329,115.3415)) ;
#1147=CARTESIAN_POINT('Control Point',(158.747563497,-21.9046021196,115.3415)) ;
#1156=CARTESIAN_POINT('Control Point',(131.870202709,-18.1272353999,17.)) ;
#1157=CARTESIAN_POINT('Control Point',(131.870202709,-18.1272353999,16.2276394461)) ;
#1158=CARTESIAN_POINT('Control Point',(131.570713573,-18.0851449467,15.4545582748)) ;
#1159=CARTESIAN_POINT('Control Point',(130.966030254,-18.0001622484,14.8439323874)) ;
#1160=CARTESIAN_POINT('Control Point',(130.200472656,-17.8925701445,14.5415)) ;
#1161=CARTESIAN_POINT('Control Point',(129.435628662,-17.7850783312,14.5415)) ;
#1162=CARTESIAN_POINT('Vertex',(131.870202709,-18.1272353999,17.)) ;
#1164=CARTESIAN_POINT('Vertex',(129.435628662,-17.7850783312,14.5415)) ;
#1168=CARTESIAN_POINT('Control Point',(129.435628662,-17.7850783312,14.5415)) ;
#1169=CARTESIAN_POINT('Control Point',(128.670784668,-17.6775865178,14.5415)) ;
#1170=CARTESIAN_POINT('Control Point',(127.905227069,-17.5699944139,14.8439323874)) ;
#1171=CARTESIAN_POINT('Control Point',(127.300543751,-17.4850117157,15.4545582748)) ;
#1172=CARTESIAN_POINT('Control Point',(127.001054615,-17.4429212625,16.2276394461)) ;
#1173=CARTESIAN_POINT('Control Point',(127.001054615,-17.4429212625,17.)) ;
#1174=CARTESIAN_POINT('Vertex',(127.001054615,-17.4429212625,17.)) ;
#1178=CARTESIAN_POINT('Control Point',(127.001054615,-17.4429212625,17.)) ;
#1179=CARTESIAN_POINT('Control Point',(127.001054615,-17.4429212625,17.7723605539)) ;
#1180=CARTESIAN_POINT('Control Point',(127.300543751,-17.4850117157,18.5454417252)) ;
#1181=CARTESIAN_POINT('Control Point',(127.905227069,-17.5699944139,19.1560676126)) ;
#1182=CARTESIAN_POINT('Control Point',(128.670784668,-17.6775865178,19.4585)) ;
#1183=CARTESIAN_POINT('Control Point',(129.435628662,-17.7850783312,19.4585)) ;
#1184=CARTESIAN_POINT('Vertex',(129.435628662,-17.7850783312,19.4585)) ;
#1188=CARTESIAN_POINT('Control Point',(129.435628662,-17.7850783312,19.4585)) ;
#1189=CARTESIAN_POINT('Control Point',(130.200472656,-17.8925701445,19.4585)) ;
#1190=CARTESIAN_POINT('Control Point',(130.966030254,-18.0001622484,19.1560676126)) ;
#1191=CARTESIAN_POINT('Control Point',(131.570713573,-18.0851449467,18.5454417252)) ;
#1192=CARTESIAN_POINT('Control Point',(131.870202709,-18.1272353999,17.7723605539)) ;
#1193=CARTESIAN_POINT('Control Point',(131.870202709,-18.1272353999,17.)) ;
#1202=CARTESIAN_POINT('Control Point',(127.001054615,-17.4429212625,117.8)) ;
#1203=CARTESIAN_POINT('Control Point',(127.001054615,-17.4429212625,118.572360554)) ;
#1204=CARTESIAN_POINT('Control Point',(127.300543751,-17.4850117157,119.345441725)) ;
#1205=CARTESIAN_POINT('Control Point',(127.905227069,-17.5699944139,119.956067613)) ;
#1206=CARTESIAN_POINT('Control Point',(128.670784668,-17.6775865178,120.2585)) ;
#1207=CARTESIAN_POINT('Control Point',(129.435628662,-17.7850783312,120.2585)) ;
#1208=CARTESIAN_POINT('Vertex',(127.001054615,-17.4429212625,117.8)) ;
#1210=CARTESIAN_POINT('Vertex',(129.435628662,-17.7850783312,120.2585)) ;
#1214=CARTESIAN_POINT('Control Point',(129.435628662,-17.7850783312,120.2585)) ;
#1215=CARTESIAN_POINT('Control Point',(130.200472656,-17.8925701445,120.2585)) ;
#1216=CARTESIAN_POINT('Control Point',(130.966030254,-18.0001622484,119.956067613)) ;
#1217=CARTESIAN_POINT('Control Point',(131.570713573,-18.0851449467,119.345441725)) ;
#1218=CARTESIAN_POINT('Control Point',(131.870202709,-18.1272353999,118.572360554)) ;
#1219=CARTESIAN_POINT('Control Point',(131.870202709,-18.1272353999,117.8)) ;
#1220=CARTESIAN_POINT('Vertex',(131.870202709,-18.1272353999,117.8)) ;
#1224=CARTESIAN_POINT('Control Point',(131.870202709,-18.1272353999,117.8)) ;
#1225=CARTESIAN_POINT('Control Point',(131.870202709,-18.1272353999,117.027639446)) ;
#1226=CARTESIAN_POINT('Control Point',(131.570713573,-18.0851449467,116.254558275)) ;
#1227=CARTESIAN_POINT('Control Point',(130.966030254,-18.0001622484,115.643932387)) ;
#1228=CARTESIAN_POINT('Control Point',(130.200472656,-17.8925701445,115.3415)) ;
#1229=CARTESIAN_POINT('Control Point',(129.435628662,-17.7850783312,115.3415)) ;
#1230=CARTESIAN_POINT('Vertex',(129.435628662,-17.7850783312,115.3415)) ;
#1234=CARTESIAN_POINT('Control Point',(129.435628662,-17.7850783312,115.3415)) ;
#1235=CARTESIAN_POINT('Control Point',(128.670784668,-17.6775865178,115.3415)) ;
#1236=CARTESIAN_POINT('Control Point',(127.905227069,-17.5699944139,115.643932387)) ;
#1237=CARTESIAN_POINT('Control Point',(127.300543751,-17.4850117157,116.254558275)) ;
#1238=CARTESIAN_POINT('Control Point',(127.001054615,-17.4429212625,117.027639446)) ;
#1239=CARTESIAN_POINT('Control Point',(127.001054615,-17.4429212625,117.8)) ;
#1248=CARTESIAN_POINT('Control Point',(156.31298945,-21.5624450509,17.)) ;
#1249=CARTESIAN_POINT('Control Point',(156.31298945,-21.5624450509,17.7723605539)) ;
#1250=CARTESIAN_POINT('Control Point',(156.612478586,-21.6045355041,18.5454417252)) ;
#1251=CARTESIAN_POINT('Control Point',(157.217161904,-21.6895182023,19.1560676126)) ;
#1252=CARTESIAN_POINT('Control Point',(157.982719503,-21.7971103063,19.4585)) ;
#1253=CARTESIAN_POINT('Control Point',(158.747563497,-21.9046021196,19.4585)) ;
#1254=CARTESIAN_POINT('Vertex',(156.31298945,-21.5624450509,17.)) ;
#1256=CARTESIAN_POINT('Vertex',(158.747563497,-21.9046021196,19.4585)) ;
#1260=CARTESIAN_POINT('Control Point',(158.747563497,-21.9046021196,19.4585)) ;
#1261=CARTESIAN_POINT('Control Point',(159.512407491,-22.0120939329,19.4585)) ;
#1262=CARTESIAN_POINT('Control Point',(160.277965089,-22.1196860368,19.1560676126)) ;
#1263=CARTESIAN_POINT('Control Point',(160.882648407,-22.2046687351,18.5454417252)) ;
#1264=CARTESIAN_POINT('Control Point',(161.182137544,-22.2467591883,17.7723605539)) ;
#1265=CARTESIAN_POINT('Control Point',(161.182137544,-22.2467591883,17.)) ;
#1266=CARTESIAN_POINT('Vertex',(161.182137544,-22.2467591883,17.)) ;
#1270=CARTESIAN_POINT('Control Point',(161.182137544,-22.2467591883,17.)) ;
#1271=CARTESIAN_POINT('Control Point',(161.182137544,-22.2467591883,16.2276394461)) ;
#1272=CARTESIAN_POINT('Control Point',(160.882648407,-22.2046687351,15.4545582748)) ;
#1273=CARTESIAN_POINT('Control Point',(160.277965089,-22.1196860368,14.8439323874)) ;
#1274=CARTESIAN_POINT('Control Point',(159.512407491,-22.0120939329,14.5415)) ;
#1275=CARTESIAN_POINT('Control Point',(158.747563497,-21.9046021196,14.5415)) ;
#1276=CARTESIAN_POINT('Vertex',(158.747563497,-21.9046021196,14.5415)) ;
#1280=CARTESIAN_POINT('Control Point',(158.747563497,-21.9046021196,14.5415)) ;
#1281=CARTESIAN_POINT('Control Point',(157.982719503,-21.7971103063,14.5415)) ;
#1282=CARTESIAN_POINT('Control Point',(157.217161904,-21.6895182023,14.8439323874)) ;
#1283=CARTESIAN_POINT('Control Point',(156.612478586,-21.6045355041,15.4545582748)) ;
#1284=CARTESIAN_POINT('Control Point',(156.31298945,-21.5624450509,16.2276394461)) ;
#1285=CARTESIAN_POINT('Control Point',(156.31298945,-21.5624450509,17.)) ;
#1294=CARTESIAN_POINT('Axis2P3D Location',(87.0155490673,-41.1083245399,160.267976953)) ;
#1299=CARTESIAN_POINT('Line Origine',(67.0445621709,-20.1246890663,149.787198133)) ;
#1304=CARTESIAN_POINT('Line Origine',(64.5394463536,-37.9495143036,149.787198133)) ;
#1316=CARTESIAN_POINT('Axis2P3D Location',(172.284082842,-17.7480704122,53.5)) ;
#1321=CARTESIAN_POINT('Line Origine',(171.866563539,-20.7188746184,100.)) ;
#1325=CARTESIAN_POINT('Vertex',(172.284082842,-17.7480704122,100.)) ;
#1328=CARTESIAN_POINT('Line Origine',(171.866563539,-20.7188746184,17.)) ;
#1332=CARTESIAN_POINT('Vertex',(172.284082842,-17.7480704122,17.)) ;
#1335=CARTESIAN_POINT('Line Origine',(172.284082842,-17.7480704122,58.5)) ;
#1347=CARTESIAN_POINT('Axis2P3D Location',(109.313115575,-11.927560828,7.)) ;
#1352=CARTESIAN_POINT('Line Origine',(139.690701077,-13.1673693332,7.)) ;
#1356=CARTESIAN_POINT('Vertex',(117.,-9.97839926387,7.)) ;
#1358=CARTESIAN_POINT('Vertex',(162.381402154,-16.3563394026,7.)) ;
#1361=CARTESIAN_POINT('Line Origine',(161.963882851,-19.3271436088,7.)) ;
#1366=CARTESIAN_POINT('Line Origine',(116.582480697,-12.9492034701,7.)) ;
#1378=CARTESIAN_POINT('Axis2P3D Location',(44.811244197,-17.,93.)) ;
#1383=CARTESIAN_POINT('Line Origine',(44.811244197,-6.,93.)) ;
#1387=CARTESIAN_POINT('Vertex',(44.811244197,-6.,122.89582634)) ;
#1389=CARTESIAN_POINT('Vertex',(44.811244197,-6.,25.7156033563)) ;
#1393=CARTESIAN_POINT('Control Point',(46.3421483075,-6.10705124384,25.1022108003)) ;
#1394=CARTESIAN_POINT('Control Point',(45.834909597,-6.03576349208,25.3054478594)) ;
#1395=CARTESIAN_POINT('Control Point',(45.3230766431,-6.,25.5105257096)) ;
#1396=CARTESIAN_POINT('Control Point',(44.811244197,-6.,25.7156033563)) ;
#1399=CARTESIAN_POINT('Control Point',(46.3421483075,-6.10705124384,123.999083548)) ;
#1400=CARTESIAN_POINT('Control Point',(45.8344565819,-6.03569982496,123.633211805)) ;
#1401=CARTESIAN_POINT('Control Point',(45.3228476746,-6.,123.264517116)) ;
#1402=CARTESIAN_POINT('Control Point',(44.811244197,-6.,122.89582634)) ;
#1411=CARTESIAN_POINT('Axis2P3D Location',(159.582602102,-15.9629937071,117.8)) ;
#1416=CARTESIAN_POINT('Line Origine',(161.599656847,-19.2759549821,117.8)) ;
#1420=CARTESIAN_POINT('Vertex',(162.017176149,-16.3051507759,117.8)) ;
#1423=CARTESIAN_POINT('Axis2P3D Location',(159.582602102,-15.9629937071,117.8)) ;
#1427=CARTESIAN_POINT('Vertex',(159.582602102,-15.9629937071,115.3415)) ;
#1430=CARTESIAN_POINT('Line Origine',(159.1650828,-18.9337979134,115.3415)) ;
#1442=CARTESIAN_POINT('Line Origine',(159.1650828,-18.9337979134,120.2585)) ;
#1446=CARTESIAN_POINT('Vertex',(159.582602102,-15.9629937071,120.2585)) ;
#1449=CARTESIAN_POINT('Axis2P3D Location',(159.582602102,-15.9629937071,117.8)) ;
#1461=CARTESIAN_POINT('Axis2P3D Location',(159.582602102,-15.9629937071,117.8)) ;
#1466=CARTESIAN_POINT('Line Origine',(156.730508753,-18.5916408447,117.8)) ;
#1470=CARTESIAN_POINT('Vertex',(157.148028055,-15.6208366384,117.8)) ;
#1473=CARTESIAN_POINT('Axis2P3D Location',(159.582602102,-15.9629937071,117.8)) ;
#1485=CARTESIAN_POINT('Axis2P3D Location',(159.582602102,-15.9629937071,117.8)) ;
#1497=CARTESIAN_POINT('Axis2P3D Location',(130.270667268,-11.8434699187,17.)) ;
#1502=CARTESIAN_POINT('Line Origine',(132.287722012,-15.1564311937,17.)) ;
#1506=CARTESIAN_POINT('Vertex',(132.705241315,-12.1856269874,17.)) ;
#1509=CARTESIAN_POINT('Line Origine',(129.853147965,-14.814274125,19.4585)) ;
#1513=CARTESIAN_POINT('Vertex',(130.270667268,-11.8434699187,19.4585)) ;
#1516=CARTESIAN_POINT('Axis2P3D Location',(130.270667268,-11.8434699187,17.)) ;
#1528=CARTESIAN_POINT('Axis2P3D Location',(130.270667268,-11.8434699187,17.)) ;
#1533=CARTESIAN_POINT('Line Origine',(127.418573918,-14.4721170562,17.)) ;
#1537=CARTESIAN_POINT('Vertex',(127.836093221,-11.50131285,17.)) ;
#1540=CARTESIAN_POINT('Axis2P3D Location',(130.270667268,-11.8434699187,17.)) ;
#1552=CARTESIAN_POINT('Line Origine',(129.853147965,-14.814274125,14.5415)) ;
#1556=CARTESIAN_POINT('Vertex',(130.270667268,-11.8434699187,14.5415)) ;
#1559=CARTESIAN_POINT('Axis2P3D Location',(130.270667268,-11.8434699187,17.)) ;
#1571=CARTESIAN_POINT('Axis2P3D Location',(130.270667268,-11.8434699187,17.)) ;
#1583=CARTESIAN_POINT('Axis2P3D Location',(130.270667268,-11.8434699187,117.8)) ;
#1588=CARTESIAN_POINT('Line Origine',(129.853147965,-14.814274125,115.3415)) ;
#1592=CARTESIAN_POINT('Vertex',(130.270667268,-11.8434699187,115.3415)) ;
#1595=CARTESIAN_POINT('Axis2P3D Location',(130.270667268,-11.8434699187,117.8)) ;
#1599=CARTESIAN_POINT('Vertex',(127.836093221,-11.50131285,117.8)) ;
#1602=CARTESIAN_POINT('Line Origine',(127.418573918,-14.4721170562,117.8)) ;
#1614=CARTESIAN_POINT('Axis2P3D Location',(130.270667268,-11.8434699187,117.8)) ;
#1619=CARTESIAN_POINT('Line Origine',(132.287722012,-15.1564311937,117.8)) ;
#1623=CARTESIAN_POINT('Vertex',(132.705241315,-12.1856269874,117.8)) ;
#1626=CARTESIAN_POINT('Axis2P3D Location',(130.270667268,-11.8434699187,117.8)) ;
#1638=CARTESIAN_POINT('Line Origine',(129.853147965,-14.814274125,120.2585)) ;
#1642=CARTESIAN_POINT('Vertex',(130.270667268,-11.8434699187,120.2585)) ;
#1645=CARTESIAN_POINT('Axis2P3D Location',(130.270667268,-11.8434699187,117.8)) ;
#1657=CARTESIAN_POINT('Axis2P3D Location',(130.270667268,-11.8434699187,117.8)) ;
#1669=CARTESIAN_POINT('Axis2P3D Location',(159.582602102,-15.9629937071,17.)) ;
#1674=CARTESIAN_POINT('Line Origine',(159.1650828,-18.9337979134,14.5415)) ;
#1678=CARTESIAN_POINT('Vertex',(159.582602102,-15.9629937071,14.5415)) ;
#1681=CARTESIAN_POINT('Axis2P3D Location',(159.582602102,-15.9629937071,17.)) ;
#1685=CARTESIAN_POINT('Vertex',(157.148028055,-15.6208366384,17.)) ;
#1688=CARTESIAN_POINT('Line Origine',(156.730508753,-18.5916408447,17.)) ;
#1700=CARTESIAN_POINT('Axis2P3D Location',(159.582602102,-15.9629937071,17.)) ;
#1705=CARTESIAN_POINT('Line Origine',(161.599656847,-19.2759549821,17.)) ;
#1709=CARTESIAN_POINT('Vertex',(162.017176149,-16.3051507759,17.)) ;
#1712=CARTESIAN_POINT('Axis2P3D Location',(159.582602102,-15.9629937071,17.)) ;
#1724=CARTESIAN_POINT('Line Origine',(159.1650828,-18.9337979134,19.4585)) ;
#1728=CARTESIAN_POINT('Vertex',(159.582602102,-15.9629937071,19.4585)) ;
#1731=CARTESIAN_POINT('Axis2P3D Location',(159.582602102,-15.9629937071,17.)) ;
#1743=CARTESIAN_POINT('Axis2P3D Location',(159.582602102,-15.9629937071,17.)) ;
#1756=CARTESIAN_POINT('Control Point',(172.284082842,-17.7480704122,100.)) ;
#1757=CARTESIAN_POINT('Control Point',(171.449044236,-23.6896788246,100.)) ;
#1758=CARTESIAN_POINT('Control Point',(172.284082842,-17.7480704122,101.845550392)) ;
#1759=CARTESIAN_POINT('Control Point',(171.449044236,-23.6896788246,101.845550392)) ;
#1760=CARTESIAN_POINT('Control Point',(172.426001852,-17.7680158284,103.691100561)) ;
#1761=CARTESIAN_POINT('Control Point',(171.668373616,-23.7205035587,103.691100561)) ;
#1762=CARTESIAN_POINT('Control Point',(172.709830158,-17.8080811772,105.51705227)) ;
#1763=CARTESIAN_POINT('Control Point',(172.107017361,-23.7824227342,105.51705227)) ;
#1764=CARTESIAN_POINT('Control Point',(173.550581941,-17.8868859106,109.093186433)) ;
#1765=CARTESIAN_POINT('Control Point',(173.406361026,-23.9042118677,109.093186433)) ;
#1766=CARTESIAN_POINT('Control Point',(174.903673868,-17.8352547472,112.458494528)) ;
#1767=CARTESIAN_POINT('Control Point',(175.497503095,-23.8244182515,112.458494528)) ;
#1768=CARTESIAN_POINT('Control Point',(175.700531168,-17.7450197951,114.075645667)) ;
#1769=CARTESIAN_POINT('Control Point',(176.729009831,-23.6849642347,114.075645667)) ;
#1770=CARTESIAN_POINT('Control Point',(176.603752747,-17.5460494137,115.603393457)) ;
#1771=CARTESIAN_POINT('Control Point',(178.124897725,-23.3774645543,115.603393457)) ;
#1772=CARTESIAN_POINT('Control Point',(177.577208529,-17.1917404847,117.016767075)) ;
#1773=CARTESIAN_POINT('Control Point',(179.629329389,-22.8298962094,117.016767075)) ;
#1775=CARTESIAN_POINT('Control Point',(172.284082842,-17.7480704122,100.)) ;
#1776=CARTESIAN_POINT('Control Point',(172.284082842,-17.7480704122,101.848916323)) ;
#1777=CARTESIAN_POINT('Control Point',(172.42651999,-17.768088648,103.697832422)) ;
#1778=CARTESIAN_POINT('Control Point',(172.712323438,-17.8083185531,105.52783776)) ;
#1779=CARTESIAN_POINT('Control Point',(173.554916156,-17.8870319735,109.108005206)) ;
#1780=CARTESIAN_POINT('Control Point',(174.911089773,-17.8349527416,112.476817122)) ;
#1781=CARTESIAN_POINT('Control Point',(175.711795963,-17.7425328409,114.094690362)) ;
#1782=CARTESIAN_POINT('Control Point',(176.609821646,-17.5438405148,115.612204974)) ;
#1783=CARTESIAN_POINT('Control Point',(177.577208529,-17.1917404847,117.016767075)) ;
#1784=CARTESIAN_POINT('Vertex',(177.577208529,-17.1917404847,117.016767075)) ;
#1788=CARTESIAN_POINT('Control Point',(177.577208529,-17.1917404847,117.016767075)) ;
#1789=CARTESIAN_POINT('Control Point',(179.629329389,-22.8298962094,117.016767075)) ;
#1790=CARTESIAN_POINT('Vertex',(179.629329389,-22.8298962094,117.016767075)) ;
#1794=CARTESIAN_POINT('Control Point',(171.449044236,-23.6896788246,100.)) ;
#1795=CARTESIAN_POINT('Control Point',(171.449044236,-23.6896788246,101.848920518)) ;
#1796=CARTESIAN_POINT('Control Point',(171.669175374,-23.7206162385,103.697840812)) ;
#1797=CARTESIAN_POINT('Control Point',(172.110867669,-23.7827893129,105.527829667)) ;
#1798=CARTESIAN_POINT('Control Point',(173.413062779,-23.904438233,109.108017313)) ;
#1799=CARTESIAN_POINT('Control Point',(175.508982673,-23.8239508,112.476847073)) ;
#1800=CARTESIAN_POINT('Control Point',(176.746394474,-23.6811261996,114.09466348)) ;
#1801=CARTESIAN_POINT('Control Point',(178.134263692,-23.3740556213,115.612192534)) ;
#1802=CARTESIAN_POINT('Control Point',(179.629329389,-22.8298962094,117.016767075)) ;
#1812=CARTESIAN_POINT('Control Point',(46.3421483075,-6.10705124385,123.999083548)) ;
#1813=CARTESIAN_POINT('Control Point',(47.1771869133,-0.165442831393,123.999083548)) ;
#1814=CARTESIAN_POINT('Control Point',(46.037554985,-6.06424344406,123.77957615)) ;
#1815=CARTESIAN_POINT('Control Point',(46.7064517785,-0.0992853226335,123.77957615)) ;
#1816=CARTESIAN_POINT('Control Point',(45.7317685793,-6.03212471538,123.559208963)) ;
#1817=CARTESIAN_POINT('Control Point',(46.2338727879,-0.049647287389,123.559208963)) ;
#1818=CARTESIAN_POINT('Control Point',(45.4251903192,-6.01070823397,123.338271073)) ;
#1819=CARTESIAN_POINT('Control Point',(45.7600700223,-0.016549088856,123.338271073)) ;
#1820=CARTESIAN_POINT('Control Point',(45.1182172559,-6.00000000001,123.117048713)) ;
#1821=CARTESIAN_POINT('Control Point',(45.2856571062,-1.06581410364E-014,123.117048713)) ;
#1822=CARTESIAN_POINT('Control Point',(44.811244197,-6.00000000001,122.89582634)) ;
#1823=CARTESIAN_POINT('Control Point',(44.811244197,-7.1054273576E-015,122.89582634)) ;
#1825=CARTESIAN_POINT('Control Point',(47.1771869133,-0.165442831393,123.999083548)) ;
#1826=CARTESIAN_POINT('Control Point',(46.3925724283,-0.05517245675,123.633211805)) ;
#1827=CARTESIAN_POINT('Control Point',(45.6019041169,-6.12126090556E-015,123.264517116)) ;
#1828=CARTESIAN_POINT('Control Point',(44.811244197,-6.35602681598E-015,122.89582634)) ;
#1829=CARTESIAN_POINT('Vertex',(47.1771869133,-0.165442831393,123.999083548)) ;
#1831=CARTESIAN_POINT('Vertex',(44.811244197,-6.77342726038E-015,122.89582634)) ;
#1835=CARTESIAN_POINT('Control Point',(44.811244197,-7.1054273576E-015,122.89582634)) ;
#1836=CARTESIAN_POINT('Control Point',(44.811244197,-6.,122.89582634)) ;
#1839=CARTESIAN_POINT('Control Point',(47.1771869133,-0.165442831393,123.999083548)) ;
#1840=CARTESIAN_POINT('Control Point',(46.3421483075,-6.10705124384,123.999083548)) ;
#1849=CARTESIAN_POINT('Axis2P3D Location',(-9.14677218255E-016,-6.,12.)) ;
#1855=CARTESIAN_POINT('Control Point',(44.811244197,-6.,25.7156033563)) ;
#1856=CARTESIAN_POINT('Control Point',(37.2344053565,-6.,27.6799689817)) ;
#1857=CARTESIAN_POINT('Vertex',(37.2344053565,-6.,27.6799689817)) ;
#1861=CARTESIAN_POINT('Control Point',(44.811244197,-6.,122.89582634)) ;
#1862=CARTESIAN_POINT('Control Point',(5.77381738259,-6.,104.692375262)) ;
#1863=CARTESIAN_POINT('Vertex',(5.77381738259,-6.,104.692375262)) ;
#1867=CARTESIAN_POINT('Control Point',(-6.66133814775E-016,-6.,95.6292973919)) ;
#1868=CARTESIAN_POINT('Control Point',(-3.52365706058E-015,-6.,97.8982254195)) ;
#1869=CARTESIAN_POINT('Control Point',(0.642922292279,-6.,100.167470297)) ;
#1870=CARTESIAN_POINT('Control Point',(1.93254664126,-6.,102.191775038)) ;
#1871=CARTESIAN_POINT('Control Point',(3.71747024296,-6.,103.733484843)) ;
#1872=CARTESIAN_POINT('Control Point',(5.77381738259,-6.,104.692375262)) ;
#1873=CARTESIAN_POINT('Vertex',(-9.14677218255E-016,-6.,95.6292973919)) ;
#1876=CARTESIAN_POINT('Line Origine',(-9.14677218255E-016,-6.,93.)) ;
#1880=CARTESIAN_POINT('Vertex',(-1.7763568394E-015,-6.,38.)) ;
#1884=CARTESIAN_POINT('Control Point',(10.,-6.,28.)) ;
#1885=CARTESIAN_POINT('Control Point',(6.85840734641,-6.,28.)) ;
#1886=CARTESIAN_POINT('Control Point',(3.71388356637,-6.,29.2301500405)) ;
#1887=CARTESIAN_POINT('Control Point',(1.23015004046,-6.,31.7138835664)) ;
#1888=CARTESIAN_POINT('Control Point',(4.47049804582E-015,-6.,34.8584073464)) ;
#1889=CARTESIAN_POINT('Control Point',(-8.881784197E-016,-6.,38.)) ;
#1890=CARTESIAN_POINT('Vertex',(10.,-6.,28.)) ;
#1893=CARTESIAN_POINT('Line Origine',(22.4056220985,-6.,28.)) ;
#1897=CARTESIAN_POINT('Vertex',(34.7247837686,-6.,28.)) ;
#1901=CARTESIAN_POINT('Control Point',(34.7247837686,-6.,28.)) ;
#1902=CARTESIAN_POINT('Control Point',(35.5703640891,-6.,28.)) ;
#1903=CARTESIAN_POINT('Control Point',(36.4158862291,-6.,27.8921776443)) ;
#1904=CARTESIAN_POINT('Control Point',(37.2344053565,-6.,27.6799689817)) ;
#1917=CARTESIAN_POINT('Control Point',(15.5,-6.,47.5)) ;
#1918=CARTESIAN_POINT('Control Point',(16.9137166941,-6.,47.5)) ;
#1919=CARTESIAN_POINT('Control Point',(18.3287523951,-6.,46.9464324818)) ;
#1920=CARTESIAN_POINT('Control Point',(19.4464324818,-6.,45.8287523951)) ;
#1921=CARTESIAN_POINT('Control Point',(20.,-6.,44.4137166941)) ;
#1922=CARTESIAN_POINT('Control Point',(20.,-6.,43.)) ;
#1923=CARTESIAN_POINT('Vertex',(15.5,-6.,47.5)) ;
#1925=CARTESIAN_POINT('Vertex',(20.,-6.,43.)) ;
#1929=CARTESIAN_POINT('Control Point',(20.,-6.,43.)) ;
#1930=CARTESIAN_POINT('Control Point',(20.,-6.,41.5862833059)) ;
#1931=CARTESIAN_POINT('Control Point',(19.4464324818,-6.,40.1712476049)) ;
#1932=CARTESIAN_POINT('Control Point',(18.3287523951,-6.,39.0535675182)) ;
#1933=CARTESIAN_POINT('Control Point',(16.9137166941,-6.,38.5)) ;
#1934=CARTESIAN_POINT('Control Point',(15.5,-6.,38.5)) ;
#1935=CARTESIAN_POINT('Vertex',(15.5,-6.,38.5)) ;
#1939=CARTESIAN_POINT('Control Point',(15.5,-6.,38.5)) ;
#1940=CARTESIAN_POINT('Control Point',(14.0862833059,-6.,38.5)) ;
#1941=CARTESIAN_POINT('Control Point',(12.6712476049,-6.,39.0535675182)) ;
#1942=CARTESIAN_POINT('Control Point',(11.5535675182,-6.,40.1712476049)) ;
#1943=CARTESIAN_POINT('Control Point',(11.,-6.,41.5862833059)) ;
#1944=CARTESIAN_POINT('Control Point',(11.,-6.,43.)) ;
#1945=CARTESIAN_POINT('Vertex',(11.,-6.,43.)) ;
#1949=CARTESIAN_POINT('Control Point',(11.,-6.,43.)) ;
#1950=CARTESIAN_POINT('Control Point',(11.,-6.,44.4137166941)) ;
#1951=CARTESIAN_POINT('Control Point',(11.5535675182,-6.,45.8287523951)) ;
#1952=CARTESIAN_POINT('Control Point',(12.6712476049,-6.,46.9464324818)) ;
#1953=CARTESIAN_POINT('Control Point',(14.0862833059,-6.,47.5)) ;
#1954=CARTESIAN_POINT('Control Point',(15.5,-6.,47.5)) ;
#1963=CARTESIAN_POINT('Control Point',(15.5,-6.,97.5)) ;
#1964=CARTESIAN_POINT('Control Point',(16.9137166941,-6.,97.5)) ;
#1965=CARTESIAN_POINT('Control Point',(18.3287523951,-6.,96.9464324818)) ;
#1966=CARTESIAN_POINT('Control Point',(19.4464324818,-6.,95.8287523951)) ;
#1967=CARTESIAN_POINT('Control Point',(20.,-6.,94.4137166941)) ;
#1968=CARTESIAN_POINT('Control Point',(20.,-6.,93.)) ;
#1969=CARTESIAN_POINT('Vertex',(15.5,-6.,97.5)) ;
#1971=CARTESIAN_POINT('Vertex',(20.,-6.,93.)) ;
#1975=CARTESIAN_POINT('Control Point',(20.,-6.,93.)) ;
#1976=CARTESIAN_POINT('Control Point',(20.,-6.,91.5862833059)) ;
#1977=CARTESIAN_POINT('Control Point',(19.4464324818,-6.,90.1712476049)) ;
#1978=CARTESIAN_POINT('Control Point',(18.3287523951,-6.,89.0535675182)) ;
#1979=CARTESIAN_POINT('Control Point',(16.9137166941,-6.,88.5)) ;
#1980=CARTESIAN_POINT('Control Point',(15.5,-6.,88.5)) ;
#1981=CARTESIAN_POINT('Vertex',(15.5,-6.,88.5)) ;
#1985=CARTESIAN_POINT('Control Point',(15.5,-6.,88.5)) ;
#1986=CARTESIAN_POINT('Control Point',(14.0862833059,-6.,88.5)) ;
#1987=CARTESIAN_POINT('Control Point',(12.6712476049,-6.,89.0535675182)) ;
#1988=CARTESIAN_POINT('Control Point',(11.5535675182,-6.,90.1712476049)) ;
#1989=CARTESIAN_POINT('Control Point',(11.,-6.,91.5862833059)) ;
#1990=CARTESIAN_POINT('Control Point',(11.,-6.,93.)) ;
#1991=CARTESIAN_POINT('Vertex',(11.,-6.,93.)) ;
#1995=CARTESIAN_POINT('Control Point',(11.,-6.,93.)) ;
#1996=CARTESIAN_POINT('Control Point',(11.,-6.,94.4137166941)) ;
#1997=CARTESIAN_POINT('Control Point',(11.5535675182,-6.,95.8287523951)) ;
#1998=CARTESIAN_POINT('Control Point',(12.6712476049,-6.,96.9464324818)) ;
#1999=CARTESIAN_POINT('Control Point',(14.0862833059,-6.,97.5)) ;
#2000=CARTESIAN_POINT('Control Point',(15.5,-6.,97.5)) ;
#2009=CARTESIAN_POINT('Axis2P3D Location',(173.814986952,-6.85512165602,93.)) ;
#2014=CARTESIAN_POINT('Line Origine',(172.284082842,-17.7480704122,93.)) ;
#2018=CARTESIAN_POINT('Vertex',(172.284082842,-17.7480704122,179.)) ;
#2021=CARTESIAN_POINT('Axis2P3D Location',(173.814986952,-6.85512165602,179.)) ;
#2025=CARTESIAN_POINT('Vertex',(177.577208529,-17.1917404847,179.)) ;
#2028=CARTESIAN_POINT('Line Origine',(177.577208529,-17.1917404847,93.)) ;
#2041=CARTESIAN_POINT('Control Point',(177.577208529,-17.1917404847,117.016767075)) ;
#2042=CARTESIAN_POINT('Control Point',(179.918028616,-16.3397516491,120.415435426)) ;
#2043=CARTESIAN_POINT('Control Point',(182.858237308,-15.2696032027,123.346908664)) ;
#2044=CARTESIAN_POINT('Control Point',(186.236180124,-14.0401325646,125.66055447)) ;
#2045=CARTESIAN_POINT('Control Point',(189.878047077,-12.7146013966,127.314653148)) ;
#2050=CARTESIAN_POINT('Control Point',(177.577208529,-17.1917404847,117.016767075)) ;
#2051=CARTESIAN_POINT('Control Point',(179.917921978,-16.339790462,120.415280597)) ;
#2052=CARTESIAN_POINT('Control Point',(182.858203208,-15.2696156141,123.346954185)) ;
#2053=CARTESIAN_POINT('Control Point',(186.236346032,-14.040072179,125.660629824)) ;
#2054=CARTESIAN_POINT('Control Point',(189.878047077,-12.7146013966,127.314653148)) ;
#2055=CARTESIAN_POINT('Vertex',(189.878047077,-12.7146013966,127.314653148)) ;
#2058=CARTESIAN_POINT('Line Origine',(190.904107507,-15.533679259,127.314653148)) ;
#2062=CARTESIAN_POINT('Vertex',(191.930167937,-18.3527571213,127.314653148)) ;
#2066=CARTESIAN_POINT('Control Point',(179.629329389,-22.8298962094,117.016767075)) ;
#2067=CARTESIAN_POINT('Control Point',(181.970042838,-21.9779461867,120.415280597)) ;
#2068=CARTESIAN_POINT('Control Point',(184.910324068,-20.9077713388,123.346954185)) ;
#2069=CARTESIAN_POINT('Control Point',(188.288466892,-19.6782279038,125.660629824)) ;
#2070=CARTESIAN_POINT('Control Point',(191.930167937,-18.3527571213,127.314653148)) ;
#2079=CARTESIAN_POINT('Axis2P3D Location',(22.4056220985,-3.36322803309E-015,112.44791317)) ;
#2084=CARTESIAN_POINT('Line Origine',(25.2925307898,-1.50239313603E-015,113.794100801)) ;
#2088=CARTESIAN_POINT('Vertex',(5.77381738259,-8.31820186374E-016,104.692375262)) ;
#2091=CARTESIAN_POINT('Line Origine',(5.77381738259,-3.,104.692375262)) ;
#2103=CARTESIAN_POINT('Axis2P3D Location',(44.811244197,-17.,93.)) ;
#2108=CARTESIAN_POINT('Line Origine',(47.1771869133,-0.165442831393,93.)) ;
#2112=CARTESIAN_POINT('Vertex',(47.1771869133,-0.165442831393,25.1022108003)) ;
#2116=CARTESIAN_POINT('Control Point',(47.1771869133,-0.165442831394,25.1022108003)) ;
#2117=CARTESIAN_POINT('Control Point',(46.3932725425,-0.0552708513908,25.3054478594)) ;
#2118=CARTESIAN_POINT('Control Point',(45.6022579773,-6.91749898104E-015,25.5105257096)) ;
#2119=CARTESIAN_POINT('Control Point',(44.811244197,-7.1054273576E-015,25.7156033563)) ;
#2120=CARTESIAN_POINT('Vertex',(44.811244197,-6.82414582845E-015,25.7156033563)) ;
#2123=CARTESIAN_POINT('Line Origine',(44.811244197,-7.1054273576E-015,93.)) ;
#2135=CARTESIAN_POINT('Axis2P3D Location',(34.7247837686,-5.29053002405E-015,18.)) ;
#2140=CARTESIAN_POINT('Line Origine',(37.2344053565,-3.,27.6799689817)) ;
#2144=CARTESIAN_POINT('Vertex',(37.2344053565,-5.66806030949E-015,27.6799689817)) ;
#2147=CARTESIAN_POINT('Line Origine',(34.7247837686,-3.,28.)) ;
#2151=CARTESIAN_POINT('Vertex',(34.7247837686,-5.28531100247E-015,28.)) ;
#2154=CARTESIAN_POINT('Axis2P3D Location',(34.7247837686,-5.29053002405E-015,18.)) ;
#2166=CARTESIAN_POINT('Axis2P3D Location',(-4.57338609128E-016,-3.,93.)) ;
#2171=CARTESIAN_POINT('Line Origine',(0.,0.,66.814648696)) ;
#2175=CARTESIAN_POINT('Vertex',(0.,0.,95.6292973919)) ;
#2177=CARTESIAN_POINT('Vertex',(0.,0.,38.)) ;
#2180=CARTESIAN_POINT('Line Origine',(-4.57338609128E-016,-3.,38.)) ;
#2185=CARTESIAN_POINT('Line Origine',(-4.57338609128E-016,-3.,95.6292973919)) ;
#2197=CARTESIAN_POINT('Axis2P3D Location',(15.5,-2.34673718027E-015,43.)) ;
#2202=CARTESIAN_POINT('Line Origine',(15.5,-3.,47.5)) ;
#2206=CARTESIAN_POINT('Vertex',(15.5,-2.34438862056E-015,47.5)) ;
#2209=CARTESIAN_POINT('Line Origine',(11.,-3.,43.)) ;
#2213=CARTESIAN_POINT('Vertex',(11.,-1.66072926658E-015,43.)) ;
#2216=CARTESIAN_POINT('Axis2P3D Location',(15.5,-2.34673718027E-015,43.)) ;
#2228=CARTESIAN_POINT('Axis2P3D Location',(15.5,-2.34673718027E-015,43.)) ;
#2233=CARTESIAN_POINT('Axis2P3D Location',(15.5,-2.34673718027E-015,43.)) ;
#2237=CARTESIAN_POINT('Vertex',(15.5,-2.34908573998E-015,38.5)) ;
#2240=CARTESIAN_POINT('Line Origine',(15.5,-3.,38.5)) ;
#2252=CARTESIAN_POINT('Line Origine',(20.,-3.,43.)) ;
#2256=CARTESIAN_POINT('Vertex',(20.,-3.03274509396E-015,43.)) ;
#2259=CARTESIAN_POINT('Axis2P3D Location',(15.5,-2.34673718027E-015,43.)) ;
#2271=CARTESIAN_POINT('Axis2P3D Location',(15.5,-2.34673718027E-015,43.)) ;
#2283=CARTESIAN_POINT('Axis2P3D Location',(15.5,-2.32064207238E-015,93.)) ;
#2288=CARTESIAN_POINT('Line Origine',(15.5,-3.,97.5)) ;
#2292=CARTESIAN_POINT('Vertex',(15.5,-2.31829351267E-015,97.5)) ;
#2295=CARTESIAN_POINT('Line Origine',(11.,-3.,93.)) ;
#2299=CARTESIAN_POINT('Vertex',(11.,-1.63463415868E-015,93.)) ;
#2302=CARTESIAN_POINT('Axis2P3D Location',(15.5,-2.32064207238E-015,93.)) ;
#2314=CARTESIAN_POINT('Axis2P3D Location',(15.5,-2.32064207238E-015,93.)) ;
#2319=CARTESIAN_POINT('Axis2P3D Location',(15.5,-2.32064207238E-015,93.)) ;
#2323=CARTESIAN_POINT('Vertex',(15.5,-2.32299063209E-015,88.5)) ;
#2326=CARTESIAN_POINT('Line Origine',(15.5,-3.,88.5)) ;
#2338=CARTESIAN_POINT('Line Origine',(20.,-3.,93.)) ;
#2342=CARTESIAN_POINT('Vertex',(20.,-3.00664998607E-015,93.)) ;
#2345=CARTESIAN_POINT('Axis2P3D Location',(15.5,-2.32064207238E-015,93.)) ;
#2357=CARTESIAN_POINT('Axis2P3D Location',(15.5,-2.32064207238E-015,93.)) ;
#2369=CARTESIAN_POINT('Axis2P3D Location',(175.,-18.1297676766,12.)) ;
#2374=CARTESIAN_POINT('Line Origine',(200.719572059,-8.76860900901,93.)) ;
#2378=CARTESIAN_POINT('Vertex',(200.719572059,-8.76860900901,179.)) ;
#2380=CARTESIAN_POINT('Vertex',(200.719572059,-8.76860900901,132.238762781)) ;
#2384=CARTESIAN_POINT('Control Point',(189.878047077,-12.7146013966,127.314653148)) ;
#2385=CARTESIAN_POINT('Control Point',(200.719572059,-8.76860900901,132.238762781)) ;
#2387=CARTESIAN_POINT('Line Origine',(189.148390294,-12.9801747468,179.)) ;
#2400=CARTESIAN_POINT('Axis2P3D Location',(195.298809568,-10.7416052028,129.776707964)) ;
#2405=CARTESIAN_POINT('Line Origine',(201.745632489,-11.5876868714,132.238762781)) ;
#2409=CARTESIAN_POINT('Vertex',(202.771692919,-14.4067647337,132.238762781)) ;
#2412=CARTESIAN_POINT('Line Origine',(197.350930428,-16.3797609275,129.776707964)) ;
#2424=CARTESIAN_POINT('Axis2P3D Location',(0.,0.,12.)) ;
#2429=CARTESIAN_POINT('Line Origine',(22.4056220985,-3.40730158119E-015,28.)) ;
#2433=CARTESIAN_POINT('Vertex',(10.,-1.5161115959E-015,28.)) ;
#2437=CARTESIAN_POINT('Control Point',(10.,-1.5161115959E-015,28.)) ;
#2438=CARTESIAN_POINT('Control Point',(6.85840734641,-1.03718772435E-015,28.)) ;
#2439=CARTESIAN_POINT('Control Point',(3.71388356637,-5.5717499575E-016,29.2301500405)) ;
#2440=CARTESIAN_POINT('Control Point',(1.23015004046,-1.77242984468E-016,31.7138835664)) ;
#2441=CARTESIAN_POINT('Control Point',(5.10517554157E-015,1.19298521185E-017,34.8584073464)) ;
#2442=CARTESIAN_POINT('Control Point',(8.881784197E-016,1.35694561034E-017,38.)) ;
#2445=CARTESIAN_POINT('Control Point',(2.22044604925E-016,4.3646310766E-017,95.6292973919)) ;
#2446=CARTESIAN_POINT('Control Point',(-3.65918233214E-015,4.48304691996E-017,97.8982254195)) ;
#2447=CARTESIAN_POINT('Control Point',(0.642922292279,-5.19962693115E-017,100.167470297)) ;
#2448=CARTESIAN_POINT('Control Point',(1.93254664126,-2.47538115653E-016,102.191775038)) ;
#2449=CARTESIAN_POINT('Control Point',(3.71747024296,-5.18838319779E-016,103.733484843)) ;
#2450=CARTESIAN_POINT('Control Point',(5.77381738259,-8.31820186374E-016,104.692375262)) ;
#2453=CARTESIAN_POINT('Control Point',(44.811244197,-6.82414582845E-015,25.7156033563)) ;
#2454=CARTESIAN_POINT('Control Point',(37.2344053565,-5.66806030949E-015,27.6799689817)) ;
#2479=CARTESIAN_POINT('Axis2P3D Location',(206.533914496,-24.7433835624,93.)) ;
#2485=CARTESIAN_POINT('Control Point',(200.719572059,-8.76860900901,132.238762781)) ;
#2486=CARTESIAN_POINT('Control Point',(203.533849496,-7.74429579112,133.516978775)) ;
#2487=CARTESIAN_POINT('Control Point',(206.563464692,-7.48634165719,134.892998974)) ;
#2488=CARTESIAN_POINT('Control Point',(209.485933516,-8.00165176116,136.220354389)) ;
#2489=CARTESIAN_POINT('Vertex',(209.485933516,-8.00165176116,136.220354389)) ;
#2492=CARTESIAN_POINT('Axis2P3D Location',(206.533914496,-24.7433835624,179.)) ;
#2496=CARTESIAN_POINT('Vertex',(209.485933516,-8.00165176116,179.)) ;
#2499=CARTESIAN_POINT('Line Origine',(209.485933516,-8.00165176116,93.)) ;
#2512=CARTESIAN_POINT('Control Point',(202.771692919,-14.4067647337,132.238762781)) ;
#2513=CARTESIAN_POINT('Control Point',(200.719572059,-8.76860900901,132.238762781)) ;
#2514=CARTESIAN_POINT('Control Point',(203.535993873,-14.1285819364,132.775248266)) ;
#2515=CARTESIAN_POINT('Control Point',(201.900764443,-8.33869014036,132.775248266)) ;
#2516=CARTESIAN_POINT('Control Point',(204.321420246,-13.9227098753,133.326562202)) ;
#2517=CARTESIAN_POINT('Control Point',(203.1146052,-8.02052422781,133.326562202)) ;
#2518=CARTESIAN_POINT('Control Point',(205.120307952,-13.7900246403,133.887323694)) ;
#2519=CARTESIAN_POINT('Control Point',(204.349249838,-7.81546522828,133.887323694)) ;
#2520=CARTESIAN_POINT('Control Point',(206.270260118,-13.7054860201,134.694510033)) ;
#2521=CARTESIAN_POINT('Control Point',(206.126448639,-7.68481463337,134.694510033)) ;
#2522=CARTESIAN_POINT('Control Point',(207.417949498,-13.7708359666,135.500107972)) ;
#2523=CARTESIAN_POINT('Control Point',(207.900150409,-7.78581000523,135.500107972)) ;
#2524=CARTESIAN_POINT('Control Point',(207.761516686,-13.8039292554,135.741267948)) ;
#2525=CARTESIAN_POINT('Control Point',(208.43111788,-7.83695417892,135.741267948)) ;
#2526=CARTESIAN_POINT('Control Point',(208.103731916,-13.8504919977,135.981478938)) ;
#2527=CARTESIAN_POINT('Control Point',(208.959995964,-7.90891478061,135.981478938)) ;
#2528=CARTESIAN_POINT('Control Point',(208.44404445,-13.9104982792,136.220354389)) ;
#2529=CARTESIAN_POINT('Control Point',(209.485933516,-8.00165176116,136.220354389)) ;
#2531=CARTESIAN_POINT('Control Point',(209.485933516,-8.00165176116,136.220354389)) ;
#2532=CARTESIAN_POINT('Control Point',(208.44404445,-13.9104982792,136.220354389)) ;
#2533=CARTESIAN_POINT('Vertex',(208.44404445,-13.9104982792,136.220354389)) ;
#2537=CARTESIAN_POINT('Control Point',(202.771692919,-14.4067647337,132.238762781)) ;
#2538=CARTESIAN_POINT('Control Point',(204.592352016,-13.7440990158,133.516737346)) ;
#2539=CARTESIAN_POINT('Control Point',(206.553392384,-13.5771253089,134.893249685)) ;
#2540=CARTESIAN_POINT('Control Point',(208.44404445,-13.9104982792,136.220354389)) ;
#2549=CARTESIAN_POINT('Axis2P3D Location',(201.745632489,-11.5876868714,179.)) ;
#2554=CARTESIAN_POINT('Line Origine',(201.745632489,-11.5876868714,179.)) ;
#2558=CARTESIAN_POINT('Vertex',(202.771692919,-14.4067647337,179.)) ;
#2561=CARTESIAN_POINT('Axis2P3D Location',(206.533914496,-24.7433835624,179.)) ;
#2565=CARTESIAN_POINT('Vertex',(208.44404445,-13.9104982792,179.)) ;
#2568=CARTESIAN_POINT('Line Origine',(208.964988983,-10.9560750202,179.)) ;
#2580=CARTESIAN_POINT('Axis2P3D Location',(205.,-7.21066064862,12.)) ;
#2585=CARTESIAN_POINT('Line Origine',(227.242966758,-11.1326958191,179.)) ;
#2589=CARTESIAN_POINT('Vertex',(235.15192247,-12.5272581003,179.)) ;
#2593=CARTESIAN_POINT('Control Point',(235.15192247,-12.5272581003,179.)) ;
#2594=CARTESIAN_POINT('Control Point',(238.245787272,-13.0727899396,179.)) ;
#2595=CARTESIAN_POINT('Control Point',(241.34253867,-13.6188307636,177.76984996)) ;
#2596=CARTESIAN_POINT('Control Point',(243.788538703,-14.0501265642,175.286116434)) ;
#2597=CARTESIAN_POINT('Control Point',(245.,-14.263739877,172.141592654)) ;
#2598=CARTESIAN_POINT('Control Point',(245.,-14.263739877,169.)) ;
#2599=CARTESIAN_POINT('Vertex',(245.,-14.263739877,169.)) ;
#2602=CARTESIAN_POINT('Line Origine',(245.,-14.263739877,93.)) ;
#2606=CARTESIAN_POINT('Vertex',(245.,-14.263739877,152.)) ;
#2610=CARTESIAN_POINT('Control Point',(245.,-14.263739877,152.)) ;
#2611=CARTESIAN_POINT('Control Point',(245.,-14.263739877,148.858407346)) ;
#2612=CARTESIAN_POINT('Control Point',(243.788538703,-14.0501265642,145.713883566)) ;
#2613=CARTESIAN_POINT('Control Point',(241.34253867,-13.6188307636,143.23015004)) ;
#2614=CARTESIAN_POINT('Control Point',(238.245787272,-13.0727899396,142.)) ;
#2615=CARTESIAN_POINT('Control Point',(235.15192247,-12.5272581003,142.)) ;
#2616=CARTESIAN_POINT('Vertex',(235.15192247,-12.5272581003,142.)) ;
#2619=CARTESIAN_POINT('Line Origine',(227.242966758,-11.1326958191,142.)) ;
#2623=CARTESIAN_POINT('Vertex',(228.704757745,-11.3904490102,142.)) ;
#2627=CARTESIAN_POINT('Control Point',(216.29872198,-9.20293018128,139.314653148)) ;
#2628=CARTESIAN_POINT('Control Point',(219.214908555,-9.71713255526,140.63915523)) ;
#2629=CARTESIAN_POINT('Control Point',(222.31521653,-10.2638004996,141.54640263)) ;
#2630=CARTESIAN_POINT('Control Point',(225.510144918,-10.8271525759,142.)) ;
#2631=CARTESIAN_POINT('Control Point',(228.704757745,-11.3904490102,142.)) ;
#2632=CARTESIAN_POINT('Vertex',(216.29872198,-9.20293018128,139.314653148)) ;
#2636=CARTESIAN_POINT('Control Point',(209.485933516,-8.00165176116,136.220354389)) ;
#2637=CARTESIAN_POINT('Control Point',(216.29872198,-9.20293018128,139.314653148)) ;
#2650=CARTESIAN_POINT('Control Point',(223.334229434,-10.4434799683,156.403045654)) ;
#2651=CARTESIAN_POINT('Control Point',(222.700458291,-10.3317290163,156.403045654)) ;
#2652=CARTESIAN_POINT('Control Point',(222.066687149,-10.2199780643,156.529406025)) ;
#2653=CARTESIAN_POINT('Control Point',(221.465537522,-10.1139791656,156.782251647)) ;
#2654=CARTESIAN_POINT('Control Point',(220.39326409,-9.92490842878,157.513665525)) ;
#2655=CARTESIAN_POINT('Control Point',(219.672962032,-9.79789974175,158.602480503)) ;
#2656=CARTESIAN_POINT('Control Point',(219.423957703,-9.75399356028,159.212903833)) ;
#2657=CARTESIAN_POINT('Control Point',(219.175076358,-9.71010906406,160.5)) ;
#2658=CARTESIAN_POINT('Control Point',(219.423957703,-9.75399356028,161.787096167)) ;
#2659=CARTESIAN_POINT('Control Point',(219.672962032,-9.79789974175,162.397519497)) ;
#2660=CARTESIAN_POINT('Control Point',(220.39326409,-9.92490842879,163.486334475)) ;
#2661=CARTESIAN_POINT('Control Point',(221.465537522,-10.1139791656,164.217748353)) ;
#2662=CARTESIAN_POINT('Control Point',(222.066687149,-10.2199780643,164.470593975)) ;
#2663=CARTESIAN_POINT('Control Point',(222.700458291,-10.3317290163,164.596954346)) ;
#2664=CARTESIAN_POINT('Control Point',(223.334229434,-10.4434799683,164.596954346)) ;
#2665=CARTESIAN_POINT('Vertex',(223.334229434,-10.4434799683,156.403045654)) ;
#2667=CARTESIAN_POINT('Vertex',(223.334229434,-10.4434799683,164.596954346)) ;
#2670=CARTESIAN_POINT('Line Origine',(227.242966758,-11.1326958191,156.403045654)) ;
#2674=CARTESIAN_POINT('Vertex',(233.182306964,-12.179961745,156.403045654)) ;
#2678=CARTESIAN_POINT('Control Point',(233.182306964,-12.179961745,164.596954346)) ;
#2679=CARTESIAN_POINT('Control Point',(233.816078106,-12.2917126969,164.596954346)) ;
#2680=CARTESIAN_POINT('Control Point',(234.449849248,-12.4034636489,164.470593975)) ;
#2681=CARTESIAN_POINT('Control Point',(235.050998876,-12.5094625477,164.217748353)) ;
#2682=CARTESIAN_POINT('Control Point',(236.123272308,-12.6985332845,163.486334475)) ;
#2683=CARTESIAN_POINT('Control Point',(236.843574366,-12.8255419715,162.397519497)) ;
#2684=CARTESIAN_POINT('Control Point',(237.092578694,-12.869448153,161.787096167)) ;
#2685=CARTESIAN_POINT('Control Point',(237.34146004,-12.9133326492,160.5)) ;
#2686=CARTESIAN_POINT('Control Point',(237.092578694,-12.869448153,159.212903833)) ;
#2687=CARTESIAN_POINT('Control Point',(236.843574366,-12.8255419715,158.602480503)) ;
#2688=CARTESIAN_POINT('Control Point',(236.123272308,-12.6985332845,157.513665525)) ;
#2689=CARTESIAN_POINT('Control Point',(235.050998876,-12.5094625477,156.782251647)) ;
#2690=CARTESIAN_POINT('Control Point',(234.449849248,-12.4034636489,156.529406025)) ;
#2691=CARTESIAN_POINT('Control Point',(233.816078106,-12.2917126969,156.403045654)) ;
#2692=CARTESIAN_POINT('Control Point',(233.182306964,-12.179961745,156.403045654)) ;
#2693=CARTESIAN_POINT('Vertex',(233.182306964,-12.179961745,164.596954346)) ;
#2696=CARTESIAN_POINT('Line Origine',(227.242966758,-11.1326958191,164.596954346)) ;
#2708=CARTESIAN_POINT('Axis2P3D Location',(212.892327748,-8.60229097122,137.767503769)) ;
#2713=CARTESIAN_POINT('Line Origine',(215.777777447,-12.1573534403,139.314653148)) ;
#2717=CARTESIAN_POINT('Vertex',(215.256832914,-15.1117766994,139.314653148)) ;
#2720=CARTESIAN_POINT('Line Origine',(211.850438682,-14.5111374893,137.767503769)) ;
#2732=CARTESIAN_POINT('Axis2P3D Location',(226.722022225,-14.0871190781,179.)) ;
#2737=CARTESIAN_POINT('Line Origine',(221.277038927,-16.1733014488,179.)) ;
#2741=CARTESIAN_POINT('Vertex',(234.110033404,-18.4361046184,179.)) ;
#2744=CARTESIAN_POINT('Line Origine',(234.630977937,-15.4816813593,179.)) ;
#2756=CARTESIAN_POINT('Axis2P3D Location',(235.15192247,-12.5272581003,169.)) ;
#2761=CARTESIAN_POINT('Axis2P3D Location',(234.110033404,-18.4361046184,169.)) ;
#2765=CARTESIAN_POINT('Vertex',(243.958110934,-20.172586395,169.)) ;
#2768=CARTESIAN_POINT('Line Origine',(244.479055467,-17.218163136,169.)) ;
#2780=CARTESIAN_POINT('Axis2P3D Location',(244.479055467,-17.218163136,93.)) ;
#2785=CARTESIAN_POINT('Line Origine',(243.958110934,-20.172586395,160.5)) ;
#2789=CARTESIAN_POINT('Vertex',(243.958110934,-20.172586395,152.)) ;
#2792=CARTESIAN_POINT('Line Origine',(244.479055467,-17.218163136,152.)) ;
#2804=CARTESIAN_POINT('Axis2P3D Location',(235.15192247,-12.5272581003,152.)) ;
#2809=CARTESIAN_POINT('Axis2P3D Location',(234.110033404,-18.4361046184,152.)) ;
#2813=CARTESIAN_POINT('Vertex',(234.110033404,-18.4361046184,142.)) ;
#2816=CARTESIAN_POINT('Line Origine',(234.630977937,-15.4816813593,142.)) ;
#2828=CARTESIAN_POINT('Axis2P3D Location',(236.852378872,-12.8270944436,142.)) ;
#2833=CARTESIAN_POINT('Line Origine',(230.886451041,-17.8677000733,142.)) ;
#2837=CARTESIAN_POINT('Vertex',(227.662868679,-17.2992955283,142.)) ;
#2840=CARTESIAN_POINT('Line Origine',(228.183813212,-14.3448722693,142.)) ;
#2852=CARTESIAN_POINT('Axis2P3D Location',(227.216379133,-17.2205673747,164.596954346)) ;
#2857=CARTESIAN_POINT('Line Origine',(232.661362431,-15.134385004,164.596954346)) ;
#2861=CARTESIAN_POINT('Vertex',(232.140417898,-18.088808263,164.596954346)) ;
#2864=CARTESIAN_POINT('Line Origine',(227.216379133,-17.2205673747,164.596954346)) ;
#2868=CARTESIAN_POINT('Vertex',(222.292340368,-16.3523264864,164.596954346)) ;
#2871=CARTESIAN_POINT('Line Origine',(222.813284901,-13.3979032273,164.596954346)) ;
#2883=CARTESIAN_POINT('Axis2P3D Location',(203.958110934,-13.1195071667,12.)) ;
#2888=CARTESIAN_POINT('Line Origine',(208.44404445,-13.9104982792,93.)) ;
#2894=CARTESIAN_POINT('Control Point',(215.256832914,-15.1117766994,139.314653148)) ;
#2895=CARTESIAN_POINT('Control Point',(218.173019489,-15.6259790733,140.63915523)) ;
#2896=CARTESIAN_POINT('Control Point',(221.273327464,-16.1726470177,141.54640263)) ;
#2897=CARTESIAN_POINT('Control Point',(224.468255852,-16.735999094,142.)) ;
#2898=CARTESIAN_POINT('Control Point',(227.662868679,-17.2992955283,142.)) ;
#2911=CARTESIAN_POINT('Control Point',(232.140417898,-18.088808263,164.596954346)) ;
#2912=CARTESIAN_POINT('Control Point',(232.77418904,-18.200559215,164.596954346)) ;
#2913=CARTESIAN_POINT('Control Point',(233.407960182,-18.312310167,164.470593975)) ;
#2914=CARTESIAN_POINT('Control Point',(234.00910981,-18.4183090658,164.217748353)) ;
#2915=CARTESIAN_POINT('Control Point',(235.081383242,-18.6073798025,163.486334475)) ;
#2916=CARTESIAN_POINT('Control Point',(235.8016853,-18.7343884896,162.397519497)) ;
#2917=CARTESIAN_POINT('Control Point',(236.050689628,-18.778294671,161.787096167)) ;
#2918=CARTESIAN_POINT('Control Point',(236.299570974,-18.8221791673,160.5)) ;
#2919=CARTESIAN_POINT('Control Point',(236.050689628,-18.778294671,159.212903833)) ;
#2920=CARTESIAN_POINT('Control Point',(235.8016853,-18.7343884896,158.602480503)) ;
#2921=CARTESIAN_POINT('Control Point',(235.081383242,-18.6073798025,157.513665525)) ;
#2922=CARTESIAN_POINT('Control Point',(234.00910981,-18.4183090658,156.782251647)) ;
#2923=CARTESIAN_POINT('Control Point',(233.407960182,-18.312310167,156.529406025)) ;
#2924=CARTESIAN_POINT('Control Point',(232.77418904,-18.200559215,156.403045654)) ;
#2925=CARTESIAN_POINT('Control Point',(232.140417898,-18.088808263,156.403045654)) ;
#2926=CARTESIAN_POINT('Vertex',(232.140417898,-18.088808263,156.403045654)) ;
#2929=CARTESIAN_POINT('Line Origine',(226.201077692,-17.0415423371,156.403045654)) ;
#2933=CARTESIAN_POINT('Vertex',(222.292340368,-16.3523264864,156.403045654)) ;
#2937=CARTESIAN_POINT('Control Point',(222.292340368,-16.3523264864,156.403045654)) ;
#2938=CARTESIAN_POINT('Control Point',(221.658569225,-16.2405755344,156.403045654)) ;
#2939=CARTESIAN_POINT('Control Point',(221.024798083,-16.1288245824,156.529406025)) ;
#2940=CARTESIAN_POINT('Control Point',(220.423648456,-16.0228256836,156.782251647)) ;
#2941=CARTESIAN_POINT('Control Point',(219.351375024,-15.8337549469,157.513665525)) ;
#2942=CARTESIAN_POINT('Control Point',(218.631072966,-15.7067462598,158.602480503)) ;
#2943=CARTESIAN_POINT('Control Point',(218.382068637,-15.6628400784,159.212903833)) ;
#2944=CARTESIAN_POINT('Control Point',(218.133187292,-15.6189555821,160.5)) ;
#2945=CARTESIAN_POINT('Control Point',(218.382068637,-15.6628400784,161.787096167)) ;
#2946=CARTESIAN_POINT('Control Point',(218.631072966,-15.7067462598,162.397519497)) ;
#2947=CARTESIAN_POINT('Control Point',(219.351375024,-15.8337549469,163.486334475)) ;
#2948=CARTESIAN_POINT('Control Point',(220.423648456,-16.0228256836,164.217748353)) ;
#2949=CARTESIAN_POINT('Control Point',(221.024798083,-16.1288245824,164.470593975)) ;
#2950=CARTESIAN_POINT('Control Point',(221.658569225,-16.2405755344,164.596954346)) ;
#2951=CARTESIAN_POINT('Control Point',(222.292340368,-16.3523264864,164.596954346)) ;
#2960=CARTESIAN_POINT('Axis2P3D Location',(232.140417898,-18.088808263,160.5)) ;
#2965=CARTESIAN_POINT('Line Origine',(232.661362431,-15.134385004,156.403045654)) ;
#2977=CARTESIAN_POINT('Axis2P3D Location',(227.216379133,-17.2205673747,156.403045654)) ;
#2982=CARTESIAN_POINT('Line Origine',(222.813284901,-13.3979032273,156.403045654)) ;
#2994=CARTESIAN_POINT('Axis2P3D Location',(222.292340368,-16.3523264864,160.5)) ;
#3007=CARTESIAN_POINT('Control Point',(216.29872198,-9.20293018128,139.314653148)) ;
#3008=CARTESIAN_POINT('Control Point',(219.214925323,-9.71713551174,140.639162845)) ;
#3009=CARTESIAN_POINT('Control Point',(222.31521598,-10.2638004027,141.546405283)) ;
#3010=CARTESIAN_POINT('Control Point',(225.51012655,-10.8271493372,142.)) ;
#3011=CARTESIAN_POINT('Control Point',(228.704757745,-11.3904490102,142.)) ;
#3022=CARTESIAN_POINT('Axis2P3D Location',(206.533914496,-24.7433835624,93.)) ;
#3027=CARTESIAN_POINT('Line Origine',(202.771692919,-14.4067647337,93.)) ;
#3039=CARTESIAN_POINT('Axis2P3D Location',(190.174450724,-15.7992526092,179.)) ;
#3044=CARTESIAN_POINT('Line Origine',(178.603268959,-20.010818347,179.)) ;
#3048=CARTESIAN_POINT('Vertex',(179.629329389,-22.8298962094,179.)) ;
#3051=CARTESIAN_POINT('Line Origine',(191.200511154,-18.6183304716,179.)) ;
#3063=CARTESIAN_POINT('Axis2P3D Location',(177.05212086,-23.7679234013,12.)) ;
#3068=CARTESIAN_POINT('Line Origine',(179.629329389,-22.8298962094,93.)) ;
#3081=CARTESIAN_POINT('Axis2P3D Location',(171.866563539,-20.7188746184,179.)) ;
#3086=CARTESIAN_POINT('Line Origine',(171.866563539,-20.7188746184,179.)) ;
#3091=CARTESIAN_POINT('Axis2P3D Location',(173.814986952,-6.85512165602,179.)) ;
#3103=CARTESIAN_POINT('Axis2P3D Location',(40.4056220985,-6.15192935173E-015,26.8578016782)) ;
#3108=CARTESIAN_POINT('Line Origine',(44.811244197,-3.,25.7156033563)) ;
#3120=CARTESIAN_POINT('Axis2P3D Location',(10.,-1.48081571966E-015,95.6292973919)) ;
#3132=CARTESIAN_POINT('Axis2P3D Location',(10.,-1.51089257432E-015,38.)) ;
#3137=CARTESIAN_POINT('Line Origine',(10.,-3.,28.)) ;
#3149=CARTESIAN_POINT('Axis2P3D Location',(18.,-2.73568122024E-015,28.)) ;
#3162=CARTESIAN_POINT('Control Point',(46.3421483075,-6.10705124385,25.1022108003)) ;
#3163=CARTESIAN_POINT('Control Point',(47.1771869133,-0.165442831393,25.1022108003)) ;
#3164=CARTESIAN_POINT('Control Point',(46.037814252,-6.06427988166,25.2241493612)) ;
#3165=CARTESIAN_POINT('Control Point',(46.7068524638,-0.09934163528,25.2241493612)) ;
#3166=CARTESIAN_POINT('Control Point',(45.7320952678,-6.03215215399,25.3466428169)) ;
#3167=CARTESIAN_POINT('Control Point',(46.2343776701,-0.0496896925244,25.3466428169)) ;
#3168=CARTESIAN_POINT('Control Point',(45.4254524149,-6.01071737878,25.4695064703)) ;
#3169=CARTESIAN_POINT('Control Point',(45.7604750793,-0.0165632217426,25.4695064703)) ;
#3170=CARTESIAN_POINT('Control Point',(45.1183483051,-6.00000000001,25.592554909)) ;
#3171=CARTESIAN_POINT('Control Point',(45.2858596368,1.15463194561E-014,25.592554909)) ;
#3172=CARTESIAN_POINT('Control Point',(44.811244197,-6.00000000001,25.7156033563)) ;
#3173=CARTESIAN_POINT('Control Point',(44.811244197,5.3290705182E-014,25.7156033563)) ;
#3175=CARTESIAN_POINT('Control Point',(47.1771869133,-0.165442831393,25.1022108003)) ;
#3176=CARTESIAN_POINT('Control Point',(46.3421483075,-6.10705124384,25.1022108003)) ;
#3185=CARTESIAN_POINT('Axis2P3D Location',(82.0885934566,-5.07192104763,16.0511054001)) ;
#3190=CARTESIAN_POINT('Line Origine',(82.0885934566,-5.07192104763,16.0511054001)) ;
#3202=CARTESIAN_POINT('Axis2P3D Location',(162.381402154,-16.3563394026,17.)) ;
#3207=CARTESIAN_POINT('Axis2P3D Location',(162.381402154,-16.3563394026,17.)) ;
#3219=CARTESIAN_POINT('Axis2P3D Location',(173.814986952,-6.85512165602,93.)) ;
#3231=CARTESIAN_POINT('Axis2P3D Location',(109.313115575,-11.927560828,179.)) ;
#3236=CARTESIAN_POINT('Line Origine',(169.793549051,-17.3980487143,179.)) ;
#3240=CARTESIAN_POINT('Vertex',(167.30301526,-17.0480270165,179.)) ;
#3243=CARTESIAN_POINT('Line Origine',(166.885495957,-20.0188312227,179.)) ;
#3255=CARTESIAN_POINT('Axis2P3D Location',(167.30301526,-17.0480270165,169.)) ;
#3260=CARTESIAN_POINT('Axis2P3D Location',(167.30301526,-17.0480270165,169.)) ;
#3272=CARTESIAN_POINT('Line Origine',(47.7142428405,-0.24092111969,124.24951684)) ;
#3284=CARTESIAN_POINT('Axis2P3D Location',(20.6073775152,-13.5983683735,116.017038332)) ;
#3298=CARTESIAN_POINT('Axis2P3D Location',(46.,-6.66133814775E-015,12.)) ;
#3343=CARTESIAN_POINT('Axis2P3D Location',(84.5246417229,-40.7582503425,165.715254132)) ;
#3348=CARTESIAN_POINT('Line Origine',(62.0485390092,-37.5994401063,155.234475311)) ;
#3360=CARTESIAN_POINT('Axis2P3D Location',(6.47802742385,-29.7895140232,141.437665164)) ;
#3365=CARTESIAN_POINT('Line Origine',(4.94712331329,-40.6824627794,141.437665164)) ;
#3377=CARTESIAN_POINT('Axis2P3D Location',(6.47802742385,-29.7895140232,141.437665164)) ;
#3389=CARTESIAN_POINT('Axis2P3D Location',(60.1604202882,-48.4421856229,215.648628267)) ;
#3394=CARTESIAN_POINT('Line Origine',(-1.16096215844,-39.8240273487,187.053998023)) ;
#3426=CARTESIAN_POINT('Axis2P3D Location',(60.1604202882,-48.4421856229,215.648628267)) ;
#8=PRODUCT_RELATED_PRODUCT_CATEGORY('part',$,(#5)) ;
#29=STYLED_ITEM(' ',(#28),#21) ;
#28=PRESENTATION_STYLE_ASSIGNMENT((#27)) ;
#27=SURFACE_STYLE_USAGE(.BOTH.,#26) ;
#26=SURFACE_SIDE_STYLE(' ',(#25)) ;
#25=SURFACE_STYLE_FILL_AREA(#24) ;
#24=FILL_AREA_STYLE(' ',(#23)) ;
#23=FILL_AREA_STYLE_COLOUR(' ',#22) ;
#38=VECTOR('Line Direction',#37,1.) ;
#47=VECTOR('Line Direction',#46,1.) ;
#54=VECTOR('Line Direction',#53,1.) ;
#61=VECTOR('Line Direction',#60,1.) ;
#92=VECTOR('Line Direction',#91,1.) ;
#116=VECTOR('Line Direction',#115,1.) ;
#140=VECTOR('Line Direction',#139,1.) ;
#154=VECTOR('Line Direction',#153,1.) ;
#168=VECTOR('Line Direction',#167,1.) ;
#182=VECTOR('Line Direction',#181,1.) ;
#196=VECTOR('Line Direction',#195,1.) ;
#210=VECTOR('Line Direction',#209,1.) ;
#224=VECTOR('Line Direction',#223,1.) ;
#238=VECTOR('Line Direction',#237,1.) ;
#252=VECTOR('Line Direction',#251,1.) ;
#266=VECTOR('Line Direction',#265,1.) ;
#273=VECTOR('Line Direction',#272,1.) ;
#280=VECTOR('Line Direction',#279,1.) ;
#324=VECTOR('Line Direction',#323,1.) ;
#338=VECTOR('Line Direction',#337,1.) ;
#352=VECTOR('Line Direction',#351,1.) ;
#366=VECTOR('Line Direction',#365,1.) ;
#389=VECTOR('Line Direction',#388,1.) ;
#438=VECTOR('Line Direction',#437,1.) ;
#445=VECTOR('Line Direction',#444,1.) ;
#459=VECTOR('Line Direction',#458,1.) ;
#473=VECTOR('Line Direction',#472,1.) ;
#487=VECTOR('Line Direction',#486,1.) ;
#517=VECTOR('Line Direction',#516,1.) ;
#556=VECTOR('Line Direction',#555,1.) ;
#590=VECTOR('Line Direction',#589,1.) ;
#597=VECTOR('Line Direction',#596,1.) ;
#621=VECTOR('Line Direction',#620,1.) ;
#638=VECTOR('Line Direction',#637,1.) ;
#645=VECTOR('Line Direction',#644,1.) ;
#669=VECTOR('Line Direction',#668,1.) ;
#686=VECTOR('Line Direction',#685,1.) ;
#693=VECTOR('Line Direction',#692,1.) ;
#717=VECTOR('Line Direction',#716,1.) ;
#734=VECTOR('Line Direction',#733,1.) ;
#741=VECTOR('Line Direction',#740,1.) ;
#765=VECTOR('Line Direction',#764,1.) ;
#782=VECTOR('Line Direction',#781,1.) ;
#789=VECTOR('Line Direction',#788,1.) ;
#813=VECTOR('Line Direction',#812,1.) ;
#830=VECTOR('Line Direction',#829,1.) ;
#837=VECTOR('Line Direction',#836,1.) ;
#861=VECTOR('Line Direction',#860,1.) ;
#878=VECTOR('Line Direction',#877,1.) ;
#885=VECTOR('Line Direction',#884,1.) ;
#909=VECTOR('Line Direction',#908,1.) ;
#926=VECTOR('Line Direction',#925,1.) ;
#933=VECTOR('Line Direction',#932,1.) ;
#957=VECTOR('Line Direction',#956,1.) ;
#974=VECTOR('Line Direction',#973,1.) ;
#979=VECTOR('Line Direction',#978,1.) ;
#998=VECTOR('Line Direction',#997,1.) ;
#1005=VECTOR('Line Direction',#1004,1.) ;
#1012=VECTOR('Line Direction',#1011,1.) ;
#1035=VECTOR('Line Direction',#1034,1.) ;
#1048=VECTOR('Line Direction',#1047,1.) ;
#1065=VECTOR('Line Direction',#1064,1.) ;
#1072=VECTOR('Line Direction',#1071,1.) ;
#1079=VECTOR('Line Direction',#1078,1.) ;
#1301=VECTOR('Line Direction',#1300,1.) ;
#1306=VECTOR('Line Direction',#1305,1.) ;
#1323=VECTOR('Line Direction',#1322,1.) ;
#1330=VECTOR('Line Direction',#1329,1.) ;
#1337=VECTOR('Line Direction',#1336,1.) ;
#1354=VECTOR('Line Direction',#1353,1.) ;
#1363=VECTOR('Line Direction',#1362,1.) ;
#1368=VECTOR('Line Direction',#1367,1.) ;
#1385=VECTOR('Line Direction',#1384,1.) ;
#1418=VECTOR('Line Direction',#1417,1.) ;
#1432=VECTOR('Line Direction',#1431,1.) ;
#1444=VECTOR('Line Direction',#1443,1.) ;
#1468=VECTOR('Line Direction',#1467,1.) ;
#1504=VECTOR('Line Direction',#1503,1.) ;
#1511=VECTOR('Line Direction',#1510,1.) ;
#1535=VECTOR('Line Direction',#1534,1.) ;
#1554=VECTOR('Line Direction',#1553,1.) ;
#1590=VECTOR('Line Direction',#1589,1.) ;
#1604=VECTOR('Line Direction',#1603,1.) ;
#1621=VECTOR('Line Direction',#1620,1.) ;
#1640=VECTOR('Line Direction',#1639,1.) ;
#1676=VECTOR('Line Direction',#1675,1.) ;
#1690=VECTOR('Line Direction',#1689,1.) ;
#1707=VECTOR('Line Direction',#1706,1.) ;
#1726=VECTOR('Line Direction',#1725,1.) ;
#1878=VECTOR('Line Direction',#1877,1.) ;
#1895=VECTOR('Line Direction',#1894,1.) ;
#2016=VECTOR('Line Direction',#2015,1.) ;
#2030=VECTOR('Line Direction',#2029,1.) ;
#2047=VECTOR('Extrusion Surface Vector',#2046,1.) ;
#2060=VECTOR('Line Direction',#2059,1.) ;
#2086=VECTOR('Line Direction',#2085,1.) ;
#2093=VECTOR('Line Direction',#2092,1.) ;
#2110=VECTOR('Line Direction',#2109,1.) ;
#2125=VECTOR('Line Direction',#2124,1.) ;
#2142=VECTOR('Line Direction',#2141,1.) ;
#2149=VECTOR('Line Direction',#2148,1.) ;
#2173=VECTOR('Line Direction',#2172,1.) ;
#2182=VECTOR('Line Direction',#2181,1.) ;
#2187=VECTOR('Line Direction',#2186,1.) ;
#2204=VECTOR('Line Direction',#2203,1.) ;
#2211=VECTOR('Line Direction',#2210,1.) ;
#2242=VECTOR('Line Direction',#2241,1.) ;
#2254=VECTOR('Line Direction',#2253,1.) ;
#2290=VECTOR('Line Direction',#2289,1.) ;
#2297=VECTOR('Line Direction',#2296,1.) ;
#2328=VECTOR('Line Direction',#2327,1.) ;
#2340=VECTOR('Line Direction',#2339,1.) ;
#2376=VECTOR('Line Direction',#2375,1.) ;
#2389=VECTOR('Line Direction',#2388,1.) ;
#2407=VECTOR('Line Direction',#2406,1.) ;
#2414=VECTOR('Line Direction',#2413,1.) ;
#2431=VECTOR('Line Direction',#2430,1.) ;
#2501=VECTOR('Line Direction',#2500,1.) ;
#2556=VECTOR('Line Direction',#2555,1.) ;
#2570=VECTOR('Line Direction',#2569,1.) ;
#2587=VECTOR('Line Direction',#2586,1.) ;
#2604=VECTOR('Line Direction',#2603,1.) ;
#2621=VECTOR('Line Direction',#2620,1.) ;
#2672=VECTOR('Line Direction',#2671,1.) ;
#2698=VECTOR('Line Direction',#2697,1.) ;
#2715=VECTOR('Line Direction',#2714,1.) ;
#2722=VECTOR('Line Direction',#2721,1.) ;
#2739=VECTOR('Line Direction',#2738,1.) ;
#2746=VECTOR('Line Direction',#2745,1.) ;
#2770=VECTOR('Line Direction',#2769,1.) ;
#2787=VECTOR('Line Direction',#2786,1.) ;
#2794=VECTOR('Line Direction',#2793,1.) ;
#2818=VECTOR('Line Direction',#2817,1.) ;
#2835=VECTOR('Line Direction',#2834,1.) ;
#2842=VECTOR('Line Direction',#2841,1.) ;
#2859=VECTOR('Line Direction',#2858,1.) ;
#2866=VECTOR('Line Direction',#2865,1.) ;
#2873=VECTOR('Line Direction',#2872,1.) ;
#2890=VECTOR('Line Direction',#2889,1.) ;
#2931=VECTOR('Line Direction',#2930,1.) ;
#2967=VECTOR('Line Direction',#2966,1.) ;
#2984=VECTOR('Line Direction',#2983,1.) ;
#3013=VECTOR('Extrusion Surface Vector',#3012,1.) ;
#3029=VECTOR('Line Direction',#3028,1.) ;
#3046=VECTOR('Line Direction',#3045,1.) ;
#3053=VECTOR('Line Direction',#3052,1.) ;
#3070=VECTOR('Line Direction',#3069,1.) ;
#3088=VECTOR('Line Direction',#3087,1.) ;
#3110=VECTOR('Line Direction',#3109,1.) ;
#3139=VECTOR('Line Direction',#3138,1.) ;
#3192=VECTOR('Line Direction',#3191,1.) ;
#3238=VECTOR('Line Direction',#3237,1.) ;
#3245=VECTOR('Line Direction',#3244,1.) ;
#3274=VECTOR('Line Direction',#3273,1.) ;
#3350=VECTOR('Line Direction',#3349,1.) ;
#3367=VECTOR('Line Direction',#3366,1.) ;
#3396=VECTOR('Line Direction',#3395,1.) ;
#32=DIRECTION('Axis2P3D Direction',(0.17546280757,-0.0246596894351,0.984177170471)) ;
#33=DIRECTION('Axis2P3D XDirection',(0.974599225902,-0.136970988709,-0.177187181036)) ;
#37=DIRECTION('Vector Direction',(0.974599225902,-0.136970988709,-0.177187181036)) ;
#46=DIRECTION('Vector Direction',(0.13917310096,0.990268068742,0.)) ;
#53=DIRECTION('Vector Direction',(0.974599225902,-0.136970988709,-0.177187181036)) ;
#60=DIRECTION('Vector Direction',(0.13917310096,0.990268068742,0.)) ;
#72=DIRECTION('Axis2P3D Direction',(0.13917310096,0.990268068742,-1.66533453694E-016)) ;
#73=DIRECTION('Axis2P3D XDirection',(0.17546280757,-0.0246596894351,0.984177170471)) ;
#77=DIRECTION('Axis2P3D Direction',(0.13917310096,0.990268068742,-1.66533453694E-016)) ;
#84=DIRECTION('Axis2P3D Direction',(0.13917310096,0.990268068742,-1.66533453694E-016)) ;
#91=DIRECTION('Vector Direction',(0.13917310096,0.990268068742,0.)) ;
#103=DIRECTION('Axis2P3D Direction',(0.13917310096,0.990268068742,1.60635393875E-015)) ;
#104=DIRECTION('Axis2P3D XDirection',(-0.415151224075,0.0583456995592,0.907879529724)) ;
#108=DIRECTION('Axis2P3D Direction',(0.13917310096,0.990268068742,1.60635393875E-015)) ;
#115=DIRECTION('Vector Direction',(0.13917310096,0.990268068742,0.)) ;
#122=DIRECTION('Axis2P3D Direction',(0.13917310096,0.990268068742,1.60635393875E-015)) ;
#134=DIRECTION('Axis2P3D Direction',(0.13917310096,0.990268068742,2.08166817117E-017)) ;
#135=DIRECTION('Axis2P3D XDirection',(0.415151224075,-0.0583456995592,-0.907879529724)) ;
#139=DIRECTION('Vector Direction',(-0.89904410855,0.12635240945,-0.419231152836)) ;
#146=DIRECTION('Axis2P3D Direction',(0.13917310096,0.990268068742,2.08166817117E-017)) ;
#153=DIRECTION('Vector Direction',(0.34216393998,-0.0480880057298,0.938408963023)) ;
#160=DIRECTION('Axis2P3D Direction',(0.13917310096,0.990268068742,2.08166817117E-017)) ;
#167=DIRECTION('Vector Direction',(0.89904410855,-0.12635240945,0.419231152836)) ;
#174=DIRECTION('Axis2P3D Direction',(0.13917310096,0.990268068742,2.08166817117E-017)) ;
#181=DIRECTION('Vector Direction',(0.929276431503,-0.130601285353,-0.345526580913)) ;
#188=DIRECTION('Axis2P3D Direction',(0.13917310096,0.990268068742,2.08166817117E-017)) ;
#195=DIRECTION('Vector Direction',(-0.415151224075,0.0583456995592,0.907879529724)) ;
#202=DIRECTION('Axis2P3D Direction',(0.13917310096,0.990268068742,2.08166817117E-017)) ;
#209=DIRECTION('Vector Direction',(-0.34216393998,0.0480880057299,-0.938408963023)) ;
#216=DIRECTION('Axis2P3D Direction',(0.13917310096,0.990268068742,2.08166817117E-017)) ;
#223=DIRECTION('Vector Direction',(-0.89904410855,0.12635240945,-0.419231152836)) ;
#230=DIRECTION('Axis2P3D Direction',(0.13917310096,0.990268068742,2.08166817117E-017)) ;
#237=DIRECTION('Vector Direction',(-0.929276431503,0.130601285353,0.345526580913)) ;
#244=DIRECTION('Axis2P3D Direction',(0.13917310096,0.990268068742,2.08166817117E-017)) ;
#251=DIRECTION('Vector Direction',(0.89904410855,-0.12635240945,0.419231152836)) ;
#258=DIRECTION('Axis2P3D Direction',(0.13917310096,0.990268068742,2.08166817117E-017)) ;
#265=DIRECTION('Vector Direction',(0.415151224075,-0.0583456995592,-0.907879529724)) ;
#272=DIRECTION('Vector Direction',(-0.89904410855,0.12635240945,-0.419231152836)) ;
#279=DIRECTION('Vector Direction',(0.415151224075,-0.0583456995592,-0.907879529724)) ;
#311=DIRECTION('Axis2P3D Direction',(-0.89904410855,0.12635240945,-0.419231152836)) ;
#312=DIRECTION('Axis2P3D XDirection',(-0.415151224075,0.0583456995592,0.907879529724)) ;
#316=DIRECTION('Axis2P3D Direction',(-0.89904410855,0.12635240945,-0.419231152836)) ;
#323=DIRECTION('Vector Direction',(0.13917310096,0.990268068742,0.)) ;
#330=DIRECTION('Axis2P3D Direction',(-0.89904410855,0.12635240945,-0.419231152836)) ;
#337=DIRECTION('Vector Direction',(0.13917310096,0.990268068742,0.)) ;
#344=DIRECTION('Axis2P3D Direction',(-0.89904410855,0.12635240945,-0.419231152836)) ;
#351=DIRECTION('Vector Direction',(0.13917310096,0.990268068742,0.)) ;
#358=DIRECTION('Axis2P3D Direction',(-0.89904410855,0.12635240945,-0.419231152836)) ;
#365=DIRECTION('Vector Direction',(0.415151224075,-0.0583456995592,-0.907879529724)) ;
#383=DIRECTION('Axis2P3D Direction',(0.13917310096,0.990268068742,-9.78384040451E-016)) ;
#384=DIRECTION('Axis2P3D XDirection',(0.415151224075,-0.0583456995592,-0.907879529724)) ;
#388=DIRECTION('Vector Direction',(0.13917310096,0.990268068742,-7.80816193143E-016)) ;
#397=DIRECTION('Axis2P3D Direction',(0.13917310096,0.990268068742,-9.78384040451E-016)) ;
#418=DIRECTION('Axis2P3D Direction',(0.13917310096,0.990268068742,-9.78384040451E-016)) ;
#432=DIRECTION('Axis2P3D Direction',(0.89904410855,-0.12635240945,0.419231152836)) ;
#433=DIRECTION('Axis2P3D XDirection',(0.415151224075,-0.0583456995592,-0.907879529724)) ;
#437=DIRECTION('Vector Direction',(0.13917310096,0.990268068742,0.)) ;
#444=DIRECTION('Vector Direction',(0.415151224075,-0.0583456995592,-0.907879529724)) ;
#451=DIRECTION('Axis2P3D Direction',(0.89904410855,-0.12635240945,0.419231152836)) ;
#458=DIRECTION('Vector Direction',(0.13917310096,0.990268068742,0.)) ;
#465=DIRECTION('Axis2P3D Direction',(0.89904410855,-0.12635240945,0.419231152836)) ;
#472=DIRECTION('Vector Direction',(0.13917310096,0.990268068742,0.)) ;
#479=DIRECTION('Axis2P3D Direction',(0.89904410855,-0.12635240945,0.419231152836)) ;
#486=DIRECTION('Vector Direction',(0.13917310096,0.990268068742,0.)) ;
#493=DIRECTION('Axis2P3D Direction',(0.89904410855,-0.12635240945,0.419231152836)) ;
#511=DIRECTION('Axis2P3D Direction',(0.13917310096,0.990268068742,1.73472347598E-016)) ;
#512=DIRECTION('Axis2P3D XDirection',(-0.415151224075,0.0583456995592,0.907879529724)) ;
#516=DIRECTION('Vector Direction',(0.13917310096,0.990268068742,0.)) ;
#523=DIRECTION('Axis2P3D Direction',(0.13917310096,0.990268068742,1.73472347598E-016)) ;
#535=DIRECTION('Axis2P3D Direction',(0.13917310096,0.990268068742,9.02056207508E-017)) ;
#536=DIRECTION('Axis2P3D XDirection',(0.89904410855,-0.12635240945,0.419231152836)) ;
#548=DIRECTION('Axis2P3D Direction',(0.13917310096,0.990268068742,9.02056207508E-017)) ;
#555=DIRECTION('Vector Direction',(0.13917310096,0.990268068742,0.)) ;
#562=DIRECTION('Axis2P3D Direction',(0.13917310096,0.990268068742,9.02056207508E-017)) ;
#584=DIRECTION('Axis2P3D Direction',(-0.415151224075,0.0583456995592,0.907879529724)) ;
#585=DIRECTION('Axis2P3D XDirection',(0.89904410855,-0.12635240945,0.419231152836)) ;
#589=DIRECTION('Vector Direction',(0.13917310096,0.990268068742,0.)) ;
#596=DIRECTION('Vector Direction',(0.89904410855,-0.12635240945,0.419231152836)) ;
#608=DIRECTION('Axis2P3D Direction',(-0.13917310096,-0.990268068742,-2.08166817117E-017)) ;
#609=DIRECTION('Axis2P3D XDirection',(-0.34216393998,0.0480880057298,-0.938408963023)) ;
#613=DIRECTION('Axis2P3D Direction',(-0.13917310096,-0.990268068742,-2.08166817117E-017)) ;
#620=DIRECTION('Vector Direction',(-0.13917310096,-0.990268068742,0.)) ;
#632=DIRECTION('Axis2P3D Direction',(-0.34216393998,0.0480880057298,-0.938408963023)) ;
#633=DIRECTION('Axis2P3D XDirection',(-0.929276431503,0.130601285353,0.345526580913)) ;
#637=DIRECTION('Vector Direction',(-0.929276431503,0.130601285353,0.345526580913)) ;
#644=DIRECTION('Vector Direction',(0.13917310096,0.990268068742,0.)) ;
#656=DIRECTION('Axis2P3D Direction',(-0.13917310096,-0.990268068742,-2.08166817117E-017)) ;
#657=DIRECTION('Axis2P3D XDirection',(0.34216393998,-0.0480880057298,0.938408963023)) ;
#661=DIRECTION('Axis2P3D Direction',(-0.13917310096,-0.990268068742,-2.08166817117E-017)) ;
#668=DIRECTION('Vector Direction',(-0.13917310096,-0.990268068742,0.)) ;
#680=DIRECTION('Axis2P3D Direction',(0.415151224075,-0.0583456995592,-0.907879529724)) ;
#681=DIRECTION('Axis2P3D XDirection',(-0.89904410855,0.12635240945,-0.419231152836)) ;
#685=DIRECTION('Vector Direction',(-0.89904410855,0.12635240945,-0.419231152836)) ;
#692=DIRECTION('Vector Direction',(0.13917310096,0.990268068742,0.)) ;
#704=DIRECTION('Axis2P3D Direction',(-0.13917310096,-0.990268068742,-2.08166817117E-017)) ;
#705=DIRECTION('Axis2P3D XDirection',(-0.415151224075,0.0583456995592,0.907879529724)) ;
#709=DIRECTION('Axis2P3D Direction',(-0.13917310096,-0.990268068742,-2.08166817117E-017)) ;
#716=DIRECTION('Vector Direction',(-0.13917310096,-0.990268068742,0.)) ;
#728=DIRECTION('Axis2P3D Direction',(0.929276431503,-0.130601285353,-0.345526580913)) ;
#729=DIRECTION('Axis2P3D XDirection',(-0.34216393998,0.0480880057298,-0.938408963023)) ;
#733=DIRECTION('Vector Direction',(-0.34216393998,0.0480880057298,-0.938408963023)) ;
#740=DIRECTION('Vector Direction',(0.13917310096,0.990268068742,0.)) ;
#752=DIRECTION('Axis2P3D Direction',(-0.13917310096,-0.990268068742,-2.08166817117E-017)) ;
#753=DIRECTION('Axis2P3D XDirection',(-0.89904410855,0.12635240945,-0.419231152836)) ;
#757=DIRECTION('Axis2P3D Direction',(-0.13917310096,-0.990268068742,-2.08166817117E-017)) ;
#764=DIRECTION('Vector Direction',(-0.13917310096,-0.990268068742,0.)) ;
#776=DIRECTION('Axis2P3D Direction',(-0.89904410855,0.12635240945,-0.419231152836)) ;
#777=DIRECTION('Axis2P3D XDirection',(-0.415151224075,0.0583456995592,0.907879529724)) ;
#781=DIRECTION('Vector Direction',(-0.415151224075,0.0583456995592,0.907879529724)) ;
#788=DIRECTION('Vector Direction',(0.13917310096,0.990268068742,0.)) ;
#800=DIRECTION('Axis2P3D Direction',(-0.13917310096,-0.990268068742,-2.08166817117E-017)) ;
#801=DIRECTION('Axis2P3D XDirection',(0.34216393998,-0.0480880057298,0.938408963023)) ;
#805=DIRECTION('Axis2P3D Direction',(-0.13917310096,-0.990268068742,-2.08166817117E-017)) ;
#812=DIRECTION('Vector Direction',(-0.13917310096,-0.990268068742,0.)) ;
#824=DIRECTION('Axis2P3D Direction',(0.34216393998,-0.0480880057298,0.938408963023)) ;
#825=DIRECTION('Axis2P3D XDirection',(0.929276431503,-0.130601285353,-0.345526580913)) ;
#829=DIRECTION('Vector Direction',(0.929276431503,-0.130601285353,-0.345526580913)) ;
#836=DIRECTION('Vector Direction',(0.13917310096,0.990268068742,0.)) ;
#848=DIRECTION('Axis2P3D Direction',(-0.13917310096,-0.990268068742,-2.08166817117E-017)) ;
#849=DIRECTION('Axis2P3D XDirection',(-0.34216393998,0.0480880057298,-0.938408963023)) ;
#853=DIRECTION('Axis2P3D Direction',(-0.13917310096,-0.990268068742,-2.08166817117E-017)) ;
#860=DIRECTION('Vector Direction',(-0.13917310096,-0.990268068742,0.)) ;
#872=DIRECTION('Axis2P3D Direction',(-0.415151224075,0.0583456995592,0.907879529724)) ;
#873=DIRECTION('Axis2P3D XDirection',(0.89904410855,-0.12635240945,0.419231152836)) ;
#877=DIRECTION('Vector Direction',(0.89904410855,-0.12635240945,0.419231152836)) ;
#884=DIRECTION('Vector Direction',(0.13917310096,0.990268068742,0.)) ;
#896=DIRECTION('Axis2P3D Direction',(-0.13917310096,-0.990268068742,-2.08166817117E-017)) ;
#897=DIRECTION('Axis2P3D XDirection',(0.415151224075,-0.0583456995592,-0.907879529724)) ;
#901=DIRECTION('Axis2P3D Direction',(-0.13917310096,-0.990268068742,-2.08166817117E-017)) ;
#908=DIRECTION('Vector Direction',(-0.13917310096,-0.990268068742,0.)) ;
#920=DIRECTION('Axis2P3D Direction',(-0.929276431503,0.130601285353,0.345526580913)) ;
#921=DIRECTION('Axis2P3D XDirection',(0.34216393998,-0.0480880057298,0.938408963023)) ;
#925=DIRECTION('Vector Direction',(0.34216393998,-0.0480880057298,0.938408963023)) ;
#932=DIRECTION('Vector Direction',(0.13917310096,0.990268068742,0.)) ;
#944=DIRECTION('Axis2P3D Direction',(-0.13917310096,-0.990268068742,-2.08166817117E-017)) ;
#945=DIRECTION('Axis2P3D XDirection',(-0.415151224075,0.0583456995592,0.907879529724)) ;
#949=DIRECTION('Axis2P3D Direction',(-0.13917310096,-0.990268068742,-2.08166817117E-017)) ;
#956=DIRECTION('Vector Direction',(-0.13917310096,-0.990268068742,0.)) ;
#968=DIRECTION('Axis2P3D Direction',(0.89904410855,-0.12635240945,0.419231152836)) ;
#969=DIRECTION('Axis2P3D XDirection',(0.13917310096,0.990268068742,3.73890953873E-016)) ;
#973=DIRECTION('Vector Direction',(0.89904410855,-0.12635240945,0.419231152836)) ;
#978=DIRECTION('Vector Direction',(0.89904410855,-0.12635240945,0.419231152836)) ;
#992=DIRECTION('Axis2P3D Direction',(-0.415151224075,0.0583456995592,0.907879529724)) ;
#993=DIRECTION('Axis2P3D XDirection',(0.909752417501,0.0266251434188,0.41429656116)) ;
#997=DIRECTION('Vector Direction',(0.89904410855,-0.12635240945,0.419231152836)) ;
#1004=DIRECTION('Vector Direction',(-0.13917310096,-0.990268068742,0.)) ;
#1011=DIRECTION('Vector Direction',(0.89904410855,-0.12635240945,0.419231152836)) ;
#1023=DIRECTION('Axis2P3D Direction',(0.13917310096,0.990268068742,-5.16823041899E-019)) ;
#1024=DIRECTION('Axis2P3D XDirection',(0.990268068742,-0.13917310096,7.26347417019E-020)) ;
#1034=DIRECTION('Vector Direction',(0.,0.,-1.)) ;
#1047=DIRECTION('Vector Direction',(0.990268068742,-0.13917310096,0.)) ;
#1064=DIRECTION('Vector Direction',(0.,0.,-1.)) ;
#1071=DIRECTION('Vector Direction',(0.,0.,-1.)) ;
#1078=DIRECTION('Vector Direction',(0.990268068742,-0.13917310096,0.)) ;
#1295=DIRECTION('Axis2P3D Direction',(-0.415151224075,0.0583456995592,0.907879529724)) ;
#1296=DIRECTION('Axis2P3D XDirection',(0.13917310096,0.990268068742,1.77783632437E-017)) ;
#1300=DIRECTION('Vector Direction',(-0.89904410855,0.12635240945,-0.419231152836)) ;
#1305=DIRECTION('Vector Direction',(-0.89904410855,0.12635240945,-0.419231152836)) ;
#1317=DIRECTION('Axis2P3D Direction',(-0.990268068742,0.13917310096,-7.26347417019E-020)) ;
#1318=DIRECTION('Axis2P3D XDirection',(0.13917310096,0.990268068742,-5.16823041899E-019)) ;
#1322=DIRECTION('Vector Direction',(-0.13917310096,-0.990268068742,0.)) ;
#1329=DIRECTION('Vector Direction',(-0.13917310096,-0.990268068742,0.)) ;
#1336=DIRECTION('Vector Direction',(0.,0.,1.)) ;
#1348=DIRECTION('Axis2P3D Direction',(-8.42594350669E-035,-5.21902157822E-019,-1.)) ;
#1349=DIRECTION('Axis2P3D XDirection',(1.,-4.39751809783E-053,-8.42594350669E-035)) ;
#1353=DIRECTION('Vector Direction',(0.990268068742,-0.13917310096,0.)) ;
#1362=DIRECTION('Vector Direction',(-0.13917310096,-0.990268068742,0.)) ;
#1367=DIRECTION('Vector Direction',(-0.13917310096,-0.990268068742,0.)) ;
#1379=DIRECTION('Axis2P3D Direction',(0.,0.,-1.)) ;
#1380=DIRECTION('Axis2P3D XDirection',(-0.0697564737441,-0.99756405026,-0.)) ;
#1384=DIRECTION('Vector Direction',(0.,0.,-1.)) ;
#1412=DIRECTION('Axis2P3D Direction',(0.13917310096,0.990268068742,-5.16823041899E-019)) ;
#1413=DIRECTION('Axis2P3D XDirection',(-0.990268068742,0.13917310096,-5.45160783286E-015)) ;
#1417=DIRECTION('Vector Direction',(0.13917310096,0.990268068742,0.)) ;
#1424=DIRECTION('Axis2P3D Direction',(0.13917310096,0.990268068742,-5.16823041899E-019)) ;
#1431=DIRECTION('Vector Direction',(0.13917310096,0.990268068742,0.)) ;
#1443=DIRECTION('Vector Direction',(0.13917310096,0.990268068742,0.)) ;
#1450=DIRECTION('Axis2P3D Direction',(0.13917310096,0.990268068742,-5.16823041899E-019)) ;
#1462=DIRECTION('Axis2P3D Direction',(0.13917310096,0.990268068742,-5.16823041899E-019)) ;
#1463=DIRECTION('Axis2P3D XDirection',(0.990268068742,-0.13917310096,-5.78022214468E-015)) ;
#1467=DIRECTION('Vector Direction',(0.13917310096,0.990268068742,0.)) ;
#1474=DIRECTION('Axis2P3D Direction',(0.13917310096,0.990268068742,-5.16823041899E-019)) ;
#1486=DIRECTION('Axis2P3D Direction',(0.13917310096,0.990268068742,-5.16823041899E-019)) ;
#1498=DIRECTION('Axis2P3D Direction',(0.13917310096,0.990268068742,-5.16823041899E-019)) ;
#1499=DIRECTION('Axis2P3D XDirection',(-0.990268068742,0.13917310096,3.21551895194E-016)) ;
#1503=DIRECTION('Vector Direction',(0.13917310096,0.990268068742,0.)) ;
#1510=DIRECTION('Vector Direction',(0.13917310096,0.990268068742,0.)) ;
#1517=DIRECTION('Axis2P3D Direction',(0.13917310096,0.990268068742,-5.16823041899E-019)) ;
#1529=DIRECTION('Axis2P3D Direction',(0.13917310096,0.990268068742,-5.16823041899E-019)) ;
#1530=DIRECTION('Axis2P3D XDirection',(0.990268068742,-0.13917310096,-5.78022214468E-015)) ;
#1534=DIRECTION('Vector Direction',(0.13917310096,0.990268068742,0.)) ;
#1541=DIRECTION('Axis2P3D Direction',(0.13917310096,0.990268068742,-5.16823041899E-019)) ;
#1553=DIRECTION('Vector Direction',(0.13917310096,0.990268068742,0.)) ;
#1560=DIRECTION('Axis2P3D Direction',(0.13917310096,0.990268068742,-5.16823041899E-019)) ;
#1572=DIRECTION('Axis2P3D Direction',(0.13917310096,0.990268068742,-5.16823041899E-019)) ;
#1584=DIRECTION('Axis2P3D Direction',(0.13917310096,0.990268068742,-5.16823041899E-019)) ;
#1585=DIRECTION('Axis2P3D XDirection',(0.990268068742,-0.13917310096,-6.14149056839E-015)) ;
#1589=DIRECTION('Vector Direction',(0.13917310096,0.990268068742,0.)) ;
#1596=DIRECTION('Axis2P3D Direction',(0.13917310096,0.990268068742,-5.16823041899E-019)) ;
#1603=DIRECTION('Vector Direction',(0.13917310096,0.990268068742,0.)) ;
#1615=DIRECTION('Axis2P3D Direction',(0.13917310096,0.990268068742,-5.16823041899E-019)) ;
#1616=DIRECTION('Axis2P3D XDirection',(-0.990268068742,0.13917310096,-6.78387546241E-015)) ;
#1620=DIRECTION('Vector Direction',(0.13917310096,0.990268068742,0.)) ;
#1627=DIRECTION('Axis2P3D Direction',(0.13917310096,0.990268068742,-5.16823041899E-019)) ;
#1639=DIRECTION('Vector Direction',(0.13917310096,0.990268068742,0.)) ;
#1646=DIRECTION('Axis2P3D Direction',(0.13917310096,0.990268068742,-5.16823041899E-019)) ;
#1658=DIRECTION('Axis2P3D Direction',(0.13917310096,0.990268068742,-5.16823041899E-019)) ;
#1670=DIRECTION('Axis2P3D Direction',(0.13917310096,0.990268068742,-5.16823041899E-019)) ;
#1671=DIRECTION('Axis2P3D XDirection',(0.990268068742,-0.13917310096,-5.78022214468E-015)) ;
#1675=DIRECTION('Vector Direction',(0.13917310096,0.990268068742,0.)) ;
#1682=DIRECTION('Axis2P3D Direction',(0.13917310096,0.990268068742,-5.16823041899E-019)) ;
#1689=DIRECTION('Vector Direction',(0.13917310096,0.990268068742,0.)) ;
#1701=DIRECTION('Axis2P3D Direction',(0.13917310096,0.990268068742,-5.16823041899E-019)) ;
#1702=DIRECTION('Axis2P3D XDirection',(-0.990268068742,0.13917310096,-1.74420164988E-014)) ;
#1706=DIRECTION('Vector Direction',(0.13917310096,0.990268068742,0.)) ;
#1713=DIRECTION('Axis2P3D Direction',(0.13917310096,0.990268068742,-5.16823041899E-019)) ;
#1725=DIRECTION('Vector Direction',(0.13917310096,0.990268068742,0.)) ;
#1732=DIRECTION('Axis2P3D Direction',(0.13917310096,0.990268068742,-5.16823041899E-019)) ;
#1744=DIRECTION('Axis2P3D Direction',(0.13917310096,0.990268068742,-5.16823041899E-019)) ;
#1850=DIRECTION('Axis2P3D Direction',(1.52446203043E-016,1.,-5.21902157822E-019)) ;
#1851=DIRECTION('Axis2P3D XDirection',(1.,-1.52446203043E-016,0.)) ;
#1877=DIRECTION('Vector Direction',(0.,0.,-1.)) ;
#1894=DIRECTION('Vector Direction',(1.,-1.5856349193E-016,0.)) ;
#2010=DIRECTION('Axis2P3D Direction',(-0.,0.,-1.)) ;
#2011=DIRECTION('Axis2P3D XDirection',(-0.104528463268,0.994521895368,0.)) ;
#2015=DIRECTION('Vector Direction',(0.,0.,-1.)) ;
#2022=DIRECTION('Axis2P3D Direction',(-0.,0.,-1.)) ;
#2029=DIRECTION('Vector Direction',(0.,0.,-1.)) ;
#2046=DIRECTION('Vector Direction',(-0.342020143326,0.939692620786,-4.90427606478E-019)) ;
#2059=DIRECTION('Vector Direction',(-0.342020143326,0.939692620786,0.)) ;
#2080=DIRECTION('Axis2P3D Direction',(0.422618261741,-6.48995533285E-017,-0.906307787037)) ;
#2081=DIRECTION('Axis2P3D XDirection',(0.906307787037,3.02631587279E-017,0.422618261741)) ;
#2085=DIRECTION('Vector Direction',(-0.906307787037,5.55184045882E-017,-0.422618261741)) ;
#2092=DIRECTION('Vector Direction',(0.,-1.,0.)) ;
#2104=DIRECTION('Axis2P3D Direction',(0.,0.,-1.)) ;
#2105=DIRECTION('Axis2P3D XDirection',(-0.0697564737441,-0.99756405026,-0.)) ;
#2109=DIRECTION('Vector Direction',(0.,0.,-1.)) ;
#2124=DIRECTION('Vector Direction',(0.,0.,-1.)) ;
#2136=DIRECTION('Axis2P3D Direction',(1.52446203043E-016,1.,-5.21902157822E-019)) ;
#2137=DIRECTION('Axis2P3D XDirection',(-0.126497236796,1.87663137482E-017,-0.991966959673)) ;
#2141=DIRECTION('Vector Direction',(0.,1.,0.)) ;
#2148=DIRECTION('Vector Direction',(0.,1.,0.)) ;
#2155=DIRECTION('Axis2P3D Direction',(1.52446203043E-016,1.,-5.21902157822E-019)) ;
#2167=DIRECTION('Axis2P3D Direction',(-1.,1.52446203043E-016,0.)) ;
#2168=DIRECTION('Axis2P3D XDirection',(1.52446203043E-016,1.,0.)) ;
#2172=DIRECTION('Vector Direction',(0.,0.,-1.)) ;
#2181=DIRECTION('Vector Direction',(-1.52446203043E-016,-1.,0.)) ;
#2186=DIRECTION('Vector Direction',(-1.52446203043E-016,-1.,0.)) ;
#2198=DIRECTION('Axis2P3D Direction',(1.52446203043E-016,1.,-5.21902157822E-019)) ;
#2199=DIRECTION('Axis2P3D XDirection',(2.83276944882E-016,-5.21902157822E-019,-1.)) ;
#2203=DIRECTION('Vector Direction',(2.22044604925E-016,1.,0.)) ;
#2210=DIRECTION('Vector Direction',(2.22044604925E-016,1.,0.)) ;
#2217=DIRECTION('Axis2P3D Direction',(1.52446203043E-016,1.,-5.21902157822E-019)) ;
#2229=DIRECTION('Axis2P3D Direction',(1.52446203043E-016,1.,-5.21902157822E-019)) ;
#2230=DIRECTION('Axis2P3D XDirection',(6.12323399574E-017,5.21902157822E-019,1.)) ;
#2234=DIRECTION('Axis2P3D Direction',(1.52446203043E-016,1.,-5.21902157822E-019)) ;
#2241=DIRECTION('Vector Direction',(2.22044604925E-016,1.,0.)) ;
#2253=DIRECTION('Vector Direction',(0.,1.,0.)) ;
#2260=DIRECTION('Axis2P3D Direction',(1.52446203043E-016,1.,-5.21902157822E-019)) ;
#2272=DIRECTION('Axis2P3D Direction',(1.52446203043E-016,1.,-5.21902157822E-019)) ;
#2284=DIRECTION('Axis2P3D Direction',(1.52446203043E-016,1.,-5.21902157822E-019)) ;
#2285=DIRECTION('Axis2P3D XDirection',(2.83276944882E-016,-5.21902157822E-019,-1.)) ;
#2289=DIRECTION('Vector Direction',(2.22044604925E-016,1.,0.)) ;
#2296=DIRECTION('Vector Direction',(2.22044604925E-016,1.,0.)) ;
#2303=DIRECTION('Axis2P3D Direction',(1.52446203043E-016,1.,-5.21902157822E-019)) ;
#2315=DIRECTION('Axis2P3D Direction',(1.52446203043E-016,1.,-5.21902157822E-019)) ;
#2316=DIRECTION('Axis2P3D XDirection',(6.12323399574E-017,5.21902157822E-019,1.)) ;
#2320=DIRECTION('Axis2P3D Direction',(1.52446203043E-016,1.,-5.21902157822E-019)) ;
#2327=DIRECTION('Vector Direction',(2.22044604925E-016,1.,0.)) ;
#2339=DIRECTION('Vector Direction',(0.,1.,0.)) ;
#2346=DIRECTION('Axis2P3D Direction',(1.52446203043E-016,1.,-5.21902157822E-019)) ;
#2358=DIRECTION('Axis2P3D Direction',(1.52446203043E-016,1.,-5.21902157822E-019)) ;
#2370=DIRECTION('Axis2P3D Direction',(-0.342020143326,0.939692620786,-4.90427606478E-019)) ;
#2371=DIRECTION('Axis2P3D XDirection',(0.939692620786,0.342020143326,-1.7850105082E-019)) ;
#2375=DIRECTION('Vector Direction',(0.,0.,-1.)) ;
#2388=DIRECTION('Vector Direction',(0.939692620786,0.342020143326,0.)) ;
#2401=DIRECTION('Axis2P3D Direction',(0.368868320439,0.134257089004,-0.919734307411)) ;
#2402=DIRECTION('Axis2P3D XDirection',(0.929481663174,-0.0532804345582,0.365000045365)) ;
#2406=DIRECTION('Vector Direction',(0.342020143326,-0.939692620786,-4.73695157173E-015)) ;
#2413=DIRECTION('Vector Direction',(0.864267541758,0.314567659642,0.392541467582)) ;
#2425=DIRECTION('Axis2P3D Direction',(1.52446203043E-016,1.,-5.21902157822E-019)) ;
#2426=DIRECTION('Axis2P3D XDirection',(1.,-1.52446203043E-016,0.)) ;
#2430=DIRECTION('Vector Direction',(1.,-1.52446203043E-016,0.)) ;
#2480=DIRECTION('Axis2P3D Direction',(0.,0.,-1.)) ;
#2481=DIRECTION('Axis2P3D XDirection',(0.0871557427477,-0.996194698092,-0.)) ;
#2493=DIRECTION('Axis2P3D Direction',(0.,0.,-1.)) ;
#2500=DIRECTION('Vector Direction',(0.,0.,-1.)) ;
#2550=DIRECTION('Axis2P3D Direction',(0.,0.,-1.)) ;
#2551=DIRECTION('Axis2P3D XDirection',(0.97629600712,0.216439613938,0.)) ;
#2555=DIRECTION('Vector Direction',(-0.342020143326,0.939692620786,0.)) ;
#2562=DIRECTION('Axis2P3D Direction',(0.,0.,-1.)) ;
#2569=DIRECTION('Vector Direction',(0.173648177667,0.984807753012,0.)) ;
#2581=DIRECTION('Axis2P3D Direction',(0.173648177667,0.984807753012,-5.13973291337E-019)) ;
#2582=DIRECTION('Axis2P3D XDirection',(0.984807753012,-0.173648177667,9.06273586263E-020)) ;
#2586=DIRECTION('Vector Direction',(0.984807753012,-0.173648177667,0.)) ;
#2603=DIRECTION('Vector Direction',(0.,0.,-1.)) ;
#2620=DIRECTION('Vector Direction',(0.984807753012,-0.173648177667,0.)) ;
#2671=DIRECTION('Vector Direction',(0.984807753012,-0.173648177667,0.)) ;
#2697=DIRECTION('Vector Direction',(0.984807753012,-0.173648177667,0.)) ;
#2709=DIRECTION('Axis2P3D Direction',(-0.402103017298,0.0709016109739,0.912845071763)) ;
#2710=DIRECTION('Axis2P3D XDirection',(0.915594431766,0.0311379697328,0.400895576629)) ;
#2714=DIRECTION('Vector Direction',(-0.173648177667,-0.984807753012,4.73695157173E-015)) ;
#2721=DIRECTION('Vector Direction',(0.898976903971,-0.158513883204,0.408306104484)) ;
#2733=DIRECTION('Axis2P3D Direction',(-7.22223729145E-035,-5.21902157822E-019,-1.)) ;
#2734=DIRECTION('Axis2P3D XDirection',(1.,-3.76930122671E-053,-7.22223729145E-035)) ;
#2738=DIRECTION('Vector Direction',(0.984807753012,-0.173648177667,0.)) ;
#2745=DIRECTION('Vector Direction',(-0.173648177667,-0.984807753012,0.)) ;
#2757=DIRECTION('Axis2P3D Direction',(0.173648177667,0.984807753012,-5.13973291337E-019)) ;
#2758=DIRECTION('Axis2P3D XDirection',(-0.69636424032,0.122787803969,-0.707106781187)) ;
#2762=DIRECTION('Axis2P3D Direction',(0.173648177667,0.984807753012,-5.13973291337E-019)) ;
#2769=DIRECTION('Vector Direction',(0.173648177667,0.984807753012,0.)) ;
#2781=DIRECTION('Axis2P3D Direction',(-0.984807753012,0.173648177667,-9.06273586263E-020)) ;
#2782=DIRECTION('Axis2P3D XDirection',(0.173648177667,0.984807753012,-5.13973291337E-019)) ;
#2786=DIRECTION('Vector Direction',(0.,0.,-1.)) ;
#2793=DIRECTION('Vector Direction',(-0.173648177667,-0.984807753012,0.)) ;
#2805=DIRECTION('Axis2P3D Direction',(0.173648177667,0.984807753012,-5.13973291337E-019)) ;
#2806=DIRECTION('Axis2P3D XDirection',(-0.69636424032,0.122787803969,0.707106781187)) ;
#2810=DIRECTION('Axis2P3D Direction',(0.173648177667,0.984807753012,-5.13973291337E-019)) ;
#2817=DIRECTION('Vector Direction',(0.173648177667,0.984807753012,0.)) ;
#2829=DIRECTION('Axis2P3D Direction',(-7.22223729145E-035,-5.21902157822E-019,-1.)) ;
#2830=DIRECTION('Axis2P3D XDirection',(1.,-3.76930122671E-053,-7.22223729145E-035)) ;
#2834=DIRECTION('Vector Direction',(-0.984807753012,0.173648177667,0.)) ;
#2841=DIRECTION('Vector Direction',(-0.173648177667,-0.984807753012,0.)) ;
#2853=DIRECTION('Axis2P3D Direction',(-7.22223729145E-035,-5.21902157822E-019,-1.)) ;
#2854=DIRECTION('Axis2P3D XDirection',(1.,-3.76930122671E-053,-7.22223729145E-035)) ;
#2858=DIRECTION('Vector Direction',(-0.173648177667,-0.984807753012,0.)) ;
#2865=DIRECTION('Vector Direction',(-0.984807753012,0.173648177667,0.)) ;
#2872=DIRECTION('Vector Direction',(-0.173648177667,-0.984807753012,0.)) ;
#2884=DIRECTION('Axis2P3D Direction',(0.173648177667,0.984807753012,-5.13973291337E-019)) ;
#2885=DIRECTION('Axis2P3D XDirection',(0.984807753012,-0.173648177667,9.06273586263E-020)) ;
#2889=DIRECTION('Vector Direction',(0.,0.,-1.)) ;
#2930=DIRECTION('Vector Direction',(0.984807753012,-0.173648177667,0.)) ;
#2961=DIRECTION('Axis2P3D Direction',(0.173648177667,0.984807753012,-5.13973291337E-019)) ;
#2962=DIRECTION('Axis2P3D XDirection',(-0.984807753012,0.173648177667,1.22374052556E-016)) ;
#2966=DIRECTION('Vector Direction',(0.173648177667,0.984807753012,0.)) ;
#2978=DIRECTION('Axis2P3D Direction',(7.22223729145E-035,5.21902157822E-019,1.)) ;
#2979=DIRECTION('Axis2P3D XDirection',(1.,-3.76930122671E-053,-7.22223729145E-035)) ;
#2983=DIRECTION('Vector Direction',(-0.173648177667,-0.984807753012,0.)) ;
#2995=DIRECTION('Axis2P3D Direction',(0.173648177667,0.984807753012,-5.13973291337E-019)) ;
#2996=DIRECTION('Axis2P3D XDirection',(0.984807753012,-0.173648177667,-4.33489219891E-016)) ;
#3012=DIRECTION('Vector Direction',(0.173648177667,0.984807753012,-5.13973291337E-019)) ;
#3023=DIRECTION('Axis2P3D Direction',(0.,0.,-1.)) ;
#3024=DIRECTION('Axis2P3D XDirection',(0.0871557427477,-0.996194698092,-0.)) ;
#3028=DIRECTION('Vector Direction',(0.,0.,-1.)) ;
#3040=DIRECTION('Axis2P3D Direction',(-4.81482486097E-035,-5.21902157822E-019,-1.)) ;
#3041=DIRECTION('Axis2P3D XDirection',(1.,-2.51286748448E-053,-4.81482486097E-035)) ;
#3045=DIRECTION('Vector Direction',(-0.342020143326,0.939692620786,0.)) ;
#3052=DIRECTION('Vector Direction',(-0.939692620786,-0.342020143326,0.)) ;
#3064=DIRECTION('Axis2P3D Direction',(-0.342020143326,0.939692620786,-4.90427606478E-019)) ;
#3065=DIRECTION('Axis2P3D XDirection',(0.939692620786,0.342020143326,-1.7850105082E-019)) ;
#3069=DIRECTION('Vector Direction',(0.,0.,-1.)) ;
#3082=DIRECTION('Axis2P3D Direction',(-0.,0.,1.)) ;
#3083=DIRECTION('Axis2P3D XDirection',(0.999847695156,-0.0174524064373,0.)) ;
#3087=DIRECTION('Vector Direction',(-0.13917310096,-0.990268068742,0.)) ;
#3092=DIRECTION('Axis2P3D Direction',(-0.,0.,1.)) ;
#3104=DIRECTION('Axis2P3D Direction',(-0.250962158784,3.7753028544E-017,-0.967996898166)) ;
#3105=DIRECTION('Axis2P3D XDirection',(0.967996898166,9.78782221512E-018,-0.250962158784)) ;
#3109=DIRECTION('Vector Direction',(0.,-1.,0.)) ;
#3121=DIRECTION('Axis2P3D Direction',(1.52446203043E-016,1.,-5.21902157822E-019)) ;
#3122=DIRECTION('Axis2P3D XDirection',(0.843391445813,-1.28852241418E-016,-0.537299608347)) ;
#3133=DIRECTION('Axis2P3D Direction',(1.52446203043E-016,1.,-5.21902157822E-019)) ;
#3134=DIRECTION('Axis2P3D XDirection',(0.707106781187,-1.07426703383E-016,0.707106781187)) ;
#3138=DIRECTION('Vector Direction',(2.22044604925E-016,1.,0.)) ;
#3150=DIRECTION('Axis2P3D Direction',(-7.95620023197E-035,-5.21902157822E-019,-1.)) ;
#3151=DIRECTION('Axis2P3D XDirection',(1.,-4.15235806913E-053,-7.95620023197E-035)) ;
#3186=DIRECTION('Axis2P3D Direction',(0.246251482493,-0.0346083888963,0.968587872517)) ;
#3187=DIRECTION('Axis2P3D XDirection',(0.969205967465,0.00879314341688,-0.246094439716)) ;
#3191=DIRECTION('Vector Direction',(-0.959161641924,0.134801377771,0.248671536795)) ;
#3203=DIRECTION('Axis2P3D Direction',(0.13917310096,0.990268068742,-5.16823041899E-019)) ;
#3204=DIRECTION('Axis2P3D XDirection',(-0.7002252666,0.0984102434476,0.707106781187)) ;
#3208=DIRECTION('Axis2P3D Direction',(0.13917310096,0.990268068742,-5.16823041899E-019)) ;
#3220=DIRECTION('Axis2P3D Direction',(-0.,0.,-1.)) ;
#3221=DIRECTION('Axis2P3D XDirection',(-0.104528463268,0.994521895368,0.)) ;
#3232=DIRECTION('Axis2P3D Direction',(-8.42594350669E-035,-5.21902157822E-019,-1.)) ;
#3233=DIRECTION('Axis2P3D XDirection',(1.,-4.39751809783E-053,-8.42594350669E-035)) ;
#3237=DIRECTION('Vector Direction',(0.990268068742,-0.13917310096,0.)) ;
#3244=DIRECTION('Vector Direction',(-0.13917310096,-0.990268068742,0.)) ;
#3256=DIRECTION('Axis2P3D Direction',(0.13917310096,0.990268068742,-5.16823041899E-019)) ;
#3257=DIRECTION('Axis2P3D XDirection',(0.212527850977,-0.0298688415739,-0.976698400153)) ;
#3261=DIRECTION('Axis2P3D Direction',(0.13917310096,0.990268068742,-5.16823041899E-019)) ;
#3273=DIRECTION('Vector Direction',(0.89904410855,-0.12635240945,0.419231152836)) ;
#3285=DIRECTION('Axis2P3D Direction',(0.89904410855,-0.12635240945,0.419231152836)) ;
#3286=DIRECTION('Axis2P3D XDirection',(0.13917310096,0.990268068742,-2.04587988774E-016)) ;
#3299=DIRECTION('Axis2P3D Direction',(0.13917310096,0.990268068742,-5.16823041899E-019)) ;
#3300=DIRECTION('Axis2P3D XDirection',(0.990268068742,-0.13917310096,7.26347417019E-020)) ;
#3344=DIRECTION('Axis2P3D Direction',(-0.415151224075,0.0583456995592,0.907879529724)) ;
#3345=DIRECTION('Axis2P3D XDirection',(0.13917310096,0.990268068742,1.77783632437E-017)) ;
#3349=DIRECTION('Vector Direction',(-0.89904410855,0.12635240945,-0.419231152836)) ;
#3361=DIRECTION('Axis2P3D Direction',(0.89904410855,-0.12635240945,0.419231152836)) ;
#3362=DIRECTION('Axis2P3D XDirection',(-0.13917310096,-0.990268068742,4.96584315759E-016)) ;
#3366=DIRECTION('Vector Direction',(0.89904410855,-0.12635240945,0.419231152836)) ;
#3378=DIRECTION('Axis2P3D Direction',(0.89904410855,-0.12635240945,0.419231152836)) ;
#3379=DIRECTION('Axis2P3D XDirection',(-0.13917310096,-0.990268068742,-2.3256722052E-015)) ;
#3390=DIRECTION('Axis2P3D Direction',(0.13917310096,0.990268068742,2.08166817117E-017)) ;
#3391=DIRECTION('Axis2P3D XDirection',(0.415151224075,-0.0583456995592,-0.907879529724)) ;
#3395=DIRECTION('Vector Direction',(-0.89904410855,0.12635240945,-0.419231152836)) ;
#3427=DIRECTION('Axis2P3D Direction',(0.415151224075,-0.0583456995592,-0.907879529724)) ;
#3428=DIRECTION('Axis2P3D XDirection',(-0.13917310096,-0.990268068742,-4.31835972851E-015)) ;
#15=UNCERTAINTY_MEASURE_WITH_UNIT(LENGTH_MEASURE(0.005),#12,'distance_accuracy_value','CONFUSED CURVE UNCERTAINTY') ;
#18=AXIS2_PLACEMENT_3D(' ',#17,$,$) ;
#34=AXIS2_PLACEMENT_3D('Plane Axis2P3D',#31,#32,#33) ;
#74=AXIS2_PLACEMENT_3D('Cylinder Axis2P3D',#71,#72,#73) ;
#78=AXIS2_PLACEMENT_3D('Circle Axis2P3D',#76,#77,$) ;
#85=AXIS2_PLACEMENT_3D('Circle Axis2P3D',#83,#84,$) ;
#105=AXIS2_PLACEMENT_3D('Cylinder Axis2P3D',#102,#103,#104) ;
#109=AXIS2_PLACEMENT_3D('Circle Axis2P3D',#107,#108,$) ;
#123=AXIS2_PLACEMENT_3D('Circle Axis2P3D',#121,#122,$) ;
#136=AXIS2_PLACEMENT_3D('Plane Axis2P3D',#133,#134,#135) ;
#147=AXIS2_PLACEMENT_3D('Circle Axis2P3D',#145,#146,$) ;
#161=AXIS2_PLACEMENT_3D('Circle Axis2P3D',#159,#160,$) ;
#175=AXIS2_PLACEMENT_3D('Circle Axis2P3D',#173,#174,$) ;
#189=AXIS2_PLACEMENT_3D('Circle Axis2P3D',#187,#188,$) ;
#203=AXIS2_PLACEMENT_3D('Circle Axis2P3D',#201,#202,$) ;
#217=AXIS2_PLACEMENT_3D('Circle Axis2P3D',#215,#216,$) ;
#231=AXIS2_PLACEMENT_3D('Circle Axis2P3D',#229,#230,$) ;
#245=AXIS2_PLACEMENT_3D('Circle Axis2P3D',#243,#244,$) ;
#259=AXIS2_PLACEMENT_3D('Circle Axis2P3D',#257,#258,$) ;
#313=AXIS2_PLACEMENT_3D('Plane Axis2P3D',#310,#311,#312) ;
#317=AXIS2_PLACEMENT_3D('Circle Axis2P3D',#315,#316,$) ;
#331=AXIS2_PLACEMENT_3D('Circle Axis2P3D',#329,#330,$) ;
#345=AXIS2_PLACEMENT_3D('Circle Axis2P3D',#343,#344,$) ;
#359=AXIS2_PLACEMENT_3D('Circle Axis2P3D',#357,#358,$) ;
#385=AXIS2_PLACEMENT_3D('Cylinder Axis2P3D',#382,#383,#384) ;
#398=AXIS2_PLACEMENT_3D('Circle Axis2P3D',#396,#397,$) ;
#419=AXIS2_PLACEMENT_3D('Circle Axis2P3D',#417,#418,$) ;
#434=AXIS2_PLACEMENT_3D('Plane Axis2P3D',#431,#432,#433) ;
#452=AXIS2_PLACEMENT_3D('Circle Axis2P3D',#450,#451,$) ;
#466=AXIS2_PLACEMENT_3D('Circle Axis2P3D',#464,#465,$) ;
#480=AXIS2_PLACEMENT_3D('Circle Axis2P3D',#478,#479,$) ;
#494=AXIS2_PLACEMENT_3D('Circle Axis2P3D',#492,#493,$) ;
#513=AXIS2_PLACEMENT_3D('Cylinder Axis2P3D',#510,#511,#512) ;
#524=AXIS2_PLACEMENT_3D('Circle Axis2P3D',#522,#523,$) ;
#537=AXIS2_PLACEMENT_3D('Cylinder Axis2P3D',#534,#535,#536) ;
#549=AXIS2_PLACEMENT_3D('Circle Axis2P3D',#547,#548,$) ;
#563=AXIS2_PLACEMENT_3D('Circle Axis2P3D',#561,#562,$) ;
#586=AXIS2_PLACEMENT_3D('Plane Axis2P3D',#583,#584,#585) ;
#610=AXIS2_PLACEMENT_3D('Cylinder Axis2P3D',#607,#608,#609) ;
#614=AXIS2_PLACEMENT_3D('Circle Axis2P3D',#612,#613,$) ;
#634=AXIS2_PLACEMENT_3D('Plane Axis2P3D',#631,#632,#633) ;
#658=AXIS2_PLACEMENT_3D('Cylinder Axis2P3D',#655,#656,#657) ;
#662=AXIS2_PLACEMENT_3D('Circle Axis2P3D',#660,#661,$) ;
#682=AXIS2_PLACEMENT_3D('Plane Axis2P3D',#679,#680,#681) ;
#706=AXIS2_PLACEMENT_3D('Cylinder Axis2P3D',#703,#704,#705) ;
#710=AXIS2_PLACEMENT_3D('Circle Axis2P3D',#708,#709,$) ;
#730=AXIS2_PLACEMENT_3D('Plane Axis2P3D',#727,#728,#729) ;
#754=AXIS2_PLACEMENT_3D('Cylinder Axis2P3D',#751,#752,#753) ;
#758=AXIS2_PLACEMENT_3D('Circle Axis2P3D',#756,#757,$) ;
#778=AXIS2_PLACEMENT_3D('Plane Axis2P3D',#775,#776,#777) ;
#802=AXIS2_PLACEMENT_3D('Cylinder Axis2P3D',#799,#800,#801) ;
#806=AXIS2_PLACEMENT_3D('Circle Axis2P3D',#804,#805,$) ;
#826=AXIS2_PLACEMENT_3D('Plane Axis2P3D',#823,#824,#825) ;
#850=AXIS2_PLACEMENT_3D('Cylinder Axis2P3D',#847,#848,#849) ;
#854=AXIS2_PLACEMENT_3D('Circle Axis2P3D',#852,#853,$) ;
#874=AXIS2_PLACEMENT_3D('Plane Axis2P3D',#871,#872,#873) ;
#898=AXIS2_PLACEMENT_3D('Cylinder Axis2P3D',#895,#896,#897) ;
#902=AXIS2_PLACEMENT_3D('Circle Axis2P3D',#900,#901,$) ;
#922=AXIS2_PLACEMENT_3D('Plane Axis2P3D',#919,#920,#921) ;
#946=AXIS2_PLACEMENT_3D('Cylinder Axis2P3D',#943,#944,#945) ;
#950=AXIS2_PLACEMENT_3D('Circle Axis2P3D',#948,#949,$) ;
#970=AXIS2_PLACEMENT_3D('Cylinder Axis2P3D',#967,#968,#969) ;
#994=AXIS2_PLACEMENT_3D('Plane Axis2P3D',#991,#992,#993) ;
#1025=AXIS2_PLACEMENT_3D('Plane Axis2P3D',#1022,#1023,#1024) ;
#1297=AXIS2_PLACEMENT_3D('Plane Axis2P3D',#1294,#1295,#1296) ;
#1319=AXIS2_PLACEMENT_3D('Plane Axis2P3D',#1316,#1317,#1318) ;
#1350=AXIS2_PLACEMENT_3D('Plane Axis2P3D',#1347,#1348,#1349) ;
#1381=AXIS2_PLACEMENT_3D('Cylinder Axis2P3D',#1378,#1379,#1380) ;
#1414=AXIS2_PLACEMENT_3D('Cylinder Axis2P3D',#1411,#1412,#1413) ;
#1425=AXIS2_PLACEMENT_3D('Circle Axis2P3D',#1423,#1424,$) ;
#1451=AXIS2_PLACEMENT_3D('Circle Axis2P3D',#1449,#1450,$) ;
#1464=AXIS2_PLACEMENT_3D('Cylinder Axis2P3D',#1461,#1462,#1463) ;
#1475=AXIS2_PLACEMENT_3D('Circle Axis2P3D',#1473,#1474,$) ;
#1487=AXIS2_PLACEMENT_3D('Circle Axis2P3D',#1485,#1486,$) ;
#1500=AXIS2_PLACEMENT_3D('Cylinder Axis2P3D',#1497,#1498,#1499) ;
#1518=AXIS2_PLACEMENT_3D('Circle Axis2P3D',#1516,#1517,$) ;
#1531=AXIS2_PLACEMENT_3D('Cylinder Axis2P3D',#1528,#1529,#1530) ;
#1542=AXIS2_PLACEMENT_3D('Circle Axis2P3D',#1540,#1541,$) ;
#1561=AXIS2_PLACEMENT_3D('Circle Axis2P3D',#1559,#1560,$) ;
#1573=AXIS2_PLACEMENT_3D('Circle Axis2P3D',#1571,#1572,$) ;
#1586=AXIS2_PLACEMENT_3D('Cylinder Axis2P3D',#1583,#1584,#1585) ;
#1597=AXIS2_PLACEMENT_3D('Circle Axis2P3D',#1595,#1596,$) ;
#1617=AXIS2_PLACEMENT_3D('Cylinder Axis2P3D',#1614,#1615,#1616) ;
#1628=AXIS2_PLACEMENT_3D('Circle Axis2P3D',#1626,#1627,$) ;
#1647=AXIS2_PLACEMENT_3D('Circle Axis2P3D',#1645,#1646,$) ;
#1659=AXIS2_PLACEMENT_3D('Circle Axis2P3D',#1657,#1658,$) ;
#1672=AXIS2_PLACEMENT_3D('Cylinder Axis2P3D',#1669,#1670,#1671) ;
#1683=AXIS2_PLACEMENT_3D('Circle Axis2P3D',#1681,#1682,$) ;
#1703=AXIS2_PLACEMENT_3D('Cylinder Axis2P3D',#1700,#1701,#1702) ;
#1714=AXIS2_PLACEMENT_3D('Circle Axis2P3D',#1712,#1713,$) ;
#1733=AXIS2_PLACEMENT_3D('Circle Axis2P3D',#1731,#1732,$) ;
#1745=AXIS2_PLACEMENT_3D('Circle Axis2P3D',#1743,#1744,$) ;
#1852=AXIS2_PLACEMENT_3D('Plane Axis2P3D',#1849,#1850,#1851) ;
#2012=AXIS2_PLACEMENT_3D('Cylinder Axis2P3D',#2009,#2010,#2011) ;
#2023=AXIS2_PLACEMENT_3D('Circle Axis2P3D',#2021,#2022,$) ;
#2082=AXIS2_PLACEMENT_3D('Plane Axis2P3D',#2079,#2080,#2081) ;
#2106=AXIS2_PLACEMENT_3D('Cylinder Axis2P3D',#2103,#2104,#2105) ;
#2138=AXIS2_PLACEMENT_3D('Cylinder Axis2P3D',#2135,#2136,#2137) ;
#2156=AXIS2_PLACEMENT_3D('Circle Axis2P3D',#2154,#2155,$) ;
#2169=AXIS2_PLACEMENT_3D('Plane Axis2P3D',#2166,#2167,#2168) ;
#2200=AXIS2_PLACEMENT_3D('Cylinder Axis2P3D',#2197,#2198,#2199) ;
#2218=AXIS2_PLACEMENT_3D('Circle Axis2P3D',#2216,#2217,$) ;
#2231=AXIS2_PLACEMENT_3D('Cylinder Axis2P3D',#2228,#2229,#2230) ;
#2235=AXIS2_PLACEMENT_3D('Circle Axis2P3D',#2233,#2234,$) ;
#2261=AXIS2_PLACEMENT_3D('Circle Axis2P3D',#2259,#2260,$) ;
#2273=AXIS2_PLACEMENT_3D('Circle Axis2P3D',#2271,#2272,$) ;
#2286=AXIS2_PLACEMENT_3D('Cylinder Axis2P3D',#2283,#2284,#2285) ;
#2304=AXIS2_PLACEMENT_3D('Circle Axis2P3D',#2302,#2303,$) ;
#2317=AXIS2_PLACEMENT_3D('Cylinder Axis2P3D',#2314,#2315,#2316) ;
#2321=AXIS2_PLACEMENT_3D('Circle Axis2P3D',#2319,#2320,$) ;
#2347=AXIS2_PLACEMENT_3D('Circle Axis2P3D',#2345,#2346,$) ;
#2359=AXIS2_PLACEMENT_3D('Circle Axis2P3D',#2357,#2358,$) ;
#2372=AXIS2_PLACEMENT_3D('Plane Axis2P3D',#2369,#2370,#2371) ;
#2403=AXIS2_PLACEMENT_3D('Plane Axis2P3D',#2400,#2401,#2402) ;
#2427=AXIS2_PLACEMENT_3D('Plane Axis2P3D',#2424,#2425,#2426) ;
#2482=AXIS2_PLACEMENT_3D('Cylinder Axis2P3D',#2479,#2480,#2481) ;
#2494=AXIS2_PLACEMENT_3D('Circle Axis2P3D',#2492,#2493,$) ;
#2552=AXIS2_PLACEMENT_3D('Plane Axis2P3D',#2549,#2550,#2551) ;
#2563=AXIS2_PLACEMENT_3D('Circle Axis2P3D',#2561,#2562,$) ;
#2583=AXIS2_PLACEMENT_3D('Plane Axis2P3D',#2580,#2581,#2582) ;
#2711=AXIS2_PLACEMENT_3D('Plane Axis2P3D',#2708,#2709,#2710) ;
#2735=AXIS2_PLACEMENT_3D('Plane Axis2P3D',#2732,#2733,#2734) ;
#2759=AXIS2_PLACEMENT_3D('Cylinder Axis2P3D',#2756,#2757,#2758) ;
#2763=AXIS2_PLACEMENT_3D('Circle Axis2P3D',#2761,#2762,$) ;
#2783=AXIS2_PLACEMENT_3D('Plane Axis2P3D',#2780,#2781,#2782) ;
#2807=AXIS2_PLACEMENT_3D('Cylinder Axis2P3D',#2804,#2805,#2806) ;
#2811=AXIS2_PLACEMENT_3D('Circle Axis2P3D',#2809,#2810,$) ;
#2831=AXIS2_PLACEMENT_3D('Plane Axis2P3D',#2828,#2829,#2830) ;
#2855=AXIS2_PLACEMENT_3D('Plane Axis2P3D',#2852,#2853,#2854) ;
#2886=AXIS2_PLACEMENT_3D('Plane Axis2P3D',#2883,#2884,#2885) ;
#2963=AXIS2_PLACEMENT_3D('Cylinder Axis2P3D',#2960,#2961,#2962) ;
#2980=AXIS2_PLACEMENT_3D('Plane Axis2P3D',#2977,#2978,#2979) ;
#2997=AXIS2_PLACEMENT_3D('Cylinder Axis2P3D',#2994,#2995,#2996) ;
#3025=AXIS2_PLACEMENT_3D('Cylinder Axis2P3D',#3022,#3023,#3024) ;
#3042=AXIS2_PLACEMENT_3D('Plane Axis2P3D',#3039,#3040,#3041) ;
#3066=AXIS2_PLACEMENT_3D('Plane Axis2P3D',#3063,#3064,#3065) ;
#3084=AXIS2_PLACEMENT_3D('Plane Axis2P3D',#3081,#3082,#3083) ;
#3093=AXIS2_PLACEMENT_3D('Circle Axis2P3D',#3091,#3092,$) ;
#3106=AXIS2_PLACEMENT_3D('Plane Axis2P3D',#3103,#3104,#3105) ;
#3123=AXIS2_PLACEMENT_3D('Cylinder Axis2P3D',#3120,#3121,#3122) ;
#3135=AXIS2_PLACEMENT_3D('Cylinder Axis2P3D',#3132,#3133,#3134) ;
#3152=AXIS2_PLACEMENT_3D('Plane Axis2P3D',#3149,#3150,#3151) ;
#3188=AXIS2_PLACEMENT_3D('Plane Axis2P3D',#3185,#3186,#3187) ;
#3205=AXIS2_PLACEMENT_3D('Cylinder Axis2P3D',#3202,#3203,#3204) ;
#3209=AXIS2_PLACEMENT_3D('Circle Axis2P3D',#3207,#3208,$) ;
#3222=AXIS2_PLACEMENT_3D('Cylinder Axis2P3D',#3219,#3220,#3221) ;
#3234=AXIS2_PLACEMENT_3D('Plane Axis2P3D',#3231,#3232,#3233) ;
#3258=AXIS2_PLACEMENT_3D('Cylinder Axis2P3D',#3255,#3256,#3257) ;
#3262=AXIS2_PLACEMENT_3D('Circle Axis2P3D',#3260,#3261,$) ;
#3287=AXIS2_PLACEMENT_3D('Cylinder Axis2P3D',#3284,#3285,#3286) ;
#3301=AXIS2_PLACEMENT_3D('Plane Axis2P3D',#3298,#3299,#3300) ;
#3346=AXIS2_PLACEMENT_3D('Plane Axis2P3D',#3343,#3344,#3345) ;
#3363=AXIS2_PLACEMENT_3D('Cylinder Axis2P3D',#3360,#3361,#3362) ;
#3380=AXIS2_PLACEMENT_3D('Cylinder Axis2P3D',#3377,#3378,#3379) ;
#3392=AXIS2_PLACEMENT_3D('Plane Axis2P3D',#3389,#3390,#3391) ;
#3429=AXIS2_PLACEMENT_3D('Plane Axis2P3D',#3426,#3427,#3428) ;
#39=LINE('Line',#36,#38) ;
#48=LINE('Line',#45,#47) ;
#55=LINE('Line',#52,#54) ;
#62=LINE('Line',#59,#61) ;
#93=LINE('Line',#90,#92) ;
#117=LINE('Line',#114,#116) ;
#141=LINE('Line',#138,#140) ;
#155=LINE('Line',#152,#154) ;
#169=LINE('Line',#166,#168) ;
#183=LINE('Line',#180,#182) ;
#197=LINE('Line',#194,#196) ;
#211=LINE('Line',#208,#210) ;
#225=LINE('Line',#222,#224) ;
#239=LINE('Line',#236,#238) ;
#253=LINE('Line',#250,#252) ;
#267=LINE('Line',#264,#266) ;
#274=LINE('Line',#271,#273) ;
#281=LINE('Line',#278,#280) ;
#325=LINE('Line',#322,#324) ;
#339=LINE('Line',#336,#338) ;
#353=LINE('Line',#350,#352) ;
#367=LINE('Line',#364,#366) ;
#390=LINE('Line',#387,#389) ;
#439=LINE('Line',#436,#438) ;
#446=LINE('Line',#443,#445) ;
#460=LINE('Line',#457,#459) ;
#474=LINE('Line',#471,#473) ;
#488=LINE('Line',#485,#487) ;
#518=LINE('Line',#515,#517) ;
#557=LINE('Line',#554,#556) ;
#591=LINE('Line',#588,#590) ;
#598=LINE('Line',#595,#597) ;
#622=LINE('Line',#619,#621) ;
#639=LINE('Line',#636,#638) ;
#646=LINE('Line',#643,#645) ;
#670=LINE('Line',#667,#669) ;
#687=LINE('Line',#684,#686) ;
#694=LINE('Line',#691,#693) ;
#718=LINE('Line',#715,#717) ;
#735=LINE('Line',#732,#734) ;
#742=LINE('Line',#739,#741) ;
#766=LINE('Line',#763,#765) ;
#783=LINE('Line',#780,#782) ;
#790=LINE('Line',#787,#789) ;
#814=LINE('Line',#811,#813) ;
#831=LINE('Line',#828,#830) ;
#838=LINE('Line',#835,#837) ;
#862=LINE('Line',#859,#861) ;
#879=LINE('Line',#876,#878) ;
#886=LINE('Line',#883,#885) ;
#910=LINE('Line',#907,#909) ;
#927=LINE('Line',#924,#926) ;
#934=LINE('Line',#931,#933) ;
#958=LINE('Line',#955,#957) ;
#975=LINE('Line',#972,#974) ;
#980=LINE('Line',#977,#979) ;
#999=LINE('Line',#996,#998) ;
#1006=LINE('Line',#1003,#1005) ;
#1013=LINE('Line',#1010,#1012) ;
#1036=LINE('Line',#1033,#1035) ;
#1049=LINE('Line',#1046,#1048) ;
#1066=LINE('Line',#1063,#1065) ;
#1073=LINE('Line',#1070,#1072) ;
#1080=LINE('Line',#1077,#1079) ;
#1302=LINE('Line',#1299,#1301) ;
#1307=LINE('Line',#1304,#1306) ;
#1324=LINE('Line',#1321,#1323) ;
#1331=LINE('Line',#1328,#1330) ;
#1338=LINE('Line',#1335,#1337) ;
#1355=LINE('Line',#1352,#1354) ;
#1364=LINE('Line',#1361,#1363) ;
#1369=LINE('Line',#1366,#1368) ;
#1386=LINE('Line',#1383,#1385) ;
#1419=LINE('Line',#1416,#1418) ;
#1433=LINE('Line',#1430,#1432) ;
#1445=LINE('Line',#1442,#1444) ;
#1469=LINE('Line',#1466,#1468) ;
#1505=LINE('Line',#1502,#1504) ;
#1512=LINE('Line',#1509,#1511) ;
#1536=LINE('Line',#1533,#1535) ;
#1555=LINE('Line',#1552,#1554) ;
#1591=LINE('Line',#1588,#1590) ;
#1605=LINE('Line',#1602,#1604) ;
#1622=LINE('Line',#1619,#1621) ;
#1641=LINE('Line',#1638,#1640) ;
#1677=LINE('Line',#1674,#1676) ;
#1691=LINE('Line',#1688,#1690) ;
#1708=LINE('Line',#1705,#1707) ;
#1727=LINE('Line',#1724,#1726) ;
#1879=LINE('Line',#1876,#1878) ;
#1896=LINE('Line',#1893,#1895) ;
#2017=LINE('Line',#2014,#2016) ;
#2031=LINE('Line',#2028,#2030) ;
#2061=LINE('Line',#2058,#2060) ;
#2087=LINE('Line',#2084,#2086) ;
#2094=LINE('Line',#2091,#2093) ;
#2111=LINE('Line',#2108,#2110) ;
#2126=LINE('Line',#2123,#2125) ;
#2143=LINE('Line',#2140,#2142) ;
#2150=LINE('Line',#2147,#2149) ;
#2174=LINE('Line',#2171,#2173) ;
#2183=LINE('Line',#2180,#2182) ;
#2188=LINE('Line',#2185,#2187) ;
#2205=LINE('Line',#2202,#2204) ;
#2212=LINE('Line',#2209,#2211) ;
#2243=LINE('Line',#2240,#2242) ;
#2255=LINE('Line',#2252,#2254) ;
#2291=LINE('Line',#2288,#2290) ;
#2298=LINE('Line',#2295,#2297) ;
#2329=LINE('Line',#2326,#2328) ;
#2341=LINE('Line',#2338,#2340) ;
#2377=LINE('Line',#2374,#2376) ;
#2390=LINE('Line',#2387,#2389) ;
#2408=LINE('Line',#2405,#2407) ;
#2415=LINE('Line',#2412,#2414) ;
#2432=LINE('Line',#2429,#2431) ;
#2502=LINE('Line',#2499,#2501) ;
#2557=LINE('Line',#2554,#2556) ;
#2571=LINE('Line',#2568,#2570) ;
#2588=LINE('Line',#2585,#2587) ;
#2605=LINE('Line',#2602,#2604) ;
#2622=LINE('Line',#2619,#2621) ;
#2673=LINE('Line',#2670,#2672) ;
#2699=LINE('Line',#2696,#2698) ;
#2716=LINE('Line',#2713,#2715) ;
#2723=LINE('Line',#2720,#2722) ;
#2740=LINE('Line',#2737,#2739) ;
#2747=LINE('Line',#2744,#2746) ;
#2771=LINE('Line',#2768,#2770) ;
#2788=LINE('Line',#2785,#2787) ;
#2795=LINE('Line',#2792,#2794) ;
#2819=LINE('Line',#2816,#2818) ;
#2836=LINE('Line',#2833,#2835) ;
#2843=LINE('Line',#2840,#2842) ;
#2860=LINE('Line',#2857,#2859) ;
#2867=LINE('Line',#2864,#2866) ;
#2874=LINE('Line',#2871,#2873) ;
#2891=LINE('Line',#2888,#2890) ;
#2932=LINE('Line',#2929,#2931) ;
#2968=LINE('Line',#2965,#2967) ;
#2985=LINE('Line',#2982,#2984) ;
#3030=LINE('Line',#3027,#3029) ;
#3047=LINE('Line',#3044,#3046) ;
#3054=LINE('Line',#3051,#3053) ;
#3071=LINE('Line',#3068,#3070) ;
#3089=LINE('Line',#3086,#3088) ;
#3111=LINE('Line',#3108,#3110) ;
#3140=LINE('Line',#3137,#3139) ;
#3193=LINE('Line',#3190,#3192) ;
#3239=LINE('Line',#3236,#3238) ;
#3246=LINE('Line',#3243,#3245) ;
#3275=LINE('Line',#3272,#3274) ;
#3351=LINE('Line',#3348,#3350) ;
#3368=LINE('Line',#3365,#3367) ;
#3397=LINE('Line',#3394,#3396) ;
#79=CIRCLE('generated circle',#78,15.) ;
#86=CIRCLE('generated circle',#85,15.) ;
#110=CIRCLE('generated circle',#109,15.) ;
#124=CIRCLE('generated circle',#123,15.) ;
#148=CIRCLE('generated circle',#147,2.) ;
#162=CIRCLE('generated circle',#161,2.) ;
#176=CIRCLE('generated circle',#175,2.) ;
#190=CIRCLE('generated circle',#189,2.) ;
#204=CIRCLE('generated circle',#203,2.) ;
#218=CIRCLE('generated circle',#217,2.) ;
#232=CIRCLE('generated circle',#231,2.) ;
#246=CIRCLE('generated circle',#245,2.) ;
#260=CIRCLE('generated circle',#259,15.) ;
#318=CIRCLE('generated circle',#317,17.) ;
#332=CIRCLE('generated circle',#331,11.) ;
#346=CIRCLE('generated circle',#345,17.) ;
#360=CIRCLE('generated circle',#359,11.) ;
#399=CIRCLE('generated circle',#398,5.) ;
#420=CIRCLE('generated circle',#419,5.) ;
#453=CIRCLE('generated circle',#452,11.) ;
#467=CIRCLE('generated circle',#466,17.) ;
#481=CIRCLE('generated circle',#480,11.) ;
#495=CIRCLE('generated circle',#494,17.) ;
#525=CIRCLE('generated circle',#524,15.) ;
#550=CIRCLE('generated circle',#549,5.) ;
#564=CIRCLE('generated circle',#563,5.) ;
#615=CIRCLE('generated circle',#614,2.) ;
#663=CIRCLE('generated circle',#662,2.) ;
#711=CIRCLE('generated circle',#710,2.) ;
#759=CIRCLE('generated circle',#758,2.) ;
#807=CIRCLE('generated circle',#806,2.) ;
#855=CIRCLE('generated circle',#854,2.) ;
#903=CIRCLE('generated circle',#902,2.) ;
#951=CIRCLE('generated circle',#950,2.) ;
#1426=CIRCLE('generated circle',#1425,2.4585) ;
#1452=CIRCLE('generated circle',#1451,2.4585) ;
#1476=CIRCLE('generated circle',#1475,2.4585) ;
#1488=CIRCLE('generated circle',#1487,2.4585) ;
#1519=CIRCLE('generated circle',#1518,2.4585) ;
#1543=CIRCLE('generated circle',#1542,2.4585) ;
#1562=CIRCLE('generated circle',#1561,2.4585) ;
#1574=CIRCLE('generated circle',#1573,2.4585) ;
#1598=CIRCLE('generated circle',#1597,2.4585) ;
#1629=CIRCLE('generated circle',#1628,2.4585) ;
#1648=CIRCLE('generated circle',#1647,2.4585) ;
#1660=CIRCLE('generated circle',#1659,2.4585) ;
#1684=CIRCLE('generated circle',#1683,2.4585) ;
#1715=CIRCLE('generated circle',#1714,2.4585) ;
#1734=CIRCLE('generated circle',#1733,2.4585) ;
#1746=CIRCLE('generated circle',#1745,2.4585) ;
#2024=CIRCLE('generated circle',#2023,11.) ;
#2157=CIRCLE('generated circle',#2156,10.) ;
#2219=CIRCLE('generated circle',#2218,4.5) ;
#2236=CIRCLE('generated circle',#2235,4.5) ;
#2262=CIRCLE('generated circle',#2261,4.5) ;
#2274=CIRCLE('generated circle',#2273,4.5) ;
#2305=CIRCLE('generated circle',#2304,4.5) ;
#2322=CIRCLE('generated circle',#2321,4.5) ;
#2348=CIRCLE('generated circle',#2347,4.5) ;
#2360=CIRCLE('generated circle',#2359,4.5) ;
#2495=CIRCLE('generated circle',#2494,17.) ;
#2564=CIRCLE('generated circle',#2563,11.) ;
#2764=CIRCLE('generated circle',#2763,10.) ;
#2812=CIRCLE('generated circle',#2811,10.) ;
#3094=CIRCLE('generated circle',#3093,17.) ;
#3210=CIRCLE('generated circle',#3209,10.) ;
#3263=CIRCLE('generated circle',#3262,10.) ;
#35=PLANE('',#34) ;
#137=PLANE('',#136) ;
#314=PLANE('',#313) ;
#435=PLANE('',#434) ;
#587=PLANE('',#586) ;
#635=PLANE('',#634) ;
#683=PLANE('',#682) ;
#731=PLANE('',#730) ;
#779=PLANE('',#778) ;
#827=PLANE('',#826) ;
#875=PLANE('',#874) ;
#923=PLANE('',#922) ;
#995=PLANE('',#994) ;
#1026=PLANE('',#1025) ;
#1298=PLANE('',#1297) ;
#1320=PLANE('',#1319) ;
#1351=PLANE('',#1350) ;
#1853=PLANE('',#1852) ;
#2083=PLANE('',#2082) ;
#2170=PLANE('',#2169) ;
#2373=PLANE('',#2372) ;
#2404=PLANE('',#2403) ;
#2428=PLANE('',#2427) ;
#2553=PLANE('',#2552) ;
#2584=PLANE('',#2583) ;
#2712=PLANE('',#2711) ;
#2736=PLANE('',#2735) ;
#2784=PLANE('',#2783) ;
#2832=PLANE('',#2831) ;
#2856=PLANE('',#2855) ;
#2887=PLANE('',#2886) ;
#2981=PLANE('',#2980) ;
#3043=PLANE('',#3042) ;
#3067=PLANE('',#3066) ;
#3085=PLANE('',#3084) ;
#3107=PLANE('',#3106) ;
#3153=PLANE('',#3152) ;
#3189=PLANE('',#3188) ;
#3235=PLANE('',#3234) ;
#3302=PLANE('',#3301) ;
#3347=PLANE('',#3346) ;
#3393=PLANE('',#3392) ;
#3430=PLANE('',#3429) ;
#75=CYLINDRICAL_SURFACE('generated cylinder',#74,15.) ;
#106=CYLINDRICAL_SURFACE('generated cylinder',#105,15.) ;
#386=CYLINDRICAL_SURFACE('generated cylinder',#385,5.) ;
#514=CYLINDRICAL_SURFACE('generated cylinder',#513,15.) ;
#538=CYLINDRICAL_SURFACE('generated cylinder',#537,5.) ;
#611=CYLINDRICAL_SURFACE('generated cylinder',#610,2.) ;
#659=CYLINDRICAL_SURFACE('generated cylinder',#658,2.) ;
#707=CYLINDRICAL_SURFACE('generated cylinder',#706,2.) ;
#755=CYLINDRICAL_SURFACE('generated cylinder',#754,2.) ;
#803=CYLINDRICAL_SURFACE('generated cylinder',#802,2.) ;
#851=CYLINDRICAL_SURFACE('generated cylinder',#850,2.) ;
#899=CYLINDRICAL_SURFACE('generated cylinder',#898,2.) ;
#947=CYLINDRICAL_SURFACE('generated cylinder',#946,2.) ;
#971=CYLINDRICAL_SURFACE('generated cylinder',#970,17.) ;
#1382=CYLINDRICAL_SURFACE('generated cylinder',#1381,11.) ;
#1415=CYLINDRICAL_SURFACE('generated cylinder',#1414,2.4585) ;
#1465=CYLINDRICAL_SURFACE('generated cylinder',#1464,2.4585) ;
#1501=CYLINDRICAL_SURFACE('generated cylinder',#1500,2.4585) ;
#1532=CYLINDRICAL_SURFACE('generated cylinder',#1531,2.4585) ;
#1587=CYLINDRICAL_SURFACE('generated cylinder',#1586,2.4585) ;
#1618=CYLINDRICAL_SURFACE('generated cylinder',#1617,2.4585) ;
#1673=CYLINDRICAL_SURFACE('generated cylinder',#1672,2.4585) ;
#1704=CYLINDRICAL_SURFACE('generated cylinder',#1703,2.4585) ;
#2013=CYLINDRICAL_SURFACE('generated cylinder',#2012,11.) ;
#2107=CYLINDRICAL_SURFACE('generated cylinder',#2106,17.) ;
#2139=CYLINDRICAL_SURFACE('generated cylinder',#2138,10.) ;
#2201=CYLINDRICAL_SURFACE('generated cylinder',#2200,4.5) ;
#2232=CYLINDRICAL_SURFACE('generated cylinder',#2231,4.5) ;
#2287=CYLINDRICAL_SURFACE('generated cylinder',#2286,4.5) ;
#2318=CYLINDRICAL_SURFACE('generated cylinder',#2317,4.5) ;
#2483=CYLINDRICAL_SURFACE('generated cylinder',#2482,17.) ;
#2760=CYLINDRICAL_SURFACE('generated cylinder',#2759,10.) ;
#2808=CYLINDRICAL_SURFACE('generated cylinder',#2807,10.) ;
#2964=CYLINDRICAL_SURFACE('generated cylinder',#2963,4.0969543457) ;
#2998=CYLINDRICAL_SURFACE('generated cylinder',#2997,4.0969543457) ;
#3026=CYLINDRICAL_SURFACE('generated cylinder',#3025,11.) ;
#3124=CYLINDRICAL_SURFACE('generated cylinder',#3123,10.) ;
#3136=CYLINDRICAL_SURFACE('generated cylinder',#3135,10.) ;
#3206=CYLINDRICAL_SURFACE('generated cylinder',#3205,10.) ;
#3223=CYLINDRICAL_SURFACE('generated cylinder',#3222,17.) ;
#3259=CYLINDRICAL_SURFACE('generated cylinder',#3258,10.) ;
#3288=CYLINDRICAL_SURFACE('generated cylinder',#3287,11.) ;
#3364=CYLINDRICAL_SURFACE('generated cylinder',#3363,11.) ;
#3381=CYLINDRICAL_SURFACE('generated cylinder',#3380,17.) ;
#1154=FACE_BOUND('',#1149,.T.) ;
#1200=FACE_BOUND('',#1195,.T.) ;
#1246=FACE_BOUND('',#1241,.T.) ;
#1292=FACE_BOUND('',#1287,.T.) ;
#1961=FACE_BOUND('',#1956,.T.) ;
#2007=FACE_BOUND('',#2002,.T.) ;
#2471=FACE_BOUND('',#2466,.T.) ;
#2477=FACE_BOUND('',#2472,.T.) ;
#2706=FACE_BOUND('',#2701,.T.) ;
#2958=FACE_BOUND('',#2953,.T.) ;
#3323=FACE_BOUND('',#3318,.T.) ;
#3329=FACE_BOUND('',#3324,.T.) ;
#3335=FACE_BOUND('',#3330,.T.) ;
#3341=FACE_BOUND('',#3336,.T.) ;
#44=EDGE_CURVE('',#41,#43,#39,.T.) ;
#51=EDGE_CURVE('',#50,#41,#48,.T.) ;
#58=EDGE_CURVE('',#50,#57,#55,.T.) ;
#63=EDGE_CURVE('',#57,#43,#62,.T.) ;
#82=EDGE_CURVE('',#81,#43,#79,.F.) ;
#89=EDGE_CURVE('',#57,#88,#86,.T.) ;
#94=EDGE_CURVE('',#88,#81,#93,.T.) ;
#113=EDGE_CURVE('',#41,#112,#110,.F.) ;
#120=EDGE_CURVE('',#119,#112,#117,.T.) ;
#125=EDGE_CURVE('',#119,#50,#124,.T.) ;
#144=EDGE_CURVE('',#119,#143,#141,.T.) ;
#151=EDGE_CURVE('',#143,#150,#148,.F.) ;
#158=EDGE_CURVE('',#150,#157,#155,.F.) ;
#165=EDGE_CURVE('',#157,#164,#162,.T.) ;
#172=EDGE_CURVE('',#164,#171,#169,.F.) ;
#179=EDGE_CURVE('',#171,#178,#176,.T.) ;
#186=EDGE_CURVE('',#178,#185,#183,.F.) ;
#193=EDGE_CURVE('',#185,#192,#190,.F.) ;
#200=EDGE_CURVE('',#192,#199,#197,.F.) ;
#207=EDGE_CURVE('',#199,#206,#204,.F.) ;
#214=EDGE_CURVE('',#206,#213,#211,.F.) ;
#221=EDGE_CURVE('',#213,#220,#218,.T.) ;
#228=EDGE_CURVE('',#220,#227,#225,.F.) ;
#235=EDGE_CURVE('',#227,#234,#232,.T.) ;
#242=EDGE_CURVE('',#234,#241,#239,.F.) ;
#249=EDGE_CURVE('',#241,#248,#246,.F.) ;
#256=EDGE_CURVE('',#248,#255,#253,.T.) ;
#263=EDGE_CURVE('',#255,#262,#260,.T.) ;
#270=EDGE_CURVE('',#262,#269,#267,.T.) ;
#277=EDGE_CURVE('',#276,#269,#274,.T.) ;
#282=EDGE_CURVE('',#88,#276,#281,.T.) ;
#321=EDGE_CURVE('',#276,#320,#318,.F.) ;
#328=EDGE_CURVE('',#320,#327,#325,.T.) ;
#335=EDGE_CURVE('',#334,#327,#332,.F.) ;
#342=EDGE_CURVE('',#341,#334,#339,.F.) ;
#349=EDGE_CURVE('',#341,#348,#346,.F.) ;
#356=EDGE_CURVE('',#355,#348,#353,.T.) ;
#363=EDGE_CURVE('',#362,#355,#360,.F.) ;
#368=EDGE_CURVE('',#81,#362,#367,.T.) ;
#395=EDGE_CURVE('',#392,#394,#390,.F.) ;
#402=EDGE_CURVE('',#401,#392,#399,.F.) ;
#408=EDGE_CURVE('',#341,#401,#403,.T.) ;
#416=EDGE_CURVE('',#415,#334,#409,.T.) ;
#421=EDGE_CURVE('',#394,#415,#420,.T.) ;
#442=EDGE_CURVE('',#441,#262,#439,.F.) ;
#449=EDGE_CURVE('',#441,#448,#446,.T.) ;
#456=EDGE_CURVE('',#448,#455,#453,.T.) ;
#463=EDGE_CURVE('',#455,#462,#460,.T.) ;
#470=EDGE_CURVE('',#469,#462,#467,.T.) ;
#477=EDGE_CURVE('',#469,#476,#474,.F.) ;
#484=EDGE_CURVE('',#476,#483,#481,.T.) ;
#491=EDGE_CURVE('',#490,#483,#488,.T.) ;
#496=EDGE_CURVE('',#269,#490,#495,.T.) ;
#521=EDGE_CURVE('',#520,#255,#518,.F.) ;
#526=EDGE_CURVE('',#441,#520,#525,.F.) ;
#546=EDGE_CURVE('',#545,#469,#539,.F.) ;
#553=EDGE_CURVE('',#552,#545,#550,.F.) ;
#560=EDGE_CURVE('',#552,#559,#557,.F.) ;
#567=EDGE_CURVE('',#566,#559,#564,.T.) ;
#573=EDGE_CURVE('',#476,#566,#568,.F.) ;
#594=EDGE_CURVE('',#248,#593,#591,.T.) ;
#599=EDGE_CURVE('',#593,#520,#598,.T.) ;
#618=EDGE_CURVE('',#617,#593,#615,.T.) ;
#623=EDGE_CURVE('',#241,#617,#622,.F.) ;
#642=EDGE_CURVE('',#641,#617,#639,.F.) ;
#647=EDGE_CURVE('',#234,#641,#646,.T.) ;
#666=EDGE_CURVE('',#665,#641,#663,.F.) ;
#671=EDGE_CURVE('',#227,#665,#670,.F.) ;
#690=EDGE_CURVE('',#689,#665,#687,.F.) ;
#695=EDGE_CURVE('',#220,#689,#694,.T.) ;
#714=EDGE_CURVE('',#713,#689,#711,.F.) ;
#719=EDGE_CURVE('',#213,#713,#718,.F.) ;
#738=EDGE_CURVE('',#737,#713,#735,.F.) ;
#743=EDGE_CURVE('',#206,#737,#742,.T.) ;
#762=EDGE_CURVE('',#761,#737,#759,.T.) ;
#767=EDGE_CURVE('',#199,#761,#766,.F.) ;
#786=EDGE_CURVE('',#785,#761,#783,.F.) ;
#791=EDGE_CURVE('',#192,#785,#790,.T.) ;
#810=EDGE_CURVE('',#809,#785,#807,.T.) ;
#815=EDGE_CURVE('',#185,#809,#814,.F.) ;
#834=EDGE_CURVE('',#833,#809,#831,.F.) ;
#839=EDGE_CURVE('',#178,#833,#838,.T.) ;
#858=EDGE_CURVE('',#857,#833,#855,.F.) ;
#863=EDGE_CURVE('',#171,#857,#862,.F.) ;
#882=EDGE_CURVE('',#881,#857,#879,.F.) ;
#887=EDGE_CURVE('',#164,#881,#886,.T.) ;
#906=EDGE_CURVE('',#905,#881,#903,.F.) ;
#911=EDGE_CURVE('',#157,#905,#910,.F.) ;
#930=EDGE_CURVE('',#929,#905,#927,.F.) ;
#935=EDGE_CURVE('',#150,#929,#934,.T.) ;
#954=EDGE_CURVE('',#953,#929,#951,.T.) ;
#959=EDGE_CURVE('',#143,#953,#958,.F.) ;
#976=EDGE_CURVE('',#348,#462,#975,.F.) ;
#981=EDGE_CURVE('',#401,#545,#980,.F.) ;
#1002=EDGE_CURVE('',#394,#1001,#999,.T.) ;
#1009=EDGE_CURVE('',#1008,#1001,#1006,.T.) ;
#1014=EDGE_CURVE('',#392,#1008,#1013,.T.) ;
#1032=EDGE_CURVE('',#1031,#559,#1027,.T.) ;
#1039=EDGE_CURVE('',#1031,#1038,#1036,.T.) ;
#1045=EDGE_CURVE('',#1044,#1038,#1040,.T.) ;
#1052=EDGE_CURVE('',#1044,#1051,#1049,.T.) ;
#1062=EDGE_CURVE('',#1061,#1051,#1053,.T.) ;
#1069=EDGE_CURVE('',#1061,#1068,#1066,.F.) ;
#1076=EDGE_CURVE('',#1075,#1068,#1073,.T.) ;
#1083=EDGE_CURVE('',#1082,#1075,#1080,.T.) ;
#1089=EDGE_CURVE('',#1001,#1082,#1084,.T.) ;
#1093=EDGE_CURVE('',#415,#566,#1090,.T.) ;
#1120=EDGE_CURVE('',#1117,#1119,#1109,.T.) ;
#1130=EDGE_CURVE('',#1119,#1129,#1121,.T.) ;
#1140=EDGE_CURVE('',#1129,#1139,#1131,.T.) ;
#1148=EDGE_CURVE('',#1139,#1117,#1141,.T.) ;
#1166=EDGE_CURVE('',#1163,#1165,#1155,.T.) ;
#1176=EDGE_CURVE('',#1165,#1175,#1167,.T.) ;
#1186=EDGE_CURVE('',#1175,#1185,#1177,.T.) ;
#1194=EDGE_CURVE('',#1185,#1163,#1187,.T.) ;
#1212=EDGE_CURVE('',#1209,#1211,#1201,.T.) ;
#1222=EDGE_CURVE('',#1211,#1221,#1213,.T.) ;
#1232=EDGE_CURVE('',#1221,#1231,#1223,.T.) ;
#1240=EDGE_CURVE('',#1231,#1209,#1233,.T.) ;
#1258=EDGE_CURVE('',#1255,#1257,#1247,.T.) ;
#1268=EDGE_CURVE('',#1257,#1267,#1259,.T.) ;
#1278=EDGE_CURVE('',#1267,#1277,#1269,.T.) ;
#1286=EDGE_CURVE('',#1277,#1255,#1279,.T.) ;
#1303=EDGE_CURVE('',#327,#483,#1302,.T.) ;
#1308=EDGE_CURVE('',#320,#490,#1307,.T.) ;
#1327=EDGE_CURVE('',#1326,#1068,#1324,.T.) ;
#1334=EDGE_CURVE('',#1333,#1061,#1331,.T.) ;
#1339=EDGE_CURVE('',#1333,#1326,#1338,.T.) ;
#1360=EDGE_CURVE('',#1357,#1359,#1355,.T.) ;
#1365=EDGE_CURVE('',#1359,#1051,#1364,.T.) ;
#1370=EDGE_CURVE('',#1357,#1044,#1369,.T.) ;
#1391=EDGE_CURVE('',#1388,#1390,#1386,.T.) ;
#1397=EDGE_CURVE('',#1038,#1390,#1392,.T.) ;
#1403=EDGE_CURVE('',#1031,#1388,#1398,.T.) ;
#1422=EDGE_CURVE('',#1421,#1139,#1419,.F.) ;
#1429=EDGE_CURVE('',#1421,#1428,#1426,.T.) ;
#1434=EDGE_CURVE('',#1428,#1117,#1433,.F.) ;
#1448=EDGE_CURVE('',#1447,#1129,#1445,.F.) ;
#1453=EDGE_CURVE('',#1447,#1421,#1452,.T.) ;
#1472=EDGE_CURVE('',#1471,#1119,#1469,.F.) ;
#1477=EDGE_CURVE('',#1471,#1447,#1476,.T.) ;
#1489=EDGE_CURVE('',#1428,#1471,#1488,.T.) ;
#1508=EDGE_CURVE('',#1507,#1163,#1505,.F.) ;
#1515=EDGE_CURVE('',#1514,#1185,#1512,.F.) ;
#1520=EDGE_CURVE('',#1514,#1507,#1519,.T.) ;
#1539=EDGE_CURVE('',#1538,#1175,#1536,.F.) ;
#1544=EDGE_CURVE('',#1538,#1514,#1543,.T.) ;
#1558=EDGE_CURVE('',#1557,#1165,#1555,.F.) ;
#1563=EDGE_CURVE('',#1557,#1538,#1562,.T.) ;
#1575=EDGE_CURVE('',#1507,#1557,#1574,.T.) ;
#1594=EDGE_CURVE('',#1593,#1231,#1591,.F.) ;
#1601=EDGE_CURVE('',#1593,#1600,#1598,.T.) ;
#1606=EDGE_CURVE('',#1600,#1209,#1605,.F.) ;
#1625=EDGE_CURVE('',#1624,#1221,#1622,.F.) ;
#1630=EDGE_CURVE('',#1624,#1593,#1629,.T.) ;
#1644=EDGE_CURVE('',#1643,#1211,#1641,.F.) ;
#1649=EDGE_CURVE('',#1643,#1624,#1648,.T.) ;
#1661=EDGE_CURVE('',#1600,#1643,#1660,.T.) ;
#1680=EDGE_CURVE('',#1679,#1277,#1677,.F.) ;
#1687=EDGE_CURVE('',#1679,#1686,#1684,.T.) ;
#1692=EDGE_CURVE('',#1686,#1255,#1691,.F.) ;
#1711=EDGE_CURVE('',#1710,#1267,#1708,.F.) ;
#1716=EDGE_CURVE('',#1710,#1679,#1715,.T.) ;
#1730=EDGE_CURVE('',#1729,#1257,#1727,.F.) ;
#1735=EDGE_CURVE('',#1729,#1710,#1734,.T.) ;
#1747=EDGE_CURVE('',#1686,#1729,#1746,.T.) ;
#1786=EDGE_CURVE('',#1326,#1785,#1774,.T.) ;
#1792=EDGE_CURVE('',#1785,#1791,#1787,.T.) ;
#1803=EDGE_CURVE('',#1068,#1791,#1793,.T.) ;
#1833=EDGE_CURVE('',#1830,#1832,#1824,.T.) ;
#1837=EDGE_CURVE('',#1832,#1388,#1834,.T.) ;
#1841=EDGE_CURVE('',#1830,#1031,#1838,.T.) ;
#1859=EDGE_CURVE('',#1390,#1858,#1854,.T.) ;
#1865=EDGE_CURVE('',#1388,#1864,#1860,.T.) ;
#1875=EDGE_CURVE('',#1874,#1864,#1866,.T.) ;
#1882=EDGE_CURVE('',#1874,#1881,#1879,.T.) ;
#1892=EDGE_CURVE('',#1891,#1881,#1883,.T.) ;
#1899=EDGE_CURVE('',#1898,#1891,#1896,.F.) ;
#1905=EDGE_CURVE('',#1898,#1858,#1900,.T.) ;
#1927=EDGE_CURVE('',#1924,#1926,#1916,.T.) ;
#1937=EDGE_CURVE('',#1926,#1936,#1928,.T.) ;
#1947=EDGE_CURVE('',#1936,#1946,#1938,.T.) ;
#1955=EDGE_CURVE('',#1946,#1924,#1948,.T.) ;
#1973=EDGE_CURVE('',#1970,#1972,#1962,.T.) ;
#1983=EDGE_CURVE('',#1972,#1982,#1974,.T.) ;
#1993=EDGE_CURVE('',#1982,#1992,#1984,.T.) ;
#2001=EDGE_CURVE('',#1992,#1970,#1994,.T.) ;
#2020=EDGE_CURVE('',#2019,#1326,#2017,.T.) ;
#2027=EDGE_CURVE('',#2026,#2019,#2024,.T.) ;
#2032=EDGE_CURVE('',#2026,#1785,#2031,.T.) ;
#2057=EDGE_CURVE('',#1785,#2056,#2049,.T.) ;
#2064=EDGE_CURVE('',#2056,#2063,#2061,.F.) ;
#2071=EDGE_CURVE('',#1791,#2063,#2065,.T.) ;
#2090=EDGE_CURVE('',#1832,#2089,#2087,.T.) ;
#2095=EDGE_CURVE('',#2089,#1864,#2094,.T.) ;
#2114=EDGE_CURVE('',#1830,#2113,#2111,.T.) ;
#2122=EDGE_CURVE('',#2113,#2121,#2115,.T.) ;
#2127=EDGE_CURVE('',#1832,#2121,#2126,.T.) ;
#2146=EDGE_CURVE('',#2145,#1858,#2143,.F.) ;
#2153=EDGE_CURVE('',#2152,#1898,#2150,.F.) ;
#2158=EDGE_CURVE('',#2152,#2145,#2157,.T.) ;
#2179=EDGE_CURVE('',#2176,#2178,#2174,.T.) ;
#2184=EDGE_CURVE('',#2178,#1881,#2183,.T.) ;
#2189=EDGE_CURVE('',#2176,#1874,#2188,.T.) ;
#2208=EDGE_CURVE('',#2207,#1924,#2205,.F.) ;
#2215=EDGE_CURVE('',#2214,#1946,#2212,.F.) ;
#2220=EDGE_CURVE('',#2214,#2207,#2219,.T.) ;
#2239=EDGE_CURVE('',#2238,#2214,#2236,.T.) ;
#2244=EDGE_CURVE('',#2238,#1936,#2243,.F.) ;
#2258=EDGE_CURVE('',#2257,#1926,#2255,.F.) ;
#2263=EDGE_CURVE('',#2257,#2238,#2262,.T.) ;
#2275=EDGE_CURVE('',#2207,#2257,#2274,.T.) ;
#2294=EDGE_CURVE('',#2293,#1970,#2291,.F.) ;
#2301=EDGE_CURVE('',#2300,#1992,#2298,.F.) ;
#2306=EDGE_CURVE('',#2300,#2293,#2305,.T.) ;
#2325=EDGE_CURVE('',#2324,#2300,#2322,.T.) ;
#2330=EDGE_CURVE('',#2324,#1982,#2329,.F.) ;
#2344=EDGE_CURVE('',#2343,#1972,#2341,.F.) ;
#2349=EDGE_CURVE('',#2343,#2324,#2348,.T.) ;
#2361=EDGE_CURVE('',#2293,#2343,#2360,.T.) ;
#2382=EDGE_CURVE('',#2379,#2381,#2377,.T.) ;
#2386=EDGE_CURVE('',#2056,#2381,#2383,.T.) ;
#2391=EDGE_CURVE('',#2379,#2026,#2390,.F.) ;
#2411=EDGE_CURVE('',#2381,#2410,#2408,.T.) ;
#2416=EDGE_CURVE('',#2063,#2410,#2415,.T.) ;
#2435=EDGE_CURVE('',#2152,#2434,#2432,.F.) ;
#2443=EDGE_CURVE('',#2434,#2178,#2436,.T.) ;
#2451=EDGE_CURVE('',#2176,#2089,#2444,.T.) ;
#2455=EDGE_CURVE('',#2121,#2145,#2452,.T.) ;
#2491=EDGE_CURVE('',#2381,#2490,#2484,.T.) ;
#2498=EDGE_CURVE('',#2379,#2497,#2495,.T.) ;
#2503=EDGE_CURVE('',#2497,#2490,#2502,.T.) ;
#2535=EDGE_CURVE('',#2490,#2534,#2530,.T.) ;
#2541=EDGE_CURVE('',#2410,#2534,#2536,.T.) ;
#2560=EDGE_CURVE('',#2559,#2379,#2557,.T.) ;
#2567=EDGE_CURVE('',#2559,#2566,#2564,.T.) ;
#2572=EDGE_CURVE('',#2566,#2497,#2571,.T.) ;
#2591=EDGE_CURVE('',#2497,#2590,#2588,.T.) ;
#2601=EDGE_CURVE('',#2590,#2600,#2592,.T.) ;
#2608=EDGE_CURVE('',#2600,#2607,#2605,.T.) ;
#2618=EDGE_CURVE('',#2607,#2617,#2609,.T.) ;
#2625=EDGE_CURVE('',#2617,#2624,#2622,.F.) ;
#2634=EDGE_CURVE('',#2633,#2624,#2626,.T.) ;
#2638=EDGE_CURVE('',#2490,#2633,#2635,.T.) ;
#2669=EDGE_CURVE('',#2666,#2668,#2649,.T.) ;
#2676=EDGE_CURVE('',#2675,#2666,#2673,.F.) ;
#2695=EDGE_CURVE('',#2694,#2675,#2677,.T.) ;
#2700=EDGE_CURVE('',#2694,#2668,#2699,.F.) ;
#2719=EDGE_CURVE('',#2633,#2718,#2716,.T.) ;
#2724=EDGE_CURVE('',#2534,#2718,#2723,.T.) ;
#2743=EDGE_CURVE('',#2566,#2742,#2740,.T.) ;
#2748=EDGE_CURVE('',#2590,#2742,#2747,.T.) ;
#2767=EDGE_CURVE('',#2742,#2766,#2764,.T.) ;
#2772=EDGE_CURVE('',#2600,#2766,#2771,.F.) ;
#2791=EDGE_CURVE('',#2766,#2790,#2788,.T.) ;
#2796=EDGE_CURVE('',#2607,#2790,#2795,.T.) ;
#2815=EDGE_CURVE('',#2790,#2814,#2812,.T.) ;
#2820=EDGE_CURVE('',#2617,#2814,#2819,.F.) ;
#2839=EDGE_CURVE('',#2814,#2838,#2836,.T.) ;
#2844=EDGE_CURVE('',#2624,#2838,#2843,.T.) ;
#2863=EDGE_CURVE('',#2694,#2862,#2860,.T.) ;
#2870=EDGE_CURVE('',#2862,#2869,#2867,.T.) ;
#2875=EDGE_CURVE('',#2668,#2869,#2874,.T.) ;
#2892=EDGE_CURVE('',#2566,#2534,#2891,.T.) ;
#2899=EDGE_CURVE('',#2718,#2838,#2893,.T.) ;
#2928=EDGE_CURVE('',#2862,#2927,#2910,.T.) ;
#2935=EDGE_CURVE('',#2927,#2934,#2932,.F.) ;
#2952=EDGE_CURVE('',#2934,#2869,#2936,.T.) ;
#2969=EDGE_CURVE('',#2675,#2927,#2968,.F.) ;
#2986=EDGE_CURVE('',#2666,#2934,#2985,.T.) ;
#3031=EDGE_CURVE('',#2559,#2410,#3030,.T.) ;
#3050=EDGE_CURVE('',#3049,#2026,#3047,.T.) ;
#3055=EDGE_CURVE('',#2559,#3049,#3054,.T.) ;
#3072=EDGE_CURVE('',#3049,#1791,#3071,.T.) ;
#3090=EDGE_CURVE('',#2019,#1075,#3089,.T.) ;
#3095=EDGE_CURVE('',#3049,#1075,#3094,.F.) ;
#3112=EDGE_CURVE('',#2121,#1390,#3111,.T.) ;
#3141=EDGE_CURVE('',#2434,#1891,#3140,.F.) ;
#3177=EDGE_CURVE('',#2113,#1038,#3174,.T.) ;
#3194=EDGE_CURVE('',#1357,#2113,#3193,.T.) ;
#3211=EDGE_CURVE('',#1333,#1359,#3210,.T.) ;
#3242=EDGE_CURVE('',#3241,#2019,#3239,.T.) ;
#3247=EDGE_CURVE('',#3241,#1082,#3246,.T.) ;
#3264=EDGE_CURVE('',#1008,#3241,#3263,.T.) ;
#3276=EDGE_CURVE('',#1830,#552,#3275,.T.) ;
#3352=EDGE_CURVE('',#355,#455,#3351,.T.) ;
#3369=EDGE_CURVE('',#362,#448,#3368,.F.) ;
#3398=EDGE_CURVE('',#112,#953,#3397,.T.) ;
#30=CLOSED_SHELL('Closed Shell',(#70,#101,#132,#309,#381,#430,#509,#533,#582,#606,#630,#654,#678,#702,#726,#750,#774,#798,#822,#846,#870,#894,#918,#942,#966,#990,#1021,#1293,#1315,#1346,#1377,#1410,#1441,#1460,#1484,#1496,#1527,#1551,#1570,#1582,#1613,#1637,#1656,#1668,#1699,#1723,#1742,#1754,#1810,#1848,#2008,#2039,#2078,#2102,#2134,#2165,#2196,#2227,#2251,#2270,#2282,#2313,#2337,#2356,#2368,#2399,#2423,#2478,#2510,#2548,#2579,#2707,#2731,#2755,#2779,#2803,#2827,#2851,#2882,#2959,#2976,#2993,#3005,#3021,#3038,#3062,#3080,#3102,#3119,#3131,#3148,#3160,#3184,#3201,#3218,#3230,#3254,#3271,#3283,#3297,#3342,#3359,#3376,#3388,#3425,#3437)) ;
#3439=SHAPE_REPRESENTATION_RELATIONSHIP(' ',' ',#19,#3438) ;
#64=EDGE_LOOP('',(#65,#66,#67,#68)) ;
#95=EDGE_LOOP('',(#96,#97,#98,#99)) ;
#126=EDGE_LOOP('',(#127,#128,#129,#130)) ;
#283=EDGE_LOOP('',(#284,#285,#286,#287,#288,#289,#290,#291,#292,#293,#294,#295,#296,#297,#298,#299,#300,#301,#302,#303,#304,#305,#306,#307)) ;
#369=EDGE_LOOP('',(#370,#371,#372,#373,#374,#375,#376,#377,#378,#379)) ;
#422=EDGE_LOOP('',(#423,#424,#425,#426,#427,#428)) ;
#497=EDGE_LOOP('',(#498,#499,#500,#501,#502,#503,#504,#505,#506,#507)) ;
#527=EDGE_LOOP('',(#528,#529,#530,#531)) ;
#574=EDGE_LOOP('',(#575,#576,#577,#578,#579,#580)) ;
#600=EDGE_LOOP('',(#601,#602,#603,#604)) ;
#624=EDGE_LOOP('',(#625,#626,#627,#628)) ;
#648=EDGE_LOOP('',(#649,#650,#651,#652)) ;
#672=EDGE_LOOP('',(#673,#674,#675,#676)) ;
#696=EDGE_LOOP('',(#697,#698,#699,#700)) ;
#720=EDGE_LOOP('',(#721,#722,#723,#724)) ;
#744=EDGE_LOOP('',(#745,#746,#747,#748)) ;
#768=EDGE_LOOP('',(#769,#770,#771,#772)) ;
#792=EDGE_LOOP('',(#793,#794,#795,#796)) ;
#816=EDGE_LOOP('',(#817,#818,#819,#820)) ;
#840=EDGE_LOOP('',(#841,#842,#843,#844)) ;
#864=EDGE_LOOP('',(#865,#866,#867,#868)) ;
#888=EDGE_LOOP('',(#889,#890,#891,#892)) ;
#912=EDGE_LOOP('',(#913,#914,#915,#916)) ;
#936=EDGE_LOOP('',(#937,#938,#939,#940)) ;
#960=EDGE_LOOP('',(#961,#962,#963,#964)) ;
#982=EDGE_LOOP('',(#983,#984,#985,#986,#987,#988)) ;
#1015=EDGE_LOOP('',(#1016,#1017,#1018,#1019)) ;
#1094=EDGE_LOOP('',(#1095,#1096,#1097,#1098,#1099,#1100,#1101,#1102,#1103,#1104,#1105,#1106,#1107)) ;
#1149=EDGE_LOOP('',(#1150,#1151,#1152,#1153)) ;
#1195=EDGE_LOOP('',(#1196,#1197,#1198,#1199)) ;
#1241=EDGE_LOOP('',(#1242,#1243,#1244,#1245)) ;
#1287=EDGE_LOOP('',(#1288,#1289,#1290,#1291)) ;
#1309=EDGE_LOOP('',(#1310,#1311,#1312,#1313)) ;
#1340=EDGE_LOOP('',(#1341,#1342,#1343,#1344)) ;
#1371=EDGE_LOOP('',(#1372,#1373,#1374,#1375)) ;
#1404=EDGE_LOOP('',(#1405,#1406,#1407,#1408)) ;
#1435=EDGE_LOOP('',(#1436,#1437,#1438,#1439)) ;
#1454=EDGE_LOOP('',(#1455,#1456,#1457,#1458)) ;
#1478=EDGE_LOOP('',(#1479,#1480,#1481,#1482)) ;
#1490=EDGE_LOOP('',(#1491,#1492,#1493,#1494)) ;
#1521=EDGE_LOOP('',(#1522,#1523,#1524,#1525)) ;
#1545=EDGE_LOOP('',(#1546,#1547,#1548,#1549)) ;
#1564=EDGE_LOOP('',(#1565,#1566,#1567,#1568)) ;
#1576=EDGE_LOOP('',(#1577,#1578,#1579,#1580)) ;
#1607=EDGE_LOOP('',(#1608,#1609,#1610,#1611)) ;
#1631=EDGE_LOOP('',(#1632,#1633,#1634,#1635)) ;
#1650=EDGE_LOOP('',(#1651,#1652,#1653,#1654)) ;
#1662=EDGE_LOOP('',(#1663,#1664,#1665,#1666)) ;
#1693=EDGE_LOOP('',(#1694,#1695,#1696,#1697)) ;
#1717=EDGE_LOOP('',(#1718,#1719,#1720,#1721)) ;
#1736=EDGE_LOOP('',(#1737,#1738,#1739,#1740)) ;
#1748=EDGE_LOOP('',(#1749,#1750,#1751,#1752)) ;
#1804=EDGE_LOOP('',(#1805,#1806,#1807,#1808)) ;
#1842=EDGE_LOOP('',(#1843,#1844,#1845,#1846)) ;
#1906=EDGE_LOOP('',(#1907,#1908,#1909,#1910,#1911,#1912,#1913,#1914)) ;
#1956=EDGE_LOOP('',(#1957,#1958,#1959,#1960)) ;
#2002=EDGE_LOOP('',(#2003,#2004,#2005,#2006)) ;
#2033=EDGE_LOOP('',(#2034,#2035,#2036,#2037)) ;
#2072=EDGE_LOOP('',(#2073,#2074,#2075,#2076)) ;
#2096=EDGE_LOOP('',(#2097,#2098,#2099,#2100)) ;
#2128=EDGE_LOOP('',(#2129,#2130,#2131,#2132)) ;
#2159=EDGE_LOOP('',(#2160,#2161,#2162,#2163)) ;
#2190=EDGE_LOOP('',(#2191,#2192,#2193,#2194)) ;
#2221=EDGE_LOOP('',(#2222,#2223,#2224,#2225)) ;
#2245=EDGE_LOOP('',(#2246,#2247,#2248,#2249)) ;
#2264=EDGE_LOOP('',(#2265,#2266,#2267,#2268)) ;
#2276=EDGE_LOOP('',(#2277,#2278,#2279,#2280)) ;
#2307=EDGE_LOOP('',(#2308,#2309,#2310,#2311)) ;
#2331=EDGE_LOOP('',(#2332,#2333,#2334,#2335)) ;
#2350=EDGE_LOOP('',(#2351,#2352,#2353,#2354)) ;
#2362=EDGE_LOOP('',(#2363,#2364,#2365,#2366)) ;
#2392=EDGE_LOOP('',(#2393,#2394,#2395,#2396,#2397)) ;
#2417=EDGE_LOOP('',(#2418,#2419,#2420,#2421)) ;
#2456=EDGE_LOOP('',(#2457,#2458,#2459,#2460,#2461,#2462,#2463,#2464)) ;
#2466=EDGE_LOOP('',(#2467,#2468,#2469,#2470)) ;
#2472=EDGE_LOOP('',(#2473,#2474,#2475,#2476)) ;
#2504=EDGE_LOOP('',(#2505,#2506,#2507,#2508)) ;
#2542=EDGE_LOOP('',(#2543,#2544,#2545,#2546)) ;
#2573=EDGE_LOOP('',(#2574,#2575,#2576,#2577)) ;
#2639=EDGE_LOOP('',(#2640,#2641,#2642,#2643,#2644,#2645,#2646,#2647)) ;
#2701=EDGE_LOOP('',(#2702,#2703,#2704,#2705)) ;
#2725=EDGE_LOOP('',(#2726,#2727,#2728,#2729)) ;
#2749=EDGE_LOOP('',(#2750,#2751,#2752,#2753)) ;
#2773=EDGE_LOOP('',(#2774,#2775,#2776,#2777)) ;
#2797=EDGE_LOOP('',(#2798,#2799,#2800,#2801)) ;
#2821=EDGE_LOOP('',(#2822,#2823,#2824,#2825)) ;
#2845=EDGE_LOOP('',(#2846,#2847,#2848,#2849)) ;
#2876=EDGE_LOOP('',(#2877,#2878,#2879,#2880)) ;
#2900=EDGE_LOOP('',(#2901,#2902,#2903,#2904,#2905,#2906,#2907,#2908)) ;
#2953=EDGE_LOOP('',(#2954,#2955,#2956,#2957)) ;
#2970=EDGE_LOOP('',(#2971,#2972,#2973,#2974)) ;
#2987=EDGE_LOOP('',(#2988,#2989,#2990,#2991)) ;
#2999=EDGE_LOOP('',(#3000,#3001,#3002,#3003)) ;
#3015=EDGE_LOOP('',(#3016,#3017,#3018,#3019)) ;
#3032=EDGE_LOOP('',(#3033,#3034,#3035,#3036)) ;
#3056=EDGE_LOOP('',(#3057,#3058,#3059,#3060)) ;
#3073=EDGE_LOOP('',(#3074,#3075,#3076,#3077,#3078)) ;
#3096=EDGE_LOOP('',(#3097,#3098,#3099,#3100)) ;
#3113=EDGE_LOOP('',(#3114,#3115,#3116,#3117)) ;
#3125=EDGE_LOOP('',(#3126,#3127,#3128,#3129)) ;
#3142=EDGE_LOOP('',(#3143,#3144,#3145,#3146)) ;
#3154=EDGE_LOOP('',(#3155,#3156,#3157,#3158)) ;
#3178=EDGE_LOOP('',(#3179,#3180,#3181,#3182)) ;
#3195=EDGE_LOOP('',(#3196,#3197,#3198,#3199)) ;
#3212=EDGE_LOOP('',(#3213,#3214,#3215,#3216)) ;
#3224=EDGE_LOOP('',(#3225,#3226,#3227,#3228)) ;
#3248=EDGE_LOOP('',(#3249,#3250,#3251,#3252)) ;
#3265=EDGE_LOOP('',(#3266,#3267,#3268,#3269)) ;
#3277=EDGE_LOOP('',(#3278,#3279,#3280,#3281)) ;
#3289=EDGE_LOOP('',(#3290,#3291,#3292,#3293,#3294,#3295)) ;
#3303=EDGE_LOOP('',(#3304,#3305,#3306,#3307,#3308,#3309,#3310,#3311,#3312,#3313,#3314,#3315,#3316)) ;
#3318=EDGE_LOOP('',(#3319,#3320,#3321,#3322)) ;
#3324=EDGE_LOOP('',(#3325,#3326,#3327,#3328)) ;
#3330=EDGE_LOOP('',(#3331,#3332,#3333,#3334)) ;
#3336=EDGE_LOOP('',(#3337,#3338,#3339,#3340)) ;
#3353=EDGE_LOOP('',(#3354,#3355,#3356,#3357)) ;
#3370=EDGE_LOOP('',(#3371,#3372,#3373,#3374)) ;
#3382=EDGE_LOOP('',(#3383,#3384,#3385,#3386)) ;
#3399=EDGE_LOOP('',(#3400,#3401,#3402,#3403,#3404,#3405,#3406,#3407,#3408,#3409,#3410,#3411,#3412,#3413,#3414,#3415,#3416,#3417,#3418,#3419,#3420,#3421,#3422,#3423)) ;
#3431=EDGE_LOOP('',(#3432,#3433,#3434,#3435)) ;
#65=ORIENTED_EDGE('',*,*,#44,.F.) ;
#66=ORIENTED_EDGE('',*,*,#51,.F.) ;
#67=ORIENTED_EDGE('',*,*,#58,.T.) ;
#68=ORIENTED_EDGE('',*,*,#63,.T.) ;
#96=ORIENTED_EDGE('',*,*,#82,.T.) ;
#97=ORIENTED_EDGE('',*,*,#63,.F.) ;
#98=ORIENTED_EDGE('',*,*,#89,.T.) ;
#99=ORIENTED_EDGE('',*,*,#94,.T.) ;
#127=ORIENTED_EDGE('',*,*,#113,.T.) ;
#128=ORIENTED_EDGE('',*,*,#120,.F.) ;
#129=ORIENTED_EDGE('',*,*,#125,.T.) ;
#130=ORIENTED_EDGE('',*,*,#51,.T.) ;
#284=ORIENTED_EDGE('',*,*,#89,.F.) ;
#285=ORIENTED_EDGE('',*,*,#58,.F.) ;
#286=ORIENTED_EDGE('',*,*,#125,.F.) ;
#287=ORIENTED_EDGE('',*,*,#144,.T.) ;
#288=ORIENTED_EDGE('',*,*,#151,.T.) ;
#289=ORIENTED_EDGE('',*,*,#158,.T.) ;
#290=ORIENTED_EDGE('',*,*,#165,.T.) ;
#291=ORIENTED_EDGE('',*,*,#172,.T.) ;
#292=ORIENTED_EDGE('',*,*,#179,.T.) ;
#293=ORIENTED_EDGE('',*,*,#186,.T.) ;
#294=ORIENTED_EDGE('',*,*,#193,.T.) ;
#295=ORIENTED_EDGE('',*,*,#200,.T.) ;
#296=ORIENTED_EDGE('',*,*,#207,.T.) ;
#297=ORIENTED_EDGE('',*,*,#214,.T.) ;
#298=ORIENTED_EDGE('',*,*,#221,.T.) ;
#299=ORIENTED_EDGE('',*,*,#228,.T.) ;
#300=ORIENTED_EDGE('',*,*,#235,.T.) ;
#301=ORIENTED_EDGE('',*,*,#242,.T.) ;
#302=ORIENTED_EDGE('',*,*,#249,.T.) ;
#303=ORIENTED_EDGE('',*,*,#256,.T.) ;
#304=ORIENTED_EDGE('',*,*,#263,.T.) ;
#305=ORIENTED_EDGE('',*,*,#270,.T.) ;
#306=ORIENTED_EDGE('',*,*,#277,.F.) ;
#307=ORIENTED_EDGE('',*,*,#282,.F.) ;
#370=ORIENTED_EDGE('',*,*,#94,.F.) ;
#371=ORIENTED_EDGE('',*,*,#282,.T.) ;
#372=ORIENTED_EDGE('',*,*,#321,.T.) ;
#373=ORIENTED_EDGE('',*,*,#328,.T.) ;
#374=ORIENTED_EDGE('',*,*,#335,.F.) ;
#375=ORIENTED_EDGE('',*,*,#342,.F.) ;
#376=ORIENTED_EDGE('',*,*,#349,.T.) ;
#377=ORIENTED_EDGE('',*,*,#356,.F.) ;
#378=ORIENTED_EDGE('',*,*,#363,.F.) ;
#379=ORIENTED_EDGE('',*,*,#368,.F.) ;
#423=ORIENTED_EDGE('',*,*,#395,.F.) ;
#424=ORIENTED_EDGE('',*,*,#402,.F.) ;
#425=ORIENTED_EDGE('',*,*,#408,.F.) ;
#426=ORIENTED_EDGE('',*,*,#342,.T.) ;
#427=ORIENTED_EDGE('',*,*,#416,.F.) ;
#428=ORIENTED_EDGE('',*,*,#421,.F.) ;
#498=ORIENTED_EDGE('',*,*,#442,.F.) ;
#499=ORIENTED_EDGE('',*,*,#449,.T.) ;
#500=ORIENTED_EDGE('',*,*,#456,.T.) ;
#501=ORIENTED_EDGE('',*,*,#463,.T.) ;
#502=ORIENTED_EDGE('',*,*,#470,.F.) ;
#503=ORIENTED_EDGE('',*,*,#477,.T.) ;
#504=ORIENTED_EDGE('',*,*,#484,.T.) ;
#505=ORIENTED_EDGE('',*,*,#491,.F.) ;
#506=ORIENTED_EDGE('',*,*,#496,.F.) ;
#507=ORIENTED_EDGE('',*,*,#270,.F.) ;
#528=ORIENTED_EDGE('',*,*,#521,.F.) ;
#529=ORIENTED_EDGE('',*,*,#526,.F.) ;
#530=ORIENTED_EDGE('',*,*,#442,.T.) ;
#531=ORIENTED_EDGE('',*,*,#263,.F.) ;
#575=ORIENTED_EDGE('',*,*,#477,.F.) ;
#576=ORIENTED_EDGE('',*,*,#546,.F.) ;
#577=ORIENTED_EDGE('',*,*,#553,.F.) ;
#578=ORIENTED_EDGE('',*,*,#560,.T.) ;
#579=ORIENTED_EDGE('',*,*,#567,.F.) ;
#580=ORIENTED_EDGE('',*,*,#573,.F.) ;
#601=ORIENTED_EDGE('',*,*,#521,.T.) ;
#602=ORIENTED_EDGE('',*,*,#256,.F.) ;
#603=ORIENTED_EDGE('',*,*,#594,.T.) ;
#604=ORIENTED_EDGE('',*,*,#599,.T.) ;
#625=ORIENTED_EDGE('',*,*,#618,.T.) ;
#626=ORIENTED_EDGE('',*,*,#594,.F.) ;
#627=ORIENTED_EDGE('',*,*,#249,.F.) ;
#628=ORIENTED_EDGE('',*,*,#623,.T.) ;
#649=ORIENTED_EDGE('',*,*,#642,.T.) ;
#650=ORIENTED_EDGE('',*,*,#623,.F.) ;
#651=ORIENTED_EDGE('',*,*,#242,.F.) ;
#652=ORIENTED_EDGE('',*,*,#647,.T.) ;
#673=ORIENTED_EDGE('',*,*,#666,.T.) ;
#674=ORIENTED_EDGE('',*,*,#647,.F.) ;
#675=ORIENTED_EDGE('',*,*,#235,.F.) ;
#676=ORIENTED_EDGE('',*,*,#671,.T.) ;
#697=ORIENTED_EDGE('',*,*,#690,.T.) ;
#698=ORIENTED_EDGE('',*,*,#671,.F.) ;
#699=ORIENTED_EDGE('',*,*,#228,.F.) ;
#700=ORIENTED_EDGE('',*,*,#695,.T.) ;
#721=ORIENTED_EDGE('',*,*,#714,.T.) ;
#722=ORIENTED_EDGE('',*,*,#695,.F.) ;
#723=ORIENTED_EDGE('',*,*,#221,.F.) ;
#724=ORIENTED_EDGE('',*,*,#719,.T.) ;
#745=ORIENTED_EDGE('',*,*,#738,.T.) ;
#746=ORIENTED_EDGE('',*,*,#719,.F.) ;
#747=ORIENTED_EDGE('',*,*,#214,.F.) ;
#748=ORIENTED_EDGE('',*,*,#743,.T.) ;
#769=ORIENTED_EDGE('',*,*,#762,.T.) ;
#770=ORIENTED_EDGE('',*,*,#743,.F.) ;
#771=ORIENTED_EDGE('',*,*,#207,.F.) ;
#772=ORIENTED_EDGE('',*,*,#767,.T.) ;
#793=ORIENTED_EDGE('',*,*,#786,.T.) ;
#794=ORIENTED_EDGE('',*,*,#767,.F.) ;
#795=ORIENTED_EDGE('',*,*,#200,.F.) ;
#796=ORIENTED_EDGE('',*,*,#791,.T.) ;
#817=ORIENTED_EDGE('',*,*,#810,.T.) ;
#818=ORIENTED_EDGE('',*,*,#791,.F.) ;
#819=ORIENTED_EDGE('',*,*,#193,.F.) ;
#820=ORIENTED_EDGE('',*,*,#815,.T.) ;
#841=ORIENTED_EDGE('',*,*,#834,.T.) ;
#842=ORIENTED_EDGE('',*,*,#815,.F.) ;
#843=ORIENTED_EDGE('',*,*,#186,.F.) ;
#844=ORIENTED_EDGE('',*,*,#839,.T.) ;
#865=ORIENTED_EDGE('',*,*,#858,.T.) ;
#866=ORIENTED_EDGE('',*,*,#839,.F.) ;
#867=ORIENTED_EDGE('',*,*,#179,.F.) ;
#868=ORIENTED_EDGE('',*,*,#863,.T.) ;
#889=ORIENTED_EDGE('',*,*,#882,.T.) ;
#890=ORIENTED_EDGE('',*,*,#863,.F.) ;
#891=ORIENTED_EDGE('',*,*,#172,.F.) ;
#892=ORIENTED_EDGE('',*,*,#887,.T.) ;
#913=ORIENTED_EDGE('',*,*,#906,.T.) ;
#914=ORIENTED_EDGE('',*,*,#887,.F.) ;
#915=ORIENTED_EDGE('',*,*,#165,.F.) ;
#916=ORIENTED_EDGE('',*,*,#911,.T.) ;
#937=ORIENTED_EDGE('',*,*,#930,.T.) ;
#938=ORIENTED_EDGE('',*,*,#911,.F.) ;
#939=ORIENTED_EDGE('',*,*,#158,.F.) ;
#940=ORIENTED_EDGE('',*,*,#935,.T.) ;
#961=ORIENTED_EDGE('',*,*,#954,.T.) ;
#962=ORIENTED_EDGE('',*,*,#935,.F.) ;
#963=ORIENTED_EDGE('',*,*,#151,.F.) ;
#964=ORIENTED_EDGE('',*,*,#959,.T.) ;
#983=ORIENTED_EDGE('',*,*,#976,.F.) ;
#984=ORIENTED_EDGE('',*,*,#349,.F.) ;
#985=ORIENTED_EDGE('',*,*,#408,.T.) ;
#986=ORIENTED_EDGE('',*,*,#981,.T.) ;
#987=ORIENTED_EDGE('',*,*,#546,.T.) ;
#988=ORIENTED_EDGE('',*,*,#470,.T.) ;
#1016=ORIENTED_EDGE('',*,*,#1002,.T.) ;
#1017=ORIENTED_EDGE('',*,*,#1009,.F.) ;
#1018=ORIENTED_EDGE('',*,*,#1014,.F.) ;
#1019=ORIENTED_EDGE('',*,*,#395,.T.) ;
#1095=ORIENTED_EDGE('',*,*,#1032,.F.) ;
#1096=ORIENTED_EDGE('',*,*,#1039,.T.) ;
#1097=ORIENTED_EDGE('',*,*,#1045,.F.) ;
#1098=ORIENTED_EDGE('',*,*,#1052,.T.) ;
#1099=ORIENTED_EDGE('',*,*,#1062,.F.) ;
#1100=ORIENTED_EDGE('',*,*,#1069,.T.) ;
#1101=ORIENTED_EDGE('',*,*,#1076,.F.) ;
#1102=ORIENTED_EDGE('',*,*,#1083,.F.) ;
#1103=ORIENTED_EDGE('',*,*,#1089,.F.) ;
#1104=ORIENTED_EDGE('',*,*,#1002,.F.) ;
#1105=ORIENTED_EDGE('',*,*,#421,.T.) ;
#1106=ORIENTED_EDGE('',*,*,#1093,.T.) ;
#1107=ORIENTED_EDGE('',*,*,#567,.T.) ;
#1150=ORIENTED_EDGE('',*,*,#1120,.T.) ;
#1151=ORIENTED_EDGE('',*,*,#1130,.T.) ;
#1152=ORIENTED_EDGE('',*,*,#1140,.T.) ;
#1153=ORIENTED_EDGE('',*,*,#1148,.T.) ;
#1196=ORIENTED_EDGE('',*,*,#1166,.T.) ;
#1197=ORIENTED_EDGE('',*,*,#1176,.T.) ;
#1198=ORIENTED_EDGE('',*,*,#1186,.T.) ;
#1199=ORIENTED_EDGE('',*,*,#1194,.T.) ;
#1242=ORIENTED_EDGE('',*,*,#1212,.T.) ;
#1243=ORIENTED_EDGE('',*,*,#1222,.T.) ;
#1244=ORIENTED_EDGE('',*,*,#1232,.T.) ;
#1245=ORIENTED_EDGE('',*,*,#1240,.T.) ;
#1288=ORIENTED_EDGE('',*,*,#1258,.T.) ;
#1289=ORIENTED_EDGE('',*,*,#1268,.T.) ;
#1290=ORIENTED_EDGE('',*,*,#1278,.T.) ;
#1291=ORIENTED_EDGE('',*,*,#1286,.T.) ;
#1310=ORIENTED_EDGE('',*,*,#491,.T.) ;
#1311=ORIENTED_EDGE('',*,*,#1303,.F.) ;
#1312=ORIENTED_EDGE('',*,*,#328,.F.) ;
#1313=ORIENTED_EDGE('',*,*,#1308,.T.) ;
#1341=ORIENTED_EDGE('',*,*,#1327,.T.) ;
#1342=ORIENTED_EDGE('',*,*,#1069,.F.) ;
#1343=ORIENTED_EDGE('',*,*,#1334,.F.) ;
#1344=ORIENTED_EDGE('',*,*,#1339,.T.) ;
#1372=ORIENTED_EDGE('',*,*,#1360,.T.) ;
#1373=ORIENTED_EDGE('',*,*,#1365,.T.) ;
#1374=ORIENTED_EDGE('',*,*,#1052,.F.) ;
#1375=ORIENTED_EDGE('',*,*,#1370,.F.) ;
#1405=ORIENTED_EDGE('',*,*,#1391,.T.) ;
#1406=ORIENTED_EDGE('',*,*,#1397,.F.) ;
#1407=ORIENTED_EDGE('',*,*,#1039,.F.) ;
#1408=ORIENTED_EDGE('',*,*,#1403,.T.) ;
#1436=ORIENTED_EDGE('',*,*,#1422,.F.) ;
#1437=ORIENTED_EDGE('',*,*,#1429,.T.) ;
#1438=ORIENTED_EDGE('',*,*,#1434,.T.) ;
#1439=ORIENTED_EDGE('',*,*,#1148,.F.) ;
#1455=ORIENTED_EDGE('',*,*,#1422,.T.) ;
#1456=ORIENTED_EDGE('',*,*,#1140,.F.) ;
#1457=ORIENTED_EDGE('',*,*,#1448,.F.) ;
#1458=ORIENTED_EDGE('',*,*,#1453,.T.) ;
#1479=ORIENTED_EDGE('',*,*,#1472,.F.) ;
#1480=ORIENTED_EDGE('',*,*,#1477,.T.) ;
#1481=ORIENTED_EDGE('',*,*,#1448,.T.) ;
#1482=ORIENTED_EDGE('',*,*,#1130,.F.) ;
#1491=ORIENTED_EDGE('',*,*,#1120,.F.) ;
#1492=ORIENTED_EDGE('',*,*,#1434,.F.) ;
#1493=ORIENTED_EDGE('',*,*,#1489,.T.) ;
#1494=ORIENTED_EDGE('',*,*,#1472,.T.) ;
#1522=ORIENTED_EDGE('',*,*,#1508,.T.) ;
#1523=ORIENTED_EDGE('',*,*,#1194,.F.) ;
#1524=ORIENTED_EDGE('',*,*,#1515,.F.) ;
#1525=ORIENTED_EDGE('',*,*,#1520,.T.) ;
#1546=ORIENTED_EDGE('',*,*,#1539,.F.) ;
#1547=ORIENTED_EDGE('',*,*,#1544,.T.) ;
#1548=ORIENTED_EDGE('',*,*,#1515,.T.) ;
#1549=ORIENTED_EDGE('',*,*,#1186,.F.) ;
#1565=ORIENTED_EDGE('',*,*,#1176,.F.) ;
#1566=ORIENTED_EDGE('',*,*,#1558,.F.) ;
#1567=ORIENTED_EDGE('',*,*,#1563,.T.) ;
#1568=ORIENTED_EDGE('',*,*,#1539,.T.) ;
#1577=ORIENTED_EDGE('',*,*,#1508,.F.) ;
#1578=ORIENTED_EDGE('',*,*,#1575,.T.) ;
#1579=ORIENTED_EDGE('',*,*,#1558,.T.) ;
#1580=ORIENTED_EDGE('',*,*,#1166,.F.) ;
#1608=ORIENTED_EDGE('',*,*,#1240,.F.) ;
#1609=ORIENTED_EDGE('',*,*,#1594,.F.) ;
#1610=ORIENTED_EDGE('',*,*,#1601,.T.) ;
#1611=ORIENTED_EDGE('',*,*,#1606,.T.) ;
#1632=ORIENTED_EDGE('',*,*,#1625,.F.) ;
#1633=ORIENTED_EDGE('',*,*,#1630,.T.) ;
#1634=ORIENTED_EDGE('',*,*,#1594,.T.) ;
#1635=ORIENTED_EDGE('',*,*,#1232,.F.) ;
#1651=ORIENTED_EDGE('',*,*,#1625,.T.) ;
#1652=ORIENTED_EDGE('',*,*,#1222,.F.) ;
#1653=ORIENTED_EDGE('',*,*,#1644,.F.) ;
#1654=ORIENTED_EDGE('',*,*,#1649,.T.) ;
#1663=ORIENTED_EDGE('',*,*,#1606,.F.) ;
#1664=ORIENTED_EDGE('',*,*,#1661,.T.) ;
#1665=ORIENTED_EDGE('',*,*,#1644,.T.) ;
#1666=ORIENTED_EDGE('',*,*,#1212,.F.) ;
#1694=ORIENTED_EDGE('',*,*,#1286,.F.) ;
#1695=ORIENTED_EDGE('',*,*,#1680,.F.) ;
#1696=ORIENTED_EDGE('',*,*,#1687,.T.) ;
#1697=ORIENTED_EDGE('',*,*,#1692,.T.) ;
#1718=ORIENTED_EDGE('',*,*,#1711,.F.) ;
#1719=ORIENTED_EDGE('',*,*,#1716,.T.) ;
#1720=ORIENTED_EDGE('',*,*,#1680,.T.) ;
#1721=ORIENTED_EDGE('',*,*,#1278,.F.) ;
#1737=ORIENTED_EDGE('',*,*,#1711,.T.) ;
#1738=ORIENTED_EDGE('',*,*,#1268,.F.) ;
#1739=ORIENTED_EDGE('',*,*,#1730,.F.) ;
#1740=ORIENTED_EDGE('',*,*,#1735,.T.) ;
#1749=ORIENTED_EDGE('',*,*,#1692,.F.) ;
#1750=ORIENTED_EDGE('',*,*,#1747,.T.) ;
#1751=ORIENTED_EDGE('',*,*,#1730,.T.) ;
#1752=ORIENTED_EDGE('',*,*,#1258,.F.) ;
#1805=ORIENTED_EDGE('',*,*,#1786,.T.) ;
#1806=ORIENTED_EDGE('',*,*,#1792,.T.) ;
#1807=ORIENTED_EDGE('',*,*,#1803,.F.) ;
#1808=ORIENTED_EDGE('',*,*,#1327,.F.) ;
#1843=ORIENTED_EDGE('',*,*,#1833,.T.) ;
#1844=ORIENTED_EDGE('',*,*,#1837,.T.) ;
#1845=ORIENTED_EDGE('',*,*,#1403,.F.) ;
#1846=ORIENTED_EDGE('',*,*,#1841,.F.) ;
#1907=ORIENTED_EDGE('',*,*,#1859,.F.) ;
#1908=ORIENTED_EDGE('',*,*,#1391,.F.) ;
#1909=ORIENTED_EDGE('',*,*,#1865,.T.) ;
#1910=ORIENTED_EDGE('',*,*,#1875,.F.) ;
#1911=ORIENTED_EDGE('',*,*,#1882,.T.) ;
#1912=ORIENTED_EDGE('',*,*,#1892,.F.) ;
#1913=ORIENTED_EDGE('',*,*,#1899,.F.) ;
#1914=ORIENTED_EDGE('',*,*,#1905,.T.) ;
#1957=ORIENTED_EDGE('',*,*,#1927,.T.) ;
#1958=ORIENTED_EDGE('',*,*,#1937,.T.) ;
#1959=ORIENTED_EDGE('',*,*,#1947,.T.) ;
#1960=ORIENTED_EDGE('',*,*,#1955,.T.) ;
#2003=ORIENTED_EDGE('',*,*,#1973,.T.) ;
#2004=ORIENTED_EDGE('',*,*,#1983,.T.) ;
#2005=ORIENTED_EDGE('',*,*,#1993,.T.) ;
#2006=ORIENTED_EDGE('',*,*,#2001,.T.) ;
#2034=ORIENTED_EDGE('',*,*,#1786,.F.) ;
#2035=ORIENTED_EDGE('',*,*,#2020,.F.) ;
#2036=ORIENTED_EDGE('',*,*,#2027,.F.) ;
#2037=ORIENTED_EDGE('',*,*,#2032,.T.) ;
#2073=ORIENTED_EDGE('',*,*,#2057,.T.) ;
#2074=ORIENTED_EDGE('',*,*,#2064,.T.) ;
#2075=ORIENTED_EDGE('',*,*,#2071,.F.) ;
#2076=ORIENTED_EDGE('',*,*,#1792,.F.) ;
#2097=ORIENTED_EDGE('',*,*,#2090,.T.) ;
#2098=ORIENTED_EDGE('',*,*,#2095,.T.) ;
#2099=ORIENTED_EDGE('',*,*,#1865,.F.) ;
#2100=ORIENTED_EDGE('',*,*,#1837,.F.) ;
#2129=ORIENTED_EDGE('',*,*,#1833,.F.) ;
#2130=ORIENTED_EDGE('',*,*,#2114,.T.) ;
#2131=ORIENTED_EDGE('',*,*,#2122,.T.) ;
#2132=ORIENTED_EDGE('',*,*,#2127,.F.) ;
#2160=ORIENTED_EDGE('',*,*,#2146,.T.) ;
#2161=ORIENTED_EDGE('',*,*,#1905,.F.) ;
#2162=ORIENTED_EDGE('',*,*,#2153,.F.) ;
#2163=ORIENTED_EDGE('',*,*,#2158,.T.) ;
#2191=ORIENTED_EDGE('',*,*,#2179,.T.) ;
#2192=ORIENTED_EDGE('',*,*,#2184,.T.) ;
#2193=ORIENTED_EDGE('',*,*,#1882,.F.) ;
#2194=ORIENTED_EDGE('',*,*,#2189,.F.) ;
#2222=ORIENTED_EDGE('',*,*,#2208,.T.) ;
#2223=ORIENTED_EDGE('',*,*,#1955,.F.) ;
#2224=ORIENTED_EDGE('',*,*,#2215,.F.) ;
#2225=ORIENTED_EDGE('',*,*,#2220,.T.) ;
#2246=ORIENTED_EDGE('',*,*,#2239,.T.) ;
#2247=ORIENTED_EDGE('',*,*,#2215,.T.) ;
#2248=ORIENTED_EDGE('',*,*,#1947,.F.) ;
#2249=ORIENTED_EDGE('',*,*,#2244,.F.) ;
#2265=ORIENTED_EDGE('',*,*,#2244,.T.) ;
#2266=ORIENTED_EDGE('',*,*,#1937,.F.) ;
#2267=ORIENTED_EDGE('',*,*,#2258,.F.) ;
#2268=ORIENTED_EDGE('',*,*,#2263,.T.) ;
#2277=ORIENTED_EDGE('',*,*,#2208,.F.) ;
#2278=ORIENTED_EDGE('',*,*,#2275,.T.) ;
#2279=ORIENTED_EDGE('',*,*,#2258,.T.) ;
#2280=ORIENTED_EDGE('',*,*,#1927,.F.) ;
#2308=ORIENTED_EDGE('',*,*,#2294,.T.) ;
#2309=ORIENTED_EDGE('',*,*,#2001,.F.) ;
#2310=ORIENTED_EDGE('',*,*,#2301,.F.) ;
#2311=ORIENTED_EDGE('',*,*,#2306,.T.) ;
#2332=ORIENTED_EDGE('',*,*,#2325,.T.) ;
#2333=ORIENTED_EDGE('',*,*,#2301,.T.) ;
#2334=ORIENTED_EDGE('',*,*,#1993,.F.) ;
#2335=ORIENTED_EDGE('',*,*,#2330,.F.) ;
#2351=ORIENTED_EDGE('',*,*,#2330,.T.) ;
#2352=ORIENTED_EDGE('',*,*,#1983,.F.) ;
#2353=ORIENTED_EDGE('',*,*,#2344,.F.) ;
#2354=ORIENTED_EDGE('',*,*,#2349,.T.) ;
#2363=ORIENTED_EDGE('',*,*,#2294,.F.) ;
#2364=ORIENTED_EDGE('',*,*,#2361,.T.) ;
#2365=ORIENTED_EDGE('',*,*,#2344,.T.) ;
#2366=ORIENTED_EDGE('',*,*,#1973,.F.) ;
#2393=ORIENTED_EDGE('',*,*,#2382,.T.) ;
#2394=ORIENTED_EDGE('',*,*,#2386,.F.) ;
#2395=ORIENTED_EDGE('',*,*,#2057,.F.) ;
#2396=ORIENTED_EDGE('',*,*,#2032,.F.) ;
#2397=ORIENTED_EDGE('',*,*,#2391,.F.) ;
#2418=ORIENTED_EDGE('',*,*,#2386,.T.) ;
#2419=ORIENTED_EDGE('',*,*,#2411,.T.) ;
#2420=ORIENTED_EDGE('',*,*,#2416,.F.) ;
#2421=ORIENTED_EDGE('',*,*,#2064,.F.) ;
#2457=ORIENTED_EDGE('',*,*,#2158,.F.) ;
#2458=ORIENTED_EDGE('',*,*,#2435,.T.) ;
#2459=ORIENTED_EDGE('',*,*,#2443,.T.) ;
#2460=ORIENTED_EDGE('',*,*,#2179,.F.) ;
#2461=ORIENTED_EDGE('',*,*,#2451,.T.) ;
#2462=ORIENTED_EDGE('',*,*,#2090,.F.) ;
#2463=ORIENTED_EDGE('',*,*,#2127,.T.) ;
#2464=ORIENTED_EDGE('',*,*,#2455,.T.) ;
#2467=ORIENTED_EDGE('',*,*,#2220,.F.) ;
#2468=ORIENTED_EDGE('',*,*,#2239,.F.) ;
#2469=ORIENTED_EDGE('',*,*,#2263,.F.) ;
#2470=ORIENTED_EDGE('',*,*,#2275,.F.) ;
#2473=ORIENTED_EDGE('',*,*,#2349,.F.) ;
#2474=ORIENTED_EDGE('',*,*,#2361,.F.) ;
#2475=ORIENTED_EDGE('',*,*,#2306,.F.) ;
#2476=ORIENTED_EDGE('',*,*,#2325,.F.) ;
#2505=ORIENTED_EDGE('',*,*,#2491,.F.) ;
#2506=ORIENTED_EDGE('',*,*,#2382,.F.) ;
#2507=ORIENTED_EDGE('',*,*,#2498,.T.) ;
#2508=ORIENTED_EDGE('',*,*,#2503,.T.) ;
#2543=ORIENTED_EDGE('',*,*,#2491,.T.) ;
#2544=ORIENTED_EDGE('',*,*,#2535,.T.) ;
#2545=ORIENTED_EDGE('',*,*,#2541,.F.) ;
#2546=ORIENTED_EDGE('',*,*,#2411,.F.) ;
#2574=ORIENTED_EDGE('',*,*,#2560,.F.) ;
#2575=ORIENTED_EDGE('',*,*,#2567,.T.) ;
#2576=ORIENTED_EDGE('',*,*,#2572,.T.) ;
#2577=ORIENTED_EDGE('',*,*,#2498,.F.) ;
#2640=ORIENTED_EDGE('',*,*,#2591,.T.) ;
#2641=ORIENTED_EDGE('',*,*,#2601,.T.) ;
#2642=ORIENTED_EDGE('',*,*,#2608,.T.) ;
#2643=ORIENTED_EDGE('',*,*,#2618,.T.) ;
#2644=ORIENTED_EDGE('',*,*,#2625,.T.) ;
#2645=ORIENTED_EDGE('',*,*,#2634,.F.) ;
#2646=ORIENTED_EDGE('',*,*,#2638,.F.) ;
#2647=ORIENTED_EDGE('',*,*,#2503,.F.) ;
#2702=ORIENTED_EDGE('',*,*,#2669,.F.) ;
#2703=ORIENTED_EDGE('',*,*,#2676,.F.) ;
#2704=ORIENTED_EDGE('',*,*,#2695,.F.) ;
#2705=ORIENTED_EDGE('',*,*,#2700,.T.) ;
#2726=ORIENTED_EDGE('',*,*,#2638,.T.) ;
#2727=ORIENTED_EDGE('',*,*,#2719,.T.) ;
#2728=ORIENTED_EDGE('',*,*,#2724,.F.) ;
#2729=ORIENTED_EDGE('',*,*,#2535,.F.) ;
#2750=ORIENTED_EDGE('',*,*,#2572,.F.) ;
#2751=ORIENTED_EDGE('',*,*,#2743,.T.) ;
#2752=ORIENTED_EDGE('',*,*,#2748,.F.) ;
#2753=ORIENTED_EDGE('',*,*,#2591,.F.) ;
#2774=ORIENTED_EDGE('',*,*,#2748,.T.) ;
#2775=ORIENTED_EDGE('',*,*,#2767,.T.) ;
#2776=ORIENTED_EDGE('',*,*,#2772,.F.) ;
#2777=ORIENTED_EDGE('',*,*,#2601,.F.) ;
#2798=ORIENTED_EDGE('',*,*,#2608,.F.) ;
#2799=ORIENTED_EDGE('',*,*,#2772,.T.) ;
#2800=ORIENTED_EDGE('',*,*,#2791,.T.) ;
#2801=ORIENTED_EDGE('',*,*,#2796,.F.) ;
#2822=ORIENTED_EDGE('',*,*,#2796,.T.) ;
#2823=ORIENTED_EDGE('',*,*,#2815,.T.) ;
#2824=ORIENTED_EDGE('',*,*,#2820,.F.) ;
#2825=ORIENTED_EDGE('',*,*,#2618,.F.) ;
#2846=ORIENTED_EDGE('',*,*,#2625,.F.) ;
#2847=ORIENTED_EDGE('',*,*,#2820,.T.) ;
#2848=ORIENTED_EDGE('',*,*,#2839,.T.) ;
#2849=ORIENTED_EDGE('',*,*,#2844,.F.) ;
#2877=ORIENTED_EDGE('',*,*,#2700,.F.) ;
#2878=ORIENTED_EDGE('',*,*,#2863,.T.) ;
#2879=ORIENTED_EDGE('',*,*,#2870,.T.) ;
#2880=ORIENTED_EDGE('',*,*,#2875,.F.) ;
#2901=ORIENTED_EDGE('',*,*,#2892,.T.) ;
#2902=ORIENTED_EDGE('',*,*,#2724,.T.) ;
#2903=ORIENTED_EDGE('',*,*,#2899,.T.) ;
#2904=ORIENTED_EDGE('',*,*,#2839,.F.) ;
#2905=ORIENTED_EDGE('',*,*,#2815,.F.) ;
#2906=ORIENTED_EDGE('',*,*,#2791,.F.) ;
#2907=ORIENTED_EDGE('',*,*,#2767,.F.) ;
#2908=ORIENTED_EDGE('',*,*,#2743,.F.) ;
#2954=ORIENTED_EDGE('',*,*,#2870,.F.) ;
#2955=ORIENTED_EDGE('',*,*,#2928,.T.) ;
#2956=ORIENTED_EDGE('',*,*,#2935,.T.) ;
#2957=ORIENTED_EDGE('',*,*,#2952,.T.) ;
#2971=ORIENTED_EDGE('',*,*,#2969,.T.) ;
#2972=ORIENTED_EDGE('',*,*,#2928,.F.) ;
#2973=ORIENTED_EDGE('',*,*,#2863,.F.) ;
#2974=ORIENTED_EDGE('',*,*,#2695,.T.) ;
#2988=ORIENTED_EDGE('',*,*,#2986,.T.) ;
#2989=ORIENTED_EDGE('',*,*,#2935,.F.) ;
#2990=ORIENTED_EDGE('',*,*,#2969,.F.) ;
#2991=ORIENTED_EDGE('',*,*,#2676,.T.) ;
#3000=ORIENTED_EDGE('',*,*,#2669,.T.) ;
#3001=ORIENTED_EDGE('',*,*,#2875,.T.) ;
#3002=ORIENTED_EDGE('',*,*,#2952,.F.) ;
#3003=ORIENTED_EDGE('',*,*,#2986,.F.) ;
#3016=ORIENTED_EDGE('',*,*,#2634,.T.) ;
#3017=ORIENTED_EDGE('',*,*,#2844,.T.) ;
#3018=ORIENTED_EDGE('',*,*,#2899,.F.) ;
#3019=ORIENTED_EDGE('',*,*,#2719,.F.) ;
#3033=ORIENTED_EDGE('',*,*,#3031,.T.) ;
#3034=ORIENTED_EDGE('',*,*,#2541,.T.) ;
#3035=ORIENTED_EDGE('',*,*,#2892,.F.) ;
#3036=ORIENTED_EDGE('',*,*,#2567,.F.) ;
#3057=ORIENTED_EDGE('',*,*,#3050,.F.) ;
#3058=ORIENTED_EDGE('',*,*,#3055,.F.) ;
#3059=ORIENTED_EDGE('',*,*,#2560,.T.) ;
#3060=ORIENTED_EDGE('',*,*,#2391,.T.) ;
#3074=ORIENTED_EDGE('',*,*,#3072,.T.) ;
#3075=ORIENTED_EDGE('',*,*,#2071,.T.) ;
#3076=ORIENTED_EDGE('',*,*,#2416,.T.) ;
#3077=ORIENTED_EDGE('',*,*,#3031,.F.) ;
#3078=ORIENTED_EDGE('',*,*,#3055,.T.) ;
#3097=ORIENTED_EDGE('',*,*,#3090,.T.) ;
#3098=ORIENTED_EDGE('',*,*,#3095,.F.) ;
#3099=ORIENTED_EDGE('',*,*,#3050,.T.) ;
#3100=ORIENTED_EDGE('',*,*,#2027,.T.) ;
#3114=ORIENTED_EDGE('',*,*,#1859,.T.) ;
#3115=ORIENTED_EDGE('',*,*,#2146,.F.) ;
#3116=ORIENTED_EDGE('',*,*,#2455,.F.) ;
#3117=ORIENTED_EDGE('',*,*,#3112,.T.) ;
#3126=ORIENTED_EDGE('',*,*,#2189,.T.) ;
#3127=ORIENTED_EDGE('',*,*,#1875,.T.) ;
#3128=ORIENTED_EDGE('',*,*,#2095,.F.) ;
#3129=ORIENTED_EDGE('',*,*,#2451,.F.) ;
#3143=ORIENTED_EDGE('',*,*,#3141,.T.) ;
#3144=ORIENTED_EDGE('',*,*,#1892,.T.) ;
#3145=ORIENTED_EDGE('',*,*,#2184,.F.) ;
#3146=ORIENTED_EDGE('',*,*,#2443,.F.) ;
#3155=ORIENTED_EDGE('',*,*,#2435,.F.) ;
#3156=ORIENTED_EDGE('',*,*,#2153,.T.) ;
#3157=ORIENTED_EDGE('',*,*,#1899,.T.) ;
#3158=ORIENTED_EDGE('',*,*,#3141,.F.) ;
#3179=ORIENTED_EDGE('',*,*,#2122,.F.) ;
#3180=ORIENTED_EDGE('',*,*,#3177,.T.) ;
#3181=ORIENTED_EDGE('',*,*,#1397,.T.) ;
#3182=ORIENTED_EDGE('',*,*,#3112,.F.) ;
#3196=ORIENTED_EDGE('',*,*,#3194,.F.) ;
#3197=ORIENTED_EDGE('',*,*,#1370,.T.) ;
#3198=ORIENTED_EDGE('',*,*,#1045,.T.) ;
#3199=ORIENTED_EDGE('',*,*,#3177,.F.) ;
#3213=ORIENTED_EDGE('',*,*,#1334,.T.) ;
#3214=ORIENTED_EDGE('',*,*,#1062,.T.) ;
#3215=ORIENTED_EDGE('',*,*,#1365,.F.) ;
#3216=ORIENTED_EDGE('',*,*,#3211,.F.) ;
#3225=ORIENTED_EDGE('',*,*,#3095,.T.) ;
#3226=ORIENTED_EDGE('',*,*,#1076,.T.) ;
#3227=ORIENTED_EDGE('',*,*,#1803,.T.) ;
#3228=ORIENTED_EDGE('',*,*,#3072,.F.) ;
#3249=ORIENTED_EDGE('',*,*,#3242,.F.) ;
#3250=ORIENTED_EDGE('',*,*,#3247,.T.) ;
#3251=ORIENTED_EDGE('',*,*,#1083,.T.) ;
#3252=ORIENTED_EDGE('',*,*,#3090,.F.) ;
#3266=ORIENTED_EDGE('',*,*,#1009,.T.) ;
#3267=ORIENTED_EDGE('',*,*,#1089,.T.) ;
#3268=ORIENTED_EDGE('',*,*,#3247,.F.) ;
#3269=ORIENTED_EDGE('',*,*,#3264,.F.) ;
#3278=ORIENTED_EDGE('',*,*,#3276,.F.) ;
#3279=ORIENTED_EDGE('',*,*,#1841,.T.) ;
#3280=ORIENTED_EDGE('',*,*,#1032,.T.) ;
#3281=ORIENTED_EDGE('',*,*,#560,.F.) ;
#3290=ORIENTED_EDGE('',*,*,#484,.F.) ;
#3291=ORIENTED_EDGE('',*,*,#573,.T.) ;
#3292=ORIENTED_EDGE('',*,*,#1093,.F.) ;
#3293=ORIENTED_EDGE('',*,*,#416,.T.) ;
#3294=ORIENTED_EDGE('',*,*,#335,.T.) ;
#3295=ORIENTED_EDGE('',*,*,#1303,.T.) ;
#3304=ORIENTED_EDGE('',*,*,#553,.T.) ;
#3305=ORIENTED_EDGE('',*,*,#981,.F.) ;
#3306=ORIENTED_EDGE('',*,*,#402,.T.) ;
#3307=ORIENTED_EDGE('',*,*,#1014,.T.) ;
#3308=ORIENTED_EDGE('',*,*,#3264,.T.) ;
#3309=ORIENTED_EDGE('',*,*,#3242,.T.) ;
#3310=ORIENTED_EDGE('',*,*,#2020,.T.) ;
#3311=ORIENTED_EDGE('',*,*,#1339,.F.) ;
#3312=ORIENTED_EDGE('',*,*,#3211,.T.) ;
#3313=ORIENTED_EDGE('',*,*,#1360,.F.) ;
#3314=ORIENTED_EDGE('',*,*,#3194,.T.) ;
#3315=ORIENTED_EDGE('',*,*,#2114,.F.) ;
#3316=ORIENTED_EDGE('',*,*,#3276,.T.) ;
#3319=ORIENTED_EDGE('',*,*,#1429,.F.) ;
#3320=ORIENTED_EDGE('',*,*,#1453,.F.) ;
#3321=ORIENTED_EDGE('',*,*,#1477,.F.) ;
#3322=ORIENTED_EDGE('',*,*,#1489,.F.) ;
#3325=ORIENTED_EDGE('',*,*,#1520,.F.) ;
#3326=ORIENTED_EDGE('',*,*,#1544,.F.) ;
#3327=ORIENTED_EDGE('',*,*,#1563,.F.) ;
#3328=ORIENTED_EDGE('',*,*,#1575,.F.) ;
#3331=ORIENTED_EDGE('',*,*,#1601,.F.) ;
#3332=ORIENTED_EDGE('',*,*,#1630,.F.) ;
#3333=ORIENTED_EDGE('',*,*,#1649,.F.) ;
#3334=ORIENTED_EDGE('',*,*,#1661,.F.) ;
#3337=ORIENTED_EDGE('',*,*,#1687,.F.) ;
#3338=ORIENTED_EDGE('',*,*,#1716,.F.) ;
#3339=ORIENTED_EDGE('',*,*,#1735,.F.) ;
#3340=ORIENTED_EDGE('',*,*,#1747,.F.) ;
#3354=ORIENTED_EDGE('',*,*,#3352,.F.) ;
#3355=ORIENTED_EDGE('',*,*,#356,.T.) ;
#3356=ORIENTED_EDGE('',*,*,#976,.T.) ;
#3357=ORIENTED_EDGE('',*,*,#463,.F.) ;
#3371=ORIENTED_EDGE('',*,*,#456,.F.) ;
#3372=ORIENTED_EDGE('',*,*,#3369,.F.) ;
#3373=ORIENTED_EDGE('',*,*,#363,.T.) ;
#3374=ORIENTED_EDGE('',*,*,#3352,.T.) ;
#3383=ORIENTED_EDGE('',*,*,#1308,.F.) ;
#3384=ORIENTED_EDGE('',*,*,#321,.F.) ;
#3385=ORIENTED_EDGE('',*,*,#277,.T.) ;
#3386=ORIENTED_EDGE('',*,*,#496,.T.) ;
#3400=ORIENTED_EDGE('',*,*,#368,.T.) ;
#3401=ORIENTED_EDGE('',*,*,#3369,.T.) ;
#3402=ORIENTED_EDGE('',*,*,#449,.F.) ;
#3403=ORIENTED_EDGE('',*,*,#526,.T.) ;
#3404=ORIENTED_EDGE('',*,*,#599,.F.) ;
#3405=ORIENTED_EDGE('',*,*,#618,.F.) ;
#3406=ORIENTED_EDGE('',*,*,#642,.F.) ;
#3407=ORIENTED_EDGE('',*,*,#666,.F.) ;
#3408=ORIENTED_EDGE('',*,*,#690,.F.) ;
#3409=ORIENTED_EDGE('',*,*,#714,.F.) ;
#3410=ORIENTED_EDGE('',*,*,#738,.F.) ;
#3411=ORIENTED_EDGE('',*,*,#762,.F.) ;
#3412=ORIENTED_EDGE('',*,*,#786,.F.) ;
#3413=ORIENTED_EDGE('',*,*,#810,.F.) ;
#3414=ORIENTED_EDGE('',*,*,#834,.F.) ;
#3415=ORIENTED_EDGE('',*,*,#858,.F.) ;
#3416=ORIENTED_EDGE('',*,*,#882,.F.) ;
#3417=ORIENTED_EDGE('',*,*,#906,.F.) ;
#3418=ORIENTED_EDGE('',*,*,#930,.F.) ;
#3419=ORIENTED_EDGE('',*,*,#954,.F.) ;
#3420=ORIENTED_EDGE('',*,*,#3398,.F.) ;
#3421=ORIENTED_EDGE('',*,*,#113,.F.) ;
#3422=ORIENTED_EDGE('',*,*,#44,.T.) ;
#3423=ORIENTED_EDGE('',*,*,#82,.F.) ;
#3432=ORIENTED_EDGE('',*,*,#120,.T.) ;
#3433=ORIENTED_EDGE('',*,*,#3398,.T.) ;
#3434=ORIENTED_EDGE('',*,*,#959,.F.) ;
#3435=ORIENTED_EDGE('',*,*,#144,.F.) ;
#21=MANIFOLD_SOLID_BREP('SUPPORT ARRIERE',#30) ;
#41=VERTEX_POINT('',#40) ;
#43=VERTEX_POINT('',#42) ;
#50=VERTEX_POINT('',#49) ;
#57=VERTEX_POINT('',#56) ;
#81=VERTEX_POINT('',#80) ;
#88=VERTEX_POINT('',#87) ;
#112=VERTEX_POINT('',#111) ;
#119=VERTEX_POINT('',#118) ;
#143=VERTEX_POINT('',#142) ;
#150=VERTEX_POINT('',#149) ;
#157=VERTEX_POINT('',#156) ;
#164=VERTEX_POINT('',#163) ;
#171=VERTEX_POINT('',#170) ;
#178=VERTEX_POINT('',#177) ;
#185=VERTEX_POINT('',#184) ;
#192=VERTEX_POINT('',#191) ;
#199=VERTEX_POINT('',#198) ;
#206=VERTEX_POINT('',#205) ;
#213=VERTEX_POINT('',#212) ;
#220=VERTEX_POINT('',#219) ;
#227=VERTEX_POINT('',#226) ;
#234=VERTEX_POINT('',#233) ;
#241=VERTEX_POINT('',#240) ;
#248=VERTEX_POINT('',#247) ;
#255=VERTEX_POINT('',#254) ;
#262=VERTEX_POINT('',#261) ;
#269=VERTEX_POINT('',#268) ;
#276=VERTEX_POINT('',#275) ;
#320=VERTEX_POINT('',#319) ;
#327=VERTEX_POINT('',#326) ;
#334=VERTEX_POINT('',#333) ;
#341=VERTEX_POINT('',#340) ;
#348=VERTEX_POINT('',#347) ;
#355=VERTEX_POINT('',#354) ;
#362=VERTEX_POINT('',#361) ;
#392=VERTEX_POINT('',#391) ;
#394=VERTEX_POINT('',#393) ;
#401=VERTEX_POINT('',#400) ;
#415=VERTEX_POINT('',#414) ;
#441=VERTEX_POINT('',#440) ;
#448=VERTEX_POINT('',#447) ;
#455=VERTEX_POINT('',#454) ;
#462=VERTEX_POINT('',#461) ;
#469=VERTEX_POINT('',#468) ;
#476=VERTEX_POINT('',#475) ;
#483=VERTEX_POINT('',#482) ;
#490=VERTEX_POINT('',#489) ;
#520=VERTEX_POINT('',#519) ;
#545=VERTEX_POINT('',#544) ;
#552=VERTEX_POINT('',#551) ;
#559=VERTEX_POINT('',#558) ;
#566=VERTEX_POINT('',#565) ;
#593=VERTEX_POINT('',#592) ;
#617=VERTEX_POINT('',#616) ;
#641=VERTEX_POINT('',#640) ;
#665=VERTEX_POINT('',#664) ;
#689=VERTEX_POINT('',#688) ;
#713=VERTEX_POINT('',#712) ;
#737=VERTEX_POINT('',#736) ;
#761=VERTEX_POINT('',#760) ;
#785=VERTEX_POINT('',#784) ;
#809=VERTEX_POINT('',#808) ;
#833=VERTEX_POINT('',#832) ;
#857=VERTEX_POINT('',#856) ;
#881=VERTEX_POINT('',#880) ;
#905=VERTEX_POINT('',#904) ;
#929=VERTEX_POINT('',#928) ;
#953=VERTEX_POINT('',#952) ;
#1001=VERTEX_POINT('',#1000) ;
#1008=VERTEX_POINT('',#1007) ;
#1031=VERTEX_POINT('',#1030) ;
#1038=VERTEX_POINT('',#1037) ;
#1044=VERTEX_POINT('',#1043) ;
#1051=VERTEX_POINT('',#1050) ;
#1061=VERTEX_POINT('',#1060) ;
#1068=VERTEX_POINT('',#1067) ;
#1075=VERTEX_POINT('',#1074) ;
#1082=VERTEX_POINT('',#1081) ;
#1117=VERTEX_POINT('',#1116) ;
#1119=VERTEX_POINT('',#1118) ;
#1129=VERTEX_POINT('',#1128) ;
#1139=VERTEX_POINT('',#1138) ;
#1163=VERTEX_POINT('',#1162) ;
#1165=VERTEX_POINT('',#1164) ;
#1175=VERTEX_POINT('',#1174) ;
#1185=VERTEX_POINT('',#1184) ;
#1209=VERTEX_POINT('',#1208) ;
#1211=VERTEX_POINT('',#1210) ;
#1221=VERTEX_POINT('',#1220) ;
#1231=VERTEX_POINT('',#1230) ;
#1255=VERTEX_POINT('',#1254) ;
#1257=VERTEX_POINT('',#1256) ;
#1267=VERTEX_POINT('',#1266) ;
#1277=VERTEX_POINT('',#1276) ;
#1326=VERTEX_POINT('',#1325) ;
#1333=VERTEX_POINT('',#1332) ;
#1357=VERTEX_POINT('',#1356) ;
#1359=VERTEX_POINT('',#1358) ;
#1388=VERTEX_POINT('',#1387) ;
#1390=VERTEX_POINT('',#1389) ;
#1421=VERTEX_POINT('',#1420) ;
#1428=VERTEX_POINT('',#1427) ;
#1447=VERTEX_POINT('',#1446) ;
#1471=VERTEX_POINT('',#1470) ;
#1507=VERTEX_POINT('',#1506) ;
#1514=VERTEX_POINT('',#1513) ;
#1538=VERTEX_POINT('',#1537) ;
#1557=VERTEX_POINT('',#1556) ;
#1593=VERTEX_POINT('',#1592) ;
#1600=VERTEX_POINT('',#1599) ;
#1624=VERTEX_POINT('',#1623) ;
#1643=VERTEX_POINT('',#1642) ;
#1679=VERTEX_POINT('',#1678) ;
#1686=VERTEX_POINT('',#1685) ;
#1710=VERTEX_POINT('',#1709) ;
#1729=VERTEX_POINT('',#1728) ;
#1785=VERTEX_POINT('',#1784) ;
#1791=VERTEX_POINT('',#1790) ;
#1830=VERTEX_POINT('',#1829) ;
#1832=VERTEX_POINT('',#1831) ;
#1858=VERTEX_POINT('',#1857) ;
#1864=VERTEX_POINT('',#1863) ;
#1874=VERTEX_POINT('',#1873) ;
#1881=VERTEX_POINT('',#1880) ;
#1891=VERTEX_POINT('',#1890) ;
#1898=VERTEX_POINT('',#1897) ;
#1924=VERTEX_POINT('',#1923) ;
#1926=VERTEX_POINT('',#1925) ;
#1936=VERTEX_POINT('',#1935) ;
#1946=VERTEX_POINT('',#1945) ;
#1970=VERTEX_POINT('',#1969) ;
#1972=VERTEX_POINT('',#1971) ;
#1982=VERTEX_POINT('',#1981) ;
#1992=VERTEX_POINT('',#1991) ;
#2019=VERTEX_POINT('',#2018) ;
#2026=VERTEX_POINT('',#2025) ;
#2056=VERTEX_POINT('',#2055) ;
#2063=VERTEX_POINT('',#2062) ;
#2089=VERTEX_POINT('',#2088) ;
#2113=VERTEX_POINT('',#2112) ;
#2121=VERTEX_POINT('',#2120) ;
#2145=VERTEX_POINT('',#2144) ;
#2152=VERTEX_POINT('',#2151) ;
#2176=VERTEX_POINT('',#2175) ;
#2178=VERTEX_POINT('',#2177) ;
#2207=VERTEX_POINT('',#2206) ;
#2214=VERTEX_POINT('',#2213) ;
#2238=VERTEX_POINT('',#2237) ;
#2257=VERTEX_POINT('',#2256) ;
#2293=VERTEX_POINT('',#2292) ;
#2300=VERTEX_POINT('',#2299) ;
#2324=VERTEX_POINT('',#2323) ;
#2343=VERTEX_POINT('',#2342) ;
#2379=VERTEX_POINT('',#2378) ;
#2381=VERTEX_POINT('',#2380) ;
#2410=VERTEX_POINT('',#2409) ;
#2434=VERTEX_POINT('',#2433) ;
#2490=VERTEX_POINT('',#2489) ;
#2497=VERTEX_POINT('',#2496) ;
#2534=VERTEX_POINT('',#2533) ;
#2559=VERTEX_POINT('',#2558) ;
#2566=VERTEX_POINT('',#2565) ;
#2590=VERTEX_POINT('',#2589) ;
#2600=VERTEX_POINT('',#2599) ;
#2607=VERTEX_POINT('',#2606) ;
#2617=VERTEX_POINT('',#2616) ;
#2624=VERTEX_POINT('',#2623) ;
#2633=VERTEX_POINT('',#2632) ;
#2666=VERTEX_POINT('',#2665) ;
#2668=VERTEX_POINT('',#2667) ;
#2675=VERTEX_POINT('',#2674) ;
#2694=VERTEX_POINT('',#2693) ;
#2718=VERTEX_POINT('',#2717) ;
#2742=VERTEX_POINT('',#2741) ;
#2766=VERTEX_POINT('',#2765) ;
#2790=VERTEX_POINT('',#2789) ;
#2814=VERTEX_POINT('',#2813) ;
#2838=VERTEX_POINT('',#2837) ;
#2862=VERTEX_POINT('',#2861) ;
#2869=VERTEX_POINT('',#2868) ;
#2927=VERTEX_POINT('',#2926) ;
#2934=VERTEX_POINT('',#2933) ;
#3049=VERTEX_POINT('',#3048) ;
#3241=VERTEX_POINT('',#3240) ;
#3438=ADVANCED_BREP_SHAPE_REPRESENTATION('NONE',(#21),#16) ;
#70=ADVANCED_FACE('SUPPORT ARRIERE',(#69),#35,.T.) ;
#101=ADVANCED_FACE('SUPPORT ARRIERE',(#100),#75,.T.) ;
#132=ADVANCED_FACE('SUPPORT ARRIERE',(#131),#106,.T.) ;
#309=ADVANCED_FACE('SUPPORT ARRIERE',(#308),#137,.F.) ;
#381=ADVANCED_FACE('SUPPORT ARRIERE',(#380),#314,.F.) ;
#430=ADVANCED_FACE('SUPPORT ARRIERE',(#429),#386,.F.) ;
#509=ADVANCED_FACE('SUPPORT ARRIERE',(#508),#435,.F.) ;
#533=ADVANCED_FACE('SUPPORT ARRIERE',(#532),#514,.F.) ;
#582=ADVANCED_FACE('SUPPORT ARRIERE',(#581),#538,.F.) ;
#606=ADVANCED_FACE('SUPPORT ARRIERE',(#605),#587,.F.) ;
#630=ADVANCED_FACE('SUPPORT ARRIERE',(#629),#611,.T.) ;
#654=ADVANCED_FACE('SUPPORT ARRIERE',(#653),#635,.T.) ;
#678=ADVANCED_FACE('SUPPORT ARRIERE',(#677),#659,.F.) ;
#702=ADVANCED_FACE('SUPPORT ARRIERE',(#701),#683,.T.) ;
#726=ADVANCED_FACE('SUPPORT ARRIERE',(#725),#707,.F.) ;
#750=ADVANCED_FACE('SUPPORT ARRIERE',(#749),#731,.T.) ;
#774=ADVANCED_FACE('SUPPORT ARRIERE',(#773),#755,.T.) ;
#798=ADVANCED_FACE('SUPPORT ARRIERE',(#797),#779,.T.) ;
#822=ADVANCED_FACE('SUPPORT ARRIERE',(#821),#803,.T.) ;
#846=ADVANCED_FACE('SUPPORT ARRIERE',(#845),#827,.T.) ;
#870=ADVANCED_FACE('SUPPORT ARRIERE',(#869),#851,.F.) ;
#894=ADVANCED_FACE('SUPPORT ARRIERE',(#893),#875,.T.) ;
#918=ADVANCED_FACE('SUPPORT ARRIERE',(#917),#899,.F.) ;
#942=ADVANCED_FACE('SUPPORT ARRIERE',(#941),#923,.T.) ;
#966=ADVANCED_FACE('SUPPORT ARRIERE',(#965),#947,.T.) ;
#990=ADVANCED_FACE('SUPPORT ARRIERE',(#989),#971,.T.) ;
#1021=ADVANCED_FACE('SUPPORT ARRIERE',(#1020),#995,.T.) ;
#1293=ADVANCED_FACE('SUPPORT ARRIERE',(#1108,#1154,#1200,#1246,#1292),#1026,.F.) ;
#1315=ADVANCED_FACE('SUPPORT ARRIERE',(#1314),#1298,.F.) ;
#1346=ADVANCED_FACE('SUPPORT ARRIERE',(#1345),#1320,.F.) ;
#1377=ADVANCED_FACE('SUPPORT ARRIERE',(#1376),#1351,.T.) ;
#1410=ADVANCED_FACE('SUPPORT ARRIERE',(#1409),#1382,.F.) ;
#1441=ADVANCED_FACE('SUPPORT ARRIERE',(#1440),#1415,.F.) ;
#1460=ADVANCED_FACE('SUPPORT ARRIERE',(#1459),#1415,.F.) ;
#1484=ADVANCED_FACE('SUPPORT ARRIERE',(#1483),#1465,.F.) ;
#1496=ADVANCED_FACE('SUPPORT ARRIERE',(#1495),#1465,.F.) ;
#1527=ADVANCED_FACE('SUPPORT ARRIERE',(#1526),#1501,.F.) ;
#1551=ADVANCED_FACE('SUPPORT ARRIERE',(#1550),#1532,.F.) ;
#1570=ADVANCED_FACE('SUPPORT ARRIERE',(#1569),#1532,.F.) ;
#1582=ADVANCED_FACE('SUPPORT ARRIERE',(#1581),#1501,.F.) ;
#1613=ADVANCED_FACE('SUPPORT ARRIERE',(#1612),#1587,.F.) ;
#1637=ADVANCED_FACE('SUPPORT ARRIERE',(#1636),#1618,.F.) ;
#1656=ADVANCED_FACE('SUPPORT ARRIERE',(#1655),#1618,.F.) ;
#1668=ADVANCED_FACE('SUPPORT ARRIERE',(#1667),#1587,.F.) ;
#1699=ADVANCED_FACE('SUPPORT ARRIERE',(#1698),#1673,.F.) ;
#1723=ADVANCED_FACE('SUPPORT ARRIERE',(#1722),#1704,.F.) ;
#1742=ADVANCED_FACE('SUPPORT ARRIERE',(#1741),#1704,.F.) ;
#1754=ADVANCED_FACE('SUPPORT ARRIERE',(#1753),#1673,.F.) ;
#1810=ADVANCED_FACE('SUPPORT ARRIERE',(#1809),#1755,.T.) ;
#1848=ADVANCED_FACE('SUPPORT ARRIERE',(#1847),#1811,.F.) ;
#2008=ADVANCED_FACE('SUPPORT ARRIERE',(#1915,#1961,#2007),#1853,.F.) ;
#2039=ADVANCED_FACE('SUPPORT ARRIERE',(#2038),#2013,.F.) ;
#2078=ADVANCED_FACE('SUPPORT ARRIERE',(#2077),#2048,.F.) ;
#2102=ADVANCED_FACE('SUPPORT ARRIERE',(#2101),#2083,.F.) ;
#2134=ADVANCED_FACE('SUPPORT ARRIERE',(#2133),#2107,.T.) ;
#2165=ADVANCED_FACE('SUPPORT ARRIERE',(#2164),#2139,.F.) ;
#2196=ADVANCED_FACE('SUPPORT ARRIERE',(#2195),#2170,.T.) ;
#2227=ADVANCED_FACE('SUPPORT ARRIERE',(#2226),#2201,.F.) ;
#2251=ADVANCED_FACE('SUPPORT ARRIERE',(#2250),#2232,.F.) ;
#2270=ADVANCED_FACE('SUPPORT ARRIERE',(#2269),#2232,.F.) ;
#2282=ADVANCED_FACE('SUPPORT ARRIERE',(#2281),#2201,.F.) ;
#2313=ADVANCED_FACE('SUPPORT ARRIERE',(#2312),#2287,.F.) ;
#2337=ADVANCED_FACE('SUPPORT ARRIERE',(#2336),#2318,.F.) ;
#2356=ADVANCED_FACE('SUPPORT ARRIERE',(#2355),#2318,.F.) ;
#2368=ADVANCED_FACE('SUPPORT ARRIERE',(#2367),#2287,.F.) ;
#2399=ADVANCED_FACE('SUPPORT ARRIERE',(#2398),#2373,.T.) ;
#2423=ADVANCED_FACE('SUPPORT ARRIERE',(#2422),#2404,.T.) ;
#2478=ADVANCED_FACE('SUPPORT ARRIERE',(#2465,#2471,#2477),#2428,.T.) ;
#2510=ADVANCED_FACE('SUPPORT ARRIERE',(#2509),#2483,.T.) ;
#2548=ADVANCED_FACE('SUPPORT ARRIERE',(#2547),#2511,.F.) ;
#2579=ADVANCED_FACE('SUPPORT ARRIERE',(#2578),#2553,.F.) ;
#2707=ADVANCED_FACE('SUPPORT ARRIERE',(#2648,#2706),#2584,.T.) ;
#2731=ADVANCED_FACE('SUPPORT ARRIERE',(#2730),#2712,.F.) ;
#2755=ADVANCED_FACE('SUPPORT ARRIERE',(#2754),#2736,.F.) ;
#2779=ADVANCED_FACE('SUPPORT ARRIERE',(#2778),#2760,.T.) ;
#2803=ADVANCED_FACE('SUPPORT ARRIERE',(#2802),#2784,.F.) ;
#2827=ADVANCED_FACE('SUPPORT ARRIERE',(#2826),#2808,.T.) ;
#2851=ADVANCED_FACE('SUPPORT ARRIERE',(#2850),#2832,.T.) ;
#2882=ADVANCED_FACE('SUPPORT ARRIERE',(#2881),#2856,.T.) ;
#2959=ADVANCED_FACE('SUPPORT ARRIERE',(#2909,#2958),#2887,.F.) ;
#2976=ADVANCED_FACE('SUPPORT ARRIERE',(#2975),#2964,.F.) ;
#2993=ADVANCED_FACE('SUPPORT ARRIERE',(#2992),#2981,.T.) ;
#3005=ADVANCED_FACE('SUPPORT ARRIERE',(#3004),#2998,.F.) ;
#3021=ADVANCED_FACE('SUPPORT ARRIERE',(#3020),#3014,.F.) ;
#3038=ADVANCED_FACE('SUPPORT ARRIERE',(#3037),#3026,.F.) ;
#3062=ADVANCED_FACE('SUPPORT ARRIERE',(#3061),#3043,.F.) ;
#3080=ADVANCED_FACE('SUPPORT ARRIERE',(#3079),#3067,.F.) ;
#3102=ADVANCED_FACE('SUPPORT ARRIERE',(#3101),#3085,.T.) ;
#3119=ADVANCED_FACE('SUPPORT ARRIERE',(#3118),#3107,.T.) ;
#3131=ADVANCED_FACE('SUPPORT ARRIERE',(#3130),#3124,.T.) ;
#3148=ADVANCED_FACE('SUPPORT ARRIERE',(#3147),#3136,.T.) ;
#3160=ADVANCED_FACE('SUPPORT ARRIERE',(#3159),#3153,.T.) ;
#3184=ADVANCED_FACE('SUPPORT ARRIERE',(#3183),#3161,.T.) ;
#3201=ADVANCED_FACE('SUPPORT ARRIERE',(#3200),#3189,.F.) ;
#3218=ADVANCED_FACE('SUPPORT ARRIERE',(#3217),#3206,.T.) ;
#3230=ADVANCED_FACE('SUPPORT ARRIERE',(#3229),#3223,.T.) ;
#3254=ADVANCED_FACE('SUPPORT ARRIERE',(#3253),#3235,.F.) ;
#3271=ADVANCED_FACE('SUPPORT ARRIERE',(#3270),#3259,.T.) ;
#3283=ADVANCED_FACE('SUPPORT ARRIERE',(#3282),#995,.T.) ;
#3297=ADVANCED_FACE('SUPPORT ARRIERE',(#3296),#3288,.F.) ;
#3342=ADVANCED_FACE('SUPPORT ARRIERE',(#3317,#3323,#3329,#3335,#3341),#3302,.T.) ;
#3359=ADVANCED_FACE('SUPPORT ARRIERE',(#3358),#3347,.T.) ;
#3376=ADVANCED_FACE('SUPPORT ARRIERE',(#3375),#3364,.F.) ;
#3388=ADVANCED_FACE('SUPPORT ARRIERE',(#3387),#3381,.T.) ;
#3425=ADVANCED_FACE('SUPPORT ARRIERE',(#3424),#3393,.T.) ;
#3437=ADVANCED_FACE('SUPPORT ARRIERE',(#3436),#3430,.F.) ;
#4=APPLICATION_PROTOCOL_DEFINITION('international standard','ap242_managed_model_based_3d_engineering',2014,#1) ;
#403=B_SPLINE_CURVE_WITH_KNOTS('',3,(#404,#405,#406,#407),.UNSPECIFIED.,.F.,.U.,(4,4),(0.,2.91669139102),.UNSPECIFIED.) ;
#409=B_SPLINE_CURVE_WITH_KNOTS('',3,(#410,#411,#412,#413),.UNSPECIFIED.,.F.,.U.,(4,4),(0.,2.92599799792),.UNSPECIFIED.) ;
#539=B_SPLINE_CURVE_WITH_KNOTS('',3,(#540,#541,#542,#543),.UNSPECIFIED.,.F.,.U.,(4,4),(0.,2.91669139125),.UNSPECIFIED.) ;
#568=B_SPLINE_CURVE_WITH_KNOTS('',3,(#569,#570,#571,#572),.UNSPECIFIED.,.F.,.U.,(4,4),(0.,2.92599799807),.UNSPECIFIED.) ;
#1027=B_SPLINE_CURVE_WITH_KNOTS('',1,(#1028,#1029),.UNSPECIFIED.,.F.,.U.,(2,2),(-65.5973632685,-64.4026367315),.UNSPECIFIED.) ;
#1040=B_SPLINE_CURVE_WITH_KNOTS('',1,(#1041,#1042),.UNSPECIFIED.,.F.,.U.,(2,2),(-36.3978343351,36.3978343351),.UNSPECIFIED.) ;
#1053=B_SPLINE_CURVE_WITH_KNOTS('',5,(#1054,#1055,#1056,#1057,#1058,#1059),.UNSPECIFIED.,.F.,.U.,(6,6),(2.6645352591E-015,15.7079632679),.UNSPECIFIED.) ;
#1084=B_SPLINE_CURVE_WITH_KNOTS('',3,(#1085,#1086,#1087,#1088),.UNSPECIFIED.,.F.,.U.,(4,4),(42.797906864,47.1238898038),.UNSPECIFIED.) ;
#1090=B_SPLINE_CURVE_WITH_KNOTS('',1,(#1091,#1092),.UNSPECIFIED.,.F.,.U.,(2,2),(-82.1486209565,-31.3137723464),.UNSPECIFIED.) ;
#1109=B_SPLINE_CURVE_WITH_KNOTS('',5,(#1110,#1111,#1112,#1113,#1114,#1115),.UNSPECIFIED.,.F.,.U.,(6,6),(3.86180276943,7.72360553885),.UNSPECIFIED.) ;
#1121=B_SPLINE_CURVE_WITH_KNOTS('',5,(#1122,#1123,#1124,#1125,#1126,#1127),.UNSPECIFIED.,.F.,.U.,(6,6),(7.72360553885,11.5854083083),.UNSPECIFIED.) ;
#1131=B_SPLINE_CURVE_WITH_KNOTS('',5,(#1132,#1133,#1134,#1135,#1136,#1137),.UNSPECIFIED.,.F.,.U.,(6,6),(11.5854083083,15.4472110777),.UNSPECIFIED.) ;
#1141=B_SPLINE_CURVE_WITH_KNOTS('',5,(#1142,#1143,#1144,#1145,#1146,#1147),.UNSPECIFIED.,.F.,.U.,(6,6),(15.4472110777,19.3090138471),.UNSPECIFIED.) ;
#1155=B_SPLINE_CURVE_WITH_KNOTS('',5,(#1156,#1157,#1158,#1159,#1160,#1161),.UNSPECIFIED.,.F.,.U.,(6,6),(15.4472110777,19.3090138471),.UNSPECIFIED.) ;
#1167=B_SPLINE_CURVE_WITH_KNOTS('',5,(#1168,#1169,#1170,#1171,#1172,#1173),.UNSPECIFIED.,.F.,.U.,(6,6),(3.86180276943,7.72360553885),.UNSPECIFIED.) ;
#1177=B_SPLINE_CURVE_WITH_KNOTS('',5,(#1178,#1179,#1180,#1181,#1182,#1183),.UNSPECIFIED.,.F.,.U.,(6,6),(7.72360553885,11.5854083083),.UNSPECIFIED.) ;
#1187=B_SPLINE_CURVE_WITH_KNOTS('',5,(#1188,#1189,#1190,#1191,#1192,#1193),.UNSPECIFIED.,.F.,.U.,(6,6),(11.5854083083,15.4472110777),.UNSPECIFIED.) ;
#1201=B_SPLINE_CURVE_WITH_KNOTS('',5,(#1202,#1203,#1204,#1205,#1206,#1207),.UNSPECIFIED.,.F.,.U.,(6,6),(7.72360553885,11.5854083083),.UNSPECIFIED.) ;
#1213=B_SPLINE_CURVE_WITH_KNOTS('',5,(#1214,#1215,#1216,#1217,#1218,#1219),.UNSPECIFIED.,.F.,.U.,(6,6),(11.5854083083,15.4472110777),.UNSPECIFIED.) ;
#1223=B_SPLINE_CURVE_WITH_KNOTS('',5,(#1224,#1225,#1226,#1227,#1228,#1229),.UNSPECIFIED.,.F.,.U.,(6,6),(15.4472110777,19.3090138471),.UNSPECIFIED.) ;
#1233=B_SPLINE_CURVE_WITH_KNOTS('',5,(#1234,#1235,#1236,#1237,#1238,#1239),.UNSPECIFIED.,.F.,.U.,(6,6),(3.86180276943,7.72360553885),.UNSPECIFIED.) ;
#1247=B_SPLINE_CURVE_WITH_KNOTS('',5,(#1248,#1249,#1250,#1251,#1252,#1253),.UNSPECIFIED.,.F.,.U.,(6,6),(7.72360553885,11.5854083083),.UNSPECIFIED.) ;
#1259=B_SPLINE_CURVE_WITH_KNOTS('',5,(#1260,#1261,#1262,#1263,#1264,#1265),.UNSPECIFIED.,.F.,.U.,(6,6),(11.5854083083,15.4472110777),.UNSPECIFIED.) ;
#1269=B_SPLINE_CURVE_WITH_KNOTS('',5,(#1270,#1271,#1272,#1273,#1274,#1275),.UNSPECIFIED.,.F.,.U.,(6,6),(15.4472110777,19.3090138471),.UNSPECIFIED.) ;
#1279=B_SPLINE_CURVE_WITH_KNOTS('',5,(#1280,#1281,#1282,#1283,#1284,#1285),.UNSPECIFIED.,.F.,.U.,(6,6),(3.86180276943,7.72360553885),.UNSPECIFIED.) ;
#1392=B_SPLINE_CURVE_WITH_KNOTS('',3,(#1393,#1394,#1395,#1396),.UNSPECIFIED.,.F.,.U.,(4,4),(0.,3.79541792464),.UNSPECIFIED.) ;
#1398=B_SPLINE_CURVE_WITH_KNOTS('',3,(#1399,#1400,#1401,#1402),.UNSPECIFIED.,.F.,.U.,(4,4),(0.,4.11436274105),.UNSPECIFIED.) ;
#1774=B_SPLINE_CURVE_WITH_KNOTS('',5,(#1775,#1776,#1777,#1778,#1779,#1780,#1781,#1782,#1783),.UNSPECIFIED.,.F.,.U.,(6,3,6),(0.,16.012085051,32.1456183085),.UNSPECIFIED.) ;
#1787=B_SPLINE_CURVE_WITH_KNOTS('',1,(#1788,#1789),.UNSPECIFIED.,.F.,.U.,(2,2),(-9.80648252606E-015,6.),.UNSPECIFIED.) ;
#1793=B_SPLINE_CURVE_WITH_KNOTS('',5,(#1794,#1795,#1796,#1797,#1798,#1799,#1800,#1801,#1802),.UNSPECIFIED.,.F.,.U.,(6,3,6),(0.,16.0121213839,32.1457975417),.UNSPECIFIED.) ;
#1824=B_SPLINE_CURVE_WITH_KNOTS('',3,(#1825,#1826,#1827,#1828),.UNSPECIFIED.,.F.,.U.,(4,4),(0.,4.11436274105),.UNSPECIFIED.) ;
#1834=B_SPLINE_CURVE_WITH_KNOTS('',1,(#1835,#1836),.UNSPECIFIED.,.F.,.U.,(2,2),(-3.,3.),.UNSPECIFIED.) ;
#1838=B_SPLINE_CURVE_WITH_KNOTS('',1,(#1839,#1840),.UNSPECIFIED.,.F.,.U.,(2,2),(-3.,3.),.UNSPECIFIED.) ;
#1854=B_SPLINE_CURVE_WITH_KNOTS('',1,(#1855,#1856),.UNSPECIFIED.,.F.,.U.,(2,2),(-4.55127708242,3.27606085105),.UNSPECIFIED.) ;
#1860=B_SPLINE_CURVE_WITH_KNOTS('',1,(#1861,#1862),.UNSPECIFIED.,.F.,.U.,(2,2),(-24.7218686841,18.351166076),.UNSPECIFIED.) ;
#1866=B_SPLINE_CURVE_WITH_KNOTS('',5,(#1867,#1868,#1869,#1870,#1871,#1872),.UNSPECIFIED.,.F.,.U.,(6,6),(31.4159265359,42.7605666739),.UNSPECIFIED.) ;
#1883=B_SPLINE_CURVE_WITH_KNOTS('',5,(#1884,#1885,#1886,#1887,#1888,#1889),.UNSPECIFIED.,.F.,.U.,(6,6),(15.7079632679,31.4159265359),.UNSPECIFIED.) ;
#1900=B_SPLINE_CURVE_WITH_KNOTS('',3,(#1901,#1902,#1903,#1904),.UNSPECIFIED.,.F.,.U.,(4,4),(47.1238898038,49.6606307652),.UNSPECIFIED.) ;
#1916=B_SPLINE_CURVE_WITH_KNOTS('',5,(#1917,#1918,#1919,#1920,#1921,#1922),.UNSPECIFIED.,.F.,.U.,(6,6),(21.2057504117,28.2743338823),.UNSPECIFIED.) ;
#1928=B_SPLINE_CURVE_WITH_KNOTS('',5,(#1929,#1930,#1931,#1932,#1933,#1934),.UNSPECIFIED.,.F.,.U.,(6,6),(0.,7.06858347058),.UNSPECIFIED.) ;
#1938=B_SPLINE_CURVE_WITH_KNOTS('',5,(#1939,#1940,#1941,#1942,#1943,#1944),.UNSPECIFIED.,.F.,.U.,(6,6),(7.06858347058,14.1371669412),.UNSPECIFIED.) ;
#1948=B_SPLINE_CURVE_WITH_KNOTS('',5,(#1949,#1950,#1951,#1952,#1953,#1954),.UNSPECIFIED.,.F.,.U.,(6,6),(14.1371669412,21.2057504117),.UNSPECIFIED.) ;
#1962=B_SPLINE_CURVE_WITH_KNOTS('',5,(#1963,#1964,#1965,#1966,#1967,#1968),.UNSPECIFIED.,.F.,.U.,(6,6),(21.2057504117,28.2743338823),.UNSPECIFIED.) ;
#1974=B_SPLINE_CURVE_WITH_KNOTS('',5,(#1975,#1976,#1977,#1978,#1979,#1980),.UNSPECIFIED.,.F.,.U.,(6,6),(0.,7.06858347058),.UNSPECIFIED.) ;
#1984=B_SPLINE_CURVE_WITH_KNOTS('',5,(#1985,#1986,#1987,#1988,#1989,#1990),.UNSPECIFIED.,.F.,.U.,(6,6),(7.06858347058,14.1371669412),.UNSPECIFIED.) ;
#1994=B_SPLINE_CURVE_WITH_KNOTS('',5,(#1995,#1996,#1997,#1998,#1999,#2000),.UNSPECIFIED.,.F.,.U.,(6,6),(14.1371669412,21.2057504117),.UNSPECIFIED.) ;
#2040=B_SPLINE_CURVE_WITH_KNOTS('',4,(#2041,#2042,#2043,#2044,#2045),.UNSPECIFIED.,.F.,.U.,(5,5),(0.,23.8369596826),.UNSPECIFIED.) ;
#2049=B_SPLINE_CURVE_WITH_KNOTS('',4,(#2050,#2051,#2052,#2053,#2054),.UNSPECIFIED.,.F.,.U.,(5,5),(0.,29.1928641579),.UNSPECIFIED.) ;
#2065=B_SPLINE_CURVE_WITH_KNOTS('',4,(#2066,#2067,#2068,#2069,#2070),.UNSPECIFIED.,.F.,.U.,(5,5),(0.,29.1928641582),.UNSPECIFIED.) ;
#2115=B_SPLINE_CURVE_WITH_KNOTS('',3,(#2116,#2117,#2118,#2119),.UNSPECIFIED.,.F.,.U.,(4,4),(0.,3.79541792464),.UNSPECIFIED.) ;
#2383=B_SPLINE_CURVE_WITH_KNOTS('',1,(#2384,#2385),.UNSPECIFIED.,.F.,.U.,(2,2),(-6.27208847865,6.27208847865),.UNSPECIFIED.) ;
#2436=B_SPLINE_CURVE_WITH_KNOTS('',5,(#2437,#2438,#2439,#2440,#2441,#2442),.UNSPECIFIED.,.F.,.U.,(6,6),(15.7079632679,31.4159265359),.UNSPECIFIED.) ;
#2444=B_SPLINE_CURVE_WITH_KNOTS('',5,(#2445,#2446,#2447,#2448,#2449,#2450),.UNSPECIFIED.,.F.,.U.,(6,6),(31.4159265359,42.7605666739),.UNSPECIFIED.) ;
#2452=B_SPLINE_CURVE_WITH_KNOTS('',1,(#2453,#2454),.UNSPECIFIED.,.F.,.U.,(2,2),(-4.55127708242,3.27606085105),.UNSPECIFIED.) ;
#2484=B_SPLINE_CURVE_WITH_KNOTS('',3,(#2485,#2486,#2487,#2488),.UNSPECIFIED.,.F.,.U.,(4,4),(0.,15.3079262368),.UNSPECIFIED.) ;
#2530=B_SPLINE_CURVE_WITH_KNOTS('',1,(#2531,#2532),.UNSPECIFIED.,.F.,.U.,(2,2),(-3.,3.),.UNSPECIFIED.) ;
#2536=B_SPLINE_CURVE_WITH_KNOTS('',3,(#2537,#2538,#2539,#2540),.UNSPECIFIED.,.F.,.U.,(4,4),(0.,15.3050348806),.UNSPECIFIED.) ;
#2592=B_SPLINE_CURVE_WITH_KNOTS('',5,(#2593,#2594,#2595,#2596,#2597,#2598),.UNSPECIFIED.,.F.,.U.,(6,6),(47.1238898038,62.8318530718),.UNSPECIFIED.) ;
#2609=B_SPLINE_CURVE_WITH_KNOTS('',5,(#2610,#2611,#2612,#2613,#2614,#2615),.UNSPECIFIED.,.F.,.U.,(6,6),(1.13686837722E-013,15.7079632679),.UNSPECIFIED.) ;
#2626=B_SPLINE_CURVE_WITH_KNOTS('',4,(#2627,#2628,#2629,#2630,#2631),.UNSPECIFIED.,.F.,.U.,(5,5),(0.,22.4743629796),.UNSPECIFIED.) ;
#2635=B_SPLINE_CURVE_WITH_KNOTS('',1,(#2636,#2637),.UNSPECIFIED.,.F.,.U.,(2,2),(-3.78918993036,3.78918993036),.UNSPECIFIED.) ;
#2649=B_SPLINE_CURVE_WITH_KNOTS('',5,(#2650,#2651,#2652,#2653,#2654,#2655,#2656,#2657,#2658,#2659,#2660,#2661,#2662,#2663,#2664),.UNSPECIFIED.,.F.,.U.,(6,3,3,3,6),(6.43548083728,9.65322125592,12.8709616746,16.0887020932,19.3064425118),.UNSPECIFIED.) ;
#2677=B_SPLINE_CURVE_WITH_KNOTS('',5,(#2678,#2679,#2680,#2681,#2682,#2683,#2684,#2685,#2686,#2687,#2688,#2689,#2690,#2691,#2692),.UNSPECIFIED.,.F.,.U.,(6,3,3,3,6),(19.3064425118,22.5241829305,25.7419233491,28.9596637677,32.1774041864),.UNSPECIFIED.) ;
#2893=B_SPLINE_CURVE_WITH_KNOTS('',4,(#2894,#2895,#2896,#2897,#2898),.UNSPECIFIED.,.F.,.U.,(5,5),(0.,22.4743629796),.UNSPECIFIED.) ;
#2910=B_SPLINE_CURVE_WITH_KNOTS('',5,(#2911,#2912,#2913,#2914,#2915,#2916,#2917,#2918,#2919,#2920,#2921,#2922,#2923,#2924,#2925),.UNSPECIFIED.,.F.,.U.,(6,3,3,3,6),(19.3064425118,22.5241829305,25.7419233491,28.9596637677,32.1774041864),.UNSPECIFIED.) ;
#2936=B_SPLINE_CURVE_WITH_KNOTS('',5,(#2937,#2938,#2939,#2940,#2941,#2942,#2943,#2944,#2945,#2946,#2947,#2948,#2949,#2950,#2951),.UNSPECIFIED.,.F.,.U.,(6,3,3,3,6),(6.43548083728,9.65322125592,12.8709616746,16.0887020932,19.3064425118),.UNSPECIFIED.) ;
#3006=B_SPLINE_CURVE_WITH_KNOTS('',4,(#3007,#3008,#3009,#3010,#3011),.UNSPECIFIED.,.F.,.U.,(5,5),(0.,18.3503460386),.UNSPECIFIED.) ;
#3174=B_SPLINE_CURVE_WITH_KNOTS('',1,(#3175,#3176),.UNSPECIFIED.,.F.,.U.,(2,2),(-3.,3.),.UNSPECIFIED.) ;
#1755=B_SPLINE_SURFACE_WITH_KNOTS('',5,1,((#1756,#1757),(#1758,#1759),(#1760,#1761),(#1762,#1763),(#1764,#1765),(#1766,#1767),(#1768,#1769),(#1770,#1771),(#1772,#1773)),.UNSPECIFIED.,.F.,.F.,.U.,(6,3,6),(2,2),(0.,13.0500119746,26.0948655096),(-9.80648252606E-015,6.00000000001),.UNSPECIFIED.) ;
#1811=B_SPLINE_SURFACE_WITH_KNOTS('',5,1,((#1812,#1813),(#1814,#1815),(#1816,#1817),(#1818,#1819),(#1820,#1821),(#1822,#1823)),.UNSPECIFIED.,.F.,.F.,.U.,(6,6),(2,2),(0.,3.44814186414),(-6.00000000001,8.88178419701E-016),.UNSPECIFIED.) ;
#2511=B_SPLINE_SURFACE_WITH_KNOTS('',5,1,((#2512,#2513),(#2514,#2515),(#2516,#2517),(#2518,#2519),(#2520,#2521),(#2522,#2523),(#2524,#2525),(#2526,#2527),(#2528,#2529)),.UNSPECIFIED.,.F.,.F.,.U.,(6,3,6),(2,2),(0.,8.98229801913,12.831854313),(-6.00000000001,3.5527136788E-015),.UNSPECIFIED.) ;
#3161=B_SPLINE_SURFACE_WITH_KNOTS('',5,1,((#3162,#3163),(#3164,#3165),(#3166,#3167),(#3168,#3169),(#3170,#3171),(#3172,#3173)),.UNSPECIFIED.,.F.,.F.,.U.,(6,6),(2,2),(1.53740502755E-012,3.1949687768),(-6.00000000001,8.881784197E-016),.UNSPECIFIED.) ;
#22=COLOUR_RGB('Colour',0.756862745098,0.76862745098,0.752941176471) ;
#69=FACE_OUTER_BOUND('',#64,.T.) ;
#100=FACE_OUTER_BOUND('',#95,.T.) ;
#131=FACE_OUTER_BOUND('',#126,.T.) ;
#308=FACE_OUTER_BOUND('',#283,.T.) ;
#380=FACE_OUTER_BOUND('',#369,.T.) ;
#429=FACE_OUTER_BOUND('',#422,.T.) ;
#508=FACE_OUTER_BOUND('',#497,.T.) ;
#532=FACE_OUTER_BOUND('',#527,.T.) ;
#581=FACE_OUTER_BOUND('',#574,.T.) ;
#605=FACE_OUTER_BOUND('',#600,.T.) ;
#629=FACE_OUTER_BOUND('',#624,.T.) ;
#653=FACE_OUTER_BOUND('',#648,.T.) ;
#677=FACE_OUTER_BOUND('',#672,.T.) ;
#701=FACE_OUTER_BOUND('',#696,.T.) ;
#725=FACE_OUTER_BOUND('',#720,.T.) ;
#749=FACE_OUTER_BOUND('',#744,.T.) ;
#773=FACE_OUTER_BOUND('',#768,.T.) ;
#797=FACE_OUTER_BOUND('',#792,.T.) ;
#821=FACE_OUTER_BOUND('',#816,.T.) ;
#845=FACE_OUTER_BOUND('',#840,.T.) ;
#869=FACE_OUTER_BOUND('',#864,.T.) ;
#893=FACE_OUTER_BOUND('',#888,.T.) ;
#917=FACE_OUTER_BOUND('',#912,.T.) ;
#941=FACE_OUTER_BOUND('',#936,.T.) ;
#965=FACE_OUTER_BOUND('',#960,.T.) ;
#989=FACE_OUTER_BOUND('',#982,.T.) ;
#1020=FACE_OUTER_BOUND('',#1015,.T.) ;
#1108=FACE_OUTER_BOUND('',#1094,.T.) ;
#1314=FACE_OUTER_BOUND('',#1309,.T.) ;
#1345=FACE_OUTER_BOUND('',#1340,.T.) ;
#1376=FACE_OUTER_BOUND('',#1371,.T.) ;
#1409=FACE_OUTER_BOUND('',#1404,.T.) ;
#1440=FACE_OUTER_BOUND('',#1435,.T.) ;
#1459=FACE_OUTER_BOUND('',#1454,.T.) ;
#1483=FACE_OUTER_BOUND('',#1478,.T.) ;
#1495=FACE_OUTER_BOUND('',#1490,.T.) ;
#1526=FACE_OUTER_BOUND('',#1521,.T.) ;
#1550=FACE_OUTER_BOUND('',#1545,.T.) ;
#1569=FACE_OUTER_BOUND('',#1564,.T.) ;
#1581=FACE_OUTER_BOUND('',#1576,.T.) ;
#1612=FACE_OUTER_BOUND('',#1607,.T.) ;
#1636=FACE_OUTER_BOUND('',#1631,.T.) ;
#1655=FACE_OUTER_BOUND('',#1650,.T.) ;
#1667=FACE_OUTER_BOUND('',#1662,.T.) ;
#1698=FACE_OUTER_BOUND('',#1693,.T.) ;
#1722=FACE_OUTER_BOUND('',#1717,.T.) ;
#1741=FACE_OUTER_BOUND('',#1736,.T.) ;
#1753=FACE_OUTER_BOUND('',#1748,.T.) ;
#1809=FACE_OUTER_BOUND('',#1804,.T.) ;
#1847=FACE_OUTER_BOUND('',#1842,.T.) ;
#1915=FACE_OUTER_BOUND('',#1906,.T.) ;
#2038=FACE_OUTER_BOUND('',#2033,.T.) ;
#2077=FACE_OUTER_BOUND('',#2072,.T.) ;
#2101=FACE_OUTER_BOUND('',#2096,.T.) ;
#2133=FACE_OUTER_BOUND('',#2128,.T.) ;
#2164=FACE_OUTER_BOUND('',#2159,.T.) ;
#2195=FACE_OUTER_BOUND('',#2190,.T.) ;
#2226=FACE_OUTER_BOUND('',#2221,.T.) ;
#2250=FACE_OUTER_BOUND('',#2245,.T.) ;
#2269=FACE_OUTER_BOUND('',#2264,.T.) ;
#2281=FACE_OUTER_BOUND('',#2276,.T.) ;
#2312=FACE_OUTER_BOUND('',#2307,.T.) ;
#2336=FACE_OUTER_BOUND('',#2331,.T.) ;
#2355=FACE_OUTER_BOUND('',#2350,.T.) ;
#2367=FACE_OUTER_BOUND('',#2362,.T.) ;
#2398=FACE_OUTER_BOUND('',#2392,.T.) ;
#2422=FACE_OUTER_BOUND('',#2417,.T.) ;
#2465=FACE_OUTER_BOUND('',#2456,.T.) ;
#2509=FACE_OUTER_BOUND('',#2504,.T.) ;
#2547=FACE_OUTER_BOUND('',#2542,.T.) ;
#2578=FACE_OUTER_BOUND('',#2573,.T.) ;
#2648=FACE_OUTER_BOUND('',#2639,.T.) ;
#2730=FACE_OUTER_BOUND('',#2725,.T.) ;
#2754=FACE_OUTER_BOUND('',#2749,.T.) ;
#2778=FACE_OUTER_BOUND('',#2773,.T.) ;
#2802=FACE_OUTER_BOUND('',#2797,.T.) ;
#2826=FACE_OUTER_BOUND('',#2821,.T.) ;
#2850=FACE_OUTER_BOUND('',#2845,.T.) ;
#2881=FACE_OUTER_BOUND('',#2876,.T.) ;
#2909=FACE_OUTER_BOUND('',#2900,.T.) ;
#2975=FACE_OUTER_BOUND('',#2970,.T.) ;
#2992=FACE_OUTER_BOUND('',#2987,.T.) ;
#3004=FACE_OUTER_BOUND('',#2999,.T.) ;
#3020=FACE_OUTER_BOUND('',#3015,.T.) ;
#3037=FACE_OUTER_BOUND('',#3032,.T.) ;
#3061=FACE_OUTER_BOUND('',#3056,.T.) ;
#3079=FACE_OUTER_BOUND('',#3073,.T.) ;
#3101=FACE_OUTER_BOUND('',#3096,.T.) ;
#3118=FACE_OUTER_BOUND('',#3113,.T.) ;
#3130=FACE_OUTER_BOUND('',#3125,.T.) ;
#3147=FACE_OUTER_BOUND('',#3142,.T.) ;
#3159=FACE_OUTER_BOUND('',#3154,.T.) ;
#3183=FACE_OUTER_BOUND('',#3178,.T.) ;
#3200=FACE_OUTER_BOUND('',#3195,.T.) ;
#3217=FACE_OUTER_BOUND('',#3212,.T.) ;
#3229=FACE_OUTER_BOUND('',#3224,.T.) ;
#3253=FACE_OUTER_BOUND('',#3248,.T.) ;
#3270=FACE_OUTER_BOUND('',#3265,.T.) ;
#3282=FACE_OUTER_BOUND('',#3277,.T.) ;
#3296=FACE_OUTER_BOUND('',#3289,.T.) ;
#3317=FACE_OUTER_BOUND('',#3303,.T.) ;
#3358=FACE_OUTER_BOUND('',#3353,.T.) ;
#3375=FACE_OUTER_BOUND('',#3370,.T.) ;
#3387=FACE_OUTER_BOUND('',#3382,.T.) ;
#3424=FACE_OUTER_BOUND('',#3399,.T.) ;
#3436=FACE_OUTER_BOUND('',#3431,.T.) ;
#9=PRODUCT_CATEGORY_RELATIONSHIP(' ',' ',#7,#8) ;
#6=PRODUCT_DEFINITION_FORMATION_WITH_SPECIFIED_SOURCE('--A',' ',#5,.NOT_KNOWN.) ;
#20=SHAPE_DEFINITION_REPRESENTATION(#11,#19) ;
#2048=SURFACE_OF_LINEAR_EXTRUSION('generated tabulated cylinder',#2040,#2047) ;
#3014=SURFACE_OF_LINEAR_EXTRUSION('generated tabulated cylinder',#3006,#3013) ;
#12=(LENGTH_UNIT()NAMED_UNIT(*)SI_UNIT(.MILLI.,.METRE.)) ;
#13=(NAMED_UNIT(*)PLANE_ANGLE_UNIT()SI_UNIT($,.RADIAN.)) ;
#14=(NAMED_UNIT(*)SI_UNIT($,.STERADIAN.)SOLID_ANGLE_UNIT()) ;
#16=(GEOMETRIC_REPRESENTATION_CONTEXT(3)GLOBAL_UNCERTAINTY_ASSIGNED_CONTEXT((#15))GLOBAL_UNIT_ASSIGNED_CONTEXT((#12,#13,#14))REPRESENTATION_CONTEXT(' ',' ')) ;
ENDSEC;
END-ISO-10303-21;
