ISO-10303-21;
HEADER;
FILE_DESCRIPTION(('CATIA V5 STEP Exchange','CAx-IF Rec.Pracs.--- Model Styling and Organization---1.4--- 2014-01-23','CAx-IF Rec.Pracs.---Representation and Presentation of Product Manufacturing Information (PMI)---4.0---2014-10-13','CAx-IF Rec.Pracs.---3D Tessellated Data Validation Properties---0.5---2014-09-14'),'2;1');

FILE_NAME('C:\\Users\\e_apelle\\OneDrive - Alstom\\Desktop\\STEP\\STEP FRED\\M3D-208792_--A_CATPART_1.stp','2022-02-15T07:04:00+00:00',('none'),('none'),'CATIA Version 5-6 Release 2016 SP5 HF35','CATIA V5 STEP AP242','none');

FILE_SCHEMA(('AP242_MANAGED_MODEL_BASED_3D_ENGINEERING_MIM_LF  {1 0 10303 442 1 1 4}'));

ENDSEC;
DATA;
#5=PRODUCT('M3D-208792','','CONTROL CABLE BRACKET',(#2)) ;
#2=PRODUCT_CONTEXT(' ',#1,'mechanical') ;
#1=APPLICATION_CONTEXT('managed model based 3d engineering') ;
#10=PRODUCT_DEFINITION('MASTER',' ',#6,#3) ;
#3=PRODUCT_DEFINITION_CONTEXT('part definition',#1,' ') ;
#11=PRODUCT_DEFINITION_SHAPE(' ',' ',#10) ;
#2761=MECHANICAL_DESIGN_GEOMETRIC_PRESENTATION_REPRESENTATION(' ',(#29,#1664,#1946,#2218,#2490),#16) ;
#19=SHAPE_REPRESENTATION(' ',(#18),#16) ;
#7=PRODUCT_CATEGORY('part','specification') ;
#17=CARTESIAN_POINT(' ',(0.,0.,0.)) ;
#31=CARTESIAN_POINT('Axis2P3D Location',(-1733.72494846,-68.4907878606,569.252663505)) ;
#36=CARTESIAN_POINT('Line Origine',(-1640.9709724,-128.780872326,570.7526663)) ;
#40=CARTESIAN_POINT('Vertex',(-1640.97097235,-128.780872326,569.2526663)) ;
#42=CARTESIAN_POINT('Vertex',(-1640.97097245,-128.780872326,572.2526663)) ;
#45=CARTESIAN_POINT('Line Origine',(-1687.3479605,-98.6358300933,572.252664903)) ;
#49=CARTESIAN_POINT('Vertex',(-1733.72494855,-68.4907878606,572.252663505)) ;
#52=CARTESIAN_POINT('Line Origine',(-1733.7249485,-68.4907878606,570.752663505)) ;
#56=CARTESIAN_POINT('Vertex',(-1733.72494846,-68.4907878606,569.252663505)) ;
#59=CARTESIAN_POINT('Line Origine',(-1687.34796041,-98.6358300933,569.252664903)) ;
#71=CARTESIAN_POINT('Axis2P3D Location',(-1731.00000612,-64.2985697791,549.752663587)) ;
#76=CARTESIAN_POINT('Axis2P3D Location',(-1731.00000679,-64.2985697791,572.252663587)) ;
#80=CARTESIAN_POINT('Vertex',(-1736.00000679,-64.2985697791,572.252663436)) ;
#83=CARTESIAN_POINT('Line Origine',(-1736.00000612,-64.2985697791,549.752663436)) ;
#87=CARTESIAN_POINT('Vertex',(-1736.0000067,-64.2985697791,569.252663436)) ;
#90=CARTESIAN_POINT('Axis2P3D Location',(-1731.0000067,-64.2985697791,569.252663587)) ;
#102=CARTESIAN_POINT('Axis2P3D Location',(-1671.00000679,-55.762,547.252665395)) ;
#107=CARTESIAN_POINT('Axis2P3D Location',(-1671.00000679,-55.012,547.252665395)) ;
#111=CARTESIAN_POINT('Vertex',(-1678.50000679,-55.012,536.634285104)) ;
#113=CARTESIAN_POINT('Vertex',(-1663.50000679,-55.012,536.634285104)) ;
#116=CARTESIAN_POINT('Line Origine',(-1678.50000679,-55.762,536.634285104)) ;
#120=CARTESIAN_POINT('Vertex',(-1678.50000679,-52.012,536.634285104)) ;
#123=CARTESIAN_POINT('Axis2P3D Location',(-1671.00000679,-52.012,547.252665395)) ;
#127=CARTESIAN_POINT('Vertex',(-1663.50000679,-52.012,536.634285104)) ;
#130=CARTESIAN_POINT('Line Origine',(-1663.50000679,-55.762,536.634285104)) ;
#142=CARTESIAN_POINT('Axis2P3D Location',(-1678.50000679,-52.012,536.634285104)) ;
#147=CARTESIAN_POINT('Line Origine',(-1678.50000679,-55.012,531.943475137)) ;
#151=CARTESIAN_POINT('Vertex',(-1678.50000679,-55.012,527.252665169)) ;
#154=CARTESIAN_POINT('Line Origine',(-1678.50000679,-53.512,527.252665169)) ;
#158=CARTESIAN_POINT('Vertex',(-1678.50000679,-52.012,527.252665169)) ;
#161=CARTESIAN_POINT('Line Origine',(-1678.50000679,-52.012,531.943475137)) ;
#173=CARTESIAN_POINT('Axis2P3D Location',(-1.58893945798E-005,159.9,527.252715753)) ;
#178=CARTESIAN_POINT('Line Origine',(-1689.00000679,-52.012,527.252664853)) ;
#182=CARTESIAN_POINT('Vertex',(-1699.50000679,-52.0119999789,527.252664536)) ;
#185=CARTESIAN_POINT('Line Origine',(-1689.00000679,-55.012,527.252664853)) ;
#189=CARTESIAN_POINT('Vertex',(-1699.50000679,-55.012,527.252664536)) ;
#192=CARTESIAN_POINT('Line Origine',(-1699.50000679,-53.5119999678,527.252664536)) ;
#204=CARTESIAN_POINT('Axis2P3D Location',(-1699.50000679,-52.0119999789,512.25266431)) ;
#209=CARTESIAN_POINT('Line Origine',(-1699.50000679,-55.012,531.943474278)) ;
#213=CARTESIAN_POINT('Vertex',(-1699.50000679,-55.012,536.634284019)) ;
#216=CARTESIAN_POINT('Line Origine',(-1699.50000679,-53.5119999895,536.634284019)) ;
#220=CARTESIAN_POINT('Vertex',(-1699.50000679,-52.012,536.634284019)) ;
#223=CARTESIAN_POINT('Line Origine',(-1699.50000679,-52.0119999789,531.943474278)) ;
#235=CARTESIAN_POINT('Axis2P3D Location',(-1707.00000679,-55.7619999789,547.25266431)) ;
#240=CARTESIAN_POINT('Axis2P3D Location',(-1707.00000679,-55.012,547.25266431)) ;
#244=CARTESIAN_POINT('Vertex',(-1714.50000679,-55.012,536.634284019)) ;
#247=CARTESIAN_POINT('Line Origine',(-1714.50000679,-55.7619999789,536.634284019)) ;
#251=CARTESIAN_POINT('Vertex',(-1714.50000679,-52.0119999789,536.634284019)) ;
#254=CARTESIAN_POINT('Axis2P3D Location',(-1707.00000679,-52.0119999789,547.25266431)) ;
#266=CARTESIAN_POINT('Axis2P3D Location',(-1654.61696591,-55.762,558.724194122)) ;
#271=CARTESIAN_POINT('Axis2P3D Location',(-1654.61696591,-55.012,558.724194122)) ;
#275=CARTESIAN_POINT('Vertex',(-1658.11696591,-55.012,558.724194122)) ;
#277=CARTESIAN_POINT('Vertex',(-1651.11696591,-55.012,558.724194122)) ;
#280=CARTESIAN_POINT('Line Origine',(-1658.11696591,-55.762,558.724194122)) ;
#284=CARTESIAN_POINT('Vertex',(-1658.11696591,-52.012,558.724194122)) ;
#287=CARTESIAN_POINT('Axis2P3D Location',(-1654.61696591,-52.012,558.724194122)) ;
#291=CARTESIAN_POINT('Vertex',(-1651.11696591,-52.012,558.724194122)) ;
#294=CARTESIAN_POINT('Line Origine',(-1651.11696591,-55.762,558.724194122)) ;
#306=CARTESIAN_POINT('Axis2P3D Location',(-1654.61696591,-55.012,558.724194122)) ;
#311=CARTESIAN_POINT('Axis2P3D Location',(-1654.61696591,-52.012,558.724194122)) ;
#323=CARTESIAN_POINT('Axis2P3D Location',(-1687.38304768,-55.762,535.781136668)) ;
#328=CARTESIAN_POINT('Axis2P3D Location',(-1687.38304768,-55.012,535.781136668)) ;
#332=CARTESIAN_POINT('Vertex',(-1690.88304768,-55.012,535.781136668)) ;
#334=CARTESIAN_POINT('Vertex',(-1683.88304768,-55.012,535.781136668)) ;
#337=CARTESIAN_POINT('Line Origine',(-1690.88304768,-55.762,535.781136668)) ;
#341=CARTESIAN_POINT('Vertex',(-1690.88304768,-52.012,535.781136668)) ;
#344=CARTESIAN_POINT('Axis2P3D Location',(-1687.38304768,-52.012,535.781136668)) ;
#348=CARTESIAN_POINT('Vertex',(-1683.88304768,-52.012,535.781136668)) ;
#351=CARTESIAN_POINT('Line Origine',(-1683.88304768,-55.762,535.781136668)) ;
#363=CARTESIAN_POINT('Axis2P3D Location',(-1687.38304768,-55.012,535.781136668)) ;
#368=CARTESIAN_POINT('Axis2P3D Location',(-1687.38304768,-52.012,535.781136668)) ;
#380=CARTESIAN_POINT('Axis2P3D Location',(-1690.61696591,-55.7619999789,558.724193037)) ;
#385=CARTESIAN_POINT('Axis2P3D Location',(-1690.61696591,-55.012,558.724193037)) ;
#389=CARTESIAN_POINT('Vertex',(-1687.11696591,-55.012,558.724193037)) ;
#391=CARTESIAN_POINT('Vertex',(-1694.11696591,-55.012,558.724193037)) ;
#394=CARTESIAN_POINT('Line Origine',(-1687.11696591,-55.7619999789,558.724193037)) ;
#398=CARTESIAN_POINT('Vertex',(-1687.11696591,-52.0119999789,558.724193037)) ;
#401=CARTESIAN_POINT('Axis2P3D Location',(-1690.61696591,-52.0119999789,558.724193037)) ;
#405=CARTESIAN_POINT('Vertex',(-1694.11696591,-52.0119999789,558.724193037)) ;
#408=CARTESIAN_POINT('Line Origine',(-1694.11696591,-55.7619999789,558.724193037)) ;
#420=CARTESIAN_POINT('Axis2P3D Location',(-1690.61696591,-55.012,558.724193037)) ;
#425=CARTESIAN_POINT('Axis2P3D Location',(-1690.61696591,-52.0119999789,558.724193037)) ;
#437=CARTESIAN_POINT('Axis2P3D Location',(-1723.38304768,-55.7619999789,535.781135583)) ;
#442=CARTESIAN_POINT('Axis2P3D Location',(-1723.38304768,-55.012,535.781135583)) ;
#446=CARTESIAN_POINT('Vertex',(-1719.88304768,-55.012,535.781135583)) ;
#448=CARTESIAN_POINT('Vertex',(-1726.88304768,-55.012,535.781135583)) ;
#451=CARTESIAN_POINT('Line Origine',(-1719.88304768,-55.7619999789,535.781135583)) ;
#455=CARTESIAN_POINT('Vertex',(-1719.88304768,-52.0119999789,535.781135583)) ;
#458=CARTESIAN_POINT('Axis2P3D Location',(-1723.38304768,-52.0119999789,535.781135583)) ;
#462=CARTESIAN_POINT('Vertex',(-1726.88304768,-52.0119999789,535.781135583)) ;
#465=CARTESIAN_POINT('Line Origine',(-1726.88304768,-55.7619999789,535.781135583)) ;
#477=CARTESIAN_POINT('Axis2P3D Location',(-1723.38304768,-55.012,535.781135583)) ;
#482=CARTESIAN_POINT('Axis2P3D Location',(-1723.38304768,-52.0119999789,535.781135583)) ;
#494=CARTESIAN_POINT('Axis2P3D Location',(-1714.50000679,-52.0119999789,536.634284019)) ;
#499=CARTESIAN_POINT('Line Origine',(-1714.50000679,-55.012,531.943474052)) ;
#503=CARTESIAN_POINT('Vertex',(-1714.50000679,-55.012,527.252664084)) ;
#506=CARTESIAN_POINT('Line Origine',(-1714.50000679,-53.5119999895,527.252664084)) ;
#510=CARTESIAN_POINT('Vertex',(-1714.50000679,-52.0119999789,527.252664084)) ;
#513=CARTESIAN_POINT('Line Origine',(-1714.50000679,-52.0119999789,531.943474052)) ;
#525=CARTESIAN_POINT('Axis2P3D Location',(-1663.50000679,-52.012,512.252665395)) ;
#530=CARTESIAN_POINT('Line Origine',(-1663.50000679,-53.512,527.252665621)) ;
#534=CARTESIAN_POINT('Vertex',(-1663.50000679,-52.012,527.252665621)) ;
#536=CARTESIAN_POINT('Vertex',(-1663.50000679,-55.012,527.252665621)) ;
#539=CARTESIAN_POINT('Line Origine',(-1663.50000679,-55.012,531.943475363)) ;
#544=CARTESIAN_POINT('Line Origine',(-1663.50000679,-52.012,531.943475363)) ;
#556=CARTESIAN_POINT('Axis2P3D Location',(-1681.00000661,-58.012,566.252665094)) ;
#561=CARTESIAN_POINT('Axis2P3D Location',(-1626.00000661,-58.012,566.252666751)) ;
#565=CARTESIAN_POINT('Vertex',(-1626.00000679,-58.012,572.252666751)) ;
#567=CARTESIAN_POINT('Vertex',(-1626.00000661,-52.012,566.252666751)) ;
#570=CARTESIAN_POINT('Line Origine',(-1681.00000661,-52.012,566.252665094)) ;
#574=CARTESIAN_POINT('Vertex',(-1736.00000661,-52.0119999357,566.252663436)) ;
#577=CARTESIAN_POINT('Axis2P3D Location',(-1736.00000661,-58.012,566.252663436)) ;
#581=CARTESIAN_POINT('Vertex',(-1736.00000679,-58.012,572.252663436)) ;
#584=CARTESIAN_POINT('Line Origine',(-1681.00000679,-58.012,572.252665094)) ;
#596=CARTESIAN_POINT('Axis2P3D Location',(-1681.00000661,-58.012,566.252665094)) ;
#601=CARTESIAN_POINT('Axis2P3D Location',(-1736.00000661,-58.012,566.252663436)) ;
#605=CARTESIAN_POINT('Vertex',(-1736.00000661,-55.012,566.252663436)) ;
#607=CARTESIAN_POINT('Vertex',(-1736.0000067,-58.012,569.252663436)) ;
#610=CARTESIAN_POINT('Line Origine',(-1681.00000661,-55.012,566.252665094)) ;
#614=CARTESIAN_POINT('Vertex',(-1626.00000661,-55.012,566.252666751)) ;
#617=CARTESIAN_POINT('Axis2P3D Location',(-1626.00000661,-58.012,566.252666751)) ;
#621=CARTESIAN_POINT('Vertex',(-1626.0000067,-58.012,569.252666751)) ;
#624=CARTESIAN_POINT('Line Origine',(-1681.0000067,-58.012,569.252665094)) ;
#636=CARTESIAN_POINT('Axis2P3D Location',(-1630.07120476,-112.012,549.752666629)) ;
#641=CARTESIAN_POINT('Line Origine',(-1630.07120476,-132.012,549.752666629)) ;
#645=CARTESIAN_POINT('Vertex',(-1630.07120534,-132.012,569.252666629)) ;
#647=CARTESIAN_POINT('Vertex',(-1630.07120543,-132.012,572.252666629)) ;
#650=CARTESIAN_POINT('Axis2P3D Location',(-1630.07120543,-112.012,572.252666629)) ;
#655=CARTESIAN_POINT('Axis2P3D Location',(-1630.07120534,-112.012,569.252666629)) ;
#667=CARTESIAN_POINT('Axis2P3D Location',(-1602.50000679,-108.012,572.25266746)) ;
#672=CARTESIAN_POINT('Line Origine',(-1602.50000675,-108.012,570.75266746)) ;
#676=CARTESIAN_POINT('Vertex',(-1602.50000679,-108.012,572.25266746)) ;
#678=CARTESIAN_POINT('Vertex',(-1602.5000067,-108.012,569.25266746)) ;
#681=CARTESIAN_POINT('Line Origine',(-1602.50000679,-112.512,572.25266746)) ;
#685=CARTESIAN_POINT('Vertex',(-1602.50000679,-117.012,572.25266746)) ;
#688=CARTESIAN_POINT('Line Origine',(-1602.50000675,-117.012,570.75266746)) ;
#692=CARTESIAN_POINT('Vertex',(-1602.5000067,-117.012,569.25266746)) ;
#695=CARTESIAN_POINT('Line Origine',(-1602.5000067,-112.512,569.25266746)) ;
#707=CARTESIAN_POINT('Axis2P3D Location',(-1590.50000649,-108.012,562.252667821)) ;
#712=CARTESIAN_POINT('Axis2P3D Location',(-1590.5000067,-108.012,569.252667821)) ;
#716=CARTESIAN_POINT('Vertex',(-1590.5000067,-96.012,569.252667821)) ;
#719=CARTESIAN_POINT('Line Origine',(-1590.50000649,-96.012,562.252667821)) ;
#723=CARTESIAN_POINT('Vertex',(-1590.50000679,-96.012,572.252667821)) ;
#726=CARTESIAN_POINT('Axis2P3D Location',(-1590.50000679,-108.012,572.252667821)) ;
#738=CARTESIAN_POINT('Axis2P3D Location',(-1586.00000679,-96.012,572.252667957)) ;
#743=CARTESIAN_POINT('Line Origine',(-1586.00000675,-96.012,570.752667957)) ;
#747=CARTESIAN_POINT('Vertex',(-1586.00000679,-96.012,572.252667957)) ;
#749=CARTESIAN_POINT('Vertex',(-1586.0000067,-96.012,569.252667957)) ;
#752=CARTESIAN_POINT('Line Origine',(-1588.25000679,-96.012,572.252667889)) ;
#757=CARTESIAN_POINT('Line Origine',(-1588.2500067,-96.012,569.252667889)) ;
#769=CARTESIAN_POINT('Axis2P3D Location',(-1597.00000649,-117.012,562.252667625)) ;
#774=CARTESIAN_POINT('Line Origine',(-1592.1733024,-119.648840462,562.252667771)) ;
#778=CARTESIAN_POINT('Vertex',(-1592.1733027,-119.648840462,572.252667771)) ;
#780=CARTESIAN_POINT('Vertex',(-1592.17330261,-119.648840462,569.252667771)) ;
#783=CARTESIAN_POINT('Axis2P3D Location',(-1597.0000067,-117.012,569.252667625)) ;
#788=CARTESIAN_POINT('Axis2P3D Location',(-1597.00000679,-117.012,572.252667625)) ;
#800=CARTESIAN_POINT('Axis2P3D Location',(-1597.00000679,-117.012,572.252667625)) ;
#804=CARTESIAN_POINT('Vertex',(-1591.50000679,-117.012,572.252667791)) ;
#807=CARTESIAN_POINT('Line Origine',(-1591.50000649,-117.012,562.252667791)) ;
#811=CARTESIAN_POINT('Vertex',(-1591.5000067,-117.012,569.252667791)) ;
#814=CARTESIAN_POINT('Axis2P3D Location',(-1597.0000067,-117.012,569.252667625)) ;
#826=CARTESIAN_POINT('Axis2P3D Location',(-1597.00000649,-77.012,562.252667625)) ;
#831=CARTESIAN_POINT('Axis2P3D Location',(-1597.0000067,-77.012,569.252667625)) ;
#835=CARTESIAN_POINT('Vertex',(-1591.5000067,-77.012,569.252667791)) ;
#837=CARTESIAN_POINT('Vertex',(-1602.5000067,-77.012,569.25266746)) ;
#840=CARTESIAN_POINT('Line Origine',(-1602.50000649,-77.012,562.25266746)) ;
#844=CARTESIAN_POINT('Vertex',(-1602.50000679,-77.012,572.25266746)) ;
#847=CARTESIAN_POINT('Axis2P3D Location',(-1597.00000679,-77.012,572.252667625)) ;
#851=CARTESIAN_POINT('Vertex',(-1591.50000679,-77.012,572.252667791)) ;
#854=CARTESIAN_POINT('Line Origine',(-1591.50000649,-77.012,562.252667791)) ;
#866=CARTESIAN_POINT('Line Origine',(-1602.50000675,-68.012,570.75266746)) ;
#870=CARTESIAN_POINT('Vertex',(-1602.50000679,-68.012,572.25266746)) ;
#872=CARTESIAN_POINT('Vertex',(-1602.5000067,-68.012,569.25266746)) ;
#875=CARTESIAN_POINT('Line Origine',(-1602.50000679,-72.512,572.25266746)) ;
#880=CARTESIAN_POINT('Line Origine',(-1602.5000067,-72.512,569.25266746)) ;
#892=CARTESIAN_POINT('Axis2P3D Location',(-1736.0000067,-52.0119999357,569.252663436)) ;
#897=CARTESIAN_POINT('Line Origine',(-1736.0000061,-55.012,549.252663436)) ;
#901=CARTESIAN_POINT('Vertex',(-1736.00000559,-55.012,532.252663436)) ;
#904=CARTESIAN_POINT('Line Origine',(-1736.0000067,-61.1552848895,569.252663436)) ;
#909=CARTESIAN_POINT('Line Origine',(-1736.00000679,-61.1552848895,572.252663436)) ;
#914=CARTESIAN_POINT('Line Origine',(-1736.0000061,-52.0119999357,549.252663436)) ;
#918=CARTESIAN_POINT('Vertex',(-1736.00000559,-52.0119999357,532.252663436)) ;
#921=CARTESIAN_POINT('Line Origine',(-1736.00000559,-53.5119999678,532.252663436)) ;
#937=CARTESIAN_POINT('Line Origine',(-1722.75000612,-52.012,527.252663836)) ;
#941=CARTESIAN_POINT('Vertex',(-1731.00000544,-52.012,527.252663587)) ;
#944=CARTESIAN_POINT('Line Origine',(-1722.75000611,-55.012,527.252663836)) ;
#948=CARTESIAN_POINT('Vertex',(-1731.00000544,-55.012,527.252663587)) ;
#951=CARTESIAN_POINT('Line Origine',(-1731.00000544,-53.512,527.252663587)) ;
#963=CARTESIAN_POINT('Axis2P3D Location',(-1731.00000559,-58.1552848574,532.252663587)) ;
#968=CARTESIAN_POINT('Axis2P3D Location',(-1731.00000559,-52.0119999357,532.252663587)) ;
#973=CARTESIAN_POINT('Axis2P3D Location',(-1731.00000559,-55.012,532.252663587)) ;
#985=CARTESIAN_POINT('Line Origine',(-1647.25000612,-55.012,527.252666111)) ;
#989=CARTESIAN_POINT('Vertex',(-1631.00000544,-55.012,527.252666601)) ;
#992=CARTESIAN_POINT('Line Origine',(-1647.25000612,-52.012,527.252666111)) ;
#996=CARTESIAN_POINT('Vertex',(-1631.00000544,-52.012,527.252666601)) ;
#999=CARTESIAN_POINT('Line Origine',(-1631.00000544,-53.512,527.252666601)) ;
#1011=CARTESIAN_POINT('Axis2P3D Location',(-1626.0000067,-55.012,569.252666751)) ;
#1017=CARTESIAN_POINT('Control Point',(-1626.00000559,-55.012,532.252666751)) ;
#1018=CARTESIAN_POINT('Control Point',(-1626.00000554,-55.012,530.681870425)) ;
#1019=CARTESIAN_POINT('Control Point',(-1626.61508051,-55.012,529.109608516)) ;
#1020=CARTESIAN_POINT('Control Point',(-1627.85694724,-55.012,527.867741716)) ;
#1021=CARTESIAN_POINT('Control Point',(-1629.42920911,-55.012,527.252666648)) ;
#1022=CARTESIAN_POINT('Control Point',(-1631.00000544,-55.012,527.252666601)) ;
#1023=CARTESIAN_POINT('Vertex',(-1626.00000559,-55.012,532.252666751)) ;
#1026=CARTESIAN_POINT('Line Origine',(-1626.00000602,-55.012,546.752666751)) ;
#1064=CARTESIAN_POINT('Axis2P3D Location',(-1626.0000067,-52.012,569.252666751)) ;
#1069=CARTESIAN_POINT('Line Origine',(-1626.0000061,-52.012,549.252666751)) ;
#1073=CARTESIAN_POINT('Vertex',(-1626.00000559,-52.012,532.252666751)) ;
#1076=CARTESIAN_POINT('Axis2P3D Location',(-1631.00000559,-52.012,532.252666601)) ;
#1114=CARTESIAN_POINT('Axis2P3D Location',(-1631.00000559,-59.512,532.252666601)) ;
#1119=CARTESIAN_POINT('Line Origine',(-1626.00000559,-59.512,532.252666751)) ;
#1131=CARTESIAN_POINT('Axis2P3D Location',(-1626.0000067,-132.012,569.252666751)) ;
#1136=CARTESIAN_POINT('Line Origine',(-1626.0000067,-60.012,569.252666751)) ;
#1140=CARTESIAN_POINT('Vertex',(-1626.0000067,-62.012,569.252666751)) ;
#1143=CARTESIAN_POINT('Line Origine',(-1626.00000679,-60.012,572.252666751)) ;
#1147=CARTESIAN_POINT('Vertex',(-1626.00000679,-62.012,572.252666751)) ;
#1150=CARTESIAN_POINT('Line Origine',(-1626.00000675,-62.012,570.752666751)) ;
#1166=CARTESIAN_POINT('Axis2P3D Location',(-1621.00000619,-62.012,552.252666902)) ;
#1171=CARTESIAN_POINT('Line Origine',(-1621.00000619,-67.012,552.252666902)) ;
#1175=CARTESIAN_POINT('Vertex',(-1621.0000067,-67.012,569.252666902)) ;
#1177=CARTESIAN_POINT('Vertex',(-1621.00000679,-67.012,572.252666902)) ;
#1180=CARTESIAN_POINT('Axis2P3D Location',(-1621.0000067,-62.012,569.252666902)) ;
#1185=CARTESIAN_POINT('Axis2P3D Location',(-1621.00000679,-62.012,572.252666902)) ;
#1197=CARTESIAN_POINT('Axis2P3D Location',(-1630.07120534,-132.012,569.252666629)) ;
#1202=CARTESIAN_POINT('Line Origine',(-1610.53560611,-132.012,572.252667217)) ;
#1206=CARTESIAN_POINT('Vertex',(-1591.00000679,-132.012,572.252667806)) ;
#1209=CARTESIAN_POINT('Line Origine',(-1610.53560602,-132.012,569.252667217)) ;
#1213=CARTESIAN_POINT('Vertex',(-1591.0000067,-132.012,569.252667806)) ;
#1216=CARTESIAN_POINT('Line Origine',(-1591.00000675,-132.012,570.752667806)) ;
#1228=CARTESIAN_POINT('Axis2P3D Location',(-1591.00000675,-127.012,570.752667806)) ;
#1233=CARTESIAN_POINT('Axis2P3D Location',(-1591.00000679,-127.012,572.252667806)) ;
#1237=CARTESIAN_POINT('Vertex',(-1586.00000679,-127.012,572.252667957)) ;
#1240=CARTESIAN_POINT('Axis2P3D Location',(-1591.0000067,-127.012,569.252667806)) ;
#1244=CARTESIAN_POINT('Vertex',(-1586.0000067,-127.012,569.252667957)) ;
#1247=CARTESIAN_POINT('Line Origine',(-1586.00000675,-127.012,570.752667957)) ;
#1259=CARTESIAN_POINT('Axis2P3D Location',(-1591.50000679,-117.012,572.252667791)) ;
#1264=CARTESIAN_POINT('Line Origine',(-1591.5000067,-112.512,569.252667791)) ;
#1268=CARTESIAN_POINT('Vertex',(-1591.5000067,-108.012,569.252667791)) ;
#1271=CARTESIAN_POINT('Line Origine',(-1591.50000679,-112.512,572.252667791)) ;
#1275=CARTESIAN_POINT('Vertex',(-1591.50000679,-108.012,572.252667791)) ;
#1278=CARTESIAN_POINT('Line Origine',(-1591.50000675,-108.012,570.752667791)) ;
#1290=CARTESIAN_POINT('Axis2P3D Location',(-1590.50000675,-108.012,570.752667821)) ;
#1295=CARTESIAN_POINT('Axis2P3D Location',(-1590.5000067,-108.012,569.252667821)) ;
#1299=CARTESIAN_POINT('Vertex',(-1590.5000067,-107.012,569.252667821)) ;
#1302=CARTESIAN_POINT('Axis2P3D Location',(-1590.50000679,-108.012,572.252667821)) ;
#1306=CARTESIAN_POINT('Vertex',(-1590.50000679,-107.012,572.252667821)) ;
#1309=CARTESIAN_POINT('Line Origine',(-1590.50000675,-107.012,570.752667821)) ;
#1321=CARTESIAN_POINT('Axis2P3D Location',(-1586.0000067,-52.012,569.252667957)) ;
#1326=CARTESIAN_POINT('Line Origine',(-1586.00000675,-108.012,570.752667957)) ;
#1330=CARTESIAN_POINT('Vertex',(-1586.00000679,-108.012,572.252667957)) ;
#1332=CARTESIAN_POINT('Vertex',(-1586.0000067,-108.012,569.252667957)) ;
#1335=CARTESIAN_POINT('Line Origine',(-1586.00000679,-117.512,572.252667957)) ;
#1340=CARTESIAN_POINT('Line Origine',(-1586.0000067,-117.512,569.252667957)) ;
#1352=CARTESIAN_POINT('Axis2P3D Location',(-1591.50000679,-107.012,572.252667791)) ;
#1357=CARTESIAN_POINT('Line Origine',(-1588.7500067,-107.012,569.252667874)) ;
#1361=CARTESIAN_POINT('Vertex',(-1587.0000067,-107.012,569.252667927)) ;
#1364=CARTESIAN_POINT('Line Origine',(-1588.75000679,-107.012,572.252667874)) ;
#1368=CARTESIAN_POINT('Vertex',(-1587.00000679,-107.012,572.252667927)) ;
#1371=CARTESIAN_POINT('Line Origine',(-1587.00000675,-107.012,570.752667927)) ;
#1383=CARTESIAN_POINT('Axis2P3D Location',(-1587.00000675,-108.012,570.752667927)) ;
#1388=CARTESIAN_POINT('Axis2P3D Location',(-1587.0000067,-108.012,569.252667927)) ;
#1393=CARTESIAN_POINT('Axis2P3D Location',(-1587.00000679,-108.012,572.252667927)) ;
#1405=CARTESIAN_POINT('Line Origine',(-1591.5000067,-72.512,569.252667791)) ;
#1409=CARTESIAN_POINT('Vertex',(-1591.5000067,-68.012,569.252667791)) ;
#1412=CARTESIAN_POINT('Line Origine',(-1591.50000679,-72.512,572.252667791)) ;
#1416=CARTESIAN_POINT('Vertex',(-1591.50000679,-68.012,572.252667791)) ;
#1419=CARTESIAN_POINT('Line Origine',(-1591.50000675,-68.012,570.752667791)) ;
#1431=CARTESIAN_POINT('Axis2P3D Location',(-1590.50000675,-68.012,570.752667821)) ;
#1436=CARTESIAN_POINT('Axis2P3D Location',(-1590.5000067,-68.012,569.252667821)) ;
#1440=CARTESIAN_POINT('Vertex',(-1590.5000067,-67.012,569.252667821)) ;
#1443=CARTESIAN_POINT('Axis2P3D Location',(-1590.50000679,-68.012,572.252667821)) ;
#1447=CARTESIAN_POINT('Vertex',(-1590.50000679,-67.012,572.252667821)) ;
#1450=CARTESIAN_POINT('Line Origine',(-1590.50000675,-67.012,570.752667821)) ;
#1462=CARTESIAN_POINT('Line Origine',(-1586.00000675,-68.012,570.752667957)) ;
#1466=CARTESIAN_POINT('Vertex',(-1586.0000067,-68.012,569.252667957)) ;
#1468=CARTESIAN_POINT('Vertex',(-1586.00000679,-68.012,572.252667957)) ;
#1471=CARTESIAN_POINT('Line Origine',(-1586.00000679,-82.012,572.252667957)) ;
#1476=CARTESIAN_POINT('Line Origine',(-1586.0000067,-82.012,569.252667957)) ;
#1488=CARTESIAN_POINT('Axis2P3D Location',(-1.57291128779E-020,-67.012,-1.44449390916E-013)) ;
#1493=CARTESIAN_POINT('Line Origine',(-1588.7500067,-67.012,569.252667874)) ;
#1497=CARTESIAN_POINT('Vertex',(-1587.0000067,-67.012,569.252667927)) ;
#1500=CARTESIAN_POINT('Line Origine',(-1588.75000679,-67.012,572.252667874)) ;
#1504=CARTESIAN_POINT('Vertex',(-1587.00000679,-67.012,572.252667927)) ;
#1507=CARTESIAN_POINT('Line Origine',(-1587.00000675,-67.012,570.752667927)) ;
#1519=CARTESIAN_POINT('Axis2P3D Location',(-1587.00000675,-68.012,570.752667927)) ;
#1524=CARTESIAN_POINT('Axis2P3D Location',(-1587.00000679,-68.012,572.252667927)) ;
#1529=CARTESIAN_POINT('Axis2P3D Location',(-1587.0000067,-68.012,569.252667927)) ;
#1541=CARTESIAN_POINT('Line Origine',(-1612.2500067,-67.012,569.252667166)) ;
#1545=CARTESIAN_POINT('Vertex',(-1603.5000067,-67.012,569.252667429)) ;
#1548=CARTESIAN_POINT('Line Origine',(-1612.25000679,-67.012,572.252667166)) ;
#1552=CARTESIAN_POINT('Vertex',(-1603.50000679,-67.012,572.252667429)) ;
#1555=CARTESIAN_POINT('Line Origine',(-1603.50000675,-67.012,570.752667429)) ;
#1567=CARTESIAN_POINT('Axis2P3D Location',(-1586.0000067,-52.012,569.252667957)) ;
#1572=CARTESIAN_POINT('Axis2P3D Location',(-1603.5000067,-68.012,569.252667429)) ;
#1608=CARTESIAN_POINT('Axis2P3D Location',(-1.7245523681E-005,159.9,572.252715753)) ;
#1613=CARTESIAN_POINT('Axis2P3D Location',(-1603.50000679,-68.012,572.252667429)) ;
#1649=CARTESIAN_POINT('Axis2P3D Location',(-1603.50000675,-68.012,570.75266709)) ;
#1666=CARTESIAN_POINT('Axis2P3D Location',(-1652.17697824,-52.012,563.95676457)) ;
#1671=CARTESIAN_POINT('Line Origine',(-1655.05274462,-46.012,563.705167613)) ;
#1675=CARTESIAN_POINT('Vertex',(-1652.17697824,-46.012,563.95676457)) ;
#1677=CARTESIAN_POINT('Vertex',(-1657.92851101,-46.012,563.453570655)) ;
#1680=CARTESIAN_POINT('Line Origine',(-1657.92851101,-49.012,563.453570655)) ;
#1684=CARTESIAN_POINT('Vertex',(-1657.92851101,-52.012,563.453570655)) ;
#1687=CARTESIAN_POINT('Line Origine',(-1655.05274462,-52.012,563.705167613)) ;
#1691=CARTESIAN_POINT('Vertex',(-1652.17697824,-52.012,563.95676457)) ;
#1694=CARTESIAN_POINT('Line Origine',(-1652.17697824,-49.012,563.95676457)) ;
#1706=CARTESIAN_POINT('Axis2P3D Location',(-1657.92851101,-52.012,563.453570655)) ;
#1711=CARTESIAN_POINT('Line Origine',(-1659.14850484,-46.012,560.837285431)) ;
#1715=CARTESIAN_POINT('Vertex',(-1660.36849868,-46.012,558.221000207)) ;
#1718=CARTESIAN_POINT('Line Origine',(-1660.36849868,-49.012,558.221000207)) ;
#1722=CARTESIAN_POINT('Vertex',(-1660.36849868,-52.012,558.221000207)) ;
#1725=CARTESIAN_POINT('Line Origine',(-1659.14850484,-52.012,560.837285431)) ;
#1737=CARTESIAN_POINT('Axis2P3D Location',(-1660.36849868,-52.012,558.221000207)) ;
#1742=CARTESIAN_POINT('Line Origine',(-1658.71272613,-46.012,555.85631194)) ;
#1746=CARTESIAN_POINT('Vertex',(-1657.05695358,-46.012,553.491623674)) ;
#1749=CARTESIAN_POINT('Line Origine',(-1657.05695358,-49.012,553.491623674)) ;
#1753=CARTESIAN_POINT('Vertex',(-1657.05695358,-52.012,553.491623674)) ;
#1756=CARTESIAN_POINT('Line Origine',(-1658.71272613,-52.012,555.85631194)) ;
#1768=CARTESIAN_POINT('Axis2P3D Location',(-1657.05695358,-52.012,553.491623674)) ;
#1773=CARTESIAN_POINT('Line Origine',(-1654.18118719,-46.012,553.743220632)) ;
#1777=CARTESIAN_POINT('Vertex',(-1651.30542081,-46.012,553.994817589)) ;
#1780=CARTESIAN_POINT('Line Origine',(-1651.30542081,-49.012,553.994817589)) ;
#1784=CARTESIAN_POINT('Vertex',(-1651.30542081,-52.012,553.994817589)) ;
#1787=CARTESIAN_POINT('Line Origine',(-1654.18118719,-52.012,553.743220632)) ;
#1799=CARTESIAN_POINT('Axis2P3D Location',(-1651.30542081,-52.012,553.994817589)) ;
#1804=CARTESIAN_POINT('Line Origine',(-1650.08542697,-46.012,556.611102813)) ;
#1808=CARTESIAN_POINT('Vertex',(-1648.86543314,-46.012,559.227388038)) ;
#1811=CARTESIAN_POINT('Line Origine',(-1648.86543314,-49.012,559.227388038)) ;
#1815=CARTESIAN_POINT('Vertex',(-1648.86543314,-52.012,559.227388038)) ;
#1818=CARTESIAN_POINT('Line Origine',(-1650.08542697,-52.012,556.611102813)) ;
#1830=CARTESIAN_POINT('Axis2P3D Location',(-1648.86543314,-52.012,559.227388038)) ;
#1835=CARTESIAN_POINT('Line Origine',(-1650.52120569,-46.012,561.592076304)) ;
#1840=CARTESIAN_POINT('Line Origine',(-1650.52120569,-52.012,561.592076304)) ;
#1852=CARTESIAN_POINT('Axis2P3D Location',(-1654.61696591,-49.012,558.724194122)) ;
#1857=CARTESIAN_POINT('Line Origine',(-1657.07546591,-49.012,558.724194122)) ;
#1861=CARTESIAN_POINT('Vertex',(-1657.07546591,-52.012,558.724194122)) ;
#1863=CARTESIAN_POINT('Vertex',(-1657.07546591,-46.012,558.724194122)) ;
#1866=CARTESIAN_POINT('Axis2P3D Location',(-1654.61696591,-52.012,558.724194122)) ;
#1870=CARTESIAN_POINT('Vertex',(-1652.15846591,-52.012,558.724194122)) ;
#1873=CARTESIAN_POINT('Line Origine',(-1652.15846591,-49.012,558.724194122)) ;
#1877=CARTESIAN_POINT('Vertex',(-1652.15846591,-46.012,558.724194122)) ;
#1880=CARTESIAN_POINT('Axis2P3D Location',(-1654.61696591,-46.012,558.724194122)) ;
#1892=CARTESIAN_POINT('Axis2P3D Location',(-1654.61696591,-52.012,558.724194122)) ;
#1897=CARTESIAN_POINT('Axis2P3D Location',(-1654.61696591,-46.012,558.724194122)) ;
#1909=CARTESIAN_POINT('Axis2P3D Location',(5.14547407052E-035,-52.012,3.41060513165E-013)) ;
#1927=CARTESIAN_POINT('Axis2P3D Location',(2.6444810054E-022,-46.012,3.53365534443E-013)) ;
#1948=CARTESIAN_POINT('Axis2P3D Location',(-1684.94306001,-52.012,541.013707116)) ;
#1953=CARTESIAN_POINT('Line Origine',(-1687.81882639,-46.012,540.762110159)) ;
#1957=CARTESIAN_POINT('Vertex',(-1684.94306001,-46.012,541.013707116)) ;
#1959=CARTESIAN_POINT('Vertex',(-1690.69459278,-46.012,540.510513201)) ;
#1962=CARTESIAN_POINT('Line Origine',(-1690.69459278,-49.012,540.510513201)) ;
#1966=CARTESIAN_POINT('Vertex',(-1690.69459278,-52.012,540.510513201)) ;
#1969=CARTESIAN_POINT('Line Origine',(-1687.81882639,-52.012,540.762110159)) ;
#1973=CARTESIAN_POINT('Vertex',(-1684.94306001,-52.012,541.013707116)) ;
#1976=CARTESIAN_POINT('Line Origine',(-1684.94306001,-49.012,541.013707116)) ;
#1988=CARTESIAN_POINT('Axis2P3D Location',(-1690.69459278,-52.012,540.510513201)) ;
#1993=CARTESIAN_POINT('Line Origine',(-1691.91458661,-46.012,537.894227977)) ;
#1997=CARTESIAN_POINT('Vertex',(-1693.13458045,-46.012,535.277942753)) ;
#2000=CARTESIAN_POINT('Line Origine',(-1693.13458045,-49.012,535.277942753)) ;
#2004=CARTESIAN_POINT('Vertex',(-1693.13458045,-52.012,535.277942753)) ;
#2007=CARTESIAN_POINT('Line Origine',(-1691.91458661,-52.012,537.894227977)) ;
#2019=CARTESIAN_POINT('Axis2P3D Location',(-1693.13458045,-52.012,535.277942753)) ;
#2024=CARTESIAN_POINT('Line Origine',(-1691.4788079,-46.012,532.913254486)) ;
#2028=CARTESIAN_POINT('Vertex',(-1689.82303535,-46.012,530.54856622)) ;
#2031=CARTESIAN_POINT('Line Origine',(-1689.82303535,-49.012,530.54856622)) ;
#2035=CARTESIAN_POINT('Vertex',(-1689.82303535,-52.012,530.54856622)) ;
#2038=CARTESIAN_POINT('Line Origine',(-1691.4788079,-52.012,532.913254486)) ;
#2050=CARTESIAN_POINT('Axis2P3D Location',(-1689.82303535,-52.012,530.54856622)) ;
#2055=CARTESIAN_POINT('Line Origine',(-1686.94726897,-46.012,530.800163178)) ;
#2059=CARTESIAN_POINT('Vertex',(-1684.07150258,-46.012,531.051760135)) ;
#2062=CARTESIAN_POINT('Line Origine',(-1684.07150258,-49.012,531.051760135)) ;
#2066=CARTESIAN_POINT('Vertex',(-1684.07150258,-52.012,531.051760135)) ;
#2069=CARTESIAN_POINT('Line Origine',(-1686.94726897,-52.012,530.800163178)) ;
#2081=CARTESIAN_POINT('Axis2P3D Location',(-1684.07150258,-52.012,531.051760135)) ;
#2086=CARTESIAN_POINT('Line Origine',(-1682.85150874,-46.012,533.668045359)) ;
#2090=CARTESIAN_POINT('Vertex',(-1681.63151491,-46.012,536.284330584)) ;
#2093=CARTESIAN_POINT('Line Origine',(-1681.63151491,-49.012,536.284330584)) ;
#2097=CARTESIAN_POINT('Vertex',(-1681.63151491,-52.012,536.284330584)) ;
#2100=CARTESIAN_POINT('Line Origine',(-1682.85150874,-52.012,533.668045359)) ;
#2112=CARTESIAN_POINT('Axis2P3D Location',(-1681.63151491,-52.012,536.284330584)) ;
#2117=CARTESIAN_POINT('Line Origine',(-1683.28728746,-46.012,538.64901885)) ;
#2122=CARTESIAN_POINT('Line Origine',(-1683.28728746,-52.012,538.64901885)) ;
#2134=CARTESIAN_POINT('Axis2P3D Location',(-1687.38304768,-49.012,535.781136668)) ;
#2139=CARTESIAN_POINT('Line Origine',(-1689.84154768,-49.012,535.781136668)) ;
#2143=CARTESIAN_POINT('Vertex',(-1689.84154768,-52.012,535.781136668)) ;
#2145=CARTESIAN_POINT('Vertex',(-1689.84154768,-46.012,535.781136668)) ;
#2148=CARTESIAN_POINT('Axis2P3D Location',(-1687.38304768,-52.012,535.781136668)) ;
#2152=CARTESIAN_POINT('Vertex',(-1684.92454768,-52.012,535.781136668)) ;
#2155=CARTESIAN_POINT('Line Origine',(-1684.92454768,-49.012,535.781136668)) ;
#2159=CARTESIAN_POINT('Vertex',(-1684.92454768,-46.012,535.781136668)) ;
#2162=CARTESIAN_POINT('Axis2P3D Location',(-1687.38304768,-46.012,535.781136668)) ;
#2174=CARTESIAN_POINT('Axis2P3D Location',(-1687.38304768,-52.012,535.781136668)) ;
#2179=CARTESIAN_POINT('Axis2P3D Location',(-1687.38304768,-46.012,535.781136668)) ;
#2220=CARTESIAN_POINT('Axis2P3D Location',(-1720.94306001,-52.0119999789,541.013706031)) ;
#2225=CARTESIAN_POINT('Line Origine',(-1723.81882639,-46.0119999789,540.762109074)) ;
#2229=CARTESIAN_POINT('Vertex',(-1720.94306001,-46.012,541.013706031)) ;
#2231=CARTESIAN_POINT('Vertex',(-1726.69459278,-46.012,540.510512116)) ;
#2234=CARTESIAN_POINT('Line Origine',(-1726.69459278,-49.0119999789,540.510512116)) ;
#2238=CARTESIAN_POINT('Vertex',(-1726.69459278,-52.012,540.510512116)) ;
#2241=CARTESIAN_POINT('Line Origine',(-1723.81882639,-52.0119999789,540.762109074)) ;
#2245=CARTESIAN_POINT('Vertex',(-1720.94306001,-52.012,541.013706031)) ;
#2248=CARTESIAN_POINT('Line Origine',(-1720.94306001,-49.0119999789,541.013706031)) ;
#2260=CARTESIAN_POINT('Axis2P3D Location',(-1726.69459278,-52.0119999789,540.510512116)) ;
#2265=CARTESIAN_POINT('Line Origine',(-1727.91458661,-46.0119999789,537.894226892)) ;
#2269=CARTESIAN_POINT('Vertex',(-1729.13458045,-46.012,535.277941668)) ;
#2272=CARTESIAN_POINT('Line Origine',(-1729.13458045,-49.0119999789,535.277941668)) ;
#2276=CARTESIAN_POINT('Vertex',(-1729.13458045,-52.012,535.277941668)) ;
#2279=CARTESIAN_POINT('Line Origine',(-1727.91458661,-52.0119999789,537.894226892)) ;
#2291=CARTESIAN_POINT('Axis2P3D Location',(-1729.13458045,-52.0119999789,535.277941668)) ;
#2296=CARTESIAN_POINT('Line Origine',(-1727.4788079,-46.0119999789,532.913253401)) ;
#2300=CARTESIAN_POINT('Vertex',(-1725.82303535,-46.012,530.548565135)) ;
#2303=CARTESIAN_POINT('Line Origine',(-1725.82303535,-49.0119999789,530.548565135)) ;
#2307=CARTESIAN_POINT('Vertex',(-1725.82303535,-52.012,530.548565135)) ;
#2310=CARTESIAN_POINT('Line Origine',(-1727.4788079,-52.0119999789,532.913253401)) ;
#2322=CARTESIAN_POINT('Axis2P3D Location',(-1725.82303535,-52.0119999789,530.548565135)) ;
#2327=CARTESIAN_POINT('Line Origine',(-1722.94726897,-46.0119999789,530.800162093)) ;
#2331=CARTESIAN_POINT('Vertex',(-1720.07150258,-46.012,531.05175905)) ;
#2334=CARTESIAN_POINT('Line Origine',(-1720.07150258,-49.0119999789,531.05175905)) ;
#2338=CARTESIAN_POINT('Vertex',(-1720.07150258,-52.012,531.05175905)) ;
#2341=CARTESIAN_POINT('Line Origine',(-1722.94726897,-52.0119999789,530.800162093)) ;
#2353=CARTESIAN_POINT('Axis2P3D Location',(-1720.07150258,-52.0119999789,531.05175905)) ;
#2358=CARTESIAN_POINT('Line Origine',(-1718.85150874,-46.0119999789,533.668044275)) ;
#2362=CARTESIAN_POINT('Vertex',(-1717.63151491,-46.012,536.284329499)) ;
#2365=CARTESIAN_POINT('Line Origine',(-1717.63151491,-49.0119999789,536.284329499)) ;
#2369=CARTESIAN_POINT('Vertex',(-1717.63151491,-52.012,536.284329499)) ;
#2372=CARTESIAN_POINT('Line Origine',(-1718.85150874,-52.0119999789,533.668044275)) ;
#2384=CARTESIAN_POINT('Axis2P3D Location',(-1717.63151491,-52.0119999789,536.284329499)) ;
#2389=CARTESIAN_POINT('Line Origine',(-1719.28728746,-46.0119999789,538.649017765)) ;
#2394=CARTESIAN_POINT('Line Origine',(-1719.28728746,-52.0119999789,538.649017765)) ;
#2406=CARTESIAN_POINT('Axis2P3D Location',(-1723.38304768,-49.0119999789,535.781135583)) ;
#2411=CARTESIAN_POINT('Line Origine',(-1725.84154768,-49.0119999789,535.781135583)) ;
#2415=CARTESIAN_POINT('Vertex',(-1725.84154768,-52.0119999789,535.781135583)) ;
#2417=CARTESIAN_POINT('Vertex',(-1725.84154768,-46.0119999789,535.781135583)) ;
#2420=CARTESIAN_POINT('Axis2P3D Location',(-1723.38304768,-52.0119999789,535.781135583)) ;
#2424=CARTESIAN_POINT('Vertex',(-1720.92454768,-52.0119999789,535.781135583)) ;
#2427=CARTESIAN_POINT('Line Origine',(-1720.92454768,-49.0119999789,535.781135583)) ;
#2431=CARTESIAN_POINT('Vertex',(-1720.92454768,-46.0119999789,535.781135583)) ;
#2434=CARTESIAN_POINT('Axis2P3D Location',(-1723.38304768,-46.0119999789,535.781135583)) ;
#2446=CARTESIAN_POINT('Axis2P3D Location',(-1723.38304768,-52.0119999789,535.781135583)) ;
#2451=CARTESIAN_POINT('Axis2P3D Location',(-1723.38304768,-46.0119999789,535.781135583)) ;
#2492=CARTESIAN_POINT('Axis2P3D Location',(-1688.17697824,-52.0119999789,563.956763485)) ;
#2497=CARTESIAN_POINT('Line Origine',(-1691.05274462,-46.0119999789,563.705166528)) ;
#2501=CARTESIAN_POINT('Vertex',(-1688.17697824,-46.012,563.956763485)) ;
#2503=CARTESIAN_POINT('Vertex',(-1693.92851101,-46.012,563.45356957)) ;
#2506=CARTESIAN_POINT('Line Origine',(-1693.92851101,-49.0119999789,563.45356957)) ;
#2510=CARTESIAN_POINT('Vertex',(-1693.92851101,-52.012,563.45356957)) ;
#2513=CARTESIAN_POINT('Line Origine',(-1691.05274462,-52.0119999789,563.705166528)) ;
#2517=CARTESIAN_POINT('Vertex',(-1688.17697824,-52.012,563.956763485)) ;
#2520=CARTESIAN_POINT('Line Origine',(-1688.17697824,-49.0119999789,563.956763485)) ;
#2532=CARTESIAN_POINT('Axis2P3D Location',(-1693.92851101,-52.0119999789,563.45356957)) ;
#2537=CARTESIAN_POINT('Line Origine',(-1695.14850484,-46.0119999789,560.837284346)) ;
#2541=CARTESIAN_POINT('Vertex',(-1696.36849868,-46.012,558.220999122)) ;
#2544=CARTESIAN_POINT('Line Origine',(-1696.36849868,-49.0119999789,558.220999122)) ;
#2548=CARTESIAN_POINT('Vertex',(-1696.36849868,-52.012,558.220999122)) ;
#2551=CARTESIAN_POINT('Line Origine',(-1695.14850484,-52.0119999789,560.837284346)) ;
#2563=CARTESIAN_POINT('Axis2P3D Location',(-1696.36849868,-52.0119999789,558.220999122)) ;
#2568=CARTESIAN_POINT('Line Origine',(-1694.71272613,-46.0119999789,555.856310856)) ;
#2572=CARTESIAN_POINT('Vertex',(-1693.05695358,-46.012,553.491622589)) ;
#2575=CARTESIAN_POINT('Line Origine',(-1693.05695358,-49.0119999789,553.491622589)) ;
#2579=CARTESIAN_POINT('Vertex',(-1693.05695358,-52.012,553.491622589)) ;
#2582=CARTESIAN_POINT('Line Origine',(-1694.71272613,-52.0119999789,555.856310856)) ;
#2594=CARTESIAN_POINT('Axis2P3D Location',(-1693.05695358,-52.0119999789,553.491622589)) ;
#2599=CARTESIAN_POINT('Line Origine',(-1690.18118719,-46.0119999789,553.743219547)) ;
#2603=CARTESIAN_POINT('Vertex',(-1687.30542081,-46.012,553.994816505)) ;
#2606=CARTESIAN_POINT('Line Origine',(-1687.30542081,-49.0119999789,553.994816505)) ;
#2610=CARTESIAN_POINT('Vertex',(-1687.30542081,-52.012,553.994816505)) ;
#2613=CARTESIAN_POINT('Line Origine',(-1690.18118719,-52.0119999789,553.743219547)) ;
#2625=CARTESIAN_POINT('Axis2P3D Location',(-1687.30542081,-52.0119999789,553.994816505)) ;
#2630=CARTESIAN_POINT('Line Origine',(-1686.08542697,-46.0119999789,556.611101729)) ;
#2634=CARTESIAN_POINT('Vertex',(-1684.86543314,-46.012,559.227386953)) ;
#2637=CARTESIAN_POINT('Line Origine',(-1684.86543314,-49.0119999789,559.227386953)) ;
#2641=CARTESIAN_POINT('Vertex',(-1684.86543314,-52.012,559.227386953)) ;
#2644=CARTESIAN_POINT('Line Origine',(-1686.08542697,-52.0119999789,556.611101729)) ;
#2656=CARTESIAN_POINT('Axis2P3D Location',(-1684.86543314,-52.0119999789,559.227386953)) ;
#2661=CARTESIAN_POINT('Line Origine',(-1686.52120569,-46.0119999789,561.592075219)) ;
#2666=CARTESIAN_POINT('Line Origine',(-1686.52120569,-52.0119999789,561.592075219)) ;
#2678=CARTESIAN_POINT('Axis2P3D Location',(-1690.61696591,-49.0119999789,558.724193037)) ;
#2683=CARTESIAN_POINT('Line Origine',(-1693.07546591,-49.0119999789,558.724193037)) ;
#2687=CARTESIAN_POINT('Vertex',(-1693.07546591,-52.0119999789,558.724193037)) ;
#2689=CARTESIAN_POINT('Vertex',(-1693.07546591,-46.0119999789,558.724193037)) ;
#2692=CARTESIAN_POINT('Axis2P3D Location',(-1690.61696591,-52.0119999789,558.724193037)) ;
#2696=CARTESIAN_POINT('Vertex',(-1688.15846591,-52.0119999789,558.724193037)) ;
#2699=CARTESIAN_POINT('Line Origine',(-1688.15846591,-49.0119999789,558.724193037)) ;
#2703=CARTESIAN_POINT('Vertex',(-1688.15846591,-46.0119999789,558.724193037)) ;
#2706=CARTESIAN_POINT('Axis2P3D Location',(-1690.61696591,-46.0119999789,558.724193037)) ;
#2718=CARTESIAN_POINT('Axis2P3D Location',(-1690.61696591,-52.0119999789,558.724193037)) ;
#2723=CARTESIAN_POINT('Axis2P3D Location',(-1690.61696591,-46.0119999789,558.724193037)) ;
#8=PRODUCT_RELATED_PRODUCT_CATEGORY('part',$,(#5)) ;
#29=STYLED_ITEM(' ',(#28),#21) ;
#1664=STYLED_ITEM(' ',(#28),#1663) ;
#1946=STYLED_ITEM(' ',(#28),#1945) ;
#2218=STYLED_ITEM(' ',(#28),#2217) ;
#2490=STYLED_ITEM(' ',(#28),#2489) ;
#28=PRESENTATION_STYLE_ASSIGNMENT((#27)) ;
#27=SURFACE_STYLE_USAGE(.BOTH.,#26) ;
#26=SURFACE_SIDE_STYLE(' ',(#25)) ;
#25=SURFACE_STYLE_FILL_AREA(#24) ;
#24=FILL_AREA_STYLE(' ',(#23)) ;
#23=FILL_AREA_STYLE_COLOUR(' ',#22) ;
#38=VECTOR('Line Direction',#37,1.) ;
#47=VECTOR('Line Direction',#46,1.) ;
#54=VECTOR('Line Direction',#53,1.) ;
#61=VECTOR('Line Direction',#60,1.) ;
#85=VECTOR('Line Direction',#84,1.) ;
#118=VECTOR('Line Direction',#117,1.) ;
#132=VECTOR('Line Direction',#131,1.) ;
#149=VECTOR('Line Direction',#148,1.) ;
#156=VECTOR('Line Direction',#155,1.) ;
#163=VECTOR('Line Direction',#162,1.) ;
#180=VECTOR('Line Direction',#179,1.) ;
#187=VECTOR('Line Direction',#186,1.) ;
#194=VECTOR('Line Direction',#193,1.) ;
#211=VECTOR('Line Direction',#210,1.) ;
#218=VECTOR('Line Direction',#217,1.) ;
#225=VECTOR('Line Direction',#224,1.) ;
#249=VECTOR('Line Direction',#248,1.) ;
#282=VECTOR('Line Direction',#281,1.) ;
#296=VECTOR('Line Direction',#295,1.) ;
#339=VECTOR('Line Direction',#338,1.) ;
#353=VECTOR('Line Direction',#352,1.) ;
#396=VECTOR('Line Direction',#395,1.) ;
#410=VECTOR('Line Direction',#409,1.) ;
#453=VECTOR('Line Direction',#452,1.) ;
#467=VECTOR('Line Direction',#466,1.) ;
#501=VECTOR('Line Direction',#500,1.) ;
#508=VECTOR('Line Direction',#507,1.) ;
#515=VECTOR('Line Direction',#514,1.) ;
#532=VECTOR('Line Direction',#531,1.) ;
#541=VECTOR('Line Direction',#540,1.) ;
#546=VECTOR('Line Direction',#545,1.) ;
#572=VECTOR('Line Direction',#571,1.) ;
#586=VECTOR('Line Direction',#585,1.) ;
#612=VECTOR('Line Direction',#611,1.) ;
#626=VECTOR('Line Direction',#625,1.) ;
#643=VECTOR('Line Direction',#642,1.) ;
#674=VECTOR('Line Direction',#673,1.) ;
#683=VECTOR('Line Direction',#682,1.) ;
#690=VECTOR('Line Direction',#689,1.) ;
#697=VECTOR('Line Direction',#696,1.) ;
#721=VECTOR('Line Direction',#720,1.) ;
#745=VECTOR('Line Direction',#744,1.) ;
#754=VECTOR('Line Direction',#753,1.) ;
#759=VECTOR('Line Direction',#758,1.) ;
#776=VECTOR('Line Direction',#775,1.) ;
#809=VECTOR('Line Direction',#808,1.) ;
#842=VECTOR('Line Direction',#841,1.) ;
#856=VECTOR('Line Direction',#855,1.) ;
#868=VECTOR('Line Direction',#867,1.) ;
#877=VECTOR('Line Direction',#876,1.) ;
#882=VECTOR('Line Direction',#881,1.) ;
#899=VECTOR('Line Direction',#898,1.) ;
#906=VECTOR('Line Direction',#905,1.) ;
#911=VECTOR('Line Direction',#910,1.) ;
#916=VECTOR('Line Direction',#915,1.) ;
#923=VECTOR('Line Direction',#922,1.) ;
#939=VECTOR('Line Direction',#938,1.) ;
#946=VECTOR('Line Direction',#945,1.) ;
#953=VECTOR('Line Direction',#952,1.) ;
#987=VECTOR('Line Direction',#986,1.) ;
#994=VECTOR('Line Direction',#993,1.) ;
#1001=VECTOR('Line Direction',#1000,1.) ;
#1028=VECTOR('Line Direction',#1027,1.) ;
#1071=VECTOR('Line Direction',#1070,1.) ;
#1121=VECTOR('Line Direction',#1120,1.) ;
#1138=VECTOR('Line Direction',#1137,1.) ;
#1145=VECTOR('Line Direction',#1144,1.) ;
#1152=VECTOR('Line Direction',#1151,1.) ;
#1173=VECTOR('Line Direction',#1172,1.) ;
#1204=VECTOR('Line Direction',#1203,1.) ;
#1211=VECTOR('Line Direction',#1210,1.) ;
#1218=VECTOR('Line Direction',#1217,1.) ;
#1249=VECTOR('Line Direction',#1248,1.) ;
#1266=VECTOR('Line Direction',#1265,1.) ;
#1273=VECTOR('Line Direction',#1272,1.) ;
#1280=VECTOR('Line Direction',#1279,1.) ;
#1311=VECTOR('Line Direction',#1310,1.) ;
#1328=VECTOR('Line Direction',#1327,1.) ;
#1337=VECTOR('Line Direction',#1336,1.) ;
#1342=VECTOR('Line Direction',#1341,1.) ;
#1359=VECTOR('Line Direction',#1358,1.) ;
#1366=VECTOR('Line Direction',#1365,1.) ;
#1373=VECTOR('Line Direction',#1372,1.) ;
#1407=VECTOR('Line Direction',#1406,1.) ;
#1414=VECTOR('Line Direction',#1413,1.) ;
#1421=VECTOR('Line Direction',#1420,1.) ;
#1452=VECTOR('Line Direction',#1451,1.) ;
#1464=VECTOR('Line Direction',#1463,1.) ;
#1473=VECTOR('Line Direction',#1472,1.) ;
#1478=VECTOR('Line Direction',#1477,1.) ;
#1495=VECTOR('Line Direction',#1494,1.) ;
#1502=VECTOR('Line Direction',#1501,1.) ;
#1509=VECTOR('Line Direction',#1508,1.) ;
#1543=VECTOR('Line Direction',#1542,1.) ;
#1550=VECTOR('Line Direction',#1549,1.) ;
#1557=VECTOR('Line Direction',#1556,1.) ;
#1673=VECTOR('Line Direction',#1672,1.) ;
#1682=VECTOR('Line Direction',#1681,1.) ;
#1689=VECTOR('Line Direction',#1688,1.) ;
#1696=VECTOR('Line Direction',#1695,1.) ;
#1713=VECTOR('Line Direction',#1712,1.) ;
#1720=VECTOR('Line Direction',#1719,1.) ;
#1727=VECTOR('Line Direction',#1726,1.) ;
#1744=VECTOR('Line Direction',#1743,1.) ;
#1751=VECTOR('Line Direction',#1750,1.) ;
#1758=VECTOR('Line Direction',#1757,1.) ;
#1775=VECTOR('Line Direction',#1774,1.) ;
#1782=VECTOR('Line Direction',#1781,1.) ;
#1789=VECTOR('Line Direction',#1788,1.) ;
#1806=VECTOR('Line Direction',#1805,1.) ;
#1813=VECTOR('Line Direction',#1812,1.) ;
#1820=VECTOR('Line Direction',#1819,1.) ;
#1837=VECTOR('Line Direction',#1836,1.) ;
#1842=VECTOR('Line Direction',#1841,1.) ;
#1859=VECTOR('Line Direction',#1858,1.) ;
#1875=VECTOR('Line Direction',#1874,1.) ;
#1955=VECTOR('Line Direction',#1954,1.) ;
#1964=VECTOR('Line Direction',#1963,1.) ;
#1971=VECTOR('Line Direction',#1970,1.) ;
#1978=VECTOR('Line Direction',#1977,1.) ;
#1995=VECTOR('Line Direction',#1994,1.) ;
#2002=VECTOR('Line Direction',#2001,1.) ;
#2009=VECTOR('Line Direction',#2008,1.) ;
#2026=VECTOR('Line Direction',#2025,1.) ;
#2033=VECTOR('Line Direction',#2032,1.) ;
#2040=VECTOR('Line Direction',#2039,1.) ;
#2057=VECTOR('Line Direction',#2056,1.) ;
#2064=VECTOR('Line Direction',#2063,1.) ;
#2071=VECTOR('Line Direction',#2070,1.) ;
#2088=VECTOR('Line Direction',#2087,1.) ;
#2095=VECTOR('Line Direction',#2094,1.) ;
#2102=VECTOR('Line Direction',#2101,1.) ;
#2119=VECTOR('Line Direction',#2118,1.) ;
#2124=VECTOR('Line Direction',#2123,1.) ;
#2141=VECTOR('Line Direction',#2140,1.) ;
#2157=VECTOR('Line Direction',#2156,1.) ;
#2227=VECTOR('Line Direction',#2226,1.) ;
#2236=VECTOR('Line Direction',#2235,1.) ;
#2243=VECTOR('Line Direction',#2242,1.) ;
#2250=VECTOR('Line Direction',#2249,1.) ;
#2267=VECTOR('Line Direction',#2266,1.) ;
#2274=VECTOR('Line Direction',#2273,1.) ;
#2281=VECTOR('Line Direction',#2280,1.) ;
#2298=VECTOR('Line Direction',#2297,1.) ;
#2305=VECTOR('Line Direction',#2304,1.) ;
#2312=VECTOR('Line Direction',#2311,1.) ;
#2329=VECTOR('Line Direction',#2328,1.) ;
#2336=VECTOR('Line Direction',#2335,1.) ;
#2343=VECTOR('Line Direction',#2342,1.) ;
#2360=VECTOR('Line Direction',#2359,1.) ;
#2367=VECTOR('Line Direction',#2366,1.) ;
#2374=VECTOR('Line Direction',#2373,1.) ;
#2391=VECTOR('Line Direction',#2390,1.) ;
#2396=VECTOR('Line Direction',#2395,1.) ;
#2413=VECTOR('Line Direction',#2412,1.) ;
#2429=VECTOR('Line Direction',#2428,1.) ;
#2499=VECTOR('Line Direction',#2498,1.) ;
#2508=VECTOR('Line Direction',#2507,1.) ;
#2515=VECTOR('Line Direction',#2514,1.) ;
#2522=VECTOR('Line Direction',#2521,1.) ;
#2539=VECTOR('Line Direction',#2538,1.) ;
#2546=VECTOR('Line Direction',#2545,1.) ;
#2553=VECTOR('Line Direction',#2552,1.) ;
#2570=VECTOR('Line Direction',#2569,1.) ;
#2577=VECTOR('Line Direction',#2576,1.) ;
#2584=VECTOR('Line Direction',#2583,1.) ;
#2601=VECTOR('Line Direction',#2600,1.) ;
#2608=VECTOR('Line Direction',#2607,1.) ;
#2615=VECTOR('Line Direction',#2614,1.) ;
#2632=VECTOR('Line Direction',#2631,1.) ;
#2639=VECTOR('Line Direction',#2638,1.) ;
#2646=VECTOR('Line Direction',#2645,1.) ;
#2663=VECTOR('Line Direction',#2662,1.) ;
#2668=VECTOR('Line Direction',#2667,1.) ;
#2685=VECTOR('Line Direction',#2684,1.) ;
#2701=VECTOR('Line Direction',#2700,1.) ;
#32=DIRECTION('Axis2P3D Direction',(-0.544988350595,-0.838443616301,-1.64238808761E-008)) ;
#33=DIRECTION('Axis2P3D XDirection',(0.838443616301,-0.544988350595,2.5267505277E-008)) ;
#37=DIRECTION('Vector Direction',(-3.01361827345E-008,0.,1.)) ;
#46=DIRECTION('Vector Direction',(0.838443616301,-0.544988350595,2.52675056326E-008)) ;
#53=DIRECTION('Vector Direction',(-3.01361827345E-008,0.,1.)) ;
#60=DIRECTION('Vector Direction',(-0.838443616301,0.544988350595,-2.52675056326E-008)) ;
#72=DIRECTION('Axis2P3D Direction',(3.01362022484E-008,2.05083687965E-015,-1.)) ;
#73=DIRECTION('Axis2P3D XDirection',(-0.544988350595,-0.838443616301,-1.64238808761E-008)) ;
#77=DIRECTION('Axis2P3D Direction',(3.01362022484E-008,2.05083687965E-015,-1.)) ;
#84=DIRECTION('Vector Direction',(3.01361978927E-008,1.89478062869E-015,-1.)) ;
#91=DIRECTION('Axis2P3D Direction',(3.01362022484E-008,2.05083687965E-015,-1.)) ;
#103=DIRECTION('Axis2P3D Direction',(4.40746834232E-023,1.,2.05083687965E-015)) ;
#104=DIRECTION('Axis2P3D XDirection',(-0.576923076923,1.67512047947E-015,-0.816798483908)) ;
#108=DIRECTION('Axis2P3D Direction',(4.40746834232E-023,1.,2.05083687965E-015)) ;
#117=DIRECTION('Vector Direction',(0.,1.,0.)) ;
#124=DIRECTION('Axis2P3D Direction',(4.40746834232E-023,1.,2.05083687965E-015)) ;
#131=DIRECTION('Vector Direction',(0.,1.,0.)) ;
#143=DIRECTION('Axis2P3D Direction',(-1.,4.40746834232E-023,0.)) ;
#144=DIRECTION('Axis2P3D XDirection',(9.03899862232E-038,2.05083687965E-015,-1.)) ;
#148=DIRECTION('Vector Direction',(0.,-2.27213234175E-015,1.)) ;
#155=DIRECTION('Vector Direction',(0.,-1.,0.)) ;
#162=DIRECTION('Vector Direction',(0.,2.27213234175E-015,-1.)) ;
#174=DIRECTION('Axis2P3D Direction',(3.01362022484E-008,2.05083687965E-015,-1.)) ;
#175=DIRECTION('Axis2P3D XDirection',(1.,-1.05879118407E-022,3.01362022484E-008)) ;
#179=DIRECTION('Vector Direction',(-1.,0.,-3.01361989754E-008)) ;
#186=DIRECTION('Vector Direction',(1.,0.,3.01361989755E-008)) ;
#193=DIRECTION('Vector Direction',(0.,-1.,0.)) ;
#205=DIRECTION('Axis2P3D Direction',(1.,-4.40746834232E-023,0.)) ;
#206=DIRECTION('Axis2P3D XDirection',(-9.03899862232E-038,-2.05083687965E-015,1.)) ;
#210=DIRECTION('Vector Direction',(0.,2.27213245123E-015,-1.)) ;
#217=DIRECTION('Vector Direction',(0.,-1.,0.)) ;
#224=DIRECTION('Vector Direction',(0.,-2.27213245123E-015,1.)) ;
#236=DIRECTION('Axis2P3D Direction',(4.40746834232E-023,1.,2.05083687965E-015)) ;
#237=DIRECTION('Axis2P3D XDirection',(-0.576923076923,1.67512047947E-015,-0.816798483908)) ;
#241=DIRECTION('Axis2P3D Direction',(4.40746834232E-023,1.,2.05083687965E-015)) ;
#248=DIRECTION('Vector Direction',(0.,1.,0.)) ;
#255=DIRECTION('Axis2P3D Direction',(4.40746834232E-023,1.,2.05083687965E-015)) ;
#267=DIRECTION('Axis2P3D Direction',(4.40746834232E-023,1.,2.05083687965E-015)) ;
#268=DIRECTION('Axis2P3D XDirection',(-1.,4.40746834232E-023,4.40746834232E-023)) ;
#272=DIRECTION('Axis2P3D Direction',(4.40746834232E-023,1.,2.05083687965E-015)) ;
#281=DIRECTION('Vector Direction',(0.,1.,0.)) ;
#288=DIRECTION('Axis2P3D Direction',(4.40746834232E-023,1.,2.05083687965E-015)) ;
#295=DIRECTION('Vector Direction',(0.,1.,0.)) ;
#307=DIRECTION('Axis2P3D Direction',(4.40746834232E-023,1.,2.05083687965E-015)) ;
#312=DIRECTION('Axis2P3D Direction',(4.40746834232E-023,1.,2.05083687965E-015)) ;
#324=DIRECTION('Axis2P3D Direction',(4.40746834232E-023,1.,2.05083687965E-015)) ;
#325=DIRECTION('Axis2P3D XDirection',(-1.,4.40746834232E-023,4.40746834232E-023)) ;
#329=DIRECTION('Axis2P3D Direction',(4.40746834232E-023,1.,2.05083687965E-015)) ;
#338=DIRECTION('Vector Direction',(0.,1.,0.)) ;
#345=DIRECTION('Axis2P3D Direction',(4.40746834232E-023,1.,2.05083687965E-015)) ;
#352=DIRECTION('Vector Direction',(0.,1.,0.)) ;
#364=DIRECTION('Axis2P3D Direction',(4.40746834232E-023,1.,2.05083687965E-015)) ;
#369=DIRECTION('Axis2P3D Direction',(4.40746834232E-023,1.,2.05083687965E-015)) ;
#381=DIRECTION('Axis2P3D Direction',(4.40746834232E-023,1.,2.05083687965E-015)) ;
#382=DIRECTION('Axis2P3D XDirection',(-1.,4.40746834232E-023,4.40746834232E-023)) ;
#386=DIRECTION('Axis2P3D Direction',(4.40746834232E-023,1.,2.05083687965E-015)) ;
#395=DIRECTION('Vector Direction',(0.,1.,0.)) ;
#402=DIRECTION('Axis2P3D Direction',(4.40746834232E-023,1.,2.05083687965E-015)) ;
#409=DIRECTION('Vector Direction',(0.,1.,0.)) ;
#421=DIRECTION('Axis2P3D Direction',(4.40746834232E-023,1.,2.05083687965E-015)) ;
#426=DIRECTION('Axis2P3D Direction',(4.40746834232E-023,1.,2.05083687965E-015)) ;
#438=DIRECTION('Axis2P3D Direction',(4.40746834232E-023,1.,2.05083687965E-015)) ;
#439=DIRECTION('Axis2P3D XDirection',(-1.,4.40746834232E-023,4.40746834232E-023)) ;
#443=DIRECTION('Axis2P3D Direction',(4.40746834232E-023,1.,2.05083687965E-015)) ;
#452=DIRECTION('Vector Direction',(0.,1.,0.)) ;
#459=DIRECTION('Axis2P3D Direction',(4.40746834232E-023,1.,2.05083687965E-015)) ;
#466=DIRECTION('Vector Direction',(0.,1.,0.)) ;
#478=DIRECTION('Axis2P3D Direction',(4.40746834232E-023,1.,2.05083687965E-015)) ;
#483=DIRECTION('Axis2P3D Direction',(4.40746834232E-023,1.,2.05083687965E-015)) ;
#495=DIRECTION('Axis2P3D Direction',(-1.,4.40746834232E-023,0.)) ;
#496=DIRECTION('Axis2P3D XDirection',(9.03899862232E-038,2.05083687965E-015,-1.)) ;
#500=DIRECTION('Vector Direction',(0.,2.27213234175E-015,-1.)) ;
#507=DIRECTION('Vector Direction',(0.,-1.,0.)) ;
#514=DIRECTION('Vector Direction',(0.,2.27213234175E-015,-1.)) ;
#526=DIRECTION('Axis2P3D Direction',(1.,-4.40746834232E-023,0.)) ;
#527=DIRECTION('Axis2P3D XDirection',(-9.03899862232E-038,-2.05083687965E-015,1.)) ;
#531=DIRECTION('Vector Direction',(0.,-1.,0.)) ;
#540=DIRECTION('Vector Direction',(0.,-2.27213245123E-015,1.)) ;
#545=DIRECTION('Vector Direction',(0.,-2.27213245123E-015,1.)) ;
#557=DIRECTION('Axis2P3D Direction',(-1.,4.54602433972E-029,-3.01362206301E-008)) ;
#558=DIRECTION('Axis2P3D XDirection',(-3.01362206301E-008,-2.36847578587E-015,1.)) ;
#562=DIRECTION('Axis2P3D Direction',(-1.,4.54602433972E-029,-3.01362206301E-008)) ;
#571=DIRECTION('Vector Direction',(-1.,0.,-3.01362206301E-008)) ;
#578=DIRECTION('Axis2P3D Direction',(-1.,4.54602433972E-029,-3.01362206301E-008)) ;
#585=DIRECTION('Vector Direction',(-1.,0.,-3.01362206301E-008)) ;
#597=DIRECTION('Axis2P3D Direction',(-1.,4.54602433972E-029,-3.01362206301E-008)) ;
#598=DIRECTION('Axis2P3D XDirection',(2.13095259669E-008,-0.707106781187,-0.707106781187)) ;
#602=DIRECTION('Axis2P3D Direction',(-1.,4.54602433972E-029,-3.01362206301E-008)) ;
#611=DIRECTION('Vector Direction',(-1.,0.,-3.01362206301E-008)) ;
#618=DIRECTION('Axis2P3D Direction',(-1.,4.54602433972E-029,-3.01362206301E-008)) ;
#625=DIRECTION('Vector Direction',(-1.,0.,-3.01362206301E-008)) ;
#637=DIRECTION('Axis2P3D Direction',(3.01362022484E-008,2.05083687965E-015,-1.)) ;
#638=DIRECTION('Axis2P3D XDirection',(6.12322958827E-017,-1.,-2.0508368778E-015)) ;
#642=DIRECTION('Vector Direction',(3.01361978927E-008,1.89478062869E-015,-1.)) ;
#651=DIRECTION('Axis2P3D Direction',(3.01362022484E-008,2.05083687965E-015,-1.)) ;
#656=DIRECTION('Axis2P3D Direction',(3.01362022484E-008,2.05083687965E-015,-1.)) ;
#668=DIRECTION('Axis2P3D Direction',(1.,-6.18044349835E-023,3.01362022484E-008)) ;
#669=DIRECTION('Axis2P3D XDirection',(-1.2930437859E-037,-1.,-2.05083687965E-015)) ;
#673=DIRECTION('Vector Direction',(3.01361827345E-008,0.,-1.)) ;
#682=DIRECTION('Vector Direction',(0.,-1.,0.)) ;
#689=DIRECTION('Vector Direction',(3.01361827345E-008,0.,-1.)) ;
#696=DIRECTION('Vector Direction',(0.,-1.,0.)) ;
#708=DIRECTION('Axis2P3D Direction',(-3.01362022484E-008,-2.05083687965E-015,1.)) ;
#709=DIRECTION('Axis2P3D XDirection',(5.69046512008E-014,1.,2.05083859454E-015)) ;
#713=DIRECTION('Axis2P3D Direction',(-3.01362022484E-008,-2.05083687965E-015,1.)) ;
#720=DIRECTION('Vector Direction',(-3.01361978927E-008,-1.42108547152E-015,1.)) ;
#727=DIRECTION('Axis2P3D Direction',(-3.01362022484E-008,-2.05083687965E-015,1.)) ;
#739=DIRECTION('Axis2P3D Direction',(-1.2930437859E-037,-1.,-2.05083687965E-015)) ;
#740=DIRECTION('Axis2P3D XDirection',(-1.,6.18044349835E-023,-3.01362022484E-008)) ;
#744=DIRECTION('Vector Direction',(3.01361827345E-008,0.,-1.)) ;
#753=DIRECTION('Vector Direction',(-1.,0.,-3.01362080002E-008)) ;
#758=DIRECTION('Vector Direction',(-1.,0.,-3.01362080002E-008)) ;
#770=DIRECTION('Axis2P3D Direction',(-3.01362022484E-008,-2.05083687965E-015,1.)) ;
#771=DIRECTION('Axis2P3D XDirection',(-1.,-8.31523024543E-015,-3.01362022484E-008)) ;
#775=DIRECTION('Vector Direction',(-3.01361978927E-008,-1.42108547152E-015,1.)) ;
#784=DIRECTION('Axis2P3D Direction',(-3.01362022484E-008,-2.05083687965E-015,1.)) ;
#789=DIRECTION('Axis2P3D Direction',(-3.01362022484E-008,-2.05083687965E-015,1.)) ;
#801=DIRECTION('Axis2P3D Direction',(-3.01362022484E-008,-2.05083687965E-015,1.)) ;
#808=DIRECTION('Vector Direction',(-3.01361978927E-008,-1.42108547152E-015,1.)) ;
#815=DIRECTION('Axis2P3D Direction',(-3.01362022484E-008,-2.05083687965E-015,1.)) ;
#827=DIRECTION('Axis2P3D Direction',(-3.01362022484E-008,-2.05083687965E-015,1.)) ;
#828=DIRECTION('Axis2P3D XDirection',(-1.,-8.31523024543E-015,-3.01362022484E-008)) ;
#832=DIRECTION('Axis2P3D Direction',(-3.01362022484E-008,-2.05083687965E-015,1.)) ;
#841=DIRECTION('Vector Direction',(-3.01361978927E-008,-1.42108547152E-015,1.)) ;
#848=DIRECTION('Axis2P3D Direction',(-3.01362022484E-008,-2.05083687965E-015,1.)) ;
#855=DIRECTION('Vector Direction',(-3.01361978927E-008,-1.42108547152E-015,1.)) ;
#867=DIRECTION('Vector Direction',(3.01361827345E-008,0.,-1.)) ;
#876=DIRECTION('Vector Direction',(0.,-1.,0.)) ;
#881=DIRECTION('Vector Direction',(0.,-1.,0.)) ;
#893=DIRECTION('Axis2P3D Direction',(-1.,1.05879118407E-022,-3.01362022484E-008)) ;
#894=DIRECTION('Axis2P3D XDirection',(-4.40746834232E-023,-1.,-2.05083687965E-015)) ;
#898=DIRECTION('Vector Direction',(-3.01362072552E-008,-2.08983157577E-015,1.)) ;
#905=DIRECTION('Vector Direction',(0.,1.,-1.80840810994E-014)) ;
#910=DIRECTION('Vector Direction',(0.,-1.,0.)) ;
#915=DIRECTION('Vector Direction',(-3.01362072552E-008,-2.08983157577E-015,1.)) ;
#922=DIRECTION('Vector Direction',(0.,-1.,0.)) ;
#938=DIRECTION('Vector Direction',(-1.,0.,-3.01361989916E-008)) ;
#945=DIRECTION('Vector Direction',(1.,0.,3.01361989915E-008)) ;
#952=DIRECTION('Vector Direction',(0.,-1.,0.)) ;
#964=DIRECTION('Axis2P3D Direction',(0.,-1.,-0.)) ;
#965=DIRECTION('Axis2P3D XDirection',(-1.,0.,-3.01361978927E-008)) ;
#969=DIRECTION('Axis2P3D Direction',(0.,-1.,-0.)) ;
#974=DIRECTION('Axis2P3D Direction',(0.,-1.,-0.)) ;
#986=DIRECTION('Vector Direction',(1.,0.,3.01362001333E-008)) ;
#993=DIRECTION('Vector Direction',(-1.,0.,-3.01362001333E-008)) ;
#1000=DIRECTION('Vector Direction',(0.,-1.,0.)) ;
#1012=DIRECTION('Axis2P3D Direction',(4.40746834232E-023,1.,2.05083687965E-015)) ;
#1013=DIRECTION('Axis2P3D XDirection',(-1.,1.05879118407E-022,-3.01362022484E-008)) ;
#1027=DIRECTION('Vector Direction',(-3.01362060548E-008,-2.00409489573E-015,1.)) ;
#1065=DIRECTION('Axis2P3D Direction',(4.40746834232E-023,1.,2.05083687965E-015)) ;
#1066=DIRECTION('Axis2P3D XDirection',(-1.,1.05879118407E-022,-3.01362022484E-008)) ;
#1070=DIRECTION('Vector Direction',(-3.01362072552E-008,-2.08983157576E-015,1.)) ;
#1077=DIRECTION('Axis2P3D Direction',(4.40746834232E-023,1.,2.05083687965E-015)) ;
#1115=DIRECTION('Axis2P3D Direction',(0.,-1.,0.)) ;
#1116=DIRECTION('Axis2P3D XDirection',(3.01360156324E-008,-0.,-1.)) ;
#1120=DIRECTION('Vector Direction',(0.,-1.,0.)) ;
#1132=DIRECTION('Axis2P3D Direction',(1.,-1.05879118407E-022,3.01362022484E-008)) ;
#1133=DIRECTION('Axis2P3D XDirection',(4.40746834232E-023,1.,2.05083687965E-015)) ;
#1137=DIRECTION('Vector Direction',(0.,1.,0.)) ;
#1144=DIRECTION('Vector Direction',(0.,1.,0.)) ;
#1151=DIRECTION('Vector Direction',(-3.01361827345E-008,-2.36847578587E-015,1.)) ;
#1167=DIRECTION('Axis2P3D Direction',(-3.01362043891E-008,0.,1.)) ;
#1168=DIRECTION('Axis2P3D XDirection',(-1.,1.83697019872E-016,-3.01362043891E-008)) ;
#1172=DIRECTION('Vector Direction',(-3.01362043891E-008,0.,1.)) ;
#1181=DIRECTION('Axis2P3D Direction',(-3.01362043891E-008,0.,1.)) ;
#1186=DIRECTION('Axis2P3D Direction',(-3.01362043891E-008,0.,1.)) ;
#1198=DIRECTION('Axis2P3D Direction',(-4.40746834232E-023,-1.,-2.05083687965E-015)) ;
#1199=DIRECTION('Axis2P3D XDirection',(1.,-1.05879118407E-022,3.01362022484E-008)) ;
#1203=DIRECTION('Vector Direction',(1.,0.,3.0136201988E-008)) ;
#1210=DIRECTION('Vector Direction',(-1.,0.,-3.0136201988E-008)) ;
#1217=DIRECTION('Vector Direction',(-3.01361827345E-008,0.,1.)) ;
#1229=DIRECTION('Axis2P3D Direction',(-3.01361751553E-008,-6.7670736739E-015,1.)) ;
#1230=DIRECTION('Axis2P3D XDirection',(-1.83696815938E-016,-1.,-6.76707367944E-015)) ;
#1234=DIRECTION('Axis2P3D Direction',(-3.01361751553E-008,-6.7670736739E-015,1.)) ;
#1241=DIRECTION('Axis2P3D Direction',(-3.01361751553E-008,-6.7670736739E-015,1.)) ;
#1248=DIRECTION('Vector Direction',(-3.01362152164E-008,-6.7670736739E-015,1.)) ;
#1260=DIRECTION('Axis2P3D Direction',(-1.,6.18044349835E-023,-3.01362022484E-008)) ;
#1261=DIRECTION('Axis2P3D XDirection',(1.2930437859E-037,1.,2.05083687965E-015)) ;
#1265=DIRECTION('Vector Direction',(0.,1.,0.)) ;
#1272=DIRECTION('Vector Direction',(0.,1.,0.)) ;
#1279=DIRECTION('Vector Direction',(3.01361827345E-008,0.,-1.)) ;
#1291=DIRECTION('Axis2P3D Direction',(3.01362152164E-008,0.,-1.)) ;
#1292=DIRECTION('Axis2P3D XDirection',(-1.,-1.83697019872E-016,-3.01362152164E-008)) ;
#1296=DIRECTION('Axis2P3D Direction',(3.01362152164E-008,0.,-1.)) ;
#1303=DIRECTION('Axis2P3D Direction',(3.01362152164E-008,0.,-1.)) ;
#1310=DIRECTION('Vector Direction',(3.01362152164E-008,0.,-1.)) ;
#1322=DIRECTION('Axis2P3D Direction',(-1.,1.05879078387E-022,-3.01361827345E-008)) ;
#1323=DIRECTION('Axis2P3D XDirection',(-3.01361827345E-008,-2.05083687965E-015,1.)) ;
#1327=DIRECTION('Vector Direction',(3.01361827345E-008,0.,-1.)) ;
#1336=DIRECTION('Vector Direction',(0.,1.,0.)) ;
#1341=DIRECTION('Vector Direction',(0.,1.,0.)) ;
#1353=DIRECTION('Axis2P3D Direction',(1.2930437859E-037,1.,2.05083687965E-015)) ;
#1354=DIRECTION('Axis2P3D XDirection',(1.,-6.18044349835E-023,3.01362022484E-008)) ;
#1358=DIRECTION('Vector Direction',(-1.,0.,-3.01362043869E-008)) ;
#1365=DIRECTION('Vector Direction',(1.,0.,3.01362043869E-008)) ;
#1372=DIRECTION('Vector Direction',(3.01361827345E-008,0.,-1.)) ;
#1384=DIRECTION('Axis2P3D Direction',(3.01362206301E-008,0.,-1.)) ;
#1385=DIRECTION('Axis2P3D XDirection',(-1.83697019872E-016,1.,-5.53593391995E-024)) ;
#1389=DIRECTION('Axis2P3D Direction',(3.01362206301E-008,0.,-1.)) ;
#1394=DIRECTION('Axis2P3D Direction',(3.01362206301E-008,0.,-1.)) ;
#1406=DIRECTION('Vector Direction',(0.,1.,0.)) ;
#1413=DIRECTION('Vector Direction',(0.,1.,0.)) ;
#1420=DIRECTION('Vector Direction',(3.01361827345E-008,0.,-1.)) ;
#1432=DIRECTION('Axis2P3D Direction',(3.01362152164E-008,0.,-1.)) ;
#1433=DIRECTION('Axis2P3D XDirection',(-1.,-1.83697019872E-016,-3.01362152164E-008)) ;
#1437=DIRECTION('Axis2P3D Direction',(3.01362152164E-008,0.,-1.)) ;
#1444=DIRECTION('Axis2P3D Direction',(3.01362152164E-008,0.,-1.)) ;
#1451=DIRECTION('Vector Direction',(3.01362152164E-008,0.,-1.)) ;
#1463=DIRECTION('Vector Direction',(-3.01361827345E-008,0.,1.)) ;
#1472=DIRECTION('Vector Direction',(0.,1.,4.06024420434E-015)) ;
#1477=DIRECTION('Vector Direction',(0.,1.,4.06024420434E-015)) ;
#1489=DIRECTION('Axis2P3D Direction',(4.40746834232E-023,1.,2.05083687965E-015)) ;
#1490=DIRECTION('Axis2P3D XDirection',(-1.,4.40746834232E-023,2.64697796017E-023)) ;
#1494=DIRECTION('Vector Direction',(-1.,0.,-3.01362043869E-008)) ;
#1501=DIRECTION('Vector Direction',(1.,0.,3.01362043869E-008)) ;
#1508=DIRECTION('Vector Direction',(-3.01361069433E-008,-4.73695157173E-015,1.)) ;
#1520=DIRECTION('Axis2P3D Direction',(-3.01362152164E-008,0.,1.)) ;
#1521=DIRECTION('Axis2P3D XDirection',(1.,-1.83697019872E-016,3.01362152164E-008)) ;
#1525=DIRECTION('Axis2P3D Direction',(-3.01362152164E-008,0.,1.)) ;
#1530=DIRECTION('Axis2P3D Direction',(-3.01362152164E-008,0.,1.)) ;
#1542=DIRECTION('Vector Direction',(-1.,0.,-3.01361978923E-008)) ;
#1549=DIRECTION('Vector Direction',(1.,0.,3.01361978923E-008)) ;
#1556=DIRECTION('Vector Direction',(3.01361069433E-008,4.73695157173E-015,-1.)) ;
#1568=DIRECTION('Axis2P3D Direction',(3.01362007349E-008,2.05083687965E-015,-1.)) ;
#1569=DIRECTION('Axis2P3D XDirection',(-1.,1.05879115303E-022,-3.01362007349E-008)) ;
#1573=DIRECTION('Axis2P3D Direction',(3.01362007349E-008,2.05083687965E-015,-1.)) ;
#1609=DIRECTION('Axis2P3D Direction',(3.01362022484E-008,2.05083687965E-015,-1.)) ;
#1610=DIRECTION('Axis2P3D XDirection',(1.,-1.05879118407E-022,3.01362022484E-008)) ;
#1614=DIRECTION('Axis2P3D Direction',(3.01362022484E-008,2.05083687965E-015,-1.)) ;
#1650=DIRECTION('Axis2P3D Direction',(3.01362206301E-008,-1.37093086173E-026,-1.)) ;
#1651=DIRECTION('Axis2P3D XDirection',(-1.83697019872E-016,1.,-5.54964322857E-024)) ;
#1667=DIRECTION('Axis2P3D Direction',(0.0871557427476,2.04303282232E-015,-0.996194698092)) ;
#1668=DIRECTION('Axis2P3D XDirection',(-0.996194698092,1.78742255407E-016,-0.0871557427476)) ;
#1672=DIRECTION('Vector Direction',(-0.996194698092,0.,-0.0871557427477)) ;
#1681=DIRECTION('Vector Direction',(0.,1.,0.)) ;
#1688=DIRECTION('Vector Direction',(-0.996194698092,0.,-0.0871557427477)) ;
#1695=DIRECTION('Vector Direction',(0.,1.,0.)) ;
#1707=DIRECTION('Axis2P3D Direction',(0.906307787037,8.66721077245E-016,-0.422618261741)) ;
#1708=DIRECTION('Axis2P3D XDirection',(-0.422618261741,1.85868945259E-015,-0.906307787037)) ;
#1712=DIRECTION('Vector Direction',(-0.422618261741,2.46139223857E-015,-0.906307787037)) ;
#1719=DIRECTION('Vector Direction',(0.,1.,0.)) ;
#1726=DIRECTION('Vector Direction',(-0.422618261741,2.46139223857E-015,-0.906307787037)) ;
#1738=DIRECTION('Axis2P3D Direction',(0.819152044289,-1.17631174507E-015,0.573576436351)) ;
#1739=DIRECTION('Axis2P3D XDirection',(0.573576436351,1.67994719719E-015,-0.819152044289)) ;
#1743=DIRECTION('Vector Direction',(0.573576436351,1.23069611929E-015,-0.819152044289)) ;
#1750=DIRECTION('Vector Direction',(0.,1.,0.)) ;
#1757=DIRECTION('Vector Direction',(0.573576436351,1.23069611929E-015,-0.819152044289)) ;
#1769=DIRECTION('Axis2P3D Direction',(-0.0871557427476,-2.04303282232E-015,0.996194698092)) ;
#1770=DIRECTION('Axis2P3D XDirection',(0.996194698092,-1.78742255407E-016,0.0871557427476)) ;
#1774=DIRECTION('Vector Direction',(0.996194698092,0.,0.0871557427476)) ;
#1781=DIRECTION('Vector Direction',(0.,1.,0.)) ;
#1788=DIRECTION('Vector Direction',(0.996194698092,0.,0.0871557427476)) ;
#1800=DIRECTION('Axis2P3D Direction',(-0.906307787037,-8.66721077245E-016,0.422618261741)) ;
#1801=DIRECTION('Axis2P3D XDirection',(0.422618261741,-1.85868945259E-015,0.906307787037)) ;
#1805=DIRECTION('Vector Direction',(0.422618261741,-2.46139223857E-015,0.906307787037)) ;
#1812=DIRECTION('Vector Direction',(0.,1.,0.)) ;
#1819=DIRECTION('Vector Direction',(0.422618261741,-2.46139223857E-015,0.906307787037)) ;
#1831=DIRECTION('Axis2P3D Direction',(-0.819152044289,1.17631174507E-015,-0.573576436351)) ;
#1832=DIRECTION('Axis2P3D XDirection',(-0.573576436351,-1.67994719719E-015,0.819152044289)) ;
#1836=DIRECTION('Vector Direction',(-0.573576436351,-1.23069611929E-015,0.819152044289)) ;
#1841=DIRECTION('Vector Direction',(-0.573576436351,-1.23069611929E-015,0.819152044289)) ;
#1853=DIRECTION('Axis2P3D Direction',(-4.40746834232E-023,-1.,-2.05083687965E-015)) ;
#1854=DIRECTION('Axis2P3D XDirection',(1.,-4.40746829209E-023,-2.44929359829E-016)) ;
#1858=DIRECTION('Vector Direction',(0.,-1.,0.)) ;
#1867=DIRECTION('Axis2P3D Direction',(-4.40746834232E-023,-1.,-2.05083687965E-015)) ;
#1874=DIRECTION('Vector Direction',(0.,-1.,0.)) ;
#1881=DIRECTION('Axis2P3D Direction',(-4.40746834232E-023,-1.,-2.05083687965E-015)) ;
#1893=DIRECTION('Axis2P3D Direction',(-4.40746834232E-023,-1.,-2.05083687965E-015)) ;
#1898=DIRECTION('Axis2P3D Direction',(-4.40746834232E-023,-1.,-2.05083687965E-015)) ;
#1910=DIRECTION('Axis2P3D Direction',(-4.40746834232E-023,-1.,-2.05083687965E-015)) ;
#1911=DIRECTION('Axis2P3D XDirection',(1.,-4.40746834232E-023,0.)) ;
#1928=DIRECTION('Axis2P3D Direction',(-4.40746834232E-023,-1.,-2.05083687965E-015)) ;
#1929=DIRECTION('Axis2P3D XDirection',(1.,-4.40746834232E-023,0.)) ;
#1949=DIRECTION('Axis2P3D Direction',(0.0871557427476,2.04303282232E-015,-0.996194698092)) ;
#1950=DIRECTION('Axis2P3D XDirection',(-0.996194698092,1.78742255407E-016,-0.0871557427476)) ;
#1954=DIRECTION('Vector Direction',(-0.996194698092,0.,-0.0871557427477)) ;
#1963=DIRECTION('Vector Direction',(0.,1.,0.)) ;
#1970=DIRECTION('Vector Direction',(-0.996194698092,0.,-0.0871557427477)) ;
#1977=DIRECTION('Vector Direction',(0.,1.,0.)) ;
#1989=DIRECTION('Axis2P3D Direction',(0.906307787037,8.66721077245E-016,-0.422618261741)) ;
#1990=DIRECTION('Axis2P3D XDirection',(-0.422618261741,1.85868945259E-015,-0.906307787037)) ;
#1994=DIRECTION('Vector Direction',(-0.422618261741,2.46139223857E-015,-0.906307787037)) ;
#2001=DIRECTION('Vector Direction',(0.,1.,0.)) ;
#2008=DIRECTION('Vector Direction',(-0.422618261741,2.46139223857E-015,-0.906307787037)) ;
#2020=DIRECTION('Axis2P3D Direction',(0.819152044289,-1.17631174507E-015,0.573576436351)) ;
#2021=DIRECTION('Axis2P3D XDirection',(0.573576436351,1.67994719719E-015,-0.819152044289)) ;
#2025=DIRECTION('Vector Direction',(0.573576436351,1.23069611929E-015,-0.819152044289)) ;
#2032=DIRECTION('Vector Direction',(0.,1.,0.)) ;
#2039=DIRECTION('Vector Direction',(0.573576436351,1.23069611929E-015,-0.819152044289)) ;
#2051=DIRECTION('Axis2P3D Direction',(-0.0871557427476,-2.04303282232E-015,0.996194698092)) ;
#2052=DIRECTION('Axis2P3D XDirection',(0.996194698092,-1.78742255407E-016,0.0871557427476)) ;
#2056=DIRECTION('Vector Direction',(0.996194698092,0.,0.0871557427476)) ;
#2063=DIRECTION('Vector Direction',(0.,1.,0.)) ;
#2070=DIRECTION('Vector Direction',(0.996194698092,0.,0.0871557427476)) ;
#2082=DIRECTION('Axis2P3D Direction',(-0.906307787037,-8.66721077245E-016,0.422618261741)) ;
#2083=DIRECTION('Axis2P3D XDirection',(0.422618261741,-1.85868945259E-015,0.906307787037)) ;
#2087=DIRECTION('Vector Direction',(0.422618261741,-2.46139223857E-015,0.906307787037)) ;
#2094=DIRECTION('Vector Direction',(0.,1.,0.)) ;
#2101=DIRECTION('Vector Direction',(0.422618261741,-2.46139223857E-015,0.906307787037)) ;
#2113=DIRECTION('Axis2P3D Direction',(-0.819152044289,1.17631174507E-015,-0.573576436351)) ;
#2114=DIRECTION('Axis2P3D XDirection',(-0.573576436351,-1.67994719719E-015,0.819152044289)) ;
#2118=DIRECTION('Vector Direction',(-0.573576436351,-1.23069611929E-015,0.819152044289)) ;
#2123=DIRECTION('Vector Direction',(-0.573576436351,-1.23069611929E-015,0.819152044289)) ;
#2135=DIRECTION('Axis2P3D Direction',(-4.40746834232E-023,-1.,-2.05083687965E-015)) ;
#2136=DIRECTION('Axis2P3D XDirection',(1.,-4.40746829209E-023,-2.44929359829E-016)) ;
#2140=DIRECTION('Vector Direction',(0.,-1.,0.)) ;
#2149=DIRECTION('Axis2P3D Direction',(-4.40746834232E-023,-1.,-2.05083687965E-015)) ;
#2156=DIRECTION('Vector Direction',(0.,-1.,0.)) ;
#2163=DIRECTION('Axis2P3D Direction',(-4.40746834232E-023,-1.,-2.05083687965E-015)) ;
#2175=DIRECTION('Axis2P3D Direction',(-4.40746834232E-023,-1.,-2.05083687965E-015)) ;
#2180=DIRECTION('Axis2P3D Direction',(-4.40746834232E-023,-1.,-2.05083687965E-015)) ;
#2221=DIRECTION('Axis2P3D Direction',(0.0871557427476,2.04303282232E-015,-0.996194698092)) ;
#2222=DIRECTION('Axis2P3D XDirection',(-0.996194698092,1.78742255407E-016,-0.0871557427476)) ;
#2226=DIRECTION('Vector Direction',(-0.996194698092,0.,-0.0871557427477)) ;
#2235=DIRECTION('Vector Direction',(0.,1.,0.)) ;
#2242=DIRECTION('Vector Direction',(-0.996194698092,0.,-0.0871557427477)) ;
#2249=DIRECTION('Vector Direction',(0.,1.,0.)) ;
#2261=DIRECTION('Axis2P3D Direction',(0.906307787037,8.66721077245E-016,-0.422618261741)) ;
#2262=DIRECTION('Axis2P3D XDirection',(-0.422618261741,1.85868945259E-015,-0.906307787037)) ;
#2266=DIRECTION('Vector Direction',(-0.422618261741,2.46139223857E-015,-0.906307787037)) ;
#2273=DIRECTION('Vector Direction',(0.,1.,0.)) ;
#2280=DIRECTION('Vector Direction',(-0.422618261741,2.46139223857E-015,-0.906307787037)) ;
#2292=DIRECTION('Axis2P3D Direction',(0.819152044289,-1.17631174507E-015,0.573576436351)) ;
#2293=DIRECTION('Axis2P3D XDirection',(0.573576436351,1.67994719719E-015,-0.819152044289)) ;
#2297=DIRECTION('Vector Direction',(0.573576436351,1.23069611929E-015,-0.819152044289)) ;
#2304=DIRECTION('Vector Direction',(0.,1.,0.)) ;
#2311=DIRECTION('Vector Direction',(0.573576436351,1.23069611929E-015,-0.819152044289)) ;
#2323=DIRECTION('Axis2P3D Direction',(-0.0871557427476,-2.04303282232E-015,0.996194698092)) ;
#2324=DIRECTION('Axis2P3D XDirection',(0.996194698092,-1.78742255407E-016,0.0871557427476)) ;
#2328=DIRECTION('Vector Direction',(0.996194698092,0.,0.0871557427476)) ;
#2335=DIRECTION('Vector Direction',(0.,1.,0.)) ;
#2342=DIRECTION('Vector Direction',(0.996194698092,0.,0.0871557427476)) ;
#2354=DIRECTION('Axis2P3D Direction',(-0.906307787037,-8.66721077245E-016,0.422618261741)) ;
#2355=DIRECTION('Axis2P3D XDirection',(0.422618261741,-1.85868945259E-015,0.906307787037)) ;
#2359=DIRECTION('Vector Direction',(0.422618261741,-2.46139223857E-015,0.906307787037)) ;
#2366=DIRECTION('Vector Direction',(0.,1.,0.)) ;
#2373=DIRECTION('Vector Direction',(0.422618261741,-2.46139223857E-015,0.906307787037)) ;
#2385=DIRECTION('Axis2P3D Direction',(-0.819152044289,1.17631174507E-015,-0.573576436351)) ;
#2386=DIRECTION('Axis2P3D XDirection',(-0.573576436351,-1.67994719719E-015,0.819152044289)) ;
#2390=DIRECTION('Vector Direction',(-0.573576436351,-1.23069611929E-015,0.819152044289)) ;
#2395=DIRECTION('Vector Direction',(-0.573576436351,-1.23069611929E-015,0.819152044289)) ;
#2407=DIRECTION('Axis2P3D Direction',(-4.40746834232E-023,-1.,-2.05083687965E-015)) ;
#2408=DIRECTION('Axis2P3D XDirection',(1.,-4.40746829209E-023,-2.44929359829E-016)) ;
#2412=DIRECTION('Vector Direction',(0.,-1.,0.)) ;
#2421=DIRECTION('Axis2P3D Direction',(-4.40746834232E-023,-1.,-2.05083687965E-015)) ;
#2428=DIRECTION('Vector Direction',(0.,-1.,0.)) ;
#2435=DIRECTION('Axis2P3D Direction',(-4.40746834232E-023,-1.,-2.05083687965E-015)) ;
#2447=DIRECTION('Axis2P3D Direction',(-4.40746834232E-023,-1.,-2.05083687965E-015)) ;
#2452=DIRECTION('Axis2P3D Direction',(-4.40746834232E-023,-1.,-2.05083687965E-015)) ;
#2493=DIRECTION('Axis2P3D Direction',(0.0871557427476,2.04303282232E-015,-0.996194698092)) ;
#2494=DIRECTION('Axis2P3D XDirection',(-0.996194698092,1.78742255407E-016,-0.0871557427476)) ;
#2498=DIRECTION('Vector Direction',(-0.996194698092,0.,-0.0871557427477)) ;
#2507=DIRECTION('Vector Direction',(0.,1.,0.)) ;
#2514=DIRECTION('Vector Direction',(-0.996194698092,0.,-0.0871557427477)) ;
#2521=DIRECTION('Vector Direction',(0.,1.,0.)) ;
#2533=DIRECTION('Axis2P3D Direction',(0.906307787037,8.66721077245E-016,-0.422618261741)) ;
#2534=DIRECTION('Axis2P3D XDirection',(-0.422618261741,1.85868945259E-015,-0.906307787037)) ;
#2538=DIRECTION('Vector Direction',(-0.422618261741,2.46139223857E-015,-0.906307787037)) ;
#2545=DIRECTION('Vector Direction',(0.,1.,0.)) ;
#2552=DIRECTION('Vector Direction',(-0.422618261741,2.46139223857E-015,-0.906307787037)) ;
#2564=DIRECTION('Axis2P3D Direction',(0.819152044289,-1.17631174507E-015,0.573576436351)) ;
#2565=DIRECTION('Axis2P3D XDirection',(0.573576436351,1.67994719719E-015,-0.819152044289)) ;
#2569=DIRECTION('Vector Direction',(0.573576436351,1.23069611929E-015,-0.819152044289)) ;
#2576=DIRECTION('Vector Direction',(0.,1.,0.)) ;
#2583=DIRECTION('Vector Direction',(0.573576436351,1.23069611929E-015,-0.819152044289)) ;
#2595=DIRECTION('Axis2P3D Direction',(-0.0871557427476,-2.04303282232E-015,0.996194698092)) ;
#2596=DIRECTION('Axis2P3D XDirection',(0.996194698092,-1.78742255407E-016,0.0871557427476)) ;
#2600=DIRECTION('Vector Direction',(0.996194698092,0.,0.0871557427476)) ;
#2607=DIRECTION('Vector Direction',(0.,1.,0.)) ;
#2614=DIRECTION('Vector Direction',(0.996194698092,0.,0.0871557427476)) ;
#2626=DIRECTION('Axis2P3D Direction',(-0.906307787037,-8.66721077245E-016,0.422618261741)) ;
#2627=DIRECTION('Axis2P3D XDirection',(0.422618261741,-1.85868945259E-015,0.906307787037)) ;
#2631=DIRECTION('Vector Direction',(0.422618261741,-2.46139223857E-015,0.906307787037)) ;
#2638=DIRECTION('Vector Direction',(0.,1.,0.)) ;
#2645=DIRECTION('Vector Direction',(0.422618261741,-2.46139223857E-015,0.906307787037)) ;
#2657=DIRECTION('Axis2P3D Direction',(-0.819152044289,1.17631174507E-015,-0.573576436351)) ;
#2658=DIRECTION('Axis2P3D XDirection',(-0.573576436351,-1.67994719719E-015,0.819152044289)) ;
#2662=DIRECTION('Vector Direction',(-0.573576436351,-1.23069611929E-015,0.819152044289)) ;
#2667=DIRECTION('Vector Direction',(-0.573576436351,-1.23069611929E-015,0.819152044289)) ;
#2679=DIRECTION('Axis2P3D Direction',(-4.40746834232E-023,-1.,-2.05083687965E-015)) ;
#2680=DIRECTION('Axis2P3D XDirection',(1.,-4.40746829209E-023,-2.44929359829E-016)) ;
#2684=DIRECTION('Vector Direction',(0.,-1.,0.)) ;
#2693=DIRECTION('Axis2P3D Direction',(-4.40746834232E-023,-1.,-2.05083687965E-015)) ;
#2700=DIRECTION('Vector Direction',(0.,-1.,0.)) ;
#2707=DIRECTION('Axis2P3D Direction',(-4.40746834232E-023,-1.,-2.05083687965E-015)) ;
#2719=DIRECTION('Axis2P3D Direction',(-4.40746834232E-023,-1.,-2.05083687965E-015)) ;
#2724=DIRECTION('Axis2P3D Direction',(-4.40746834232E-023,-1.,-2.05083687965E-015)) ;
#15=UNCERTAINTY_MEASURE_WITH_UNIT(LENGTH_MEASURE(0.005),#12,'distance_accuracy_value','CONFUSED CURVE UNCERTAINTY') ;
#18=AXIS2_PLACEMENT_3D(' ',#17,$,$) ;
#34=AXIS2_PLACEMENT_3D('Plane Axis2P3D',#31,#32,#33) ;
#74=AXIS2_PLACEMENT_3D('Cylinder Axis2P3D',#71,#72,#73) ;
#78=AXIS2_PLACEMENT_3D('Circle Axis2P3D',#76,#77,$) ;
#92=AXIS2_PLACEMENT_3D('Circle Axis2P3D',#90,#91,$) ;
#105=AXIS2_PLACEMENT_3D('Cylinder Axis2P3D',#102,#103,#104) ;
#109=AXIS2_PLACEMENT_3D('Circle Axis2P3D',#107,#108,$) ;
#125=AXIS2_PLACEMENT_3D('Circle Axis2P3D',#123,#124,$) ;
#145=AXIS2_PLACEMENT_3D('Plane Axis2P3D',#142,#143,#144) ;
#176=AXIS2_PLACEMENT_3D('Plane Axis2P3D',#173,#174,#175) ;
#207=AXIS2_PLACEMENT_3D('Plane Axis2P3D',#204,#205,#206) ;
#238=AXIS2_PLACEMENT_3D('Cylinder Axis2P3D',#235,#236,#237) ;
#242=AXIS2_PLACEMENT_3D('Circle Axis2P3D',#240,#241,$) ;
#256=AXIS2_PLACEMENT_3D('Circle Axis2P3D',#254,#255,$) ;
#269=AXIS2_PLACEMENT_3D('Cylinder Axis2P3D',#266,#267,#268) ;
#273=AXIS2_PLACEMENT_3D('Circle Axis2P3D',#271,#272,$) ;
#289=AXIS2_PLACEMENT_3D('Circle Axis2P3D',#287,#288,$) ;
#308=AXIS2_PLACEMENT_3D('Circle Axis2P3D',#306,#307,$) ;
#313=AXIS2_PLACEMENT_3D('Circle Axis2P3D',#311,#312,$) ;
#326=AXIS2_PLACEMENT_3D('Cylinder Axis2P3D',#323,#324,#325) ;
#330=AXIS2_PLACEMENT_3D('Circle Axis2P3D',#328,#329,$) ;
#346=AXIS2_PLACEMENT_3D('Circle Axis2P3D',#344,#345,$) ;
#365=AXIS2_PLACEMENT_3D('Circle Axis2P3D',#363,#364,$) ;
#370=AXIS2_PLACEMENT_3D('Circle Axis2P3D',#368,#369,$) ;
#383=AXIS2_PLACEMENT_3D('Cylinder Axis2P3D',#380,#381,#382) ;
#387=AXIS2_PLACEMENT_3D('Circle Axis2P3D',#385,#386,$) ;
#403=AXIS2_PLACEMENT_3D('Circle Axis2P3D',#401,#402,$) ;
#422=AXIS2_PLACEMENT_3D('Circle Axis2P3D',#420,#421,$) ;
#427=AXIS2_PLACEMENT_3D('Circle Axis2P3D',#425,#426,$) ;
#440=AXIS2_PLACEMENT_3D('Cylinder Axis2P3D',#437,#438,#439) ;
#444=AXIS2_PLACEMENT_3D('Circle Axis2P3D',#442,#443,$) ;
#460=AXIS2_PLACEMENT_3D('Circle Axis2P3D',#458,#459,$) ;
#479=AXIS2_PLACEMENT_3D('Circle Axis2P3D',#477,#478,$) ;
#484=AXIS2_PLACEMENT_3D('Circle Axis2P3D',#482,#483,$) ;
#497=AXIS2_PLACEMENT_3D('Plane Axis2P3D',#494,#495,#496) ;
#528=AXIS2_PLACEMENT_3D('Plane Axis2P3D',#525,#526,#527) ;
#559=AXIS2_PLACEMENT_3D('Cylinder Axis2P3D',#556,#557,#558) ;
#563=AXIS2_PLACEMENT_3D('Circle Axis2P3D',#561,#562,$) ;
#579=AXIS2_PLACEMENT_3D('Circle Axis2P3D',#577,#578,$) ;
#599=AXIS2_PLACEMENT_3D('Cylinder Axis2P3D',#596,#597,#598) ;
#603=AXIS2_PLACEMENT_3D('Circle Axis2P3D',#601,#602,$) ;
#619=AXIS2_PLACEMENT_3D('Circle Axis2P3D',#617,#618,$) ;
#639=AXIS2_PLACEMENT_3D('Cylinder Axis2P3D',#636,#637,#638) ;
#652=AXIS2_PLACEMENT_3D('Circle Axis2P3D',#650,#651,$) ;
#657=AXIS2_PLACEMENT_3D('Circle Axis2P3D',#655,#656,$) ;
#670=AXIS2_PLACEMENT_3D('Plane Axis2P3D',#667,#668,#669) ;
#710=AXIS2_PLACEMENT_3D('Cylinder Axis2P3D',#707,#708,#709) ;
#714=AXIS2_PLACEMENT_3D('Circle Axis2P3D',#712,#713,$) ;
#728=AXIS2_PLACEMENT_3D('Circle Axis2P3D',#726,#727,$) ;
#741=AXIS2_PLACEMENT_3D('Plane Axis2P3D',#738,#739,#740) ;
#772=AXIS2_PLACEMENT_3D('Cylinder Axis2P3D',#769,#770,#771) ;
#785=AXIS2_PLACEMENT_3D('Circle Axis2P3D',#783,#784,$) ;
#790=AXIS2_PLACEMENT_3D('Circle Axis2P3D',#788,#789,$) ;
#802=AXIS2_PLACEMENT_3D('Circle Axis2P3D',#800,#801,$) ;
#816=AXIS2_PLACEMENT_3D('Circle Axis2P3D',#814,#815,$) ;
#829=AXIS2_PLACEMENT_3D('Cylinder Axis2P3D',#826,#827,#828) ;
#833=AXIS2_PLACEMENT_3D('Circle Axis2P3D',#831,#832,$) ;
#849=AXIS2_PLACEMENT_3D('Circle Axis2P3D',#847,#848,$) ;
#895=AXIS2_PLACEMENT_3D('Plane Axis2P3D',#892,#893,#894) ;
#966=AXIS2_PLACEMENT_3D('Cylinder Axis2P3D',#963,#964,#965) ;
#970=AXIS2_PLACEMENT_3D('Circle Axis2P3D',#968,#969,$) ;
#975=AXIS2_PLACEMENT_3D('Circle Axis2P3D',#973,#974,$) ;
#1014=AXIS2_PLACEMENT_3D('Plane Axis2P3D',#1011,#1012,#1013) ;
#1067=AXIS2_PLACEMENT_3D('Plane Axis2P3D',#1064,#1065,#1066) ;
#1078=AXIS2_PLACEMENT_3D('Circle Axis2P3D',#1076,#1077,$) ;
#1117=AXIS2_PLACEMENT_3D('Cylinder Axis2P3D',#1114,#1115,#1116) ;
#1134=AXIS2_PLACEMENT_3D('Plane Axis2P3D',#1131,#1132,#1133) ;
#1169=AXIS2_PLACEMENT_3D('Cylinder Axis2P3D',#1166,#1167,#1168) ;
#1182=AXIS2_PLACEMENT_3D('Circle Axis2P3D',#1180,#1181,$) ;
#1187=AXIS2_PLACEMENT_3D('Circle Axis2P3D',#1185,#1186,$) ;
#1200=AXIS2_PLACEMENT_3D('Plane Axis2P3D',#1197,#1198,#1199) ;
#1231=AXIS2_PLACEMENT_3D('Cylinder Axis2P3D',#1228,#1229,#1230) ;
#1235=AXIS2_PLACEMENT_3D('Circle Axis2P3D',#1233,#1234,$) ;
#1242=AXIS2_PLACEMENT_3D('Circle Axis2P3D',#1240,#1241,$) ;
#1262=AXIS2_PLACEMENT_3D('Plane Axis2P3D',#1259,#1260,#1261) ;
#1293=AXIS2_PLACEMENT_3D('Cylinder Axis2P3D',#1290,#1291,#1292) ;
#1297=AXIS2_PLACEMENT_3D('Circle Axis2P3D',#1295,#1296,$) ;
#1304=AXIS2_PLACEMENT_3D('Circle Axis2P3D',#1302,#1303,$) ;
#1324=AXIS2_PLACEMENT_3D('Plane Axis2P3D',#1321,#1322,#1323) ;
#1355=AXIS2_PLACEMENT_3D('Plane Axis2P3D',#1352,#1353,#1354) ;
#1386=AXIS2_PLACEMENT_3D('Cylinder Axis2P3D',#1383,#1384,#1385) ;
#1390=AXIS2_PLACEMENT_3D('Circle Axis2P3D',#1388,#1389,$) ;
#1395=AXIS2_PLACEMENT_3D('Circle Axis2P3D',#1393,#1394,$) ;
#1434=AXIS2_PLACEMENT_3D('Cylinder Axis2P3D',#1431,#1432,#1433) ;
#1438=AXIS2_PLACEMENT_3D('Circle Axis2P3D',#1436,#1437,$) ;
#1445=AXIS2_PLACEMENT_3D('Circle Axis2P3D',#1443,#1444,$) ;
#1491=AXIS2_PLACEMENT_3D('Plane Axis2P3D',#1488,#1489,#1490) ;
#1522=AXIS2_PLACEMENT_3D('Cylinder Axis2P3D',#1519,#1520,#1521) ;
#1526=AXIS2_PLACEMENT_3D('Circle Axis2P3D',#1524,#1525,$) ;
#1531=AXIS2_PLACEMENT_3D('Circle Axis2P3D',#1529,#1530,$) ;
#1570=AXIS2_PLACEMENT_3D('Plane Axis2P3D',#1567,#1568,#1569) ;
#1574=AXIS2_PLACEMENT_3D('Circle Axis2P3D',#1572,#1573,$) ;
#1611=AXIS2_PLACEMENT_3D('Plane Axis2P3D',#1608,#1609,#1610) ;
#1615=AXIS2_PLACEMENT_3D('Circle Axis2P3D',#1613,#1614,$) ;
#1652=AXIS2_PLACEMENT_3D('Cylinder Axis2P3D',#1649,#1650,#1651) ;
#1669=AXIS2_PLACEMENT_3D('Plane Axis2P3D',#1666,#1667,#1668) ;
#1709=AXIS2_PLACEMENT_3D('Plane Axis2P3D',#1706,#1707,#1708) ;
#1740=AXIS2_PLACEMENT_3D('Plane Axis2P3D',#1737,#1738,#1739) ;
#1771=AXIS2_PLACEMENT_3D('Plane Axis2P3D',#1768,#1769,#1770) ;
#1802=AXIS2_PLACEMENT_3D('Plane Axis2P3D',#1799,#1800,#1801) ;
#1833=AXIS2_PLACEMENT_3D('Plane Axis2P3D',#1830,#1831,#1832) ;
#1855=AXIS2_PLACEMENT_3D('Cylinder Axis2P3D',#1852,#1853,#1854) ;
#1868=AXIS2_PLACEMENT_3D('Circle Axis2P3D',#1866,#1867,$) ;
#1882=AXIS2_PLACEMENT_3D('Circle Axis2P3D',#1880,#1881,$) ;
#1894=AXIS2_PLACEMENT_3D('Circle Axis2P3D',#1892,#1893,$) ;
#1899=AXIS2_PLACEMENT_3D('Circle Axis2P3D',#1897,#1898,$) ;
#1912=AXIS2_PLACEMENT_3D('Plane Axis2P3D',#1909,#1910,#1911) ;
#1930=AXIS2_PLACEMENT_3D('Plane Axis2P3D',#1927,#1928,#1929) ;
#1951=AXIS2_PLACEMENT_3D('Plane Axis2P3D',#1948,#1949,#1950) ;
#1991=AXIS2_PLACEMENT_3D('Plane Axis2P3D',#1988,#1989,#1990) ;
#2022=AXIS2_PLACEMENT_3D('Plane Axis2P3D',#2019,#2020,#2021) ;
#2053=AXIS2_PLACEMENT_3D('Plane Axis2P3D',#2050,#2051,#2052) ;
#2084=AXIS2_PLACEMENT_3D('Plane Axis2P3D',#2081,#2082,#2083) ;
#2115=AXIS2_PLACEMENT_3D('Plane Axis2P3D',#2112,#2113,#2114) ;
#2137=AXIS2_PLACEMENT_3D('Cylinder Axis2P3D',#2134,#2135,#2136) ;
#2150=AXIS2_PLACEMENT_3D('Circle Axis2P3D',#2148,#2149,$) ;
#2164=AXIS2_PLACEMENT_3D('Circle Axis2P3D',#2162,#2163,$) ;
#2176=AXIS2_PLACEMENT_3D('Circle Axis2P3D',#2174,#2175,$) ;
#2181=AXIS2_PLACEMENT_3D('Circle Axis2P3D',#2179,#2180,$) ;
#2223=AXIS2_PLACEMENT_3D('Plane Axis2P3D',#2220,#2221,#2222) ;
#2263=AXIS2_PLACEMENT_3D('Plane Axis2P3D',#2260,#2261,#2262) ;
#2294=AXIS2_PLACEMENT_3D('Plane Axis2P3D',#2291,#2292,#2293) ;
#2325=AXIS2_PLACEMENT_3D('Plane Axis2P3D',#2322,#2323,#2324) ;
#2356=AXIS2_PLACEMENT_3D('Plane Axis2P3D',#2353,#2354,#2355) ;
#2387=AXIS2_PLACEMENT_3D('Plane Axis2P3D',#2384,#2385,#2386) ;
#2409=AXIS2_PLACEMENT_3D('Cylinder Axis2P3D',#2406,#2407,#2408) ;
#2422=AXIS2_PLACEMENT_3D('Circle Axis2P3D',#2420,#2421,$) ;
#2436=AXIS2_PLACEMENT_3D('Circle Axis2P3D',#2434,#2435,$) ;
#2448=AXIS2_PLACEMENT_3D('Circle Axis2P3D',#2446,#2447,$) ;
#2453=AXIS2_PLACEMENT_3D('Circle Axis2P3D',#2451,#2452,$) ;
#2495=AXIS2_PLACEMENT_3D('Plane Axis2P3D',#2492,#2493,#2494) ;
#2535=AXIS2_PLACEMENT_3D('Plane Axis2P3D',#2532,#2533,#2534) ;
#2566=AXIS2_PLACEMENT_3D('Plane Axis2P3D',#2563,#2564,#2565) ;
#2597=AXIS2_PLACEMENT_3D('Plane Axis2P3D',#2594,#2595,#2596) ;
#2628=AXIS2_PLACEMENT_3D('Plane Axis2P3D',#2625,#2626,#2627) ;
#2659=AXIS2_PLACEMENT_3D('Plane Axis2P3D',#2656,#2657,#2658) ;
#2681=AXIS2_PLACEMENT_3D('Cylinder Axis2P3D',#2678,#2679,#2680) ;
#2694=AXIS2_PLACEMENT_3D('Circle Axis2P3D',#2692,#2693,$) ;
#2708=AXIS2_PLACEMENT_3D('Circle Axis2P3D',#2706,#2707,$) ;
#2720=AXIS2_PLACEMENT_3D('Circle Axis2P3D',#2718,#2719,$) ;
#2725=AXIS2_PLACEMENT_3D('Circle Axis2P3D',#2723,#2724,$) ;
#39=LINE('Line',#36,#38) ;
#48=LINE('Line',#45,#47) ;
#55=LINE('Line',#52,#54) ;
#62=LINE('Line',#59,#61) ;
#86=LINE('Line',#83,#85) ;
#119=LINE('Line',#116,#118) ;
#133=LINE('Line',#130,#132) ;
#150=LINE('Line',#147,#149) ;
#157=LINE('Line',#154,#156) ;
#164=LINE('Line',#161,#163) ;
#181=LINE('Line',#178,#180) ;
#188=LINE('Line',#185,#187) ;
#195=LINE('Line',#192,#194) ;
#212=LINE('Line',#209,#211) ;
#219=LINE('Line',#216,#218) ;
#226=LINE('Line',#223,#225) ;
#250=LINE('Line',#247,#249) ;
#283=LINE('Line',#280,#282) ;
#297=LINE('Line',#294,#296) ;
#340=LINE('Line',#337,#339) ;
#354=LINE('Line',#351,#353) ;
#397=LINE('Line',#394,#396) ;
#411=LINE('Line',#408,#410) ;
#454=LINE('Line',#451,#453) ;
#468=LINE('Line',#465,#467) ;
#502=LINE('Line',#499,#501) ;
#509=LINE('Line',#506,#508) ;
#516=LINE('Line',#513,#515) ;
#533=LINE('Line',#530,#532) ;
#542=LINE('Line',#539,#541) ;
#547=LINE('Line',#544,#546) ;
#573=LINE('Line',#570,#572) ;
#587=LINE('Line',#584,#586) ;
#613=LINE('Line',#610,#612) ;
#627=LINE('Line',#624,#626) ;
#644=LINE('Line',#641,#643) ;
#675=LINE('Line',#672,#674) ;
#684=LINE('Line',#681,#683) ;
#691=LINE('Line',#688,#690) ;
#698=LINE('Line',#695,#697) ;
#722=LINE('Line',#719,#721) ;
#746=LINE('Line',#743,#745) ;
#755=LINE('Line',#752,#754) ;
#760=LINE('Line',#757,#759) ;
#777=LINE('Line',#774,#776) ;
#810=LINE('Line',#807,#809) ;
#843=LINE('Line',#840,#842) ;
#857=LINE('Line',#854,#856) ;
#869=LINE('Line',#866,#868) ;
#878=LINE('Line',#875,#877) ;
#883=LINE('Line',#880,#882) ;
#900=LINE('Line',#897,#899) ;
#907=LINE('Line',#904,#906) ;
#912=LINE('Line',#909,#911) ;
#917=LINE('Line',#914,#916) ;
#924=LINE('Line',#921,#923) ;
#940=LINE('Line',#937,#939) ;
#947=LINE('Line',#944,#946) ;
#954=LINE('Line',#951,#953) ;
#988=LINE('Line',#985,#987) ;
#995=LINE('Line',#992,#994) ;
#1002=LINE('Line',#999,#1001) ;
#1029=LINE('Line',#1026,#1028) ;
#1072=LINE('Line',#1069,#1071) ;
#1122=LINE('Line',#1119,#1121) ;
#1139=LINE('Line',#1136,#1138) ;
#1146=LINE('Line',#1143,#1145) ;
#1153=LINE('Line',#1150,#1152) ;
#1174=LINE('Line',#1171,#1173) ;
#1205=LINE('Line',#1202,#1204) ;
#1212=LINE('Line',#1209,#1211) ;
#1219=LINE('Line',#1216,#1218) ;
#1250=LINE('Line',#1247,#1249) ;
#1267=LINE('Line',#1264,#1266) ;
#1274=LINE('Line',#1271,#1273) ;
#1281=LINE('Line',#1278,#1280) ;
#1312=LINE('Line',#1309,#1311) ;
#1329=LINE('Line',#1326,#1328) ;
#1338=LINE('Line',#1335,#1337) ;
#1343=LINE('Line',#1340,#1342) ;
#1360=LINE('Line',#1357,#1359) ;
#1367=LINE('Line',#1364,#1366) ;
#1374=LINE('Line',#1371,#1373) ;
#1408=LINE('Line',#1405,#1407) ;
#1415=LINE('Line',#1412,#1414) ;
#1422=LINE('Line',#1419,#1421) ;
#1453=LINE('Line',#1450,#1452) ;
#1465=LINE('Line',#1462,#1464) ;
#1474=LINE('Line',#1471,#1473) ;
#1479=LINE('Line',#1476,#1478) ;
#1496=LINE('Line',#1493,#1495) ;
#1503=LINE('Line',#1500,#1502) ;
#1510=LINE('Line',#1507,#1509) ;
#1544=LINE('Line',#1541,#1543) ;
#1551=LINE('Line',#1548,#1550) ;
#1558=LINE('Line',#1555,#1557) ;
#1674=LINE('Line',#1671,#1673) ;
#1683=LINE('Line',#1680,#1682) ;
#1690=LINE('Line',#1687,#1689) ;
#1697=LINE('Line',#1694,#1696) ;
#1714=LINE('Line',#1711,#1713) ;
#1721=LINE('Line',#1718,#1720) ;
#1728=LINE('Line',#1725,#1727) ;
#1745=LINE('Line',#1742,#1744) ;
#1752=LINE('Line',#1749,#1751) ;
#1759=LINE('Line',#1756,#1758) ;
#1776=LINE('Line',#1773,#1775) ;
#1783=LINE('Line',#1780,#1782) ;
#1790=LINE('Line',#1787,#1789) ;
#1807=LINE('Line',#1804,#1806) ;
#1814=LINE('Line',#1811,#1813) ;
#1821=LINE('Line',#1818,#1820) ;
#1838=LINE('Line',#1835,#1837) ;
#1843=LINE('Line',#1840,#1842) ;
#1860=LINE('Line',#1857,#1859) ;
#1876=LINE('Line',#1873,#1875) ;
#1956=LINE('Line',#1953,#1955) ;
#1965=LINE('Line',#1962,#1964) ;
#1972=LINE('Line',#1969,#1971) ;
#1979=LINE('Line',#1976,#1978) ;
#1996=LINE('Line',#1993,#1995) ;
#2003=LINE('Line',#2000,#2002) ;
#2010=LINE('Line',#2007,#2009) ;
#2027=LINE('Line',#2024,#2026) ;
#2034=LINE('Line',#2031,#2033) ;
#2041=LINE('Line',#2038,#2040) ;
#2058=LINE('Line',#2055,#2057) ;
#2065=LINE('Line',#2062,#2064) ;
#2072=LINE('Line',#2069,#2071) ;
#2089=LINE('Line',#2086,#2088) ;
#2096=LINE('Line',#2093,#2095) ;
#2103=LINE('Line',#2100,#2102) ;
#2120=LINE('Line',#2117,#2119) ;
#2125=LINE('Line',#2122,#2124) ;
#2142=LINE('Line',#2139,#2141) ;
#2158=LINE('Line',#2155,#2157) ;
#2228=LINE('Line',#2225,#2227) ;
#2237=LINE('Line',#2234,#2236) ;
#2244=LINE('Line',#2241,#2243) ;
#2251=LINE('Line',#2248,#2250) ;
#2268=LINE('Line',#2265,#2267) ;
#2275=LINE('Line',#2272,#2274) ;
#2282=LINE('Line',#2279,#2281) ;
#2299=LINE('Line',#2296,#2298) ;
#2306=LINE('Line',#2303,#2305) ;
#2313=LINE('Line',#2310,#2312) ;
#2330=LINE('Line',#2327,#2329) ;
#2337=LINE('Line',#2334,#2336) ;
#2344=LINE('Line',#2341,#2343) ;
#2361=LINE('Line',#2358,#2360) ;
#2368=LINE('Line',#2365,#2367) ;
#2375=LINE('Line',#2372,#2374) ;
#2392=LINE('Line',#2389,#2391) ;
#2397=LINE('Line',#2394,#2396) ;
#2414=LINE('Line',#2411,#2413) ;
#2430=LINE('Line',#2427,#2429) ;
#2500=LINE('Line',#2497,#2499) ;
#2509=LINE('Line',#2506,#2508) ;
#2516=LINE('Line',#2513,#2515) ;
#2523=LINE('Line',#2520,#2522) ;
#2540=LINE('Line',#2537,#2539) ;
#2547=LINE('Line',#2544,#2546) ;
#2554=LINE('Line',#2551,#2553) ;
#2571=LINE('Line',#2568,#2570) ;
#2578=LINE('Line',#2575,#2577) ;
#2585=LINE('Line',#2582,#2584) ;
#2602=LINE('Line',#2599,#2601) ;
#2609=LINE('Line',#2606,#2608) ;
#2616=LINE('Line',#2613,#2615) ;
#2633=LINE('Line',#2630,#2632) ;
#2640=LINE('Line',#2637,#2639) ;
#2647=LINE('Line',#2644,#2646) ;
#2664=LINE('Line',#2661,#2663) ;
#2669=LINE('Line',#2666,#2668) ;
#2686=LINE('Line',#2683,#2685) ;
#2702=LINE('Line',#2699,#2701) ;
#79=CIRCLE('generated circle',#78,5.) ;
#93=CIRCLE('generated circle',#92,5.) ;
#110=CIRCLE('generated circle',#109,13.) ;
#126=CIRCLE('generated circle',#125,13.) ;
#243=CIRCLE('generated circle',#242,13.) ;
#257=CIRCLE('generated circle',#256,13.) ;
#274=CIRCLE('generated circle',#273,3.5) ;
#290=CIRCLE('generated circle',#289,3.5) ;
#309=CIRCLE('generated circle',#308,3.5) ;
#314=CIRCLE('generated circle',#313,3.5) ;
#331=CIRCLE('generated circle',#330,3.5) ;
#347=CIRCLE('generated circle',#346,3.5) ;
#366=CIRCLE('generated circle',#365,3.5) ;
#371=CIRCLE('generated circle',#370,3.5) ;
#388=CIRCLE('generated circle',#387,3.5) ;
#404=CIRCLE('generated circle',#403,3.5) ;
#423=CIRCLE('generated circle',#422,3.5) ;
#428=CIRCLE('generated circle',#427,3.5) ;
#445=CIRCLE('generated circle',#444,3.5) ;
#461=CIRCLE('generated circle',#460,3.5) ;
#480=CIRCLE('generated circle',#479,3.5) ;
#485=CIRCLE('generated circle',#484,3.5) ;
#564=CIRCLE('generated circle',#563,6.) ;
#580=CIRCLE('generated circle',#579,6.) ;
#604=CIRCLE('generated circle',#603,3.) ;
#620=CIRCLE('generated circle',#619,3.) ;
#653=CIRCLE('generated circle',#652,20.) ;
#658=CIRCLE('generated circle',#657,20.) ;
#715=CIRCLE('generated circle',#714,12.) ;
#729=CIRCLE('generated circle',#728,12.) ;
#786=CIRCLE('generated circle',#785,5.49999999975) ;
#791=CIRCLE('generated circle',#790,5.49999999975) ;
#803=CIRCLE('generated circle',#802,5.49999999975) ;
#817=CIRCLE('generated circle',#816,5.49999999975) ;
#834=CIRCLE('generated circle',#833,5.49999999975) ;
#850=CIRCLE('generated circle',#849,5.49999999975) ;
#971=CIRCLE('generated circle',#970,5.) ;
#976=CIRCLE('generated circle',#975,5.) ;
#1079=CIRCLE('generated circle',#1078,5.) ;
#1183=CIRCLE('generated circle',#1182,5.) ;
#1188=CIRCLE('generated circle',#1187,5.) ;
#1236=CIRCLE('generated circle',#1235,5.) ;
#1243=CIRCLE('generated circle',#1242,5.) ;
#1298=CIRCLE('generated circle',#1297,1.) ;
#1305=CIRCLE('generated circle',#1304,1.) ;
#1391=CIRCLE('generated circle',#1390,1.) ;
#1396=CIRCLE('generated circle',#1395,1.) ;
#1439=CIRCLE('generated circle',#1438,1.) ;
#1446=CIRCLE('generated circle',#1445,1.) ;
#1527=CIRCLE('generated circle',#1526,1.) ;
#1532=CIRCLE('generated circle',#1531,1.) ;
#1575=CIRCLE('generated circle',#1574,1.) ;
#1616=CIRCLE('generated circle',#1615,1.) ;
#1869=CIRCLE('generated circle',#1868,2.4585) ;
#1883=CIRCLE('generated circle',#1882,2.4585) ;
#1895=CIRCLE('generated circle',#1894,2.4585) ;
#1900=CIRCLE('generated circle',#1899,2.4585) ;
#2151=CIRCLE('generated circle',#2150,2.4585) ;
#2165=CIRCLE('generated circle',#2164,2.4585) ;
#2177=CIRCLE('generated circle',#2176,2.4585) ;
#2182=CIRCLE('generated circle',#2181,2.4585) ;
#2423=CIRCLE('generated circle',#2422,2.4585) ;
#2437=CIRCLE('generated circle',#2436,2.4585) ;
#2449=CIRCLE('generated circle',#2448,2.4585) ;
#2454=CIRCLE('generated circle',#2453,2.4585) ;
#2695=CIRCLE('generated circle',#2694,2.4585) ;
#2709=CIRCLE('generated circle',#2708,2.4585) ;
#2721=CIRCLE('generated circle',#2720,2.4585) ;
#2726=CIRCLE('generated circle',#2725,2.4585) ;
#35=PLANE('',#34) ;
#146=PLANE('',#145) ;
#177=PLANE('',#176) ;
#208=PLANE('',#207) ;
#498=PLANE('',#497) ;
#529=PLANE('',#528) ;
#671=PLANE('',#670) ;
#742=PLANE('',#741) ;
#896=PLANE('',#895) ;
#1015=PLANE('',#1014) ;
#1068=PLANE('',#1067) ;
#1135=PLANE('',#1134) ;
#1201=PLANE('',#1200) ;
#1263=PLANE('',#1262) ;
#1325=PLANE('',#1324) ;
#1356=PLANE('',#1355) ;
#1492=PLANE('',#1491) ;
#1571=PLANE('',#1570) ;
#1612=PLANE('',#1611) ;
#1670=PLANE('',#1669) ;
#1710=PLANE('',#1709) ;
#1741=PLANE('',#1740) ;
#1772=PLANE('',#1771) ;
#1803=PLANE('',#1802) ;
#1834=PLANE('',#1833) ;
#1913=PLANE('',#1912) ;
#1931=PLANE('',#1930) ;
#1952=PLANE('',#1951) ;
#1992=PLANE('',#1991) ;
#2023=PLANE('',#2022) ;
#2054=PLANE('',#2053) ;
#2085=PLANE('',#2084) ;
#2116=PLANE('',#2115) ;
#2224=PLANE('',#2223) ;
#2264=PLANE('',#2263) ;
#2295=PLANE('',#2294) ;
#2326=PLANE('',#2325) ;
#2357=PLANE('',#2356) ;
#2388=PLANE('',#2387) ;
#2496=PLANE('',#2495) ;
#2536=PLANE('',#2535) ;
#2567=PLANE('',#2566) ;
#2598=PLANE('',#2597) ;
#2629=PLANE('',#2628) ;
#2660=PLANE('',#2659) ;
#75=CYLINDRICAL_SURFACE('generated cylinder',#74,5.) ;
#106=CYLINDRICAL_SURFACE('generated cylinder',#105,13.) ;
#239=CYLINDRICAL_SURFACE('generated cylinder',#238,13.) ;
#270=CYLINDRICAL_SURFACE('generated cylinder',#269,3.5) ;
#327=CYLINDRICAL_SURFACE('generated cylinder',#326,3.5) ;
#384=CYLINDRICAL_SURFACE('generated cylinder',#383,3.5) ;
#441=CYLINDRICAL_SURFACE('generated cylinder',#440,3.5) ;
#560=CYLINDRICAL_SURFACE('generated cylinder',#559,6.) ;
#600=CYLINDRICAL_SURFACE('generated cylinder',#599,3.) ;
#640=CYLINDRICAL_SURFACE('generated cylinder',#639,20.) ;
#711=CYLINDRICAL_SURFACE('generated cylinder',#710,12.) ;
#773=CYLINDRICAL_SURFACE('generated cylinder',#772,5.49999999975) ;
#830=CYLINDRICAL_SURFACE('generated cylinder',#829,5.49999999975) ;
#967=CYLINDRICAL_SURFACE('generated cylinder',#966,5.) ;
#1118=CYLINDRICAL_SURFACE('generated cylinder',#1117,5.) ;
#1170=CYLINDRICAL_SURFACE('generated cylinder',#1169,5.) ;
#1232=CYLINDRICAL_SURFACE('generated cylinder',#1231,5.) ;
#1294=CYLINDRICAL_SURFACE('generated cylinder',#1293,1.) ;
#1387=CYLINDRICAL_SURFACE('generated cylinder',#1386,1.) ;
#1435=CYLINDRICAL_SURFACE('generated cylinder',#1434,1.) ;
#1523=CYLINDRICAL_SURFACE('generated cylinder',#1522,1.) ;
#1653=CYLINDRICAL_SURFACE('generated cylinder',#1652,1.) ;
#1856=CYLINDRICAL_SURFACE('generated cylinder',#1855,2.4585) ;
#2138=CYLINDRICAL_SURFACE('generated cylinder',#2137,2.4585) ;
#2410=CYLINDRICAL_SURFACE('generated cylinder',#2409,2.4585) ;
#2682=CYLINDRICAL_SURFACE('generated cylinder',#2681,2.4585) ;
#1050=FACE_BOUND('',#1047,.T.) ;
#1054=FACE_BOUND('',#1051,.T.) ;
#1058=FACE_BOUND('',#1055,.T.) ;
#1062=FACE_BOUND('',#1059,.T.) ;
#1100=FACE_BOUND('',#1097,.T.) ;
#1104=FACE_BOUND('',#1101,.T.) ;
#1108=FACE_BOUND('',#1105,.T.) ;
#1112=FACE_BOUND('',#1109,.T.) ;
#1925=FACE_BOUND('',#1922,.T.) ;
#1943=FACE_BOUND('',#1940,.T.) ;
#2202=FACE_BOUND('',#2199,.T.) ;
#2215=FACE_BOUND('',#2212,.T.) ;
#2474=FACE_BOUND('',#2471,.T.) ;
#2487=FACE_BOUND('',#2484,.T.) ;
#2746=FACE_BOUND('',#2743,.T.) ;
#2759=FACE_BOUND('',#2756,.T.) ;
#44=EDGE_CURVE('',#41,#43,#39,.T.) ;
#51=EDGE_CURVE('',#43,#50,#48,.F.) ;
#58=EDGE_CURVE('',#57,#50,#55,.T.) ;
#63=EDGE_CURVE('',#41,#57,#62,.T.) ;
#82=EDGE_CURVE('',#50,#81,#79,.T.) ;
#89=EDGE_CURVE('',#88,#81,#86,.F.) ;
#94=EDGE_CURVE('',#57,#88,#93,.T.) ;
#115=EDGE_CURVE('',#112,#114,#110,.T.) ;
#122=EDGE_CURVE('',#121,#112,#119,.F.) ;
#129=EDGE_CURVE('',#128,#121,#126,.F.) ;
#134=EDGE_CURVE('',#128,#114,#133,.F.) ;
#153=EDGE_CURVE('',#152,#112,#150,.T.) ;
#160=EDGE_CURVE('',#159,#152,#157,.T.) ;
#165=EDGE_CURVE('',#121,#159,#164,.T.) ;
#184=EDGE_CURVE('',#183,#159,#181,.F.) ;
#191=EDGE_CURVE('',#190,#152,#188,.T.) ;
#196=EDGE_CURVE('',#183,#190,#195,.T.) ;
#215=EDGE_CURVE('',#214,#190,#212,.T.) ;
#222=EDGE_CURVE('',#221,#214,#219,.T.) ;
#227=EDGE_CURVE('',#183,#221,#226,.T.) ;
#246=EDGE_CURVE('',#245,#214,#243,.T.) ;
#253=EDGE_CURVE('',#252,#245,#250,.F.) ;
#258=EDGE_CURVE('',#221,#252,#257,.F.) ;
#279=EDGE_CURVE('',#276,#278,#274,.T.) ;
#286=EDGE_CURVE('',#285,#276,#283,.F.) ;
#293=EDGE_CURVE('',#285,#292,#290,.T.) ;
#298=EDGE_CURVE('',#292,#278,#297,.F.) ;
#310=EDGE_CURVE('',#278,#276,#309,.T.) ;
#315=EDGE_CURVE('',#292,#285,#314,.T.) ;
#336=EDGE_CURVE('',#333,#335,#331,.T.) ;
#343=EDGE_CURVE('',#342,#333,#340,.F.) ;
#350=EDGE_CURVE('',#342,#349,#347,.T.) ;
#355=EDGE_CURVE('',#349,#335,#354,.F.) ;
#367=EDGE_CURVE('',#335,#333,#366,.T.) ;
#372=EDGE_CURVE('',#349,#342,#371,.T.) ;
#393=EDGE_CURVE('',#390,#392,#388,.T.) ;
#400=EDGE_CURVE('',#399,#390,#397,.F.) ;
#407=EDGE_CURVE('',#399,#406,#404,.T.) ;
#412=EDGE_CURVE('',#406,#392,#411,.F.) ;
#424=EDGE_CURVE('',#392,#390,#423,.T.) ;
#429=EDGE_CURVE('',#406,#399,#428,.T.) ;
#450=EDGE_CURVE('',#447,#449,#445,.T.) ;
#457=EDGE_CURVE('',#456,#447,#454,.F.) ;
#464=EDGE_CURVE('',#456,#463,#461,.T.) ;
#469=EDGE_CURVE('',#463,#449,#468,.F.) ;
#481=EDGE_CURVE('',#449,#447,#480,.T.) ;
#486=EDGE_CURVE('',#463,#456,#485,.T.) ;
#505=EDGE_CURVE('',#245,#504,#502,.T.) ;
#512=EDGE_CURVE('',#511,#504,#509,.T.) ;
#517=EDGE_CURVE('',#252,#511,#516,.T.) ;
#538=EDGE_CURVE('',#535,#537,#533,.T.) ;
#543=EDGE_CURVE('',#537,#114,#542,.T.) ;
#548=EDGE_CURVE('',#535,#128,#547,.T.) ;
#569=EDGE_CURVE('',#566,#568,#564,.T.) ;
#576=EDGE_CURVE('',#575,#568,#573,.F.) ;
#583=EDGE_CURVE('',#575,#582,#580,.F.) ;
#588=EDGE_CURVE('',#582,#566,#587,.F.) ;
#609=EDGE_CURVE('',#606,#608,#604,.F.) ;
#616=EDGE_CURVE('',#615,#606,#613,.T.) ;
#623=EDGE_CURVE('',#622,#615,#620,.T.) ;
#628=EDGE_CURVE('',#622,#608,#627,.T.) ;
#649=EDGE_CURVE('',#646,#648,#644,.F.) ;
#654=EDGE_CURVE('',#648,#43,#653,.T.) ;
#659=EDGE_CURVE('',#41,#646,#658,.F.) ;
#680=EDGE_CURVE('',#677,#679,#675,.T.) ;
#687=EDGE_CURVE('',#677,#686,#684,.T.) ;
#694=EDGE_CURVE('',#693,#686,#691,.F.) ;
#699=EDGE_CURVE('',#679,#693,#698,.T.) ;
#718=EDGE_CURVE('',#679,#717,#715,.F.) ;
#725=EDGE_CURVE('',#724,#717,#722,.F.) ;
#730=EDGE_CURVE('',#724,#677,#729,.T.) ;
#751=EDGE_CURVE('',#748,#750,#746,.T.) ;
#756=EDGE_CURVE('',#748,#724,#755,.T.) ;
#761=EDGE_CURVE('',#750,#717,#760,.T.) ;
#782=EDGE_CURVE('',#779,#781,#777,.F.) ;
#787=EDGE_CURVE('',#781,#693,#786,.F.) ;
#792=EDGE_CURVE('',#779,#686,#791,.F.) ;
#806=EDGE_CURVE('',#805,#779,#803,.F.) ;
#813=EDGE_CURVE('',#805,#812,#810,.F.) ;
#818=EDGE_CURVE('',#812,#781,#817,.F.) ;
#839=EDGE_CURVE('',#836,#838,#834,.F.) ;
#846=EDGE_CURVE('',#838,#845,#843,.T.) ;
#853=EDGE_CURVE('',#852,#845,#850,.F.) ;
#858=EDGE_CURVE('',#852,#836,#857,.F.) ;
#874=EDGE_CURVE('',#871,#873,#869,.T.) ;
#879=EDGE_CURVE('',#871,#845,#878,.T.) ;
#884=EDGE_CURVE('',#873,#838,#883,.T.) ;
#903=EDGE_CURVE('',#902,#606,#900,.T.) ;
#908=EDGE_CURVE('',#88,#608,#907,.T.) ;
#913=EDGE_CURVE('',#81,#582,#912,.F.) ;
#920=EDGE_CURVE('',#919,#575,#917,.T.) ;
#925=EDGE_CURVE('',#902,#919,#924,.F.) ;
#943=EDGE_CURVE('',#942,#511,#940,.F.) ;
#950=EDGE_CURVE('',#949,#504,#947,.T.) ;
#955=EDGE_CURVE('',#949,#942,#954,.F.) ;
#972=EDGE_CURVE('',#919,#942,#971,.T.) ;
#977=EDGE_CURVE('',#949,#902,#976,.F.) ;
#991=EDGE_CURVE('',#537,#990,#988,.T.) ;
#998=EDGE_CURVE('',#535,#997,#995,.F.) ;
#1003=EDGE_CURVE('',#997,#990,#1002,.T.) ;
#1025=EDGE_CURVE('',#1024,#990,#1016,.T.) ;
#1030=EDGE_CURVE('',#1024,#615,#1029,.T.) ;
#1075=EDGE_CURVE('',#1074,#568,#1072,.T.) ;
#1080=EDGE_CURVE('',#997,#1074,#1079,.F.) ;
#1123=EDGE_CURVE('',#1074,#1024,#1122,.T.) ;
#1142=EDGE_CURVE('',#1141,#622,#1139,.T.) ;
#1149=EDGE_CURVE('',#566,#1148,#1146,.F.) ;
#1154=EDGE_CURVE('',#1141,#1148,#1153,.T.) ;
#1179=EDGE_CURVE('',#1176,#1178,#1174,.T.) ;
#1184=EDGE_CURVE('',#1141,#1176,#1183,.T.) ;
#1189=EDGE_CURVE('',#1178,#1148,#1188,.F.) ;
#1208=EDGE_CURVE('',#1207,#648,#1205,.F.) ;
#1215=EDGE_CURVE('',#646,#1214,#1212,.F.) ;
#1220=EDGE_CURVE('',#1214,#1207,#1219,.T.) ;
#1239=EDGE_CURVE('',#1238,#1207,#1236,.F.) ;
#1246=EDGE_CURVE('',#1214,#1245,#1243,.T.) ;
#1251=EDGE_CURVE('',#1245,#1238,#1250,.T.) ;
#1270=EDGE_CURVE('',#812,#1269,#1267,.T.) ;
#1277=EDGE_CURVE('',#805,#1276,#1274,.T.) ;
#1282=EDGE_CURVE('',#1276,#1269,#1281,.T.) ;
#1301=EDGE_CURVE('',#1300,#1269,#1298,.F.) ;
#1308=EDGE_CURVE('',#1276,#1307,#1305,.T.) ;
#1313=EDGE_CURVE('',#1307,#1300,#1312,.T.) ;
#1334=EDGE_CURVE('',#1331,#1333,#1329,.T.) ;
#1339=EDGE_CURVE('',#1238,#1331,#1338,.T.) ;
#1344=EDGE_CURVE('',#1245,#1333,#1343,.T.) ;
#1363=EDGE_CURVE('',#1362,#1300,#1360,.T.) ;
#1370=EDGE_CURVE('',#1307,#1369,#1367,.T.) ;
#1375=EDGE_CURVE('',#1369,#1362,#1374,.T.) ;
#1392=EDGE_CURVE('',#1333,#1362,#1391,.F.) ;
#1397=EDGE_CURVE('',#1369,#1331,#1396,.T.) ;
#1411=EDGE_CURVE('',#836,#1410,#1408,.T.) ;
#1418=EDGE_CURVE('',#852,#1417,#1415,.T.) ;
#1423=EDGE_CURVE('',#1417,#1410,#1422,.T.) ;
#1442=EDGE_CURVE('',#1441,#1410,#1439,.F.) ;
#1449=EDGE_CURVE('',#1417,#1448,#1446,.T.) ;
#1454=EDGE_CURVE('',#1448,#1441,#1453,.T.) ;
#1470=EDGE_CURVE('',#1467,#1469,#1465,.T.) ;
#1475=EDGE_CURVE('',#748,#1469,#1474,.T.) ;
#1480=EDGE_CURVE('',#750,#1467,#1479,.T.) ;
#1499=EDGE_CURVE('',#1441,#1498,#1496,.F.) ;
#1506=EDGE_CURVE('',#1505,#1448,#1503,.F.) ;
#1511=EDGE_CURVE('',#1498,#1505,#1510,.T.) ;
#1528=EDGE_CURVE('',#1505,#1469,#1527,.F.) ;
#1533=EDGE_CURVE('',#1467,#1498,#1532,.T.) ;
#1547=EDGE_CURVE('',#1176,#1546,#1544,.F.) ;
#1554=EDGE_CURVE('',#1553,#1178,#1551,.F.) ;
#1559=EDGE_CURVE('',#1553,#1546,#1558,.T.) ;
#1576=EDGE_CURVE('',#873,#1546,#1575,.F.) ;
#1617=EDGE_CURVE('',#1553,#871,#1616,.T.) ;
#1679=EDGE_CURVE('',#1676,#1678,#1674,.T.) ;
#1686=EDGE_CURVE('',#1685,#1678,#1683,.T.) ;
#1693=EDGE_CURVE('',#1692,#1685,#1690,.T.) ;
#1698=EDGE_CURVE('',#1692,#1676,#1697,.T.) ;
#1717=EDGE_CURVE('',#1678,#1716,#1714,.T.) ;
#1724=EDGE_CURVE('',#1723,#1716,#1721,.T.) ;
#1729=EDGE_CURVE('',#1685,#1723,#1728,.T.) ;
#1748=EDGE_CURVE('',#1716,#1747,#1745,.T.) ;
#1755=EDGE_CURVE('',#1754,#1747,#1752,.T.) ;
#1760=EDGE_CURVE('',#1723,#1754,#1759,.T.) ;
#1779=EDGE_CURVE('',#1747,#1778,#1776,.T.) ;
#1786=EDGE_CURVE('',#1785,#1778,#1783,.T.) ;
#1791=EDGE_CURVE('',#1754,#1785,#1790,.T.) ;
#1810=EDGE_CURVE('',#1778,#1809,#1807,.T.) ;
#1817=EDGE_CURVE('',#1816,#1809,#1814,.T.) ;
#1822=EDGE_CURVE('',#1785,#1816,#1821,.T.) ;
#1839=EDGE_CURVE('',#1809,#1676,#1838,.T.) ;
#1844=EDGE_CURVE('',#1816,#1692,#1843,.T.) ;
#1865=EDGE_CURVE('',#1862,#1864,#1860,.F.) ;
#1872=EDGE_CURVE('',#1862,#1871,#1869,.T.) ;
#1879=EDGE_CURVE('',#1871,#1878,#1876,.F.) ;
#1884=EDGE_CURVE('',#1864,#1878,#1883,.T.) ;
#1896=EDGE_CURVE('',#1871,#1862,#1895,.T.) ;
#1901=EDGE_CURVE('',#1878,#1864,#1900,.T.) ;
#1961=EDGE_CURVE('',#1958,#1960,#1956,.T.) ;
#1968=EDGE_CURVE('',#1967,#1960,#1965,.T.) ;
#1975=EDGE_CURVE('',#1974,#1967,#1972,.T.) ;
#1980=EDGE_CURVE('',#1974,#1958,#1979,.T.) ;
#1999=EDGE_CURVE('',#1960,#1998,#1996,.T.) ;
#2006=EDGE_CURVE('',#2005,#1998,#2003,.T.) ;
#2011=EDGE_CURVE('',#1967,#2005,#2010,.T.) ;
#2030=EDGE_CURVE('',#1998,#2029,#2027,.T.) ;
#2037=EDGE_CURVE('',#2036,#2029,#2034,.T.) ;
#2042=EDGE_CURVE('',#2005,#2036,#2041,.T.) ;
#2061=EDGE_CURVE('',#2029,#2060,#2058,.T.) ;
#2068=EDGE_CURVE('',#2067,#2060,#2065,.T.) ;
#2073=EDGE_CURVE('',#2036,#2067,#2072,.T.) ;
#2092=EDGE_CURVE('',#2060,#2091,#2089,.T.) ;
#2099=EDGE_CURVE('',#2098,#2091,#2096,.T.) ;
#2104=EDGE_CURVE('',#2067,#2098,#2103,.T.) ;
#2121=EDGE_CURVE('',#2091,#1958,#2120,.T.) ;
#2126=EDGE_CURVE('',#2098,#1974,#2125,.T.) ;
#2147=EDGE_CURVE('',#2144,#2146,#2142,.F.) ;
#2154=EDGE_CURVE('',#2144,#2153,#2151,.T.) ;
#2161=EDGE_CURVE('',#2153,#2160,#2158,.F.) ;
#2166=EDGE_CURVE('',#2146,#2160,#2165,.T.) ;
#2178=EDGE_CURVE('',#2153,#2144,#2177,.T.) ;
#2183=EDGE_CURVE('',#2160,#2146,#2182,.T.) ;
#2233=EDGE_CURVE('',#2230,#2232,#2228,.T.) ;
#2240=EDGE_CURVE('',#2239,#2232,#2237,.T.) ;
#2247=EDGE_CURVE('',#2246,#2239,#2244,.T.) ;
#2252=EDGE_CURVE('',#2246,#2230,#2251,.T.) ;
#2271=EDGE_CURVE('',#2232,#2270,#2268,.T.) ;
#2278=EDGE_CURVE('',#2277,#2270,#2275,.T.) ;
#2283=EDGE_CURVE('',#2239,#2277,#2282,.T.) ;
#2302=EDGE_CURVE('',#2270,#2301,#2299,.T.) ;
#2309=EDGE_CURVE('',#2308,#2301,#2306,.T.) ;
#2314=EDGE_CURVE('',#2277,#2308,#2313,.T.) ;
#2333=EDGE_CURVE('',#2301,#2332,#2330,.T.) ;
#2340=EDGE_CURVE('',#2339,#2332,#2337,.T.) ;
#2345=EDGE_CURVE('',#2308,#2339,#2344,.T.) ;
#2364=EDGE_CURVE('',#2332,#2363,#2361,.T.) ;
#2371=EDGE_CURVE('',#2370,#2363,#2368,.T.) ;
#2376=EDGE_CURVE('',#2339,#2370,#2375,.T.) ;
#2393=EDGE_CURVE('',#2363,#2230,#2392,.T.) ;
#2398=EDGE_CURVE('',#2370,#2246,#2397,.T.) ;
#2419=EDGE_CURVE('',#2416,#2418,#2414,.F.) ;
#2426=EDGE_CURVE('',#2416,#2425,#2423,.T.) ;
#2433=EDGE_CURVE('',#2425,#2432,#2430,.F.) ;
#2438=EDGE_CURVE('',#2418,#2432,#2437,.T.) ;
#2450=EDGE_CURVE('',#2425,#2416,#2449,.T.) ;
#2455=EDGE_CURVE('',#2432,#2418,#2454,.T.) ;
#2505=EDGE_CURVE('',#2502,#2504,#2500,.T.) ;
#2512=EDGE_CURVE('',#2511,#2504,#2509,.T.) ;
#2519=EDGE_CURVE('',#2518,#2511,#2516,.T.) ;
#2524=EDGE_CURVE('',#2518,#2502,#2523,.T.) ;
#2543=EDGE_CURVE('',#2504,#2542,#2540,.T.) ;
#2550=EDGE_CURVE('',#2549,#2542,#2547,.T.) ;
#2555=EDGE_CURVE('',#2511,#2549,#2554,.T.) ;
#2574=EDGE_CURVE('',#2542,#2573,#2571,.T.) ;
#2581=EDGE_CURVE('',#2580,#2573,#2578,.T.) ;
#2586=EDGE_CURVE('',#2549,#2580,#2585,.T.) ;
#2605=EDGE_CURVE('',#2573,#2604,#2602,.T.) ;
#2612=EDGE_CURVE('',#2611,#2604,#2609,.T.) ;
#2617=EDGE_CURVE('',#2580,#2611,#2616,.T.) ;
#2636=EDGE_CURVE('',#2604,#2635,#2633,.T.) ;
#2643=EDGE_CURVE('',#2642,#2635,#2640,.T.) ;
#2648=EDGE_CURVE('',#2611,#2642,#2647,.T.) ;
#2665=EDGE_CURVE('',#2635,#2502,#2664,.T.) ;
#2670=EDGE_CURVE('',#2642,#2518,#2669,.T.) ;
#2691=EDGE_CURVE('',#2688,#2690,#2686,.F.) ;
#2698=EDGE_CURVE('',#2688,#2697,#2695,.T.) ;
#2705=EDGE_CURVE('',#2697,#2704,#2702,.F.) ;
#2710=EDGE_CURVE('',#2690,#2704,#2709,.T.) ;
#2722=EDGE_CURVE('',#2697,#2688,#2721,.T.) ;
#2727=EDGE_CURVE('',#2704,#2690,#2726,.T.) ;
#30=CLOSED_SHELL('Closed Shell',(#70,#101,#141,#172,#203,#234,#265,#305,#322,#362,#379,#419,#436,#476,#493,#524,#555,#595,#635,#666,#706,#737,#768,#799,#825,#865,#891,#936,#962,#984,#1010,#1063,#1113,#1130,#1165,#1196,#1227,#1258,#1289,#1320,#1351,#1382,#1404,#1430,#1461,#1487,#1518,#1540,#1566,#1607,#1648,#1660)) ;
#1665=CLOSED_SHELL('Closed Shell',(#1705,#1736,#1767,#1798,#1829,#1851,#1891,#1908,#1926,#1944)) ;
#1947=CLOSED_SHELL('Closed Shell',(#1987,#2018,#2049,#2080,#2111,#2133,#2173,#2190,#2203,#2216)) ;
#2219=CLOSED_SHELL('Closed Shell',(#2259,#2290,#2321,#2352,#2383,#2405,#2445,#2462,#2475,#2488)) ;
#2491=CLOSED_SHELL('Closed Shell',(#2531,#2562,#2593,#2624,#2655,#2677,#2717,#2734,#2747,#2760)) ;
#1662=SHAPE_REPRESENTATION_RELATIONSHIP(' ',' ',#19,#1661) ;
#64=EDGE_LOOP('',(#65,#66,#67,#68)) ;
#95=EDGE_LOOP('',(#96,#97,#98,#99)) ;
#135=EDGE_LOOP('',(#136,#137,#138,#139)) ;
#166=EDGE_LOOP('',(#167,#168,#169,#170)) ;
#197=EDGE_LOOP('',(#198,#199,#200,#201)) ;
#228=EDGE_LOOP('',(#229,#230,#231,#232)) ;
#259=EDGE_LOOP('',(#260,#261,#262,#263)) ;
#299=EDGE_LOOP('',(#300,#301,#302,#303)) ;
#316=EDGE_LOOP('',(#317,#318,#319,#320)) ;
#356=EDGE_LOOP('',(#357,#358,#359,#360)) ;
#373=EDGE_LOOP('',(#374,#375,#376,#377)) ;
#413=EDGE_LOOP('',(#414,#415,#416,#417)) ;
#430=EDGE_LOOP('',(#431,#432,#433,#434)) ;
#470=EDGE_LOOP('',(#471,#472,#473,#474)) ;
#487=EDGE_LOOP('',(#488,#489,#490,#491)) ;
#518=EDGE_LOOP('',(#519,#520,#521,#522)) ;
#549=EDGE_LOOP('',(#550,#551,#552,#553)) ;
#589=EDGE_LOOP('',(#590,#591,#592,#593)) ;
#629=EDGE_LOOP('',(#630,#631,#632,#633)) ;
#660=EDGE_LOOP('',(#661,#662,#663,#664)) ;
#700=EDGE_LOOP('',(#701,#702,#703,#704)) ;
#731=EDGE_LOOP('',(#732,#733,#734,#735)) ;
#762=EDGE_LOOP('',(#763,#764,#765,#766)) ;
#793=EDGE_LOOP('',(#794,#795,#796,#797)) ;
#819=EDGE_LOOP('',(#820,#821,#822,#823)) ;
#859=EDGE_LOOP('',(#860,#861,#862,#863)) ;
#885=EDGE_LOOP('',(#886,#887,#888,#889)) ;
#926=EDGE_LOOP('',(#927,#928,#929,#930,#931,#932,#933,#934)) ;
#956=EDGE_LOOP('',(#957,#958,#959,#960)) ;
#978=EDGE_LOOP('',(#979,#980,#981,#982)) ;
#1004=EDGE_LOOP('',(#1005,#1006,#1007,#1008)) ;
#1031=EDGE_LOOP('',(#1032,#1033,#1034,#1035,#1036,#1037,#1038,#1039,#1040,#1041,#1042,#1043,#1044,#1045)) ;
#1047=EDGE_LOOP('',(#1048,#1049)) ;
#1051=EDGE_LOOP('',(#1052,#1053)) ;
#1055=EDGE_LOOP('',(#1056,#1057)) ;
#1059=EDGE_LOOP('',(#1060,#1061)) ;
#1081=EDGE_LOOP('',(#1082,#1083,#1084,#1085,#1086,#1087,#1088,#1089,#1090,#1091,#1092,#1093,#1094,#1095)) ;
#1097=EDGE_LOOP('',(#1098,#1099)) ;
#1101=EDGE_LOOP('',(#1102,#1103)) ;
#1105=EDGE_LOOP('',(#1106,#1107)) ;
#1109=EDGE_LOOP('',(#1110,#1111)) ;
#1124=EDGE_LOOP('',(#1125,#1126,#1127,#1128)) ;
#1155=EDGE_LOOP('',(#1156,#1157,#1158,#1159,#1160,#1161,#1162,#1163)) ;
#1190=EDGE_LOOP('',(#1191,#1192,#1193,#1194)) ;
#1221=EDGE_LOOP('',(#1222,#1223,#1224,#1225)) ;
#1252=EDGE_LOOP('',(#1253,#1254,#1255,#1256)) ;
#1283=EDGE_LOOP('',(#1284,#1285,#1286,#1287)) ;
#1314=EDGE_LOOP('',(#1315,#1316,#1317,#1318)) ;
#1345=EDGE_LOOP('',(#1346,#1347,#1348,#1349)) ;
#1376=EDGE_LOOP('',(#1377,#1378,#1379,#1380)) ;
#1398=EDGE_LOOP('',(#1399,#1400,#1401,#1402)) ;
#1424=EDGE_LOOP('',(#1425,#1426,#1427,#1428)) ;
#1455=EDGE_LOOP('',(#1456,#1457,#1458,#1459)) ;
#1481=EDGE_LOOP('',(#1482,#1483,#1484,#1485)) ;
#1512=EDGE_LOOP('',(#1513,#1514,#1515,#1516)) ;
#1534=EDGE_LOOP('',(#1535,#1536,#1537,#1538)) ;
#1560=EDGE_LOOP('',(#1561,#1562,#1563,#1564)) ;
#1577=EDGE_LOOP('',(#1578,#1579,#1580,#1581,#1582,#1583,#1584,#1585,#1586,#1587,#1588,#1589,#1590,#1591,#1592,#1593,#1594,#1595,#1596,#1597,#1598,#1599,#1600,#1601,#1602,#1603,#1604,#1605)) ;
#1618=EDGE_LOOP('',(#1619,#1620,#1621,#1622,#1623,#1624,#1625,#1626,#1627,#1628,#1629,#1630,#1631,#1632,#1633,#1634,#1635,#1636,#1637,#1638,#1639,#1640,#1641,#1642,#1643,#1644,#1645,#1646)) ;
#1654=EDGE_LOOP('',(#1655,#1656,#1657,#1658)) ;
#1699=EDGE_LOOP('',(#1700,#1701,#1702,#1703)) ;
#1730=EDGE_LOOP('',(#1731,#1732,#1733,#1734)) ;
#1761=EDGE_LOOP('',(#1762,#1763,#1764,#1765)) ;
#1792=EDGE_LOOP('',(#1793,#1794,#1795,#1796)) ;
#1823=EDGE_LOOP('',(#1824,#1825,#1826,#1827)) ;
#1845=EDGE_LOOP('',(#1846,#1847,#1848,#1849)) ;
#1885=EDGE_LOOP('',(#1886,#1887,#1888,#1889)) ;
#1902=EDGE_LOOP('',(#1903,#1904,#1905,#1906)) ;
#1914=EDGE_LOOP('',(#1915,#1916,#1917,#1918,#1919,#1920)) ;
#1922=EDGE_LOOP('',(#1923,#1924)) ;
#1932=EDGE_LOOP('',(#1933,#1934,#1935,#1936,#1937,#1938)) ;
#1940=EDGE_LOOP('',(#1941,#1942)) ;
#1981=EDGE_LOOP('',(#1982,#1983,#1984,#1985)) ;
#2012=EDGE_LOOP('',(#2013,#2014,#2015,#2016)) ;
#2043=EDGE_LOOP('',(#2044,#2045,#2046,#2047)) ;
#2074=EDGE_LOOP('',(#2075,#2076,#2077,#2078)) ;
#2105=EDGE_LOOP('',(#2106,#2107,#2108,#2109)) ;
#2127=EDGE_LOOP('',(#2128,#2129,#2130,#2131)) ;
#2167=EDGE_LOOP('',(#2168,#2169,#2170,#2171)) ;
#2184=EDGE_LOOP('',(#2185,#2186,#2187,#2188)) ;
#2191=EDGE_LOOP('',(#2192,#2193,#2194,#2195,#2196,#2197)) ;
#2199=EDGE_LOOP('',(#2200,#2201)) ;
#2204=EDGE_LOOP('',(#2205,#2206,#2207,#2208,#2209,#2210)) ;
#2212=EDGE_LOOP('',(#2213,#2214)) ;
#2253=EDGE_LOOP('',(#2254,#2255,#2256,#2257)) ;
#2284=EDGE_LOOP('',(#2285,#2286,#2287,#2288)) ;
#2315=EDGE_LOOP('',(#2316,#2317,#2318,#2319)) ;
#2346=EDGE_LOOP('',(#2347,#2348,#2349,#2350)) ;
#2377=EDGE_LOOP('',(#2378,#2379,#2380,#2381)) ;
#2399=EDGE_LOOP('',(#2400,#2401,#2402,#2403)) ;
#2439=EDGE_LOOP('',(#2440,#2441,#2442,#2443)) ;
#2456=EDGE_LOOP('',(#2457,#2458,#2459,#2460)) ;
#2463=EDGE_LOOP('',(#2464,#2465,#2466,#2467,#2468,#2469)) ;
#2471=EDGE_LOOP('',(#2472,#2473)) ;
#2476=EDGE_LOOP('',(#2477,#2478,#2479,#2480,#2481,#2482)) ;
#2484=EDGE_LOOP('',(#2485,#2486)) ;
#2525=EDGE_LOOP('',(#2526,#2527,#2528,#2529)) ;
#2556=EDGE_LOOP('',(#2557,#2558,#2559,#2560)) ;
#2587=EDGE_LOOP('',(#2588,#2589,#2590,#2591)) ;
#2618=EDGE_LOOP('',(#2619,#2620,#2621,#2622)) ;
#2649=EDGE_LOOP('',(#2650,#2651,#2652,#2653)) ;
#2671=EDGE_LOOP('',(#2672,#2673,#2674,#2675)) ;
#2711=EDGE_LOOP('',(#2712,#2713,#2714,#2715)) ;
#2728=EDGE_LOOP('',(#2729,#2730,#2731,#2732)) ;
#2735=EDGE_LOOP('',(#2736,#2737,#2738,#2739,#2740,#2741)) ;
#2743=EDGE_LOOP('',(#2744,#2745)) ;
#2748=EDGE_LOOP('',(#2749,#2750,#2751,#2752,#2753,#2754)) ;
#2756=EDGE_LOOP('',(#2757,#2758)) ;
#65=ORIENTED_EDGE('',*,*,#44,.T.) ;
#66=ORIENTED_EDGE('',*,*,#51,.T.) ;
#67=ORIENTED_EDGE('',*,*,#58,.F.) ;
#68=ORIENTED_EDGE('',*,*,#63,.F.) ;
#96=ORIENTED_EDGE('',*,*,#58,.T.) ;
#97=ORIENTED_EDGE('',*,*,#82,.T.) ;
#98=ORIENTED_EDGE('',*,*,#89,.F.) ;
#99=ORIENTED_EDGE('',*,*,#94,.F.) ;
#136=ORIENTED_EDGE('',*,*,#115,.F.) ;
#137=ORIENTED_EDGE('',*,*,#122,.F.) ;
#138=ORIENTED_EDGE('',*,*,#129,.F.) ;
#139=ORIENTED_EDGE('',*,*,#134,.T.) ;
#167=ORIENTED_EDGE('',*,*,#153,.F.) ;
#168=ORIENTED_EDGE('',*,*,#160,.F.) ;
#169=ORIENTED_EDGE('',*,*,#165,.F.) ;
#170=ORIENTED_EDGE('',*,*,#122,.T.) ;
#198=ORIENTED_EDGE('',*,*,#184,.T.) ;
#199=ORIENTED_EDGE('',*,*,#160,.T.) ;
#200=ORIENTED_EDGE('',*,*,#191,.F.) ;
#201=ORIENTED_EDGE('',*,*,#196,.F.) ;
#229=ORIENTED_EDGE('',*,*,#196,.T.) ;
#230=ORIENTED_EDGE('',*,*,#215,.F.) ;
#231=ORIENTED_EDGE('',*,*,#222,.F.) ;
#232=ORIENTED_EDGE('',*,*,#227,.F.) ;
#260=ORIENTED_EDGE('',*,*,#246,.F.) ;
#261=ORIENTED_EDGE('',*,*,#253,.F.) ;
#262=ORIENTED_EDGE('',*,*,#258,.F.) ;
#263=ORIENTED_EDGE('',*,*,#222,.T.) ;
#300=ORIENTED_EDGE('',*,*,#279,.F.) ;
#301=ORIENTED_EDGE('',*,*,#286,.F.) ;
#302=ORIENTED_EDGE('',*,*,#293,.T.) ;
#303=ORIENTED_EDGE('',*,*,#298,.T.) ;
#317=ORIENTED_EDGE('',*,*,#310,.F.) ;
#318=ORIENTED_EDGE('',*,*,#298,.F.) ;
#319=ORIENTED_EDGE('',*,*,#315,.T.) ;
#320=ORIENTED_EDGE('',*,*,#286,.T.) ;
#357=ORIENTED_EDGE('',*,*,#336,.F.) ;
#358=ORIENTED_EDGE('',*,*,#343,.F.) ;
#359=ORIENTED_EDGE('',*,*,#350,.T.) ;
#360=ORIENTED_EDGE('',*,*,#355,.T.) ;
#374=ORIENTED_EDGE('',*,*,#367,.F.) ;
#375=ORIENTED_EDGE('',*,*,#355,.F.) ;
#376=ORIENTED_EDGE('',*,*,#372,.T.) ;
#377=ORIENTED_EDGE('',*,*,#343,.T.) ;
#414=ORIENTED_EDGE('',*,*,#393,.F.) ;
#415=ORIENTED_EDGE('',*,*,#400,.F.) ;
#416=ORIENTED_EDGE('',*,*,#407,.T.) ;
#417=ORIENTED_EDGE('',*,*,#412,.T.) ;
#431=ORIENTED_EDGE('',*,*,#424,.F.) ;
#432=ORIENTED_EDGE('',*,*,#412,.F.) ;
#433=ORIENTED_EDGE('',*,*,#429,.T.) ;
#434=ORIENTED_EDGE('',*,*,#400,.T.) ;
#471=ORIENTED_EDGE('',*,*,#450,.F.) ;
#472=ORIENTED_EDGE('',*,*,#457,.F.) ;
#473=ORIENTED_EDGE('',*,*,#464,.T.) ;
#474=ORIENTED_EDGE('',*,*,#469,.T.) ;
#488=ORIENTED_EDGE('',*,*,#481,.F.) ;
#489=ORIENTED_EDGE('',*,*,#469,.F.) ;
#490=ORIENTED_EDGE('',*,*,#486,.T.) ;
#491=ORIENTED_EDGE('',*,*,#457,.T.) ;
#519=ORIENTED_EDGE('',*,*,#505,.T.) ;
#520=ORIENTED_EDGE('',*,*,#512,.F.) ;
#521=ORIENTED_EDGE('',*,*,#517,.F.) ;
#522=ORIENTED_EDGE('',*,*,#253,.T.) ;
#550=ORIENTED_EDGE('',*,*,#538,.T.) ;
#551=ORIENTED_EDGE('',*,*,#543,.T.) ;
#552=ORIENTED_EDGE('',*,*,#134,.F.) ;
#553=ORIENTED_EDGE('',*,*,#548,.F.) ;
#590=ORIENTED_EDGE('',*,*,#569,.T.) ;
#591=ORIENTED_EDGE('',*,*,#576,.F.) ;
#592=ORIENTED_EDGE('',*,*,#583,.T.) ;
#593=ORIENTED_EDGE('',*,*,#588,.T.) ;
#630=ORIENTED_EDGE('',*,*,#609,.F.) ;
#631=ORIENTED_EDGE('',*,*,#616,.F.) ;
#632=ORIENTED_EDGE('',*,*,#623,.F.) ;
#633=ORIENTED_EDGE('',*,*,#628,.T.) ;
#661=ORIENTED_EDGE('',*,*,#649,.T.) ;
#662=ORIENTED_EDGE('',*,*,#654,.T.) ;
#663=ORIENTED_EDGE('',*,*,#44,.F.) ;
#664=ORIENTED_EDGE('',*,*,#659,.T.) ;
#701=ORIENTED_EDGE('',*,*,#680,.F.) ;
#702=ORIENTED_EDGE('',*,*,#687,.T.) ;
#703=ORIENTED_EDGE('',*,*,#694,.F.) ;
#704=ORIENTED_EDGE('',*,*,#699,.F.) ;
#732=ORIENTED_EDGE('',*,*,#718,.T.) ;
#733=ORIENTED_EDGE('',*,*,#725,.F.) ;
#734=ORIENTED_EDGE('',*,*,#730,.T.) ;
#735=ORIENTED_EDGE('',*,*,#680,.T.) ;
#763=ORIENTED_EDGE('',*,*,#751,.F.) ;
#764=ORIENTED_EDGE('',*,*,#756,.T.) ;
#765=ORIENTED_EDGE('',*,*,#725,.T.) ;
#766=ORIENTED_EDGE('',*,*,#761,.F.) ;
#794=ORIENTED_EDGE('',*,*,#782,.T.) ;
#795=ORIENTED_EDGE('',*,*,#787,.T.) ;
#796=ORIENTED_EDGE('',*,*,#694,.T.) ;
#797=ORIENTED_EDGE('',*,*,#792,.F.) ;
#820=ORIENTED_EDGE('',*,*,#782,.F.) ;
#821=ORIENTED_EDGE('',*,*,#806,.F.) ;
#822=ORIENTED_EDGE('',*,*,#813,.T.) ;
#823=ORIENTED_EDGE('',*,*,#818,.T.) ;
#860=ORIENTED_EDGE('',*,*,#839,.T.) ;
#861=ORIENTED_EDGE('',*,*,#846,.T.) ;
#862=ORIENTED_EDGE('',*,*,#853,.F.) ;
#863=ORIENTED_EDGE('',*,*,#858,.T.) ;
#886=ORIENTED_EDGE('',*,*,#874,.F.) ;
#887=ORIENTED_EDGE('',*,*,#879,.T.) ;
#888=ORIENTED_EDGE('',*,*,#846,.F.) ;
#889=ORIENTED_EDGE('',*,*,#884,.F.) ;
#927=ORIENTED_EDGE('',*,*,#903,.T.) ;
#928=ORIENTED_EDGE('',*,*,#609,.T.) ;
#929=ORIENTED_EDGE('',*,*,#908,.F.) ;
#930=ORIENTED_EDGE('',*,*,#89,.T.) ;
#931=ORIENTED_EDGE('',*,*,#913,.T.) ;
#932=ORIENTED_EDGE('',*,*,#583,.F.) ;
#933=ORIENTED_EDGE('',*,*,#920,.F.) ;
#934=ORIENTED_EDGE('',*,*,#925,.F.) ;
#957=ORIENTED_EDGE('',*,*,#943,.T.) ;
#958=ORIENTED_EDGE('',*,*,#512,.T.) ;
#959=ORIENTED_EDGE('',*,*,#950,.F.) ;
#960=ORIENTED_EDGE('',*,*,#955,.T.) ;
#979=ORIENTED_EDGE('',*,*,#972,.T.) ;
#980=ORIENTED_EDGE('',*,*,#955,.F.) ;
#981=ORIENTED_EDGE('',*,*,#977,.T.) ;
#982=ORIENTED_EDGE('',*,*,#925,.T.) ;
#1005=ORIENTED_EDGE('',*,*,#991,.F.) ;
#1006=ORIENTED_EDGE('',*,*,#538,.F.) ;
#1007=ORIENTED_EDGE('',*,*,#998,.T.) ;
#1008=ORIENTED_EDGE('',*,*,#1003,.T.) ;
#1032=ORIENTED_EDGE('',*,*,#1025,.F.) ;
#1033=ORIENTED_EDGE('',*,*,#1030,.T.) ;
#1034=ORIENTED_EDGE('',*,*,#616,.T.) ;
#1035=ORIENTED_EDGE('',*,*,#903,.F.) ;
#1036=ORIENTED_EDGE('',*,*,#977,.F.) ;
#1037=ORIENTED_EDGE('',*,*,#950,.T.) ;
#1038=ORIENTED_EDGE('',*,*,#505,.F.) ;
#1039=ORIENTED_EDGE('',*,*,#246,.T.) ;
#1040=ORIENTED_EDGE('',*,*,#215,.T.) ;
#1041=ORIENTED_EDGE('',*,*,#191,.T.) ;
#1042=ORIENTED_EDGE('',*,*,#153,.T.) ;
#1043=ORIENTED_EDGE('',*,*,#115,.T.) ;
#1044=ORIENTED_EDGE('',*,*,#543,.F.) ;
#1045=ORIENTED_EDGE('',*,*,#991,.T.) ;
#1048=ORIENTED_EDGE('',*,*,#310,.T.) ;
#1049=ORIENTED_EDGE('',*,*,#279,.T.) ;
#1052=ORIENTED_EDGE('',*,*,#367,.T.) ;
#1053=ORIENTED_EDGE('',*,*,#336,.T.) ;
#1056=ORIENTED_EDGE('',*,*,#424,.T.) ;
#1057=ORIENTED_EDGE('',*,*,#393,.T.) ;
#1060=ORIENTED_EDGE('',*,*,#481,.T.) ;
#1061=ORIENTED_EDGE('',*,*,#450,.T.) ;
#1082=ORIENTED_EDGE('',*,*,#998,.F.) ;
#1083=ORIENTED_EDGE('',*,*,#548,.T.) ;
#1084=ORIENTED_EDGE('',*,*,#129,.T.) ;
#1085=ORIENTED_EDGE('',*,*,#165,.T.) ;
#1086=ORIENTED_EDGE('',*,*,#184,.F.) ;
#1087=ORIENTED_EDGE('',*,*,#227,.T.) ;
#1088=ORIENTED_EDGE('',*,*,#258,.T.) ;
#1089=ORIENTED_EDGE('',*,*,#517,.T.) ;
#1090=ORIENTED_EDGE('',*,*,#943,.F.) ;
#1091=ORIENTED_EDGE('',*,*,#972,.F.) ;
#1092=ORIENTED_EDGE('',*,*,#920,.T.) ;
#1093=ORIENTED_EDGE('',*,*,#576,.T.) ;
#1094=ORIENTED_EDGE('',*,*,#1075,.F.) ;
#1095=ORIENTED_EDGE('',*,*,#1080,.F.) ;
#1098=ORIENTED_EDGE('',*,*,#293,.F.) ;
#1099=ORIENTED_EDGE('',*,*,#315,.F.) ;
#1102=ORIENTED_EDGE('',*,*,#350,.F.) ;
#1103=ORIENTED_EDGE('',*,*,#372,.F.) ;
#1106=ORIENTED_EDGE('',*,*,#429,.F.) ;
#1107=ORIENTED_EDGE('',*,*,#407,.F.) ;
#1110=ORIENTED_EDGE('',*,*,#486,.F.) ;
#1111=ORIENTED_EDGE('',*,*,#464,.F.) ;
#1125=ORIENTED_EDGE('',*,*,#1025,.T.) ;
#1126=ORIENTED_EDGE('',*,*,#1003,.F.) ;
#1127=ORIENTED_EDGE('',*,*,#1080,.T.) ;
#1128=ORIENTED_EDGE('',*,*,#1123,.T.) ;
#1156=ORIENTED_EDGE('',*,*,#1142,.T.) ;
#1157=ORIENTED_EDGE('',*,*,#623,.T.) ;
#1158=ORIENTED_EDGE('',*,*,#1030,.F.) ;
#1159=ORIENTED_EDGE('',*,*,#1123,.F.) ;
#1160=ORIENTED_EDGE('',*,*,#1075,.T.) ;
#1161=ORIENTED_EDGE('',*,*,#569,.F.) ;
#1162=ORIENTED_EDGE('',*,*,#1149,.T.) ;
#1163=ORIENTED_EDGE('',*,*,#1154,.F.) ;
#1191=ORIENTED_EDGE('',*,*,#1179,.F.) ;
#1192=ORIENTED_EDGE('',*,*,#1184,.F.) ;
#1193=ORIENTED_EDGE('',*,*,#1154,.T.) ;
#1194=ORIENTED_EDGE('',*,*,#1189,.F.) ;
#1222=ORIENTED_EDGE('',*,*,#1208,.T.) ;
#1223=ORIENTED_EDGE('',*,*,#649,.F.) ;
#1224=ORIENTED_EDGE('',*,*,#1215,.T.) ;
#1225=ORIENTED_EDGE('',*,*,#1220,.T.) ;
#1253=ORIENTED_EDGE('',*,*,#1239,.T.) ;
#1254=ORIENTED_EDGE('',*,*,#1220,.F.) ;
#1255=ORIENTED_EDGE('',*,*,#1246,.T.) ;
#1256=ORIENTED_EDGE('',*,*,#1251,.T.) ;
#1284=ORIENTED_EDGE('',*,*,#1270,.F.) ;
#1285=ORIENTED_EDGE('',*,*,#813,.F.) ;
#1286=ORIENTED_EDGE('',*,*,#1277,.T.) ;
#1287=ORIENTED_EDGE('',*,*,#1282,.T.) ;
#1315=ORIENTED_EDGE('',*,*,#1301,.T.) ;
#1316=ORIENTED_EDGE('',*,*,#1282,.F.) ;
#1317=ORIENTED_EDGE('',*,*,#1308,.T.) ;
#1318=ORIENTED_EDGE('',*,*,#1313,.T.) ;
#1346=ORIENTED_EDGE('',*,*,#1334,.F.) ;
#1347=ORIENTED_EDGE('',*,*,#1339,.F.) ;
#1348=ORIENTED_EDGE('',*,*,#1251,.F.) ;
#1349=ORIENTED_EDGE('',*,*,#1344,.T.) ;
#1377=ORIENTED_EDGE('',*,*,#1363,.T.) ;
#1378=ORIENTED_EDGE('',*,*,#1313,.F.) ;
#1379=ORIENTED_EDGE('',*,*,#1370,.T.) ;
#1380=ORIENTED_EDGE('',*,*,#1375,.T.) ;
#1399=ORIENTED_EDGE('',*,*,#1392,.T.) ;
#1400=ORIENTED_EDGE('',*,*,#1375,.F.) ;
#1401=ORIENTED_EDGE('',*,*,#1397,.T.) ;
#1402=ORIENTED_EDGE('',*,*,#1334,.T.) ;
#1425=ORIENTED_EDGE('',*,*,#1411,.F.) ;
#1426=ORIENTED_EDGE('',*,*,#858,.F.) ;
#1427=ORIENTED_EDGE('',*,*,#1418,.T.) ;
#1428=ORIENTED_EDGE('',*,*,#1423,.T.) ;
#1456=ORIENTED_EDGE('',*,*,#1442,.T.) ;
#1457=ORIENTED_EDGE('',*,*,#1423,.F.) ;
#1458=ORIENTED_EDGE('',*,*,#1449,.T.) ;
#1459=ORIENTED_EDGE('',*,*,#1454,.T.) ;
#1482=ORIENTED_EDGE('',*,*,#1470,.T.) ;
#1483=ORIENTED_EDGE('',*,*,#1475,.F.) ;
#1484=ORIENTED_EDGE('',*,*,#751,.T.) ;
#1485=ORIENTED_EDGE('',*,*,#1480,.T.) ;
#1513=ORIENTED_EDGE('',*,*,#1499,.F.) ;
#1514=ORIENTED_EDGE('',*,*,#1454,.F.) ;
#1515=ORIENTED_EDGE('',*,*,#1506,.F.) ;
#1516=ORIENTED_EDGE('',*,*,#1511,.F.) ;
#1535=ORIENTED_EDGE('',*,*,#1528,.T.) ;
#1536=ORIENTED_EDGE('',*,*,#1470,.F.) ;
#1537=ORIENTED_EDGE('',*,*,#1533,.T.) ;
#1538=ORIENTED_EDGE('',*,*,#1511,.T.) ;
#1561=ORIENTED_EDGE('',*,*,#1547,.F.) ;
#1562=ORIENTED_EDGE('',*,*,#1179,.T.) ;
#1563=ORIENTED_EDGE('',*,*,#1554,.F.) ;
#1564=ORIENTED_EDGE('',*,*,#1559,.T.) ;
#1578=ORIENTED_EDGE('',*,*,#884,.T.) ;
#1579=ORIENTED_EDGE('',*,*,#839,.F.) ;
#1580=ORIENTED_EDGE('',*,*,#1411,.T.) ;
#1581=ORIENTED_EDGE('',*,*,#1442,.F.) ;
#1582=ORIENTED_EDGE('',*,*,#1499,.T.) ;
#1583=ORIENTED_EDGE('',*,*,#1533,.F.) ;
#1584=ORIENTED_EDGE('',*,*,#1480,.F.) ;
#1585=ORIENTED_EDGE('',*,*,#761,.T.) ;
#1586=ORIENTED_EDGE('',*,*,#718,.F.) ;
#1587=ORIENTED_EDGE('',*,*,#699,.T.) ;
#1588=ORIENTED_EDGE('',*,*,#787,.F.) ;
#1589=ORIENTED_EDGE('',*,*,#818,.F.) ;
#1590=ORIENTED_EDGE('',*,*,#1270,.T.) ;
#1591=ORIENTED_EDGE('',*,*,#1301,.F.) ;
#1592=ORIENTED_EDGE('',*,*,#1363,.F.) ;
#1593=ORIENTED_EDGE('',*,*,#1392,.F.) ;
#1594=ORIENTED_EDGE('',*,*,#1344,.F.) ;
#1595=ORIENTED_EDGE('',*,*,#1246,.F.) ;
#1596=ORIENTED_EDGE('',*,*,#1215,.F.) ;
#1597=ORIENTED_EDGE('',*,*,#659,.F.) ;
#1598=ORIENTED_EDGE('',*,*,#63,.T.) ;
#1599=ORIENTED_EDGE('',*,*,#94,.T.) ;
#1600=ORIENTED_EDGE('',*,*,#908,.T.) ;
#1601=ORIENTED_EDGE('',*,*,#628,.F.) ;
#1602=ORIENTED_EDGE('',*,*,#1142,.F.) ;
#1603=ORIENTED_EDGE('',*,*,#1184,.T.) ;
#1604=ORIENTED_EDGE('',*,*,#1547,.T.) ;
#1605=ORIENTED_EDGE('',*,*,#1576,.F.) ;
#1619=ORIENTED_EDGE('',*,*,#1617,.F.) ;
#1620=ORIENTED_EDGE('',*,*,#1554,.T.) ;
#1621=ORIENTED_EDGE('',*,*,#1189,.T.) ;
#1622=ORIENTED_EDGE('',*,*,#1149,.F.) ;
#1623=ORIENTED_EDGE('',*,*,#588,.F.) ;
#1624=ORIENTED_EDGE('',*,*,#913,.F.) ;
#1625=ORIENTED_EDGE('',*,*,#82,.F.) ;
#1626=ORIENTED_EDGE('',*,*,#51,.F.) ;
#1627=ORIENTED_EDGE('',*,*,#654,.F.) ;
#1628=ORIENTED_EDGE('',*,*,#1208,.F.) ;
#1629=ORIENTED_EDGE('',*,*,#1239,.F.) ;
#1630=ORIENTED_EDGE('',*,*,#1339,.T.) ;
#1631=ORIENTED_EDGE('',*,*,#1397,.F.) ;
#1632=ORIENTED_EDGE('',*,*,#1370,.F.) ;
#1633=ORIENTED_EDGE('',*,*,#1308,.F.) ;
#1634=ORIENTED_EDGE('',*,*,#1277,.F.) ;
#1635=ORIENTED_EDGE('',*,*,#806,.T.) ;
#1636=ORIENTED_EDGE('',*,*,#792,.T.) ;
#1637=ORIENTED_EDGE('',*,*,#687,.F.) ;
#1638=ORIENTED_EDGE('',*,*,#730,.F.) ;
#1639=ORIENTED_EDGE('',*,*,#756,.F.) ;
#1640=ORIENTED_EDGE('',*,*,#1475,.T.) ;
#1641=ORIENTED_EDGE('',*,*,#1528,.F.) ;
#1642=ORIENTED_EDGE('',*,*,#1506,.T.) ;
#1643=ORIENTED_EDGE('',*,*,#1449,.F.) ;
#1644=ORIENTED_EDGE('',*,*,#1418,.F.) ;
#1645=ORIENTED_EDGE('',*,*,#853,.T.) ;
#1646=ORIENTED_EDGE('',*,*,#879,.F.) ;
#1655=ORIENTED_EDGE('',*,*,#1576,.T.) ;
#1656=ORIENTED_EDGE('',*,*,#1559,.F.) ;
#1657=ORIENTED_EDGE('',*,*,#1617,.T.) ;
#1658=ORIENTED_EDGE('',*,*,#874,.T.) ;
#1700=ORIENTED_EDGE('',*,*,#1679,.T.) ;
#1701=ORIENTED_EDGE('',*,*,#1686,.F.) ;
#1702=ORIENTED_EDGE('',*,*,#1693,.F.) ;
#1703=ORIENTED_EDGE('',*,*,#1698,.T.) ;
#1731=ORIENTED_EDGE('',*,*,#1717,.T.) ;
#1732=ORIENTED_EDGE('',*,*,#1724,.F.) ;
#1733=ORIENTED_EDGE('',*,*,#1729,.F.) ;
#1734=ORIENTED_EDGE('',*,*,#1686,.T.) ;
#1762=ORIENTED_EDGE('',*,*,#1748,.T.) ;
#1763=ORIENTED_EDGE('',*,*,#1755,.F.) ;
#1764=ORIENTED_EDGE('',*,*,#1760,.F.) ;
#1765=ORIENTED_EDGE('',*,*,#1724,.T.) ;
#1793=ORIENTED_EDGE('',*,*,#1779,.T.) ;
#1794=ORIENTED_EDGE('',*,*,#1786,.F.) ;
#1795=ORIENTED_EDGE('',*,*,#1791,.F.) ;
#1796=ORIENTED_EDGE('',*,*,#1755,.T.) ;
#1824=ORIENTED_EDGE('',*,*,#1810,.T.) ;
#1825=ORIENTED_EDGE('',*,*,#1817,.F.) ;
#1826=ORIENTED_EDGE('',*,*,#1822,.F.) ;
#1827=ORIENTED_EDGE('',*,*,#1786,.T.) ;
#1846=ORIENTED_EDGE('',*,*,#1839,.T.) ;
#1847=ORIENTED_EDGE('',*,*,#1698,.F.) ;
#1848=ORIENTED_EDGE('',*,*,#1844,.F.) ;
#1849=ORIENTED_EDGE('',*,*,#1817,.T.) ;
#1886=ORIENTED_EDGE('',*,*,#1865,.F.) ;
#1887=ORIENTED_EDGE('',*,*,#1872,.T.) ;
#1888=ORIENTED_EDGE('',*,*,#1879,.T.) ;
#1889=ORIENTED_EDGE('',*,*,#1884,.F.) ;
#1903=ORIENTED_EDGE('',*,*,#1879,.F.) ;
#1904=ORIENTED_EDGE('',*,*,#1896,.T.) ;
#1905=ORIENTED_EDGE('',*,*,#1865,.T.) ;
#1906=ORIENTED_EDGE('',*,*,#1901,.F.) ;
#1915=ORIENTED_EDGE('',*,*,#1693,.T.) ;
#1916=ORIENTED_EDGE('',*,*,#1729,.T.) ;
#1917=ORIENTED_EDGE('',*,*,#1760,.T.) ;
#1918=ORIENTED_EDGE('',*,*,#1791,.T.) ;
#1919=ORIENTED_EDGE('',*,*,#1822,.T.) ;
#1920=ORIENTED_EDGE('',*,*,#1844,.T.) ;
#1923=ORIENTED_EDGE('',*,*,#1872,.F.) ;
#1924=ORIENTED_EDGE('',*,*,#1896,.F.) ;
#1933=ORIENTED_EDGE('',*,*,#1839,.F.) ;
#1934=ORIENTED_EDGE('',*,*,#1810,.F.) ;
#1935=ORIENTED_EDGE('',*,*,#1779,.F.) ;
#1936=ORIENTED_EDGE('',*,*,#1748,.F.) ;
#1937=ORIENTED_EDGE('',*,*,#1717,.F.) ;
#1938=ORIENTED_EDGE('',*,*,#1679,.F.) ;
#1941=ORIENTED_EDGE('',*,*,#1901,.T.) ;
#1942=ORIENTED_EDGE('',*,*,#1884,.T.) ;
#1982=ORIENTED_EDGE('',*,*,#1961,.T.) ;
#1983=ORIENTED_EDGE('',*,*,#1968,.F.) ;
#1984=ORIENTED_EDGE('',*,*,#1975,.F.) ;
#1985=ORIENTED_EDGE('',*,*,#1980,.T.) ;
#2013=ORIENTED_EDGE('',*,*,#1999,.T.) ;
#2014=ORIENTED_EDGE('',*,*,#2006,.F.) ;
#2015=ORIENTED_EDGE('',*,*,#2011,.F.) ;
#2016=ORIENTED_EDGE('',*,*,#1968,.T.) ;
#2044=ORIENTED_EDGE('',*,*,#2030,.T.) ;
#2045=ORIENTED_EDGE('',*,*,#2037,.F.) ;
#2046=ORIENTED_EDGE('',*,*,#2042,.F.) ;
#2047=ORIENTED_EDGE('',*,*,#2006,.T.) ;
#2075=ORIENTED_EDGE('',*,*,#2061,.T.) ;
#2076=ORIENTED_EDGE('',*,*,#2068,.F.) ;
#2077=ORIENTED_EDGE('',*,*,#2073,.F.) ;
#2078=ORIENTED_EDGE('',*,*,#2037,.T.) ;
#2106=ORIENTED_EDGE('',*,*,#2092,.T.) ;
#2107=ORIENTED_EDGE('',*,*,#2099,.F.) ;
#2108=ORIENTED_EDGE('',*,*,#2104,.F.) ;
#2109=ORIENTED_EDGE('',*,*,#2068,.T.) ;
#2128=ORIENTED_EDGE('',*,*,#2121,.T.) ;
#2129=ORIENTED_EDGE('',*,*,#1980,.F.) ;
#2130=ORIENTED_EDGE('',*,*,#2126,.F.) ;
#2131=ORIENTED_EDGE('',*,*,#2099,.T.) ;
#2168=ORIENTED_EDGE('',*,*,#2147,.F.) ;
#2169=ORIENTED_EDGE('',*,*,#2154,.T.) ;
#2170=ORIENTED_EDGE('',*,*,#2161,.T.) ;
#2171=ORIENTED_EDGE('',*,*,#2166,.F.) ;
#2185=ORIENTED_EDGE('',*,*,#2161,.F.) ;
#2186=ORIENTED_EDGE('',*,*,#2178,.T.) ;
#2187=ORIENTED_EDGE('',*,*,#2147,.T.) ;
#2188=ORIENTED_EDGE('',*,*,#2183,.F.) ;
#2192=ORIENTED_EDGE('',*,*,#1975,.T.) ;
#2193=ORIENTED_EDGE('',*,*,#2011,.T.) ;
#2194=ORIENTED_EDGE('',*,*,#2042,.T.) ;
#2195=ORIENTED_EDGE('',*,*,#2073,.T.) ;
#2196=ORIENTED_EDGE('',*,*,#2104,.T.) ;
#2197=ORIENTED_EDGE('',*,*,#2126,.T.) ;
#2200=ORIENTED_EDGE('',*,*,#2154,.F.) ;
#2201=ORIENTED_EDGE('',*,*,#2178,.F.) ;
#2205=ORIENTED_EDGE('',*,*,#2121,.F.) ;
#2206=ORIENTED_EDGE('',*,*,#2092,.F.) ;
#2207=ORIENTED_EDGE('',*,*,#2061,.F.) ;
#2208=ORIENTED_EDGE('',*,*,#2030,.F.) ;
#2209=ORIENTED_EDGE('',*,*,#1999,.F.) ;
#2210=ORIENTED_EDGE('',*,*,#1961,.F.) ;
#2213=ORIENTED_EDGE('',*,*,#2183,.T.) ;
#2214=ORIENTED_EDGE('',*,*,#2166,.T.) ;
#2254=ORIENTED_EDGE('',*,*,#2233,.T.) ;
#2255=ORIENTED_EDGE('',*,*,#2240,.F.) ;
#2256=ORIENTED_EDGE('',*,*,#2247,.F.) ;
#2257=ORIENTED_EDGE('',*,*,#2252,.T.) ;
#2285=ORIENTED_EDGE('',*,*,#2271,.T.) ;
#2286=ORIENTED_EDGE('',*,*,#2278,.F.) ;
#2287=ORIENTED_EDGE('',*,*,#2283,.F.) ;
#2288=ORIENTED_EDGE('',*,*,#2240,.T.) ;
#2316=ORIENTED_EDGE('',*,*,#2302,.T.) ;
#2317=ORIENTED_EDGE('',*,*,#2309,.F.) ;
#2318=ORIENTED_EDGE('',*,*,#2314,.F.) ;
#2319=ORIENTED_EDGE('',*,*,#2278,.T.) ;
#2347=ORIENTED_EDGE('',*,*,#2333,.T.) ;
#2348=ORIENTED_EDGE('',*,*,#2340,.F.) ;
#2349=ORIENTED_EDGE('',*,*,#2345,.F.) ;
#2350=ORIENTED_EDGE('',*,*,#2309,.T.) ;
#2378=ORIENTED_EDGE('',*,*,#2364,.T.) ;
#2379=ORIENTED_EDGE('',*,*,#2371,.F.) ;
#2380=ORIENTED_EDGE('',*,*,#2376,.F.) ;
#2381=ORIENTED_EDGE('',*,*,#2340,.T.) ;
#2400=ORIENTED_EDGE('',*,*,#2393,.T.) ;
#2401=ORIENTED_EDGE('',*,*,#2252,.F.) ;
#2402=ORIENTED_EDGE('',*,*,#2398,.F.) ;
#2403=ORIENTED_EDGE('',*,*,#2371,.T.) ;
#2440=ORIENTED_EDGE('',*,*,#2419,.F.) ;
#2441=ORIENTED_EDGE('',*,*,#2426,.T.) ;
#2442=ORIENTED_EDGE('',*,*,#2433,.T.) ;
#2443=ORIENTED_EDGE('',*,*,#2438,.F.) ;
#2457=ORIENTED_EDGE('',*,*,#2433,.F.) ;
#2458=ORIENTED_EDGE('',*,*,#2450,.T.) ;
#2459=ORIENTED_EDGE('',*,*,#2419,.T.) ;
#2460=ORIENTED_EDGE('',*,*,#2455,.F.) ;
#2464=ORIENTED_EDGE('',*,*,#2247,.T.) ;
#2465=ORIENTED_EDGE('',*,*,#2283,.T.) ;
#2466=ORIENTED_EDGE('',*,*,#2314,.T.) ;
#2467=ORIENTED_EDGE('',*,*,#2345,.T.) ;
#2468=ORIENTED_EDGE('',*,*,#2376,.T.) ;
#2469=ORIENTED_EDGE('',*,*,#2398,.T.) ;
#2472=ORIENTED_EDGE('',*,*,#2426,.F.) ;
#2473=ORIENTED_EDGE('',*,*,#2450,.F.) ;
#2477=ORIENTED_EDGE('',*,*,#2393,.F.) ;
#2478=ORIENTED_EDGE('',*,*,#2364,.F.) ;
#2479=ORIENTED_EDGE('',*,*,#2333,.F.) ;
#2480=ORIENTED_EDGE('',*,*,#2302,.F.) ;
#2481=ORIENTED_EDGE('',*,*,#2271,.F.) ;
#2482=ORIENTED_EDGE('',*,*,#2233,.F.) ;
#2485=ORIENTED_EDGE('',*,*,#2455,.T.) ;
#2486=ORIENTED_EDGE('',*,*,#2438,.T.) ;
#2526=ORIENTED_EDGE('',*,*,#2505,.T.) ;
#2527=ORIENTED_EDGE('',*,*,#2512,.F.) ;
#2528=ORIENTED_EDGE('',*,*,#2519,.F.) ;
#2529=ORIENTED_EDGE('',*,*,#2524,.T.) ;
#2557=ORIENTED_EDGE('',*,*,#2543,.T.) ;
#2558=ORIENTED_EDGE('',*,*,#2550,.F.) ;
#2559=ORIENTED_EDGE('',*,*,#2555,.F.) ;
#2560=ORIENTED_EDGE('',*,*,#2512,.T.) ;
#2588=ORIENTED_EDGE('',*,*,#2574,.T.) ;
#2589=ORIENTED_EDGE('',*,*,#2581,.F.) ;
#2590=ORIENTED_EDGE('',*,*,#2586,.F.) ;
#2591=ORIENTED_EDGE('',*,*,#2550,.T.) ;
#2619=ORIENTED_EDGE('',*,*,#2605,.T.) ;
#2620=ORIENTED_EDGE('',*,*,#2612,.F.) ;
#2621=ORIENTED_EDGE('',*,*,#2617,.F.) ;
#2622=ORIENTED_EDGE('',*,*,#2581,.T.) ;
#2650=ORIENTED_EDGE('',*,*,#2636,.T.) ;
#2651=ORIENTED_EDGE('',*,*,#2643,.F.) ;
#2652=ORIENTED_EDGE('',*,*,#2648,.F.) ;
#2653=ORIENTED_EDGE('',*,*,#2612,.T.) ;
#2672=ORIENTED_EDGE('',*,*,#2665,.T.) ;
#2673=ORIENTED_EDGE('',*,*,#2524,.F.) ;
#2674=ORIENTED_EDGE('',*,*,#2670,.F.) ;
#2675=ORIENTED_EDGE('',*,*,#2643,.T.) ;
#2712=ORIENTED_EDGE('',*,*,#2691,.F.) ;
#2713=ORIENTED_EDGE('',*,*,#2698,.T.) ;
#2714=ORIENTED_EDGE('',*,*,#2705,.T.) ;
#2715=ORIENTED_EDGE('',*,*,#2710,.F.) ;
#2729=ORIENTED_EDGE('',*,*,#2705,.F.) ;
#2730=ORIENTED_EDGE('',*,*,#2722,.T.) ;
#2731=ORIENTED_EDGE('',*,*,#2691,.T.) ;
#2732=ORIENTED_EDGE('',*,*,#2727,.F.) ;
#2736=ORIENTED_EDGE('',*,*,#2519,.T.) ;
#2737=ORIENTED_EDGE('',*,*,#2555,.T.) ;
#2738=ORIENTED_EDGE('',*,*,#2586,.T.) ;
#2739=ORIENTED_EDGE('',*,*,#2617,.T.) ;
#2740=ORIENTED_EDGE('',*,*,#2648,.T.) ;
#2741=ORIENTED_EDGE('',*,*,#2670,.T.) ;
#2744=ORIENTED_EDGE('',*,*,#2698,.F.) ;
#2745=ORIENTED_EDGE('',*,*,#2722,.F.) ;
#2749=ORIENTED_EDGE('',*,*,#2665,.F.) ;
#2750=ORIENTED_EDGE('',*,*,#2636,.F.) ;
#2751=ORIENTED_EDGE('',*,*,#2605,.F.) ;
#2752=ORIENTED_EDGE('',*,*,#2574,.F.) ;
#2753=ORIENTED_EDGE('',*,*,#2543,.F.) ;
#2754=ORIENTED_EDGE('',*,*,#2505,.F.) ;
#2757=ORIENTED_EDGE('',*,*,#2727,.T.) ;
#2758=ORIENTED_EDGE('',*,*,#2710,.T.) ;
#21=MANIFOLD_SOLID_BREP('TOLE SUPPORT COMMANDE A CABLE',#30) ;
#1663=MANIFOLD_SOLID_BREP('ECROU M6.1',#1665) ;
#1945=MANIFOLD_SOLID_BREP('ECROU M6.2',#1947) ;
#2217=MANIFOLD_SOLID_BREP('ECROU M6.3',#2219) ;
#2489=MANIFOLD_SOLID_BREP('ECROU M6.4',#2491) ;
#41=VERTEX_POINT('',#40) ;
#43=VERTEX_POINT('',#42) ;
#50=VERTEX_POINT('',#49) ;
#57=VERTEX_POINT('',#56) ;
#81=VERTEX_POINT('',#80) ;
#88=VERTEX_POINT('',#87) ;
#112=VERTEX_POINT('',#111) ;
#114=VERTEX_POINT('',#113) ;
#121=VERTEX_POINT('',#120) ;
#128=VERTEX_POINT('',#127) ;
#152=VERTEX_POINT('',#151) ;
#159=VERTEX_POINT('',#158) ;
#183=VERTEX_POINT('',#182) ;
#190=VERTEX_POINT('',#189) ;
#214=VERTEX_POINT('',#213) ;
#221=VERTEX_POINT('',#220) ;
#245=VERTEX_POINT('',#244) ;
#252=VERTEX_POINT('',#251) ;
#276=VERTEX_POINT('',#275) ;
#278=VERTEX_POINT('',#277) ;
#285=VERTEX_POINT('',#284) ;
#292=VERTEX_POINT('',#291) ;
#333=VERTEX_POINT('',#332) ;
#335=VERTEX_POINT('',#334) ;
#342=VERTEX_POINT('',#341) ;
#349=VERTEX_POINT('',#348) ;
#390=VERTEX_POINT('',#389) ;
#392=VERTEX_POINT('',#391) ;
#399=VERTEX_POINT('',#398) ;
#406=VERTEX_POINT('',#405) ;
#447=VERTEX_POINT('',#446) ;
#449=VERTEX_POINT('',#448) ;
#456=VERTEX_POINT('',#455) ;
#463=VERTEX_POINT('',#462) ;
#504=VERTEX_POINT('',#503) ;
#511=VERTEX_POINT('',#510) ;
#535=VERTEX_POINT('',#534) ;
#537=VERTEX_POINT('',#536) ;
#566=VERTEX_POINT('',#565) ;
#568=VERTEX_POINT('',#567) ;
#575=VERTEX_POINT('',#574) ;
#582=VERTEX_POINT('',#581) ;
#606=VERTEX_POINT('',#605) ;
#608=VERTEX_POINT('',#607) ;
#615=VERTEX_POINT('',#614) ;
#622=VERTEX_POINT('',#621) ;
#646=VERTEX_POINT('',#645) ;
#648=VERTEX_POINT('',#647) ;
#677=VERTEX_POINT('',#676) ;
#679=VERTEX_POINT('',#678) ;
#686=VERTEX_POINT('',#685) ;
#693=VERTEX_POINT('',#692) ;
#717=VERTEX_POINT('',#716) ;
#724=VERTEX_POINT('',#723) ;
#748=VERTEX_POINT('',#747) ;
#750=VERTEX_POINT('',#749) ;
#779=VERTEX_POINT('',#778) ;
#781=VERTEX_POINT('',#780) ;
#805=VERTEX_POINT('',#804) ;
#812=VERTEX_POINT('',#811) ;
#836=VERTEX_POINT('',#835) ;
#838=VERTEX_POINT('',#837) ;
#845=VERTEX_POINT('',#844) ;
#852=VERTEX_POINT('',#851) ;
#871=VERTEX_POINT('',#870) ;
#873=VERTEX_POINT('',#872) ;
#902=VERTEX_POINT('',#901) ;
#919=VERTEX_POINT('',#918) ;
#942=VERTEX_POINT('',#941) ;
#949=VERTEX_POINT('',#948) ;
#990=VERTEX_POINT('',#989) ;
#997=VERTEX_POINT('',#996) ;
#1024=VERTEX_POINT('',#1023) ;
#1074=VERTEX_POINT('',#1073) ;
#1141=VERTEX_POINT('',#1140) ;
#1148=VERTEX_POINT('',#1147) ;
#1176=VERTEX_POINT('',#1175) ;
#1178=VERTEX_POINT('',#1177) ;
#1207=VERTEX_POINT('',#1206) ;
#1214=VERTEX_POINT('',#1213) ;
#1238=VERTEX_POINT('',#1237) ;
#1245=VERTEX_POINT('',#1244) ;
#1269=VERTEX_POINT('',#1268) ;
#1276=VERTEX_POINT('',#1275) ;
#1300=VERTEX_POINT('',#1299) ;
#1307=VERTEX_POINT('',#1306) ;
#1331=VERTEX_POINT('',#1330) ;
#1333=VERTEX_POINT('',#1332) ;
#1362=VERTEX_POINT('',#1361) ;
#1369=VERTEX_POINT('',#1368) ;
#1410=VERTEX_POINT('',#1409) ;
#1417=VERTEX_POINT('',#1416) ;
#1441=VERTEX_POINT('',#1440) ;
#1448=VERTEX_POINT('',#1447) ;
#1467=VERTEX_POINT('',#1466) ;
#1469=VERTEX_POINT('',#1468) ;
#1498=VERTEX_POINT('',#1497) ;
#1505=VERTEX_POINT('',#1504) ;
#1546=VERTEX_POINT('',#1545) ;
#1553=VERTEX_POINT('',#1552) ;
#1676=VERTEX_POINT('',#1675) ;
#1678=VERTEX_POINT('',#1677) ;
#1685=VERTEX_POINT('',#1684) ;
#1692=VERTEX_POINT('',#1691) ;
#1716=VERTEX_POINT('',#1715) ;
#1723=VERTEX_POINT('',#1722) ;
#1747=VERTEX_POINT('',#1746) ;
#1754=VERTEX_POINT('',#1753) ;
#1778=VERTEX_POINT('',#1777) ;
#1785=VERTEX_POINT('',#1784) ;
#1809=VERTEX_POINT('',#1808) ;
#1816=VERTEX_POINT('',#1815) ;
#1862=VERTEX_POINT('',#1861) ;
#1864=VERTEX_POINT('',#1863) ;
#1871=VERTEX_POINT('',#1870) ;
#1878=VERTEX_POINT('',#1877) ;
#1958=VERTEX_POINT('',#1957) ;
#1960=VERTEX_POINT('',#1959) ;
#1967=VERTEX_POINT('',#1966) ;
#1974=VERTEX_POINT('',#1973) ;
#1998=VERTEX_POINT('',#1997) ;
#2005=VERTEX_POINT('',#2004) ;
#2029=VERTEX_POINT('',#2028) ;
#2036=VERTEX_POINT('',#2035) ;
#2060=VERTEX_POINT('',#2059) ;
#2067=VERTEX_POINT('',#2066) ;
#2091=VERTEX_POINT('',#2090) ;
#2098=VERTEX_POINT('',#2097) ;
#2144=VERTEX_POINT('',#2143) ;
#2146=VERTEX_POINT('',#2145) ;
#2153=VERTEX_POINT('',#2152) ;
#2160=VERTEX_POINT('',#2159) ;
#2230=VERTEX_POINT('',#2229) ;
#2232=VERTEX_POINT('',#2231) ;
#2239=VERTEX_POINT('',#2238) ;
#2246=VERTEX_POINT('',#2245) ;
#2270=VERTEX_POINT('',#2269) ;
#2277=VERTEX_POINT('',#2276) ;
#2301=VERTEX_POINT('',#2300) ;
#2308=VERTEX_POINT('',#2307) ;
#2332=VERTEX_POINT('',#2331) ;
#2339=VERTEX_POINT('',#2338) ;
#2363=VERTEX_POINT('',#2362) ;
#2370=VERTEX_POINT('',#2369) ;
#2416=VERTEX_POINT('',#2415) ;
#2418=VERTEX_POINT('',#2417) ;
#2425=VERTEX_POINT('',#2424) ;
#2432=VERTEX_POINT('',#2431) ;
#2502=VERTEX_POINT('',#2501) ;
#2504=VERTEX_POINT('',#2503) ;
#2511=VERTEX_POINT('',#2510) ;
#2518=VERTEX_POINT('',#2517) ;
#2542=VERTEX_POINT('',#2541) ;
#2549=VERTEX_POINT('',#2548) ;
#2573=VERTEX_POINT('',#2572) ;
#2580=VERTEX_POINT('',#2579) ;
#2604=VERTEX_POINT('',#2603) ;
#2611=VERTEX_POINT('',#2610) ;
#2635=VERTEX_POINT('',#2634) ;
#2642=VERTEX_POINT('',#2641) ;
#2688=VERTEX_POINT('',#2687) ;
#2690=VERTEX_POINT('',#2689) ;
#2697=VERTEX_POINT('',#2696) ;
#2704=VERTEX_POINT('',#2703) ;
#1661=ADVANCED_BREP_SHAPE_REPRESENTATION('NONE',(#21,#1663,#1945,#2217,#2489),#16) ;
#70=ADVANCED_FACE('TOLE SUPPORT COMMANDE A CABLE',(#69),#35,.T.) ;
#101=ADVANCED_FACE('TOLE SUPPORT COMMANDE A CABLE',(#100),#75,.T.) ;
#141=ADVANCED_FACE('TOLE SUPPORT COMMANDE A CABLE',(#140),#106,.F.) ;
#172=ADVANCED_FACE('TOLE SUPPORT COMMANDE A CABLE',(#171),#146,.F.) ;
#203=ADVANCED_FACE('TOLE SUPPORT COMMANDE A CABLE',(#202),#177,.T.) ;
#234=ADVANCED_FACE('TOLE SUPPORT COMMANDE A CABLE',(#233),#208,.F.) ;
#265=ADVANCED_FACE('TOLE SUPPORT COMMANDE A CABLE',(#264),#239,.F.) ;
#305=ADVANCED_FACE('TOLE SUPPORT COMMANDE A CABLE',(#304),#270,.F.) ;
#322=ADVANCED_FACE('TOLE SUPPORT COMMANDE A CABLE',(#321),#270,.F.) ;
#362=ADVANCED_FACE('TOLE SUPPORT COMMANDE A CABLE',(#361),#327,.F.) ;
#379=ADVANCED_FACE('TOLE SUPPORT COMMANDE A CABLE',(#378),#327,.F.) ;
#419=ADVANCED_FACE('TOLE SUPPORT COMMANDE A CABLE',(#418),#384,.F.) ;
#436=ADVANCED_FACE('TOLE SUPPORT COMMANDE A CABLE',(#435),#384,.F.) ;
#476=ADVANCED_FACE('TOLE SUPPORT COMMANDE A CABLE',(#475),#441,.F.) ;
#493=ADVANCED_FACE('TOLE SUPPORT COMMANDE A CABLE',(#492),#441,.F.) ;
#524=ADVANCED_FACE('TOLE SUPPORT COMMANDE A CABLE',(#523),#498,.F.) ;
#555=ADVANCED_FACE('TOLE SUPPORT COMMANDE A CABLE',(#554),#529,.F.) ;
#595=ADVANCED_FACE('TOLE SUPPORT COMMANDE A CABLE',(#594),#560,.T.) ;
#635=ADVANCED_FACE('TOLE SUPPORT COMMANDE A CABLE',(#634),#600,.F.) ;
#666=ADVANCED_FACE('TOLE SUPPORT COMMANDE A CABLE',(#665),#640,.T.) ;
#706=ADVANCED_FACE('TOLE SUPPORT COMMANDE A CABLE',(#705),#671,.T.) ;
#737=ADVANCED_FACE('TOLE SUPPORT COMMANDE A CABLE',(#736),#711,.F.) ;
#768=ADVANCED_FACE('TOLE SUPPORT COMMANDE A CABLE',(#767),#742,.T.) ;
#799=ADVANCED_FACE('TOLE SUPPORT COMMANDE A CABLE',(#798),#773,.F.) ;
#825=ADVANCED_FACE('TOLE SUPPORT COMMANDE A CABLE',(#824),#773,.F.) ;
#865=ADVANCED_FACE('TOLE SUPPORT COMMANDE A CABLE',(#864),#830,.F.) ;
#891=ADVANCED_FACE('TOLE SUPPORT COMMANDE A CABLE',(#890),#671,.T.) ;
#936=ADVANCED_FACE('TOLE SUPPORT COMMANDE A CABLE',(#935),#896,.T.) ;
#962=ADVANCED_FACE('TOLE SUPPORT COMMANDE A CABLE',(#961),#177,.T.) ;
#984=ADVANCED_FACE('TOLE SUPPORT COMMANDE A CABLE',(#983),#967,.T.) ;
#1010=ADVANCED_FACE('TOLE SUPPORT COMMANDE A CABLE',(#1009),#177,.T.) ;
#1063=ADVANCED_FACE('TOLE SUPPORT COMMANDE A CABLE',(#1046,#1050,#1054,#1058,#1062),#1015,.F.) ;
#1113=ADVANCED_FACE('TOLE SUPPORT COMMANDE A CABLE',(#1096,#1100,#1104,#1108,#1112),#1068,.T.) ;
#1130=ADVANCED_FACE('TOLE SUPPORT COMMANDE A CABLE',(#1129),#1118,.T.) ;
#1165=ADVANCED_FACE('TOLE SUPPORT COMMANDE A CABLE',(#1164),#1135,.T.) ;
#1196=ADVANCED_FACE('TOLE SUPPORT COMMANDE A CABLE',(#1195),#1170,.F.) ;
#1227=ADVANCED_FACE('TOLE SUPPORT COMMANDE A CABLE',(#1226),#1201,.T.) ;
#1258=ADVANCED_FACE('TOLE SUPPORT COMMANDE A CABLE',(#1257),#1232,.T.) ;
#1289=ADVANCED_FACE('TOLE SUPPORT COMMANDE A CABLE',(#1288),#1263,.T.) ;
#1320=ADVANCED_FACE('TOLE SUPPORT COMMANDE A CABLE',(#1319),#1294,.T.) ;
#1351=ADVANCED_FACE('TOLE SUPPORT COMMANDE A CABLE',(#1350),#1325,.F.) ;
#1382=ADVANCED_FACE('TOLE SUPPORT COMMANDE A CABLE',(#1381),#1356,.T.) ;
#1404=ADVANCED_FACE('TOLE SUPPORT COMMANDE A CABLE',(#1403),#1387,.T.) ;
#1430=ADVANCED_FACE('TOLE SUPPORT COMMANDE A CABLE',(#1429),#1263,.T.) ;
#1461=ADVANCED_FACE('TOLE SUPPORT COMMANDE A CABLE',(#1460),#1435,.T.) ;
#1487=ADVANCED_FACE('TOLE SUPPORT COMMANDE A CABLE',(#1486),#1325,.F.) ;
#1518=ADVANCED_FACE('TOLE SUPPORT COMMANDE A CABLE',(#1517),#1492,.T.) ;
#1540=ADVANCED_FACE('TOLE SUPPORT COMMANDE A CABLE',(#1539),#1523,.T.) ;
#1566=ADVANCED_FACE('TOLE SUPPORT COMMANDE A CABLE',(#1565),#1492,.T.) ;
#1607=ADVANCED_FACE('TOLE SUPPORT COMMANDE A CABLE',(#1606),#1571,.T.) ;
#1648=ADVANCED_FACE('TOLE SUPPORT COMMANDE A CABLE',(#1647),#1612,.F.) ;
#1660=ADVANCED_FACE('TOLE SUPPORT COMMANDE A CABLE',(#1659),#1653,.T.) ;
#1705=ADVANCED_FACE('ECROU M6',(#1704),#1670,.F.) ;
#1736=ADVANCED_FACE('ECROU M6',(#1735),#1710,.F.) ;
#1767=ADVANCED_FACE('ECROU M6',(#1766),#1741,.F.) ;
#1798=ADVANCED_FACE('ECROU M6',(#1797),#1772,.F.) ;
#1829=ADVANCED_FACE('ECROU M6',(#1828),#1803,.F.) ;
#1851=ADVANCED_FACE('ECROU M6',(#1850),#1834,.F.) ;
#1891=ADVANCED_FACE('ECROU M6',(#1890),#1856,.F.) ;
#1908=ADVANCED_FACE('ECROU M6',(#1907),#1856,.F.) ;
#1926=ADVANCED_FACE('ECROU M6',(#1921,#1925),#1913,.T.) ;
#1944=ADVANCED_FACE('ECROU M6',(#1939,#1943),#1931,.F.) ;
#1987=ADVANCED_FACE('ECROU M6',(#1986),#1952,.F.) ;
#2018=ADVANCED_FACE('ECROU M6',(#2017),#1992,.F.) ;
#2049=ADVANCED_FACE('ECROU M6',(#2048),#2023,.F.) ;
#2080=ADVANCED_FACE('ECROU M6',(#2079),#2054,.F.) ;
#2111=ADVANCED_FACE('ECROU M6',(#2110),#2085,.F.) ;
#2133=ADVANCED_FACE('ECROU M6',(#2132),#2116,.F.) ;
#2173=ADVANCED_FACE('ECROU M6',(#2172),#2138,.F.) ;
#2190=ADVANCED_FACE('ECROU M6',(#2189),#2138,.F.) ;
#2203=ADVANCED_FACE('ECROU M6',(#2198,#2202),#1913,.T.) ;
#2216=ADVANCED_FACE('ECROU M6',(#2211,#2215),#1931,.F.) ;
#2259=ADVANCED_FACE('ECROU M6',(#2258),#2224,.F.) ;
#2290=ADVANCED_FACE('ECROU M6',(#2289),#2264,.F.) ;
#2321=ADVANCED_FACE('ECROU M6',(#2320),#2295,.F.) ;
#2352=ADVANCED_FACE('ECROU M6',(#2351),#2326,.F.) ;
#2383=ADVANCED_FACE('ECROU M6',(#2382),#2357,.F.) ;
#2405=ADVANCED_FACE('ECROU M6',(#2404),#2388,.F.) ;
#2445=ADVANCED_FACE('ECROU M6',(#2444),#2410,.F.) ;
#2462=ADVANCED_FACE('ECROU M6',(#2461),#2410,.F.) ;
#2475=ADVANCED_FACE('ECROU M6',(#2470,#2474),#1913,.T.) ;
#2488=ADVANCED_FACE('ECROU M6',(#2483,#2487),#1931,.F.) ;
#2531=ADVANCED_FACE('ECROU M6',(#2530),#2496,.F.) ;
#2562=ADVANCED_FACE('ECROU M6',(#2561),#2536,.F.) ;
#2593=ADVANCED_FACE('ECROU M6',(#2592),#2567,.F.) ;
#2624=ADVANCED_FACE('ECROU M6',(#2623),#2598,.F.) ;
#2655=ADVANCED_FACE('ECROU M6',(#2654),#2629,.F.) ;
#2677=ADVANCED_FACE('ECROU M6',(#2676),#2660,.F.) ;
#2717=ADVANCED_FACE('ECROU M6',(#2716),#2682,.F.) ;
#2734=ADVANCED_FACE('ECROU M6',(#2733),#2682,.F.) ;
#2747=ADVANCED_FACE('ECROU M6',(#2742,#2746),#1913,.T.) ;
#2760=ADVANCED_FACE('ECROU M6',(#2755,#2759),#1931,.F.) ;
#4=APPLICATION_PROTOCOL_DEFINITION('international standard','ap242_managed_model_based_3d_engineering',2014,#1) ;
#1016=B_SPLINE_CURVE_WITH_KNOTS('',5,(#1017,#1018,#1019,#1020,#1021,#1022),.UNSPECIFIED.,.F.,.U.,(6,6),(15.7079632679,23.5619449019),.UNSPECIFIED.) ;
#22=COLOUR_RGB('Colour',0.827450980392,0.698039215686,0.490196078431) ;
#69=FACE_OUTER_BOUND('',#64,.T.) ;
#100=FACE_OUTER_BOUND('',#95,.T.) ;
#140=FACE_OUTER_BOUND('',#135,.T.) ;
#171=FACE_OUTER_BOUND('',#166,.T.) ;
#202=FACE_OUTER_BOUND('',#197,.T.) ;
#233=FACE_OUTER_BOUND('',#228,.T.) ;
#264=FACE_OUTER_BOUND('',#259,.T.) ;
#304=FACE_OUTER_BOUND('',#299,.T.) ;
#321=FACE_OUTER_BOUND('',#316,.T.) ;
#361=FACE_OUTER_BOUND('',#356,.T.) ;
#378=FACE_OUTER_BOUND('',#373,.T.) ;
#418=FACE_OUTER_BOUND('',#413,.T.) ;
#435=FACE_OUTER_BOUND('',#430,.T.) ;
#475=FACE_OUTER_BOUND('',#470,.T.) ;
#492=FACE_OUTER_BOUND('',#487,.T.) ;
#523=FACE_OUTER_BOUND('',#518,.T.) ;
#554=FACE_OUTER_BOUND('',#549,.T.) ;
#594=FACE_OUTER_BOUND('',#589,.T.) ;
#634=FACE_OUTER_BOUND('',#629,.T.) ;
#665=FACE_OUTER_BOUND('',#660,.T.) ;
#705=FACE_OUTER_BOUND('',#700,.T.) ;
#736=FACE_OUTER_BOUND('',#731,.T.) ;
#767=FACE_OUTER_BOUND('',#762,.T.) ;
#798=FACE_OUTER_BOUND('',#793,.T.) ;
#824=FACE_OUTER_BOUND('',#819,.T.) ;
#864=FACE_OUTER_BOUND('',#859,.T.) ;
#890=FACE_OUTER_BOUND('',#885,.T.) ;
#935=FACE_OUTER_BOUND('',#926,.T.) ;
#961=FACE_OUTER_BOUND('',#956,.T.) ;
#983=FACE_OUTER_BOUND('',#978,.T.) ;
#1009=FACE_OUTER_BOUND('',#1004,.T.) ;
#1046=FACE_OUTER_BOUND('',#1031,.T.) ;
#1096=FACE_OUTER_BOUND('',#1081,.T.) ;
#1129=FACE_OUTER_BOUND('',#1124,.T.) ;
#1164=FACE_OUTER_BOUND('',#1155,.T.) ;
#1195=FACE_OUTER_BOUND('',#1190,.T.) ;
#1226=FACE_OUTER_BOUND('',#1221,.T.) ;
#1257=FACE_OUTER_BOUND('',#1252,.T.) ;
#1288=FACE_OUTER_BOUND('',#1283,.T.) ;
#1319=FACE_OUTER_BOUND('',#1314,.T.) ;
#1350=FACE_OUTER_BOUND('',#1345,.T.) ;
#1381=FACE_OUTER_BOUND('',#1376,.T.) ;
#1403=FACE_OUTER_BOUND('',#1398,.T.) ;
#1429=FACE_OUTER_BOUND('',#1424,.T.) ;
#1460=FACE_OUTER_BOUND('',#1455,.T.) ;
#1486=FACE_OUTER_BOUND('',#1481,.T.) ;
#1517=FACE_OUTER_BOUND('',#1512,.T.) ;
#1539=FACE_OUTER_BOUND('',#1534,.T.) ;
#1565=FACE_OUTER_BOUND('',#1560,.T.) ;
#1606=FACE_OUTER_BOUND('',#1577,.T.) ;
#1647=FACE_OUTER_BOUND('',#1618,.T.) ;
#1659=FACE_OUTER_BOUND('',#1654,.T.) ;
#1704=FACE_OUTER_BOUND('',#1699,.T.) ;
#1735=FACE_OUTER_BOUND('',#1730,.T.) ;
#1766=FACE_OUTER_BOUND('',#1761,.T.) ;
#1797=FACE_OUTER_BOUND('',#1792,.T.) ;
#1828=FACE_OUTER_BOUND('',#1823,.T.) ;
#1850=FACE_OUTER_BOUND('',#1845,.T.) ;
#1890=FACE_OUTER_BOUND('',#1885,.T.) ;
#1907=FACE_OUTER_BOUND('',#1902,.T.) ;
#1921=FACE_OUTER_BOUND('',#1914,.T.) ;
#1939=FACE_OUTER_BOUND('',#1932,.T.) ;
#1986=FACE_OUTER_BOUND('',#1981,.T.) ;
#2017=FACE_OUTER_BOUND('',#2012,.T.) ;
#2048=FACE_OUTER_BOUND('',#2043,.T.) ;
#2079=FACE_OUTER_BOUND('',#2074,.T.) ;
#2110=FACE_OUTER_BOUND('',#2105,.T.) ;
#2132=FACE_OUTER_BOUND('',#2127,.T.) ;
#2172=FACE_OUTER_BOUND('',#2167,.T.) ;
#2189=FACE_OUTER_BOUND('',#2184,.T.) ;
#2198=FACE_OUTER_BOUND('',#2191,.T.) ;
#2211=FACE_OUTER_BOUND('',#2204,.T.) ;
#2258=FACE_OUTER_BOUND('',#2253,.T.) ;
#2289=FACE_OUTER_BOUND('',#2284,.T.) ;
#2320=FACE_OUTER_BOUND('',#2315,.T.) ;
#2351=FACE_OUTER_BOUND('',#2346,.T.) ;
#2382=FACE_OUTER_BOUND('',#2377,.T.) ;
#2404=FACE_OUTER_BOUND('',#2399,.T.) ;
#2444=FACE_OUTER_BOUND('',#2439,.T.) ;
#2461=FACE_OUTER_BOUND('',#2456,.T.) ;
#2470=FACE_OUTER_BOUND('',#2463,.T.) ;
#2483=FACE_OUTER_BOUND('',#2476,.T.) ;
#2530=FACE_OUTER_BOUND('',#2525,.T.) ;
#2561=FACE_OUTER_BOUND('',#2556,.T.) ;
#2592=FACE_OUTER_BOUND('',#2587,.T.) ;
#2623=FACE_OUTER_BOUND('',#2618,.T.) ;
#2654=FACE_OUTER_BOUND('',#2649,.T.) ;
#2676=FACE_OUTER_BOUND('',#2671,.T.) ;
#2716=FACE_OUTER_BOUND('',#2711,.T.) ;
#2733=FACE_OUTER_BOUND('',#2728,.T.) ;
#2742=FACE_OUTER_BOUND('',#2735,.T.) ;
#2755=FACE_OUTER_BOUND('',#2748,.T.) ;
#9=PRODUCT_CATEGORY_RELATIONSHIP(' ',' ',#7,#8) ;
#6=PRODUCT_DEFINITION_FORMATION_WITH_SPECIFIED_SOURCE('--A',' ',#5,.NOT_KNOWN.) ;
#20=SHAPE_DEFINITION_REPRESENTATION(#11,#19) ;
#12=(LENGTH_UNIT()NAMED_UNIT(*)SI_UNIT(.MILLI.,.METRE.)) ;
#13=(NAMED_UNIT(*)PLANE_ANGLE_UNIT()SI_UNIT($,.RADIAN.)) ;
#14=(NAMED_UNIT(*)SI_UNIT($,.STERADIAN.)SOLID_ANGLE_UNIT()) ;
#16=(GEOMETRIC_REPRESENTATION_CONTEXT(3)GLOBAL_UNCERTAINTY_ASSIGNED_CONTEXT((#15))GLOBAL_UNIT_ASSIGNED_CONTEXT((#12,#13,#14))REPRESENTATION_CONTEXT(' ',' ')) ;
ENDSEC;
END-ISO-10303-21;
