ISO-10303-21;
HEADER;
FILE_DESCRIPTION(('CATIA V5 STEP Exchange','CAx-IF Rec.Pracs.--- Model Styling and Organization---1.4--- 2014-01-23','CAx-IF Rec.Pracs.---Representation and Presentation of Product Manufacturing Information (PMI)---4.0---2014-10-13','CAx-IF Rec.Pracs.---3D Tessellated Data Validation Properties---0.5---2014-09-14'),'2;1');

FILE_NAME('C:\\Users\\e_gmacia\\OneDrive - Alstom\\Bureau\\travail d''alternance\\autre\\M3D-144820-B.stp','2023-07-05T05:27:58+00:00',('none'),('none'),'CATIA Version 5-6 Release 2016 SP5 HF64','CATIA V5 STEP AP242','none');

FILE_SCHEMA(('AP242_MANAGED_MODEL_BASED_3D_ENGINEERING_MIM_LF  {1 0 10303 442 1 1 4}'));

ENDSEC;
DATA;
#5=PRODUCT('M3D-144820','','(VIDE)',(#2)) ;
#2=PRODUCT_CONTEXT(' ',#1,'mechanical') ;
#1=APPLICATION_CONTEXT('managed model based 3d engineering') ;
#10=PRODUCT_DEFINITION('MASTER',' ',#6,#3) ;
#3=PRODUCT_DEFINITION_CONTEXT('part definition',#1,' ') ;
#11=PRODUCT_DEFINITION_SHAPE(' ',' ',#10) ;
#8165=MECHANICAL_DESIGN_GEOMETRIC_PRESENTATION_REPRESENTATION(' ',(#29),#16) ;
#19=SHAPE_REPRESENTATION(' ',(#18),#16) ;
#7=PRODUCT_CATEGORY('part','specification') ;
#17=CARTESIAN_POINT(' ',(0.,0.,0.)) ;
#31=CARTESIAN_POINT('Axis2P3D Location',(27.,47.6775431783,-17.3515128085)) ;
#37=CARTESIAN_POINT('Control Point',(26.5718880257,20.5993371214,-51.5564820348)) ;
#38=CARTESIAN_POINT('Control Point',(25.8333652122,20.9227191556,-49.9883957067)) ;
#39=CARTESIAN_POINT('Control Point',(25.0979415361,21.286366484,-48.4268896964)) ;
#40=CARTESIAN_POINT('Control Point',(24.3665892346,21.6896430732,-46.8740283303)) ;
#41=CARTESIAN_POINT('Vertex',(26.5718880257,20.5993371214,-51.5564820348)) ;
#43=CARTESIAN_POINT('Vertex',(24.3665892346,21.6896430728,-46.8740283321)) ;
#47=CARTESIAN_POINT('Control Point',(27.,20.4457161876,-52.3166247904)) ;
#48=CARTESIAN_POINT('Control Point',(26.8387718426,20.4933443233,-52.0735641978)) ;
#49=CARTESIAN_POINT('Control Point',(26.6956740379,20.5451340938,-51.8193136628)) ;
#50=CARTESIAN_POINT('Control Point',(26.5718880257,20.5993371214,-51.5564820348)) ;
#51=CARTESIAN_POINT('Vertex',(27.,20.4457161873,-52.3166247922)) ;
#54=CARTESIAN_POINT('Line Origine',(27.,28.0507986673,-13.5056189076)) ;
#58=CARTESIAN_POINT('Vertex',(27.,15.,-80.1077399506)) ;
#62=CARTESIAN_POINT('Control Point',(24.4999995353,15.1659731761,-80.076483599)) ;
#63=CARTESIAN_POINT('Control Point',(25.3282765799,15.0555369943,-80.0973995047)) ;
#64=CARTESIAN_POINT('Control Point',(26.1641312974,15.0000000004,-80.1077399488)) ;
#65=CARTESIAN_POINT('Control Point',(27.,15.0000000004,-80.1077399488)) ;
#66=CARTESIAN_POINT('Vertex',(24.5,15.1659732797,-80.0764837794)) ;
#70=CARTESIAN_POINT('Control Point',(24.4999983111,20.2037201512,-54.3673579046)) ;
#71=CARTESIAN_POINT('Control Point',(24.4999995353,15.1659731761,-80.076483599)) ;
#72=CARTESIAN_POINT('Vertex',(24.5,20.2037205276,-54.3673585605)) ;
#76=CARTESIAN_POINT('Control Point',(23.4999993577,20.5972258414,-53.1484178015)) ;
#77=CARTESIAN_POINT('Control Point',(23.8469552756,20.5292197497,-53.1747729942)) ;
#78=CARTESIAN_POINT('Control Point',(24.1754981095,20.4389170383,-53.3751772435)) ;
#79=CARTESIAN_POINT('Control Point',(24.3837070756,20.3543870049,-53.6763511993)) ;
#80=CARTESIAN_POINT('Control Point',(24.4999967142,20.2719573709,-54.0191240507)) ;
#81=CARTESIAN_POINT('Control Point',(24.4999983111,20.2037201512,-54.3673579046)) ;
#82=CARTESIAN_POINT('Vertex',(23.5,20.5972252659,-53.148417769)) ;
#86=CARTESIAN_POINT('Control Point',(22.6423625281,20.7868350875,-53.074546733)) ;
#87=CARTESIAN_POINT('Control Point',(22.9264324448,20.7168399732,-53.1019605675)) ;
#88=CARTESIAN_POINT('Control Point',(23.212435262,20.6535906733,-53.1265740579)) ;
#89=CARTESIAN_POINT('Control Point',(23.4999993577,20.5972258414,-53.1484178015)) ;
#90=CARTESIAN_POINT('Vertex',(22.642363182,20.7868342712,-53.0745468278)) ;
#94=CARTESIAN_POINT('Control Point',(19.5000039198,22.5374900507,-49.2316028011)) ;
#95=CARTESIAN_POINT('Control Point',(20.3907919895,22.0123540077,-50.037627378)) ;
#96=CARTESIAN_POINT('Control Point',(21.2378550158,21.5530262406,-50.9468620366)) ;
#97=CARTESIAN_POINT('Control Point',(22.00055747,21.1501605285,-51.9654947565)) ;
#98=CARTESIAN_POINT('Control Point',(22.6423625281,20.7868350875,-53.074546733)) ;
#99=CARTESIAN_POINT('Vertex',(19.5,22.537490722,-49.2316094893)) ;
#103=CARTESIAN_POINT('Control Point',(17.4946906912,23.8770650061,-47.3026573728)) ;
#104=CARTESIAN_POINT('Control Point',(18.114481774,23.4112891574,-47.9386080797)) ;
#105=CARTESIAN_POINT('Control Point',(18.7811760092,22.9612520294,-48.5811772957)) ;
#106=CARTESIAN_POINT('Control Point',(19.5000039198,22.5374900507,-49.2316028011)) ;
#107=CARTESIAN_POINT('Vertex',(17.4946906912,23.8770650061,-47.3026573728)) ;
#110=CARTESIAN_POINT('Axis2P3D Location',(27.,41.1455079883,-50.6864380862)) ;
#128=CARTESIAN_POINT('Axis2P3D Location',(2.63139720814,0.,0.)) ;
#133=CARTESIAN_POINT('Axis2P3D Location',(2.63139720814,0.,0.)) ;
#137=CARTESIAN_POINT('Vertex',(2.63139720814,41.6851716898,22.7727130837)) ;
#139=CARTESIAN_POINT('Vertex',(2.63139720814,-41.6851716898,-22.7727130837)) ;
#142=CARTESIAN_POINT('Axis2P3D Location',(2.63139720814,-59.2368229276,-32.3612238558)) ;
#146=CARTESIAN_POINT('Vertex',(6.99999999994,-42.108998638,-23.0042508008)) ;
#149=CARTESIAN_POINT('Axis2P3D Location',(6.99999999994,0.,0.)) ;
#153=CARTESIAN_POINT('Vertex',(6.99999999994,-44.7347812714,-17.3540388901)) ;
#157=CARTESIAN_POINT('Control Point',(6.99999999994,-44.7347812714,-17.3540388901)) ;
#158=CARTESIAN_POINT('Control Point',(6.99999987748,-45.3120615778,-15.8659409482)) ;
#159=CARTESIAN_POINT('Control Point',(7.14568835151,-45.8579989644,-14.3652951347)) ;
#160=CARTESIAN_POINT('Control Point',(7.43519351238,-46.3671307642,-12.8638717414)) ;
#161=CARTESIAN_POINT('Control Point',(8.04931574907,-47.0449151081,-10.7866875461)) ;
#162=CARTESIAN_POINT('Control Point',(8.89889440189,-47.7010561011,-8.82209061063)) ;
#163=CARTESIAN_POINT('Control Point',(9.15979828166,-47.8881945975,-8.27075262066)) ;
#164=CARTESIAN_POINT('Control Point',(9.97323085155,-48.4409518206,-6.68430639977)) ;
#165=CARTESIAN_POINT('Control Point',(10.8773894634,-48.9951837216,-5.2445814587)) ;
#166=CARTESIAN_POINT('Control Point',(11.484331637,-49.3646057914,-4.37483830898)) ;
#167=CARTESIAN_POINT('Control Point',(12.0712394512,-49.7331002228,-3.58014001862)) ;
#168=CARTESIAN_POINT('Control Point',(12.6313972081,-50.0987733452,-2.84505168388)) ;
#169=CARTESIAN_POINT('Vertex',(12.6313972081,-50.0987733452,-2.84505168388)) ;
#172=CARTESIAN_POINT('Axis2P3D Location',(12.6313972081,0.,0.)) ;
#176=CARTESIAN_POINT('Vertex',(12.6313972081,-22.58549909,44.8093365343)) ;
#180=CARTESIAN_POINT('Control Point',(7.,-7.33834854969,47.4184770081)) ;
#181=CARTESIAN_POINT('Control Point',(6.99999948453,-8.93640352174,47.1711664519)) ;
#182=CARTESIAN_POINT('Control Point',(7.14953345582,-10.5314923829,46.8892518665)) ;
#183=CARTESIAN_POINT('Control Point',(7.44728595821,-12.1107230103,46.5737426651)) ;
#184=CARTESIAN_POINT('Control Point',(8.08131823085,-14.2866576577,46.1125647454)) ;
#185=CARTESIAN_POINT('Control Point',(8.96799093871,-16.3671811163,45.689849655)) ;
#186=CARTESIAN_POINT('Control Point',(9.24076107984,-16.9534359862,45.5740767693)) ;
#187=CARTESIAN_POINT('Control Point',(10.0402567783,-18.5454786975,45.2743716148)) ;
#188=CARTESIAN_POINT('Control Point',(10.9307137792,-20.036538694,45.0442027336)) ;
#189=CARTESIAN_POINT('Control Point',(11.5130104408,-20.9361143654,44.9347832302)) ;
#190=CARTESIAN_POINT('Control Point',(12.0829669043,-21.7832135905,44.8591334234)) ;
#191=CARTESIAN_POINT('Control Point',(12.6313972081,-22.58549909,44.8093365343)) ;
#192=CARTESIAN_POINT('Vertex',(7.,-7.33834854969,47.4184770081)) ;
#196=CARTESIAN_POINT('Control Point',(7.,7.33834722762,47.4184772127)) ;
#197=CARTESIAN_POINT('Control Point',(7.,3.69805687912,47.9818380829)) ;
#198=CARTESIAN_POINT('Control Point',(7.,1.767172024E-005,48.1725840609)) ;
#199=CARTESIAN_POINT('Control Point',(7.,-3.6980455459,47.9818399407)) ;
#200=CARTESIAN_POINT('Control Point',(7.,-7.33834854969,47.4184770081)) ;
#201=CARTESIAN_POINT('Vertex',(7.,7.33834722762,47.4184772127)) ;
#205=CARTESIAN_POINT('Control Point',(7.,7.33834722762,47.4184772127)) ;
#206=CARTESIAN_POINT('Control Point',(6.99999999585,8.93652923321,47.1711471586)) ;
#207=CARTESIAN_POINT('Control Point',(7.14955787265,10.5317471697,46.8892071006)) ;
#208=CARTESIAN_POINT('Control Point',(7.4473692422,12.1111703672,46.5736529964)) ;
#209=CARTESIAN_POINT('Control Point',(8.08150831351,14.287253725,46.1124356943)) ;
#210=CARTESIAN_POINT('Control Point',(8.9683142782,16.3679025551,45.6897052934)) ;
#211=CARTESIAN_POINT('Control Point',(9.24110689521,16.9541574148,45.5739368769)) ;
#212=CARTESIAN_POINT('Control Point',(10.0405837517,18.5460437,45.2742775851)) ;
#213=CARTESIAN_POINT('Control Point',(10.9310094532,20.0369997513,45.0441447328)) ;
#214=CARTESIAN_POINT('Control Point',(11.5132202056,20.9364277681,44.9347553985)) ;
#215=CARTESIAN_POINT('Control Point',(12.0830565887,21.7833477246,44.8591238085)) ;
#216=CARTESIAN_POINT('Control Point',(12.6313972081,22.5854995552,44.8093362998)) ;
#217=CARTESIAN_POINT('Vertex',(12.6313972081,22.5854995552,44.8093362998)) ;
#220=CARTESIAN_POINT('Axis2P3D Location',(12.6313972081,0.,0.)) ;
#224=CARTESIAN_POINT('Vertex',(12.6313972081,44.0366470773,24.0573299427)) ;
#227=CARTESIAN_POINT('Axis2P3D Location',(2.63139720814,59.2368229276,32.3612238558)) ;
#245=CARTESIAN_POINT('Axis2P3D Location',(2.25,0.,0.)) ;
#250=CARTESIAN_POINT('Axis2P3D Location',(0.,0.,0.)) ;
#254=CARTESIAN_POINT('Vertex',(0.,41.6851716898,22.7727130837)) ;
#256=CARTESIAN_POINT('Vertex',(0.,-41.6851716898,-22.7727130837)) ;
#259=CARTESIAN_POINT('Line Origine',(6.66000000017,-41.6851716898,-22.7727130837)) ;
#264=CARTESIAN_POINT('Line Origine',(6.66000000017,41.6851716898,22.7727130837)) ;
#276=CARTESIAN_POINT('Axis2P3D Location',(0.,0.,0.)) ;
#281=CARTESIAN_POINT('Axis2P3D Location',(0.,3.5527136788E-015,1.42108547152E-014)) ;
#290=CARTESIAN_POINT('Axis2P3D Location',(0.,3.99680288865E-015,3.5527136788E-015)) ;
#294=CARTESIAN_POINT('Vertex',(2.77555756156E-017,13.1637384284,7.19138307906)) ;
#296=CARTESIAN_POINT('Vertex',(2.77555756156E-017,-13.1637384284,-7.19138307906)) ;
#299=CARTESIAN_POINT('Axis2P3D Location',(0.,4.4408920985E-015,5.3290705182E-015)) ;
#309=CARTESIAN_POINT('Axis2P3D Location',(24.6,0.,-69.)) ;
#314=CARTESIAN_POINT('Line Origine',(14.9106789355,4.8267040904,-66.3631595377)) ;
#318=CARTESIAN_POINT('Vertex',(32.,4.8267040904,-66.3631595377)) ;
#320=CARTESIAN_POINT('Vertex',(24.5,4.8267040904,-66.3631595377)) ;
#323=CARTESIAN_POINT('Axis2P3D Location',(32.,0.,-69.)) ;
#327=CARTESIAN_POINT('Vertex',(32.,-4.8267040904,-71.6368404623)) ;
#330=CARTESIAN_POINT('Line Origine',(14.9106789355,-4.8267040904,-71.6368404623)) ;
#334=CARTESIAN_POINT('Vertex',(24.5,-4.8267040904,-71.6368404623)) ;
#337=CARTESIAN_POINT('Axis2P3D Location',(24.5,0.,-69.)) ;
#349=CARTESIAN_POINT('Axis2P3D Location',(32.,0.,-69.)) ;
#354=CARTESIAN_POINT('Axis2P3D Location',(24.5,0.,-69.)) ;
#366=CARTESIAN_POINT('Axis2P3D Location',(24.6,-59.7557528611,34.5)) ;
#371=CARTESIAN_POINT('Line Origine',(14.9106789355,-59.8855340802,29.00153141)) ;
#375=CARTESIAN_POINT('Vertex',(32.,-59.8855340802,29.00153141)) ;
#377=CARTESIAN_POINT('Vertex',(24.5,-59.8855340802,29.00153141)) ;
#380=CARTESIAN_POINT('Axis2P3D Location',(32.,-59.7557528611,34.5)) ;
#384=CARTESIAN_POINT('Vertex',(32.,-59.625971642,39.99846859)) ;
#387=CARTESIAN_POINT('Line Origine',(14.9106789355,-59.625971642,39.99846859)) ;
#391=CARTESIAN_POINT('Vertex',(24.5,-59.625971642,39.99846859)) ;
#394=CARTESIAN_POINT('Axis2P3D Location',(24.5,-59.7557528611,34.5)) ;
#406=CARTESIAN_POINT('Axis2P3D Location',(32.,-59.7557528611,34.5)) ;
#411=CARTESIAN_POINT('Axis2P3D Location',(24.5,-59.7557528611,34.5)) ;
#423=CARTESIAN_POINT('Axis2P3D Location',(24.6,59.7557528611,34.5)) ;
#428=CARTESIAN_POINT('Line Origine',(14.9106789355,55.0588299898,37.3616281277)) ;
#432=CARTESIAN_POINT('Vertex',(32.,55.0588299898,37.3616281277)) ;
#434=CARTESIAN_POINT('Vertex',(24.5,55.0588299898,37.3616281277)) ;
#437=CARTESIAN_POINT('Axis2P3D Location',(32.,59.7557528611,34.5)) ;
#441=CARTESIAN_POINT('Vertex',(32.,64.4526757324,31.6383718723)) ;
#444=CARTESIAN_POINT('Line Origine',(14.9106789355,64.4526757324,31.6383718723)) ;
#448=CARTESIAN_POINT('Vertex',(24.5,64.4526757324,31.6383718723)) ;
#451=CARTESIAN_POINT('Axis2P3D Location',(24.5,59.7557528611,34.5)) ;
#463=CARTESIAN_POINT('Axis2P3D Location',(32.,59.7557528611,34.5)) ;
#468=CARTESIAN_POINT('Axis2P3D Location',(24.5,59.7557528611,34.5)) ;
#480=CARTESIAN_POINT('Axis2P3D Location',(14.5,0.,0.)) ;
#485=CARTESIAN_POINT('Axis2P3D Location',(22.642363182,0.,0.)) ;
#489=CARTESIAN_POINT('Vertex',(22.642363182,-36.0123652399,44.1826838233)) ;
#491=CARTESIAN_POINT('Vertex',(22.642363182,-56.2695092183,9.09628123646)) ;
#494=CARTESIAN_POINT('Axis2P3D Location',(22.642363182,0.,0.)) ;
#498=CARTESIAN_POINT('Vertex',(22.642363182,-35.5704887117,44.539199957)) ;
#502=CARTESIAN_POINT('Control Point',(19.5,-31.3670791234,44.1338442492)) ;
#503=CARTESIAN_POINT('Control Point',(20.3907880364,-32.3276848699,44.082075385)) ;
#504=CARTESIAN_POINT('Control Point',(21.2378584543,-33.3447556447,44.1388998377)) ;
#505=CARTESIAN_POINT('Control Point',(22.0005565984,-34.4283575906,44.2993246334)) ;
#506=CARTESIAN_POINT('Control Point',(22.642363182,-35.5704887117,44.539199957)) ;
#507=CARTESIAN_POINT('Vertex',(19.5,-31.3670791234,44.1338442492)) ;
#510=CARTESIAN_POINT('Axis2P3D Location',(19.5,0.,0.)) ;
#514=CARTESIAN_POINT('Vertex',(19.5,-53.9045698402,5.09776532297)) ;
#518=CARTESIAN_POINT('Control Point',(19.5,-53.9045698402,5.09776532297)) ;
#519=CARTESIAN_POINT('Control Point',(20.3908037899,-54.3400472428,5.95557410677)) ;
#520=CARTESIAN_POINT('Control Point',(21.2378216463,-54.8977629362,6.80792018884)) ;
#521=CARTESIAN_POINT('Control Point',(22.0005451805,-55.5785054432,7.66615450451)) ;
#522=CARTESIAN_POINT('Control Point',(22.642363182,-56.3573229829,8.53534687079)) ;
#523=CARTESIAN_POINT('Vertex',(22.642363182,-56.3573229829,8.53534687079)) ;
#526=CARTESIAN_POINT('Axis2P3D Location',(22.642363182,0.,0.)) ;
#540=CARTESIAN_POINT('Axis2P3D Location',(2.25,0.,0.)) ;
#545=CARTESIAN_POINT('Axis2P3D Location',(23.5,0.,0.)) ;
#549=CARTESIAN_POINT('Vertex',(23.5,-56.3264925918,8.73648855671)) ;
#551=CARTESIAN_POINT('Vertex',(23.5,-35.7292673259,44.4119292123)) ;
#555=CARTESIAN_POINT('Control Point',(22.642363182,-35.5704887117,44.539199957)) ;
#556=CARTESIAN_POINT('Control Point',(22.9264330987,-35.6292273459,44.4922893271)) ;
#557=CARTESIAN_POINT('Control Point',(23.2124359138,-35.6821678489,44.4498206039)) ;
#558=CARTESIAN_POINT('Control Point',(23.5,-35.7292673259,44.4119292123)) ;
#561=CARTESIAN_POINT('Control Point',(22.642363182,-56.3573229829,8.53534687079)) ;
#562=CARTESIAN_POINT('Control Point',(22.9264330987,-56.3460665028,8.6096713352)) ;
#563=CARTESIAN_POINT('Control Point',(23.2124359138,-56.3357577611,8.67675351728)) ;
#564=CARTESIAN_POINT('Control Point',(23.5,-56.3264925918,8.73648855671)) ;
#575=CARTESIAN_POINT('Axis2P3D Location',(23.5,0.,0.)) ;
#580=CARTESIAN_POINT('Axis2P3D Location',(24.5,0.,0.)) ;
#584=CARTESIAN_POINT('Vertex',(24.5,-36.9816533863,44.6806145081)) ;
#586=CARTESIAN_POINT('Vertex',(24.5,-57.1853739138,9.68674405241)) ;
#590=CARTESIAN_POINT('Control Point',(23.5,-35.7292673259,44.4119292123)) ;
#591=CARTESIAN_POINT('Control Point',(23.8469559178,-35.7860946381,44.3662118056)) ;
#592=CARTESIAN_POINT('Control Point',(24.1755159879,-36.0048019427,44.3882133135)) ;
#593=CARTESIAN_POINT('Control Point',(24.3836932022,-36.3078903766,44.4655898516)) ;
#594=CARTESIAN_POINT('Control Point',(24.5,-36.6459550327,44.5655924605)) ;
#595=CARTESIAN_POINT('Control Point',(24.5,-36.9816533863,44.6806145081)) ;
#598=CARTESIAN_POINT('Control Point',(23.5,-56.3264925918,8.73648855671)) ;
#599=CARTESIAN_POINT('Control Point',(23.8469559178,-56.3153138124,8.80856115599)) ;
#600=CARTESIAN_POINT('Control Point',(24.1755159879,-56.4437213294,8.98696648384)) ;
#601=CARTESIAN_POINT('Control Point',(24.3836932023,-56.6622755941,9.21076049826)) ;
#602=CARTESIAN_POINT('Control Point',(24.5,-56.9179127218,9.45353177402)) ;
#603=CARTESIAN_POINT('Control Point',(24.5,-57.1853739138,9.68674405241)) ;
#612=CARTESIAN_POINT('Axis2P3D Location',(24.5,-58.,0.)) ;
#617=CARTESIAN_POINT('Axis2P3D Location',(24.5,1.42108547152E-014,1.42108547152E-014)) ;
#621=CARTESIAN_POINT('Vertex',(24.5,-61.875337837,53.0442510321)) ;
#623=CARTESIAN_POINT('Vertex',(24.5,-76.875337837,27.0634889186)) ;
#626=CARTESIAN_POINT('Axis2P3D Location',(24.5,-1.42108547152E-014,-1.42108547152E-014)) ;
#630=CARTESIAN_POINT('Vertex',(24.5,-61.7652825382,53.1723600471)) ;
#633=CARTESIAN_POINT('Line Origine',(24.5,-49.3734679622,48.9264872776)) ;
#638=CARTESIAN_POINT('Line Origine',(24.5,-67.0583148762,18.2954339044)) ;
#642=CARTESIAN_POINT('Vertex',(24.5,-76.9312558386,26.9041237564)) ;
#645=CARTESIAN_POINT('Axis2P3D Location',(24.5,-7.1054273576E-015,0.)) ;
#663=CARTESIAN_POINT('Axis2P3D Location',(19.5,0.,0.)) ;
#667=CARTESIAN_POINT('Vertex',(19.5,31.3670791234,44.1338442492)) ;
#669=CARTESIAN_POINT('Vertex',(19.5,53.9045698479,5.09776524186)) ;
#673=CARTESIAN_POINT('Control Point',(19.5,31.3670791234,44.1338442492)) ;
#674=CARTESIAN_POINT('Control Point',(20.3907880364,32.3276848699,44.082075385)) ;
#675=CARTESIAN_POINT('Control Point',(21.2378584542,33.3447556446,44.1388998377)) ;
#676=CARTESIAN_POINT('Control Point',(22.0005565983,34.4283575905,44.2993246334)) ;
#677=CARTESIAN_POINT('Control Point',(22.642363182,35.5704887117,44.539199957)) ;
#678=CARTESIAN_POINT('Vertex',(22.642363182,35.5704887117,44.539199957)) ;
#681=CARTESIAN_POINT('Axis2P3D Location',(22.642363182,0.,0.)) ;
#685=CARTESIAN_POINT('Vertex',(22.642363182,36.0123652399,44.1826838233)) ;
#688=CARTESIAN_POINT('Axis2P3D Location',(22.642363182,0.,0.)) ;
#692=CARTESIAN_POINT('Vertex',(22.642363182,56.2695092183,9.09628123646)) ;
#695=CARTESIAN_POINT('Axis2P3D Location',(22.642363182,0.,0.)) ;
#699=CARTESIAN_POINT('Vertex',(22.642363182,56.3573229829,8.5353468708)) ;
#703=CARTESIAN_POINT('Control Point',(19.5,53.9045698479,5.09776524186)) ;
#704=CARTESIAN_POINT('Control Point',(20.3907880697,54.340039586,5.955558684)) ;
#705=CARTESIAN_POINT('Control Point',(21.2378583786,54.8977863289,6.80795547932)) ;
#706=CARTESIAN_POINT('Control Point',(22.0005565749,55.5785192698,7.66616993555)) ;
#707=CARTESIAN_POINT('Control Point',(22.642363182,56.3573229829,8.5353468708)) ;
#718=CARTESIAN_POINT('Axis2P3D Location',(23.5,0.,0.)) ;
#722=CARTESIAN_POINT('Vertex',(23.5,35.7292673259,44.4119292123)) ;
#724=CARTESIAN_POINT('Vertex',(23.5,56.3264925918,8.73648855671)) ;
#728=CARTESIAN_POINT('Control Point',(22.642363182,56.3573229829,8.5353468708)) ;
#729=CARTESIAN_POINT('Control Point',(22.9264330987,56.3460665028,8.6096713352)) ;
#730=CARTESIAN_POINT('Control Point',(23.2124359138,56.3357577611,8.67675351728)) ;
#731=CARTESIAN_POINT('Control Point',(23.5,56.3264925918,8.73648855671)) ;
#734=CARTESIAN_POINT('Control Point',(22.642363182,35.5704887117,44.539199957)) ;
#735=CARTESIAN_POINT('Control Point',(22.9264330987,35.6292273459,44.4922893271)) ;
#736=CARTESIAN_POINT('Control Point',(23.2124359138,35.6821678489,44.4498206039)) ;
#737=CARTESIAN_POINT('Control Point',(23.5,35.7292673259,44.4119292123)) ;
#749=CARTESIAN_POINT('Control Point',(23.5,35.7292673259,44.4119292123)) ;
#750=CARTESIAN_POINT('Control Point',(23.8469559178,35.7860946381,44.3662118056)) ;
#751=CARTESIAN_POINT('Control Point',(24.1755159878,36.0048019427,44.3882133135)) ;
#752=CARTESIAN_POINT('Control Point',(24.3836932023,36.3078903767,44.4655898516)) ;
#753=CARTESIAN_POINT('Control Point',(24.5,36.6459550327,44.5655924605)) ;
#754=CARTESIAN_POINT('Control Point',(24.5,36.9816533863,44.6806145081)) ;
#755=CARTESIAN_POINT('Vertex',(24.5,36.9816533863,44.6806145081)) ;
#758=CARTESIAN_POINT('Axis2P3D Location',(24.5,0.,0.)) ;
#762=CARTESIAN_POINT('Vertex',(24.5,57.1853739138,9.68674405241)) ;
#766=CARTESIAN_POINT('Control Point',(23.5,56.3264925918,8.73648855671)) ;
#767=CARTESIAN_POINT('Control Point',(23.8469559178,56.3153138124,8.808561156)) ;
#768=CARTESIAN_POINT('Control Point',(24.1755159877,56.4437213294,8.98696648376)) ;
#769=CARTESIAN_POINT('Control Point',(24.3836932023,56.6622755941,9.21076049828)) ;
#770=CARTESIAN_POINT('Control Point',(24.5,56.9179127218,9.45353177401)) ;
#771=CARTESIAN_POINT('Control Point',(24.5,57.1853739138,9.68674405241)) ;
#780=CARTESIAN_POINT('Axis2P3D Location',(24.5,1.42108547152E-014,1.42108547152E-014)) ;
#784=CARTESIAN_POINT('Vertex',(24.5,76.875337837,27.0634889186)) ;
#786=CARTESIAN_POINT('Vertex',(24.5,61.875337837,53.0442510321)) ;
#789=CARTESIAN_POINT('Axis2P3D Location',(24.5,-4.54747350886E-013,-5.15143483426E-014)) ;
#793=CARTESIAN_POINT('Vertex',(24.5,76.9312558386,26.9041237564)) ;
#796=CARTESIAN_POINT('Line Origine',(24.5,67.0583148762,18.2954339044)) ;
#801=CARTESIAN_POINT('Line Origine',(24.5,49.3734679546,48.9264872865)) ;
#805=CARTESIAN_POINT('Vertex',(24.5,61.7652825229,53.1723600649)) ;
#808=CARTESIAN_POINT('Axis2P3D Location',(24.5,0.,3.5527136788E-015)) ;
#826=CARTESIAN_POINT('Axis2P3D Location',(2.63139720814,0.,0.)) ;
#838=CARTESIAN_POINT('Axis2P3D Location',(12.6313972081,0.,0.)) ;
#844=CARTESIAN_POINT('Control Point',(17.4946907559,-29.0267705193,44.3294735476)) ;
#845=CARTESIAN_POINT('Control Point',(18.1144818251,-29.810407892,44.244075186)) ;
#846=CARTESIAN_POINT('Control Point',(18.7811728478,-30.5919122018,44.1756194097)) ;
#847=CARTESIAN_POINT('Control Point',(19.5,-31.3670791234,44.1338442492)) ;
#848=CARTESIAN_POINT('Vertex',(17.4946907559,-29.0267705193,44.3294735476)) ;
#852=CARTESIAN_POINT('Control Point',(12.6313972081,-22.58549909,44.8093365343)) ;
#853=CARTESIAN_POINT('Control Point',(13.8613368653,-24.3847538174,44.6976565028)) ;
#854=CARTESIAN_POINT('Control Point',(15.1299586573,-26.0446959383,44.600052409)) ;
#855=CARTESIAN_POINT('Control Point',(16.3608039799,-27.5931324854,44.4857069546)) ;
#856=CARTESIAN_POINT('Control Point',(17.4946907559,-29.0267705193,44.3294735476)) ;
#859=CARTESIAN_POINT('Control Point',(12.6313972081,-50.0987733452,-2.84505168388)) ;
#860=CARTESIAN_POINT('Control Point',(13.8793267952,-50.9134265858,-1.20740785872)) ;
#861=CARTESIAN_POINT('Control Point',(15.1494468559,-51.6577200365,0.276640375161)) ;
#862=CARTESIAN_POINT('Control Point',(16.3710925212,-52.3275957578,1.66546755739)) ;
#863=CARTESIAN_POINT('Control Point',(17.4947114162,-52.9038467375,2.97319630464)) ;
#864=CARTESIAN_POINT('Vertex',(17.4947114162,-52.9038467375,2.97319630464)) ;
#868=CARTESIAN_POINT('Control Point',(17.4947114162,-52.9038467375,2.97319630464)) ;
#869=CARTESIAN_POINT('Control Point',(18.1145347301,-53.2217246553,3.694582855)) ;
#870=CARTESIAN_POINT('Control Point',(18.7812059314,-53.5531808844,4.40559556045)) ;
#871=CARTESIAN_POINT('Control Point',(19.5,-53.9045698402,5.09776532297)) ;
#883=CARTESIAN_POINT('Control Point',(17.4946906912,52.9038354544,2.97318382328)) ;
#884=CARTESIAN_POINT('Control Point',(18.114481774,53.2216969978,3.69453289417)) ;
#885=CARTESIAN_POINT('Control Point',(18.7811728179,53.5531647225,4.40556338968)) ;
#886=CARTESIAN_POINT('Control Point',(19.5,53.9045698479,5.09776524186)) ;
#887=CARTESIAN_POINT('Vertex',(17.4946906912,52.9038354544,2.97318382328)) ;
#891=CARTESIAN_POINT('Control Point',(12.6313972081,50.0987732901,-2.84505265447)) ;
#892=CARTESIAN_POINT('Control Point',(13.8613363305,50.9016825839,-1.23101283305)) ;
#893=CARTESIAN_POINT('Control Point',(15.129958535,51.6471263237,0.255342185086)) ;
#894=CARTESIAN_POINT('Control Point',(16.3608040155,52.3223185874,1.65350026767)) ;
#895=CARTESIAN_POINT('Control Point',(17.4946906912,52.9038354544,2.97318382328)) ;
#896=CARTESIAN_POINT('Vertex',(12.6313972081,50.0987732901,-2.84505265447)) ;
#899=CARTESIAN_POINT('Axis2P3D Location',(12.6313972081,0.,0.)) ;
#905=CARTESIAN_POINT('Control Point',(12.6313972081,22.5854995552,44.8093362998)) ;
#906=CARTESIAN_POINT('Control Point',(13.8613137711,24.3847146908,44.6976612734)) ;
#907=CARTESIAN_POINT('Control Point',(15.1302676028,26.0450909297,44.6000287343)) ;
#908=CARTESIAN_POINT('Control Point',(16.3608074971,27.5931369324,44.4857064699)) ;
#909=CARTESIAN_POINT('Control Point',(17.4946907558,29.0267705193,44.3294735477)) ;
#910=CARTESIAN_POINT('Vertex',(17.4946907558,29.0267705193,44.3294735477)) ;
#914=CARTESIAN_POINT('Control Point',(17.4946907558,29.0267705193,44.3294735477)) ;
#915=CARTESIAN_POINT('Control Point',(18.114481825,29.8104078918,44.244075186)) ;
#916=CARTESIAN_POINT('Control Point',(18.7811728476,30.5919122017,44.1756194097)) ;
#917=CARTESIAN_POINT('Control Point',(19.5,31.3670791234,44.1338442492)) ;
#930=CARTESIAN_POINT('Control Point',(16.9999966086,-22.8384800425,39.6688449332)) ;
#931=CARTESIAN_POINT('Control Point',(13.3723973333,-21.7934900889,37.8537741278)) ;
#932=CARTESIAN_POINT('Control Point',(10.2931098889,-20.2746491797,35.2156590121)) ;
#933=CARTESIAN_POINT('Control Point',(8.09661933524,-18.3764412707,31.9186112787)) ;
#934=CARTESIAN_POINT('Control Point',(6.99999802273,-16.2864603636,28.2884679311)) ;
#935=CARTESIAN_POINT('Control Point',(7.,-14.1964794565,24.6583245835)) ;
#936=CARTESIAN_POINT('Control Point',(16.5137627224,-22.4857547368,39.5479892191)) ;
#937=CARTESIAN_POINT('Control Point',(13.042208098,-21.2930743871,37.76522318)) ;
#938=CARTESIAN_POINT('Control Point',(10.1162276224,-19.6029970087,35.2494860361)) ;
#939=CARTESIAN_POINT('Control Point',(8.03782848328,-17.5184478934,32.1534363735)) ;
#940=CARTESIAN_POINT('Control Point',(7.00000103906,-15.2347106439,28.7644170407)) ;
#941=CARTESIAN_POINT('Control Point',(7.,-12.9509733943,25.3753977079)) ;
#942=CARTESIAN_POINT('Control Point',(16.059284142,-22.1540150502,39.4343240114)) ;
#943=CARTESIAN_POINT('Control Point',(12.7363582894,-20.8080012321,37.7141419487)) ;
#944=CARTESIAN_POINT('Control Point',(9.95328024416,-18.9460595105,35.3479423978)) ;
#945=CARTESIAN_POINT('Control Point',(7.9836404174,-16.6786772176,32.4751756173)) ;
#946=CARTESIAN_POINT('Control Point',(6.99999559975,-14.2067729674,29.34693229)) ;
#947=CARTESIAN_POINT('Control Point',(7.,-11.7348687173,26.2186889628)) ;
#948=CARTESIAN_POINT('Control Point',(15.6441377402,-21.8490951141,39.3298482099)) ;
#949=CARTESIAN_POINT('Control Point',(12.4592764087,-20.3466478487,37.705782668)) ;
#950=CARTESIAN_POINT('Control Point',(9.80639394951,-18.3135157367,35.5192516041)) ;
#951=CARTESIAN_POINT('Control Point',(7.93479320741,-15.8667982268,32.895177134)) ;
#952=CARTESIAN_POINT('Control Point',(7.00000514049,-13.2116258935,30.0506116964)) ;
#953=CARTESIAN_POINT('Control Point',(7.,-10.5564535603,27.2060462589)) ;
#954=CARTESIAN_POINT('Control Point',(15.091050341,-21.4407803721,39.1899458609)) ;
#955=CARTESIAN_POINT('Control Point',(12.0924340186,-19.6978055974,37.7797962447)) ;
#956=CARTESIAN_POINT('Control Point',(9.61262084749,-17.4038363476,35.9307483255)) ;
#957=CARTESIAN_POINT('Control Point',(7.87031840249,-14.6850811466,33.7438397376)) ;
#958=CARTESIAN_POINT('Control Point',(6.99999709587,-11.7524482041,31.3868434117)) ;
#959=CARTESIAN_POINT('Control Point',(7.,-8.81981526162,29.0298470858)) ;
#960=CARTESIAN_POINT('Control Point',(14.7664942489,-21.1999613254,39.1074331493)) ;
#961=CARTESIAN_POINT('Control Point',(11.8784991651,-19.2533138893,38.0009260808)) ;
#962=CARTESIAN_POINT('Control Point',(9.5000340436,-16.731712971,36.569084887)) ;
#963=CARTESIAN_POINT('Control Point',(7.83285849406,-13.769685523,34.8881382206)) ;
#964=CARTESIAN_POINT('Control Point',(7.0000016407,-10.5860337111,33.081845506)) ;
#965=CARTESIAN_POINT('Control Point',(7.,-7.40238189926,31.2755527914)) ;
#966=CARTESIAN_POINT('Control Point',(14.6844785229,-21.1389955636,39.0865442236)) ;
#967=CARTESIAN_POINT('Control Point',(11.8245510269,-19.1257712402,38.1005165919)) ;
#968=CARTESIAN_POINT('Control Point',(9.47167481395,-16.5279260492,36.8289038271)) ;
#969=CARTESIAN_POINT('Control Point',(7.82341827828,-13.4829600829,35.338927941)) ;
#970=CARTESIAN_POINT('Control Point',(6.99999902247,-10.2130328338,33.7390887207)) ;
#971=CARTESIAN_POINT('Control Point',(7.,-6.9431055847,32.1392495005)) ;
#972=CARTESIAN_POINT('Control Point',(14.6435164723,-21.1085485007,39.0761120333)) ;
#973=CARTESIAN_POINT('Control Point',(11.7976058979,-19.0386009514,38.2187682788)) ;
#974=CARTESIAN_POINT('Control Point',(9.45751169711,-16.3727227713,37.1145982678)) ;
#975=CARTESIAN_POINT('Control Point',(7.81870602176,-13.2514482079,35.8218093497)) ;
#976=CARTESIAN_POINT('Control Point',(7.,-9.90106531835,34.4341269196)) ;
#977=CARTESIAN_POINT('Control Point',(7.,-6.55068242881,33.0464444894)) ;
#978=CARTESIAN_POINT('Control Point',(14.6435164723,-21.1085485007,39.0761120333)) ;
#979=CARTESIAN_POINT('Control Point',(11.7976058979,-18.9931852053,38.3513172493)) ;
#980=CARTESIAN_POINT('Control Point',(9.45751169711,-16.2688162451,37.4178565921)) ;
#981=CARTESIAN_POINT('Control Point',(7.81870602176,-13.0790592638,36.3249383084)) ;
#982=CARTESIAN_POINT('Control Point',(7.,-9.6551671982,35.1517974509)) ;
#983=CARTESIAN_POINT('Control Point',(7.,-6.23127513262,33.9786565935)) ;
#985=CARTESIAN_POINT('Control Point',(7.,-14.1964794565,24.6583245835)) ;
#986=CARTESIAN_POINT('Control Point',(7.,-13.8533051651,24.855899745)) ;
#987=CARTESIAN_POINT('Control Point',(7.,-13.5122718881,25.0630703556)) ;
#988=CARTESIAN_POINT('Control Point',(7.,-13.1736766189,25.2802173079)) ;
#989=CARTESIAN_POINT('Control Point',(7.,-11.9549284654,26.1060452218)) ;
#990=CARTESIAN_POINT('Control Point',(7.,-10.778668674,27.0747884627)) ;
#991=CARTESIAN_POINT('Control Point',(7.,-9.95449779916,27.8614934219)) ;
#992=CARTESIAN_POINT('Control Point',(7.,-8.57051950561,29.4251063644)) ;
#993=CARTESIAN_POINT('Control Point',(7.,-7.40217788287,31.275651126)) ;
#994=CARTESIAN_POINT('Control Point',(7.,-6.9431055847,32.1392495005)) ;
#995=CARTESIAN_POINT('Control Point',(7.,-6.55068242881,33.0464444894)) ;
#996=CARTESIAN_POINT('Control Point',(7.,-6.23127513262,33.9786565935)) ;
#997=CARTESIAN_POINT('Vertex',(7.,-14.1964877165,24.6583178491)) ;
#999=CARTESIAN_POINT('Vertex',(7.,-6.23127513262,33.9786565935)) ;
#1003=CARTESIAN_POINT('Control Point',(14.6435164723,-21.1085485007,39.0761120333)) ;
#1004=CARTESIAN_POINT('Control Point',(11.0861282543,-18.4643443814,38.1701185533)) ;
#1005=CARTESIAN_POINT('Control Point',(8.36762518242,-14.7983041616,36.9140095743)) ;
#1006=CARTESIAN_POINT('Control Point',(7.,-10.5111402146,35.4450826653)) ;
#1007=CARTESIAN_POINT('Control Point',(7.,-6.23127513262,33.9786565935)) ;
#1008=CARTESIAN_POINT('Vertex',(14.6435164723,-21.1085485007,39.0761120333)) ;
#1012=CARTESIAN_POINT('Control Point',(16.9999966086,-22.8384800425,39.6688449332)) ;
#1013=CARTESIAN_POINT('Control Point',(16.8660245836,-22.7412936373,39.6355455577)) ;
#1014=CARTESIAN_POINT('Control Point',(16.7344192504,-22.645667276,39.6027807153)) ;
#1015=CARTESIAN_POINT('Control Point',(16.6054035822,-22.5517715347,39.5706088498)) ;
#1016=CARTESIAN_POINT('Control Point',(16.1475049098,-22.2179975214,39.4562465755)) ;
#1017=CARTESIAN_POINT('Control Point',(15.7312357252,-21.9127949162,39.3516738975)) ;
#1018=CARTESIAN_POINT('Control Point',(15.4563235844,-21.7104028762,39.2823275888)) ;
#1019=CARTESIAN_POINT('Control Point',(15.0340187185,-21.3984638705,39.1754468032)) ;
#1020=CARTESIAN_POINT('Control Point',(14.7664079603,-21.1998967649,39.1074110286)) ;
#1021=CARTESIAN_POINT('Control Point',(14.6844785229,-21.1389955636,39.0865442236)) ;
#1022=CARTESIAN_POINT('Control Point',(14.6435164723,-21.1085485007,39.0761120333)) ;
#1023=CARTESIAN_POINT('Control Point',(14.6435164723,-21.1085485007,39.0761120333)) ;
#1024=CARTESIAN_POINT('Vertex',(17.,-22.8384816857,39.6688454959)) ;
#1028=CARTESIAN_POINT('Control Point',(16.9999966086,-22.8384800425,39.6688449332)) ;
#1029=CARTESIAN_POINT('Control Point',(13.3723973333,-21.7934900889,37.8537741278)) ;
#1030=CARTESIAN_POINT('Control Point',(10.29242569,-20.2748762657,35.2160534439)) ;
#1031=CARTESIAN_POINT('Control Point',(8.09588308041,-18.37662337,31.9189275718)) ;
#1032=CARTESIAN_POINT('Control Point',(6.99999802273,-16.2864603636,28.2884679311)) ;
#1033=CARTESIAN_POINT('Control Point',(7.,-14.1964794565,24.6583245835)) ;
#1043=CARTESIAN_POINT('Control Point',(14.6435164724,21.1085485008,39.0761120334)) ;
#1044=CARTESIAN_POINT('Control Point',(11.0871415798,18.466069037,38.1707094784)) ;
#1045=CARTESIAN_POINT('Control Point',(8.36745362992,14.7983830403,36.9140366007)) ;
#1046=CARTESIAN_POINT('Control Point',(6.99919253761,10.5093209048,35.4444593083)) ;
#1047=CARTESIAN_POINT('Control Point',(7.,6.23127513266,33.9786565933)) ;
#1048=CARTESIAN_POINT('Control Point',(14.6435164724,21.1085485008,39.0761120334)) ;
#1049=CARTESIAN_POINT('Control Point',(11.0871415798,18.5228017198,38.005131252)) ;
#1050=CARTESIAN_POINT('Control Point',(8.36745362992,14.9338590659,36.5186405266)) ;
#1051=CARTESIAN_POINT('Control Point',(6.99919253761,10.7368809013,34.7803098488)) ;
#1052=CARTESIAN_POINT('Control Point',(7.,6.55068258425,33.0464440357)) ;
#1053=CARTESIAN_POINT('Control Point',(14.6844785628,21.1389955933,39.0865442338)) ;
#1054=CARTESIAN_POINT('Control Point',(11.1105997024,18.6241306698,37.8548218556)) ;
#1055=CARTESIAN_POINT('Control Point',(8.37535852674,15.1250513892,36.1423228233)) ;
#1056=CARTESIAN_POINT('Control Point',(6.99917753081,11.0287571908,34.1381917294)) ;
#1057=CARTESIAN_POINT('Control Point',(7.,6.94310561083,32.1392496559)) ;
#1058=CARTESIAN_POINT('Control Point',(14.7664944774,21.1999614956,39.1074332076)) ;
#1059=CARTESIAN_POINT('Control Point',(11.1575654069,18.7683092773,37.7252333008)) ;
#1060=CARTESIAN_POINT('Control Point',(8.39119057091,15.3686084387,35.7952851203)) ;
#1061=CARTESIAN_POINT('Control Point',(6.9991532731,11.3801985596,33.5324294222)) ;
#1062=CARTESIAN_POINT('Control Point',(7.,7.40238365463,31.275549136)) ;
#1063=CARTESIAN_POINT('Control Point',(15.0910511583,21.4407809769,39.1899460682)) ;
#1064=CARTESIAN_POINT('Control Point',(11.3439876994,19.2637232987,37.4285679751)) ;
#1065=CARTESIAN_POINT('Control Point',(8.45404442763,16.158534126,34.9279586805)) ;
#1066=CARTESIAN_POINT('Control Point',(6.99903341375,12.4838502676,31.9747063518)) ;
#1067=CARTESIAN_POINT('Control Point',(7.,8.81981736238,29.0298454776)) ;
#1068=CARTESIAN_POINT('Control Point',(15.6441378091,21.849095162,39.3298482263)) ;
#1069=CARTESIAN_POINT('Control Point',(11.6645448165,19.9727536175,37.3015647792)) ;
#1070=CARTESIAN_POINT('Control Point',(8.56230605745,17.2018064668,34.3252253898)) ;
#1071=CARTESIAN_POINT('Control Point',(6.9988215337,13.8735932226,30.7598402422)) ;
#1072=CARTESIAN_POINT('Control Point',(7.,10.5564544701,27.2060444922)) ;
#1073=CARTESIAN_POINT('Control Point',(16.0592878439,22.1540177619,39.4343249406)) ;
#1074=CARTESIAN_POINT('Control Point',(11.9073467932,20.4732596763,37.2862686194)) ;
#1075=CARTESIAN_POINT('Control Point',(8.64441421381,17.9222640836,34.0487117933)) ;
#1076=CARTESIAN_POINT('Control Point',(6.99862138304,14.8228813265,30.1266728258)) ;
#1077=CARTESIAN_POINT('Control Point',(7.,11.7348786238,26.2186817381)) ;
#1078=CARTESIAN_POINT('Control Point',(16.513764422,22.4857559779,39.5479896444)) ;
#1079=CARTESIAN_POINT('Control Point',(12.1763365177,20.9966934205,37.3221403412)) ;
#1080=CARTESIAN_POINT('Control Point',(8.73560074625,18.668115939,33.8593133596)) ;
#1081=CARTESIAN_POINT('Control Point',(6.99838790967,15.8037335647,29.6088769827)) ;
#1082=CARTESIAN_POINT('Control Point',(7.,12.9509779732,25.3753944784)) ;
#1083=CARTESIAN_POINT('Control Point',(16.9999985563,22.8384814521,39.6688454162)) ;
#1084=CARTESIAN_POINT('Control Point',(12.4678902638,21.5340379496,37.4031213547)) ;
#1085=CARTESIAN_POINT('Control Point',(8.83469693261,19.4293007237,33.7473449511)) ;
#1086=CARTESIAN_POINT('Control Point',(6.99808087194,16.8070296821,29.1926497238)) ;
#1087=CARTESIAN_POINT('Control Point',(7.,14.1964845442,24.6583215435)) ;
#1089=CARTESIAN_POINT('Control Point',(7.,6.23127513266,33.9786565933)) ;
#1090=CARTESIAN_POINT('Control Point',(7.,6.55068258425,33.0464440357)) ;
#1091=CARTESIAN_POINT('Control Point',(7.,6.94310561083,32.1392496559)) ;
#1092=CARTESIAN_POINT('Control Point',(7.,7.40217919131,31.275647979)) ;
#1093=CARTESIAN_POINT('Control Point',(7.,8.57052205366,29.4251038466)) ;
#1094=CARTESIAN_POINT('Control Point',(7.,9.95449819374,27.861492651)) ;
#1095=CARTESIAN_POINT('Control Point',(7.,10.7786745181,27.074782842)) ;
#1096=CARTESIAN_POINT('Control Point',(7.,11.9549339854,26.1060412609)) ;
#1097=CARTESIAN_POINT('Control Point',(7.,13.1736810255,25.2802143595)) ;
#1098=CARTESIAN_POINT('Control Point',(7.,13.5122763523,25.0630674455)) ;
#1099=CARTESIAN_POINT('Control Point',(7.,13.8533098578,24.8558967995)) ;
#1100=CARTESIAN_POINT('Control Point',(7.,14.1964845442,24.6583215435)) ;
#1101=CARTESIAN_POINT('Vertex',(7.,6.23127513266,33.9786565933)) ;
#1103=CARTESIAN_POINT('Vertex',(7.,14.1964927656,24.6583149422)) ;
#1107=CARTESIAN_POINT('Control Point',(16.9999985563,22.8384814521,39.6688454162)) ;
#1108=CARTESIAN_POINT('Control Point',(13.372398659,21.7934921012,37.8537744592)) ;
#1109=CARTESIAN_POINT('Control Point',(10.2924264033,20.2748789814,35.2160532554)) ;
#1110=CARTESIAN_POINT('Control Point',(8.09588332097,18.3766268548,31.9189265419)) ;
#1111=CARTESIAN_POINT('Control Point',(6.9999980264,16.2864646498,28.288465896)) ;
#1112=CARTESIAN_POINT('Control Point',(7.,14.1964845442,24.6583215435)) ;
#1113=CARTESIAN_POINT('Vertex',(17.,22.8384816856,39.6688454959)) ;
#1117=CARTESIAN_POINT('Control Point',(14.6435164724,21.1085485008,39.0761120334)) ;
#1118=CARTESIAN_POINT('Control Point',(14.6435164724,21.1085485008,39.0761120334)) ;
#1119=CARTESIAN_POINT('Control Point',(14.6844785628,21.1389955933,39.0865442338)) ;
#1120=CARTESIAN_POINT('Control Point',(14.7664080532,21.1998968346,39.1074110525)) ;
#1121=CARTESIAN_POINT('Control Point',(15.034019591,21.3984645165,39.1754470245)) ;
#1122=CARTESIAN_POINT('Control Point',(15.4563236062,21.7104028901,39.2823275936)) ;
#1123=CARTESIAN_POINT('Control Point',(15.73123764,21.9127963232,39.3516743797)) ;
#1124=CARTESIAN_POINT('Control Point',(16.1475069633,22.2179990226,39.4562470899)) ;
#1125=CARTESIAN_POINT('Control Point',(16.6054052388,22.5517727409,39.5706092631)) ;
#1126=CARTESIAN_POINT('Control Point',(16.7344209335,22.6456684994,39.6027811345)) ;
#1127=CARTESIAN_POINT('Control Point',(16.8660263635,22.7412949283,39.6355460001)) ;
#1128=CARTESIAN_POINT('Control Point',(16.9999985563,22.8384814521,39.6688454162)) ;
#1129=CARTESIAN_POINT('Vertex',(14.6435164724,21.1085485008,39.0761120334)) ;
#1133=CARTESIAN_POINT('Control Point',(14.6435164724,21.1085485008,39.0761120334)) ;
#1134=CARTESIAN_POINT('Control Point',(11.0861282544,18.4643443815,38.1701185533)) ;
#1135=CARTESIAN_POINT('Control Point',(8.36762518244,14.7983041617,36.9140095742)) ;
#1136=CARTESIAN_POINT('Control Point',(7.,10.5111402147,35.4450826652)) ;
#1137=CARTESIAN_POINT('Control Point',(7.,6.23127513266,33.9786565933)) ;
#1147=CARTESIAN_POINT('Control Point',(17.00000816,45.7734798765,-0.0557088392806)) ;
#1148=CARTESIAN_POINT('Control Point',(13.3724051776,43.6790885586,-0.0531608785237)) ;
#1149=CARTESIAN_POINT('Control Point',(10.2931140911,40.6349929066,-0.0494575418093)) ;
#1150=CARTESIAN_POINT('Control Point',(8.09662073202,36.8305599289,-0.0448292061938)) ;
#1151=CARTESIAN_POINT('Control Point',(6.99999802272,32.6417704503,-0.0397332763553)) ;
#1152=CARTESIAN_POINT('Control Point',(7.,28.4529809717,-0.0346373465167)) ;
#1153=CARTESIAN_POINT('Control Point',(16.5137727901,45.4924526336,-0.30074993572)) ;
#1154=CARTESIAN_POINT('Control Point',(13.0422148817,43.3521925474,-0.442257818711)) ;
#1155=CARTESIAN_POINT('Control Point',(10.1162312392,40.3284609926,-0.648038506509)) ;
#1156=CARTESIAN_POINT('Control Point',(8.03782968587,36.6049269727,-0.905285409373)) ;
#1157=CARTESIAN_POINT('Control Point',(7.00000103907,32.5280790886,-1.18854942654)) ;
#1158=CARTESIAN_POINT('Control Point',(7.,28.4512312045,-1.47181344371)) ;
#1159=CARTESIAN_POINT('Control Point',(16.0592927093,45.2281451956,-0.531212234474)) ;
#1160=CARTESIAN_POINT('Control Point',(12.7363640231,43.0654173954,-0.836802660601)) ;
#1161=CARTESIAN_POINT('Control Point',(9.95328328871,40.0852569445,-1.26619096737)) ;
#1162=CARTESIAN_POINT('Control Point',(7.98364142994,36.4636751167,-1.79341747652)) ;
#1163=CARTESIAN_POINT('Control Point',(6.99999559972,32.5185826201,-2.37002691529)) ;
#1164=CARTESIAN_POINT('Control Point',(7.,28.5734901235,-2.94663635405)) ;
#1165=CARTESIAN_POINT('Control Point',(15.6441448414,44.9852057489,-0.743042759369)) ;
#1166=CARTESIAN_POINT('Control Point',(12.4592811345,42.8275003107,-1.23216670919)) ;
#1167=CARTESIAN_POINT('Control Point',(9.80639645066,39.9173420798,-1.89964445245)) ;
#1168=CARTESIAN_POINT('Control Point',(7.9347940395,36.4214666363,-2.70652597191)) ;
#1169=CARTESIAN_POINT('Control Point',(7.00000514058,32.6304125905,-3.58368919049)) ;
#1170=CARTESIAN_POINT('Control Point',(7.,28.8393585447,-4.46085240908)) ;
#1171=CARTESIAN_POINT('Control Point',(15.0910559541,44.659888478,-1.02670244989)) ;
#1172=CARTESIAN_POINT('Control Point',(12.0924377308,42.5671754833,-1.8310868465)) ;
#1173=CARTESIAN_POINT('Control Point',(9.61262280494,39.8188673829,-2.89319720718)) ;
#1174=CARTESIAN_POINT('Control Point',(7.87031905374,36.5655697233,-4.15425260575)) ;
#1175=CARTESIAN_POINT('Control Point',(6.99999709583,33.0580325556,-5.5154876672)) ;
#1176=CARTESIAN_POINT('Control Point',(7.,29.5504953878,-6.87672272866)) ;
#1177=CARTESIAN_POINT('Control Point',(14.7664989368,44.4680202054,-1.19400157503)) ;
#1178=CARTESIAN_POINT('Control Point',(11.8785022537,42.5364325771,-2.32659266478)) ;
#1179=CARTESIAN_POINT('Control Point',(9.50003566864,40.0356198535,-3.79444087905)) ;
#1180=CARTESIAN_POINT('Control Point',(7.83285903484,37.0988615934,-5.51915684033)) ;
#1181=CARTESIAN_POINT('Control Point',(7.00000164071,33.9427379836,-7.37313206748)) ;
#1182=CARTESIAN_POINT('Control Point',(7.,30.7866143738,-9.22710729463)) ;
#1183=CARTESIAN_POINT('Control Point',(14.68448312,44.4194468994,-1.23635496417)) ;
#1184=CARTESIAN_POINT('Control Point',(11.8245540526,42.5589086919,-2.48684267367)) ;
#1185=CARTESIAN_POINT('Control Point',(9.47167640491,40.1587352609,-4.10083412801)) ;
#1186=CARTESIAN_POINT('Control Point',(7.82341880774,37.3458927763,-5.99286183448)) ;
#1187=CARTESIAN_POINT('Control Point',(6.99999902249,34.3254248804,-8.02477999173)) ;
#1188=CARTESIAN_POINT('Control Point',(7.,31.3049569845,-10.056698149)) ;
#1189=CARTESIAN_POINT('Control Point',(14.6435210089,44.3951887748,-1.25750678341)) ;
#1190=CARTESIAN_POINT('Control Point',(11.7976088821,42.6177320191,-2.62145987114)) ;
#1191=CARTESIAN_POINT('Control Point',(9.45751326579,40.328551238,-4.3780906216)) ;
#1192=CARTESIAN_POINT('Control Point',(7.81870654379,37.6483227768,-6.43479657188)) ;
#1193=CARTESIAN_POINT('Control Point',(7.,34.7713595951,-8.6424693057)) ;
#1194=CARTESIAN_POINT('Control Point',(7.,31.8943964134,-10.8501420395)) ;
#1195=CARTESIAN_POINT('Control Point',(14.6435210089,44.3951887748,-1.25750678341)) ;
#1196=CARTESIAN_POINT('Control Point',(11.7976088821,42.7098144366,-2.72706529115)) ;
#1197=CARTESIAN_POINT('Control Point',(9.45751326579,40.5392263019,-4.61970491904)) ;
#1198=CARTESIAN_POINT('Control Point',(7.81870654379,37.9978489915,-6.8356533664)) ;
#1199=CARTESIAN_POINT('Control Point',(7.,35.2699289435,-9.21425735027)) ;
#1200=CARTESIAN_POINT('Control Point',(7.,32.5420088954,-11.5928613341)) ;
#1202=CARTESIAN_POINT('Control Point',(7.,28.4529809717,-0.0346373465167)) ;
#1203=CARTESIAN_POINT('Control Point',(7.,28.4524988582,-0.430622638421)) ;
#1204=CARTESIAN_POINT('Control Point',(7.,28.4613971531,-0.829551490887)) ;
#1205=CARTESIAN_POINT('Control Point',(7.,28.4801542166,-1.23135714998)) ;
#1206=CARTESIAN_POINT('Control Point',(7.,28.585967768,-2.69973773373)) ;
#1207=CARTESIAN_POINT('Control Point',(7.,28.8367937298,-4.2027801821)) ;
#1208=CARTESIAN_POINT('Control Point',(7.,29.1060144178,-5.30988556464)) ;
#1209=CARTESIAN_POINT('Control Point',(7.,29.7681520526,-7.29024932737)) ;
#1210=CARTESIAN_POINT('Control Point',(7.,30.786597526,-9.22733314423)) ;
#1211=CARTESIAN_POINT('Control Point',(7.,31.3049569845,-10.056698149)) ;
#1212=CARTESIAN_POINT('Control Point',(7.,31.8943964134,-10.8501420395)) ;
#1213=CARTESIAN_POINT('Control Point',(7.,32.5420088954,-11.5928613341)) ;
#1214=CARTESIAN_POINT('Vertex',(7.,28.4529735461,-0.0346268107732)) ;
#1216=CARTESIAN_POINT('Vertex',(7.,32.5420088954,-11.5928613341)) ;
#1220=CARTESIAN_POINT('Control Point',(14.6435210089,44.3951887748,-1.25750678341)) ;
#1221=CARTESIAN_POINT('Control Point',(11.0861308504,42.2884708521,-3.09445491809)) ;
#1222=CARTESIAN_POINT('Control Point',(8.36762605836,39.3676242527,-5.64128079098)) ;
#1223=CARTESIAN_POINT('Control Point',(7.,35.9519089555,-8.6196063543)) ;
#1224=CARTESIAN_POINT('Control Point',(7.,32.5420088954,-11.5928613341)) ;
#1225=CARTESIAN_POINT('Vertex',(14.6435210089,44.3951887748,-1.25750678341)) ;
#1229=CARTESIAN_POINT('Control Point',(17.00000816,45.7734798765,-0.0557088392806)) ;
#1230=CARTESIAN_POINT('Control Point',(16.8660356738,45.6960484086,-0.123225040178)) ;
#1231=CARTESIAN_POINT('Control Point',(16.7344298797,45.6198598701,-0.18965747149)) ;
#1232=CARTESIAN_POINT('Control Point',(16.6054137524,45.5450501637,-0.254887633186)) ;
#1233=CARTESIAN_POINT('Control Point',(16.1475136049,45.2791219258,-0.486763184819)) ;
#1234=CARTESIAN_POINT('Control Point',(15.7312429699,45.0359572982,-0.698790055804)) ;
#1235=CARTESIAN_POINT('Control Point',(15.4563298369,44.8747050508,-0.839393604045)) ;
#1236=CARTESIAN_POINT('Control Point',(15.0340240616,44.6261734981,-1.0561001537)) ;
#1237=CARTESIAN_POINT('Control Point',(14.766412648,44.467968768,-1.19404642583)) ;
#1238=CARTESIAN_POINT('Control Point',(14.68448312,44.4194468994,-1.23635496417)) ;
#1239=CARTESIAN_POINT('Control Point',(14.6435210089,44.3951887748,-1.25750678341)) ;
#1240=CARTESIAN_POINT('Control Point',(14.6435210089,44.3951887748,-1.25750678341)) ;
#1241=CARTESIAN_POINT('Vertex',(17.,45.7734687811,-0.0557174242962)) ;
#1245=CARTESIAN_POINT('Control Point',(16.9999972401,45.7734735719,-0.0557088316106)) ;
#1246=CARTESIAN_POINT('Control Point',(13.3723977605,43.679081229,-0.0531608696067)) ;
#1247=CARTESIAN_POINT('Control Point',(10.2924259225,40.6354411681,-0.0494580871481)) ;
#1248=CARTESIAN_POINT('Control Point',(8.09588315495,36.8309198539,-0.0448296440655)) ;
#1249=CARTESIAN_POINT('Control Point',(6.99999802272,32.6417679285,-0.0397332732873)) ;
#1250=CARTESIAN_POINT('Control Point',(7.,28.4529809717,-0.0346373465167)) ;
#1260=CARTESIAN_POINT('Control Point',(14.643521009,23.2866272072,-37.8186078931)) ;
#1261=CARTESIAN_POINT('Control Point',(11.0871441778,23.8237614264,-35.0774516474)) ;
#1262=CARTESIAN_POINT('Control Point',(8.36745450555,24.5692885676,-31.2728041183)) ;
#1263=CARTESIAN_POINT('Control Point',(6.99919253609,25.4411223611,-26.8235760424)) ;
#1264=CARTESIAN_POINT('Control Point',(7.,26.3107168656,-22.3857757265)) ;
#1265=CARTESIAN_POINT('Control Point',(14.643521009,23.2866272072,-37.8186078931)) ;
#1266=CARTESIAN_POINT('Control Point',(11.0871441778,23.6520011527,-35.0437949302)) ;
#1267=CARTESIAN_POINT('Control Point',(8.36745450555,24.1591298803,-31.1924328274)) ;
#1268=CARTESIAN_POINT('Control Point',(6.99919253609,24.7521759786,-26.6885758294)) ;
#1269=CARTESIAN_POINT('Control Point',(7.,25.343698849,-22.1962869047)) ;
#1270=CARTESIAN_POINT('Control Point',(14.6844829506,23.2804382824,-37.8501918241)) ;
#1271=CARTESIAN_POINT('Control Point',(11.1106022172,23.4711660638,-35.0563938446)) ;
#1272=CARTESIAN_POINT('Control Point',(8.37535937446,23.7376355758,-31.1698519756)) ;
#1273=CARTESIAN_POINT('Control Point',(6.99917752935,24.0501513818,-26.6202901451)) ;
#1274=CARTESIAN_POINT('Control Point',(7.,24.3618397088,-22.0825396204)) ;
#1275=CARTESIAN_POINT('Control Point',(14.7664985367,23.2680458592,-37.9134340582)) ;
#1276=CARTESIAN_POINT('Control Point',(11.1575677378,23.2868509979,-35.1164617447)) ;
#1277=CARTESIAN_POINT('Control Point',(8.39119135684,23.3153162171,-31.2072597778)) ;
#1278=CARTESIAN_POINT('Control Point',(6.99915327168,23.3498293999,-26.6217664949)) ;
#1279=CARTESIAN_POINT('Control Point',(7.,23.3842199577,-22.048436451)) ;
#1280=CARTESIAN_POINT('Control Point',(15.091054966,23.2190947918,-38.1632459664)) ;
#1281=CARTESIAN_POINT('Control Point',(11.3439899001,22.7822257558,-35.3971698805)) ;
#1282=CARTESIAN_POINT('Control Point',(8.4540451704,22.1692294327,-31.4576919501)) ;
#1283=CARTESIAN_POINT('Control Point',(6.99903341225,21.4489800519,-26.7986950773)) ;
#1284=CARTESIAN_POINT('Control Point',(7.,20.730672409,-22.1531179443)) ;
#1285=CARTESIAN_POINT('Control Point',(15.6441416513,23.1360972582,-38.586807154)) ;
#1286=CARTESIAN_POINT('Control Point',(11.6645470541,22.3177242061,-35.9477058962)) ;
#1287=CARTESIAN_POINT('Control Point',(8.56230681381,21.1256137301,-32.0598245213)) ;
#1288=CARTESIAN_POINT('Control Point',(6.99882153215,19.7020078783,-27.3948129951)) ;
#1289=CARTESIAN_POINT('Control Point',(7.,18.2829014917,-22.7451869783)) ;
#1290=CARTESIAN_POINT('Control Point',(16.0592925345,23.074115914,-38.9031164538)) ;
#1291=CARTESIAN_POINT('Control Point',(11.9073495466,22.0542248748,-36.3735090101)) ;
#1292=CARTESIAN_POINT('Control Point',(8.64441514566,20.5259176843,-32.5455023223)) ;
#1293=CARTESIAN_POINT('Control Point',(6.99862138076,18.6790252488,-27.9003364897)) ;
#1294=CARTESIAN_POINT('Control Point',(7.,16.8386086076,-23.2720500387)) ;
#1295=CARTESIAN_POINT('Control Point',(16.5137700242,23.006683811,-39.2472426026)) ;
#1296=CARTESIAN_POINT('Control Point',(12.1763398388,21.8235744386,-36.8447518932)) ;
#1297=CARTESIAN_POINT('Control Point',(8.73560187239,19.9889685311,-33.0967296319)) ;
#1298=CARTESIAN_POINT('Control Point',(6.99838790664,17.7401753263,-28.4908809619)) ;
#1299=CARTESIAN_POINT('Control Point',(7.,15.5002512188,-23.9035783501)) ;
#1300=CARTESIAN_POINT('Control Point',(17.0000050819,22.9349856628,-39.6131396533)) ;
#1301=CARTESIAN_POINT('Control Point',(12.4678941767,21.6250343765,-37.3505964023)) ;
#1302=CARTESIAN_POINT('Control Point',(8.8346982626,19.511409269,-33.6999505559)) ;
#1303=CARTESIAN_POINT('Control Point',(6.99808086787,16.8780644091,-29.1516465827)) ;
#1304=CARTESIAN_POINT('Control Point',(7.,14.2564949872,-24.6236811045)) ;
#1306=CARTESIAN_POINT('Control Point',(7.,26.3107168656,-22.3857757265)) ;
#1307=CARTESIAN_POINT('Control Point',(7.,25.343698849,-22.1962869047)) ;
#1308=CARTESIAN_POINT('Control Point',(7.,24.3618397088,-22.0825396204)) ;
#1309=CARTESIAN_POINT('Control Point',(7.,23.3844077885,-22.0483088031)) ;
#1310=CARTESIAN_POINT('Control Point',(7.,21.1976240659,-22.1348510585)) ;
#1311=CARTESIAN_POINT('Control Point',(7.,19.1515146914,-22.5516019191)) ;
#1312=CARTESIAN_POINT('Control Point',(7.,18.0581161976,-22.8720040349)) ;
#1313=CARTESIAN_POINT('Control Point',(7.,16.6310319989,-23.406302924)) ;
#1314=CARTESIAN_POINT('Control Point',(7.,15.3064718098,-24.0488543373)) ;
#1315=CARTESIAN_POINT('Control Point',(7.,14.9491193693,-24.2335128206)) ;
#1316=CARTESIAN_POINT('Control Point',(7.,14.5991875465,-24.4252709582)) ;
#1317=CARTESIAN_POINT('Control Point',(7.,14.2564949872,-24.6236811045)) ;
#1318=CARTESIAN_POINT('Vertex',(7.,26.3107168656,-22.3857757265)) ;
#1320=CARTESIAN_POINT('Vertex',(7.,14.2564823585,-24.623679932)) ;
#1324=CARTESIAN_POINT('Control Point',(16.9999972412,22.9349833947,-39.6131357357)) ;
#1325=CARTESIAN_POINT('Control Point',(13.3723977648,21.885581388,-37.8006122834)) ;
#1326=CARTESIAN_POINT('Control Point',(10.2924259273,20.3605557669,-35.1665933984)) ;
#1327=CARTESIAN_POINT('Control Point',(8.09588316107,18.4542881517,-31.8740946829)) ;
#1328=CARTESIAN_POINT('Control Point',(6.9999980264,16.3553001352,-28.2487299687)) ;
#1329=CARTESIAN_POINT('Control Point',(7.,14.2564949872,-24.6236811045)) ;
#1330=CARTESIAN_POINT('Vertex',(17.,22.9349870955,-39.6131280716)) ;
#1334=CARTESIAN_POINT('Control Point',(14.643521009,23.2866272072,-37.8186078931)) ;
#1335=CARTESIAN_POINT('Control Point',(14.643521009,23.2866272072,-37.8186078931)) ;
#1336=CARTESIAN_POINT('Control Point',(14.6844829506,23.2804382824,-37.8501918241)) ;
#1337=CARTESIAN_POINT('Control Point',(14.7664121126,23.2680590028,-37.9133669827)) ;
#1338=CARTESIAN_POINT('Control Point',(15.0340232942,23.2276964269,-38.1193492551)) ;
#1339=CARTESIAN_POINT('Control Point',(15.4563269715,23.1642891401,-38.4429355654)) ;
#1340=CARTESIAN_POINT('Control Point',(15.731241523,23.1231488056,-38.6528869722)) ;
#1341=CARTESIAN_POINT('Control Point',(16.1475116762,23.0611105338,-38.9694867905)) ;
#1342=CARTESIAN_POINT('Control Point',(16.605410841,22.9932646783,-39.3157244422)) ;
#1343=CARTESIAN_POINT('Control Point',(16.7344268398,22.974178573,-39.4131265345)) ;
#1344=CARTESIAN_POINT('Control Point',(16.8660325782,22.9547406769,-39.5123239198)) ;
#1345=CARTESIAN_POINT('Control Point',(17.0000050819,22.9349856628,-39.6131396533)) ;
#1346=CARTESIAN_POINT('Vertex',(14.643521009,23.2866272072,-37.8186078931)) ;
#1350=CARTESIAN_POINT('Control Point',(14.643521009,23.2866272072,-37.8186078931)) ;
#1351=CARTESIAN_POINT('Control Point',(11.0861308505,23.824111996,-35.0756625861)) ;
#1352=CARTESIAN_POINT('Control Point',(8.36762605838,24.5693046012,-31.272722294)) ;
#1353=CARTESIAN_POINT('Control Point',(7.,25.4407525512,-26.8254632928)) ;
#1354=CARTESIAN_POINT('Control Point',(7.,26.3107168656,-22.3857757265)) ;
#1364=CARTESIAN_POINT('Control Point',(14.6435189015,-44.395181619,-1.25750746945)) ;
#1365=CARTESIAN_POINT('Control Point',(11.0871429709,-42.2898400838,-3.09326020626)) ;
#1366=CARTESIAN_POINT('Control Point',(8.36745409876,-39.3676857829,-5.64123290595)) ;
#1367=CARTESIAN_POINT('Control Point',(6.9991925368,-35.9504624601,-8.62088108281)) ;
#1368=CARTESIAN_POINT('Control Point',(7.,-32.5420162072,-11.5928760928)) ;
#1369=CARTESIAN_POINT('Control Point',(14.6435189015,-44.395181619,-1.25750746945)) ;
#1370=CARTESIAN_POINT('Control Point',(11.0871429709,-42.2114409189,-3.00334776053)) ;
#1371=CARTESIAN_POINT('Control Point',(8.36745409876,-39.180470802,-5.42652453728)) ;
#1372=CARTESIAN_POINT('Control Point',(6.9991925368,-35.6359961755,-8.26023396671)) ;
#1373=CARTESIAN_POINT('Control Point',(7.,-32.1006254614,-11.08666507)) ;
#1374=CARTESIAN_POINT('Control Point',(14.6625470078,-44.4064502225,-1.24768180969)) ;
#1375=CARTESIAN_POINT('Control Point',(11.0980400277,-42.1495446904,-2.89904333577)) ;
#1376=CARTESIAN_POINT('Control Point',(8.37112648055,-39.0138741798,-5.19383569538)) ;
#1377=CARTESIAN_POINT('Control Point',(6.99918586584,-35.3453324954,-7.87883126665)) ;
#1378=CARTESIAN_POINT('Control Point',(7.,-31.6862582716,-10.5568913117)) ;
#1379=CARTESIAN_POINT('Control Point',(14.7006046328,-44.42898878,-1.22802931251)) ;
#1380=CARTESIAN_POINT('Control Point',(11.1198345333,-42.1055840586,-2.78198435041)) ;
#1381=CARTESIAN_POINT('Control Point',(8.37847314799,-38.8707179097,-4.94639805143)) ;
#1382=CARTESIAN_POINT('Control Point',(6.99917433893,-35.0826106357,-7.4814172877)) ;
#1383=CARTESIAN_POINT('Control Point',(7.,-31.3043760836,-10.0098175735)) ;
#1384=CARTESIAN_POINT('Control Point',(14.8530359648,-44.5191891308,-1.14937911286)) ;
#1385=CARTESIAN_POINT('Control Point',(11.2072459952,-42.0329192131,-2.43205523919)) ;
#1386=CARTESIAN_POINT('Control Point',(8.40793706972,-38.5421576361,-4.23627631286)) ;
#1387=CARTESIAN_POINT('Control Point',(6.9991192732,-34.4393273524,-6.35856016684)) ;
#1388=CARTESIAN_POINT('Control Point',(7.,-30.3476075381,-8.47504913898)) ;
#1389=CARTESIAN_POINT('Control Point',(15.1209999222,-44.6773651357,-1.01145756664)) ;
#1390=CARTESIAN_POINT('Control Point',(11.3615726449,-42.084162824,-2.02397763449)) ;
#1391=CARTESIAN_POINT('Control Point',(8.46000237997,-38.3862205823,-3.47242928646)) ;
#1392=CARTESIAN_POINT('Control Point',(6.9990259243,-34.0103319407,-5.18876788812)) ;
#1393=CARTESIAN_POINT('Control Point',(7.,-29.6471287441,-6.90006496771)) ;
#1394=CARTESIAN_POINT('Control Point',(15.3279791974,-44.7992472937,-0.905182457278)) ;
#1395=CARTESIAN_POINT('Control Point',(11.4812798964,-42.1605560454,-1.75237824153)) ;
#1396=CARTESIAN_POINT('Control Point',(8.50041267917,-38.3507667697,-2.98062210888)) ;
#1397=CARTESIAN_POINT('Control Point',(6.99894566607,-33.8183348154,-4.4444332691)) ;
#1398=CARTESIAN_POINT('Control Point',(7.,-29.2997359612,-5.90370122315)) ;
#1399=CARTESIAN_POINT('Control Point',(15.7569675687,-45.0510300739,-0.685640620145)) ;
#1400=CARTESIAN_POINT('Control Point',(11.7308681032,-42.3631301082,-1.24436612464)) ;
#1401=CARTESIAN_POINT('Control Point',(8.58474726395,-38.3788557606,-2.08011506234)) ;
#1402=CARTESIAN_POINT('Control Point',(6.99875782602,-33.5854466222,-3.08945234482)) ;
#1403=CARTESIAN_POINT('Control Point',(7.,-28.8082390143,-4.09526169131)) ;
#1404=CARTESIAN_POINT('Control Point',(16.2539542722,-45.3409460873,-0.432848737197)) ;
#1405=CARTESIAN_POINT('Control Point',(12.0233778964,-42.6600053617,-0.73687377652)) ;
#1406=CARTESIAN_POINT('Control Point',(8.68380807172,-38.5541621228,-1.20652837958)) ;
#1407=CARTESIAN_POINT('Control Point',(6.99851710878,-33.5463007323,-1.78139335826)) ;
#1408=CARTESIAN_POINT('Control Point',(7.,-28.5574633842,-2.35401240361)) ;
#1409=CARTESIAN_POINT('Control Point',(16.49423361,-45.4806967993,-0.310993341786)) ;
#1410=CARTESIAN_POINT('Control Point',(12.1656085395,-42.8132876478,-0.505094861797)) ;
#1411=CARTESIAN_POINT('Control Point',(8.73201881799,-38.6612885214,-0.811354155382)) ;
#1412=CARTESIAN_POINT('Control Point',(6.99838263095,-33.5632033829,-1.18947963656)) ;
#1413=CARTESIAN_POINT('Control Point',(7.,-28.4855407911,-1.5660248578)) ;
#1414=CARTESIAN_POINT('Control Point',(16.7433955496,-45.6251622257,-0.185027021094)) ;
#1415=CARTESIAN_POINT('Control Point',(12.3140233025,-42.9802776647,-0.276746950469)) ;
#1416=CARTESIAN_POINT('Control Point',(8.78239440654,-38.791033657,-0.424833614515)) ;
#1417=CARTESIAN_POINT('Control Point',(6.9982384216,-33.6105848305,-0.609380639567)) ;
#1418=CARTESIAN_POINT('Control Point',(7.,-28.4520513311,-0.793100911848)) ;
#1419=CARTESIAN_POINT('Control Point',(16.9999982406,-45.7734691693,-0.0557111631824)) ;
#1420=CARTESIAN_POINT('Control Point',(12.4678885495,-43.159073561,-0.0525312171444)) ;
#1421=CARTESIAN_POINT('Control Point',(8.83469441246,-38.9407091336,-0.0474003290702)) ;
#1422=CARTESIAN_POINT('Control Point',(6.99807902157,-33.6850902402,-0.0410078059094)) ;
#1423=CARTESIAN_POINT('Control Point',(7.,-28.4529727142,-0.0346438679711)) ;
#1425=CARTESIAN_POINT('Control Point',(7.,-32.5420162072,-11.5928760928)) ;
#1426=CARTESIAN_POINT('Control Point',(7.,-32.1006254614,-11.08666507)) ;
#1427=CARTESIAN_POINT('Control Point',(7.,-31.6862582716,-10.5568913117)) ;
#1428=CARTESIAN_POINT('Control Point',(7.,-31.3043760836,-10.0098175735)) ;
#1429=CARTESIAN_POINT('Control Point',(7.,-30.3476075381,-8.47504913898)) ;
#1430=CARTESIAN_POINT('Control Point',(7.,-29.6471287441,-6.90006496771)) ;
#1431=CARTESIAN_POINT('Control Point',(7.,-29.2997359612,-5.90370122315)) ;
#1432=CARTESIAN_POINT('Control Point',(7.,-28.8082390143,-4.09526169131)) ;
#1433=CARTESIAN_POINT('Control Point',(7.,-28.5574633842,-2.35401240361)) ;
#1434=CARTESIAN_POINT('Control Point',(7.,-28.4855407911,-1.5660248578)) ;
#1435=CARTESIAN_POINT('Control Point',(7.,-28.4520513311,-0.793100911848)) ;
#1436=CARTESIAN_POINT('Control Point',(7.,-28.4529727142,-0.0346438679711)) ;
#1437=CARTESIAN_POINT('Vertex',(7.,-32.5420162072,-11.5928760928)) ;
#1439=CARTESIAN_POINT('Vertex',(7.,-28.452973548,-0.0346252562471)) ;
#1443=CARTESIAN_POINT('Control Point',(16.9999982406,-45.7734691693,-0.0557111631824)) ;
#1444=CARTESIAN_POINT('Control Point',(13.3723972219,-43.6790775218,-0.0531637092315)) ;
#1445=CARTESIAN_POINT('Control Point',(10.2924242113,-40.6354372069,-0.0494616635542)) ;
#1446=CARTESIAN_POINT('Control Point',(8.09588106357,-36.8309147573,-0.0448341404464)) ;
#1447=CARTESIAN_POINT('Control Point',(6.9999965479,-32.6417612515,-0.0397387822492)) ;
#1448=CARTESIAN_POINT('Control Point',(7.,-28.4529727142,-0.0346438679711)) ;
#1449=CARTESIAN_POINT('Vertex',(17.,-45.7734687883,-0.0557114952773)) ;
#1453=CARTESIAN_POINT('Control Point',(14.6435189015,-44.395181619,-1.25750746945)) ;
#1454=CARTESIAN_POINT('Control Point',(14.6435189015,-44.395181619,-1.25750746945)) ;
#1455=CARTESIAN_POINT('Control Point',(14.6625470078,-44.4064502225,-1.24768180969)) ;
#1456=CARTESIAN_POINT('Control Point',(14.7006046328,-44.42898878,-1.22802931251)) ;
#1457=CARTESIAN_POINT('Control Point',(14.8530359648,-44.5191891308,-1.14937911286)) ;
#1458=CARTESIAN_POINT('Control Point',(15.1209999222,-44.6773651357,-1.01145756664)) ;
#1459=CARTESIAN_POINT('Control Point',(15.3279791974,-44.7992472937,-0.905182457278)) ;
#1460=CARTESIAN_POINT('Control Point',(15.7569675687,-45.0510300739,-0.685640620145)) ;
#1461=CARTESIAN_POINT('Control Point',(16.2539542722,-45.3409460873,-0.432848737197)) ;
#1462=CARTESIAN_POINT('Control Point',(16.49423361,-45.4806967993,-0.310993341786)) ;
#1463=CARTESIAN_POINT('Control Point',(16.7433955496,-45.6251622257,-0.185027021094)) ;
#1464=CARTESIAN_POINT('Control Point',(16.9999982406,-45.7734691693,-0.0557111631824)) ;
#1465=CARTESIAN_POINT('Vertex',(14.6435189015,-44.395181619,-1.25750746945)) ;
#1469=CARTESIAN_POINT('Control Point',(14.6435189015,-44.395181619,-1.25750746945)) ;
#1470=CARTESIAN_POINT('Control Point',(11.0861296444,-42.2884659986,-3.09445833998)) ;
#1471=CARTESIAN_POINT('Control Point',(8.36762565145,-39.3676229379,-5.64128770363)) ;
#1472=CARTESIAN_POINT('Control Point',(7.,-35.9519119593,-8.61961719187)) ;
#1473=CARTESIAN_POINT('Control Point',(7.,-32.5420162072,-11.5928760928)) ;
#1483=CARTESIAN_POINT('Control Point',(16.9999969267,-22.9349824174,-39.6131287298)) ;
#1484=CARTESIAN_POINT('Control Point',(13.3723991845,-21.8855786879,-37.8006045597)) ;
#1485=CARTESIAN_POINT('Control Point',(10.2931127807,-20.3603232795,-35.1661920689)) ;
#1486=CARTESIAN_POINT('Control Point',(8.09662233961,-18.4540991453,-31.8737725553)) ;
#1487=CARTESIAN_POINT('Control Point',(7.,-16.3552923311,-28.2487253293)) ;
#1488=CARTESIAN_POINT('Control Point',(7.,-14.256485517,-24.6236781033)) ;
#1489=CARTESIAN_POINT('Control Point',(16.6317907901,-22.9892763197,-39.3360503989)) ;
#1490=CARTESIAN_POINT('Control Point',(13.1223577564,-22.0169802142,-37.4389020783)) ;
#1491=CARTESIAN_POINT('Control Point',(10.1591634742,-20.6368183009,-34.738527115)) ;
#1492=CARTESIAN_POINT('Control Point',(8.05209887222,-18.9329662839,-31.400006288)) ;
#1493=CARTESIAN_POINT('Control Point',(7.,-17.0656540016,-27.7391872353)) ;
#1494=CARTESIAN_POINT('Control Point',(7.,-15.1983417193,-24.0783681826)) ;
#1495=CARTESIAN_POINT('Control Point',(16.2789509249,-23.0415453193,-39.0693062794)) ;
#1496=CARTESIAN_POINT('Control Point',(12.8843528883,-22.1635553776,-37.092742138)) ;
#1497=CARTESIAN_POINT('Control Point',(10.0321827945,-20.9432019645,-34.3333605979)) ;
#1498=CARTESIAN_POINT('Control Point',(8.00988026587,-19.4532545291,-30.95650839)) ;
#1499=CARTESIAN_POINT('Control Point',(7.00000023146,-17.8272806601,-27.2680480691)) ;
#1500=CARTESIAN_POINT('Control Point',(7.,-16.201306791,-23.5795877482)) ;
#1501=CARTESIAN_POINT('Control Point',(15.9451853024,-23.091212385,-38.8158410697)) ;
#1502=CARTESIAN_POINT('Control Point',(12.6606001346,-22.3261264059,-36.7669533872)) ;
#1503=CARTESIAN_POINT('Control Point',(9.91325022739,-21.281945847,-33.9569087724)) ;
#1504=CARTESIAN_POINT('Control Point',(7.97033237423,-20.0194673977,-30.5504404372)) ;
#1505=CARTESIAN_POINT('Control Point',(7.0000046719,-18.6469208148,-26.8431941963)) ;
#1506=CARTESIAN_POINT('Control Point',(7.,-17.2743742318,-23.1359479554)) ;
#1507=CARTESIAN_POINT('Control Point',(15.3389697593,-23.1818093876,-38.3534993655)) ;
#1508=CARTESIAN_POINT('Control Point',(12.2564221472,-22.6803701869,-36.1820277058)) ;
#1509=CARTESIAN_POINT('Control Point',(9.69909793727,-22.0200431033,-33.2931114119)) ;
#1510=CARTESIAN_POINT('Control Point',(7.89908969581,-21.2372381111,-29.8487457376)) ;
#1511=CARTESIAN_POINT('Control Point',(6.9999954455,-20.3927680996,-26.1246041604)) ;
#1512=CARTESIAN_POINT('Control Point',(7.,-19.5482980881,-22.4004625833)) ;
#1513=CARTESIAN_POINT('Control Point',(14.8948649769,-23.2486496823,-38.0123954563)) ;
#1514=CARTESIAN_POINT('Control Point',(11.9629532267,-23.0905463401,-35.7775203169)) ;
#1515=CARTESIAN_POINT('Control Point',(9.54443283713,-22.8879984611,-32.8662802269)) ;
#1516=CARTESIAN_POINT('Control Point',(7.84763654349,-22.6515797896,-29.4357706572)) ;
#1517=CARTESIAN_POINT('Control Point',(7.00000444004,-22.3981252312,-25.7439110479)) ;
#1518=CARTESIAN_POINT('Control Point',(7.,-22.1446706728,-22.0520514386)) ;
#1519=CARTESIAN_POINT('Control Point',(14.7274480977,-23.2739422917,-37.8833205978)) ;
#1520=CARTESIAN_POINT('Control Point',(11.8528118537,-23.3056142488,-35.6358664892)) ;
#1521=CARTESIAN_POINT('Control Point',(9.48652740982,-23.3485966048,-32.7307254943)) ;
#1522=CARTESIAN_POINT('Control Point',(7.82835901163,-23.400378691,-29.3222171322)) ;
#1523=CARTESIAN_POINT('Control Point',(6.99999708286,-23.4565948156,-25.660431665)) ;
#1524=CARTESIAN_POINT('Control Point',(7.,-23.5128109402,-21.9986461978)) ;
#1525=CARTESIAN_POINT('Control Point',(14.6435189014,-23.2866242235,-37.818601353)) ;
#1526=CARTESIAN_POINT('Control Point',(11.7976074958,-23.5199063321,-35.5856999748)) ;
#1527=CARTESIAN_POINT('Control Point',(9.45751253705,-23.8203495735,-32.7099538165)) ;
#1528=CARTESIAN_POINT('Control Point',(7.81870630128,-24.1721157992,-29.342960546)) ;
#1529=CARTESIAN_POINT('Control Point',(7.,-24.5497024386,-25.7288225719)) ;
#1530=CARTESIAN_POINT('Control Point',(7.,-24.9272890781,-22.1146845979)) ;
#1531=CARTESIAN_POINT('Control Point',(14.6435189014,-23.2866242235,-37.818601353)) ;
#1532=CARTESIAN_POINT('Control Point',(11.7976074958,-23.7166148708,-35.6242456081)) ;
#1533=CARTESIAN_POINT('Control Point',(9.45751253705,-24.2703983761,-32.798142241)) ;
#1534=CARTESIAN_POINT('Control Point',(7.81870630128,-24.9187815202,-29.4892719531)) ;
#1535=CARTESIAN_POINT('Control Point',(7.,-25.6147574116,-25.9375233163)) ;
#1536=CARTESIAN_POINT('Control Point',(7.,-26.310733303,-22.3857746795)) ;
#1538=CARTESIAN_POINT('Control Point',(7.,-14.256485517,-24.6236781033)) ;
#1539=CARTESIAN_POINT('Control Point',(7.,-15.1983417193,-24.0783681826)) ;
#1540=CARTESIAN_POINT('Control Point',(7.,-16.201306791,-23.5795877482)) ;
#1541=CARTESIAN_POINT('Control Point',(7.,-17.2742538505,-23.1358940427)) ;
#1542=CARTESIAN_POINT('Control Point',(7.,-19.2661651929,-22.4917843282)) ;
#1543=CARTESIAN_POINT('Control Point',(7.,-21.5050926135,-22.1444689728)) ;
#1544=CARTESIAN_POINT('Control Point',(7.,-22.4973756733,-22.0611151879)) ;
#1545=CARTESIAN_POINT('Control Point',(7.,-23.8696862343,-22.0584700713)) ;
#1546=CARTESIAN_POINT('Control Point',(7.,-25.2626304785,-22.2109226449)) ;
#1547=CARTESIAN_POINT('Control Point',(7.,-25.6131538208,-22.259257498)) ;
#1548=CARTESIAN_POINT('Control Point',(7.,-25.9629037157,-22.3176164195)) ;
#1549=CARTESIAN_POINT('Control Point',(7.,-26.310733303,-22.3857746795)) ;
#1550=CARTESIAN_POINT('Vertex',(7.,-14.256485517,-24.6236781033)) ;
#1552=CARTESIAN_POINT('Vertex',(7.,-26.310733303,-22.3857746795)) ;
#1556=CARTESIAN_POINT('Control Point',(14.6435189014,-23.2866242235,-37.818601353)) ;
#1557=CARTESIAN_POINT('Control Point',(11.0861296444,-23.8241125326,-35.0756566719)) ;
#1558=CARTESIAN_POINT('Control Point',(8.36762565144,-24.5693099304,-31.2727176991)) ;
#1559=CARTESIAN_POINT('Control Point',(7.,-25.4407634387,-26.8254604755)) ;
#1560=CARTESIAN_POINT('Control Point',(7.,-26.310733303,-22.3857746795)) ;
#1561=CARTESIAN_POINT('Vertex',(14.6435189014,-23.2866242235,-37.818601353)) ;
#1565=CARTESIAN_POINT('Control Point',(16.9999969267,-22.9349824174,-39.6131287298)) ;
#1566=CARTESIAN_POINT('Control Point',(16.6317907901,-22.9892763197,-39.3360503989)) ;
#1567=CARTESIAN_POINT('Control Point',(16.2789509249,-23.0415453193,-39.0693062794)) ;
#1568=CARTESIAN_POINT('Control Point',(15.9451654642,-23.0912158333,-38.8158234717)) ;
#1569=CARTESIAN_POINT('Control Point',(15.4142227287,-23.1705627155,-38.4108942614)) ;
#1570=CARTESIAN_POINT('Control Point',(15.0075887962,-23.2316942404,-38.0989236282)) ;
#1571=CARTESIAN_POINT('Control Point',(14.8633809754,-23.25343002,-37.9880001574)) ;
#1572=CARTESIAN_POINT('Control Point',(14.7221579551,-23.2747445208,-37.8792266125)) ;
#1573=CARTESIAN_POINT('Control Point',(14.6594177439,-23.2842220521,-37.8308602674)) ;
#1574=CARTESIAN_POINT('Control Point',(14.6488185021,-23.2858235033,-37.8226876395)) ;
#1575=CARTESIAN_POINT('Control Point',(14.6435189014,-23.2866242235,-37.818601353)) ;
#1576=CARTESIAN_POINT('Control Point',(14.6435189014,-23.2866242235,-37.818601353)) ;
#1577=CARTESIAN_POINT('Vertex',(17.,-22.9349819643,-39.6131310424)) ;
#1581=CARTESIAN_POINT('Control Point',(16.9999969267,-22.9349824174,-39.6131287298)) ;
#1582=CARTESIAN_POINT('Control Point',(13.3723991845,-21.8855786879,-37.8006045597)) ;
#1583=CARTESIAN_POINT('Control Point',(10.2924285837,-20.360551324,-35.166585946)) ;
#1584=CARTESIAN_POINT('Control Point',(8.09588608678,-18.4542820131,-31.8740884035)) ;
#1585=CARTESIAN_POINT('Control Point',(7.,-16.3552923311,-28.2487253293)) ;
#1586=CARTESIAN_POINT('Control Point',(7.,-14.256485517,-24.6236781033)) ;
#1596=CARTESIAN_POINT('Control Point',(7.,44.7347813043,-17.3540388053)) ;
#1597=CARTESIAN_POINT('Control Point',(6.99999948435,45.3196317388,-15.8464265364)) ;
#1598=CARTESIAN_POINT('Control Point',(7.14953368273,45.873031132,-14.3240809794)) ;
#1599=CARTESIAN_POINT('Control Point',(7.44728662952,46.389407588,-12.7986717743)) ;
#1600=CARTESIAN_POINT('Control Point',(8.08131973384,47.0779831077,-10.6836678606)) ;
#1601=CARTESIAN_POINT('Control Point',(8.96799337861,47.7521629622,-8.67052418223)) ;
#1602=CARTESIAN_POINT('Control Point',(9.24076351996,47.9450280075,-8.10492668204)) ;
#1603=CARTESIAN_POINT('Control Point',(10.0402592512,48.4814968422,-6.5763259482)) ;
#1604=CARTESIAN_POINT('Control Point',(10.9307158146,49.0276944017,-5.16994723279)) ;
#1605=CARTESIAN_POINT('Control Point',(11.5130119595,49.3827218876,-4.33618314661)) ;
#1606=CARTESIAN_POINT('Control Point',(12.0829676026,49.7407563569,-3.56474989699)) ;
#1607=CARTESIAN_POINT('Control Point',(12.6313972081,50.0987732901,-2.84505265447)) ;
#1608=CARTESIAN_POINT('Vertex',(7.,44.7347812011,-17.3540387968)) ;
#1612=CARTESIAN_POINT('Control Point',(7.,37.3964302832,-30.0644361875)) ;
#1613=CARTESIAN_POINT('Control Point',(7.,39.7044615427,-27.193531523)) ;
#1614=CARTESIAN_POINT('Control Point',(7.,41.718673012,-24.0863071948)) ;
#1615=CARTESIAN_POINT('Control Point',(7.,43.4025160588,-20.7883168466)) ;
#1616=CARTESIAN_POINT('Control Point',(7.,44.7347813043,-17.3540388053)) ;
#1617=CARTESIAN_POINT('Vertex',(7.,37.3964234094,-30.0644313359)) ;
#1621=CARTESIAN_POINT('Control Point',(7.,37.3964302832,-30.0644361875)) ;
#1622=CARTESIAN_POINT('Control Point',(6.99999999585,36.3831446885,-31.3248378069)) ;
#1623=CARTESIAN_POINT('Control Point',(7.14955806906,35.341367982,-32.565367454)) ;
#1624=CARTESIAN_POINT('Control Point',(7.44736994694,34.2783773138,-33.7754121777)) ;
#1625=CARTESIAN_POINT('Control Point',(8.0815097995,32.7909095881,-35.4293470231)) ;
#1626=CARTESIAN_POINT('Control Point',(8.96831663114,31.3844900746,-37.0198765776)) ;
#1627=CARTESIAN_POINT('Control Point',(9.24110926215,30.991104641,-37.4697036129)) ;
#1628=CARTESIAN_POINT('Control Point',(10.0405861812,29.9356498687,-38.6984871393)) ;
#1629=CARTESIAN_POINT('Control Point',(10.931011503,28.990872064,-39.8746255322)) ;
#1630=CARTESIAN_POINT('Control Point',(11.5132217142,28.4464249061,-40.5988575752)) ;
#1631=CARTESIAN_POINT('Control Point',(12.0830573144,27.9574667341,-41.2944950478)) ;
#1632=CARTESIAN_POINT('Control Point',(12.6313972081,27.5132740803,-41.964284328)) ;
#1633=CARTESIAN_POINT('Vertex',(12.6313972081,27.5132740803,-41.964284328)) ;
#1636=CARTESIAN_POINT('Axis2P3D Location',(12.6313972081,0.,0.)) ;
#1640=CARTESIAN_POINT('Vertex',(12.6313972081,-27.5132737103,-41.9642845706)) ;
#1644=CARTESIAN_POINT('Control Point',(6.99999999994,-37.3964276001,-30.0644395249)) ;
#1645=CARTESIAN_POINT('Control Point',(6.99999987779,-36.3963304627,-31.3084360694)) ;
#1646=CARTESIAN_POINT('Control Point',(7.14569024323,-35.3696947781,-32.5315624491)) ;
#1647=CARTESIAN_POINT('Control Point',(7.43518869129,-34.3240160179,-33.7231651677)) ;
#1648=CARTESIAN_POINT('Control Point',(8.04931322055,-32.8640063861,-35.3487439408)) ;
#1649=CARTESIAN_POINT('Control Point',(8.89889670648,-31.4906790839,-36.8992850957)) ;
#1650=CARTESIAN_POINT('Control Point',(9.15980098943,-31.106775292,-37.337021203)) ;
#1651=CARTESIAN_POINT('Control Point',(9.97323374697,-30.0092517423,-38.6089456473)) ;
#1652=CARTESIAN_POINT('Control Point',(10.8773921043,-29.0395301346,-39.8087863302)) ;
#1653=CARTESIAN_POINT('Control Point',(11.4843328134,-28.4710230154,-40.563584936)) ;
#1654=CARTESIAN_POINT('Control Point',(12.0712399736,-27.9670419016,-41.2800588253)) ;
#1655=CARTESIAN_POINT('Control Point',(12.6313972081,-27.5132737103,-41.9642845706)) ;
#1656=CARTESIAN_POINT('Vertex',(6.99999999994,-37.3964276001,-30.0644395249)) ;
#1659=CARTESIAN_POINT('Axis2P3D Location',(6.99999999994,0.,0.)) ;
#1677=CARTESIAN_POINT('Axis2P3D Location',(24.5,-1.42108547152E-014,-1.42108547152E-014)) ;
#1681=CARTESIAN_POINT('Vertex',(24.5,-15.,-80.1077399506)) ;
#1683=CARTESIAN_POINT('Vertex',(24.5,15.,-80.1077399506)) ;
#1686=CARTESIAN_POINT('Axis2P3D Location',(24.5,0.,-1.42108547152E-014)) ;
#1690=CARTESIAN_POINT('Vertex',(24.5,-15.1659732797,-80.0764837794)) ;
#1693=CARTESIAN_POINT('Line Origine',(24.5,-17.6848469036,-67.22192117)) ;
#1697=CARTESIAN_POINT('Vertex',(24.5,-20.2037205276,-54.3673585605)) ;
#1700=CARTESIAN_POINT('Axis2P3D Location',(24.5,0.,0.)) ;
#1705=CARTESIAN_POINT('Axis2P3D Location',(24.5,0.,0.)) ;
#1724=CARTESIAN_POINT('Control Point',(23.5,-20.5972252659,-53.148417769)) ;
#1725=CARTESIAN_POINT('Control Point',(23.8469559178,-20.5292191743,-53.1747729616)) ;
#1726=CARTESIAN_POINT('Control Point',(24.175515988,-20.4389193867,-53.3751797974)) ;
#1727=CARTESIAN_POINT('Control Point',(24.3836932023,-20.3543852174,-53.6763503499)) ;
#1728=CARTESIAN_POINT('Control Point',(24.5,-20.2719576891,-54.0191242345)) ;
#1729=CARTESIAN_POINT('Control Point',(24.5,-20.2037205276,-54.3673585605)) ;
#1730=CARTESIAN_POINT('Vertex',(23.5,-20.5972252659,-53.148417769)) ;
#1733=CARTESIAN_POINT('Axis2P3D Location',(23.5,0.,0.)) ;
#1746=CARTESIAN_POINT('Control Point',(22.642363182,-20.7868342712,-53.0745468278)) ;
#1747=CARTESIAN_POINT('Control Point',(22.9264330987,-20.7168391569,-53.1019606623)) ;
#1748=CARTESIAN_POINT('Control Point',(23.2124359138,-20.6535899122,-53.1265741212)) ;
#1749=CARTESIAN_POINT('Control Point',(23.5,-20.5972252659,-53.148417769)) ;
#1750=CARTESIAN_POINT('Vertex',(22.642363182,-20.7868342712,-53.0745468278)) ;
#1753=CARTESIAN_POINT('Axis2P3D Location',(22.642363182,0.,0.)) ;
#1757=CARTESIAN_POINT('Vertex',(22.642363182,-20.2571439782,-53.2789650598)) ;
#1760=CARTESIAN_POINT('Axis2P3D Location',(22.642363182,0.,0.)) ;
#1764=CARTESIAN_POINT('Vertex',(22.642363182,20.2571439784,-53.2789650598)) ;
#1767=CARTESIAN_POINT('Axis2P3D Location',(22.642363182,0.,0.)) ;
#1782=CARTESIAN_POINT('Control Point',(19.5,-22.5374906479,-49.2316095232)) ;
#1783=CARTESIAN_POINT('Control Point',(20.3908037899,-22.0123451508,-50.0376484085)) ;
#1784=CARTESIAN_POINT('Control Point',(21.2378216463,-21.5530496376,-50.9468174081)) ;
#1785=CARTESIAN_POINT('Control Point',(22.0005451805,-21.1501681714,-51.9654748705)) ;
#1786=CARTESIAN_POINT('Control Point',(22.642363182,-20.7868342712,-53.0745468278)) ;
#1787=CARTESIAN_POINT('Vertex',(19.5,-22.5374906479,-49.2316095232)) ;
#1790=CARTESIAN_POINT('Axis2P3D Location',(19.5,0.,0.)) ;
#1805=CARTESIAN_POINT('Control Point',(17.4947114163,-23.8770598384,-47.302673385)) ;
#1806=CARTESIAN_POINT('Control Point',(18.1145347301,-23.4112597188,-47.9386570123)) ;
#1807=CARTESIAN_POINT('Control Point',(18.7812059313,-22.9612327681,-48.5812128796)) ;
#1808=CARTESIAN_POINT('Control Point',(19.5,-22.5374906479,-49.2316095232)) ;
#1809=CARTESIAN_POINT('Vertex',(17.4947114163,-23.8770598384,-47.302673385)) ;
#1813=CARTESIAN_POINT('Control Point',(12.6313972081,-27.5132737103,-41.9642845706)) ;
#1814=CARTESIAN_POINT('Control Point',(13.879327216,-26.5023588262,-43.4886174047)) ;
#1815=CARTESIAN_POINT('Control Point',(15.1494469914,-25.5892823462,-44.8752181542)) ;
#1816=CARTESIAN_POINT('Control Point',(16.3710925742,-24.7214606251,-46.1497610784)) ;
#1817=CARTESIAN_POINT('Control Point',(17.4947114163,-23.8770598384,-47.302673385)) ;
#1820=CARTESIAN_POINT('Control Point',(12.6313972081,27.5132740803,-41.964284328)) ;
#1821=CARTESIAN_POINT('Control Point',(13.8613136323,26.5169530379,-43.4666127898)) ;
#1822=CARTESIAN_POINT('Control Point',(15.1302686318,25.6022114603,-44.8557259909)) ;
#1823=CARTESIAN_POINT('Control Point',(16.36080709,24.7291837463,-46.13921037)) ;
#1824=CARTESIAN_POINT('Control Point',(17.4946906912,23.8770650061,-47.3026573728)) ;
#1835=CARTESIAN_POINT('Axis2P3D Location',(32.,-3.00025376987E-007,-49.)) ;
#1840=CARTESIAN_POINT('Line Origine',(26.5718880257,-3.00025376987E-007,-51.5564820348)) ;
#1844=CARTESIAN_POINT('Vertex',(26.5718880257,-20.5993371214,-51.5564820348)) ;
#1848=CARTESIAN_POINT('Control Point',(27.,-20.4457161876,-52.3166247904)) ;
#1849=CARTESIAN_POINT('Control Point',(26.8387718426,-20.4933443233,-52.0735641978)) ;
#1850=CARTESIAN_POINT('Control Point',(26.6956740379,-20.5451340938,-51.8193136628)) ;
#1851=CARTESIAN_POINT('Control Point',(26.5718880257,-20.5993371214,-51.5564820348)) ;
#1852=CARTESIAN_POINT('Vertex',(27.,-20.4457161877,-52.3166247903)) ;
#1856=CARTESIAN_POINT('Control Point',(32.,-19.9199042606,-55.)) ;
#1857=CARTESIAN_POINT('Control Point',(30.5148161563,-19.9199042606,-55.)) ;
#1858=CARTESIAN_POINT('Control Point',(29.025723564,-20.0166172481,-54.5064491579)) ;
#1859=CARTESIAN_POINT('Control Point',(27.8102350159,-20.20636604,-53.5381000358)) ;
#1860=CARTESIAN_POINT('Control Point',(27.,-20.4457161877,-52.3166247903)) ;
#1861=CARTESIAN_POINT('Vertex',(32.,-19.9199042606,-55.)) ;
#1864=CARTESIAN_POINT('Line Origine',(32.,-3.00025376987E-007,-55.)) ;
#1868=CARTESIAN_POINT('Vertex',(32.,19.9199042606,-55.)) ;
#1872=CARTESIAN_POINT('Control Point',(32.,19.9199042606,-55.)) ;
#1873=CARTESIAN_POINT('Control Point',(30.5148161564,19.9199042606,-55.)) ;
#1874=CARTESIAN_POINT('Control Point',(29.025723564,20.0166172481,-54.5064491579)) ;
#1875=CARTESIAN_POINT('Control Point',(27.8102350159,20.20636604,-53.5381000357)) ;
#1876=CARTESIAN_POINT('Control Point',(27.,20.4457161877,-52.3166247903)) ;
#1887=CARTESIAN_POINT('Axis2P3D Location',(27.,-47.6775392992,-17.3515326051)) ;
#1893=CARTESIAN_POINT('Control Point',(26.5718880257,-20.5993371214,-51.5564820348)) ;
#1894=CARTESIAN_POINT('Control Point',(25.8333696262,-20.9227172228,-49.9884050787)) ;
#1895=CARTESIAN_POINT('Control Point',(25.097950327,-21.2863621371,-48.4269083618)) ;
#1896=CARTESIAN_POINT('Control Point',(24.3666023479,-21.6896358423,-46.8740561734)) ;
#1897=CARTESIAN_POINT('Vertex',(24.3666230298,-21.6896439186,-46.8740485302)) ;
#1900=CARTESIAN_POINT('Axis2P3D Location',(27.,-41.1455079883,-50.6864380862)) ;
#1906=CARTESIAN_POINT('Control Point',(24.4999995353,-15.1659731761,-80.076483599)) ;
#1907=CARTESIAN_POINT('Control Point',(25.3282765799,-15.0555369943,-80.0973995047)) ;
#1908=CARTESIAN_POINT('Control Point',(26.1641312974,-15.0000000004,-80.1077399488)) ;
#1909=CARTESIAN_POINT('Control Point',(27.,-15.0000000004,-80.1077399488)) ;
#1910=CARTESIAN_POINT('Vertex',(27.,-15.,-80.1077399506)) ;
#1913=CARTESIAN_POINT('Line Origine',(27.,-28.0507947881,-13.5056387042)) ;
#1931=CARTESIAN_POINT('Axis2P3D Location',(27.,-52.1493578319,-21.0314828743)) ;
#1937=CARTESIAN_POINT('Control Point',(26.5718880257,-54.9488917326,7.93869176916)) ;
#1938=CARTESIAN_POINT('Control Point',(25.8333682122,-53.7525850137,6.87459587082)) ;
#1939=CARTESIAN_POINT('Control Point',(25.0979475109,-52.5821094545,5.77891962033)) ;
#1940=CARTESIAN_POINT('Control Point',(24.3665981471,-51.4389347794,4.65324598262)) ;
#1941=CARTESIAN_POINT('Vertex',(26.5718880257,-54.9488917326,7.93869176916)) ;
#1943=CARTESIAN_POINT('Vertex',(24.3665990368,-51.4389408591,4.65323923047)) ;
#1947=CARTESIAN_POINT('Control Point',(27.,-55.5303842025,8.45180277811)) ;
#1948=CARTESIAN_POINT('Control Point',(26.8387718426,-55.3437016226,8.28902530642)) ;
#1949=CARTESIAN_POINT('Control Point',(26.6956740379,-55.1494090855,8.11704878199)) ;
#1950=CARTESIAN_POINT('Control Point',(26.5718880257,-54.9488917326,7.93869176916)) ;
#1951=CARTESIAN_POINT('Vertex',(27.,-55.5303842025,8.45180277811)) ;
#1954=CARTESIAN_POINT('Line Origine',(27.,-39.005343758,-5.95717048457)) ;
#1958=CARTESIAN_POINT('Vertex',(27.,-76.875337837,27.0634889186)) ;
#1962=CARTESIAN_POINT('Control Point',(24.4999995353,-76.9312556305,26.9041237558)) ;
#1963=CARTESIAN_POINT('Control Point',(25.3282765799,-76.8941512452,27.0102222477)) ;
#1964=CARTESIAN_POINT('Control Point',(26.1641312974,-76.8753378342,27.0634889161)) ;
#1965=CARTESIAN_POINT('Control Point',(27.,-76.8753378342,27.0634889161)) ;
#1967=CARTESIAN_POINT('Axis2P3D Location',(27.,-64.4684970041,-10.2898361263)) ;
#1985=CARTESIAN_POINT('Axis2P3D Location',(27.,0.423027112523,53.1299390427)) ;
#1991=CARTESIAN_POINT('Control Point',(26.5718880257,34.3495546112,43.6177902657)) ;
#1992=CARTESIAN_POINT('Control Point',(25.8333652125,32.8298609992,43.1138041585)) ;
#1993=CARTESIAN_POINT('Control Point',(25.0979415367,31.2957334625,42.6479789779)) ;
#1994=CARTESIAN_POINT('Control Point',(24.3665892355,29.7492777769,42.220796066)) ;
#1995=CARTESIAN_POINT('Vertex',(26.5718880257,34.3495546112,43.6177902657)) ;
#1997=CARTESIAN_POINT('Vertex',(24.3665892691,29.7492778428,42.2207960946)) ;
#2001=CARTESIAN_POINT('Control Point',(27.,35.0846680149,43.8648220122)) ;
#2002=CARTESIAN_POINT('Control Point',(26.8387718426,34.8503572993,43.7845388914)) ;
#2003=CARTESIAN_POINT('Control Point',(26.6956740379,34.6042749917,43.7022648808)) ;
#2004=CARTESIAN_POINT('Control Point',(26.5718880257,34.3495546112,43.6177902657)) ;
#2005=CARTESIAN_POINT('Vertex',(27.,35.0846680149,43.8648220122)) ;
#2008=CARTESIAN_POINT('Line Origine',(27.,6.9057575496,34.2097327521)) ;
#2012=CARTESIAN_POINT('Vertex',(27.,61.875337837,53.0442510321)) ;
#2016=CARTESIAN_POINT('Control Point',(24.4999994131,61.7652823909,53.1723598376)) ;
#2017=CARTESIAN_POINT('Control Point',(25.3282771079,61.8386142488,53.0871771804)) ;
#2018=CARTESIAN_POINT('Control Point',(26.1641306405,61.875337837,53.0442510321)) ;
#2019=CARTESIAN_POINT('Control Point',(27.,61.875337837,53.0442510321)) ;
#2021=CARTESIAN_POINT('Axis2P3D Location',(27.,23.3229890159,60.9762742125)) ;
#2039=CARTESIAN_POINT('Axis2P3D Location',(27.,-1.74616940942,53.583294292)) ;
#2045=CARTESIAN_POINT('Control Point',(27.,-35.0846680149,43.8648220122)) ;
#2046=CARTESIAN_POINT('Control Point',(26.8387718426,-34.8503572993,43.7845388914)) ;
#2047=CARTESIAN_POINT('Control Point',(26.6956740379,-34.6042749917,43.7022648808)) ;
#2048=CARTESIAN_POINT('Control Point',(26.5718880257,-34.3495546112,43.6177902657)) ;
#2049=CARTESIAN_POINT('Vertex',(27.,-35.0846680148,43.8648220122)) ;
#2051=CARTESIAN_POINT('Vertex',(26.5718880257,-34.3495546112,43.6177902657)) ;
#2055=CARTESIAN_POINT('Control Point',(26.5718880257,-34.3495546112,43.6177902657)) ;
#2056=CARTESIAN_POINT('Control Point',(25.8333652125,-32.8298609992,43.1138041585)) ;
#2057=CARTESIAN_POINT('Control Point',(25.0979415367,-31.2957334625,42.6479789779)) ;
#2058=CARTESIAN_POINT('Control Point',(24.3665892355,-29.7492777769,42.220796066)) ;
#2059=CARTESIAN_POINT('Vertex',(24.3665892691,-29.7492778428,42.2207960946)) ;
#2062=CARTESIAN_POINT('Axis2P3D Location',(27.,-23.3229890159,60.9762742125)) ;
#2068=CARTESIAN_POINT('Control Point',(24.4999994651,-61.7652824179,53.17235984)) ;
#2069=CARTESIAN_POINT('Control Point',(25.3282768829,-61.8386142497,53.0871772131)) ;
#2070=CARTESIAN_POINT('Control Point',(26.1641309204,-61.875337837,53.0442510321)) ;
#2071=CARTESIAN_POINT('Control Point',(27.,-61.875337837,53.0442510321)) ;
#2072=CARTESIAN_POINT('Vertex',(27.,-61.875337837,53.0442510321)) ;
#2075=CARTESIAN_POINT('Line Origine',(27.,-8.2288998465,34.6630880014)) ;
#2093=CARTESIAN_POINT('Axis2P3D Location',(27.,52.0508998848,-21.1173330683)) ;
#2099=CARTESIAN_POINT('Control Point',(27.,55.5303842025,8.45180277811)) ;
#2100=CARTESIAN_POINT('Control Point',(26.8387718426,55.3437016226,8.28902530642)) ;
#2101=CARTESIAN_POINT('Control Point',(26.6956740379,55.1494090855,8.11704878199)) ;
#2102=CARTESIAN_POINT('Control Point',(26.5718880257,54.9488917326,7.93869176916)) ;
#2103=CARTESIAN_POINT('Vertex',(27.,55.5303842025,8.45180277809)) ;
#2105=CARTESIAN_POINT('Vertex',(26.5718880257,54.9488917326,7.93869176916)) ;
#2109=CARTESIAN_POINT('Control Point',(26.5718880257,54.9488917326,7.93869176916)) ;
#2110=CARTESIAN_POINT('Control Point',(25.8333652125,53.7525801547,6.87459154874)) ;
#2111=CARTESIAN_POINT('Control Point',(25.0979415367,52.5820999462,5.77891071963)) ;
#2112=CARTESIAN_POINT('Control Point',(24.3665892355,51.4389208496,4.65323226604)) ;
#2113=CARTESIAN_POINT('Vertex',(24.3665892355,51.4389208496,4.65323226605)) ;
#2116=CARTESIAN_POINT('Axis2P3D Location',(27.,64.4684970041,-10.2898361263)) ;
#2122=CARTESIAN_POINT('Control Point',(24.4999995353,76.9312556305,26.9041237558)) ;
#2123=CARTESIAN_POINT('Control Point',(25.3282765798,76.8941512452,27.0102222477)) ;
#2124=CARTESIAN_POINT('Control Point',(26.1641312974,76.875337837,27.0634889186)) ;
#2125=CARTESIAN_POINT('Control Point',(27.,76.875337837,27.0634889186)) ;
#2126=CARTESIAN_POINT('Vertex',(27.,76.875337837,27.0634889186)) ;
#2129=CARTESIAN_POINT('Line Origine',(27.,38.9068858108,-6.04302067854)) ;
#2147=CARTESIAN_POINT('Axis2P3D Location',(32.,-46.8787618346,16.8036027066)) ;
#2152=CARTESIAN_POINT('Line Origine',(26.5718880257,-49.092740221,18.081843724)) ;
#2158=CARTESIAN_POINT('Control Point',(32.,-37.6714450778,44.7511431306)) ;
#2159=CARTESIAN_POINT('Control Point',(30.5148161563,-37.6714450778,44.7511431306)) ;
#2160=CARTESIAN_POINT('Control Point',(29.0257235641,-37.1956610168,44.5881236136)) ;
#2161=CARTESIAN_POINT('Control Point',(27.8102350159,-36.2621716813,44.2682763267)) ;
#2162=CARTESIAN_POINT('Control Point',(27.,-35.0846680148,43.8648220122)) ;
#2163=CARTESIAN_POINT('Vertex',(32.,-37.6714450778,44.7511431306)) ;
#2166=CARTESIAN_POINT('Line Origine',(32.,-52.0749142573,19.8036027066)) ;
#2170=CARTESIAN_POINT('Vertex',(32.,-57.5913493385,10.2488568694)) ;
#2174=CARTESIAN_POINT('Control Point',(32.,-57.5913493385,10.2488568694)) ;
#2175=CARTESIAN_POINT('Control Point',(30.5148161563,-57.5913493385,10.2488568694)) ;
#2176=CARTESIAN_POINT('Control Point',(29.0257235641,-57.2122782649,9.91832554427)) ;
#2177=CARTESIAN_POINT('Control Point',(27.8102350159,-56.4685377213,9.26982370907)) ;
#2178=CARTESIAN_POINT('Control Point',(27.,-55.5303842025,8.45180277809)) ;
#2189=CARTESIAN_POINT('Axis2P3D Location',(32.,46.8787616846,16.8036029664)) ;
#2194=CARTESIAN_POINT('Line Origine',(26.5718880257,49.092740071,18.0818439838)) ;
#2200=CARTESIAN_POINT('Control Point',(32.,57.5913493385,10.2488568694)) ;
#2201=CARTESIAN_POINT('Control Point',(30.5148161564,57.5913493385,10.2488568694)) ;
#2202=CARTESIAN_POINT('Control Point',(29.0257235639,57.2122782649,9.91832554426)) ;
#2203=CARTESIAN_POINT('Control Point',(27.8102350159,56.4685377213,9.26982370903)) ;
#2204=CARTESIAN_POINT('Control Point',(27.,55.5303842025,8.45180277809)) ;
#2205=CARTESIAN_POINT('Vertex',(32.,57.5913493385,10.2488568694)) ;
#2208=CARTESIAN_POINT('Line Origine',(32.,52.0749141073,19.8036029664)) ;
#2212=CARTESIAN_POINT('Vertex',(32.,37.6714450778,44.7511431306)) ;
#2216=CARTESIAN_POINT('Control Point',(32.,37.6714450778,44.7511431306)) ;
#2217=CARTESIAN_POINT('Control Point',(30.5148161563,37.6714450778,44.7511431306)) ;
#2218=CARTESIAN_POINT('Control Point',(29.0257235641,37.1956610168,44.5881236136)) ;
#2219=CARTESIAN_POINT('Control Point',(27.8102350159,36.2621716813,44.2682763267)) ;
#2220=CARTESIAN_POINT('Control Point',(27.,35.0846680148,43.8648220122)) ;
#2231=CARTESIAN_POINT('Axis2P3D Location',(2.,3.5527136788E-015,0.)) ;
#2236=CARTESIAN_POINT('Axis2P3D Location',(2.,3.5527136788E-015,-1.7763568394E-015)) ;
#2240=CARTESIAN_POINT('Vertex',(2.,11.4085733046,6.23253200185)) ;
#2242=CARTESIAN_POINT('Vertex',(2.,-11.4085732745,-6.23253205687)) ;
#2245=CARTESIAN_POINT('Axis2P3D Location',(2.,3.5527136788E-015,-8.881784197E-016)) ;
#2255=CARTESIAN_POINT('Axis2P3D Location',(0.,7.9936057773E-015,-5.3290705182E-015)) ;
#2260=CARTESIAN_POINT('Axis2P3D Location',(0.,11.4085733046,6.23253200185)) ;
#2265=CARTESIAN_POINT('Axis2P3D Location',(0.,-11.4085733119,-6.23253198835)) ;
#2277=CARTESIAN_POINT('Axis2P3D Location',(0.,4.16333634234E-015,-1.7763568394E-015)) ;
#2289=CARTESIAN_POINT('Axis2P3D Location',(32.,0.,0.)) ;
#2294=CARTESIAN_POINT('Line Origine',(32.,17.5635293549,-67.0252844821)) ;
#2298=CARTESIAN_POINT('Vertex',(32.,15.2071544492,-79.0505689642)) ;
#2301=CARTESIAN_POINT('Line Origine',(32.,-17.5635293549,-67.0252844821)) ;
#2305=CARTESIAN_POINT('Vertex',(32.,-15.2071544492,-79.0505689642)) ;
#2308=CARTESIAN_POINT('Axis2P3D Location',(32.,-1.32663099612E-014,4.26325641456E-014)) ;
#2324=CARTESIAN_POINT('Axis2P3D Location',(0.,-27.5773461848,-15.9217882433)) ;
#2329=CARTESIAN_POINT('Line Origine',(29.,-15.,-80.1077399506)) ;
#2333=CARTESIAN_POINT('Vertex',(31.,-15.,-80.1077399506)) ;
#2337=CARTESIAN_POINT('Control Point',(31.,-15.,-80.1077399506)) ;
#2338=CARTESIAN_POINT('Control Point',(31.1801441358,-15.0372809447,-79.917484162)) ;
#2339=CARTESIAN_POINT('Control Point',(31.3602093129,-15.0745618485,-79.7272285821)) ;
#2340=CARTESIAN_POINT('Control Point',(31.540195367,-15.1118428578,-79.5369724642)) ;
#2341=CARTESIAN_POINT('Control Point',(31.7401262017,-15.1532736195,-79.3255389208)) ;
#2342=CARTESIAN_POINT('Control Point',(31.9399546797,-15.1947040096,-79.1141072739)) ;
#2343=CARTESIAN_POINT('Control Point',(31.959970819,-15.1988541604,-79.0929278157)) ;
#2344=CARTESIAN_POINT('Control Point',(31.9799859258,-15.2030043068,-79.0717483794)) ;
#2345=CARTESIAN_POINT('Control Point',(32.,-15.2071544492,-79.0505689642)) ;
#2355=CARTESIAN_POINT('Axis2P3D Location',(0.,10.9236692568,-100.910472449)) ;
#2360=CARTESIAN_POINT('Line Origine',(29.,15.,-80.1077399506)) ;
#2364=CARTESIAN_POINT('Vertex',(31.,15.,-80.1077399506)) ;
#2368=CARTESIAN_POINT('Control Point',(31.,15.,-80.1077399506)) ;
#2369=CARTESIAN_POINT('Control Point',(31.1801441358,15.0372809447,-79.917484162)) ;
#2370=CARTESIAN_POINT('Control Point',(31.3602093129,15.0745618485,-79.7272285821)) ;
#2371=CARTESIAN_POINT('Control Point',(31.540195367,15.1118428578,-79.5369724642)) ;
#2372=CARTESIAN_POINT('Control Point',(31.7401262017,15.1532736195,-79.3255389208)) ;
#2373=CARTESIAN_POINT('Control Point',(31.9399546797,15.1947040096,-79.1141072739)) ;
#2374=CARTESIAN_POINT('Control Point',(31.959970819,15.1988541604,-79.0929278157)) ;
#2375=CARTESIAN_POINT('Control Point',(31.9799859258,15.2030043068,-79.0717483794)) ;
#2376=CARTESIAN_POINT('Control Point',(32.,15.2071544492,-79.0505689642)) ;
#2386=CARTESIAN_POINT('Axis2P3D Location',(16.,0.,0.)) ;
#2391=CARTESIAN_POINT('Axis2P3D Location',(31.,0.,0.)) ;
#2407=CARTESIAN_POINT('Axis2P3D Location',(112.5,-9.84278464645E-013,2.34479102801E-012)) ;
#2419=CARTESIAN_POINT('Line Origine',(16.,-61.875337837,53.0442510321)) ;
#2423=CARTESIAN_POINT('Vertex',(31.,-61.875337837,53.0442510321)) ;
#2426=CARTESIAN_POINT('Line Origine',(16.,-76.875337837,27.0634889186)) ;
#2430=CARTESIAN_POINT('Vertex',(31.,-76.875337837,27.0634889186)) ;
#2433=CARTESIAN_POINT('Axis2P3D Location',(31.,0.,0.)) ;
#2449=CARTESIAN_POINT('Axis2P3D Location',(0.,-1.59872115546E-014,31.8435764866)) ;
#2454=CARTESIAN_POINT('Line Origine',(32.,-49.2638343799,48.7231048425)) ;
#2458=CARTESIAN_POINT('Vertex',(32.,-60.856223682,52.6950665544)) ;
#2462=CARTESIAN_POINT('Control Point',(31.,-61.875337837,53.0442510321)) ;
#2463=CARTESIAN_POINT('Control Point',(31.1801441358,-61.6919310185,52.981409383)) ;
#2464=CARTESIAN_POINT('Control Point',(31.3602093129,-61.5085244011,52.9185678028)) ;
#2465=CARTESIAN_POINT('Control Point',(31.5401953669,-61.3251172652,52.8557260449)) ;
#2466=CARTESIAN_POINT('Control Point',(31.7401262016,-61.1212950646,52.7858893654)) ;
#2467=CARTESIAN_POINT('Control Point',(31.9399546797,-60.9174746921,52.7160533122)) ;
#2468=CARTESIAN_POINT('Control Point',(31.959970819,-60.8970576679,52.7090577191)) ;
#2469=CARTESIAN_POINT('Control Point',(31.9799859258,-60.8766406648,52.7020621333)) ;
#2470=CARTESIAN_POINT('Control Point',(32.,-60.856223682,52.6950665544)) ;
#2480=CARTESIAN_POINT('Axis2P3D Location',(0.,-92.8528672775,40.9950611458)) ;
#2485=CARTESIAN_POINT('Line Origine',(32.,-66.8273637348,18.3021796396)) ;
#2489=CARTESIAN_POINT('Vertex',(32.,-76.0633781312,26.3555024098)) ;
#2493=CARTESIAN_POINT('Control Point',(31.,-76.875337837,27.0634889186)) ;
#2494=CARTESIAN_POINT('Control Point',(31.1801441358,-76.7292119632,26.936074779)) ;
#2495=CARTESIAN_POINT('Control Point',(31.3602093129,-76.5830862497,26.8086607793)) ;
#2496=CARTESIAN_POINT('Control Point',(31.5401953669,-76.436960123,26.6812464193)) ;
#2497=CARTESIAN_POINT('Control Point',(31.7401262016,-76.2745686841,26.5396495555)) ;
#2498=CARTESIAN_POINT('Control Point',(31.9399546797,-76.1121787017,26.3980539617)) ;
#2499=CARTESIAN_POINT('Control Point',(31.959970819,-76.0959118283,26.3838700966)) ;
#2500=CARTESIAN_POINT('Control Point',(31.9799859258,-76.0796449717,26.3696862462)) ;
#2501=CARTESIAN_POINT('Control Point',(32.,-76.0633781312,26.3555024098)) ;
#2511=CARTESIAN_POINT('Axis2P3D Location',(32.,8.81072992343E-013,-2.55795384874E-013)) ;
#2527=CARTESIAN_POINT('Axis2P3D Location',(112.5,7.40953964851E-011,-2.08473238672E-011)) ;
#2539=CARTESIAN_POINT('Line Origine',(16.,76.875337837,27.0634889186)) ;
#2543=CARTESIAN_POINT('Vertex',(31.,76.875337837,27.0634889186)) ;
#2546=CARTESIAN_POINT('Line Origine',(16.,61.875337837,53.0442510321)) ;
#2550=CARTESIAN_POINT('Vertex',(31.,61.875337837,53.0442510321)) ;
#2553=CARTESIAN_POINT('Axis2P3D Location',(31.,0.,0.)) ;
#2569=CARTESIAN_POINT('Axis2P3D Location',(0.,27.5773461848,-15.9217882433)) ;
#2574=CARTESIAN_POINT('Line Origine',(32.,66.8273637348,18.3021796396)) ;
#2578=CARTESIAN_POINT('Vertex',(32.,76.0633781312,26.3555024098)) ;
#2582=CARTESIAN_POINT('Control Point',(31.,76.875337837,27.0634889186)) ;
#2583=CARTESIAN_POINT('Control Point',(31.1801441358,76.7292119632,26.936074779)) ;
#2584=CARTESIAN_POINT('Control Point',(31.3602093129,76.5830862497,26.8086607793)) ;
#2585=CARTESIAN_POINT('Control Point',(31.5401953669,76.436960123,26.6812464192)) ;
#2586=CARTESIAN_POINT('Control Point',(31.7401262016,76.2745686841,26.5396495554)) ;
#2587=CARTESIAN_POINT('Control Point',(31.9399546797,76.1121787017,26.3980539617)) ;
#2588=CARTESIAN_POINT('Control Point',(31.959970819,76.0959118283,26.3838700966)) ;
#2589=CARTESIAN_POINT('Control Point',(31.9799859258,76.0796449717,26.3696862462)) ;
#2590=CARTESIAN_POINT('Control Point',(32.,76.0633781312,26.3555024098)) ;
#2600=CARTESIAN_POINT('Axis2P3D Location',(0.,81.9291980207,59.9154113036)) ;
#2605=CARTESIAN_POINT('Line Origine',(32.,49.2638343799,48.7231048425)) ;
#2609=CARTESIAN_POINT('Vertex',(32.,60.856223682,52.6950665544)) ;
#2613=CARTESIAN_POINT('Control Point',(31.,61.875337837,53.0442510321)) ;
#2614=CARTESIAN_POINT('Control Point',(31.1801441358,61.6919310185,52.981409383)) ;
#2615=CARTESIAN_POINT('Control Point',(31.3602093129,61.5085244011,52.9185678028)) ;
#2616=CARTESIAN_POINT('Control Point',(31.5401953669,61.3251172652,52.8557260449)) ;
#2617=CARTESIAN_POINT('Control Point',(31.7401262016,61.1212950646,52.7858893654)) ;
#2618=CARTESIAN_POINT('Control Point',(31.9399546797,60.9174746921,52.7160533122)) ;
#2619=CARTESIAN_POINT('Control Point',(31.959970819,60.8970576679,52.7090577191)) ;
#2620=CARTESIAN_POINT('Control Point',(31.9799859258,60.8766406648,52.7020621333)) ;
#2621=CARTESIAN_POINT('Control Point',(32.,60.856223682,52.6950665544)) ;
#2631=CARTESIAN_POINT('Axis2P3D Location',(32.,-8.38440428197E-013,-2.41584530158E-013)) ;
#2647=CARTESIAN_POINT('Axis2P3D Location',(112.5,-8.77946604306E-011,-2.91446866641E-011)) ;
#2659=CARTESIAN_POINT('Axis2P3D Location',(27.,-3.5527136788E-015,7.1054273576E-015)) ;
#2665=CARTESIAN_POINT('Control Point',(17.,-42.6065932229,16.7299660077)) ;
#2666=CARTESIAN_POINT('Control Point',(13.3584713474,-40.8276347623,15.5081720571)) ;
#2667=CARTESIAN_POINT('Control Point',(10.2746724978,-38.1687403271,13.902586281)) ;
#2668=CARTESIAN_POINT('Control Point',(8.08574803352,-34.7892584302,12.0338497512)) ;
#2669=CARTESIAN_POINT('Control Point',(7.,-31.0247629055,10.1054248467)) ;
#2670=CARTESIAN_POINT('Control Point',(7.,-27.2168597947,8.29550755206)) ;
#2671=CARTESIAN_POINT('Vertex',(17.,-42.6065932229,16.7299660077)) ;
#2673=CARTESIAN_POINT('Vertex',(7.,-27.2168597947,8.29550755206)) ;
#2676=CARTESIAN_POINT('Axis2P3D Location',(17.,-7.80372072014E-015,1.13401073536E-014)) ;
#2681=CARTESIAN_POINT('Axis2P3D Location',(7.,-1.20547277615E-014,1.55747873496E-014)) ;
#2694=CARTESIAN_POINT('Control Point',(18.6306341849,-37.5432609112,18.9968449751)) ;
#2695=CARTESIAN_POINT('Control Point',(18.3044985411,-38.0514060402,19.2272347541)) ;
#2696=CARTESIAN_POINT('Control Point',(17.9904059391,-38.619547749,19.3423786131)) ;
#2697=CARTESIAN_POINT('Control Point',(17.7061451829,-39.2201019686,19.3295308393)) ;
#2698=CARTESIAN_POINT('Control Point',(17.229804437,-40.4173170654,19.0493487257)) ;
#2699=CARTESIAN_POINT('Control Point',(16.9771501705,-41.4837271847,18.3160944791)) ;
#2700=CARTESIAN_POINT('Control Point',(16.916756259,-41.9533709547,17.8498092464)) ;
#2701=CARTESIAN_POINT('Control Point',(16.9257577615,-42.3325771624,17.3105329747)) ;
#2702=CARTESIAN_POINT('Control Point',(17.0000002035,-42.6065934936,16.7299655878)) ;
#2703=CARTESIAN_POINT('Control Point',(15.7174127097,-36.1422273295,17.9630446365)) ;
#2704=CARTESIAN_POINT('Control Point',(15.2786691544,-36.5884972681,18.1494558343)) ;
#2705=CARTESIAN_POINT('Control Point',(14.8516873437,-37.0933699272,18.2232944574)) ;
#2706=CARTESIAN_POINT('Control Point',(14.4599757393,-37.6332705277,18.1745166969)) ;
#2707=CARTESIAN_POINT('Control Point',(13.7911126305,-38.723018864,17.8372973385)) ;
#2708=CARTESIAN_POINT('Control Point',(13.4073089518,-39.7219594271,17.0797118391)) ;
#2709=CARTESIAN_POINT('Control Point',(13.3008785296,-40.17098377,16.61024539)) ;
#2710=CARTESIAN_POINT('Control Point',(13.2859331631,-40.5445206964,16.0763073457)) ;
#2711=CARTESIAN_POINT('Control Point',(13.3584730474,-40.8276371015,15.5081683252)) ;
#2712=CARTESIAN_POINT('Control Point',(13.2509380419,-34.0401180271,16.6110449139)) ;
#2713=CARTESIAN_POINT('Control Point',(12.7220914766,-34.3973084741,16.7416706311)) ;
#2714=CARTESIAN_POINT('Control Point',(12.2046783394,-34.8114691607,16.7628547186)) ;
#2715=CARTESIAN_POINT('Control Point',(11.7262723419,-35.264429733,16.6678104259)) ;
#2716=CARTESIAN_POINT('Control Point',(10.8997423485,-36.1993189143,16.255832825)) ;
#2717=CARTESIAN_POINT('Control Point',(10.4023358958,-37.0980396371,15.4631623051)) ;
#2718=CARTESIAN_POINT('Control Point',(10.253295891,-37.5148091263,14.9871503601)) ;
#2719=CARTESIAN_POINT('Control Point',(10.2121129131,-37.8764855192,14.4572710558)) ;
#2720=CARTESIAN_POINT('Control Point',(10.2753788877,-38.1680699896,13.9022398746)) ;
#2721=CARTESIAN_POINT('Control Point',(11.500164097,-31.366199857,15.0362469567)) ;
#2722=CARTESIAN_POINT('Control Point',(10.9146315702,-31.6146039949,15.1043237718)) ;
#2723=CARTESIAN_POINT('Control Point',(10.3401523608,-31.9180831427,15.0665947813)) ;
#2724=CARTESIAN_POINT('Control Point',(9.80612323318,-32.2646384784,14.9196968457)) ;
#2725=CARTESIAN_POINT('Control Point',(8.87505660447,-33.0083731045,14.4232898067)) ;
#2726=CARTESIAN_POINT('Control Point',(8.29348117683,-33.7786843094,13.5889915226)) ;
#2727=CARTESIAN_POINT('Control Point',(8.10918182724,-34.1518393319,13.1039752657)) ;
#2728=CARTESIAN_POINT('Control Point',(8.04111980698,-34.4936327249,12.576492457)) ;
#2729=CARTESIAN_POINT('Control Point',(8.08691252847,-34.7893397172,12.0336731954)) ;
#2730=CARTESIAN_POINT('Control Point',(10.6306359951,-28.3880714719,13.3952416396)) ;
#2731=CARTESIAN_POINT('Control Point',(10.0266336651,-28.5219155516,13.4017596208)) ;
#2732=CARTESIAN_POINT('Control Point',(9.43323289646,-28.7085795309,13.3068002015)) ;
#2733=CARTESIAN_POINT('Control Point',(8.87937237339,-28.9419707233,13.1100488612)) ;
#2734=CARTESIAN_POINT('Control Point',(7.90613741623,-29.4793806101,12.5329001804)) ;
#2735=CARTESIAN_POINT('Control Point',(7.27815389349,-30.103123901,11.6586140994)) ;
#2736=CARTESIAN_POINT('Control Point',(7.06976055938,-30.4229056137,11.1645406363)) ;
#2737=CARTESIAN_POINT('Control Point',(6.97743605378,-30.7347339941,10.6382936543)) ;
#2738=CARTESIAN_POINT('Control Point',(7.00000252791,-31.0247683691,10.1054119857)) ;
#2739=CARTESIAN_POINT('Control Point',(10.6306341238,-25.377960101,11.8284963594)) ;
#2740=CARTESIAN_POINT('Control Point',(10.041831392,-25.4031707385,11.7800603595)) ;
#2741=CARTESIAN_POINT('Control Point',(9.46311070531,-25.4786077968,11.6351267724)) ;
#2742=CARTESIAN_POINT('Control Point',(8.92132654195,-25.6031813705,11.3957895816)) ;
#2743=CARTESIAN_POINT('Control Point',(7.96312412746,-25.9387545013,10.7510691527)) ;
#2744=CARTESIAN_POINT('Control Point',(7.32788704196,-26.410251462,9.8452048715)) ;
#2745=CARTESIAN_POINT('Control Point',(7.10925270213,-26.6708265124,9.34457464949)) ;
#2746=CARTESIAN_POINT('Control Point',(7.00000015897,-26.9438448661,8.82003771635)) ;
#2747=CARTESIAN_POINT('Control Point',(7.00000019039,-27.2168602042,8.29550658167)) ;
#2749=CARTESIAN_POINT('Control Point',(10.6306341238,-25.377960101,11.8284963594)) ;
#2750=CARTESIAN_POINT('Control Point',(9.45302866017,-25.4283813759,11.7316243596)) ;
#2751=CARTESIAN_POINT('Control Point',(8.31491685923,-25.6793058997,11.2495351887)) ;
#2752=CARTESIAN_POINT('Control Point',(7.43606538584,-26.1244403018,10.3943200035)) ;
#2753=CARTESIAN_POINT('Control Point',(7.00000012756,-26.6708295281,9.34456885103)) ;
#2754=CARTESIAN_POINT('Control Point',(7.00000019039,-27.2168602042,8.29550658167)) ;
#2755=CARTESIAN_POINT('Vertex',(10.6306341238,-25.377960101,11.8284963594)) ;
#2759=CARTESIAN_POINT('Control Point',(18.6306341849,-37.5432609112,18.9968449751)) ;
#2760=CARTESIAN_POINT('Control Point',(17.2257902938,-36.8676399585,18.4983150478)) ;
#2761=CARTESIAN_POINT('Control Point',(15.9248356468,-36.0289865554,17.925789083)) ;
#2762=CARTESIAN_POINT('Control Point',(14.7576818236,-35.0420156079,17.2900532896)) ;
#2763=CARTESIAN_POINT('Control Point',(12.6663666095,-32.7324834477,15.8693132699)) ;
#2764=CARTESIAN_POINT('Control Point',(11.3311223697,-29.9901092709,14.302327054)) ;
#2765=CARTESIAN_POINT('Control Point',(10.8637433335,-28.4864743877,13.470830615)) ;
#2766=CARTESIAN_POINT('Control Point',(10.6306350927,-26.9365043298,12.639709472)) ;
#2767=CARTESIAN_POINT('Control Point',(10.6306341238,-25.377960101,11.8284963594)) ;
#2768=CARTESIAN_POINT('Vertex',(18.6306341849,-37.5432609112,18.9968449751)) ;
#2772=CARTESIAN_POINT('Control Point',(18.6306341849,-37.5432609112,18.9968449751)) ;
#2773=CARTESIAN_POINT('Control Point',(17.9783628973,-38.5595511692,19.457624533)) ;
#2774=CARTESIAN_POINT('Control Point',(17.3734318729,-39.8162061203,19.4592519119)) ;
#2775=CARTESIAN_POINT('Control Point',(16.9630765099,-41.0904133939,18.8887829259)) ;
#2776=CARTESIAN_POINT('Control Point',(16.8515153195,-42.0585608312,17.8911003615)) ;
#2777=CARTESIAN_POINT('Control Point',(17.0000002035,-42.6065934936,16.7299655878)) ;
#2787=CARTESIAN_POINT('Control Point',(17.,-35.791872176,28.5334090991)) ;
#2788=CARTESIAN_POINT('Control Point',(13.3584711216,-33.8442882152,27.6036828104)) ;
#2789=CARTESIAN_POINT('Control Point',(10.2746725129,-31.1243632615,26.1038055833)) ;
#2790=CARTESIAN_POINT('Control Point',(8.08574795134,-27.8162483825,24.1114567083)) ;
#2791=CARTESIAN_POINT('Control Point',(7.,-24.263935988,21.8155201782)) ;
#2792=CARTESIAN_POINT('Control Point',(7.,-20.7925501849,19.4227382065)) ;
#2793=CARTESIAN_POINT('Vertex',(7.,-20.7925501849,19.4227382065)) ;
#2795=CARTESIAN_POINT('Vertex',(17.,-35.791872176,28.5334090991)) ;
#2798=CARTESIAN_POINT('Axis2P3D Location',(7.,-1.20547277615E-014,1.55747873496E-014)) ;
#2803=CARTESIAN_POINT('Axis2P3D Location',(17.,-7.80372072014E-015,1.13401073536E-014)) ;
#2816=CARTESIAN_POINT('Control Point',(18.630634183,-35.223380795,23.0149952021)) ;
#2817=CARTESIAN_POINT('Control Point',(18.3044985392,-35.6769767608,23.3398669031)) ;
#2818=CARTESIAN_POINT('Control Point',(17.9904059372,-36.0607651222,23.7743201263)) ;
#2819=CARTESIAN_POINT('Control Point',(17.7061451811,-36.3499157335,24.3008392237)) ;
#2820=CARTESIAN_POINT('Control Point',(17.2298044352,-36.7058784539,25.4777489679)) ;
#2821=CARTESIAN_POINT('Control Point',(16.9771501687,-36.6040667086,26.7679143452)) ;
#2822=CARTESIAN_POINT('Control Point',(16.9167562571,-36.4350737368,27.4077803971)) ;
#2823=CARTESIAN_POINT('Control Point',(16.9257577596,-36.1576498898,28.0058207421)) ;
#2824=CARTESIAN_POINT('Control Point',(17.0000002016,-35.7918719498,28.5334095394)) ;
#2825=CARTESIAN_POINT('Control Point',(15.7174125211,-33.6275665469,22.3185646539)) ;
#2826=CARTESIAN_POINT('Control Point',(15.2786689589,-34.0121383446,22.6118401566)) ;
#2827=CARTESIAN_POINT('Control Point',(14.8516871413,-34.3285207932,23.0121533911)) ;
#2828=CARTESIAN_POINT('Control Point',(14.4599755303,-34.5562283098,23.5041099044)) ;
#2829=CARTESIAN_POINT('Control Point',(13.7911124094,-34.8090619407,24.6164693217)) ;
#2830=CARTESIAN_POINT('Control Point',(13.4073087223,-34.6524439314,25.8603699724)) ;
#2831=CARTESIAN_POINT('Control Point',(13.3008782971,-34.4703862313,26.4839696835)) ;
#2832=CARTESIAN_POINT('Control Point',(13.2859329289,-34.1947507846,27.0744311725)) ;
#2833=CARTESIAN_POINT('Control Point',(13.3584728127,-33.844286164,27.603686682)) ;
#2834=CARTESIAN_POINT('Control Point',(13.2509373832,-31.405645425,21.174084277)) ;
#2835=CARTESIAN_POINT('Control Point',(12.722090793,-31.6973658179,21.4181074093)) ;
#2836=CARTESIAN_POINT('Control Point',(12.2046776308,-31.9227920995,21.7661890305)) ;
#2837=CARTESIAN_POINT('Control Point',(11.7262716093,-32.0669615959,22.2059865284)) ;
#2838=CARTESIAN_POINT('Control Point',(10.8997415726,-32.1776230882,23.2216130891)) ;
#2839=CARTESIAN_POINT('Control Point',(10.4023350894,-31.9405106262,24.3962633111)) ;
#2840=CARTESIAN_POINT('Control Point',(10.2532950734,-31.7366569298,24.9952022434)) ;
#2841=CARTESIAN_POINT('Control Point',(10.2121120889,-31.458606188,25.5733628371)) ;
#2842=CARTESIAN_POINT('Control Point',(10.2753780617,-31.1237273245,26.1033979866)) ;
#2843=CARTESIAN_POINT('Control Point',(11.5001641013,-28.7048709141,19.6458018719)) ;
#2844=CARTESIAN_POINT('Control Point',(10.9146315668,-28.8880291983,19.8268877356)) ;
#2845=CARTESIAN_POINT('Control Point',(10.3401523502,-29.0070944705,20.1085728622)) ;
#2846=CARTESIAN_POINT('Control Point',(9.80612321652,-29.053154757,20.4821475376)) ;
#2847=CARTESIAN_POINT('Control Point',(8.87505658035,-28.995120893,21.3744441107)) ;
#2848=CARTESIAN_POINT('Control Point',(8.29348115641,-28.6577529315,22.4587023135)) ;
#2849=CARTESIAN_POINT('Control Point',(8.10918181199,-28.4242940206,23.024372169)) ;
#2850=CARTESIAN_POINT('Control Point',(8.0411198002,-28.1383771893,23.5841153356)) ;
#2851=CARTESIAN_POINT('Control Point',(8.08691253292,-27.8161354073,24.1116147372)) ;
#2852=CARTESIAN_POINT('Control Point',(10.6306360175,-25.7946551516,17.8871701514)) ;
#2853=CARTESIAN_POINT('Control Point',(10.0266336862,-25.8672219223,17.99982353)) ;
#2854=CARTESIAN_POINT('Control Point',(9.43323291622,-25.8783166356,18.2089589844)) ;
#2855=CARTESIAN_POINT('Control Point',(8.87937239218,-25.8246205659,18.5094573537)) ;
#2856=CARTESIAN_POINT('Control Point',(7.90613743425,-25.5935000764,19.2634423051)) ;
#2857=CARTESIAN_POINT('Control Point',(7.27815391358,-25.1482177543,20.2407628808)) ;
#2858=CARTESIAN_POINT('Control Point',(7.06976058135,-24.8802284357,20.7647386999)) ;
#2859=CARTESIAN_POINT('Control Point',(6.97743607845,-24.5803993675,21.2979134912)) ;
#2860=CARTESIAN_POINT('Control Point',(7.00000255595,-24.2639274909,21.8155314635)) ;
#2861=CARTESIAN_POINT('Control Point',(10.6306341264,-22.9327583886,16.0637099651)) ;
#2862=CARTESIAN_POINT('Control Point',(10.0418313943,-22.9034169008,16.1097610175)) ;
#2863=CARTESIAN_POINT('Control Point',(9.46311070742,-22.8156192614,16.24755822)) ;
#2864=CARTESIAN_POINT('Control Point',(8.92132654388,-22.6706339607,16.475110695)) ;
#2865=CARTESIAN_POINT('Control Point',(7.9631241292,-22.2800762557,17.088085766)) ;
#2866=CARTESIAN_POINT('Control Point',(7.32788704399,-21.7313232554,17.9493462531)) ;
#2867=CARTESIAN_POINT('Control Point',(7.10925270444,-21.4280522901,18.4253259777)) ;
#2868=CARTESIAN_POINT('Control Point',(7.00000016171,-21.1102991574,18.9240352747)) ;
#2869=CARTESIAN_POINT('Control Point',(7.00000019367,-20.7925495385,19.4227390607)) ;
#2871=CARTESIAN_POINT('Control Point',(18.630634183,-35.223380795,23.0149952021)) ;
#2872=CARTESIAN_POINT('Control Point',(17.9783628955,-36.1305727266,23.6647386041)) ;
#2873=CARTESIAN_POINT('Control Point',(17.3734318711,-36.7603095535,24.752220026)) ;
#2874=CARTESIAN_POINT('Control Point',(16.9630765081,-36.9033725565,26.1409503874)) ;
#2875=CARTESIAN_POINT('Control Point',(16.8515153176,-36.5234278297,27.4782319448)) ;
#2876=CARTESIAN_POINT('Control Point',(17.0000002016,-35.7918719498,28.5334095394)) ;
#2877=CARTESIAN_POINT('Vertex',(18.630634183,-35.223380795,23.0149952021)) ;
#2881=CARTESIAN_POINT('Control Point',(18.630634183,-35.223380795,23.0149952021)) ;
#2882=CARTESIAN_POINT('Control Point',(17.2250142854,-34.4534056539,22.6789697466)) ;
#2883=CARTESIAN_POINT('Control Point',(15.9233983569,-33.537670901,22.2386369087)) ;
#2884=CARTESIAN_POINT('Control Point',(14.75574792,-32.4929029483,21.7013593053)) ;
#2885=CARTESIAN_POINT('Control Point',(12.6649781732,-30.1073756589,20.4113237241)) ;
#2886=CARTESIAN_POINT('Control Point',(11.3304010847,-27.3789614427,18.8196648271)) ;
#2887=CARTESIAN_POINT('Control Point',(10.8635035842,-25.9077806042,17.9336415301)) ;
#2888=CARTESIAN_POINT('Control Point',(10.6306351051,-24.4137993494,17.0073565918)) ;
#2889=CARTESIAN_POINT('Control Point',(10.6306341264,-22.9327583886,16.0637099651)) ;
#2890=CARTESIAN_POINT('Vertex',(10.6306341264,-22.9327583886,16.0637099651)) ;
#2894=CARTESIAN_POINT('Control Point',(10.6306341264,-22.9327583886,16.0637099651)) ;
#2895=CARTESIAN_POINT('Control Point',(9.45302866227,-22.874075413,16.1558120699)) ;
#2896=CARTESIAN_POINT('Control Point',(8.31491686086,-22.5820362054,16.6141636676)) ;
#2897=CARTESIAN_POINT('Control Point',(7.43606538741,-22.0639653296,17.4272689613)) ;
#2898=CARTESIAN_POINT('Control Point',(7.00000012976,-21.4280487763,18.4253314887)) ;
#2899=CARTESIAN_POINT('Control Point',(7.00000019367,-20.7925495385,19.4227390607)) ;
#2908=CARTESIAN_POINT('Axis2P3D Location',(27.,2.22044604925E-015,1.7763568394E-014)) ;
#2914=CARTESIAN_POINT('Control Point',(17.,6.81472148381,-45.2633750375)) ;
#2915=CARTESIAN_POINT('Control Point',(13.3584334839,6.98335205019,-43.1118319488)) ;
#2916=CARTESIAN_POINT('Control Point',(10.2745817087,7.04431495845,-40.0063314885)) ;
#2917=CARTESIAN_POINT('Control Point',(8.08575610745,6.97312756139,-36.1452648678)) ;
#2918=CARTESIAN_POINT('Control Point',(6.99999937362,6.760748311,-31.9208333318)) ;
#2919=CARTESIAN_POINT('Control Point',(7.,6.42429014538,-27.7182471993)) ;
#2920=CARTESIAN_POINT('Vertex',(17.,6.81472148381,-45.2633750375)) ;
#2922=CARTESIAN_POINT('Vertex',(7.,6.42431047245,-27.7182455719)) ;
#2925=CARTESIAN_POINT('Axis2P3D Location',(17.,2.3898388473E-015,2.6993118585E-014)) ;
#2930=CARTESIAN_POINT('Axis2P3D Location',(7.,2.55923164534E-015,3.62226687759E-014)) ;
#2943=CARTESIAN_POINT('Control Point',(18.6306339731,2.31988013035,-42.0118400705)) ;
#2944=CARTESIAN_POINT('Control Point',(18.3044983352,2.37442929154,-42.5671015466)) ;
#2945=CARTESIAN_POINT('Control Point',(17.9904057388,2.55878263427,-43.1166986251)) ;
#2946=CARTESIAN_POINT('Control Point',(17.7061449873,2.87018623548,-43.6303699459)) ;
#2947=CARTESIAN_POINT('Control Point',(17.2298042477,3.71143859423,-44.5270975745)) ;
#2948=CARTESIAN_POINT('Control Point',(16.9771499803,4.87966043867,-45.0840087114)) ;
#2949=CARTESIAN_POINT('Control Point',(16.9167560661,5.51829717099,-45.2575895362)) ;
#2950=CARTESIAN_POINT('Control Point',(16.925757564,6.17492721794,-45.3163536173)) ;
#2951=CARTESIAN_POINT('Control Point',(16.9999999998,6.81472148403,-45.2633750373)) ;
#2952=CARTESIAN_POINT('Control Point',(15.7173804797,2.51466284161,-40.2815903417)) ;
#2953=CARTESIAN_POINT('Control Point',(15.2786357881,2.57636103617,-40.761276215)) ;
#2954=CARTESIAN_POINT('Control Point',(14.8516528359,2.76485124545,-41.2354272481)) ;
#2955=CARTESIAN_POINT('Control Point',(14.4599401392,3.07704427132,-41.6786052368)) ;
#2956=CARTESIAN_POINT('Control Point',(13.791075054,3.91395876998,-42.4537440016)) ;
#2957=CARTESIAN_POINT('Control Point',(13.4072699815,5.06951702925,-42.9400584664)) ;
#2958=CARTESIAN_POINT('Control Point',(13.3008390498,5.70059890764,-43.0941915727)) ;
#2959=CARTESIAN_POINT('Control Point',(13.2858933888,6.34977113359,-43.1507150624)) ;
#2960=CARTESIAN_POINT('Control Point',(13.3584331988,6.98335205041,-43.1118317827)) ;
#2961=CARTESIAN_POINT('Control Point',(13.2506766693,2.63448869646,-37.7849532776)) ;
#2962=CARTESIAN_POINT('Control Point',(12.7218203242,2.69995922766,-38.1595942789)) ;
#2963=CARTESIAN_POINT('Control Point',(12.2043973669,2.88869367804,-38.5288521588)) ;
#2964=CARTESIAN_POINT('Control Point',(11.7259819721,3.19748435017,-38.8735980763)) ;
#2965=CARTESIAN_POINT('Control Point',(10.899434971,4.02171050376,-39.4772345667)) ;
#2966=CARTESIAN_POINT('Control Point',(10.4020164971,5.15754127959,-39.8592073035)) ;
#2967=CARTESIAN_POINT('Control Point',(10.2529720842,5.77816318544,-39.9821325132)) ;
#2968=CARTESIAN_POINT('Control Point',(10.2117865365,6.41788916463,-40.0304138646)) ;
#2969=CARTESIAN_POINT('Control Point',(10.2750518276,7.0443516296,-40.0054196244)) ;
#2970=CARTESIAN_POINT('Control Point',(11.5001248939,2.66131858513,-34.6817488054)) ;
#2971=CARTESIAN_POINT('Control Point',(10.9145907592,2.72656394045,-34.9309002295)) ;
#2972=CARTESIAN_POINT('Control Point',(10.3401099449,2.91097734768,-35.1748451071)) ;
#2973=CARTESIAN_POINT('Control Point',(9.80607930434,3.21147197932,-35.4015110704)) ;
#2974=CARTESIAN_POINT('Control Point',(8.87501000725,4.01323974423,-35.7973809846)) ;
#2975=CARTESIAN_POINT('Control Point',(8.29343283848,5.1209183769,-36.0473266161)) ;
#2976=CARTESIAN_POINT('Control Point',(8.10913290444,5.72753208464,-36.1279747734)) ;
#2977=CARTESIAN_POINT('Control Point',(8.04107060563,6.35524210748,-36.1602316406)) ;
#2978=CARTESIAN_POINT('Control Point',(8.08686333431,6.9731906933,-36.1449103059)) ;
#2979=CARTESIAN_POINT('Control Point',(10.6306477172,2.59341112595,-31.2823210216)) ;
#2980=CARTESIAN_POINT('Control Point',(10.0266446283,2.65468823535,-31.4014881801)) ;
#2981=CARTESIAN_POINT('Control Point',(9.4332431409,2.83025773587,-31.5156599942)) ;
#2982=CARTESIAN_POINT('Control Point',(8.87938208359,3.11734566678,-31.6194029664)) ;
#2983=CARTESIAN_POINT('Control Point',(7.90614669533,3.88587807438,-31.7962318262)) ;
#2984=CARTESIAN_POINT('Control Point',(7.27816427193,4.95490654956,-31.8992608902)) ;
#2985=CARTESIAN_POINT('Control Point',(7.06977193645,5.54267908241,-31.9291611705)) ;
#2986=CARTESIAN_POINT('Control Point',(6.97744887264,6.15433791672,-31.9360876436)) ;
#2987=CARTESIAN_POINT('Control Point',(7.00001714499,6.76084527762,-31.9208233802)) ;
#2988=CARTESIAN_POINT('Control Point',(10.6306376423,2.44520138205,-27.8922061865)) ;
#2989=CARTESIAN_POINT('Control Point',(10.0418345812,2.49975350112,-27.8898209201)) ;
#2990=CARTESIAN_POINT('Control Point',(9.46311358097,2.66298836247,-27.882684209)) ;
#2991=CARTESIAN_POINT('Control Point',(8.92132917692,2.93254756742,-27.8708991739)) ;
#2992=CARTESIAN_POINT('Control Point',(7.96312653347,3.65867932476,-27.8391532239)) ;
#2993=CARTESIAN_POINT('Control Point',(7.32788982889,4.67893050479,-27.7945489834)) ;
#2994=CARTESIAN_POINT('Control Point',(7.10925585914,5.24277714921,-27.7698983124)) ;
#2995=CARTESIAN_POINT('Control Point',(7.00000386504,5.83354921018,-27.7440705625)) ;
#2996=CARTESIAN_POINT('Control Point',(7.0000045922,6.4243146244,-27.7182431641)) ;
#2998=CARTESIAN_POINT('Control Point',(10.6306376423,2.44520138205,-27.8922061865)) ;
#2999=CARTESIAN_POINT('Control Point',(9.45303152009,2.55430562019,-27.8874356537)) ;
#3000=CARTESIAN_POINT('Control Point',(8.31491911926,3.09727001491,-27.8636974123)) ;
#3001=CARTESIAN_POINT('Control Point',(7.43606758674,4.06047663006,-27.821586941)) ;
#3002=CARTESIAN_POINT('Control Point',(7.00000313788,5.24278379595,-27.769897961)) ;
#3003=CARTESIAN_POINT('Control Point',(7.0000045922,6.4243146244,-27.7182431641)) ;
#3004=CARTESIAN_POINT('Vertex',(10.630633972,2.44520172211,-27.8922061717)) ;
#3008=CARTESIAN_POINT('Control Point',(18.6306339731,2.31988013035,-42.0118400705)) ;
#3009=CARTESIAN_POINT('Control Point',(18.6033201424,2.32170635729,-41.9956177444)) ;
#3010=CARTESIAN_POINT('Control Point',(18.5760455651,2.32352599522,-41.9793280498)) ;
#3011=CARTESIAN_POINT('Control Point',(18.548810462,2.3253390295,-41.9629711202)) ;
#3012=CARTESIAN_POINT('Control Point',(16.9277274113,2.43301714966,-40.9839560009)) ;
#3013=CARTESIAN_POINT('Control Point',(15.448465147,2.51712828103,-39.7670029187)) ;
#3014=CARTESIAN_POINT('Control Point',(14.1752678945,2.57414230263,-38.3677733228)) ;
#3015=CARTESIAN_POINT('Control Point',(12.2701867516,2.62786763804,-35.5516568971)) ;
#3016=CARTESIAN_POINT('Control Point',(11.1389191455,2.59325151457,-32.3578696678)) ;
#3017=CARTESIAN_POINT('Control Point',(10.7998378989,2.56033350072,-30.8849530967)) ;
#3018=CARTESIAN_POINT('Control Point',(10.6306420866,2.51058053367,-29.3876735289)) ;
#3019=CARTESIAN_POINT('Control Point',(10.6306376423,2.44520138205,-27.8922061865)) ;
#3020=CARTESIAN_POINT('Vertex',(18.6306339731,2.31988013035,-42.0118400705)) ;
#3024=CARTESIAN_POINT('Control Point',(18.6306339731,2.31988013035,-42.0118400705)) ;
#3025=CARTESIAN_POINT('Control Point',(17.9783626972,2.42897845273,-43.1223630227)) ;
#3026=CARTESIAN_POINT('Control Point',(17.3734316837,3.05589656236,-44.2114718161)) ;
#3027=CARTESIAN_POINT('Control Point',(16.9630763248,4.18704080882,-45.0297331918)) ;
#3028=CARTESIAN_POINT('Control Point',(16.8515151282,5.53513295185,-45.3693321972)) ;
#3029=CARTESIAN_POINT('Control Point',(16.9999999998,6.81472148403,-45.2633750373)) ;
#3038=CARTESIAN_POINT('Axis2P3D Location',(27.,-5.3290705182E-015,-1.06581410364E-014)) ;
#3044=CARTESIAN_POINT('Control Point',(17.,42.6065933854,16.729965594)) ;
#3045=CARTESIAN_POINT('Control Point',(13.3584334972,40.827617703,15.5081556999)) ;
#3046=CARTESIAN_POINT('Control Point',(10.2745816892,38.1686568512,13.9026100315)) ;
#3047=CARTESIAN_POINT('Control Point',(8.08575611713,34.7892813871,12.033726825)) ;
#3048=CARTESIAN_POINT('Control Point',(6.99999937362,31.0246267308,10.10543688)) ;
#3049=CARTESIAN_POINT('Control Point',(7.,27.2168512956,8.29552513245)) ;
#3050=CARTESIAN_POINT('Vertex',(7.,27.2168600498,8.295506715)) ;
#3052=CARTESIAN_POINT('Vertex',(17.,42.6065933854,16.729965594)) ;
#3055=CARTESIAN_POINT('Axis2P3D Location',(7.,-6.12407555433E-015,-1.87419903414E-014)) ;
#3060=CARTESIAN_POINT('Axis2P3D Location',(17.,-5.72657303627E-015,-1.47000656889E-014)) ;
#3073=CARTESIAN_POINT('Control Point',(18.6306339731,37.543260826,18.9968449087)) ;
#3074=CARTESIAN_POINT('Control Point',(18.3044983352,38.0514059506,19.2272346873)) ;
#3075=CARTESIAN_POINT('Control Point',(17.9904057388,38.6195476538,19.3423785485)) ;
#3076=CARTESIAN_POINT('Control Point',(17.7061449873,39.2201018674,19.3295307794)) ;
#3077=CARTESIAN_POINT('Control Point',(17.2298042477,40.4173169534,19.04934868)) ;
#3078=CARTESIAN_POINT('Control Point',(16.9771499803,41.4837270678,18.316094454)) ;
#3079=CARTESIAN_POINT('Control Point',(16.9167560661,41.9533708379,17.8498092324)) ;
#3080=CARTESIAN_POINT('Control Point',(16.925757564,42.3325770484,17.3105329714)) ;
#3081=CARTESIAN_POINT('Control Point',(16.9999999998,42.6065933854,16.7299655938)) ;
#3082=CARTESIAN_POINT('Control Point',(15.7173804908,36.1422119668,17.963033272)) ;
#3083=CARTESIAN_POINT('Control Point',(15.2786357996,36.5884812165,18.149444005)) ;
#3084=CARTESIAN_POINT('Control Point',(14.8516528479,37.0933531613,18.2232822121)) ;
#3085=CARTESIAN_POINT('Control Point',(14.4599401515,37.633253071,18.1745041152)) ;
#3086=CARTESIAN_POINT('Control Point',(13.7910750671,38.7230001825,17.8372842812)) ;
#3087=CARTESIAN_POINT('Control Point',(13.4072699951,39.7219399932,17.0796987056)) ;
#3088=CARTESIAN_POINT('Control Point',(13.3008390636,40.170964118,16.6102323202)) ;
#3089=CARTESIAN_POINT('Control Point',(13.2858934026,40.544501009,16.076294426)) ;
#3090=CARTESIAN_POINT('Control Point',(13.3584332127,40.8276175594,15.5081556167)) ;
#3091=CARTESIAN_POINT('Control Point',(13.2506760964,34.0399735002,16.6109423027)) ;
#3092=CARTESIAN_POINT('Control Point',(12.7218197289,34.3971573786,16.7415636516)) ;
#3093=CARTESIAN_POINT('Control Point',(12.2043967491,34.8113112964,16.762743755)) ;
#3094=CARTESIAN_POINT('Control Point',(11.725981333,35.2642653435,16.6676961402)) ;
#3095=CARTESIAN_POINT('Control Point',(10.8994342937,36.1991429355,16.2557135869)) ;
#3096=CARTESIAN_POINT('Control Point',(10.4020157938,37.0978564044,15.4630416443)) ;
#3097=CARTESIAN_POINT('Control Point',(10.2529713719,37.5146237078,14.9870299119)) ;
#3098=CARTESIAN_POINT('Control Point',(10.2117858195,37.8762995732,14.4571516391)) ;
#3099=CARTESIAN_POINT('Control Point',(10.2750511104,38.1678851605,13.9021221122)) ;
#3100=CARTESIAN_POINT('Control Point',(11.5001248938,31.3659348055,15.0361049003)) ;
#3101=CARTESIAN_POINT('Control Point',(10.9145907591,31.6143289458,15.1041764772)) ;
#3102=CARTESIAN_POINT('Control Point',(10.3401099448,31.9177981106,15.0664422205)) ;
#3103=CARTESIAN_POINT('Control Point',(9.80607930422,32.2643439088,14.9195392174)) ;
#3104=CARTESIAN_POINT('Control Point',(8.87501000715,33.0080611934,14.4231229222)) ;
#3105=CARTESIAN_POINT('Control Point',(8.29343283839,33.7783597763,13.5888179028)) ;
#3106=CARTESIAN_POINT('Control Point',(8.10913290436,34.1515099831,13.1037991003)) ;
#3107=CARTESIAN_POINT('Control Point',(8.04107060556,34.4933002609,12.5763147079)) ;
#3108=CARTESIAN_POINT('Control Point',(8.08686333424,34.7890058888,12.033494867)) ;
#3109=CARTESIAN_POINT('Control Point',(10.6306477171,28.3879902571,13.3952005933)) ;
#3110=CARTESIAN_POINT('Control Point',(10.0266446282,28.5218305983,13.4017166391)) ;
#3111=CARTESIAN_POINT('Control Point',(9.43324314083,28.7084910399,13.3067548986)) ;
#3112=CARTESIAN_POINT('Control Point',(8.87938208354,28.9418790548,13.1100009434)) ;
#3113=CARTESIAN_POINT('Control Point',(7.90614669528,29.4792835434,12.5328467847)) ;
#3114=CARTESIAN_POINT('Control Point',(7.27816427188,30.1030235677,11.6585554998)) ;
#3115=CARTESIAN_POINT('Control Point',(7.0697719364,30.4228042364,11.1644796948)) ;
#3116=CARTESIAN_POINT('Control Point',(6.97744887259,30.7346321552,10.6382308425)) ;
#3117=CARTESIAN_POINT('Control Point',(7.00001714495,31.0246665958,10.1053479286)) ;
#3118=CARTESIAN_POINT('Control Point',(10.6306376423,25.3779598162,11.828496579)) ;
#3119=CARTESIAN_POINT('Control Point',(10.0418345812,25.4031701744,11.7800604249)) ;
#3120=CARTESIAN_POINT('Control Point',(9.46311358095,25.4786070319,11.6351265326)) ;
#3121=CARTESIAN_POINT('Control Point',(8.9213291769,25.6031804946,11.3957888958)) ;
#3122=CARTESIAN_POINT('Control Point',(7.96312653346,25.9387535741,10.7510673724)) ;
#3123=CARTESIAN_POINT('Control Point',(7.32788982888,26.4102507587,9.84520181198)) ;
#3124=CARTESIAN_POINT('Control Point',(7.10925585912,26.6708259736,9.34457095859)) ;
#3125=CARTESIAN_POINT('Control Point',(7.00000386503,26.9438445166,8.82003347102)) ;
#3126=CARTESIAN_POINT('Control Point',(7.00000459219,27.2168600405,8.29550191539)) ;
#3128=CARTESIAN_POINT('Control Point',(18.6306339731,37.543260826,18.9968449087)) ;
#3129=CARTESIAN_POINT('Control Point',(17.9783626972,38.5595510752,19.457624466)) ;
#3130=CARTESIAN_POINT('Control Point',(17.3734316837,39.8162060126,19.4592518537)) ;
#3131=CARTESIAN_POINT('Control Point',(16.9630763247,41.0904132742,18.8887828888)) ;
#3132=CARTESIAN_POINT('Control Point',(16.8515151282,42.0585607115,17.891100349)) ;
#3133=CARTESIAN_POINT('Control Point',(16.9999999998,42.6065933854,16.7299655938)) ;
#3134=CARTESIAN_POINT('Vertex',(18.6306339731,37.543260826,18.9968449087)) ;
#3138=CARTESIAN_POINT('Control Point',(18.6306339731,37.543260826,18.9968449087)) ;
#3139=CARTESIAN_POINT('Control Point',(18.6033201424,37.5301249929,18.9871521867)) ;
#3140=CARTESIAN_POINT('Control Point',(18.5760455651,37.5169275225,18.9774314867)) ;
#3141=CARTESIAN_POINT('Control Point',(18.5488104619,37.503668523,18.9676828881)) ;
#3142=CARTESIAN_POINT('Control Point',(16.927727411,36.709655619,18.3849233409)) ;
#3143=CARTESIAN_POINT('Control Point',(15.4484651466,35.6977989001,17.7036044232)) ;
#3144=CARTESIAN_POINT('Control Point',(14.1752678942,34.5145375353,16.9546140342)) ;
#3145=CARTESIAN_POINT('Control Point',(12.2701867515,32.1025718383,15.5000283161)) ;
#3146=CARTESIAN_POINT('Control Point',(11.1389191453,29.3193629016,13.9331131437)) ;
#3147=CARTESIAN_POINT('Control Point',(10.7998378989,28.0273207266,13.2251626945)) ;
#3148=CARTESIAN_POINT('Control Point',(10.6306420866,26.7057621009,12.519610244)) ;
#3149=CARTESIAN_POINT('Control Point',(10.6306376423,25.3779598162,11.828496579)) ;
#3150=CARTESIAN_POINT('Vertex',(10.630633972,25.3779599733,11.8284962771)) ;
#3154=CARTESIAN_POINT('Control Point',(10.6306376423,25.3779598162,11.828496579)) ;
#3155=CARTESIAN_POINT('Control Point',(9.45303152007,25.4283805326,11.7316242707)) ;
#3156=CARTESIAN_POINT('Control Point',(8.31491911925,25.6793048099,11.2495341909)) ;
#3157=CARTESIAN_POINT('Control Point',(7.43606758673,26.1244393795,10.3943175574)) ;
#3158=CARTESIAN_POINT('Control Point',(7.00000313787,26.6708289927,9.34456502665)) ;
#3159=CARTESIAN_POINT('Control Point',(7.00000459219,27.2168600405,8.29550191539)) ;
#3169=CARTESIAN_POINT('Control Point',(17.,35.7918719016,28.5334094434)) ;
#3170=CARTESIAN_POINT('Control Point',(13.3584334838,33.8442656462,27.6036762534)) ;
#3171=CARTESIAN_POINT('Control Point',(10.2745817089,31.1243419021,26.1037214506)) ;
#3172=CARTESIAN_POINT('Control Point',(8.08575610737,27.8161538211,24.1115380458)) ;
#3173=CARTESIAN_POINT('Control Point',(6.99999937362,24.2638784198,21.8153964518)) ;
#3174=CARTESIAN_POINT('Control Point',(7.,20.7925611503,19.4227220668)) ;
#3175=CARTESIAN_POINT('Vertex',(17.,35.7918719016,28.5334094434)) ;
#3177=CARTESIAN_POINT('Vertex',(7.,20.7925495774,19.4227388569)) ;
#3180=CARTESIAN_POINT('Axis2P3D Location',(17.,-5.72657303627E-015,-1.47000656889E-014)) ;
#3185=CARTESIAN_POINT('Axis2P3D Location',(7.,-6.12407555433E-015,-1.87419903414E-014)) ;
#3198=CARTESIAN_POINT('Control Point',(18.6306339731,35.2233806956,23.0149951619)) ;
#3199=CARTESIAN_POINT('Control Point',(18.3044983352,35.6769766591,23.3398668593)) ;
#3200=CARTESIAN_POINT('Control Point',(17.9904057388,36.0607650195,23.7743200766)) ;
#3201=CARTESIAN_POINT('Control Point',(17.7061449873,36.3499156319,24.3008391665)) ;
#3202=CARTESIAN_POINT('Control Point',(17.2298042477,36.7058783592,25.4777488944)) ;
#3203=CARTESIAN_POINT('Control Point',(16.9771499803,36.6040666292,26.7679142574)) ;
#3204=CARTESIAN_POINT('Control Point',(16.9167560661,36.4350736669,27.4077803038)) ;
#3205=CARTESIAN_POINT('Control Point',(16.925757564,36.1576498305,28.0058206459)) ;
#3206=CARTESIAN_POINT('Control Point',(16.9999999998,35.7918719013,28.5334094436)) ;
#3207=CARTESIAN_POINT('Control Point',(15.7173804796,33.6275491199,22.3185570736)) ;
#3208=CARTESIAN_POINT('Control Point',(15.278635788,34.0121201748,22.6118322141)) ;
#3209=CARTESIAN_POINT('Control Point',(14.8516528359,34.32850191,23.0121450403)) ;
#3210=CARTESIAN_POINT('Control Point',(14.4599401391,34.5562087936,23.5041011259)) ;
#3211=CARTESIAN_POINT('Control Point',(13.7910750539,34.8090414061,24.616459725)) ;
#3212=CARTESIAN_POINT('Control Point',(13.4072699814,34.6524229572,25.8603597654)) ;
#3213=CARTESIAN_POINT('Control Point',(13.3008390497,34.4703652036,26.4839592571)) ;
#3214=CARTESIAN_POINT('Control Point',(13.2858933887,34.1947298686,27.0744206411)) ;
#3215=CARTESIAN_POINT('Control Point',(13.3584331988,33.8442655022,27.6036761705)) ;
#3216=CARTESIAN_POINT('Control Point',(13.2506766692,31.4054850708,21.1740107758)) ;
#3217=CARTESIAN_POINT('Control Point',(12.721820324,31.6971984297,21.4180304197)) ;
#3218=CARTESIAN_POINT('Control Point',(12.2043973667,31.922617909,21.7661081882)) ;
#3219=CARTESIAN_POINT('Control Point',(11.725981972,32.0667812953,22.2059017135)) ;
#3220=CARTESIAN_POINT('Control Point',(10.8994349708,32.1774327539,23.2215207462)) ;
#3221=CARTESIAN_POINT('Control Point',(10.4020164969,31.9403154596,24.3961654209)) ;
#3222=CARTESIAN_POINT('Control Point',(10.2529720841,31.736460861,24.9951023624)) ;
#3223=CARTESIAN_POINT('Control Point',(10.2117865363,31.4584107483,25.5732619875)) ;
#3224=CARTESIAN_POINT('Control Point',(10.2750518275,31.1235338688,26.1032972766)) ;
#3225=CARTESIAN_POINT('Control Point',(11.5001248938,28.7046162204,19.6456439049)) ;
#3226=CARTESIAN_POINT('Control Point',(10.9145907591,28.8877650055,19.8267237522)) ;
#3227=CARTESIAN_POINT('Control Point',(10.3401099448,29.006820763,20.1084028864)) ;
#3228=CARTESIAN_POINT('Control Point',(9.80607930426,29.0528719295,20.4819718528)) ;
#3229=CARTESIAN_POINT('Control Point',(8.87501000719,28.9948214493,21.3742580622)) ;
#3230=CARTESIAN_POINT('Control Point',(8.29343283843,28.6574413995,22.458508713)) ;
#3231=CARTESIAN_POINT('Control Point',(8.10913290439,28.4239778986,23.0241756729)) ;
#3232=CARTESIAN_POINT('Control Point',(8.04107060558,28.1380581536,23.5839169324)) ;
#3233=CARTESIAN_POINT('Control Point',(8.08686333426,27.8158151956,24.1114154387)) ;
#3234=CARTESIAN_POINT('Control Point',(10.6306477172,25.7945791311,17.8871204283)) ;
#3235=CARTESIAN_POINT('Control Point',(10.0266446282,25.8671423629,17.999771541)) ;
#3236=CARTESIAN_POINT('Control Point',(9.43324314086,25.878233304,18.2089050956)) ;
#3237=CARTESIAN_POINT('Control Point',(8.87938208356,25.824533388,18.509402023)) ;
#3238=CARTESIAN_POINT('Control Point',(7.9061466953,25.593405469,19.2633850415)) ;
#3239=CARTESIAN_POINT('Control Point',(7.2781642719,25.1481170181,20.2407053904)) ;
#3240=CARTESIAN_POINT('Control Point',(7.06977193642,24.880125154,20.7646814756)) ;
#3241=CARTESIAN_POINT('Control Point',(6.97744887261,24.5802942385,21.2978568012)) ;
#3242=CARTESIAN_POINT('Control Point',(7.00001714496,24.2638213181,21.8154754516)) ;
#3243=CARTESIAN_POINT('Control Point',(10.6306376423,22.9327584341,16.0637096075)) ;
#3244=CARTESIAN_POINT('Control Point',(10.0418345812,22.9034166733,16.1097604952)) ;
#3245=CARTESIAN_POINT('Control Point',(9.46311358096,22.8156186695,16.2475576764)) ;
#3246=CARTESIAN_POINT('Control Point',(8.92132917691,22.6706329272,16.4751102781)) ;
#3247=CARTESIAN_POINT('Control Point',(7.96312653347,22.2800742494,17.0880858515)) ;
#3248=CARTESIAN_POINT('Control Point',(7.32788982888,21.7313202539,17.9493471714)) ;
#3249=CARTESIAN_POINT('Control Point',(7.10925585913,21.4280488244,18.4253273538)) ;
#3250=CARTESIAN_POINT('Control Point',(7.00000386503,21.1102953065,18.9240370915)) ;
#3251=CARTESIAN_POINT('Control Point',(7.0000045922,20.7925454162,19.4227412487)) ;
#3253=CARTESIAN_POINT('Control Point',(10.6306376423,22.9327584341,16.0637096075)) ;
#3254=CARTESIAN_POINT('Control Point',(9.45303152008,22.8740749124,16.1558113829)) ;
#3255=CARTESIAN_POINT('Control Point',(8.31491911925,22.582034795,16.6141632214)) ;
#3256=CARTESIAN_POINT('Control Point',(7.43606758674,22.0639627495,17.4272693836)) ;
#3257=CARTESIAN_POINT('Control Point',(7.00000313787,21.4280451968,18.4253329343)) ;
#3258=CARTESIAN_POINT('Control Point',(7.0000045922,20.7925454162,19.4227412487)) ;
#3259=CARTESIAN_POINT('Vertex',(10.630633972,22.9327582512,16.0637098946)) ;
#3263=CARTESIAN_POINT('Control Point',(18.6306339731,35.2233806956,23.0149951619)) ;
#3264=CARTESIAN_POINT('Control Point',(18.6033201423,35.2084186356,23.0084655577)) ;
#3265=CARTESIAN_POINT('Control Point',(18.5760455651,35.1934015273,23.0018965631)) ;
#3266=CARTESIAN_POINT('Control Point',(18.548810462,35.1783294935,22.995288232)) ;
#3267=CARTESIAN_POINT('Control Point',(16.9277274112,34.2766384695,22.5990326599)) ;
#3268=CARTESIAN_POINT('Control Point',(15.4484651467,33.1806706192,22.0633984952)) ;
#3269=CARTESIAN_POINT('Control Point',(14.1752678944,31.9403952328,21.4131592884)) ;
#3270=CARTESIAN_POINT('Control Point',(12.2701867516,29.4747042004,20.0516285808)) ;
#3271=CARTESIAN_POINT('Control Point',(11.1389191454,26.7261113872,18.4247565238)) ;
#3272=CARTESIAN_POINT('Control Point',(10.7998378989,25.466987226,17.6597904021)) ;
#3273=CARTESIAN_POINT('Control Point',(10.6306420866,24.1951815672,16.8680632848)) ;
#3274=CARTESIAN_POINT('Control Point',(10.6306376423,22.9327584341,16.0637096075)) ;
#3275=CARTESIAN_POINT('Vertex',(18.6306339731,35.2233806956,23.0149951619)) ;
#3279=CARTESIAN_POINT('Control Point',(18.6306339731,35.2233806956,23.0149951619)) ;
#3280=CARTESIAN_POINT('Control Point',(17.9783626972,36.1305726225,23.6647385567)) ;
#3281=CARTESIAN_POINT('Control Point',(17.3734316837,36.7603094502,24.7522199624)) ;
#3282=CARTESIAN_POINT('Control Point',(16.9630763248,36.9033724653,26.140950303)) ;
#3283=CARTESIAN_POINT('Control Point',(16.8515151282,36.5234277596,27.4782318482)) ;
#3284=CARTESIAN_POINT('Control Point',(16.9999999998,35.7918719013,28.5334094436)) ;
#3294=CARTESIAN_POINT('Control Point',(17.,-6.81472148381,-45.2633750375)) ;
#3295=CARTESIAN_POINT('Control Point',(13.3584334973,-6.98335204956,-43.1118319567)) ;
#3296=CARTESIAN_POINT('Control Point',(10.2745816889,-7.04431495942,-40.006331477)) ;
#3297=CARTESIAN_POINT('Control Point',(8.08575611712,-6.97312756089,-36.145264873)) ;
#3298=CARTESIAN_POINT('Control Point',(6.99999937362,-6.76074831101,-31.9208333317)) ;
#3299=CARTESIAN_POINT('Control Point',(7.,-6.42429014538,-27.7182471993)) ;
#3300=CARTESIAN_POINT('Vertex',(7.,-6.42431047245,-27.7182455719)) ;
#3302=CARTESIAN_POINT('Vertex',(17.,-6.81472148381,-45.2633750375)) ;
#3305=CARTESIAN_POINT('Axis2P3D Location',(7.,2.55923164534E-015,3.62226687759E-014)) ;
#3310=CARTESIAN_POINT('Axis2P3D Location',(17.,2.3898388473E-015,2.6993118585E-014)) ;
#3322=CARTESIAN_POINT('Axis2P3D Location',(7.,-3.5527136788E-015,0.)) ;
#3327=CARTESIAN_POINT('Line Origine',(7.,2.6645352591E-015,-5.52597657328)) ;
#3331=CARTESIAN_POINT('Vertex',(7.,-5.45409812887,-5.52597657328)) ;
#3333=CARTESIAN_POINT('Vertex',(7.,5.45409812887,-5.52597657328)) ;
#3336=CARTESIAN_POINT('Line Origine',(7.,5.93920430066,-16.6221110726)) ;
#3342=CARTESIAN_POINT('Control Point',(7.,37.3964234094,-30.0644313359)) ;
#3343=CARTESIAN_POINT('Control Point',(7.,37.3540624045,-30.0022095675)) ;
#3344=CARTESIAN_POINT('Control Point',(7.,37.3113798705,-29.9400934429)) ;
#3345=CARTESIAN_POINT('Control Point',(7.,37.268373615,-29.878084901)) ;
#3346=CARTESIAN_POINT('Control Point',(7.,36.4277969516,-28.6773426698)) ;
#3347=CARTESIAN_POINT('Control Point',(7.,35.4637063946,-27.5186194517)) ;
#3348=CARTESIAN_POINT('Control Point',(7.,34.4203300777,-26.4651729715)) ;
#3349=CARTESIAN_POINT('Control Point',(7.,32.5825041943,-24.9558438032)) ;
#3350=CARTESIAN_POINT('Control Point',(7.,30.3819174312,-23.738351033)) ;
#3351=CARTESIAN_POINT('Control Point',(7.,29.5599050915,-23.3528726301)) ;
#3352=CARTESIAN_POINT('Control Point',(7.,28.4124562968,-22.9139688267)) ;
#3353=CARTESIAN_POINT('Control Point',(7.,27.2166410443,-22.5865536533)) ;
#3354=CARTESIAN_POINT('Control Point',(7.,26.9165008557,-22.5122336438)) ;
#3355=CARTESIAN_POINT('Control Point',(7.,26.6143404014,-22.4452712737)) ;
#3356=CARTESIAN_POINT('Control Point',(7.,26.3107168656,-22.3857757265)) ;
#3359=CARTESIAN_POINT('Control Point',(7.,32.5420088954,-11.5928613341)) ;
#3360=CARTESIAN_POINT('Control Point',(7.,33.0464652775,-12.171400968)) ;
#3361=CARTESIAN_POINT('Control Point',(7.,33.5862187314,-12.7191629548)) ;
#3362=CARTESIAN_POINT('Control Point',(7.,34.1552695112,-13.2292664387)) ;
#3363=CARTESIAN_POINT('Control Point',(7.,35.5069910391,-14.3032586051)) ;
#3364=CARTESIAN_POINT('Control Point',(7.,36.9398063097,-15.1633895327)) ;
#3365=CARTESIAN_POINT('Control Point',(7.,37.759603591,-15.5800298419)) ;
#3366=CARTESIAN_POINT('Control Point',(7.,39.6607229063,-16.3993422194)) ;
#3367=CARTESIAN_POINT('Control Point',(7.,41.5623922991,-16.9211782737)) ;
#3368=CARTESIAN_POINT('Control Point',(7.,42.6325310572,-17.134803602)) ;
#3369=CARTESIAN_POINT('Control Point',(7.,43.6905490703,-17.2764886115)) ;
#3370=CARTESIAN_POINT('Control Point',(7.,44.7347812011,-17.3540387968)) ;
#3372=CARTESIAN_POINT('Line Origine',(7.,17.3647726037,3.16755373365)) ;
#3376=CARTESIAN_POINT('Vertex',(7.,7.51268515761,-1.96039924769)) ;
#3379=CARTESIAN_POINT('Line Origine',(7.,4.78563609317,2.76298828664)) ;
#3383=CARTESIAN_POINT('Vertex',(7.,2.05858702874,7.48637582097)) ;
#3386=CARTESIAN_POINT('Line Origine',(7.,11.4255683031,13.4545573389)) ;
#3392=CARTESIAN_POINT('Control Point',(7.,7.3383459434,47.4184689143)) ;
#3393=CARTESIAN_POINT('Control Point',(7.,7.30564046678,47.3506717425)) ;
#3394=CARTESIAN_POINT('Control Point',(7.,7.27318724738,47.2826489325)) ;
#3395=CARTESIAN_POINT('Control Point',(7.,7.24098906043,47.2143995549)) ;
#3396=CARTESIAN_POINT('Control Point',(7.,6.62140493569,45.8860718364)) ;
#3397=CARTESIAN_POINT('Control Point',(7.,6.09996598155,44.4717864423)) ;
#3398=CARTESIAN_POINT('Control Point',(7.,5.70934155405,43.0414754027)) ;
#3399=CARTESIAN_POINT('Control Point',(7.,5.32113456871,40.6952064908)) ;
#3400=CARTESIAN_POINT('Control Point',(7.,5.36704607666,38.1806959879)) ;
#3401=CARTESIAN_POINT('Control Point',(7.,5.44421778122,37.2760710311)) ;
#3402=CARTESIAN_POINT('Control Point',(7.,5.6378395659,36.0629008159)) ;
#3403=CARTESIAN_POINT('Control Point',(7.,5.95219615596,34.863588655)) ;
#3404=CARTESIAN_POINT('Control Point',(7.,6.0379019646,34.5665030928)) ;
#3405=CARTESIAN_POINT('Control Point',(7.,6.13098963259,34.2713467045)) ;
#3406=CARTESIAN_POINT('Control Point',(7.,6.23127513266,33.9786565933)) ;
#3409=CARTESIAN_POINT('Control Point',(7.,-6.23127513262,33.9786565935)) ;
#3410=CARTESIAN_POINT('Control Point',(7.,-5.98247454739,34.7047981684)) ;
#3411=CARTESIAN_POINT('Control Point',(7.,-5.77797667628,35.4461189947)) ;
#3412=CARTESIAN_POINT('Control Point',(7.,-5.62074059121,36.1939828216)) ;
#3413=CARTESIAN_POINT('Control Point',(7.,-5.36649899791,37.9016050388)) ;
#3414=CARTESIAN_POINT('Control Point',(7.,-5.33801379258,39.5725263389)) ;
#3415=CARTESIAN_POINT('Control Point',(7.,-5.38709291024,40.4908132255)) ;
#3416=CARTESIAN_POINT('Control Point',(7.,-5.62811067101,42.5468843151)) ;
#3417=CARTESIAN_POINT('Control Point',(7.,-6.12702458796,44.4546927185)) ;
#3418=CARTESIAN_POINT('Control Point',(7.,-6.47708915344,45.4882679727)) ;
#3419=CARTESIAN_POINT('Control Point',(7.,-6.88339458679,46.4753757463)) ;
#3420=CARTESIAN_POINT('Control Point',(7.,-7.33834850542,47.4184769144)) ;
#3422=CARTESIAN_POINT('Line Origine',(7.,-11.4255683031,13.4545573389)) ;
#3426=CARTESIAN_POINT('Vertex',(7.,-2.05858702717,7.48637581997)) ;
#3429=CARTESIAN_POINT('Line Origine',(7.,-4.78563609317,2.76298828664)) ;
#3433=CARTESIAN_POINT('Vertex',(7.,-7.51268515595,-1.96039924855)) ;
#3436=CARTESIAN_POINT('Line Origine',(7.,-17.3647726037,3.16755373365)) ;
#3442=CARTESIAN_POINT('Control Point',(7.,-44.7347734428,-17.3540358531)) ;
#3443=CARTESIAN_POINT('Control Point',(7.,-43.537788861,-17.2651431938)) ;
#3444=CARTESIAN_POINT('Control Point',(7.,-42.3156224396,-17.0914598533)) ;
#3445=CARTESIAN_POINT('Control Point',(7.,-41.0668903781,-16.8189709496)) ;
#3446=CARTESIAN_POINT('Control Point',(7.,-39.0711789208,-16.204334779)) ;
#3447=CARTESIAN_POINT('Control Point',(7.,-37.0461625714,-15.2107627744)) ;
#3448=CARTESIAN_POINT('Control Point',(7.,-36.3128392499,-14.7959973579)) ;
#3449=CARTESIAN_POINT('Control Point',(7.,-35.075690676,-13.9837430846)) ;
#3450=CARTESIAN_POINT('Control Point',(7.,-33.8953923984,-12.9915235898)) ;
#3451=CARTESIAN_POINT('Control Point',(7.,-33.4222249952,-12.5511883828)) ;
#3452=CARTESIAN_POINT('Control Point',(7.,-32.9694498198,-12.0830803127)) ;
#3453=CARTESIAN_POINT('Control Point',(7.,-32.5420162072,-11.5928760928)) ;
#3456=CARTESIAN_POINT('Control Point',(7.,-26.310733303,-22.3857746795)) ;
#3457=CARTESIAN_POINT('Control Point',(7.,-26.9489808302,-22.5108412135)) ;
#3458=CARTESIAN_POINT('Control Point',(7.,-27.5807626498,-22.6689022815)) ;
#3459=CARTESIAN_POINT('Control Point',(7.,-28.1986915115,-22.8585107267)) ;
#3460=CARTESIAN_POINT('Control Point',(7.,-29.6481284575,-23.3845706965)) ;
#3461=CARTESIAN_POINT('Control Point',(7.,-30.970134162,-24.0498451699)) ;
#3462=CARTESIAN_POINT('Control Point',(7.,-31.6959985293,-24.4775426166)) ;
#3463=CARTESIAN_POINT('Control Point',(7.,-33.5689604338,-25.7344716578)) ;
#3464=CARTESIAN_POINT('Control Point',(7.,-35.0991037517,-27.15548654)) ;
#3465=CARTESIAN_POINT('Control Point',(7.,-35.9594558713,-28.1006811971)) ;
#3466=CARTESIAN_POINT('Control Point',(7.,-36.7209532637,-29.0722678208)) ;
#3467=CARTESIAN_POINT('Control Point',(7.,-37.3964275227,-30.0644394627)) ;
#3469=CARTESIAN_POINT('Line Origine',(7.,-5.93920430066,-16.6221110726)) ;
#3509=CARTESIAN_POINT('Control Point',(18.6306339731,-2.31988013035,-42.0118400705)) ;
#3510=CARTESIAN_POINT('Control Point',(18.3044983352,-2.37442929154,-42.5671015466)) ;
#3511=CARTESIAN_POINT('Control Point',(17.9904057388,-2.55878263427,-43.1166986251)) ;
#3512=CARTESIAN_POINT('Control Point',(17.7061449873,-2.87018623548,-43.6303699459)) ;
#3513=CARTESIAN_POINT('Control Point',(17.2298042477,-3.71143859423,-44.5270975744)) ;
#3514=CARTESIAN_POINT('Control Point',(16.9771499803,-4.87966043867,-45.0840087114)) ;
#3515=CARTESIAN_POINT('Control Point',(16.9167560661,-5.51829717099,-45.2575895362)) ;
#3516=CARTESIAN_POINT('Control Point',(16.925757564,-6.17492721794,-45.3163536173)) ;
#3517=CARTESIAN_POINT('Control Point',(16.9999999998,-6.81472148403,-45.2633750373)) ;
#3518=CARTESIAN_POINT('Control Point',(15.7173804908,-2.51466284086,-40.2815903482)) ;
#3519=CARTESIAN_POINT('Control Point',(15.2786357996,-2.57636103539,-40.7612762219)) ;
#3520=CARTESIAN_POINT('Control Point',(14.8516528479,-2.76485124465,-41.2354272552)) ;
#3521=CARTESIAN_POINT('Control Point',(14.4599401516,-3.07704427052,-41.6786052442)) ;
#3522=CARTESIAN_POINT('Control Point',(13.7910750671,-3.91395876919,-42.4537440095)) ;
#3523=CARTESIAN_POINT('Control Point',(13.4072699952,-5.0695170285,-42.9400584745)) ;
#3524=CARTESIAN_POINT('Control Point',(13.3008390636,-5.70059890693,-43.0941915809)) ;
#3525=CARTESIAN_POINT('Control Point',(13.2858934027,-6.3497711329,-43.1507150706)) ;
#3526=CARTESIAN_POINT('Control Point',(13.3584332128,-6.98335204974,-43.1118317908)) ;
#3527=CARTESIAN_POINT('Control Point',(13.2506760964,-2.63448873517,-37.7849529467)) ;
#3528=CARTESIAN_POINT('Control Point',(12.7218197289,-2.69995926793,-38.1595939337)) ;
#3529=CARTESIAN_POINT('Control Point',(12.2043967492,-2.88869371929,-38.5288517993)) ;
#3530=CARTESIAN_POINT('Control Point',(11.7259813331,-3.19748439175,-38.8735977035)) ;
#3531=CARTESIAN_POINT('Control Point',(10.8994342938,-4.02171054483,-39.4772341709)) ;
#3532=CARTESIAN_POINT('Control Point',(10.4020157939,-5.15754131846,-39.8592068944)) ;
#3533=CARTESIAN_POINT('Control Point',(10.252971372,-5.77816322295,-39.9821321004)) ;
#3534=CARTESIAN_POINT('Control Point',(10.2117858196,-6.41788920075,-40.0304134514)) ;
#3535=CARTESIAN_POINT('Control Point',(10.2750511105,-7.04435166453,-40.0054192139)) ;
#3536=CARTESIAN_POINT('Control Point',(11.5001248938,-2.66131858512,-34.6817488049)) ;
#3537=CARTESIAN_POINT('Control Point',(10.9145907591,-2.72656394044,-34.9309002291)) ;
#3538=CARTESIAN_POINT('Control Point',(10.3401099448,-2.91097734767,-35.1748451067)) ;
#3539=CARTESIAN_POINT('Control Point',(9.80607930422,-3.21147197931,-35.40151107)) ;
#3540=CARTESIAN_POINT('Control Point',(8.87501000714,-4.01323974422,-35.7973809841)) ;
#3541=CARTESIAN_POINT('Control Point',(8.29343283837,-5.1209183769,-36.0473266157)) ;
#3542=CARTESIAN_POINT('Control Point',(8.10913290433,-5.72753208463,-36.127974773)) ;
#3543=CARTESIAN_POINT('Control Point',(8.04107060553,-6.35524210747,-36.1602316401)) ;
#3544=CARTESIAN_POINT('Control Point',(8.08686333421,-6.9731906933,-36.1449103055)) ;
#3545=CARTESIAN_POINT('Control Point',(10.6306477171,-2.59341112595,-31.2823210216)) ;
#3546=CARTESIAN_POINT('Control Point',(10.0266446282,-2.65468823535,-31.4014881801)) ;
#3547=CARTESIAN_POINT('Control Point',(9.43324314082,-2.83025773588,-31.5156599941)) ;
#3548=CARTESIAN_POINT('Control Point',(8.87938208353,-3.11734566678,-31.6194029664)) ;
#3549=CARTESIAN_POINT('Control Point',(7.90614669528,-3.88587807439,-31.7962318262)) ;
#3550=CARTESIAN_POINT('Control Point',(7.27816427188,-4.95490654957,-31.8992608902)) ;
#3551=CARTESIAN_POINT('Control Point',(7.0697719364,-5.54267908242,-31.9291611704)) ;
#3552=CARTESIAN_POINT('Control Point',(6.9774488726,-6.15433791673,-31.9360876436)) ;
#3553=CARTESIAN_POINT('Control Point',(7.00001714495,-6.76084527764,-31.9208233801)) ;
#3554=CARTESIAN_POINT('Control Point',(10.6306376423,-2.44520138205,-27.8922061865)) ;
#3555=CARTESIAN_POINT('Control Point',(10.0418345812,-2.49975350112,-27.8898209201)) ;
#3556=CARTESIAN_POINT('Control Point',(9.46311358094,-2.66298836247,-27.882684209)) ;
#3557=CARTESIAN_POINT('Control Point',(8.9213291769,-2.93254756743,-27.8708991739)) ;
#3558=CARTESIAN_POINT('Control Point',(7.96312653346,-3.65867932476,-27.8391532239)) ;
#3559=CARTESIAN_POINT('Control Point',(7.32788982888,-4.6789305048,-27.7945489834)) ;
#3560=CARTESIAN_POINT('Control Point',(7.10925585912,-5.24277714922,-27.7698983124)) ;
#3561=CARTESIAN_POINT('Control Point',(7.00000386503,-5.83354921018,-27.7440705625)) ;
#3562=CARTESIAN_POINT('Control Point',(7.00000459219,-6.4243146244,-27.7182431641)) ;
#3564=CARTESIAN_POINT('Control Point',(18.6306339731,-2.31988013035,-42.0118400705)) ;
#3565=CARTESIAN_POINT('Control Point',(17.9783626972,-2.42897845273,-43.1223630227)) ;
#3566=CARTESIAN_POINT('Control Point',(17.3734316837,-3.05589656236,-44.2114718161)) ;
#3567=CARTESIAN_POINT('Control Point',(16.9630763247,-4.18704080882,-45.0297331918)) ;
#3568=CARTESIAN_POINT('Control Point',(16.8515151282,-5.53513295185,-45.3693321972)) ;
#3569=CARTESIAN_POINT('Control Point',(16.9999999998,-6.81472148403,-45.2633750373)) ;
#3570=CARTESIAN_POINT('Vertex',(18.6306339731,-2.31988013035,-42.0118400705)) ;
#3574=CARTESIAN_POINT('Control Point',(18.6306339731,-2.31988013035,-42.0118400705)) ;
#3575=CARTESIAN_POINT('Control Point',(18.6033201424,-2.32170635729,-41.9956177444)) ;
#3576=CARTESIAN_POINT('Control Point',(18.5760455652,-2.32352599522,-41.9793280498)) ;
#3577=CARTESIAN_POINT('Control Point',(18.548810462,-2.3253390295,-41.9629711202)) ;
#3578=CARTESIAN_POINT('Control Point',(16.9277274113,-2.43301714966,-40.9839560009)) ;
#3579=CARTESIAN_POINT('Control Point',(15.4484651468,-2.51712828103,-39.7670029185)) ;
#3580=CARTESIAN_POINT('Control Point',(14.1752678944,-2.57414230263,-38.3677733226)) ;
#3581=CARTESIAN_POINT('Control Point',(12.2701867515,-2.62786763804,-35.551656897)) ;
#3582=CARTESIAN_POINT('Control Point',(11.1389191454,-2.59325151457,-32.3578696676)) ;
#3583=CARTESIAN_POINT('Control Point',(10.7998378989,-2.56033350072,-30.8849530966)) ;
#3584=CARTESIAN_POINT('Control Point',(10.6306420866,-2.51058053367,-29.3876735288)) ;
#3585=CARTESIAN_POINT('Control Point',(10.6306376423,-2.44520138205,-27.8922061865)) ;
#3586=CARTESIAN_POINT('Vertex',(10.630633972,-2.44520172211,-27.8922061717)) ;
#3590=CARTESIAN_POINT('Control Point',(10.6306376423,-2.44520138205,-27.8922061865)) ;
#3591=CARTESIAN_POINT('Control Point',(9.45303152007,-2.55430562019,-27.8874356537)) ;
#3592=CARTESIAN_POINT('Control Point',(8.31491911924,-3.09727001491,-27.8636974123)) ;
#3593=CARTESIAN_POINT('Control Point',(7.43606758673,-4.06047663006,-27.821586941)) ;
#3594=CARTESIAN_POINT('Control Point',(7.00000313787,-5.24278379596,-27.769897961)) ;
#3595=CARTESIAN_POINT('Control Point',(7.00000459219,-6.4243146244,-27.7182431641)) ;
#3605=CARTESIAN_POINT('Control Point',(14.6435164723,-21.1085485007,39.0761120333)) ;
#3606=CARTESIAN_POINT('Control Point',(11.7976864498,-18.9931438531,38.3513030807)) ;
#3607=CARTESIAN_POINT('Control Point',(9.4571540809,-16.2690101305,37.4179230238)) ;
#3608=CARTESIAN_POINT('Control Point',(7.81832392192,-13.0792054944,36.3249884119)) ;
#3609=CARTESIAN_POINT('Control Point',(7.00008413852,-9.65513282696,35.1517856742)) ;
#3610=CARTESIAN_POINT('Control Point',(7.,-6.23127513262,33.9786565935)) ;
#3611=CARTESIAN_POINT('Control Point',(14.6435164723,-21.1085485007,39.0761120333)) ;
#3612=CARTESIAN_POINT('Control Point',(11.7976864498,-18.9122336905,38.5874449402)) ;
#3613=CARTESIAN_POINT('Control Point',(9.4571540809,-16.0839070881,37.9581589504)) ;
#3614=CARTESIAN_POINT('Control Point',(7.81832392192,-12.7720985547,37.2213010821)) ;
#3615=CARTESIAN_POINT('Control Point',(7.00008413852,-9.21706168779,36.430326344)) ;
#3616=CARTESIAN_POINT('Control Point',(7.,-5.66224801635,35.6394012656)) ;
#3617=CARTESIAN_POINT('Control Point',(14.7739415145,-21.2055054728,39.1093327619)) ;
#3618=CARTESIAN_POINT('Control Point',(11.8834746399,-18.964135225,38.8695635542)) ;
#3619=CARTESIAN_POINT('Control Point',(9.50222309677,-16.0618806606,38.5551303873)) ;
#3620=CARTESIAN_POINT('Control Point',(7.83330514458,-12.6528739481,38.1831696582)) ;
#3621=CARTESIAN_POINT('Control Point',(7.00008579706,-8.98888037626,37.7822503625)) ;
#3622=CARTESIAN_POINT('Control Point',(7.,-5.32512849658,37.3813602885)) ;
#3623=CARTESIAN_POINT('Control Point',(15.0324762821,-21.3976398523,39.1751644746)) ;
#3624=CARTESIAN_POINT('Control Point',(12.0535784576,-19.1555495358,39.1701432632)) ;
#3625=CARTESIAN_POINT('Control Point',(9.59160911241,-16.2173771511,39.1570719702)) ;
#3626=CARTESIAN_POINT('Control Point',(7.86302769688,-12.7429333513,39.1373083944)) ;
#3627=CARTESIAN_POINT('Control Point',(7.00009920226,-8.99853905218,39.1141541033)) ;
#3628=CARTESIAN_POINT('Control Point',(7.,-5.25441700775,39.0910064897)) ;
#3629=CARTESIAN_POINT('Control Point',(15.7331238419,-21.9152839275,39.352526699)) ;
#3630=CARTESIAN_POINT('Control Point',(12.5177830695,-19.7374661313,39.7805008534)) ;
#3631=CARTESIAN_POINT('Control Point',(9.83649519914,-16.7846755405,40.3470223901)) ;
#3632=CARTESIAN_POINT('Control Point',(7.944411047,-13.2268669152,41.0205697454)) ;
#3633=CARTESIAN_POINT('Control Point',(7.00012340547,-9.36413073836,41.7480004787)) ;
#3634=CARTESIAN_POINT('Control Point',(7.,-5.5017572087,42.4753756305)) ;
#3635=CARTESIAN_POINT('Control Point',(16.6875728656,-22.6129586914,39.5915735918)) ;
#3636=CARTESIAN_POINT('Control Point',(13.1590071213,-20.6066213294,40.3313860155)) ;
#3637=CARTESIAN_POINT('Control Point',(10.1775407708,-17.7431491392,41.3758114324)) ;
#3638=CARTESIAN_POINT('Control Point',(8.05766665064,-14.1972344398,42.6618566829)) ;
#3639=CARTESIAN_POINT('Control Point',(7.00017643973,-10.3066627891,44.06988002)) ;
#3640=CARTESIAN_POINT('Control Point',(7.,-6.41660585863,45.477728322)) ;
#3641=CARTESIAN_POINT('Control Point',(17.2261229946,-23.0039469654,39.72553944)) ;
#3642=CARTESIAN_POINT('Control Point',(13.5241466156,-21.1064409093,40.5928454741)) ;
#3643=CARTESIAN_POINT('Control Point',(10.372781706,-18.3106788484,41.858430253)) ;
#3644=CARTESIAN_POINT('Control Point',(8.12245927837,-14.7917283905,43.4435390745)) ;
#3645=CARTESIAN_POINT('Control Point',(7.00020369292,-10.9070914466,45.1901518092)) ;
#3646=CARTESIAN_POINT('Control Point',(7.,-7.02306731491,46.936503659)) ;
#3647=CARTESIAN_POINT('Control Point',(18.2857372412,-23.7680044389,39.9873318603)) ;
#3648=CARTESIAN_POINT('Control Point',(14.2499106879,-22.098102693,41.0328347303)) ;
#3649=CARTESIAN_POINT('Control Point',(10.7632251618,-19.4599054632,42.6634686689)) ;
#3650=CARTESIAN_POINT('Control Point',(8.25195924612,-16.0247138162,44.7737016886)) ;
#3651=CARTESIAN_POINT('Control Point',(7.00028357146,-12.1854499345,47.1269551864)) ;
#3652=CARTESIAN_POINT('Control Point',(7.,-8.34702016357,49.4797266792)) ;
#3653=CARTESIAN_POINT('Control Point',(19.4239340579,-24.5786500071,40.2650877295)) ;
#3654=CARTESIAN_POINT('Control Point',(15.04532283,-23.1668109611,41.3821599134)) ;
#3655=CARTESIAN_POINT('Control Point',(11.1963947054,-20.7341529162,43.2936426652)) ;
#3656=CARTESIAN_POINT('Control Point',(8.39540806477,-17.4395423798,45.8747144134)) ;
#3657=CARTESIAN_POINT('Control Point',(7.00038459694,-13.7064027892,48.7963652097)) ;
#3658=CARTESIAN_POINT('Control Point',(7.,-9.97439189707,51.7171514981)) ;
#3659=CARTESIAN_POINT('Control Point',(19.9645662741,-24.9614986892,40.3962654081)) ;
#3660=CARTESIAN_POINT('Control Point',(15.426900233,-23.6730167794,41.5246581133)) ;
#3661=CARTESIAN_POINT('Control Point',(11.4054599803,-21.3441095726,43.5492080883)) ;
#3662=CARTESIAN_POINT('Control Point',(8.46459276901,-18.1259408111,46.3382776452)) ;
#3663=CARTESIAN_POINT('Control Point',(7.00044159844,-14.4545615492,49.5168754096)) ;
#3664=CARTESIAN_POINT('Control Point',(7.,-10.7844637951,52.694387438)) ;
#3665=CARTESIAN_POINT('Control Point',(21.6442869177,-26.1443400704,40.8015495733)) ;
#3666=CARTESIAN_POINT('Control Point',(16.6250066591,-25.2362258846,41.9003793078)) ;
#3667=CARTESIAN_POINT('Control Point',(12.0662198127,-23.2449799775,44.2185859936)) ;
#3668=CARTESIAN_POINT('Control Point',(8.68307437417,-20.2925966304,47.6119963503)) ;
#3669=CARTESIAN_POINT('Control Point',(7.00064766429,-16.8476210586,51.5559186153)) ;
#3670=CARTESIAN_POINT('Control Point',(7.,-13.4044388897,55.4979147955)) ;
#3671=CARTESIAN_POINT('Control Point',(23.3974308803,-27.3589584122,41.2177216299)) ;
#3672=CARTESIAN_POINT('Control Point',(17.9172741292,-26.8224914147,42.098501516)) ;
#3673=CARTESIAN_POINT('Control Point',(12.793669154,-25.2204087232,44.5556240894)) ;
#3674=CARTESIAN_POINT('Control Point',(8.92292588507,-22.6301842938,48.463638638)) ;
#3675=CARTESIAN_POINT('Control Point',(7.00092644892,-19.5296760508,53.1199485875)) ;
#3676=CARTESIAN_POINT('Control Point',(7.,-16.4315817064,57.7728556724)) ;
#3677=CARTESIAN_POINT('Control Point',(24.5914589569,-28.1774834465,41.4981766805)) ;
#3678=CARTESIAN_POINT('Control Point',(18.8195044176,-27.8677460786,42.1546225492)) ;
#3679=CARTESIAN_POINT('Control Point',(13.3095988154,-26.5384870285,44.6372771219)) ;
#3680=CARTESIAN_POINT('Control Point',(9.09268156437,-24.2323219883,48.8526720118)) ;
#3681=CARTESIAN_POINT('Control Point',(7.00118253214,-21.4185767105,53.9666778471)) ;
#3682=CARTESIAN_POINT('Control Point',(7.,-18.6076756432,59.0758878166)) ;
#3683=CARTESIAN_POINT('Control Point',(25.7965055069,-28.9956705134,41.7785165704)) ;
#3684=CARTESIAN_POINT('Control Point',(19.7553198531,-28.8725157356,42.1374610791)) ;
#3685=CARTESIAN_POINT('Control Point',(13.8544077486,-27.8174531016,44.5756766799)) ;
#3686=CARTESIAN_POINT('Control Point',(9.27145479511,-25.8375583049,49.0578154049)) ;
#3687=CARTESIAN_POINT('Control Point',(7.00149177302,-23.3735487932,54.6075167327)) ;
#3688=CARTESIAN_POINT('Control Point',(7.,-20.9127604004,60.150444828)) ;
#3689=CARTESIAN_POINT('Control Point',(27.0000000631,-29.8057195177,42.0560679548)) ;
#3690=CARTESIAN_POINT('Control Point',(20.7184192613,-29.8051114316,42.0578426877)) ;
#3691=CARTESIAN_POINT('Control Point',(14.4267674145,-29.0087684879,44.3820134687)) ;
#3692=CARTESIAN_POINT('Control Point',(9.45868942169,-27.3984329615,49.0818664749)) ;
#3693=CARTESIAN_POINT('Control Point',(7.00187603837,-25.3590788044,55.0338340054)) ;
#3694=CARTESIAN_POINT('Control Point',(7.,-23.3229890382,60.9762742309)) ;
#3696=CARTESIAN_POINT('Control Point',(23.4175573994,-27.8332172715,41.5093925062)) ;
#3697=CARTESIAN_POINT('Control Point',(23.2506875785,-27.5118952134,41.3573184087)) ;
#3698=CARTESIAN_POINT('Control Point',(23.0212848452,-27.199449938,41.2079127934)) ;
#3699=CARTESIAN_POINT('Control Point',(22.7305018694,-26.8940368339,41.0584272953)) ;
#3700=CARTESIAN_POINT('Control Point',(22.2976386621,-26.593644899,40.9555029593)) ;
#3701=CARTESIAN_POINT('Vertex',(22.2976466209,-26.5936362966,40.9554945943)) ;
#3703=CARTESIAN_POINT('Vertex',(23.417555731,-27.8332168151,41.509394569)) ;
#3707=CARTESIAN_POINT('Control Point',(17.000000346,-22.8384812588,39.6688453499)) ;
#3708=CARTESIAN_POINT('Control Point',(17.2616786301,-23.028308211,39.7338865347)) ;
#3709=CARTESIAN_POINT('Control Point',(17.5323493675,-23.2240602314,39.8009578835)) ;
#3710=CARTESIAN_POINT('Control Point',(17.810300939,-23.4244306034,39.8696116813)) ;
#3711=CARTESIAN_POINT('Control Point',(18.596344887,-23.9892251521,40.063129908)) ;
#3712=CARTESIAN_POINT('Control Point',(19.4239340579,-24.5786500071,40.2650877295)) ;
#3713=CARTESIAN_POINT('Control Point',(19.9645662468,-24.9614990883,40.3962655486)) ;
#3714=CARTESIAN_POINT('Control Point',(20.7539062867,-25.5173433349,40.5867178516)) ;
#3715=CARTESIAN_POINT('Control Point',(21.5594601938,-26.0802056438,40.7795747944)) ;
#3716=CARTESIAN_POINT('Control Point',(21.8043867325,-26.2509481233,40.8380773186)) ;
#3717=CARTESIAN_POINT('Control Point',(22.0504895095,-26.4221197214,40.8967268574)) ;
#3718=CARTESIAN_POINT('Control Point',(22.2976456789,-26.5936375159,40.9554949972)) ;
#3721=CARTESIAN_POINT('Control Point',(23.4175573994,-27.8332172715,41.5093925062)) ;
#3722=CARTESIAN_POINT('Control Point',(23.7326725997,-28.439995479,41.7965658947)) ;
#3723=CARTESIAN_POINT('Control Point',(24.0553267103,-29.0911083775,42.0389876182)) ;
#3724=CARTESIAN_POINT('Control Point',(24.3665892691,-29.7492778428,42.2207960946)) ;
#3738=CARTESIAN_POINT('Axis2P3D Location',(7.,0.,0.)) ;
#3744=CARTESIAN_POINT('Control Point',(25.6138941064,-40.5542029617,30.5055390913)) ;
#3745=CARTESIAN_POINT('Control Point',(25.253586492,-37.7051246842,33.9470640731)) ;
#3746=CARTESIAN_POINT('Control Point',(24.5502559763,-34.312992981,36.9080673821)) ;
#3747=CARTESIAN_POINT('Control Point',(23.538402854,-30.5449018417,39.2439392038)) ;
#3748=CARTESIAN_POINT('Control Point',(22.2976466209,-26.5936362966,40.9554945943)) ;
#3749=CARTESIAN_POINT('Vertex',(25.6138770905,-40.5541951025,30.5055331966)) ;
#3753=CARTESIAN_POINT('Control Point',(25.6138770905,-40.5541951025,30.5055331966)) ;
#3754=CARTESIAN_POINT('Control Point',(22.7299842604,-38.9669699945,29.8458007214)) ;
#3755=CARTESIAN_POINT('Control Point',(19.8564915561,-37.3791407359,29.1880161834)) ;
#3756=CARTESIAN_POINT('Control Point',(16.9999999098,-35.7918723093,28.5334088484)) ;
#3765=CARTESIAN_POINT('Axis2P3D Location',(16.7859440128,-25.6547386049,17.1211713163)) ;
#3770=CARTESIAN_POINT('Line Origine',(15.0782486496,-26.072635736,17.5752167369)) ;
#3774=CARTESIAN_POINT('Vertex',(10.630633972,-17.8943206372,12.8534643131)) ;
#3776=CARTESIAN_POINT('Vertex',(20.6581911548,-36.3330857409,23.4990903093)) ;
#3780=CARTESIAN_POINT('Control Point',(10.630633972,-17.8943206372,12.8534643131)) ;
#3781=CARTESIAN_POINT('Control Point',(10.630633972,-22.9327582512,16.0637098946)) ;
#3784=CARTESIAN_POINT('Control Point',(20.6581911548,-36.3330857409,23.4990903093)) ;
#3785=CARTESIAN_POINT('Control Point',(19.9814442307,-35.9630049783,23.337709523)) ;
#3786=CARTESIAN_POINT('Control Point',(19.3055554417,-35.5930913265,23.1763408493)) ;
#3787=CARTESIAN_POINT('Control Point',(18.6306340003,-35.2233806556,23.0149951334)) ;
#3797=CARTESIAN_POINT('Control Point',(27.3257779018,-39.9703030503,25.0833648305)) ;
#3798=CARTESIAN_POINT('Control Point',(27.0062463736,-40.417981291,25.4037398378)) ;
#3799=CARTESIAN_POINT('Control Point',(26.6983981036,-40.7979394877,25.8304180568)) ;
#3800=CARTESIAN_POINT('Control Point',(26.4191375072,-41.0864125445,26.3466371564)) ;
#3801=CARTESIAN_POINT('Control Point',(25.9487376365,-41.4484333856,27.5009255907)) ;
#3802=CARTESIAN_POINT('Control Point',(25.6926194655,-41.3664889046,28.7707309051)) ;
#3803=CARTESIAN_POINT('Control Point',(25.6278034834,-41.2106590998,29.4025547105)) ;
#3804=CARTESIAN_POINT('Control Point',(25.629828891,-40.948597155,29.9962823813)) ;
#3805=CARTESIAN_POINT('Control Point',(25.6951439298,-40.5989206499,30.5241238911)) ;
#3806=CARTESIAN_POINT('Control Point',(25.579068335,-39.019614804,24.6697047902)) ;
#3807=CARTESIAN_POINT('Control Point',(25.2583730827,-39.4683677338,24.9908924941)) ;
#3808=CARTESIAN_POINT('Control Point',(24.9494251902,-39.8490287087,25.4189674476)) ;
#3809=CARTESIAN_POINT('Control Point',(24.6692840003,-40.1376436138,25.9370337453)) ;
#3810=CARTESIAN_POINT('Control Point',(24.1978363542,-40.4986272052,27.0953835914)) ;
#3811=CARTESIAN_POINT('Control Point',(23.9423257496,-40.4131731849,28.3688693583)) ;
#3812=CARTESIAN_POINT('Control Point',(23.8782875082,-40.255007467,29.0021600473)) ;
#3813=CARTESIAN_POINT('Control Point',(23.8815423024,-39.9902073441,29.5966986194)) ;
#3814=CARTESIAN_POINT('Control Point',(23.948434363,-39.6376464703,30.1245434404)) ;
#3815=CARTESIAN_POINT('Control Point',(23.8356044061,-38.0693989826,24.2559888585)) ;
#3816=CARTESIAN_POINT('Control Point',(23.5136758391,-38.5192764911,24.5780286899)) ;
#3817=CARTESIAN_POINT('Control Point',(23.2035622533,-38.9006697009,25.0075719013)) ;
#3818=CARTESIAN_POINT('Control Point',(22.92248759,-39.1894247592,25.5275813868)) ;
#3819=CARTESIAN_POINT('Control Point',(22.4499299203,-39.5492951952,26.6902016921)) ;
#3820=CARTESIAN_POINT('Control Point',(22.1950644666,-39.460125174,27.9675461966)) ;
#3821=CARTESIAN_POINT('Control Point',(22.1318511342,-39.2994909231,28.6023690228)) ;
#3822=CARTESIAN_POINT('Control Point',(22.1364087833,-39.0318025639,29.1977438929)) ;
#3823=CARTESIAN_POINT('Control Point',(22.2049704341,-38.6762056511,29.7255704178)) ;
#3824=CARTESIAN_POINT('Control Point',(22.0959254078,-37.1198183521,23.8422614403)) ;
#3825=CARTESIAN_POINT('Control Point',(21.7726859542,-37.5708745289,24.1651963893)) ;
#3826=CARTESIAN_POINT('Control Point',(21.4613329907,-37.9530314961,24.596286294)) ;
#3827=CARTESIAN_POINT('Control Point',(21.1792658842,-38.2419237956,25.1183443973)) ;
#3828=CARTESIAN_POINT('Control Point',(20.7055288528,-38.6005952144,26.2854645335)) ;
#3829=CARTESIAN_POINT('Control Point',(20.4513505918,-38.5074798649,27.5668621092)) ;
#3830=CARTESIAN_POINT('Control Point',(20.3890148227,-38.3442302879,28.2032874919)) ;
#3831=CARTESIAN_POINT('Control Point',(20.3949572134,-38.0734882148,28.7995246621)) ;
#3832=CARTESIAN_POINT('Control Point',(20.4652914358,-37.7146887619,29.3273067385)) ;
#3833=CARTESIAN_POINT('Control Point',(20.3606273434,-36.1710420578,23.4285647688)) ;
#3834=CARTESIAN_POINT('Control Point',(20.0359897024,-36.6233358933,23.7524420413)) ;
#3835=CARTESIAN_POINT('Control Point',(19.7233143894,-37.0062904766,24.1851653192)) ;
#3836=CARTESIAN_POINT('Control Point',(19.4401884419,-37.2953154927,24.7093887464)) ;
#3837=CARTESIAN_POINT('Control Point',(18.9651940773,-37.652689776,25.8812623039)) ;
#3838=CARTESIAN_POINT('Control Point',(18.71175051,-37.5553721328,27.166926161)) ;
#3839=CARTESIAN_POINT('Control Point',(18.6503516603,-37.3893433844,27.8050304545)) ;
#3840=CARTESIAN_POINT('Control Point',(18.6577709389,-37.1153636731,28.4021563082)) ;
#3841=CARTESIAN_POINT('Control Point',(18.7299933714,-36.7531775732,28.9298619353)) ;
#3842=CARTESIAN_POINT('Control Point',(18.6306340003,-35.2233806556,23.0149951334)) ;
#3843=CARTESIAN_POINT('Control Point',(18.3044983737,-35.6769765014,23.3398667145)) ;
#3844=CARTESIAN_POINT('Control Point',(17.9904057881,-36.0607647477,23.7743198101)) ;
#3845=CARTESIAN_POINT('Control Point',(17.7061450452,-36.349915257,24.30083878)) ;
#3846=CARTESIAN_POINT('Control Point',(17.229804316,-36.705877814,25.4777482884)) ;
#3847=CARTESIAN_POINT('Control Point',(16.9771500429,-36.6040659997,26.7679134993)) ;
#3848=CARTESIAN_POINT('Control Point',(16.9167561214,-36.4350730204,27.4077794932)) ;
#3849=CARTESIAN_POINT('Control Point',(16.9257576075,-36.1576491926,28.0058198114)) ;
#3850=CARTESIAN_POINT('Control Point',(17.0000000283,-35.791871295,28.5334086149)) ;
#3852=CARTESIAN_POINT('Control Point',(20.6581876358,-36.3330875022,23.4990918184)) ;
#3853=CARTESIAN_POINT('Control Point',(20.8368742529,-36.5567511294,23.6219506947)) ;
#3854=CARTESIAN_POINT('Control Point',(21.0156350916,-36.7779860282,23.749427604)) ;
#3855=CARTESIAN_POINT('Control Point',(21.1944232216,-36.9966862757,23.8815776362)) ;
#3856=CARTESIAN_POINT('Control Point',(21.8592726228,-37.8001196005,24.390844116)) ;
#3857=CARTESIAN_POINT('Control Point',(22.522083078,-38.5628699007,24.9678325081)) ;
#3858=CARTESIAN_POINT('Control Point',(23.0029631824,-39.0928367168,25.4289281976)) ;
#3859=CARTESIAN_POINT('Control Point',(23.7278393924,-39.8521691503,26.1957109282)) ;
#3860=CARTESIAN_POINT('Control Point',(24.4191360498,-40.4768547727,27.1076332538)) ;
#3861=CARTESIAN_POINT('Control Point',(24.6489110245,-40.6694521158,27.4380589342)) ;
#3862=CARTESIAN_POINT('Control Point',(24.9588902122,-40.902715831,27.932080228)) ;
#3863=CARTESIAN_POINT('Control Point',(25.230993516,-41.0429415785,28.4830421822)) ;
#3864=CARTESIAN_POINT('Control Point',(25.3041713186,-41.073750189,28.6437619554)) ;
#3865=CARTESIAN_POINT('Control Point',(25.4321596028,-41.1109600003,28.9551719939)) ;
#3866=CARTESIAN_POINT('Control Point',(25.5348482851,-41.0991581245,29.2807533262)) ;
#3867=CARTESIAN_POINT('Control Point',(25.5761158053,-41.0809372108,29.4360966265)) ;
#3868=CARTESIAN_POINT('Control Point',(25.6434649855,-41.0107287026,29.7631946296)) ;
#3869=CARTESIAN_POINT('Control Point',(25.6642369093,-40.8719795785,30.0769529853)) ;
#3870=CARTESIAN_POINT('Control Point',(25.6603515077,-40.7798487951,30.2329200943)) ;
#3871=CARTESIAN_POINT('Control Point',(25.6427860914,-40.6725934606,30.3758988861)) ;
#3872=CARTESIAN_POINT('Control Point',(25.6138770905,-40.5541950285,30.5055330243)) ;
#3881=CARTESIAN_POINT('Axis2P3D Location',(11.,3.87918239397E-006,6.17474255835)) ;
#3887=CARTESIAN_POINT('Control Point',(8.39794711547,-11.4360393598,9.85899789898)) ;
#3888=CARTESIAN_POINT('Control Point',(8.83343317213,-12.7866454755,10.2772631338)) ;
#3889=CARTESIAN_POINT('Control Point',(9.27999338598,-14.1072399541,10.8241664125)) ;
#3890=CARTESIAN_POINT('Control Point',(9.72811734547,-15.3966734067,11.4368700526)) ;
#3891=CARTESIAN_POINT('Control Point',(10.1805212497,-16.6640451525,12.1190864531)) ;
#3892=CARTESIAN_POINT('Control Point',(10.6306484787,-17.8943174818,12.8534607075)) ;
#3893=CARTESIAN_POINT('Vertex',(8.39794711547,-11.4360393598,9.85899789898)) ;
#3897=CARTESIAN_POINT('Control Point',(8.39795215525,-11.4360398424,9.85899308819)) ;
#3898=CARTESIAN_POINT('Control Point',(7.67867648411,-9.2052765115,9.16814593137)) ;
#3899=CARTESIAN_POINT('Control Point',(7.22619298524,-6.84499067785,8.58599606442)) ;
#3900=CARTESIAN_POINT('Control Point',(7.,-4.45312510936,8.03526068667)) ;
#3901=CARTESIAN_POINT('Control Point',(7.,-2.05858702717,7.48637581997)) ;
#3912=CARTESIAN_POINT('Control Point',(8.3979437265,-11.4360338833,9.85900244105)) ;
#3913=CARTESIAN_POINT('Control Point',(8.63537819651,-11.3790440312,9.58155544941)) ;
#3914=CARTESIAN_POINT('Control Point',(8.81727508321,-11.3568967253,9.24942354646)) ;
#3915=CARTESIAN_POINT('Control Point',(8.9265972647,-11.3737209397,8.88229446706)) ;
#3916=CARTESIAN_POINT('Control Point',(8.95506083347,-11.4282418169,8.5079874817)) ;
#3917=CARTESIAN_POINT('Control Point',(8.90628693949,-11.5142657218,8.15186878108)) ;
#3918=CARTESIAN_POINT('Control Point',(7.67868136218,-9.20457280965,9.16870537126)) ;
#3919=CARTESIAN_POINT('Control Point',(7.8132379087,-9.20619299229,8.9170845469)) ;
#3920=CARTESIAN_POINT('Control Point',(7.90538429984,-9.21768409066,8.64997145197)) ;
#3921=CARTESIAN_POINT('Control Point',(7.95439063038,-9.23698297855,8.37507419711)) ;
#3922=CARTESIAN_POINT('Control Point',(7.96089906902,-9.26335807292,8.09823767098)) ;
#3923=CARTESIAN_POINT('Control Point',(7.92547448032,-9.29743815837,7.82584961783)) ;
#3924=CARTESIAN_POINT('Control Point',(7.22613525454,-6.84491048192,8.58608160158)) ;
#3925=CARTESIAN_POINT('Control Point',(7.26940644215,-6.85864691054,8.40403325267)) ;
#3926=CARTESIAN_POINT('Control Point',(7.29915644203,-6.87208724659,8.22244961712)) ;
#3927=CARTESIAN_POINT('Control Point',(7.31576785062,-6.88585519356,8.04079348495)) ;
#3928=CARTESIAN_POINT('Control Point',(7.31893543214,-6.90006753715,7.85919658679)) ;
#3929=CARTESIAN_POINT('Control Point',(7.30836651533,-6.91428056421,7.67760009659)) ;
#3930=CARTESIAN_POINT('Control Point',(7.0000202361,-4.45382136186,8.03476133271)) ;
#3931=CARTESIAN_POINT('Control Point',(7.00028406299,-4.46089481366,7.94380919901)) ;
#3932=CARTESIAN_POINT('Control Point',(7.00044973358,-4.46805025767,7.85272837961)) ;
#3933=CARTESIAN_POINT('Control Point',(7.00040550692,-4.47512521018,7.7616568769)) ;
#3934=CARTESIAN_POINT('Control Point',(7.00023642003,-4.48208662338,7.6705674123)) ;
#3935=CARTESIAN_POINT('Control Point',(7.00002752783,-4.48905039355,7.57947930377)) ;
#3936=CARTESIAN_POINT('Control Point',(7.,-2.05858702796,7.48637582047)) ;
#3937=CARTESIAN_POINT('Control Point',(7.,-2.05858702796,7.48637582047)) ;
#3938=CARTESIAN_POINT('Control Point',(7.,-2.05858702796,7.48637582047)) ;
#3939=CARTESIAN_POINT('Control Point',(7.,-2.05858702796,7.48637582047)) ;
#3940=CARTESIAN_POINT('Control Point',(7.,-2.05858702796,7.48637582047)) ;
#3941=CARTESIAN_POINT('Control Point',(7.,-2.05858702796,7.48637582047)) ;
#3943=CARTESIAN_POINT('Control Point',(8.39794677307,-11.436033152,9.85899888107)) ;
#3944=CARTESIAN_POINT('Control Point',(8.69473838878,-11.3647964669,9.51219032317)) ;
#3945=CARTESIAN_POINT('Control Point',(8.89928647834,-11.3516427785,9.07337439855)) ;
#3946=CARTESIAN_POINT('Control Point',(8.96725415051,-11.4067361166,8.5970160145)) ;
#3947=CARTESIAN_POINT('Control Point',(8.90628693949,-11.5142657218,8.15186878108)) ;
#3948=CARTESIAN_POINT('Vertex',(8.90629341896,-11.5142718066,8.15186293081)) ;
#3952=CARTESIAN_POINT('Control Point',(8.90628693949,-11.5142657218,8.15186878108)) ;
#3953=CARTESIAN_POINT('Control Point',(8.80123951655,-11.2769309811,8.11684620115)) ;
#3954=CARTESIAN_POINT('Control Point',(8.70010008346,-11.0377403226,8.08380156516)) ;
#3955=CARTESIAN_POINT('Control Point',(8.60282012163,-10.7968473315,8.05258512277)) ;
#3956=CARTESIAN_POINT('Control Point',(7.92236601843,-9.03173093355,7.83766071151)) ;
#3957=CARTESIAN_POINT('Control Point',(7.44135100406,-7.18936092474,7.70580616852)) ;
#3958=CARTESIAN_POINT('Control Point',(7.16359983955,-5.57190472957,7.62387298066)) ;
#3959=CARTESIAN_POINT('Control Point',(7.01290499227,-3.89378433598,7.55739453807)) ;
#3960=CARTESIAN_POINT('Control Point',(7.00041502601,-2.21434028738,7.49239965757)) ;
#3961=CARTESIAN_POINT('Control Point',(7.00017862323,-2.16902050198,7.49064702721)) ;
#3962=CARTESIAN_POINT('Control Point',(7.00003097708,-2.11974222054,7.48874087986)) ;
#3963=CARTESIAN_POINT('Control Point',(7.00000230332,-2.07046362657,7.48683508286)) ;
#3964=CARTESIAN_POINT('Control Point',(7.,-2.06650477452,7.48668201108)) ;
#3965=CARTESIAN_POINT('Control Point',(7.,-2.06254590124,7.48652891577)) ;
#3966=CARTESIAN_POINT('Control Point',(7.,-2.05858702796,7.48637582047)) ;
#3975=CARTESIAN_POINT('Control Point',(8.39794851556,-11.4360386998,9.85899893473)) ;
#3976=CARTESIAN_POINT('Control Point',(8.63538350313,-11.3790488226,9.58155177057)) ;
#3977=CARTESIAN_POINT('Control Point',(8.81728087858,-11.3569016359,9.24941946837)) ;
#3978=CARTESIAN_POINT('Control Point',(8.92660344259,-11.373726126,8.88228982113)) ;
#3979=CARTESIAN_POINT('Control Point',(8.95506723813,-11.4282474112,8.50798221135)) ;
#3980=CARTESIAN_POINT('Control Point',(8.90629341896,-11.5142718066,8.15186293081)) ;
#3981=CARTESIAN_POINT('Control Point',(8.68868386244,-12.3377529857,10.1382397108)) ;
#3982=CARTESIAN_POINT('Control Point',(8.97215467343,-12.2763816076,9.85795497647)) ;
#3983=CARTESIAN_POINT('Control Point',(9.19656211243,-12.2588141404,9.50892058831)) ;
#3984=CARTESIAN_POINT('Control Point',(9.33856307008,-12.2902457322,9.11445142283)) ;
#3985=CARTESIAN_POINT('Control Point',(9.38586527814,-12.3680588567,8.70958363995)) ;
#3986=CARTESIAN_POINT('Control Point',(9.34239650144,-12.4828949825,8.32609109666)) ;
#3987=CARTESIAN_POINT('Control Point',(8.98502989262,-13.2277949629,10.4758593307)) ;
#3988=CARTESIAN_POINT('Control Point',(9.31322575378,-13.1568161118,10.1999280989)) ;
#3989=CARTESIAN_POINT('Control Point',(9.58112838633,-13.139566128,9.83967012672)) ;
#3990=CARTESIAN_POINT('Control Point',(9.75754197934,-13.1828820724,9.42177847111)) ;
#3991=CARTESIAN_POINT('Control Point',(9.82476573723,-13.2824789475,8.98956952481)) ;
#3992=CARTESIAN_POINT('Control Point',(9.78691523688,-13.4249327404,8.58210403226)) ;
#3993=CARTESIAN_POINT('Control Point',(9.28168923525,-14.0993553242,10.8492385392)) ;
#3994=CARTESIAN_POINT('Control Point',(9.6520945267,-14.0147197437,10.5830086781)) ;
#3995=CARTESIAN_POINT('Control Point',(9.96363039055,-13.9943637542,10.2158928563)) ;
#3996=CARTESIAN_POINT('Control Point',(10.1757822644,-14.047591698,9.77735685177)) ;
#3997=CARTESIAN_POINT('Control Point',(10.2638225414,-14.1681908979,9.31994494644)) ;
#3998=CARTESIAN_POINT('Control Point',(10.231904357,-14.3377178758,8.8907815078)) ;
#3999=CARTESIAN_POINT('Control Point',(9.73074614703,-15.3927035453,11.4617136453)) ;
#4000=CARTESIAN_POINT('Control Point',(10.1607070698,-15.2817029537,11.2172924319)) ;
#4001=CARTESIAN_POINT('Control Point',(10.5382879859,-15.251605251,10.8458952137)) ;
#4002=CARTESIAN_POINT('Control Point',(10.8067599062,-15.3171199638,10.3798326955)) ;
#4003=CARTESIAN_POINT('Control Point',(10.9278476965,-15.4688104634,9.88703253516)) ;
#4004=CARTESIAN_POINT('Control Point',(10.9054899553,-15.6790084699,9.4280116991)) ;
#4005=CARTESIAN_POINT('Control Point',(10.1815130012,-16.6564284052,12.1394890776)) ;
#4006=CARTESIAN_POINT('Control Point',(10.6637083011,-16.5107239269,11.926343615)) ;
#4007=CARTESIAN_POINT('Control Point',(11.1072229043,-16.4631506238,11.5591825819)) ;
#4008=CARTESIAN_POINT('Control Point',(11.4361806081,-16.5372234987,11.0704362699)) ;
#4009=CARTESIAN_POINT('Control Point',(11.5932602668,-16.7200090486,10.5455935373)) ;
#4010=CARTESIAN_POINT('Control Point',(11.5816401218,-16.9716026344,10.060477143)) ;
#4011=CARTESIAN_POINT('Control Point',(10.3313086393,-17.07276088,12.37131984)) ;
#4012=CARTESIAN_POINT('Control Point',(10.8299751834,-16.9146305403,12.1695343441)) ;
#4013=CARTESIAN_POINT('Control Point',(11.2953396607,-16.8603902675,11.8046947741)) ;
#4014=CARTESIAN_POINT('Control Point',(11.6448653862,-16.936901107,11.308931219)) ;
#4015=CARTESIAN_POINT('Control Point',(11.8142440811,-17.1300504963,10.7737996683)) ;
#4016=CARTESIAN_POINT('Control Point',(11.8063335333,-17.3955113197,10.2804171439)) ;
#4017=CARTESIAN_POINT('Control Point',(10.481032662,-17.4854165814,12.6093784521)) ;
#4018=CARTESIAN_POINT('Control Point',(10.9952119984,-17.3139741025,12.4198570647)) ;
#4019=CARTESIAN_POINT('Control Point',(11.4823314583,-17.2521860944,12.0582344482)) ;
#4020=CARTESIAN_POINT('Control Point',(11.8529215007,-17.330731846,11.5559608044)) ;
#4021=CARTESIAN_POINT('Control Point',(12.0349641094,-17.5343166049,11.01088645)) ;
#4022=CARTESIAN_POINT('Control Point',(12.0309195151,-17.8138012468,10.5096329142)) ;
#4023=CARTESIAN_POINT('Control Point',(10.6306327099,-17.8943183047,12.8534594159)) ;
#4024=CARTESIAN_POINT('Control Point',(11.1592872061,-17.7086731735,12.6770445451)) ;
#4025=CARTESIAN_POINT('Control Point',(11.6680269076,-17.6384195061,12.319524311)) ;
#4026=CARTESIAN_POINT('Control Point',(12.0602138543,-17.718588875,11.8112495663)) ;
#4027=CARTESIAN_POINT('Control Point',(12.2553206263,-17.9327201701,11.256583942)) ;
#4028=CARTESIAN_POINT('Control Point',(12.2553195414,-18.2264306276,10.7478633692)) ;
#4030=CARTESIAN_POINT('Control Point',(10.6306327099,-17.8943183047,12.8534594159)) ;
#4031=CARTESIAN_POINT('Control Point',(11.1592872061,-17.7086731735,12.6770445451)) ;
#4032=CARTESIAN_POINT('Control Point',(11.6684064678,-17.6380383812,12.3198269153)) ;
#4033=CARTESIAN_POINT('Control Point',(12.0606599409,-17.7182213491,11.8114659523)) ;
#4034=CARTESIAN_POINT('Control Point',(12.2553206263,-17.9327201701,11.256583942)) ;
#4035=CARTESIAN_POINT('Control Point',(12.2553195414,-18.2264306276,10.7478633692)) ;
#4036=CARTESIAN_POINT('Vertex',(12.2553216161,-18.2264321786,10.7478694928)) ;
#4040=CARTESIAN_POINT('Control Point',(8.90629341896,-11.5142718066,8.15186293081)) ;
#4041=CARTESIAN_POINT('Control Point',(8.93620142627,-11.5807001126,8.16381152156)) ;
#4042=CARTESIAN_POINT('Control Point',(8.96614525666,-11.6469948652,8.17614355815)) ;
#4043=CARTESIAN_POINT('Control Point',(8.99612335349,-11.7131574823,8.18884997422)) ;
#4044=CARTESIAN_POINT('Control Point',(9.43374079866,-12.676030847,8.37946791905)) ;
#4045=CARTESIAN_POINT('Control Point',(9.87874955477,-13.6129757254,8.64638287725)) ;
#4046=CARTESIAN_POINT('Control Point',(10.2935325908,-14.4603070444,8.94015809872)) ;
#4047=CARTESIAN_POINT('Control Point',(10.9364800958,-15.7382635494,9.45698001331)) ;
#4048=CARTESIAN_POINT('Control Point',(11.5816231967,-16.971564226,10.0604717951)) ;
#4049=CARTESIAN_POINT('Control Point',(11.8063335333,-17.3955113197,10.2804171439)) ;
#4050=CARTESIAN_POINT('Control Point',(12.0309195151,-17.8138012468,10.5096329142)) ;
#4051=CARTESIAN_POINT('Control Point',(12.2553195414,-18.2264306276,10.7478633692)) ;
#4060=CARTESIAN_POINT('Axis2P3D Location',(15.9297200642,-29.0480304415,16.9957221629)) ;
#4065=CARTESIAN_POINT('Axis2P3D Location',(20.4735081408,-37.4031900779,21.8195758281)) ;
#4069=CARTESIAN_POINT('Vertex',(22.2828787989,-36.6651972824,21.393495489)) ;
#4072=CARTESIAN_POINT('Line Origine',(17.7390907223,-28.310037646,16.5696418238)) ;
#4085=CARTESIAN_POINT('Control Point',(20.6581895418,-36.3330842806,23.4990887366)) ;
#4086=CARTESIAN_POINT('Control Point',(21.1868436045,-36.1474396928,23.3226733245)) ;
#4087=CARTESIAN_POINT('Control Point',(21.6955830161,-36.0771862242,22.9651529577)) ;
#4088=CARTESIAN_POINT('Control Point',(22.0877700881,-36.1573552737,22.4568785344)) ;
#4089=CARTESIAN_POINT('Control Point',(22.2828775441,-36.3714858316,21.9022134001)) ;
#4090=CARTESIAN_POINT('Control Point',(22.2828775017,-36.6651954052,21.3934932316)) ;
#4091=CARTESIAN_POINT('Control Point',(20.8368757361,-36.5567486554,23.6219483259)) ;
#4092=CARTESIAN_POINT('Control Point',(21.3549712223,-36.383689095,23.4360959726)) ;
#4093=CARTESIAN_POINT('Control Point',(21.8503741809,-36.3267151824,23.0791949379)) ;
#4094=CARTESIAN_POINT('Control Point',(22.2319511177,-36.4172341875,22.582335409)) ;
#4095=CARTESIAN_POINT('Control Point',(22.424547818,-36.6373129612,22.0433968591)) ;
#4096=CARTESIAN_POINT('Control Point',(22.4291086653,-36.934086419,21.5487380053)) ;
#4097=CARTESIAN_POINT('Control Point',(21.0156358879,-36.777984729,23.7494263522)) ;
#4098=CARTESIAN_POINT('Control Point',(21.5230232171,-36.6178450492,23.5551836215)) ;
#4099=CARTESIAN_POINT('Control Point',(22.0052536395,-36.5740001897,23.1997548494)) ;
#4100=CARTESIAN_POINT('Control Point',(22.3764695163,-36.6744126235,22.7146228032)) ;
#4101=CARTESIAN_POINT('Control Point',(22.5665421148,-36.8999651274,22.1914555212)) ;
#4102=CARTESIAN_POINT('Control Point',(22.5755116505,-37.1993846188,21.710935364)) ;
#4103=CARTESIAN_POINT('Control Point',(21.1944232216,-36.9966862757,23.8815776362)) ;
#4104=CARTESIAN_POINT('Control Point',(21.6909598735,-36.8497356977,23.6800004911)) ;
#4105=CARTESIAN_POINT('Control Point',(22.1601763409,-36.8188359062,23.326882983)) ;
#4106=CARTESIAN_POINT('Control Point',(22.5212678217,-36.9286976276,22.8537952708)) ;
#4107=CARTESIAN_POINT('Control Point',(22.7088101639,-37.1592766337,22.346462497)) ;
#4108=CARTESIAN_POINT('Control Point',(22.7220500896,-37.4609488284,21.8801753946)) ;
#4109=CARTESIAN_POINT('Control Point',(21.7092239468,-37.6187941658,24.2759086721)) ;
#4110=CARTESIAN_POINT('Control Point',(22.1741266938,-37.5104273965,24.0562868247)) ;
#4111=CARTESIAN_POINT('Control Point',(22.606312355,-37.5161890464,23.7122206078)) ;
#4112=CARTESIAN_POINT('Control Point',(22.9388993464,-37.6520037484,23.2747614431)) ;
#4113=CARTESIAN_POINT('Control Point',(23.1191547926,-37.8958215869,22.8132788188)) ;
#4114=CARTESIAN_POINT('Control Point',(23.1443284493,-38.2028930432,22.3883156881)) ;
#4115=CARTESIAN_POINT('Control Point',(22.2228022041,-38.2165101931,24.7108429722)) ;
#4116=CARTESIAN_POINT('Control Point',(22.6550722299,-38.1479267765,24.4822342657)) ;
#4117=CARTESIAN_POINT('Control Point',(23.0515420372,-38.1882711388,24.1541226678)) ;
#4118=CARTESIAN_POINT('Control Point',(23.3574638932,-38.3463980464,23.7551101311)) ;
#4119=CARTESIAN_POINT('Control Point',(23.5304827991,-38.5999716554,23.3403766671)) ;
#4120=CARTESIAN_POINT('Control Point',(23.566609092,-38.9093800199,22.9578794136)) ;
#4121=CARTESIAN_POINT('Control Point',(22.5562227789,-38.5939706692,25.0123986646)) ;
#4122=CARTESIAN_POINT('Control Point',(22.9668914477,-38.5513958695,24.781917645)) ;
#4123=CARTESIAN_POINT('Control Point',(23.3406583412,-38.6131603952,24.4671359308)) ;
#4124=CARTESIAN_POINT('Control Point',(23.6299463163,-38.7842729508,24.0944718726)) ;
#4125=CARTESIAN_POINT('Control Point',(23.7983121057,-39.0427853372,23.7107526755)) ;
#4126=CARTESIAN_POINT('Control Point',(23.8412201961,-39.3524684911,23.3565769339)) ;
#4127=CARTESIAN_POINT('Control Point',(23.0371807397,-39.1213570126,25.4784091767)) ;
#4128=CARTESIAN_POINT('Control Point',(23.4161537214,-39.1160699783,25.2512952293)) ;
#4129=CARTESIAN_POINT('Control Point',(23.7578467948,-39.2069748594,24.9602337955)) ;
#4130=CARTESIAN_POINT('Control Point',(24.0240459736,-39.3945937932,24.627909152)) ;
#4131=CARTESIAN_POINT('Control Point',(24.1857955675,-39.6582003701,24.2902896529)) ;
#4132=CARTESIAN_POINT('Control Point',(24.2380880717,-39.9664514977,23.9784456976)) ;
#4133=CARTESIAN_POINT('Control Point',(23.5110745635,-39.6100751108,25.9937021918)) ;
#4134=CARTESIAN_POINT('Control Point',(23.858201625,-39.6401571574,25.7797142118)) ;
#4135=CARTESIAN_POINT('Control Point',(24.1692572577,-39.7565467378,25.5194445551)) ;
#4136=CARTESIAN_POINT('Control Point',(24.4139333995,-39.9567805137,25.2314057414)) ;
#4137=CARTESIAN_POINT('Control Point',(24.5693654091,-40.2220795779,24.9424700364)) ;
#4138=CARTESIAN_POINT('Control Point',(24.6304590322,-40.5258566901,24.6757496427)) ;
#4139=CARTESIAN_POINT('Control Point',(23.6569364594,-39.7572175618,26.1582651315)) ;
#4140=CARTESIAN_POINT('Control Point',(23.9942084389,-39.7980069526,25.9493181103)) ;
#4141=CARTESIAN_POINT('Control Point',(24.2959274548,-39.921896403,25.6992891191)) ;
#4142=CARTESIAN_POINT('Control Point',(24.534094706,-40.1256388426,25.4253741692)) ;
#4143=CARTESIAN_POINT('Control Point',(24.687604602,-40.3911177883,25.1517968739)) ;
#4144=CARTESIAN_POINT('Control Point',(24.7513696461,-40.6932012047,24.8993531797)) ;
#4145=CARTESIAN_POINT('Control Point',(24.042727125,-40.136703291,26.6111163685)) ;
#4146=CARTESIAN_POINT('Control Point',(24.3538155972,-40.2051958843,26.4183190776)) ;
#4147=CARTESIAN_POINT('Control Point',(24.6310906435,-40.3479062531,26.1975565138)) ;
#4148=CARTESIAN_POINT('Control Point',(24.8523435405,-40.5598590865,25.9624915758)) ;
#4149=CARTESIAN_POINT('Control Point',(25.0008368108,-40.8248354552,25.730728284)) ;
#4150=CARTESIAN_POINT('Control Point',(25.0715817174,-41.1215232534,25.5172735949)) ;
#4151=CARTESIAN_POINT('Control Point',(24.4194984386,-40.4772024329,27.1080744013)) ;
#4152=CARTESIAN_POINT('Control Point',(24.704772399,-40.570579317,26.9393129861)) ;
#4153=CARTESIAN_POINT('Control Point',(24.9588637503,-40.7285368483,26.7536761336)) ;
#4154=CARTESIAN_POINT('Control Point',(25.1644012875,-40.9452899908,26.5613308023)) ;
#4155=CARTESIAN_POINT('Control Point',(25.3082097669,-41.2068088169,26.3744104125)) ;
#4156=CARTESIAN_POINT('Control Point',(25.3855937583,-41.4954203763,26.2031320193)) ;
#4157=CARTESIAN_POINT('Control Point',(24.6490413437,-40.6695794827,27.4382127344)) ;
#4158=CARTESIAN_POINT('Control Point',(24.9185488039,-40.7768831808,27.287877188)) ;
#4159=CARTESIAN_POINT('Control Point',(25.1588054772,-40.9425800361,27.126758975)) ;
#4160=CARTESIAN_POINT('Control Point',(25.3550878087,-41.1607099257,26.9629274329)) ;
#4161=CARTESIAN_POINT('Control Point',(25.4961508042,-41.4186766012,26.8055416968)) ;
#4162=CARTESIAN_POINT('Control Point',(25.5775422163,-41.7009816858,26.6622077484)) ;
#4163=CARTESIAN_POINT('Control Point',(24.9588388711,-40.902665653,27.9320196362)) ;
#4164=CARTESIAN_POINT('Control Point',(25.2070953606,-41.0263809089,27.8128993238)) ;
#4165=CARTESIAN_POINT('Control Point',(25.4291244367,-41.1998101365,27.690212984)) ;
#4166=CARTESIAN_POINT('Control Point',(25.6133808665,-41.4171535031,27.5693388405)) ;
#4167=CARTESIAN_POINT('Control Point',(25.7509308838,-41.667840618,27.4559131797)) ;
#4168=CARTESIAN_POINT('Control Point',(25.8377271119,-41.9392288142,27.3544392935)) ;
#4169=CARTESIAN_POINT('Control Point',(25.2310137426,-41.0429613468,28.4830660532)) ;
#4170=CARTESIAN_POINT('Control Point',(25.4610384674,-41.1751591664,28.4042300769)) ;
#4171=CARTESIAN_POINT('Control Point',(25.6678660551,-41.3490601868,28.3274697255)) ;
#4172=CARTESIAN_POINT('Control Point',(25.8423424292,-41.5594214766,28.2558901371)) ;
#4173=CARTESIAN_POINT('Control Point',(25.9772755117,-41.7975683962,28.1924012888)) ;
#4174=CARTESIAN_POINT('Control Point',(26.0690349224,-42.0533246759,28.1390792094)) ;
#4175=CARTESIAN_POINT('Control Point',(25.3041713186,-41.073750189,28.6437619554)) ;
#4176=CARTESIAN_POINT('Control Point',(25.529349538,-41.2075905541,28.5770790401)) ;
#4177=CARTESIAN_POINT('Control Point',(25.7321727894,-41.3809459574,28.5139512132)) ;
#4178=CARTESIAN_POINT('Control Point',(25.9040978351,-41.5887573724,28.4568763201)) ;
#4179=CARTESIAN_POINT('Control Point',(26.0383781719,-41.8228706919,28.4080536019)) ;
#4180=CARTESIAN_POINT('Control Point',(26.1314995727,-42.0737716163,28.3689232125)) ;
#4181=CARTESIAN_POINT('Control Point',(25.4321596028,-41.1109600003,28.9551719939)) ;
#4182=CARTESIAN_POINT('Control Point',(25.6490056037,-41.2461383304,28.9128205987)) ;
#4183=CARTESIAN_POINT('Control Point',(25.845009401,-41.4169333799,28.8766066086)) ;
#4184=CARTESIAN_POINT('Control Point',(26.0126432333,-41.618668082,28.8479587669)) ;
#4185=CARTESIAN_POINT('Control Point',(26.1459028001,-41.8441227585,28.8278491583)) ;
#4186=CARTESIAN_POINT('Control Point',(26.2414817753,-42.0849463169,28.8166127773)) ;
#4187=CARTESIAN_POINT('Control Point',(25.5348482851,-41.0991581245,29.2807533262)) ;
#4188=CARTESIAN_POINT('Control Point',(25.745403417,-41.2316399697,29.265199507)) ;
#4189=CARTESIAN_POINT('Control Point',(25.9363723494,-41.3964131395,29.2581295574)) ;
#4190=CARTESIAN_POINT('Control Point',(26.1009634368,-41.5892219096,29.2600268783)) ;
#4191=CARTESIAN_POINT('Control Point',(26.2337112517,-41.8036691075,29.2708026519)) ;
#4192=CARTESIAN_POINT('Control Point',(26.3314759755,-42.0323849519,29.2898164328)) ;
#4193=CARTESIAN_POINT('Control Point',(25.5761310734,-41.0809771439,29.4360691437)) ;
#4194=CARTESIAN_POINT('Control Point',(25.7842891802,-41.2111679757,29.4335775057)) ;
#4195=CARTESIAN_POINT('Control Point',(25.9733712048,-41.3722471197,29.4406429408)) ;
#4196=CARTESIAN_POINT('Control Point',(26.136863753,-41.5601599957,29.4573306832)) ;
#4197=CARTESIAN_POINT('Control Point',(26.2695049896,-41.768865292,29.4830840508)) ;
#4198=CARTESIAN_POINT('Control Point',(26.3682201883,-41.9914080907,29.5168265055)) ;
#4199=CARTESIAN_POINT('Control Point',(25.6434481239,-41.0106846019,29.7632249807)) ;
#4200=CARTESIAN_POINT('Control Point',(25.8481068083,-41.1335391085,29.7887533719)) ;
#4201=CARTESIAN_POINT('Control Point',(26.0345158418,-41.2847682789,29.8261302992)) ;
#4202=CARTESIAN_POINT('Control Point',(26.196582981,-41.4607328167,29.874583807)) ;
#4203=CARTESIAN_POINT('Control Point',(26.3293522904,-41.6560594334,29.9326119693)) ;
#4204=CARTESIAN_POINT('Control Point',(26.4298446683,-41.8645509278,29.998240876)) ;
#4205=CARTESIAN_POINT('Control Point',(25.6642555306,-40.8720282817,30.0769194666)) ;
#4206=CARTESIAN_POINT('Control Point',(25.8690086642,-40.9824302467,30.1300095923)) ;
#4207=CARTESIAN_POINT('Control Point',(26.0557409753,-41.1196650795,30.1975261187)) ;
#4208=CARTESIAN_POINT('Control Point',(26.2184126682,-41.2804898995,30.2779089301)) ;
#4209=CARTESIAN_POINT('Control Point',(26.3520961824,-41.4600344502,30.3687224426)) ;
#4210=CARTESIAN_POINT('Control Point',(26.4538053595,-41.6526204578,30.4670654454)) ;
#4211=CARTESIAN_POINT('Control Point',(25.6603752512,-40.7798281094,30.2330431657)) ;
#4212=CARTESIAN_POINT('Control Point',(25.8662993952,-40.8823165282,30.2999515335)) ;
#4213=CARTESIAN_POINT('Control Point',(26.0541288382,-41.0111217655,30.3827836494)) ;
#4214=CARTESIAN_POINT('Control Point',(26.2177406056,-41.1632017629,30.4795678318)) ;
#4215=CARTESIAN_POINT('Control Point',(26.3521378851,-41.3339040629,30.5873610659)) ;
#4216=CARTESIAN_POINT('Control Point',(26.4542969254,-41.5177554594,30.7027459332)) ;
#4217=CARTESIAN_POINT('Control Point',(25.6427863105,-40.6725931967,30.3758985531)) ;
#4218=CARTESIAN_POINT('Control Point',(25.8508816342,-40.7662306875,30.4554028956)) ;
#4219=CARTESIAN_POINT('Control Point',(26.0406374215,-40.8859003088,30.5525174815)) ;
#4220=CARTESIAN_POINT('Control Point',(26.2057427107,-41.0287647101,30.6648489119)) ;
#4221=CARTESIAN_POINT('Control Point',(26.3410516509,-41.1903606367,30.7889087389)) ;
#4222=CARTESIAN_POINT('Control Point',(26.4434716563,-41.3653710599,30.9207134295)) ;
#4223=CARTESIAN_POINT('Control Point',(25.6138788984,-40.5541951001,30.5055254371)) ;
#4224=CARTESIAN_POINT('Control Point',(25.8249496508,-40.6383736336,30.5963384189)) ;
#4225=CARTESIAN_POINT('Control Point',(26.0173067892,-40.7484549444,30.7066358248)) ;
#4226=CARTESIAN_POINT('Control Point',(26.1843569186,-40.8818219445,30.8335911423)) ;
#4227=CARTESIAN_POINT('Control Point',(26.3207335132,-41.0341901868,30.9731259012)) ;
#4228=CARTESIAN_POINT('Control Point',(26.4232502209,-41.2003689501,31.1206341689)) ;
#4230=CARTESIAN_POINT('Control Point',(25.6138788984,-40.5541951001,30.5055254371)) ;
#4231=CARTESIAN_POINT('Control Point',(25.9656634857,-40.694492656,30.6568804068)) ;
#4232=CARTESIAN_POINT('Control Point',(26.2523890414,-40.9234043446,30.8747870561)) ;
#4233=CARTESIAN_POINT('Control Point',(26.4232502209,-41.2003689501,31.1206341689)) ;
#4234=CARTESIAN_POINT('Vertex',(26.4232502209,-41.2003689501,31.1206341689)) ;
#4238=CARTESIAN_POINT('Control Point',(22.282878709,-36.6651976252,21.3934945133)) ;
#4239=CARTESIAN_POINT('Control Point',(22.4291096323,-36.9340881713,21.5487390767)) ;
#4240=CARTESIAN_POINT('Control Point',(22.5755123765,-37.1993859145,21.7109362024)) ;
#4241=CARTESIAN_POINT('Control Point',(22.7220505738,-37.4609496792,21.8801759773)) ;
#4242=CARTESIAN_POINT('Control Point',(23.1443286915,-38.2028934482,22.3883160146)) ;
#4243=CARTESIAN_POINT('Control Point',(23.566609092,-38.9093800199,22.9578794136)) ;
#4244=CARTESIAN_POINT('Control Point',(23.8412201961,-39.3524684911,23.3565769339)) ;
#4245=CARTESIAN_POINT('Control Point',(24.2380880717,-39.9664514977,23.9784456976)) ;
#4246=CARTESIAN_POINT('Control Point',(24.6304590322,-40.5258566901,24.6757496427)) ;
#4247=CARTESIAN_POINT('Control Point',(24.7512621447,-40.6930621683,24.8991374878)) ;
#4248=CARTESIAN_POINT('Control Point',(24.9784184732,-40.996901981,25.337501772)) ;
#4249=CARTESIAN_POINT('Control Point',(25.2020742339,-41.2729028386,25.8092192113)) ;
#4250=CARTESIAN_POINT('Control Point',(25.307078827,-41.3965763132,26.0409175258)) ;
#4251=CARTESIAN_POINT('Control Point',(25.5004410758,-41.6116540771,26.489514003)) ;
#4252=CARTESIAN_POINT('Control Point',(25.6875824229,-41.7910713789,26.9734588538)) ;
#4253=CARTESIAN_POINT('Control Point',(25.7728939071,-41.8654730442,27.2068707116)) ;
#4254=CARTESIAN_POINT('Control Point',(25.9264814764,-41.9830247466,27.6554821924)) ;
#4255=CARTESIAN_POINT('Control Point',(26.069018137,-42.0533023549,28.1390465906)) ;
#4256=CARTESIAN_POINT('Control Point',(26.1314995727,-42.0737716163,28.3689232125)) ;
#4257=CARTESIAN_POINT('Control Point',(26.2414817753,-42.0849463169,28.8166127773)) ;
#4258=CARTESIAN_POINT('Control Point',(26.3314759755,-42.0323849519,29.2898164328)) ;
#4259=CARTESIAN_POINT('Control Point',(26.368208572,-41.9913542779,29.516870383)) ;
#4260=CARTESIAN_POINT('Control Point',(26.4183294884,-41.8883107701,29.9081878566)) ;
#4261=CARTESIAN_POINT('Control Point',(26.4435214684,-41.7288781674,30.2913121799)) ;
#4262=CARTESIAN_POINT('Control Point',(26.4492606779,-41.6530057622,30.4470988698)) ;
#4263=CARTESIAN_POINT('Control Point',(26.4507022582,-41.521301677,30.681338777)) ;
#4264=CARTESIAN_POINT('Control Point',(26.4411976055,-41.3717229188,30.9000548208)) ;
#4265=CARTESIAN_POINT('Control Point',(26.4364647953,-41.3163583109,30.9758510285)) ;
#4266=CARTESIAN_POINT('Control Point',(26.4304554753,-41.259162114,31.049398881)) ;
#4267=CARTESIAN_POINT('Control Point',(26.4232502209,-41.2003689501,31.1206341689)) ;
#4277=CARTESIAN_POINT('Control Point',(25.6138941064,-40.5542409875,30.5055002136)) ;
#4278=CARTESIAN_POINT('Control Point',(25.8249651045,-40.6384194957,30.5963137432)) ;
#4279=CARTESIAN_POINT('Control Point',(26.0173223433,-40.7485009962,30.7066119208)) ;
#4280=CARTESIAN_POINT('Control Point',(26.1843723732,-40.8818683836,30.8335681968)) ;
#4281=CARTESIAN_POINT('Control Point',(26.3207486324,-41.0342371671,30.9731040407)) ;
#4282=CARTESIAN_POINT('Control Point',(26.4232647645,-41.2004165685,31.1206134512)) ;
#4283=CARTESIAN_POINT('Control Point',(25.3256472985,-38.2749987367,33.2587030439)) ;
#4284=CARTESIAN_POINT('Control Point',(25.5376292212,-38.3455713942,33.3659079807)) ;
#4285=CARTESIAN_POINT('Control Point',(25.7305627043,-38.4411394403,33.4947684942)) ;
#4286=CARTESIAN_POINT('Control Point',(25.8977075946,-38.5594633154,33.6418968787)) ;
#4287=CARTESIAN_POINT('Control Point',(26.0335956195,-38.6966630391,33.8024915815)) ;
#4288=CARTESIAN_POINT('Control Point',(26.1350179566,-38.8479203715,33.9712024523)) ;
#4289=CARTESIAN_POINT('Control Point',(24.8322594502,-35.6715657296,35.7235068953)) ;
#4290=CARTESIAN_POINT('Control Point',(25.0458104868,-35.7265477316,35.8454065828)) ;
#4291=CARTESIAN_POINT('Control Point',(25.239737111,-35.8057323566,35.9913416671)) ;
#4292=CARTESIAN_POINT('Control Point',(25.4070453559,-35.9073048896,36.1573570987)) ;
#4293=CARTESIAN_POINT('Control Point',(25.5420916504,-36.0278100513,36.3378856539)) ;
#4294=CARTESIAN_POINT('Control Point',(25.6416301083,-36.1627978868,36.5267757869)) ;
#4295=CARTESIAN_POINT('Control Point',(24.1447038193,-32.8038175834,37.8423423441)) ;
#4296=CARTESIAN_POINT('Control Point',(24.360476001,-32.8415269671,37.9769104538)) ;
#4297=CARTESIAN_POINT('Control Point',(24.5558102967,-32.9026693848,38.1381862749)) ;
#4298=CARTESIAN_POINT('Control Point',(24.7233496141,-32.9859262894,38.3216235757)) ;
#4299=CARTESIAN_POINT('Control Point',(24.8572019011,-33.0883205395,38.5208137495)) ;
#4300=CARTESIAN_POINT('Control Point',(24.9540744774,-33.2057978039,38.7287121047)) ;
#4301=CARTESIAN_POINT('Control Point',(23.2902431133,-29.7546298192,39.586263761)) ;
#4302=CARTESIAN_POINT('Control Point',(23.5088713927,-29.7737957616,39.7312512662)) ;
#4303=CARTESIAN_POINT('Control Point',(23.7060208158,-29.8155195209,39.9059485975)) ;
#4304=CARTESIAN_POINT('Control Point',(23.8738568139,-29.8790847868,40.1051934349)) ;
#4305=CARTESIAN_POINT('Control Point',(24.0061668989,-29.962091415,40.321641373)) ;
#4306=CARTESIAN_POINT('Control Point',(24.0996137715,-30.0609492832,40.54724103)) ;
#4307=CARTESIAN_POINT('Control Point',(22.2976342867,-26.593642267,40.9555016563)) ;
#4308=CARTESIAN_POINT('Control Point',(22.5197412196,-26.5933833051,41.1085656183)) ;
#4309=CARTESIAN_POINT('Control Point',(22.7191106565,-26.6145717738,41.2946597163)) ;
#4310=CARTESIAN_POINT('Control Point',(22.8873071521,-26.6572292213,41.5079973313)) ;
#4311=CARTESIAN_POINT('Control Point',(23.0177263275,-26.7196806664,41.7402015798)) ;
#4312=CARTESIAN_POINT('Control Point',(23.1070049448,-26.7989122175,41.982093829)) ;
#4314=CARTESIAN_POINT('Control Point',(26.4232605221,-41.2003819448,31.1206554058)) ;
#4315=CARTESIAN_POINT('Control Point',(26.2368455084,-39.6789855089,32.9641710073)) ;
#4316=CARTESIAN_POINT('Control Point',(25.964632364,-38.0184717079,34.6842990641)) ;
#4317=CARTESIAN_POINT('Control Point',(25.6096748013,-36.2354544886,36.2652311123)) ;
#4318=CARTESIAN_POINT('Control Point',(24.9841197917,-33.5057177003,38.3368244786)) ;
#4319=CARTESIAN_POINT('Control Point',(24.2118209213,-30.6047880064,40.0817777903)) ;
#4320=CARTESIAN_POINT('Control Point',(23.9595677306,-29.6930756793,40.5897045531)) ;
#4321=CARTESIAN_POINT('Control Point',(23.6945825698,-28.7686340408,41.065612206)) ;
#4322=CARTESIAN_POINT('Control Point',(23.417555731,-27.8332168151,41.509394569)) ;
#4332=CARTESIAN_POINT('Control Point',(27.0000372209,-51.324503969,4.78448239804)) ;
#4333=CARTESIAN_POINT('Control Point',(23.8584408452,-51.3245001265,4.78448680476)) ;
#4334=CARTESIAN_POINT('Control Point',(20.716793549,-51.7298000962,4.31966421314)) ;
#4335=CARTESIAN_POINT('Control Point',(17.7368516366,-52.5410133035,3.38931569705)) ;
#4336=CARTESIAN_POINT('Control Point',(12.4217957713,-54.8876887238,0.698005970354)) ;
#4337=CARTESIAN_POINT('Control Point',(8.85106696422,-58.380737507,-3.30803427035)) ;
#4338=CARTESIAN_POINT('Control Point',(7.61671331962,-60.339152945,-5.5540638966)) ;
#4339=CARTESIAN_POINT('Control Point',(7.,-62.4038418692,-7.92197440355)) ;
#4340=CARTESIAN_POINT('Control Point',(7.,-64.4684980827,-10.2898473959)) ;
#4341=CARTESIAN_POINT('Control Point',(25.6084280503,-50.5782333802,4.13377854834)) ;
#4342=CARTESIAN_POINT('Control Point',(22.6059921848,-50.721889865,3.9690254471)) ;
#4343=CARTESIAN_POINT('Control Point',(19.6464320081,-51.189500738,3.34096598746)) ;
#4344=CARTESIAN_POINT('Control Point',(16.8700252287,-51.9740497584,2.25750882319)) ;
#4345=CARTESIAN_POINT('Control Point',(11.9532325875,-54.1004562405,-0.712557467862)) ;
#4346=CARTESIAN_POINT('Control Point',(8.68698534576,-57.1032558498,-4.94730600547)) ;
#4347=CARTESIAN_POINT('Control Point',(7.56210082762,-58.76468935,-7.29619661547)) ;
#4348=CARTESIAN_POINT('Control Point',(7.,-60.5063282241,-9.76113587228)) ;
#4349=CARTESIAN_POINT('Control Point',(7.,-62.2479481195,-12.2260459563)) ;
#4350=CARTESIAN_POINT('Control Point',(24.2201990731,-49.8262178029,3.47807624783)) ;
#4351=CARTESIAN_POINT('Control Point',(21.3756173108,-50.0569498982,3.13209952445)) ;
#4352=CARTESIAN_POINT('Control Point',(18.6072185971,-50.5361824054,2.34001031308)) ;
#4353=CARTESIAN_POINT('Control Point',(16.0352395794,-51.2539123477,1.1172818659)) ;
#4354=CARTESIAN_POINT('Control Point',(11.5091122437,-53.1039156479,-2.07930579553)) ;
#4355=CARTESIAN_POINT('Control Point',(8.53242709008,-55.602347123,-6.45270872015)) ;
#4356=CARTESIAN_POINT('Control Point',(7.51064087209,-56.9687957758,-8.85281855531)) ;
#4357=CARTESIAN_POINT('Control Point',(7.00000046296,-58.3939704988,-11.3598471826)) ;
#4358=CARTESIAN_POINT('Control Point',(7.,-59.8191341301,-13.8668541257)) ;
#4359=CARTESIAN_POINT('Control Point',(22.8495112664,-49.0753466081,2.82334396872)) ;
#4360=CARTESIAN_POINT('Control Point',(20.1769233104,-49.3379863615,2.30048097217)) ;
#4361=CARTESIAN_POINT('Control Point',(17.6049900281,-49.782024705,1.3592569436)) ;
#4362=CARTESIAN_POINT('Control Point',(15.2358042935,-50.3975100209,0.0204749807677)) ;
#4363=CARTESIAN_POINT('Control Point',(11.0896894015,-51.9237571999,-3.34400697288)) ;
#4364=CARTESIAN_POINT('Control Point',(8.38723410979,-53.9098924164,-7.77998484126)) ;
#4365=CARTESIAN_POINT('Control Point',(7.46228271501,-54.9854344664,-10.1906855959)) ;
#4366=CARTESIAN_POINT('Control Point',(6.99999674239,-56.102276455,-12.6979002706)) ;
#4367=CARTESIAN_POINT('Control Point',(7.,-57.2191120682,-15.2050989086)) ;
#4368=CARTESIAN_POINT('Control Point',(20.9776230651,-48.0369385989,1.91791164352)) ;
#4369=CARTESIAN_POINT('Control Point',(18.5590872299,-48.2728204266,1.17113846032)) ;
#4370=CARTESIAN_POINT('Control Point',(16.2643257178,-48.609248516,0.0544680811768)) ;
#4371=CARTESIAN_POINT('Control Point',(14.1730332372,-49.0387891355,-1.40688942887)) ;
#4372=CARTESIAN_POINT('Control Point',(10.5390355597,-50.0562888706,-4.91821514769)) ;
#4373=CARTESIAN_POINT('Control Point',(8.1975188243,-51.319087184,-9.3425847933)) ;
#4374=CARTESIAN_POINT('Control Point',(7.39909321554,-51.9939918162,-11.7172557347)) ;
#4375=CARTESIAN_POINT('Control Point',(7.00000127335,-52.690673015,-14.1732684451)) ;
#4376=CARTESIAN_POINT('Control Point',(7.,-53.3873517758,-16.6292710743)) ;
#4377=CARTESIAN_POINT('Control Point',(19.2025300044,-47.0344556575,1.04380089473)) ;
#4378=CARTESIAN_POINT('Control Point',(17.0461801763,-47.1475333617,0.13462281561)) ;
#4379=CARTESIAN_POINT('Control Point',(15.0238420856,-47.2973772427,-1.08807142196)) ;
#4380=CARTESIAN_POINT('Control Point',(13.1969661166,-47.4808504396,-2.59839640485)) ;
#4381=CARTESIAN_POINT('Control Point',(10.0409323882,-47.9045933543,-6.1057022913)) ;
#4382=CARTESIAN_POINT('Control Point',(8.02687725082,-48.4159664679,-10.3645226175)) ;
#4383=CARTESIAN_POINT('Control Point',(7.34223904079,-48.6870885199,-12.6265320559)) ;
#4384=CARTESIAN_POINT('Control Point',(6.99999950227,-48.9659350277,-14.9549025052)) ;
#4385=CARTESIAN_POINT('Control Point',(7.,-49.2447808464,-17.2832666576)) ;
#4386=CARTESIAN_POINT('Control Point',(18.7133781291,-46.7567430086,0.801650978657)) ;
#4387=CARTESIAN_POINT('Control Point',(16.6308738804,-46.8278576708,-0.147299760443)) ;
#4388=CARTESIAN_POINT('Control Point',(14.6843155231,-46.9191572074,-1.39348724115)) ;
#4389=CARTESIAN_POINT('Control Point',(12.9303644082,-47.0288006894,-2.91111335743)) ;
#4390=CARTESIAN_POINT('Control Point',(9.90546217736,-47.2789502352,-6.40436321202)) ;
#4391=CARTESIAN_POINT('Control Point',(7.98054117101,-47.5766271907,-10.6039183804)) ;
#4392=CARTESIAN_POINT('Control Point',(7.32679924994,-47.7338069466,-12.8279956845)) ;
#4393=CARTESIAN_POINT('Control Point',(6.99999827747,-47.8951605078,-15.1142752417)) ;
#4394=CARTESIAN_POINT('Control Point',(7.,-48.0565137431,-17.4005494148)) ;
#4395=CARTESIAN_POINT('Control Point',(17.7138288778,-46.1861909684,0.304160557547)) ;
#4396=CARTESIAN_POINT('Control Point',(15.7852744517,-46.1540006097,-0.7136121971)) ;
#4397=CARTESIAN_POINT('Control Point',(13.9949093028,-46.1100114241,-1.99396981047)) ;
#4398=CARTESIAN_POINT('Control Point',(12.3900862121,-46.0551951927,-3.51183235044)) ;
#4399=CARTESIAN_POINT('Control Point',(9.63204052781,-45.9272434662,-6.9460146633)) ;
#4400=CARTESIAN_POINT('Control Point',(7.88716902062,-45.771001761,-10.9929474452)) ;
#4401=CARTESIAN_POINT('Control Point',(7.29569107025,-45.6878892402,-13.1236629771)) ;
#4402=CARTESIAN_POINT('Control Point',(7.00000187861,-45.6022786145,-15.3080394821)) ;
#4403=CARTESIAN_POINT('Control Point',(7.,-45.516668222,-17.4924122324)) ;
#4404=CARTESIAN_POINT('Control Point',(16.7832511293,-45.6490313669,-0.164214262563)) ;
#4405=CARTESIAN_POINT('Control Point',(15.0035344768,-45.4811704721,-1.21377035027)) ;
#4406=CARTESIAN_POINT('Control Point',(13.3609795127,-45.2747746791,-2.49074820562)) ;
#4407=CARTESIAN_POINT('Control Point',(11.8951719924,-45.0337092097,-3.97178481917)) ;
#4408=CARTESIAN_POINT('Control Point',(9.38355771769,-44.4935957809,-7.27458815548)) ;
#4409=CARTESIAN_POINT('Control Point',(7.80255648724,-43.8644560185,-11.1001305633)) ;
#4410=CARTESIAN_POINT('Control Point',(7.26749153853,-43.534351057,-13.1039784924)) ;
#4411=CARTESIAN_POINT('Control Point',(6.99999795116,-43.1964739095,-15.153390218)) ;
#4412=CARTESIAN_POINT('Control Point',(7.,-42.8585972421,-17.2027993132)) ;
#4413=CARTESIAN_POINT('Control Point',(16.3223170886,-45.3813782066,-0.397593937183)) ;
#4414=CARTESIAN_POINT('Control Point',(14.6176547,-45.1340812112,-1.45169623844)) ;
#4415=CARTESIAN_POINT('Control Point',(13.0488862213,-44.8355480675,-2.7149026813)) ;
#4416=CARTESIAN_POINT('Control Point',(11.6519774443,-44.4911425864,-4.16498524898)) ;
#4417=CARTESIAN_POINT('Control Point',(9.26194342697,-43.7258345143,-7.37645761129)) ;
#4418=CARTESIAN_POINT('Control Point',(7.76121128988,-42.8432428699,-11.0649642717)) ;
#4419=CARTESIAN_POINT('Control Point',(7.25371600276,-42.3815385149,-12.9921405694)) ;
#4420=CARTESIAN_POINT('Control Point',(7.00000046556,-41.9096245204,-14.9607991838)) ;
#4421=CARTESIAN_POINT('Control Point',(7.,-41.437711082,-16.9294556406)) ;
#4422=CARTESIAN_POINT('Control Point',(15.5344607617,-44.9211166961,-0.798918438251)) ;
#4423=CARTESIAN_POINT('Control Point',(13.9601768242,-44.5107829321,-1.83346161345)) ;
#4424=CARTESIAN_POINT('Control Point',(12.5184124872,-44.0279568629,-3.04397035479)) ;
#4425=CARTESIAN_POINT('Control Point',(11.2393220774,-43.4806821902,-4.41066503597)) ;
#4426=CARTESIAN_POINT('Control Point',(9.05633009793,-42.2791011911,-7.40318892002)) ;
#4427=CARTESIAN_POINT('Control Point',(7.69139633889,-40.9137649231,-10.791987968)) ;
#4428=CARTESIAN_POINT('Control Point',(7.23044891046,-40.2027173945,-12.554998356)) ;
#4429=CARTESIAN_POINT('Control Point',(6.99999960856,-39.4774740416,-14.3523282741)) ;
#4430=CARTESIAN_POINT('Control Point',(7.,-38.7522313246,-16.1496567282)) ;
#4431=CARTESIAN_POINT('Control Point',(14.9555211333,-44.5799344056,-1.09641226037)) ;
#4432=CARTESIAN_POINT('Control Point',(13.4791934053,-43.9843402672,-2.0453309327)) ;
#4433=CARTESIAN_POINT('Control Point',(12.1316620047,-43.2966327674,-3.13888274602)) ;
#4434=CARTESIAN_POINT('Control Point',(10.9392026264,-42.5274813358,-4.3602381897)) ;
#4435=CARTESIAN_POINT('Control Point',(8.90756404047,-40.8543563558,-7.01444068744)) ;
#4436=CARTESIAN_POINT('Control Point',(7.64098204762,-38.9752958434,-9.99163026796)) ;
#4437=CARTESIAN_POINT('Control Point',(7.21364803259,-38.0001901461,-11.5360016175)) ;
#4438=CARTESIAN_POINT('Control Point',(7.00000032912,-37.0072902401,-13.1082712228)) ;
#4439=CARTESIAN_POINT('Control Point',(7.,-36.0143910087,-14.6805397906)) ;
#4440=CARTESIAN_POINT('Control Point',(14.7484855878,-44.457351904,-1.20329808411)) ;
#4441=CARTESIAN_POINT('Control Point',(13.3075657732,-43.7733938683,-2.09681406488)) ;
#4442=CARTESIAN_POINT('Control Point',(11.9938897404,-42.9883927849,-3.1211523985)) ;
#4443=CARTESIAN_POINT('Control Point',(10.8324181665,-42.1142142971,-4.26091039224)) ;
#4444=CARTESIAN_POINT('Control Point',(8.85476499508,-40.2183894658,-6.7312510378)) ;
#4445=CARTESIAN_POINT('Control Point',(7.62310399503,-38.0974355645,-9.49288034321)) ;
#4446=CARTESIAN_POINT('Control Point',(7.20768824528,-36.9981086801,-10.9239517228)) ;
#4447=CARTESIAN_POINT('Control Point',(6.99999889848,-35.8793501479,-12.3801600099)) ;
#4448=CARTESIAN_POINT('Control Point',(7.,-34.7605923108,-13.836367408)) ;
#4449=CARTESIAN_POINT('Control Point',(14.6435189015,-44.395181619,-1.25750746945)) ;
#4450=CARTESIAN_POINT('Control Point',(13.2205631986,-43.6260196539,-2.07660948243)) ;
#4451=CARTESIAN_POINT('Control Point',(11.9240574983,-42.7461405303,-3.01361728304)) ;
#4452=CARTESIAN_POINT('Control Point',(10.7782978335,-41.7686470706,-4.05457731065)) ;
#4453=CARTESIAN_POINT('Control Point',(8.82801224301,-39.6523382517,-6.3082935527)) ;
#4454=CARTESIAN_POINT('Control Point',(7.61404826343,-37.2898269083,-8.82419772461)) ;
#4455=CARTESIAN_POINT('Control Point',(7.20467128178,-36.0661105036,-10.1273674285)) ;
#4456=CARTESIAN_POINT('Control Point',(7.,-34.8211566815,-11.4531534501)) ;
#4457=CARTESIAN_POINT('Control Point',(7.,-33.5762035933,-12.7789386902)) ;
#4458=CARTESIAN_POINT('Control Point',(14.6435189015,-44.395181619,-1.25750746945)) ;
#4459=CARTESIAN_POINT('Control Point',(13.2205631986,-43.5524953709,-1.99228781766)) ;
#4460=CARTESIAN_POINT('Control Point',(11.9240574983,-42.5885084981,-2.83283625619)) ;
#4461=CARTESIAN_POINT('Control Point',(10.7782978335,-41.5175763232,-3.76663566023)) ;
#4462=CARTESIAN_POINT('Control Point',(8.82801224301,-39.1989692946,-5.78834526278)) ;
#4463=CARTESIAN_POINT('Control Point',(7.61404826343,-36.6106252131,-8.04525211225)) ;
#4464=CARTESIAN_POINT('Control Point',(7.20467128178,-35.2699336129,-9.21426827099)) ;
#4465=CARTESIAN_POINT('Control Point',(7.,-33.905974508,-10.4035725324)) ;
#4466=CARTESIAN_POINT('Control Point',(7.,-32.5420162072,-11.5928760928)) ;
#4468=CARTESIAN_POINT('Control Point',(23.4175540259,-49.8647961331,3.34957398162)) ;
#4469=CARTESIAN_POINT('Control Point',(23.2514889138,-49.5738448932,3.14831347894)) ;
#4470=CARTESIAN_POINT('Control Point',(23.0225468531,-49.2893955622,2.95294553577)) ;
#4471=CARTESIAN_POINT('Control Point',(22.7355252869,-49.0074386301,2.76412689225)) ;
#4472=CARTESIAN_POINT('Control Point',(22.2976403592,-48.7653307869,2.55302154686)) ;
#4473=CARTESIAN_POINT('Vertex',(23.4175570774,-49.8648005518,3.34957788327)) ;
#4475=CARTESIAN_POINT('Vertex',(22.2976488322,-48.7653181072,2.55301851364)) ;
#4479=CARTESIAN_POINT('Control Point',(23.4175568285,-49.8648010433,3.34957737816)) ;
#4480=CARTESIAN_POINT('Control Point',(23.7323821299,-50.4163824875,3.73112500812)) ;
#4481=CARTESIAN_POINT('Control Point',(24.0547312941,-50.9514588627,4.17322144293)) ;
#4482=CARTESIAN_POINT('Control Point',(24.3665990368,-51.4389408591,4.65323923047)) ;
#4485=CARTESIAN_POINT('Control Point',(22.2976486146,-48.7653183312,2.55301870796)) ;
#4486=CARTESIAN_POINT('Control Point',(21.8724216044,-48.5302099158,2.34801675183)) ;
#4487=CARTESIAN_POINT('Control Point',(21.4502873908,-48.2959036781,2.14371439703)) ;
#4488=CARTESIAN_POINT('Control Point',(21.0317343066,-48.0626587832,1.94033761603)) ;
#4489=CARTESIAN_POINT('Control Point',(20.1045812443,-47.5438878545,1.48799792007)) ;
#4490=CARTESIAN_POINT('Control Point',(19.2025756413,-47.0344824223,1.0438245021)) ;
#4491=CARTESIAN_POINT('Control Point',(18.7133781291,-46.7567430086,0.801650978657)) ;
#4492=CARTESIAN_POINT('Control Point',(18.0711565021,-46.3901569109,0.482007792262)) ;
#4493=CARTESIAN_POINT('Control Point',(17.4574077386,-46.0373559027,0.174384128393)) ;
#4494=CARTESIAN_POINT('Control Point',(17.302604476,-45.948206814,0.0966508547009)) ;
#4495=CARTESIAN_POINT('Control Point',(17.1500388343,-45.860186323,0.019901635823)) ;
#4496=CARTESIAN_POINT('Control Point',(17.0000013559,-45.7734702201,-0.0557102470066)) ;
#4511=CARTESIAN_POINT('Control Point',(22.2976488322,-48.7653181072,2.55301851364)) ;
#4512=CARTESIAN_POINT('Control Point',(23.5383950823,-49.2586962926,6.83065947929)) ;
#4513=CARTESIAN_POINT('Control Point',(24.5502383978,-49.1198337727,11.2617996318)) ;
#4514=CARTESIAN_POINT('Control Point',(25.2535846517,-48.2515831989,15.6800587799)) ;
#4515=CARTESIAN_POINT('Control Point',(25.6138934711,-46.6956729222,19.868200377)) ;
#4516=CARTESIAN_POINT('Vertex',(25.6138770866,-46.6956642502,19.8681965973)) ;
#4520=CARTESIAN_POINT('Control Point',(25.6138770866,-46.6956642502,19.8681965973)) ;
#4521=CARTESIAN_POINT('Control Point',(22.7299871776,-45.3307079923,18.8234866357)) ;
#4522=CARTESIAN_POINT('Control Point',(19.8564919476,-43.9671340715,17.7772774616)) ;
#4523=CARTESIAN_POINT('Control Point',(16.9999999175,-42.6065931006,16.7299661889)) ;
#4532=CARTESIAN_POINT('Axis2P3D Location',(16.7859440128,-27.6547386049,13.6570697011)) ;
#4538=CARTESIAN_POINT('Control Point',(20.6581911611,-38.5173520557,19.7158301016)) ;
#4539=CARTESIAN_POINT('Control Point',(19.9814441886,-38.1925517898,19.4760211352)) ;
#4540=CARTESIAN_POINT('Control Point',(19.3055553692,-37.8678455773,19.2363508411)) ;
#4541=CARTESIAN_POINT('Control Point',(18.6306339976,-37.5432607855,18.9968448901)) ;
#4542=CARTESIAN_POINT('Vertex',(20.6581911611,-38.5173520557,19.7158301016)) ;
#4546=CARTESIAN_POINT('Control Point',(10.630633972,-20.0785869404,9.07020409871)) ;
#4547=CARTESIAN_POINT('Control Point',(10.630633972,-25.3779599733,11.8284962771)) ;
#4548=CARTESIAN_POINT('Vertex',(10.630633972,-20.0785869404,9.07020409871)) ;
#4551=CARTESIAN_POINT('Line Origine',(15.0782486496,-28.2569020392,13.7919565225)) ;
#4563=CARTESIAN_POINT('Axis2P3D Location',(11.,3.87918237976E-006,-5.87070925609)) ;
#4569=CARTESIAN_POINT('Control Point',(7.,-7.51268515595,-1.96039924855)) ;
#4570=CARTESIAN_POINT('Control Point',(7.,-9.18532407984,-0.161087588856)) ;
#4571=CARTESIAN_POINT('Control Point',(7.22612102453,-10.8581219313,1.63481242387)) ;
#4572=CARTESIAN_POINT('Control Point',(7.67875214791,-12.5426250996,3.38807495937)) ;
#4573=CARTESIAN_POINT('Control Point',(8.39794981406,-14.2561604668,4.97440329779)) ;
#4574=CARTESIAN_POINT('Vertex',(8.39794768676,-14.2561620355,4.97440206026)) ;
#4578=CARTESIAN_POINT('Control Point',(10.6306228751,-20.0785905357,9.07020480987)) ;
#4579=CARTESIAN_POINT('Control Point',(10.1804915428,-18.8273840011,8.37189760882)) ;
#4580=CARTESIAN_POINT('Control Point',(9.72950386602,-17.6068605135,7.61767141731)) ;
#4581=CARTESIAN_POINT('Control Point',(9.28073311621,-16.4290645148,6.8068412195)) ;
#4582=CARTESIAN_POINT('Control Point',(8.83288265491,-15.2924496571,5.93374900121)) ;
#4583=CARTESIAN_POINT('Control Point',(8.39794768676,-14.2561620355,4.97440206026)) ;
#4594=CARTESIAN_POINT('Control Point',(27.3257779722,-41.7079827175,22.0736154498)) ;
#4595=CARTESIAN_POINT('Control Point',(27.0062464439,-42.2092747356,22.301128676)) ;
#4596=CARTESIAN_POINT('Control Point',(26.6983981739,-42.7687680135,22.416843018)) ;
#4597=CARTESIAN_POINT('Control Point',(26.4191375774,-43.3600633987,22.4085584643)) ;
#4598=CARTESIAN_POINT('Control Point',(25.9487377067,-44.5407169312,22.1449334933)) ;
#4599=CARTESIAN_POINT('Control Point',(25.6926195357,-45.5994283538,21.4390648344)) ;
#4600=CARTESIAN_POINT('Control Point',(25.6278035537,-46.0686889186,20.9882003623)) ;
#4601=CARTESIAN_POINT('Control Point',(25.6298289614,-46.4518411925,20.4643842253)) ;
#4602=CARTESIAN_POINT('Control Point',(25.6951440002,-46.7341270965,19.8976347338)) ;
#4603=CARTESIAN_POINT('Control Point',(25.5790702099,-40.8743993555,21.4571259362)) ;
#4604=CARTESIAN_POINT('Control Point',(25.2583749587,-41.376932536,21.6851635226)) ;
#4605=CARTESIAN_POINT('Control Point',(24.9494270671,-41.9379868122,21.8007881219)) ;
#4606=CARTESIAN_POINT('Control Point',(24.6692858779,-42.5309528433,21.7917028149)) ;
#4607=CARTESIAN_POINT('Control Point',(24.1978382328,-43.7146050392,21.5251488576)) ;
#4608=CARTESIAN_POINT('Control Point',(23.9423276276,-44.7747490597,20.8144006276)) ;
#4609=CARTESIAN_POINT('Control Point',(23.8782893856,-45.2441120275,20.3607797563)) ;
#4610=CARTESIAN_POINT('Control Point',(23.8815441787,-45.6265974745,19.8341868396)) ;
#4611=CARTESIAN_POINT('Control Point',(23.9484362379,-45.907444063,19.2649377581)) ;
#4612=CARTESIAN_POINT('Control Point',(23.8356062032,-40.0410029078,20.8410728378)) ;
#4613=CARTESIAN_POINT('Control Point',(23.513677637,-40.5448363465,21.0696582754)) ;
#4614=CARTESIAN_POINT('Control Point',(23.2035640519,-41.1075282937,21.1851828811)) ;
#4615=CARTESIAN_POINT('Control Point',(22.9224893893,-41.7022472559,21.1752473574)) ;
#4616=CARTESIAN_POINT('Control Point',(22.4499317203,-42.8890412086,20.9055941511)) ;
#4617=CARTESIAN_POINT('Control Point',(22.1950662662,-43.9506689986,20.1896984017)) ;
#4618=CARTESIAN_POINT('Control Point',(22.1318529332,-44.4201245714,19.7331736495)) ;
#4619=CARTESIAN_POINT('Control Point',(22.1364105815,-44.8018901563,19.2036612975)) ;
#4620=CARTESIAN_POINT('Control Point',(22.2049722312,-45.08120288,18.6317920766)) ;
#4621=CARTESIAN_POINT('Control Point',(22.0959264886,-39.2079137974,20.2255753457)) ;
#4622=CARTESIAN_POINT('Control Point',(21.7726870349,-39.7131117695,20.4547339826)) ;
#4623=CARTESIAN_POINT('Control Point',(21.4613340714,-40.2775250759,20.5701466758)) ;
#4624=CARTESIAN_POINT('Control Point',(21.1792669649,-40.8740868186,20.559305698)) ;
#4625=CARTESIAN_POINT('Control Point',(20.7055299335,-42.0641782388,20.2863641963)) ;
#4626=CARTESIAN_POINT('Control Point',(20.4513516725,-43.1273434324,19.5650251543)) ;
#4627=CARTESIAN_POINT('Control Point',(20.3890159035,-43.5968791982,19.1054341834)) ;
#4628=CARTESIAN_POINT('Control Point',(20.3949582942,-43.9778647001,18.5728460857)) ;
#4629=CARTESIAN_POINT('Control Point',(20.4652925166,-44.255537659,17.9982256062)) ;
#4630=CARTESIAN_POINT('Control Point',(20.3606276066,-38.375253428,19.6107590168)) ;
#4631=CARTESIAN_POINT('Control Point',(20.0359899646,-38.8818863071,19.8405183364)) ;
#4632=CARTESIAN_POINT('Control Point',(19.7233146508,-39.4481129661,19.9558050988)) ;
#4633=CARTESIAN_POINT('Control Point',(19.4401887026,-40.0466162945,19.9439963945)) ;
#4634=CARTESIAN_POINT('Control Point',(18.9651943372,-41.2401757338,19.667554828)) ;
#4635=CARTESIAN_POINT('Control Point',(18.7117507704,-42.3049344904,18.9404433487)) ;
#4636=CARTESIAN_POINT('Control Point',(18.6503519212,-42.77453465,18.4776060873)) ;
#4637=CARTESIAN_POINT('Control Point',(18.6577712008,-43.1546709547,17.9417697689)) ;
#4638=CARTESIAN_POINT('Control Point',(18.7299936346,-43.4305843817,17.3642545899)) ;
#4639=CARTESIAN_POINT('Control Point',(18.6306339976,-37.5432607855,18.9968448901)) ;
#4640=CARTESIAN_POINT('Control Point',(18.3044983699,-38.0514057647,19.2272346289)) ;
#4641=CARTESIAN_POINT('Control Point',(17.9904057832,-38.6195473197,19.3423784553)) ;
#4642=CARTESIAN_POINT('Control Point',(17.7061450396,-39.2201013916,19.3295306594)) ;
#4643=CARTESIAN_POINT('Control Point',(17.2298043093,-40.4173162265,19.0493485253)) ;
#4644=CARTESIAN_POINT('Control Point',(16.9771500368,-41.4837261824,18.3160943014)) ;
#4645=CARTESIAN_POINT('Control Point',(16.916756116,-41.9533699032,17.84980909)) ;
#4646=CARTESIAN_POINT('Control Point',(16.9257576034,-42.3325760988,17.3105328464)) ;
#4647=CARTESIAN_POINT('Control Point',(17.0000000257,-42.6065924545,16.7299654908)) ;
#4649=CARTESIAN_POINT('Control Point',(20.6581876542,-38.5173542491,19.7158308766)) ;
#4650=CARTESIAN_POINT('Control Point',(20.8368742727,-38.7355849751,19.8480998232)) ;
#4651=CARTESIAN_POINT('Control Point',(21.0156351129,-38.9566006709,19.975956413)) ;
#4652=CARTESIAN_POINT('Control Point',(21.1944232434,-39.180396083,20.099281368)) ;
#4653=CARTESIAN_POINT('Control Point',(21.8592727075,-40.0231505437,20.5404418415)) ;
#4654=CARTESIAN_POINT('Control Point',(22.5220831863,-40.9042123428,20.9125087899)) ;
#4655=CARTESIAN_POINT('Control Point',(23.0029632895,-41.5685163387,21.1409256637)) ;
#4656=CARTESIAN_POINT('Control Point',(23.7278395096,-42.6122359239,21.4151354348)) ;
#4657=CARTESIAN_POINT('Control Point',(24.4191359746,-43.7143263192,21.5001678815)) ;
#4658=CARTESIAN_POINT('Control Point',(24.648910936,-44.096781998,21.5017492387)) ;
#4659=CARTESIAN_POINT('Control Point',(24.9588900913,-44.6412487909,21.4567508947)) ;
#4660=CARTESIAN_POINT('Control Point',(25.2309933219,-45.1885085161,21.3027090997)) ;
#4661=CARTESIAN_POINT('Control Point',(25.3041711258,-45.343100214,21.2490302786)) ;
#4662=CARTESIAN_POINT('Control Point',(25.4321594338,-45.6313941354,21.1255499469)) ;
#4663=CARTESIAN_POINT('Control Point',(25.5348481365,-45.907454879,20.9525386504)) ;
#4664=CARTESIAN_POINT('Control Point',(25.5761156754,-46.0328756773,20.8590872602)) ;
#4665=CARTESIAN_POINT('Control Point',(25.6434649308,-46.2810467283,20.6347359075)) ;
#4666=CARTESIAN_POINT('Control Point',(25.6642369119,-46.4833949799,20.3576964459)) ;
#4667=CARTESIAN_POINT('Control Point',(25.6603515279,-46.572401148,20.1999252074)) ;
#4668=CARTESIAN_POINT('Control Point',(25.6427861091,-46.6425968079,20.0355498599)) ;
#4669=CARTESIAN_POINT('Control Point',(25.6138770866,-46.6956640888,19.8681966162)) ;
#4678=CARTESIAN_POINT('Axis2P3D Location',(7.,-8.66025403784,5.)) ;
#4683=CARTESIAN_POINT('Line Origine',(8.90629341896,-12.1655636945,7.02379229038)) ;
#4687=CARTESIAN_POINT('Vertex',(8.90629341896,-12.8168555824,5.89572164995)) ;
#4691=CARTESIAN_POINT('Control Point',(23.4175570774,-49.8648005518,3.34957788327)) ;
#4692=CARTESIAN_POINT('Control Point',(23.7047380576,-49.9512384406,4.4193909165)) ;
#4693=CARTESIAN_POINT('Control Point',(23.9789782787,-50.0018803814,5.4962507942)) ;
#4694=CARTESIAN_POINT('Control Point',(24.2395088088,-50.0158520062,6.57840665989)) ;
#4695=CARTESIAN_POINT('Control Point',(25.0070265934,-49.9427758821,9.96427941582)) ;
#4696=CARTESIAN_POINT('Control Point',(25.6270828285,-49.5006790452,13.3631122315)) ;
#4697=CARTESIAN_POINT('Control Point',(25.9735440647,-49.0250273999,15.6582293549)) ;
#4698=CARTESIAN_POINT('Control Point',(26.2399047734,-48.3735817405,17.9176798989)) ;
#4699=CARTESIAN_POINT('Control Point',(26.4232601381,-47.5514683419,20.1202494523)) ;
#4700=CARTESIAN_POINT('Vertex',(26.4232502345,-47.5514442754,20.1202490806)) ;
#4704=CARTESIAN_POINT('Control Point',(22.2828787226,-36.8599085619,21.056245336)) ;
#4705=CARTESIAN_POINT('Control Point',(22.4291096477,-37.1287995743,21.2114890992)) ;
#4706=CARTESIAN_POINT('Control Point',(22.5755123938,-37.4019152812,21.3601451227)) ;
#4707=CARTESIAN_POINT('Control Point',(22.7220505922,-37.6792631104,21.5020461006)) ;
#4708=CARTESIAN_POINT('Control Point',(23.144328729,-38.4902972136,21.89051825)) ;
#4709=CARTESIAN_POINT('Control Point',(23.5666091293,-39.3367968733,22.217571866)) ;
#4710=CARTESIAN_POINT('Control Point',(23.8412202296,-39.9036232838,22.4019489722)) ;
#4711=CARTESIAN_POINT('Control Point',(24.2380880919,-40.7491689099,22.6227394578)) ;
#4712=CARTESIAN_POINT('Control Point',(24.6304589838,-41.6327542756,22.7585465802)) ;
#4713=CARTESIAN_POINT('Control Point',(24.7512620872,-41.9098165404,22.7916568508)) ;
#4714=CARTESIAN_POINT('Control Point',(24.9784184098,-42.4413710336,22.8356077135)) ;
#4715=CARTESIAN_POINT('Control Point',(25.2020741387,-42.9878906612,22.8387727639)) ;
#4716=CARTESIAN_POINT('Control Point',(25.3070787232,-43.2503839984,22.8300279867)) ;
#4717=CARTESIAN_POINT('Control Point',(25.5004409688,-43.7464188059,22.7919925762)) ;
#4718=CARTESIAN_POINT('Control Point',(25.6875822881,-44.2552358964,22.7054001392)) ;
#4719=CARTESIAN_POINT('Control Point',(25.7728937675,-44.4945773031,22.6531279636)) ;
#4720=CARTESIAN_POINT('Control Point',(25.9264813397,-44.9418620775,22.5306250233)) ;
#4721=CARTESIAN_POINT('Control Point',(26.0690179854,-45.3957798446,22.3497051112)) ;
#4722=CARTESIAN_POINT('Control Point',(26.1314994218,-45.605093449,22.2524937394)) ;
#4723=CARTESIAN_POINT('Control Point',(26.2414816435,-45.9983913461,22.0383265944)) ;
#4724=CARTESIAN_POINT('Control Point',(26.3314758589,-46.3819170094,21.7562054248)) ;
#4725=CARTESIAN_POINT('Control Point',(26.3682084705,-46.5580361716,21.60714489)) ;
#4726=CARTESIAN_POINT('Control Point',(26.4183294207,-46.8454053239,21.322247944)) ;
#4727=CARTESIAN_POINT('Control Point',(26.4435214426,-47.097484463,20.9926132003)) ;
#4728=CARTESIAN_POINT('Control Point',(26.4492606715,-47.1944635238,20.8490124514)) ;
#4729=CARTESIAN_POINT('Control Point',(26.450702283,-47.3314693344,20.6178332992)) ;
#4730=CARTESIAN_POINT('Control Point',(26.4411976452,-47.4460937281,20.3789361238)) ;
#4731=CARTESIAN_POINT('Control Point',(26.4364648312,-47.4840529461,20.2930907072)) ;
#4732=CARTESIAN_POINT('Control Point',(26.4304555024,-47.5191492272,20.2067832613)) ;
#4733=CARTESIAN_POINT('Control Point',(26.4232502345,-47.5514442754,20.1202490806)) ;
#4734=CARTESIAN_POINT('Vertex',(22.2828788052,-36.859909222,21.0562445435)) ;
#4737=CARTESIAN_POINT('Line Origine',(17.2691002107,-27.6405266643,15.7334315421)) ;
#4741=CARTESIAN_POINT('Vertex',(12.2553216161,-18.4211441066,10.4106185406)) ;
#4745=CARTESIAN_POINT('Control Point',(12.2553216161,-18.4211427314,10.4106209226)) ;
#4746=CARTESIAN_POINT('Control Point',(12.0079433297,-17.9662617914,10.1479940278)) ;
#4747=CARTESIAN_POINT('Control Point',(11.7604729382,-17.5176748185,9.87407453394)) ;
#4748=CARTESIAN_POINT('Control Point',(11.5129859295,-17.0756538426,9.5887118335)) ;
#4749=CARTESIAN_POINT('Control Point',(11.0277342266,-16.2224390161,9.00587856163)) ;
#4750=CARTESIAN_POINT('Control Point',(10.5439129538,-15.3998518624,8.37607099493)) ;
#4751=CARTESIAN_POINT('Control Point',(10.3069418526,-15.0041532709,8.05513187829)) ;
#4752=CARTESIAN_POINT('Control Point',(9.88252687976,-14.3094287373,7.45613146782)) ;
#4753=CARTESIAN_POINT('Control Point',(9.46149738341,-13.6485273854,6.81292417689)) ;
#4754=CARTESIAN_POINT('Control Point',(9.27504697629,-13.3620023534,6.51742946627)) ;
#4755=CARTESIAN_POINT('Control Point',(9.08986821154,-13.0842468864,6.21214551412)) ;
#4756=CARTESIAN_POINT('Control Point',(8.90629341896,-12.8168555824,5.89572164995)) ;
#4775=CARTESIAN_POINT('Axis2P3D Location',(27.,-1.18276828503,9.0033383833)) ;
#4781=CARTESIAN_POINT('Control Point',(7.,-7.51268515761,-1.96039924769)) ;
#4782=CARTESIAN_POINT('Control Point',(7.,-8.80886248465,0.0967322124816)) ;
#4783=CARTESIAN_POINT('Control Point',(7.30834009117,-10.106076435,2.14909010198)) ;
#4784=CARTESIAN_POINT('Control Point',(7.92556869424,-11.4258609799,4.14030088273)) ;
#4785=CARTESIAN_POINT('Control Point',(8.90629391788,-12.8168570255,5.89572126913)) ;
#4795=CARTESIAN_POINT('Control Point',(20.6581895602,-38.5173499694,19.7158296275)) ;
#4796=CARTESIAN_POINT('Control Point',(21.1868436213,-38.2717474467,19.6432644068)) ;
#4797=CARTESIAN_POINT('Control Point',(21.6955830309,-37.9269989935,19.7611833033)) ;
#4798=CARTESIAN_POINT('Control Point',(22.0877701014,-37.5269049578,20.084748949)) ;
#4799=CARTESIAN_POINT('Control Point',(22.282877557,-37.1536161424,20.5475240186)) ;
#4800=CARTESIAN_POINT('Control Point',(22.2828775152,-36.8599063418,21.0562440542)) ;
#4801=CARTESIAN_POINT('Control Point',(20.836875756,-38.7355816866,19.8480988651)) ;
#4802=CARTESIAN_POINT('Control Point',(21.3549712406,-38.488099047,19.7911510682)) ;
#4803=CARTESIAN_POINT('Control Point',(21.8503741975,-38.150526729,19.9202607313)) ;
#4804=CARTESIAN_POINT('Control Point',(22.2319511329,-37.7654932595,20.247082254)) ;
#4805=CARTESIAN_POINT('Control Point',(22.4245478328,-37.4087981733,20.7071453374)) ;
#4806=CARTESIAN_POINT('Control Point',(22.4291086807,-37.1287977704,21.2114881173)) ;
#4807=CARTESIAN_POINT('Control Point',(21.0156359093,-38.9565989372,19.9759559137)) ;
#4808=CARTESIAN_POINT('Control Point',(21.5230232371,-38.708309958,19.93439225)) ;
#4809=CARTESIAN_POINT('Control Point',(22.0052536579,-38.3785771834,20.0741358751)) ;
#4810=CARTESIAN_POINT('Control Point',(22.3764695334,-38.0086467259,20.403661617)) ;
#4811=CARTESIAN_POINT('Control Point',(22.5665421316,-37.6683468232,20.8605794559)) ;
#4812=CARTESIAN_POINT('Control Point',(22.5755116678,-37.4019139073,21.3601444198)) ;
#4813=CARTESIAN_POINT('Control Point',(21.1944232434,-39.180396083,20.099281368)) ;
#4814=CARTESIAN_POINT('Control Point',(21.6909598943,-38.9323498656,20.0728070085)) ;
#4815=CARTESIAN_POINT('Control Point',(22.1601763603,-38.6110912383,20.222605759)) ;
#4816=CARTESIAN_POINT('Control Point',(22.52126784,-38.2563161234,20.554292657)) ;
#4817=CARTESIAN_POINT('Control Point',(22.7088101819,-37.9322425578,21.0076463203)) ;
#4818=CARTESIAN_POINT('Control Point',(22.722050108,-37.6792621804,21.5020456551)) ;
#4819=CARTESIAN_POINT('Control Point',(21.7092239896,-39.8329507569,20.4408771024)) ;
#4820=CARTESIAN_POINT('Control Point',(22.1741267348,-39.5885692735,20.4568396532)) ;
#4821=CARTESIAN_POINT('Control Point',(22.606312394,-39.2934800155,20.6338624982)) ;
#4822=CARTESIAN_POINT('Control Point',(22.9388993838,-38.9825366193,20.9702110628)) ;
#4823=CARTESIAN_POINT('Control Point',(23.1191548295,-38.7047898649,21.4121048162)) ;
#4824=CARTESIAN_POINT('Control Point',(23.1443284868,-38.4902967282,21.8905180625)) ;
#4825=CARTESIAN_POINT('Control Point',(22.2228022444,-40.5084729276,20.7410472145)) ;
#4826=CARTESIAN_POINT('Control Point',(22.6550722691,-40.2762002725,20.795956588)) ;
#4827=CARTESIAN_POINT('Control Point',(23.0515420753,-40.0122194757,20.9949516303)) ;
#4828=CARTESIAN_POINT('Control Point',(23.3574639304,-39.7457279378,21.3313998176)) ;
#4829=CARTESIAN_POINT('Control Point',(23.5304828361,-39.5133450282,21.7583677362)) ;
#4830=CARTESIAN_POINT('Control Point',(23.5666091293,-39.3367968733,22.217571866)) ;
#4831=CARTESIAN_POINT('Control Point',(22.5562228131,-40.9583580524,20.9171597248)) ;
#4832=CARTESIAN_POINT('Control Point',(22.9668914814,-40.7374682351,20.9955293768)) ;
#4833=CARTESIAN_POINT('Control Point',(23.3406583747,-40.4957415375,21.2064098822)) ;
#4834=CARTESIAN_POINT('Control Point',(23.6299463495,-40.2585612746,21.5409297312)) ;
#4835=CARTESIAN_POINT('Control Point',(23.7983121389,-40.0555068958,21.9566676233)) ;
#4836=CARTESIAN_POINT('Control Point',(23.8412202296,-39.9036232838,22.4019489722)) ;
#4837=CARTESIAN_POINT('Control Point',(23.0371807557,-41.6256281476,21.1408844272)) ;
#4838=CARTESIAN_POINT('Control Point',(23.4161537386,-41.4262981825,21.2498626933)) ;
#4839=CARTESIAN_POINT('Control Point',(23.7578468134,-41.2196840269,21.4741193456)) ;
#4840=CARTESIAN_POINT('Control Point',(24.0240459934,-41.0256919094,21.8027644301)) ;
#4841=CARTESIAN_POINT('Control Point',(24.1857955878,-40.865108134,22.1998641722)) ;
#4842=CARTESIAN_POINT('Control Point',(24.2380880919,-40.7491689099,22.6227394578)) ;
#4843=CARTESIAN_POINT('Control Point',(23.5110744948,-42.3162439128,21.3064801854)) ;
#4844=CARTESIAN_POINT('Control Point',(23.8582015637,-42.1459659031,21.4395259869)) ;
#4845=CARTESIAN_POINT('Control Point',(24.1692572035,-41.9787605508,21.6704571475)) ;
#4846=CARTESIAN_POINT('Control Point',(24.4139333505,-41.8294285,21.9878840939)) ;
#4847=CARTESIAN_POINT('Control Point',(24.5693653621,-41.7118523632,22.3621076809)) ;
#4848=CARTESIAN_POINT('Control Point',(24.6304589838,-41.6327542756,22.7585465802)) ;
#4849=CARTESIAN_POINT('Control Point',(23.656936379,-42.5323308065,21.3516278146)) ;
#4850=CARTESIAN_POINT('Control Point',(23.9942083669,-42.3717720663,21.4914259686)) ;
#4851=CARTESIAN_POINT('Control Point',(24.2959273907,-42.2171853244,21.7237318747)) ;
#4852=CARTESIAN_POINT('Control Point',(24.5340946477,-42.0818392291,22.0371354816)) ;
#4853=CARTESIAN_POINT('Control Point',(24.687604546,-41.9776538051,22.4038356467)) ;
#4854=CARTESIAN_POINT('Control Point',(24.7513695885,-41.9100728532,22.7916694137)) ;
#4855=CARTESIAN_POINT('Control Point',(24.0427270793,-43.1142543944,21.4538464957)) ;
#4856=CARTESIAN_POINT('Control Point',(24.3538155578,-42.9815333336,21.6095614644)) ;
#4857=CARTESIAN_POINT('Control Point',(24.63109061,-42.8617025231,21.8435335516)) ;
#4858=CARTESIAN_POINT('Control Point',(24.8523435114,-42.7641067254,22.1446225622)) ;
#4859=CARTESIAN_POINT('Control Point',(25.0008367836,-42.6958820055,22.4899804801)) ;
#4860=CARTESIAN_POINT('Control Point',(25.0715816896,-42.6593687164,22.853647001)) ;
#4861=CARTESIAN_POINT('Control Point',(24.4194983633,-43.7148821944,21.5002483899)) ;
#4862=CARTESIAN_POINT('Control Point',(24.7047723323,-43.6154189548,21.6654958492)) ;
#4863=CARTESIAN_POINT('Control Point',(24.9588636914,-43.5336314808,21.8951095124)) ;
#4864=CARTESIAN_POINT('Control Point',(25.1644012343,-43.4754320994,22.1789959116)) ;
#4865=CARTESIAN_POINT('Control Point',(25.3082097163,-43.4443136978,22.4989380616)) ;
#4866=CARTESIAN_POINT('Control Point',(25.3855937069,-43.4402880308,22.8345222095)) ;
#4867=CARTESIAN_POINT('Control Point',(24.6490412542,-44.0969788748,21.5017826412)) ;
#4868=CARTESIAN_POINT('Control Point',(24.918548724,-44.0204363111,21.6698781415)) ;
#4869=CARTESIAN_POINT('Control Point',(25.1588054061,-43.9637522621,21.8939349372)) ;
#4870=CARTESIAN_POINT('Control Point',(25.355087744,-43.9309349185,22.1647567413)) ;
#4871=CARTESIAN_POINT('Control Point',(25.4961507423,-43.9236182007,22.4668553136)) ;
#4872=CARTESIAN_POINT('Control Point',(25.5775421535,-43.9406398941,22.7830056736)) ;
#4873=CARTESIAN_POINT('Control Point',(24.9588387506,-44.6411712285,21.4567377353)) ;
#4874=CARTESIAN_POINT('Control Point',(25.2070952521,-44.5998676257,21.6234384451)) ;
#4875=CARTESIAN_POINT('Control Point',(25.4291243388,-44.5803327382,21.8349757364)) ;
#4876=CARTESIAN_POINT('Control Point',(25.6133807763,-44.584324329,22.0836376942)) ;
#4877=CARTESIAN_POINT('Control Point',(25.750930797,-44.6114383706,22.3574519468)) ;
#4878=CARTESIAN_POINT('Control Point',(25.837727024,-44.659253495,22.6432179753)) ;
#4879=CARTESIAN_POINT('Control Point',(25.2310135483,-45.1885390729,21.302714284)) ;
#4880=CARTESIAN_POINT('Control Point',(25.4610382898,-45.1863639947,21.4566189532)) ;
#4881=CARTESIAN_POINT('Control Point',(25.6678658918,-45.2068380608,21.6456018492)) ;
#4882=CARTESIAN_POINT('Control Point',(25.8423422758,-45.2500289351,21.8635698899)) ;
#4883=CARTESIAN_POINT('Control Point',(25.9772753623,-45.3141194129,22.101555626)) ;
#4884=CARTESIAN_POINT('Control Point',(26.0690347706,-45.3958192535,22.3497081323)) ;
#4885=CARTESIAN_POINT('Control Point',(25.3041711258,-45.343100214,21.2490302786)) ;
#4886=CARTESIAN_POINT('Control Point',(25.5293493618,-45.3522712666,21.3982809061)) ;
#4887=CARTESIAN_POINT('Control Point',(25.7321726273,-45.3842786353,21.5799750242)) ;
#4888=CARTESIAN_POINT('Control Point',(25.9040976826,-45.4387560056,21.7884824634)) ;
#4889=CARTESIAN_POINT('Control Point',(26.0383780233,-45.5135309233,22.0156419367)) ;
#4890=CARTESIAN_POINT('Control Point',(26.1314994218,-45.605093449,22.2524937394)) ;
#4891=CARTESIAN_POINT('Control Point',(25.4321594338,-45.6313941354,21.1255499469)) ;
#4892=CARTESIAN_POINT('Control Point',(25.6490054494,-45.6623058849,21.2637935308)) ;
#4893=CARTESIAN_POINT('Control Point',(25.8450092592,-45.7163411431,21.429813403)) ;
#4894=CARTESIAN_POINT('Control Point',(26.0126431,-45.7923987057,21.618844732)) ;
#4895=CARTESIAN_POINT('Control Point',(26.1459026703,-45.887710584,21.8241490483)) ;
#4896=CARTESIAN_POINT('Control Point',(26.2414816435,-45.9983913461,22.0383265944)) ;
#4897=CARTESIAN_POINT('Control Point',(25.5348481365,-45.907454879,20.9525386504)) ;
#4898=CARTESIAN_POINT('Control Point',(25.7454032812,-45.9602257647,21.0750482307)) ;
#4899=CARTESIAN_POINT('Control Point',(25.9363722243,-46.0364895593,21.2212809905)) ;
#4900=CARTESIAN_POINT('Control Point',(26.1009633191,-46.1345370391,21.3873096625)) ;
#4901=CARTESIAN_POINT('Control Point',(26.233711137,-46.2510926998,21.5676385398)) ;
#4902=CARTESIAN_POINT('Control Point',(26.3314758589,-46.3819170094,21.7562054248)) ;
#4903=CARTESIAN_POINT('Control Point',(25.5761309436,-46.0328718431,20.8591355845)) ;
#4904=CARTESIAN_POINT('Control Point',(25.7842890617,-46.0958094031,20.9731300015)) ;
#4905=CARTESIAN_POINT('Control Point',(25.9733710958,-46.1824677872,21.1090959515)) ;
#4906=CARTESIAN_POINT('Control Point',(26.1368636505,-46.2908762006,21.2634894465)) ;
#4907=CARTESIAN_POINT('Control Point',(26.2695048896,-46.4175318872,21.4313568961)) ;
#4908=CARTESIAN_POINT('Control Point',(26.3682200867,-46.5580250791,21.6072134318)) ;
#4909=CARTESIAN_POINT('Control Point',(25.6434480692,-46.2810509627,20.6346825398)) ;
#4910=CARTESIAN_POINT('Control Point',(25.8481067597,-46.3645864265,20.728313498)) ;
#4911=CARTESIAN_POINT('Control Point',(26.0345157983,-46.4725703548,20.8405933723)) ;
#4912=CARTESIAN_POINT('Control Point',(26.1965829412,-46.602514567,20.9687564162)) ;
#4913=CARTESIAN_POINT('Control Point',(26.3293522524,-46.7504317131,21.1089001869)) ;
#4914=CARTESIAN_POINT('Control Point',(26.42984463,-46.9115137367,21.2566447045)) ;
#4915=CARTESIAN_POINT('Control Point',(25.6642555333,-46.4833903035,20.3577553834)) ;
#4916=CARTESIAN_POINT('Control Point',(25.8690086691,-46.5845686672,20.4268212545)) ;
#4917=CARTESIAN_POINT('Control Point',(26.0557409822,-46.7116570931,20.5119118737)) ;
#4918=CARTESIAN_POINT('Control Point',(26.2184126769,-46.8616830417,20.6109988808)) ;
#4919=CARTESIAN_POINT('Control Point',(26.3520961924,-47.0301021075,20.7210823007)) ;
#4920=CARTESIAN_POINT('Control Point',(26.4538053701,-47.2115626319,20.8386952088)) ;
#4921=CARTESIAN_POINT('Control Point',(25.6603752715,-46.5724973882,20.1998457574)) ;
#4922=CARTESIAN_POINT('Control Point',(25.866299417,-46.6816859345,20.2551491676)) ;
#4923=CARTESIAN_POINT('Control Point',(26.0541288616,-46.8178232595,20.3252817394)) ;
#4924=CARTESIAN_POINT('Control Point',(26.2177406306,-46.9776808081,20.4085948129)) ;
#4925=CARTESIAN_POINT('Control Point',(26.3521379116,-47.1563836262,20.5025307484)) ;
#4926=CARTESIAN_POINT('Control Point',(26.4542969531,-47.3482355398,20.6040583191)) ;
#4927=CARTESIAN_POINT('Control Point',(25.6427863281,-46.6425963876,20.0355497977)) ;
#4928=CARTESIAN_POINT('Control Point',(25.8508816543,-46.7582679093,20.0768900828)) ;
#4929=CARTESIAN_POINT('Control Point',(26.0406374441,-46.9022064145,20.1319697338)) ;
#4930=CARTESIAN_POINT('Control Point',(26.2057427355,-47.0709204835,20.1995282321)) ;
#4931=CARTESIAN_POINT('Control Point',(26.3410516777,-47.2591574047,20.2774445095)) ;
#4932=CARTESIAN_POINT('Control Point',(26.4434716847,-47.460808823,20.3631056501)) ;
#4933=CARTESIAN_POINT('Control Point',(25.6138788945,-46.6956575539,19.8682004718)) ;
#4934=CARTESIAN_POINT('Control Point',(25.8249496516,-46.8163931697,19.8956947295)) ;
#4935=CARTESIAN_POINT('Control Point',(26.0173067945,-46.9669541815,19.9358792389)) ;
#4936=CARTESIAN_POINT('Control Point',(26.1843569277,-47.1435842136,19.9879007914)) ;
#4937=CARTESIAN_POINT('Control Point',(26.3207335251,-47.3406089835,20.0500881821)) ;
#4938=CARTESIAN_POINT('Control Point',(26.4232502345,-47.5514442754,20.1202490806)) ;
#4940=CARTESIAN_POINT('Control Point',(25.6138788945,-46.6956575539,19.8682004718)) ;
#4941=CARTESIAN_POINT('Control Point',(25.9656634897,-46.8968835802,19.9140242347)) ;
#4942=CARTESIAN_POINT('Control Point',(26.2523890521,-47.2000521222,20.0033142497)) ;
#4943=CARTESIAN_POINT('Control Point',(26.4232502345,-47.5514442754,20.1202490806)) ;
#4946=CARTESIAN_POINT('Control Point',(20.6581895602,-38.5173499694,19.7158296275)) ;
#4947=CARTESIAN_POINT('Control Point',(21.1868436213,-38.2717474467,19.6432644068)) ;
#4948=CARTESIAN_POINT('Control Point',(21.6959625884,-37.9270704936,19.7607019407)) ;
#4949=CARTESIAN_POINT('Control Point',(22.088216185,-37.5269085906,20.0843224723)) ;
#4950=CARTESIAN_POINT('Control Point',(22.282877557,-37.1536161424,20.5475240186)) ;
#4951=CARTESIAN_POINT('Control Point',(22.2828775152,-36.8599063418,21.0562440542)) ;
#4960=CARTESIAN_POINT('Axis2P3D Location',(15.9297200642,-29.2427423695,16.6584712108)) ;
#4965=CARTESIAN_POINT('Axis2P3D Location',(10.445950958,-19.1591369021,10.8366988798)) ;
#4978=CARTESIAN_POINT('Control Point',(10.630635028,-20.0785891618,9.0702074494)) ;
#4979=CARTESIAN_POINT('Control Point',(11.1592888012,-19.8329865527,8.99764274793)) ;
#4980=CARTESIAN_POINT('Control Point',(11.6680279785,-19.4882381621,9.11556202958)) ;
#4981=CARTESIAN_POINT('Control Point',(12.0602150426,-19.0881443031,9.43912781006)) ;
#4982=CARTESIAN_POINT('Control Point',(12.2553228232,-18.7148556362,9.90190282224)) ;
#4983=CARTESIAN_POINT('Control Point',(12.255323331,-18.4211458847,10.4106227432)) ;
#4984=CARTESIAN_POINT('Control Point',(10.4657159501,-19.620176745,8.81436382951)) ;
#4985=CARTESIAN_POINT('Control Point',(10.9784126064,-19.3698898858,8.76258225784)) ;
#4986=CARTESIAN_POINT('Control Point',(11.463317923,-19.0258911916,8.89084469127)) ;
#4987=CARTESIAN_POINT('Control Point',(11.8316966529,-18.630631578,9.20955268007)) ;
#4988=CARTESIAN_POINT('Control Point',(12.0124022474,-18.2606864405,9.65697250787)) ;
#4989=CARTESIAN_POINT('Control Point',(12.0079447021,-17.9662642791,10.1479955469)) ;
#4990=CARTESIAN_POINT('Control Point',(10.3007354809,-19.1660694879,8.5510486105)) ;
#4991=CARTESIAN_POINT('Control Point',(10.796222724,-18.9114464362,8.5185897055)) ;
#4992=CARTESIAN_POINT('Control Point',(11.2571434026,-18.5685711379,8.655685563)) ;
#4993=CARTESIAN_POINT('Control Point',(11.6023739404,-18.1784288832,8.96879629114)) ;
#4994=CARTESIAN_POINT('Control Point',(11.7691714961,-17.8122629492,9.40077274302)) ;
#4995=CARTESIAN_POINT('Control Point',(11.7604739676,-17.517676657,9.87407572084)) ;
#4996=CARTESIAN_POINT('Control Point',(10.1356663057,-18.7162950712,8.2800486604)) ;
#4997=CARTESIAN_POINT('Control Point',(10.6127884211,-18.4577559983,8.26542769806)) ;
#4998=CARTESIAN_POINT('Control Point',(11.0496126107,-18.1164154939,8.40988911158)) ;
#4999=CARTESIAN_POINT('Control Point',(11.3722920243,-17.7316809358,8.71666939686)) ;
#5000=CARTESIAN_POINT('Control Point',(11.5256199739,-17.369699824,9.13306056385)) ;
#5001=CARTESIAN_POINT('Control Point',(11.5128701524,-17.0754572911,9.58856061783)) ;
#5002=CARTESIAN_POINT('Control Point',(9.68571016386,-17.503205741,7.52002309936)) ;
#5003=CARTESIAN_POINT('Control Point',(10.1098868806,-17.2353111132,7.54986109506)) ;
#5004=CARTESIAN_POINT('Control Point',(10.4808437495,-16.8993613956,7.71045003536)) ;
#5005=CARTESIAN_POINT('Control Point',(10.7435710829,-16.5301893464,7.99795609932)) ;
#5006=CARTESIAN_POINT('Control Point',(10.8612778404,-16.1806825177,8.37133748469)) ;
#5007=CARTESIAN_POINT('Control Point',(10.8379358421,-15.8887056194,8.77793379051)) ;
#5008=CARTESIAN_POINT('Control Point',(9.23702202828,-16.3312693224,6.69995288725)) ;
#5009=CARTESIAN_POINT('Control Point',(9.6010486208,-16.0581743379,6.76223211794)) ;
#5010=CARTESIAN_POINT('Control Point',(9.90601480164,-15.731210326,6.92800729915)) ;
#5011=CARTESIAN_POINT('Control Point',(10.1127966219,-15.3799990265,7.1904988987)) ;
#5012=CARTESIAN_POINT('Control Point',(10.197710951,-15.045886079,7.51899495132)) ;
#5013=CARTESIAN_POINT('Control Point',(10.1649038074,-14.7597884976,7.87521268908)) ;
#5014=CARTESIAN_POINT('Control Point',(8.95476606622,-15.6109675732,6.15617349606)) ;
#5015=CARTESIAN_POINT('Control Point',(9.27839451209,-15.3366215455,6.23373979197)) ;
#5016=CARTESIAN_POINT('Control Point',(9.54185470441,-15.016981867,6.39832658322)) ;
#5017=CARTESIAN_POINT('Control Point',(9.71475350386,-14.6782013699,6.64253520928)) ;
#5018=CARTESIAN_POINT('Control Point',(9.77994305514,-14.3550031516,6.94156705667)) ;
#5019=CARTESIAN_POINT('Control Point',(9.74151969538,-14.0740658064,7.26499823023)) ;
#5020=CARTESIAN_POINT('Control Point',(8.67353955978,-14.9127813241,5.58226107927)) ;
#5021=CARTESIAN_POINT('Control Point',(8.9546118323,-14.6396048205,5.66937679677)) ;
#5022=CARTESIAN_POINT('Control Point',(9.17680459833,-14.329192762,5.82803138053)) ;
#5023=CARTESIAN_POINT('Control Point',(9.31710332484,-14.0041424833,6.05111300265)) ;
#5024=CARTESIAN_POINT('Control Point',(9.36342456956,-13.6931966427,6.31908551614)) ;
#5025=CARTESIAN_POINT('Control Point',(9.31968006779,-13.4189861556,6.608267196)) ;
#5026=CARTESIAN_POINT('Control Point',(8.39794849917,-14.2561623918,4.97440137575)) ;
#5027=CARTESIAN_POINT('Control Point',(8.63538350606,-13.9873911328,5.06377032322)) ;
#5028=CARTESIAN_POINT('Control Point',(8.81728089497,-13.688682488,5.21065651877)) ;
#5029=CARTESIAN_POINT('Control Point',(8.92660346337,-13.3791510832,5.40879186895)) ;
#5030=CARTESIAN_POINT('Control Point',(8.95506725295,-13.082251776,5.64316259386)) ;
#5031=CARTESIAN_POINT('Control Point',(8.90629341896,-12.8168555824,5.89572164995)) ;
#5033=CARTESIAN_POINT('Control Point',(8.39794849917,-14.2561623918,4.97440137575)) ;
#5034=CARTESIAN_POINT('Control Point',(8.69474225778,-13.9201983181,5.08611256008)) ;
#5035=CARTESIAN_POINT('Control Point',(8.89929218915,-13.5335942656,5.29412980801)) ;
#5036=CARTESIAN_POINT('Control Point',(8.96726071145,-13.1486008244,5.58002282983)) ;
#5037=CARTESIAN_POINT('Control Point',(8.90629341896,-12.8168555824,5.89572164995)) ;
#5047=CARTESIAN_POINT('Control Point',(7.,-7.51268515678,-1.96039924812)) ;
#5048=CARTESIAN_POINT('Control Point',(7.,-7.51268515678,-1.96039924812)) ;
#5049=CARTESIAN_POINT('Control Point',(7.,-7.51268515678,-1.96039924812)) ;
#5050=CARTESIAN_POINT('Control Point',(7.,-7.51268515678,-1.96039924812)) ;
#5051=CARTESIAN_POINT('Control Point',(7.,-7.51268515678,-1.96039924812)) ;
#5052=CARTESIAN_POINT('Control Point',(7.,-7.51268515678,-1.96039924812)) ;
#5053=CARTESIAN_POINT('Control Point',(7.00002085207,-9.18527074681,-0.160229900532)) ;
#5054=CARTESIAN_POINT('Control Point',(7.00028451365,-9.11003940517,-0.108628074224)) ;
#5055=CARTESIAN_POINT('Control Point',(7.00045012221,-9.0347377739,-0.0568912038626)) ;
#5056=CARTESIAN_POINT('Control Point',(7.00040595512,-8.95940407242,-0.00522891185021)) ;
#5057=CARTESIAN_POINT('Control Point',(7.00023705295,-8.88399809628,0.0463439217663)) ;
#5058=CARTESIAN_POINT('Control Point',(7.00002846428,-8.80859445966,0.0979181038095)) ;
#5059=CARTESIAN_POINT('Control Point',(7.22615672775,-10.8581749923,1.63494113292)) ;
#5060=CARTESIAN_POINT('Control Point',(7.26943198994,-10.7073796769,1.73787031635)) ;
#5061=CARTESIAN_POINT('Control Point',(7.2991848233,-10.5568381959,1.84031182021)) ;
#5062=CARTESIAN_POINT('Control Point',(7.31579774174,-10.4063973998,1.94307407927)) ;
#5063=CARTESIAN_POINT('Control Point',(7.31896548222,-10.2562300131,2.0461920315)) ;
#5064=CARTESIAN_POINT('Control Point',(7.30839539231,-10.1060634981,2.14931049472)) ;
#5065=CARTESIAN_POINT('Control Point',(7.6786752645,-12.5426427795,3.38700898574)) ;
#5066=CARTESIAN_POINT('Control Point',(7.81323093183,-12.325544326,3.51421919917)) ;
#5067=CARTESIAN_POINT('Control Point',(7.90537670588,-12.0999647064,3.65772386589)) ;
#5068=CARTESIAN_POINT('Control Point',(7.95438264067,-11.8715477799,3.81188228968)) ;
#5069=CARTESIAN_POINT('Control Point',(7.96089089079,-11.6449895894,3.97313851481)) ;
#5070=CARTESIAN_POINT('Control Point',(7.9254663431,-11.4261364628,4.13884325615)) ;
#5071=CARTESIAN_POINT('Control Point',(8.39794718792,-14.2561622923,4.97439979045)) ;
#5072=CARTESIAN_POINT('Control Point',(8.63538202525,-13.9873910976,5.06376872508)) ;
#5073=CARTESIAN_POINT('Control Point',(8.81727925743,-13.6886825534,5.21065483763)) ;
#5074=CARTESIAN_POINT('Control Point',(8.92660170682,-13.3791512672,5.40879004004)) ;
#5075=CARTESIAN_POINT('Control Point',(8.95506543065,-13.0822520689,5.6431605754)) ;
#5076=CARTESIAN_POINT('Control Point',(8.90629158229,-12.8168559549,5.8957194282)) ;
#5084=CARTESIAN_POINT('Control Point',(22.2976352098,-48.765327898,2.55301986274)) ;
#5085=CARTESIAN_POINT('Control Point',(22.5197421237,-48.8977557149,2.47626355826)) ;
#5086=CARTESIAN_POINT('Control Point',(22.7191115484,-49.0695121733,2.40156620293)) ;
#5087=CARTESIAN_POINT('Control Point',(22.887308042,-49.2755966891,2.33183976878)) ;
#5088=CARTESIAN_POINT('Control Point',(23.0177272278,-49.5079171806,2.2698221228)) ;
#5089=CARTESIAN_POINT('Control Point',(23.1070058679,-49.7570177759,2.21749247628)) ;
#5090=CARTESIAN_POINT('Control Point',(23.2902364512,-49.1600238182,5.97510807402)) ;
#5091=CARTESIAN_POINT('Control Point',(23.5088647446,-49.2951696522,5.91921231984)) ;
#5092=CARTESIAN_POINT('Control Point',(23.7060141767,-49.4673238698,5.86799727227)) ;
#5093=CARTESIAN_POINT('Control Point',(23.8738501764,-49.6716576147,5.8234237566)) ;
#5094=CARTESIAN_POINT('Control Point',(24.0061602536,-49.9006103702,5.78708539942)) ;
#5095=CARTESIAN_POINT('Control Point',(24.0996071093,-50.1454143709,5.7598987641)) ;
#5096=CARTESIAN_POINT('Control Point',(24.1446897482,-49.1743375941,9.48771142806)) ;
#5097=CARTESIAN_POINT('Control Point',(24.3604619875,-49.3097316783,9.45308435043)) ;
#5098=CARTESIAN_POINT('Control Point',(24.5557963202,-49.4799718788,9.4253969839)) ;
#5099=CARTESIAN_POINT('Control Point',(24.7233356433,-49.680461761,9.4057805609)) ;
#5100=CARTESIAN_POINT('Control Point',(24.8571878991,-49.9041627336,9.3948611215)) ;
#5101=CARTESIAN_POINT('Control Point',(24.9540604063,-50.1429467332,9.39264987019)) ;
#5102=CARTESIAN_POINT('Control Point',(24.8322541651,-48.7732590602,13.0306870872)) ;
#5103=CARTESIAN_POINT('Control Point',(25.0458052071,-48.9063183232,13.0173527676)) ;
#5104=CARTESIAN_POINT('Control Point',(25.2397318336,-49.0722941707,13.0129608142)) ;
#5105=CARTESIAN_POINT('Control Point',(25.4070400811,-49.2668540659,13.0179171689)) ;
#5106=CARTESIAN_POINT('Control Point',(25.5420863717,-49.4834490161,13.0320130984)) ;
#5107=CARTESIAN_POINT('Control Point',(25.6416248232,-49.7145266425,13.0544706081)) ;
#5108=CARTESIAN_POINT('Control Point',(25.3256456244,-47.940383392,16.5177592192)) ;
#5109=CARTESIAN_POINT('Control Point',(25.5376275447,-48.0685119282,16.5252743456)) ;
#5110=CARTESIAN_POINT('Control Point',(25.7305610263,-48.2278924356,16.5436083196)) ;
#5111=CARTESIAN_POINT('Control Point',(25.8977059163,-48.414471295,16.5725154827)) ;
#5112=CARTESIAN_POINT('Control Point',(26.0335939425,-48.6221502499,16.6110364534)) ;
#5113=CARTESIAN_POINT('Control Point',(26.1350162825,-48.8438868147,16.6576735927)) ;
#5114=CARTESIAN_POINT('Control Point',(25.6138934711,-46.6956589516,19.8682498399)) ;
#5115=CARTESIAN_POINT('Control Point',(25.8249644675,-46.816395037,19.8957437417)) ;
#5116=CARTESIAN_POINT('Control Point',(26.0173217051,-46.9669568163,19.9359279676)) ;
#5117=CARTESIAN_POINT('Control Point',(26.1843717348,-47.1435878731,19.9879493141)) ;
#5118=CARTESIAN_POINT('Control Point',(26.320747995,-47.340613851,20.050136571)) ;
#5119=CARTESIAN_POINT('Control Point',(26.4232641292,-47.5514504472,20.1202973948)) ;
#5128=CARTESIAN_POINT('Control Point',(14.6435210089,44.3951887748,-1.25750678341)) ;
#5129=CARTESIAN_POINT('Control Point',(11.7976894342,42.70978149,-2.7270940189)) ;
#5130=CARTESIAN_POINT('Control Point',(9.45715564893,40.5393807766,-4.61957022515)) ;
#5131=CARTESIAN_POINT('Control Point',(7.81832444324,37.9979654982,-6.83555177866)) ;
#5132=CARTESIAN_POINT('Control Point',(7.00008413868,35.2699015588,-9.21428122828)) ;
#5133=CARTESIAN_POINT('Control Point',(7.,32.5420088954,-11.5928613341)) ;
#5134=CARTESIAN_POINT('Control Point',(14.6435210089,44.3951887748,-1.25750678341)) ;
#5135=CARTESIAN_POINT('Control Point',(11.7976894342,42.8738309439,-2.91523538127)) ;
#5136=CARTESIAN_POINT('Control Point',(9.45715564893,40.9146866163,-5.04999257848)) ;
#5137=CARTESIAN_POINT('Control Point',(7.81832444324,38.6206405004,-7.54967133513)) ;
#5138=CARTESIAN_POINT('Control Point',(7.00008413868,36.1581132081,-10.2329335056)) ;
#5139=CARTESIAN_POINT('Control Point',(7.,33.6957405206,-12.9160272129)) ;
#5140=CARTESIAN_POINT('Control Point',(14.7739471244,44.4724379414,-1.19014953972)) ;
#5141=CARTESIAN_POINT('Control Point',(11.8834783348,43.144104039,-3.01134644022)) ;
#5142=CARTESIAN_POINT('Control Point',(9.50222503942,41.4206658771,-5.36755392646)) ;
#5143=CARTESIAN_POINT('Control Point',(7.8333057903,39.3940303436,-8.13385787561)) ;
#5144=CARTESIAN_POINT('Control Point',(7.00008579715,37.2148220381,-11.1065076464)) ;
#5145=CARTESIAN_POINT('Control Point',(7.,35.0357598861,-14.0789627163)) ;
#5146=CARTESIAN_POINT('Control Point',(15.0324841696,44.6255185115,-1.0566712678)) ;
#5147=CARTESIAN_POINT('Control Point',(12.0535836627,43.5001219068,-2.99586574816)) ;
#5148=CARTESIAN_POINT('Control Point',(9.59161185184,42.0197112141,-5.53386019051)) ;
#5149=CARTESIAN_POINT('Control Point',(7.86302860717,40.2653679449,-8.53293341734)) ;
#5150=CARTESIAN_POINT('Control Point',(7.00009920222,38.3731123834,-11.7640954088)) ;
#5151=CARTESIAN_POINT('Control Point',(7.,36.4809987331,-14.995024959)) ;
#5152=CARTESIAN_POINT('Control Point',(15.7331367856,45.0379437668,-0.697057958731)) ;
#5153=CARTESIAN_POINT('Control Point',(12.5177916919,44.3196681116,-2.79708873225)) ;
#5154=CARTESIAN_POINT('Control Point',(9.8364997625,43.333889763,-5.6375404448)) ;
#5155=CARTESIAN_POINT('Control Point',(7.94441256352,42.1382879738,-9.05546706719)) ;
#5156=CARTESIAN_POINT('Control Point',(7.00012340639,40.8368860235,-12.7644109018)) ;
#5157=CARTESIAN_POINT('Control Point',(7.,39.5356172633,-16.4730128824)) ;
#5158=CARTESIAN_POINT('Control Point',(16.6875886343,45.5938030329,-0.212377674336)) ;
#5159=CARTESIAN_POINT('Control Point',(13.1590177665,45.2313276377,-2.31982119658)) ;
#5160=CARTESIAN_POINT('Control Point',(10.1775464484,44.7040855739,-5.32187358816)) ;
#5161=CARTESIAN_POINT('Control Point',(8.05766853505,44.0448696529,-9.03575012849)) ;
#5162=CARTESIAN_POINT('Control Point',(7.00017644023,43.318960609,-13.1090982492)) ;
#5163=CARTESIAN_POINT('Control Point',(7.,42.593157342,-17.1819130886)) ;
#5164=CARTESIAN_POINT('Control Point',(17.2261396535,45.9053150692,0.0592445717817)) ;
#5165=CARTESIAN_POINT('Control Point',(13.5241579624,45.7076686319,-2.0176950671)) ;
#5166=CARTESIAN_POINT('Control Point',(10.3727877895,45.4058121566,-5.07168878897)) ;
#5167=CARTESIAN_POINT('Control Point',(8.12246129595,45.0190761383,-8.91174609059)) ;
#5168=CARTESIAN_POINT('Control Point',(7.00020369322,44.5893627176,-13.1492501803)) ;
#5169=CARTESIAN_POINT('Control Point',(7.,44.1597297715,-17.3860931124)) ;
#5170=CARTESIAN_POINT('Control Point',(18.2857518008,46.5140603145,0.590038671356)) ;
#5171=CARTESIAN_POINT('Control Point',(14.2499207742,46.5845400606,-1.37888832617)) ;
#5172=CARTESIAN_POINT('Control Point',(10.7632306256,46.6776096266,-4.47895151134)) ;
#5173=CARTESIAN_POINT('Control Point',(8.25196105749,46.7875263022,-8.5090337329)) ;
#5174=CARTESIAN_POINT('Control Point',(7.00028357332,46.905868428,-13.0105640897)) ;
#5175=CARTESIAN_POINT('Control Point',(7.,47.0242101815,-17.5111310779)) ;
#5176=CARTESIAN_POINT('Control Point',(19.4239449418,47.1599231103,1.1531973388)) ;
#5177=CARTESIAN_POINT('Control Point',(15.045330509,47.4214163469,-0.628025526399)) ;
#5178=CARTESIAN_POINT('Control Point',(11.1963989114,47.8604801265,-3.69051046578)) ;
#5179=CARTESIAN_POINT('Control Point',(8.39540945607,48.4484490395,-7.83426428954)) ;
#5180=CARTESIAN_POINT('Control Point',(7.00038459752,49.1121036873,-12.5280857889)) ;
#5181=CARTESIAN_POINT('Control Point',(7.,49.7755739978,-17.2204975476)) ;
#5182=CARTESIAN_POINT('Control Point',(19.9645742014,47.4649482524,1.41916335151)) ;
#5183=CARTESIAN_POINT('Control Point',(15.4269058736,47.7979243076,-0.26088964165)) ;
#5184=CARTESIAN_POINT('Control Point',(11.4054630866,48.386783314,-3.29005711188)) ;
#5185=CARTESIAN_POINT('Control Point',(8.46459379677,49.193105507,-7.47160863306)) ;
#5186=CARTESIAN_POINT('Control Point',(7.00044159981,50.1101640739,-12.240416674)) ;
#5187=CARTESIAN_POINT('Control Point',(7.,51.0269231184,-17.0075720244)) ;
#5188=CARTESIAN_POINT('Control Point',(21.6442878266,48.4073493362,2.24088793755)) ;
#5189=CARTESIAN_POINT('Control Point',(16.6250073942,48.9049077124,0.905023793856)) ;
#5190=CARTESIAN_POINT('Control Point',(12.0662202481,49.916913031,-1.97854816724)) ;
#5191=CARTESIAN_POINT('Control Point',(8.68307451576,51.3795045791,-6.23209126868)) ;
#5192=CARTESIAN_POINT('Control Point',(7.00064766364,53.0725579589,-11.1874876439)) ;
#5193=CARTESIAN_POINT('Control Point',(7.,54.7648399992,-16.1403678432)) ;
#5194=CARTESIAN_POINT('Control Point',(23.3974322206,49.3750735109,3.08469293799)) ;
#5195=CARTESIAN_POINT('Control Point',(17.9172750959,49.8696179006,2.17970941268)) ;
#5196=CARTESIAN_POINT('Control Point',(12.7936696923,51.196508095,-0.436295431485)) ;
#5197=CARTESIAN_POINT('Control Point',(8.92292606493,53.2858375368,-4.63350187451)) ;
#5198=CARTESIAN_POINT('Control Point',(7.00092645101,55.768068318,-9.64677464383)) ;
#5199=CARTESIAN_POINT('Control Point',(7.,58.2485590792,-14.6562554835)) ;
#5200=CARTESIAN_POINT('Control Point',(24.5914627794,50.0272191623,3.65332992776)) ;
#5201=CARTESIAN_POINT('Control Point',(18.8195073691,50.4408487465,3.05686749286)) ;
#5202=CARTESIAN_POINT('Control Point',(13.3096005259,51.9262612032,0.664368694205)) ;
#5203=CARTESIAN_POINT('Control Point',(9.09268212486,54.4238184766,-3.44052617425)) ;
#5204=CARTESIAN_POINT('Control Point',(7.00118253199,57.4458059026,-8.434304178)) ;
#5205=CARTESIAN_POINT('Control Point',(7.,60.4650620886,-13.423221086)) ;
#5206=CARTESIAN_POINT('Control Point',(25.796506815,50.6790926259,4.22172958391)) ;
#5207=CARTESIAN_POINT('Control Point',(19.7553209011,50.9283700289,3.93560247347)) ;
#5208=CARTESIAN_POINT('Control Point',(13.8544083719,52.5123954148,1.80278395346)) ;
#5209=CARTESIAN_POINT('Control Point',(9.27145499898,55.4040944632,-2.15292433413)) ;
#5210=CARTESIAN_POINT('Control Point',(7.00149177344,58.9782727039,-7.06166960387)) ;
#5211=CARTESIAN_POINT('Control Point',(7.,62.54819571,-11.9642386851)) ;
#5212=CARTESIAN_POINT('Control Point',(27.,51.3244829301,4.78447626337)) ;
#5213=CARTESIAN_POINT('Control Point',(20.7184192108,51.3257158638,4.78306226396)) ;
#5214=CARTESIAN_POINT('Control Point',(14.4267673845,52.9403353418,2.93132365017)) ;
#5215=CARTESIAN_POINT('Control Point',(9.45868941188,56.2053596814,-0.813194316631)) ;
#5216=CARTESIAN_POINT('Control Point',(7.00187603835,60.3402376891,-5.55531057047)) ;
#5217=CARTESIAN_POINT('Control Point',(7.,64.4684970041,-10.2898361263)) ;
#5219=CARTESIAN_POINT('Control Point',(23.4175574025,49.8647970436,3.34957698585)) ;
#5220=CARTESIAN_POINT('Control Point',(23.2506875381,49.5724359112,3.14734090913)) ;
#5221=CARTESIAN_POINT('Control Point',(23.0212847147,49.2868240777,2.95145805925)) ;
#5222=CARTESIAN_POINT('Control Point',(22.7305015514,49.0046593544,2.76170519896)) ;
#5223=CARTESIAN_POINT('Control Point',(22.2976387233,48.7653284816,2.55302040423)) ;
#5224=CARTESIAN_POINT('Vertex',(22.2976466209,48.7653168916,2.55301731475)) ;
#5226=CARTESIAN_POINT('Vertex',(23.4175557345,49.8647986012,3.3495755594)) ;
#5230=CARTESIAN_POINT('Control Point',(17.000000346,45.7734741693,-0.0557138156518)) ;
#5231=CARTESIAN_POINT('Control Point',(17.2616818362,45.924716626,0.0761617172552)) ;
#5232=CARTESIAN_POINT('Control Point',(17.5323558379,46.0806797703,0.212153443443)) ;
#5233=CARTESIAN_POINT('Control Point',(17.8103106705,46.2403224756,0.351353554978)) ;
#5234=CARTESIAN_POINT('Control Point',(18.5963554617,46.6903110242,0.743720096287)) ;
#5235=CARTESIAN_POINT('Control Point',(19.4239449418,47.1599231103,1.1531973388)) ;
#5236=CARTESIAN_POINT('Control Point',(19.9645741313,47.4649485456,1.41916360712)) ;
#5237=CARTESIAN_POINT('Control Point',(20.7539104748,47.9078041692,1.80531061)) ;
#5238=CARTESIAN_POINT('Control Point',(21.5594622239,48.3562524358,2.19633410583)) ;
#5239=CARTESIAN_POINT('Control Point',(21.804387947,48.4922877148,2.31494977303)) ;
#5240=CARTESIAN_POINT('Control Point',(22.0504900278,48.6286649707,2.43386362618)) ;
#5241=CARTESIAN_POINT('Control Point',(22.2976455924,48.7653181176,2.55301804205)) ;
#5244=CARTESIAN_POINT('Control Point',(23.4175574025,49.8647970436,3.34957698585)) ;
#5245=CARTESIAN_POINT('Control Point',(23.7326728332,50.4168859937,3.73147592827)) ;
#5246=CARTESIAN_POINT('Control Point',(24.0553267576,50.9523854854,4.17414515009)) ;
#5247=CARTESIAN_POINT('Control Point',(24.3665892355,51.4389208496,4.65323226605)) ;
#5262=CARTESIAN_POINT('Control Point',(25.6138941064,46.69567329,19.8682004494)) ;
#5263=CARTESIAN_POINT('Control Point',(25.253586492,48.2515822132,15.6800637929)) ;
#5264=CARTESIAN_POINT('Control Point',(24.5502559763,49.1198204479,11.2618899107)) ;
#5265=CARTESIAN_POINT('Control Point',(23.5384028541,49.258699216,6.83069134956)) ;
#5266=CARTESIAN_POINT('Control Point',(22.2976466209,48.7653168916,2.55301731475)) ;
#5267=CARTESIAN_POINT('Vertex',(25.6138770905,46.6956642555,19.8681965905)) ;
#5271=CARTESIAN_POINT('Control Point',(25.6138770905,46.6956642555,19.8681965905)) ;
#5272=CARTESIAN_POINT('Control Point',(22.7299842605,45.3307066184,18.823485563)) ;
#5273=CARTESIAN_POINT('Control Point',(19.8564915561,43.967133869,17.7772773572)) ;
#5274=CARTESIAN_POINT('Control Point',(16.9999999098,42.6065930739,16.7299662447)) ;
#5283=CARTESIAN_POINT('Axis2P3D Location',(16.7859440128,27.6547386049,13.6570697011)) ;
#5288=CARTESIAN_POINT('Line Origine',(15.0817686061,28.2633745678,13.7956934387)) ;
#5292=CARTESIAN_POINT('Vertex',(10.630633972,20.0785869404,9.07020409871)) ;
#5294=CARTESIAN_POINT('Vertex',(20.6581911548,38.5173520441,19.7158300949)) ;
#5298=CARTESIAN_POINT('Control Point',(10.630633972,20.0785869404,9.07020409871)) ;
#5299=CARTESIAN_POINT('Control Point',(10.630633972,25.3779599733,11.8284962771)) ;
#5302=CARTESIAN_POINT('Control Point',(20.6581911548,38.5173520441,19.7158300949)) ;
#5303=CARTESIAN_POINT('Control Point',(19.9814442307,38.1925518022,19.4760211461)) ;
#5304=CARTESIAN_POINT('Control Point',(19.3055554417,37.8678456054,19.2363508633)) ;
#5305=CARTESIAN_POINT('Control Point',(18.6306340003,37.5432607813,18.9968448882)) ;
#5315=CARTESIAN_POINT('Control Point',(27.3257779018,41.7079826808,22.0736154233)) ;
#5316=CARTESIAN_POINT('Control Point',(27.0062463736,42.2092746962,22.3011286487)) ;
#5317=CARTESIAN_POINT('Control Point',(26.6983981036,42.7687679714,22.41684299)) ;
#5318=CARTESIAN_POINT('Control Point',(26.4191375072,43.360063354,22.4085584357)) ;
#5319=CARTESIAN_POINT('Control Point',(25.9487376365,44.5407168819,22.1449334636)) ;
#5320=CARTESIAN_POINT('Control Point',(25.6926194655,45.5994283016,21.4390648041)) ;
#5321=CARTESIAN_POINT('Control Point',(25.6278034834,46.0686888653,20.9882003318)) ;
#5322=CARTESIAN_POINT('Control Point',(25.629828891,46.4518411388,20.4643841949)) ;
#5323=CARTESIAN_POINT('Control Point',(25.6951439298,46.7341270429,19.8976347035)) ;
#5324=CARTESIAN_POINT('Control Point',(25.5790683351,40.8743984542,21.4571252711)) ;
#5325=CARTESIAN_POINT('Control Point',(25.2583730828,41.37693163,21.6851628563)) ;
#5326=CARTESIAN_POINT('Control Point',(24.9494251903,41.9379859019,21.8007874541)) ;
#5327=CARTESIAN_POINT('Control Point',(24.6692840004,42.5309519291,21.791702145)) ;
#5328=CARTESIAN_POINT('Control Point',(24.1978363543,43.7146041181,21.5251481825)) ;
#5329=CARTESIAN_POINT('Control Point',(23.9423257497,44.7747481334,20.8143999465)) ;
#5330=CARTESIAN_POINT('Control Point',(23.8782875083,45.2441110991,20.3607790723)) ;
#5331=CARTESIAN_POINT('Control Point',(23.8815423025,45.6265965447,19.8341861529)) ;
#5332=CARTESIAN_POINT('Control Point',(23.9484343631,45.907443132,19.2649370693)) ;
#5333=CARTESIAN_POINT('Control Point',(23.8356044062,40.0410020367,20.8410721965)) ;
#5334=CARTESIAN_POINT('Control Point',(23.5136758392,40.544835466,21.0696576318)) ;
#5335=CARTESIAN_POINT('Control Point',(23.2035622534,41.107527404,21.1851822346)) ;
#5336=CARTESIAN_POINT('Control Point',(22.9224875901,41.7022463578,21.1752467078)) ;
#5337=CARTESIAN_POINT('Control Point',(22.4499299204,42.8890402952,20.9055934948)) ;
#5338=CARTESIAN_POINT('Control Point',(22.1950644668,43.9506680749,20.1896977389)) ;
#5339=CARTESIAN_POINT('Control Point',(22.1318511343,44.4201236438,19.7331729838)) ;
#5340=CARTESIAN_POINT('Control Point',(22.1364087835,44.8018892265,19.2036606294)) ;
#5341=CARTESIAN_POINT('Control Point',(22.2049704342,45.0812019494,18.6317914069)) ;
#5342=CARTESIAN_POINT('Control Point',(22.0959254079,39.207913267,20.2255749566)) ;
#5343=CARTESIAN_POINT('Control Point',(21.7726859542,39.713111225,20.4547335898)) ;
#5344=CARTESIAN_POINT('Control Point',(21.4613329908,40.2775245175,20.5701462793)) ;
#5345=CARTESIAN_POINT('Control Point',(21.1792658843,40.8740862469,20.559305298)) ;
#5346=CARTESIAN_POINT('Control Point',(20.7055288529,42.0641776435,20.2863637901)) ;
#5347=CARTESIAN_POINT('Control Point',(20.4513505918,43.1273428217,19.5650247441)) ;
#5348=CARTESIAN_POINT('Control Point',(20.3890148228,43.5968785822,19.105433772)) ;
#5349=CARTESIAN_POINT('Control Point',(20.3949572135,43.9778640818,18.5728456737)) ;
#5350=CARTESIAN_POINT('Control Point',(20.465291436,44.2555370412,17.9982251944)) ;
#5351=CARTESIAN_POINT('Control Point',(20.3606273435,38.3752532928,19.610758919)) ;
#5352=CARTESIAN_POINT('Control Point',(20.0359897024,38.8818861563,19.8405182343)) ;
#5353=CARTESIAN_POINT('Control Point',(19.7233143894,39.4481127995,19.955804993)) ;
#5354=CARTESIAN_POINT('Control Point',(19.4401884419,40.0466161127,19.9439962856)) ;
#5355=CARTESIAN_POINT('Control Point',(18.9651940774,41.2401755252,19.6675547149)) ;
#5356=CARTESIAN_POINT('Control Point',(18.71175051,42.3049342647,18.9404432351)) ;
#5357=CARTESIAN_POINT('Control Point',(18.6503516603,42.7745344189,18.4776059744)) ;
#5358=CARTESIAN_POINT('Control Point',(18.6577709389,43.1546707218,17.9417696575)) ;
#5359=CARTESIAN_POINT('Control Point',(18.7299933715,43.4305841506,17.3642544805)) ;
#5360=CARTESIAN_POINT('Control Point',(18.6306340003,37.5432607813,18.9968448882)) ;
#5361=CARTESIAN_POINT('Control Point',(18.3044983737,38.0514057464,19.2272346232)) ;
#5362=CARTESIAN_POINT('Control Point',(17.9904057881,38.6195472871,19.3423784463)) ;
#5363=CARTESIAN_POINT('Control Point',(17.7061450452,39.2201013453,19.329530648)) ;
#5364=CARTESIAN_POINT('Control Point',(17.229804316,40.417316156,19.049348511)) ;
#5365=CARTESIAN_POINT('Control Point',(16.9771500429,41.4837260965,18.3160942879)) ;
#5366=CARTESIAN_POINT('Control Point',(16.9167561214,41.9533698127,17.8498090778)) ;
#5367=CARTESIAN_POINT('Control Point',(16.9257576076,42.3325760069,17.3105328362)) ;
#5368=CARTESIAN_POINT('Control Point',(17.0000000284,42.6065923645,16.729965483)) ;
#5370=CARTESIAN_POINT('Control Point',(20.6581876358,38.5173542317,19.7158308656)) ;
#5371=CARTESIAN_POINT('Control Point',(20.8368742529,38.7355849533,19.8480998105)) ;
#5372=CARTESIAN_POINT('Control Point',(21.0156350916,38.9566006445,19.9759563985)) ;
#5373=CARTESIAN_POINT('Control Point',(21.1944232216,39.1803960532,20.0992813525)) ;
#5374=CARTESIAN_POINT('Control Point',(21.8592726228,40.0231504244,20.5404417821)) ;
#5375=CARTESIAN_POINT('Control Point',(22.5220830781,40.9042121798,20.9125087228)) ;
#5376=CARTESIAN_POINT('Control Point',(23.0029631823,41.5685161685,21.1409256039)) ;
#5377=CARTESIAN_POINT('Control Point',(23.7278393924,42.6122357091,21.4151354159)) ;
#5378=CARTESIAN_POINT('Control Point',(24.4191360498,43.7143264207,21.5001678715)) ;
#5379=CARTESIAN_POINT('Control Point',(24.6489110245,44.0967821255,21.5017492232)) ;
#5380=CARTESIAN_POINT('Control Point',(24.9588902122,44.6412489735,21.4567508794)) ;
#5381=CARTESIAN_POINT('Control Point',(25.230993516,45.1885088961,21.3027089619)) ;
#5382=CARTESIAN_POINT('Control Point',(25.3041713186,45.3431006078,21.2490301147)) ;
#5383=CARTESIAN_POINT('Control Point',(25.4321596028,45.6313945178,21.1255497373)) ;
#5384=CARTESIAN_POINT('Control Point',(25.5348482851,45.9074552847,20.9525383468)) ;
#5385=CARTESIAN_POINT('Control Point',(25.5761158053,46.0328760722,20.8590869226)) ;
#5386=CARTESIAN_POINT('Control Point',(25.6434649855,46.2810469983,20.6347355694)) ;
#5387=CARTESIAN_POINT('Control Point',(25.6642369093,46.4833951429,20.3576961253)) ;
#5388=CARTESIAN_POINT('Control Point',(25.6603515077,46.5724012298,20.1999249719)) ;
#5389=CARTESIAN_POINT('Control Point',(25.6427860914,46.6425968285,20.0355497316)) ;
#5390=CARTESIAN_POINT('Control Point',(25.6138770905,46.6956640693,19.8681966125)) ;
#5399=CARTESIAN_POINT('Axis2P3D Location',(11.,3.87918238687E-006,-5.87070521791)) ;
#5405=CARTESIAN_POINT('Control Point',(8.39794711547,14.2561623163,4.97440165473)) ;
#5406=CARTESIAN_POINT('Control Point',(8.83343317215,15.2936936931,5.93492824415)) ;
#5407=CARTESIAN_POINT('Control Point',(9.27999338597,16.427623065,6.80514497129)) ;
#5408=CARTESIAN_POINT('Control Point',(9.72811734535,17.6029567083,7.61547527748)) ;
#5409=CARTESIAN_POINT('Control Point',(10.1805212497,18.8274593151,8.37194320525)) ;
#5410=CARTESIAN_POINT('Control Point',(10.6306484787,20.0785822401,9.07020316887)) ;
#5411=CARTESIAN_POINT('Vertex',(8.39794711547,14.2561623163,4.97440165473)) ;
#5415=CARTESIAN_POINT('Control Point',(8.39795215525,14.2561583913,4.97440447815)) ;
#5416=CARTESIAN_POINT('Control Point',(7.6786764842,12.5424855381,3.38793034234)) ;
#5417=CARTESIAN_POINT('Control Point',(7.22619298537,10.8581860935,1.63493773984)) ;
#5418=CARTESIAN_POINT('Control Point',(7.,9.18530238038,-0.161110819296)) ;
#5419=CARTESIAN_POINT('Control Point',(7.,7.51268515761,-1.96039924769)) ;
#5430=CARTESIAN_POINT('Control Point',(8.3979437265,14.2561635116,4.97439464091)) ;
#5431=CARTESIAN_POINT('Control Point',(8.63537819651,13.9873924426,5.0637634771)) ;
#5432=CARTESIAN_POINT('Control Point',(8.81727508321,13.6886841242,5.210649299)) ;
#5433=CARTESIAN_POINT('Control Point',(8.9265972647,13.3791531222,5.40878403585)) ;
#5434=CARTESIAN_POINT('Control Point',(8.95506083347,13.0822542027,5.64315399314)) ;
#5435=CARTESIAN_POINT('Control Point',(8.90628693949,12.8168583136,5.89571223044)) ;
#5436=CARTESIAN_POINT('Control Point',(7.67868136228,12.5426181762,3.38704119885)) ;
#5437=CARTESIAN_POINT('Control Point',(7.81323790881,12.3255182415,3.51425473036)) ;
#5438=CARTESIAN_POINT('Control Point',(7.90538429996,12.0999370648,3.65776286095)) ;
#5439=CARTESIAN_POINT('Control Point',(7.95439063051,11.8715185026,3.81192481557)) ;
#5440=CARTESIAN_POINT('Control Point',(7.96089906915,11.6449585854,3.97318458041)) ;
#5441=CARTESIAN_POINT('Control Point',(7.92547448045,11.4261036544,4.13889282677)) ;
#5442=CARTESIAN_POINT('Control Point',(7.22613525465,10.8582200277,1.63482556328)) ;
#5443=CARTESIAN_POINT('Control Point',(7.26940644227,10.7074297471,1.73774583386)) ;
#5444=CARTESIAN_POINT('Control Point',(7.29915644216,10.5568938739,1.84017732407)) ;
#5445=CARTESIAN_POINT('Control Point',(7.31576785076,10.4064590222,1.94292878197)) ;
#5446=CARTESIAN_POINT('Control Point',(7.31893543227,10.2562976669,2.04603548164)) ;
#5447=CARTESIAN_POINT('Control Point',(7.30836651545,10.1061370067,2.14914256923)) ;
#5448=CARTESIAN_POINT('Control Point',(7.00002023615,9.18521810825,-0.160258222382)) ;
#5449=CARTESIAN_POINT('Control Point',(7.00028406304,9.10998797577,-0.108656366537)) ;
#5450=CARTESIAN_POINT('Control Point',(7.00044973364,9.03468739431,-0.0569191605013)) ;
#5451=CARTESIAN_POINT('Control Point',(7.00040550698,8.9593546356,-0.00525632050436)) ;
#5452=CARTESIAN_POINT('Control Point',(7.00023642009,8.88394955178,0.04631717252)) ;
#5453=CARTESIAN_POINT('Control Point',(7.00002752789,8.80854682083,0.0978920286982)) ;
#5454=CARTESIAN_POINT('Control Point',(7.,7.51268515761,-1.96039924769)) ;
#5455=CARTESIAN_POINT('Control Point',(7.,7.51268515761,-1.96039924769)) ;
#5456=CARTESIAN_POINT('Control Point',(7.,7.51268515761,-1.96039924769)) ;
#5457=CARTESIAN_POINT('Control Point',(7.,7.51268515761,-1.96039924769)) ;
#5458=CARTESIAN_POINT('Control Point',(7.,7.51268515761,-1.96039924769)) ;
#5459=CARTESIAN_POINT('Control Point',(7.,7.51268515761,-1.96039924769)) ;
#5461=CARTESIAN_POINT('Control Point',(8.39794677306,14.2561600629,4.97439578763)) ;
#5462=CARTESIAN_POINT('Control Point',(8.69473838878,13.920196699,5.08610728761)) ;
#5463=CARTESIAN_POINT('Control Point',(8.89928647834,13.5335941164,5.29412382157)) ;
#5464=CARTESIAN_POINT('Control Point',(8.96725415051,13.1486023236,5.58001524397)) ;
#5465=CARTESIAN_POINT('Control Point',(8.90628693949,12.8168583136,5.89571223044)) ;
#5466=CARTESIAN_POINT('Vertex',(8.90629341896,12.8168562895,5.89572042518)) ;
#5470=CARTESIAN_POINT('Control Point',(8.90628693949,12.8168583136,5.89571223044)) ;
#5471=CARTESIAN_POINT('Control Point',(8.80123951655,12.6678604994,5.70768560579)) ;
#5472=CARTESIAN_POINT('Control Point',(8.70010008346,12.5196476759,5.51706273721)) ;
#5473=CARTESIAN_POINT('Control Point',(8.60282012163,12.3721669482,5.32405150845)) ;
#5474=CARTESIAN_POINT('Control Point',(7.92236601845,11.3034787492,3.9028780729)) ;
#5475=CARTESIAN_POINT('Control Point',(7.44135100408,10.268104361,2.37326611367)) ;
#5476=CARTESIAN_POINT('Control Point',(7.16359983954,9.38842004117,1.01347455284)) ;
#5477=CARTESIAN_POINT('Control Point',(7.01290499228,8.49178782444,-0.406581117131)) ;
#5478=CARTESIAN_POINT('Control Point',(7.00041502601,7.59577858263,-1.82852488701)) ;
#5479=CARTESIAN_POINT('Control Point',(7.00017862324,7.5716008676,-1.86689665714)) ;
#5480=CARTESIAN_POINT('Control Point',(7.00003097708,7.54531095495,-1.9086198269)) ;
#5481=CARTESIAN_POINT('Control Point',(7.00000230332,7.51902118943,-1.9503434425)) ;
#5482=CARTESIAN_POINT('Control Point',(7.,7.51690919973,-1.95369537333)) ;
#5483=CARTESIAN_POINT('Control Point',(7.,7.51479717867,-1.95704731051)) ;
#5484=CARTESIAN_POINT('Control Point',(7.,7.51268515761,-1.96039924769)) ;
#5493=CARTESIAN_POINT('Control Point',(8.39794851556,14.2561628833,4.97440056534)) ;
#5494=CARTESIAN_POINT('Control Point',(8.63538350313,13.9873916523,5.06376946596)) ;
#5495=CARTESIAN_POINT('Control Point',(8.81728087858,13.6886830478,5.21065559076)) ;
#5496=CARTESIAN_POINT('Control Point',(8.92660344259,13.3791516919,5.40879085026)) ;
#5497=CARTESIAN_POINT('Control Point',(8.95506723813,13.0822524356,5.64316147313)) ;
#5498=CARTESIAN_POINT('Control Point',(8.90629341896,12.8168562895,5.89572042518)) ;
#5499=CARTESIAN_POINT('Control Point',(8.68868386237,14.9488496319,5.61568765568)) ;
#5500=CARTESIAN_POINT('Control Point',(8.97215467334,14.6754302426,5.70268085036)) ;
#5501=CARTESIAN_POINT('Control Point',(9.19656211233,14.3643738621,5.86198417157)) ;
#5502=CARTESIAN_POINT('Control Point',(9.33856306997,14.0384693397,6.08643931124)) ;
#5503=CARTESIAN_POINT('Control Point',(9.38586527803,13.7267501168,6.35626134528)) ;
#5504=CARTESIAN_POINT('Control Point',(9.34239650132,13.452053895,6.64745861908)) ;
#5505=CARTESIAN_POINT('Control Point',(8.98502989248,15.686257788,6.21767680826)) ;
#5506=CARTESIAN_POINT('Control Point',(9.31322575362,15.411804906,6.29417293601)) ;
#5507=CARTESIAN_POINT('Control Point',(9.58112838615,15.0911873583,6.45936299791)) ;
#5508=CARTESIAN_POINT('Control Point',(9.75754197915,14.7509405407,6.70582153399)) ;
#5509=CARTESIAN_POINT('Control Point',(9.82476573703,14.426435051,7.00817943108)) ;
#5510=CARTESIAN_POINT('Control Point',(9.78691523667,14.1447864798,7.33528078087)) ;
#5511=CARTESIAN_POINT('Control Point',(9.28168923488,16.4453938478,6.78578061745)) ;
#5512=CARTESIAN_POINT('Control Point',(9.65209452629,16.1725142346,6.84559898524)) ;
#5513=CARTESIAN_POINT('Control Point',(9.96363039008,15.8444046121,7.01152809208)) ;
#5514=CARTESIAN_POINT('Control Point',(10.1757822639,15.4912352636,7.27689284585)) ;
#5515=CARTESIAN_POINT('Control Point',(10.2638225409,15.1554045336,7.61004076933)) ;
#5516=CARTESIAN_POINT('Control Point',(10.2319043565,14.8685015823,7.97143715806)) ;
#5517=CARTESIAN_POINT('Control Point',(9.73074614669,17.6224869595,7.59961547993)) ;
#5518=CARTESIAN_POINT('Control Point',(10.1607070695,17.3553116836,7.62569675451)) ;
#5519=CARTESIAN_POINT('Control Point',(10.5382879854,17.0186234064,7.7853299885)) ;
#5520=CARTESIAN_POINT('Control Point',(10.8067599058,16.6477587824,8.07509865312)) ;
#5521=CARTESIAN_POINT('Control Point',(10.927847696,16.2968265743,8.45286655947)) ;
#5522=CARTESIAN_POINT('Control Point',(10.9054899548,16.0044018727,8.86441379088)) ;
#5523=CARTESIAN_POINT('Control Point',(10.1815130009,18.8413201319,8.35514559594)) ;
#5524=CARTESIAN_POINT('Control Point',(10.6637083007,18.5838785074,8.33553454759)) ;
#5525=CARTESIAN_POINT('Control Point',(11.1072229039,18.242121074,8.47791537514)) ;
#5526=CARTESIAN_POINT('Control Point',(11.4361806076,17.8558907892,8.78643752255)) ;
#5527=CARTESIAN_POINT('Control Point',(11.5932602664,17.4927564247,9.20715581845)) ;
#5528=CARTESIAN_POINT('Control Point',(11.5816401213,17.1984300963,9.66760045226)) ;
#5529=CARTESIAN_POINT('Control Point',(10.3313086391,19.2502576992,8.59978471446)) ;
#5530=CARTESIAN_POINT('Control Point',(10.8299751832,18.9964411638,8.56373257115)) ;
#5531=CARTESIAN_POINT('Control Point',(11.2953396604,18.6533606914,8.69917890208)) ;
#5532=CARTESIAN_POINT('Control Point',(11.6448653859,18.2622722782,9.01332101023)) ;
#5533=CARTESIAN_POINT('Control Point',(11.8142440808,17.8954094556,9.44815906345)) ;
#5534=CARTESIAN_POINT('Control Point',(11.806333533,17.6008580674,9.92474614238)) ;
#5535=CARTESIAN_POINT('Control Point',(10.4810326618,19.6627503559,8.83812572904)) ;
#5536=CARTESIAN_POINT('Control Point',(10.9952119983,19.4128987804,8.78441288074)) ;
#5537=CARTESIAN_POINT('Control Point',(11.4823314581,19.0688304038,8.91171420435)) ;
#5538=CARTESIAN_POINT('Control Point',(11.8529215005,18.6731215445,9.23087364242)) ;
#5539=CARTESIAN_POINT('Control Point',(12.0349641092,18.3028656861,9.67972039266)) ;
#5540=CARTESIAN_POINT('Control Point',(12.030919515,18.0085097112,10.1723879604)) ;
#5541=CARTESIAN_POINT('Control Point',(10.6306327099,20.078581533,9.07020452737)) ;
#5542=CARTESIAN_POINT('Control Point',(11.1592872061,19.8329792077,8.997638563)) ;
#5543=CARTESIAN_POINT('Control Point',(11.6680269076,19.4882307689,9.11555721941)) ;
#5544=CARTESIAN_POINT('Control Point',(12.0602138543,19.0881366123,9.43912330179)) ;
#5545=CARTESIAN_POINT('Control Point',(12.2553206263,18.7148477387,9.90189925524)) ;
#5546=CARTESIAN_POINT('Control Point',(12.2553195414,18.4211380279,10.4106202591)) ;
#5548=CARTESIAN_POINT('Control Point',(10.6306327099,20.078581533,9.07020452737)) ;
#5549=CARTESIAN_POINT('Control Point',(11.1592872061,19.8329792077,8.997638563)) ;
#5550=CARTESIAN_POINT('Control Point',(11.6684064678,19.4883022695,9.11507585342)) ;
#5551=CARTESIAN_POINT('Control Point',(12.0606599409,19.0881402452,9.43869682209)) ;
#5552=CARTESIAN_POINT('Control Point',(12.2553206263,18.7148477387,9.90189925524)) ;
#5553=CARTESIAN_POINT('Control Point',(12.2553195414,18.4211380279,10.4106202591)) ;
#5554=CARTESIAN_POINT('Vertex',(12.2553216161,18.4211441066,10.4106185406)) ;
#5558=CARTESIAN_POINT('Control Point',(8.90629341896,12.8168562895,5.89572042518)) ;
#5559=CARTESIAN_POINT('Control Point',(8.93620142614,12.8604182255,5.94727473014)) ;
#5560=CARTESIAN_POINT('Control Point',(8.9661452564,12.9042454586,5.99852165148)) ;
#5561=CARTESIAN_POINT('Control Point',(8.9961233531,12.948330846,6.04946695038)) ;
#5562=CARTESIAN_POINT('Control Point',(9.43374079814,13.5948475108,6.78803077235)) ;
#5563=CARTESIAN_POINT('Control Point',(9.87874955413,14.2944750842,7.46599135973)) ;
#5564=CARTESIAN_POINT('Control Point',(10.2935325899,14.9725575482,8.05291419647)) ;
#5565=CARTESIAN_POINT('Control Point',(10.9364800951,16.0591167082,8.90124603775)) ;
#5566=CARTESIAN_POINT('Control Point',(11.5816231962,17.1984062608,9.66756986356)) ;
#5567=CARTESIAN_POINT('Control Point',(11.806333533,17.6008580674,9.92474614238)) ;
#5568=CARTESIAN_POINT('Control Point',(12.030919515,18.0085097112,10.1723879604)) ;
#5569=CARTESIAN_POINT('Control Point',(12.2553195414,18.4211380279,10.4106202591)) ;
#5578=CARTESIAN_POINT('Axis2P3D Location',(15.9297200642,29.2427423695,16.6584712108)) ;
#5583=CARTESIAN_POINT('Axis2P3D Location',(20.4735081408,37.5979020059,21.4823248759)) ;
#5587=CARTESIAN_POINT('Vertex',(22.2828787989,36.8599092104,21.0562445368)) ;
#5590=CARTESIAN_POINT('Line Origine',(17.7390907223,28.504749574,16.2323908716)) ;
#5603=CARTESIAN_POINT('Control Point',(20.6581895418,38.5173499519,19.7158296165)) ;
#5604=CARTESIAN_POINT('Control Point',(21.1868436044,38.2717474296,19.6432643934)) ;
#5605=CARTESIAN_POINT('Control Point',(21.695583016,37.9269989753,19.7611832883)) ;
#5606=CARTESIAN_POINT('Control Point',(22.0877700881,37.5269049373,20.0847489335)) ;
#5607=CARTESIAN_POINT('Control Point',(22.2828775441,37.1536161194,20.5475240035)) ;
#5608=CARTESIAN_POINT('Control Point',(22.2828775017,36.8599063168,21.0562440398)) ;
#5609=CARTESIAN_POINT('Control Point',(20.8368757361,38.7355816648,19.8480988523)) ;
#5610=CARTESIAN_POINT('Control Point',(21.3549712222,38.4880990253,19.7911510533)) ;
#5611=CARTESIAN_POINT('Control Point',(21.8503741809,38.1505267063,19.9202607151)) ;
#5612=CARTESIAN_POINT('Control Point',(22.2319511177,37.7654932347,20.2470822374)) ;
#5613=CARTESIAN_POINT('Control Point',(22.424547818,37.4087981463,20.7071453212)) ;
#5614=CARTESIAN_POINT('Control Point',(22.4291086653,37.1287977416,21.2114881017)) ;
#5615=CARTESIAN_POINT('Control Point',(21.0156358879,38.9565989108,19.9759558992)) ;
#5616=CARTESIAN_POINT('Control Point',(21.5230232171,38.7083099316,19.9343922336)) ;
#5617=CARTESIAN_POINT('Control Point',(22.0052536395,38.378577156,20.0741358575)) ;
#5618=CARTESIAN_POINT('Control Point',(22.3764695163,38.0086466967,20.4036615992)) ;
#5619=CARTESIAN_POINT('Control Point',(22.5665421148,37.6683467921,20.8605794385)) ;
#5620=CARTESIAN_POINT('Control Point',(22.5755116505,37.4019138746,21.360144403)) ;
#5621=CARTESIAN_POINT('Control Point',(21.1944232216,39.1803960532,20.0992813525)) ;
#5622=CARTESIAN_POINT('Control Point',(21.6909598735,38.9323498357,20.0728069914)) ;
#5623=CARTESIAN_POINT('Control Point',(22.1601763409,38.6110912075,20.222605741)) ;
#5624=CARTESIAN_POINT('Control Point',(22.5212678217,38.2563160911,20.5542926388)) ;
#5625=CARTESIAN_POINT('Control Point',(22.7088101639,37.9322425239,21.0076463025)) ;
#5626=CARTESIAN_POINT('Control Point',(22.7220500896,37.6792621451,21.5020456379)) ;
#5627=CARTESIAN_POINT('Control Point',(21.7092239468,39.8329506929,20.4408770713)) ;
#5628=CARTESIAN_POINT('Control Point',(22.1741266938,39.5885692092,20.4568396198)) ;
#5629=CARTESIAN_POINT('Control Point',(22.606312355,39.2934799497,20.6338624635)) ;
#5630=CARTESIAN_POINT('Control Point',(22.9388993464,38.982536551,20.970211028)) ;
#5631=CARTESIAN_POINT('Control Point',(23.1191547926,38.7047897942,21.4121047821)) ;
#5632=CARTESIAN_POINT('Control Point',(23.1443284494,38.4902966554,21.8905180294)) ;
#5633=CARTESIAN_POINT('Control Point',(22.2228022041,40.5084728595,20.7410471851)) ;
#5634=CARTESIAN_POINT('Control Point',(22.6550722299,40.2762002038,20.7959565573)) ;
#5635=CARTESIAN_POINT('Control Point',(23.0515420372,40.0122194059,20.9949515989)) ;
#5636=CARTESIAN_POINT('Control Point',(23.3574638932,39.7457278665,21.3313997863)) ;
#5637=CARTESIAN_POINT('Control Point',(23.5304827991,39.5133449554,21.7583677054)) ;
#5638=CARTESIAN_POINT('Control Point',(23.566609092,39.3367967992,22.217571836)) ;
#5639=CARTESIAN_POINT('Control Point',(22.5562227789,40.9583579876,20.9171597001)) ;
#5640=CARTESIAN_POINT('Control Point',(22.9668914477,40.7374681698,20.9955293518)) ;
#5641=CARTESIAN_POINT('Control Point',(23.3406583412,40.4957414715,21.2064098572)) ;
#5642=CARTESIAN_POINT('Control Point',(23.6299463162,40.2585612078,21.5409297063)) ;
#5643=CARTESIAN_POINT('Control Point',(23.7983121056,40.0555068284,21.9566675987)) ;
#5644=CARTESIAN_POINT('Control Point',(23.8412201961,39.9036232157,22.4019489479)) ;
#5645=CARTESIAN_POINT('Control Point',(23.0371807397,41.6256281014,21.1408844151)) ;
#5646=CARTESIAN_POINT('Control Point',(23.4161537214,41.4262981361,21.2498626828)) ;
#5647=CARTESIAN_POINT('Control Point',(23.7578467948,41.219683981,21.474119336)) ;
#5648=CARTESIAN_POINT('Control Point',(24.0240459736,41.0256918643,21.8027644207)) ;
#5649=CARTESIAN_POINT('Control Point',(24.1857955675,40.8651080897,22.1998641624)) ;
#5650=CARTESIAN_POINT('Control Point',(24.2380880716,40.7491688662,22.6227394474)) ;
#5651=CARTESIAN_POINT('Control Point',(23.5110745635,42.3162439919,21.3064801959)) ;
#5652=CARTESIAN_POINT('Control Point',(23.858201625,42.1459659884,21.4395260024)) ;
#5653=CARTESIAN_POINT('Control Point',(24.1692572577,41.9787606441,21.6704571641)) ;
#5654=CARTESIAN_POINT('Control Point',(24.4139333995,41.8294286021,21.9878841076)) ;
#5655=CARTESIAN_POINT('Control Point',(24.5693654091,41.7118524736,22.3621076893)) ;
#5656=CARTESIAN_POINT('Control Point',(24.6304590322,41.632754393,22.7585465824)) ;
#5657=CARTESIAN_POINT('Control Point',(23.6569364594,42.5323309037,21.3516278266)) ;
#5658=CARTESIAN_POINT('Control Point',(23.9942084389,42.3717721707,21.4914259857)) ;
#5659=CARTESIAN_POINT('Control Point',(24.2959274548,42.2171854379,21.7237318927)) ;
#5660=CARTESIAN_POINT('Control Point',(24.534094706,42.0818393525,22.0371354962)) ;
#5661=CARTESIAN_POINT('Control Point',(24.6876046021,41.9776539378,22.4038356549)) ;
#5662=CARTESIAN_POINT('Control Point',(24.7513696461,41.9100729938,22.7916694148)) ;
#5663=CARTESIAN_POINT('Control Point',(24.042727125,43.1142544437,21.45384649)) ;
#5664=CARTESIAN_POINT('Control Point',(24.3538155972,42.9815333886,21.6095614612)) ;
#5665=CARTESIAN_POINT('Control Point',(24.6310906435,42.8617025846,21.8435335478)) ;
#5666=CARTESIAN_POINT('Control Point',(24.8523435405,42.7641067935,22.144622555)) ;
#5667=CARTESIAN_POINT('Control Point',(25.0008368108,42.6958820794,22.4899804675)) ;
#5668=CARTESIAN_POINT('Control Point',(25.0715817174,42.6593687952,22.8536469824)) ;
#5669=CARTESIAN_POINT('Control Point',(24.4194984386,43.7148822956,21.5002483803)) ;
#5670=CARTESIAN_POINT('Control Point',(24.704772399,43.6154190649,21.6654958417)) ;
#5671=CARTESIAN_POINT('Control Point',(24.9588637503,43.5336316005,21.8951095028)) ;
#5672=CARTESIAN_POINT('Control Point',(25.1644012875,43.4754322285,22.1789958962)) ;
#5673=CARTESIAN_POINT('Control Point',(25.3082097669,43.4443138355,22.4989380381)) ;
#5674=CARTESIAN_POINT('Control Point',(25.3855937583,43.4402881756,22.834522177)) ;
#5675=CARTESIAN_POINT('Control Point',(24.6490413437,44.0969790038,21.5017826261)) ;
#5676=CARTESIAN_POINT('Control Point',(24.9185488039,44.0204364506,21.6698781277)) ;
#5677=CARTESIAN_POINT('Control Point',(25.1588054772,43.9637524127,21.8939349202)) ;
#5678=CARTESIAN_POINT('Control Point',(25.3550878087,43.9309350801,22.164756717)) ;
#5679=CARTESIAN_POINT('Control Point',(25.4961508042,43.9236183723,22.4668552794)) ;
#5680=CARTESIAN_POINT('Control Point',(25.5775422163,43.940640074,22.7830056285)) ;
#5681=CARTESIAN_POINT('Control Point',(24.9588388711,44.6411714105,21.4567377198)) ;
#5682=CARTESIAN_POINT('Control Point',(25.2070953606,44.5998678217,21.6234384305)) ;
#5683=CARTESIAN_POINT('Control Point',(25.4291244367,44.5803329486,21.8349757173)) ;
#5684=CARTESIAN_POINT('Control Point',(25.6133808665,44.584324553,22.0836376659)) ;
#5685=CARTESIAN_POINT('Control Point',(25.7509308838,44.6114386068,22.3574519062)) ;
#5686=CARTESIAN_POINT('Control Point',(25.8377271119,44.6592537415,22.6432179215)) ;
#5687=CARTESIAN_POINT('Control Point',(25.2310137426,45.1885394531,21.3027141463)) ;
#5688=CARTESIAN_POINT('Control Point',(25.4610384674,45.1863644048,21.4566188045)) ;
#5689=CARTESIAN_POINT('Control Point',(25.6678660551,45.2068385007,21.6456016817)) ;
#5690=CARTESIAN_POINT('Control Point',(25.8423424292,45.2500294036,21.8635696968)) ;
#5691=CARTESIAN_POINT('Control Point',(25.9772755117,45.3141199079,22.1015554031)) ;
#5692=CARTESIAN_POINT('Control Point',(26.0690349224,45.3958197724,22.3497078782)) ;
#5693=CARTESIAN_POINT('Control Point',(25.3041713186,45.3431006078,21.2490301147)) ;
#5694=CARTESIAN_POINT('Control Point',(25.529349538,45.3522716918,21.3982807286)) ;
#5695=CARTESIAN_POINT('Control Point',(25.7321727894,45.3842790916,21.5799748251)) ;
#5696=CARTESIAN_POINT('Control Point',(25.9040978351,45.4387564918,21.7884822363)) ;
#5697=CARTESIAN_POINT('Control Point',(26.0383781719,45.5135314373,22.0156416775)) ;
#5698=CARTESIAN_POINT('Control Point',(26.1314995727,45.6050939881,22.2524934465)) ;
#5699=CARTESIAN_POINT('Control Point',(25.4321596028,45.6313945178,21.1255497373)) ;
#5700=CARTESIAN_POINT('Control Point',(25.6490056037,45.6623062987,21.2637933028)) ;
#5701=CARTESIAN_POINT('Control Point',(25.845009401,45.7163415881,21.4298131496)) ;
#5702=CARTESIAN_POINT('Control Point',(26.0126432333,45.7923991805,21.6188444473)) ;
#5703=CARTESIAN_POINT('Control Point',(26.1459028001,45.8877110868,21.8241487287)) ;
#5704=CARTESIAN_POINT('Control Point',(26.2414817753,45.9983918746,22.0383262386)) ;
#5705=CARTESIAN_POINT('Control Point',(25.5348482851,45.9074552847,20.9525383468)) ;
#5706=CARTESIAN_POINT('Control Point',(25.745403417,45.9602262047,21.0750478999)) ;
#5707=CARTESIAN_POINT('Control Point',(25.9363723494,46.0364900337,21.2212806256)) ;
#5708=CARTESIAN_POINT('Control Point',(26.1009634368,46.1345375469,21.3873092582)) ;
#5709=CARTESIAN_POINT('Control Point',(26.2337112518,46.2510932395,21.5676380926)) ;
#5710=CARTESIAN_POINT('Control Point',(26.3314759755,46.3819175789,21.7562049336)) ;
#5711=CARTESIAN_POINT('Control Point',(25.5761310734,46.0328722379,20.859135247)) ;
#5712=CARTESIAN_POINT('Control Point',(25.7842891802,46.095809832,20.9731296337)) ;
#5713=CARTESIAN_POINT('Control Point',(25.9733712048,46.1824682503,21.1090955469)) ;
#5714=CARTESIAN_POINT('Control Point',(26.136863753,46.2908766972,21.263489)) ;
#5715=CARTESIAN_POINT('Control Point',(26.2695049896,46.4175324159,21.4313564047)) ;
#5716=CARTESIAN_POINT('Control Point',(26.3682201883,46.5580256382,21.6072128945)) ;
#5717=CARTESIAN_POINT('Control Point',(25.6434481239,46.2810512328,20.6346822015)) ;
#5718=CARTESIAN_POINT('Control Point',(25.8481068083,46.3645867214,20.7283131295)) ;
#5719=CARTESIAN_POINT('Control Point',(26.0345158418,46.4725706752,20.8405929693)) ;
#5720=CARTESIAN_POINT('Control Point',(26.196582981,46.6025149127,20.9687559753)) ;
#5721=CARTESIAN_POINT('Control Point',(26.3293522904,46.7504320838,21.1088997062)) ;
#5722=CARTESIAN_POINT('Control Point',(26.4298446683,46.9115141314,21.2566441835)) ;
#5723=CARTESIAN_POINT('Control Point',(25.6642555306,46.4833904665,20.3577550628)) ;
#5724=CARTESIAN_POINT('Control Point',(25.8690086642,46.5845688466,20.4268209062)) ;
#5725=CARTESIAN_POINT('Control Point',(26.0557409753,46.71165729,20.5119114946)) ;
#5726=CARTESIAN_POINT('Control Point',(26.2184126682,46.8616832567,20.6109984686)) ;
#5727=CARTESIAN_POINT('Control Point',(26.3520961824,47.0301023409,20.7210818543)) ;
#5728=CARTESIAN_POINT('Control Point',(26.4538053595,47.2115628834,20.838694728)) ;
#5729=CARTESIAN_POINT('Control Point',(25.6603752512,46.5724974699,20.1998455219)) ;
#5730=CARTESIAN_POINT('Control Point',(25.8662993952,46.6816860256,20.2551489122)) ;
#5731=CARTESIAN_POINT('Control Point',(26.0541288382,46.8178233608,20.3252814619)) ;
#5732=CARTESIAN_POINT('Control Point',(26.2177406056,46.9776809201,20.4085945119)) ;
#5733=CARTESIAN_POINT('Control Point',(26.3521378851,47.1563837493,20.5025304231)) ;
#5734=CARTESIAN_POINT('Control Point',(26.4542969254,47.3482356738,20.6040579694)) ;
#5735=CARTESIAN_POINT('Control Point',(25.6427863105,46.6425964081,20.0355496695)) ;
#5736=CARTESIAN_POINT('Control Point',(25.8508816342,46.7582679338,20.0768899441)) ;
#5737=CARTESIAN_POINT('Control Point',(26.0406374215,46.9022064429,20.1319695833)) ;
#5738=CARTESIAN_POINT('Control Point',(26.2057427107,47.070920516,20.1995280688)) ;
#5739=CARTESIAN_POINT('Control Point',(26.3410516509,47.259157441,20.2774443329)) ;
#5740=CARTESIAN_POINT('Control Point',(26.4434716563,47.460808863,20.3631054601)) ;
#5741=CARTESIAN_POINT('Control Point',(25.6138788984,46.6956575344,19.8682004681)) ;
#5742=CARTESIAN_POINT('Control Point',(25.8249496508,46.8163931504,19.8956947257)) ;
#5743=CARTESIAN_POINT('Control Point',(26.0173067892,46.9669541612,19.9358792344)) ;
#5744=CARTESIAN_POINT('Control Point',(26.1843569186,47.1435841914,19.9879007858)) ;
#5745=CARTESIAN_POINT('Control Point',(26.3207335132,47.3406089585,20.0500881749)) ;
#5746=CARTESIAN_POINT('Control Point',(26.4232502209,47.5514442472,20.1202490716)) ;
#5748=CARTESIAN_POINT('Control Point',(25.6138788984,46.6956575344,19.8682004681)) ;
#5749=CARTESIAN_POINT('Control Point',(25.9656634857,46.8968835611,19.9140242308)) ;
#5750=CARTESIAN_POINT('Control Point',(26.2523890414,47.2000520993,20.0033142437)) ;
#5751=CARTESIAN_POINT('Control Point',(26.4232502209,47.5514442472,20.1202490716)) ;
#5752=CARTESIAN_POINT('Vertex',(26.4232502209,47.5514442472,20.1202490716)) ;
#5756=CARTESIAN_POINT('Control Point',(22.282878709,36.8599085369,21.0562453215)) ;
#5757=CARTESIAN_POINT('Control Point',(22.4291096323,37.1287995456,21.2114890836)) ;
#5758=CARTESIAN_POINT('Control Point',(22.5755123765,37.4019152485,21.360145106)) ;
#5759=CARTESIAN_POINT('Control Point',(22.7220505738,37.6792630752,21.5020460834)) ;
#5760=CARTESIAN_POINT('Control Point',(23.1443286915,38.4902971408,21.8905182169)) ;
#5761=CARTESIAN_POINT('Control Point',(23.566609092,39.3367967992,22.217571836)) ;
#5762=CARTESIAN_POINT('Control Point',(23.8412201961,39.9036232157,22.4019489479)) ;
#5763=CARTESIAN_POINT('Control Point',(24.2380880716,40.7491688662,22.6227394474)) ;
#5764=CARTESIAN_POINT('Control Point',(24.6304590322,41.632754393,22.7585465824)) ;
#5765=CARTESIAN_POINT('Control Point',(24.7512621447,41.9098166809,22.7916568516)) ;
#5766=CARTESIAN_POINT('Control Point',(24.9784184732,42.4413711934,22.835607706)) ;
#5767=CARTESIAN_POINT('Control Point',(25.2020742339,42.9878909081,22.8387727405)) ;
#5768=CARTESIAN_POINT('Control Point',(25.307078827,43.2503842718,22.830027954)) ;
#5769=CARTESIAN_POINT('Control Point',(25.5004410758,43.746419099,22.7919925227)) ;
#5770=CARTESIAN_POINT('Control Point',(25.6875824229,44.2552362848,22.7054000386)) ;
#5771=CARTESIAN_POINT('Control Point',(25.7728939071,44.4945777158,22.6531278419)) ;
#5772=CARTESIAN_POINT('Control Point',(25.9264814764,44.9418625058,22.530624862)) ;
#5773=CARTESIAN_POINT('Control Point',(26.0690181371,45.3957803632,22.3497048571)) ;
#5774=CARTESIAN_POINT('Control Point',(26.1314995727,45.6050939881,22.2524934465)) ;
#5775=CARTESIAN_POINT('Control Point',(26.2414817753,45.9983918746,22.0383262386)) ;
#5776=CARTESIAN_POINT('Control Point',(26.3314759755,46.3819175789,21.7562049336)) ;
#5777=CARTESIAN_POINT('Control Point',(26.368208572,46.5580367308,21.6071443525)) ;
#5778=CARTESIAN_POINT('Control Point',(26.4183294884,46.84540585,21.3222473203)) ;
#5779=CARTESIAN_POINT('Control Point',(26.4435214684,47.0974849455,20.9926124744)) ;
#5780=CARTESIAN_POINT('Control Point',(26.4492606779,47.1944639739,20.8490116991)) ;
#5781=CARTESIAN_POINT('Control Point',(26.4507022582,47.3314696415,20.617832662)) ;
#5782=CARTESIAN_POINT('Control Point',(26.4411976055,47.4460939126,20.3789356356)) ;
#5783=CARTESIAN_POINT('Control Point',(26.4364647953,47.48405305,20.2930903748)) ;
#5784=CARTESIAN_POINT('Control Point',(26.4304554753,47.5191492602,20.206783089)) ;
#5785=CARTESIAN_POINT('Control Point',(26.4232502209,47.5514442472,20.1202490716)) ;
#5795=CARTESIAN_POINT('Control Point',(25.6138941064,46.6956586338,19.8682528195)) ;
#5796=CARTESIAN_POINT('Control Point',(25.8249651045,46.8163947116,19.8957467813)) ;
#5797=CARTESIAN_POINT('Control Point',(26.0173223433,46.9669564856,19.9359310685)) ;
#5798=CARTESIAN_POINT('Control Point',(26.1843723732,47.1435875396,19.987952476)) ;
#5799=CARTESIAN_POINT('Control Point',(26.3207486324,47.3406135168,20.0501397912)) ;
#5800=CARTESIAN_POINT('Control Point',(26.4232647645,47.5514501144,20.1203006692)) ;
#5801=CARTESIAN_POINT('Control Point',(25.3256472961,47.9403811116,16.517769686)) ;
#5802=CARTESIAN_POINT('Control Point',(25.5376292188,48.0685096391,16.5252849317)) ;
#5803=CARTESIAN_POINT('Control Point',(25.7305627019,48.2278901405,16.5436190304)) ;
#5804=CARTESIAN_POINT('Control Point',(25.8977075922,48.4144689966,16.5725263197)) ;
#5805=CARTESIAN_POINT('Control Point',(26.0335956171,48.6221479509,16.6110474142)) ;
#5806=CARTESIAN_POINT('Control Point',(26.1350179542,48.8438845173,16.657684671)) ;
#5807=CARTESIAN_POINT('Control Point',(24.832259442,48.7732473622,13.0307286091)) ;
#5808=CARTESIAN_POINT('Control Point',(25.0458104787,48.9063065894,13.0173945754)) ;
#5809=CARTESIAN_POINT('Control Point',(25.2397371014,49.0722823904,13.0130029302)) ;
#5810=CARTESIAN_POINT('Control Point',(25.4070453478,49.2668422398,13.0179596068)) ;
#5811=CARTESIAN_POINT('Control Point',(25.5420916423,49.483437136,13.0320558608)) ;
#5812=CARTESIAN_POINT('Control Point',(25.6416301001,49.7145147076,13.0545136886)) ;
#5813=CARTESIAN_POINT('Control Point',(24.1447038022,49.1743386104,9.4877681083)) ;
#5814=CARTESIAN_POINT('Control Point',(24.3604759839,49.3097327038,9.45314133715)) ;
#5815=CARTESIAN_POINT('Control Point',(24.5558102796,49.4799728717,9.42545431301)) ;
#5816=CARTESIAN_POINT('Control Point',(24.7233495971,49.6804626869,9.40583825656)) ;
#5817=CARTESIAN_POINT('Control Point',(24.857201884,49.9041635616,9.39491919072)) ;
#5818=CARTESIAN_POINT('Control Point',(24.9540744603,50.142947451,9.39270830779)) ;
#5819=CARTESIAN_POINT('Control Point',(23.290243085,49.1600249671,5.97513330636)) ;
#5820=CARTESIAN_POINT('Control Point',(23.5088713644,49.2951708011,5.91923774612)) ;
#5821=CARTESIAN_POINT('Control Point',(23.7060207876,49.4673250076,5.86802291519)) ;
#5822=CARTESIAN_POINT('Control Point',(23.8738567857,49.6716587314,5.82344963074)) ;
#5823=CARTESIAN_POINT('Control Point',(24.0061668706,49.9006114587,5.78711150949)) ;
#5824=CARTESIAN_POINT('Control Point',(24.0996137431,50.1454154271,5.75992510543)) ;
#5825=CARTESIAN_POINT('Control Point',(22.2976342454,48.7653259762,2.55301881171)) ;
#5826=CARTESIAN_POINT('Control Point',(22.5197411785,48.8977537746,2.47626256226)) ;
#5827=CARTESIAN_POINT('Control Point',(22.7191106155,49.0695102253,2.40156526444)) ;
#5828=CARTESIAN_POINT('Control Point',(22.8873071111,49.2755947433,2.33183888907)) ;
#5829=CARTESIAN_POINT('Control Point',(23.0177262864,49.5079152442,2.26982130172)) ;
#5830=CARTESIAN_POINT('Control Point',(23.1070049035,49.7570158527,2.21749171209)) ;
#5832=CARTESIAN_POINT('Control Point',(26.4232605221,47.5514691362,20.1202497069)) ;
#5833=CARTESIAN_POINT('Control Point',(26.2368455076,48.3873022649,17.8809239343)) ;
#5834=CARTESIAN_POINT('Control Point',(25.9646323618,49.0467199613,15.5828127612)) ;
#5835=CARTESIAN_POINT('Control Point',(25.6096747969,49.5243386675,13.2482085199)) ;
#5836=CARTESIAN_POINT('Control Point',(24.9841197865,49.9535227513,9.84839043491)) ;
#5837=CARTESIAN_POINT('Control Point',(24.2118209156,50.0142317979,6.46363497239)) ;
#5838=CARTESIAN_POINT('Control Point',(23.9595677277,49.9982531139,5.42010556713)) ;
#5839=CARTESIAN_POINT('Control Point',(23.6945825699,49.9481804126,4.38156180955)) ;
#5840=CARTESIAN_POINT('Control Point',(23.4175557345,49.8647986012,3.3495755594)) ;
#5850=CARTESIAN_POINT('Control Point',(27.0000000631,29.8057195177,42.0560679548)) ;
#5851=CARTESIAN_POINT('Control Point',(23.8584074032,29.8057195209,42.0560679455)) ;
#5852=CARTESIAN_POINT('Control Point',(20.7167649689,29.6058206851,42.6394837176)) ;
#5853=CARTESIAN_POINT('Control Point',(17.7368284912,29.2057225359,43.8071922222)) ;
#5854=CARTESIAN_POINT('Control Point',(12.42178326,28.048321553,47.1851307945)) ;
#5855=CARTESIAN_POINT('Control Point',(8.85106258302,26.3255212706,52.2132183909)) ;
#5856=CARTESIAN_POINT('Control Point',(7.61671186139,25.3596150203,55.0322690296)) ;
#5857=CARTESIAN_POINT('Control Point',(7.,24.3412939627,58.0042951729)) ;
#5858=CARTESIAN_POINT('Control Point',(7.,23.3229890382,60.9762742309)) ;
#5859=CARTESIAN_POINT('Control Point',(25.4897410178,28.7891932446,41.7077701692)) ;
#5860=CARTESIAN_POINT('Control Point',(22.4991742617,28.7122980375,41.9321930734)) ;
#5861=CARTESIAN_POINT('Control Point',(19.5551440822,28.3927943032,42.6627506307)) ;
#5862=CARTESIAN_POINT('Control Point',(16.7960963618,27.8343335914,43.8884820626)) ;
#5863=CARTESIAN_POINT('Control Point',(11.913270489,26.2954365239,47.2106668326)) ;
#5864=CARTESIAN_POINT('Control Point',(8.67299142655,24.0916898474,51.9021027177)) ;
#5865=CARTESIAN_POINT('Control Point',(7.55744312815,22.8679749919,54.4978529625)) ;
#5866=CARTESIAN_POINT('Control Point',(7.,21.583182466,57.2189139165)) ;
#5867=CARTESIAN_POINT('Control Point',(7.,20.2984056841,59.9399452178)) ;
#5868=CARTESIAN_POINT('Control Point',(23.9778571209,27.760384791,41.3552641034)) ;
#5869=CARTESIAN_POINT('Control Point',(21.1609098412,27.5561777238,41.7568752154)) ;
#5870=CARTESIAN_POINT('Control Point',(18.4259201328,27.0859469141,42.5838436492)) ;
#5871=CARTESIAN_POINT('Control Point',(15.889632747,26.3589774761,43.818675954)) ;
#5872=CARTESIAN_POINT('Control Point',(11.4316753443,24.4573263892,46.9968428795)) ;
#5873=CARTESIAN_POINT('Control Point',(8.50548109626,21.8543008849,51.2829425974)) ;
#5874=CARTESIAN_POINT('Control Point',(7.50166821843,20.4256225959,53.6261963885)) ;
#5875=CARTESIAN_POINT('Control Point',(6.99999960723,18.9332351088,56.0697360629)) ;
#5876=CARTESIAN_POINT('Control Point',(7.,17.4408604071,58.5132571125)) ;
#5877=CARTESIAN_POINT('Control Point',(22.4857815858,26.7325344908,41.0030866329)) ;
#5878=CARTESIAN_POINT('Control Point',(19.8591201801,26.3740606269,41.5220383383)) ;
#5879=CARTESIAN_POINT('Control Point',(17.3394619809,25.7417001347,42.3881289739)) ;
#5880=CARTESIAN_POINT('Control Point',(15.0241095583,24.8497301687,43.581713766)) ;
#5881=CARTESIAN_POINT('Control Point',(10.9787366237,22.6179312842,46.5322729714)) ;
#5882=CARTESIAN_POINT('Control Point',(8.34884199642,19.6880495588,50.3598322041)) ;
#5883=CARTESIAN_POINT('Control Point',(7.44949682738,18.0977320427,52.4307291597)) ;
#5884=CARTESIAN_POINT('Control Point',(6.99999703773,16.4446276576,54.5803005128)) ;
#5885=CARTESIAN_POINT('Control Point',(7.,14.7915332854,56.729860092)) ;
#5886=CARTESIAN_POINT('Control Point',(20.508800945,25.3510878029,40.5297522428)) ;
#5887=CARTESIAN_POINT('Control Point',(18.1560677776,24.7683172294,41.1215200368)) ;
#5888=CARTESIAN_POINT('Control Point',(15.9317251772,23.9174931075,41.9622323325)) ;
#5889=CARTESIAN_POINT('Control Point',(13.9101354158,22.8178429954,43.0332339816)) ;
#5890=CARTESIAN_POINT('Control Point',(10.4036193173,20.1946171353,45.5667821473)) ;
#5891=CARTESIAN_POINT('Control Point',(8.15096686047,16.9145380683,48.7064117077)) ;
#5892=CARTESIAN_POINT('Control Point',(7.38358514657,15.1578534632,50.3836529266)) ;
#5893=CARTESIAN_POINT('Control Point',(7.00000104354,13.3427802398,52.1146648622)) ;
#5894=CARTESIAN_POINT('Control Point',(7.,11.5277137755,53.8456709117)) ;
#5895=CARTESIAN_POINT('Control Point',(18.6719048495,24.0429466042,40.0815368108)) ;
#5896=CARTESIAN_POINT('Control Point',(16.5957355263,23.2521584391,40.6154338923)) ;
#5897=CARTESIAN_POINT('Control Point',(14.6556339869,22.2145909911,41.3135450985)) ;
#5898=CARTESIAN_POINT('Control Point',(12.9078685211,20.9517018681,42.1614837172)) ;
#5899=CARTESIAN_POINT('Control Point',(9.89405865846,18.0457782157,44.1100293698)) ;
#5900=CARTESIAN_POINT('Control Point',(7.97664574648,14.5536394683,46.4481276792)) ;
#5901=CARTESIAN_POINT('Control Point',(7.32550268878,12.7044146131,47.6856979308)) ;
#5902=CARTESIAN_POINT('Control Point',(6.99999963238,10.8035686955,48.9575570658)) ;
#5903=CARTESIAN_POINT('Control Point',(7.,8.90272723004,50.2294132879)) ;
#5904=CARTESIAN_POINT('Control Point',(18.2053282491,23.7089323944,39.9670918233)) ;
#5905=CARTESIAN_POINT('Control Point',(16.2008357629,22.8660105457,40.4767277264)) ;
#5906=CARTESIAN_POINT('Control Point',(14.3335632749,21.7827286256,41.1294896862)) ;
#5907=CARTESIAN_POINT('Control Point',(12.6554030762,20.4809365279,41.9122746991)) ;
#5908=CARTESIAN_POINT('Control Point',(9.76622580293,17.509648973,43.6965524317)) ;
#5909=CARTESIAN_POINT('Control Point',(7.93298313209,13.9720542102,45.8175962891)) ;
#5910=CARTESIAN_POINT('Control Point',(7.31095600369,12.10384845,46.9372097919)) ;
#5911=CARTESIAN_POINT('Control Point',(7.00000133627,10.1859004561,48.0863913532)) ;
#5912=CARTESIAN_POINT('Control Point',(7.,8.26795637801,49.2355706216)) ;
#5913=CARTESIAN_POINT('Control Point',(17.237986345,23.0127667713,39.7285614009)) ;
#5914=CARTESIAN_POINT('Control Point',(15.3848452073,22.0647826343,40.1656981637)) ;
#5915=CARTESIAN_POINT('Control Point',(13.6697621169,20.8916926888,40.703035754)) ;
#5916=CARTESIAN_POINT('Control Point',(12.1360015065,19.5157892406,41.3304936499)) ;
#5917=CARTESIAN_POINT('Control Point',(9.50421797081,16.4245099307,42.7360975066)) ;
#5918=CARTESIAN_POINT('Control Point',(7.84360961007,12.8117876535,44.3730438759)) ;
#5919=CARTESIAN_POINT('Control Point',(7.28117256221,10.9143616021,45.2318780804)) ;
#5920=CARTESIAN_POINT('Control Point',(6.99999847681,8.97137493951,46.1109047153)) ;
#5921=CARTESIAN_POINT('Control Point',(7.,7.02839118492,46.989930118)) ;
#5922=CARTESIAN_POINT('Control Point',(16.3634842247,22.3764395519,39.5105341359)) ;
#5923=CARTESIAN_POINT('Control Point',(14.6520497851,21.3439388766,39.8293641443)) ;
#5924=CARTESIAN_POINT('Control Point',(13.0766615591,20.1038337621,40.2101458355)) ;
#5925=CARTESIAN_POINT('Control Point',(11.6735975854,18.678085823,40.6462354763)) ;
#5926=CARTESIAN_POINT('Control Point',(9.27273123828,15.5172330195,41.6104918913)) ;
#5927=CARTESIAN_POINT('Control Point',(7.76487742759,11.8822537162,42.7157990331)) ;
#5928=CARTESIAN_POINT('Control Point',(7.25493904082,9.98231933642,43.2929564489)) ;
#5929=CARTESIAN_POINT('Control Point',(7.00000173626,8.04114157052,43.8823717548)) ;
#5930=CARTESIAN_POINT('Control Point',(7.,6.09996598155,44.4717864423)) ;
#5931=CARTESIAN_POINT('Control Point',(15.9301455617,22.0592045593,39.4018387636)) ;
#5932=CARTESIAN_POINT('Control Point',(14.2901444833,20.9893611555,39.6438775249)) ;
#5933=CARTESIAN_POINT('Control Point',(12.7844960598,19.7216140725,39.9287031001)) ;
#5934=CARTESIAN_POINT('Control Point',(11.4462295774,18.2775493551,40.2515755749)) ;
#5935=CARTESIAN_POINT('Control Point',(9.15934523203,15.0962379552,40.9605140576)) ;
#5936=CARTESIAN_POINT('Control Point',(7.72636878247,11.4660821835,41.7661429003)) ;
#5937=CARTESIAN_POINT('Control Point',(7.24210801568,9.5731217709,42.1857162087)) ;
#5938=CARTESIAN_POINT('Control Point',(7.00000383467,7.64120216666,42.6136726118)) ;
#5939=CARTESIAN_POINT('Control Point',(7.,5.70928442136,43.041628636)) ;
#5940=CARTESIAN_POINT('Control Point',(15.2703147859,21.5735248627,39.2354285838)) ;
#5941=CARTESIAN_POINT('Control Point',(13.7405962135,20.458778084,39.3202085639)) ;
#5942=CARTESIAN_POINT('Control Point',(12.3417721164,19.1626317758,39.416957153)) ;
#5943=CARTESIAN_POINT('Control Point',(11.102203583,17.7057634238,39.5242418391)) ;
#5944=CARTESIAN_POINT('Control Point',(8.98831244536,14.5256439175,39.7562075634)) ;
#5945=CARTESIAN_POINT('Control Point',(7.66833707141,10.9383817133,40.0147103134)) ;
#5946=CARTESIAN_POINT('Control Point',(7.22276156557,9.07433114863,40.1485340796)) ;
#5947=CARTESIAN_POINT('Control Point',(6.99999721589,7.17505713659,40.2846447477)) ;
#5948=CARTESIAN_POINT('Control Point',(7.,5.27578454969,40.4207553421)) ;
#5949=CARTESIAN_POINT('Control Point',(14.8392977742,21.2540776855,39.1259752388)) ;
#5950=CARTESIAN_POINT('Control Point',(13.382843181,20.1389372892,39.0193923948)) ;
#5951=CARTESIAN_POINT('Control Point',(12.0543164816,18.8569973671,38.8962342997)) ;
#5952=CARTESIAN_POINT('Control Point',(10.8792538747,17.4277729091,38.7584175221)) ;
#5953=CARTESIAN_POINT('Control Point',(8.87792463908,14.3256974263,38.4585147934)) ;
#5954=CARTESIAN_POINT('Control Point',(7.63094904379,10.8516390143,38.1215393269)) ;
#5955=CARTESIAN_POINT('Control Point',(7.21030596559,9.05039917797,37.946646415)) ;
#5956=CARTESIAN_POINT('Control Point',(7.00000202136,7.2170428034,37.7685497371)) ;
#5957=CARTESIAN_POINT('Control Point',(7.,5.3836875963,37.5904531815)) ;
#5958=CARTESIAN_POINT('Control Point',(14.7086829987,21.1569863171,39.0927084623)) ;
#5959=CARTESIAN_POINT('Control Point',(13.274578232,20.0509860236,38.9006578907)) ;
#5960=CARTESIAN_POINT('Control Point',(11.9674144782,18.7837897773,38.6802702345)) ;
#5961=CARTESIAN_POINT('Control Point',(10.8119009542,17.3744026488,38.4348743696)) ;
#5962=CARTESIAN_POINT('Control Point',(8.84462445696,14.3205679622,37.9027290811)) ;
#5963=CARTESIAN_POINT('Control Point',(7.61967197955,10.9079398252,37.3074530621)) ;
#5964=CARTESIAN_POINT('Control Point',(7.20654515358,9.13972897788,36.9989210555)) ;
#5965=CARTESIAN_POINT('Control Point',(6.9999996167,7.34055928384,36.6849401799)) ;
#5966=CARTESIAN_POINT('Control Point',(7.,5.541390678,36.370959499)) ;
#5967=CARTESIAN_POINT('Control Point',(14.6435164724,21.1085485008,39.0761120334)) ;
#5968=CARTESIAN_POINT('Control Point',(13.2205611852,20.0222190533,38.79732521)) ;
#5969=CARTESIAN_POINT('Control Point',(11.9240558821,18.7795177932,38.4784083865)) ;
#5970=CARTESIAN_POINT('Control Point',(10.7782965809,17.3989505455,38.1241107485)) ;
#5971=CARTESIAN_POINT('Control Point',(8.82801162375,14.4099724401,37.3570435268)) ;
#5972=CARTESIAN_POINT('Control Point',(7.61404805378,11.0732692472,36.5007389447)) ;
#5973=CARTESIAN_POINT('Control Point',(7.2046712119,9.344948071,36.0571965446)) ;
#5974=CARTESIAN_POINT('Control Point',(7.,7.58663214657,35.6059565344)) ;
#5975=CARTESIAN_POINT('Control Point',(7.,5.82831725862,35.1547167901)) ;
#5976=CARTESIAN_POINT('Control Point',(14.6435164724,21.1085485008,39.0761120334)) ;
#5977=CARTESIAN_POINT('Control Point',(13.2205611852,20.050866853,38.7137146413)) ;
#5978=CARTESIAN_POINT('Control Point',(11.9240558821,18.8409371033,38.2991519166)) ;
#5979=CARTESIAN_POINT('Control Point',(10.7782965809,17.4967770562,37.8385973664)) ;
#5980=CARTESIAN_POINT('Control Point',(8.82801162375,14.5866218589,36.8414800805)) ;
#5981=CARTESIAN_POINT('Control Point',(7.61404805378,11.3379114983,35.7283623814)) ;
#5982=CARTESIAN_POINT('Control Point',(7.2046712119,9.65516820741,35.1517977966)) ;
#5983=CARTESIAN_POINT('Control Point',(7.,7.94322116546,34.5652270221)) ;
#5984=CARTESIAN_POINT('Control Point',(7.,6.23127513266,33.9786565933)) ;
#5986=CARTESIAN_POINT('Control Point',(23.4175580648,27.8332185671,41.5093942738)) ;
#5987=CARTESIAN_POINT('Control Point',(23.2506893171,27.5118984003,41.3573216212)) ;
#5988=CARTESIAN_POINT('Control Point',(23.0212860369,27.199440325,41.207908231)) ;
#5989=CARTESIAN_POINT('Control Point',(22.7304713966,26.8940161397,41.0584217512)) ;
#5990=CARTESIAN_POINT('Control Point',(22.2976403564,26.5936466764,40.9555046614)) ;
#5991=CARTESIAN_POINT('Vertex',(23.4175565162,27.8332179199,41.50939599)) ;
#5993=CARTESIAN_POINT('Vertex',(22.2976487874,26.5936378001,40.9554951095)) ;
#5997=CARTESIAN_POINT('Control Point',(23.4175580648,27.8332185671,41.5093942738)) ;
#5998=CARTESIAN_POINT('Control Point',(23.7327926759,28.4402276673,41.7966759681)) ;
#5999=CARTESIAN_POINT('Control Point',(24.0552529767,29.0909524666,42.0389445504)) ;
#6000=CARTESIAN_POINT('Control Point',(24.3665892691,29.7492778428,42.2207960946)) ;
#6003=CARTESIAN_POINT('Control Point',(22.2976487659,26.5936378279,40.9554951191)) ;
#6004=CARTESIAN_POINT('Control Point',(21.7523737002,26.2152377018,40.8258416723)) ;
#6005=CARTESIAN_POINT('Control Point',(21.2123107371,25.8385816858,40.6967857265)) ;
#6006=CARTESIAN_POINT('Control Point',(20.6788137486,25.4645833422,40.5686403448)) ;
#6007=CARTESIAN_POINT('Control Point',(19.6552058908,24.7431992772,40.3214681659)) ;
#6008=CARTESIAN_POINT('Control Point',(18.6719547962,24.042984858,40.0815498917)) ;
#6009=CARTESIAN_POINT('Control Point',(18.2053282491,23.7089323944,39.9670918233)) ;
#6010=CARTESIAN_POINT('Control Point',(17.6849526904,23.3344344289,39.8387758667)) ;
#6011=CARTESIAN_POINT('Control Point',(17.1914434341,22.9772527105,39.7163931857)) ;
#6012=CARTESIAN_POINT('Control Point',(17.1271261336,22.930666488,39.7004311537)) ;
#6013=CARTESIAN_POINT('Control Point',(17.0633044781,22.8844037987,39.6845799773)) ;
#6014=CARTESIAN_POINT('Control Point',(17.0000002645,22.8384813593,39.6688453841)) ;
#6029=CARTESIAN_POINT('Control Point',(22.2976487874,26.5936378001,40.9554951095)) ;
#6030=CARTESIAN_POINT('Control Point',(23.5383950551,30.5448726783,39.2439526702)) ;
#6031=CARTESIAN_POINT('Control Point',(24.5502383851,34.312921399,36.908124114)) ;
#6032=CARTESIAN_POINT('Control Point',(25.2535846486,37.7051208103,33.9470674639)) ;
#6033=CARTESIAN_POINT('Control Point',(25.6138934712,40.5542027152,30.5055388089)) ;
#6034=CARTESIAN_POINT('Vertex',(25.6138770866,40.5541951057,30.5055331886)) ;
#6038=CARTESIAN_POINT('Control Point',(25.6138770866,40.5541951057,30.5055331886)) ;
#6039=CARTESIAN_POINT('Control Point',(22.7299871772,38.9669716103,29.8458013748)) ;
#6040=CARTESIAN_POINT('Control Point',(19.8564919475,37.3791409276,29.1880163066)) ;
#6041=CARTESIAN_POINT('Control Point',(16.9999999175,35.7918722744,28.5334088993)) ;
#6050=CARTESIAN_POINT('Axis2P3D Location',(16.7859440128,25.6547386049,17.1211713163)) ;
#6056=CARTESIAN_POINT('Control Point',(20.6581911612,36.3330857526,23.499090316)) ;
#6057=CARTESIAN_POINT('Control Point',(19.9814441886,35.9630049627,23.3377095178)) ;
#6058=CARTESIAN_POINT('Control Point',(19.3055553692,35.5930912932,23.176340836)) ;
#6059=CARTESIAN_POINT('Control Point',(18.6306339976,35.2233806594,23.0149951361)) ;
#6060=CARTESIAN_POINT('Vertex',(20.6581911612,36.3330857526,23.499090316)) ;
#6064=CARTESIAN_POINT('Control Point',(10.630633972,17.8943206372,12.8534643131)) ;
#6065=CARTESIAN_POINT('Control Point',(10.630633972,22.9327582512,16.0637098946)) ;
#6066=CARTESIAN_POINT('Vertex',(10.630633972,17.8943206372,12.8534643131)) ;
#6069=CARTESIAN_POINT('Line Origine',(15.0817686061,26.0791082646,17.578953653)) ;
#6081=CARTESIAN_POINT('Axis2P3D Location',(11.,3.87918237976E-006,6.1747475016)) ;
#6087=CARTESIAN_POINT('Control Point',(7.,2.05858702874,7.48637582097)) ;
#6088=CARTESIAN_POINT('Control Point',(7.,4.45315611438,8.03526771578)) ;
#6089=CARTESIAN_POINT('Control Point',(7.22612102461,6.84485004007,8.58600327936)) ;
#6090=CARTESIAN_POINT('Control Point',(7.67875214794,9.20547153465,9.16819448676)) ;
#6091=CARTESIAN_POINT('Control Point',(8.39794981406,11.4360398579,9.85899547574)) ;
#6092=CARTESIAN_POINT('Vertex',(8.39794768676,11.4360395706,9.85899745312)) ;
#6096=CARTESIAN_POINT('Control Point',(10.6306228751,17.8943230507,12.8534670711)) ;
#6097=CARTESIAN_POINT('Control Point',(10.1804915428,16.6639680076,12.1190440273)) ;
#6098=CARTESIAN_POINT('Control Point',(9.72950386601,15.4005272218,11.4391527769)) ;
#6099=CARTESIAN_POINT('Control Point',(9.28073311621,14.109429673,10.8245666205)) ;
#6100=CARTESIAN_POINT('Control Point',(8.83288265491,12.7850022033,10.2767753885)) ;
#6101=CARTESIAN_POINT('Control Point',(8.39794768676,11.4360395706,9.85899745312)) ;
#6112=CARTESIAN_POINT('Control Point',(27.3257779722,39.9703030916,25.0833648491)) ;
#6113=CARTESIAN_POINT('Control Point',(27.0062464439,40.4179813343,25.4037398584)) ;
#6114=CARTESIAN_POINT('Control Point',(26.6983981739,40.797939533,25.8304180793)) ;
#6115=CARTESIAN_POINT('Control Point',(26.4191375774,41.0864125916,26.3466371808)) ;
#6116=CARTESIAN_POINT('Control Point',(25.9487377067,41.4484334359,27.5009256185)) ;
#6117=CARTESIAN_POINT('Control Point',(25.6926195357,41.3664889569,28.7707309352)) ;
#6118=CARTESIAN_POINT('Control Point',(25.6278035537,41.2106591527,29.4025547413)) ;
#6119=CARTESIAN_POINT('Control Point',(25.6298289614,40.9485972082,29.9962824126)) ;
#6120=CARTESIAN_POINT('Control Point',(25.6951440002,40.598920703,30.5241239223)) ;
#6121=CARTESIAN_POINT('Control Point',(25.5790702097,39.0196158307,24.6697052382)) ;
#6122=CARTESIAN_POINT('Control Point',(25.2583749584,39.4683687636,24.9908929455)) ;
#6123=CARTESIAN_POINT('Control Point',(24.9494270669,39.8490297421,25.4189679019)) ;
#6124=CARTESIAN_POINT('Control Point',(24.6692858777,40.137644651,25.9370342019)) ;
#6125=CARTESIAN_POINT('Control Point',(24.1978382326,40.4986282504,27.0953840515)) ;
#6126=CARTESIAN_POINT('Control Point',(23.9423276274,40.4131742378,28.3688698198)) ;
#6127=CARTESIAN_POINT('Control Point',(23.8782893854,40.2550085234,29.0021605092)) ;
#6128=CARTESIAN_POINT('Control Point',(23.8815441785,39.9902084037,29.5966990813)) ;
#6129=CARTESIAN_POINT('Control Point',(23.9484362377,39.6376475323,30.1245439022)) ;
#6130=CARTESIAN_POINT('Control Point',(23.8356062029,38.0693999734,24.2559892922)) ;
#6131=CARTESIAN_POINT('Control Point',(23.5136776367,38.5192774887,24.5780291306)) ;
#6132=CARTESIAN_POINT('Control Point',(23.2035640517,38.9006707056,25.0075723485)) ;
#6133=CARTESIAN_POINT('Control Point',(22.922489389,39.1894257708,25.5275818397)) ;
#6134=CARTESIAN_POINT('Control Point',(22.44993172,39.5492962202,26.6902021549)) ;
#6135=CARTESIAN_POINT('Control Point',(22.195066266,39.4601262098,27.9675466652)) ;
#6136=CARTESIAN_POINT('Control Point',(22.131852933,39.2994919633,28.6023694931)) ;
#6137=CARTESIAN_POINT('Control Point',(22.1364105812,39.0318036073,29.197744364)) ;
#6138=CARTESIAN_POINT('Control Point',(22.2049722309,38.6762066963,29.7255708887)) ;
#6139=CARTESIAN_POINT('Control Point',(22.0959264884,37.1198189542,23.8422617051)) ;
#6140=CARTESIAN_POINT('Control Point',(21.7726870347,37.5708751413,24.1651966644)) ;
#6141=CARTESIAN_POINT('Control Point',(21.4613340712,37.9530321187,24.5962865794)) ;
#6142=CARTESIAN_POINT('Control Point',(21.1792669648,38.2419244278,25.1183446924)) ;
#6143=CARTESIAN_POINT('Control Point',(20.7055299333,38.6005958637,26.2854648459)) ;
#6144=CARTESIAN_POINT('Control Point',(20.4513516723,38.5074805254,27.5668624329)) ;
#6145=CARTESIAN_POINT('Control Point',(20.3890159033,38.3442309522,28.2032878195)) ;
#6146=CARTESIAN_POINT('Control Point',(20.394958294,38.0734888808,28.7995249915)) ;
#6147=CARTESIAN_POINT('Control Point',(20.4652925164,37.7146894275,29.3273070676)) ;
#6148=CARTESIAN_POINT('Control Point',(20.3606276065,36.1710422101,23.4285648369)) ;
#6149=CARTESIAN_POINT('Control Point',(20.0359899646,36.6233360571,23.7524421208)) ;
#6150=CARTESIAN_POINT('Control Point',(19.7233146507,37.0062906516,24.1851654105)) ;
#6151=CARTESIAN_POINT('Control Point',(19.4401887025,37.2953156778,24.7093888493)) ;
#6152=CARTESIAN_POINT('Control Point',(18.9651943372,37.6526899783,25.8812624279)) ;
#6153=CARTESIAN_POINT('Control Point',(18.7117507703,37.555372344,27.1669262997)) ;
#6154=CARTESIAN_POINT('Control Point',(18.6503519212,37.3893435977,27.8050305982)) ;
#6155=CARTESIAN_POINT('Control Point',(18.6577712007,37.1153638861,28.4021564542)) ;
#6156=CARTESIAN_POINT('Control Point',(18.7299936345,36.7531777835,28.9298620807)) ;
#6157=CARTESIAN_POINT('Control Point',(18.6306339976,35.2233806594,23.0149951361)) ;
#6158=CARTESIAN_POINT('Control Point',(18.3044983699,35.6769765155,23.3398667275)) ;
#6159=CARTESIAN_POINT('Control Point',(17.9904057832,36.0607647718,23.7743198338)) ;
#6160=CARTESIAN_POINT('Control Point',(17.7061450395,36.3499152901,24.3008388144)) ;
#6161=CARTESIAN_POINT('Control Point',(17.2298043093,36.7058778617,25.4777483423)) ;
#6162=CARTESIAN_POINT('Control Point',(16.9771500368,36.6040660543,26.7679135668)) ;
#6163=CARTESIAN_POINT('Control Point',(16.916756116,36.4350730763,27.4077795655)) ;
#6164=CARTESIAN_POINT('Control Point',(16.9257576034,36.1576492474,28.0058198859)) ;
#6165=CARTESIAN_POINT('Control Point',(17.0000000256,35.7918713468,28.5334086888)) ;
#6167=CARTESIAN_POINT('Control Point',(20.6581876542,36.3330875205,23.499091828)) ;
#6168=CARTESIAN_POINT('Control Point',(20.8368742728,36.5567511514,23.6219507073)) ;
#6169=CARTESIAN_POINT('Control Point',(21.0156351129,36.777986054,23.7494276196)) ;
#6170=CARTESIAN_POINT('Control Point',(21.1944232435,36.9966863041,23.8815776542)) ;
#6171=CARTESIAN_POINT('Control Point',(21.8592727076,37.8001197116,24.3908441896)) ;
#6172=CARTESIAN_POINT('Control Point',(22.5220831863,38.5628700403,24.9678326157)) ;
#6173=CARTESIAN_POINT('Control Point',(23.0029632895,39.0928368536,25.428928315)) ;
#6174=CARTESIAN_POINT('Control Point',(23.7278395095,39.8521692739,26.1957111046)) ;
#6175=CARTESIAN_POINT('Control Point',(24.4191359745,40.4768547306,27.107633161)) ;
#6176=CARTESIAN_POINT('Control Point',(24.648910936,40.6694520655,27.438058816)) ;
#6177=CARTESIAN_POINT('Control Point',(24.9588900913,40.9027157529,27.9320800622)) ;
#6178=CARTESIAN_POINT('Control Point',(25.2309933219,41.0429415078,28.4830417842)) ;
#6179=CARTESIAN_POINT('Control Point',(25.3041711258,41.073750134,28.6437615323)) ;
#6180=CARTESIAN_POINT('Control Point',(25.4321594338,41.1109599907,28.9551715579)) ;
#6181=CARTESIAN_POINT('Control Point',(25.5348481365,41.0991581845,29.2807528231)) ;
#6182=CARTESIAN_POINT('Control Point',(25.5761156754,41.0809373057,29.4360961157)) ;
#6183=CARTESIAN_POINT('Control Point',(25.6434649308,41.0107288605,29.7631942267)) ;
#6184=CARTESIAN_POINT('Control Point',(25.6642369119,40.8719797746,30.0769526837)) ;
#6185=CARTESIAN_POINT('Control Point',(25.6603515279,40.7798489582,30.2329199057)) ;
#6186=CARTESIAN_POINT('Control Point',(25.6427861091,40.6725935614,30.3758988042)) ;
#6187=CARTESIAN_POINT('Control Point',(25.6138770866,40.5541950414,30.5055330394)) ;
#6196=CARTESIAN_POINT('Axis2P3D Location',(7.,8.66025403784,5.)) ;
#6201=CARTESIAN_POINT('Line Origine',(8.90629341896,12.1655644016,7.02379106561)) ;
#6205=CARTESIAN_POINT('Vertex',(8.90629341896,11.5142725137,8.15186170605)) ;
#6209=CARTESIAN_POINT('Control Point',(23.4175565162,27.8332179199,41.50939599)) ;
#6210=CARTESIAN_POINT('Control Point',(23.7047376289,28.8029225258,41.049346755)) ;
#6211=CARTESIAN_POINT('Control Point',(23.9789779733,29.7608318971,40.5547738705)) ;
#6212=CARTESIAN_POINT('Control Point',(24.2395086165,30.7049925614,40.0257955395)) ;
#6213=CARTESIAN_POINT('Control Point',(25.0070265157,33.6007067046,38.2695732023)) ;
#6214=CARTESIAN_POINT('Control Point',(25.6270828286,36.323134189,36.187289442)) ;
#6215=CARTESIAN_POINT('Control Point',(25.9735440649,38.0729381,34.6278044721)) ;
#6216=CARTESIAN_POINT('Control Point',(26.2399047735,39.7039568399,32.93391071)) ;
#6217=CARTESIAN_POINT('Control Point',(26.4232601383,41.2003813273,31.1206548453)) ;
#6218=CARTESIAN_POINT('Vertex',(26.4232502345,41.200368972,31.1206341888)) ;
#6222=CARTESIAN_POINT('Control Point',(22.2828787226,36.6651976502,21.3934945278)) ;
#6223=CARTESIAN_POINT('Control Point',(22.4291096478,36.9340881992,21.5487390938)) ;
#6224=CARTESIAN_POINT('Control Point',(22.5755123938,37.1993859455,21.7109362224)) ;
#6225=CARTESIAN_POINT('Control Point',(22.7220505922,37.4609497117,21.8801759992)) ;
#6226=CARTESIAN_POINT('Control Point',(23.144328729,38.2028935134,22.3883160612)) ;
#6227=CARTESIAN_POINT('Control Point',(23.5666091294,38.9093800831,22.9578794629)) ;
#6228=CARTESIAN_POINT('Control Point',(23.8412202295,39.3524685461,23.3565769806)) ;
#6229=CARTESIAN_POINT('Control Point',(24.2380880919,39.9664515286,23.9784457302)) ;
#6230=CARTESIAN_POINT('Control Point',(24.6304589838,40.5258566295,24.6757495421)) ;
#6231=CARTESIAN_POINT('Control Point',(24.7512620872,40.6930620973,24.8991373665)) ;
#6232=CARTESIAN_POINT('Control Point',(24.9784184098,40.9969019075,25.3375016298)) ;
#6233=CARTESIAN_POINT('Control Point',(25.2020741387,41.2729027353,25.8092189857)) ;
#6234=CARTESIAN_POINT('Control Point',(25.3070787231,41.3965762047,26.0409172727)) ;
#6235=CARTESIAN_POINT('Control Point',(25.5004409688,41.6116539768,26.4895137223)) ;
#6236=CARTESIAN_POINT('Control Point',(25.6875822881,41.7910712718,26.9734584671)) ;
#6237=CARTESIAN_POINT('Control Point',(25.7728937675,41.8654729432,27.2068702933)) ;
#6238=CARTESIAN_POINT('Control Point',(25.9264813397,41.9830246721,27.6554817408)) ;
#6239=CARTESIAN_POINT('Control Point',(26.0690179854,42.0533023157,28.1390460144)) ;
#6240=CARTESIAN_POINT('Control Point',(26.1314994218,42.0737716004,28.3689225991)) ;
#6241=CARTESIAN_POINT('Control Point',(26.2414816435,42.0849463607,28.8166121418)) ;
#6242=CARTESIAN_POINT('Control Point',(26.3314758589,42.0323850925,29.289815694)) ;
#6243=CARTESIAN_POINT('Control Point',(26.3682084705,41.9913544638,29.5168696299)) ;
#6244=CARTESIAN_POINT('Control Point',(26.4183294207,41.8883110472,29.9081870891)) ;
#6245=CARTESIAN_POINT('Control Point',(26.4435214426,41.7288785548,30.2913113992)) ;
#6246=CARTESIAN_POINT('Control Point',(26.4492606715,41.6530061886,30.4470981038)) ;
#6247=CARTESIAN_POINT('Control Point',(26.450702283,41.5213020754,30.6813381924)) ;
#6248=CARTESIAN_POINT('Control Point',(26.4411976452,41.3717232493,30.9000544169)) ;
#6249=CARTESIAN_POINT('Control Point',(26.4364648312,41.3163585469,30.9758507724)) ;
#6250=CARTESIAN_POINT('Control Point',(26.4304555024,41.2591622467,31.0493987662)) ;
#6251=CARTESIAN_POINT('Control Point',(26.4232502345,41.200368972,31.1206341888)) ;
#6252=CARTESIAN_POINT('Vertex',(22.2828788053,36.665197294,21.3934954957)) ;
#6255=CARTESIAN_POINT('Line Origine',(17.2691002107,27.4458147363,16.0706824943)) ;
#6259=CARTESIAN_POINT('Vertex',(12.2553216161,18.2264321786,10.7478694928)) ;
#6263=CARTESIAN_POINT('Control Point',(12.2553216161,18.2264335539,10.7478671108)) ;
#6264=CARTESIAN_POINT('Control Point',(12.0079433297,17.7715515212,10.4852421085)) ;
#6265=CARTESIAN_POINT('Control Point',(11.7604729382,17.3100367945,10.2337141411)) ;
#6266=CARTESIAN_POINT('Control Point',(11.5129859295,16.8418949587,9.99359409716)) ;
#6267=CARTESIAN_POINT('Control Point',(11.0277342266,15.9105391258,9.54610501847)) ;
#6268=CARTESIAN_POINT('Control Point',(10.5439129538,14.9538161967,9.1486274299)) ;
#6269=CARTESIAN_POINT('Control Point',(10.3069418526,14.4780254729,8.9664119557)) ;
#6270=CARTESIAN_POINT('Control Point',(9.88252687976,13.6119136337,8.66426306624)) ;
#6271=CARTESIAN_POINT('Control Point',(9.46149738341,12.7244291039,8.41350935156)) ;
#6272=CARTESIAN_POINT('Control Point',(9.27504697629,12.3252606619,8.31311875035)) ;
#6273=CARTESIAN_POINT('Control Point',(9.08986821154,11.9219992704,8.22521743595)) ;
#6274=CARTESIAN_POINT('Control Point',(8.90629341896,11.5142725137,8.15186170605)) ;
#6293=CARTESIAN_POINT('Axis2P3D Location',(27.,1.18276828503,9.0033383833)) ;
#6299=CARTESIAN_POINT('Control Point',(7.,2.05858702874,7.48637582097)) ;
#6300=CARTESIAN_POINT('Control Point',(7.,4.48820379571,7.58033258385)) ;
#6301=CARTESIAN_POINT('Control Point',(7.30834009132,6.91420484192,7.67757387445)) ;
#6302=CARTESIAN_POINT('Control Point',(7.92556869428,9.29853623379,7.82493542733)) ;
#6303=CARTESIAN_POINT('Control Point',(8.90629391788,11.5142729055,8.15186314621)) ;
#6313=CARTESIAN_POINT('Control Point',(20.6581895602,36.3330842989,23.4990887462)) ;
#6314=CARTESIAN_POINT('Control Point',(21.1868436213,36.1474397129,23.3226733327)) ;
#6315=CARTESIAN_POINT('Control Point',(21.6955830309,36.0771862463,22.9651529661)) ;
#6316=CARTESIAN_POINT('Control Point',(22.0877701014,36.1573552974,22.4568785444)) ;
#6317=CARTESIAN_POINT('Control Point',(22.282877557,36.3714858562,21.9022134125)) ;
#6318=CARTESIAN_POINT('Control Point',(22.2828775153,36.6651954302,21.393493246)) ;
#6319=CARTESIAN_POINT('Control Point',(20.836875756,36.5567486773,23.6219483385)) ;
#6320=CARTESIAN_POINT('Control Point',(21.3549712407,36.3836891187,23.436095984)) ;
#6321=CARTESIAN_POINT('Control Point',(21.8503741975,36.3267152079,23.0791949495)) ;
#6322=CARTESIAN_POINT('Control Point',(22.2319511329,36.4172342143,22.5823354222)) ;
#6323=CARTESIAN_POINT('Control Point',(22.4245478328,36.6373129888,22.0433968744)) ;
#6324=CARTESIAN_POINT('Control Point',(22.4291086808,36.9340864469,21.5487380225)) ;
#6325=CARTESIAN_POINT('Control Point',(21.0156359093,36.7779847548,23.7494263678)) ;
#6326=CARTESIAN_POINT('Control Point',(21.5230232371,36.6178450766,23.5551836362)) ;
#6327=CARTESIAN_POINT('Control Point',(22.005253658,36.5740002186,23.1997548644)) ;
#6328=CARTESIAN_POINT('Control Point',(22.3764695334,36.6744126536,22.7146228196)) ;
#6329=CARTESIAN_POINT('Control Point',(22.5665421316,36.8999651581,22.1914555395)) ;
#6330=CARTESIAN_POINT('Control Point',(22.5755116679,37.1993846497,21.710935384)) ;
#6331=CARTESIAN_POINT('Control Point',(21.1944232435,36.9966863041,23.8815776542)) ;
#6332=CARTESIAN_POINT('Control Point',(21.6909598943,36.8497357274,23.6800005085)) ;
#6333=CARTESIAN_POINT('Control Point',(22.1601763603,36.8188359372,23.3268830007)) ;
#6334=CARTESIAN_POINT('Control Point',(22.52126784,36.9286976595,22.8537952896)) ;
#6335=CARTESIAN_POINT('Control Point',(22.7088101819,37.159276666,22.3464625175)) ;
#6336=CARTESIAN_POINT('Control Point',(22.722050108,37.4609488609,21.8801754165)) ;
#6337=CARTESIAN_POINT('Control Point',(21.7092239896,37.6187942248,24.275908712)) ;
#6338=CARTESIAN_POINT('Control Point',(22.1741267349,37.5104274576,24.0562868638)) ;
#6339=CARTESIAN_POINT('Control Point',(22.606312394,37.5161891095,23.7122206475)) ;
#6340=CARTESIAN_POINT('Control Point',(22.9388993838,37.6520038128,23.2747614849)) ;
#6341=CARTESIAN_POINT('Control Point',(23.1191548295,37.8958216519,22.8132788631)) ;
#6342=CARTESIAN_POINT('Control Point',(23.1443284869,38.2028931083,22.3883157346)) ;
#6343=CARTESIAN_POINT('Control Point',(22.2228022445,38.2165102528,24.7108430166)) ;
#6344=CARTESIAN_POINT('Control Point',(22.6550722692,38.1479268375,24.48223431)) ;
#6345=CARTESIAN_POINT('Control Point',(23.0515420753,38.1882712009,24.1541227126)) ;
#6346=CARTESIAN_POINT('Control Point',(23.3574639304,38.3463981093,23.7551101773)) ;
#6347=CARTESIAN_POINT('Control Point',(23.5304828361,38.5999717186,23.3403767149)) ;
#6348=CARTESIAN_POINT('Control Point',(23.5666091294,38.9093800831,22.9578794629)) ;
#6349=CARTESIAN_POINT('Control Point',(22.556222813,38.5939707229,25.0123987082)) ;
#6350=CARTESIAN_POINT('Control Point',(22.9668914814,38.5513959237,24.781917689)) ;
#6351=CARTESIAN_POINT('Control Point',(23.3406583746,38.6131604498,24.4671359754)) ;
#6352=CARTESIAN_POINT('Control Point',(23.6299463495,38.7842730056,24.094471918)) ;
#6353=CARTESIAN_POINT('Control Point',(23.7983121389,39.0427853921,23.7107527215)) ;
#6354=CARTESIAN_POINT('Control Point',(23.8412202295,39.3524685461,23.3565769806)) ;
#6355=CARTESIAN_POINT('Control Point',(23.0371807557,39.1213570462,25.4784092107)) ;
#6356=CARTESIAN_POINT('Control Point',(23.4161537386,39.1160700106,25.2512952641)) ;
#6357=CARTESIAN_POINT('Control Point',(23.7578468134,39.2069748906,24.9602338304)) ;
#6358=CARTESIAN_POINT('Control Point',(24.0240459934,39.3945938238,24.6279091863)) ;
#6359=CARTESIAN_POINT('Control Point',(24.1857955878,39.6582004007,24.2902896862)) ;
#6360=CARTESIAN_POINT('Control Point',(24.2380880919,39.9664515286,23.9784457302)) ;
#6361=CARTESIAN_POINT('Control Point',(23.5110744948,39.6100750621,25.9937021285)) ;
#6362=CARTESIAN_POINT('Control Point',(23.8582015637,39.6401571013,25.7797141457)) ;
#6363=CARTESIAN_POINT('Control Point',(24.1692572035,39.7565466767,25.5194444826)) ;
#6364=CARTESIAN_POINT('Control Point',(24.4139333505,39.9567804507,25.2314056598)) ;
#6365=CARTESIAN_POINT('Control Point',(24.5693653621,40.2220795154,24.942469945)) ;
#6366=CARTESIAN_POINT('Control Point',(24.6304589838,40.5258566295,24.6757495421)) ;
#6367=CARTESIAN_POINT('Control Point',(23.656936379,39.7572175029,26.1582650533)) ;
#6368=CARTESIAN_POINT('Control Point',(23.9942083669,39.7980068855,25.9493180285)) ;
#6369=CARTESIAN_POINT('Control Point',(24.2959273907,39.9218963307,25.6992890298)) ;
#6370=CARTESIAN_POINT('Control Point',(24.5340946477,40.1256387683,25.4253740695)) ;
#6371=CARTESIAN_POINT('Control Point',(24.687604546,40.3911177148,25.1517967631)) ;
#6372=CARTESIAN_POINT('Control Point',(24.7513695885,40.6932011335,24.8993530585)) ;
#6373=CARTESIAN_POINT('Control Point',(24.0427270792,40.1367032714,26.6111163228)) ;
#6374=CARTESIAN_POINT('Control Point',(24.3538155578,40.2051958596,26.4183190283)) ;
#6375=CARTESIAN_POINT('Control Point',(24.63109061,40.3479062256,26.1975564586)) ;
#6376=CARTESIAN_POINT('Control Point',(24.8523435114,40.5598590588,25.9624915132)) ;
#6377=CARTESIAN_POINT('Control Point',(25.0008367836,40.8248354291,25.7307282136)) ;
#6378=CARTESIAN_POINT('Control Point',(25.0715816896,41.1215232301,25.5172735173)) ;
#6379=CARTESIAN_POINT('Control Point',(24.4194983633,40.4772023905,27.1080743088)) ;
#6380=CARTESIAN_POINT('Control Point',(24.7047723323,40.5705792684,26.9393128869)) ;
#6381=CARTESIAN_POINT('Control Point',(24.9588636914,40.7285367968,26.7536760251)) ;
#6382=CARTESIAN_POINT('Control Point',(25.1644012343,40.9452899395,26.5613306827)) ;
#6383=CARTESIAN_POINT('Control Point',(25.3082097163,41.2068087684,26.3744102815)) ;
#6384=CARTESIAN_POINT('Control Point',(25.3855937068,41.4954203321,26.2031318775)) ;
#6385=CARTESIAN_POINT('Control Point',(24.6490412542,40.6695794313,27.4382126151)) ;
#6386=CARTESIAN_POINT('Control Point',(24.918548724,40.776883123,27.2878770603)) ;
#6387=CARTESIAN_POINT('Control Point',(25.1588054061,40.9425799754,27.126758836)) ;
#6388=CARTESIAN_POINT('Control Point',(25.3550877439,41.1607098659,26.9629272807)) ;
#6389=CARTESIAN_POINT('Control Point',(25.4961507423,41.4186765451,26.8055415311)) ;
#6390=CARTESIAN_POINT('Control Point',(25.5775421535,41.7009816349,26.6622075699)) ;
#6391=CARTESIAN_POINT('Control Point',(24.9588387506,40.9026655754,27.9320194709)) ;
#6392=CARTESIAN_POINT('Control Point',(25.2070952521,41.0263808235,27.8128991467)) ;
#6393=CARTESIAN_POINT('Control Point',(25.4291243389,41.1998100478,27.6902127923)) ;
#6394=CARTESIAN_POINT('Control Point',(25.6133807763,41.4171534156,27.5693386323)) ;
#6395=CARTESIAN_POINT('Control Point',(25.750930797,41.6678405351,27.4559129549)) ;
#6396=CARTESIAN_POINT('Control Point',(25.837727024,41.9392287376,27.3544390531)) ;
#6397=CARTESIAN_POINT('Control Point',(25.2310135483,41.0429612759,28.483065655)) ;
#6398=CARTESIAN_POINT('Control Point',(25.4610382898,41.1751590901,28.4042296474)) ;
#6399=CARTESIAN_POINT('Control Point',(25.6678658918,41.349060112,28.3274692608)) ;
#6400=CARTESIAN_POINT('Control Point',(25.8423422758,41.5594214096,28.2558896348)) ;
#6401=CARTESIAN_POINT('Control Point',(25.9772753623,41.7975683417,28.1924007487)) ;
#6402=CARTESIAN_POINT('Control Point',(26.0690347706,42.0533246365,28.139078633)) ;
#6403=CARTESIAN_POINT('Control Point',(25.3041711258,41.073750134,28.6437615323)) ;
#6404=CARTESIAN_POINT('Control Point',(25.5293493618,41.2075904953,28.5770785832)) ;
#6405=CARTESIAN_POINT('Control Point',(25.7321726273,41.3809459016,28.5139507185)) ;
#6406=CARTESIAN_POINT('Control Point',(25.9040976826,41.588757326,28.4568757855)) ;
#6407=CARTESIAN_POINT('Control Point',(26.0383780233,41.8228706595,28.4080530272)) ;
#6408=CARTESIAN_POINT('Control Point',(26.1314994218,42.0737716004,28.3689225991)) ;
#6409=CARTESIAN_POINT('Control Point',(25.4321594338,41.1109599907,28.9551715579)) ;
#6410=CARTESIAN_POINT('Control Point',(25.6490054494,41.246138321,28.9128201263)) ;
#6411=CARTESIAN_POINT('Control Point',(25.8450092592,41.416933377,28.8766060965)) ;
#6412=CARTESIAN_POINT('Control Point',(26.0126431,41.6186680912,28.8479582134)) ;
#6413=CARTESIAN_POINT('Control Point',(26.1459026703,41.8441227839,28.8278485631)) ;
#6414=CARTESIAN_POINT('Control Point',(26.2414816435,42.0849463607,28.8166121418)) ;
#6415=CARTESIAN_POINT('Control Point',(25.5348481365,41.0991581845,29.2807528231)) ;
#6416=CARTESIAN_POINT('Control Point',(25.7454032812,41.2316400361,29.2651989605)) ;
#6417=CARTESIAN_POINT('Control Point',(25.9363722243,41.3964132182,29.2581289642)) ;
#6418=CARTESIAN_POINT('Control Point',(26.1009633191,41.5892220059,29.2600262364)) ;
#6419=CARTESIAN_POINT('Control Point',(26.233711137,41.803669225,29.270801961)) ;
#6420=CARTESIAN_POINT('Control Point',(26.3314758589,42.0323850925,29.289815694)) ;
#6421=CARTESIAN_POINT('Control Point',(25.5761309436,41.0809772387,29.436068633)) ;
#6422=CARTESIAN_POINT('Control Point',(25.7842890617,41.2111680797,29.4335769504)) ;
#6423=CARTESIAN_POINT('Control Point',(25.9733710958,41.3722472385,29.4406423375)) ;
#6424=CARTESIAN_POINT('Control Point',(26.1368636505,41.560160134,29.4573300299)) ;
#6425=CARTESIAN_POINT('Control Point',(26.2695048896,41.7688654532,29.4830833473)) ;
#6426=CARTESIAN_POINT('Control Point',(26.3682200867,41.9914082765,29.5168257526)) ;
#6427=CARTESIAN_POINT('Control Point',(25.6434480692,41.0106847599,29.7632245777)) ;
#6428=CARTESIAN_POINT('Control Point',(25.8481067597,41.1335392801,29.7887529323)) ;
#6429=CARTESIAN_POINT('Control Point',(26.0345157983,41.2847684678,29.8261298203)) ;
#6430=CARTESIAN_POINT('Control Point',(26.1965829412,41.4607330257,29.8745832871)) ;
#6431=CARTESIAN_POINT('Control Point',(26.3293522524,41.6560596643,29.932611408)) ;
#6432=CARTESIAN_POINT('Control Point',(26.42984463,41.8645511816,29.9982402737)) ;
#6433=CARTESIAN_POINT('Control Point',(25.6642555333,40.8720284778,30.0769191652)) ;
#6434=CARTESIAN_POINT('Control Point',(25.8690086691,40.9824304586,30.1300092628)) ;
#6435=CARTESIAN_POINT('Control Point',(26.0557409822,41.1196653094,30.1975257586)) ;
#6436=CARTESIAN_POINT('Control Point',(26.2184126769,41.280490149,30.2779085378)) ;
#6437=CARTESIAN_POINT('Control Point',(26.3520961924,41.4600347201,30.3687220173)) ;
#6438=CARTESIAN_POINT('Control Point',(26.4538053701,41.6526207485,30.4670649872)) ;
#6439=CARTESIAN_POINT('Control Point',(25.6603752715,40.7798282726,30.2330429771)) ;
#6440=CARTESIAN_POINT('Control Point',(25.866299417,40.8823167038,30.2999513269)) ;
#6441=CARTESIAN_POINT('Control Point',(26.0541288616,41.0111219552,30.3827834229)) ;
#6442=CARTESIAN_POINT('Control Point',(26.2177406306,41.1632019676,30.4795675842)) ;
#6443=CARTESIAN_POINT('Control Point',(26.3521379116,41.3339042831,30.5873607967)) ;
#6444=CARTESIAN_POINT('Control Point',(26.4542969531,41.5177556953,30.7027456423)) ;
#6445=CARTESIAN_POINT('Control Point',(25.6427863281,40.6725932974,30.3758984712)) ;
#6446=CARTESIAN_POINT('Control Point',(25.8508816543,40.7662307954,30.455402805)) ;
#6447=CARTESIAN_POINT('Control Point',(26.0406374441,40.885900425,30.5525173815)) ;
#6448=CARTESIAN_POINT('Control Point',(26.2057427355,41.0287648353,30.6648488021)) ;
#6449=CARTESIAN_POINT('Control Point',(26.3410516777,41.1903607715,30.7889086191)) ;
#6450=CARTESIAN_POINT('Control Point',(26.4434716847,41.3653712045,30.9207132997)) ;
#6451=CARTESIAN_POINT('Control Point',(25.6138788945,40.554195113,30.5055254522)) ;
#6452=CARTESIAN_POINT('Control Point',(25.8249496516,40.6383736466,30.5963384337)) ;
#6453=CARTESIAN_POINT('Control Point',(26.0173067945,40.7484549584,30.70663584)) ;
#6454=CARTESIAN_POINT('Control Point',(26.1843569277,40.8818219606,30.8335911587)) ;
#6455=CARTESIAN_POINT('Control Point',(26.3207335251,41.0341902056,30.9731259192)) ;
#6456=CARTESIAN_POINT('Control Point',(26.4232502345,41.200368972,31.1206341888)) ;
#6458=CARTESIAN_POINT('Control Point',(25.6138788945,40.554195113,30.5055254522)) ;
#6459=CARTESIAN_POINT('Control Point',(25.9656634897,40.694492669,30.6568804214)) ;
#6460=CARTESIAN_POINT('Control Point',(26.2523890521,40.9234043613,30.8747870728)) ;
#6461=CARTESIAN_POINT('Control Point',(26.4232502345,41.200368972,31.1206341888)) ;
#6464=CARTESIAN_POINT('Control Point',(20.6581895602,36.3330842989,23.4990887462)) ;
#6465=CARTESIAN_POINT('Control Point',(21.1868436213,36.1474397129,23.3226733327)) ;
#6466=CARTESIAN_POINT('Control Point',(21.6959625885,36.0768051241,22.9654555683)) ;
#6467=CARTESIAN_POINT('Control Point',(22.088216185,36.1569877741,22.4570949289)) ;
#6468=CARTESIAN_POINT('Control Point',(22.282877557,36.3714858562,21.9022134125)) ;
#6469=CARTESIAN_POINT('Control Point',(22.2828775153,36.6651954302,21.393493246)) ;
#6478=CARTESIAN_POINT('Axis2P3D Location',(15.9297200642,29.0480304415,16.9957221629)) ;
#6483=CARTESIAN_POINT('Axis2P3D Location',(10.445950958,18.9644249741,11.1739498319)) ;
#6496=CARTESIAN_POINT('Control Point',(10.630635028,17.8943246497,12.8534645616)) ;
#6497=CARTESIAN_POINT('Control Point',(11.1592888012,17.7086804702,12.6770488136)) ;
#6498=CARTESIAN_POINT('Control Point',(11.6680279785,17.6384273684,12.3195283086)) ;
#6499=CARTESIAN_POINT('Control Point',(12.0602150426,17.7185966246,11.8112539726)) ;
#6500=CARTESIAN_POINT('Control Point',(12.2553228232,17.932727208,11.256588998)) ;
#6501=CARTESIAN_POINT('Control Point',(12.255323331,18.2264367072,10.7478689314)) ;
#6502=CARTESIAN_POINT('Control Point',(10.4657159501,17.4435513671,12.5843895732)) ;
#6503=CARTESIAN_POINT('Control Point',(10.9784126064,17.2735637809,12.3935255807)) ;
#6504=CARTESIAN_POINT('Control Point',(11.463317923,17.2126429595,12.0314827559)) ;
#6505=CARTESIAN_POINT('Control Point',(11.8316966529,17.2910223674,11.5298238951)) ;
#6506=CARTESIAN_POINT('Control Point',(12.0124022474,17.4935267357,10.9857320941)) ;
#6507=CARTESIAN_POINT('Control Point',(12.007944702,17.7715540806,10.4852435034)) ;
#6508=CARTESIAN_POINT('Control Point',(10.3007354809,16.9884600696,12.322778762)) ;
#6509=CARTESIAN_POINT('Control Point',(10.796222724,16.8330383074,12.1184981833)) ;
#6510=CARTESIAN_POINT('Control Point',(11.2571434026,16.7803291537,11.7530115359)) ;
#6511=CARTESIAN_POINT('Control Point',(11.6023739404,16.8564198711,11.2585830682)) ;
#6512=CARTESIAN_POINT('Control Point',(11.7691714961,17.0474394853,10.7254858414)) ;
#6513=CARTESIAN_POINT('Control Point',(11.7604739676,17.3100387416,10.2337151398)) ;
#6514=CARTESIAN_POINT('Control Point',(10.1356663057,16.52888002,12.0687626661)) ;
#6515=CARTESIAN_POINT('Control Point',(10.6127884211,16.3869483588,11.8521717423)) ;
#6516=CARTESIAN_POINT('Control Point',(11.0496126107,16.3413853606,11.4843314875)) ;
#6517=CARTESIAN_POINT('Control Point',(11.3722920243,16.414697602,10.9977514438)) ;
#6518=CARTESIAN_POINT('Control Point',(11.5256199739,16.5943123746,10.4760710217)) ;
#6519=CARTESIAN_POINT('Control Point',(11.5128701524,16.8416657263,9.99349948638)) ;
#6520=CARTESIAN_POINT('Control Point',(9.68571016386,15.2641339116,11.3982092697)) ;
#6521=CARTESIAN_POINT('Control Point',(10.1098868806,15.15602706,11.1512867186)) ;
#6522=CARTESIAN_POINT('Control Point',(10.4808437495,15.127126303,10.7800512586)) ;
#6523=CARTESIAN_POINT('Control Point',(10.7435710829,15.1915278336,10.3165858537)) ;
#6524=CARTESIAN_POINT('Control Point',(10.8612778404,15.3401321842,9.82721336853)) ;
#6525=CARTESIAN_POINT('Control Point',(10.8379358421,15.546266465,9.37105580437)) ;
#6526=CARTESIAN_POINT('Control Point',(9.23702202828,13.9679640657,10.7933176656)) ;
#6527=CARTESIAN_POINT('Control Point',(9.6010486208,13.8853519694,10.525670856)) ;
#6528=CARTESIAN_POINT('Control Point',(9.90601480164,13.8654354817,10.159624125)) ;
#6529=CARTESIAN_POINT('Control Point',(10.1127966219,13.9171542254,9.72422041775)) ;
#6530=CARTESIAN_POINT('Control Point',(10.197710951,14.0345836783,9.27062209122)) ;
#6531=CARTESIAN_POINT('Control Point',(10.1649038074,14.2000284978,8.84474544888)) ;
#6532=CARTESIAN_POINT('Control Point',(8.95476606622,13.1368864243,10.441407748)) ;
#6533=CARTESIAN_POINT('Control Point',(9.27839451209,13.0668877932,10.1650339707)) ;
#6534=CARTESIAN_POINT('Control Point',(9.54185470441,13.0496042963,9.80592449337)) ;
#6535=CARTESIAN_POINT('Control Point',(9.71475350386,13.0917049217,9.39042766355)) ;
#6536=CARTESIAN_POINT('Control Point',(9.77994305514,13.189074989,8.96101387239)) ;
#6537=CARTESIAN_POINT('Control Point',(9.74151969538,13.328705929,8.55599940779)) ;
#6538=CARTESIAN_POINT('Control Point',(8.67353955978,12.2907705672,10.1237169281)) ;
#6539=CARTESIAN_POINT('Control Point',(8.9546118323,12.2296267399,9.8435812775)) ;
#6540=CARTESIAN_POINT('Control Point',(9.17680459833,12.2118196106,9.49542925736)) ;
#6541=CARTESIAN_POINT('Control Point',(9.31710332484,12.2424888231,9.10238664742)) ;
#6542=CARTESIAN_POINT('Control Point',(9.36342456956,12.319086907,8.69911339355)) ;
#6543=CARTESIAN_POINT('Control Point',(9.31968006779,12.4324203445,8.31704930577)) ;
#6544=CARTESIAN_POINT('Control Point',(8.39794849917,11.4360391559,9.85899810393)) ;
#6545=CARTESIAN_POINT('Control Point',(8.63538350606,11.3790493053,9.5815508921)) ;
#6546=CARTESIAN_POINT('Control Point',(8.81728089497,11.3569021596,9.24941851952)) ;
#6547=CARTESIAN_POINT('Control Point',(8.92660346337,11.3737267039,8.88228878465)) ;
#6548=CARTESIAN_POINT('Control Point',(8.95506725295,11.428248052,8.50798107978)) ;
#6549=CARTESIAN_POINT('Control Point',(8.90629341896,11.5142725137,8.15186170605)) ;
#6551=CARTESIAN_POINT('Control Point',(8.39794849917,11.4360391559,9.85899810393)) ;
#6552=CARTESIAN_POINT('Control Point',(8.69474225778,11.3648018426,9.51218908915)) ;
#6553=CARTESIAN_POINT('Control Point',(8.89929218915,11.3516480375,9.07337153451)) ;
#6554=CARTESIAN_POINT('Control Point',(8.96726071145,11.4067419365,8.59701092321)) ;
#6555=CARTESIAN_POINT('Control Point',(8.90629341896,11.5142725137,8.15186170605)) ;
#6565=CARTESIAN_POINT('Control Point',(7.,2.05858702874,7.48637582097)) ;
#6566=CARTESIAN_POINT('Control Point',(7.,2.05858702874,7.48637582097)) ;
#6567=CARTESIAN_POINT('Control Point',(7.,2.05858702874,7.48637582097)) ;
#6568=CARTESIAN_POINT('Control Point',(7.,2.05858702874,7.48637582097)) ;
#6569=CARTESIAN_POINT('Control Point',(7.,2.05858702874,7.48637582097)) ;
#6570=CARTESIAN_POINT('Control Point',(7.,2.05858702874,7.48637582097)) ;
#6571=CARTESIAN_POINT('Control Point',(7.00002085216,4.45387221024,8.03479275734)) ;
#6572=CARTESIAN_POINT('Control Point',(7.00028451376,4.46094503189,7.94383959107)) ;
#6573=CARTESIAN_POINT('Control Point',(7.00045012234,4.46809966031,7.85275803016)) ;
#6574=CARTESIAN_POINT('Control Point',(7.00040595525,4.47517366687,7.76168598481)) ;
#6575=CARTESIAN_POINT('Control Point',(7.00023705308,4.48213406287,7.67059607698)) ;
#6576=CARTESIAN_POINT('Control Point',(7.0000284644,4.48909679639,7.579507521)) ;
#6577=CARTESIAN_POINT('Control Point',(7.22615672776,6.84498805078,8.58598481615)) ;
#6578=CARTESIAN_POINT('Control Point',(7.26943198995,6.85872968074,8.40392765063)) ;
#6579=CARTESIAN_POINT('Control Point',(7.29918482331,6.87217588497,8.22233415188)) ;
#6580=CARTESIAN_POINT('Control Point',(7.31579774174,6.8859502138,8.04066747122)) ;
#6581=CARTESIAN_POINT('Control Point',(7.31896548223,6.90016928668,7.85905972351)) ;
#6582=CARTESIAN_POINT('Control Point',(7.30839539232,6.91438923789,7.67745247511)) ;
#6583=CARTESIAN_POINT('Control Point',(7.67867526452,9.20455721432,9.16874278454)) ;
#6584=CARTESIAN_POINT('Control Point',(7.81323093185,9.20617526405,8.917124902)) ;
#6585=CARTESIAN_POINT('Control Point',(7.90537670591,9.2176641412,8.65001488748)) ;
#6586=CARTESIAN_POINT('Control Point',(7.9543826407,9.23696078917,8.37512081455)) ;
#6587=CARTESIAN_POINT('Control Point',(7.96089089082,9.26333368141,8.09828755356)) ;
#6588=CARTESIAN_POINT('Control Point',(7.92546634313,9.29741163362,7.82590281549)) ;
#6589=CARTESIAN_POINT('Control Point',(8.39794718792,11.4360377333,9.85899881039)) ;
#6590=CARTESIAN_POINT('Control Point',(8.63538202525,11.3790479036,9.58155166062)) ;
#6591=CARTESIAN_POINT('Control Point',(8.81727925743,11.3569007365,9.2494194168)) ;
#6592=CARTESIAN_POINT('Control Point',(8.92660170682,11.373725212,8.88228985846)) ;
#6593=CARTESIAN_POINT('Control Point',(8.95506543065,11.4282464504,8.50798234265)) ;
#6594=CARTESIAN_POINT('Control Point',(8.90629158229,11.5142707758,8.15186313946)) ;
#6602=CARTESIAN_POINT('Control Point',(22.2976351367,26.5936437735,40.9555029532)) ;
#6603=CARTESIAN_POINT('Control Point',(22.5197420509,26.593384771,41.1085669596)) ;
#6604=CARTESIAN_POINT('Control Point',(22.7191114758,26.6145731914,41.2946610944)) ;
#6605=CARTESIAN_POINT('Control Point',(22.8873079694,26.6572305844,41.5079987385)) ;
#6606=CARTESIAN_POINT('Control Point',(23.017727155,26.7196819718,41.7402030102)) ;
#6607=CARTESIAN_POINT('Control Point',(23.1070057948,26.7989134648,41.9820952783)) ;
#6608=CARTESIAN_POINT('Control Point',(23.2902364009,29.754607112,39.586275543)) ;
#6609=CARTESIAN_POINT('Control Point',(23.5088646946,29.7737728848,39.7312631461)) ;
#6610=CARTESIAN_POINT('Control Point',(23.7060141268,29.8154964602,39.9059605965)) ;
#6611=CARTESIAN_POINT('Control Point',(23.8738501264,29.8790615346,40.1052055692)) ;
#6612=CARTESIAN_POINT('Control Point',(24.0061602035,29.9620679708,40.3216536514)) ;
#6613=CARTESIAN_POINT('Control Point',(24.099607059,30.0609256532,40.5472534537)) ;
#6614=CARTESIAN_POINT('Control Point',(24.1446897179,32.8037677911,37.8423699502)) ;
#6615=CARTESIAN_POINT('Control Point',(24.3604619572,32.8414769036,37.9769382059)) ;
#6616=CARTESIAN_POINT('Control Point',(24.55579629,32.9026190402,38.1382142277)) ;
#6617=CARTESIAN_POINT('Control Point',(24.7233356131,32.9858756604,38.3216517705)) ;
#6618=CARTESIAN_POINT('Control Point',(24.8571878688,33.0882696334,38.5208422173)) ;
#6619=CARTESIAN_POINT('Control Point',(24.954060376,33.2057466326,38.7287408534)) ;
#6620=CARTESIAN_POINT('Control Point',(24.8322541508,35.6715355001,35.7235379001)) ;
#6621=CARTESIAN_POINT('Control Point',(25.0458051928,35.7265172717,35.8454377624)) ;
#6622=CARTESIAN_POINT('Control Point',(25.2397318208,35.8057016526,35.9913730389)) ;
#6623=CARTESIAN_POINT('Control Point',(25.4070400655,35.9072739294,36.1573886767)) ;
#6624=CARTESIAN_POINT('Control Point',(25.5420863575,36.0277788356,36.3379174401)) ;
#6625=CARTESIAN_POINT('Control Point',(25.6416248089,36.1627664223,36.5268077806)) ;
#6626=CARTESIAN_POINT('Control Point',(25.3256456203,38.2749907602,33.2587103154)) ;
#6627=CARTESIAN_POINT('Control Point',(25.5376275407,38.3455633184,33.3659153198)) ;
#6628=CARTESIAN_POINT('Control Point',(25.7305610223,38.4411312592,33.4947759013)) ;
#6629=CARTESIAN_POINT('Control Point',(25.8977059123,38.5594550263,33.6419043522)) ;
#6630=CARTESIAN_POINT('Control Point',(26.0335939385,38.6966546428,33.802499118)) ;
#6631=CARTESIAN_POINT('Control Point',(26.1350162784,38.8479118724,33.9712100467)) ;
#6632=CARTESIAN_POINT('Control Point',(25.6138934712,40.554238566,30.5055019786)) ;
#6633=CARTESIAN_POINT('Control Point',(25.8249644676,40.6384170261,30.5963155448)) ;
#6634=CARTESIAN_POINT('Control Point',(26.0173217053,40.7484984762,30.7066137576)) ;
#6635=CARTESIAN_POINT('Control Point',(26.1843717349,40.8818658123,30.8335700667)) ;
#6636=CARTESIAN_POINT('Control Point',(26.3207479951,41.0342345455,30.9731059403)) ;
#6637=CARTESIAN_POINT('Control Point',(26.4232641293,41.2004138994,31.1206153769)) ;
#6646=CARTESIAN_POINT('Control Point',(27.,21.5187634772,-46.8405441853)) ;
#6647=CARTESIAN_POINT('Control Point',(23.8584073464,21.5187634772,-46.8405441853)) ;
#6648=CARTESIAN_POINT('Control Point',(20.7167649204,22.1239657818,-46.9591346041)) ;
#6649=CARTESIAN_POINT('Control Point',(17.7368284519,23.3352800894,-47.1964936988)) ;
#6650=CARTESIAN_POINT('Control Point',(12.4217832388,26.8393611983,-47.8831243398)) ;
#6651=CARTESIAN_POINT('Control Point',(8.85106257559,32.0552129214,-48.9051793382)) ;
#6652=CARTESIAN_POINT('Control Point',(7.61671185892,34.9795355077,-49.4782053126)) ;
#6653=CARTESIAN_POINT('Control Point',(7.,38.0625461698,-50.0823264849)) ;
#6654=CARTESIAN_POINT('Control Point',(7.,41.1455079883,-50.6864380862)) ;
#6655=CARTESIAN_POINT('Control Point',(25.4897438366,21.7253914933,-45.786059744)) ;
#6656=CARTESIAN_POINT('Control Point',(22.4991767994,21.9581945977,-45.8316779075)) ;
#6657=CARTESIAN_POINT('Control Point',(19.5551462514,22.7506275167,-45.9202583986)) ;
#6658=CARTESIAN_POINT('Control Point',(16.7960981188,24.0913721859,-46.0494831674)) ;
#6659=CARTESIAN_POINT('Control Point',(11.9132714391,27.7379168518,-46.3778523094)) ;
#6660=CARTESIAN_POINT('Control Point',(8.67299175927,32.9026929302,-46.8150708024)) ;
#6661=CARTESIAN_POINT('Control Point',(7.55744323889,35.7625361258,-47.0531784342)) ;
#6662=CARTESIAN_POINT('Control Point',(7.,38.7614404504,-47.3010466483)) ;
#6663=CARTESIAN_POINT('Control Point',(7.,41.760311223,-47.5489136707)) ;
#6664=CARTESIAN_POINT('Control Point',(23.9778702352,21.9345150054,-44.7188400417)) ;
#6665=CARTESIAN_POINT('Control Point',(21.160921408,22.3844221524,-44.7427969104)) ;
#6666=CARTESIAN_POINT('Control Point',(18.4259298652,23.3357118953,-44.74904924)) ;
#6667=CARTESIAN_POINT('Control Point',(15.8896405419,24.768591971,-44.7368914533)) ;
#6668=CARTESIAN_POINT('Control Point',(11.4316794628,28.4717902717,-44.6790971114)) ;
#6669=CARTESIAN_POINT('Control Point',(8.50548251855,33.4851754181,-44.5678614554)) ;
#6670=CARTESIAN_POINT('Control Point',(7.50166868541,36.2288327798,-44.502217074)) ;
#6671=CARTESIAN_POINT('Control Point',(6.99999960073,39.0911950286,-44.4315418832)) ;
#6672=CARTESIAN_POINT('Control Point',(7.,41.953534755,-44.3608684526)) ;
#6673=CARTESIAN_POINT('Control Point',(22.485786829,22.1434464953,-43.6526002863)) ;
#6674=CARTESIAN_POINT('Control Point',(19.8591247654,22.772108188,-43.6016297122)) ;
#6675=CARTESIAN_POINT('Control Point',(17.3394658147,23.8383446322,-43.487036533)) ;
#6676=CARTESIAN_POINT('Control Point',(15.0241126168,25.3180043916,-43.3113626979)) ;
#6677=CARTESIAN_POINT('Control Point',(10.9787382297,28.9891636924,-42.8538537496)) ;
#6678=CARTESIAN_POINT('Control Point',(8.34884255404,33.7688696457,-42.2302891152)) ;
#6679=CARTESIAN_POINT('Control Point',(7.44949701447,36.3574787308,-41.888486418)) ;
#6680=CARTESIAN_POINT('Control Point',(6.99999703909,39.0456153651,-41.5316460547)) ;
#6681=CARTESIAN_POINT('Control Point',(7.,41.7337367962,-41.1748084759)) ;
#6682=CARTESIAN_POINT('Control Point',(20.5088120133,22.424250941,-42.2195713847)) ;
#6683=CARTESIAN_POINT('Control Point',(18.1560773412,23.2281213621,-42.0107623614)) ;
#6684=CARTESIAN_POINT('Control Point',(15.9317331,24.3816113932,-41.6942846548)) ;
#6685=CARTESIAN_POINT('Control Point',(13.9101416947,25.8589514279,-41.2774622103)) ;
#6686=CARTESIAN_POINT('Control Point',(10.4036225685,29.3646831501,-40.2724597322)) ;
#6687=CARTESIAN_POINT('Control Point',(8.15096797975,33.7237249964,-39.0016469131)) ;
#6688=CARTESIAN_POINT('Control Point',(7.38358551893,36.054602783,-38.3189362166)) ;
#6689=CARTESIAN_POINT('Control Point',(7.00000104307,38.4612418372,-37.6125448961)) ;
#6690=CARTESIAN_POINT('Control Point',(7.,40.8678724143,-36.9061564861)) ;
#6691=CARTESIAN_POINT('Control Point',(18.6719246474,22.6901537889,-40.8625897841)) ;
#6692=CARTESIAN_POINT('Control Point',(16.5957523064,23.5479152207,-40.4446965006)) ;
#6693=CARTESIAN_POINT('Control Point',(14.655647687,24.6712805721,-39.8951928913)) ;
#6694=CARTESIAN_POINT('Control Point',(12.9078792685,26.037061766,-39.2254684333)) ;
#6695=CARTESIAN_POINT('Control Point',(9.89406410914,29.1775152798,-37.6831376834)) ;
#6696=CARTESIAN_POINT('Control Point',(7.9766476096,32.948440655,-35.8279053671)) ;
#6697=CARTESIAN_POINT('Control Point',(7.32550330973,34.944822425,-34.8452143554)) ;
#6698=CARTESIAN_POINT('Control Point',(6.99999963255,36.9967099361,-33.8349625665)) ;
#6699=CARTESIAN_POINT('Control Point',(7.,39.0485926986,-32.824713177)) ;
#6700=CARTESIAN_POINT('Control Point',(18.2053486931,22.7580482964,-40.5161038469)) ;
#6701=CARTESIAN_POINT('Control Point',(16.2008530462,23.6208657097,-40.0409305908)) ;
#6702=CARTESIAN_POINT('Control Point',(14.3335773583,24.7278145827,-39.4291620436)) ;
#6703=CARTESIAN_POINT('Control Point',(12.655414109,26.0566224194,-38.6931692783)) ;
#6704=CARTESIAN_POINT('Control Point',(9.76623138203,29.0874972667,-37.0120964874)) ;
#6705=CARTESIAN_POINT('Control Point',(7.93298503675,32.6931754076,-35.0089692904)) ;
#6706=CARTESIAN_POINT('Control Point',(7.31095663824,34.5968937756,-33.9508611089)) ;
#6707=CARTESIAN_POINT('Control Point',(7.00000133617,36.5510901025,-32.8644588241)) ;
#6708=CARTESIAN_POINT('Control Point',(7.,38.5052824858,-31.778058784)) ;
#6709=CARTESIAN_POINT('Control Point',(17.2380072248,22.8995568191,-39.7939436178)) ;
#6710=CARTESIAN_POINT('Control Point',(15.3848627574,23.7521191697,-39.1915336293)) ;
#6711=CARTESIAN_POINT('Control Point',(13.6697763547,24.8040113647,-38.4442761206)) ;
#6712=CARTESIAN_POINT('Control Point',(12.1360126254,26.0353572483,-37.5664365667)) ;
#6713=CARTESIAN_POINT('Control Point',(9.5042235569,28.7982857221,-35.5921088081)) ;
#6714=CARTESIAN_POINT('Control Point',(7.8436115127,32.0222854373,-33.2818679724)) ;
#6715=CARTESIAN_POINT('Control Point',(7.28117319633,33.714771649,-32.068063272)) ;
#6716=CARTESIAN_POINT('Control Point',(6.99999847692,35.4475254387,-30.8248980079)) ;
#6717=CARTESIAN_POINT('Control Point',(7.,37.1802767074,-29.5817346461)) ;
#6718=CARTESIAN_POINT('Control Point',(16.3635028812,23.0289024677,-39.1338541657)) ;
#6719=CARTESIAN_POINT('Control Point',(14.6520653872,23.8212664319,-38.3990970129)) ;
#6720=CARTESIAN_POINT('Control Point',(13.0766741677,24.7710846426,-37.515524386)) ;
#6721=CARTESIAN_POINT('Control Point',(11.6736074049,25.8616226412,-36.4988337765)) ;
#6722=CARTESIAN_POINT('Control Point',(9.27273614275,28.2771187362,-34.2435792209)) ;
#6723=CARTESIAN_POINT('Control Point',(7.7648790942,31.0518323738,-31.6482429679)) ;
#6724=CARTESIAN_POINT('Control Point',(7.25493959609,32.5016326501,-30.2914272741)) ;
#6725=CARTESIAN_POINT('Control Point',(7.00000173614,33.9826703343,-28.9050225749)) ;
#6726=CARTESIAN_POINT('Control Point',(7.,35.4637063946,-27.5186194517)) ;
#6727=CARTESIAN_POINT('Control Point',(15.9301620484,23.0933867076,-38.8047718416)) ;
#6728=CARTESIAN_POINT('Control Point',(14.2901582345,23.8379189285,-37.9992792433)) ;
#6729=CARTESIAN_POINT('Control Point',(12.7845071502,24.71845765,-37.0437898875)) ;
#6730=CARTESIAN_POINT('Control Point',(11.4462382022,25.7201049581,-35.9546279219)) ;
#6731=CARTESIAN_POINT('Control Point',(9.15934952694,27.9247180902,-33.553996863)) ;
#6732=CARTESIAN_POINT('Control Point',(7.72637024052,30.4374902304,-30.8129990184)) ;
#6733=CARTESIAN_POINT('Control Point',(7.24210850164,31.7473312791,-29.383431056)) ;
#6734=CARTESIAN_POINT('Control Point',(7.00000383473,33.0839119432,-27.9243148728)) ;
#6735=CARTESIAN_POINT('Control Point',(7.,34.4204913498,-26.4652001101)) ;
#6736=CARTESIAN_POINT('Control Point',(15.2703264097,23.1921109215,-38.300952711)) ;
#6737=CARTESIAN_POINT('Control Point',(13.7406058734,23.8229048768,-37.3779432322)) ;
#6738=CARTESIAN_POINT('Control Point',(12.3417798855,24.5547637573,-36.3038210408)) ;
#6739=CARTESIAN_POINT('Control Point',(11.1022096128,25.3761082315,-35.0957771431)) ;
#6740=CARTESIAN_POINT('Control Point',(8.98831543529,27.167054344,-32.4576926049)) ;
#6741=CARTESIAN_POINT('Control Point',(7.66833808474,29.1845536723,-29.4802796645)) ;
#6742=CARTESIAN_POINT('Control Point',(7.22276190324,30.2324728987,-27.9328741711)) ;
#6743=CARTESIAN_POINT('Control Point',(6.99999721585,31.299984376,-26.3561076405)) ;
#6744=CARTESIAN_POINT('Control Point',(7.,32.367495077,-24.7793423073)) ;
#6745=CARTESIAN_POINT('Control Point',(14.8393046881,23.2570452888,-37.9695732527)) ;
#6746=CARTESIAN_POINT('Control Point',(13.3828489156,23.7223108851,-36.9505414982)) ;
#6747=CARTESIAN_POINT('Control Point',(12.054321087,24.256621571,-35.7787692173)) ;
#6748=CARTESIAN_POINT('Control Point',(10.8792574454,24.8518796618,-34.4721151959)) ;
#6749=CARTESIAN_POINT('Control Point',(8.8779264057,26.1431912904,-31.6356853505)) ;
#6750=CARTESIAN_POINT('Control Point',(7.6309496421,27.5883882767,-28.4585718224)) ;
#6751=CARTESIAN_POINT('Control Point',(7.21030616502,28.3375450082,-26.8112043183)) ;
#6752=CARTESIAN_POINT('Control Point',(7.00000202139,29.0999854516,-25.1344211364)) ;
#6753=CARTESIAN_POINT('Control Point',(7.,29.8624254171,-23.4576390267)) ;
#6754=CARTESIAN_POINT('Control Point',(14.7086882981,23.2767811898,-37.8688550592)) ;
#6755=CARTESIAN_POINT('Control Point',(13.274582626,23.6634594164,-36.8150050203)) ;
#6756=CARTESIAN_POINT('Control Point',(11.9674180059,24.1061948574,-35.6073864263)) ;
#6757=CARTESIAN_POINT('Control Point',(10.8119036888,24.5983678854,-34.2641226097)) ;
#6758=CARTESIAN_POINT('Control Point',(8.84462580927,25.6644307441,-31.3533495537)) ;
#6759=CARTESIAN_POINT('Control Point',(7.61967243741,26.8552172384,-28.1002863662)) ;
#6760=CARTESIAN_POINT('Control Point',(7.20654530614,27.4721243502,-26.4147034992)) ;
#6761=CARTESIAN_POINT('Control Point',(6.99999961667,28.099792003,-24.6995850041)) ;
#6762=CARTESIAN_POINT('Control Point',(7.,28.7274592803,-22.9844675486)) ;
#6763=CARTESIAN_POINT('Control Point',(14.643521009,23.2866272072,-37.8186078931)) ;
#6764=CARTESIAN_POINT('Control Point',(13.2205649456,23.5883540528,-36.7384252352)) ;
#6765=CARTESIAN_POINT('Control Point',(11.9240589005,23.9335130422,-35.502755423)) ;
#6766=CARTESIAN_POINT('Control Point',(10.7782989203,24.316964199,-34.1299995816)) ;
#6767=CARTESIAN_POINT('Control Point',(8.8280127803,25.1471498938,-31.1579332787)) ;
#6768=CARTESIAN_POINT('Control Point',(7.61404844534,26.0739159558,-27.8401090852)) ;
#6769=CARTESIAN_POINT('Control Point',(7.2046713424,26.5539554903,-26.1215666752)) ;
#6770=CARTESIAN_POINT('Control Point',(7.,27.0423260426,-24.3731992067)) ;
#6771=CARTESIAN_POINT('Control Point',(7.,27.5306963069,-22.6248327688)) ;
#6772=CARTESIAN_POINT('Control Point',(14.643521009,23.2866272072,-37.8186078931)) ;
#6773=CARTESIAN_POINT('Control Point',(13.2205649456,23.5016211227,-36.7214297703)) ;
#6774=CARTESIAN_POINT('Control Point',(11.9240589005,23.7475623895,-35.4663180769)) ;
#6775=CARTESIAN_POINT('Control Point',(10.7782989203,24.0207885435,-34.0719634592)) ;
#6776=CARTESIAN_POINT('Control Point',(8.8280127803,24.6123331002,-31.0531350202)) ;
#6777=CARTESIAN_POINT('Control Point',(7.61404844534,25.2726955019,-27.6831085773)) ;
#6778=CARTESIAN_POINT('Control Point',(7.2046713424,25.6147452089,-25.9375268264)) ;
#6779=CARTESIAN_POINT('Control Point',(7.,25.9627311398,-24.161650753)) ;
#6780=CARTESIAN_POINT('Control Point',(7.,26.3107168656,-22.3857757265)) ;
#6782=CARTESIAN_POINT('Control Point',(23.4175581098,22.0315806128,-44.8589715828)) ;
#6783=CARTESIAN_POINT('Control Point',(23.2506894771,22.0605419068,-44.5046640742)) ;
#6784=CARTESIAN_POINT('Control Point',(23.0212863041,22.0873751775,-44.1593606665)) ;
#6785=CARTESIAN_POINT('Control Point',(22.7304713126,22.1106283129,-43.8201120515)) ;
#6786=CARTESIAN_POINT('Control Point',(22.2976404702,22.1716842867,-43.5085259905)) ;
#6787=CARTESIAN_POINT('Vertex',(23.4175565628,22.0315824214,-44.8589718816)) ;
#6789=CARTESIAN_POINT('Vertex',(22.297648874,22.1716802771,-43.508513531)) ;
#6793=CARTESIAN_POINT('Control Point',(23.4175581098,22.0315806128,-44.8589715828)) ;
#6794=CARTESIAN_POINT('Control Point',(23.7327928642,21.9768692626,-45.5282980371)) ;
#6795=CARTESIAN_POINT('Control Point',(24.0552528251,21.861317771,-46.2129758098)) ;
#6796=CARTESIAN_POINT('Control Point',(24.3665892355,21.6896430727,-46.8740283321)) ;
#6799=CARTESIAN_POINT('Control Point',(22.2976487624,22.1716805006,-43.5085137298)) ;
#6800=CARTESIAN_POINT('Control Point',(21.7523762712,22.2485971821,-43.1159849458)) ;
#6801=CARTESIAN_POINT('Control Point',(21.2123163963,22.3251592457,-42.7252658831)) ;
#6802=CARTESIAN_POINT('Control Point',(20.678823427,22.401180921,-42.3373045825)) ;
#6803=CARTESIAN_POINT('Control Point',(19.6552202525,22.5478151498,-41.5889863452)) ;
#6804=CARTESIAN_POINT('Control Point',(18.6719745894,22.6901460156,-40.8626294537)) ;
#6805=CARTESIAN_POINT('Control Point',(18.2053486931,22.7580482964,-40.5161038469)) ;
#6806=CARTESIAN_POINT('Control Point',(17.6849704673,22.8341723502,-40.1276200787)) ;
#6807=CARTESIAN_POINT('Control Point',(17.1914580739,22.9067766296,-39.75709877)) ;
#6808=CARTESIAN_POINT('Control Point',(17.1271380391,22.9162465474,-39.7087709526)) ;
#6809=CARTESIAN_POINT('Control Point',(17.0633136779,22.9256506976,-39.6607787672)) ;
#6810=CARTESIAN_POINT('Control Point',(17.0000067901,22.9349856818,-39.6131395568)) ;
#6825=CARTESIAN_POINT('Control Point',(22.297648874,22.1716802771,-43.508513531)) ;
#6826=CARTESIAN_POINT('Control Point',(23.5383950506,18.7138235525,-46.0746120565)) ;
#6827=CARTESIAN_POINT('Control Point',(24.5502383856,14.8069123457,-48.1699236759)) ;
#6828=CARTESIAN_POINT('Control Point',(25.2535846502,10.5464623829,-49.6271262098)) ;
#6829=CARTESIAN_POINT('Control Point',(25.6138934712,6.1414702071,-50.373739186)) ;
#6830=CARTESIAN_POINT('Vertex',(25.6138770866,6.14146914444,-50.3737297859)) ;
#6834=CARTESIAN_POINT('Control Point',(25.6138770866,6.14146914444,-50.3737297859)) ;
#6835=CARTESIAN_POINT('Control Point',(22.7299871773,6.36373638173,-48.6692880105)) ;
#6836=CARTESIAN_POINT('Control Point',(19.8564919476,6.58799314381,-46.9652937683)) ;
#6837=CARTESIAN_POINT('Control Point',(16.9999999175,6.81472082616,-45.2633750883)) ;
#6846=CARTESIAN_POINT('Axis2P3D Location',(16.7859440128,2.,-30.7782410174)) ;
#6852=CARTESIAN_POINT('Control Point',(20.6581911611,2.18426630319,-43.2149204176)) ;
#6853=CARTESIAN_POINT('Control Point',(19.9814441886,2.22954682716,-42.813730653)) ;
#6854=CARTESIAN_POINT('Control Point',(19.3055553692,2.27475428418,-42.4126916771)) ;
#6855=CARTESIAN_POINT('Control Point',(18.6306339976,2.31988012614,-42.0118400262)) ;
#6856=CARTESIAN_POINT('Vertex',(20.6581911611,2.18426630319,-43.2149204176)) ;
#6860=CARTESIAN_POINT('Control Point',(10.630633972,2.44520172211,-27.8922061717)) ;
#6861=CARTESIAN_POINT('Control Point',(10.630633972,2.18426630319,-21.9236684118)) ;
#6862=CARTESIAN_POINT('Vertex',(10.630633972,2.18426630319,-21.9236684118)) ;
#6865=CARTESIAN_POINT('Line Origine',(15.0782486496,2.18426630319,-31.3671732595)) ;
#6877=CARTESIAN_POINT('Axis2P3D Location',(11.,4.8270156285,8.81767059273)) ;
#6883=CARTESIAN_POINT('Control Point',(7.,5.45409812887,-5.52597657328)) ;
#6884=CARTESIAN_POINT('Control Point',(7.,4.73216791037,-7.87418017991)) ;
#6885=CARTESIAN_POINT('Control Point',(7.22612102456,4.01327193731,-10.2208156594)) ;
#6886=CARTESIAN_POINT('Control Point',(7.67875214802,3.337153565,-12.5562694464)) ;
#6887=CARTESIAN_POINT('Control Point',(8.39794981405,2.82012060883,-14.8333987735)) ;
#6888=CARTESIAN_POINT('Vertex',(8.39794768676,2.82012246495,-14.8333995134)) ;
#6892=CARTESIAN_POINT('Control Point',(10.6306228751,2.18426748496,-21.923671881)) ;
#6893=CARTESIAN_POINT('Control Point',(10.1804915429,2.16341599342,-20.4909416362)) ;
#6894=CARTESIAN_POINT('Control Point',(9.72950386605,2.20633329169,-19.0568241943)) ;
#6895=CARTESIAN_POINT('Control Point',(9.28073311622,2.31963484181,-17.63140784)) ;
#6896=CARTESIAN_POINT('Control Point',(8.83288265492,2.50744745382,-16.2105243898)) ;
#6897=CARTESIAN_POINT('Control Point',(8.39794768676,2.82012246495,-14.8333995134)) ;
#6908=CARTESIAN_POINT('Control Point',(27.3257779722,1.73767962591,-47.1569802989)) ;
#6909=CARTESIAN_POINT('Control Point',(27.0062464439,1.79129340134,-47.7048685343)) ;
#6910=CARTESIAN_POINT('Control Point',(26.6983981739,1.97082848055,-48.2472610973)) ;
#6911=CARTESIAN_POINT('Control Point',(26.4191375774,2.27365080706,-48.7551956451)) ;
#6912=CARTESIAN_POINT('Control Point',(25.9487377067,3.09228349525,-49.6458591118)) ;
#6913=CARTESIAN_POINT('Control Point',(25.6926195357,4.23293939689,-50.2097957696)) ;
#6914=CARTESIAN_POINT('Control Point',(25.6278035537,4.85802976579,-50.3907551036)) ;
#6915=CARTESIAN_POINT('Control Point',(25.6298289614,5.50324398429,-50.4606666379)) ;
#6916=CARTESIAN_POINT('Control Point',(25.6951440002,6.13520639348,-50.4217586562)) ;
#6917=CARTESIAN_POINT('Control Point',(25.5790702097,1.85478352479,-46.1268311743)) ;
#6918=CARTESIAN_POINT('Control Point',(25.2583749585,1.90856377224,-46.676056468)) ;
#6919=CARTESIAN_POINT('Control Point',(24.9494270669,2.08895707001,-47.2197560238)) ;
#6920=CARTESIAN_POINT('Control Point',(24.6692858777,2.3933081922,-47.7287370168)) ;
#6921=CARTESIAN_POINT('Control Point',(24.1978382326,3.21597678869,-48.6205329091)) ;
#6922=CARTESIAN_POINT('Control Point',(23.9423276275,4.36157482175,-49.1832704474)) ;
#6923=CARTESIAN_POINT('Control Point',(23.8782893854,4.98910350387,-49.3629402655)) ;
#6924=CARTESIAN_POINT('Control Point',(23.8815441785,5.63638907075,-49.4308859209)) ;
#6925=CARTESIAN_POINT('Control Point',(23.9484362377,6.26979653059,-49.3894816603)) ;
#6926=CARTESIAN_POINT('Control Point',(23.8356062029,1.97160293428,-45.0970621299)) ;
#6927=CARTESIAN_POINT('Control Point',(23.5136776367,2.02555885766,-45.6476874059)) ;
#6928=CARTESIAN_POINT('Control Point',(23.2035640517,2.20685758799,-46.1927552295)) ;
#6929=CARTESIAN_POINT('Control Point',(22.922489389,2.512821485,-46.7028291971)) ;
#6930=CARTESIAN_POINT('Control Point',(22.4499317201,3.33974498817,-47.595796306)) ;
#6931=CARTESIAN_POINT('Control Point',(22.195066266,4.49054278866,-48.1572450668)) ;
#6932=CARTESIAN_POINT('Control Point',(22.131852933,5.12063260784,-48.3355431426)) ;
#6933=CARTESIAN_POINT('Control Point',(22.1364105813,5.77008654881,-48.4014056615)) ;
#6934=CARTESIAN_POINT('Control Point',(22.2049722309,6.40499618349,-48.3573629654)) ;
#6935=CARTESIAN_POINT('Control Point',(22.0959264884,2.08809484318,-44.0678370507)) ;
#6936=CARTESIAN_POINT('Control Point',(21.7726870347,2.14223662815,-44.6199306469)) ;
#6937=CARTESIAN_POINT('Control Point',(21.4613340713,2.32449295718,-45.1664332551)) ;
#6938=CARTESIAN_POINT('Control Point',(21.1792669648,2.6321623907,-45.6776503903)) ;
#6939=CARTESIAN_POINT('Control Point',(20.7055299334,3.46358237494,-46.5718290421)) ;
#6940=CARTESIAN_POINT('Control Point',(20.4513516723,4.61986290686,-47.1318875872)) ;
#6941=CARTESIAN_POINT('Control Point',(20.3890159033,5.2526482458,-47.308722003)) ;
#6942=CARTESIAN_POINT('Control Point',(20.394958294,5.90437581916,-47.3723710772)) ;
#6943=CARTESIAN_POINT('Control Point',(20.4652925165,6.54084823138,-47.3255326739)) ;
#6944=CARTESIAN_POINT('Control Point',(20.3606276065,2.20421121791,-43.0393238537)) ;
#6945=CARTESIAN_POINT('Control Point',(20.0359899646,2.25855024998,-43.5929604572)) ;
#6946=CARTESIAN_POINT('Control Point',(19.7233146508,2.44182231446,-44.1409705094)) ;
#6947=CARTESIAN_POINT('Control Point',(19.4401887026,2.75130061661,-44.6533852438)) ;
#6948=CARTESIAN_POINT('Control Point',(18.9651943372,3.58748575546,-45.548817256)) ;
#6949=CARTESIAN_POINT('Control Point',(18.7117507703,4.74956214623,-46.1073696484)) ;
#6950=CARTESIAN_POINT('Control Point',(18.6503519212,5.38519105216,-46.2826366856)) ;
#6951=CARTESIAN_POINT('Control Point',(18.6577712008,6.03930706854,-46.3439262231)) ;
#6952=CARTESIAN_POINT('Control Point',(18.7299936345,6.67740659813,-46.2941166707)) ;
#6953=CARTESIAN_POINT('Control Point',(18.6306339976,2.31988012614,-42.0118400262)) ;
#6954=CARTESIAN_POINT('Control Point',(18.3044983699,2.37442924917,-42.5671013564)) ;
#6955=CARTESIAN_POINT('Control Point',(17.9904057832,2.55878254791,-43.1166982892)) ;
#6956=CARTESIAN_POINT('Control Point',(17.7061450396,2.87018610148,-43.6303694738)) ;
#6957=CARTESIAN_POINT('Control Point',(17.2298043093,3.71143836479,-44.5270968676)) ;
#6958=CARTESIAN_POINT('Control Point',(16.9771500369,4.87966012802,-45.0840078683)) ;
#6959=CARTESIAN_POINT('Control Point',(16.9167561161,5.51829682692,-45.2575886556)) ;
#6960=CARTESIAN_POINT('Control Point',(16.9257576034,6.17492685127,-45.3163527324)) ;
#6961=CARTESIAN_POINT('Control Point',(17.0000000257,6.81472110767,-45.2633741797)) ;
#6963=CARTESIAN_POINT('Control Point',(20.6581876542,2.18426672872,-43.2149227046)) ;
#6964=CARTESIAN_POINT('Control Point',(20.8368742728,2.17883382378,-43.4700505306)) ;
#6965=CARTESIAN_POINT('Control Point',(21.0156351129,2.1786146169,-43.7253840326)) ;
#6966=CARTESIAN_POINT('Control Point',(21.1944232435,2.18370977898,-43.9808590223)) ;
#6967=CARTESIAN_POINT('Control Point',(21.8592727075,2.22303083214,-44.9312860311)) ;
#6968=CARTESIAN_POINT('Control Point',(22.5220831863,2.34134230249,-45.8803414055)) ;
#6969=CARTESIAN_POINT('Control Point',(23.0029632895,2.47567948502,-46.5698539787)) ;
#6970=CARTESIAN_POINT('Control Point',(23.7278395095,2.76006664986,-47.6108465395)) ;
#6971=CARTESIAN_POINT('Control Point',(24.4191359746,3.23747158862,-48.6078010425)) ;
#6972=CARTESIAN_POINT('Control Point',(24.648910936,3.42732993244,-48.9398080547)) ;
#6973=CARTESIAN_POINT('Control Point',(24.9588900913,3.73853303794,-49.3888309569)) ;
#6974=CARTESIAN_POINT('Control Point',(25.2309933219,4.14556700826,-49.7857508839)) ;
#6975=CARTESIAN_POINT('Control Point',(25.3041711258,4.26935007991,-49.8927918109)) ;
#6976=CARTESIAN_POINT('Control Point',(25.4321594338,4.52043414474,-50.0807215048)) ;
#6977=CARTESIAN_POINT('Control Point',(25.5348481365,4.80829669449,-50.2332914735)) ;
#6978=CARTESIAN_POINT('Control Point',(25.5761156754,4.95193837159,-50.2951833759)) ;
#6979=CARTESIAN_POINT('Control Point',(25.6434649308,5.27031786785,-50.3979301342)) ;
#6980=CARTESIAN_POINT('Control Point',(25.6642369119,5.61141520521,-50.4346491297)) ;
#6981=CARTESIAN_POINT('Control Point',(25.6603515279,5.79255218985,-50.4328451131)) ;
#6982=CARTESIAN_POINT('Control Point',(25.6427861091,5.9700032465,-50.4114486641)) ;
#6983=CARTESIAN_POINT('Control Point',(25.6138770866,6.14146904737,-50.3737296556)) ;
#6993=CARTESIAN_POINT('Control Point',(20.6581895602,2.18426567058,-43.2149183737)) ;
#6994=CARTESIAN_POINT('Control Point',(21.1868436213,2.12430773385,-42.9659377395)) ;
#6995=CARTESIAN_POINT('Control Point',(21.6955830309,1.84981274723,-42.7263362694)) ;
#6996=CARTESIAN_POINT('Control Point',(22.0877701014,1.36954966042,-42.5416274934)) ;
#6997=CARTESIAN_POINT('Control Point',(22.282877557,0.78213028622,-42.4497374311)) ;
#6998=CARTESIAN_POINT('Control Point',(22.2828775153,0.194710911664,-42.4497373002)) ;
#6999=CARTESIAN_POINT('Control Point',(20.836875756,2.17883300931,-43.4700472035)) ;
#7000=CARTESIAN_POINT('Control Point',(21.3549712406,2.10440992834,-43.2272470522)) ;
#7001=CARTESIAN_POINT('Control Point',(21.8503741975,1.82381152116,-42.9994556808)) ;
#7002=CARTESIAN_POINT('Control Point',(22.2319511329,1.34825904526,-42.8294176762)) ;
#7003=CARTESIAN_POINT('Control Point',(22.4245478328,0.771485184573,-42.7505422119)) ;
#7004=CARTESIAN_POINT('Control Point',(22.4291086807,0.194711323539,-42.7602261398)) ;
#7005=CARTESIAN_POINT('Control Point',(21.0156359093,2.17861418246,-43.7253822815)) ;
#7006=CARTESIAN_POINT('Control Point',(21.5230232371,2.09046488151,-43.4895758862)) ;
#7007=CARTESIAN_POINT('Control Point',(22.0052536579,1.8045769648,-43.2738907395)) ;
#7008=CARTESIAN_POINT('Control Point',(22.3764695334,1.33423407236,-43.1182844366)) ;
#7009=CARTESIAN_POINT('Control Point',(22.5665421316,0.768381665127,-43.0520349954)) ;
#7010=CARTESIAN_POINT('Control Point',(22.5755116678,0.202529257616,-43.0710798038)) ;
#7011=CARTESIAN_POINT('Control Point',(21.1944232435,2.18370977898,-43.9808590223)) ;
#7012=CARTESIAN_POINT('Control Point',(21.6909598943,2.08261413823,-43.7528075169)) ;
#7013=CARTESIAN_POINT('Control Point',(22.1601763603,1.7922553011,-43.5494887597)) ;
#7014=CARTESIAN_POINT('Control Point',(22.52126784,1.32761846396,-43.4080879466)) ;
#7015=CARTESIAN_POINT('Control Point',(22.7088101819,0.772965891819,-43.3541088378)) ;
#7016=CARTESIAN_POINT('Control Point',(22.722050108,0.21831331953,-43.3822210716)) ;
#7017=CARTESIAN_POINT('Control Point',(21.7092239896,2.21415653212,-44.7167858144)) ;
#7018=CARTESIAN_POINT('Control Point',(22.1741267348,2.07814181596,-44.513126517)) ;
#7019=CARTESIAN_POINT('Control Point',(22.606312394,1.77729090611,-44.3460831457)) ;
#7020=CARTESIAN_POINT('Control Point',(22.9388993838,1.33053280652,-44.2449725477)) ;
#7021=CARTESIAN_POINT('Control Point',(23.1191548295,0.808968213114,-44.2253836793)) ;
#7022=CARTESIAN_POINT('Control Point',(23.1443284869,0.287403619987,-44.2788337971)) ;
#7023=CARTESIAN_POINT('Control Point',(22.2228022444,2.29196267493,-45.4518902311)) ;
#7024=CARTESIAN_POINT('Control Point',(22.6550722691,2.12827343506,-45.2781908979)) ;
#7025=CARTESIAN_POINT('Control Point',(23.0515420753,1.8239482748,-45.1490743429)) ;
#7026=CARTESIAN_POINT('Control Point',(23.3574639304,1.3993298286,-45.0865099949)) ;
#7027=CARTESIAN_POINT('Control Point',(23.5304828361,0.913373309707,-45.098744451)) ;
#7028=CARTESIAN_POINT('Control Point',(23.5666091293,0.427416790297,-45.1754513288)) ;
#7029=CARTESIAN_POINT('Control Point',(22.556222813,2.36438732946,-45.929558433)) ;
#7030=CARTESIAN_POINT('Control Point',(22.9668914814,2.18607231136,-45.7774470658)) ;
#7031=CARTESIAN_POINT('Control Point',(23.3406583746,1.88258108769,-45.6735458577)) ;
#7032=CARTESIAN_POINT('Control Point',(23.6299463495,1.47428826893,-45.6354016492)) ;
#7033=CARTESIAN_POINT('Control Point',(23.7983121389,1.01272150366,-45.6674203449)) ;
#7034=CARTESIAN_POINT('Control Point',(23.8412202296,0.551154737647,-45.7585259529)) ;
#7035=CARTESIAN_POINT('Control Point',(23.0371807557,2.5042711014,-46.6192936379)) ;
#7036=CARTESIAN_POINT('Control Point',(23.4161537386,2.31022817193,-46.5011579574)) ;
#7037=CARTESIAN_POINT('Control Point',(23.7578468134,2.01270913626,-46.434353176)) ;
#7038=CARTESIAN_POINT('Control Point',(24.0240459934,1.63109808552,-46.4306736164)) ;
#7039=CARTESIAN_POINT('Control Point',(24.1857955878,1.20690773325,-46.4901538585)) ;
#7040=CARTESIAN_POINT('Control Point',(24.2380880919,0.782717381315,-46.601185188)) ;
#7041=CARTESIAN_POINT('Control Point',(23.5110744948,2.70616885062,-47.3001823138)) ;
#7042=CARTESIAN_POINT('Control Point',(23.8582015637,2.50580880184,-47.2192401326)) ;
#7043=CARTESIAN_POINT('Control Point',(24.1692572035,2.22221387405,-47.1899016301)) ;
#7044=CARTESIAN_POINT('Control Point',(24.4139333505,1.87264804924,-47.2192897537)) ;
#7045=CARTESIAN_POINT('Control Point',(24.5693653621,1.48977284775,-47.3045776259)) ;
#7046=CARTESIAN_POINT('Control Point',(24.6304589838,1.1068976461,-47.4342961223)) ;
#7047=CARTESIAN_POINT('Control Point',(23.656936379,2.77511330362,-47.5098928679)) ;
#7048=CARTESIAN_POINT('Control Point',(23.9942083669,2.57376518082,-47.4407439971)) ;
#7049=CARTESIAN_POINT('Control Point',(24.2959273907,2.29528899368,-47.4230209045)) ;
#7050=CARTESIAN_POINT('Control Point',(24.5340946477,1.95620046081,-47.4625095512)) ;
#7051=CARTESIAN_POINT('Control Point',(24.687604546,1.58653609029,-47.5556324098)) ;
#7052=CARTESIAN_POINT('Control Point',(24.7513695885,1.21687171966,-47.6910224721)) ;
#7053=CARTESIAN_POINT('Control Point',(24.0427270792,2.97755112295,-48.0649628186)) ;
#7054=CARTESIAN_POINT('Control Point',(24.3538155578,2.77633747396,-48.0278804927)) ;
#7055=CARTESIAN_POINT('Control Point',(24.63109061,2.51379629746,-48.0410900102)) ;
#7056=CARTESIAN_POINT('Control Point',(24.8523435114,2.20424766656,-48.1071140754)) ;
#7057=CARTESIAN_POINT('Control Point',(25.0008367836,1.87104657629,-48.2207086938)) ;
#7058=CARTESIAN_POINT('Control Point',(25.0715816896,1.5378454862,-48.3709205182)) ;
#7059=CARTESIAN_POINT('Control Point',(24.4194983633,3.23767980388,-48.6083226987)) ;
#7060=CARTESIAN_POINT('Control Point',(24.7047723323,3.04483968637,-48.6048087362)) ;
#7061=CARTESIAN_POINT('Control Point',(24.9588636914,2.80509468398,-48.6487855375)) ;
#7062=CARTESIAN_POINT('Control Point',(25.1644012343,2.53014215978,-48.7403265943)) ;
#7063=CARTESIAN_POINT('Control Point',(25.3082097163,2.23750492935,-48.8733483431)) ;
#7064=CARTESIAN_POINT('Control Point',(25.3855937068,1.94486769862,-49.0376540871)) ;
#7065=CARTESIAN_POINT('Control Point',(24.6490412542,3.42739944346,-48.9399952563)) ;
#7066=CARTESIAN_POINT('Control Point',(24.918548724,3.2435531881,-48.9577552018)) ;
#7067=CARTESIAN_POINT('Control Point',(25.1588054061,3.02117228663,-49.0206937732)) ;
#7068=CARTESIAN_POINT('Control Point',(25.3550877439,2.77022505258,-49.127684022)) ;
#7069=CARTESIAN_POINT('Control Point',(25.4961507423,2.50494165557,-49.2723968447)) ;
#7070=CARTESIAN_POINT('Control Point',(25.5775421535,2.23965825911,-49.4452132435)) ;
#7071=CARTESIAN_POINT('Control Point',(24.9588387506,3.73850565308,-49.3887572062)) ;
#7072=CARTESIAN_POINT('Control Point',(25.2070952521,3.57348680223,-49.4363375918)) ;
#7073=CARTESIAN_POINT('Control Point',(25.4291243388,3.38052269037,-49.5251885286)) ;
#7074=CARTESIAN_POINT('Control Point',(25.6133807763,3.16717091333,-49.6529763265)) ;
#7075=CARTESIAN_POINT('Control Point',(25.750930797,2.94359783548,-49.8133649016)) ;
#7076=CARTESIAN_POINT('Control Point',(25.837727024,2.72002475742,-49.9976570284)) ;
#7077=CARTESIAN_POINT('Control Point',(25.2310135483,4.14557779692,-49.785779939)) ;
#7078=CARTESIAN_POINT('Control Point',(25.4610382898,4.01120490457,-49.8608486006)) ;
#7079=CARTESIAN_POINT('Control Point',(25.6678658918,3.85777794874,-49.97307111)) ;
#7080=CARTESIAN_POINT('Control Point',(25.8423422758,3.69060752547,-50.1194595247)) ;
#7081=CARTESIAN_POINT('Control Point',(25.9772753623,3.51655107121,-50.2939563747)) ;
#7082=CARTESIAN_POINT('Control Point',(26.0690347706,3.34249461704,-50.4887867653)) ;
#7083=CARTESIAN_POINT('Control Point',(25.3041711258,4.26935007991,-49.8927918109)) ;
#7084=CARTESIAN_POINT('Control Point',(25.5293493618,4.14468077131,-49.9753594893)) ;
#7085=CARTESIAN_POINT('Control Point',(25.7321726273,4.00333273368,-50.0939257427)) ;
#7086=CARTESIAN_POINT('Control Point',(25.9040976826,3.84999867956,-50.2453582489)) ;
#7087=CARTESIAN_POINT('Control Point',(26.0383780233,3.69066026381,-50.4236949639)) ;
#7088=CARTESIAN_POINT('Control Point',(26.1314994218,3.5313218486,-50.6214163385)) ;
#7089=CARTESIAN_POINT('Control Point',(25.4321594338,4.52043414474,-50.0807215048)) ;
#7090=CARTESIAN_POINT('Control Point',(25.6490054494,4.41616756392,-50.1766136571)) ;
#7091=CARTESIAN_POINT('Control Point',(25.8450092592,4.29940776616,-50.3064194996)) ;
#7092=CARTESIAN_POINT('Control Point',(26.0126431,4.17373061448,-50.4668029453)) ;
#7093=CARTESIAN_POINT('Control Point',(26.1459026703,4.04358780018,-50.6519976115)) ;
#7094=CARTESIAN_POINT('Control Point',(26.2414816435,3.91344498542,-50.8549387362)) ;
#7095=CARTESIAN_POINT('Control Point',(25.5348481365,4.80829669449,-50.2332914735)) ;
#7096=CARTESIAN_POINT('Control Point',(25.7454032812,4.72858572857,-50.3402471912)) ;
#7097=CARTESIAN_POINT('Control Point',(25.9363722243,4.64007634105,-50.4794099546)) ;
#7098=CARTESIAN_POINT('Control Point',(26.1009633191,4.54531503319,-50.647335899)) ;
#7099=CARTESIAN_POINT('Control Point',(26.233711137,4.44742347482,-50.8384405007)) ;
#7100=CARTESIAN_POINT('Control Point',(26.3314758589,4.34953191686,-51.0460211188)) ;
#7101=CARTESIAN_POINT('Control Point',(25.5761309436,4.95189460438,-50.2952042175)) ;
#7102=CARTESIAN_POINT('Control Point',(25.7842890617,4.88464132339,-50.4067069519)) ;
#7103=CARTESIAN_POINT('Control Point',(25.9733710958,4.8102205487,-50.5497382889)) ;
#7104=CARTESIAN_POINT('Control Point',(26.1368636505,4.73071606657,-50.7208194764)) ;
#7105=CARTESIAN_POINT('Control Point',(26.2695048896,4.64866643404,-50.9144402433)) ;
#7106=CARTESIAN_POINT('Control Point',(26.3682200867,4.5666168026,-51.1240391844)) ;
#7107=CARTESIAN_POINT('Control Point',(25.6434480692,5.27036620284,-50.3979071175)) ;
#7108=CARTESIAN_POINT('Control Point',(25.8481067597,5.23104714635,-50.5170664303)) ;
#7109=CARTESIAN_POINT('Control Point',(26.0345157983,5.18780188703,-50.6667231926)) ;
#7110=CARTESIAN_POINT('Control Point',(26.1965829412,5.14178154128,-50.8433397033)) ;
#7111=CARTESIAN_POINT('Control Point',(26.3293522524,5.09437204878,-51.0415115949)) ;
#7112=CARTESIAN_POINT('Control Point',(26.42984463,5.04696255507,-51.2548849782)) ;
#7113=CARTESIAN_POINT('Control Point',(25.6642555333,5.61136182573,-50.4346745486)) ;
#7114=CARTESIAN_POINT('Control Point',(25.8690086691,5.60213820857,-50.5568305174)) ;
#7115=CARTESIAN_POINT('Control Point',(26.0557409822,5.59199178371,-50.7094376324)) ;
#7116=CARTESIAN_POINT('Control Point',(26.2184126769,5.58119289274,-50.8889074186)) ;
#7117=CARTESIAN_POINT('Control Point',(26.3520961924,5.57006738741,-51.089804318)) ;
#7118=CARTESIAN_POINT('Control Point',(26.4538053701,5.55894188342,-51.305760196)) ;
#7119=CARTESIAN_POINT('Control Point',(25.6603752715,5.79266911562,-50.4328887346)) ;
#7120=CARTESIAN_POINT('Control Point',(25.866299417,5.79936923062,-50.5551004945)) ;
#7121=CARTESIAN_POINT('Control Point',(26.0541288616,5.80670130433,-50.7080651623)) ;
#7122=CARTESIAN_POINT('Control Point',(26.2177406306,5.81447884053,-50.8881623971)) ;
#7123=CARTESIAN_POINT('Control Point',(26.3521379116,5.82247934311,-51.0898915451)) ;
#7124=CARTESIAN_POINT('Control Point',(26.4542969531,5.83047984449,-51.3068039614)) ;
#7125=CARTESIAN_POINT('Control Point',(25.6427863281,5.9700030901,-50.411448269)) ;
#7126=CARTESIAN_POINT('Control Point',(25.8508816543,5.99203711394,-50.5322928879)) ;
#7127=CARTESIAN_POINT('Control Point',(26.0406374441,6.0163059895,-50.6844871154)) ;
#7128=CARTESIAN_POINT('Control Point',(26.2057427355,6.04215564822,-50.8643770343)) ;
#7129=CARTESIAN_POINT('Control Point',(26.3410516777,6.0687966332,-51.0663531287)) ;
#7130=CARTESIAN_POINT('Control Point',(26.4434716847,6.09543761849,-51.2838189499)) ;
#7131=CARTESIAN_POINT('Control Point',(25.6138788945,6.14146244086,-50.373725924)) ;
#7132=CARTESIAN_POINT('Control Point',(25.8249496516,6.1780195231,-50.4920331633)) ;
#7133=CARTESIAN_POINT('Control Point',(26.0173067945,6.21849922301,-50.642515079)) ;
#7134=CARTESIAN_POINT('Control Point',(26.1843569277,6.26176225305,-50.8214919502)) ;
#7135=CARTESIAN_POINT('Control Point',(26.3207335251,6.30641877788,-51.0232141013)) ;
#7136=CARTESIAN_POINT('Control Point',(26.4232502345,6.35107530338,-51.2408832694)) ;
#7138=CARTESIAN_POINT('Control Point',(25.6138788945,6.14146244086,-50.373725924)) ;
#7139=CARTESIAN_POINT('Control Point',(25.9656634897,6.20239091125,-50.5709046562)) ;
#7140=CARTESIAN_POINT('Control Point',(26.2523890521,6.27664776088,-50.8781013226)) ;
#7141=CARTESIAN_POINT('Control Point',(26.4232502345,6.35107530338,-51.2408832694)) ;
#7142=CARTESIAN_POINT('Vertex',(26.4232502345,6.35107530338,-51.2408832694)) ;
#7146=CARTESIAN_POINT('Control Point',(20.6581895602,2.18426567058,-43.2149183737)) ;
#7147=CARTESIAN_POINT('Control Point',(21.1868436213,2.12430773385,-42.9659377395)) ;
#7148=CARTESIAN_POINT('Control Point',(21.6959625885,1.85026536959,-42.726157509)) ;
#7149=CARTESIAN_POINT('Control Point',(22.088216185,1.36992081652,-42.5414174011)) ;
#7150=CARTESIAN_POINT('Control Point',(22.282877557,0.78213028622,-42.4497374311)) ;
#7151=CARTESIAN_POINT('Control Point',(22.2828775153,0.194710911664,-42.4497373002)) ;
#7152=CARTESIAN_POINT('Vertex',(22.2828788052,0.194711928021,-42.4497400392)) ;
#7156=CARTESIAN_POINT('Control Point',(22.2828787226,0.194710911667,-42.4497398638)) ;
#7157=CARTESIAN_POINT('Control Point',(22.4291096478,0.194711375177,-42.760228193)) ;
#7158=CARTESIAN_POINT('Control Point',(22.5755123938,0.202529335808,-43.0710813451)) ;
#7159=CARTESIAN_POINT('Control Point',(22.7220505922,0.218313398759,-43.3822220998)) ;
#7160=CARTESIAN_POINT('Control Point',(23.144328729,0.287403700266,-44.2788343112)) ;
#7161=CARTESIAN_POINT('Control Point',(23.5666091293,0.427416790297,-45.1754513288)) ;
#7162=CARTESIAN_POINT('Control Point',(23.8412202296,0.551154737647,-45.7585259529)) ;
#7163=CARTESIAN_POINT('Control Point',(24.2380880919,0.782717381315,-46.601185188)) ;
#7164=CARTESIAN_POINT('Control Point',(24.6304589838,1.1068976461,-47.4342961223)) ;
#7165=CARTESIAN_POINT('Control Point',(24.7512620872,1.21675444308,-47.6907942173)) ;
#7166=CARTESIAN_POINT('Control Point',(24.9784184097,1.44446912609,-48.1731093433)) ;
#7167=CARTESIAN_POINT('Control Point',(25.2020741387,1.7149879258,-48.6479917496)) ;
#7168=CARTESIAN_POINT('Control Point',(25.3070787231,1.85380779359,-48.8709452593)) ;
#7169=CARTESIAN_POINT('Control Point',(25.5004409688,2.13476482906,-49.2815062985)) ;
#7170=CARTESIAN_POINT('Control Point',(25.6875822881,2.46416462455,-49.6788586063)) ;
#7171=CARTESIAN_POINT('Control Point',(25.7728937674,2.6291043599,-49.8599982569)) ;
#7172=CARTESIAN_POINT('Control Point',(25.9264813397,2.95883740536,-50.1861067641)) ;
#7173=CARTESIAN_POINT('Control Point',(26.0690179854,3.34247752891,-50.4887511256)) ;
#7174=CARTESIAN_POINT('Control Point',(26.1314994218,3.5313218486,-50.6214163385)) ;
#7175=CARTESIAN_POINT('Control Point',(26.2414816435,3.91344498542,-50.8549387362)) ;
#7176=CARTESIAN_POINT('Control Point',(26.3314758589,4.34953191686,-51.0460211188)) ;
#7177=CARTESIAN_POINT('Control Point',(26.3682084705,4.56668170776,-51.1240145199)) ;
#7178=CARTESIAN_POINT('Control Point',(26.4183294207,4.95709427671,-51.2304350331)) ;
#7179=CARTESIAN_POINT('Control Point',(26.4435214426,5.3686059082,-51.2839245995)) ;
#7180=CARTESIAN_POINT('Control Point',(26.4492606715,5.54145733512,-51.2961105553)) ;
#7181=CARTESIAN_POINT('Control Point',(26.450702283,5.81016725908,-51.2991714917)) ;
#7182=CARTESIAN_POINT('Control Point',(26.4411976452,6.07437047871,-51.2789905407)) ;
#7183=CARTESIAN_POINT('Control Point',(26.4364648312,6.16769439926,-51.2689414796)) ;
#7184=CARTESIAN_POINT('Control Point',(26.4304555024,6.25998698044,-51.2561820276)) ;
#7185=CARTESIAN_POINT('Control Point',(26.4232502345,6.35107530338,-51.2408832694)) ;
#7194=CARTESIAN_POINT('Axis2P3D Location',(15.9297200642,0.194711928021,-33.6541933737)) ;
#7199=CARTESIAN_POINT('Axis2P3D Location',(10.445950958,0.194711928021,-22.0106487117)) ;
#7203=CARTESIAN_POINT('Vertex',(12.2553216161,0.194711928021,-21.1584880334)) ;
#7206=CARTESIAN_POINT('Line Origine',(17.7390907223,0.194711928021,-32.8020326954)) ;
#7219=CARTESIAN_POINT('Control Point',(10.630635028,2.18426451213,-21.923672011)) ;
#7220=CARTESIAN_POINT('Control Point',(11.1592888012,2.12430608247,-21.6746915615)) ;
#7221=CARTESIAN_POINT('Control Point',(11.6680279785,1.84981079367,-21.4350903382)) ;
#7222=CARTESIAN_POINT('Control Point',(12.0602150426,1.36954767847,-21.2503817826)) ;
#7223=CARTESIAN_POINT('Control Point',(12.2553228232,0.782128428239,-21.1584918202)) ;
#7224=CARTESIAN_POINT('Control Point',(12.255323331,0.194709177537,-21.1584916746)) ;
#7225=CARTESIAN_POINT('Control Point',(10.4657159501,2.17662537795,-21.3987534027)) ;
#7226=CARTESIAN_POINT('Control Point',(10.9784126064,2.09632610485,-21.1561078385)) ;
#7227=CARTESIAN_POINT('Control Point',(11.463317923,1.81324823204,-20.9223274472)) ;
#7228=CARTESIAN_POINT('Control Point',(11.8316966529,1.33960921057,-20.7393765752)) ;
#7229=CARTESIAN_POINT('Control Point',(12.0124022474,0.767159704789,-20.642704602)) ;
#7230=CARTESIAN_POINT('Control Point',(12.0079447021,0.194710198504,-20.6332390503)) ;
#7231=CARTESIAN_POINT('Control Point',(10.3007354809,2.17760941827,-20.8738273725)) ;
#7232=CARTESIAN_POINT('Control Point',(10.796222724,2.0784081287,-20.6370878888)) ;
#7233=CARTESIAN_POINT('Control Point',(11.2571434026,1.78824198421,-20.4086970989)) ;
#7234=CARTESIAN_POINT('Control Point',(11.6023739404,1.32200901212,-20.2273793594)) ;
#7235=CARTESIAN_POINT('Control Point',(11.7691714961,0.764823463945,-20.1262585844)) ;
#7236=CARTESIAN_POINT('Control Point',(11.7604739676,0.207637915344,-20.1077908607)) ;
#7237=CARTESIAN_POINT('Control Point',(10.1356663057,2.18741505111,-20.3488113266)) ;
#7238=CARTESIAN_POINT('Control Point',(10.6127884211,2.07080763948,-20.1175994404)) ;
#7239=CARTESIAN_POINT('Control Point',(11.0496126107,1.77503013333,-19.8942205991)) ;
#7240=CARTESIAN_POINT('Control Point',(11.3722920243,1.31698333383,-19.7144208407)) ;
#7241=CARTESIAN_POINT('Control Point',(11.5256199739,0.775387449388,-19.6091315856)) ;
#7242=CARTESIAN_POINT('Control Point',(11.5128701524,0.233791564761,-19.5820601042)) ;
#7243=CARTESIAN_POINT('Control Point',(9.68571016386,2.23907182941,-18.9182323691)) ;
#7244=CARTESIAN_POINT('Control Point',(10.1098868806,2.07928405323,-18.7011478137)) ;
#7245=CARTESIAN_POINT('Control Point',(10.4808437495,1.77223509255,-18.490501294)) ;
#7246=CARTESIAN_POINT('Control Point',(10.7435710829,1.33866151284,-18.314541953)) ;
#7247=CARTESIAN_POINT('Control Point',(10.8612778404,0.840550333444,-18.1985508532)) ;
#7248=CARTESIAN_POINT('Control Point',(10.8379358421,0.342439154363,-18.1489895949)) ;
#7249=CARTESIAN_POINT('Control Point',(9.23702202828,2.36330525669,-17.4932705529)) ;
#7250=CARTESIAN_POINT('Control Point',(9.60104862079,2.17282236853,-17.287902974)) ;
#7251=CARTESIAN_POINT('Control Point',(9.90601480163,1.86577484435,-17.0876314242)) ;
#7252=CARTESIAN_POINT('Control Point',(10.1127966219,1.46284480108,-16.9147193165)) ;
#7253=CARTESIAN_POINT('Control Point',(10.197710951,1.01130240074,-16.7896170425)) ;
#7254=CARTESIAN_POINT('Control Point',(10.1649038074,0.559759999863,-16.719958138)) ;
#7255=CARTESIAN_POINT('Control Point',(8.95476606622,2.47408114892,-16.5975812441)) ;
#7256=CARTESIAN_POINT('Control Point',(9.27839451208,2.26973375233,-16.3987737626)) ;
#7257=CARTESIAN_POINT('Control Point',(9.54185470441,1.96737757072,-16.2042510766)) ;
#7258=CARTESIAN_POINT('Control Point',(9.71475350386,1.58649644818,-16.0329628728)) ;
#7259=CARTESIAN_POINT('Control Point',(9.77994305514,1.16592816267,-15.9025809291)) ;
#7260=CARTESIAN_POINT('Control Point',(9.74151969538,0.74535987739,-15.820997638)) ;
#7261=CARTESIAN_POINT('Control Point',(8.67353955978,2.62201075683,-15.7059780073)) ;
#7262=CARTESIAN_POINT('Control Point',(8.9546118323,2.4099780806,-15.5129580743)) ;
#7263=CARTESIAN_POINT('Control Point',(9.17680459833,2.11737315141,-15.3234606379)) ;
#7264=CARTESIAN_POINT('Control Point',(9.31710332484,1.76165366018,-15.1534996501)) ;
#7265=CARTESIAN_POINT('Control Point',(9.36342456956,1.3741097357,-15.0181989097)) ;
#7266=CARTESIAN_POINT('Control Point',(9.31968006779,0.986565811059,-14.9253165018)) ;
#7267=CARTESIAN_POINT('Control Point',(8.39794849917,2.8201232359,-14.8333994797)) ;
#7268=CARTESIAN_POINT('Control Point',(8.63538350606,2.60834182759,-14.6453212153)) ;
#7269=CARTESIAN_POINT('Control Point',(8.81728089497,2.33178032833,-14.4600750383)) ;
#7270=CARTESIAN_POINT('Control Point',(8.92660346337,2.00542437931,-14.2910806536)) ;
#7271=CARTESIAN_POINT('Control Point',(8.95506725295,1.65400372403,-14.1511436736)) ;
#7272=CARTESIAN_POINT('Control Point',(8.90629341896,1.30258306872,-14.047583356)) ;
#7274=CARTESIAN_POINT('Control Point',(8.39794849917,2.8201232359,-14.8333994797)) ;
#7275=CARTESIAN_POINT('Control Point',(8.69474225778,2.55539647551,-14.5983016492)) ;
#7276=CARTESIAN_POINT('Control Point',(8.89929218915,2.18194622813,-14.3675013425)) ;
#7277=CARTESIAN_POINT('Control Point',(8.96726071145,1.74185888786,-14.177033753)) ;
#7278=CARTESIAN_POINT('Control Point',(8.90629341896,1.30258306872,-14.047583356)) ;
#7279=CARTESIAN_POINT('Vertex',(8.90629341896,1.30258306872,-14.047583356)) ;
#7283=CARTESIAN_POINT('Control Point',(12.2553216161,0.194709177545,-21.1584880334)) ;
#7284=CARTESIAN_POINT('Control Point',(12.0079433297,0.194710270197,-20.6332361363)) ;
#7285=CARTESIAN_POINT('Control Point',(11.7604729382,0.207638023988,-20.107788675)) ;
#7286=CARTESIAN_POINT('Control Point',(11.5129859295,0.23375888392,-19.5823059307)) ;
#7287=CARTESIAN_POINT('Control Point',(11.0277342266,0.311899890283,-18.5519835801)) ;
#7288=CARTESIAN_POINT('Control Point',(10.5439129538,0.446035665695,-17.5246984248)) ;
#7289=CARTESIAN_POINT('Control Point',(10.3069418526,0.526127798006,-17.021543834)) ;
#7290=CARTESIAN_POINT('Control Point',(9.88252687975,0.697515103569,-16.120394534)) ;
#7291=CARTESIAN_POINT('Control Point',(9.4614973834,0.924098281467,-15.2264335284)) ;
#7292=CARTESIAN_POINT('Control Point',(9.27504697628,1.03674169155,-14.8305482166)) ;
#7293=CARTESIAN_POINT('Control Point',(9.08986821154,1.16224761596,-14.4373629501)) ;
#7294=CARTESIAN_POINT('Control Point',(8.90629341896,1.30258306872,-14.047583356)) ;
#7304=CARTESIAN_POINT('Control Point',(7.,5.45409812887,-5.52597657328)) ;
#7305=CARTESIAN_POINT('Control Point',(7.,5.45409812887,-5.52597657328)) ;
#7306=CARTESIAN_POINT('Control Point',(7.,5.45409812887,-5.52597657328)) ;
#7307=CARTESIAN_POINT('Control Point',(7.,5.45409812887,-5.52597657328)) ;
#7308=CARTESIAN_POINT('Control Point',(7.,5.45409812887,-5.52597657328)) ;
#7309=CARTESIAN_POINT('Control Point',(7.,5.45409812887,-5.52597657328)) ;
#7310=CARTESIAN_POINT('Control Point',(7.00002085219,4.7313985368,-7.8745628582)) ;
#7311=CARTESIAN_POINT('Control Point',(7.00028451379,4.64909437343,-7.83521151828)) ;
#7312=CARTESIAN_POINT('Control Point',(7.00045012237,4.56663811365,-7.79586682779)) ;
#7313=CARTESIAN_POINT('Control Point',(7.00040595529,4.48423040551,-7.7564570745)) ;
#7314=CARTESIAN_POINT('Control Point',(7.00023705312,4.40186403329,-7.71694000033)) ;
#7315=CARTESIAN_POINT('Control Point',(7.00002846444,4.31949766305,-7.67742562645)) ;
#7316=CARTESIAN_POINT('Control Point',(7.22615672769,4.01318694197,-10.2209259484)) ;
#7317=CARTESIAN_POINT('Control Point',(7.26943198987,3.84864999671,-10.1417979663)) ;
#7318=CARTESIAN_POINT('Control Point',(7.29918482322,3.68466231152,-10.0626459714)) ;
#7319=CARTESIAN_POINT('Control Point',(7.31579774165,3.52044718663,-9.98374154972)) ;
#7320=CARTESIAN_POINT('Control Point',(7.31896548214,3.35606072716,-9.9052517542)) ;
#7321=CARTESIAN_POINT('Control Point',(7.30839539225,3.19167426095,-9.82676296898)) ;
#7322=CARTESIAN_POINT('Control Point',(7.67867526456,3.33808556499,-12.5557517706)) ;
#7323=CARTESIAN_POINT('Control Point',(7.8132309319,3.1193690618,-12.4313441015)) ;
#7324=CARTESIAN_POINT('Control Point',(7.90537670596,2.88230056504,-12.3077387537)) ;
#7325=CARTESIAN_POINT('Control Point',(7.95438264075,2.63458699055,-12.1870031046)) ;
#7326=CARTESIAN_POINT('Control Point',(7.96089089087,2.3816559078,-12.0714260687)) ;
#7327=CARTESIAN_POINT('Control Point',(7.92546634317,2.12872482892,-11.964746072)) ;
#7328=CARTESIAN_POINT('Control Point',(8.39794718793,2.82012455903,-14.8333986008)) ;
#7329=CARTESIAN_POINT('Control Point',(8.63538202527,2.60834319396,-14.6453203857)) ;
#7330=CARTESIAN_POINT('Control Point',(8.81727925744,2.33178181696,-14.4600742544)) ;
#7331=CARTESIAN_POINT('Control Point',(8.92660170684,2.00542605517,-14.2910798985)) ;
#7332=CARTESIAN_POINT('Control Point',(8.95506543067,1.65400561848,-14.1511429181)) ;
#7333=CARTESIAN_POINT('Control Point',(8.9062915823,1.302585179,-14.0475825677)) ;
#7335=CARTESIAN_POINT('Control Point',(7.,5.45409812887,-5.52597657328)) ;
#7336=CARTESIAN_POINT('Control Point',(7.,5.45225126798,-5.52948162221)) ;
#7337=CARTESIAN_POINT('Control Point',(7.,5.45040440709,-5.53298667114)) ;
#7338=CARTESIAN_POINT('Control Point',(7.00000230244,5.44855752163,-5.53649162991)) ;
#7339=CARTESIAN_POINT('Control Point',(7.00007044628,5.39393367382,-5.64016076444)) ;
#7340=CARTESIAN_POINT('Control Point',(7.00081040281,5.33931863809,-5.74382806854)) ;
#7341=CARTESIAN_POINT('Control Point',(7.0021521641,5.28653879624,-5.843992752)) ;
#7342=CARTESIAN_POINT('Control Point',(7.02851620026,4.58019734785,-7.18502433087)) ;
#7343=CARTESIAN_POINT('Control Point',(7.16736133044,3.87762285669,-8.52527327753)) ;
#7344=CARTESIAN_POINT('Control Point',(7.39261976943,3.24380719406,-9.76201810951)) ;
#7345=CARTESIAN_POINT('Control Point',(7.81693818966,2.45566781349,-11.3659531252)) ;
#7346=CARTESIAN_POINT('Control Point',(8.42266705541,1.75562999622,-12.9500660121)) ;
#7347=CARTESIAN_POINT('Control Point',(8.57360188987,1.59816572502,-13.3174120774)) ;
#7348=CARTESIAN_POINT('Control Point',(8.73474220382,1.44684958986,-13.6833364269)) ;
#7349=CARTESIAN_POINT('Control Point',(8.9062915823,1.302585179,-14.0475825677)) ;
#7358=CARTESIAN_POINT('Control Point',(22.2976351447,22.1716842031,-43.5085225822)) ;
#7359=CARTESIAN_POINT('Control Point',(22.5197420586,22.3043710237,-43.5848302826)) ;
#7360=CARTESIAN_POINT('Control Point',(22.7191114834,22.4549390631,-43.6962270601)) ;
#7361=CARTESIAN_POINT('Control Point',(22.8873079769,22.6183661875,-43.8398382679)) ;
#7362=CARTESIAN_POINT('Control Point',(23.0177271627,22.7882352934,-44.0100248912)) ;
#7363=CARTESIAN_POINT('Control Point',(23.1070058028,22.9581043976,-44.1995875104)) ;
#7364=CARTESIAN_POINT('Control Point',(23.2902363604,19.405416845,-45.5613833263)) ;
#7365=CARTESIAN_POINT('Control Point',(23.5088646543,19.5213969069,-45.6504751735)) ;
#7366=CARTESIAN_POINT('Control Point',(23.7060140866,19.6518275502,-45.7739575745)) ;
#7367=CARTESIAN_POINT('Control Point',(23.8738500862,19.792596222,-45.9286290296)) ;
#7368=CARTESIAN_POINT('Control Point',(24.0061601633,19.9385425428,-46.1087387528)) ;
#7369=CARTESIAN_POINT('Control Point',(24.0996070186,20.0844888626,-46.3071519179)) ;
#7370=CARTESIAN_POINT('Control Point',(24.1446896233,16.3705699854,-47.330081024)) ;
#7371=CARTESIAN_POINT('Control Point',(24.3604618632,16.4682549575,-47.4300222002)) ;
#7372=CARTESIAN_POINT('Control Point',(24.5557961963,16.5773530207,-47.5636108536)) ;
#7373=CARTESIAN_POINT('Control Point',(24.7233355194,16.6945862848,-47.7274319725)) ;
#7374=CARTESIAN_POINT('Control Point',(24.8571877749,16.8158932853,-47.9157029778)) ;
#7375=CARTESIAN_POINT('Control Point',(24.9540602814,16.9372002867,-48.1213903614)) ;
#7376=CARTESIAN_POINT('Control Point',(24.8322541396,13.1017236626,-48.7542248619)) ;
#7377=CARTESIAN_POINT('Control Point',(25.0458051816,13.1798011547,-48.8627904039)) ;
#7378=CARTESIAN_POINT('Control Point',(25.2397318082,13.2665926227,-49.0043337241)) ;
#7379=CARTESIAN_POINT('Control Point',(25.4070400544,13.3595802426,-49.1753057165)) ;
#7380=CARTESIAN_POINT('Control Point',(25.5420863463,13.4556702861,-49.3699304099)) ;
#7381=CARTESIAN_POINT('Control Point',(25.6416247977,13.5517603267,-49.5812782593)) ;
#7382=CARTESIAN_POINT('Control Point',(25.325645617,9.66539269018,-49.7764694789)) ;
#7383=CARTESIAN_POINT('Control Point',(25.5376275375,9.72294866847,-49.8911896092)) ;
#7384=CARTESIAN_POINT('Control Point',(25.730561019,9.7867612355,-50.0383841645)) ;
#7385=CARTESIAN_POINT('Control Point',(25.8977059091,9.85501632833,-50.2144197781)) ;
#7386=CARTESIAN_POINT('Control Point',(26.0335939353,9.92549566722,-50.4135355142)) ;
#7387=CARTESIAN_POINT('Control Point',(26.1350162751,9.99597500284,-50.6288835819)) ;
#7388=CARTESIAN_POINT('Control Point',(25.6138934712,6.14142038564,-50.3737518186)) ;
#7389=CARTESIAN_POINT('Control Point',(25.8249644676,6.17797801091,-50.4920592866)) ;
#7390=CARTESIAN_POINT('Control Point',(26.0173217053,6.21845834015,-50.6425417252)) ;
#7391=CARTESIAN_POINT('Control Point',(26.1843717349,6.26172206092,-50.8215193809)) ;
#7392=CARTESIAN_POINT('Control Point',(26.3207479951,6.30637930563,-51.0232425114)) ;
#7393=CARTESIAN_POINT('Control Point',(26.4232641293,6.35103654802,-51.2409127717)) ;
#7395=CARTESIAN_POINT('Control Point',(23.4175565628,22.0315824214,-44.8589718816)) ;
#7396=CARTESIAN_POINT('Control Point',(23.7047376562,21.1483158091,-45.4687360461)) ;
#7397=CARTESIAN_POINT('Control Point',(23.9789779841,20.2410484544,-46.051023419)) ;
#7398=CARTESIAN_POINT('Control Point',(24.239508618,19.3108594574,-46.6042013541)) ;
#7399=CARTESIAN_POINT('Control Point',(25.0070265165,16.3420692289,-48.2338521941)) ;
#7400=CARTESIAN_POINT('Control Point',(25.6270828289,13.1775448544,-49.5504016744)) ;
#7401=CARTESIAN_POINT('Control Point',(25.973544065,10.9520892988,-50.2860338277)) ;
#7402=CARTESIAN_POINT('Control Point',(26.2399047736,8.66962490012,-50.8515906092)) ;
#7403=CARTESIAN_POINT('Control Point',(26.4232601383,6.35108701479,-51.2409042977)) ;
#7413=CARTESIAN_POINT('Control Point',(14.6435189014,-23.2866242235,-37.818601353)) ;
#7414=CARTESIAN_POINT('Control Point',(11.7976880478,-23.7166232765,-35.6242027117)) ;
#7415=CARTESIAN_POINT('Control Point',(9.45715492049,-24.2703589649,-32.7983433667)) ;
#7416=CARTESIAN_POINT('Control Point',(7.81832420106,-24.9187517958,-29.4894236445)) ;
#7417=CARTESIAN_POINT('Control Point',(7.0000841386,-25.6147643982,-25.9374876615)) ;
#7418=CARTESIAN_POINT('Control Point',(7.,-26.310733303,-22.3857746795)) ;
#7419=CARTESIAN_POINT('Control Point',(14.6435189014,-23.2866242235,-37.818601353)) ;
#7420=CARTESIAN_POINT('Control Point',(11.7976880478,-23.9362012936,-35.6672296885)) ;
#7421=CARTESIAN_POINT('Control Point',(9.45715492049,-24.7727008244,-32.896778774)) ;
#7422=CARTESIAN_POINT('Control Point',(7.81832420106,-25.7521939475,-29.6527391557)) ;
#7423=CARTESIAN_POINT('Control Point',(7.0000841386,-26.8036237678,-26.1704482519)) ;
#7424=CARTESIAN_POINT('Control Point',(7.,-27.8549875763,-22.6883759765)) ;
#7425=CARTESIAN_POINT('Control Point',(14.7484859484,-23.2707626068,-37.8995473688)) ;
#7426=CARTESIAN_POINT('Control Point',(11.8667301374,-24.1344374358,-35.8213386587)) ;
#7427=CARTESIAN_POINT('Control Point',(9.4934260876,-25.2490980744,-33.1317347879)) ;
#7428=CARTESIAN_POINT('Control Point',(7.83038103719,-26.5559477843,-29.9734304168)) ;
#7429=CARTESIAN_POINT('Control Point',(7.00008553115,-27.9594915912,-26.5792906168)) ;
#7430=CARTESIAN_POINT('Control Point',(7.,-29.3629454313,-23.1853736643)) ;
#7431=CARTESIAN_POINT('Control Point',(14.9555214421,-23.2394880261,-38.0591498049)) ;
#7432=CARTESIAN_POINT('Control Point',(12.0029565374,-24.2874929188,-36.0785869518)) ;
#7433=CARTESIAN_POINT('Control Point',(9.56501176254,-25.652148905,-33.4899551186)) ;
#7434=CARTESIAN_POINT('Control Point',(7.85418379855,-27.2601375931,-30.4333092906)) ;
#7435=CARTESIAN_POINT('Control Point',(7.00009553552,-28.9905888541,-27.1410918879)) ;
#7436=CARTESIAN_POINT('Control Point',(7.,-30.7209206546,-23.8491092104)) ;
#7437=CARTESIAN_POINT('Control Point',(15.5344640483,-23.1524415183,-38.5033715205)) ;
#7438=CARTESIAN_POINT('Control Point',(12.3860067073,-24.534028985,-36.7580582593)) ;
#7439=CARTESIAN_POINT('Control Point',(9.76693213142,-26.3799482487,-34.4100262397)) ;
#7440=CARTESIAN_POINT('Control Point',(7.92129441072,-28.5863531534,-31.5927511161)) ;
#7441=CARTESIAN_POINT('Control Point',(7.00011643032,-30.9743468909,-28.5390376819)) ;
#7442=CARTESIAN_POINT('Control Point',(7.,-33.3621387581,-25.4855966843)) ;
#7443=CARTESIAN_POINT('Control Point',(16.3223169295,-23.0350155804,-39.1026292784)) ;
#7444=CARTESIAN_POINT('Control Point',(12.9131389965,-24.6135415293,-37.6201325448)) ;
#7445=CARTESIAN_POINT('Control Point',(10.0466225999,-26.8135418594,-35.5423435911)) ;
#7446=CARTESIAN_POINT('Control Point',(8.01419646824,-29.5041644444,-32.9936760655)) ;
#7447=CARTESIAN_POINT('Control Point',(7.00015591119,-32.4423465668,-30.2073637938)) ;
#7448=CARTESIAN_POINT('Control Point',(7.,-35.3801917281,-27.4213820221)) ;
#7449=CARTESIAN_POINT('Control Point',(16.7832563604,-22.9667286337,-39.4511176339)) ;
#7450=CARTESIAN_POINT('Control Point',(13.2239915474,-24.616835519,-38.1107494686)) ;
#7451=CARTESIAN_POINT('Control Point',(10.2123140229,-26.9771601629,-36.1824951355)) ;
#7452=CARTESIAN_POINT('Control Point',(8.06920039896,-29.9034628146,-33.784749595)) ;
#7453=CARTESIAN_POINT('Control Point',(7.00017616821,-33.115632032,-31.1498151592)) ;
#7454=CARTESIAN_POINT('Control Point',(7.,-36.327370162,-28.5152467193)) ;
#7455=CARTESIAN_POINT('Control Point',(17.7138339285,-22.8296839754,-40.1504987333)) ;
#7456=CARTESIAN_POINT('Control Point',(13.8569477221,-24.5604541047,-39.0768882168)) ;
#7457=CARTESIAN_POINT('Control Point',(10.5514236515,-27.1764439549,-37.4377686141)) ;
#7458=CARTESIAN_POINT('Control Point',(8.18172957652,-30.5110912873,-35.3379997104)) ;
#7459=CARTESIAN_POINT('Control Point',(7.00024273897,-34.2094831285,-33.0049788891)) ;
#7460=CARTESIAN_POINT('Control Point',(7.,-37.907213931,-30.672396209)) ;
#7461=CARTESIAN_POINT('Control Point',(18.7133821845,-22.6841208034,-40.8933557351)) ;
#7462=CARTESIAN_POINT('Control Point',(14.5486707021,-24.3990594017,-40.067483804)) ;
#7463=CARTESIAN_POINT('Control Point',(10.9258890648,-27.1827979858,-38.7176743099)) ;
#7464=CARTESIAN_POINT('Control Point',(8.30582428271,-30.8542940738,-36.9318419814)) ;
#7465=CARTESIAN_POINT('Control Point',(7.00031714504,-34.9764432803,-34.9246162101)) ;
#7466=CARTESIAN_POINT('Control Point',(7.,-39.0975794259,-32.9178961606)) ;
#7467=CARTESIAN_POINT('Control Point',(19.2025366318,-22.6132687802,-41.2549387846)) ;
#7468=CARTESIAN_POINT('Control Point',(14.8901736763,-24.301319966,-40.5415167694)) ;
#7469=CARTESIAN_POINT('Control Point',(11.1117535215,-27.1474849025,-39.3290717792)) ;
#7470=CARTESIAN_POINT('Control Point',(8.36738502748,-30.965931163,-37.6967499384)) ;
#7471=CARTESIAN_POINT('Control Point',(7.0003644429,-35.2786452887,-35.8509140473)) ;
#7472=CARTESIAN_POINT('Control Point',(7.,-39.5901445861,-34.005612574)) ;
#7473=CARTESIAN_POINT('Control Point',(20.9776277585,-22.3575084273,-42.5601683702)) ;
#7474=CARTESIAN_POINT('Control Point',(16.1410573337,-23.8872320312,-42.2218396835)) ;
#7475=CARTESIAN_POINT('Control Point',(11.7964662763,-26.896907312,-41.4927541813)) ;
#7476=CARTESIAN_POINT('Control Point',(8.59400193185,-31.1924344639,-40.4192281923)) ;
#7477=CARTESIAN_POINT('Control Point',(7.00055117839,-36.144778571,-39.1693981053)) ;
#7478=CARTESIAN_POINT('Control Point',(7.,-41.0950488946,-37.9201774303)) ;
#7479=CARTESIAN_POINT('Control Point',(22.8495157147,-22.0925850814,-43.9121720218)) ;
#7480=CARTESIAN_POINT('Control Point',(17.5050832299,-23.2615165535,-43.8441180601)) ;
#7481=CARTESIAN_POINT('Control Point',(12.5586587522,-26.2382485489,-43.5683413411)) ;
#7482=CARTESIAN_POINT('Control Point',(8.84557405498,-30.8562894574,-43.0965767812)) ;
#7483=CARTESIAN_POINT('Control Point',(7.00081965829,-36.318690618,-42.5233636415)) ;
#7484=CARTESIAN_POINT('Control Point',(7.,-41.7775590371,-41.9506647655)) ;
#7485=CARTESIAN_POINT('Control Point',(24.2202019968,-21.9010061118,-44.8898105709)) ;
#7486=CARTESIAN_POINT('Control Point',(18.5320061721,-22.7319288919,-44.9434267762)) ;
#7487=CARTESIAN_POINT('Control Point',(13.1425554253,-25.5992433244,-44.9659461738)) ;
#7488=CARTESIAN_POINT('Control Point',(9.03785145045,-30.3803507229,-44.9487393674)) ;
#7489=CARTESIAN_POINT('Control Point',(7.00108921975,-36.1519851071,-44.9099786954)) ;
#7490=CARTESIAN_POINT('Control Point',(7.,-41.9186142076,-44.8714687869)) ;
#7491=CARTESIAN_POINT('Control Point',(25.6084296144,-21.7091592396,-45.8689253521)) ;
#7492=CARTESIAN_POINT('Control Point',(19.6048108549,-22.1395067085,-45.9530662742)) ;
#7493=CARTESIAN_POINT('Control Point',(13.7649615392,-24.8142503344,-46.2323362987)) ;
#7494=CARTESIAN_POINT('Control Point',(9.24219448975,-29.6852643741,-46.6916912792)) ;
#7495=CARTESIAN_POINT('Control Point',(7.00143171989,-35.7022022103,-47.2436817779)) ;
#7496=CARTESIAN_POINT('Control Point',(7.,-41.712039809,-47.7952846762)) ;
#7497=CARTESIAN_POINT('Control Point',(27.0000372211,-21.5187686838,-46.8405654729)) ;
#7498=CARTESIAN_POINT('Control Point',(20.7184489971,-21.52059825,-46.840923977)) ;
#7499=CARTESIAN_POINT('Control Point',(14.4267850862,-23.9315554756,-47.3133518226)) ;
#7500=CARTESIAN_POINT('Control Point',(9.45869520258,-28.80691921,-48.2686809182)) ;
#7501=CARTESIAN_POINT('Control Point',(7.00187605024,-34.9811603315,-49.4785254566)) ;
#7502=CARTESIAN_POINT('Control Point',(7.,-41.1455182873,-50.6864333855)) ;
#7504=CARTESIAN_POINT('Control Point',(23.4175529482,-22.0315820936,-44.8589648856)) ;
#7505=CARTESIAN_POINT('Control Point',(23.2514878665,-22.0604031048,-44.5063634517)) ;
#7506=CARTESIAN_POINT('Control Point',(23.022545726,-22.0873719905,-44.1623390369)) ;
#7507=CARTESIAN_POINT('Control Point',(22.7355242404,-22.109915158,-43.8237477926)) ;
#7508=CARTESIAN_POINT('Control Point',(22.2976388146,-22.1716838747,-43.5085234061)) ;
#7509=CARTESIAN_POINT('Vertex',(22.2976465867,-22.1716804812,-43.5085119448)) ;
#7511=CARTESIAN_POINT('Vertex',(23.4175559763,-22.0315809394,-44.8589706363)) ;
#7515=CARTESIAN_POINT('Control Point',(16.9999995875,-22.9349818609,-39.6131315704)) ;
#7516=CARTESIAN_POINT('Control Point',(17.1500384756,-22.9128578924,-39.7260369243)) ;
#7517=CARTESIAN_POINT('Control Point',(17.3026054708,-22.8904011651,-39.8406405337)) ;
#7518=CARTESIAN_POINT('Control Point',(17.4574099696,-22.8676565382,-39.9567134724)) ;
#7519=CARTESIAN_POINT('Control Point',(18.0711597493,-22.7776469881,-40.4160606873)) ;
#7520=CARTESIAN_POINT('Control Point',(18.7133821845,-22.6841208034,-40.8933557351)) ;
#7521=CARTESIAN_POINT('Control Point',(19.2025820616,-22.6132617474,-41.2549736176)) ;
#7522=CARTESIAN_POINT('Control Point',(20.1045858367,-22.4832992702,-41.918216992)) ;
#7523=CARTESIAN_POINT('Control Point',(21.0317367616,-22.3509473759,-42.593654065)) ;
#7524=CARTESIAN_POINT('Control Point',(21.4502883434,-22.2914405791,-42.8973373646)) ;
#7525=CARTESIAN_POINT('Control Point',(21.8724210348,-22.2316628841,-43.2024025966)) ;
#7526=CARTESIAN_POINT('Control Point',(22.2976463699,-22.1716804251,-43.5085122351)) ;
#7529=CARTESIAN_POINT('Control Point',(23.4175557358,-22.0315816098,-44.8589708044)) ;
#7530=CARTESIAN_POINT('Control Point',(23.7323812604,-21.97694249,-45.5274286352)) ;
#7531=CARTESIAN_POINT('Control Point',(24.0547308265,-21.861613904,-46.2118674638)) ;
#7532=CARTESIAN_POINT('Control Point',(24.3665990369,-21.6896470461,-46.874049143)) ;
#7547=CARTESIAN_POINT('Control Point',(25.6138941063,-6.14147032835,-50.3737395406)) ;
#7548=CARTESIAN_POINT('Control Point',(25.2535864935,-10.5464575087,-49.6271278693)) ;
#7549=CARTESIAN_POINT('Control Point',(24.5502559856,-14.806827431,-48.1699573091)) ;
#7550=CARTESIAN_POINT('Control Point',(23.5384028875,-18.7137973359,-46.0746305827)) ;
#7551=CARTESIAN_POINT('Control Point',(22.2976465867,-22.1716804812,-43.5085119448)) ;
#7552=CARTESIAN_POINT('Vertex',(25.6138770905,-6.14146915298,-50.3737297871)) ;
#7556=CARTESIAN_POINT('Control Point',(25.6138770905,-6.14146915298,-50.3737297871)) ;
#7557=CARTESIAN_POINT('Control Point',(22.7299842605,-6.36373662394,-48.6692862845)) ;
#7558=CARTESIAN_POINT('Control Point',(19.8564915561,-6.58799313314,-46.9652935407)) ;
#7559=CARTESIAN_POINT('Control Point',(16.9999999098,-6.8147207647,-45.2633750931)) ;
#7568=CARTESIAN_POINT('Axis2P3D Location',(16.7859440128,-2.,-30.7782410174)) ;
#7573=CARTESIAN_POINT('Line Origine',(15.0782486496,-2.18426630319,-31.3671732595)) ;
#7577=CARTESIAN_POINT('Vertex',(10.630633972,-2.18426630319,-21.9236684118)) ;
#7579=CARTESIAN_POINT('Vertex',(20.6581911548,-2.18426630319,-43.2149204041)) ;
#7583=CARTESIAN_POINT('Control Point',(10.630633972,-2.44520172211,-27.8922061717)) ;
#7584=CARTESIAN_POINT('Control Point',(10.630633972,-2.18426630319,-21.9236684118)) ;
#7587=CARTESIAN_POINT('Control Point',(20.6581911548,-2.18426630319,-43.2149204041)) ;
#7588=CARTESIAN_POINT('Control Point',(19.9814442307,-2.22954682395,-42.8137306691)) ;
#7589=CARTESIAN_POINT('Control Point',(19.3055554417,-2.274754279,-42.4126917125)) ;
#7590=CARTESIAN_POINT('Control Point',(18.6306340004,-2.31988012568,-42.0118400216)) ;
#7600=CARTESIAN_POINT('Control Point',(27.3257779018,-1.73767963047,-47.1569802538)) ;
#7601=CARTESIAN_POINT('Control Point',(27.0062463736,-1.7912934052,-47.7048684866)) ;
#7602=CARTESIAN_POINT('Control Point',(26.6983981036,-1.97082848368,-48.2472610468)) ;
#7603=CARTESIAN_POINT('Control Point',(26.4191375072,-2.27365080948,-48.7551955921)) ;
#7604=CARTESIAN_POINT('Control Point',(25.9487376365,-3.09228349635,-49.6458590543)) ;
#7605=CARTESIAN_POINT('Control Point',(25.6926194655,-4.23293939703,-50.2097957093)) ;
#7606=CARTESIAN_POINT('Control Point',(25.6278034834,-4.85802976558,-50.3907550423)) ;
#7607=CARTESIAN_POINT('Control Point',(25.629828891,-5.50324398387,-50.4606665762)) ;
#7608=CARTESIAN_POINT('Control Point',(25.6951439298,-6.13520639302,-50.4217585946)) ;
#7609=CARTESIAN_POINT('Control Point',(25.5790683351,-1.85478365014,-46.1268300613)) ;
#7610=CARTESIAN_POINT('Control Point',(25.2583730828,-1.90856389624,-46.6760553504)) ;
#7611=CARTESIAN_POINT('Control Point',(24.9494251903,-2.08895719324,-47.2197549017)) ;
#7612=CARTESIAN_POINT('Control Point',(24.6692840004,-2.39330831534,-47.7287358903)) ;
#7613=CARTESIAN_POINT('Control Point',(24.1978363543,-3.21597691281,-48.6205317739)) ;
#7614=CARTESIAN_POINT('Control Point',(23.9423257497,-4.3615749485,-49.1832693049)) ;
#7615=CARTESIAN_POINT('Control Point',(23.8782875083,-4.98910363218,-49.3629391197)) ;
#7616=CARTESIAN_POINT('Control Point',(23.8815423025,-5.6363892006,-49.4308847723)) ;
#7617=CARTESIAN_POINT('Control Point',(23.9484343631,-6.26979666172,-49.3894805098)) ;
#7618=CARTESIAN_POINT('Control Point',(23.8356044062,-1.97160305407,-45.097061055)) ;
#7619=CARTESIAN_POINT('Control Point',(23.5136758392,-2.02555897484,-45.6476863217)) ;
#7620=CARTESIAN_POINT('Control Point',(23.2035622534,-2.20685770303,-46.192754136)) ;
#7621=CARTESIAN_POINT('Control Point',(22.9224875901,-2.51282159854,-46.7028280946)) ;
#7622=CARTESIAN_POINT('Control Point',(22.4499299204,-3.33974509995,-47.595795187)) ;
#7623=CARTESIAN_POINT('Control Point',(22.1950644668,-4.49054290087,-48.1572439356)) ;
#7624=CARTESIAN_POINT('Control Point',(22.1318511343,-5.12063272071,-48.3355420067)) ;
#7625=CARTESIAN_POINT('Control Point',(22.1364087835,-5.77008666264,-48.4014045224)) ;
#7626=CARTESIAN_POINT('Control Point',(22.2049704342,-6.40499629837,-48.3573618248)) ;
#7627=CARTESIAN_POINT('Control Point',(22.0959254079,-2.08809491489,-44.0678363969)) ;
#7628=CARTESIAN_POINT('Control Point',(21.7726859543,-2.14223669608,-44.6199299791)) ;
#7629=CARTESIAN_POINT('Control Point',(21.4613329908,-2.32449302133,-45.1664325733)) ;
#7630=CARTESIAN_POINT('Control Point',(21.1792658843,-2.63216245126,-45.6776496953)) ;
#7631=CARTESIAN_POINT('Control Point',(20.7055288529,-3.46358242913,-46.5718283237)) ;
#7632=CARTESIAN_POINT('Control Point',(20.4513505918,-4.61986295683,-47.1318868533)) ;
#7633=CARTESIAN_POINT('Control Point',(20.3890148228,-5.25264829435,-47.3087212639)) ;
#7634=CARTESIAN_POINT('Control Point',(20.3949572135,-5.90437586704,-47.3723703358)) ;
#7635=CARTESIAN_POINT('Control Point',(20.4652914359,-6.54084827935,-47.325531933)) ;
#7636=CARTESIAN_POINT('Control Point',(20.3606273435,-2.20421123507,-43.0393236877)) ;
#7637=CARTESIAN_POINT('Control Point',(20.0359897024,-2.25855026302,-43.5929602756)) ;
#7638=CARTESIAN_POINT('Control Point',(19.7233143894,-2.44182232285,-44.1409703122)) ;
#7639=CARTESIAN_POINT('Control Point',(19.4401884419,-2.75130062006,-44.653385032)) ;
#7640=CARTESIAN_POINT('Control Point',(18.9651940773,-3.58748574918,-45.5488170188)) ;
#7641=CARTESIAN_POINT('Control Point',(18.71175051,-4.74956213188,-46.1073693962)) ;
#7642=CARTESIAN_POINT('Control Point',(18.6503516603,-5.38519103454,-46.282636429)) ;
#7643=CARTESIAN_POINT('Control Point',(18.6577709389,-6.03930704876,-46.3439259658)) ;
#7644=CARTESIAN_POINT('Control Point',(18.7299933715,-6.67740657748,-46.2941164158)) ;
#7645=CARTESIAN_POINT('Control Point',(18.6306340004,-2.31988012568,-42.0118400216)) ;
#7646=CARTESIAN_POINT('Control Point',(18.3044983737,-2.37442924502,-42.5671013377)) ;
#7647=CARTESIAN_POINT('Control Point',(17.9904057881,-2.55878253945,-43.1166982565)) ;
#7648=CARTESIAN_POINT('Control Point',(17.7061450452,-2.87018608827,-43.630369428)) ;
#7649=CARTESIAN_POINT('Control Point',(17.2298043159,-3.71143834198,-44.5270967993)) ;
#7650=CARTESIAN_POINT('Control Point',(16.9771500429,-4.87966009691,-45.0840077872)) ;
#7651=CARTESIAN_POINT('Control Point',(16.9167561213,-5.51829679236,-45.257588571)) ;
#7652=CARTESIAN_POINT('Control Point',(16.9257576075,-6.17492681434,-45.3163526476)) ;
#7653=CARTESIAN_POINT('Control Point',(17.0000000283,-6.81472106966,-45.2633740978)) ;
#7655=CARTESIAN_POINT('Control Point',(20.6581876358,-2.18426672953,-43.214922684)) ;
#7656=CARTESIAN_POINT('Control Point',(20.8368742529,-2.17883382389,-43.4700505052)) ;
#7657=CARTESIAN_POINT('Control Point',(21.0156350916,-2.17861461627,-43.7253840024)) ;
#7658=CARTESIAN_POINT('Control Point',(21.1944232215,-2.18370977752,-43.9808589886)) ;
#7659=CARTESIAN_POINT('Control Point',(21.8592726228,-2.22303082394,-44.9312858981)) ;
#7660=CARTESIAN_POINT('Control Point',(22.5220830781,-2.34134227912,-45.8803412309)) ;
#7661=CARTESIAN_POINT('Control Point',(23.0029631824,-2.47567945177,-46.5698538016)) ;
#7662=CARTESIAN_POINT('Control Point',(23.7278393925,-2.76006655889,-47.6108463442)) ;
#7663=CARTESIAN_POINT('Control Point',(24.4191360498,-3.23747164795,-48.6078011254)) ;
#7664=CARTESIAN_POINT('Control Point',(24.6489110245,-3.42733000971,-48.9398081574)) ;
#7665=CARTESIAN_POINT('Control Point',(24.9588902122,-3.73853314253,-49.3888311074)) ;
#7666=CARTESIAN_POINT('Control Point',(25.230993516,-4.14556731763,-49.7857511442)) ;
#7667=CARTESIAN_POINT('Control Point',(25.3041713186,-4.26935041883,-49.8927920701)) ;
#7668=CARTESIAN_POINT('Control Point',(25.4321596028,-4.5204345175,-50.0807217312)) ;
#7669=CARTESIAN_POINT('Control Point',(25.5348482851,-4.80829716024,-50.2332916731)) ;
#7670=CARTESIAN_POINT('Control Point',(25.5761158053,-4.95193886145,-50.2951835491)) ;
#7671=CARTESIAN_POINT('Control Point',(25.6434649855,-5.27031829575,-50.397930199)) ;
#7672=CARTESIAN_POINT('Control Point',(25.6642369093,-5.61141556445,-50.4346491106)) ;
#7673=CARTESIAN_POINT('Control Point',(25.6603515077,-5.79255243471,-50.4328450662)) ;
#7674=CARTESIAN_POINT('Control Point',(25.6427860914,-5.97000336788,-50.4114486177)) ;
#7675=CARTESIAN_POINT('Control Point',(25.6138770905,-6.14146904084,-50.3737296368)) ;
#7684=CARTESIAN_POINT('Axis2P3D Location',(11.,-4.84762623824,8.34623132607)) ;
#7690=CARTESIAN_POINT('Control Point',(8.39794711547,-2.8201229565,-14.8333995537)) ;
#7691=CARTESIAN_POINT('Control Point',(8.83343317216,-2.50704821747,-16.212191378)) ;
#7692=CARTESIAN_POINT('Control Point',(9.27999338597,-2.32038311094,-17.6293113837)) ;
#7693=CARTESIAN_POINT('Control Point',(9.72811734533,-2.20628330198,-19.0523453298)) ;
#7694=CARTESIAN_POINT('Control Point',(10.1805212497,-2.16341416278,-20.4910296583)) ;
#7695=CARTESIAN_POINT('Control Point',(10.6306484787,-2.18426475834,-21.9236638764)) ;
#7696=CARTESIAN_POINT('Vertex',(8.39794711547,-2.8201229565,-14.8333995537)) ;
#7700=CARTESIAN_POINT('Control Point',(8.39795215525,-2.82011854888,-14.8333975663)) ;
#7701=CARTESIAN_POINT('Control Point',(7.67867648416,-3.33720902638,-12.5560762737)) ;
#7702=CARTESIAN_POINT('Control Point',(7.22619298554,-4.01319543003,-10.2209338665)) ;
#7703=CARTESIAN_POINT('Control Point',(7.,-4.73217725271,-7.8741497928)) ;
#7704=CARTESIAN_POINT('Control Point',(7.,-5.45409812887,-5.52597657328)) ;
#7714=CARTESIAN_POINT('Axis2P3D Location',(7.,0.,-10.)) ;
#7719=CARTESIAN_POINT('Line Origine',(8.90629341896,-7.07119449883E-007,-14.047583356)) ;
#7723=CARTESIAN_POINT('Vertex',(8.90629341896,-1.30258448296,-14.047583356)) ;
#7727=CARTESIAN_POINT('Control Point',(8.90629341896,-1.30258448296,-14.047583356)) ;
#7728=CARTESIAN_POINT('Control Point',(8.93620142591,-1.27971811335,-14.1110862511)) ;
#7729=CARTESIAN_POINT('Control Point',(8.96614525592,-1.2572505943,-14.1746652085)) ;
#7730=CARTESIAN_POINT('Control Point',(8.99612335238,-1.23517336514,-14.2383169229)) ;
#7731=CARTESIAN_POINT('Control Point',(9.43374079714,-0.918816665466,-15.167498689)) ;
#7732=CARTESIAN_POINT('Control Point',(9.87874955285,-0.681499360745,-16.1123742338)) ;
#7733=CARTESIAN_POINT('Control Point',(10.2935325886,-0.512250505954,-16.9930722917)) ;
#7734=CARTESIAN_POINT('Control Point',(10.9364805081,-0.320853037027,-18.3582269274)) ;
#7735=CARTESIAN_POINT('Control Point',(11.5816240264,-0.226841914678,-19.7280434209)) ;
#7736=CARTESIAN_POINT('Control Point',(11.8063347789,-0.205346629079,-20.2051659314)) ;
#7737=CARTESIAN_POINT('Control Point',(12.0309211758,-0.194708386037,-20.6820244008)) ;
#7738=CARTESIAN_POINT('Control Point',(12.2553216161,-0.194707400387,-21.1584880334)) ;
#7739=CARTESIAN_POINT('Vertex',(12.2553216161,-0.194711928021,-21.1584880334)) ;
#7742=CARTESIAN_POINT('Line Origine',(17.2691002075,-0.194711928021,-31.8041140296)) ;
#7746=CARTESIAN_POINT('Vertex',(22.2828787989,-0.194711928021,-42.4497400257)) ;
#7750=CARTESIAN_POINT('Control Point',(22.282878709,-0.194710911662,-42.4497398349)) ;
#7751=CARTESIAN_POINT('Control Point',(22.4291096323,-0.194711374241,-42.7602281603)) ;
#7752=CARTESIAN_POINT('Control Point',(22.5755123765,-0.202529333962,-43.0710813083)) ;
#7753=CARTESIAN_POINT('Control Point',(22.7220505738,-0.218313396008,-43.3822220607)) ;
#7754=CARTESIAN_POINT('Control Point',(23.1443286915,-0.287403692518,-44.2788342316)) ;
#7755=CARTESIAN_POINT('Control Point',(23.566609092,-0.427416779257,-45.1754512496)) ;
#7756=CARTESIAN_POINT('Control Point',(23.8412201961,-0.551154724679,-45.7585258819)) ;
#7757=CARTESIAN_POINT('Control Point',(24.2380880717,-0.782717368502,-46.601185145)) ;
#7758=CARTESIAN_POINT('Control Point',(24.6304590322,-1.10689770298,-47.4342962251)) ;
#7759=CARTESIAN_POINT('Control Point',(24.7512621447,-1.21675451263,-47.6907943395)) ;
#7760=CARTESIAN_POINT('Control Point',(24.9784184732,-1.44446921251,-48.173109478)) ;
#7761=CARTESIAN_POINT('Control Point',(25.2020742339,-1.71498806956,-48.6479919518)) ;
#7762=CARTESIAN_POINT('Control Point',(25.307078827,-1.85380795864,-48.8709454798)) ;
#7763=CARTESIAN_POINT('Control Point',(25.5004410758,-2.13476502198,-49.2815065258)) ;
#7764=CARTESIAN_POINT('Control Point',(25.6875824229,-2.46416490588,-49.6788588925)) ;
#7765=CARTESIAN_POINT('Control Point',(25.7728939072,-2.62910467169,-49.8599985536)) ;
#7766=CARTESIAN_POINT('Control Point',(25.9264814765,-2.95883775929,-50.1861070545)) ;
#7767=CARTESIAN_POINT('Control Point',(26.0690181371,-3.34247800833,-50.4887514477)) ;
#7768=CARTESIAN_POINT('Control Point',(26.1314995728,-3.53132237193,-50.621416659)) ;
#7769=CARTESIAN_POINT('Control Point',(26.2414817753,-3.91344555779,-50.854939016)) ;
#7770=CARTESIAN_POINT('Control Point',(26.3314759755,-4.34953262706,-51.0460213664)) ;
#7771=CARTESIAN_POINT('Control Point',(26.368208572,-4.56668245296,-51.1240147354)) ;
#7772=CARTESIAN_POINT('Control Point',(26.4183294884,-4.95709507992,-51.2304351768)) ;
#7773=CARTESIAN_POINT('Control Point',(26.4435214684,-5.36860677814,-51.2839246543)) ;
#7774=CARTESIAN_POINT('Control Point',(26.4492606779,-5.54145821175,-51.296110569)) ;
#7775=CARTESIAN_POINT('Control Point',(26.4507022582,-5.81016796452,-51.2991714389)) ;
#7776=CARTESIAN_POINT('Control Point',(26.4411976055,-6.0743709938,-51.2789904564)) ;
#7777=CARTESIAN_POINT('Control Point',(26.4364647953,-6.16769473913,-51.2689414034)) ;
#7778=CARTESIAN_POINT('Control Point',(26.4304554752,-6.25998714625,-51.2561819701)) ;
#7779=CARTESIAN_POINT('Control Point',(26.4232502209,-6.35107529715,-51.2408832405)) ;
#7780=CARTESIAN_POINT('Vertex',(26.4232502209,-6.35107529715,-51.2408832405)) ;
#7784=CARTESIAN_POINT('Control Point',(26.423260522,-6.35108719145,-51.2409051125)) ;
#7785=CARTESIAN_POINT('Control Point',(26.2368455674,-8.7083160042,-50.8450950762)) ;
#7786=CARTESIAN_POINT('Control Point',(25.9646325367,-11.0282467752,-50.2671122109)) ;
#7787=CARTESIAN_POINT('Control Point',(25.6096751392,-13.2888820204,-49.5134403785)) ;
#7788=CARTESIAN_POINT('Control Point',(24.9841202756,-16.4478028046,-48.1852159672)) ;
#7789=CARTESIAN_POINT('Control Point',(24.2118215558,-19.4094415113,-46.5454141333)) ;
#7790=CARTESIAN_POINT('Control Point',(23.9595682538,-20.3051756503,-46.0098112421)) ;
#7791=CARTESIAN_POINT('Control Point',(23.6945829616,-21.1795450666,-45.4471748465)) ;
#7792=CARTESIAN_POINT('Control Point',(23.4175559763,-22.0315809394,-44.8589706363)) ;
#7811=CARTESIAN_POINT('Axis2P3D Location',(27.,3.87918238687E-006,-5.52597657328)) ;
#7817=CARTESIAN_POINT('Control Point',(8.90629465318,-1.30258893671,-14.0475859766)) ;
#7818=CARTESIAN_POINT('Control Point',(7.9254946945,-2.12735521005,-11.9650796545)) ;
#7819=CARTESIAN_POINT('Control Point',(7.30839318566,-3.19196133659,-9.82676723278)) ;
#7820=CARTESIAN_POINT('Control Point',(7.,-4.32067304644,-7.67703754696)) ;
#7821=CARTESIAN_POINT('Control Point',(7.,-5.45409812887,-5.52597657328)) ;
#7831=CARTESIAN_POINT('Control Point',(8.39794372649,-2.82012962831,-14.833397082)) ;
#7832=CARTESIAN_POINT('Control Point',(8.6353781965,-2.60834841137,-14.6453189265)) ;
#7833=CARTESIAN_POINT('Control Point',(8.8172750832,-2.33178739898,-14.4600728455)) ;
#7834=CARTESIAN_POINT('Control Point',(8.92659726469,-2.00543218251,-14.2910785029)) ;
#7835=CARTESIAN_POINT('Control Point',(8.95506083346,-1.65401238582,-14.1511414748)) ;
#7836=CARTESIAN_POINT('Control Point',(8.90628693948,-1.30259259186,-14.0475810115)) ;
#7837=CARTESIAN_POINT('Control Point',(7.67868136237,-3.33804536617,-12.5557465704)) ;
#7838=CARTESIAN_POINT('Control Point',(7.8132379089,-3.11932524882,-12.4313392775)) ;
#7839=CARTESIAN_POINT('Control Point',(7.90538430005,-2.88225297371,-12.3077343131)) ;
#7840=CARTESIAN_POINT('Control Point',(7.95439063061,-2.63453552359,-12.1869990129)) ;
#7841=CARTESIAN_POINT('Control Point',(7.96089906926,-2.38160051204,-12.0714222515)) ;
#7842=CARTESIAN_POINT('Control Point',(7.92547448058,-2.12866549556,-11.9647424447)) ;
#7843=CARTESIAN_POINT('Control Point',(7.22613525479,-4.013309545,-10.2209071661)) ;
#7844=CARTESIAN_POINT('Control Point',(7.26940644249,-3.84878283584,-10.1417790878)) ;
#7845=CARTESIAN_POINT('Control Point',(7.29915644243,-3.68480662652,-10.0626269425)) ;
#7846=CARTESIAN_POINT('Control Point',(7.31576785103,-3.52060382781,-9.98372226823)) ;
#7847=CARTESIAN_POINT('Control Point',(7.31893543252,-3.35623012894,-9.90523206976)) ;
#7848=CARTESIAN_POINT('Control Point',(7.30836651563,-3.19185644163,-9.82674266716)) ;
#7849=CARTESIAN_POINT('Control Point',(7.00002023607,-4.73139674612,-7.87450310891)) ;
#7850=CARTESIAN_POINT('Control Point',(7.00028406295,-4.64909316186,-7.83515283099)) ;
#7851=CARTESIAN_POINT('Control Point',(7.00044973353,-4.56663713641,-7.79580921757)) ;
#7852=CARTESIAN_POINT('Control Point',(7.00040550687,-4.48422942522,-7.7564005548)) ;
#7853=CARTESIAN_POINT('Control Point',(7.00023641998,-4.40186292822,-7.71688458316)) ;
#7854=CARTESIAN_POINT('Control Point',(7.00002752779,-4.31949642713,-7.67737133075)) ;
#7855=CARTESIAN_POINT('Control Point',(7.,-5.45409812887,-5.52597657328)) ;
#7856=CARTESIAN_POINT('Control Point',(7.,-5.45409812887,-5.52597657328)) ;
#7857=CARTESIAN_POINT('Control Point',(7.,-5.45409812887,-5.52597657328)) ;
#7858=CARTESIAN_POINT('Control Point',(7.,-5.45409812887,-5.52597657328)) ;
#7859=CARTESIAN_POINT('Control Point',(7.,-5.45409812887,-5.52597657328)) ;
#7860=CARTESIAN_POINT('Control Point',(7.,-5.45409812887,-5.52597657328)) ;
#7862=CARTESIAN_POINT('Control Point',(8.39794677306,-2.82012691089,-14.8333946687)) ;
#7863=CARTESIAN_POINT('Control Point',(8.69473838877,-2.55540023204,-14.5982976108)) ;
#7864=CARTESIAN_POINT('Control Point',(8.89928647834,-2.18195133796,-14.3674982201)) ;
#7865=CARTESIAN_POINT('Control Point',(8.9672541505,-1.74186620702,-14.1770312585)) ;
#7866=CARTESIAN_POINT('Control Point',(8.90628693948,-1.30259259186,-14.0475810115)) ;
#7875=CARTESIAN_POINT('Control Point',(8.39794851556,-2.82012418345,-14.8333995001)) ;
#7876=CARTESIAN_POINT('Control Point',(8.63538350313,-2.60834282971,-14.6453212365)) ;
#7877=CARTESIAN_POINT('Control Point',(8.81728087858,-2.33178141193,-14.4600750591)) ;
#7878=CARTESIAN_POINT('Control Point',(8.92660344259,-2.00542556586,-14.2910806714)) ;
#7879=CARTESIAN_POINT('Control Point',(8.95506723813,-1.65400502439,-14.1511436845)) ;
#7880=CARTESIAN_POINT('Control Point',(8.90629341896,-1.30258448296,-14.047583356)) ;
#7881=CARTESIAN_POINT('Control Point',(8.68868386219,-2.61109664654,-15.7539273659)) ;
#7882=CARTESIAN_POINT('Control Point',(8.97215467314,-2.39904863535,-15.5606358262)) ;
#7883=CARTESIAN_POINT('Control Point',(9.19656211209,-2.10555972202,-15.3709047592)) ;
#7884=CARTESIAN_POINT('Control Point',(9.33856306971,-1.74822360786,-15.2008907335)) ;
#7885=CARTESIAN_POINT('Control Point',(9.38586527776,-1.35869126047,-15.0658449846)) ;
#7886=CARTESIAN_POINT('Control Point',(9.34239650105,-0.969158912982,-14.9735497151)) ;
#7887=CARTESIAN_POINT('Control Point',(8.98502989212,-2.45846282571,-16.6935361377)) ;
#7888=CARTESIAN_POINT('Control Point',(9.31322575321,-2.25498879479,-16.4941010337)) ;
#7889=CARTESIAN_POINT('Control Point',(9.58112838569,-1.95162123087,-16.2990331234)) ;
#7890=CARTESIAN_POINT('Control Point',(9.75754197864,-1.5680584689,-16.1276000038)) ;
#7891=CARTESIAN_POINT('Control Point',(9.8247657365,-1.14395610418,-15.9977489546)) ;
#7892=CARTESIAN_POINT('Control Point',(9.78691523614,-0.719853740071,-15.9173848119)) ;
#7893=CARTESIAN_POINT('Control Point',(9.2816892343,-2.34603852492,-17.6350191544)) ;
#7894=CARTESIAN_POINT('Control Point',(9.65209452562,-2.15779449214,-17.428607661)) ;
#7895=CARTESIAN_POINT('Control Point',(9.96363038933,-1.85004085914,-17.2274209461)) ;
#7896=CARTESIAN_POINT('Control Point',(10.1757822631,-1.44364356691,-17.0542496954)) ;
#7897=CARTESIAN_POINT('Control Point',(10.26382254,-0.987213637012,-16.9299857136)) ;
#7898=CARTESIAN_POINT('Control Point',(10.2319043556,-0.530783707952,-16.8622186637)) ;
#7899=CARTESIAN_POINT('Control Point',(9.73074614611,-2.22978341524,-19.0613291229)) ;
#7900=CARTESIAN_POINT('Control Point',(10.1607070688,-2.07360873093,-18.8429891841)) ;
#7901=CARTESIAN_POINT('Control Point',(10.5382879847,-1.76701815638,-18.6312251998)) ;
#7902=CARTESIAN_POINT('Control Point',(10.806759905,-1.33063881962,-18.4549313464)) ;
#7903=CARTESIAN_POINT('Control Point',(10.9278476952,-0.82801611201,-18.3398990924)) ;
#7904=CARTESIAN_POINT('Control Point',(10.9054899539,-0.325393403982,-18.2924254877)) ;
#7905=CARTESIAN_POINT('Control Point',(10.1815130003,-2.18489172757,-20.4946346712)) ;
#7906=CARTESIAN_POINT('Control Point',(10.6637083001,-2.07315458133,-20.2618781603)) ;
#7907=CARTESIAN_POINT('Control Point',(11.1072229032,-1.77897045093,-20.0370979548)) ;
#7908=CARTESIAN_POINT('Control Point',(11.4361806068,-1.31866729129,-19.8568737902)) ;
#7909=CARTESIAN_POINT('Control Point',(11.5932602655,-0.772747377018,-19.7527493535)) ;
#7910=CARTESIAN_POINT('Control Point',(11.5816401204,-0.226827462958,-19.728077593)) ;
#7911=CARTESIAN_POINT('Control Point',(10.3313086387,-2.17749681978,-20.9711045529)) ;
#7912=CARTESIAN_POINT('Control Point',(10.8299751827,-2.081810624,-20.7332669137)) ;
#7913=CARTESIAN_POINT('Control Point',(11.29533966,-1.79297042439,-20.5038736746)) ;
#7914=CARTESIAN_POINT('Control Point',(11.6448653854,-1.32537117175,-20.3222522277)) ;
#7915=CARTESIAN_POINT('Control Point',(11.8142440802,-0.765358959835,-20.2219587302)) ;
#7916=CARTESIAN_POINT('Control Point',(11.8063335324,-0.205346748317,-20.2051632848)) ;
#7917=CARTESIAN_POINT('Control Point',(10.4810326617,-2.17733377475,-21.4475041804)) ;
#7918=CARTESIAN_POINT('Control Point',(10.9952119981,-2.09892467811,-21.2042699447)) ;
#7919=CARTESIAN_POINT('Control Point',(11.4823314579,-1.81664430964,-20.9699486518)) ;
#7920=CARTESIAN_POINT('Control Point',(11.8529215002,-1.34238969873,-20.7868344461)) ;
#7921=CARTESIAN_POINT('Control Point',(12.034964109,-0.768549081453,-20.690606842)) ;
#7922=CARTESIAN_POINT('Control Point',(12.0309195147,-0.19470846472,-20.6820208738)) ;
#7923=CARTESIAN_POINT('Control Point',(10.6306327099,-2.1842632283,-21.9236639433)) ;
#7924=CARTESIAN_POINT('Control Point',(11.1592872061,-2.12430603421,-21.6746831081)) ;
#7925=CARTESIAN_POINT('Control Point',(11.6680269076,-1.8498112628,-21.4350815304)) ;
#7926=CARTESIAN_POINT('Control Point',(12.0602138543,-1.36954773735,-21.2503728681)) ;
#7927=CARTESIAN_POINT('Control Point',(12.2553206263,-0.782127568574,-21.1584831973)) ;
#7928=CARTESIAN_POINT('Control Point',(12.2553195414,-0.194707400397,-21.1584836284)) ;
#7930=CARTESIAN_POINT('Control Point',(10.6306327099,-2.1842632283,-21.9236639433)) ;
#7931=CARTESIAN_POINT('Control Point',(11.1592872061,-2.12430603421,-21.6746831081)) ;
#7932=CARTESIAN_POINT('Control Point',(11.6684064678,-1.85026388826,-21.4349027687)) ;
#7933=CARTESIAN_POINT('Control Point',(12.0606599409,-1.36991889603,-21.2501627744)) ;
#7934=CARTESIAN_POINT('Control Point',(12.2553206263,-0.782127568574,-21.1584831973)) ;
#7935=CARTESIAN_POINT('Control Point',(12.2553195414,-0.194707400397,-21.1584836284)) ;
#7944=CARTESIAN_POINT('Axis2P3D Location',(15.9297200642,-0.194711928021,-33.6541933737)) ;
#7949=CARTESIAN_POINT('Axis2P3D Location',(20.4735081408,-0.194711928021,-43.301900704)) ;
#7962=CARTESIAN_POINT('Control Point',(20.6581895417,-2.18426567138,-43.2149183531)) ;
#7963=CARTESIAN_POINT('Control Point',(21.1868436044,-2.12430773681,-42.9659377179)) ;
#7964=CARTESIAN_POINT('Control Point',(21.695583016,-1.8498127511,-42.726336246)) ;
#7965=CARTESIAN_POINT('Control Point',(22.0877700881,-1.36954966359,-42.5416274678)) ;
#7966=CARTESIAN_POINT('Control Point',(22.2828775441,-0.782130287801,-42.4497374036)) ;
#7967=CARTESIAN_POINT('Control Point',(22.2828775016,-0.194710911658,-42.4497372713)) ;
#7968=CARTESIAN_POINT('Control Point',(20.8368757361,-2.17883300942,-43.4700471782)) ;
#7969=CARTESIAN_POINT('Control Point',(21.3549712222,-2.10440993032,-43.2272470259)) ;
#7970=CARTESIAN_POINT('Control Point',(21.8503741809,-1.82381152387,-42.9994556529)) ;
#7971=CARTESIAN_POINT('Control Point',(22.2319511177,-1.34825904727,-42.8294176464)) ;
#7972=CARTESIAN_POINT('Control Point',(22.424547818,-0.771485185111,-42.7505421803)) ;
#7973=CARTESIAN_POINT('Control Point',(22.4291086653,-0.194711322603,-42.760226107)) ;
#7974=CARTESIAN_POINT('Control Point',(21.0156358879,-2.17861418183,-43.7253822513)) ;
#7975=CARTESIAN_POINT('Control Point',(21.523023217,-2.09046488249,-43.4895758551)) ;
#7976=CARTESIAN_POINT('Control Point',(22.0052536395,-1.80457696635,-43.2738907069)) ;
#7977=CARTESIAN_POINT('Control Point',(22.3764695162,-1.33423407323,-43.1182844024)) ;
#7978=CARTESIAN_POINT('Control Point',(22.5665421148,-0.768381664639,-43.0520349597)) ;
#7979=CARTESIAN_POINT('Control Point',(22.5755116505,-0.20252925577,-43.071079767)) ;
#7980=CARTESIAN_POINT('Control Point',(21.1944232215,-2.18370977752,-43.9808589886)) ;
#7981=CARTESIAN_POINT('Control Point',(21.6909598735,-2.08261413805,-43.7528074824)) ;
#7982=CARTESIAN_POINT('Control Point',(22.1601763409,-1.79225530134,-43.549488724)) ;
#7983=CARTESIAN_POINT('Control Point',(22.5212678217,-1.32761846357,-43.4080879095)) ;
#7984=CARTESIAN_POINT('Control Point',(22.7088101639,-0.772965890249,-43.3541087995)) ;
#7985=CARTESIAN_POINT('Control Point',(22.7220500895,-0.21831331678,-43.3822210325)) ;
#7986=CARTESIAN_POINT('Control Point',(21.7092239468,-2.21415652707,-44.7167857434)) ;
#7987=CARTESIAN_POINT('Control Point',(22.1741266938,-2.0781418127,-44.5131264445)) ;
#7988=CARTESIAN_POINT('Control Point',(22.606312355,-1.77729090327,-44.3460830712)) ;
#7989=CARTESIAN_POINT('Control Point',(22.9388993464,-1.33053280258,-44.2449724711)) ;
#7990=CARTESIAN_POINT('Control Point',(23.1191547926,-0.808968207271,-44.2253836009)) ;
#7991=CARTESIAN_POINT('Control Point',(23.1443284493,-0.287403612239,-44.2788337175)) ;
#7992=CARTESIAN_POINT('Control Point',(22.2228022041,-2.29196266635,-45.4518901573)) ;
#7993=CARTESIAN_POINT('Control Point',(22.6550722299,-2.12827342729,-45.2781908231)) ;
#7994=CARTESIAN_POINT('Control Point',(23.0515420372,-1.82394826704,-45.1490742667)) ;
#7995=CARTESIAN_POINT('Control Point',(23.3574638932,-1.39932982003,-45.0865099174)) ;
#7996=CARTESIAN_POINT('Control Point',(23.5304827991,-0.913373299903,-45.0987443725)) ;
#7997=CARTESIAN_POINT('Control Point',(23.566609092,-0.427416779257,-45.1754512496)) ;
#7998=CARTESIAN_POINT('Control Point',(22.5562227789,-2.3643873185,-45.9295583647)) ;
#7999=CARTESIAN_POINT('Control Point',(22.9668914477,-2.18607230034,-45.7774469968)) ;
#8000=CARTESIAN_POINT('Control Point',(23.3406583412,-1.88258107635,-45.673545788)) ;
#8001=CARTESIAN_POINT('Control Point',(23.6299463163,-1.4742882571,-45.635401579)) ;
#8002=CARTESIAN_POINT('Control Point',(23.7983121057,-1.01272149126,-45.6674202742)) ;
#8003=CARTESIAN_POINT('Control Point',(23.8412201961,-0.551154724679,-45.7585258819)) ;
#8004=CARTESIAN_POINT('Control Point',(23.0371807397,-2.50427108878,-46.6192935918)) ;
#8005=CARTESIAN_POINT('Control Point',(23.4161537214,-2.31022815785,-46.5011579121)) ;
#8006=CARTESIAN_POINT('Control Point',(23.7578467948,-2.01270912158,-46.4343531316)) ;
#8007=CARTESIAN_POINT('Control Point',(24.0240459736,-1.63109807114,-46.4306735727)) ;
#8008=CARTESIAN_POINT('Control Point',(24.1857955675,-1.20690771965,-46.4901538153)) ;
#8009=CARTESIAN_POINT('Control Point',(24.2380880717,-0.782717368502,-46.601185145)) ;
#8010=CARTESIAN_POINT('Control Point',(23.5110745636,-2.70616888111,-47.3001823877)) ;
#8011=CARTESIAN_POINT('Control Point',(23.8582016251,-2.50580883103,-47.2192402142)) ;
#8012=CARTESIAN_POINT('Control Point',(24.1692572577,-2.22221390629,-47.1899017192)) ;
#8013=CARTESIAN_POINT('Control Point',(24.4139333995,-1.87264808838,-47.2192898491)) ;
#8014=CARTESIAN_POINT('Control Point',(24.5693654091,-1.48977289576,-47.3045777258)) ;
#8015=CARTESIAN_POINT('Control Point',(24.6304590322,-1.10689770298,-47.4342962251)) ;
#8016=CARTESIAN_POINT('Control Point',(23.6569364594,-2.7751133419,-47.5098929581)) ;
#8017=CARTESIAN_POINT('Control Point',(23.9942084389,-2.57376521817,-47.4407440961)) ;
#8018=CARTESIAN_POINT('Control Point',(24.2959274548,-2.29528903485,-47.4230210119)) ;
#8019=CARTESIAN_POINT('Control Point',(24.534094706,-1.95620050996,-47.4625096654)) ;
#8020=CARTESIAN_POINT('Control Point',(24.6876046021,-1.58653614956,-47.5556325289)) ;
#8021=CARTESIAN_POINT('Control Point',(24.7513696461,-1.21687178906,-47.6910225945)) ;
#8022=CARTESIAN_POINT('Control Point',(24.042727125,-2.97755115267,-48.0649628585)) ;
#8023=CARTESIAN_POINT('Control Point',(24.3538155973,-2.7763375043,-48.0278805388)) ;
#8024=CARTESIAN_POINT('Control Point',(24.6310906435,-2.51379633153,-48.0410900616)) ;
#8025=CARTESIAN_POINT('Control Point',(24.8523435405,-2.20424770693,-48.1071141308)) ;
#8026=CARTESIAN_POINT('Control Point',(25.0008368108,-1.87104662427,-48.2207087516)) ;
#8027=CARTESIAN_POINT('Control Point',(25.0715817174,-1.53784554179,-48.3709205773)) ;
#8028=CARTESIAN_POINT('Control Point',(24.4194984386,-3.23767986277,-48.6083227816)) ;
#8029=CARTESIAN_POINT('Control Point',(24.704772399,-3.04483974795,-48.6048088278)) ;
#8030=CARTESIAN_POINT('Control Point',(24.9588637503,-2.80509475217,-48.6487856365)) ;
#8031=CARTESIAN_POINT('Control Point',(25.1644012875,-2.53014223773,-48.7403266985)) ;
#8032=CARTESIAN_POINT('Control Point',(25.3082097669,-2.23750501865,-48.8733484506)) ;
#8033=CARTESIAN_POINT('Control Point',(25.3855937583,-1.94486779927,-49.0376541963)) ;
#8034=CARTESIAN_POINT('Control Point',(24.6490413437,-3.42739952107,-48.9399953604)) ;
#8035=CARTESIAN_POINT('Control Point',(24.9185488039,-3.24355326975,-48.9577553158)) ;
#8036=CARTESIAN_POINT('Control Point',(25.1588054772,-3.02117237665,-49.0206938952)) ;
#8037=CARTESIAN_POINT('Control Point',(25.3550878087,-2.77022515445,-49.1276841499)) ;
#8038=CARTESIAN_POINT('Control Point',(25.4961508042,-2.50494177104,-49.2723969762)) ;
#8039=CARTESIAN_POINT('Control Point',(25.5775422163,-2.23965838818,-49.4452133769)) ;
#8040=CARTESIAN_POINT('Control Point',(24.9588388711,-3.73850575755,-49.3887573561)) ;
#8041=CARTESIAN_POINT('Control Point',(25.2070953607,-3.57348691292,-49.4363377544)) ;
#8042=CARTESIAN_POINT('Control Point',(25.4291244367,-3.38052281214,-49.5251887013)) ;
#8043=CARTESIAN_POINT('Control Point',(25.6133808666,-3.16717104992,-49.6529765064)) ;
#8044=CARTESIAN_POINT('Control Point',(25.7509308838,-2.94359798878,-49.813365086)) ;
#8045=CARTESIAN_POINT('Control Point',(25.8377271119,-2.72002492742,-49.997657215)) ;
#8046=CARTESIAN_POINT('Control Point',(25.2310137426,-4.14557810633,-49.7857801995)) ;
#8047=CARTESIAN_POINT('Control Point',(25.4610384674,-4.01120523838,-49.8608488815)) ;
#8048=CARTESIAN_POINT('Control Point',(25.6678660551,-3.85777831384,-49.9730714072)) ;
#8049=CARTESIAN_POINT('Control Point',(25.8423424292,-3.69060792697,-50.1194598339)) ;
#8050=CARTESIAN_POINT('Control Point',(25.9772755117,-3.51655151171,-50.293956692)) ;
#8051=CARTESIAN_POINT('Control Point',(26.0690349224,-3.34249509652,-50.4887870876)) ;
#8052=CARTESIAN_POINT('Control Point',(25.3041713186,-4.26935041883,-49.8927920701)) ;
#8053=CARTESIAN_POINT('Control Point',(25.5293495381,-4.14468113768,-49.9753597687)) ;
#8054=CARTESIAN_POINT('Control Point',(25.7321727894,-4.00333313427,-50.0939260384)) ;
#8055=CARTESIAN_POINT('Control Point',(25.9040978351,-3.84999911939,-50.2453585564)) ;
#8056=CARTESIAN_POINT('Control Point',(26.0383781719,-3.69066074539,-50.4236952794)) ;
#8057=CARTESIAN_POINT('Control Point',(26.1314995728,-3.53132237193,-50.621416659)) ;
#8058=CARTESIAN_POINT('Control Point',(25.4321596028,-4.5204345175,-50.0807217312)) ;
#8059=CARTESIAN_POINT('Control Point',(25.6490056037,-4.41616796832,-50.1766139015)) ;
#8060=CARTESIAN_POINT('Control Point',(25.845009401,-4.29940820819,-50.3064197582)) ;
#8061=CARTESIAN_POINT('Control Point',(26.0126432333,-4.1737310985,-50.4668032142)) ;
#8062=CARTESIAN_POINT('Control Point',(26.1459028002,-4.04358832838,-50.6519978871)) ;
#8063=CARTESIAN_POINT('Control Point',(26.2414817753,-3.91344555779,-50.854939016)) ;
#8064=CARTESIAN_POINT('Control Point',(25.5348482851,-4.80829716024,-50.2332916731)) ;
#8065=CARTESIAN_POINT('Control Point',(25.745403417,-4.72858623507,-50.3402474069)) ;
#8066=CARTESIAN_POINT('Control Point',(25.9363723494,-4.64007689423,-50.4794101831)) ;
#8067=CARTESIAN_POINT('Control Point',(26.1009634368,-4.54531563729,-50.6473361366)) ;
#8068=CARTESIAN_POINT('Control Point',(26.2337112518,-4.44742413197,-50.8384407445)) ;
#8069=CARTESIAN_POINT('Control Point',(26.3314759755,-4.34953262706,-51.0460213664)) ;
#8070=CARTESIAN_POINT('Control Point',(25.5761310734,-4.95189509408,-50.2952043908)) ;
#8071=CARTESIAN_POINT('Control Point',(25.7842891803,-4.88464185637,-50.4067071394)) ;
#8072=CARTESIAN_POINT('Control Point',(25.9733712049,-4.81022113062,-50.5497384877)) ;
#8073=CARTESIAN_POINT('Control Point',(26.136863753,-4.73071670149,-50.7208196832)) ;
#8074=CARTESIAN_POINT('Control Point',(26.2695049896,-4.64866712397,-50.9144404555)) ;
#8075=CARTESIAN_POINT('Control Point',(26.3682201883,-4.56661754755,-51.1240394)) ;
#8076=CARTESIAN_POINT('Control Point',(25.6434481239,-5.27036663088,-50.3979071822)) ;
#8077=CARTESIAN_POINT('Control Point',(25.8481068083,-5.23104761297,-50.5170665015)) ;
#8078=CARTESIAN_POINT('Control Point',(26.0345158418,-5.18780239627,-50.6667232685)) ;
#8079=CARTESIAN_POINT('Control Point',(26.196582981,-5.14178209601,-50.8433397823)) ;
#8080=CARTESIAN_POINT('Control Point',(26.3293522904,-5.09437265043,-51.0415116756)) ;
#8081=CARTESIAN_POINT('Control Point',(26.4298446683,-5.04696320364,-51.2548850596)) ;
#8082=CARTESIAN_POINT('Control Point',(25.6642555306,-5.61136218486,-50.4346745295)) ;
#8083=CARTESIAN_POINT('Control Point',(25.8690086642,-5.60213859995,-50.5568304986)) ;
#8084=CARTESIAN_POINT('Control Point',(26.0557409753,-5.59199221053,-50.7094376133)) ;
#8085=CARTESIAN_POINT('Control Point',(26.2184126682,-5.58119335725,-50.8889073987)) ;
#8086=CARTESIAN_POINT('Control Point',(26.3520961824,-5.57006789075,-51.0898042969)) ;
#8087=CARTESIAN_POINT('Control Point',(26.4538053595,-5.55894242558,-51.3057601734)) ;
#8088=CARTESIAN_POINT('Control Point',(25.6603752512,-5.79266936052,-50.4328886876)) ;
#8089=CARTESIAN_POINT('Control Point',(25.8662993952,-5.79936949744,-50.5551004457)) ;
#8090=CARTESIAN_POINT('Control Point',(26.0541288382,-5.80670159533,-50.7080651113)) ;
#8091=CARTESIAN_POINT('Control Point',(26.2177406056,-5.8144791573,-50.8881623437)) ;
#8092=CARTESIAN_POINT('Control Point',(26.3521378851,-5.82247968645,-51.089891489)) ;
#8093=CARTESIAN_POINT('Control Point',(26.4542969254,-5.8304802144,-51.3068039026)) ;
#8094=CARTESIAN_POINT('Control Point',(25.6427863105,-5.97000321149,-50.4114482226)) ;
#8095=CARTESIAN_POINT('Control Point',(25.8508816342,-5.99203724636,-50.5322928397)) ;
#8096=CARTESIAN_POINT('Control Point',(26.0406374215,-6.01630613414,-50.6844870648)) ;
#8097=CARTESIAN_POINT('Control Point',(26.2057427107,-6.04215580593,-50.8643769808)) ;
#8098=CARTESIAN_POINT('Control Point',(26.3410516509,-6.06879680441,-51.0663530718)) ;
#8099=CARTESIAN_POINT('Control Point',(26.4434716563,-6.09543780319,-51.2838188896)) ;
#8100=CARTESIAN_POINT('Control Point',(25.6138788984,-6.14146243436,-50.3737259053)) ;
#8101=CARTESIAN_POINT('Control Point',(25.8249496508,-6.17801951682,-50.4920331447)) ;
#8102=CARTESIAN_POINT('Control Point',(26.0173067892,-6.21849921684,-50.6425150592)) ;
#8103=CARTESIAN_POINT('Control Point',(26.1843569186,-6.2617622469,-50.8214919281)) ;
#8104=CARTESIAN_POINT('Control Point',(26.3207335132,-6.30641877169,-51.0232140761)) ;
#8105=CARTESIAN_POINT('Control Point',(26.4232502209,-6.35107529715,-51.2408832405)) ;
#8107=CARTESIAN_POINT('Control Point',(25.6138788984,-6.14146243436,-50.3737259053)) ;
#8108=CARTESIAN_POINT('Control Point',(25.9656634857,-6.20239090513,-50.5709046376)) ;
#8109=CARTESIAN_POINT('Control Point',(26.2523890414,-6.27664775472,-50.8781012998)) ;
#8110=CARTESIAN_POINT('Control Point',(26.4232502209,-6.35107529715,-51.2408832405)) ;
#8120=CARTESIAN_POINT('Control Point',(25.6138941063,-6.14141764648,-50.373753033)) ;
#8121=CARTESIAN_POINT('Control Point',(25.8249651044,-6.17797521607,-50.4920605244)) ;
#8122=CARTESIAN_POINT('Control Point',(26.0173223432,-6.21845548952,-50.6425429891)) ;
#8123=CARTESIAN_POINT('Control Point',(26.184372373,-6.26171915608,-50.8215206727)) ;
#8124=CARTESIAN_POINT('Control Point',(26.3207486323,-6.30637634987,-51.0232438317)) ;
#8125=CARTESIAN_POINT('Control Point',(26.4232647644,-6.35103354601,-51.2409141202)) ;
#8126=CARTESIAN_POINT('Control Point',(25.3256472955,-9.66538239921,-49.7764727518)) ;
#8127=CARTESIAN_POINT('Control Point',(25.5376292183,-9.72293826931,-49.8911929343)) ;
#8128=CARTESIAN_POINT('Control Point',(25.7305627013,-9.78675072478,-50.0383875467)) ;
#8129=CARTESIAN_POINT('Control Point',(25.8977075916,-9.85500570601,-50.2144232206)) ;
#8130=CARTESIAN_POINT('Control Point',(26.0335956165,-9.92548493677,-50.4135390181)) ;
#8131=CARTESIAN_POINT('Control Point',(26.1350179536,-9.99596417086,-50.6288871458)) ;
#8132=CARTESIAN_POINT('Control Point',(24.8322594405,-13.1016816866,-48.754235542)) ;
#8133=CARTESIAN_POINT('Control Point',(25.0458104771,-13.1797589122,-48.8628011961)) ;
#8134=CARTESIAN_POINT('Control Point',(25.2397371012,-13.2665500906,-49.0043446354)) ;
#8135=CARTESIAN_POINT('Control Point',(25.4070453462,-13.3595374059,-49.1753167459)) ;
#8136=CARTESIAN_POINT('Control Point',(25.5420916407,-13.4556271401,-49.3699415535)) ;
#8137=CARTESIAN_POINT('Control Point',(25.6416300986,-13.5517168765,-49.5812895145)) ;
#8138=CARTESIAN_POINT('Control Point',(24.144703866,-16.3705210644,-47.3301106392)) ;
#8139=CARTESIAN_POINT('Control Point',(24.3604760473,-16.468205775,-47.4300519787)) ;
#8140=CARTESIAN_POINT('Control Point',(24.5558103427,-16.5773035259,-47.5636407779)) ;
#8141=CARTESIAN_POINT('Control Point',(24.7233496601,-16.694536436,-47.7274620208)) ;
#8142=CARTESIAN_POINT('Control Point',(24.8572019473,-16.8158430628,-47.9157331299)) ;
#8143=CARTESIAN_POINT('Control Point',(24.9540745241,-16.9371496885,-48.1214206025)) ;
#8144=CARTESIAN_POINT('Control Point',(23.2902430841,-19.4053952634,-45.5613971236)) ;
#8145=CARTESIAN_POINT('Control Point',(23.5088713635,-19.5213751556,-45.6504890689)) ;
#8146=CARTESIAN_POINT('Control Point',(23.7060207866,-19.6518056037,-45.7739715697)) ;
#8147=CARTESIAN_POINT('Control Point',(23.8738567848,-19.7925740624,-45.9286431231)) ;
#8148=CARTESIAN_POINT('Control Point',(24.0061668697,-19.9385201623,-46.1087529405)) ;
#8149=CARTESIAN_POINT('Control Point',(24.0996137422,-20.0844662631,-46.307166194)) ;
#8150=CARTESIAN_POINT('Control Point',(22.297634181,-22.1716839012,-43.50852039)) ;
#8151=CARTESIAN_POINT('Control Point',(22.5197411145,-22.3043706621,-43.5848281022)) ;
#8152=CARTESIAN_POINT('Control Point',(22.7191105518,-22.4549386449,-43.6962249024)) ;
#8153=CARTESIAN_POINT('Control Point',(22.8873070474,-22.6183657162,-43.8398361423)) ;
#8154=CARTESIAN_POINT('Control Point',(23.0177262225,-22.7882347728,-44.010022804)) ;
#8155=CARTESIAN_POINT('Control Point',(23.1070048391,-22.9581038311,-44.1995854642)) ;
#8=PRODUCT_RELATED_PRODUCT_CATEGORY('part',$,(#5)) ;
#29=STYLED_ITEM(' ',(#28),#21) ;
#28=PRESENTATION_STYLE_ASSIGNMENT((#27)) ;
#27=SURFACE_STYLE_USAGE(.BOTH.,#26) ;
#26=SURFACE_SIDE_STYLE(' ',(#25)) ;
#25=SURFACE_STYLE_FILL_AREA(#24) ;
#24=FILL_AREA_STYLE(' ',(#23)) ;
#23=FILL_AREA_STYLE_COLOUR(' ',#22) ;
#56=VECTOR('Line Direction',#55,1.) ;
#261=VECTOR('Line Direction',#260,1.) ;
#266=VECTOR('Line Direction',#265,1.) ;
#316=VECTOR('Line Direction',#315,1.) ;
#332=VECTOR('Line Direction',#331,1.) ;
#373=VECTOR('Line Direction',#372,1.) ;
#389=VECTOR('Line Direction',#388,1.) ;
#430=VECTOR('Line Direction',#429,1.) ;
#446=VECTOR('Line Direction',#445,1.) ;
#635=VECTOR('Line Direction',#634,1.) ;
#640=VECTOR('Line Direction',#639,1.) ;
#798=VECTOR('Line Direction',#797,1.) ;
#803=VECTOR('Line Direction',#802,1.) ;
#1695=VECTOR('Line Direction',#1694,1.) ;
#1842=VECTOR('Line Direction',#1841,1.) ;
#1866=VECTOR('Line Direction',#1865,1.) ;
#1915=VECTOR('Line Direction',#1914,1.) ;
#1956=VECTOR('Line Direction',#1955,1.) ;
#2010=VECTOR('Line Direction',#2009,1.) ;
#2077=VECTOR('Line Direction',#2076,1.) ;
#2131=VECTOR('Line Direction',#2130,1.) ;
#2154=VECTOR('Line Direction',#2153,1.) ;
#2168=VECTOR('Line Direction',#2167,1.) ;
#2196=VECTOR('Line Direction',#2195,1.) ;
#2210=VECTOR('Line Direction',#2209,1.) ;
#2296=VECTOR('Line Direction',#2295,1.) ;
#2303=VECTOR('Line Direction',#2302,1.) ;
#2331=VECTOR('Line Direction',#2330,1.) ;
#2362=VECTOR('Line Direction',#2361,1.) ;
#2421=VECTOR('Line Direction',#2420,1.) ;
#2428=VECTOR('Line Direction',#2427,1.) ;
#2456=VECTOR('Line Direction',#2455,1.) ;
#2487=VECTOR('Line Direction',#2486,1.) ;
#2541=VECTOR('Line Direction',#2540,1.) ;
#2548=VECTOR('Line Direction',#2547,1.) ;
#2576=VECTOR('Line Direction',#2575,1.) ;
#2607=VECTOR('Line Direction',#2606,1.) ;
#3329=VECTOR('Line Direction',#3328,1.) ;
#3338=VECTOR('Line Direction',#3337,1.) ;
#3374=VECTOR('Line Direction',#3373,1.) ;
#3381=VECTOR('Line Direction',#3380,1.) ;
#3388=VECTOR('Line Direction',#3387,1.) ;
#3424=VECTOR('Line Direction',#3423,1.) ;
#3431=VECTOR('Line Direction',#3430,1.) ;
#3438=VECTOR('Line Direction',#3437,1.) ;
#3471=VECTOR('Line Direction',#3470,1.) ;
#3772=VECTOR('Line Direction',#3771,1.) ;
#4074=VECTOR('Line Direction',#4073,1.) ;
#4553=VECTOR('Line Direction',#4552,1.) ;
#4685=VECTOR('Line Direction',#4684,1.) ;
#4739=VECTOR('Line Direction',#4738,1.) ;
#5290=VECTOR('Line Direction',#5289,1.) ;
#5592=VECTOR('Line Direction',#5591,1.) ;
#6071=VECTOR('Line Direction',#6070,1.) ;
#6203=VECTOR('Line Direction',#6202,1.) ;
#6257=VECTOR('Line Direction',#6256,1.) ;
#6867=VECTOR('Line Direction',#6866,1.) ;
#7208=VECTOR('Line Direction',#7207,1.) ;
#7575=VECTOR('Line Direction',#7574,1.) ;
#7721=VECTOR('Line Direction',#7720,1.) ;
#7744=VECTOR('Line Direction',#7743,1.) ;
#32=DIRECTION('Axis2P3D Direction',(0.,-0.192294695046,-0.981337225554)) ;
#33=DIRECTION('Axis2P3D XDirection',(0.,-0.981337225554,0.192294695046)) ;
#55=DIRECTION('Vector Direction',(0.,-0.192294695046,-0.981337225554)) ;
#111=DIRECTION('Axis2P3D Direction',(0.,-0.192294695046,-0.981337225554)) ;
#129=DIRECTION('Axis2P3D Direction',(1.,0.,0.)) ;
#130=DIRECTION('Axis2P3D XDirection',(0.,-0.87758256189,-0.479425538604)) ;
#134=DIRECTION('Axis2P3D Direction',(1.,0.,0.)) ;
#143=DIRECTION('Axis2P3D Direction',(0.,-0.479425538604,0.87758256189)) ;
#150=DIRECTION('Axis2P3D Direction',(1.,0.,0.)) ;
#173=DIRECTION('Axis2P3D Direction',(1.,0.,0.)) ;
#221=DIRECTION('Axis2P3D Direction',(1.,0.,0.)) ;
#228=DIRECTION('Axis2P3D Direction',(0.,0.479425538604,-0.87758256189)) ;
#246=DIRECTION('Axis2P3D Direction',(1.,0.,0.)) ;
#247=DIRECTION('Axis2P3D XDirection',(-0.,-0.87758256189,-0.479425538604)) ;
#251=DIRECTION('Axis2P3D Direction',(1.,0.,0.)) ;
#260=DIRECTION('Vector Direction',(1.,0.,0.)) ;
#265=DIRECTION('Vector Direction',(1.,0.,0.)) ;
#277=DIRECTION('Axis2P3D Direction',(1.,0.,0.)) ;
#278=DIRECTION('Axis2P3D XDirection',(0.,1.,0.)) ;
#282=DIRECTION('Axis2P3D Direction',(1.,0.,0.)) ;
#291=DIRECTION('Axis2P3D Direction',(1.,0.,0.)) ;
#300=DIRECTION('Axis2P3D Direction',(1.,0.,0.)) ;
#310=DIRECTION('Axis2P3D Direction',(1.,0.,-0.)) ;
#311=DIRECTION('Axis2P3D XDirection',(0.,0.87758256189,0.479425538604)) ;
#315=DIRECTION('Vector Direction',(1.,0.,0.)) ;
#324=DIRECTION('Axis2P3D Direction',(1.,0.,-0.)) ;
#331=DIRECTION('Vector Direction',(1.,0.,0.)) ;
#338=DIRECTION('Axis2P3D Direction',(1.,0.,-0.)) ;
#350=DIRECTION('Axis2P3D Direction',(1.,0.,-0.)) ;
#355=DIRECTION('Axis2P3D Direction',(1.,0.,-0.)) ;
#367=DIRECTION('Axis2P3D Direction',(1.,0.,0.)) ;
#368=DIRECTION('Axis2P3D XDirection',(0.,-0.0235965852909,-0.999721561817)) ;
#372=DIRECTION('Vector Direction',(1.,0.,0.)) ;
#381=DIRECTION('Axis2P3D Direction',(1.,0.,0.)) ;
#388=DIRECTION('Vector Direction',(1.,0.,0.)) ;
#395=DIRECTION('Axis2P3D Direction',(1.,0.,0.)) ;
#407=DIRECTION('Axis2P3D Direction',(1.,0.,0.)) ;
#412=DIRECTION('Axis2P3D Direction',(1.,0.,0.)) ;
#424=DIRECTION('Axis2P3D Direction',(1.,0.,0.)) ;
#425=DIRECTION('Axis2P3D XDirection',(0.,-0.853985976599,0.520296023213)) ;
#429=DIRECTION('Vector Direction',(1.,0.,0.)) ;
#438=DIRECTION('Axis2P3D Direction',(1.,0.,0.)) ;
#445=DIRECTION('Vector Direction',(1.,0.,0.)) ;
#452=DIRECTION('Axis2P3D Direction',(1.,0.,0.)) ;
#464=DIRECTION('Axis2P3D Direction',(1.,0.,0.)) ;
#469=DIRECTION('Axis2P3D Direction',(1.,0.,0.)) ;
#481=DIRECTION('Axis2P3D Direction',(1.,0.,0.)) ;
#482=DIRECTION('Axis2P3D XDirection',(0.,-0.87758256189,-0.479425538604)) ;
#486=DIRECTION('Axis2P3D Direction',(1.,0.,0.)) ;
#495=DIRECTION('Axis2P3D Direction',(1.,0.,0.)) ;
#511=DIRECTION('Axis2P3D Direction',(1.,0.,0.)) ;
#527=DIRECTION('Axis2P3D Direction',(1.,0.,0.)) ;
#541=DIRECTION('Axis2P3D Direction',(1.,0.,0.)) ;
#542=DIRECTION('Axis2P3D XDirection',(-0.,-0.87758256189,-0.479425538604)) ;
#546=DIRECTION('Axis2P3D Direction',(1.,0.,0.)) ;
#576=DIRECTION('Axis2P3D Direction',(1.,0.,0.)) ;
#577=DIRECTION('Axis2P3D XDirection',(0.,-0.87758256189,-0.479425538604)) ;
#581=DIRECTION('Axis2P3D Direction',(1.,0.,0.)) ;
#613=DIRECTION('Axis2P3D Direction',(1.,0.,0.)) ;
#614=DIRECTION('Axis2P3D XDirection',(0.,1.,0.)) ;
#618=DIRECTION('Axis2P3D Direction',(1.,0.,0.)) ;
#627=DIRECTION('Axis2P3D Direction',(1.,0.,0.)) ;
#634=DIRECTION('Vector Direction',(0.,-0.94601032052,0.324136504378)) ;
#639=DIRECTION('Vector Direction',(0.,-0.753715606607,0.65720071847)) ;
#646=DIRECTION('Axis2P3D Direction',(1.,0.,0.)) ;
#664=DIRECTION('Axis2P3D Direction',(1.,0.,0.)) ;
#682=DIRECTION('Axis2P3D Direction',(1.,0.,0.)) ;
#689=DIRECTION('Axis2P3D Direction',(1.,0.,0.)) ;
#696=DIRECTION('Axis2P3D Direction',(1.,0.,0.)) ;
#719=DIRECTION('Axis2P3D Direction',(1.,0.,0.)) ;
#759=DIRECTION('Axis2P3D Direction',(1.,0.,0.)) ;
#781=DIRECTION('Axis2P3D Direction',(1.,0.,0.)) ;
#790=DIRECTION('Axis2P3D Direction',(1.,0.,0.)) ;
#797=DIRECTION('Vector Direction',(0.,0.753715606607,0.65720071847)) ;
#802=DIRECTION('Vector Direction',(0.,0.94601032025,0.324136505166)) ;
#809=DIRECTION('Axis2P3D Direction',(1.,0.,0.)) ;
#827=DIRECTION('Axis2P3D Direction',(1.,0.,0.)) ;
#839=DIRECTION('Axis2P3D Direction',(1.,0.,0.)) ;
#840=DIRECTION('Axis2P3D XDirection',(0.,-0.87758256189,-0.479425538604)) ;
#900=DIRECTION('Axis2P3D Direction',(1.,0.,0.)) ;
#1637=DIRECTION('Axis2P3D Direction',(1.,0.,0.)) ;
#1660=DIRECTION('Axis2P3D Direction',(1.,0.,0.)) ;
#1678=DIRECTION('Axis2P3D Direction',(1.,0.,0.)) ;
#1687=DIRECTION('Axis2P3D Direction',(1.,0.,0.)) ;
#1694=DIRECTION('Vector Direction',(0.,0.192294714277,-0.981337221785)) ;
#1701=DIRECTION('Axis2P3D Direction',(1.,0.,0.)) ;
#1706=DIRECTION('Axis2P3D Direction',(1.,0.,0.)) ;
#1734=DIRECTION('Axis2P3D Direction',(1.,0.,0.)) ;
#1754=DIRECTION('Axis2P3D Direction',(1.,0.,0.)) ;
#1761=DIRECTION('Axis2P3D Direction',(1.,0.,0.)) ;
#1768=DIRECTION('Axis2P3D Direction',(1.,0.,0.)) ;
#1791=DIRECTION('Axis2P3D Direction',(1.,0.,0.)) ;
#1836=DIRECTION('Axis2P3D Direction',(0.,-1.,0.)) ;
#1837=DIRECTION('Axis2P3D XDirection',(-0.904685329052,-0.,-0.426080339136)) ;
#1841=DIRECTION('Vector Direction',(0.,-1.,0.)) ;
#1865=DIRECTION('Vector Direction',(0.,-1.,0.)) ;
#1888=DIRECTION('Axis2P3D Direction',(0.,-0.192294695046,0.981337225554)) ;
#1889=DIRECTION('Axis2P3D XDirection',(0.,0.981337225554,0.192294695046)) ;
#1901=DIRECTION('Axis2P3D Direction',(0.,-0.192294695046,0.981337225554)) ;
#1914=DIRECTION('Vector Direction',(0.,-0.192294695046,0.981337225554)) ;
#1932=DIRECTION('Axis2P3D Direction',(0.,-0.753715619486,0.6572007037)) ;
#1933=DIRECTION('Axis2P3D XDirection',(0.,0.6572007037,0.753715619486)) ;
#1955=DIRECTION('Vector Direction',(0.,-0.753715619486,0.6572007037)) ;
#1968=DIRECTION('Axis2P3D Direction',(0.,-0.753715619486,0.6572007037)) ;
#1986=DIRECTION('Axis2P3D Direction',(0.,0.946010314532,0.324136521854)) ;
#1987=DIRECTION('Axis2P3D XDirection',(0.,0.324136521854,-0.946010314532)) ;
#2009=DIRECTION('Vector Direction',(0.,0.946010314532,0.324136521854)) ;
#2022=DIRECTION('Axis2P3D Direction',(0.,0.946010314532,0.324136521854)) ;
#2040=DIRECTION('Axis2P3D Direction',(0.,0.946010314532,-0.324136521854)) ;
#2041=DIRECTION('Axis2P3D XDirection',(0.,-0.324136521854,-0.946010314532)) ;
#2063=DIRECTION('Axis2P3D Direction',(0.,0.946010314532,-0.324136521854)) ;
#2076=DIRECTION('Vector Direction',(0.,0.946010314532,-0.324136521854)) ;
#2094=DIRECTION('Axis2P3D Direction',(0.,-0.753715619486,-0.6572007037)) ;
#2095=DIRECTION('Axis2P3D XDirection',(0.,-0.6572007037,0.753715619486)) ;
#2117=DIRECTION('Axis2P3D Direction',(0.,-0.753715619486,-0.6572007037)) ;
#2130=DIRECTION('Vector Direction',(0.,-0.753715619486,-0.6572007037)) ;
#2148=DIRECTION('Axis2P3D Direction',(-0.,0.5,0.866025403784)) ;
#2149=DIRECTION('Axis2P3D XDirection',(-0.904685329052,-0.368996397745,0.213040169568)) ;
#2153=DIRECTION('Vector Direction',(0.,0.5,0.866025403784)) ;
#2167=DIRECTION('Vector Direction',(0.,0.5,0.866025403784)) ;
#2190=DIRECTION('Axis2P3D Direction',(0.,0.5,-0.866025403784)) ;
#2191=DIRECTION('Axis2P3D XDirection',(-0.904685329052,0.368996397745,0.213040169568)) ;
#2195=DIRECTION('Vector Direction',(0.,0.5,-0.866025403784)) ;
#2209=DIRECTION('Vector Direction',(0.,0.5,-0.866025403784)) ;
#2232=DIRECTION('Axis2P3D Direction',(1.,-0.,0.)) ;
#2233=DIRECTION('Axis2P3D XDirection',(0.,1.,0.)) ;
#2237=DIRECTION('Axis2P3D Direction',(1.,-0.,0.)) ;
#2246=DIRECTION('Axis2P3D Direction',(1.,-0.,0.)) ;
#2256=DIRECTION('Axis2P3D Direction',(1.,-0.,0.)) ;
#2257=DIRECTION('Axis2P3D XDirection',(0.,0.87758256189,0.479425538604)) ;
#2261=DIRECTION('Axis2P3D Direction',(0.,0.479425538604,-0.87758256189)) ;
#2266=DIRECTION('Axis2P3D Direction',(-0.,-0.479425537566,0.877582562458)) ;
#2278=DIRECTION('Axis2P3D Direction',(1.,0.,-0.)) ;
#2279=DIRECTION('Axis2P3D XDirection',(0.,-0.999111570361,-0.0421434451714)) ;
#2290=DIRECTION('Axis2P3D Direction',(1.,0.,0.)) ;
#2291=DIRECTION('Axis2P3D XDirection',(0.,1.,0.)) ;
#2295=DIRECTION('Vector Direction',(0.,-0.192294695046,-0.981337225554)) ;
#2302=DIRECTION('Vector Direction',(0.,0.192294695046,-0.981337225554)) ;
#2309=DIRECTION('Axis2P3D Direction',(1.,0.,0.)) ;
#2325=DIRECTION('Axis2P3D Direction',(0.,-0.981337225554,-0.192294695046)) ;
#2326=DIRECTION('Axis2P3D XDirection',(0.,0.192294695046,-0.981337225554)) ;
#2330=DIRECTION('Vector Direction',(1.,0.,0.)) ;
#2356=DIRECTION('Axis2P3D Direction',(0.,0.981337225554,-0.192294695046)) ;
#2357=DIRECTION('Axis2P3D XDirection',(0.,0.192294695046,0.981337225554)) ;
#2361=DIRECTION('Vector Direction',(1.,0.,0.)) ;
#2387=DIRECTION('Axis2P3D Direction',(1.,0.,0.)) ;
#2388=DIRECTION('Axis2P3D XDirection',(0.,1.,0.)) ;
#2392=DIRECTION('Axis2P3D Direction',(1.,0.,0.)) ;
#2408=DIRECTION('Axis2P3D Direction',(-1.,1.20622627911E-014,-2.84217094304E-014)) ;
#2409=DIRECTION('Axis2P3D XDirection',(2.23905132714E-014,-0.346433117576,-0.938074674558)) ;
#2420=DIRECTION('Vector Direction',(1.,0.,0.)) ;
#2427=DIRECTION('Vector Direction',(1.,0.,0.)) ;
#2434=DIRECTION('Axis2P3D Direction',(1.,0.,0.)) ;
#2450=DIRECTION('Axis2P3D Direction',(-0.,0.324136521854,0.946010314532)) ;
#2451=DIRECTION('Axis2P3D XDirection',(0.,-0.946010314532,0.324136521854)) ;
#2455=DIRECTION('Vector Direction',(0.,-0.946010314532,0.324136521854)) ;
#2481=DIRECTION('Axis2P3D Direction',(0.,-0.6572007037,-0.753715619486)) ;
#2482=DIRECTION('Axis2P3D XDirection',(0.,0.753715619486,-0.6572007037)) ;
#2486=DIRECTION('Vector Direction',(0.,-0.753715619486,0.6572007037)) ;
#2512=DIRECTION('Axis2P3D Direction',(1.,0.,0.)) ;
#2528=DIRECTION('Axis2P3D Direction',(-1.,-9.09494701773E-013,2.55795384874E-013)) ;
#2529=DIRECTION('Axis2P3D XDirection',(7.8116549537E-013,-0.643722794562,0.765258756082)) ;
#2540=DIRECTION('Vector Direction',(1.,0.,0.)) ;
#2547=DIRECTION('Vector Direction',(1.,0.,0.)) ;
#2554=DIRECTION('Axis2P3D Direction',(1.,0.,0.)) ;
#2570=DIRECTION('Axis2P3D Direction',(0.,0.6572007037,-0.753715619486)) ;
#2571=DIRECTION('Axis2P3D XDirection',(0.,0.753715619486,0.6572007037)) ;
#2575=DIRECTION('Vector Direction',(0.,0.753715619486,0.6572007037)) ;
#2601=DIRECTION('Axis2P3D Direction',(0.,-0.324136521854,0.946010314532)) ;
#2602=DIRECTION('Axis2P3D XDirection',(0.,-0.946010314532,-0.324136521854)) ;
#2606=DIRECTION('Vector Direction',(0.,0.946010314532,0.324136521854)) ;
#2632=DIRECTION('Axis2P3D Direction',(1.,0.,0.)) ;
#2648=DIRECTION('Axis2P3D Direction',(-1.,1.08002495836E-012,3.58824081559E-013)) ;
#2649=DIRECTION('Axis2P3D XDirection',(1.08725698268E-012,0.999779664024,0.0209910315131)) ;
#2660=DIRECTION('Axis2P3D Direction',(1.,4.25100704134E-016,-4.23467999599E-016)) ;
#2661=DIRECTION('Axis2P3D XDirection',(4.9945023035E-016,-0.346856401165,0.937918246422)) ;
#2677=DIRECTION('Axis2P3D Direction',(1.,4.25100704134E-016,-4.23467999599E-016)) ;
#2682=DIRECTION('Axis2P3D Direction',(1.,4.25100704134E-016,-4.23467999599E-016)) ;
#2799=DIRECTION('Axis2P3D Direction',(1.,4.25100704134E-016,-4.23467999599E-016)) ;
#2804=DIRECTION('Axis2P3D Direction',(1.,4.25100704134E-016,-4.23467999599E-016)) ;
#2909=DIRECTION('Axis2P3D Direction',(1.,-1.69392798046E-017,-9.22955019096E-016)) ;
#2910=DIRECTION('Axis2P3D XDirection',(-6.24312787937E-016,-0.702998778843,-0.711191055164)) ;
#2926=DIRECTION('Axis2P3D Direction',(1.,-1.69392798046E-017,-9.22955019096E-016)) ;
#2931=DIRECTION('Axis2P3D Direction',(1.,-1.69392798046E-017,-9.22955019096E-016)) ;
#3039=DIRECTION('Axis2P3D Direction',(1.,3.97502518065E-017,4.04192465248E-016)) ;
#3040=DIRECTION('Axis2P3D XDirection',(-1.24862557587E-016,0.981967253228,0.189051087242)) ;
#3056=DIRECTION('Axis2P3D Direction',(1.,3.97502518065E-017,4.04192465248E-016)) ;
#3061=DIRECTION('Axis2P3D Direction',(1.,3.97502518065E-017,4.04192465248E-016)) ;
#3181=DIRECTION('Axis2P3D Direction',(1.,3.97502518065E-017,4.04192465248E-016)) ;
#3186=DIRECTION('Axis2P3D Direction',(1.,3.97502518065E-017,4.04192465248E-016)) ;
#3306=DIRECTION('Axis2P3D Direction',(1.,-1.69392798046E-017,-9.22955019096E-016)) ;
#3311=DIRECTION('Axis2P3D Direction',(1.,-1.69392798046E-017,-9.22955019096E-016)) ;
#3323=DIRECTION('Axis2P3D Direction',(1.,0.,0.)) ;
#3324=DIRECTION('Axis2P3D XDirection',(0.,1.,0.)) ;
#3328=DIRECTION('Vector Direction',(0.,-1.,0.)) ;
#3337=DIRECTION('Vector Direction',(0.,-0.0436767634892,0.999045714835)) ;
#3373=DIRECTION('Vector Direction',(0.,0.887037350334,0.461697670681)) ;
#3380=DIRECTION('Vector Direction',(0.,0.5,-0.866025403784)) ;
#3387=DIRECTION('Vector Direction',(0.,0.843360586845,0.537348044154)) ;
#3423=DIRECTION('Vector Direction',(0.,-0.843360586845,0.537348044154)) ;
#3430=DIRECTION('Vector Direction',(0.,0.5,0.866025403784)) ;
#3437=DIRECTION('Vector Direction',(0.,-0.887037350334,0.461697670681)) ;
#3470=DIRECTION('Vector Direction',(0.,0.0436767634892,0.999045714835)) ;
#3739=DIRECTION('Axis2P3D Direction',(1.,0.,0.)) ;
#3740=DIRECTION('Axis2P3D XDirection',(0.,-0.87758256189,-0.479425538604)) ;
#3766=DIRECTION('Axis2P3D Direction',(-0.0923415070014,-0.535052168466,-0.839757240579)) ;
#3767=DIRECTION('Axis2P3D XDirection',(0.426080339136,-0.78348047739,0.452342664526)) ;
#3771=DIRECTION('Vector Direction',(0.426080339136,-0.78348047739,0.452342664526)) ;
#3882=DIRECTION('Axis2P3D Direction',(-1.66533453694E-016,-0.843360586845,0.537348044154)) ;
#3883=DIRECTION('Axis2P3D XDirection',(-1.,-5.55111512313E-017,-3.88578058619E-016)) ;
#4061=DIRECTION('Axis2P3D Direction',(0.426080339136,-0.78348047739,0.452342664526)) ;
#4062=DIRECTION('Axis2P3D XDirection',(0.904685329052,0.368996397745,-0.213040169568)) ;
#4066=DIRECTION('Axis2P3D Direction',(0.426080339136,-0.78348047739,0.452342664526)) ;
#4073=DIRECTION('Vector Direction',(0.426080339136,-0.78348047739,0.452342664526)) ;
#4533=DIRECTION('Axis2P3D Direction',(0.0923415070014,-0.459725019121,-0.883247390531)) ;
#4534=DIRECTION('Axis2P3D XDirection',(0.426080339136,-0.78348047739,0.452342664526)) ;
#4552=DIRECTION('Vector Direction',(0.426080339136,-0.78348047739,0.452342664526)) ;
#4564=DIRECTION('Axis2P3D Direction',(-4.16333634234E-017,-0.887037350334,0.461697670681)) ;
#4565=DIRECTION('Axis2P3D XDirection',(-0.0923415070014,0.459725019121,0.883247390531)) ;
#4679=DIRECTION('Axis2P3D Direction',(0.904685329052,0.368996397745,-0.213040169568)) ;
#4680=DIRECTION('Axis2P3D XDirection',(-0.426080339136,0.78348047739,-0.452342664526)) ;
#4684=DIRECTION('Vector Direction',(0.,0.5,0.866025403784)) ;
#4738=DIRECTION('Vector Direction',(0.426080339136,-0.78348047739,0.452342664526)) ;
#4776=DIRECTION('Axis2P3D Direction',(0.,0.5,0.866025403784)) ;
#4777=DIRECTION('Axis2P3D XDirection',(-1.,0.,0.)) ;
#4961=DIRECTION('Axis2P3D Direction',(0.426080339136,-0.78348047739,0.452342664526)) ;
#4962=DIRECTION('Axis2P3D XDirection',(0.0923415070014,-0.459725019121,-0.883247390531)) ;
#4966=DIRECTION('Axis2P3D Direction',(0.426080339136,-0.78348047739,0.452342664526)) ;
#5284=DIRECTION('Axis2P3D Direction',(-0.0923415070014,-0.459725019121,0.883247390531)) ;
#5285=DIRECTION('Axis2P3D XDirection',(0.426080339136,0.78348047739,0.452342664526)) ;
#5289=DIRECTION('Vector Direction',(0.426080339136,0.78348047739,0.452342664526)) ;
#5400=DIRECTION('Axis2P3D Direction',(-6.93889390391E-018,0.887037350334,0.461697670681)) ;
#5401=DIRECTION('Axis2P3D XDirection',(-1.,-2.22044604925E-016,4.16333634234E-016)) ;
#5579=DIRECTION('Axis2P3D Direction',(0.426080339136,0.78348047739,0.452342664526)) ;
#5580=DIRECTION('Axis2P3D XDirection',(0.904685329052,-0.368996397745,-0.213040169568)) ;
#5584=DIRECTION('Axis2P3D Direction',(0.426080339136,0.78348047739,0.452342664526)) ;
#5591=DIRECTION('Vector Direction',(0.426080339136,0.78348047739,0.452342664526)) ;
#6051=DIRECTION('Axis2P3D Direction',(0.0923415070014,-0.535052168466,0.839757240579)) ;
#6052=DIRECTION('Axis2P3D XDirection',(0.426080339136,0.78348047739,0.452342664526)) ;
#6070=DIRECTION('Vector Direction',(0.426080339136,0.78348047739,0.452342664526)) ;
#6082=DIRECTION('Axis2P3D Direction',(6.93889390391E-017,0.843360586845,0.537348044154)) ;
#6083=DIRECTION('Axis2P3D XDirection',(-0.0923415070014,0.535052168466,-0.839757240579)) ;
#6197=DIRECTION('Axis2P3D Direction',(0.904685329052,-0.368996397745,-0.213040169568)) ;
#6198=DIRECTION('Axis2P3D XDirection',(-0.426080339136,-0.78348047739,-0.452342664526)) ;
#6202=DIRECTION('Vector Direction',(0.,0.5,-0.866025403784)) ;
#6256=DIRECTION('Vector Direction',(0.426080339136,0.78348047739,0.452342664526)) ;
#6294=DIRECTION('Axis2P3D Direction',(0.,0.5,-0.866025403784)) ;
#6295=DIRECTION('Axis2P3D XDirection',(-1.,0.,0.)) ;
#6479=DIRECTION('Axis2P3D Direction',(0.426080339136,0.78348047739,0.452342664526)) ;
#6480=DIRECTION('Axis2P3D XDirection',(0.0923415070014,-0.535052168466,0.839757240579)) ;
#6484=DIRECTION('Axis2P3D Direction',(0.426080339136,0.78348047739,0.452342664526)) ;
#6847=DIRECTION('Axis2P3D Direction',(0.0923415070014,0.994777187586,0.0434901499516)) ;
#6848=DIRECTION('Axis2P3D XDirection',(0.426080339136,0.,-0.904685329052)) ;
#6866=DIRECTION('Vector Direction',(0.426080339136,0.,-0.904685329052)) ;
#6878=DIRECTION('Axis2P3D Direction',(-1.28369537222E-016,-0.0436767634892,0.999045714835)) ;
#6879=DIRECTION('Axis2P3D XDirection',(-1.,2.27595720048E-015,-2.86229373536E-017)) ;
#7195=DIRECTION('Axis2P3D Direction',(0.426080339136,3.46944695195E-017,-0.904685329052)) ;
#7196=DIRECTION('Axis2P3D XDirection',(0.0923415070014,0.994777187586,0.0434901499516)) ;
#7200=DIRECTION('Axis2P3D Direction',(0.426080339136,3.46944695195E-017,-0.904685329052)) ;
#7207=DIRECTION('Vector Direction',(0.426080339136,3.44284867233E-017,-0.904685329052)) ;
#7569=DIRECTION('Axis2P3D Direction',(-0.0923415070014,0.994777187586,-0.0434901499516)) ;
#7570=DIRECTION('Axis2P3D XDirection',(0.426080339136,0.,-0.904685329052)) ;
#7574=DIRECTION('Vector Direction',(0.426080339136,0.,-0.904685329052)) ;
#7685=DIRECTION('Axis2P3D Direction',(-6.50521303491E-017,0.0436767634892,0.999045714835)) ;
#7686=DIRECTION('Axis2P3D XDirection',(-0.0923415070014,0.994777187586,-0.0434901499516)) ;
#7715=DIRECTION('Axis2P3D Direction',(0.904685329052,0.,0.426080339136)) ;
#7716=DIRECTION('Axis2P3D XDirection',(-0.426080339136,0.,0.904685329052)) ;
#7720=DIRECTION('Vector Direction',(0.,-1.,0.)) ;
#7743=DIRECTION('Vector Direction',(0.426080339136,0.,-0.904685329052)) ;
#7812=DIRECTION('Axis2P3D Direction',(0.,-1.,0.)) ;
#7813=DIRECTION('Axis2P3D XDirection',(-1.,0.,0.)) ;
#7945=DIRECTION('Axis2P3D Direction',(0.426080339136,-4.16333634234E-017,-0.904685329052)) ;
#7946=DIRECTION('Axis2P3D XDirection',(0.904685329052,2.08166817117E-016,0.426080339136)) ;
#7950=DIRECTION('Axis2P3D Direction',(0.426080339136,-4.16333634234E-017,-0.904685329052)) ;
#15=UNCERTAINTY_MEASURE_WITH_UNIT(LENGTH_MEASURE(0.005),#12,'distance_accuracy_value','CONFUSED CURVE UNCERTAINTY') ;
#18=AXIS2_PLACEMENT_3D(' ',#17,$,$) ;
#34=AXIS2_PLACEMENT_3D('Cylinder Axis2P3D',#31,#32,#33) ;
#112=AXIS2_PLACEMENT_3D('Circle Axis2P3D',#110,#111,$) ;
#131=AXIS2_PLACEMENT_3D('Torus Axis2P3D',#128,#129,#130) ;
#135=AXIS2_PLACEMENT_3D('Circle Axis2P3D',#133,#134,$) ;
#144=AXIS2_PLACEMENT_3D('Circle Axis2P3D',#142,#143,$) ;
#151=AXIS2_PLACEMENT_3D('Circle Axis2P3D',#149,#150,$) ;
#174=AXIS2_PLACEMENT_3D('Circle Axis2P3D',#172,#173,$) ;
#222=AXIS2_PLACEMENT_3D('Circle Axis2P3D',#220,#221,$) ;
#229=AXIS2_PLACEMENT_3D('Circle Axis2P3D',#227,#228,$) ;
#248=AXIS2_PLACEMENT_3D('Cylinder Axis2P3D',#245,#246,#247) ;
#252=AXIS2_PLACEMENT_3D('Circle Axis2P3D',#250,#251,$) ;
#279=AXIS2_PLACEMENT_3D('Plane Axis2P3D',#276,#277,#278) ;
#283=AXIS2_PLACEMENT_3D('Circle Axis2P3D',#281,#282,$) ;
#292=AXIS2_PLACEMENT_3D('Circle Axis2P3D',#290,#291,$) ;
#301=AXIS2_PLACEMENT_3D('Circle Axis2P3D',#299,#300,$) ;
#312=AXIS2_PLACEMENT_3D('Cylinder Axis2P3D',#309,#310,#311) ;
#325=AXIS2_PLACEMENT_3D('Circle Axis2P3D',#323,#324,$) ;
#339=AXIS2_PLACEMENT_3D('Circle Axis2P3D',#337,#338,$) ;
#351=AXIS2_PLACEMENT_3D('Circle Axis2P3D',#349,#350,$) ;
#356=AXIS2_PLACEMENT_3D('Circle Axis2P3D',#354,#355,$) ;
#369=AXIS2_PLACEMENT_3D('Cylinder Axis2P3D',#366,#367,#368) ;
#382=AXIS2_PLACEMENT_3D('Circle Axis2P3D',#380,#381,$) ;
#396=AXIS2_PLACEMENT_3D('Circle Axis2P3D',#394,#395,$) ;
#408=AXIS2_PLACEMENT_3D('Circle Axis2P3D',#406,#407,$) ;
#413=AXIS2_PLACEMENT_3D('Circle Axis2P3D',#411,#412,$) ;
#426=AXIS2_PLACEMENT_3D('Cylinder Axis2P3D',#423,#424,#425) ;
#439=AXIS2_PLACEMENT_3D('Circle Axis2P3D',#437,#438,$) ;
#453=AXIS2_PLACEMENT_3D('Circle Axis2P3D',#451,#452,$) ;
#465=AXIS2_PLACEMENT_3D('Circle Axis2P3D',#463,#464,$) ;
#470=AXIS2_PLACEMENT_3D('Circle Axis2P3D',#468,#469,$) ;
#483=AXIS2_PLACEMENT_3D('Torus Axis2P3D',#480,#481,#482) ;
#487=AXIS2_PLACEMENT_3D('Circle Axis2P3D',#485,#486,$) ;
#496=AXIS2_PLACEMENT_3D('Circle Axis2P3D',#494,#495,$) ;
#512=AXIS2_PLACEMENT_3D('Circle Axis2P3D',#510,#511,$) ;
#528=AXIS2_PLACEMENT_3D('Circle Axis2P3D',#526,#527,$) ;
#543=AXIS2_PLACEMENT_3D('Cylinder Axis2P3D',#540,#541,#542) ;
#547=AXIS2_PLACEMENT_3D('Circle Axis2P3D',#545,#546,$) ;
#578=AXIS2_PLACEMENT_3D('Torus Axis2P3D',#575,#576,#577) ;
#582=AXIS2_PLACEMENT_3D('Circle Axis2P3D',#580,#581,$) ;
#615=AXIS2_PLACEMENT_3D('Plane Axis2P3D',#612,#613,#614) ;
#619=AXIS2_PLACEMENT_3D('Circle Axis2P3D',#617,#618,$) ;
#628=AXIS2_PLACEMENT_3D('Circle Axis2P3D',#626,#627,$) ;
#647=AXIS2_PLACEMENT_3D('Circle Axis2P3D',#645,#646,$) ;
#665=AXIS2_PLACEMENT_3D('Circle Axis2P3D',#663,#664,$) ;
#683=AXIS2_PLACEMENT_3D('Circle Axis2P3D',#681,#682,$) ;
#690=AXIS2_PLACEMENT_3D('Circle Axis2P3D',#688,#689,$) ;
#697=AXIS2_PLACEMENT_3D('Circle Axis2P3D',#695,#696,$) ;
#720=AXIS2_PLACEMENT_3D('Circle Axis2P3D',#718,#719,$) ;
#760=AXIS2_PLACEMENT_3D('Circle Axis2P3D',#758,#759,$) ;
#782=AXIS2_PLACEMENT_3D('Circle Axis2P3D',#780,#781,$) ;
#791=AXIS2_PLACEMENT_3D('Circle Axis2P3D',#789,#790,$) ;
#810=AXIS2_PLACEMENT_3D('Circle Axis2P3D',#808,#809,$) ;
#828=AXIS2_PLACEMENT_3D('Circle Axis2P3D',#826,#827,$) ;
#841=AXIS2_PLACEMENT_3D('Cone Axis2P3D',#838,#839,#840) ;
#901=AXIS2_PLACEMENT_3D('Circle Axis2P3D',#899,#900,$) ;
#1638=AXIS2_PLACEMENT_3D('Circle Axis2P3D',#1636,#1637,$) ;
#1661=AXIS2_PLACEMENT_3D('Circle Axis2P3D',#1659,#1660,$) ;
#1679=AXIS2_PLACEMENT_3D('Circle Axis2P3D',#1677,#1678,$) ;
#1688=AXIS2_PLACEMENT_3D('Circle Axis2P3D',#1686,#1687,$) ;
#1702=AXIS2_PLACEMENT_3D('Circle Axis2P3D',#1700,#1701,$) ;
#1707=AXIS2_PLACEMENT_3D('Circle Axis2P3D',#1705,#1706,$) ;
#1735=AXIS2_PLACEMENT_3D('Circle Axis2P3D',#1733,#1734,$) ;
#1755=AXIS2_PLACEMENT_3D('Circle Axis2P3D',#1753,#1754,$) ;
#1762=AXIS2_PLACEMENT_3D('Circle Axis2P3D',#1760,#1761,$) ;
#1769=AXIS2_PLACEMENT_3D('Circle Axis2P3D',#1767,#1768,$) ;
#1792=AXIS2_PLACEMENT_3D('Circle Axis2P3D',#1790,#1791,$) ;
#1838=AXIS2_PLACEMENT_3D('Cylinder Axis2P3D',#1835,#1836,#1837) ;
#1890=AXIS2_PLACEMENT_3D('Cylinder Axis2P3D',#1887,#1888,#1889) ;
#1902=AXIS2_PLACEMENT_3D('Circle Axis2P3D',#1900,#1901,$) ;
#1934=AXIS2_PLACEMENT_3D('Cylinder Axis2P3D',#1931,#1932,#1933) ;
#1969=AXIS2_PLACEMENT_3D('Circle Axis2P3D',#1967,#1968,$) ;
#1988=AXIS2_PLACEMENT_3D('Cylinder Axis2P3D',#1985,#1986,#1987) ;
#2023=AXIS2_PLACEMENT_3D('Circle Axis2P3D',#2021,#2022,$) ;
#2042=AXIS2_PLACEMENT_3D('Cylinder Axis2P3D',#2039,#2040,#2041) ;
#2064=AXIS2_PLACEMENT_3D('Circle Axis2P3D',#2062,#2063,$) ;
#2096=AXIS2_PLACEMENT_3D('Cylinder Axis2P3D',#2093,#2094,#2095) ;
#2118=AXIS2_PLACEMENT_3D('Circle Axis2P3D',#2116,#2117,$) ;
#2150=AXIS2_PLACEMENT_3D('Cylinder Axis2P3D',#2147,#2148,#2149) ;
#2192=AXIS2_PLACEMENT_3D('Cylinder Axis2P3D',#2189,#2190,#2191) ;
#2234=AXIS2_PLACEMENT_3D('Plane Axis2P3D',#2231,#2232,#2233) ;
#2238=AXIS2_PLACEMENT_3D('Circle Axis2P3D',#2236,#2237,$) ;
#2247=AXIS2_PLACEMENT_3D('Circle Axis2P3D',#2245,#2246,$) ;
#2258=AXIS2_PLACEMENT_3D('Torus Axis2P3D',#2255,#2256,#2257) ;
#2262=AXIS2_PLACEMENT_3D('Circle Axis2P3D',#2260,#2261,$) ;
#2267=AXIS2_PLACEMENT_3D('Circle Axis2P3D',#2265,#2266,$) ;
#2280=AXIS2_PLACEMENT_3D('Torus Axis2P3D',#2277,#2278,#2279) ;
#2292=AXIS2_PLACEMENT_3D('Plane Axis2P3D',#2289,#2290,#2291) ;
#2310=AXIS2_PLACEMENT_3D('Circle Axis2P3D',#2308,#2309,$) ;
#2327=AXIS2_PLACEMENT_3D('Plane Axis2P3D',#2324,#2325,#2326) ;
#2358=AXIS2_PLACEMENT_3D('Plane Axis2P3D',#2355,#2356,#2357) ;
#2389=AXIS2_PLACEMENT_3D('Cylinder Axis2P3D',#2386,#2387,#2388) ;
#2393=AXIS2_PLACEMENT_3D('Circle Axis2P3D',#2391,#2392,$) ;
#2410=AXIS2_PLACEMENT_3D('Cone Axis2P3D',#2407,#2408,#2409) ;
#2435=AXIS2_PLACEMENT_3D('Circle Axis2P3D',#2433,#2434,$) ;
#2452=AXIS2_PLACEMENT_3D('Plane Axis2P3D',#2449,#2450,#2451) ;
#2483=AXIS2_PLACEMENT_3D('Plane Axis2P3D',#2480,#2481,#2482) ;
#2513=AXIS2_PLACEMENT_3D('Circle Axis2P3D',#2511,#2512,$) ;
#2530=AXIS2_PLACEMENT_3D('Cone Axis2P3D',#2527,#2528,#2529) ;
#2555=AXIS2_PLACEMENT_3D('Circle Axis2P3D',#2553,#2554,$) ;
#2572=AXIS2_PLACEMENT_3D('Plane Axis2P3D',#2569,#2570,#2571) ;
#2603=AXIS2_PLACEMENT_3D('Plane Axis2P3D',#2600,#2601,#2602) ;
#2633=AXIS2_PLACEMENT_3D('Circle Axis2P3D',#2631,#2632,$) ;
#2650=AXIS2_PLACEMENT_3D('Cone Axis2P3D',#2647,#2648,#2649) ;
#2662=AXIS2_PLACEMENT_3D('Torus Axis2P3D',#2659,#2660,#2661) ;
#2678=AXIS2_PLACEMENT_3D('Circle Axis2P3D',#2676,#2677,$) ;
#2683=AXIS2_PLACEMENT_3D('Circle Axis2P3D',#2681,#2682,$) ;
#2800=AXIS2_PLACEMENT_3D('Circle Axis2P3D',#2798,#2799,$) ;
#2805=AXIS2_PLACEMENT_3D('Circle Axis2P3D',#2803,#2804,$) ;
#2911=AXIS2_PLACEMENT_3D('Torus Axis2P3D',#2908,#2909,#2910) ;
#2927=AXIS2_PLACEMENT_3D('Circle Axis2P3D',#2925,#2926,$) ;
#2932=AXIS2_PLACEMENT_3D('Circle Axis2P3D',#2930,#2931,$) ;
#3041=AXIS2_PLACEMENT_3D('Torus Axis2P3D',#3038,#3039,#3040) ;
#3057=AXIS2_PLACEMENT_3D('Circle Axis2P3D',#3055,#3056,$) ;
#3062=AXIS2_PLACEMENT_3D('Circle Axis2P3D',#3060,#3061,$) ;
#3182=AXIS2_PLACEMENT_3D('Circle Axis2P3D',#3180,#3181,$) ;
#3187=AXIS2_PLACEMENT_3D('Circle Axis2P3D',#3185,#3186,$) ;
#3307=AXIS2_PLACEMENT_3D('Circle Axis2P3D',#3305,#3306,$) ;
#3312=AXIS2_PLACEMENT_3D('Circle Axis2P3D',#3310,#3311,$) ;
#3325=AXIS2_PLACEMENT_3D('Plane Axis2P3D',#3322,#3323,#3324) ;
#3741=AXIS2_PLACEMENT_3D('Cone Axis2P3D',#3738,#3739,#3740) ;
#3768=AXIS2_PLACEMENT_3D('Plane Axis2P3D',#3765,#3766,#3767) ;
#3884=AXIS2_PLACEMENT_3D('Cylinder Axis2P3D',#3881,#3882,#3883) ;
#4063=AXIS2_PLACEMENT_3D('Cylinder Axis2P3D',#4060,#4061,#4062) ;
#4067=AXIS2_PLACEMENT_3D('Circle Axis2P3D',#4065,#4066,$) ;
#4535=AXIS2_PLACEMENT_3D('Plane Axis2P3D',#4532,#4533,#4534) ;
#4566=AXIS2_PLACEMENT_3D('Cylinder Axis2P3D',#4563,#4564,#4565) ;
#4681=AXIS2_PLACEMENT_3D('Plane Axis2P3D',#4678,#4679,#4680) ;
#4778=AXIS2_PLACEMENT_3D('Cylinder Axis2P3D',#4775,#4776,#4777) ;
#4963=AXIS2_PLACEMENT_3D('Cylinder Axis2P3D',#4960,#4961,#4962) ;
#4967=AXIS2_PLACEMENT_3D('Circle Axis2P3D',#4965,#4966,$) ;
#5286=AXIS2_PLACEMENT_3D('Plane Axis2P3D',#5283,#5284,#5285) ;
#5402=AXIS2_PLACEMENT_3D('Cylinder Axis2P3D',#5399,#5400,#5401) ;
#5581=AXIS2_PLACEMENT_3D('Cylinder Axis2P3D',#5578,#5579,#5580) ;
#5585=AXIS2_PLACEMENT_3D('Circle Axis2P3D',#5583,#5584,$) ;
#6053=AXIS2_PLACEMENT_3D('Plane Axis2P3D',#6050,#6051,#6052) ;
#6084=AXIS2_PLACEMENT_3D('Cylinder Axis2P3D',#6081,#6082,#6083) ;
#6199=AXIS2_PLACEMENT_3D('Plane Axis2P3D',#6196,#6197,#6198) ;
#6296=AXIS2_PLACEMENT_3D('Cylinder Axis2P3D',#6293,#6294,#6295) ;
#6481=AXIS2_PLACEMENT_3D('Cylinder Axis2P3D',#6478,#6479,#6480) ;
#6485=AXIS2_PLACEMENT_3D('Circle Axis2P3D',#6483,#6484,$) ;
#6849=AXIS2_PLACEMENT_3D('Plane Axis2P3D',#6846,#6847,#6848) ;
#6880=AXIS2_PLACEMENT_3D('Cylinder Axis2P3D',#6877,#6878,#6879) ;
#7197=AXIS2_PLACEMENT_3D('Cylinder Axis2P3D',#7194,#7195,#7196) ;
#7201=AXIS2_PLACEMENT_3D('Circle Axis2P3D',#7199,#7200,$) ;
#7571=AXIS2_PLACEMENT_3D('Plane Axis2P3D',#7568,#7569,#7570) ;
#7687=AXIS2_PLACEMENT_3D('Cylinder Axis2P3D',#7684,#7685,#7686) ;
#7717=AXIS2_PLACEMENT_3D('Plane Axis2P3D',#7714,#7715,#7716) ;
#7814=AXIS2_PLACEMENT_3D('Cylinder Axis2P3D',#7811,#7812,#7813) ;
#7947=AXIS2_PLACEMENT_3D('Cylinder Axis2P3D',#7944,#7945,#7946) ;
#7951=AXIS2_PLACEMENT_3D('Circle Axis2P3D',#7949,#7950,$) ;
#57=LINE('Line',#54,#56) ;
#262=LINE('Line',#259,#261) ;
#267=LINE('Line',#264,#266) ;
#317=LINE('Line',#314,#316) ;
#333=LINE('Line',#330,#332) ;
#374=LINE('Line',#371,#373) ;
#390=LINE('Line',#387,#389) ;
#431=LINE('Line',#428,#430) ;
#447=LINE('Line',#444,#446) ;
#636=LINE('Line',#633,#635) ;
#641=LINE('Line',#638,#640) ;
#799=LINE('Line',#796,#798) ;
#804=LINE('Line',#801,#803) ;
#1696=LINE('Line',#1693,#1695) ;
#1843=LINE('Line',#1840,#1842) ;
#1867=LINE('Line',#1864,#1866) ;
#1916=LINE('Line',#1913,#1915) ;
#1957=LINE('Line',#1954,#1956) ;
#2011=LINE('Line',#2008,#2010) ;
#2078=LINE('Line',#2075,#2077) ;
#2132=LINE('Line',#2129,#2131) ;
#2155=LINE('Line',#2152,#2154) ;
#2169=LINE('Line',#2166,#2168) ;
#2197=LINE('Line',#2194,#2196) ;
#2211=LINE('Line',#2208,#2210) ;
#2297=LINE('Line',#2294,#2296) ;
#2304=LINE('Line',#2301,#2303) ;
#2332=LINE('Line',#2329,#2331) ;
#2363=LINE('Line',#2360,#2362) ;
#2422=LINE('Line',#2419,#2421) ;
#2429=LINE('Line',#2426,#2428) ;
#2457=LINE('Line',#2454,#2456) ;
#2488=LINE('Line',#2485,#2487) ;
#2542=LINE('Line',#2539,#2541) ;
#2549=LINE('Line',#2546,#2548) ;
#2577=LINE('Line',#2574,#2576) ;
#2608=LINE('Line',#2605,#2607) ;
#3330=LINE('Line',#3327,#3329) ;
#3339=LINE('Line',#3336,#3338) ;
#3375=LINE('Line',#3372,#3374) ;
#3382=LINE('Line',#3379,#3381) ;
#3389=LINE('Line',#3386,#3388) ;
#3425=LINE('Line',#3422,#3424) ;
#3432=LINE('Line',#3429,#3431) ;
#3439=LINE('Line',#3436,#3438) ;
#3472=LINE('Line',#3469,#3471) ;
#3773=LINE('Line',#3770,#3772) ;
#4075=LINE('Line',#4072,#4074) ;
#4554=LINE('Line',#4551,#4553) ;
#4686=LINE('Line',#4683,#4685) ;
#4740=LINE('Line',#4737,#4739) ;
#5291=LINE('Line',#5288,#5290) ;
#5593=LINE('Line',#5590,#5592) ;
#6072=LINE('Line',#6069,#6071) ;
#6204=LINE('Line',#6201,#6203) ;
#6258=LINE('Line',#6255,#6257) ;
#6868=LINE('Line',#6865,#6867) ;
#7209=LINE('Line',#7206,#7208) ;
#7576=LINE('Line',#7573,#7575) ;
#7722=LINE('Line',#7719,#7721) ;
#7745=LINE('Line',#7742,#7744) ;
#113=CIRCLE('generated circle',#112,20.) ;
#136=CIRCLE('generated circle',#135,47.5) ;
#145=CIRCLE('generated circle',#144,20.) ;
#152=CIRCLE('generated circle',#151,47.9829482337) ;
#175=CIRCLE('generated circle',#174,50.1794919243) ;
#223=CIRCLE('generated circle',#222,50.1794919243) ;
#230=CIRCLE('generated circle',#229,20.) ;
#253=CIRCLE('generated circle',#252,47.5) ;
#284=CIRCLE('generated circle',#283,47.5) ;
#293=CIRCLE('generated circle',#292,15.) ;
#302=CIRCLE('generated circle',#301,15.) ;
#326=CIRCLE('generated circle',#325,5.5) ;
#340=CIRCLE('generated circle',#339,5.5) ;
#352=CIRCLE('generated circle',#351,5.5) ;
#357=CIRCLE('generated circle',#356,5.5) ;
#383=CIRCLE('generated circle',#382,5.5) ;
#397=CIRCLE('generated circle',#396,5.5) ;
#409=CIRCLE('generated circle',#408,5.5) ;
#414=CIRCLE('generated circle',#413,5.5) ;
#440=CIRCLE('generated circle',#439,5.5) ;
#454=CIRCLE('generated circle',#453,5.5) ;
#466=CIRCLE('generated circle',#465,5.5) ;
#471=CIRCLE('generated circle',#470,5.5) ;
#488=CIRCLE('generated circle',#487,57.) ;
#497=CIRCLE('generated circle',#496,57.) ;
#513=CIRCLE('generated circle',#512,54.1450815951) ;
#529=CIRCLE('generated circle',#528,57.) ;
#548=CIRCLE('generated circle',#547,57.) ;
#583=CIRCLE('generated circle',#582,58.) ;
#620=CIRCLE('generated circle',#619,81.5) ;
#629=CIRCLE('generated circle',#628,81.5) ;
#648=CIRCLE('generated circle',#647,81.5) ;
#666=CIRCLE('generated circle',#665,54.1450815951) ;
#684=CIRCLE('generated circle',#683,57.) ;
#691=CIRCLE('generated circle',#690,57.) ;
#698=CIRCLE('generated circle',#697,57.) ;
#721=CIRCLE('generated circle',#720,57.) ;
#761=CIRCLE('generated circle',#760,58.) ;
#783=CIRCLE('generated circle',#782,81.5) ;
#792=CIRCLE('generated circle',#791,81.5) ;
#811=CIRCLE('generated circle',#810,81.5) ;
#829=CIRCLE('generated circle',#828,47.5) ;
#902=CIRCLE('generated circle',#901,50.1794919243) ;
#1639=CIRCLE('generated circle',#1638,50.1794919243) ;
#1662=CIRCLE('generated circle',#1661,47.9829482337) ;
#1680=CIRCLE('generated circle',#1679,81.5) ;
#1689=CIRCLE('generated circle',#1688,81.5) ;
#1703=CIRCLE('generated circle',#1702,58.) ;
#1708=CIRCLE('generated circle',#1707,81.5) ;
#1736=CIRCLE('generated circle',#1735,57.) ;
#1756=CIRCLE('generated circle',#1755,57.) ;
#1763=CIRCLE('generated circle',#1762,57.) ;
#1770=CIRCLE('generated circle',#1769,57.) ;
#1793=CIRCLE('generated circle',#1792,54.1450815951) ;
#1903=CIRCLE('generated circle',#1902,20.) ;
#1970=CIRCLE('generated circle',#1969,20.) ;
#2024=CIRCLE('generated circle',#2023,20.) ;
#2065=CIRCLE('generated circle',#2064,20.) ;
#2119=CIRCLE('generated circle',#2118,20.) ;
#2239=CIRCLE('generated circle',#2238,13.) ;
#2248=CIRCLE('generated circle',#2247,13.) ;
#2263=CIRCLE('generated circle',#2262,2.) ;
#2268=CIRCLE('generated circle',#2267,2.) ;
#2311=CIRCLE('generated circle',#2310,80.5) ;
#2394=CIRCLE('generated circle',#2393,81.5) ;
#2436=CIRCLE('generated circle',#2435,81.5) ;
#2514=CIRCLE('generated circle',#2513,80.5) ;
#2556=CIRCLE('generated circle',#2555,81.5) ;
#2634=CIRCLE('generated circle',#2633,80.5) ;
#2679=CIRCLE('generated circle',#2678,45.7735026919) ;
#2684=CIRCLE('generated circle',#2683,28.4529946162) ;
#2801=CIRCLE('generated circle',#2800,28.4529946162) ;
#2806=CIRCLE('generated circle',#2805,45.7735026919) ;
#2928=CIRCLE('generated circle',#2927,45.7735026919) ;
#2933=CIRCLE('generated circle',#2932,28.4529946162) ;
#3058=CIRCLE('generated circle',#3057,28.4529946162) ;
#3063=CIRCLE('generated circle',#3062,45.7735026919) ;
#3183=CIRCLE('generated circle',#3182,45.7735026919) ;
#3188=CIRCLE('generated circle',#3187,28.4529946162) ;
#3308=CIRCLE('generated circle',#3307,28.4529946162) ;
#3313=CIRCLE('generated circle',#3312,45.7735026919) ;
#4068=CIRCLE('generated circle',#4067,2.) ;
#4968=CIRCLE('generated circle',#4967,2.) ;
#5586=CIRCLE('generated circle',#5585,2.) ;
#6486=CIRCLE('generated circle',#6485,2.) ;
#7202=CIRCLE('generated circle',#7201,2.) ;
#7952=CIRCLE('generated circle',#7951,2.) ;
#280=PLANE('',#279) ;
#616=PLANE('',#615) ;
#2235=PLANE('',#2234) ;
#2293=PLANE('',#2292) ;
#2328=PLANE('',#2327) ;
#2359=PLANE('',#2358) ;
#2453=PLANE('',#2452) ;
#2484=PLANE('',#2483) ;
#2573=PLANE('',#2572) ;
#2604=PLANE('',#2603) ;
#3326=PLANE('',#3325) ;
#3769=PLANE('',#3768) ;
#4536=PLANE('',#4535) ;
#4682=PLANE('',#4681) ;
#5287=PLANE('',#5286) ;
#6054=PLANE('',#6053) ;
#6200=PLANE('',#6199) ;
#6850=PLANE('',#6849) ;
#7572=PLANE('',#7571) ;
#7718=PLANE('',#7717) ;
#35=CYLINDRICAL_SURFACE('generated cylinder',#34,20.) ;
#249=CYLINDRICAL_SURFACE('generated cylinder',#248,47.5) ;
#313=CYLINDRICAL_SURFACE('generated cylinder',#312,5.5) ;
#370=CYLINDRICAL_SURFACE('generated cylinder',#369,5.5) ;
#427=CYLINDRICAL_SURFACE('generated cylinder',#426,5.5) ;
#544=CYLINDRICAL_SURFACE('generated cylinder',#543,57.) ;
#1839=CYLINDRICAL_SURFACE('generated cylinder',#1838,6.) ;
#1891=CYLINDRICAL_SURFACE('generated cylinder',#1890,20.) ;
#1935=CYLINDRICAL_SURFACE('generated cylinder',#1934,20.) ;
#1989=CYLINDRICAL_SURFACE('generated cylinder',#1988,20.) ;
#2043=CYLINDRICAL_SURFACE('generated cylinder',#2042,20.) ;
#2097=CYLINDRICAL_SURFACE('generated cylinder',#2096,20.) ;
#2151=CYLINDRICAL_SURFACE('generated cylinder',#2150,6.) ;
#2193=CYLINDRICAL_SURFACE('generated cylinder',#2192,6.) ;
#2390=CYLINDRICAL_SURFACE('generated cylinder',#2389,81.5) ;
#3885=CYLINDRICAL_SURFACE('generated cylinder',#3884,4.) ;
#4064=CYLINDRICAL_SURFACE('generated cylinder',#4063,2.) ;
#4567=CYLINDRICAL_SURFACE('generated cylinder',#4566,4.) ;
#4779=CYLINDRICAL_SURFACE('generated cylinder',#4778,20.) ;
#4964=CYLINDRICAL_SURFACE('generated cylinder',#4963,2.) ;
#5403=CYLINDRICAL_SURFACE('generated cylinder',#5402,4.) ;
#5582=CYLINDRICAL_SURFACE('generated cylinder',#5581,2.) ;
#6085=CYLINDRICAL_SURFACE('generated cylinder',#6084,4.) ;
#6297=CYLINDRICAL_SURFACE('generated cylinder',#6296,20.) ;
#6482=CYLINDRICAL_SURFACE('generated cylinder',#6481,2.) ;
#6881=CYLINDRICAL_SURFACE('generated cylinder',#6880,4.) ;
#7198=CYLINDRICAL_SURFACE('generated cylinder',#7197,2.) ;
#7688=CYLINDRICAL_SURFACE('generated cylinder',#7687,4.) ;
#7815=CYLINDRICAL_SURFACE('generated cylinder',#7814,20.) ;
#7948=CYLINDRICAL_SURFACE('generated cylinder',#7947,2.) ;
#842=CONICAL_SURFACE('Cone',#841,50.1794919243,0.523598775598) ;
#2411=CONICAL_SURFACE('Cone',#2410,0.,0.785398163397) ;
#2531=CONICAL_SURFACE('Cone',#2530,0.,0.785398163397) ;
#2651=CONICAL_SURFACE('Cone',#2650,0.,0.785398163396) ;
#3742=CONICAL_SURFACE('Cone',#3741,40.,0.523598775598) ;
#132=TOROIDAL_SURFACE('homeo Torus',#131,67.5,20.) ;
#484=TOROIDAL_SURFACE('homeo Torus',#483,62.805335633,10.) ;
#579=TOROIDAL_SURFACE('homeo Torus',#578,58.,1.) ;
#2259=TOROIDAL_SURFACE('homeo Torus',#2258,13.,2.) ;
#2281=TOROIDAL_SURFACE('homeo Torus',#2280,13.,2.) ;
#2663=TOROIDAL_SURFACE('homeo Torus',#2662,28.4529946162,20.) ;
#2912=TOROIDAL_SURFACE('homeo Torus',#2911,28.4529946162,20.) ;
#3042=TOROIDAL_SURFACE('homeo Torus',#3041,28.4529946162,20.) ;
#307=FACE_BOUND('',#304,.T.) ;
#661=FACE_BOUND('',#658,.T.) ;
#824=FACE_BOUND('',#821,.T.) ;
#1721=FACE_BOUND('',#1718,.T.) ;
#2322=FACE_BOUND('',#2319,.T.) ;
#2525=FACE_BOUND('',#2522,.T.) ;
#2645=FACE_BOUND('',#2642,.T.) ;
#45=EDGE_CURVE('',#42,#44,#36,.T.) ;
#53=EDGE_CURVE('',#52,#42,#46,.T.) ;
#60=EDGE_CURVE('',#59,#52,#57,.F.) ;
#68=EDGE_CURVE('',#67,#59,#61,.T.) ;
#74=EDGE_CURVE('',#73,#67,#69,.T.) ;
#84=EDGE_CURVE('',#83,#73,#75,.T.) ;
#92=EDGE_CURVE('',#91,#83,#85,.T.) ;
#101=EDGE_CURVE('',#100,#91,#93,.T.) ;
#109=EDGE_CURVE('',#108,#100,#102,.T.) ;
#114=EDGE_CURVE('',#108,#44,#113,.F.) ;
#141=EDGE_CURVE('',#138,#140,#136,.T.) ;
#148=EDGE_CURVE('',#147,#140,#145,.T.) ;
#155=EDGE_CURVE('',#154,#147,#152,.T.) ;
#171=EDGE_CURVE('',#154,#170,#156,.T.) ;
#178=EDGE_CURVE('',#177,#170,#175,.T.) ;
#194=EDGE_CURVE('',#177,#193,#179,.F.) ;
#203=EDGE_CURVE('',#202,#193,#195,.T.) ;
#219=EDGE_CURVE('',#202,#218,#204,.T.) ;
#226=EDGE_CURVE('',#225,#218,#223,.T.) ;
#231=EDGE_CURVE('',#225,#138,#230,.T.) ;
#258=EDGE_CURVE('',#255,#257,#253,.T.) ;
#263=EDGE_CURVE('',#140,#257,#262,.F.) ;
#268=EDGE_CURVE('',#138,#255,#267,.F.) ;
#285=EDGE_CURVE('',#257,#255,#284,.T.) ;
#298=EDGE_CURVE('',#295,#297,#293,.F.) ;
#303=EDGE_CURVE('',#297,#295,#302,.F.) ;
#322=EDGE_CURVE('',#319,#321,#317,.F.) ;
#329=EDGE_CURVE('',#319,#328,#326,.T.) ;
#336=EDGE_CURVE('',#328,#335,#333,.F.) ;
#341=EDGE_CURVE('',#321,#335,#340,.T.) ;
#353=EDGE_CURVE('',#328,#319,#352,.T.) ;
#358=EDGE_CURVE('',#335,#321,#357,.T.) ;
#379=EDGE_CURVE('',#376,#378,#374,.F.) ;
#386=EDGE_CURVE('',#376,#385,#383,.T.) ;
#393=EDGE_CURVE('',#385,#392,#390,.F.) ;
#398=EDGE_CURVE('',#378,#392,#397,.T.) ;
#410=EDGE_CURVE('',#385,#376,#409,.T.) ;
#415=EDGE_CURVE('',#392,#378,#414,.T.) ;
#436=EDGE_CURVE('',#433,#435,#431,.F.) ;
#443=EDGE_CURVE('',#433,#442,#440,.T.) ;
#450=EDGE_CURVE('',#442,#449,#447,.F.) ;
#455=EDGE_CURVE('',#435,#449,#454,.T.) ;
#467=EDGE_CURVE('',#442,#433,#466,.T.) ;
#472=EDGE_CURVE('',#449,#435,#471,.T.) ;
#493=EDGE_CURVE('',#490,#492,#488,.T.) ;
#500=EDGE_CURVE('',#499,#490,#497,.T.) ;
#509=EDGE_CURVE('',#499,#508,#501,.F.) ;
#516=EDGE_CURVE('',#515,#508,#513,.F.) ;
#525=EDGE_CURVE('',#515,#524,#517,.T.) ;
#530=EDGE_CURVE('',#492,#524,#529,.T.) ;
#553=EDGE_CURVE('',#550,#552,#548,.F.) ;
#559=EDGE_CURVE('',#552,#499,#554,.F.) ;
#565=EDGE_CURVE('',#524,#550,#560,.T.) ;
#588=EDGE_CURVE('',#585,#587,#583,.T.) ;
#596=EDGE_CURVE('',#585,#552,#589,.F.) ;
#604=EDGE_CURVE('',#550,#587,#597,.T.) ;
#625=EDGE_CURVE('',#622,#624,#620,.T.) ;
#632=EDGE_CURVE('',#631,#622,#629,.T.) ;
#637=EDGE_CURVE('',#631,#585,#636,.F.) ;
#644=EDGE_CURVE('',#587,#643,#641,.T.) ;
#649=EDGE_CURVE('',#624,#643,#648,.T.) ;
#671=EDGE_CURVE('',#668,#670,#666,.F.) ;
#680=EDGE_CURVE('',#668,#679,#672,.T.) ;
#687=EDGE_CURVE('',#686,#679,#684,.T.) ;
#694=EDGE_CURVE('',#693,#686,#691,.T.) ;
#701=EDGE_CURVE('',#700,#693,#698,.T.) ;
#708=EDGE_CURVE('',#700,#670,#702,.F.) ;
#726=EDGE_CURVE('',#723,#725,#721,.F.) ;
#732=EDGE_CURVE('',#725,#700,#727,.F.) ;
#738=EDGE_CURVE('',#679,#723,#733,.T.) ;
#757=EDGE_CURVE('',#723,#756,#748,.T.) ;
#764=EDGE_CURVE('',#763,#756,#761,.T.) ;
#772=EDGE_CURVE('',#763,#725,#765,.F.) ;
#788=EDGE_CURVE('',#785,#787,#783,.T.) ;
#795=EDGE_CURVE('',#794,#785,#792,.T.) ;
#800=EDGE_CURVE('',#794,#763,#799,.F.) ;
#807=EDGE_CURVE('',#756,#806,#804,.T.) ;
#812=EDGE_CURVE('',#787,#806,#811,.T.) ;
#830=EDGE_CURVE('',#140,#138,#829,.T.) ;
#850=EDGE_CURVE('',#508,#849,#843,.F.) ;
#857=EDGE_CURVE('',#849,#177,#851,.F.) ;
#866=EDGE_CURVE('',#170,#865,#858,.T.) ;
#872=EDGE_CURVE('',#865,#515,#867,.T.) ;
#889=EDGE_CURVE('',#670,#888,#882,.F.) ;
#898=EDGE_CURVE('',#888,#897,#890,.F.) ;
#903=EDGE_CURVE('',#897,#225,#902,.T.) ;
#912=EDGE_CURVE('',#218,#911,#904,.T.) ;
#918=EDGE_CURVE('',#911,#668,#913,.T.) ;
#1001=EDGE_CURVE('',#998,#1000,#984,.T.) ;
#1010=EDGE_CURVE('',#1000,#1009,#1002,.F.) ;
#1026=EDGE_CURVE('',#1025,#1009,#1011,.T.) ;
#1034=EDGE_CURVE('',#998,#1025,#1027,.F.) ;
#1105=EDGE_CURVE('',#1102,#1104,#1088,.T.) ;
#1115=EDGE_CURVE('',#1104,#1114,#1106,.F.) ;
#1131=EDGE_CURVE('',#1130,#1114,#1116,.T.) ;
#1138=EDGE_CURVE('',#1102,#1130,#1132,.F.) ;
#1218=EDGE_CURVE('',#1215,#1217,#1201,.T.) ;
#1227=EDGE_CURVE('',#1217,#1226,#1219,.F.) ;
#1243=EDGE_CURVE('',#1242,#1226,#1228,.T.) ;
#1251=EDGE_CURVE('',#1215,#1242,#1244,.F.) ;
#1322=EDGE_CURVE('',#1319,#1321,#1305,.T.) ;
#1332=EDGE_CURVE('',#1321,#1331,#1323,.F.) ;
#1348=EDGE_CURVE('',#1347,#1331,#1333,.T.) ;
#1355=EDGE_CURVE('',#1319,#1347,#1349,.F.) ;
#1441=EDGE_CURVE('',#1438,#1440,#1424,.T.) ;
#1451=EDGE_CURVE('',#1440,#1450,#1442,.F.) ;
#1467=EDGE_CURVE('',#1466,#1450,#1452,.T.) ;
#1474=EDGE_CURVE('',#1438,#1466,#1468,.F.) ;
#1554=EDGE_CURVE('',#1551,#1553,#1537,.T.) ;
#1563=EDGE_CURVE('',#1553,#1562,#1555,.F.) ;
#1579=EDGE_CURVE('',#1578,#1562,#1564,.T.) ;
#1587=EDGE_CURVE('',#1551,#1578,#1580,.F.) ;
#1610=EDGE_CURVE('',#897,#1609,#1595,.F.) ;
#1619=EDGE_CURVE('',#1618,#1609,#1611,.T.) ;
#1635=EDGE_CURVE('',#1618,#1634,#1620,.T.) ;
#1642=EDGE_CURVE('',#1641,#1634,#1639,.T.) ;
#1658=EDGE_CURVE('',#1641,#1657,#1643,.F.) ;
#1663=EDGE_CURVE('',#147,#1657,#1662,.T.) ;
#1685=EDGE_CURVE('',#1682,#1684,#1680,.T.) ;
#1692=EDGE_CURVE('',#1691,#1682,#1689,.T.) ;
#1699=EDGE_CURVE('',#1691,#1698,#1696,.F.) ;
#1704=EDGE_CURVE('',#1698,#73,#1703,.T.) ;
#1709=EDGE_CURVE('',#1684,#67,#1708,.T.) ;
#1732=EDGE_CURVE('',#1698,#1731,#1723,.F.) ;
#1737=EDGE_CURVE('',#83,#1731,#1736,.F.) ;
#1752=EDGE_CURVE('',#1731,#1751,#1745,.F.) ;
#1759=EDGE_CURVE('',#1751,#1758,#1756,.T.) ;
#1766=EDGE_CURVE('',#1758,#1765,#1763,.T.) ;
#1771=EDGE_CURVE('',#1765,#91,#1770,.T.) ;
#1789=EDGE_CURVE('',#1751,#1788,#1781,.F.) ;
#1794=EDGE_CURVE('',#100,#1788,#1793,.F.) ;
#1811=EDGE_CURVE('',#1788,#1810,#1804,.F.) ;
#1818=EDGE_CURVE('',#1810,#1641,#1812,.F.) ;
#1825=EDGE_CURVE('',#1634,#108,#1819,.T.) ;
#1846=EDGE_CURVE('',#42,#1845,#1843,.T.) ;
#1854=EDGE_CURVE('',#1853,#1845,#1847,.T.) ;
#1863=EDGE_CURVE('',#1862,#1853,#1855,.T.) ;
#1870=EDGE_CURVE('',#1869,#1862,#1867,.T.) ;
#1877=EDGE_CURVE('',#1869,#52,#1871,.T.) ;
#1899=EDGE_CURVE('',#1845,#1898,#1892,.T.) ;
#1904=EDGE_CURVE('',#1810,#1898,#1903,.F.) ;
#1912=EDGE_CURVE('',#1911,#1691,#1905,.F.) ;
#1917=EDGE_CURVE('',#1853,#1911,#1916,.F.) ;
#1945=EDGE_CURVE('',#1942,#1944,#1936,.T.) ;
#1953=EDGE_CURVE('',#1952,#1942,#1946,.T.) ;
#1960=EDGE_CURVE('',#1959,#1952,#1957,.F.) ;
#1966=EDGE_CURVE('',#643,#1959,#1961,.T.) ;
#1971=EDGE_CURVE('',#865,#1944,#1970,.F.) ;
#1999=EDGE_CURVE('',#1996,#1998,#1990,.T.) ;
#2007=EDGE_CURVE('',#2006,#1996,#2000,.T.) ;
#2014=EDGE_CURVE('',#2013,#2006,#2011,.F.) ;
#2020=EDGE_CURVE('',#806,#2013,#2015,.T.) ;
#2025=EDGE_CURVE('',#911,#1998,#2024,.F.) ;
#2053=EDGE_CURVE('',#2050,#2052,#2044,.T.) ;
#2061=EDGE_CURVE('',#2052,#2060,#2054,.T.) ;
#2066=EDGE_CURVE('',#849,#2060,#2065,.F.) ;
#2074=EDGE_CURVE('',#2073,#631,#2067,.F.) ;
#2079=EDGE_CURVE('',#2050,#2073,#2078,.F.) ;
#2107=EDGE_CURVE('',#2104,#2106,#2098,.T.) ;
#2115=EDGE_CURVE('',#2106,#2114,#2108,.T.) ;
#2120=EDGE_CURVE('',#888,#2114,#2119,.F.) ;
#2128=EDGE_CURVE('',#2127,#794,#2121,.F.) ;
#2133=EDGE_CURVE('',#2104,#2127,#2132,.F.) ;
#2156=EDGE_CURVE('',#1942,#2052,#2155,.T.) ;
#2165=EDGE_CURVE('',#2164,#2050,#2157,.T.) ;
#2172=EDGE_CURVE('',#2171,#2164,#2169,.T.) ;
#2179=EDGE_CURVE('',#2171,#1952,#2173,.T.) ;
#2198=EDGE_CURVE('',#1996,#2106,#2197,.T.) ;
#2207=EDGE_CURVE('',#2206,#2104,#2199,.T.) ;
#2214=EDGE_CURVE('',#2213,#2206,#2211,.T.) ;
#2221=EDGE_CURVE('',#2213,#2006,#2215,.T.) ;
#2244=EDGE_CURVE('',#2241,#2243,#2239,.F.) ;
#2249=EDGE_CURVE('',#2243,#2241,#2248,.F.) ;
#2264=EDGE_CURVE('',#295,#2241,#2263,.T.) ;
#2269=EDGE_CURVE('',#297,#2243,#2268,.T.) ;
#2300=EDGE_CURVE('',#1869,#2299,#2297,.T.) ;
#2307=EDGE_CURVE('',#1862,#2306,#2304,.T.) ;
#2312=EDGE_CURVE('',#2306,#2299,#2311,.T.) ;
#2335=EDGE_CURVE('',#1911,#2334,#2332,.T.) ;
#2346=EDGE_CURVE('',#2306,#2334,#2336,.F.) ;
#2366=EDGE_CURVE('',#59,#2365,#2363,.T.) ;
#2377=EDGE_CURVE('',#2365,#2299,#2367,.T.) ;
#2395=EDGE_CURVE('',#2334,#2365,#2394,.T.) ;
#2425=EDGE_CURVE('',#2424,#2073,#2422,.F.) ;
#2432=EDGE_CURVE('',#1959,#2431,#2429,.T.) ;
#2437=EDGE_CURVE('',#2424,#2431,#2436,.T.) ;
#2460=EDGE_CURVE('',#2164,#2459,#2457,.T.) ;
#2471=EDGE_CURVE('',#2459,#2424,#2461,.F.) ;
#2491=EDGE_CURVE('',#2171,#2490,#2488,.T.) ;
#2502=EDGE_CURVE('',#2431,#2490,#2492,.T.) ;
#2515=EDGE_CURVE('',#2459,#2490,#2514,.T.) ;
#2545=EDGE_CURVE('',#2127,#2544,#2542,.T.) ;
#2552=EDGE_CURVE('',#2551,#2013,#2549,.F.) ;
#2557=EDGE_CURVE('',#2544,#2551,#2556,.T.) ;
#2580=EDGE_CURVE('',#2206,#2579,#2577,.T.) ;
#2591=EDGE_CURVE('',#2579,#2544,#2581,.F.) ;
#2611=EDGE_CURVE('',#2213,#2610,#2608,.T.) ;
#2622=EDGE_CURVE('',#2551,#2610,#2612,.T.) ;
#2635=EDGE_CURVE('',#2579,#2610,#2634,.T.) ;
#2675=EDGE_CURVE('',#2672,#2674,#2664,.T.) ;
#2680=EDGE_CURVE('',#1450,#2672,#2679,.F.) ;
#2685=EDGE_CURVE('',#1440,#2674,#2684,.F.) ;
#2757=EDGE_CURVE('',#2674,#2756,#2748,.F.) ;
#2770=EDGE_CURVE('',#2769,#2756,#2758,.T.) ;
#2778=EDGE_CURVE('',#2672,#2769,#2771,.F.) ;
#2797=EDGE_CURVE('',#2794,#2796,#2786,.F.) ;
#2802=EDGE_CURVE('',#2794,#998,#2801,.F.) ;
#2807=EDGE_CURVE('',#2796,#1025,#2806,.F.) ;
#2879=EDGE_CURVE('',#2796,#2878,#2870,.F.) ;
#2892=EDGE_CURVE('',#2891,#2878,#2880,.F.) ;
#2900=EDGE_CURVE('',#2794,#2891,#2893,.F.) ;
#2924=EDGE_CURVE('',#2921,#2923,#2913,.T.) ;
#2929=EDGE_CURVE('',#1331,#2921,#2928,.F.) ;
#2934=EDGE_CURVE('',#1321,#2923,#2933,.F.) ;
#3006=EDGE_CURVE('',#2923,#3005,#2997,.F.) ;
#3022=EDGE_CURVE('',#3021,#3005,#3007,.T.) ;
#3030=EDGE_CURVE('',#2921,#3021,#3023,.F.) ;
#3054=EDGE_CURVE('',#3051,#3053,#3043,.F.) ;
#3059=EDGE_CURVE('',#3051,#1215,#3058,.F.) ;
#3064=EDGE_CURVE('',#3053,#1242,#3063,.F.) ;
#3136=EDGE_CURVE('',#3053,#3135,#3127,.F.) ;
#3152=EDGE_CURVE('',#3151,#3135,#3137,.F.) ;
#3160=EDGE_CURVE('',#3051,#3151,#3153,.F.) ;
#3179=EDGE_CURVE('',#3176,#3178,#3168,.T.) ;
#3184=EDGE_CURVE('',#1114,#3176,#3183,.F.) ;
#3189=EDGE_CURVE('',#1104,#3178,#3188,.F.) ;
#3261=EDGE_CURVE('',#3178,#3260,#3252,.F.) ;
#3277=EDGE_CURVE('',#3276,#3260,#3262,.T.) ;
#3285=EDGE_CURVE('',#3176,#3276,#3278,.F.) ;
#3304=EDGE_CURVE('',#3301,#3303,#3293,.F.) ;
#3309=EDGE_CURVE('',#3301,#1551,#3308,.F.) ;
#3314=EDGE_CURVE('',#3303,#1578,#3313,.F.) ;
#3335=EDGE_CURVE('',#3332,#3334,#3330,.F.) ;
#3340=EDGE_CURVE('',#2923,#3334,#3339,.T.) ;
#3357=EDGE_CURVE('',#1618,#1319,#3341,.T.) ;
#3371=EDGE_CURVE('',#1217,#1609,#3358,.T.) ;
#3378=EDGE_CURVE('',#3377,#3051,#3375,.T.) ;
#3385=EDGE_CURVE('',#3377,#3384,#3382,.F.) ;
#3390=EDGE_CURVE('',#3178,#3384,#3389,.F.) ;
#3407=EDGE_CURVE('',#202,#1102,#3391,.T.) ;
#3421=EDGE_CURVE('',#1000,#193,#3408,.T.) ;
#3428=EDGE_CURVE('',#3427,#2794,#3425,.T.) ;
#3435=EDGE_CURVE('',#3427,#3434,#3432,.F.) ;
#3440=EDGE_CURVE('',#2674,#3434,#3439,.F.) ;
#3454=EDGE_CURVE('',#154,#1438,#3441,.T.) ;
#3468=EDGE_CURVE('',#1553,#1657,#3455,.T.) ;
#3473=EDGE_CURVE('',#3332,#3301,#3472,.F.) ;
#3572=EDGE_CURVE('',#3303,#3571,#3563,.F.) ;
#3588=EDGE_CURVE('',#3587,#3571,#3573,.F.) ;
#3596=EDGE_CURVE('',#3301,#3587,#3589,.F.) ;
#3705=EDGE_CURVE('',#3702,#3704,#3695,.F.) ;
#3719=EDGE_CURVE('',#1025,#3702,#3706,.T.) ;
#3725=EDGE_CURVE('',#3704,#2060,#3720,.T.) ;
#3751=EDGE_CURVE('',#3750,#3702,#3743,.T.) ;
#3757=EDGE_CURVE('',#2796,#3750,#3752,.F.) ;
#3778=EDGE_CURVE('',#3775,#3777,#3773,.T.) ;
#3782=EDGE_CURVE('',#3775,#2891,#3779,.T.) ;
#3788=EDGE_CURVE('',#2878,#3777,#3783,.F.) ;
#3873=EDGE_CURVE('',#3777,#3750,#3851,.T.) ;
#3895=EDGE_CURVE('',#3894,#3775,#3886,.T.) ;
#3902=EDGE_CURVE('',#3427,#3894,#3896,.F.) ;
#3950=EDGE_CURVE('',#3949,#3894,#3942,.F.) ;
#3967=EDGE_CURVE('',#3427,#3949,#3951,.F.) ;
#4038=EDGE_CURVE('',#4037,#3775,#4029,.F.) ;
#4052=EDGE_CURVE('',#3949,#4037,#4039,.T.) ;
#4071=EDGE_CURVE('',#4070,#3777,#4068,.T.) ;
#4076=EDGE_CURVE('',#4037,#4070,#4075,.T.) ;
#4236=EDGE_CURVE('',#4235,#3750,#4229,.F.) ;
#4268=EDGE_CURVE('',#4070,#4235,#4237,.T.) ;
#4323=EDGE_CURVE('',#4235,#3704,#4313,.T.) ;
#4477=EDGE_CURVE('',#4474,#4476,#4467,.T.) ;
#4483=EDGE_CURVE('',#4474,#1944,#4478,.T.) ;
#4497=EDGE_CURVE('',#4476,#1450,#4484,.T.) ;
#4518=EDGE_CURVE('',#4476,#4517,#4510,.T.) ;
#4524=EDGE_CURVE('',#4517,#2672,#4519,.T.) ;
#4544=EDGE_CURVE('',#4543,#2769,#4537,.T.) ;
#4550=EDGE_CURVE('',#2756,#4549,#4545,.F.) ;
#4555=EDGE_CURVE('',#4543,#4549,#4554,.F.) ;
#4576=EDGE_CURVE('',#4575,#3434,#4568,.F.) ;
#4584=EDGE_CURVE('',#4549,#4575,#4577,.T.) ;
#4670=EDGE_CURVE('',#4517,#4543,#4648,.F.) ;
#4689=EDGE_CURVE('',#4688,#3949,#4686,.T.) ;
#4702=EDGE_CURVE('',#4474,#4701,#4690,.T.) ;
#4736=EDGE_CURVE('',#4701,#4735,#4703,.F.) ;
#4743=EDGE_CURVE('',#4735,#4742,#4740,.F.) ;
#4757=EDGE_CURVE('',#4742,#4688,#4744,.T.) ;
#4786=EDGE_CURVE('',#4688,#3434,#4780,.F.) ;
#4944=EDGE_CURVE('',#4701,#4517,#4939,.F.) ;
#4952=EDGE_CURVE('',#4735,#4543,#4945,.F.) ;
#4969=EDGE_CURVE('',#4742,#4549,#4968,.F.) ;
#5038=EDGE_CURVE('',#4688,#4575,#5032,.F.) ;
#5228=EDGE_CURVE('',#5225,#5227,#5218,.F.) ;
#5242=EDGE_CURVE('',#1242,#5225,#5229,.T.) ;
#5248=EDGE_CURVE('',#5227,#2114,#5243,.T.) ;
#5269=EDGE_CURVE('',#5268,#5225,#5261,.T.) ;
#5275=EDGE_CURVE('',#3053,#5268,#5270,.F.) ;
#5296=EDGE_CURVE('',#5293,#5295,#5291,.T.) ;
#5300=EDGE_CURVE('',#5293,#3151,#5297,.T.) ;
#5306=EDGE_CURVE('',#3135,#5295,#5301,.F.) ;
#5391=EDGE_CURVE('',#5295,#5268,#5369,.T.) ;
#5413=EDGE_CURVE('',#5412,#5293,#5404,.T.) ;
#5420=EDGE_CURVE('',#3377,#5412,#5414,.F.) ;
#5468=EDGE_CURVE('',#5467,#5412,#5460,.F.) ;
#5485=EDGE_CURVE('',#3377,#5467,#5469,.F.) ;
#5556=EDGE_CURVE('',#5555,#5293,#5547,.F.) ;
#5570=EDGE_CURVE('',#5467,#5555,#5557,.T.) ;
#5589=EDGE_CURVE('',#5588,#5295,#5586,.T.) ;
#5594=EDGE_CURVE('',#5555,#5588,#5593,.T.) ;
#5754=EDGE_CURVE('',#5753,#5268,#5747,.F.) ;
#5786=EDGE_CURVE('',#5588,#5753,#5755,.T.) ;
#5841=EDGE_CURVE('',#5753,#5227,#5831,.T.) ;
#5995=EDGE_CURVE('',#5992,#5994,#5985,.T.) ;
#6001=EDGE_CURVE('',#5992,#1998,#5996,.T.) ;
#6015=EDGE_CURVE('',#5994,#1114,#6002,.T.) ;
#6036=EDGE_CURVE('',#5994,#6035,#6028,.T.) ;
#6042=EDGE_CURVE('',#6035,#3176,#6037,.T.) ;
#6062=EDGE_CURVE('',#6061,#3276,#6055,.T.) ;
#6068=EDGE_CURVE('',#3260,#6067,#6063,.F.) ;
#6073=EDGE_CURVE('',#6061,#6067,#6072,.F.) ;
#6094=EDGE_CURVE('',#6093,#3384,#6086,.F.) ;
#6102=EDGE_CURVE('',#6067,#6093,#6095,.T.) ;
#6188=EDGE_CURVE('',#6035,#6061,#6166,.F.) ;
#6207=EDGE_CURVE('',#6206,#5467,#6204,.T.) ;
#6220=EDGE_CURVE('',#5992,#6219,#6208,.T.) ;
#6254=EDGE_CURVE('',#6219,#6253,#6221,.F.) ;
#6261=EDGE_CURVE('',#6253,#6260,#6258,.F.) ;
#6275=EDGE_CURVE('',#6260,#6206,#6262,.T.) ;
#6304=EDGE_CURVE('',#6206,#3384,#6298,.F.) ;
#6462=EDGE_CURVE('',#6219,#6035,#6457,.F.) ;
#6470=EDGE_CURVE('',#6253,#6061,#6463,.F.) ;
#6487=EDGE_CURVE('',#6260,#6067,#6486,.F.) ;
#6556=EDGE_CURVE('',#6206,#6093,#6550,.F.) ;
#6791=EDGE_CURVE('',#6788,#6790,#6781,.T.) ;
#6797=EDGE_CURVE('',#6788,#44,#6792,.T.) ;
#6811=EDGE_CURVE('',#6790,#1331,#6798,.T.) ;
#6832=EDGE_CURVE('',#6790,#6831,#6824,.T.) ;
#6838=EDGE_CURVE('',#6831,#2921,#6833,.T.) ;
#6858=EDGE_CURVE('',#6857,#3021,#6851,.T.) ;
#6864=EDGE_CURVE('',#3005,#6863,#6859,.T.) ;
#6869=EDGE_CURVE('',#6857,#6863,#6868,.F.) ;
#6890=EDGE_CURVE('',#6889,#3334,#6882,.F.) ;
#6898=EDGE_CURVE('',#6863,#6889,#6891,.T.) ;
#6984=EDGE_CURVE('',#6831,#6857,#6962,.F.) ;
#7144=EDGE_CURVE('',#7143,#6831,#7137,.F.) ;
#7154=EDGE_CURVE('',#7153,#6857,#7145,.F.) ;
#7186=EDGE_CURVE('',#7143,#7153,#7155,.F.) ;
#7205=EDGE_CURVE('',#7204,#6863,#7202,.F.) ;
#7210=EDGE_CURVE('',#7153,#7204,#7209,.F.) ;
#7281=EDGE_CURVE('',#7280,#6889,#7273,.F.) ;
#7295=EDGE_CURVE('',#7204,#7280,#7282,.T.) ;
#7350=EDGE_CURVE('',#7280,#3334,#7334,.F.) ;
#7404=EDGE_CURVE('',#6788,#7143,#7394,.T.) ;
#7513=EDGE_CURVE('',#7510,#7512,#7503,.F.) ;
#7527=EDGE_CURVE('',#1578,#7510,#7514,.T.) ;
#7533=EDGE_CURVE('',#7512,#1898,#7528,.T.) ;
#7554=EDGE_CURVE('',#7553,#7510,#7546,.T.) ;
#7560=EDGE_CURVE('',#3303,#7553,#7555,.F.) ;
#7581=EDGE_CURVE('',#7578,#7580,#7576,.T.) ;
#7585=EDGE_CURVE('',#7578,#3587,#7582,.F.) ;
#7591=EDGE_CURVE('',#3571,#7580,#7586,.F.) ;
#7676=EDGE_CURVE('',#7580,#7553,#7654,.T.) ;
#7698=EDGE_CURVE('',#7697,#7578,#7689,.T.) ;
#7705=EDGE_CURVE('',#3332,#7697,#7699,.F.) ;
#7725=EDGE_CURVE('',#7280,#7724,#7722,.T.) ;
#7741=EDGE_CURVE('',#7724,#7740,#7726,.T.) ;
#7748=EDGE_CURVE('',#7740,#7747,#7745,.T.) ;
#7782=EDGE_CURVE('',#7747,#7781,#7749,.T.) ;
#7793=EDGE_CURVE('',#7781,#7512,#7783,.T.) ;
#7822=EDGE_CURVE('',#3332,#7724,#7816,.F.) ;
#7867=EDGE_CURVE('',#7724,#7697,#7861,.F.) ;
#7936=EDGE_CURVE('',#7740,#7578,#7929,.F.) ;
#7953=EDGE_CURVE('',#7747,#7580,#7952,.T.) ;
#8111=EDGE_CURVE('',#7781,#7553,#8106,.F.) ;
#30=CLOSED_SHELL('Closed Shell',(#127,#244,#275,#308,#348,#365,#405,#422,#462,#479,#539,#574,#611,#662,#717,#747,#779,#825,#837,#881,#928,#1041,#1145,#1258,#1362,#1481,#1594,#1676,#1722,#1744,#1780,#1803,#1834,#1886,#1930,#1984,#2038,#2092,#2146,#2188,#2230,#2254,#2276,#2288,#2323,#2354,#2385,#2406,#2418,#2448,#2479,#2510,#2526,#2538,#2568,#2599,#2630,#2646,#2658,#2692,#2785,#2814,#2907,#2941,#3037,#3071,#3167,#3196,#3292,#3321,#3507,#3603,#3737,#3764,#3795,#3880,#3910,#3973,#4059,#4083,#4275,#4330,#4509,#4531,#4562,#4592,#4677,#4774,#4793,#4959,#4976,#5045,#5082,#5126,#5260,#5282,#5313,#5398,#5428,#5491,#5577,#5601,#5793,#5848,#6027,#6049,#6080,#6110,#6195,#6292,#6311,#6477,#6494,#6563,#6600,#6644,#6823,#6845,#6876,#6906,#6991,#7193,#7217,#7302,#7356,#7411,#7545,#7567,#7598,#7683,#7713,#7810,#7829,#7873,#7943,#7960,#8118,#8162)) ;
#8164=SHAPE_REPRESENTATION_RELATIONSHIP(' ',' ',#19,#8163) ;
#115=EDGE_LOOP('',(#116,#117,#118,#119,#120,#121,#122,#123,#124,#125)) ;
#232=EDGE_LOOP('',(#233,#234,#235,#236,#237,#238,#239,#240,#241,#242)) ;
#269=EDGE_LOOP('',(#270,#271,#272,#273)) ;
#286=EDGE_LOOP('',(#287,#288)) ;
#304=EDGE_LOOP('',(#305,#306)) ;
#342=EDGE_LOOP('',(#343,#344,#345,#346)) ;
#359=EDGE_LOOP('',(#360,#361,#362,#363)) ;
#399=EDGE_LOOP('',(#400,#401,#402,#403)) ;
#416=EDGE_LOOP('',(#417,#418,#419,#420)) ;
#456=EDGE_LOOP('',(#457,#458,#459,#460)) ;
#473=EDGE_LOOP('',(#474,#475,#476,#477)) ;
#531=EDGE_LOOP('',(#532,#533,#534,#535,#536,#537)) ;
#566=EDGE_LOOP('',(#567,#568,#569,#570,#571,#572)) ;
#605=EDGE_LOOP('',(#606,#607,#608,#609)) ;
#650=EDGE_LOOP('',(#651,#652,#653,#654,#655,#656)) ;
#658=EDGE_LOOP('',(#659,#660)) ;
#709=EDGE_LOOP('',(#710,#711,#712,#713,#714,#715)) ;
#739=EDGE_LOOP('',(#740,#741,#742,#743,#744,#745)) ;
#773=EDGE_LOOP('',(#774,#775,#776,#777)) ;
#813=EDGE_LOOP('',(#814,#815,#816,#817,#818,#819)) ;
#821=EDGE_LOOP('',(#822,#823)) ;
#831=EDGE_LOOP('',(#832,#833,#834,#835)) ;
#873=EDGE_LOOP('',(#874,#875,#876,#877,#878,#879)) ;
#919=EDGE_LOOP('',(#920,#921,#922,#923,#924,#925,#926)) ;
#1035=EDGE_LOOP('',(#1036,#1037,#1038,#1039)) ;
#1139=EDGE_LOOP('',(#1140,#1141,#1142,#1143)) ;
#1252=EDGE_LOOP('',(#1253,#1254,#1255,#1256)) ;
#1356=EDGE_LOOP('',(#1357,#1358,#1359,#1360)) ;
#1475=EDGE_LOOP('',(#1476,#1477,#1478,#1479)) ;
#1588=EDGE_LOOP('',(#1589,#1590,#1591,#1592)) ;
#1664=EDGE_LOOP('',(#1665,#1666,#1667,#1668,#1669,#1670,#1671,#1672,#1673,#1674)) ;
#1710=EDGE_LOOP('',(#1711,#1712,#1713,#1714,#1715,#1716)) ;
#1718=EDGE_LOOP('',(#1719,#1720)) ;
#1738=EDGE_LOOP('',(#1739,#1740,#1741,#1742)) ;
#1772=EDGE_LOOP('',(#1773,#1774,#1775,#1776,#1777,#1778)) ;
#1795=EDGE_LOOP('',(#1796,#1797,#1798,#1799,#1800,#1801)) ;
#1826=EDGE_LOOP('',(#1827,#1828,#1829,#1830,#1831,#1832)) ;
#1878=EDGE_LOOP('',(#1879,#1880,#1881,#1882,#1883,#1884)) ;
#1918=EDGE_LOOP('',(#1919,#1920,#1921,#1922,#1923,#1924,#1925,#1926,#1927,#1928)) ;
#1972=EDGE_LOOP('',(#1973,#1974,#1975,#1976,#1977,#1978,#1979,#1980,#1981,#1982)) ;
#2026=EDGE_LOOP('',(#2027,#2028,#2029,#2030,#2031,#2032,#2033,#2034,#2035,#2036)) ;
#2080=EDGE_LOOP('',(#2081,#2082,#2083,#2084,#2085,#2086,#2087,#2088,#2089,#2090)) ;
#2134=EDGE_LOOP('',(#2135,#2136,#2137,#2138,#2139,#2140,#2141,#2142,#2143,#2144)) ;
#2180=EDGE_LOOP('',(#2181,#2182,#2183,#2184,#2185,#2186)) ;
#2222=EDGE_LOOP('',(#2223,#2224,#2225,#2226,#2227,#2228)) ;
#2250=EDGE_LOOP('',(#2251,#2252)) ;
#2270=EDGE_LOOP('',(#2271,#2272,#2273,#2274)) ;
#2282=EDGE_LOOP('',(#2283,#2284,#2285,#2286)) ;
#2313=EDGE_LOOP('',(#2314,#2315,#2316,#2317)) ;
#2319=EDGE_LOOP('',(#2320,#2321)) ;
#2347=EDGE_LOOP('',(#2348,#2349,#2350,#2351,#2352)) ;
#2378=EDGE_LOOP('',(#2379,#2380,#2381,#2382,#2383)) ;
#2396=EDGE_LOOP('',(#2397,#2398,#2399,#2400,#2401,#2402,#2403,#2404)) ;
#2412=EDGE_LOOP('',(#2413,#2414,#2415,#2416)) ;
#2438=EDGE_LOOP('',(#2439,#2440,#2441,#2442,#2443,#2444,#2445,#2446)) ;
#2472=EDGE_LOOP('',(#2473,#2474,#2475,#2476,#2477)) ;
#2503=EDGE_LOOP('',(#2504,#2505,#2506,#2507,#2508)) ;
#2516=EDGE_LOOP('',(#2517,#2518,#2519,#2520)) ;
#2522=EDGE_LOOP('',(#2523,#2524)) ;
#2532=EDGE_LOOP('',(#2533,#2534,#2535,#2536)) ;
#2558=EDGE_LOOP('',(#2559,#2560,#2561,#2562,#2563,#2564,#2565,#2566)) ;
#2592=EDGE_LOOP('',(#2593,#2594,#2595,#2596,#2597)) ;
#2623=EDGE_LOOP('',(#2624,#2625,#2626,#2627,#2628)) ;
#2636=EDGE_LOOP('',(#2637,#2638,#2639,#2640)) ;
#2642=EDGE_LOOP('',(#2643,#2644)) ;
#2652=EDGE_LOOP('',(#2653,#2654,#2655,#2656)) ;
#2686=EDGE_LOOP('',(#2687,#2688,#2689,#2690)) ;
#2779=EDGE_LOOP('',(#2780,#2781,#2782,#2783)) ;
#2808=EDGE_LOOP('',(#2809,#2810,#2811,#2812)) ;
#2901=EDGE_LOOP('',(#2902,#2903,#2904,#2905)) ;
#2935=EDGE_LOOP('',(#2936,#2937,#2938,#2939)) ;
#3031=EDGE_LOOP('',(#3032,#3033,#3034,#3035)) ;
#3065=EDGE_LOOP('',(#3066,#3067,#3068,#3069)) ;
#3161=EDGE_LOOP('',(#3162,#3163,#3164,#3165)) ;
#3190=EDGE_LOOP('',(#3191,#3192,#3193,#3194)) ;
#3286=EDGE_LOOP('',(#3287,#3288,#3289,#3290)) ;
#3315=EDGE_LOOP('',(#3316,#3317,#3318,#3319)) ;
#3474=EDGE_LOOP('',(#3475,#3476,#3477,#3478,#3479,#3480,#3481,#3482,#3483,#3484,#3485,#3486,#3487,#3488,#3489,#3490,#3491,#3492,#3493,#3494,#3495,#3496,#3497,#3498,#3499,#3500,#3501,#3502,#3503,#3504,#3505)) ;
#3597=EDGE_LOOP('',(#3598,#3599,#3600,#3601)) ;
#3726=EDGE_LOOP('',(#3727,#3728,#3729,#3730,#3731,#3732,#3733,#3734,#3735)) ;
#3758=EDGE_LOOP('',(#3759,#3760,#3761,#3762)) ;
#3789=EDGE_LOOP('',(#3790,#3791,#3792,#3793)) ;
#3874=EDGE_LOOP('',(#3875,#3876,#3877,#3878)) ;
#3903=EDGE_LOOP('',(#3904,#3905,#3906,#3907,#3908)) ;
#3968=EDGE_LOOP('',(#3969,#3970,#3971)) ;
#4053=EDGE_LOOP('',(#4054,#4055,#4056,#4057)) ;
#4077=EDGE_LOOP('',(#4078,#4079,#4080,#4081)) ;
#4269=EDGE_LOOP('',(#4270,#4271,#4272,#4273)) ;
#4324=EDGE_LOOP('',(#4325,#4326,#4327,#4328)) ;
#4498=EDGE_LOOP('',(#4499,#4500,#4501,#4502,#4503,#4504,#4505,#4506,#4507)) ;
#4525=EDGE_LOOP('',(#4526,#4527,#4528,#4529)) ;
#4556=EDGE_LOOP('',(#4557,#4558,#4559,#4560)) ;
#4585=EDGE_LOOP('',(#4586,#4587,#4588,#4589,#4590)) ;
#4671=EDGE_LOOP('',(#4672,#4673,#4674,#4675)) ;
#4758=EDGE_LOOP('',(#4759,#4760,#4761,#4762,#4763,#4764,#4765,#4766,#4767,#4768,#4769,#4770,#4771,#4772)) ;
#4787=EDGE_LOOP('',(#4788,#4789,#4790,#4791)) ;
#4953=EDGE_LOOP('',(#4954,#4955,#4956,#4957)) ;
#4970=EDGE_LOOP('',(#4971,#4972,#4973,#4974)) ;
#5039=EDGE_LOOP('',(#5040,#5041,#5042,#5043)) ;
#5077=EDGE_LOOP('',(#5078,#5079,#5080)) ;
#5120=EDGE_LOOP('',(#5121,#5122,#5123,#5124)) ;
#5249=EDGE_LOOP('',(#5250,#5251,#5252,#5253,#5254,#5255,#5256,#5257,#5258)) ;
#5276=EDGE_LOOP('',(#5277,#5278,#5279,#5280)) ;
#5307=EDGE_LOOP('',(#5308,#5309,#5310,#5311)) ;
#5392=EDGE_LOOP('',(#5393,#5394,#5395,#5396)) ;
#5421=EDGE_LOOP('',(#5422,#5423,#5424,#5425,#5426)) ;
#5486=EDGE_LOOP('',(#5487,#5488,#5489)) ;
#5571=EDGE_LOOP('',(#5572,#5573,#5574,#5575)) ;
#5595=EDGE_LOOP('',(#5596,#5597,#5598,#5599)) ;
#5787=EDGE_LOOP('',(#5788,#5789,#5790,#5791)) ;
#5842=EDGE_LOOP('',(#5843,#5844,#5845,#5846)) ;
#6016=EDGE_LOOP('',(#6017,#6018,#6019,#6020,#6021,#6022,#6023,#6024,#6025)) ;
#6043=EDGE_LOOP('',(#6044,#6045,#6046,#6047)) ;
#6074=EDGE_LOOP('',(#6075,#6076,#6077,#6078)) ;
#6103=EDGE_LOOP('',(#6104,#6105,#6106,#6107,#6108)) ;
#6189=EDGE_LOOP('',(#6190,#6191,#6192,#6193)) ;
#6276=EDGE_LOOP('',(#6277,#6278,#6279,#6280,#6281,#6282,#6283,#6284,#6285,#6286,#6287,#6288,#6289,#6290)) ;
#6305=EDGE_LOOP('',(#6306,#6307,#6308,#6309)) ;
#6471=EDGE_LOOP('',(#6472,#6473,#6474,#6475)) ;
#6488=EDGE_LOOP('',(#6489,#6490,#6491,#6492)) ;
#6557=EDGE_LOOP('',(#6558,#6559,#6560,#6561)) ;
#6595=EDGE_LOOP('',(#6596,#6597,#6598)) ;
#6638=EDGE_LOOP('',(#6639,#6640,#6641,#6642)) ;
#6812=EDGE_LOOP('',(#6813,#6814,#6815,#6816,#6817,#6818,#6819,#6820,#6821)) ;
#6839=EDGE_LOOP('',(#6840,#6841,#6842,#6843)) ;
#6870=EDGE_LOOP('',(#6871,#6872,#6873,#6874)) ;
#6899=EDGE_LOOP('',(#6900,#6901,#6902,#6903,#6904)) ;
#6985=EDGE_LOOP('',(#6986,#6987,#6988,#6989)) ;
#7187=EDGE_LOOP('',(#7188,#7189,#7190,#7191)) ;
#7211=EDGE_LOOP('',(#7212,#7213,#7214,#7215)) ;
#7296=EDGE_LOOP('',(#7297,#7298,#7299,#7300)) ;
#7351=EDGE_LOOP('',(#7352,#7353,#7354)) ;
#7405=EDGE_LOOP('',(#7406,#7407,#7408,#7409)) ;
#7534=EDGE_LOOP('',(#7535,#7536,#7537,#7538,#7539,#7540,#7541,#7542,#7543)) ;
#7561=EDGE_LOOP('',(#7562,#7563,#7564,#7565)) ;
#7592=EDGE_LOOP('',(#7593,#7594,#7595,#7596)) ;
#7677=EDGE_LOOP('',(#7678,#7679,#7680,#7681)) ;
#7706=EDGE_LOOP('',(#7707,#7708,#7709,#7710,#7711)) ;
#7794=EDGE_LOOP('',(#7795,#7796,#7797,#7798,#7799,#7800,#7801,#7802,#7803,#7804,#7805,#7806,#7807,#7808)) ;
#7823=EDGE_LOOP('',(#7824,#7825,#7826,#7827)) ;
#7868=EDGE_LOOP('',(#7869,#7870,#7871)) ;
#7937=EDGE_LOOP('',(#7938,#7939,#7940,#7941)) ;
#7954=EDGE_LOOP('',(#7955,#7956,#7957,#7958)) ;
#8112=EDGE_LOOP('',(#8113,#8114,#8115,#8116)) ;
#8156=EDGE_LOOP('',(#8157,#8158,#8159,#8160)) ;
#116=ORIENTED_EDGE('',*,*,#45,.F.) ;
#117=ORIENTED_EDGE('',*,*,#53,.F.) ;
#118=ORIENTED_EDGE('',*,*,#60,.F.) ;
#119=ORIENTED_EDGE('',*,*,#68,.F.) ;
#120=ORIENTED_EDGE('',*,*,#74,.F.) ;
#121=ORIENTED_EDGE('',*,*,#84,.F.) ;
#122=ORIENTED_EDGE('',*,*,#92,.F.) ;
#123=ORIENTED_EDGE('',*,*,#101,.F.) ;
#124=ORIENTED_EDGE('',*,*,#109,.F.) ;
#125=ORIENTED_EDGE('',*,*,#114,.T.) ;
#233=ORIENTED_EDGE('',*,*,#141,.T.) ;
#234=ORIENTED_EDGE('',*,*,#148,.F.) ;
#235=ORIENTED_EDGE('',*,*,#155,.F.) ;
#236=ORIENTED_EDGE('',*,*,#171,.T.) ;
#237=ORIENTED_EDGE('',*,*,#178,.F.) ;
#238=ORIENTED_EDGE('',*,*,#194,.T.) ;
#239=ORIENTED_EDGE('',*,*,#203,.F.) ;
#240=ORIENTED_EDGE('',*,*,#219,.T.) ;
#241=ORIENTED_EDGE('',*,*,#226,.F.) ;
#242=ORIENTED_EDGE('',*,*,#231,.T.) ;
#270=ORIENTED_EDGE('',*,*,#258,.T.) ;
#271=ORIENTED_EDGE('',*,*,#263,.F.) ;
#272=ORIENTED_EDGE('',*,*,#141,.F.) ;
#273=ORIENTED_EDGE('',*,*,#268,.T.) ;
#287=ORIENTED_EDGE('',*,*,#285,.F.) ;
#288=ORIENTED_EDGE('',*,*,#258,.F.) ;
#305=ORIENTED_EDGE('',*,*,#298,.F.) ;
#306=ORIENTED_EDGE('',*,*,#303,.F.) ;
#343=ORIENTED_EDGE('',*,*,#322,.F.) ;
#344=ORIENTED_EDGE('',*,*,#329,.T.) ;
#345=ORIENTED_EDGE('',*,*,#336,.T.) ;
#346=ORIENTED_EDGE('',*,*,#341,.F.) ;
#360=ORIENTED_EDGE('',*,*,#336,.F.) ;
#361=ORIENTED_EDGE('',*,*,#353,.T.) ;
#362=ORIENTED_EDGE('',*,*,#322,.T.) ;
#363=ORIENTED_EDGE('',*,*,#358,.F.) ;
#400=ORIENTED_EDGE('',*,*,#379,.F.) ;
#401=ORIENTED_EDGE('',*,*,#386,.T.) ;
#402=ORIENTED_EDGE('',*,*,#393,.T.) ;
#403=ORIENTED_EDGE('',*,*,#398,.F.) ;
#417=ORIENTED_EDGE('',*,*,#393,.F.) ;
#418=ORIENTED_EDGE('',*,*,#410,.T.) ;
#419=ORIENTED_EDGE('',*,*,#379,.T.) ;
#420=ORIENTED_EDGE('',*,*,#415,.F.) ;
#457=ORIENTED_EDGE('',*,*,#436,.F.) ;
#458=ORIENTED_EDGE('',*,*,#443,.T.) ;
#459=ORIENTED_EDGE('',*,*,#450,.T.) ;
#460=ORIENTED_EDGE('',*,*,#455,.F.) ;
#474=ORIENTED_EDGE('',*,*,#450,.F.) ;
#475=ORIENTED_EDGE('',*,*,#467,.T.) ;
#476=ORIENTED_EDGE('',*,*,#436,.T.) ;
#477=ORIENTED_EDGE('',*,*,#472,.F.) ;
#532=ORIENTED_EDGE('',*,*,#493,.F.) ;
#533=ORIENTED_EDGE('',*,*,#500,.F.) ;
#534=ORIENTED_EDGE('',*,*,#509,.T.) ;
#535=ORIENTED_EDGE('',*,*,#516,.F.) ;
#536=ORIENTED_EDGE('',*,*,#525,.T.) ;
#537=ORIENTED_EDGE('',*,*,#530,.F.) ;
#567=ORIENTED_EDGE('',*,*,#553,.T.) ;
#568=ORIENTED_EDGE('',*,*,#559,.T.) ;
#569=ORIENTED_EDGE('',*,*,#500,.T.) ;
#570=ORIENTED_EDGE('',*,*,#493,.T.) ;
#571=ORIENTED_EDGE('',*,*,#530,.T.) ;
#572=ORIENTED_EDGE('',*,*,#565,.T.) ;
#606=ORIENTED_EDGE('',*,*,#588,.F.) ;
#607=ORIENTED_EDGE('',*,*,#596,.T.) ;
#608=ORIENTED_EDGE('',*,*,#553,.F.) ;
#609=ORIENTED_EDGE('',*,*,#604,.T.) ;
#651=ORIENTED_EDGE('',*,*,#625,.F.) ;
#652=ORIENTED_EDGE('',*,*,#632,.F.) ;
#653=ORIENTED_EDGE('',*,*,#637,.T.) ;
#654=ORIENTED_EDGE('',*,*,#588,.T.) ;
#655=ORIENTED_EDGE('',*,*,#644,.T.) ;
#656=ORIENTED_EDGE('',*,*,#649,.F.) ;
#659=ORIENTED_EDGE('',*,*,#398,.T.) ;
#660=ORIENTED_EDGE('',*,*,#415,.T.) ;
#710=ORIENTED_EDGE('',*,*,#671,.F.) ;
#711=ORIENTED_EDGE('',*,*,#680,.T.) ;
#712=ORIENTED_EDGE('',*,*,#687,.F.) ;
#713=ORIENTED_EDGE('',*,*,#694,.F.) ;
#714=ORIENTED_EDGE('',*,*,#701,.F.) ;
#715=ORIENTED_EDGE('',*,*,#708,.T.) ;
#740=ORIENTED_EDGE('',*,*,#726,.T.) ;
#741=ORIENTED_EDGE('',*,*,#732,.T.) ;
#742=ORIENTED_EDGE('',*,*,#701,.T.) ;
#743=ORIENTED_EDGE('',*,*,#694,.T.) ;
#744=ORIENTED_EDGE('',*,*,#687,.T.) ;
#745=ORIENTED_EDGE('',*,*,#738,.T.) ;
#774=ORIENTED_EDGE('',*,*,#726,.F.) ;
#775=ORIENTED_EDGE('',*,*,#757,.T.) ;
#776=ORIENTED_EDGE('',*,*,#764,.F.) ;
#777=ORIENTED_EDGE('',*,*,#772,.T.) ;
#814=ORIENTED_EDGE('',*,*,#788,.F.) ;
#815=ORIENTED_EDGE('',*,*,#795,.F.) ;
#816=ORIENTED_EDGE('',*,*,#800,.T.) ;
#817=ORIENTED_EDGE('',*,*,#764,.T.) ;
#818=ORIENTED_EDGE('',*,*,#807,.T.) ;
#819=ORIENTED_EDGE('',*,*,#812,.F.) ;
#822=ORIENTED_EDGE('',*,*,#455,.T.) ;
#823=ORIENTED_EDGE('',*,*,#472,.T.) ;
#832=ORIENTED_EDGE('',*,*,#830,.F.) ;
#833=ORIENTED_EDGE('',*,*,#263,.T.) ;
#834=ORIENTED_EDGE('',*,*,#285,.T.) ;
#835=ORIENTED_EDGE('',*,*,#268,.F.) ;
#874=ORIENTED_EDGE('',*,*,#516,.T.) ;
#875=ORIENTED_EDGE('',*,*,#850,.T.) ;
#876=ORIENTED_EDGE('',*,*,#857,.T.) ;
#877=ORIENTED_EDGE('',*,*,#178,.T.) ;
#878=ORIENTED_EDGE('',*,*,#866,.T.) ;
#879=ORIENTED_EDGE('',*,*,#872,.T.) ;
#920=ORIENTED_EDGE('',*,*,#671,.T.) ;
#921=ORIENTED_EDGE('',*,*,#889,.T.) ;
#922=ORIENTED_EDGE('',*,*,#898,.T.) ;
#923=ORIENTED_EDGE('',*,*,#903,.T.) ;
#924=ORIENTED_EDGE('',*,*,#226,.T.) ;
#925=ORIENTED_EDGE('',*,*,#912,.T.) ;
#926=ORIENTED_EDGE('',*,*,#918,.T.) ;
#1036=ORIENTED_EDGE('',*,*,#1001,.T.) ;
#1037=ORIENTED_EDGE('',*,*,#1010,.T.) ;
#1038=ORIENTED_EDGE('',*,*,#1026,.F.) ;
#1039=ORIENTED_EDGE('',*,*,#1034,.F.) ;
#1140=ORIENTED_EDGE('',*,*,#1105,.T.) ;
#1141=ORIENTED_EDGE('',*,*,#1115,.T.) ;
#1142=ORIENTED_EDGE('',*,*,#1131,.F.) ;
#1143=ORIENTED_EDGE('',*,*,#1138,.F.) ;
#1253=ORIENTED_EDGE('',*,*,#1218,.T.) ;
#1254=ORIENTED_EDGE('',*,*,#1227,.T.) ;
#1255=ORIENTED_EDGE('',*,*,#1243,.F.) ;
#1256=ORIENTED_EDGE('',*,*,#1251,.F.) ;
#1357=ORIENTED_EDGE('',*,*,#1322,.T.) ;
#1358=ORIENTED_EDGE('',*,*,#1332,.T.) ;
#1359=ORIENTED_EDGE('',*,*,#1348,.F.) ;
#1360=ORIENTED_EDGE('',*,*,#1355,.F.) ;
#1476=ORIENTED_EDGE('',*,*,#1441,.T.) ;
#1477=ORIENTED_EDGE('',*,*,#1451,.T.) ;
#1478=ORIENTED_EDGE('',*,*,#1467,.F.) ;
#1479=ORIENTED_EDGE('',*,*,#1474,.F.) ;
#1589=ORIENTED_EDGE('',*,*,#1554,.T.) ;
#1590=ORIENTED_EDGE('',*,*,#1563,.T.) ;
#1591=ORIENTED_EDGE('',*,*,#1579,.F.) ;
#1592=ORIENTED_EDGE('',*,*,#1587,.F.) ;
#1665=ORIENTED_EDGE('',*,*,#830,.T.) ;
#1666=ORIENTED_EDGE('',*,*,#231,.F.) ;
#1667=ORIENTED_EDGE('',*,*,#903,.F.) ;
#1668=ORIENTED_EDGE('',*,*,#1610,.T.) ;
#1669=ORIENTED_EDGE('',*,*,#1619,.F.) ;
#1670=ORIENTED_EDGE('',*,*,#1635,.T.) ;
#1671=ORIENTED_EDGE('',*,*,#1642,.F.) ;
#1672=ORIENTED_EDGE('',*,*,#1658,.T.) ;
#1673=ORIENTED_EDGE('',*,*,#1663,.F.) ;
#1674=ORIENTED_EDGE('',*,*,#148,.T.) ;
#1711=ORIENTED_EDGE('',*,*,#1685,.F.) ;
#1712=ORIENTED_EDGE('',*,*,#1692,.F.) ;
#1713=ORIENTED_EDGE('',*,*,#1699,.T.) ;
#1714=ORIENTED_EDGE('',*,*,#1704,.T.) ;
#1715=ORIENTED_EDGE('',*,*,#74,.T.) ;
#1716=ORIENTED_EDGE('',*,*,#1709,.F.) ;
#1719=ORIENTED_EDGE('',*,*,#358,.T.) ;
#1720=ORIENTED_EDGE('',*,*,#341,.T.) ;
#1739=ORIENTED_EDGE('',*,*,#1704,.F.) ;
#1740=ORIENTED_EDGE('',*,*,#1732,.T.) ;
#1741=ORIENTED_EDGE('',*,*,#1737,.F.) ;
#1742=ORIENTED_EDGE('',*,*,#84,.T.) ;
#1773=ORIENTED_EDGE('',*,*,#1737,.T.) ;
#1774=ORIENTED_EDGE('',*,*,#1752,.T.) ;
#1775=ORIENTED_EDGE('',*,*,#1759,.T.) ;
#1776=ORIENTED_EDGE('',*,*,#1766,.T.) ;
#1777=ORIENTED_EDGE('',*,*,#1771,.T.) ;
#1778=ORIENTED_EDGE('',*,*,#92,.T.) ;
#1796=ORIENTED_EDGE('',*,*,#1766,.F.) ;
#1797=ORIENTED_EDGE('',*,*,#1759,.F.) ;
#1798=ORIENTED_EDGE('',*,*,#1789,.T.) ;
#1799=ORIENTED_EDGE('',*,*,#1794,.F.) ;
#1800=ORIENTED_EDGE('',*,*,#101,.T.) ;
#1801=ORIENTED_EDGE('',*,*,#1771,.F.) ;
#1827=ORIENTED_EDGE('',*,*,#1794,.T.) ;
#1828=ORIENTED_EDGE('',*,*,#1811,.T.) ;
#1829=ORIENTED_EDGE('',*,*,#1818,.T.) ;
#1830=ORIENTED_EDGE('',*,*,#1642,.T.) ;
#1831=ORIENTED_EDGE('',*,*,#1825,.T.) ;
#1832=ORIENTED_EDGE('',*,*,#109,.T.) ;
#1879=ORIENTED_EDGE('',*,*,#1846,.T.) ;
#1880=ORIENTED_EDGE('',*,*,#1854,.F.) ;
#1881=ORIENTED_EDGE('',*,*,#1863,.F.) ;
#1882=ORIENTED_EDGE('',*,*,#1870,.F.) ;
#1883=ORIENTED_EDGE('',*,*,#1877,.T.) ;
#1884=ORIENTED_EDGE('',*,*,#53,.T.) ;
#1919=ORIENTED_EDGE('',*,*,#1854,.T.) ;
#1920=ORIENTED_EDGE('',*,*,#1899,.T.) ;
#1921=ORIENTED_EDGE('',*,*,#1904,.F.) ;
#1922=ORIENTED_EDGE('',*,*,#1811,.F.) ;
#1923=ORIENTED_EDGE('',*,*,#1789,.F.) ;
#1924=ORIENTED_EDGE('',*,*,#1752,.F.) ;
#1925=ORIENTED_EDGE('',*,*,#1732,.F.) ;
#1926=ORIENTED_EDGE('',*,*,#1699,.F.) ;
#1927=ORIENTED_EDGE('',*,*,#1912,.F.) ;
#1928=ORIENTED_EDGE('',*,*,#1917,.F.) ;
#1973=ORIENTED_EDGE('',*,*,#1945,.F.) ;
#1974=ORIENTED_EDGE('',*,*,#1953,.F.) ;
#1975=ORIENTED_EDGE('',*,*,#1960,.F.) ;
#1976=ORIENTED_EDGE('',*,*,#1966,.F.) ;
#1977=ORIENTED_EDGE('',*,*,#644,.F.) ;
#1978=ORIENTED_EDGE('',*,*,#604,.F.) ;
#1979=ORIENTED_EDGE('',*,*,#565,.F.) ;
#1980=ORIENTED_EDGE('',*,*,#525,.F.) ;
#1981=ORIENTED_EDGE('',*,*,#872,.F.) ;
#1982=ORIENTED_EDGE('',*,*,#1971,.T.) ;
#2027=ORIENTED_EDGE('',*,*,#1999,.F.) ;
#2028=ORIENTED_EDGE('',*,*,#2007,.F.) ;
#2029=ORIENTED_EDGE('',*,*,#2014,.F.) ;
#2030=ORIENTED_EDGE('',*,*,#2020,.F.) ;
#2031=ORIENTED_EDGE('',*,*,#807,.F.) ;
#2032=ORIENTED_EDGE('',*,*,#757,.F.) ;
#2033=ORIENTED_EDGE('',*,*,#738,.F.) ;
#2034=ORIENTED_EDGE('',*,*,#680,.F.) ;
#2035=ORIENTED_EDGE('',*,*,#918,.F.) ;
#2036=ORIENTED_EDGE('',*,*,#2025,.T.) ;
#2081=ORIENTED_EDGE('',*,*,#2053,.T.) ;
#2082=ORIENTED_EDGE('',*,*,#2061,.T.) ;
#2083=ORIENTED_EDGE('',*,*,#2066,.F.) ;
#2084=ORIENTED_EDGE('',*,*,#850,.F.) ;
#2085=ORIENTED_EDGE('',*,*,#509,.F.) ;
#2086=ORIENTED_EDGE('',*,*,#559,.F.) ;
#2087=ORIENTED_EDGE('',*,*,#596,.F.) ;
#2088=ORIENTED_EDGE('',*,*,#637,.F.) ;
#2089=ORIENTED_EDGE('',*,*,#2074,.F.) ;
#2090=ORIENTED_EDGE('',*,*,#2079,.F.) ;
#2135=ORIENTED_EDGE('',*,*,#2107,.T.) ;
#2136=ORIENTED_EDGE('',*,*,#2115,.T.) ;
#2137=ORIENTED_EDGE('',*,*,#2120,.F.) ;
#2138=ORIENTED_EDGE('',*,*,#889,.F.) ;
#2139=ORIENTED_EDGE('',*,*,#708,.F.) ;
#2140=ORIENTED_EDGE('',*,*,#732,.F.) ;
#2141=ORIENTED_EDGE('',*,*,#772,.F.) ;
#2142=ORIENTED_EDGE('',*,*,#800,.F.) ;
#2143=ORIENTED_EDGE('',*,*,#2128,.F.) ;
#2144=ORIENTED_EDGE('',*,*,#2133,.F.) ;
#2181=ORIENTED_EDGE('',*,*,#2156,.T.) ;
#2182=ORIENTED_EDGE('',*,*,#2053,.F.) ;
#2183=ORIENTED_EDGE('',*,*,#2165,.F.) ;
#2184=ORIENTED_EDGE('',*,*,#2172,.F.) ;
#2185=ORIENTED_EDGE('',*,*,#2179,.T.) ;
#2186=ORIENTED_EDGE('',*,*,#1953,.T.) ;
#2223=ORIENTED_EDGE('',*,*,#2198,.T.) ;
#2224=ORIENTED_EDGE('',*,*,#2107,.F.) ;
#2225=ORIENTED_EDGE('',*,*,#2207,.F.) ;
#2226=ORIENTED_EDGE('',*,*,#2214,.F.) ;
#2227=ORIENTED_EDGE('',*,*,#2221,.T.) ;
#2228=ORIENTED_EDGE('',*,*,#2007,.T.) ;
#2251=ORIENTED_EDGE('',*,*,#2244,.T.) ;
#2252=ORIENTED_EDGE('',*,*,#2249,.T.) ;
#2271=ORIENTED_EDGE('',*,*,#303,.T.) ;
#2272=ORIENTED_EDGE('',*,*,#2264,.T.) ;
#2273=ORIENTED_EDGE('',*,*,#2249,.F.) ;
#2274=ORIENTED_EDGE('',*,*,#2269,.F.) ;
#2283=ORIENTED_EDGE('',*,*,#298,.T.) ;
#2284=ORIENTED_EDGE('',*,*,#2269,.T.) ;
#2285=ORIENTED_EDGE('',*,*,#2244,.F.) ;
#2286=ORIENTED_EDGE('',*,*,#2264,.F.) ;
#2314=ORIENTED_EDGE('',*,*,#2300,.F.) ;
#2315=ORIENTED_EDGE('',*,*,#1870,.T.) ;
#2316=ORIENTED_EDGE('',*,*,#2307,.T.) ;
#2317=ORIENTED_EDGE('',*,*,#2312,.T.) ;
#2320=ORIENTED_EDGE('',*,*,#329,.F.) ;
#2321=ORIENTED_EDGE('',*,*,#353,.F.) ;
#2348=ORIENTED_EDGE('',*,*,#2307,.F.) ;
#2349=ORIENTED_EDGE('',*,*,#1863,.T.) ;
#2350=ORIENTED_EDGE('',*,*,#1917,.T.) ;
#2351=ORIENTED_EDGE('',*,*,#2335,.T.) ;
#2352=ORIENTED_EDGE('',*,*,#2346,.F.) ;
#2379=ORIENTED_EDGE('',*,*,#2366,.F.) ;
#2380=ORIENTED_EDGE('',*,*,#60,.T.) ;
#2381=ORIENTED_EDGE('',*,*,#1877,.F.) ;
#2382=ORIENTED_EDGE('',*,*,#2300,.T.) ;
#2383=ORIENTED_EDGE('',*,*,#2377,.F.) ;
#2397=ORIENTED_EDGE('',*,*,#2335,.F.) ;
#2398=ORIENTED_EDGE('',*,*,#1912,.T.) ;
#2399=ORIENTED_EDGE('',*,*,#1692,.T.) ;
#2400=ORIENTED_EDGE('',*,*,#1685,.T.) ;
#2401=ORIENTED_EDGE('',*,*,#1709,.T.) ;
#2402=ORIENTED_EDGE('',*,*,#68,.T.) ;
#2403=ORIENTED_EDGE('',*,*,#2366,.T.) ;
#2404=ORIENTED_EDGE('',*,*,#2395,.F.) ;
#2413=ORIENTED_EDGE('',*,*,#2312,.F.) ;
#2414=ORIENTED_EDGE('',*,*,#2346,.T.) ;
#2415=ORIENTED_EDGE('',*,*,#2395,.T.) ;
#2416=ORIENTED_EDGE('',*,*,#2377,.T.) ;
#2439=ORIENTED_EDGE('',*,*,#2425,.T.) ;
#2440=ORIENTED_EDGE('',*,*,#2074,.T.) ;
#2441=ORIENTED_EDGE('',*,*,#632,.T.) ;
#2442=ORIENTED_EDGE('',*,*,#625,.T.) ;
#2443=ORIENTED_EDGE('',*,*,#649,.T.) ;
#2444=ORIENTED_EDGE('',*,*,#1966,.T.) ;
#2445=ORIENTED_EDGE('',*,*,#2432,.T.) ;
#2446=ORIENTED_EDGE('',*,*,#2437,.F.) ;
#2473=ORIENTED_EDGE('',*,*,#2460,.F.) ;
#2474=ORIENTED_EDGE('',*,*,#2165,.T.) ;
#2475=ORIENTED_EDGE('',*,*,#2079,.T.) ;
#2476=ORIENTED_EDGE('',*,*,#2425,.F.) ;
#2477=ORIENTED_EDGE('',*,*,#2471,.F.) ;
#2504=ORIENTED_EDGE('',*,*,#2432,.F.) ;
#2505=ORIENTED_EDGE('',*,*,#1960,.T.) ;
#2506=ORIENTED_EDGE('',*,*,#2179,.F.) ;
#2507=ORIENTED_EDGE('',*,*,#2491,.T.) ;
#2508=ORIENTED_EDGE('',*,*,#2502,.F.) ;
#2517=ORIENTED_EDGE('',*,*,#2491,.F.) ;
#2518=ORIENTED_EDGE('',*,*,#2172,.T.) ;
#2519=ORIENTED_EDGE('',*,*,#2460,.T.) ;
#2520=ORIENTED_EDGE('',*,*,#2515,.T.) ;
#2523=ORIENTED_EDGE('',*,*,#410,.F.) ;
#2524=ORIENTED_EDGE('',*,*,#386,.F.) ;
#2533=ORIENTED_EDGE('',*,*,#2515,.F.) ;
#2534=ORIENTED_EDGE('',*,*,#2471,.T.) ;
#2535=ORIENTED_EDGE('',*,*,#2437,.T.) ;
#2536=ORIENTED_EDGE('',*,*,#2502,.T.) ;
#2559=ORIENTED_EDGE('',*,*,#2545,.F.) ;
#2560=ORIENTED_EDGE('',*,*,#2128,.T.) ;
#2561=ORIENTED_EDGE('',*,*,#795,.T.) ;
#2562=ORIENTED_EDGE('',*,*,#788,.T.) ;
#2563=ORIENTED_EDGE('',*,*,#812,.T.) ;
#2564=ORIENTED_EDGE('',*,*,#2020,.T.) ;
#2565=ORIENTED_EDGE('',*,*,#2552,.F.) ;
#2566=ORIENTED_EDGE('',*,*,#2557,.F.) ;
#2593=ORIENTED_EDGE('',*,*,#2580,.F.) ;
#2594=ORIENTED_EDGE('',*,*,#2207,.T.) ;
#2595=ORIENTED_EDGE('',*,*,#2133,.T.) ;
#2596=ORIENTED_EDGE('',*,*,#2545,.T.) ;
#2597=ORIENTED_EDGE('',*,*,#2591,.F.) ;
#2624=ORIENTED_EDGE('',*,*,#2552,.T.) ;
#2625=ORIENTED_EDGE('',*,*,#2014,.T.) ;
#2626=ORIENTED_EDGE('',*,*,#2221,.F.) ;
#2627=ORIENTED_EDGE('',*,*,#2611,.T.) ;
#2628=ORIENTED_EDGE('',*,*,#2622,.F.) ;
#2637=ORIENTED_EDGE('',*,*,#2611,.F.) ;
#2638=ORIENTED_EDGE('',*,*,#2214,.T.) ;
#2639=ORIENTED_EDGE('',*,*,#2580,.T.) ;
#2640=ORIENTED_EDGE('',*,*,#2635,.T.) ;
#2643=ORIENTED_EDGE('',*,*,#467,.F.) ;
#2644=ORIENTED_EDGE('',*,*,#443,.F.) ;
#2653=ORIENTED_EDGE('',*,*,#2635,.F.) ;
#2654=ORIENTED_EDGE('',*,*,#2591,.T.) ;
#2655=ORIENTED_EDGE('',*,*,#2557,.T.) ;
#2656=ORIENTED_EDGE('',*,*,#2622,.T.) ;
#2687=ORIENTED_EDGE('',*,*,#2675,.F.) ;
#2688=ORIENTED_EDGE('',*,*,#2680,.F.) ;
#2689=ORIENTED_EDGE('',*,*,#1451,.F.) ;
#2690=ORIENTED_EDGE('',*,*,#2685,.T.) ;
#2780=ORIENTED_EDGE('',*,*,#2675,.T.) ;
#2781=ORIENTED_EDGE('',*,*,#2757,.T.) ;
#2782=ORIENTED_EDGE('',*,*,#2770,.F.) ;
#2783=ORIENTED_EDGE('',*,*,#2778,.F.) ;
#2809=ORIENTED_EDGE('',*,*,#2797,.F.) ;
#2810=ORIENTED_EDGE('',*,*,#2802,.T.) ;
#2811=ORIENTED_EDGE('',*,*,#1034,.T.) ;
#2812=ORIENTED_EDGE('',*,*,#2807,.F.) ;
#2902=ORIENTED_EDGE('',*,*,#2797,.T.) ;
#2903=ORIENTED_EDGE('',*,*,#2879,.T.) ;
#2904=ORIENTED_EDGE('',*,*,#2892,.F.) ;
#2905=ORIENTED_EDGE('',*,*,#2900,.F.) ;
#2936=ORIENTED_EDGE('',*,*,#2924,.F.) ;
#2937=ORIENTED_EDGE('',*,*,#2929,.F.) ;
#2938=ORIENTED_EDGE('',*,*,#1332,.F.) ;
#2939=ORIENTED_EDGE('',*,*,#2934,.T.) ;
#3032=ORIENTED_EDGE('',*,*,#2924,.T.) ;
#3033=ORIENTED_EDGE('',*,*,#3006,.T.) ;
#3034=ORIENTED_EDGE('',*,*,#3022,.F.) ;
#3035=ORIENTED_EDGE('',*,*,#3030,.F.) ;
#3066=ORIENTED_EDGE('',*,*,#3054,.F.) ;
#3067=ORIENTED_EDGE('',*,*,#3059,.T.) ;
#3068=ORIENTED_EDGE('',*,*,#1251,.T.) ;
#3069=ORIENTED_EDGE('',*,*,#3064,.F.) ;
#3162=ORIENTED_EDGE('',*,*,#3054,.T.) ;
#3163=ORIENTED_EDGE('',*,*,#3136,.T.) ;
#3164=ORIENTED_EDGE('',*,*,#3152,.F.) ;
#3165=ORIENTED_EDGE('',*,*,#3160,.F.) ;
#3191=ORIENTED_EDGE('',*,*,#3179,.F.) ;
#3192=ORIENTED_EDGE('',*,*,#3184,.F.) ;
#3193=ORIENTED_EDGE('',*,*,#1115,.F.) ;
#3194=ORIENTED_EDGE('',*,*,#3189,.T.) ;
#3287=ORIENTED_EDGE('',*,*,#3179,.T.) ;
#3288=ORIENTED_EDGE('',*,*,#3261,.T.) ;
#3289=ORIENTED_EDGE('',*,*,#3277,.F.) ;
#3290=ORIENTED_EDGE('',*,*,#3285,.F.) ;
#3316=ORIENTED_EDGE('',*,*,#3304,.F.) ;
#3317=ORIENTED_EDGE('',*,*,#3309,.T.) ;
#3318=ORIENTED_EDGE('',*,*,#1587,.T.) ;
#3319=ORIENTED_EDGE('',*,*,#3314,.F.) ;
#3475=ORIENTED_EDGE('',*,*,#3335,.T.) ;
#3476=ORIENTED_EDGE('',*,*,#3340,.F.) ;
#3477=ORIENTED_EDGE('',*,*,#2934,.F.) ;
#3478=ORIENTED_EDGE('',*,*,#1322,.F.) ;
#3479=ORIENTED_EDGE('',*,*,#3357,.F.) ;
#3480=ORIENTED_EDGE('',*,*,#1619,.T.) ;
#3481=ORIENTED_EDGE('',*,*,#3371,.F.) ;
#3482=ORIENTED_EDGE('',*,*,#1218,.F.) ;
#3483=ORIENTED_EDGE('',*,*,#3059,.F.) ;
#3484=ORIENTED_EDGE('',*,*,#3378,.F.) ;
#3485=ORIENTED_EDGE('',*,*,#3385,.T.) ;
#3486=ORIENTED_EDGE('',*,*,#3390,.F.) ;
#3487=ORIENTED_EDGE('',*,*,#3189,.F.) ;
#3488=ORIENTED_EDGE('',*,*,#1105,.F.) ;
#3489=ORIENTED_EDGE('',*,*,#3407,.F.) ;
#3490=ORIENTED_EDGE('',*,*,#203,.T.) ;
#3491=ORIENTED_EDGE('',*,*,#3421,.F.) ;
#3492=ORIENTED_EDGE('',*,*,#1001,.F.) ;
#3493=ORIENTED_EDGE('',*,*,#2802,.F.) ;
#3494=ORIENTED_EDGE('',*,*,#3428,.F.) ;
#3495=ORIENTED_EDGE('',*,*,#3435,.T.) ;
#3496=ORIENTED_EDGE('',*,*,#3440,.F.) ;
#3497=ORIENTED_EDGE('',*,*,#2685,.F.) ;
#3498=ORIENTED_EDGE('',*,*,#1441,.F.) ;
#3499=ORIENTED_EDGE('',*,*,#3454,.F.) ;
#3500=ORIENTED_EDGE('',*,*,#155,.T.) ;
#3501=ORIENTED_EDGE('',*,*,#1663,.T.) ;
#3502=ORIENTED_EDGE('',*,*,#3468,.F.) ;
#3503=ORIENTED_EDGE('',*,*,#1554,.F.) ;
#3504=ORIENTED_EDGE('',*,*,#3309,.F.) ;
#3505=ORIENTED_EDGE('',*,*,#3473,.F.) ;
#3598=ORIENTED_EDGE('',*,*,#3304,.T.) ;
#3599=ORIENTED_EDGE('',*,*,#3572,.T.) ;
#3600=ORIENTED_EDGE('',*,*,#3588,.F.) ;
#3601=ORIENTED_EDGE('',*,*,#3596,.F.) ;
#3727=ORIENTED_EDGE('',*,*,#3705,.F.) ;
#3728=ORIENTED_EDGE('',*,*,#3719,.F.) ;
#3729=ORIENTED_EDGE('',*,*,#1026,.T.) ;
#3730=ORIENTED_EDGE('',*,*,#1010,.F.) ;
#3731=ORIENTED_EDGE('',*,*,#3421,.T.) ;
#3732=ORIENTED_EDGE('',*,*,#194,.F.) ;
#3733=ORIENTED_EDGE('',*,*,#857,.F.) ;
#3734=ORIENTED_EDGE('',*,*,#2066,.T.) ;
#3735=ORIENTED_EDGE('',*,*,#3725,.F.) ;
#3759=ORIENTED_EDGE('',*,*,#3751,.F.) ;
#3760=ORIENTED_EDGE('',*,*,#3757,.F.) ;
#3761=ORIENTED_EDGE('',*,*,#2807,.T.) ;
#3762=ORIENTED_EDGE('',*,*,#3719,.T.) ;
#3790=ORIENTED_EDGE('',*,*,#3778,.F.) ;
#3791=ORIENTED_EDGE('',*,*,#3782,.T.) ;
#3792=ORIENTED_EDGE('',*,*,#2892,.T.) ;
#3793=ORIENTED_EDGE('',*,*,#3788,.T.) ;
#3875=ORIENTED_EDGE('',*,*,#3788,.F.) ;
#3876=ORIENTED_EDGE('',*,*,#2879,.F.) ;
#3877=ORIENTED_EDGE('',*,*,#3757,.T.) ;
#3878=ORIENTED_EDGE('',*,*,#3873,.F.) ;
#3904=ORIENTED_EDGE('',*,*,#3895,.F.) ;
#3905=ORIENTED_EDGE('',*,*,#3902,.F.) ;
#3906=ORIENTED_EDGE('',*,*,#3428,.T.) ;
#3907=ORIENTED_EDGE('',*,*,#2900,.T.) ;
#3908=ORIENTED_EDGE('',*,*,#3782,.F.) ;
#3969=ORIENTED_EDGE('',*,*,#3902,.T.) ;
#3970=ORIENTED_EDGE('',*,*,#3950,.F.) ;
#3971=ORIENTED_EDGE('',*,*,#3967,.F.) ;
#4054=ORIENTED_EDGE('',*,*,#3950,.T.) ;
#4055=ORIENTED_EDGE('',*,*,#3895,.T.) ;
#4056=ORIENTED_EDGE('',*,*,#4038,.F.) ;
#4057=ORIENTED_EDGE('',*,*,#4052,.F.) ;
#4078=ORIENTED_EDGE('',*,*,#4038,.T.) ;
#4079=ORIENTED_EDGE('',*,*,#3778,.T.) ;
#4080=ORIENTED_EDGE('',*,*,#4071,.F.) ;
#4081=ORIENTED_EDGE('',*,*,#4076,.F.) ;
#4270=ORIENTED_EDGE('',*,*,#4071,.T.) ;
#4271=ORIENTED_EDGE('',*,*,#3873,.T.) ;
#4272=ORIENTED_EDGE('',*,*,#4236,.F.) ;
#4273=ORIENTED_EDGE('',*,*,#4268,.F.) ;
#4325=ORIENTED_EDGE('',*,*,#4323,.F.) ;
#4326=ORIENTED_EDGE('',*,*,#4236,.T.) ;
#4327=ORIENTED_EDGE('',*,*,#3751,.T.) ;
#4328=ORIENTED_EDGE('',*,*,#3705,.T.) ;
#4499=ORIENTED_EDGE('',*,*,#4477,.F.) ;
#4500=ORIENTED_EDGE('',*,*,#4483,.T.) ;
#4501=ORIENTED_EDGE('',*,*,#1971,.F.) ;
#4502=ORIENTED_EDGE('',*,*,#866,.F.) ;
#4503=ORIENTED_EDGE('',*,*,#171,.F.) ;
#4504=ORIENTED_EDGE('',*,*,#3454,.T.) ;
#4505=ORIENTED_EDGE('',*,*,#1474,.T.) ;
#4506=ORIENTED_EDGE('',*,*,#1467,.T.) ;
#4507=ORIENTED_EDGE('',*,*,#4497,.F.) ;
#4526=ORIENTED_EDGE('',*,*,#4518,.F.) ;
#4527=ORIENTED_EDGE('',*,*,#4497,.T.) ;
#4528=ORIENTED_EDGE('',*,*,#2680,.T.) ;
#4529=ORIENTED_EDGE('',*,*,#4524,.F.) ;
#4557=ORIENTED_EDGE('',*,*,#4544,.T.) ;
#4558=ORIENTED_EDGE('',*,*,#2770,.T.) ;
#4559=ORIENTED_EDGE('',*,*,#4550,.T.) ;
#4560=ORIENTED_EDGE('',*,*,#4555,.F.) ;
#4586=ORIENTED_EDGE('',*,*,#4576,.F.) ;
#4587=ORIENTED_EDGE('',*,*,#4584,.F.) ;
#4588=ORIENTED_EDGE('',*,*,#4550,.F.) ;
#4589=ORIENTED_EDGE('',*,*,#2757,.F.) ;
#4590=ORIENTED_EDGE('',*,*,#3440,.T.) ;
#4672=ORIENTED_EDGE('',*,*,#4670,.F.) ;
#4673=ORIENTED_EDGE('',*,*,#4524,.T.) ;
#4674=ORIENTED_EDGE('',*,*,#2778,.T.) ;
#4675=ORIENTED_EDGE('',*,*,#4544,.F.) ;
#4759=ORIENTED_EDGE('',*,*,#4689,.T.) ;
#4760=ORIENTED_EDGE('',*,*,#4052,.T.) ;
#4761=ORIENTED_EDGE('',*,*,#4076,.T.) ;
#4762=ORIENTED_EDGE('',*,*,#4268,.T.) ;
#4763=ORIENTED_EDGE('',*,*,#4323,.T.) ;
#4764=ORIENTED_EDGE('',*,*,#3725,.T.) ;
#4765=ORIENTED_EDGE('',*,*,#2061,.F.) ;
#4766=ORIENTED_EDGE('',*,*,#2156,.F.) ;
#4767=ORIENTED_EDGE('',*,*,#1945,.T.) ;
#4768=ORIENTED_EDGE('',*,*,#4483,.F.) ;
#4769=ORIENTED_EDGE('',*,*,#4702,.T.) ;
#4770=ORIENTED_EDGE('',*,*,#4736,.T.) ;
#4771=ORIENTED_EDGE('',*,*,#4743,.T.) ;
#4772=ORIENTED_EDGE('',*,*,#4757,.T.) ;
#4788=ORIENTED_EDGE('',*,*,#4786,.T.) ;
#4789=ORIENTED_EDGE('',*,*,#3435,.F.) ;
#4790=ORIENTED_EDGE('',*,*,#3967,.T.) ;
#4791=ORIENTED_EDGE('',*,*,#4689,.F.) ;
#4954=ORIENTED_EDGE('',*,*,#4944,.T.) ;
#4955=ORIENTED_EDGE('',*,*,#4670,.T.) ;
#4956=ORIENTED_EDGE('',*,*,#4952,.F.) ;
#4957=ORIENTED_EDGE('',*,*,#4736,.F.) ;
#4971=ORIENTED_EDGE('',*,*,#4952,.T.) ;
#4972=ORIENTED_EDGE('',*,*,#4555,.T.) ;
#4973=ORIENTED_EDGE('',*,*,#4969,.F.) ;
#4974=ORIENTED_EDGE('',*,*,#4743,.F.) ;
#5040=ORIENTED_EDGE('',*,*,#4969,.T.) ;
#5041=ORIENTED_EDGE('',*,*,#4584,.T.) ;
#5042=ORIENTED_EDGE('',*,*,#5038,.F.) ;
#5043=ORIENTED_EDGE('',*,*,#4757,.F.) ;
#5078=ORIENTED_EDGE('',*,*,#5038,.T.) ;
#5079=ORIENTED_EDGE('',*,*,#4576,.T.) ;
#5080=ORIENTED_EDGE('',*,*,#4786,.F.) ;
#5121=ORIENTED_EDGE('',*,*,#4518,.T.) ;
#5122=ORIENTED_EDGE('',*,*,#4944,.F.) ;
#5123=ORIENTED_EDGE('',*,*,#4702,.F.) ;
#5124=ORIENTED_EDGE('',*,*,#4477,.T.) ;
#5250=ORIENTED_EDGE('',*,*,#5228,.F.) ;
#5251=ORIENTED_EDGE('',*,*,#5242,.F.) ;
#5252=ORIENTED_EDGE('',*,*,#1243,.T.) ;
#5253=ORIENTED_EDGE('',*,*,#1227,.F.) ;
#5254=ORIENTED_EDGE('',*,*,#3371,.T.) ;
#5255=ORIENTED_EDGE('',*,*,#1610,.F.) ;
#5256=ORIENTED_EDGE('',*,*,#898,.F.) ;
#5257=ORIENTED_EDGE('',*,*,#2120,.T.) ;
#5258=ORIENTED_EDGE('',*,*,#5248,.F.) ;
#5277=ORIENTED_EDGE('',*,*,#5269,.F.) ;
#5278=ORIENTED_EDGE('',*,*,#5275,.F.) ;
#5279=ORIENTED_EDGE('',*,*,#3064,.T.) ;
#5280=ORIENTED_EDGE('',*,*,#5242,.T.) ;
#5308=ORIENTED_EDGE('',*,*,#5296,.F.) ;
#5309=ORIENTED_EDGE('',*,*,#5300,.T.) ;
#5310=ORIENTED_EDGE('',*,*,#3152,.T.) ;
#5311=ORIENTED_EDGE('',*,*,#5306,.T.) ;
#5393=ORIENTED_EDGE('',*,*,#5306,.F.) ;
#5394=ORIENTED_EDGE('',*,*,#3136,.F.) ;
#5395=ORIENTED_EDGE('',*,*,#5275,.T.) ;
#5396=ORIENTED_EDGE('',*,*,#5391,.F.) ;
#5422=ORIENTED_EDGE('',*,*,#5413,.F.) ;
#5423=ORIENTED_EDGE('',*,*,#5420,.F.) ;
#5424=ORIENTED_EDGE('',*,*,#3378,.T.) ;
#5425=ORIENTED_EDGE('',*,*,#3160,.T.) ;
#5426=ORIENTED_EDGE('',*,*,#5300,.F.) ;
#5487=ORIENTED_EDGE('',*,*,#5420,.T.) ;
#5488=ORIENTED_EDGE('',*,*,#5468,.F.) ;
#5489=ORIENTED_EDGE('',*,*,#5485,.F.) ;
#5572=ORIENTED_EDGE('',*,*,#5468,.T.) ;
#5573=ORIENTED_EDGE('',*,*,#5413,.T.) ;
#5574=ORIENTED_EDGE('',*,*,#5556,.F.) ;
#5575=ORIENTED_EDGE('',*,*,#5570,.F.) ;
#5596=ORIENTED_EDGE('',*,*,#5556,.T.) ;
#5597=ORIENTED_EDGE('',*,*,#5296,.T.) ;
#5598=ORIENTED_EDGE('',*,*,#5589,.F.) ;
#5599=ORIENTED_EDGE('',*,*,#5594,.F.) ;
#5788=ORIENTED_EDGE('',*,*,#5589,.T.) ;
#5789=ORIENTED_EDGE('',*,*,#5391,.T.) ;
#5790=ORIENTED_EDGE('',*,*,#5754,.F.) ;
#5791=ORIENTED_EDGE('',*,*,#5786,.F.) ;
#5843=ORIENTED_EDGE('',*,*,#5841,.F.) ;
#5844=ORIENTED_EDGE('',*,*,#5754,.T.) ;
#5845=ORIENTED_EDGE('',*,*,#5269,.T.) ;
#5846=ORIENTED_EDGE('',*,*,#5228,.T.) ;
#6017=ORIENTED_EDGE('',*,*,#5995,.F.) ;
#6018=ORIENTED_EDGE('',*,*,#6001,.T.) ;
#6019=ORIENTED_EDGE('',*,*,#2025,.F.) ;
#6020=ORIENTED_EDGE('',*,*,#912,.F.) ;
#6021=ORIENTED_EDGE('',*,*,#219,.F.) ;
#6022=ORIENTED_EDGE('',*,*,#3407,.T.) ;
#6023=ORIENTED_EDGE('',*,*,#1138,.T.) ;
#6024=ORIENTED_EDGE('',*,*,#1131,.T.) ;
#6025=ORIENTED_EDGE('',*,*,#6015,.F.) ;
#6044=ORIENTED_EDGE('',*,*,#6036,.F.) ;
#6045=ORIENTED_EDGE('',*,*,#6015,.T.) ;
#6046=ORIENTED_EDGE('',*,*,#3184,.T.) ;
#6047=ORIENTED_EDGE('',*,*,#6042,.F.) ;
#6075=ORIENTED_EDGE('',*,*,#6062,.T.) ;
#6076=ORIENTED_EDGE('',*,*,#3277,.T.) ;
#6077=ORIENTED_EDGE('',*,*,#6068,.T.) ;
#6078=ORIENTED_EDGE('',*,*,#6073,.F.) ;
#6104=ORIENTED_EDGE('',*,*,#6094,.F.) ;
#6105=ORIENTED_EDGE('',*,*,#6102,.F.) ;
#6106=ORIENTED_EDGE('',*,*,#6068,.F.) ;
#6107=ORIENTED_EDGE('',*,*,#3261,.F.) ;
#6108=ORIENTED_EDGE('',*,*,#3390,.T.) ;
#6190=ORIENTED_EDGE('',*,*,#6188,.F.) ;
#6191=ORIENTED_EDGE('',*,*,#6042,.T.) ;
#6192=ORIENTED_EDGE('',*,*,#3285,.T.) ;
#6193=ORIENTED_EDGE('',*,*,#6062,.F.) ;
#6277=ORIENTED_EDGE('',*,*,#6207,.T.) ;
#6278=ORIENTED_EDGE('',*,*,#5570,.T.) ;
#6279=ORIENTED_EDGE('',*,*,#5594,.T.) ;
#6280=ORIENTED_EDGE('',*,*,#5786,.T.) ;
#6281=ORIENTED_EDGE('',*,*,#5841,.T.) ;
#6282=ORIENTED_EDGE('',*,*,#5248,.T.) ;
#6283=ORIENTED_EDGE('',*,*,#2115,.F.) ;
#6284=ORIENTED_EDGE('',*,*,#2198,.F.) ;
#6285=ORIENTED_EDGE('',*,*,#1999,.T.) ;
#6286=ORIENTED_EDGE('',*,*,#6001,.F.) ;
#6287=ORIENTED_EDGE('',*,*,#6220,.T.) ;
#6288=ORIENTED_EDGE('',*,*,#6254,.T.) ;
#6289=ORIENTED_EDGE('',*,*,#6261,.T.) ;
#6290=ORIENTED_EDGE('',*,*,#6275,.T.) ;
#6306=ORIENTED_EDGE('',*,*,#6304,.T.) ;
#6307=ORIENTED_EDGE('',*,*,#3385,.F.) ;
#6308=ORIENTED_EDGE('',*,*,#5485,.T.) ;
#6309=ORIENTED_EDGE('',*,*,#6207,.F.) ;
#6472=ORIENTED_EDGE('',*,*,#6462,.T.) ;
#6473=ORIENTED_EDGE('',*,*,#6188,.T.) ;
#6474=ORIENTED_EDGE('',*,*,#6470,.F.) ;
#6475=ORIENTED_EDGE('',*,*,#6254,.F.) ;
#6489=ORIENTED_EDGE('',*,*,#6470,.T.) ;
#6490=ORIENTED_EDGE('',*,*,#6073,.T.) ;
#6491=ORIENTED_EDGE('',*,*,#6487,.F.) ;
#6492=ORIENTED_EDGE('',*,*,#6261,.F.) ;
#6558=ORIENTED_EDGE('',*,*,#6487,.T.) ;
#6559=ORIENTED_EDGE('',*,*,#6102,.T.) ;
#6560=ORIENTED_EDGE('',*,*,#6556,.F.) ;
#6561=ORIENTED_EDGE('',*,*,#6275,.F.) ;
#6596=ORIENTED_EDGE('',*,*,#6556,.T.) ;
#6597=ORIENTED_EDGE('',*,*,#6094,.T.) ;
#6598=ORIENTED_EDGE('',*,*,#6304,.F.) ;
#6639=ORIENTED_EDGE('',*,*,#6036,.T.) ;
#6640=ORIENTED_EDGE('',*,*,#6462,.F.) ;
#6641=ORIENTED_EDGE('',*,*,#6220,.F.) ;
#6642=ORIENTED_EDGE('',*,*,#5995,.T.) ;
#6813=ORIENTED_EDGE('',*,*,#6791,.F.) ;
#6814=ORIENTED_EDGE('',*,*,#6797,.T.) ;
#6815=ORIENTED_EDGE('',*,*,#114,.F.) ;
#6816=ORIENTED_EDGE('',*,*,#1825,.F.) ;
#6817=ORIENTED_EDGE('',*,*,#1635,.F.) ;
#6818=ORIENTED_EDGE('',*,*,#3357,.T.) ;
#6819=ORIENTED_EDGE('',*,*,#1355,.T.) ;
#6820=ORIENTED_EDGE('',*,*,#1348,.T.) ;
#6821=ORIENTED_EDGE('',*,*,#6811,.F.) ;
#6840=ORIENTED_EDGE('',*,*,#6832,.F.) ;
#6841=ORIENTED_EDGE('',*,*,#6811,.T.) ;
#6842=ORIENTED_EDGE('',*,*,#2929,.T.) ;
#6843=ORIENTED_EDGE('',*,*,#6838,.F.) ;
#6871=ORIENTED_EDGE('',*,*,#6858,.T.) ;
#6872=ORIENTED_EDGE('',*,*,#3022,.T.) ;
#6873=ORIENTED_EDGE('',*,*,#6864,.T.) ;
#6874=ORIENTED_EDGE('',*,*,#6869,.F.) ;
#6900=ORIENTED_EDGE('',*,*,#6890,.F.) ;
#6901=ORIENTED_EDGE('',*,*,#6898,.F.) ;
#6902=ORIENTED_EDGE('',*,*,#6864,.F.) ;
#6903=ORIENTED_EDGE('',*,*,#3006,.F.) ;
#6904=ORIENTED_EDGE('',*,*,#3340,.T.) ;
#6986=ORIENTED_EDGE('',*,*,#6984,.F.) ;
#6987=ORIENTED_EDGE('',*,*,#6838,.T.) ;
#6988=ORIENTED_EDGE('',*,*,#3030,.T.) ;
#6989=ORIENTED_EDGE('',*,*,#6858,.F.) ;
#7188=ORIENTED_EDGE('',*,*,#7144,.T.) ;
#7189=ORIENTED_EDGE('',*,*,#6984,.T.) ;
#7190=ORIENTED_EDGE('',*,*,#7154,.F.) ;
#7191=ORIENTED_EDGE('',*,*,#7186,.F.) ;
#7212=ORIENTED_EDGE('',*,*,#7154,.T.) ;
#7213=ORIENTED_EDGE('',*,*,#6869,.T.) ;
#7214=ORIENTED_EDGE('',*,*,#7205,.F.) ;
#7215=ORIENTED_EDGE('',*,*,#7210,.F.) ;
#7297=ORIENTED_EDGE('',*,*,#7205,.T.) ;
#7298=ORIENTED_EDGE('',*,*,#6898,.T.) ;
#7299=ORIENTED_EDGE('',*,*,#7281,.F.) ;
#7300=ORIENTED_EDGE('',*,*,#7295,.F.) ;
#7352=ORIENTED_EDGE('',*,*,#7281,.T.) ;
#7353=ORIENTED_EDGE('',*,*,#6890,.T.) ;
#7354=ORIENTED_EDGE('',*,*,#7350,.F.) ;
#7406=ORIENTED_EDGE('',*,*,#6832,.T.) ;
#7407=ORIENTED_EDGE('',*,*,#7144,.F.) ;
#7408=ORIENTED_EDGE('',*,*,#7404,.F.) ;
#7409=ORIENTED_EDGE('',*,*,#6791,.T.) ;
#7535=ORIENTED_EDGE('',*,*,#7513,.F.) ;
#7536=ORIENTED_EDGE('',*,*,#7527,.F.) ;
#7537=ORIENTED_EDGE('',*,*,#1579,.T.) ;
#7538=ORIENTED_EDGE('',*,*,#1563,.F.) ;
#7539=ORIENTED_EDGE('',*,*,#3468,.T.) ;
#7540=ORIENTED_EDGE('',*,*,#1658,.F.) ;
#7541=ORIENTED_EDGE('',*,*,#1818,.F.) ;
#7542=ORIENTED_EDGE('',*,*,#1904,.T.) ;
#7543=ORIENTED_EDGE('',*,*,#7533,.F.) ;
#7562=ORIENTED_EDGE('',*,*,#7554,.F.) ;
#7563=ORIENTED_EDGE('',*,*,#7560,.F.) ;
#7564=ORIENTED_EDGE('',*,*,#3314,.T.) ;
#7565=ORIENTED_EDGE('',*,*,#7527,.T.) ;
#7593=ORIENTED_EDGE('',*,*,#7581,.F.) ;
#7594=ORIENTED_EDGE('',*,*,#7585,.T.) ;
#7595=ORIENTED_EDGE('',*,*,#3588,.T.) ;
#7596=ORIENTED_EDGE('',*,*,#7591,.T.) ;
#7678=ORIENTED_EDGE('',*,*,#7591,.F.) ;
#7679=ORIENTED_EDGE('',*,*,#3572,.F.) ;
#7680=ORIENTED_EDGE('',*,*,#7560,.T.) ;
#7681=ORIENTED_EDGE('',*,*,#7676,.F.) ;
#7707=ORIENTED_EDGE('',*,*,#7698,.F.) ;
#7708=ORIENTED_EDGE('',*,*,#7705,.F.) ;
#7709=ORIENTED_EDGE('',*,*,#3473,.T.) ;
#7710=ORIENTED_EDGE('',*,*,#3596,.T.) ;
#7711=ORIENTED_EDGE('',*,*,#7585,.F.) ;
#7795=ORIENTED_EDGE('',*,*,#7533,.T.) ;
#7796=ORIENTED_EDGE('',*,*,#1899,.F.) ;
#7797=ORIENTED_EDGE('',*,*,#1846,.F.) ;
#7798=ORIENTED_EDGE('',*,*,#45,.T.) ;
#7799=ORIENTED_EDGE('',*,*,#6797,.F.) ;
#7800=ORIENTED_EDGE('',*,*,#7404,.T.) ;
#7801=ORIENTED_EDGE('',*,*,#7186,.T.) ;
#7802=ORIENTED_EDGE('',*,*,#7210,.T.) ;
#7803=ORIENTED_EDGE('',*,*,#7295,.T.) ;
#7804=ORIENTED_EDGE('',*,*,#7725,.T.) ;
#7805=ORIENTED_EDGE('',*,*,#7741,.T.) ;
#7806=ORIENTED_EDGE('',*,*,#7748,.T.) ;
#7807=ORIENTED_EDGE('',*,*,#7782,.T.) ;
#7808=ORIENTED_EDGE('',*,*,#7793,.T.) ;
#7824=ORIENTED_EDGE('',*,*,#7822,.T.) ;
#7825=ORIENTED_EDGE('',*,*,#7725,.F.) ;
#7826=ORIENTED_EDGE('',*,*,#7350,.T.) ;
#7827=ORIENTED_EDGE('',*,*,#3335,.F.) ;
#7869=ORIENTED_EDGE('',*,*,#7705,.T.) ;
#7870=ORIENTED_EDGE('',*,*,#7867,.F.) ;
#7871=ORIENTED_EDGE('',*,*,#7822,.F.) ;
#7938=ORIENTED_EDGE('',*,*,#7867,.T.) ;
#7939=ORIENTED_EDGE('',*,*,#7698,.T.) ;
#7940=ORIENTED_EDGE('',*,*,#7936,.F.) ;
#7941=ORIENTED_EDGE('',*,*,#7741,.F.) ;
#7955=ORIENTED_EDGE('',*,*,#7936,.T.) ;
#7956=ORIENTED_EDGE('',*,*,#7581,.T.) ;
#7957=ORIENTED_EDGE('',*,*,#7953,.F.) ;
#7958=ORIENTED_EDGE('',*,*,#7748,.F.) ;
#8113=ORIENTED_EDGE('',*,*,#7953,.T.) ;
#8114=ORIENTED_EDGE('',*,*,#7676,.T.) ;
#8115=ORIENTED_EDGE('',*,*,#8111,.F.) ;
#8116=ORIENTED_EDGE('',*,*,#7782,.F.) ;
#8157=ORIENTED_EDGE('',*,*,#7793,.F.) ;
#8158=ORIENTED_EDGE('',*,*,#8111,.T.) ;
#8159=ORIENTED_EDGE('',*,*,#7554,.T.) ;
#8160=ORIENTED_EDGE('',*,*,#7513,.T.) ;
#21=MANIFOLD_SOLID_BREP('Body.2',#30) ;
#42=VERTEX_POINT('',#41) ;
#44=VERTEX_POINT('',#43) ;
#52=VERTEX_POINT('',#51) ;
#59=VERTEX_POINT('',#58) ;
#67=VERTEX_POINT('',#66) ;
#73=VERTEX_POINT('',#72) ;
#83=VERTEX_POINT('',#82) ;
#91=VERTEX_POINT('',#90) ;
#100=VERTEX_POINT('',#99) ;
#108=VERTEX_POINT('',#107) ;
#138=VERTEX_POINT('',#137) ;
#140=VERTEX_POINT('',#139) ;
#147=VERTEX_POINT('',#146) ;
#154=VERTEX_POINT('',#153) ;
#170=VERTEX_POINT('',#169) ;
#177=VERTEX_POINT('',#176) ;
#193=VERTEX_POINT('',#192) ;
#202=VERTEX_POINT('',#201) ;
#218=VERTEX_POINT('',#217) ;
#225=VERTEX_POINT('',#224) ;
#255=VERTEX_POINT('',#254) ;
#257=VERTEX_POINT('',#256) ;
#295=VERTEX_POINT('',#294) ;
#297=VERTEX_POINT('',#296) ;
#319=VERTEX_POINT('',#318) ;
#321=VERTEX_POINT('',#320) ;
#328=VERTEX_POINT('',#327) ;
#335=VERTEX_POINT('',#334) ;
#376=VERTEX_POINT('',#375) ;
#378=VERTEX_POINT('',#377) ;
#385=VERTEX_POINT('',#384) ;
#392=VERTEX_POINT('',#391) ;
#433=VERTEX_POINT('',#432) ;
#435=VERTEX_POINT('',#434) ;
#442=VERTEX_POINT('',#441) ;
#449=VERTEX_POINT('',#448) ;
#490=VERTEX_POINT('',#489) ;
#492=VERTEX_POINT('',#491) ;
#499=VERTEX_POINT('',#498) ;
#508=VERTEX_POINT('',#507) ;
#515=VERTEX_POINT('',#514) ;
#524=VERTEX_POINT('',#523) ;
#550=VERTEX_POINT('',#549) ;
#552=VERTEX_POINT('',#551) ;
#585=VERTEX_POINT('',#584) ;
#587=VERTEX_POINT('',#586) ;
#622=VERTEX_POINT('',#621) ;
#624=VERTEX_POINT('',#623) ;
#631=VERTEX_POINT('',#630) ;
#643=VERTEX_POINT('',#642) ;
#668=VERTEX_POINT('',#667) ;
#670=VERTEX_POINT('',#669) ;
#679=VERTEX_POINT('',#678) ;
#686=VERTEX_POINT('',#685) ;
#693=VERTEX_POINT('',#692) ;
#700=VERTEX_POINT('',#699) ;
#723=VERTEX_POINT('',#722) ;
#725=VERTEX_POINT('',#724) ;
#756=VERTEX_POINT('',#755) ;
#763=VERTEX_POINT('',#762) ;
#785=VERTEX_POINT('',#784) ;
#787=VERTEX_POINT('',#786) ;
#794=VERTEX_POINT('',#793) ;
#806=VERTEX_POINT('',#805) ;
#849=VERTEX_POINT('',#848) ;
#865=VERTEX_POINT('',#864) ;
#888=VERTEX_POINT('',#887) ;
#897=VERTEX_POINT('',#896) ;
#911=VERTEX_POINT('',#910) ;
#998=VERTEX_POINT('',#997) ;
#1000=VERTEX_POINT('',#999) ;
#1009=VERTEX_POINT('',#1008) ;
#1025=VERTEX_POINT('',#1024) ;
#1102=VERTEX_POINT('',#1101) ;
#1104=VERTEX_POINT('',#1103) ;
#1114=VERTEX_POINT('',#1113) ;
#1130=VERTEX_POINT('',#1129) ;
#1215=VERTEX_POINT('',#1214) ;
#1217=VERTEX_POINT('',#1216) ;
#1226=VERTEX_POINT('',#1225) ;
#1242=VERTEX_POINT('',#1241) ;
#1319=VERTEX_POINT('',#1318) ;
#1321=VERTEX_POINT('',#1320) ;
#1331=VERTEX_POINT('',#1330) ;
#1347=VERTEX_POINT('',#1346) ;
#1438=VERTEX_POINT('',#1437) ;
#1440=VERTEX_POINT('',#1439) ;
#1450=VERTEX_POINT('',#1449) ;
#1466=VERTEX_POINT('',#1465) ;
#1551=VERTEX_POINT('',#1550) ;
#1553=VERTEX_POINT('',#1552) ;
#1562=VERTEX_POINT('',#1561) ;
#1578=VERTEX_POINT('',#1577) ;
#1609=VERTEX_POINT('',#1608) ;
#1618=VERTEX_POINT('',#1617) ;
#1634=VERTEX_POINT('',#1633) ;
#1641=VERTEX_POINT('',#1640) ;
#1657=VERTEX_POINT('',#1656) ;
#1682=VERTEX_POINT('',#1681) ;
#1684=VERTEX_POINT('',#1683) ;
#1691=VERTEX_POINT('',#1690) ;
#1698=VERTEX_POINT('',#1697) ;
#1731=VERTEX_POINT('',#1730) ;
#1751=VERTEX_POINT('',#1750) ;
#1758=VERTEX_POINT('',#1757) ;
#1765=VERTEX_POINT('',#1764) ;
#1788=VERTEX_POINT('',#1787) ;
#1810=VERTEX_POINT('',#1809) ;
#1845=VERTEX_POINT('',#1844) ;
#1853=VERTEX_POINT('',#1852) ;
#1862=VERTEX_POINT('',#1861) ;
#1869=VERTEX_POINT('',#1868) ;
#1898=VERTEX_POINT('',#1897) ;
#1911=VERTEX_POINT('',#1910) ;
#1942=VERTEX_POINT('',#1941) ;
#1944=VERTEX_POINT('',#1943) ;
#1952=VERTEX_POINT('',#1951) ;
#1959=VERTEX_POINT('',#1958) ;
#1996=VERTEX_POINT('',#1995) ;
#1998=VERTEX_POINT('',#1997) ;
#2006=VERTEX_POINT('',#2005) ;
#2013=VERTEX_POINT('',#2012) ;
#2050=VERTEX_POINT('',#2049) ;
#2052=VERTEX_POINT('',#2051) ;
#2060=VERTEX_POINT('',#2059) ;
#2073=VERTEX_POINT('',#2072) ;
#2104=VERTEX_POINT('',#2103) ;
#2106=VERTEX_POINT('',#2105) ;
#2114=VERTEX_POINT('',#2113) ;
#2127=VERTEX_POINT('',#2126) ;
#2164=VERTEX_POINT('',#2163) ;
#2171=VERTEX_POINT('',#2170) ;
#2206=VERTEX_POINT('',#2205) ;
#2213=VERTEX_POINT('',#2212) ;
#2241=VERTEX_POINT('',#2240) ;
#2243=VERTEX_POINT('',#2242) ;
#2299=VERTEX_POINT('',#2298) ;
#2306=VERTEX_POINT('',#2305) ;
#2334=VERTEX_POINT('',#2333) ;
#2365=VERTEX_POINT('',#2364) ;
#2424=VERTEX_POINT('',#2423) ;
#2431=VERTEX_POINT('',#2430) ;
#2459=VERTEX_POINT('',#2458) ;
#2490=VERTEX_POINT('',#2489) ;
#2544=VERTEX_POINT('',#2543) ;
#2551=VERTEX_POINT('',#2550) ;
#2579=VERTEX_POINT('',#2578) ;
#2610=VERTEX_POINT('',#2609) ;
#2672=VERTEX_POINT('',#2671) ;
#2674=VERTEX_POINT('',#2673) ;
#2756=VERTEX_POINT('',#2755) ;
#2769=VERTEX_POINT('',#2768) ;
#2794=VERTEX_POINT('',#2793) ;
#2796=VERTEX_POINT('',#2795) ;
#2878=VERTEX_POINT('',#2877) ;
#2891=VERTEX_POINT('',#2890) ;
#2921=VERTEX_POINT('',#2920) ;
#2923=VERTEX_POINT('',#2922) ;
#3005=VERTEX_POINT('',#3004) ;
#3021=VERTEX_POINT('',#3020) ;
#3051=VERTEX_POINT('',#3050) ;
#3053=VERTEX_POINT('',#3052) ;
#3135=VERTEX_POINT('',#3134) ;
#3151=VERTEX_POINT('',#3150) ;
#3176=VERTEX_POINT('',#3175) ;
#3178=VERTEX_POINT('',#3177) ;
#3260=VERTEX_POINT('',#3259) ;
#3276=VERTEX_POINT('',#3275) ;
#3301=VERTEX_POINT('',#3300) ;
#3303=VERTEX_POINT('',#3302) ;
#3332=VERTEX_POINT('',#3331) ;
#3334=VERTEX_POINT('',#3333) ;
#3377=VERTEX_POINT('',#3376) ;
#3384=VERTEX_POINT('',#3383) ;
#3427=VERTEX_POINT('',#3426) ;
#3434=VERTEX_POINT('',#3433) ;
#3571=VERTEX_POINT('',#3570) ;
#3587=VERTEX_POINT('',#3586) ;
#3702=VERTEX_POINT('',#3701) ;
#3704=VERTEX_POINT('',#3703) ;
#3750=VERTEX_POINT('',#3749) ;
#3775=VERTEX_POINT('',#3774) ;
#3777=VERTEX_POINT('',#3776) ;
#3894=VERTEX_POINT('',#3893) ;
#3949=VERTEX_POINT('',#3948) ;
#4037=VERTEX_POINT('',#4036) ;
#4070=VERTEX_POINT('',#4069) ;
#4235=VERTEX_POINT('',#4234) ;
#4474=VERTEX_POINT('',#4473) ;
#4476=VERTEX_POINT('',#4475) ;
#4517=VERTEX_POINT('',#4516) ;
#4543=VERTEX_POINT('',#4542) ;
#4549=VERTEX_POINT('',#4548) ;
#4575=VERTEX_POINT('',#4574) ;
#4688=VERTEX_POINT('',#4687) ;
#4701=VERTEX_POINT('',#4700) ;
#4735=VERTEX_POINT('',#4734) ;
#4742=VERTEX_POINT('',#4741) ;
#5225=VERTEX_POINT('',#5224) ;
#5227=VERTEX_POINT('',#5226) ;
#5268=VERTEX_POINT('',#5267) ;
#5293=VERTEX_POINT('',#5292) ;
#5295=VERTEX_POINT('',#5294) ;
#5412=VERTEX_POINT('',#5411) ;
#5467=VERTEX_POINT('',#5466) ;
#5555=VERTEX_POINT('',#5554) ;
#5588=VERTEX_POINT('',#5587) ;
#5753=VERTEX_POINT('',#5752) ;
#5992=VERTEX_POINT('',#5991) ;
#5994=VERTEX_POINT('',#5993) ;
#6035=VERTEX_POINT('',#6034) ;
#6061=VERTEX_POINT('',#6060) ;
#6067=VERTEX_POINT('',#6066) ;
#6093=VERTEX_POINT('',#6092) ;
#6206=VERTEX_POINT('',#6205) ;
#6219=VERTEX_POINT('',#6218) ;
#6253=VERTEX_POINT('',#6252) ;
#6260=VERTEX_POINT('',#6259) ;
#6788=VERTEX_POINT('',#6787) ;
#6790=VERTEX_POINT('',#6789) ;
#6831=VERTEX_POINT('',#6830) ;
#6857=VERTEX_POINT('',#6856) ;
#6863=VERTEX_POINT('',#6862) ;
#6889=VERTEX_POINT('',#6888) ;
#7143=VERTEX_POINT('',#7142) ;
#7153=VERTEX_POINT('',#7152) ;
#7204=VERTEX_POINT('',#7203) ;
#7280=VERTEX_POINT('',#7279) ;
#7510=VERTEX_POINT('',#7509) ;
#7512=VERTEX_POINT('',#7511) ;
#7553=VERTEX_POINT('',#7552) ;
#7578=VERTEX_POINT('',#7577) ;
#7580=VERTEX_POINT('',#7579) ;
#7697=VERTEX_POINT('',#7696) ;
#7724=VERTEX_POINT('',#7723) ;
#7740=VERTEX_POINT('',#7739) ;
#7747=VERTEX_POINT('',#7746) ;
#7781=VERTEX_POINT('',#7780) ;
#8163=ADVANCED_BREP_SHAPE_REPRESENTATION('NONE',(#21),#16) ;
#127=ADVANCED_FACE('Body.2',(#126),#35,.F.) ;
#244=ADVANCED_FACE('Body.2',(#243),#132,.F.) ;
#275=ADVANCED_FACE('Body.2',(#274),#249,.T.) ;
#308=ADVANCED_FACE('Body.2',(#289,#307),#280,.F.) ;
#348=ADVANCED_FACE('Body.2',(#347),#313,.F.) ;
#365=ADVANCED_FACE('Body.2',(#364),#313,.F.) ;
#405=ADVANCED_FACE('Body.2',(#404),#370,.F.) ;
#422=ADVANCED_FACE('Body.2',(#421),#370,.F.) ;
#462=ADVANCED_FACE('Body.2',(#461),#427,.F.) ;
#479=ADVANCED_FACE('Body.2',(#478),#427,.F.) ;
#539=ADVANCED_FACE('Body.2',(#538),#484,.F.) ;
#574=ADVANCED_FACE('Body.2',(#573),#544,.T.) ;
#611=ADVANCED_FACE('Body.2',(#610),#579,.F.) ;
#662=ADVANCED_FACE('Body.2',(#657,#661),#616,.F.) ;
#717=ADVANCED_FACE('Body.2',(#716),#484,.F.) ;
#747=ADVANCED_FACE('Body.2',(#746),#544,.T.) ;
#779=ADVANCED_FACE('Body.2',(#778),#579,.F.) ;
#825=ADVANCED_FACE('Body.2',(#820,#824),#616,.F.) ;
#837=ADVANCED_FACE('Body.2',(#836),#249,.T.) ;
#881=ADVANCED_FACE('Body.2',(#880),#842,.T.) ;
#928=ADVANCED_FACE('Body.2',(#927),#842,.T.) ;
#1041=ADVANCED_FACE('Body.2',(#1040),#929,.F.) ;
#1145=ADVANCED_FACE('Body.2',(#1144),#1042,.F.) ;
#1258=ADVANCED_FACE('Body.2',(#1257),#1146,.F.) ;
#1362=ADVANCED_FACE('Body.2',(#1361),#1259,.F.) ;
#1481=ADVANCED_FACE('Body.2',(#1480),#1363,.F.) ;
#1594=ADVANCED_FACE('Body.2',(#1593),#1482,.F.) ;
#1676=ADVANCED_FACE('Body.2',(#1675),#132,.F.) ;
#1722=ADVANCED_FACE('Body.2',(#1717,#1721),#616,.F.) ;
#1744=ADVANCED_FACE('Body.2',(#1743),#579,.F.) ;
#1780=ADVANCED_FACE('Body.2',(#1779),#544,.T.) ;
#1803=ADVANCED_FACE('Body.2',(#1802),#484,.F.) ;
#1834=ADVANCED_FACE('Body.2',(#1833),#842,.T.) ;
#1886=ADVANCED_FACE('Body.2',(#1885),#1839,.F.) ;
#1930=ADVANCED_FACE('Body.2',(#1929),#1891,.F.) ;
#1984=ADVANCED_FACE('Body.2',(#1983),#1935,.F.) ;
#2038=ADVANCED_FACE('Body.2',(#2037),#1989,.F.) ;
#2092=ADVANCED_FACE('Body.2',(#2091),#2043,.F.) ;
#2146=ADVANCED_FACE('Body.2',(#2145),#2097,.F.) ;
#2188=ADVANCED_FACE('Body.2',(#2187),#2151,.F.) ;
#2230=ADVANCED_FACE('Body.2',(#2229),#2193,.F.) ;
#2254=ADVANCED_FACE('Body.2',(#2253),#2235,.F.) ;
#2276=ADVANCED_FACE('Body.2',(#2275),#2259,.F.) ;
#2288=ADVANCED_FACE('Body.2',(#2287),#2281,.F.) ;
#2323=ADVANCED_FACE('Body.2',(#2318,#2322),#2293,.T.) ;
#2354=ADVANCED_FACE('Body.2',(#2353),#2328,.T.) ;
#2385=ADVANCED_FACE('Body.2',(#2384),#2359,.T.) ;
#2406=ADVANCED_FACE('Body.2',(#2405),#2390,.T.) ;
#2418=ADVANCED_FACE('Body.2',(#2417),#2411,.T.) ;
#2448=ADVANCED_FACE('Body.2',(#2447),#2390,.T.) ;
#2479=ADVANCED_FACE('Body.2',(#2478),#2453,.T.) ;
#2510=ADVANCED_FACE('Body.2',(#2509),#2484,.T.) ;
#2526=ADVANCED_FACE('Body.2',(#2521,#2525),#2293,.T.) ;
#2538=ADVANCED_FACE('Body.2',(#2537),#2531,.T.) ;
#2568=ADVANCED_FACE('Body.2',(#2567),#2390,.T.) ;
#2599=ADVANCED_FACE('Body.2',(#2598),#2573,.T.) ;
#2630=ADVANCED_FACE('Body.2',(#2629),#2604,.T.) ;
#2646=ADVANCED_FACE('Body.2',(#2641,#2645),#2293,.T.) ;
#2658=ADVANCED_FACE('Body.2',(#2657),#2651,.T.) ;
#2692=ADVANCED_FACE('Body.2',(#2691),#2663,.F.) ;
#2785=ADVANCED_FACE('Body.2',(#2784),#2693,.F.) ;
#2814=ADVANCED_FACE('Body.2',(#2813),#2663,.F.) ;
#2907=ADVANCED_FACE('Body.2',(#2906),#2815,.T.) ;
#2941=ADVANCED_FACE('Body.2',(#2940),#2912,.F.) ;
#3037=ADVANCED_FACE('Body.2',(#3036),#2942,.F.) ;
#3071=ADVANCED_FACE('Body.2',(#3070),#3042,.F.) ;
#3167=ADVANCED_FACE('Body.2',(#3166),#3072,.T.) ;
#3196=ADVANCED_FACE('Body.2',(#3195),#3042,.F.) ;
#3292=ADVANCED_FACE('Body.2',(#3291),#3197,.F.) ;
#3321=ADVANCED_FACE('Body.2',(#3320),#2912,.F.) ;
#3507=ADVANCED_FACE('Body.2',(#3506),#3326,.T.) ;
#3603=ADVANCED_FACE('Body.2',(#3602),#3508,.T.) ;
#3737=ADVANCED_FACE('Body.2',(#3736),#3604,.F.) ;
#3764=ADVANCED_FACE('Body.2',(#3763),#3742,.F.) ;
#3795=ADVANCED_FACE('Body.2',(#3794),#3769,.F.) ;
#3880=ADVANCED_FACE('Body.2',(#3879),#3796,.T.) ;
#3910=ADVANCED_FACE('Body.2',(#3909),#3885,.F.) ;
#3973=ADVANCED_FACE('Body.2',(#3972),#3911,.F.) ;
#4059=ADVANCED_FACE('Body.2',(#4058),#3974,.T.) ;
#4083=ADVANCED_FACE('Body.2',(#4082),#4064,.T.) ;
#4275=ADVANCED_FACE('Body.2',(#4274),#4084,.T.) ;
#4330=ADVANCED_FACE('Body.2',(#4329),#4276,.T.) ;
#4509=ADVANCED_FACE('Body.2',(#4508),#4331,.F.) ;
#4531=ADVANCED_FACE('Body.2',(#4530),#3742,.F.) ;
#4562=ADVANCED_FACE('Body.2',(#4561),#4536,.T.) ;
#4592=ADVANCED_FACE('Body.2',(#4591),#4567,.F.) ;
#4677=ADVANCED_FACE('Body.2',(#4676),#4593,.F.) ;
#4774=ADVANCED_FACE('Body.2',(#4773),#4682,.T.) ;
#4793=ADVANCED_FACE('Body.2',(#4792),#4779,.F.) ;
#4959=ADVANCED_FACE('Body.2',(#4958),#4794,.F.) ;
#4976=ADVANCED_FACE('Body.2',(#4975),#4964,.T.) ;
#5045=ADVANCED_FACE('Body.2',(#5044),#4977,.T.) ;
#5082=ADVANCED_FACE('Body.2',(#5081),#5046,.F.) ;
#5126=ADVANCED_FACE('Body.2',(#5125),#5083,.T.) ;
#5260=ADVANCED_FACE('Body.2',(#5259),#5127,.F.) ;
#5282=ADVANCED_FACE('Body.2',(#5281),#3742,.F.) ;
#5313=ADVANCED_FACE('Body.2',(#5312),#5287,.F.) ;
#5398=ADVANCED_FACE('Body.2',(#5397),#5314,.T.) ;
#5428=ADVANCED_FACE('Body.2',(#5427),#5403,.F.) ;
#5491=ADVANCED_FACE('Body.2',(#5490),#5429,.F.) ;
#5577=ADVANCED_FACE('Body.2',(#5576),#5492,.T.) ;
#5601=ADVANCED_FACE('Body.2',(#5600),#5582,.T.) ;
#5793=ADVANCED_FACE('Body.2',(#5792),#5602,.T.) ;
#5848=ADVANCED_FACE('Body.2',(#5847),#5794,.T.) ;
#6027=ADVANCED_FACE('Body.2',(#6026),#5849,.F.) ;
#6049=ADVANCED_FACE('Body.2',(#6048),#3742,.F.) ;
#6080=ADVANCED_FACE('Body.2',(#6079),#6054,.T.) ;
#6110=ADVANCED_FACE('Body.2',(#6109),#6085,.F.) ;
#6195=ADVANCED_FACE('Body.2',(#6194),#6111,.F.) ;
#6292=ADVANCED_FACE('Body.2',(#6291),#6200,.T.) ;
#6311=ADVANCED_FACE('Body.2',(#6310),#6297,.F.) ;
#6477=ADVANCED_FACE('Body.2',(#6476),#6312,.F.) ;
#6494=ADVANCED_FACE('Body.2',(#6493),#6482,.T.) ;
#6563=ADVANCED_FACE('Body.2',(#6562),#6495,.T.) ;
#6600=ADVANCED_FACE('Body.2',(#6599),#6564,.F.) ;
#6644=ADVANCED_FACE('Body.2',(#6643),#6601,.T.) ;
#6823=ADVANCED_FACE('Body.2',(#6822),#6645,.F.) ;
#6845=ADVANCED_FACE('Body.2',(#6844),#3742,.F.) ;
#6876=ADVANCED_FACE('Body.2',(#6875),#6850,.T.) ;
#6906=ADVANCED_FACE('Body.2',(#6905),#6881,.F.) ;
#6991=ADVANCED_FACE('Body.2',(#6990),#6907,.F.) ;
#7193=ADVANCED_FACE('Body.2',(#7192),#6992,.F.) ;
#7217=ADVANCED_FACE('Body.2',(#7216),#7198,.T.) ;
#7302=ADVANCED_FACE('Body.2',(#7301),#7218,.T.) ;
#7356=ADVANCED_FACE('Body.2',(#7355),#7303,.F.) ;
#7411=ADVANCED_FACE('Body.2',(#7410),#7357,.T.) ;
#7545=ADVANCED_FACE('Body.2',(#7544),#7412,.F.) ;
#7567=ADVANCED_FACE('Body.2',(#7566),#3742,.F.) ;
#7598=ADVANCED_FACE('Body.2',(#7597),#7572,.F.) ;
#7683=ADVANCED_FACE('Body.2',(#7682),#7599,.T.) ;
#7713=ADVANCED_FACE('Body.2',(#7712),#7688,.F.) ;
#7810=ADVANCED_FACE('Body.2',(#7809),#7718,.T.) ;
#7829=ADVANCED_FACE('Body.2',(#7828),#7815,.F.) ;
#7873=ADVANCED_FACE('Body.2',(#7872),#7830,.F.) ;
#7943=ADVANCED_FACE('Body.2',(#7942),#7874,.T.) ;
#7960=ADVANCED_FACE('Body.2',(#7959),#7948,.T.) ;
#8118=ADVANCED_FACE('Body.2',(#8117),#7961,.T.) ;
#8162=ADVANCED_FACE('Body.2',(#8161),#8119,.T.) ;
#4=APPLICATION_PROTOCOL_DEFINITION('international standard','ap242_managed_model_based_3d_engineering',2014,#1) ;
#36=B_SPLINE_CURVE_WITH_KNOTS('',3,(#37,#38,#39,#40),.UNSPECIFIED.,.F.,.U.,(4,4),(0.,7.48063895228),.UNSPECIFIED.) ;
#46=B_SPLINE_CURVE_WITH_KNOTS('',3,(#47,#48,#49,#50),.UNSPECIFIED.,.F.,.U.,(4,4),(0.,1.25385221383),.UNSPECIFIED.) ;
#61=B_SPLINE_CURVE_WITH_KNOTS('',3,(#62,#63,#64,#65),.UNSPECIFIED.,.F.,.U.,(4,4),(0.,3.54629056666),.UNSPECIFIED.) ;
#69=B_SPLINE_CURVE_WITH_KNOTS('',1,(#70,#71),.UNSPECIFIED.,.F.,.U.,(2,2),(-18.0715661378,8.12648796083),.UNSPECIFIED.) ;
#75=B_SPLINE_CURVE_WITH_KNOTS('',5,(#76,#77,#78,#79,#80,#81),.UNSPECIFIED.,.F.,.U.,(6,6),(0.,2.50790724982),.UNSPECIFIED.) ;
#85=B_SPLINE_CURVE_WITH_KNOTS('',3,(#86,#87,#88,#89),.UNSPECIFIED.,.F.,.U.,(4,4),(0.,1.24669079352),.UNSPECIFIED.) ;
#93=B_SPLINE_CURVE_WITH_KNOTS('',4,(#94,#95,#96,#97,#98),.UNSPECIFIED.,.F.,.U.,(5,5),(0.,7.65896245164),.UNSPECIFIED.) ;
#102=B_SPLINE_CURVE_WITH_KNOTS('',3,(#103,#104,#105,#106),.UNSPECIFIED.,.F.,.U.,(4,4),(0.,5.42893116353),.UNSPECIFIED.) ;
#156=B_SPLINE_CURVE_WITH_KNOTS('',5,(#157,#158,#159,#160,#161,#162,#163,#164,#165,#166,#167,#168),.UNSPECIFIED.,.F.,.U.,(6,3,3,6),(0.,13.6625965178,19.1519080898,29.8851945667),.UNSPECIFIED.) ;
#179=B_SPLINE_CURVE_WITH_KNOTS('',5,(#180,#181,#182,#183,#184,#185,#186,#187,#188,#189,#190,#191),.UNSPECIFIED.,.F.,.U.,(6,3,3,6),(0.,13.7760789815,19.3011486763,29.0755387046),.UNSPECIFIED.) ;
#195=B_SPLINE_CURVE_WITH_KNOTS('',4,(#196,#197,#198,#199,#200),.UNSPECIFIED.,.F.,.U.,(5,5),(54.9893755384,80.4206524824),.UNSPECIFIED.) ;
#204=B_SPLINE_CURVE_WITH_KNOTS('',5,(#205,#206,#207,#208,#209,#210,#211,#212,#213,#214,#215,#216),.UNSPECIFIED.,.F.,.U.,(6,3,3,6),(0.,13.7775130656,19.3027172279,29.0756551258),.UNSPECIFIED.) ;
#501=B_SPLINE_CURVE_WITH_KNOTS('',4,(#502,#503,#504,#505,#506),.UNSPECIFIED.,.F.,.U.,(5,5),(0.,7.65896217158),.UNSPECIFIED.) ;
#517=B_SPLINE_CURVE_WITH_KNOTS('',4,(#518,#519,#520,#521,#522),.UNSPECIFIED.,.F.,.U.,(5,5),(0.,7.6590984261),.UNSPECIFIED.) ;
#554=B_SPLINE_CURVE_WITH_KNOTS('',3,(#555,#556,#557,#558),.UNSPECIFIED.,.F.,.U.,(4,4),(0.,1.24669079351),.UNSPECIFIED.) ;
#560=B_SPLINE_CURVE_WITH_KNOTS('',3,(#561,#562,#563,#564),.UNSPECIFIED.,.F.,.U.,(4,4),(0.,1.24669079354),.UNSPECIFIED.) ;
#589=B_SPLINE_CURVE_WITH_KNOTS('',5,(#590,#591,#592,#593,#594,#595),.UNSPECIFIED.,.F.,.U.,(6,6),(0.,2.50790724964),.UNSPECIFIED.) ;
#597=B_SPLINE_CURVE_WITH_KNOTS('',5,(#598,#599,#600,#601,#602,#603),.UNSPECIFIED.,.F.,.U.,(6,6),(0.,2.50790724955),.UNSPECIFIED.) ;
#672=B_SPLINE_CURVE_WITH_KNOTS('',4,(#673,#674,#675,#676,#677),.UNSPECIFIED.,.F.,.U.,(5,5),(0.,7.65896217191),.UNSPECIFIED.) ;
#702=B_SPLINE_CURVE_WITH_KNOTS('',4,(#703,#704,#705,#706,#707),.UNSPECIFIED.,.F.,.U.,(5,5),(0.,7.65896245177),.UNSPECIFIED.) ;
#727=B_SPLINE_CURVE_WITH_KNOTS('',3,(#728,#729,#730,#731),.UNSPECIFIED.,.F.,.U.,(4,4),(0.,1.24669079351),.UNSPECIFIED.) ;
#733=B_SPLINE_CURVE_WITH_KNOTS('',3,(#734,#735,#736,#737),.UNSPECIFIED.,.F.,.U.,(4,4),(0.,1.24669079353),.UNSPECIFIED.) ;
#748=B_SPLINE_CURVE_WITH_KNOTS('',5,(#749,#750,#751,#752,#753,#754),.UNSPECIFIED.,.F.,.U.,(6,6),(0.,2.5079072496),.UNSPECIFIED.) ;
#765=B_SPLINE_CURVE_WITH_KNOTS('',5,(#766,#767,#768,#769,#770,#771),.UNSPECIFIED.,.F.,.U.,(6,6),(0.,2.50790724954),.UNSPECIFIED.) ;
#843=B_SPLINE_CURVE_WITH_KNOTS('',3,(#844,#845,#846,#847),.UNSPECIFIED.,.F.,.U.,(4,4),(0.,5.42893102888),.UNSPECIFIED.) ;
#851=B_SPLINE_CURVE_WITH_KNOTS('',4,(#852,#853,#854,#855,#856),.UNSPECIFIED.,.F.,.U.,(5,5),(0.,20.062981066),.UNSPECIFIED.) ;
#858=B_SPLINE_CURVE_WITH_KNOTS('',4,(#859,#860,#861,#862,#863),.UNSPECIFIED.,.F.,.U.,(5,5),(0.,21.5338965567),.UNSPECIFIED.) ;
#867=B_SPLINE_CURVE_WITH_KNOTS('',3,(#868,#869,#870,#871),.UNSPECIFIED.,.F.,.U.,(4,4),(0.,5.42921227411),.UNSPECIFIED.) ;
#882=B_SPLINE_CURVE_WITH_KNOTS('',3,(#883,#884,#885,#886),.UNSPECIFIED.,.F.,.U.,(4,4),(0.,5.4289311635),.UNSPECIFIED.) ;
#890=B_SPLINE_CURVE_WITH_KNOTS('',4,(#891,#892,#893,#894,#895),.UNSPECIFIED.,.F.,.U.,(5,5),(0.,20.0629793883),.UNSPECIFIED.) ;
#904=B_SPLINE_CURVE_WITH_KNOTS('',4,(#905,#906,#907,#908,#909),.UNSPECIFIED.,.F.,.U.,(5,5),(0.,20.0629188348),.UNSPECIFIED.) ;
#913=B_SPLINE_CURVE_WITH_KNOTS('',3,(#914,#915,#916,#917),.UNSPECIFIED.,.F.,.U.,(4,4),(0.,5.42893102803),.UNSPECIFIED.) ;
#984=B_SPLINE_CURVE_WITH_KNOTS('',5,(#985,#986,#987,#988,#989,#990,#991,#992,#993,#994,#995,#996),.UNSPECIFIED.,.F.,.U.,(6,3,3,6),(29.9665637293,32.3695190128,38.6877746355,43.6148438149),.UNSPECIFIED.) ;
#1002=B_SPLINE_CURVE_WITH_KNOTS('',4,(#1003,#1004,#1005,#1006,#1007),.UNSPECIFIED.,.F.,.U.,(5,5),(0.,20.),.UNSPECIFIED.) ;
#1011=B_SPLINE_CURVE_WITH_KNOTS('',5,(#1012,#1013,#1014,#1015,#1016,#1017,#1018,#1019,#1020,#1021,#1022,#1023),.UNSPECIFIED.,.F.,.U.,(6,3,3,6),(29.9665637293,32.3695190128,38.6877746355,43.6148438149),.UNSPECIFIED.) ;
#1027=B_SPLINE_CURVE_WITH_KNOTS('',5,(#1028,#1029,#1030,#1031,#1032,#1033),.UNSPECIFIED.,.F.,.U.,(6,6),(0.,20.),.UNSPECIFIED.) ;
#1088=B_SPLINE_CURVE_WITH_KNOTS('',5,(#1089,#1090,#1091,#1092,#1093,#1094,#1095,#1096,#1097,#1098,#1099,#1100),.UNSPECIFIED.,.F.,.U.,(6,3,3,6),(0.,4.92707157619,11.2453200215,13.6482750382),.UNSPECIFIED.) ;
#1106=B_SPLINE_CURVE_WITH_KNOTS('',5,(#1107,#1108,#1109,#1110,#1111,#1112),.UNSPECIFIED.,.F.,.U.,(6,6),(0.,20.),.UNSPECIFIED.) ;
#1116=B_SPLINE_CURVE_WITH_KNOTS('',5,(#1117,#1118,#1119,#1120,#1121,#1122,#1123,#1124,#1125,#1126,#1127,#1128),.UNSPECIFIED.,.F.,.U.,(6,3,3,6),(0.,4.92707157619,11.2453200215,13.6482750382),.UNSPECIFIED.) ;
#1132=B_SPLINE_CURVE_WITH_KNOTS('',4,(#1133,#1134,#1135,#1136,#1137),.UNSPECIFIED.,.F.,.U.,(5,5),(0.,20.),.UNSPECIFIED.) ;
#1201=B_SPLINE_CURVE_WITH_KNOTS('',5,(#1202,#1203,#1204,#1205,#1206,#1207,#1208,#1209,#1210,#1211,#1212,#1213),.UNSPECIFIED.,.F.,.U.,(6,3,3,6),(29.9665260338,32.369484107,38.6877436549,43.6147962157),.UNSPECIFIED.) ;
#1219=B_SPLINE_CURVE_WITH_KNOTS('',4,(#1220,#1221,#1222,#1223,#1224),.UNSPECIFIED.,.F.,.U.,(5,5),(0.,20.),.UNSPECIFIED.) ;
#1228=B_SPLINE_CURVE_WITH_KNOTS('',5,(#1229,#1230,#1231,#1232,#1233,#1234,#1235,#1236,#1237,#1238,#1239,#1240),.UNSPECIFIED.,.F.,.U.,(6,3,3,6),(29.9665260338,32.369484107,38.6877436549,43.6147962157),.UNSPECIFIED.) ;
#1244=B_SPLINE_CURVE_WITH_KNOTS('',5,(#1245,#1246,#1247,#1248,#1249,#1250),.UNSPECIFIED.,.F.,.U.,(6,6),(1.20409488901E-005,20.),.UNSPECIFIED.) ;
#1305=B_SPLINE_CURVE_WITH_KNOTS('',5,(#1306,#1307,#1308,#1309,#1310,#1311,#1312,#1313,#1314,#1315,#1316,#1317),.UNSPECIFIED.,.F.,.U.,(6,3,3,6),(0.,4.92704236336,11.245290718,13.6482470965),.UNSPECIFIED.) ;
#1323=B_SPLINE_CURVE_WITH_KNOTS('',5,(#1324,#1325,#1326,#1327,#1328,#1329),.UNSPECIFIED.,.F.,.U.,(6,6),(8.64554888924E-006,20.),.UNSPECIFIED.) ;
#1333=B_SPLINE_CURVE_WITH_KNOTS('',5,(#1334,#1335,#1336,#1337,#1338,#1339,#1340,#1341,#1342,#1343,#1344,#1345),.UNSPECIFIED.,.F.,.U.,(6,3,3,6),(0.,4.92704236336,11.245290718,13.6482470965),.UNSPECIFIED.) ;
#1349=B_SPLINE_CURVE_WITH_KNOTS('',4,(#1350,#1351,#1352,#1353,#1354),.UNSPECIFIED.,.F.,.U.,(5,5),(0.,20.),.UNSPECIFIED.) ;
#1424=B_SPLINE_CURVE_WITH_KNOTS('',5,(#1425,#1426,#1427,#1428,#1429,#1430,#1431,#1432,#1433,#1434,#1435,#1436),.UNSPECIFIED.,.F.,.U.,(6,3,3,6),(0.,3.35810731691,9.24091977435,14.2796931946),.UNSPECIFIED.) ;
#1442=B_SPLINE_CURVE_WITH_KNOTS('',5,(#1443,#1444,#1445,#1446,#1447,#1448),.UNSPECIFIED.,.F.,.U.,(6,6),(0.,20.),.UNSPECIFIED.) ;
#1452=B_SPLINE_CURVE_WITH_KNOTS('',5,(#1453,#1454,#1455,#1456,#1457,#1458,#1459,#1460,#1461,#1462,#1463,#1464),.UNSPECIFIED.,.F.,.U.,(6,3,3,6),(0.,3.35810731691,9.24091977435,14.2796931946),.UNSPECIFIED.) ;
#1468=B_SPLINE_CURVE_WITH_KNOTS('',4,(#1469,#1470,#1471,#1472,#1473),.UNSPECIFIED.,.F.,.U.,(5,5),(0.,20.),.UNSPECIFIED.) ;
#1537=B_SPLINE_CURVE_WITH_KNOTS('',5,(#1538,#1539,#1540,#1541,#1542,#1543,#1544,#1545,#1546,#1547,#1548,#1549),.UNSPECIFIED.,.F.,.U.,(6,3,3,6),(33.4789980995,40.7094738616,45.9860234014,47.7582463711),.UNSPECIFIED.) ;
#1555=B_SPLINE_CURVE_WITH_KNOTS('',4,(#1556,#1557,#1558,#1559,#1560),.UNSPECIFIED.,.F.,.U.,(5,5),(0.,20.),.UNSPECIFIED.) ;
#1564=B_SPLINE_CURVE_WITH_KNOTS('',5,(#1565,#1566,#1567,#1568,#1569,#1570,#1571,#1572,#1573,#1574,#1575,#1576),.UNSPECIFIED.,.F.,.U.,(6,3,3,6),(33.4789980995,40.7094738616,45.9860234014,47.7582463711),.UNSPECIFIED.) ;
#1580=B_SPLINE_CURVE_WITH_KNOTS('',5,(#1581,#1582,#1583,#1584,#1585,#1586),.UNSPECIFIED.,.F.,.U.,(6,6),(0.,20.),.UNSPECIFIED.) ;
#1595=B_SPLINE_CURVE_WITH_KNOTS('',5,(#1596,#1597,#1598,#1599,#1600,#1601,#1602,#1603,#1604,#1605,#1606,#1607),.UNSPECIFIED.,.F.,.U.,(6,3,3,6),(0.,13.7760805831,19.3011437785,29.0755256258),.UNSPECIFIED.) ;
#1611=B_SPLINE_CURVE_WITH_KNOTS('',4,(#1612,#1613,#1614,#1615,#1616),.UNSPECIFIED.,.F.,.U.,(5,5),(54.9893700899,80.4206588377),.UNSPECIFIED.) ;
#1620=B_SPLINE_CURVE_WITH_KNOTS('',5,(#1621,#1622,#1623,#1624,#1625,#1626,#1627,#1628,#1629,#1630,#1631,#1632),.UNSPECIFIED.,.F.,.U.,(6,3,3,6),(0.,13.7775132737,19.3027112967,29.0756412049),.UNSPECIFIED.) ;
#1643=B_SPLINE_CURVE_WITH_KNOTS('',5,(#1644,#1645,#1646,#1647,#1648,#1649,#1650,#1651,#1652,#1653,#1654,#1655),.UNSPECIFIED.,.F.,.U.,(6,3,3,6),(0.,13.6626861082,19.1520008122,29.8852720284),.UNSPECIFIED.) ;
#1723=B_SPLINE_CURVE_WITH_KNOTS('',5,(#1724,#1725,#1726,#1727,#1728,#1729),.UNSPECIFIED.,.F.,.U.,(6,6),(0.,2.50790724949),.UNSPECIFIED.) ;
#1745=B_SPLINE_CURVE_WITH_KNOTS('',3,(#1746,#1747,#1748,#1749),.UNSPECIFIED.,.F.,.U.,(4,4),(0.,1.24669079351),.UNSPECIFIED.) ;
#1781=B_SPLINE_CURVE_WITH_KNOTS('',4,(#1782,#1783,#1784,#1785,#1786),.UNSPECIFIED.,.F.,.U.,(5,5),(0.,7.65909842596),.UNSPECIFIED.) ;
#1804=B_SPLINE_CURVE_WITH_KNOTS('',3,(#1805,#1806,#1807,#1808),.UNSPECIFIED.,.F.,.U.,(4,4),(0.,5.42921227387),.UNSPECIFIED.) ;
#1812=B_SPLINE_CURVE_WITH_KNOTS('',4,(#1813,#1814,#1815,#1816,#1817),.UNSPECIFIED.,.F.,.U.,(5,5),(0.,21.5338955385),.UNSPECIFIED.) ;
#1819=B_SPLINE_CURVE_WITH_KNOTS('',4,(#1820,#1821,#1822,#1823,#1824),.UNSPECIFIED.,.F.,.U.,(5,5),(0.,20.062924992),.UNSPECIFIED.) ;
#1847=B_SPLINE_CURVE_WITH_KNOTS('',3,(#1848,#1849,#1850,#1851),.UNSPECIFIED.,.F.,.U.,(4,4),(0.,1.25385221383),.UNSPECIFIED.) ;
#1855=B_SPLINE_CURVE_WITH_KNOTS('',4,(#1856,#1857,#1858,#1859,#1860),.UNSPECIFIED.,.F.,.U.,(5,5),(0.,8.40146853751),.UNSPECIFIED.) ;
#1871=B_SPLINE_CURVE_WITH_KNOTS('',4,(#1872,#1873,#1874,#1875,#1876),.UNSPECIFIED.,.F.,.U.,(5,5),(0.,8.40146853715),.UNSPECIFIED.) ;
#1892=B_SPLINE_CURVE_WITH_KNOTS('',3,(#1893,#1894,#1895,#1896),.UNSPECIFIED.,.F.,.U.,(4,4),(0.,7.4805942425),.UNSPECIFIED.) ;
#1905=B_SPLINE_CURVE_WITH_KNOTS('',3,(#1906,#1907,#1908,#1909),.UNSPECIFIED.,.F.,.U.,(4,4),(0.,3.54629056664),.UNSPECIFIED.) ;
#1936=B_SPLINE_CURVE_WITH_KNOTS('',3,(#1937,#1938,#1939,#1940),.UNSPECIFIED.,.F.,.U.,(4,4),(0.,7.48060856511),.UNSPECIFIED.) ;
#1946=B_SPLINE_CURVE_WITH_KNOTS('',3,(#1947,#1948,#1949,#1950),.UNSPECIFIED.,.F.,.U.,(4,4),(0.,1.25385221382),.UNSPECIFIED.) ;
#1961=B_SPLINE_CURVE_WITH_KNOTS('',3,(#1962,#1963,#1964,#1965),.UNSPECIFIED.,.F.,.U.,(4,4),(0.,3.5462905667),.UNSPECIFIED.) ;
#1990=B_SPLINE_CURVE_WITH_KNOTS('',3,(#1991,#1992,#1993,#1994),.UNSPECIFIED.,.F.,.U.,(4,4),(0.,7.48063894941),.UNSPECIFIED.) ;
#2000=B_SPLINE_CURVE_WITH_KNOTS('',3,(#2001,#2002,#2003,#2004),.UNSPECIFIED.,.F.,.U.,(4,4),(0.,1.25385221383),.UNSPECIFIED.) ;
#2015=B_SPLINE_CURVE_WITH_KNOTS('',3,(#2016,#2017,#2018,#2019),.UNSPECIFIED.,.F.,.U.,(4,4),(0.,3.54629335389),.UNSPECIFIED.) ;
#2044=B_SPLINE_CURVE_WITH_KNOTS('',3,(#2045,#2046,#2047,#2048),.UNSPECIFIED.,.F.,.U.,(4,4),(0.,1.25385221382),.UNSPECIFIED.) ;
#2054=B_SPLINE_CURVE_WITH_KNOTS('',3,(#2055,#2056,#2057,#2058),.UNSPECIFIED.,.F.,.U.,(4,4),(0.,7.48063894941),.UNSPECIFIED.) ;
#2067=B_SPLINE_CURVE_WITH_KNOTS('',3,(#2068,#2069,#2070,#2071),.UNSPECIFIED.,.F.,.U.,(4,4),(0.,3.54629216622),.UNSPECIFIED.) ;
#2098=B_SPLINE_CURVE_WITH_KNOTS('',3,(#2099,#2100,#2101,#2102),.UNSPECIFIED.,.F.,.U.,(4,4),(0.,1.25385221383),.UNSPECIFIED.) ;
#2108=B_SPLINE_CURVE_WITH_KNOTS('',3,(#2109,#2110,#2111,#2112),.UNSPECIFIED.,.F.,.U.,(4,4),(0.,7.4806389494),.UNSPECIFIED.) ;
#2121=B_SPLINE_CURVE_WITH_KNOTS('',3,(#2122,#2123,#2124,#2125),.UNSPECIFIED.,.F.,.U.,(4,4),(0.,3.54629056655),.UNSPECIFIED.) ;
#2157=B_SPLINE_CURVE_WITH_KNOTS('',4,(#2158,#2159,#2160,#2161,#2162),.UNSPECIFIED.,.F.,.U.,(5,5),(0.,8.4014685374),.UNSPECIFIED.) ;
#2173=B_SPLINE_CURVE_WITH_KNOTS('',4,(#2174,#2175,#2176,#2177,#2178),.UNSPECIFIED.,.F.,.U.,(5,5),(0.,8.40146853734),.UNSPECIFIED.) ;
#2199=B_SPLINE_CURVE_WITH_KNOTS('',4,(#2200,#2201,#2202,#2203,#2204),.UNSPECIFIED.,.F.,.U.,(5,5),(0.,8.4014685369),.UNSPECIFIED.) ;
#2215=B_SPLINE_CURVE_WITH_KNOTS('',4,(#2216,#2217,#2218,#2219,#2220),.UNSPECIFIED.,.F.,.U.,(5,5),(0.,8.4014685375),.UNSPECIFIED.) ;
#2336=B_SPLINE_CURVE_WITH_KNOTS('',5,(#2337,#2338,#2339,#2340,#2341,#2342,#2343,#2344,#2345),.UNSPECIFIED.,.F.,.U.,(6,3,6),(0.,1.88861069788,2.09885684226),.UNSPECIFIED.) ;
#2367=B_SPLINE_CURVE_WITH_KNOTS('',5,(#2368,#2369,#2370,#2371,#2372,#2373,#2374,#2375,#2376),.UNSPECIFIED.,.F.,.U.,(6,3,6),(0.,1.88861069788,2.09885684226),.UNSPECIFIED.) ;
#2461=B_SPLINE_CURVE_WITH_KNOTS('',5,(#2462,#2463,#2464,#2465,#2466,#2467,#2468,#2469,#2470),.UNSPECIFIED.,.F.,.U.,(6,3,6),(0.,1.88861069788,2.09885684226),.UNSPECIFIED.) ;
#2492=B_SPLINE_CURVE_WITH_KNOTS('',5,(#2493,#2494,#2495,#2496,#2497,#2498,#2499,#2500,#2501),.UNSPECIFIED.,.F.,.U.,(6,3,6),(0.,1.88861069788,2.09885684226),.UNSPECIFIED.) ;
#2581=B_SPLINE_CURVE_WITH_KNOTS('',5,(#2582,#2583,#2584,#2585,#2586,#2587,#2588,#2589,#2590),.UNSPECIFIED.,.F.,.U.,(6,3,6),(0.,1.88861069788,2.09885684226),.UNSPECIFIED.) ;
#2612=B_SPLINE_CURVE_WITH_KNOTS('',5,(#2613,#2614,#2615,#2616,#2617,#2618,#2619,#2620,#2621),.UNSPECIFIED.,.F.,.U.,(6,3,6),(0.,1.88861069788,2.09885684226),.UNSPECIFIED.) ;
#2664=B_SPLINE_CURVE_WITH_KNOTS('',5,(#2665,#2666,#2667,#2668,#2669,#2670),.UNSPECIFIED.,.F.,.U.,(6,6),(15.3811785198,42.4420631802),.UNSPECIFIED.) ;
#2748=B_SPLINE_CURVE_WITH_KNOTS('',5,(#2749,#2750,#2751,#2752,#2753,#2754),.UNSPECIFIED.,.F.,.U.,(6,6),(0.,4.),.UNSPECIFIED.) ;
#2758=B_SPLINE_CURVE_WITH_KNOTS('',5,(#2759,#2760,#2761,#2762,#2763,#2764,#2765,#2766,#2767),.UNSPECIFIED.,.F.,.U.,(6,3,6),(15.3811785198,28.4307591393,42.4420631802),.UNSPECIFIED.) ;
#2771=B_SPLINE_CURVE_WITH_KNOTS('',5,(#2772,#2773,#2774,#2775,#2776,#2777),.UNSPECIFIED.,.F.,.U.,(6,6),(0.,4.),.UNSPECIFIED.) ;
#2786=B_SPLINE_CURVE_WITH_KNOTS('',5,(#2787,#2788,#2789,#2790,#2791,#2792),.UNSPECIFIED.,.F.,.U.,(6,6),(15.4966827387,42.5575674589),.UNSPECIFIED.) ;
#2870=B_SPLINE_CURVE_WITH_KNOTS('',5,(#2871,#2872,#2873,#2874,#2875,#2876),.UNSPECIFIED.,.F.,.U.,(6,6),(0.,4.),.UNSPECIFIED.) ;
#2880=B_SPLINE_CURVE_WITH_KNOTS('',5,(#2881,#2882,#2883,#2884,#2885,#2886,#2887,#2888,#2889),.UNSPECIFIED.,.F.,.U.,(6,3,6),(15.4966827387,28.5534708668,42.5575674589),.UNSPECIFIED.) ;
#2893=B_SPLINE_CURVE_WITH_KNOTS('',5,(#2894,#2895,#2896,#2897,#2898,#2899),.UNSPECIFIED.,.F.,.U.,(6,6),(0.,4.),.UNSPECIFIED.) ;
#2913=B_SPLINE_CURVE_WITH_KNOTS('',5,(#2914,#2915,#2916,#2917,#2918,#2919),.UNSPECIFIED.,.F.,.U.,(6,6),(15.3814266578,42.4423633274),.UNSPECIFIED.) ;
#2997=B_SPLINE_CURVE_WITH_KNOTS('',5,(#2998,#2999,#3000,#3001,#3002,#3003),.UNSPECIFIED.,.F.,.U.,(6,6),(0.,4.),.UNSPECIFIED.) ;
#3007=B_SPLINE_CURVE_WITH_KNOTS('',5,(#3008,#3009,#3010,#3011,#3012,#3013,#3014,#3015,#3016,#3017,#3018,#3019),.UNSPECIFIED.,.F.,.U.,(6,3,3,6),(15.3814266578,15.6351422735,30.505085434,42.4423655255),.UNSPECIFIED.) ;
#3023=B_SPLINE_CURVE_WITH_KNOTS('',5,(#3024,#3025,#3026,#3027,#3028,#3029),.UNSPECIFIED.,.F.,.U.,(6,6),(0.,4.),.UNSPECIFIED.) ;
#3043=B_SPLINE_CURVE_WITH_KNOTS('',5,(#3044,#3045,#3046,#3047,#3048,#3049),.UNSPECIFIED.,.F.,.U.,(6,6),(15.4969383122,42.557874983),.UNSPECIFIED.) ;
#3127=B_SPLINE_CURVE_WITH_KNOTS('',5,(#3128,#3129,#3130,#3131,#3132,#3133),.UNSPECIFIED.,.F.,.U.,(6,6),(0.,4.),.UNSPECIFIED.) ;
#3137=B_SPLINE_CURVE_WITH_KNOTS('',5,(#3138,#3139,#3140,#3141,#3142,#3143,#3144,#3145,#3146,#3147,#3148,#3149),.UNSPECIFIED.,.F.,.U.,(6,3,3,6),(15.4969383122,15.7506539289,30.6205970898,42.5578771812),.UNSPECIFIED.) ;
#3153=B_SPLINE_CURVE_WITH_KNOTS('',5,(#3154,#3155,#3156,#3157,#3158,#3159),.UNSPECIFIED.,.F.,.U.,(6,6),(0.,4.),.UNSPECIFIED.) ;
#3168=B_SPLINE_CURVE_WITH_KNOTS('',5,(#3169,#3170,#3171,#3172,#3173,#3174),.UNSPECIFIED.,.F.,.U.,(6,6),(15.3814266577,42.442363328),.UNSPECIFIED.) ;
#3252=B_SPLINE_CURVE_WITH_KNOTS('',5,(#3253,#3254,#3255,#3256,#3257,#3258),.UNSPECIFIED.,.F.,.U.,(6,6),(0.,4.),.UNSPECIFIED.) ;
#3262=B_SPLINE_CURVE_WITH_KNOTS('',5,(#3263,#3264,#3265,#3266,#3267,#3268,#3269,#3270,#3271,#3272,#3273,#3274),.UNSPECIFIED.,.F.,.U.,(6,3,3,6),(15.3814266577,15.6351422738,30.5050854346,42.4423655262),.UNSPECIFIED.) ;
#3278=B_SPLINE_CURVE_WITH_KNOTS('',5,(#3279,#3280,#3281,#3282,#3283,#3284),.UNSPECIFIED.,.F.,.U.,(6,6),(0.,4.),.UNSPECIFIED.) ;
#3293=B_SPLINE_CURVE_WITH_KNOTS('',5,(#3294,#3295,#3296,#3297,#3298,#3299),.UNSPECIFIED.,.F.,.U.,(6,6),(15.4969383118,42.5578749822),.UNSPECIFIED.) ;
#3341=B_SPLINE_CURVE_WITH_KNOTS('',5,(#3342,#3343,#3344,#3345,#3346,#3347,#3348,#3349,#3350,#3351,#3352,#3353,#3354,#3355,#3356),.UNSPECIFIED.,.F.,.U.,(6,3,3,3,6),(28.365997942,28.8313329981,37.3927652301,42.0616796543,43.608668436),.UNSPECIFIED.) ;
#3358=B_SPLINE_CURVE_WITH_KNOTS('',5,(#3359,#3360,#3361,#3362,#3363,#3364,#3365,#3366,#3367,#3368,#3369,#3370),.UNSPECIFIED.,.F.,.U.,(6,3,3,6),(0.,3.83791723925,8.77762012964,15.2472628207),.UNSPECIFIED.) ;
#3391=B_SPLINE_CURVE_WITH_KNOTS('',5,(#3392,#3393,#3394,#3395,#3396,#3397,#3398,#3399,#3400,#3401,#3402,#3403,#3404,#3405,#3406),.UNSPECIFIED.,.F.,.U.,(6,3,3,3,6),(28.3660148118,28.8313546049,37.3927661083,42.0616880238,43.6086583104),.UNSPECIFIED.) ;
#3408=B_SPLINE_CURVE_WITH_KNOTS('',5,(#3409,#3410,#3411,#3412,#3413,#3414,#3415,#3416,#3417,#3418,#3419,#3420),.UNSPECIFIED.,.F.,.U.,(6,3,3,6),(0.,3.83791387958,8.77762029924,15.2472354923),.UNSPECIFIED.) ;
#3441=B_SPLINE_CURVE_WITH_KNOTS('',5,(#3442,#3443,#3444,#3445,#3446,#3447,#3448,#3449,#3450,#3451,#3452,#3453),.UNSPECIFIED.,.F.,.U.,(6,3,3,6),(31.7195438546,39.8895277286,44.5057194035,47.7576406447),.UNSPECIFIED.) ;
#3455=B_SPLINE_CURVE_WITH_KNOTS('',5,(#3456,#3457,#3458,#3459,#3460,#3461,#3462,#3463,#3464,#3465,#3466,#3467),.UNSPECIFIED.,.F.,.U.,(6,3,3,6),(0.,3.25192844286,7.86811414121,16.0380817501),.UNSPECIFIED.) ;
#3563=B_SPLINE_CURVE_WITH_KNOTS('',5,(#3564,#3565,#3566,#3567,#3568,#3569),.UNSPECIFIED.,.F.,.U.,(6,6),(0.,4.),.UNSPECIFIED.) ;
#3573=B_SPLINE_CURVE_WITH_KNOTS('',5,(#3574,#3575,#3576,#3577,#3578,#3579,#3580,#3581,#3582,#3583,#3584,#3585),.UNSPECIFIED.,.F.,.U.,(6,3,3,6),(15.4969383118,15.7506539281,30.6205970886,42.5578771804),.UNSPECIFIED.) ;
#3589=B_SPLINE_CURVE_WITH_KNOTS('',5,(#3590,#3591,#3592,#3593,#3594,#3595),.UNSPECIFIED.,.F.,.U.,(6,6),(0.,4.),.UNSPECIFIED.) ;
#3695=B_SPLINE_CURVE_WITH_KNOTS('',4,(#3696,#3697,#3698,#3699,#3700),.UNSPECIFIED.,.F.,.U.,(5,5),(0.,6.36034182484),.UNSPECIFIED.) ;
#3706=B_SPLINE_CURVE_WITH_KNOTS('',5,(#3707,#3708,#3709,#3710,#3711,#3712,#3713,#3714,#3715,#3716,#3717,#3718),.UNSPECIFIED.,.F.,.U.,(6,3,3,6),(13.6477030752,18.3380024349,26.6236481996,30.2155887923),.UNSPECIFIED.) ;
#3720=B_SPLINE_CURVE_WITH_KNOTS('',3,(#3721,#3722,#3723,#3724),.UNSPECIFIED.,.F.,.U.,(4,4),(3.48337626729,11.8377390781),.UNSPECIFIED.) ;
#3743=B_SPLINE_CURVE_WITH_KNOTS('',4,(#3744,#3745,#3746,#3747,#3748),.UNSPECIFIED.,.F.,.U.,(5,5),(92.4931477662,132.301477778),.UNSPECIFIED.) ;
#3752=B_SPLINE_CURVE_WITH_KNOTS('',3,(#3753,#3754,#3755,#3756),.UNSPECIFIED.,.F.,.U.,(4,4),(4.62639263348,19.0280119563),.UNSPECIFIED.) ;
#3779=B_SPLINE_CURVE_WITH_KNOTS('',1,(#3780,#3781),.UNSPECIFIED.,.F.,.U.,(2,2),(18.6801660977,24.6544049851),.UNSPECIFIED.) ;
#3783=B_SPLINE_CURVE_WITH_KNOTS('',3,(#3784,#3785,#3786,#3787),.UNSPECIFIED.,.F.,.U.,(4,4),(15.6252496024,19.0280117571),.UNSPECIFIED.) ;
#3851=B_SPLINE_CURVE_WITH_KNOTS('',5,(#3852,#3853,#3854,#3855,#3856,#3857,#3858,#3859,#3860,#3861,#3862,#3863,#3864,#3865,#3866,#3867,#3868,#3869,#3870,#3871,#3872),.UNSPECIFIED.,.F.,.U.,(6,3,3,3,3,3,6),(21.075071679,23.7729757119,31.109623112,34.9001953034,36.3935447608,37.7096940368,39.1632024028),.UNSPECIFIED.) ;
#3886=B_SPLINE_CURVE_WITH_KNOTS('',5,(#3887,#3888,#3889,#3890,#3891,#3892),.UNSPECIFIED.,.F.,.U.,(6,6),(45.876437537,56.8137554432),.UNSPECIFIED.) ;
#3896=B_SPLINE_CURVE_WITH_KNOTS('',4,(#3897,#3898,#3899,#3900,#3901),.UNSPECIFIED.,.F.,.U.,(5,5),(11.1826411164,25.0082925568),.UNSPECIFIED.) ;
#3942=B_SPLINE_CURVE_WITH_KNOTS('',4,(#3943,#3944,#3945,#3946,#3947),.UNSPECIFIED.,.F.,.U.,(5,5),(5.13248009134E-006,2.),.UNSPECIFIED.) ;
#3951=B_SPLINE_CURVE_WITH_KNOTS('',5,(#3952,#3953,#3954,#3955,#3956,#3957,#3958,#3959,#3960,#3961,#3962,#3963,#3964,#3965,#3966),.UNSPECIFIED.,.F.,.U.,(6,3,3,3,6),(11.1826411164,13.0336438454,24.6577641731,24.9801323769,25.0082925568),.UNSPECIFIED.) ;
#4029=B_SPLINE_CURVE_WITH_KNOTS('',5,(#4030,#4031,#4032,#4033,#4034,#4035),.UNSPECIFIED.,.F.,.U.,(6,6),(0.,2.),.UNSPECIFIED.) ;
#4039=B_SPLINE_CURVE_WITH_KNOTS('',5,(#4040,#4041,#4042,#4043,#4044,#4045,#4046,#4047,#4048,#4049,#4050,#4051),.UNSPECIFIED.,.F.,.U.,(6,3,3,6),(45.876437537,46.3772178246,53.1785564903,56.8137554432),.UNSPECIFIED.) ;
#4229=B_SPLINE_CURVE_WITH_KNOTS('',3,(#4230,#4231,#4232,#4233),.UNSPECIFIED.,.F.,.U.,(4,4),(0.,2.),.UNSPECIFIED.) ;
#4237=B_SPLINE_CURVE_WITH_KNOTS('',5,(#4238,#4239,#4240,#4241,#4242,#4243,#4244,#4245,#4246,#4247,#4248,#4249,#4250,#4251,#4252,#4253,#4254,#4255,#4256,#4257,#4258,#4259,#4260,#4261,#4262,#4263,#4264,#4265,#4266,#4267),.UNSPECIFIED.,.F.,.U.,(6,3,3,3,3,3,3,3,3,6),(21.075076134,23.7729757119,28.8449430893,31.109623112,33.1366466148,34.9001953034,36.3935447608,37.7096940368,38.6452917187,39.1632024028),.UNSPECIFIED.) ;
#4313=B_SPLINE_CURVE_WITH_KNOTS('',5,(#4314,#4315,#4316,#4317,#4318,#4319,#4320,#4321,#4322),.UNSPECIFIED.,.F.,.U.,(6,3,6),(92.4932649452,118.237961648,129.765075737),.UNSPECIFIED.) ;
#4467=B_SPLINE_CURVE_WITH_KNOTS('',4,(#4468,#4469,#4470,#4471,#4472),.UNSPECIFIED.,.F.,.U.,(5,5),(0.,6.93719366501),.UNSPECIFIED.) ;
#4478=B_SPLINE_CURVE_WITH_KNOTS('',3,(#4479,#4480,#4481,#4482),.UNSPECIFIED.,.F.,.U.,(4,4),(3.87023051538,13.1406513019),.UNSPECIFIED.) ;
#4484=B_SPLINE_CURVE_WITH_KNOTS('',5,(#4485,#4486,#4487,#4488,#4489,#4490,#4491,#4492,#4493,#4494,#4495,#4496),.UNSPECIFIED.,.F.,.U.,(6,3,3,6),(15.0156971531,21.9512324837,30.5316256869,33.4767887703),.UNSPECIFIED.) ;
#4510=B_SPLINE_CURVE_WITH_KNOTS('',4,(#4511,#4512,#4513,#4514,#4515),.UNSPECIFIED.,.F.,.U.,(5,5),(25.2238264562,65.0319123937),.UNSPECIFIED.) ;
#4519=B_SPLINE_CURVE_WITH_KNOTS('',3,(#4520,#4521,#4522,#4523),.UNSPECIFIED.,.F.,.U.,(4,4),(4.45628697959,18.8578661011),.UNSPECIFIED.) ;
#4537=B_SPLINE_CURVE_WITH_KNOTS('',3,(#4538,#4539,#4540,#4541),.UNSPECIFIED.,.F.,.U.,(4,4),(15.4551140722,18.8578659193),.UNSPECIFIED.) ;
#4545=B_SPLINE_CURVE_WITH_KNOTS('',1,(#4546,#4547),.UNSPECIFIED.,.F.,.U.,(2,2),(24.7086448928,30.6828837802),.UNSPECIFIED.) ;
#4568=B_SPLINE_CURVE_WITH_KNOTS('',4,(#4569,#4570,#4571,#4572,#4573),.UNSPECIFIED.,.F.,.U.,(5,5),(1.93553493436E-015,13.8258338853),.UNSPECIFIED.) ;
#4577=B_SPLINE_CURVE_WITH_KNOTS('',5,(#4578,#4579,#4580,#4581,#4582,#4583),.UNSPECIFIED.,.F.,.U.,(6,6),(31.3498813191,42.2756840663),.UNSPECIFIED.) ;
#4648=B_SPLINE_CURVE_WITH_KNOTS('',5,(#4649,#4650,#4651,#4652,#4653,#4654,#4655,#4656,#4657,#4658,#4659,#4660,#4661,#4662,#4663,#4664,#4665,#4666,#4667,#4668,#4669),.UNSPECIFIED.,.F.,.U.,(6,3,3,3,3,3,6),(21.075048306,23.7729475641,31.1095830078,34.9001509479,36.3934994657,37.7096485073,39.1631577801),.UNSPECIFIED.) ;
#4690=B_SPLINE_CURVE_WITH_KNOTS('',5,(#4691,#4692,#4693,#4694,#4695,#4696,#4697,#4698,#4699),.UNSPECIFIED.,.F.,.U.,(6,3,6),(27.7602267945,39.7098832007,65.0318021592),.UNSPECIFIED.) ;
#4703=B_SPLINE_CURVE_WITH_KNOTS('',5,(#4704,#4705,#4706,#4707,#4708,#4709,#4710,#4711,#4712,#4713,#4714,#4715,#4716,#4717,#4718,#4719,#4720,#4721,#4722,#4723,#4724,#4725,#4726,#4727,#4728,#4729,#4730,#4731,#4732,#4733),.UNSPECIFIED.,.F.,.U.,(6,3,3,3,3,3,3,3,3,6),(21.075052761,23.7729475641,28.8449063428,31.1095830078,33.1366039664,34.9001509479,36.3934994657,37.7096485073,38.6452461814,39.1631577801),.UNSPECIFIED.) ;
#4744=B_SPLINE_CURVE_WITH_KNOTS('',5,(#4745,#4746,#4747,#4748,#4749,#4750,#4751,#4752,#4753,#4754,#4755,#4756),.UNSPECIFIED.,.F.,.U.,(6,3,3,6),(31.3498868689,35.3528379264,39.2014192157,42.2756840663),.UNSPECIFIED.) ;
#4780=B_SPLINE_CURVE_WITH_KNOTS('',4,(#4781,#4782,#4783,#4784,#4785),.UNSPECIFIED.,.F.,.U.,(5,5),(3.36543788089E-015,13.8258383234),.UNSPECIFIED.) ;
#4939=B_SPLINE_CURVE_WITH_KNOTS('',3,(#4940,#4941,#4942,#4943),.UNSPECIFIED.,.F.,.U.,(4,4),(0.,2.),.UNSPECIFIED.) ;
#4945=B_SPLINE_CURVE_WITH_KNOTS('',5,(#4946,#4947,#4948,#4949,#4950,#4951),.UNSPECIFIED.,.F.,.U.,(6,6),(0.,2.),.UNSPECIFIED.) ;
#5032=B_SPLINE_CURVE_WITH_KNOTS('',4,(#5033,#5034,#5035,#5036,#5037),.UNSPECIFIED.,.F.,.U.,(5,5),(0.,2.),.UNSPECIFIED.) ;
#5218=B_SPLINE_CURVE_WITH_KNOTS('',4,(#5219,#5220,#5221,#5222,#5223),.UNSPECIFIED.,.F.,.U.,(5,5),(0.,6.36033772064),.UNSPECIFIED.) ;
#5229=B_SPLINE_CURVE_WITH_KNOTS('',5,(#5230,#5231,#5232,#5233,#5234,#5235,#5236,#5237,#5238,#5239,#5240,#5241),.UNSPECIFIED.,.F.,.U.,(6,3,3,6),(13.6476613894,18.3380316284,26.62366722,30.2155970188),.UNSPECIFIED.) ;
#5243=B_SPLINE_CURVE_WITH_KNOTS('',3,(#5244,#5245,#5246,#5247),.UNSPECIFIED.,.F.,.U.,(4,4),(3.48337235628,11.8377329409),.UNSPECIFIED.) ;
#5261=B_SPLINE_CURVE_WITH_KNOTS('',4,(#5262,#5263,#5264,#5265,#5266),.UNSPECIFIED.,.F.,.U.,(5,5),(92.4931475555,132.301477567),.UNSPECIFIED.) ;
#5270=B_SPLINE_CURVE_WITH_KNOTS('',3,(#5271,#5272,#5273,#5274),.UNSPECIFIED.,.F.,.U.,(4,4),(4.62639263349,19.0280119554),.UNSPECIFIED.) ;
#5297=B_SPLINE_CURVE_WITH_KNOTS('',1,(#5298,#5299),.UNSPECIFIED.,.F.,.U.,(2,2),(24.7086361464,30.6828750338),.UNSPECIFIED.) ;
#5301=B_SPLINE_CURVE_WITH_KNOTS('',3,(#5302,#5303,#5304,#5305),.UNSPECIFIED.,.F.,.U.,(4,4),(15.6252496017,19.0280117561),.UNSPECIFIED.) ;
#5369=B_SPLINE_CURVE_WITH_KNOTS('',5,(#5370,#5371,#5372,#5373,#5374,#5375,#5376,#5377,#5378,#5379,#5380,#5381,#5382,#5383,#5384,#5385,#5386,#5387,#5388,#5389,#5390),.UNSPECIFIED.,.F.,.U.,(6,3,3,3,3,3,6),(21.0750716785,23.7729757112,31.1096231114,34.9001953027,36.3935447601,37.7096940361,39.1632024021),.UNSPECIFIED.) ;
#5404=B_SPLINE_CURVE_WITH_KNOTS('',5,(#5405,#5406,#5407,#5408,#5409,#5410),.UNSPECIFIED.,.F.,.U.,(6,6),(45.8764375373,56.813755444),.UNSPECIFIED.) ;
#5414=B_SPLINE_CURVE_WITH_KNOTS('',4,(#5415,#5416,#5417,#5418,#5419),.UNSPECIFIED.,.F.,.U.,(5,5),(11.1826411166,25.0082925553),.UNSPECIFIED.) ;
#5460=B_SPLINE_CURVE_WITH_KNOTS('',4,(#5461,#5462,#5463,#5464,#5465),.UNSPECIFIED.,.F.,.U.,(5,5),(5.13247931443E-006,2.),.UNSPECIFIED.) ;
#5469=B_SPLINE_CURVE_WITH_KNOTS('',5,(#5470,#5471,#5472,#5473,#5474,#5475,#5476,#5477,#5478,#5479,#5480,#5481,#5482,#5483,#5484),.UNSPECIFIED.,.F.,.U.,(6,3,3,3,6),(11.1826411166,13.0336438456,24.6577641728,24.9801323754,25.0082925553),.UNSPECIFIED.) ;
#5547=B_SPLINE_CURVE_WITH_KNOTS('',5,(#5548,#5549,#5550,#5551,#5552,#5553),.UNSPECIFIED.,.F.,.U.,(6,6),(0.,2.),.UNSPECIFIED.) ;
#5557=B_SPLINE_CURVE_WITH_KNOTS('',5,(#5558,#5559,#5560,#5561,#5562,#5563,#5564,#5565,#5566,#5567,#5568,#5569),.UNSPECIFIED.,.F.,.U.,(6,3,3,6),(45.8764375373,46.3772178227,53.1785564887,56.813755444),.UNSPECIFIED.) ;
#5747=B_SPLINE_CURVE_WITH_KNOTS('',3,(#5748,#5749,#5750,#5751),.UNSPECIFIED.,.F.,.U.,(4,4),(0.,2.),.UNSPECIFIED.) ;
#5755=B_SPLINE_CURVE_WITH_KNOTS('',5,(#5756,#5757,#5758,#5759,#5760,#5761,#5762,#5763,#5764,#5765,#5766,#5767,#5768,#5769,#5770,#5771,#5772,#5773,#5774,#5775,#5776,#5777,#5778,#5779,#5780,#5781,#5782,#5783,#5784,#5785),.UNSPECIFIED.,.F.,.U.,(6,3,3,3,3,3,3,3,3,6),(21.0750761335,23.7729757112,28.8449430887,31.1096231114,33.1366466141,34.9001953027,36.3935447601,37.7096940361,38.645291718,39.1632024021),.UNSPECIFIED.) ;
#5831=B_SPLINE_CURVE_WITH_KNOTS('',5,(#5832,#5833,#5834,#5835,#5836,#5837,#5838,#5839,#5840),.UNSPECIFIED.,.F.,.U.,(6,3,6),(92.4932647345,118.237961543,129.765075497),.UNSPECIFIED.) ;
#5985=B_SPLINE_CURVE_WITH_KNOTS('',4,(#5986,#5987,#5988,#5989,#5990),.UNSPECIFIED.,.F.,.U.,(5,5),(0.,6.35944787062),.UNSPECIFIED.) ;
#5996=B_SPLINE_CURVE_WITH_KNOTS('',3,(#5997,#5998,#5999,#6000),.UNSPECIFIED.,.F.,.U.,(4,4),(3.48276127791,11.8391031186),.UNSPECIFIED.) ;
#6002=B_SPLINE_CURVE_WITH_KNOTS('',5,(#6003,#6004,#6005,#6006,#6007,#6008,#6009,#6010,#6011,#6012,#6013,#6014),.UNSPECIFIED.,.F.,.U.,(6,3,3,6),(13.3969376758,21.320580972,28.8313546049,29.9665129679),.UNSPECIFIED.) ;
#6028=B_SPLINE_CURVE_WITH_KNOTS('',4,(#6029,#6030,#6031,#6032,#6033),.UNSPECIFIED.,.F.,.U.,(5,5),(25.2238261647,65.031912463),.UNSPECIFIED.) ;
#6037=B_SPLINE_CURVE_WITH_KNOTS('',3,(#6038,#6039,#6040,#6041),.UNSPECIFIED.,.F.,.U.,(4,4),(4.45628697965,18.8578661035),.UNSPECIFIED.) ;
#6055=B_SPLINE_CURVE_WITH_KNOTS('',3,(#6056,#6057,#6058,#6059),.UNSPECIFIED.,.F.,.U.,(4,4),(15.4551140739,18.8578659218),.UNSPECIFIED.) ;
#6063=B_SPLINE_CURVE_WITH_KNOTS('',1,(#6064,#6065),.UNSPECIFIED.,.F.,.U.,(2,2),(18.6801568983,24.6543957858),.UNSPECIFIED.) ;
#6086=B_SPLINE_CURVE_WITH_KNOTS('',4,(#6087,#6088,#6089,#6090,#6091),.UNSPECIFIED.,.F.,.U.,(5,5),(0.,13.8258338852),.UNSPECIFIED.) ;
#6095=B_SPLINE_CURVE_WITH_KNOTS('',5,(#6096,#6097,#6098,#6099,#6100,#6101),.UNSPECIFIED.,.F.,.U.,(6,6),(31.3498813193,42.2756840664),.UNSPECIFIED.) ;
#6166=B_SPLINE_CURVE_WITH_KNOTS('',5,(#6167,#6168,#6169,#6170,#6171,#6172,#6173,#6174,#6175,#6176,#6177,#6178,#6179,#6180,#6181,#6182,#6183,#6184,#6185,#6186,#6187),.UNSPECIFIED.,.F.,.U.,(6,3,3,3,3,3,6),(21.0750483071,23.7729475655,31.1095830101,34.9001509503,36.3934994681,37.7096485097,39.1631577824),.UNSPECIFIED.) ;
#6208=B_SPLINE_CURVE_WITH_KNOTS('',5,(#6209,#6210,#6211,#6212,#6213,#6214,#6215,#6216,#6217),.UNSPECIFIED.,.F.,.U.,(6,3,6),(27.760222192,39.7098832683,65.0318022286),.UNSPECIFIED.) ;
#6221=B_SPLINE_CURVE_WITH_KNOTS('',5,(#6222,#6223,#6224,#6225,#6226,#6227,#6228,#6229,#6230,#6231,#6232,#6233,#6234,#6235,#6236,#6237,#6238,#6239,#6240,#6241,#6242,#6243,#6244,#6245,#6246,#6247,#6248,#6249,#6250,#6251),.UNSPECIFIED.,.F.,.U.,(6,3,3,3,3,3,3,3,3,6),(21.0750527621,23.7729475655,28.844906345,31.1095830101,33.1366039688,34.9001509503,36.3934994681,37.7096485097,38.6452461839,39.1631577824),.UNSPECIFIED.) ;
#6262=B_SPLINE_CURVE_WITH_KNOTS('',5,(#6263,#6264,#6265,#6266,#6267,#6268,#6269,#6270,#6271,#6272,#6273,#6274),.UNSPECIFIED.,.F.,.U.,(6,3,3,6),(31.3498868691,35.3528379265,39.2014192158,42.2756840664),.UNSPECIFIED.) ;
#6298=B_SPLINE_CURVE_WITH_KNOTS('',4,(#6299,#6300,#6301,#6302,#6303),.UNSPECIFIED.,.F.,.U.,(5,5),(0.,13.8258383233),.UNSPECIFIED.) ;
#6457=B_SPLINE_CURVE_WITH_KNOTS('',3,(#6458,#6459,#6460,#6461),.UNSPECIFIED.,.F.,.U.,(4,4),(0.,2.),.UNSPECIFIED.) ;
#6463=B_SPLINE_CURVE_WITH_KNOTS('',5,(#6464,#6465,#6466,#6467,#6468,#6469),.UNSPECIFIED.,.F.,.U.,(6,6),(0.,2.),.UNSPECIFIED.) ;
#6550=B_SPLINE_CURVE_WITH_KNOTS('',4,(#6551,#6552,#6553,#6554,#6555),.UNSPECIFIED.,.F.,.U.,(5,5),(0.,2.),.UNSPECIFIED.) ;
#6781=B_SPLINE_CURVE_WITH_KNOTS('',4,(#6782,#6783,#6784,#6785,#6786),.UNSPECIFIED.,.F.,.U.,(5,5),(0.,6.35944579741),.UNSPECIFIED.) ;
#6792=B_SPLINE_CURVE_WITH_KNOTS('',3,(#6793,#6794,#6795,#6796),.UNSPECIFIED.,.F.,.U.,(4,4),(3.48275940875,11.8391043622),.UNSPECIFIED.) ;
#6798=B_SPLINE_CURVE_WITH_KNOTS('',5,(#6799,#6800,#6801,#6802,#6803,#6804,#6805,#6806,#6807,#6808,#6809,#6810),.UNSPECIFIED.,.F.,.U.,(6,3,3,6),(13.3969396942,21.320539821,28.8313329981,29.9665416902),.UNSPECIFIED.) ;
#6824=B_SPLINE_CURVE_WITH_KNOTS('',4,(#6825,#6826,#6827,#6828,#6829),.UNSPECIFIED.,.F.,.U.,(5,5),(25.2518671822,65.0599533009),.UNSPECIFIED.) ;
#6833=B_SPLINE_CURVE_WITH_KNOTS('',3,(#6834,#6835,#6836,#6837),.UNSPECIFIED.,.F.,.U.,(4,4),(4.45628697965,18.8578661034),.UNSPECIFIED.) ;
#6851=B_SPLINE_CURVE_WITH_KNOTS('',3,(#6852,#6853,#6854,#6855),.UNSPECIFIED.,.F.,.U.,(4,4),(15.4551140738,18.8578659216),.UNSPECIFIED.) ;
#6859=B_SPLINE_CURVE_WITH_KNOTS('',1,(#6860,#6861),.UNSPECIFIED.,.F.,.U.,(2,2),(-36.570815151,-30.5965762635),.UNSPECIFIED.) ;
#6882=B_SPLINE_CURVE_WITH_KNOTS('',4,(#6883,#6884,#6885,#6886,#6887),.UNSPECIFIED.,.F.,.U.,(5,5),(0.,13.8258338858),.UNSPECIFIED.) ;
#6891=B_SPLINE_CURVE_WITH_KNOTS('',5,(#6892,#6893,#6894,#6895,#6896,#6897),.UNSPECIFIED.,.F.,.U.,(6,6),(31.3498813198,42.2756840672),.UNSPECIFIED.) ;
#6962=B_SPLINE_CURVE_WITH_KNOTS('',5,(#6963,#6964,#6965,#6966,#6967,#6968,#6969,#6970,#6971,#6972,#6973,#6974,#6975,#6976,#6977,#6978,#6979,#6980,#6981,#6982,#6983),.UNSPECIFIED.,.F.,.U.,(6,3,3,3,3,3,6),(21.0750483076,23.772947566,31.1095830103,34.9001509505,36.3934994683,37.7096485099,39.1631577827),.UNSPECIFIED.) ;
#7137=B_SPLINE_CURVE_WITH_KNOTS('',3,(#7138,#7139,#7140,#7141),.UNSPECIFIED.,.F.,.U.,(4,4),(0.,2.),.UNSPECIFIED.) ;
#7145=B_SPLINE_CURVE_WITH_KNOTS('',5,(#7146,#7147,#7148,#7149,#7150,#7151),.UNSPECIFIED.,.F.,.U.,(6,6),(0.,2.),.UNSPECIFIED.) ;
#7155=B_SPLINE_CURVE_WITH_KNOTS('',5,(#7156,#7157,#7158,#7159,#7160,#7161,#7162,#7163,#7164,#7165,#7166,#7167,#7168,#7169,#7170,#7171,#7172,#7173,#7174,#7175,#7176,#7177,#7178,#7179,#7180,#7181,#7182,#7183,#7184,#7185),.UNSPECIFIED.,.F.,.U.,(6,3,3,3,3,3,3,3,3,6),(21.0750527626,23.772947566,28.8449063452,31.1095830103,33.136603969,34.9001509505,36.3934994683,37.7096485099,38.6452461841,39.1631577827),.UNSPECIFIED.) ;
#7273=B_SPLINE_CURVE_WITH_KNOTS('',4,(#7274,#7275,#7276,#7277,#7278),.UNSPECIFIED.,.F.,.U.,(5,5),(0.,2.),.UNSPECIFIED.) ;
#7282=B_SPLINE_CURVE_WITH_KNOTS('',5,(#7283,#7284,#7285,#7286,#7287,#7288,#7289,#7290,#7291,#7292,#7293,#7294),.UNSPECIFIED.,.F.,.U.,(6,3,3,6),(31.3498868696,35.3528379273,39.2014192166,42.2756840672),.UNSPECIFIED.) ;
#7334=B_SPLINE_CURVE_WITH_KNOTS('',5,(#7335,#7336,#7337,#7338,#7339,#7340,#7341,#7342,#7343,#7344,#7345,#7346,#7347,#7348,#7349),.UNSPECIFIED.,.F.,.U.,(6,3,3,3,6),(0.,0.0281603047242,0.832901928703,10.8027988475,13.8258338858),.UNSPECIFIED.) ;
#7394=B_SPLINE_CURVE_WITH_KNOTS('',5,(#7395,#7396,#7397,#7398,#7399,#7400,#7401,#7402,#7403),.UNSPECIFIED.,.F.,.U.,(6,3,6),(27.7882630558,39.7379241144,65.0598430663),.UNSPECIFIED.) ;
#7503=B_SPLINE_CURVE_WITH_KNOTS('',4,(#7504,#7505,#7506,#7507,#7508),.UNSPECIFIED.,.F.,.U.,(5,5),(0.,6.93719283842),.UNSPECIFIED.) ;
#7514=B_SPLINE_CURVE_WITH_KNOTS('',5,(#7515,#7516,#7517,#7518,#7519,#7520,#7521,#7522,#7523,#7524,#7525,#7526),.UNSPECIFIED.,.F.,.U.,(6,3,3,6),(14.2808213267,17.2260043118,25.806393184,32.7418971238),.UNSPECIFIED.) ;
#7528=B_SPLINE_CURVE_WITH_KNOTS('',3,(#7529,#7530,#7531,#7532),.UNSPECIFIED.,.F.,.U.,(4,4),(3.87022091693,13.1406556009),.UNSPECIFIED.) ;
#7546=B_SPLINE_CURVE_WITH_KNOTS('',4,(#7547,#7548,#7549,#7550,#7551),.UNSPECIFIED.,.F.,.U.,(5,5),(92.3250866069,132.133416423),.UNSPECIFIED.) ;
#7555=B_SPLINE_CURVE_WITH_KNOTS('',3,(#7556,#7557,#7558,#7559),.UNSPECIFIED.,.F.,.U.,(4,4),(4.62639263345,19.0280119553),.UNSPECIFIED.) ;
#7582=B_SPLINE_CURVE_WITH_KNOTS('',1,(#7583,#7584),.UNSPECIFIED.,.F.,.U.,(2,2),(-36.0989255671,-30.1246866797),.UNSPECIFIED.) ;
#7586=B_SPLINE_CURVE_WITH_KNOTS('',3,(#7587,#7588,#7589,#7590),.UNSPECIFIED.,.F.,.U.,(4,4),(15.6252496017,19.0280117561),.UNSPECIFIED.) ;
#7654=B_SPLINE_CURVE_WITH_KNOTS('',5,(#7655,#7656,#7657,#7658,#7659,#7660,#7661,#7662,#7663,#7664,#7665,#7666,#7667,#7668,#7669,#7670,#7671,#7672,#7673,#7674,#7675),.UNSPECIFIED.,.F.,.U.,(6,3,3,3,3,3,6),(21.0750716784,23.7729757113,31.1096231113,34.9001953026,36.39354476,37.7096940359,39.163202402),.UNSPECIFIED.) ;
#7689=B_SPLINE_CURVE_WITH_KNOTS('',5,(#7690,#7691,#7692,#7693,#7694,#7695),.UNSPECIFIED.,.F.,.U.,(6,6),(45.8764375371,56.813755444),.UNSPECIFIED.) ;
#7699=B_SPLINE_CURVE_WITH_KNOTS('',4,(#7700,#7701,#7702,#7703,#7704),.UNSPECIFIED.,.F.,.U.,(5,5),(11.1826411196,25.0082925558),.UNSPECIFIED.) ;
#7726=B_SPLINE_CURVE_WITH_KNOTS('',5,(#7727,#7728,#7729,#7730,#7731,#7732,#7733,#7734,#7735,#7736,#7737,#7738),.UNSPECIFIED.,.F.,.U.,(6,3,3,6),(45.8764375371,46.3772178185,53.178556484,56.8137621657),.UNSPECIFIED.) ;
#7749=B_SPLINE_CURVE_WITH_KNOTS('',5,(#7750,#7751,#7752,#7753,#7754,#7755,#7756,#7757,#7758,#7759,#7760,#7761,#7762,#7763,#7764,#7765,#7766,#7767,#7768,#7769,#7770,#7771,#7772,#7773,#7774,#7775,#7776,#7777,#7778,#7779),.UNSPECIFIED.,.F.,.U.,(6,3,3,3,3,3,3,3,3,6),(21.0750761334,23.7729757113,28.8449430886,31.1096231113,33.136646614,34.9001953026,36.39354476,37.7096940359,38.6452917179,39.163202402),.UNSPECIFIED.) ;
#7783=B_SPLINE_CURVE_WITH_KNOTS('',5,(#7784,#7785,#7786,#7787,#7788,#7789,#7790,#7791,#7792),.UNSPECIFIED.,.F.,.U.,(6,3,6),(92.3252037856,118.069892308,129.597012209),.UNSPECIFIED.) ;
#7816=B_SPLINE_CURVE_WITH_KNOTS('',4,(#7817,#7818,#7819,#7820,#7821),.UNSPECIFIED.,.F.,.U.,(5,5),(11.1826258017,25.0082925558),.UNSPECIFIED.) ;
#7861=B_SPLINE_CURVE_WITH_KNOTS('',4,(#7862,#7863,#7864,#7865,#7866),.UNSPECIFIED.,.F.,.U.,(5,5),(5.132489614E-006,2.),.UNSPECIFIED.) ;
#7929=B_SPLINE_CURVE_WITH_KNOTS('',5,(#7930,#7931,#7932,#7933,#7934,#7935),.UNSPECIFIED.,.F.,.U.,(6,6),(0.,2.),.UNSPECIFIED.) ;
#8106=B_SPLINE_CURVE_WITH_KNOTS('',3,(#8107,#8108,#8109,#8110),.UNSPECIFIED.,.F.,.U.,(4,4),(0.,2.),.UNSPECIFIED.) ;
#929=B_SPLINE_SURFACE_WITH_KNOTS('',5,5,((#930,#931,#932,#933,#934,#935),(#936,#937,#938,#939,#940,#941),(#942,#943,#944,#945,#946,#947),(#948,#949,#950,#951,#952,#953),(#954,#955,#956,#957,#958,#959),(#960,#961,#962,#963,#964,#965),(#966,#967,#968,#969,#970,#971),(#972,#973,#974,#975,#976,#977),(#978,#979,#980,#981,#982,#983)),.UNSPECIFIED.,.F.,.F.,.U.,(6,3,6),(6,6),(29.9665637293,38.6877746355,43.6148438149),(0.,20.),.UNSPECIFIED.) ;
#1042=B_SPLINE_SURFACE_WITH_KNOTS('',5,4,((#1043,#1044,#1045,#1046,#1047),(#1048,#1049,#1050,#1051,#1052),(#1053,#1054,#1055,#1056,#1057),(#1058,#1059,#1060,#1061,#1062),(#1063,#1064,#1065,#1066,#1067),(#1068,#1069,#1070,#1071,#1072),(#1073,#1074,#1075,#1076,#1077),(#1078,#1079,#1080,#1081,#1082),(#1083,#1084,#1085,#1086,#1087)),.UNSPECIFIED.,.F.,.F.,.U.,(6,3,6),(5,5),(0.,4.92707157619,13.6482750382),(0.,20.),.UNSPECIFIED.) ;
#1146=B_SPLINE_SURFACE_WITH_KNOTS('',5,5,((#1147,#1148,#1149,#1150,#1151,#1152),(#1153,#1154,#1155,#1156,#1157,#1158),(#1159,#1160,#1161,#1162,#1163,#1164),(#1165,#1166,#1167,#1168,#1169,#1170),(#1171,#1172,#1173,#1174,#1175,#1176),(#1177,#1178,#1179,#1180,#1181,#1182),(#1183,#1184,#1185,#1186,#1187,#1188),(#1189,#1190,#1191,#1192,#1193,#1194),(#1195,#1196,#1197,#1198,#1199,#1200)),.UNSPECIFIED.,.F.,.F.,.U.,(6,3,6),(6,6),(29.9665260338,38.6877436549,43.6147962157),(0.,20.),.UNSPECIFIED.) ;
#1259=B_SPLINE_SURFACE_WITH_KNOTS('',5,4,((#1260,#1261,#1262,#1263,#1264),(#1265,#1266,#1267,#1268,#1269),(#1270,#1271,#1272,#1273,#1274),(#1275,#1276,#1277,#1278,#1279),(#1280,#1281,#1282,#1283,#1284),(#1285,#1286,#1287,#1288,#1289),(#1290,#1291,#1292,#1293,#1294),(#1295,#1296,#1297,#1298,#1299),(#1300,#1301,#1302,#1303,#1304)),.UNSPECIFIED.,.F.,.F.,.U.,(6,3,6),(5,5),(0.,4.92704236336,13.6482470965),(0.,20.),.UNSPECIFIED.) ;
#1363=B_SPLINE_SURFACE_WITH_KNOTS('',5,4,((#1364,#1365,#1366,#1367,#1368),(#1369,#1370,#1371,#1372,#1373),(#1374,#1375,#1376,#1377,#1378),(#1379,#1380,#1381,#1382,#1383),(#1384,#1385,#1386,#1387,#1388),(#1389,#1390,#1391,#1392,#1393),(#1394,#1395,#1396,#1397,#1398),(#1399,#1400,#1401,#1402,#1403),(#1404,#1405,#1406,#1407,#1408),(#1409,#1410,#1411,#1412,#1413),(#1414,#1415,#1416,#1417,#1418),(#1419,#1420,#1421,#1422,#1423)),.UNSPECIFIED.,.F.,.F.,.U.,(6,3,3,6),(5,5),(0.,3.35810731691,9.24091977435,14.2796931946),(0.,20.),.UNSPECIFIED.) ;
#1482=B_SPLINE_SURFACE_WITH_KNOTS('',5,5,((#1483,#1484,#1485,#1486,#1487,#1488),(#1489,#1490,#1491,#1492,#1493,#1494),(#1495,#1496,#1497,#1498,#1499,#1500),(#1501,#1502,#1503,#1504,#1505,#1506),(#1507,#1508,#1509,#1510,#1511,#1512),(#1513,#1514,#1515,#1516,#1517,#1518),(#1519,#1520,#1521,#1522,#1523,#1524),(#1525,#1526,#1527,#1528,#1529,#1530),(#1531,#1532,#1533,#1534,#1535,#1536)),.UNSPECIFIED.,.F.,.F.,.U.,(6,3,6),(6,6),(33.4789980995,40.7094738616,47.7582463711),(0.,20.),.UNSPECIFIED.) ;
#2693=B_SPLINE_SURFACE_WITH_KNOTS('',5,5,((#2694,#2695,#2696,#2697,#2698,#2699,#2700,#2701,#2702),(#2703,#2704,#2705,#2706,#2707,#2708,#2709,#2710,#2711),(#2712,#2713,#2714,#2715,#2716,#2717,#2718,#2719,#2720),(#2721,#2722,#2723,#2724,#2725,#2726,#2727,#2728,#2729),(#2730,#2731,#2732,#2733,#2734,#2735,#2736,#2737,#2738),(#2739,#2740,#2741,#2742,#2743,#2744,#2745,#2746,#2747)),.UNSPECIFIED.,.F.,.F.,.U.,(6,6),(6,3,6),(15.3811785198,42.4420631802),(0.,2.,4.),.UNSPECIFIED.) ;
#2815=B_SPLINE_SURFACE_WITH_KNOTS('',5,5,((#2816,#2817,#2818,#2819,#2820,#2821,#2822,#2823,#2824),(#2825,#2826,#2827,#2828,#2829,#2830,#2831,#2832,#2833),(#2834,#2835,#2836,#2837,#2838,#2839,#2840,#2841,#2842),(#2843,#2844,#2845,#2846,#2847,#2848,#2849,#2850,#2851),(#2852,#2853,#2854,#2855,#2856,#2857,#2858,#2859,#2860),(#2861,#2862,#2863,#2864,#2865,#2866,#2867,#2868,#2869)),.UNSPECIFIED.,.F.,.F.,.U.,(6,6),(6,3,6),(15.4966827387,42.5575674589),(0.,2.,4.),.UNSPECIFIED.) ;
#2942=B_SPLINE_SURFACE_WITH_KNOTS('',5,5,((#2943,#2944,#2945,#2946,#2947,#2948,#2949,#2950,#2951),(#2952,#2953,#2954,#2955,#2956,#2957,#2958,#2959,#2960),(#2961,#2962,#2963,#2964,#2965,#2966,#2967,#2968,#2969),(#2970,#2971,#2972,#2973,#2974,#2975,#2976,#2977,#2978),(#2979,#2980,#2981,#2982,#2983,#2984,#2985,#2986,#2987),(#2988,#2989,#2990,#2991,#2992,#2993,#2994,#2995,#2996)),.UNSPECIFIED.,.F.,.F.,.U.,(6,6),(6,3,6),(15.3814266578,42.4423655255),(0.,2.,4.),.UNSPECIFIED.) ;
#3072=B_SPLINE_SURFACE_WITH_KNOTS('',5,5,((#3073,#3074,#3075,#3076,#3077,#3078,#3079,#3080,#3081),(#3082,#3083,#3084,#3085,#3086,#3087,#3088,#3089,#3090),(#3091,#3092,#3093,#3094,#3095,#3096,#3097,#3098,#3099),(#3100,#3101,#3102,#3103,#3104,#3105,#3106,#3107,#3108),(#3109,#3110,#3111,#3112,#3113,#3114,#3115,#3116,#3117),(#3118,#3119,#3120,#3121,#3122,#3123,#3124,#3125,#3126)),.UNSPECIFIED.,.F.,.F.,.U.,(6,6),(6,3,6),(15.4969383122,42.5578771812),(0.,2.,4.),.UNSPECIFIED.) ;
#3197=B_SPLINE_SURFACE_WITH_KNOTS('',5,5,((#3198,#3199,#3200,#3201,#3202,#3203,#3204,#3205,#3206),(#3207,#3208,#3209,#3210,#3211,#3212,#3213,#3214,#3215),(#3216,#3217,#3218,#3219,#3220,#3221,#3222,#3223,#3224),(#3225,#3226,#3227,#3228,#3229,#3230,#3231,#3232,#3233),(#3234,#3235,#3236,#3237,#3238,#3239,#3240,#3241,#3242),(#3243,#3244,#3245,#3246,#3247,#3248,#3249,#3250,#3251)),.UNSPECIFIED.,.F.,.F.,.U.,(6,6),(6,3,6),(15.3814266577,42.4423655262),(0.,2.,4.),.UNSPECIFIED.) ;
#3508=B_SPLINE_SURFACE_WITH_KNOTS('',5,5,((#3509,#3510,#3511,#3512,#3513,#3514,#3515,#3516,#3517),(#3518,#3519,#3520,#3521,#3522,#3523,#3524,#3525,#3526),(#3527,#3528,#3529,#3530,#3531,#3532,#3533,#3534,#3535),(#3536,#3537,#3538,#3539,#3540,#3541,#3542,#3543,#3544),(#3545,#3546,#3547,#3548,#3549,#3550,#3551,#3552,#3553),(#3554,#3555,#3556,#3557,#3558,#3559,#3560,#3561,#3562)),.UNSPECIFIED.,.F.,.F.,.U.,(6,6),(6,3,6),(15.4969383118,42.5578771804),(0.,2.,4.),.UNSPECIFIED.) ;
#3604=B_SPLINE_SURFACE_WITH_KNOTS('',5,5,((#3605,#3606,#3607,#3608,#3609,#3610),(#3611,#3612,#3613,#3614,#3615,#3616),(#3617,#3618,#3619,#3620,#3621,#3622),(#3623,#3624,#3625,#3626,#3627,#3628),(#3629,#3630,#3631,#3632,#3633,#3634),(#3635,#3636,#3637,#3638,#3639,#3640),(#3641,#3642,#3643,#3644,#3645,#3646),(#3647,#3648,#3649,#3650,#3651,#3652),(#3653,#3654,#3655,#3656,#3657,#3658),(#3659,#3660,#3661,#3662,#3663,#3664),(#3665,#3666,#3667,#3668,#3669,#3670),(#3671,#3672,#3673,#3674,#3675,#3676),(#3677,#3678,#3679,#3680,#3681,#3682),(#3683,#3684,#3685,#3686,#3687,#3688),(#3689,#3690,#3691,#3692,#3693,#3694)),.UNSPECIFIED.,.F.,.F.,.U.,(6,3,3,3,6),(6,6),(0.,8.77762029924,18.3380024349,26.6236481996,43.6135832776),(0.,20.),.UNSPECIFIED.) ;
#3796=B_SPLINE_SURFACE_WITH_KNOTS('',5,5,((#3797,#3798,#3799,#3800,#3801,#3802,#3803,#3804,#3805),(#3806,#3807,#3808,#3809,#3810,#3811,#3812,#3813,#3814),(#3815,#3816,#3817,#3818,#3819,#3820,#3821,#3822,#3823),(#3824,#3825,#3826,#3827,#3828,#3829,#3830,#3831,#3832),(#3833,#3834,#3835,#3836,#3837,#3838,#3839,#3840,#3841),(#3842,#3843,#3844,#3845,#3846,#3847,#3848,#3849,#3850)),.UNSPECIFIED.,.F.,.F.,.U.,(6,6),(6,3,6),(4.4911202138,19.0280117571),(0.,2.,4.),.UNSPECIFIED.) ;
#3911=B_SPLINE_SURFACE_WITH_KNOTS('',4,5,((#3912,#3913,#3914,#3915,#3916,#3917),(#3918,#3919,#3920,#3921,#3922,#3923),(#3924,#3925,#3926,#3927,#3928,#3929),(#3930,#3931,#3932,#3933,#3934,#3935),(#3936,#3937,#3938,#3939,#3940,#3941)),.UNSPECIFIED.,.F.,.F.,.U.,(5,5),(6,6),(11.1826411164,25.0082925568),(0.,2.),.UNSPECIFIED.) ;
#3974=B_SPLINE_SURFACE_WITH_KNOTS('',5,5,((#3975,#3976,#3977,#3978,#3979,#3980),(#3981,#3982,#3983,#3984,#3985,#3986),(#3987,#3988,#3989,#3990,#3991,#3992),(#3993,#3994,#3995,#3996,#3997,#3998),(#3999,#4000,#4001,#4002,#4003,#4004),(#4005,#4006,#4007,#4008,#4009,#4010),(#4011,#4012,#4013,#4014,#4015,#4016),(#4017,#4018,#4019,#4020,#4021,#4022),(#4023,#4024,#4025,#4026,#4027,#4028)),.UNSPECIFIED.,.F.,.F.,.U.,(6,3,6),(6,6),(45.876437537,53.1785564903,56.8137554432),(0.,2.),.UNSPECIFIED.) ;
#4084=B_SPLINE_SURFACE_WITH_KNOTS('',5,5,((#4085,#4086,#4087,#4088,#4089,#4090),(#4091,#4092,#4093,#4094,#4095,#4096),(#4097,#4098,#4099,#4100,#4101,#4102),(#4103,#4104,#4105,#4106,#4107,#4108),(#4109,#4110,#4111,#4112,#4113,#4114),(#4115,#4116,#4117,#4118,#4119,#4120),(#4121,#4122,#4123,#4124,#4125,#4126),(#4127,#4128,#4129,#4130,#4131,#4132),(#4133,#4134,#4135,#4136,#4137,#4138),(#4139,#4140,#4141,#4142,#4143,#4144),(#4145,#4146,#4147,#4148,#4149,#4150),(#4151,#4152,#4153,#4154,#4155,#4156),(#4157,#4158,#4159,#4160,#4161,#4162),(#4163,#4164,#4165,#4166,#4167,#4168),(#4169,#4170,#4171,#4172,#4173,#4174),(#4175,#4176,#4177,#4178,#4179,#4180),(#4181,#4182,#4183,#4184,#4185,#4186),(#4187,#4188,#4189,#4190,#4191,#4192),(#4193,#4194,#4195,#4196,#4197,#4198),(#4199,#4200,#4201,#4202,#4203,#4204),(#4205,#4206,#4207,#4208,#4209,#4210),(#4211,#4212,#4213,#4214,#4215,#4216),(#4217,#4218,#4219,#4220,#4221,#4222),(#4223,#4224,#4225,#4226,#4227,#4228)),.UNSPECIFIED.,.F.,.F.,.U.,(6,3,3,3,3,3,3,6),(6,6),(21.075071679,23.7729757119,28.8449430893,31.109623112,34.9001953034,36.3935447608,37.7096940368,39.1632024028),(0.,2.),.UNSPECIFIED.) ;
#4276=B_SPLINE_SURFACE_WITH_KNOTS('',5,5,((#4277,#4278,#4279,#4280,#4281,#4282),(#4283,#4284,#4285,#4286,#4287,#4288),(#4289,#4290,#4291,#4292,#4293,#4294),(#4295,#4296,#4297,#4298,#4299,#4300),(#4301,#4302,#4303,#4304,#4305,#4306),(#4307,#4308,#4309,#4310,#4311,#4312)),.UNSPECIFIED.,.F.,.F.,.U.,(6,6),(6,6),(92.4931477662,132.30157671),(0.,2.),.UNSPECIFIED.) ;
#4331=B_SPLINE_SURFACE_WITH_KNOTS('',5,5,((#4332,#4333,#4334,#4335,#4336,#4337,#4338,#4339,#4340),(#4341,#4342,#4343,#4344,#4345,#4346,#4347,#4348,#4349),(#4350,#4351,#4352,#4353,#4354,#4355,#4356,#4357,#4358),(#4359,#4360,#4361,#4362,#4363,#4364,#4365,#4366,#4367),(#4368,#4369,#4370,#4371,#4372,#4373,#4374,#4375,#4376),(#4377,#4378,#4379,#4380,#4381,#4382,#4383,#4384,#4385),(#4386,#4387,#4388,#4389,#4390,#4391,#4392,#4393,#4394),(#4395,#4396,#4397,#4398,#4399,#4400,#4401,#4402,#4403),(#4404,#4405,#4406,#4407,#4408,#4409,#4410,#4411,#4412),(#4413,#4414,#4415,#4416,#4417,#4418,#4419,#4420,#4421),(#4422,#4423,#4424,#4425,#4426,#4427,#4428,#4429,#4430),(#4431,#4432,#4433,#4434,#4435,#4436,#4437,#4438,#4439),(#4440,#4441,#4442,#4443,#4444,#4445,#4446,#4447,#4448),(#4449,#4450,#4451,#4452,#4453,#4454,#4455,#4456,#4457),(#4458,#4459,#4460,#4461,#4462,#4463,#4464,#4465,#4466)),.UNSPECIFIED.,.F.,.F.,.U.,(6,3,3,3,6),(6,3,6),(0.,21.9512324837,30.5316256869,39.8895277286,47.7576406447),(0.,10.,20.),.UNSPECIFIED.) ;
#4593=B_SPLINE_SURFACE_WITH_KNOTS('',5,5,((#4594,#4595,#4596,#4597,#4598,#4599,#4600,#4601,#4602),(#4603,#4604,#4605,#4606,#4607,#4608,#4609,#4610,#4611),(#4612,#4613,#4614,#4615,#4616,#4617,#4618,#4619,#4620),(#4621,#4622,#4623,#4624,#4625,#4626,#4627,#4628,#4629),(#4630,#4631,#4632,#4633,#4634,#4635,#4636,#4637,#4638),(#4639,#4640,#4641,#4642,#4643,#4644,#4645,#4646,#4647)),.UNSPECIFIED.,.F.,.F.,.U.,(6,6),(6,3,6),(4.32101467421,18.8578659193),(0.,2.,4.),.UNSPECIFIED.) ;
#4794=B_SPLINE_SURFACE_WITH_KNOTS('',5,5,((#4795,#4796,#4797,#4798,#4799,#4800),(#4801,#4802,#4803,#4804,#4805,#4806),(#4807,#4808,#4809,#4810,#4811,#4812),(#4813,#4814,#4815,#4816,#4817,#4818),(#4819,#4820,#4821,#4822,#4823,#4824),(#4825,#4826,#4827,#4828,#4829,#4830),(#4831,#4832,#4833,#4834,#4835,#4836),(#4837,#4838,#4839,#4840,#4841,#4842),(#4843,#4844,#4845,#4846,#4847,#4848),(#4849,#4850,#4851,#4852,#4853,#4854),(#4855,#4856,#4857,#4858,#4859,#4860),(#4861,#4862,#4863,#4864,#4865,#4866),(#4867,#4868,#4869,#4870,#4871,#4872),(#4873,#4874,#4875,#4876,#4877,#4878),(#4879,#4880,#4881,#4882,#4883,#4884),(#4885,#4886,#4887,#4888,#4889,#4890),(#4891,#4892,#4893,#4894,#4895,#4896),(#4897,#4898,#4899,#4900,#4901,#4902),(#4903,#4904,#4905,#4906,#4907,#4908),(#4909,#4910,#4911,#4912,#4913,#4914),(#4915,#4916,#4917,#4918,#4919,#4920),(#4921,#4922,#4923,#4924,#4925,#4926),(#4927,#4928,#4929,#4930,#4931,#4932),(#4933,#4934,#4935,#4936,#4937,#4938)),.UNSPECIFIED.,.F.,.F.,.U.,(6,3,3,3,3,3,3,6),(6,6),(21.075048306,23.7729475641,28.8449063428,31.1095830078,34.9001509479,36.3934994657,37.7096485073,39.1631577801),(0.,2.),.UNSPECIFIED.) ;
#4977=B_SPLINE_SURFACE_WITH_KNOTS('',5,5,((#4978,#4979,#4980,#4981,#4982,#4983),(#4984,#4985,#4986,#4987,#4988,#4989),(#4990,#4991,#4992,#4993,#4994,#4995),(#4996,#4997,#4998,#4999,#5000,#5001),(#5002,#5003,#5004,#5005,#5006,#5007),(#5008,#5009,#5010,#5011,#5012,#5013),(#5014,#5015,#5016,#5017,#5018,#5019),(#5020,#5021,#5022,#5023,#5024,#5025),(#5026,#5027,#5028,#5029,#5030,#5031)),.UNSPECIFIED.,.F.,.F.,.U.,(6,3,6),(6,6),(31.3498813191,35.3528379264,42.2756840663),(0.,2.),.UNSPECIFIED.) ;
#5046=B_SPLINE_SURFACE_WITH_KNOTS('',4,5,((#5047,#5048,#5049,#5050,#5051,#5052),(#5053,#5054,#5055,#5056,#5057,#5058),(#5059,#5060,#5061,#5062,#5063,#5064),(#5065,#5066,#5067,#5068,#5069,#5070),(#5071,#5072,#5073,#5074,#5075,#5076)),.UNSPECIFIED.,.F.,.F.,.U.,(5,5),(6,6),(1.93553493436E-015,13.8258338853),(0.,2.),.UNSPECIFIED.) ;
#5083=B_SPLINE_SURFACE_WITH_KNOTS('',5,5,((#5084,#5085,#5086,#5087,#5088,#5089),(#5090,#5091,#5092,#5093,#5094,#5095),(#5096,#5097,#5098,#5099,#5100,#5101),(#5102,#5103,#5104,#5105,#5106,#5107),(#5108,#5109,#5110,#5111,#5112,#5113),(#5114,#5115,#5116,#5117,#5118,#5119)),.UNSPECIFIED.,.F.,.F.,.U.,(6,6),(6,6),(25.2237171914,65.0319123937),(0.,2.),.UNSPECIFIED.) ;
#5127=B_SPLINE_SURFACE_WITH_KNOTS('',5,5,((#5128,#5129,#5130,#5131,#5132,#5133),(#5134,#5135,#5136,#5137,#5138,#5139),(#5140,#5141,#5142,#5143,#5144,#5145),(#5146,#5147,#5148,#5149,#5150,#5151),(#5152,#5153,#5154,#5155,#5156,#5157),(#5158,#5159,#5160,#5161,#5162,#5163),(#5164,#5165,#5166,#5167,#5168,#5169),(#5170,#5171,#5172,#5173,#5174,#5175),(#5176,#5177,#5178,#5179,#5180,#5181),(#5182,#5183,#5184,#5185,#5186,#5187),(#5188,#5189,#5190,#5191,#5192,#5193),(#5194,#5195,#5196,#5197,#5198,#5199),(#5200,#5201,#5202,#5203,#5204,#5205),(#5206,#5207,#5208,#5209,#5210,#5211),(#5212,#5213,#5214,#5215,#5216,#5217)),.UNSPECIFIED.,.F.,.F.,.U.,(6,3,3,3,6),(6,6),(0.,8.77762012964,18.3380316284,26.62366722,43.6135825694),(0.,20.),.UNSPECIFIED.) ;
#5314=B_SPLINE_SURFACE_WITH_KNOTS('',5,5,((#5315,#5316,#5317,#5318,#5319,#5320,#5321,#5322,#5323),(#5324,#5325,#5326,#5327,#5328,#5329,#5330,#5331,#5332),(#5333,#5334,#5335,#5336,#5337,#5338,#5339,#5340,#5341),(#5342,#5343,#5344,#5345,#5346,#5347,#5348,#5349,#5350),(#5351,#5352,#5353,#5354,#5355,#5356,#5357,#5358,#5359),(#5360,#5361,#5362,#5363,#5364,#5365,#5366,#5367,#5368)),.UNSPECIFIED.,.F.,.F.,.U.,(6,6),(6,3,6),(4.4911202138,19.0280117561),(0.,2.,4.),.UNSPECIFIED.) ;
#5429=B_SPLINE_SURFACE_WITH_KNOTS('',4,5,((#5430,#5431,#5432,#5433,#5434,#5435),(#5436,#5437,#5438,#5439,#5440,#5441),(#5442,#5443,#5444,#5445,#5446,#5447),(#5448,#5449,#5450,#5451,#5452,#5453),(#5454,#5455,#5456,#5457,#5458,#5459)),.UNSPECIFIED.,.F.,.F.,.U.,(5,5),(6,6),(11.1826411166,25.0082925553),(0.,2.),.UNSPECIFIED.) ;
#5492=B_SPLINE_SURFACE_WITH_KNOTS('',5,5,((#5493,#5494,#5495,#5496,#5497,#5498),(#5499,#5500,#5501,#5502,#5503,#5504),(#5505,#5506,#5507,#5508,#5509,#5510),(#5511,#5512,#5513,#5514,#5515,#5516),(#5517,#5518,#5519,#5520,#5521,#5522),(#5523,#5524,#5525,#5526,#5527,#5528),(#5529,#5530,#5531,#5532,#5533,#5534),(#5535,#5536,#5537,#5538,#5539,#5540),(#5541,#5542,#5543,#5544,#5545,#5546)),.UNSPECIFIED.,.F.,.F.,.U.,(6,3,6),(6,6),(45.8764375373,53.1785564887,56.813755444),(0.,2.),.UNSPECIFIED.) ;
#5602=B_SPLINE_SURFACE_WITH_KNOTS('',5,5,((#5603,#5604,#5605,#5606,#5607,#5608),(#5609,#5610,#5611,#5612,#5613,#5614),(#5615,#5616,#5617,#5618,#5619,#5620),(#5621,#5622,#5623,#5624,#5625,#5626),(#5627,#5628,#5629,#5630,#5631,#5632),(#5633,#5634,#5635,#5636,#5637,#5638),(#5639,#5640,#5641,#5642,#5643,#5644),(#5645,#5646,#5647,#5648,#5649,#5650),(#5651,#5652,#5653,#5654,#5655,#5656),(#5657,#5658,#5659,#5660,#5661,#5662),(#5663,#5664,#5665,#5666,#5667,#5668),(#5669,#5670,#5671,#5672,#5673,#5674),(#5675,#5676,#5677,#5678,#5679,#5680),(#5681,#5682,#5683,#5684,#5685,#5686),(#5687,#5688,#5689,#5690,#5691,#5692),(#5693,#5694,#5695,#5696,#5697,#5698),(#5699,#5700,#5701,#5702,#5703,#5704),(#5705,#5706,#5707,#5708,#5709,#5710),(#5711,#5712,#5713,#5714,#5715,#5716),(#5717,#5718,#5719,#5720,#5721,#5722),(#5723,#5724,#5725,#5726,#5727,#5728),(#5729,#5730,#5731,#5732,#5733,#5734),(#5735,#5736,#5737,#5738,#5739,#5740),(#5741,#5742,#5743,#5744,#5745,#5746)),.UNSPECIFIED.,.F.,.F.,.U.,(6,3,3,3,3,3,3,6),(6,6),(21.0750716785,23.7729757112,28.8449430887,31.1096231114,34.9001953027,36.3935447601,37.7096940361,39.1632024021),(0.,2.),.UNSPECIFIED.) ;
#5794=B_SPLINE_SURFACE_WITH_KNOTS('',5,5,((#5795,#5796,#5797,#5798,#5799,#5800),(#5801,#5802,#5803,#5804,#5805,#5806),(#5807,#5808,#5809,#5810,#5811,#5812),(#5813,#5814,#5815,#5816,#5817,#5818),(#5819,#5820,#5821,#5822,#5823,#5824),(#5825,#5826,#5827,#5828,#5829,#5830)),.UNSPECIFIED.,.F.,.F.,.U.,(6,6),(6,6),(92.4931475555,132.301576831),(0.,2.),.UNSPECIFIED.) ;
#5849=B_SPLINE_SURFACE_WITH_KNOTS('',5,5,((#5850,#5851,#5852,#5853,#5854,#5855,#5856,#5857,#5858),(#5859,#5860,#5861,#5862,#5863,#5864,#5865,#5866,#5867),(#5868,#5869,#5870,#5871,#5872,#5873,#5874,#5875,#5876),(#5877,#5878,#5879,#5880,#5881,#5882,#5883,#5884,#5885),(#5886,#5887,#5888,#5889,#5890,#5891,#5892,#5893,#5894),(#5895,#5896,#5897,#5898,#5899,#5900,#5901,#5902,#5903),(#5904,#5905,#5906,#5907,#5908,#5909,#5910,#5911,#5912),(#5913,#5914,#5915,#5916,#5917,#5918,#5919,#5920,#5921),(#5922,#5923,#5924,#5925,#5926,#5927,#5928,#5929,#5930),(#5931,#5932,#5933,#5934,#5935,#5936,#5937,#5938,#5939),(#5940,#5941,#5942,#5943,#5944,#5945,#5946,#5947,#5948),(#5949,#5950,#5951,#5952,#5953,#5954,#5955,#5956,#5957),(#5958,#5959,#5960,#5961,#5962,#5963,#5964,#5965,#5966),(#5967,#5968,#5969,#5970,#5971,#5972,#5973,#5974,#5975),(#5976,#5977,#5978,#5979,#5980,#5981,#5982,#5983,#5984)),.UNSPECIFIED.,.F.,.F.,.U.,(6,3,3,3,6),(6,3,6),(0.,21.320580972,28.8313546049,37.3927661083,43.6086583104),(0.,10.,20.),.UNSPECIFIED.) ;
#6111=B_SPLINE_SURFACE_WITH_KNOTS('',5,5,((#6112,#6113,#6114,#6115,#6116,#6117,#6118,#6119,#6120),(#6121,#6122,#6123,#6124,#6125,#6126,#6127,#6128,#6129),(#6130,#6131,#6132,#6133,#6134,#6135,#6136,#6137,#6138),(#6139,#6140,#6141,#6142,#6143,#6144,#6145,#6146,#6147),(#6148,#6149,#6150,#6151,#6152,#6153,#6154,#6155,#6156),(#6157,#6158,#6159,#6160,#6161,#6162,#6163,#6164,#6165)),.UNSPECIFIED.,.F.,.F.,.U.,(6,6),(6,3,6),(4.32101467429,18.8578659218),(0.,2.,4.),.UNSPECIFIED.) ;
#6312=B_SPLINE_SURFACE_WITH_KNOTS('',5,5,((#6313,#6314,#6315,#6316,#6317,#6318),(#6319,#6320,#6321,#6322,#6323,#6324),(#6325,#6326,#6327,#6328,#6329,#6330),(#6331,#6332,#6333,#6334,#6335,#6336),(#6337,#6338,#6339,#6340,#6341,#6342),(#6343,#6344,#6345,#6346,#6347,#6348),(#6349,#6350,#6351,#6352,#6353,#6354),(#6355,#6356,#6357,#6358,#6359,#6360),(#6361,#6362,#6363,#6364,#6365,#6366),(#6367,#6368,#6369,#6370,#6371,#6372),(#6373,#6374,#6375,#6376,#6377,#6378),(#6379,#6380,#6381,#6382,#6383,#6384),(#6385,#6386,#6387,#6388,#6389,#6390),(#6391,#6392,#6393,#6394,#6395,#6396),(#6397,#6398,#6399,#6400,#6401,#6402),(#6403,#6404,#6405,#6406,#6407,#6408),(#6409,#6410,#6411,#6412,#6413,#6414),(#6415,#6416,#6417,#6418,#6419,#6420),(#6421,#6422,#6423,#6424,#6425,#6426),(#6427,#6428,#6429,#6430,#6431,#6432),(#6433,#6434,#6435,#6436,#6437,#6438),(#6439,#6440,#6441,#6442,#6443,#6444),(#6445,#6446,#6447,#6448,#6449,#6450),(#6451,#6452,#6453,#6454,#6455,#6456)),.UNSPECIFIED.,.F.,.F.,.U.,(6,3,3,3,3,3,3,6),(6,6),(21.0750483071,23.7729475655,28.844906345,31.1095830101,34.9001509503,36.3934994681,37.7096485097,39.1631577824),(0.,2.),.UNSPECIFIED.) ;
#6495=B_SPLINE_SURFACE_WITH_KNOTS('',5,5,((#6496,#6497,#6498,#6499,#6500,#6501),(#6502,#6503,#6504,#6505,#6506,#6507),(#6508,#6509,#6510,#6511,#6512,#6513),(#6514,#6515,#6516,#6517,#6518,#6519),(#6520,#6521,#6522,#6523,#6524,#6525),(#6526,#6527,#6528,#6529,#6530,#6531),(#6532,#6533,#6534,#6535,#6536,#6537),(#6538,#6539,#6540,#6541,#6542,#6543),(#6544,#6545,#6546,#6547,#6548,#6549)),.UNSPECIFIED.,.F.,.F.,.U.,(6,3,6),(6,6),(31.3498813193,35.3528379265,42.2756840664),(0.,2.),.UNSPECIFIED.) ;
#6564=B_SPLINE_SURFACE_WITH_KNOTS('',4,5,((#6565,#6566,#6567,#6568,#6569,#6570),(#6571,#6572,#6573,#6574,#6575,#6576),(#6577,#6578,#6579,#6580,#6581,#6582),(#6583,#6584,#6585,#6586,#6587,#6588),(#6589,#6590,#6591,#6592,#6593,#6594)),.UNSPECIFIED.,.F.,.F.,.U.,(5,5),(6,6),(0.,13.8258338852),(0.,2.),.UNSPECIFIED.) ;
#6601=B_SPLINE_SURFACE_WITH_KNOTS('',5,5,((#6602,#6603,#6604,#6605,#6606,#6607),(#6608,#6609,#6610,#6611,#6612,#6613),(#6614,#6615,#6616,#6617,#6618,#6619),(#6620,#6621,#6622,#6623,#6624,#6625),(#6626,#6627,#6628,#6629,#6630,#6631),(#6632,#6633,#6634,#6635,#6636,#6637)),.UNSPECIFIED.,.F.,.F.,.U.,(6,6),(6,6),(25.2237166724,65.031912463),(0.,2.),.UNSPECIFIED.) ;
#6645=B_SPLINE_SURFACE_WITH_KNOTS('',5,5,((#6646,#6647,#6648,#6649,#6650,#6651,#6652,#6653,#6654),(#6655,#6656,#6657,#6658,#6659,#6660,#6661,#6662,#6663),(#6664,#6665,#6666,#6667,#6668,#6669,#6670,#6671,#6672),(#6673,#6674,#6675,#6676,#6677,#6678,#6679,#6680,#6681),(#6682,#6683,#6684,#6685,#6686,#6687,#6688,#6689,#6690),(#6691,#6692,#6693,#6694,#6695,#6696,#6697,#6698,#6699),(#6700,#6701,#6702,#6703,#6704,#6705,#6706,#6707,#6708),(#6709,#6710,#6711,#6712,#6713,#6714,#6715,#6716,#6717),(#6718,#6719,#6720,#6721,#6722,#6723,#6724,#6725,#6726),(#6727,#6728,#6729,#6730,#6731,#6732,#6733,#6734,#6735),(#6736,#6737,#6738,#6739,#6740,#6741,#6742,#6743,#6744),(#6745,#6746,#6747,#6748,#6749,#6750,#6751,#6752,#6753),(#6754,#6755,#6756,#6757,#6758,#6759,#6760,#6761,#6762),(#6763,#6764,#6765,#6766,#6767,#6768,#6769,#6770,#6771),(#6772,#6773,#6774,#6775,#6776,#6777,#6778,#6779,#6780)),.UNSPECIFIED.,.F.,.F.,.U.,(6,3,3,3,6),(6,3,6),(0.,21.320539821,28.8313329981,37.3927652301,43.608668436),(0.,10.,20.),.UNSPECIFIED.) ;
#6907=B_SPLINE_SURFACE_WITH_KNOTS('',5,5,((#6908,#6909,#6910,#6911,#6912,#6913,#6914,#6915,#6916),(#6917,#6918,#6919,#6920,#6921,#6922,#6923,#6924,#6925),(#6926,#6927,#6928,#6929,#6930,#6931,#6932,#6933,#6934),(#6935,#6936,#6937,#6938,#6939,#6940,#6941,#6942,#6943),(#6944,#6945,#6946,#6947,#6948,#6949,#6950,#6951,#6952),(#6953,#6954,#6955,#6956,#6957,#6958,#6959,#6960,#6961)),.UNSPECIFIED.,.F.,.F.,.U.,(6,6),(6,3,6),(4.32101467428,18.8578659216),(0.,2.,4.),.UNSPECIFIED.) ;
#6992=B_SPLINE_SURFACE_WITH_KNOTS('',5,5,((#6993,#6994,#6995,#6996,#6997,#6998),(#6999,#7000,#7001,#7002,#7003,#7004),(#7005,#7006,#7007,#7008,#7009,#7010),(#7011,#7012,#7013,#7014,#7015,#7016),(#7017,#7018,#7019,#7020,#7021,#7022),(#7023,#7024,#7025,#7026,#7027,#7028),(#7029,#7030,#7031,#7032,#7033,#7034),(#7035,#7036,#7037,#7038,#7039,#7040),(#7041,#7042,#7043,#7044,#7045,#7046),(#7047,#7048,#7049,#7050,#7051,#7052),(#7053,#7054,#7055,#7056,#7057,#7058),(#7059,#7060,#7061,#7062,#7063,#7064),(#7065,#7066,#7067,#7068,#7069,#7070),(#7071,#7072,#7073,#7074,#7075,#7076),(#7077,#7078,#7079,#7080,#7081,#7082),(#7083,#7084,#7085,#7086,#7087,#7088),(#7089,#7090,#7091,#7092,#7093,#7094),(#7095,#7096,#7097,#7098,#7099,#7100),(#7101,#7102,#7103,#7104,#7105,#7106),(#7107,#7108,#7109,#7110,#7111,#7112),(#7113,#7114,#7115,#7116,#7117,#7118),(#7119,#7120,#7121,#7122,#7123,#7124),(#7125,#7126,#7127,#7128,#7129,#7130),(#7131,#7132,#7133,#7134,#7135,#7136)),.UNSPECIFIED.,.F.,.F.,.U.,(6,3,3,3,3,3,3,6),(6,6),(21.0750483076,23.772947566,28.8449063452,31.1095830103,34.9001509505,36.3934994683,37.7096485099,39.1631577827),(0.,2.),.UNSPECIFIED.) ;
#7218=B_SPLINE_SURFACE_WITH_KNOTS('',5,5,((#7219,#7220,#7221,#7222,#7223,#7224),(#7225,#7226,#7227,#7228,#7229,#7230),(#7231,#7232,#7233,#7234,#7235,#7236),(#7237,#7238,#7239,#7240,#7241,#7242),(#7243,#7244,#7245,#7246,#7247,#7248),(#7249,#7250,#7251,#7252,#7253,#7254),(#7255,#7256,#7257,#7258,#7259,#7260),(#7261,#7262,#7263,#7264,#7265,#7266),(#7267,#7268,#7269,#7270,#7271,#7272)),.UNSPECIFIED.,.F.,.F.,.U.,(6,3,6),(6,6),(31.3498813198,35.3528379273,42.2756840672),(0.,2.),.UNSPECIFIED.) ;
#7303=B_SPLINE_SURFACE_WITH_KNOTS('',4,5,((#7304,#7305,#7306,#7307,#7308,#7309),(#7310,#7311,#7312,#7313,#7314,#7315),(#7316,#7317,#7318,#7319,#7320,#7321),(#7322,#7323,#7324,#7325,#7326,#7327),(#7328,#7329,#7330,#7331,#7332,#7333)),.UNSPECIFIED.,.F.,.F.,.U.,(5,5),(6,6),(0.,13.8258338858),(0.,2.),.UNSPECIFIED.) ;
#7357=B_SPLINE_SURFACE_WITH_KNOTS('',5,5,((#7358,#7359,#7360,#7361,#7362,#7363),(#7364,#7365,#7366,#7367,#7368,#7369),(#7370,#7371,#7372,#7373,#7374,#7375),(#7376,#7377,#7378,#7379,#7380,#7381),(#7382,#7383,#7384,#7385,#7386,#7387),(#7388,#7389,#7390,#7391,#7392,#7393)),.UNSPECIFIED.,.F.,.F.,.U.,(6,6),(6,6),(25.2517570597,65.0599533009),(0.,2.),.UNSPECIFIED.) ;
#7412=B_SPLINE_SURFACE_WITH_KNOTS('',5,5,((#7413,#7414,#7415,#7416,#7417,#7418),(#7419,#7420,#7421,#7422,#7423,#7424),(#7425,#7426,#7427,#7428,#7429,#7430),(#7431,#7432,#7433,#7434,#7435,#7436),(#7437,#7438,#7439,#7440,#7441,#7442),(#7443,#7444,#7445,#7446,#7447,#7448),(#7449,#7450,#7451,#7452,#7453,#7454),(#7455,#7456,#7457,#7458,#7459,#7460),(#7461,#7462,#7463,#7464,#7465,#7466),(#7467,#7468,#7469,#7470,#7471,#7472),(#7473,#7474,#7475,#7476,#7477,#7478),(#7479,#7480,#7481,#7482,#7483,#7484),(#7485,#7486,#7487,#7488,#7489,#7490),(#7491,#7492,#7493,#7494,#7495,#7496),(#7497,#7498,#7499,#7500,#7501,#7502)),.UNSPECIFIED.,.F.,.F.,.U.,(6,3,3,3,6),(6,6),(0.,7.86811414121,17.2260043118,25.806393184,47.7576009931),(0.,20.),.UNSPECIFIED.) ;
#7599=B_SPLINE_SURFACE_WITH_KNOTS('',5,5,((#7600,#7601,#7602,#7603,#7604,#7605,#7606,#7607,#7608),(#7609,#7610,#7611,#7612,#7613,#7614,#7615,#7616,#7617),(#7618,#7619,#7620,#7621,#7622,#7623,#7624,#7625,#7626),(#7627,#7628,#7629,#7630,#7631,#7632,#7633,#7634,#7635),(#7636,#7637,#7638,#7639,#7640,#7641,#7642,#7643,#7644),(#7645,#7646,#7647,#7648,#7649,#7650,#7651,#7652,#7653)),.UNSPECIFIED.,.F.,.F.,.U.,(6,6),(6,3,6),(4.49112021376,19.0280117561),(0.,2.,4.),.UNSPECIFIED.) ;
#7830=B_SPLINE_SURFACE_WITH_KNOTS('',4,5,((#7831,#7832,#7833,#7834,#7835,#7836),(#7837,#7838,#7839,#7840,#7841,#7842),(#7843,#7844,#7845,#7846,#7847,#7848),(#7849,#7850,#7851,#7852,#7853,#7854),(#7855,#7856,#7857,#7858,#7859,#7860)),.UNSPECIFIED.,.F.,.F.,.U.,(5,5),(6,6),(11.1826411196,25.0082925558),(0.,2.),.UNSPECIFIED.) ;
#7874=B_SPLINE_SURFACE_WITH_KNOTS('',5,5,((#7875,#7876,#7877,#7878,#7879,#7880),(#7881,#7882,#7883,#7884,#7885,#7886),(#7887,#7888,#7889,#7890,#7891,#7892),(#7893,#7894,#7895,#7896,#7897,#7898),(#7899,#7900,#7901,#7902,#7903,#7904),(#7905,#7906,#7907,#7908,#7909,#7910),(#7911,#7912,#7913,#7914,#7915,#7916),(#7917,#7918,#7919,#7920,#7921,#7922),(#7923,#7924,#7925,#7926,#7927,#7928)),.UNSPECIFIED.,.F.,.F.,.U.,(6,3,6),(6,6),(45.8764375371,53.178556484,56.813755444),(0.,2.),.UNSPECIFIED.) ;
#7961=B_SPLINE_SURFACE_WITH_KNOTS('',5,5,((#7962,#7963,#7964,#7965,#7966,#7967),(#7968,#7969,#7970,#7971,#7972,#7973),(#7974,#7975,#7976,#7977,#7978,#7979),(#7980,#7981,#7982,#7983,#7984,#7985),(#7986,#7987,#7988,#7989,#7990,#7991),(#7992,#7993,#7994,#7995,#7996,#7997),(#7998,#7999,#8000,#8001,#8002,#8003),(#8004,#8005,#8006,#8007,#8008,#8009),(#8010,#8011,#8012,#8013,#8014,#8015),(#8016,#8017,#8018,#8019,#8020,#8021),(#8022,#8023,#8024,#8025,#8026,#8027),(#8028,#8029,#8030,#8031,#8032,#8033),(#8034,#8035,#8036,#8037,#8038,#8039),(#8040,#8041,#8042,#8043,#8044,#8045),(#8046,#8047,#8048,#8049,#8050,#8051),(#8052,#8053,#8054,#8055,#8056,#8057),(#8058,#8059,#8060,#8061,#8062,#8063),(#8064,#8065,#8066,#8067,#8068,#8069),(#8070,#8071,#8072,#8073,#8074,#8075),(#8076,#8077,#8078,#8079,#8080,#8081),(#8082,#8083,#8084,#8085,#8086,#8087),(#8088,#8089,#8090,#8091,#8092,#8093),(#8094,#8095,#8096,#8097,#8098,#8099),(#8100,#8101,#8102,#8103,#8104,#8105)),.UNSPECIFIED.,.F.,.F.,.U.,(6,3,3,3,3,3,3,6),(6,6),(21.0750716784,23.7729757113,28.8449430886,31.1096231113,34.9001953026,36.39354476,37.7096940359,39.163202402),(0.,2.),.UNSPECIFIED.) ;
#8119=B_SPLINE_SURFACE_WITH_KNOTS('',5,5,((#8120,#8121,#8122,#8123,#8124,#8125),(#8126,#8127,#8128,#8129,#8130,#8131),(#8132,#8133,#8134,#8135,#8136,#8137),(#8138,#8139,#8140,#8141,#8142,#8143),(#8144,#8145,#8146,#8147,#8148,#8149),(#8150,#8151,#8152,#8153,#8154,#8155)),.UNSPECIFIED.,.F.,.F.,.U.,(6,6),(6,6),(92.3250866069,132.133515929),(0.,2.),.UNSPECIFIED.) ;
#22=COLOUR_RGB('Colour',0.823529411765,0.823529411765,1.) ;
#126=FACE_OUTER_BOUND('',#115,.T.) ;
#243=FACE_OUTER_BOUND('',#232,.T.) ;
#274=FACE_OUTER_BOUND('',#269,.T.) ;
#289=FACE_OUTER_BOUND('',#286,.T.) ;
#347=FACE_OUTER_BOUND('',#342,.T.) ;
#364=FACE_OUTER_BOUND('',#359,.T.) ;
#404=FACE_OUTER_BOUND('',#399,.T.) ;
#421=FACE_OUTER_BOUND('',#416,.T.) ;
#461=FACE_OUTER_BOUND('',#456,.T.) ;
#478=FACE_OUTER_BOUND('',#473,.T.) ;
#538=FACE_OUTER_BOUND('',#531,.T.) ;
#573=FACE_OUTER_BOUND('',#566,.T.) ;
#610=FACE_OUTER_BOUND('',#605,.T.) ;
#657=FACE_OUTER_BOUND('',#650,.T.) ;
#716=FACE_OUTER_BOUND('',#709,.T.) ;
#746=FACE_OUTER_BOUND('',#739,.T.) ;
#778=FACE_OUTER_BOUND('',#773,.T.) ;
#820=FACE_OUTER_BOUND('',#813,.T.) ;
#836=FACE_OUTER_BOUND('',#831,.T.) ;
#880=FACE_OUTER_BOUND('',#873,.T.) ;
#927=FACE_OUTER_BOUND('',#919,.T.) ;
#1040=FACE_OUTER_BOUND('',#1035,.T.) ;
#1144=FACE_OUTER_BOUND('',#1139,.T.) ;
#1257=FACE_OUTER_BOUND('',#1252,.T.) ;
#1361=FACE_OUTER_BOUND('',#1356,.T.) ;
#1480=FACE_OUTER_BOUND('',#1475,.T.) ;
#1593=FACE_OUTER_BOUND('',#1588,.T.) ;
#1675=FACE_OUTER_BOUND('',#1664,.T.) ;
#1717=FACE_OUTER_BOUND('',#1710,.T.) ;
#1743=FACE_OUTER_BOUND('',#1738,.T.) ;
#1779=FACE_OUTER_BOUND('',#1772,.T.) ;
#1802=FACE_OUTER_BOUND('',#1795,.T.) ;
#1833=FACE_OUTER_BOUND('',#1826,.T.) ;
#1885=FACE_OUTER_BOUND('',#1878,.T.) ;
#1929=FACE_OUTER_BOUND('',#1918,.T.) ;
#1983=FACE_OUTER_BOUND('',#1972,.T.) ;
#2037=FACE_OUTER_BOUND('',#2026,.T.) ;
#2091=FACE_OUTER_BOUND('',#2080,.T.) ;
#2145=FACE_OUTER_BOUND('',#2134,.T.) ;
#2187=FACE_OUTER_BOUND('',#2180,.T.) ;
#2229=FACE_OUTER_BOUND('',#2222,.T.) ;
#2253=FACE_OUTER_BOUND('',#2250,.T.) ;
#2275=FACE_OUTER_BOUND('',#2270,.T.) ;
#2287=FACE_OUTER_BOUND('',#2282,.T.) ;
#2318=FACE_OUTER_BOUND('',#2313,.T.) ;
#2353=FACE_OUTER_BOUND('',#2347,.T.) ;
#2384=FACE_OUTER_BOUND('',#2378,.T.) ;
#2405=FACE_OUTER_BOUND('',#2396,.T.) ;
#2417=FACE_OUTER_BOUND('',#2412,.T.) ;
#2447=FACE_OUTER_BOUND('',#2438,.T.) ;
#2478=FACE_OUTER_BOUND('',#2472,.T.) ;
#2509=FACE_OUTER_BOUND('',#2503,.T.) ;
#2521=FACE_OUTER_BOUND('',#2516,.T.) ;
#2537=FACE_OUTER_BOUND('',#2532,.T.) ;
#2567=FACE_OUTER_BOUND('',#2558,.T.) ;
#2598=FACE_OUTER_BOUND('',#2592,.T.) ;
#2629=FACE_OUTER_BOUND('',#2623,.T.) ;
#2641=FACE_OUTER_BOUND('',#2636,.T.) ;
#2657=FACE_OUTER_BOUND('',#2652,.T.) ;
#2691=FACE_OUTER_BOUND('',#2686,.T.) ;
#2784=FACE_OUTER_BOUND('',#2779,.T.) ;
#2813=FACE_OUTER_BOUND('',#2808,.T.) ;
#2906=FACE_OUTER_BOUND('',#2901,.T.) ;
#2940=FACE_OUTER_BOUND('',#2935,.T.) ;
#3036=FACE_OUTER_BOUND('',#3031,.T.) ;
#3070=FACE_OUTER_BOUND('',#3065,.T.) ;
#3166=FACE_OUTER_BOUND('',#3161,.T.) ;
#3195=FACE_OUTER_BOUND('',#3190,.T.) ;
#3291=FACE_OUTER_BOUND('',#3286,.T.) ;
#3320=FACE_OUTER_BOUND('',#3315,.T.) ;
#3506=FACE_OUTER_BOUND('',#3474,.T.) ;
#3602=FACE_OUTER_BOUND('',#3597,.T.) ;
#3736=FACE_OUTER_BOUND('',#3726,.T.) ;
#3763=FACE_OUTER_BOUND('',#3758,.T.) ;
#3794=FACE_OUTER_BOUND('',#3789,.T.) ;
#3879=FACE_OUTER_BOUND('',#3874,.T.) ;
#3909=FACE_OUTER_BOUND('',#3903,.T.) ;
#3972=FACE_OUTER_BOUND('',#3968,.T.) ;
#4058=FACE_OUTER_BOUND('',#4053,.T.) ;
#4082=FACE_OUTER_BOUND('',#4077,.T.) ;
#4274=FACE_OUTER_BOUND('',#4269,.T.) ;
#4329=FACE_OUTER_BOUND('',#4324,.T.) ;
#4508=FACE_OUTER_BOUND('',#4498,.T.) ;
#4530=FACE_OUTER_BOUND('',#4525,.T.) ;
#4561=FACE_OUTER_BOUND('',#4556,.T.) ;
#4591=FACE_OUTER_BOUND('',#4585,.T.) ;
#4676=FACE_OUTER_BOUND('',#4671,.T.) ;
#4773=FACE_OUTER_BOUND('',#4758,.T.) ;
#4792=FACE_OUTER_BOUND('',#4787,.T.) ;
#4958=FACE_OUTER_BOUND('',#4953,.T.) ;
#4975=FACE_OUTER_BOUND('',#4970,.T.) ;
#5044=FACE_OUTER_BOUND('',#5039,.T.) ;
#5081=FACE_OUTER_BOUND('',#5077,.T.) ;
#5125=FACE_OUTER_BOUND('',#5120,.T.) ;
#5259=FACE_OUTER_BOUND('',#5249,.T.) ;
#5281=FACE_OUTER_BOUND('',#5276,.T.) ;
#5312=FACE_OUTER_BOUND('',#5307,.T.) ;
#5397=FACE_OUTER_BOUND('',#5392,.T.) ;
#5427=FACE_OUTER_BOUND('',#5421,.T.) ;
#5490=FACE_OUTER_BOUND('',#5486,.T.) ;
#5576=FACE_OUTER_BOUND('',#5571,.T.) ;
#5600=FACE_OUTER_BOUND('',#5595,.T.) ;
#5792=FACE_OUTER_BOUND('',#5787,.T.) ;
#5847=FACE_OUTER_BOUND('',#5842,.T.) ;
#6026=FACE_OUTER_BOUND('',#6016,.T.) ;
#6048=FACE_OUTER_BOUND('',#6043,.T.) ;
#6079=FACE_OUTER_BOUND('',#6074,.T.) ;
#6109=FACE_OUTER_BOUND('',#6103,.T.) ;
#6194=FACE_OUTER_BOUND('',#6189,.T.) ;
#6291=FACE_OUTER_BOUND('',#6276,.T.) ;
#6310=FACE_OUTER_BOUND('',#6305,.T.) ;
#6476=FACE_OUTER_BOUND('',#6471,.T.) ;
#6493=FACE_OUTER_BOUND('',#6488,.T.) ;
#6562=FACE_OUTER_BOUND('',#6557,.T.) ;
#6599=FACE_OUTER_BOUND('',#6595,.T.) ;
#6643=FACE_OUTER_BOUND('',#6638,.T.) ;
#6822=FACE_OUTER_BOUND('',#6812,.T.) ;
#6844=FACE_OUTER_BOUND('',#6839,.T.) ;
#6875=FACE_OUTER_BOUND('',#6870,.T.) ;
#6905=FACE_OUTER_BOUND('',#6899,.T.) ;
#6990=FACE_OUTER_BOUND('',#6985,.T.) ;
#7192=FACE_OUTER_BOUND('',#7187,.T.) ;
#7216=FACE_OUTER_BOUND('',#7211,.T.) ;
#7301=FACE_OUTER_BOUND('',#7296,.T.) ;
#7355=FACE_OUTER_BOUND('',#7351,.T.) ;
#7410=FACE_OUTER_BOUND('',#7405,.T.) ;
#7544=FACE_OUTER_BOUND('',#7534,.T.) ;
#7566=FACE_OUTER_BOUND('',#7561,.T.) ;
#7597=FACE_OUTER_BOUND('',#7592,.T.) ;
#7682=FACE_OUTER_BOUND('',#7677,.T.) ;
#7712=FACE_OUTER_BOUND('',#7706,.T.) ;
#7809=FACE_OUTER_BOUND('',#7794,.T.) ;
#7828=FACE_OUTER_BOUND('',#7823,.T.) ;
#7872=FACE_OUTER_BOUND('',#7868,.T.) ;
#7942=FACE_OUTER_BOUND('',#7937,.T.) ;
#7959=FACE_OUTER_BOUND('',#7954,.T.) ;
#8117=FACE_OUTER_BOUND('',#8112,.T.) ;
#8161=FACE_OUTER_BOUND('',#8156,.T.) ;
#9=PRODUCT_CATEGORY_RELATIONSHIP(' ',' ',#7,#8) ;
#6=PRODUCT_DEFINITION_FORMATION_WITH_SPECIFIED_SOURCE('--B',' ',#5,.NOT_KNOWN.) ;
#20=SHAPE_DEFINITION_REPRESENTATION(#11,#19) ;
#12=(LENGTH_UNIT()NAMED_UNIT(*)SI_UNIT(.MILLI.,.METRE.)) ;
#13=(NAMED_UNIT(*)PLANE_ANGLE_UNIT()SI_UNIT($,.RADIAN.)) ;
#14=(NAMED_UNIT(*)SI_UNIT($,.STERADIAN.)SOLID_ANGLE_UNIT()) ;
#16=(GEOMETRIC_REPRESENTATION_CONTEXT(3)GLOBAL_UNCERTAINTY_ASSIGNED_CONTEXT((#15))GLOBAL_UNIT_ASSIGNED_CONTEXT((#12,#13,#14))REPRESENTATION_CONTEXT(' ',' ')) ;
ENDSEC;
END-ISO-10303-21;
