ISO-10303-21;
HEADER;
FILE_DESCRIPTION(('CATIA V5 STEP Exchange','CAx-IF Rec.Pracs.--- Model Styling and Organization---1.4--- 2014-01-23','CAx-IF Rec.Pracs.---Representation and Presentation of Product Manufacturing Information (PMI)---4.0---2014-10-13','CAx-IF Rec.Pracs.---3D Tessellated Data Validation Properties---0.5---2014-09-14'),'2;1');

FILE_NAME('C:\\Users\\e_pderen\\Desktop\\M3D-224710_B.stp','2022-10-05T12:44:42+00:00',('none'),('none'),'CATIA Version 5-6 Release 2016 SP5 HF59','CATIA V5 STEP AP242','none');

FILE_SCHEMA(('AP242_MANAGED_MODEL_BASED_3D_ENGINEERING_MIM_LF  {1 0 10303 442 1 1 4}'));

ENDSEC;
DATA;
#5=PRODUCT('M3D-224710','','LEFT LIFEGUARD BODY',(#2)) ;
#2=PRODUCT_CONTEXT(' ',#1,'mechanical') ;
#1=APPLICATION_CONTEXT('managed model based 3d engineering') ;
#10=PRODUCT_DEFINITION('MASTER',' ',#6,#3) ;
#3=PRODUCT_DEFINITION_CONTEXT('part definition',#1,' ') ;
#11=PRODUCT_DEFINITION_SHAPE(' ',' ',#10) ;
#5092=MECHANICAL_DESIGN_GEOMETRIC_PRESENTATION_REPRESENTATION(' ',(#164,#187,#228,#251,#292,#315,#347,#360,#392,#405,#437,#450,#1437,#1721,#1735,#1768,#1782,#1815,#1829,#1858,#1882,#1906,#2933,#2971,#3003,#3021,#3053,#3071,#3103,#3116,#3148,#3161,#3193,#3206,#3238,#3251,#3723,#3736,#3768,#3781,#3813,#3826,#3858,#3871,#3903,#3916,#3948,#3961,#3993,#4006,#4065,#4101,#4151,#4199,#4231,#4256,#4299,#4331,#4396,#29),#16) ;
#19=SHAPE_REPRESENTATION(' ',(#18),#16) ;
#7=PRODUCT_CATEGORY('part','specification') ;
#17=CARTESIAN_POINT(' ',(0.,0.,0.)) ;
#31=CARTESIAN_POINT('Axis2P3D Location',(174.,0.,-98.6060646612)) ;
#36=CARTESIAN_POINT('Line Origine',(207.424955704,0.,-58.771753619)) ;
#40=CARTESIAN_POINT('Vertex',(207.424955704,-45.,-58.771753619)) ;
#42=CARTESIAN_POINT('Vertex',(207.424955704,45.,-58.771753619)) ;
#45=CARTESIAN_POINT('Axis2P3D Location',(174.,-45.,-98.6060646612)) ;
#49=CARTESIAN_POINT('Vertex',(226.,-45.,-98.6060646612)) ;
#52=CARTESIAN_POINT('Line Origine',(226.,0.,-98.6060646612)) ;
#56=CARTESIAN_POINT('Vertex',(226.,45.,-98.6060646612)) ;
#59=CARTESIAN_POINT('Axis2P3D Location',(174.,45.,-98.6060646612)) ;
#71=CARTESIAN_POINT('Axis2P3D Location',(116.073547818,0.,-50.)) ;
#77=CARTESIAN_POINT('Control Point',(135.357176109,62.0692307624,-27.0186667065)) ;
#78=CARTESIAN_POINT('Control Point',(131.892128724,65.5342781474,-24.1111467237)) ;
#79=CARTESIAN_POINT('Control Point',(128.082181179,69.3442401747,-22.0274462068)) ;
#80=CARTESIAN_POINT('Control Point',(124.132651748,73.2937548866,-20.6770650429)) ;
#81=CARTESIAN_POINT('Control Point',(120.1026159,77.3237909716,-20.)) ;
#82=CARTESIAN_POINT('Control Point',(116.073547818,81.3528590531,-20.)) ;
#83=CARTESIAN_POINT('Vertex',(135.357176109,62.0692307624,-27.0186667064)) ;
#85=CARTESIAN_POINT('Vertex',(116.073547818,81.352859053,-20.)) ;
#88=CARTESIAN_POINT('Line Origine',(135.357176109,0.,-27.0186667064)) ;
#92=CARTESIAN_POINT('Vertex',(135.357176109,-62.0692307624,-27.0186667064)) ;
#96=CARTESIAN_POINT('Control Point',(135.357176109,-62.0692307624,-27.0186667064)) ;
#97=CARTESIAN_POINT('Control Point',(131.892128724,-65.5342781473,-24.1111467237)) ;
#98=CARTESIAN_POINT('Control Point',(128.082181179,-69.3442401748,-22.0274462068)) ;
#99=CARTESIAN_POINT('Control Point',(124.132651749,-73.2937548862,-20.677065043)) ;
#100=CARTESIAN_POINT('Control Point',(120.1026159,-77.3237909716,-20.)) ;
#101=CARTESIAN_POINT('Control Point',(116.073547818,-81.352859053,-20.)) ;
#102=CARTESIAN_POINT('Vertex',(116.073547818,-81.352859053,-20.)) ;
#105=CARTESIAN_POINT('Line Origine',(116.073547818,0.,-20.)) ;
#117=CARTESIAN_POINT('Axis2P3D Location',(90.,65.,-18.8)) ;
#122=CARTESIAN_POINT('Axis2P3D Location',(90.,65.,-18.8)) ;
#126=CARTESIAN_POINT('Vertex',(109.745607643,75.7870746186,-18.8)) ;
#128=CARTESIAN_POINT('Vertex',(70.2543923575,54.2129253814,-18.8)) ;
#131=CARTESIAN_POINT('Axis2P3D Location',(70.9564585733,54.5964655078,-18.8)) ;
#135=CARTESIAN_POINT('Vertex',(70.9564585733,54.5964655078,-18.)) ;
#138=CARTESIAN_POINT('Axis2P3D Location',(90.,65.,-18.)) ;
#142=CARTESIAN_POINT('Vertex',(109.043541593,75.4035341877,-18.)) ;
#145=CARTESIAN_POINT('Axis2P3D Location',(109.043541593,75.4035341877,-18.8)) ;
#165=CARTESIAN_POINT('Axis2P3D Location',(90.,65.,-18.8)) ;
#170=CARTESIAN_POINT('Axis2P3D Location',(90.,65.,-18.8)) ;
#175=CARTESIAN_POINT('Axis2P3D Location',(90.,65.,-18.)) ;
#188=CARTESIAN_POINT('Axis2P3D Location',(90.,-65.,-18.8)) ;
#193=CARTESIAN_POINT('Axis2P3D Location',(90.,-65.,-18.8)) ;
#197=CARTESIAN_POINT('Vertex',(70.2543923575,-75.7870746186,-18.8)) ;
#199=CARTESIAN_POINT('Vertex',(109.745607643,-54.2129253814,-18.8)) ;
#202=CARTESIAN_POINT('Axis2P3D Location',(109.043541593,-54.5964658123,-18.8)) ;
#206=CARTESIAN_POINT('Vertex',(109.043541593,-54.5964658123,-18.)) ;
#209=CARTESIAN_POINT('Axis2P3D Location',(90.,-65.,-18.)) ;
#213=CARTESIAN_POINT('Vertex',(70.9564585733,-75.4035344922,-18.)) ;
#216=CARTESIAN_POINT('Axis2P3D Location',(70.9564582353,-75.4035338735,-18.8)) ;
#229=CARTESIAN_POINT('Axis2P3D Location',(90.,-65.,-18.8)) ;
#234=CARTESIAN_POINT('Axis2P3D Location',(90.,-65.,-18.8)) ;
#239=CARTESIAN_POINT('Axis2P3D Location',(90.,-65.,-18.)) ;
#252=CARTESIAN_POINT('Axis2P3D Location',(-90.,45.,-18.8)) ;
#257=CARTESIAN_POINT('Axis2P3D Location',(-90.,45.,-18.8)) ;
#261=CARTESIAN_POINT('Vertex',(-70.2543923575,55.7870746186,-18.8)) ;
#263=CARTESIAN_POINT('Vertex',(-109.745607643,34.2129253814,-18.8)) ;
#266=CARTESIAN_POINT('Axis2P3D Location',(-109.043541427,34.5964655078,-18.8)) ;
#270=CARTESIAN_POINT('Vertex',(-109.043541427,34.5964655078,-18.)) ;
#273=CARTESIAN_POINT('Axis2P3D Location',(-90.,45.,-18.)) ;
#277=CARTESIAN_POINT('Vertex',(-70.956458407,55.4035341877,-18.)) ;
#280=CARTESIAN_POINT('Axis2P3D Location',(-70.956458407,55.4035341877,-18.8)) ;
#293=CARTESIAN_POINT('Axis2P3D Location',(-90.,45.,-18.8)) ;
#298=CARTESIAN_POINT('Axis2P3D Location',(-90.,45.,-18.8)) ;
#303=CARTESIAN_POINT('Axis2P3D Location',(-90.,45.,-18.)) ;
#316=CARTESIAN_POINT('Axis2P3D Location',(90.,65.,-19.9)) ;
#321=CARTESIAN_POINT('Line Origine',(109.745607643,75.7870746186,-104.155000001)) ;
#325=CARTESIAN_POINT('Vertex',(109.745607643,75.7870746186,-20.)) ;
#328=CARTESIAN_POINT('Axis2P3D Location',(90.,65.,-20.)) ;
#332=CARTESIAN_POINT('Vertex',(70.2543923575,54.2129253814,-20.)) ;
#335=CARTESIAN_POINT('Line Origine',(70.2543923575,54.2129253814,-104.155000001)) ;
#348=CARTESIAN_POINT('Axis2P3D Location',(90.,65.,-20.)) ;
#361=CARTESIAN_POINT('Axis2P3D Location',(90.,-65.,-19.9)) ;
#366=CARTESIAN_POINT('Line Origine',(70.2543923575,-75.7870746186,-104.155000001)) ;
#370=CARTESIAN_POINT('Vertex',(70.2543923575,-75.7870746186,-20.)) ;
#373=CARTESIAN_POINT('Axis2P3D Location',(90.,-65.,-20.)) ;
#377=CARTESIAN_POINT('Vertex',(109.745607643,-54.2129253814,-20.)) ;
#380=CARTESIAN_POINT('Line Origine',(109.745607643,-54.2129253814,-104.155000001)) ;
#393=CARTESIAN_POINT('Axis2P3D Location',(90.,-65.,-20.)) ;
#406=CARTESIAN_POINT('Axis2P3D Location',(-90.,45.,-19.9)) ;
#411=CARTESIAN_POINT('Line Origine',(-70.2543923575,55.7870746186,-104.155000001)) ;
#415=CARTESIAN_POINT('Vertex',(-70.2543923575,55.7870746186,-20.)) ;
#418=CARTESIAN_POINT('Axis2P3D Location',(-90.,45.,-20.)) ;
#422=CARTESIAN_POINT('Vertex',(-109.745607643,34.2129253814,-20.)) ;
#425=CARTESIAN_POINT('Line Origine',(-109.745607643,34.2129253814,-104.155000001)) ;
#438=CARTESIAN_POINT('Axis2P3D Location',(-90.,45.,-20.)) ;
#451=CARTESIAN_POINT('Axis2P3D Location',(174.,0.,-98.6060646612)) ;
#456=CARTESIAN_POINT('Axis2P3D Location',(174.,45.,-98.6060646612)) ;
#460=CARTESIAN_POINT('Vertex',(193.283628291,45.,-75.6247313676)) ;
#462=CARTESIAN_POINT('Vertex',(204.,45.,-98.6060646612)) ;
#465=CARTESIAN_POINT('Line Origine',(204.,0.,-98.6060646612)) ;
#469=CARTESIAN_POINT('Vertex',(204.,-45.,-98.6060646612)) ;
#472=CARTESIAN_POINT('Axis2P3D Location',(174.,-45.,-98.6060646612)) ;
#476=CARTESIAN_POINT('Vertex',(193.283628291,-45.,-75.6247313676)) ;
#479=CARTESIAN_POINT('Line Origine',(193.283628291,0.,-75.6247313676)) ;
#491=CARTESIAN_POINT('Axis2P3D Location',(90.,-65.,-20.6707259718)) ;
#496=CARTESIAN_POINT('Axis2P3D Location',(90.,-65.,-20.)) ;
#500=CARTESIAN_POINT('Vertex',(90.,-95.,-20.)) ;
#502=CARTESIAN_POINT('Vertex',(111.213203436,-86.2132034356,-20.)) ;
#505=CARTESIAN_POINT('Line Origine',(111.213203436,-86.2132034356,-20.6707259718)) ;
#509=CARTESIAN_POINT('Vertex',(111.213203436,-86.2132034356,0.)) ;
#512=CARTESIAN_POINT('Axis2P3D Location',(90.,-65.,-3.5527136788E-015)) ;
#516=CARTESIAN_POINT('Vertex',(90.,-95.,0.)) ;
#519=CARTESIAN_POINT('Line Origine',(90.,-95.,-20.6707259718)) ;
#531=CARTESIAN_POINT('Axis2P3D Location',(189.213203436,15.,-160.)) ;
#536=CARTESIAN_POINT('Axis2P3D Location',(204.,15.,-160.)) ;
#540=CARTESIAN_POINT('Vertex',(204.,15.,-190.)) ;
#542=CARTESIAN_POINT('Vertex',(204.,45.,-160.)) ;
#545=CARTESIAN_POINT('Line Origine',(189.213203436,45.,-160.)) ;
#549=CARTESIAN_POINT('Vertex',(226.,45.,-160.)) ;
#552=CARTESIAN_POINT('Axis2P3D Location',(226.,15.,-160.)) ;
#556=CARTESIAN_POINT('Vertex',(226.,15.,-190.)) ;
#559=CARTESIAN_POINT('Line Origine',(189.213203436,15.,-190.)) ;
#571=CARTESIAN_POINT('Axis2P3D Location',(226.,0.,-98.6060646612)) ;
#576=CARTESIAN_POINT('Line Origine',(226.,0.,-190.)) ;
#580=CARTESIAN_POINT('Vertex',(226.,-15.,-190.)) ;
#583=CARTESIAN_POINT('Line Origine',(226.,45.,-129.303032331)) ;
#588=CARTESIAN_POINT('Line Origine',(226.,-45.,-129.303032331)) ;
#592=CARTESIAN_POINT('Vertex',(226.,-45.,-160.)) ;
#595=CARTESIAN_POINT('Axis2P3D Location',(226.,-15.,-160.)) ;
#609=CARTESIAN_POINT('Axis2P3D Location',(226.,0.,-190.)) ;
#614=CARTESIAN_POINT('Line Origine',(204.,0.,-190.)) ;
#618=CARTESIAN_POINT('Vertex',(204.,-15.,-190.)) ;
#621=CARTESIAN_POINT('Line Origine',(215.,-15.,-190.)) ;
#633=CARTESIAN_POINT('Axis2P3D Location',(204.,0.,-190.)) ;
#638=CARTESIAN_POINT('Line Origine',(204.,-45.,-129.303032331)) ;
#642=CARTESIAN_POINT('Vertex',(204.,-45.,-160.)) ;
#645=CARTESIAN_POINT('Line Origine',(204.,45.,-129.303032331)) ;
#650=CARTESIAN_POINT('Axis2P3D Location',(204.,-15.,-160.)) ;
#663=CARTESIAN_POINT('Line Origine',(204.,8.,-140.)) ;
#667=CARTESIAN_POINT('Vertex',(204.,8.,-125.)) ;
#669=CARTESIAN_POINT('Vertex',(204.,8.,-155.)) ;
#672=CARTESIAN_POINT('Line Origine',(204.,0.,-125.)) ;
#676=CARTESIAN_POINT('Vertex',(204.,-8.,-125.)) ;
#679=CARTESIAN_POINT('Line Origine',(204.,-8.,-140.)) ;
#683=CARTESIAN_POINT('Vertex',(204.,-8.,-155.)) ;
#686=CARTESIAN_POINT('Line Origine',(204.,0.,-155.)) ;
#698=CARTESIAN_POINT('Axis2P3D Location',(189.213203436,-15.,-160.)) ;
#703=CARTESIAN_POINT('Line Origine',(189.213203436,-45.,-160.)) ;
#715=CARTESIAN_POINT('Axis2P3D Location',(102.426406871,-95.,0.)) ;
#720=CARTESIAN_POINT('Line Origine',(137.781745931,-59.6446609407,-15.9005472608)) ;
#724=CARTESIAN_POINT('Vertex',(137.781745931,-59.6446609407,-29.0531223496)) ;
#726=CARTESIAN_POINT('Vertex',(137.781745931,-59.6446609407,-2.74797217201)) ;
#730=CARTESIAN_POINT('Control Point',(137.781745931,-59.6446609407,-2.74797217201)) ;
#731=CARTESIAN_POINT('Control Point',(137.54554682,-59.8808600514,-2.6394592126)) ;
#732=CARTESIAN_POINT('Control Point',(137.308976764,-60.1174301071,-2.53256319888)) ;
#733=CARTESIAN_POINT('Control Point',(137.072044964,-60.354361907,-2.4272790616)) ;
#734=CARTESIAN_POINT('Control Point',(135.604554517,-61.8218523544,-1.78608568319)) ;
#735=CARTESIAN_POINT('Control Point',(134.123902929,-63.3025039427,-1.20617011009)) ;
#736=CARTESIAN_POINT('Control Point',(132.87465147,-64.5517554014,-0.762425639116)) ;
#737=CARTESIAN_POINT('Control Point',(131.618483349,-65.8079235217,-0.360521780921)) ;
#738=CARTESIAN_POINT('Control Point',(130.356404675,-67.0700021959,-1.7763568394E-015)) ;
#739=CARTESIAN_POINT('Vertex',(130.356404675,-67.0700021959,-4.4408920985E-016)) ;
#742=CARTESIAN_POINT('Line Origine',(120.784804055,-76.6416028158,0.)) ;
#747=CARTESIAN_POINT('Line Origine',(113.643375627,-83.7830312443,-20.)) ;
#752=CARTESIAN_POINT('Line Origine',(136.56946102,-60.8569458516,-28.035894528)) ;
#767=CARTESIAN_POINT('Axis2P3D Location',(152.426406871,-45.,0.)) ;
#772=CARTESIAN_POINT('Line Origine',(173.13708499,-45.,-44.3602941318)) ;
#776=CARTESIAN_POINT('Vertex',(173.13708499,-45.,-58.7197743145)) ;
#778=CARTESIAN_POINT('Vertex',(173.13708499,-45.,-30.0008139492)) ;
#781=CARTESIAN_POINT('Line Origine',(183.21035664,-45.,-67.172252841)) ;
#786=CARTESIAN_POINT('Line Origine',(190.281020347,-45.,-44.3862837841)) ;
#802=CARTESIAN_POINT('Axis2P3D Location',(173.13708499,-95.,-86.3112457892)) ;
#808=CARTESIAN_POINT('Control Point',(137.781745931,-59.6446609407,-29.0531223496)) ;
#809=CARTESIAN_POINT('Control Point',(143.774050207,-53.6523566643,-34.0812626578)) ;
#810=CARTESIAN_POINT('Control Point',(150.707241469,-49.2632320472,-39.8988996187)) ;
#811=CARTESIAN_POINT('Control Point',(158.03762107,-46.4282915178,-46.0498260165)) ;
#812=CARTESIAN_POINT('Control Point',(165.588626865,-45.,-52.3858658861)) ;
#813=CARTESIAN_POINT('Control Point',(173.13708499,-45.,-58.7197743145)) ;
#816=CARTESIAN_POINT('Control Point',(173.13708499,-45.,-30.0008139492)) ;
#817=CARTESIAN_POINT('Control Point',(167.081187624,-45.,-24.9193127029)) ;
#818=CARTESIAN_POINT('Control Point',(161.027384096,-45.9776000454,-19.8395784276)) ;
#819=CARTESIAN_POINT('Control Point',(155.100713615,-47.9350634373,-14.8664991929)) ;
#820=CARTESIAN_POINT('Control Point',(149.498501212,-50.940751743,-10.1656889578)) ;
#821=CARTESIAN_POINT('Vertex',(149.498503522,-50.9407557718,-10.1656889578)) ;
#825=CARTESIAN_POINT('Control Point',(149.498501212,-50.940751743,-10.1656889578)) ;
#826=CARTESIAN_POINT('Control Point',(146.577177875,-52.508094564,-7.71440762295)) ;
#827=CARTESIAN_POINT('Control Point',(143.537943515,-54.4701011054,-5.65333037923)) ;
#828=CARTESIAN_POINT('Control Point',(140.554538873,-56.8718679984,-4.02182944032)) ;
#829=CARTESIAN_POINT('Control Point',(137.781745931,-59.6446609407,-2.74797217201)) ;
#839=CARTESIAN_POINT('Axis2P3D Location',(149.498503522,0.,-10.1656889578)) ;
#845=CARTESIAN_POINT('Control Point',(173.13708499,45.,-30.0008139492)) ;
#846=CARTESIAN_POINT('Control Point',(169.486235649,45.,-26.9373876139)) ;
#847=CARTESIAN_POINT('Control Point',(165.835386414,45.3332175227,-23.8739613676)) ;
#848=CARTESIAN_POINT('Control Point',(162.208060853,45.9996613392,-20.8302738271)) ;
#849=CARTESIAN_POINT('Control Point',(157.457943422,47.3328642537,-16.8444520427)) ;
#850=CARTESIAN_POINT('Control Point',(152.84630117,49.2772296128,-12.97482473)) ;
#851=CARTESIAN_POINT('Control Point',(151.71930781,49.7938174973,-12.0291650173)) ;
#852=CARTESIAN_POINT('Control Point',(150.602930981,50.3482087707,-11.0924136313)) ;
#853=CARTESIAN_POINT('Control Point',(149.498503522,50.9407557718,-10.1656889578)) ;
#854=CARTESIAN_POINT('Vertex',(173.13708499,45.,-30.0008139492)) ;
#856=CARTESIAN_POINT('Vertex',(149.498503522,50.9407557718,-10.1656889578)) ;
#859=CARTESIAN_POINT('Line Origine',(149.498503522,-2.13162820728E-013,-10.1656889578)) ;
#864=CARTESIAN_POINT('Line Origine',(190.281020347,45.,-44.3862837841)) ;
#878=CARTESIAN_POINT('Axis2P3D Location',(193.283628291,0.,-75.6247313676)) ;
#884=CARTESIAN_POINT('Control Point',(137.781745931,59.6446609407,-29.0531223496)) ;
#885=CARTESIAN_POINT('Control Point',(140.591126428,56.8352804435,-31.4104724887)) ;
#886=CARTESIAN_POINT('Control Point',(143.606895098,54.3776040223,-33.9410028676)) ;
#887=CARTESIAN_POINT('Control Point',(146.774721794,52.2682653381,-36.5991250803)) ;
#888=CARTESIAN_POINT('Control Point',(153.13766603,48.8305414508,-41.9382692417)) ;
#889=CARTESIAN_POINT('Control Point',(159.812265314,46.630134827,-47.5389230388)) ;
#890=CARTESIAN_POINT('Control Point',(163.095692494,45.8471904912,-50.2940455749)) ;
#891=CARTESIAN_POINT('Control Point',(167.086341731,45.2397505351,-53.6425978774)) ;
#892=CARTESIAN_POINT('Control Point',(171.093114648,45.0348217135,-57.0046795542)) ;
#893=CARTESIAN_POINT('Control Point',(171.774464127,45.0116045977,-57.5763996508)) ;
#894=CARTESIAN_POINT('Control Point',(172.455774556,45.,-58.1480869811)) ;
#895=CARTESIAN_POINT('Control Point',(173.13708499,45.,-58.7197743145)) ;
#896=CARTESIAN_POINT('Vertex',(137.781745931,59.6446609407,-29.0531223496)) ;
#898=CARTESIAN_POINT('Vertex',(173.13708499,45.,-58.7197743145)) ;
#901=CARTESIAN_POINT('Line Origine',(183.21035664,45.,-67.172252841)) ;
#906=CARTESIAN_POINT('Line Origine',(136.56946102,60.8569458516,-28.035894528)) ;
#922=CARTESIAN_POINT('Axis2P3D Location',(102.426406871,95.,0.)) ;
#927=CARTESIAN_POINT('Line Origine',(120.784804055,76.6416028158,0.)) ;
#931=CARTESIAN_POINT('Vertex',(111.213203436,86.2132034356,0.)) ;
#933=CARTESIAN_POINT('Vertex',(130.356404675,67.070002196,2.22044604925E-016)) ;
#937=CARTESIAN_POINT('Control Point',(137.781745931,59.6446609407,-2.74797217201)) ;
#938=CARTESIAN_POINT('Control Point',(137.54554682,59.8808600514,-2.6394592126)) ;
#939=CARTESIAN_POINT('Control Point',(137.308976764,60.1174301071,-2.53256319887)) ;
#940=CARTESIAN_POINT('Control Point',(137.072044964,60.354361907,-2.42727906159)) ;
#941=CARTESIAN_POINT('Control Point',(135.604554517,61.8218523546,-1.78608568309)) ;
#942=CARTESIAN_POINT('Control Point',(134.123902928,63.3025039431,-1.20617010992)) ;
#943=CARTESIAN_POINT('Control Point',(132.87465147,64.551755401,-0.762425639239)) ;
#944=CARTESIAN_POINT('Control Point',(131.61848335,65.8079235216,-0.360521780979)) ;
#945=CARTESIAN_POINT('Control Point',(130.356404675,67.070002196,2.22044604925E-016)) ;
#946=CARTESIAN_POINT('Vertex',(137.781745931,59.6446609407,-2.74797217201)) ;
#949=CARTESIAN_POINT('Line Origine',(137.781745931,59.6446609407,-15.9005472608)) ;
#954=CARTESIAN_POINT('Line Origine',(113.643375627,83.7830312443,-20.)) ;
#958=CARTESIAN_POINT('Vertex',(111.213203436,86.2132034356,-20.)) ;
#961=CARTESIAN_POINT('Line Origine',(111.213203436,86.2132034356,-10.)) ;
#976=CARTESIAN_POINT('Axis2P3D Location',(90.,65.,-14.5265611748)) ;
#981=CARTESIAN_POINT('Axis2P3D Location',(90.,65.,-20.)) ;
#985=CARTESIAN_POINT('Vertex',(89.9999417062,95.,-20.)) ;
#988=CARTESIAN_POINT('Line Origine',(90.,95.,-14.5265611748)) ;
#992=CARTESIAN_POINT('Vertex',(89.9999417062,94.9999999999,0.)) ;
#995=CARTESIAN_POINT('Axis2P3D Location',(90.,65.,0.)) ;
#1007=CARTESIAN_POINT('Axis2P3D Location',(152.426406871,45.,0.)) ;
#1012=CARTESIAN_POINT('Line Origine',(173.13708499,45.,-44.3602941318)) ;
#1028=CARTESIAN_POINT('Axis2P3D Location',(173.13708499,95.,-86.3112457892)) ;
#1034=CARTESIAN_POINT('Control Point',(149.498501212,50.940751743,-10.1656889578)) ;
#1035=CARTESIAN_POINT('Control Point',(146.577177875,52.5080945639,-7.71440762298)) ;
#1036=CARTESIAN_POINT('Control Point',(143.537943515,54.4701011056,-5.65333037903)) ;
#1037=CARTESIAN_POINT('Control Point',(140.554538873,56.8718679984,-4.0218294403)) ;
#1038=CARTESIAN_POINT('Control Point',(137.781745931,59.6446609407,-2.74797217201)) ;
#1048=CARTESIAN_POINT('Axis2P3D Location',(116.073547818,0.,-50.)) ;
#1053=CARTESIAN_POINT('Line Origine',(130.356404675,0.,0.)) ;
#1067=CARTESIAN_POINT('Axis2P3D Location',(116.073547818,0.,-20.)) ;
#1072=CARTESIAN_POINT('Axis2P3D Location',(0.,0.,-20.)) ;
#1076=CARTESIAN_POINT('Vertex',(40.8,0.,-20.)) ;
#1078=CARTESIAN_POINT('Vertex',(-40.8,4.99655894052E-015,-20.)) ;
#1081=CARTESIAN_POINT('Axis2P3D Location',(0.,0.,-20.)) ;
#1091=CARTESIAN_POINT('Axis2P3D Location',(0.,-95.,0.)) ;
#1096=CARTESIAN_POINT('Line Origine',(45.2769291899,-95.,-10.)) ;
#1100=CARTESIAN_POINT('Vertex',(45.2769291899,-95.,0.)) ;
#1102=CARTESIAN_POINT('Vertex',(45.2769291899,-95.,-20.)) ;
#1105=CARTESIAN_POINT('Line Origine',(67.6384645949,-95.,-20.)) ;
#1110=CARTESIAN_POINT('Line Origine',(67.6384645949,-95.,0.)) ;
#1122=CARTESIAN_POINT('Axis2P3D Location',(45.2769291899,-65.,-10.)) ;
#1127=CARTESIAN_POINT('Axis2P3D Location',(45.2769291899,-65.,-20.)) ;
#1131=CARTESIAN_POINT('Vertex',(32.8485103358,-92.3044759113,-20.)) ;
#1134=CARTESIAN_POINT('Axis2P3D Location',(45.2769291899,-65.,0.)) ;
#1138=CARTESIAN_POINT('Vertex',(32.8485103358,-92.3044759113,0.)) ;
#1141=CARTESIAN_POINT('Line Origine',(32.8485103358,-92.3044759113,-10.)) ;
#1153=CARTESIAN_POINT('Axis2P3D Location',(-126.,0.,-20.)) ;
#1158=CARTESIAN_POINT('Line Origine',(-126.,22.1531322574,0.)) ;
#1162=CARTESIAN_POINT('Vertex',(-126.,45.,0.)) ;
#1164=CARTESIAN_POINT('Vertex',(-126.,-0.693735485276,0.)) ;
#1167=CARTESIAN_POINT('Line Origine',(-126.,45.,-10.)) ;
#1171=CARTESIAN_POINT('Vertex',(-126.,45.,-20.)) ;
#1174=CARTESIAN_POINT('Line Origine',(-126.,22.1531322574,-20.)) ;
#1178=CARTESIAN_POINT('Vertex',(-126.,-0.693735485276,-20.)) ;
#1181=CARTESIAN_POINT('Line Origine',(-126.,-0.693735485276,-10.)) ;
#1193=CARTESIAN_POINT('Axis2P3D Location',(-96.,-0.693735485276,-10.)) ;
#1198=CARTESIAN_POINT('Axis2P3D Location',(-96.,-0.693735485276,-20.)) ;
#1202=CARTESIAN_POINT('Vertex',(-108.428418854,-27.9982113965,-20.)) ;
#1205=CARTESIAN_POINT('Line Origine',(-108.428418854,-27.9982113965,-10.)) ;
#1209=CARTESIAN_POINT('Vertex',(-108.428418854,-27.9982113965,0.)) ;
#1212=CARTESIAN_POINT('Axis2P3D Location',(-96.,-0.693735485276,0.)) ;
#1224=CARTESIAN_POINT('Axis2P3D Location',(-96.,45.,-10.)) ;
#1229=CARTESIAN_POINT('Axis2P3D Location',(-96.,45.,-20.)) ;
#1233=CARTESIAN_POINT('Vertex',(-96.,75.,-20.)) ;
#1236=CARTESIAN_POINT('Axis2P3D Location',(-96.,45.,0.)) ;
#1240=CARTESIAN_POINT('Vertex',(-96.,75.,0.)) ;
#1243=CARTESIAN_POINT('Line Origine',(-96.,75.,-10.)) ;
#1255=CARTESIAN_POINT('Axis2P3D Location',(-126.,-20.,0.)) ;
#1260=CARTESIAN_POINT('Line Origine',(-37.7899542591,-60.1513436539,0.)) ;
#1265=CARTESIAN_POINT('Line Origine',(-37.7899542591,-60.1513436539,-20.)) ;
#1277=CARTESIAN_POINT('Axis2P3D Location',(90.,65.,-114.)) ;
#1282=CARTESIAN_POINT('Axis2P3D Location',(90.,65.,0.)) ;
#1286=CARTESIAN_POINT('Vertex',(67.639320225,85.,0.)) ;
#1289=CARTESIAN_POINT('Axis2P3D Location',(90.,65.,-20.)) ;
#1293=CARTESIAN_POINT('Vertex',(67.639320225,85.,-20.)) ;
#1296=CARTESIAN_POINT('Line Origine',(67.639320225,85.,-114.)) ;
#1308=CARTESIAN_POINT('Axis2P3D Location',(45.27864045,105.,-10.)) ;
#1313=CARTESIAN_POINT('Axis2P3D Location',(45.27864045,105.,-20.)) ;
#1317=CARTESIAN_POINT('Vertex',(45.27864045,75.,-20.)) ;
#1320=CARTESIAN_POINT('Line Origine',(45.27864045,75.,-10.)) ;
#1324=CARTESIAN_POINT('Vertex',(45.27864045,75.,0.)) ;
#1327=CARTESIAN_POINT('Axis2P3D Location',(45.27864045,105.,-7.1054273576E-015)) ;
#1339=CARTESIAN_POINT('Axis2P3D Location',(61.7157287525,75.,0.)) ;
#1344=CARTESIAN_POINT('Line Origine',(-25.360679775,75.,-20.)) ;
#1349=CARTESIAN_POINT('Line Origine',(-25.360679775,75.,0.)) ;
#1361=CARTESIAN_POINT('Axis2P3D Location',(0.,0.,0.)) ;
#1382=CARTESIAN_POINT('Axis2P3D Location',(90.,-65.,0.)) ;
#1386=CARTESIAN_POINT('Vertex',(62.,-65.,0.)) ;
#1388=CARTESIAN_POINT('Vertex',(118.,-65.,0.)) ;
#1391=CARTESIAN_POINT('Axis2P3D Location',(90.,-65.,0.)) ;
#1400=CARTESIAN_POINT('Axis2P3D Location',(90.,65.,0.)) ;
#1404=CARTESIAN_POINT('Vertex',(118.,65.0000000001,0.)) ;
#1406=CARTESIAN_POINT('Vertex',(62.,64.9999999999,0.)) ;
#1409=CARTESIAN_POINT('Axis2P3D Location',(90.,65.,0.)) ;
#1418=CARTESIAN_POINT('Axis2P3D Location',(-90.,45.,0.)) ;
#1422=CARTESIAN_POINT('Vertex',(-62.,45.,0.)) ;
#1424=CARTESIAN_POINT('Vertex',(-118.,45.,0.)) ;
#1427=CARTESIAN_POINT('Axis2P3D Location',(-90.,45.,0.)) ;
#1438=CARTESIAN_POINT('Axis2P3D Location',(90.,-65.,-0.005)) ;
#1443=CARTESIAN_POINT('Line Origine',(62.,-65.,-0.005)) ;
#1447=CARTESIAN_POINT('Vertex',(62.,-65.,-0.01)) ;
#1450=CARTESIAN_POINT('Line Origine',(118.,-65.,-0.005)) ;
#1454=CARTESIAN_POINT('Vertex',(118.,-65.,-0.01)) ;
#1457=CARTESIAN_POINT('Axis2P3D Location',(90.,-65.,-0.01)) ;
#1469=CARTESIAN_POINT('Axis2P3D Location',(90.,-65.,-0.01)) ;
#1481=CARTESIAN_POINT('Axis2P3D Location',(0.,0.,-0.01)) ;
#1490=CARTESIAN_POINT('Axis2P3D Location',(90.,-65.,-0.01)) ;
#1494=CARTESIAN_POINT('Vertex',(99.6534081808,-59.7263190754,-0.01)) ;
#1496=CARTESIAN_POINT('Vertex',(79.,-65.,-0.01)) ;
#1499=CARTESIAN_POINT('Axis2P3D Location',(90.,-65.,-0.01)) ;
#1503=CARTESIAN_POINT('Vertex',(101.,-65.,-0.01)) ;
#1506=CARTESIAN_POINT('Axis2P3D Location',(90.,-65.,-0.01)) ;
#1510=CARTESIAN_POINT('Vertex',(80.3465918192,-70.2736809246,-0.01)) ;
#1513=CARTESIAN_POINT('Axis2P3D Location',(90.,-65.,-0.01)) ;
#1525=CARTESIAN_POINT('Axis2P3D Location',(90.,65.,-0.005)) ;
#1530=CARTESIAN_POINT('Line Origine',(118.,65.0000000001,-0.005)) ;
#1534=CARTESIAN_POINT('Vertex',(118.,65.0000000001,-0.01)) ;
#1537=CARTESIAN_POINT('Line Origine',(62.,64.9999999999,-0.005)) ;
#1541=CARTESIAN_POINT('Vertex',(62.,64.9999999999,-0.01)) ;
#1544=CARTESIAN_POINT('Axis2P3D Location',(90.,65.,-0.01)) ;
#1556=CARTESIAN_POINT('Axis2P3D Location',(90.,65.,-0.01)) ;
#1572=CARTESIAN_POINT('Axis2P3D Location',(90.,65.,-0.01)) ;
#1576=CARTESIAN_POINT('Vertex',(99.6534081808,70.2736809246,-0.01)) ;
#1578=CARTESIAN_POINT('Vertex',(79.,65.,-0.01)) ;
#1581=CARTESIAN_POINT('Axis2P3D Location',(90.,65.,-0.01)) ;
#1585=CARTESIAN_POINT('Vertex',(101.,65.,-0.01)) ;
#1588=CARTESIAN_POINT('Axis2P3D Location',(90.,65.,-0.01)) ;
#1592=CARTESIAN_POINT('Vertex',(80.3465918192,59.7263190754,-0.01)) ;
#1595=CARTESIAN_POINT('Axis2P3D Location',(90.,65.,-0.01)) ;
#1607=CARTESIAN_POINT('Axis2P3D Location',(-90.,45.,-0.005)) ;
#1612=CARTESIAN_POINT('Line Origine',(-62.,45.,-0.005)) ;
#1616=CARTESIAN_POINT('Vertex',(-62.,45.,-0.01)) ;
#1619=CARTESIAN_POINT('Line Origine',(-118.,45.,-0.005)) ;
#1623=CARTESIAN_POINT('Vertex',(-118.,45.,-0.01)) ;
#1626=CARTESIAN_POINT('Axis2P3D Location',(-90.,45.,-0.01)) ;
#1638=CARTESIAN_POINT('Axis2P3D Location',(-90.,45.,-0.01)) ;
#1654=CARTESIAN_POINT('Axis2P3D Location',(-90.,45.,-0.01)) ;
#1658=CARTESIAN_POINT('Vertex',(-80.3465918192,50.2736809246,-0.01)) ;
#1660=CARTESIAN_POINT('Vertex',(-101.,45.,-0.01)) ;
#1663=CARTESIAN_POINT('Axis2P3D Location',(-90.,45.,-0.01)) ;
#1667=CARTESIAN_POINT('Vertex',(-79.,45.,-0.01)) ;
#1670=CARTESIAN_POINT('Axis2P3D Location',(-90.,45.,-0.01)) ;
#1674=CARTESIAN_POINT('Vertex',(-99.6534081808,39.7263190754,-0.01)) ;
#1677=CARTESIAN_POINT('Axis2P3D Location',(-90.,45.,-0.01)) ;
#1689=CARTESIAN_POINT('Axis2P3D Location',(90.,65.,-19.9)) ;
#1694=CARTESIAN_POINT('Axis2P3D Location',(90.,65.,-17.99)) ;
#1698=CARTESIAN_POINT('Vertex',(99.6534081808,70.2736809246,-17.99)) ;
#1700=CARTESIAN_POINT('Vertex',(80.3465918192,59.7263190754,-17.99)) ;
#1703=CARTESIAN_POINT('Line Origine',(80.3465918192,59.7263190754,-8.84499999904)) ;
#1708=CARTESIAN_POINT('Line Origine',(99.6534081808,70.2736809246,-8.84499999904)) ;
#1722=CARTESIAN_POINT('Axis2P3D Location',(90.,65.,-17.99)) ;
#1736=CARTESIAN_POINT('Axis2P3D Location',(90.,-65.,-19.9)) ;
#1741=CARTESIAN_POINT('Axis2P3D Location',(90.,-65.,-17.99)) ;
#1745=CARTESIAN_POINT('Vertex',(80.3465918192,-70.2736809246,-17.99)) ;
#1747=CARTESIAN_POINT('Vertex',(99.6534081808,-59.7263190754,-17.99)) ;
#1750=CARTESIAN_POINT('Line Origine',(99.6534081808,-59.7263190754,-8.84499999904)) ;
#1755=CARTESIAN_POINT('Line Origine',(80.3465918192,-70.2736809246,-8.84499999904)) ;
#1769=CARTESIAN_POINT('Axis2P3D Location',(90.,-65.,-17.99)) ;
#1783=CARTESIAN_POINT('Axis2P3D Location',(-90.,45.,-19.9)) ;
#1788=CARTESIAN_POINT('Axis2P3D Location',(-90.,45.,-17.99)) ;
#1792=CARTESIAN_POINT('Vertex',(-80.3465918192,50.2736809246,-17.99)) ;
#1794=CARTESIAN_POINT('Vertex',(-99.6534081808,39.7263190754,-17.99)) ;
#1797=CARTESIAN_POINT('Line Origine',(-99.6534081808,39.7263190754,-8.84499999904)) ;
#1802=CARTESIAN_POINT('Line Origine',(-80.3465918192,50.2736809246,-8.84499999904)) ;
#1816=CARTESIAN_POINT('Axis2P3D Location',(-90.,45.,-17.99)) ;
#1830=CARTESIAN_POINT('Axis2P3D Location',(101.,65.,-18.)) ;
#1839=CARTESIAN_POINT('Axis2P3D Location',(-90.000119195,45.0000037355,-18.)) ;
#1843=CARTESIAN_POINT('Vertex',(-71.500119195,45.0000037355,-18.)) ;
#1845=CARTESIAN_POINT('Vertex',(-108.500119195,45.0000037355,-18.)) ;
#1848=CARTESIAN_POINT('Axis2P3D Location',(-90.000119195,45.0000037355,-18.)) ;
#1863=CARTESIAN_POINT('Axis2P3D Location',(90.0000322487,-64.9999948856,-18.)) ;
#1867=CARTESIAN_POINT('Vertex',(71.5000322487,-64.9999948856,-18.)) ;
#1869=CARTESIAN_POINT('Vertex',(108.500032249,-64.9999948856,-18.)) ;
#1872=CARTESIAN_POINT('Axis2P3D Location',(90.0000322487,-64.9999948856,-18.)) ;
#1887=CARTESIAN_POINT('Axis2P3D Location',(90.0000987669,65.0000051144,-18.)) ;
#1891=CARTESIAN_POINT('Vertex',(108.500098767,65.0000051144,-18.)) ;
#1893=CARTESIAN_POINT('Vertex',(71.5000987669,65.0000051144,-18.)) ;
#1896=CARTESIAN_POINT('Axis2P3D Location',(90.0000987669,65.0000051144,-18.)) ;
#1907=CARTESIAN_POINT('Axis2P3D Location',(90.0000322487,-64.9999948856,-17.995)) ;
#1912=CARTESIAN_POINT('Line Origine',(108.500032249,-64.9999948856,-17.995)) ;
#1916=CARTESIAN_POINT('Vertex',(108.500032249,-64.9999948856,-17.99)) ;
#1919=CARTESIAN_POINT('Line Origine',(71.5000322487,-64.9999948856,-17.995)) ;
#1923=CARTESIAN_POINT('Vertex',(71.5000322487,-64.9999948856,-17.99)) ;
#1926=CARTESIAN_POINT('Axis2P3D Location',(90.0000322487,-64.9999948856,-17.99)) ;
#1938=CARTESIAN_POINT('Axis2P3D Location',(90.0000322487,-64.9999948856,-17.99)) ;
#1950=CARTESIAN_POINT('Axis2P3D Location',(0.,0.,-17.99)) ;
#1964=CARTESIAN_POINT('Axis2P3D Location',(90.0000987669,65.0000051144,-17.995)) ;
#1969=CARTESIAN_POINT('Line Origine',(71.5000987669,65.0000051144,-17.995)) ;
#1973=CARTESIAN_POINT('Vertex',(71.5000987669,65.0000051144,-17.99)) ;
#1976=CARTESIAN_POINT('Line Origine',(108.500098767,65.0000051144,-17.995)) ;
#1980=CARTESIAN_POINT('Vertex',(108.500098767,65.0000051144,-17.99)) ;
#1983=CARTESIAN_POINT('Axis2P3D Location',(90.0000987669,65.0000051144,-17.99)) ;
#1995=CARTESIAN_POINT('Axis2P3D Location',(90.0000987669,65.0000051144,-17.99)) ;
#2016=CARTESIAN_POINT('Axis2P3D Location',(-90.000119195,45.0000037355,-17.995)) ;
#2021=CARTESIAN_POINT('Line Origine',(-108.500119195,45.0000037355,-17.995)) ;
#2025=CARTESIAN_POINT('Vertex',(-108.500119195,45.0000037355,-17.99)) ;
#2028=CARTESIAN_POINT('Line Origine',(-71.500119195,45.0000037355,-17.995)) ;
#2032=CARTESIAN_POINT('Vertex',(-71.500119195,45.0000037355,-17.99)) ;
#2035=CARTESIAN_POINT('Axis2P3D Location',(-90.000119195,45.0000037355,-17.99)) ;
#2047=CARTESIAN_POINT('Axis2P3D Location',(-90.000119195,45.0000037355,-17.99)) ;
#2068=CARTESIAN_POINT('Axis2P3D Location',(0.,0.,-295.)) ;
#2073=CARTESIAN_POINT('Line Origine',(50.8,0.,-295.)) ;
#2077=CARTESIAN_POINT('Vertex',(50.8,0.,-555.)) ;
#2079=CARTESIAN_POINT('Vertex',(50.8,0.,-570.)) ;
#2082=CARTESIAN_POINT('Axis2P3D Location',(0.,0.,-570.)) ;
#2086=CARTESIAN_POINT('Vertex',(-50.8,6.22120573967E-015,-570.)) ;
#2089=CARTESIAN_POINT('Line Origine',(-50.8,6.22120573967E-015,-295.)) ;
#2093=CARTESIAN_POINT('Vertex',(-50.8,6.22120573967E-015,-555.)) ;
#2096=CARTESIAN_POINT('Axis2P3D Location',(0.,0.,-555.)) ;
#2108=CARTESIAN_POINT('Line Origine',(-50.8,6.22120573967E-015,-295.)) ;
#2112=CARTESIAN_POINT('Vertex',(-50.8,6.22120573967E-015,-421.)) ;
#2114=CARTESIAN_POINT('Vertex',(-50.8,6.22120573967E-015,-539.)) ;
#2117=CARTESIAN_POINT('Axis2P3D Location',(0.,0.,-421.)) ;
#2121=CARTESIAN_POINT('Vertex',(50.8,0.,-421.)) ;
#2124=CARTESIAN_POINT('Line Origine',(50.8,0.,-295.)) ;
#2128=CARTESIAN_POINT('Vertex',(50.8,0.,-539.)) ;
#2131=CARTESIAN_POINT('Axis2P3D Location',(0.,0.,-539.)) ;
#2143=CARTESIAN_POINT('Line Origine',(-50.8,6.22120573967E-015,-295.)) ;
#2147=CARTESIAN_POINT('Vertex',(-50.8,0.,-290.)) ;
#2149=CARTESIAN_POINT('Vertex',(-50.8,6.22120573967E-015,-405.)) ;
#2152=CARTESIAN_POINT('Line Origine',(-50.8,6.22120573967E-015,-295.)) ;
#2156=CARTESIAN_POINT('Vertex',(-50.8,-1.24424114793E-014,-20.)) ;
#2159=CARTESIAN_POINT('Axis2P3D Location',(0.,0.,-20.)) ;
#2163=CARTESIAN_POINT('Vertex',(50.8,0.,-20.)) ;
#2166=CARTESIAN_POINT('Line Origine',(50.8,0.,-295.)) ;
#2170=CARTESIAN_POINT('Vertex',(50.8,-1.24344978758E-014,-125.)) ;
#2173=CARTESIAN_POINT('Line Origine',(50.8,0.,-295.)) ;
#2177=CARTESIAN_POINT('Vertex',(50.8,-1.24344978758E-014,-290.)) ;
#2180=CARTESIAN_POINT('Line Origine',(50.8,0.,-295.)) ;
#2184=CARTESIAN_POINT('Vertex',(50.8,0.,-405.)) ;
#2187=CARTESIAN_POINT('Axis2P3D Location',(0.,0.,-405.)) ;
#2202=CARTESIAN_POINT('Axis2P3D Location',(0.,0.,-570.)) ;
#2207=CARTESIAN_POINT('Axis2P3D Location',(0.,0.,-555.)) ;
#2219=CARTESIAN_POINT('Axis2P3D Location',(0.,0.,-421.)) ;
#2224=CARTESIAN_POINT('Axis2P3D Location',(0.,0.,-539.)) ;
#2236=CARTESIAN_POINT('Axis2P3D Location',(0.,0.,-20.)) ;
#2241=CARTESIAN_POINT('Axis2P3D Location',(0.,0.,-405.)) ;
#2256=CARTESIAN_POINT('Axis2P3D Location',(0.,0.,-570.)) ;
#2265=CARTESIAN_POINT('Axis2P3D Location',(0.,0.,-570.)) ;
#2269=CARTESIAN_POINT('Vertex',(46.,0.,-570.)) ;
#2271=CARTESIAN_POINT('Vertex',(-46.,1.27388026337E-014,-570.)) ;
#2274=CARTESIAN_POINT('Axis2P3D Location',(7.1054273576E-015,7.1054273576E-015,-570.)) ;
#2284=CARTESIAN_POINT('Axis2P3D Location',(0.,0.,-295.)) ;
#2289=CARTESIAN_POINT('Line Origine',(-40.8,4.99655894052E-015,-295.)) ;
#2293=CARTESIAN_POINT('Vertex',(-40.8,4.99655894052E-015,-570.)) ;
#2296=CARTESIAN_POINT('Line Origine',(40.8,-9.99311788104E-015,-295.)) ;
#2300=CARTESIAN_POINT('Vertex',(40.8,-9.99311788104E-015,-570.)) ;
#2303=CARTESIAN_POINT('Axis2P3D Location',(0.,0.,-570.)) ;
#2315=CARTESIAN_POINT('Axis2P3D Location',(0.,0.,-570.)) ;
#2327=CARTESIAN_POINT('Axis2P3D Location',(0.,-113.,-421.)) ;
#2332=CARTESIAN_POINT('Line Origine',(-96.5,-67.,-421.)) ;
#2336=CARTESIAN_POINT('Vertex',(-90.,-67.,-421.)) ;
#2338=CARTESIAN_POINT('Vertex',(-103.,-67.,-421.)) ;
#2341=CARTESIAN_POINT('Axis2P3D Location',(-90.,-47.,-421.)) ;
#2345=CARTESIAN_POINT('Vertex',(-70.,-47.,-421.)) ;
#2348=CARTESIAN_POINT('Line Origine',(-70.,-23.5,-421.)) ;
#2352=CARTESIAN_POINT('Vertex',(-70.,8.57252759403E-015,-421.)) ;
#2355=CARTESIAN_POINT('Axis2P3D Location',(2.13162820728E-014,2.84217094304E-014,-421.)) ;
#2359=CARTESIAN_POINT('Vertex',(70.,0.,-421.)) ;
#2362=CARTESIAN_POINT('Line Origine',(70.,-23.5,-421.)) ;
#2366=CARTESIAN_POINT('Vertex',(70.,-47.,-421.)) ;
#2369=CARTESIAN_POINT('Axis2P3D Location',(90.,-47.,-421.)) ;
#2373=CARTESIAN_POINT('Vertex',(90.,-67.,-421.)) ;
#2376=CARTESIAN_POINT('Line Origine',(96.5,-67.,-421.)) ;
#2380=CARTESIAN_POINT('Vertex',(103.,-67.,-421.)) ;
#2383=CARTESIAN_POINT('Axis2P3D Location',(103.,-87.,-421.)) ;
#2387=CARTESIAN_POINT('Vertex',(123.,-87.,-421.)) ;
#2390=CARTESIAN_POINT('Line Origine',(123.,-100.,-421.)) ;
#2394=CARTESIAN_POINT('Vertex',(123.,-113.,-421.)) ;
#2397=CARTESIAN_POINT('Line Origine',(0.,-113.,-421.)) ;
#2401=CARTESIAN_POINT('Vertex',(-123.,-113.,-421.)) ;
#2404=CARTESIAN_POINT('Line Origine',(-123.,-100.,-421.)) ;
#2408=CARTESIAN_POINT('Vertex',(-123.,-87.,-421.)) ;
#2411=CARTESIAN_POINT('Axis2P3D Location',(-103.,-87.,-421.)) ;
#2435=CARTESIAN_POINT('Axis2P3D Location',(0.,139.432891265,-405.)) ;
#2440=CARTESIAN_POINT('Line Origine',(-123.,-100.,-405.)) ;
#2444=CARTESIAN_POINT('Vertex',(-123.,-87.,-405.)) ;
#2446=CARTESIAN_POINT('Vertex',(-123.,-113.,-405.)) ;
#2449=CARTESIAN_POINT('Line Origine',(0.,-113.,-405.)) ;
#2453=CARTESIAN_POINT('Vertex',(123.,-113.,-405.)) ;
#2456=CARTESIAN_POINT('Line Origine',(123.,-100.,-405.)) ;
#2460=CARTESIAN_POINT('Vertex',(123.,-87.,-405.)) ;
#2463=CARTESIAN_POINT('Axis2P3D Location',(103.,-87.,-405.)) ;
#2467=CARTESIAN_POINT('Vertex',(103.,-67.,-405.)) ;
#2470=CARTESIAN_POINT('Line Origine',(96.5,-67.,-405.)) ;
#2474=CARTESIAN_POINT('Vertex',(90.,-67.,-405.)) ;
#2477=CARTESIAN_POINT('Axis2P3D Location',(90.,-47.,-405.)) ;
#2481=CARTESIAN_POINT('Vertex',(70.,-47.,-405.)) ;
#2484=CARTESIAN_POINT('Line Origine',(70.,-23.5,-405.)) ;
#2488=CARTESIAN_POINT('Vertex',(70.,0.,-405.)) ;
#2491=CARTESIAN_POINT('Axis2P3D Location',(1.42108547152E-014,0.,-405.)) ;
#2495=CARTESIAN_POINT('Vertex',(-70.,8.57252759403E-015,-405.)) ;
#2498=CARTESIAN_POINT('Line Origine',(-70.,-23.5,-405.)) ;
#2502=CARTESIAN_POINT('Vertex',(-70.,-47.,-405.)) ;
#2505=CARTESIAN_POINT('Axis2P3D Location',(-90.,-47.,-405.)) ;
#2509=CARTESIAN_POINT('Vertex',(-90.,-67.,-405.)) ;
#2512=CARTESIAN_POINT('Line Origine',(-96.5,-67.,-405.)) ;
#2516=CARTESIAN_POINT('Vertex',(-103.,-67.,-405.)) ;
#2519=CARTESIAN_POINT('Axis2P3D Location',(-103.,-87.,-405.)) ;
#2543=CARTESIAN_POINT('Axis2P3D Location',(-70.,-47.,0.)) ;
#2548=CARTESIAN_POINT('Line Origine',(-70.,-47.,-413.)) ;
#2553=CARTESIAN_POINT('Line Origine',(-70.,0.,-413.)) ;
#2565=CARTESIAN_POINT('Axis2P3D Location',(0.,0.,0.)) ;
#2570=CARTESIAN_POINT('Line Origine',(70.,0.,0.)) ;
#2582=CARTESIAN_POINT('Axis2P3D Location',(123.,-147.,0.)) ;
#2587=CARTESIAN_POINT('Line Origine',(123.,-100.,-539.)) ;
#2591=CARTESIAN_POINT('Vertex',(123.,-87.,-539.)) ;
#2593=CARTESIAN_POINT('Vertex',(123.,-113.,-539.)) ;
#2596=CARTESIAN_POINT('Axis2P3D Location',(123.,-113.,-519.)) ;
#2600=CARTESIAN_POINT('Vertex',(123.,-133.,-519.)) ;
#2603=CARTESIAN_POINT('Line Origine',(123.,-133.,-480.)) ;
#2607=CARTESIAN_POINT('Vertex',(123.,-133.,-441.)) ;
#2610=CARTESIAN_POINT('Axis2P3D Location',(123.,-113.,-441.)) ;
#2615=CARTESIAN_POINT('Line Origine',(123.,-87.,-413.)) ;
#2620=CARTESIAN_POINT('Axis2P3D Location',(123.,-113.,-441.)) ;
#2624=CARTESIAN_POINT('Vertex',(123.,-147.,-429.167840434)) ;
#2627=CARTESIAN_POINT('Line Origine',(123.,-147.,-480.)) ;
#2631=CARTESIAN_POINT('Vertex',(123.,-147.,-530.832159566)) ;
#2634=CARTESIAN_POINT('Axis2P3D Location',(123.,-113.,-519.)) ;
#2638=CARTESIAN_POINT('Vertex',(123.,-113.,-555.)) ;
#2641=CARTESIAN_POINT('Line Origine',(123.,-100.,-555.)) ;
#2645=CARTESIAN_POINT('Vertex',(123.,-87.,-555.)) ;
#2648=CARTESIAN_POINT('Line Origine',(123.,-87.,-547.)) ;
#2668=CARTESIAN_POINT('Axis2P3D Location',(0.,139.432891265,-539.)) ;
#2673=CARTESIAN_POINT('Line Origine',(-123.,-100.,-539.)) ;
#2677=CARTESIAN_POINT('Vertex',(-123.,-87.,-539.)) ;
#2679=CARTESIAN_POINT('Vertex',(-123.,-113.,-539.)) ;
#2682=CARTESIAN_POINT('Line Origine',(0.,-113.,-539.)) ;
#2687=CARTESIAN_POINT('Axis2P3D Location',(103.,-87.,-539.)) ;
#2691=CARTESIAN_POINT('Vertex',(103.,-67.,-539.)) ;
#2694=CARTESIAN_POINT('Line Origine',(96.5,-67.,-539.)) ;
#2698=CARTESIAN_POINT('Vertex',(90.,-67.,-539.)) ;
#2701=CARTESIAN_POINT('Axis2P3D Location',(90.,-47.,-539.)) ;
#2705=CARTESIAN_POINT('Vertex',(70.,-47.,-539.)) ;
#2708=CARTESIAN_POINT('Line Origine',(70.,-23.5,-539.)) ;
#2712=CARTESIAN_POINT('Vertex',(70.,0.,-539.)) ;
#2715=CARTESIAN_POINT('Axis2P3D Location',(1.42108547152E-014,0.,-539.)) ;
#2719=CARTESIAN_POINT('Vertex',(-70.,8.57252759403E-015,-539.)) ;
#2722=CARTESIAN_POINT('Line Origine',(-70.,-23.5,-539.)) ;
#2726=CARTESIAN_POINT('Vertex',(-70.,-47.,-539.)) ;
#2729=CARTESIAN_POINT('Axis2P3D Location',(-90.,-47.,-539.)) ;
#2733=CARTESIAN_POINT('Vertex',(-90.,-67.,-539.)) ;
#2736=CARTESIAN_POINT('Line Origine',(-96.5,-67.,-539.)) ;
#2740=CARTESIAN_POINT('Vertex',(-103.,-67.,-539.)) ;
#2743=CARTESIAN_POINT('Axis2P3D Location',(-103.,-87.,-539.)) ;
#2767=CARTESIAN_POINT('Axis2P3D Location',(103.,-87.,-480.)) ;
#2772=CARTESIAN_POINT('Axis2P3D Location',(103.,-87.,-555.)) ;
#2776=CARTESIAN_POINT('Vertex',(103.,-67.,-555.)) ;
#2779=CARTESIAN_POINT('Line Origine',(103.,-67.,-480.)) ;
#2791=CARTESIAN_POINT('Axis2P3D Location',(123.,-67.,0.)) ;
#2796=CARTESIAN_POINT('Line Origine',(96.5,-67.,-555.)) ;
#2800=CARTESIAN_POINT('Vertex',(90.,-67.,-555.)) ;
#2803=CARTESIAN_POINT('Line Origine',(90.,-67.,-547.)) ;
#2815=CARTESIAN_POINT('Axis2P3D Location',(70.,-47.,0.)) ;
#2820=CARTESIAN_POINT('Line Origine',(70.,-47.,-547.)) ;
#2824=CARTESIAN_POINT('Vertex',(70.,-47.,-555.)) ;
#2827=CARTESIAN_POINT('Line Origine',(70.,-23.5,-555.)) ;
#2831=CARTESIAN_POINT('Vertex',(70.,0.,-555.)) ;
#2834=CARTESIAN_POINT('Line Origine',(70.,0.,-547.)) ;
#2846=CARTESIAN_POINT('Axis2P3D Location',(0.,0.,-555.)) ;
#2850=CARTESIAN_POINT('Vertex',(-70.,8.57252759403E-015,-555.)) ;
#2853=CARTESIAN_POINT('Line Origine',(-70.,8.57252759403E-015,0.)) ;
#2865=CARTESIAN_POINT('Line Origine',(-90.,-67.,-547.)) ;
#2869=CARTESIAN_POINT('Vertex',(-90.,-67.,-555.)) ;
#2872=CARTESIAN_POINT('Line Origine',(-96.5,-67.,-555.)) ;
#2876=CARTESIAN_POINT('Vertex',(-103.,-67.,-555.)) ;
#2879=CARTESIAN_POINT('Line Origine',(-103.,-67.,-547.)) ;
#2891=CARTESIAN_POINT('Axis2P3D Location',(98.5,-135.,-480.)) ;
#2896=CARTESIAN_POINT('Axis2P3D Location',(90.,-135.,-480.)) ;
#2900=CARTESIAN_POINT('Vertex',(105.094420065,-135.,-471.753880736)) ;
#2902=CARTESIAN_POINT('Vertex',(74.9055799613,-135.,-488.246119311)) ;
#2905=CARTESIAN_POINT('Axis2P3D Location',(90.,-135.,-480.)) ;
#2914=CARTESIAN_POINT('Axis2P3D Location',(90.,-135.,-480.)) ;
#2918=CARTESIAN_POINT('Vertex',(82.5405482239,-135.,-484.075117078)) ;
#2920=CARTESIAN_POINT('Vertex',(97.4594517761,-135.,-475.924882922)) ;
#2923=CARTESIAN_POINT('Axis2P3D Location',(90.,-135.,-480.)) ;
#2934=CARTESIAN_POINT('Axis2P3D Location',(-90.,-135.,-480.)) ;
#2938=CARTESIAN_POINT('Vertex',(-105.094420065,-135.,-488.246119264)) ;
#2940=CARTESIAN_POINT('Vertex',(-74.9055799613,-135.,-471.753880689)) ;
#2943=CARTESIAN_POINT('Axis2P3D Location',(-90.,-135.,-480.)) ;
#2952=CARTESIAN_POINT('Axis2P3D Location',(-90.,-135.,-480.)) ;
#2956=CARTESIAN_POINT('Vertex',(-82.5405482239,-135.,-475.924882922)) ;
#2958=CARTESIAN_POINT('Vertex',(-97.4594517761,-135.,-484.075117078)) ;
#2961=CARTESIAN_POINT('Axis2P3D Location',(-90.,-135.,-480.)) ;
#2972=CARTESIAN_POINT('Axis2P3D Location',(90.,-134.2,-480.)) ;
#2977=CARTESIAN_POINT('Axis2P3D Location',(90.,-134.2,-480.)) ;
#2981=CARTESIAN_POINT('Vertex',(105.796486114,-134.2,-471.370340305)) ;
#2983=CARTESIAN_POINT('Vertex',(74.203513886,-134.2,-488.629659695)) ;
#2986=CARTESIAN_POINT('Axis2P3D Location',(74.9055799613,-134.2,-488.246119311)) ;
#2991=CARTESIAN_POINT('Axis2P3D Location',(105.094420065,-134.2,-471.753880736)) ;
#3004=CARTESIAN_POINT('Axis2P3D Location',(90.,-134.2,-480.)) ;
#3009=CARTESIAN_POINT('Axis2P3D Location',(90.,-134.2,-480.)) ;
#3022=CARTESIAN_POINT('Axis2P3D Location',(-90.,-134.2,-480.)) ;
#3027=CARTESIAN_POINT('Axis2P3D Location',(-90.,-134.2,-480.)) ;
#3031=CARTESIAN_POINT('Vertex',(-105.796486114,-134.2,-488.629659695)) ;
#3033=CARTESIAN_POINT('Vertex',(-74.203513886,-134.2,-471.370340305)) ;
#3036=CARTESIAN_POINT('Axis2P3D Location',(-74.9055799613,-134.2,-471.753880689)) ;
#3041=CARTESIAN_POINT('Axis2P3D Location',(-105.094420065,-134.2,-488.246119264)) ;
#3054=CARTESIAN_POINT('Axis2P3D Location',(-90.,-134.2,-480.)) ;
#3059=CARTESIAN_POINT('Axis2P3D Location',(-90.,-134.2,-480.)) ;
#3072=CARTESIAN_POINT('Axis2P3D Location',(90.,-133.1,-480.)) ;
#3077=CARTESIAN_POINT('Axis2P3D Location',(90.,-147.,-480.)) ;
#3081=CARTESIAN_POINT('Vertex',(82.5405482239,-147.,-484.075117078)) ;
#3083=CARTESIAN_POINT('Vertex',(97.4594517761,-147.,-475.924882922)) ;
#3086=CARTESIAN_POINT('Line Origine',(97.4594517761,-141.155000001,-475.924882922)) ;
#3091=CARTESIAN_POINT('Line Origine',(82.5405482239,-141.155000001,-484.075117078)) ;
#3104=CARTESIAN_POINT('Axis2P3D Location',(90.,-147.,-480.)) ;
#3117=CARTESIAN_POINT('Axis2P3D Location',(-90.,-133.1,-480.)) ;
#3122=CARTESIAN_POINT('Axis2P3D Location',(-90.,-147.,-480.)) ;
#3126=CARTESIAN_POINT('Vertex',(-82.5405482239,-147.,-475.924882922)) ;
#3128=CARTESIAN_POINT('Vertex',(-97.4594517761,-147.,-484.075117078)) ;
#3131=CARTESIAN_POINT('Line Origine',(-97.4594517761,-141.155000001,-484.075117078)) ;
#3136=CARTESIAN_POINT('Line Origine',(-82.5405482239,-141.155000001,-475.924882922)) ;
#3149=CARTESIAN_POINT('Axis2P3D Location',(-90.,-147.,-480.)) ;
#3162=CARTESIAN_POINT('Axis2P3D Location',(90.,-133.1,-480.)) ;
#3167=CARTESIAN_POINT('Line Origine',(105.796486114,-32.3449999994,-471.370340305)) ;
#3171=CARTESIAN_POINT('Vertex',(105.796486114,-133.,-471.370340305)) ;
#3174=CARTESIAN_POINT('Axis2P3D Location',(90.,-133.,-480.)) ;
#3178=CARTESIAN_POINT('Vertex',(74.203513886,-133.,-488.629659695)) ;
#3181=CARTESIAN_POINT('Line Origine',(74.203513886,-32.3449999994,-488.629659695)) ;
#3194=CARTESIAN_POINT('Axis2P3D Location',(90.,-133.,-480.)) ;
#3207=CARTESIAN_POINT('Axis2P3D Location',(-90.,-133.1,-480.)) ;
#3212=CARTESIAN_POINT('Line Origine',(-105.796486114,-32.3449999994,-488.629659695)) ;
#3216=CARTESIAN_POINT('Vertex',(-105.796486114,-133.,-488.629659695)) ;
#3219=CARTESIAN_POINT('Axis2P3D Location',(-90.,-133.,-480.)) ;
#3223=CARTESIAN_POINT('Vertex',(-74.203513886,-133.,-471.370340305)) ;
#3226=CARTESIAN_POINT('Line Origine',(-74.203513886,-32.3449999994,-471.370340305)) ;
#3239=CARTESIAN_POINT('Axis2P3D Location',(-90.,-133.,-480.)) ;
#3252=CARTESIAN_POINT('Axis2P3D Location',(-103.,-87.,-480.)) ;
#3257=CARTESIAN_POINT('Axis2P3D Location',(-103.,-87.,-555.)) ;
#3261=CARTESIAN_POINT('Vertex',(-123.,-87.,-555.)) ;
#3264=CARTESIAN_POINT('Line Origine',(-123.,-87.,-480.)) ;
#3276=CARTESIAN_POINT('Axis2P3D Location',(-90.,-47.,0.)) ;
#3281=CARTESIAN_POINT('Line Origine',(-70.,-47.,0.)) ;
#3285=CARTESIAN_POINT('Vertex',(-70.,-47.,-555.)) ;
#3288=CARTESIAN_POINT('Axis2P3D Location',(-90.,-47.,-555.)) ;
#3300=CARTESIAN_POINT('Line Origine',(-70.,-23.5,-555.)) ;
#3312=CARTESIAN_POINT('Axis2P3D Location',(90.,-47.,0.)) ;
#3317=CARTESIAN_POINT('Axis2P3D Location',(90.,-47.,-555.)) ;
#3329=CARTESIAN_POINT('Axis2P3D Location',(0.,-113.,-555.)) ;
#3334=CARTESIAN_POINT('Line Origine',(0.,-113.,-555.)) ;
#3338=CARTESIAN_POINT('Vertex',(-123.,-113.,-555.)) ;
#3341=CARTESIAN_POINT('Line Origine',(-123.,-100.,-555.)) ;
#3365=CARTESIAN_POINT('Axis2P3D Location',(0.,-113.,-519.)) ;
#3370=CARTESIAN_POINT('Line Origine',(0.,-133.,-519.)) ;
#3374=CARTESIAN_POINT('Vertex',(-123.,-133.,-519.)) ;
#3377=CARTESIAN_POINT('Axis2P3D Location',(-123.,-113.,-519.)) ;
#3389=CARTESIAN_POINT('Axis2P3D Location',(-103.,-87.,-480.)) ;
#3394=CARTESIAN_POINT('Line Origine',(-103.,-67.,-480.)) ;
#3399=CARTESIAN_POINT('Line Origine',(-123.,-87.,-480.)) ;
#3411=CARTESIAN_POINT('Axis2P3D Location',(-123.,-67.,0.)) ;
#3416=CARTESIAN_POINT('Axis2P3D Location',(-123.,-113.,-519.)) ;
#3420=CARTESIAN_POINT('Vertex',(-123.,-147.,-530.832159566)) ;
#3423=CARTESIAN_POINT('Line Origine',(-123.,-147.,-480.)) ;
#3427=CARTESIAN_POINT('Vertex',(-123.,-147.,-429.167840434)) ;
#3430=CARTESIAN_POINT('Axis2P3D Location',(-123.,-113.,-441.)) ;
#3435=CARTESIAN_POINT('Axis2P3D Location',(-123.,-113.,-441.)) ;
#3439=CARTESIAN_POINT('Vertex',(-123.,-133.,-441.)) ;
#3442=CARTESIAN_POINT('Line Origine',(-123.,-133.,-480.)) ;
#3462=CARTESIAN_POINT('Axis2P3D Location',(0.,-113.,-441.)) ;
#3467=CARTESIAN_POINT('Line Origine',(0.,-133.,-441.)) ;
#3479=CARTESIAN_POINT('Axis2P3D Location',(103.,-87.,-480.)) ;
#3484=CARTESIAN_POINT('Line Origine',(103.,-67.,-480.)) ;
#3496=CARTESIAN_POINT('Line Origine',(90.,-67.,-413.)) ;
#3508=CARTESIAN_POINT('Line Origine',(70.,-47.,0.)) ;
#3527=CARTESIAN_POINT('Line Origine',(-90.,-67.,0.)) ;
#3546=CARTESIAN_POINT('Axis2P3D Location',(0.,-133.,-519.)) ;
#3565=CARTESIAN_POINT('Axis2P3D Location',(-62.,-133.,-495.)) ;
#3569=CARTESIAN_POINT('Vertex',(-67.5,-133.,-495.)) ;
#3571=CARTESIAN_POINT('Vertex',(-56.5,-133.,-495.)) ;
#3574=CARTESIAN_POINT('Axis2P3D Location',(-62.,-133.,-495.)) ;
#3583=CARTESIAN_POINT('Axis2P3D Location',(-46.,-133.,-490.)) ;
#3587=CARTESIAN_POINT('Vertex',(-51.5,-133.,-490.)) ;
#3589=CARTESIAN_POINT('Vertex',(-40.5,-133.,-490.)) ;
#3592=CARTESIAN_POINT('Axis2P3D Location',(-46.,-133.,-490.)) ;
#3601=CARTESIAN_POINT('Axis2P3D Location',(-30.,-133.,-485.)) ;
#3605=CARTESIAN_POINT('Vertex',(-35.5,-133.,-485.)) ;
#3607=CARTESIAN_POINT('Vertex',(-24.5,-133.,-485.)) ;
#3610=CARTESIAN_POINT('Axis2P3D Location',(-30.,-133.,-485.)) ;
#3619=CARTESIAN_POINT('Axis2P3D Location',(-1.7763568394E-015,-133.,-480.)) ;
#3623=CARTESIAN_POINT('Vertex',(-5.5,-133.,-480.)) ;
#3625=CARTESIAN_POINT('Vertex',(5.5,-133.,-480.)) ;
#3628=CARTESIAN_POINT('Axis2P3D Location',(-1.7763568394E-015,-133.,-480.)) ;
#3637=CARTESIAN_POINT('Axis2P3D Location',(30.,-133.,-475.)) ;
#3641=CARTESIAN_POINT('Vertex',(24.5,-133.,-475.)) ;
#3643=CARTESIAN_POINT('Vertex',(35.5,-133.,-475.)) ;
#3646=CARTESIAN_POINT('Axis2P3D Location',(30.,-133.,-475.)) ;
#3655=CARTESIAN_POINT('Axis2P3D Location',(46.,-133.,-470.)) ;
#3659=CARTESIAN_POINT('Vertex',(40.5,-133.,-470.)) ;
#3661=CARTESIAN_POINT('Vertex',(51.5,-133.,-470.)) ;
#3664=CARTESIAN_POINT('Axis2P3D Location',(46.,-133.,-470.)) ;
#3673=CARTESIAN_POINT('Axis2P3D Location',(62.,-133.,-465.)) ;
#3677=CARTESIAN_POINT('Vertex',(56.5,-133.,-465.)) ;
#3679=CARTESIAN_POINT('Vertex',(67.5,-133.,-465.)) ;
#3682=CARTESIAN_POINT('Axis2P3D Location',(62.,-133.,-465.)) ;
#3692=CARTESIAN_POINT('Axis2P3D Location',(30.,-132.,-475.)) ;
#3697=CARTESIAN_POINT('Line Origine',(24.5,-132.,-475.)) ;
#3701=CARTESIAN_POINT('Vertex',(24.5,-147.,-475.)) ;
#3704=CARTESIAN_POINT('Axis2P3D Location',(30.,-147.,-475.)) ;
#3708=CARTESIAN_POINT('Vertex',(35.5,-147.,-475.)) ;
#3711=CARTESIAN_POINT('Line Origine',(35.5,-132.,-475.)) ;
#3724=CARTESIAN_POINT('Axis2P3D Location',(30.,-147.,-475.)) ;
#3737=CARTESIAN_POINT('Axis2P3D Location',(-46.,-132.,-490.)) ;
#3742=CARTESIAN_POINT('Line Origine',(-51.5,-132.,-490.)) ;
#3746=CARTESIAN_POINT('Vertex',(-51.5,-147.,-490.)) ;
#3749=CARTESIAN_POINT('Axis2P3D Location',(-46.,-147.,-490.)) ;
#3753=CARTESIAN_POINT('Vertex',(-40.5,-147.,-490.)) ;
#3756=CARTESIAN_POINT('Line Origine',(-40.5,-132.,-490.)) ;
#3769=CARTESIAN_POINT('Axis2P3D Location',(-46.,-147.,-490.)) ;
#3782=CARTESIAN_POINT('Axis2P3D Location',(46.,-132.,-470.)) ;
#3787=CARTESIAN_POINT('Line Origine',(40.5,-132.,-470.)) ;
#3791=CARTESIAN_POINT('Vertex',(40.5,-147.,-470.)) ;
#3794=CARTESIAN_POINT('Axis2P3D Location',(46.,-147.,-470.)) ;
#3798=CARTESIAN_POINT('Vertex',(51.5,-147.,-470.)) ;
#3801=CARTESIAN_POINT('Line Origine',(51.5,-132.,-470.)) ;
#3814=CARTESIAN_POINT('Axis2P3D Location',(46.,-147.,-470.)) ;
#3827=CARTESIAN_POINT('Axis2P3D Location',(-30.,-132.,-485.)) ;
#3832=CARTESIAN_POINT('Line Origine',(-35.5,-132.,-485.)) ;
#3836=CARTESIAN_POINT('Vertex',(-35.5,-147.,-485.)) ;
#3839=CARTESIAN_POINT('Axis2P3D Location',(-30.,-147.,-485.)) ;
#3843=CARTESIAN_POINT('Vertex',(-24.5,-147.,-485.)) ;
#3846=CARTESIAN_POINT('Line Origine',(-24.5,-132.,-485.)) ;
#3859=CARTESIAN_POINT('Axis2P3D Location',(-30.,-147.,-485.)) ;
#3872=CARTESIAN_POINT('Axis2P3D Location',(62.,-132.,-465.)) ;
#3877=CARTESIAN_POINT('Line Origine',(56.5,-132.,-465.)) ;
#3881=CARTESIAN_POINT('Vertex',(56.5,-147.,-465.)) ;
#3884=CARTESIAN_POINT('Axis2P3D Location',(62.,-147.,-465.)) ;
#3888=CARTESIAN_POINT('Vertex',(67.5,-147.,-465.)) ;
#3891=CARTESIAN_POINT('Line Origine',(67.5,-132.,-465.)) ;
#3904=CARTESIAN_POINT('Axis2P3D Location',(62.,-147.,-465.)) ;
#3917=CARTESIAN_POINT('Axis2P3D Location',(-62.,-132.,-495.)) ;
#3922=CARTESIAN_POINT('Line Origine',(-67.5,-132.,-495.)) ;
#3926=CARTESIAN_POINT('Vertex',(-67.5,-147.,-495.)) ;
#3929=CARTESIAN_POINT('Axis2P3D Location',(-62.,-147.,-495.)) ;
#3933=CARTESIAN_POINT('Vertex',(-56.5,-147.,-495.)) ;
#3936=CARTESIAN_POINT('Line Origine',(-56.5,-132.,-495.)) ;
#3949=CARTESIAN_POINT('Axis2P3D Location',(-62.,-147.,-495.)) ;
#3962=CARTESIAN_POINT('Axis2P3D Location',(-1.7763568394E-015,-132.,-480.)) ;
#3967=CARTESIAN_POINT('Axis2P3D Location',(-1.7763568394E-015,-142.,-480.)) ;
#3971=CARTESIAN_POINT('Vertex',(-5.5,-142.,-480.)) ;
#3973=CARTESIAN_POINT('Vertex',(5.5,-142.,-480.)) ;
#3976=CARTESIAN_POINT('Line Origine',(-5.5,-132.,-480.)) ;
#3981=CARTESIAN_POINT('Line Origine',(5.5,-132.,-480.)) ;
#3994=CARTESIAN_POINT('Axis2P3D Location',(-1.7763568394E-015,-142.,-480.)) ;
#4007=CARTESIAN_POINT('Axis2P3D Location',(19.2,-142.8,-480.)) ;
#4012=CARTESIAN_POINT('Line Origine',(19.2,-142.,-480.)) ;
#4016=CARTESIAN_POINT('Vertex',(19.2,-142.,-540.330729008)) ;
#4018=CARTESIAN_POINT('Vertex',(19.2,-142.,-419.669270992)) ;
#4022=CARTESIAN_POINT('Control Point',(20.,-142.8,-539.198019705)) ;
#4023=CARTESIAN_POINT('Control Point',(20.,-142.726185705,-539.306924737)) ;
#4024=CARTESIAN_POINT('Control Point',(19.9914866404,-142.65187377,-539.415492475)) ;
#4025=CARTESIAN_POINT('Control Point',(19.9742349972,-142.577562163,-539.522994413)) ;
#4026=CARTESIAN_POINT('Control Point',(19.9244749581,-142.439627525,-539.720589593)) ;
#4027=CARTESIAN_POINT('Control Point',(19.8364216761,-142.306730259,-539.907707511)) ;
#4028=CARTESIAN_POINT('Control Point',(19.7863761705,-142.246948339,-539.991214065)) ;
#4029=CARTESIAN_POINT('Control Point',(19.6688206594,-142.137339215,-540.143147406)) ;
#4030=CARTESIAN_POINT('Control Point',(19.5031317782,-142.051247768,-540.261033626)) ;
#4031=CARTESIAN_POINT('Control Point',(19.4102865936,-142.017273846,-540.307244507)) ;
#4032=CARTESIAN_POINT('Control Point',(19.3051440023,-142.,-540.330729008)) ;
#4033=CARTESIAN_POINT('Control Point',(19.2,-142.,-540.330729008)) ;
#4034=CARTESIAN_POINT('Vertex',(20.,-142.8,-539.198019705)) ;
#4037=CARTESIAN_POINT('Line Origine',(20.,-142.8,-480.)) ;
#4041=CARTESIAN_POINT('Vertex',(20.,-142.8,-420.801980295)) ;
#4045=CARTESIAN_POINT('Control Point',(20.,-142.8,-420.801980295)) ;
#4046=CARTESIAN_POINT('Control Point',(20.,-142.726185705,-420.693075263)) ;
#4047=CARTESIAN_POINT('Control Point',(19.9914866404,-142.65187377,-420.584507525)) ;
#4048=CARTESIAN_POINT('Control Point',(19.9742349972,-142.577562163,-420.477005587)) ;
#4049=CARTESIAN_POINT('Control Point',(19.9244749581,-142.439627525,-420.279410407)) ;
#4050=CARTESIAN_POINT('Control Point',(19.8364216761,-142.306730259,-420.092292489)) ;
#4051=CARTESIAN_POINT('Control Point',(19.7863761705,-142.246948339,-420.008785935)) ;
#4052=CARTESIAN_POINT('Control Point',(19.6688206595,-142.137339215,-419.856852594)) ;
#4053=CARTESIAN_POINT('Control Point',(19.5031317783,-142.051247768,-419.738966374)) ;
#4054=CARTESIAN_POINT('Control Point',(19.4102865934,-142.017273846,-419.692755493)) ;
#4055=CARTESIAN_POINT('Control Point',(19.3051440022,-142.,-419.669270992)) ;
#4056=CARTESIAN_POINT('Control Point',(19.2,-142.,-419.669270992)) ;
#4066=CARTESIAN_POINT('Axis2P3D Location',(-20.,-142.,-405.)) ;
#4071=CARTESIAN_POINT('Line Origine',(3.5527136788E-015,-142.,-419.669270992)) ;
#4075=CARTESIAN_POINT('Vertex',(-19.2,-142.,-419.669270992)) ;
#4078=CARTESIAN_POINT('Line Origine',(-19.2,-142.,-480.)) ;
#4082=CARTESIAN_POINT('Vertex',(-19.2,-142.,-540.330729008)) ;
#4085=CARTESIAN_POINT('Line Origine',(3.5527136788E-015,-142.,-540.330729008)) ;
#4102=CARTESIAN_POINT('Axis2P3D Location',(-19.2,-142.8,-480.)) ;
#4107=CARTESIAN_POINT('Line Origine',(-20.,-142.8,-480.)) ;
#4111=CARTESIAN_POINT('Vertex',(-20.,-142.8,-539.198019705)) ;
#4113=CARTESIAN_POINT('Vertex',(-20.,-142.8,-420.801980295)) ;
#4117=CARTESIAN_POINT('Control Point',(-20.,-142.8,-539.198019705)) ;
#4118=CARTESIAN_POINT('Control Point',(-20.,-142.726185705,-539.306924737)) ;
#4119=CARTESIAN_POINT('Control Point',(-19.9914866404,-142.65187377,-539.415492476)) ;
#4120=CARTESIAN_POINT('Control Point',(-19.9742349972,-142.577562163,-539.522994413)) ;
#4121=CARTESIAN_POINT('Control Point',(-19.9244749581,-142.439627525,-539.720589593)) ;
#4122=CARTESIAN_POINT('Control Point',(-19.8364216761,-142.306730259,-539.907707511)) ;
#4123=CARTESIAN_POINT('Control Point',(-19.7863761705,-142.246948339,-539.991214065)) ;
#4124=CARTESIAN_POINT('Control Point',(-19.6688206594,-142.137339215,-540.143147406)) ;
#4125=CARTESIAN_POINT('Control Point',(-19.5031317782,-142.051247768,-540.261033626)) ;
#4126=CARTESIAN_POINT('Control Point',(-19.4102865936,-142.017273846,-540.307244507)) ;
#4127=CARTESIAN_POINT('Control Point',(-19.3051440023,-142.,-540.330729008)) ;
#4128=CARTESIAN_POINT('Control Point',(-19.2,-142.,-540.330729008)) ;
#4131=CARTESIAN_POINT('Control Point',(-20.,-142.8,-420.801980295)) ;
#4132=CARTESIAN_POINT('Control Point',(-20.,-142.726185705,-420.693075263)) ;
#4133=CARTESIAN_POINT('Control Point',(-19.9914866404,-142.65187377,-420.584507525)) ;
#4134=CARTESIAN_POINT('Control Point',(-19.9742349972,-142.577562163,-420.477005587)) ;
#4135=CARTESIAN_POINT('Control Point',(-19.9244749581,-142.439627525,-420.279410407)) ;
#4136=CARTESIAN_POINT('Control Point',(-19.8364216761,-142.306730259,-420.092292489)) ;
#4137=CARTESIAN_POINT('Control Point',(-19.7863761705,-142.246948339,-420.008785935)) ;
#4138=CARTESIAN_POINT('Control Point',(-19.6688206594,-142.137339215,-419.856852594)) ;
#4139=CARTESIAN_POINT('Control Point',(-19.5031317782,-142.051247768,-419.738966374)) ;
#4140=CARTESIAN_POINT('Control Point',(-19.4102865936,-142.017273846,-419.692755493)) ;
#4141=CARTESIAN_POINT('Control Point',(-19.3051440023,-142.,-419.669270992)) ;
#4142=CARTESIAN_POINT('Control Point',(-19.2,-142.,-419.669270992)) ;
#4152=CARTESIAN_POINT('Axis2P3D Location',(-5.40034103394,-147.,-479.892435551)) ;
#4157=CARTESIAN_POINT('Line Origine',(21.,-147.,-480.)) ;
#4161=CARTESIAN_POINT('Vertex',(21.,-147.,-530.832159566)) ;
#4163=CARTESIAN_POINT('Vertex',(21.,-147.,-429.167840434)) ;
#4166=CARTESIAN_POINT('Line Origine',(72.,-147.,-530.832159566)) ;
#4171=CARTESIAN_POINT('Line Origine',(72.,-147.,-429.167840434)) ;
#4200=CARTESIAN_POINT('Axis2P3D Location',(20.,-142.,-405.)) ;
#4205=CARTESIAN_POINT('Line Origine',(20.,-146.,-480.)) ;
#4209=CARTESIAN_POINT('Vertex',(20.,-146.,-533.38749457)) ;
#4211=CARTESIAN_POINT('Vertex',(20.,-146.,-426.61250543)) ;
#4214=CARTESIAN_POINT('Axis2P3D Location',(20.,-113.,-441.)) ;
#4219=CARTESIAN_POINT('Axis2P3D Location',(20.,-113.,-519.)) ;
#4232=CARTESIAN_POINT('Axis2P3D Location',(21.,-147.,-480.)) ;
#4238=CARTESIAN_POINT('Control Point',(21.,-147.,-429.167840434)) ;
#4239=CARTESIAN_POINT('Control Point',(20.6959135333,-146.695913533,-428.294040532)) ;
#4240=CARTESIAN_POINT('Control Point',(20.3614231585,-146.361423159,-427.441486749)) ;
#4241=CARTESIAN_POINT('Control Point',(20.,-146.,-426.61250543)) ;
#4244=CARTESIAN_POINT('Control Point',(21.,-147.,-530.832159566)) ;
#4245=CARTESIAN_POINT('Control Point',(20.6959135334,-146.695913533,-531.705959468)) ;
#4246=CARTESIAN_POINT('Control Point',(20.3614231584,-146.361423158,-532.558513251)) ;
#4247=CARTESIAN_POINT('Control Point',(20.,-146.,-533.38749457)) ;
#4257=CARTESIAN_POINT('Line Origine',(-21.,-147.,-480.)) ;
#4261=CARTESIAN_POINT('Vertex',(-21.,-147.,-530.832159566)) ;
#4263=CARTESIAN_POINT('Vertex',(-21.,-147.,-429.167840434)) ;
#4266=CARTESIAN_POINT('Line Origine',(-72.,-147.,-429.167840434)) ;
#4271=CARTESIAN_POINT('Line Origine',(-72.,-147.,-530.832159566)) ;
#4300=CARTESIAN_POINT('Axis2P3D Location',(-20.,-162.,-405.)) ;
#4305=CARTESIAN_POINT('Line Origine',(-20.,-146.,-480.)) ;
#4309=CARTESIAN_POINT('Vertex',(-20.,-146.,-533.38749457)) ;
#4311=CARTESIAN_POINT('Vertex',(-20.,-146.,-426.61250543)) ;
#4314=CARTESIAN_POINT('Axis2P3D Location',(-20.,-113.,-519.)) ;
#4319=CARTESIAN_POINT('Axis2P3D Location',(-20.,-113.,-441.)) ;
#4332=CARTESIAN_POINT('Axis2P3D Location',(0.,-113.,-519.)) ;
#4338=CARTESIAN_POINT('Control Point',(-21.,-147.,-530.832159566)) ;
#4339=CARTESIAN_POINT('Control Point',(-20.6959135334,-146.695913533,-531.705959468)) ;
#4340=CARTESIAN_POINT('Control Point',(-20.3614231584,-146.361423158,-532.558513251)) ;
#4341=CARTESIAN_POINT('Control Point',(-20.,-146.,-533.38749457)) ;
#4358=CARTESIAN_POINT('Axis2P3D Location',(0.,-113.,-441.)) ;
#4364=CARTESIAN_POINT('Control Point',(-21.,-147.,-429.167840434)) ;
#4365=CARTESIAN_POINT('Control Point',(-20.6959135333,-146.695913533,-428.294040532)) ;
#4366=CARTESIAN_POINT('Control Point',(-20.3614231585,-146.361423159,-427.441486749)) ;
#4367=CARTESIAN_POINT('Control Point',(-20.,-146.,-426.61250543)) ;
#4384=CARTESIAN_POINT('Axis2P3D Location',(-20.,-146.,-480.)) ;
#4397=CARTESIAN_POINT('Axis2P3D Location',(204.,0.,-155.)) ;
#4402=CARTESIAN_POINT('Line Origine',(167.4,-8.,-155.)) ;
#4406=CARTESIAN_POINT('Vertex',(130.8,-8.,-155.)) ;
#4409=CARTESIAN_POINT('Line Origine',(130.8,0.,-155.)) ;
#4413=CARTESIAN_POINT('Vertex',(130.8,8.,-155.)) ;
#4416=CARTESIAN_POINT('Line Origine',(167.4,8.,-155.)) ;
#4428=CARTESIAN_POINT('Axis2P3D Location',(130.8,0.,-205.)) ;
#4433=CARTESIAN_POINT('Axis2P3D Location',(130.8,-8.,-205.)) ;
#4437=CARTESIAN_POINT('Vertex',(80.8,-8.,-205.)) ;
#4440=CARTESIAN_POINT('Line Origine',(80.8,0.,-205.)) ;
#4444=CARTESIAN_POINT('Vertex',(80.8,8.,-205.)) ;
#4447=CARTESIAN_POINT('Axis2P3D Location',(130.8,8.,-205.)) ;
#4459=CARTESIAN_POINT('Axis2P3D Location',(80.8,0.,-205.)) ;
#4464=CARTESIAN_POINT('Line Origine',(80.8,-8.,-247.5)) ;
#4468=CARTESIAN_POINT('Vertex',(80.8,-8.,-290.)) ;
#4471=CARTESIAN_POINT('Line Origine',(80.8,0.,-290.)) ;
#4475=CARTESIAN_POINT('Vertex',(80.8,8.,-290.)) ;
#4478=CARTESIAN_POINT('Line Origine',(80.8,8.,-247.5)) ;
#4490=CARTESIAN_POINT('Axis2P3D Location',(0.,-8.,0.)) ;
#4495=CARTESIAN_POINT('Line Origine',(127.4,-8.,-125.)) ;
#4499=CARTESIAN_POINT('Vertex',(50.8,-8.,-125.)) ;
#4502=CARTESIAN_POINT('Line Origine',(50.8,-8.,-207.5)) ;
#4506=CARTESIAN_POINT('Vertex',(50.8,-8.,-290.)) ;
#4509=CARTESIAN_POINT('Line Origine',(65.8,-8.,-290.)) ;
#4524=CARTESIAN_POINT('Axis2P3D Location',(0.,8.,0.)) ;
#4529=CARTESIAN_POINT('Line Origine',(65.8,8.,-290.)) ;
#4533=CARTESIAN_POINT('Vertex',(50.8,8.,-290.)) ;
#4536=CARTESIAN_POINT('Line Origine',(50.8,8.,-207.5)) ;
#4540=CARTESIAN_POINT('Vertex',(50.8,8.,-125.)) ;
#4543=CARTESIAN_POINT('Line Origine',(127.4,8.,-125.)) ;
#4558=CARTESIAN_POINT('Axis2P3D Location',(-65.8,0.,-290.)) ;
#4563=CARTESIAN_POINT('Line Origine',(-65.8,0.,-290.)) ;
#4567=CARTESIAN_POINT('Vertex',(-65.8,-6.,-290.)) ;
#4569=CARTESIAN_POINT('Vertex',(-65.8,6.,-290.)) ;
#4572=CARTESIAN_POINT('Line Origine',(-65.8,-6.,-274.166666667)) ;
#4576=CARTESIAN_POINT('Vertex',(-65.8,-6.,-258.333333333)) ;
#4579=CARTESIAN_POINT('Line Origine',(-65.8,0.,-258.333333333)) ;
#4583=CARTESIAN_POINT('Vertex',(-65.8,6.,-258.333333333)) ;
#4586=CARTESIAN_POINT('Line Origine',(-65.8,6.,-274.166666667)) ;
#4598=CARTESIAN_POINT('Axis2P3D Location',(-95.8,0.,-258.333333333)) ;
#4603=CARTESIAN_POINT('Axis2P3D Location',(-95.8,-6.,-258.333333333)) ;
#4607=CARTESIAN_POINT('Vertex',(-66.5317073171,-6.,-251.74796748)) ;
#4610=CARTESIAN_POINT('Line Origine',(-66.5317073171,0.,-251.74796748)) ;
#4614=CARTESIAN_POINT('Vertex',(-66.5317073171,6.,-251.74796748)) ;
#4617=CARTESIAN_POINT('Axis2P3D Location',(-95.8,6.,-258.333333333)) ;
#4629=CARTESIAN_POINT('Axis2P3D Location',(-66.5317073171,0.,-251.74796748)) ;
#4634=CARTESIAN_POINT('Line Origine',(-88.3,-6.,-155.)) ;
#4638=CARTESIAN_POINT('Vertex',(-110.068292683,-6.,-58.2520325203)) ;
#4641=CARTESIAN_POINT('Line Origine',(-110.068292683,0.,-58.2520325203)) ;
#4645=CARTESIAN_POINT('Vertex',(-110.068292683,6.,-58.2520325203)) ;
#4648=CARTESIAN_POINT('Line Origine',(-88.3,6.,-155.)) ;
#4660=CARTESIAN_POINT('Axis2P3D Location',(-80.8,0.,-51.6666666667)) ;
#4665=CARTESIAN_POINT('Axis2P3D Location',(-80.8,-6.,-51.6666666667)) ;
#4669=CARTESIAN_POINT('Vertex',(-110.8,-6.,-51.6666666667)) ;
#4672=CARTESIAN_POINT('Line Origine',(-110.8,0.,-51.6666666667)) ;
#4676=CARTESIAN_POINT('Vertex',(-110.8,6.,-51.6666666667)) ;
#4679=CARTESIAN_POINT('Axis2P3D Location',(-80.8,6.,-51.6666666667)) ;
#4691=CARTESIAN_POINT('Axis2P3D Location',(-110.8,0.,-51.6666666667)) ;
#4696=CARTESIAN_POINT('Line Origine',(-110.8,-6.,-35.8333333333)) ;
#4700=CARTESIAN_POINT('Vertex',(-110.8,-6.,-20.)) ;
#4703=CARTESIAN_POINT('Line Origine',(-110.8,0.,-20.)) ;
#4707=CARTESIAN_POINT('Vertex',(-110.8,6.,-20.)) ;
#4710=CARTESIAN_POINT('Line Origine',(-110.8,6.,-35.8333333333)) ;
#4722=CARTESIAN_POINT('Axis2P3D Location',(0.,-6.,0.)) ;
#4727=CARTESIAN_POINT('Line Origine',(-80.8,-6.,-20.)) ;
#4731=CARTESIAN_POINT('Vertex',(-50.8,-6.,-20.)) ;
#4734=CARTESIAN_POINT('Line Origine',(-58.3,-6.,-290.)) ;
#4738=CARTESIAN_POINT('Vertex',(-50.8,-6.,-290.)) ;
#4741=CARTESIAN_POINT('Line Origine',(-50.8,-6.,-155.)) ;
#4757=CARTESIAN_POINT('Axis2P3D Location',(0.,6.,0.)) ;
#4762=CARTESIAN_POINT('Line Origine',(-50.8,6.,-155.)) ;
#4766=CARTESIAN_POINT('Vertex',(-50.8,6.,-20.)) ;
#4768=CARTESIAN_POINT('Vertex',(-50.8,6.,-290.)) ;
#4771=CARTESIAN_POINT('Line Origine',(-58.3,6.,-290.)) ;
#4776=CARTESIAN_POINT('Line Origine',(-80.8,6.,-20.)) ;
#4792=CARTESIAN_POINT('Axis2P3D Location',(0.,0.,-575.)) ;
#4797=CARTESIAN_POINT('Axis2P3D Location',(0.,0.,-575.)) ;
#4801=CARTESIAN_POINT('Vertex',(-46.,5.63337527608E-015,-575.)) ;
#4803=CARTESIAN_POINT('Vertex',(46.,0.,-575.)) ;
#4806=CARTESIAN_POINT('Axis2P3D Location',(0.,0.,-575.)) ;
#4815=CARTESIAN_POINT('Axis2P3D Location',(0.,0.,-575.)) ;
#4819=CARTESIAN_POINT('Vertex',(2.5,0.,-575.)) ;
#4821=CARTESIAN_POINT('Vertex',(-2.5,3.06161699787E-016,-575.)) ;
#4824=CARTESIAN_POINT('Axis2P3D Location',(0.,0.,-575.)) ;
#4834=CARTESIAN_POINT('Axis2P3D Location',(0.,0.,-571.89)) ;
#4839=CARTESIAN_POINT('Axis2P3D Location',(0.,0.,-570.)) ;
#4843=CARTESIAN_POINT('Vertex',(-2.5,3.06161699787E-016,-570.)) ;
#4845=CARTESIAN_POINT('Vertex',(2.5,0.,-570.)) ;
#4848=CARTESIAN_POINT('Line Origine',(2.5,-6.12323399574E-016,-571.89)) ;
#4853=CARTESIAN_POINT('Line Origine',(-2.5,3.06161699787E-016,-571.89)) ;
#4865=CARTESIAN_POINT('Axis2P3D Location',(0.,0.,-570.)) ;
#4886=CARTESIAN_POINT('Axis2P3D Location',(0.,0.,-571.89)) ;
#4891=CARTESIAN_POINT('Line Origine',(-46.,5.63337527608E-015,-571.89)) ;
#4896=CARTESIAN_POINT('Line Origine',(46.,-1.12667505522E-014,-571.89)) ;
#4947=CARTESIAN_POINT('Line Origine',(-50.8,3.,-20.)) ;
#4951=CARTESIAN_POINT('Vertex',(-50.8,-1.24424114793E-014,-20.)) ;
#4954=CARTESIAN_POINT('Line Origine',(-50.8,-3.,-20.)) ;
#4967=CARTESIAN_POINT('Axis2P3D Location',(-50.8,0.,-20.)) ;
#4972=CARTESIAN_POINT('Line Origine',(-50.8,-3.,-290.)) ;
#4976=CARTESIAN_POINT('Vertex',(-50.8,0.,-290.)) ;
#4979=CARTESIAN_POINT('Line Origine',(-50.8,0.,-155.)) ;
#4991=CARTESIAN_POINT('Line Origine',(-50.8,3.,-290.)) ;
#5003=CARTESIAN_POINT('Axis2P3D Location',(-50.8,0.,-290.)) ;
#5016=CARTESIAN_POINT('Axis2P3D Location',(204.,0.,-125.)) ;
#5021=CARTESIAN_POINT('Line Origine',(50.8,4.,-125.)) ;
#5025=CARTESIAN_POINT('Vertex',(50.8,-1.24344978758E-014,-125.)) ;
#5028=CARTESIAN_POINT('Line Origine',(50.8,-4.,-125.)) ;
#5041=CARTESIAN_POINT('Axis2P3D Location',(50.8,0.,-290.)) ;
#5046=CARTESIAN_POINT('Line Origine',(50.8,-4.,-290.)) ;
#5050=CARTESIAN_POINT('Vertex',(50.8,-1.24344978758E-014,-290.)) ;
#5053=CARTESIAN_POINT('Line Origine',(50.8,0.,-207.5)) ;
#5065=CARTESIAN_POINT('Line Origine',(50.8,4.,-290.)) ;
#5077=CARTESIAN_POINT('Axis2P3D Location',(50.8,0.,-290.)) ;
#8=PRODUCT_RELATED_PRODUCT_CATEGORY('part',$,(#5)) ;
#29=STYLED_ITEM(' ',(#28),#21) ;
#28=PRESENTATION_STYLE_ASSIGNMENT((#27)) ;
#163=PRESENTATION_STYLE_ASSIGNMENT((#162)) ;
#27=SURFACE_STYLE_USAGE(.BOTH.,#26) ;
#162=SURFACE_STYLE_USAGE(.BOTH.,#161) ;
#26=SURFACE_SIDE_STYLE(' ',(#25)) ;
#161=SURFACE_SIDE_STYLE(' ',(#160)) ;
#25=SURFACE_STYLE_FILL_AREA(#24) ;
#160=SURFACE_STYLE_FILL_AREA(#159) ;
#24=FILL_AREA_STYLE(' ',(#23)) ;
#159=FILL_AREA_STYLE(' ',(#158)) ;
#23=FILL_AREA_STYLE_COLOUR(' ',#22) ;
#158=FILL_AREA_STYLE_COLOUR(' ',#157) ;
#38=VECTOR('Line Direction',#37,1.) ;
#54=VECTOR('Line Direction',#53,1.) ;
#90=VECTOR('Line Direction',#89,1.) ;
#107=VECTOR('Line Direction',#106,1.) ;
#323=VECTOR('Line Direction',#322,1.) ;
#337=VECTOR('Line Direction',#336,1.) ;
#368=VECTOR('Line Direction',#367,1.) ;
#382=VECTOR('Line Direction',#381,1.) ;
#413=VECTOR('Line Direction',#412,1.) ;
#427=VECTOR('Line Direction',#426,1.) ;
#467=VECTOR('Line Direction',#466,1.) ;
#481=VECTOR('Line Direction',#480,1.) ;
#507=VECTOR('Line Direction',#506,1.) ;
#521=VECTOR('Line Direction',#520,1.) ;
#547=VECTOR('Line Direction',#546,1.) ;
#561=VECTOR('Line Direction',#560,1.) ;
#578=VECTOR('Line Direction',#577,1.) ;
#585=VECTOR('Line Direction',#584,1.) ;
#590=VECTOR('Line Direction',#589,1.) ;
#616=VECTOR('Line Direction',#615,1.) ;
#623=VECTOR('Line Direction',#622,1.) ;
#640=VECTOR('Line Direction',#639,1.) ;
#647=VECTOR('Line Direction',#646,1.) ;
#665=VECTOR('Line Direction',#664,1.) ;
#674=VECTOR('Line Direction',#673,1.) ;
#681=VECTOR('Line Direction',#680,1.) ;
#688=VECTOR('Line Direction',#687,1.) ;
#705=VECTOR('Line Direction',#704,1.) ;
#722=VECTOR('Line Direction',#721,1.) ;
#744=VECTOR('Line Direction',#743,1.) ;
#749=VECTOR('Line Direction',#748,1.) ;
#754=VECTOR('Line Direction',#753,1.) ;
#774=VECTOR('Line Direction',#773,1.) ;
#783=VECTOR('Line Direction',#782,1.) ;
#788=VECTOR('Line Direction',#787,1.) ;
#861=VECTOR('Line Direction',#860,1.) ;
#866=VECTOR('Line Direction',#865,1.) ;
#903=VECTOR('Line Direction',#902,1.) ;
#908=VECTOR('Line Direction',#907,1.) ;
#929=VECTOR('Line Direction',#928,1.) ;
#951=VECTOR('Line Direction',#950,1.) ;
#956=VECTOR('Line Direction',#955,1.) ;
#963=VECTOR('Line Direction',#962,1.) ;
#990=VECTOR('Line Direction',#989,1.) ;
#1014=VECTOR('Line Direction',#1013,1.) ;
#1055=VECTOR('Line Direction',#1054,1.) ;
#1098=VECTOR('Line Direction',#1097,1.) ;
#1107=VECTOR('Line Direction',#1106,1.) ;
#1112=VECTOR('Line Direction',#1111,1.) ;
#1143=VECTOR('Line Direction',#1142,1.) ;
#1160=VECTOR('Line Direction',#1159,1.) ;
#1169=VECTOR('Line Direction',#1168,1.) ;
#1176=VECTOR('Line Direction',#1175,1.) ;
#1183=VECTOR('Line Direction',#1182,1.) ;
#1207=VECTOR('Line Direction',#1206,1.) ;
#1245=VECTOR('Line Direction',#1244,1.) ;
#1262=VECTOR('Line Direction',#1261,1.) ;
#1267=VECTOR('Line Direction',#1266,1.) ;
#1298=VECTOR('Line Direction',#1297,1.) ;
#1322=VECTOR('Line Direction',#1321,1.) ;
#1346=VECTOR('Line Direction',#1345,1.) ;
#1351=VECTOR('Line Direction',#1350,1.) ;
#1445=VECTOR('Line Direction',#1444,1.) ;
#1452=VECTOR('Line Direction',#1451,1.) ;
#1532=VECTOR('Line Direction',#1531,1.) ;
#1539=VECTOR('Line Direction',#1538,1.) ;
#1614=VECTOR('Line Direction',#1613,1.) ;
#1621=VECTOR('Line Direction',#1620,1.) ;
#1705=VECTOR('Line Direction',#1704,1.) ;
#1710=VECTOR('Line Direction',#1709,1.) ;
#1752=VECTOR('Line Direction',#1751,1.) ;
#1757=VECTOR('Line Direction',#1756,1.) ;
#1799=VECTOR('Line Direction',#1798,1.) ;
#1804=VECTOR('Line Direction',#1803,1.) ;
#1914=VECTOR('Line Direction',#1913,1.) ;
#1921=VECTOR('Line Direction',#1920,1.) ;
#1971=VECTOR('Line Direction',#1970,1.) ;
#1978=VECTOR('Line Direction',#1977,1.) ;
#2023=VECTOR('Line Direction',#2022,1.) ;
#2030=VECTOR('Line Direction',#2029,1.) ;
#2075=VECTOR('Line Direction',#2074,1.) ;
#2091=VECTOR('Line Direction',#2090,1.) ;
#2110=VECTOR('Line Direction',#2109,1.) ;
#2126=VECTOR('Line Direction',#2125,1.) ;
#2145=VECTOR('Line Direction',#2144,1.) ;
#2154=VECTOR('Line Direction',#2153,1.) ;
#2168=VECTOR('Line Direction',#2167,1.) ;
#2175=VECTOR('Line Direction',#2174,1.) ;
#2182=VECTOR('Line Direction',#2181,1.) ;
#2291=VECTOR('Line Direction',#2290,1.) ;
#2298=VECTOR('Line Direction',#2297,1.) ;
#2334=VECTOR('Line Direction',#2333,1.) ;
#2350=VECTOR('Line Direction',#2349,1.) ;
#2364=VECTOR('Line Direction',#2363,1.) ;
#2378=VECTOR('Line Direction',#2377,1.) ;
#2392=VECTOR('Line Direction',#2391,1.) ;
#2399=VECTOR('Line Direction',#2398,1.) ;
#2406=VECTOR('Line Direction',#2405,1.) ;
#2442=VECTOR('Line Direction',#2441,1.) ;
#2451=VECTOR('Line Direction',#2450,1.) ;
#2458=VECTOR('Line Direction',#2457,1.) ;
#2472=VECTOR('Line Direction',#2471,1.) ;
#2486=VECTOR('Line Direction',#2485,1.) ;
#2500=VECTOR('Line Direction',#2499,1.) ;
#2514=VECTOR('Line Direction',#2513,1.) ;
#2550=VECTOR('Line Direction',#2549,1.) ;
#2555=VECTOR('Line Direction',#2554,1.) ;
#2572=VECTOR('Line Direction',#2571,1.) ;
#2589=VECTOR('Line Direction',#2588,1.) ;
#2605=VECTOR('Line Direction',#2604,1.) ;
#2617=VECTOR('Line Direction',#2616,1.) ;
#2629=VECTOR('Line Direction',#2628,1.) ;
#2643=VECTOR('Line Direction',#2642,1.) ;
#2650=VECTOR('Line Direction',#2649,1.) ;
#2675=VECTOR('Line Direction',#2674,1.) ;
#2684=VECTOR('Line Direction',#2683,1.) ;
#2696=VECTOR('Line Direction',#2695,1.) ;
#2710=VECTOR('Line Direction',#2709,1.) ;
#2724=VECTOR('Line Direction',#2723,1.) ;
#2738=VECTOR('Line Direction',#2737,1.) ;
#2781=VECTOR('Line Direction',#2780,1.) ;
#2798=VECTOR('Line Direction',#2797,1.) ;
#2805=VECTOR('Line Direction',#2804,1.) ;
#2822=VECTOR('Line Direction',#2821,1.) ;
#2829=VECTOR('Line Direction',#2828,1.) ;
#2836=VECTOR('Line Direction',#2835,1.) ;
#2855=VECTOR('Line Direction',#2854,1.) ;
#2867=VECTOR('Line Direction',#2866,1.) ;
#2874=VECTOR('Line Direction',#2873,1.) ;
#2881=VECTOR('Line Direction',#2880,1.) ;
#3088=VECTOR('Line Direction',#3087,1.) ;
#3093=VECTOR('Line Direction',#3092,1.) ;
#3133=VECTOR('Line Direction',#3132,1.) ;
#3138=VECTOR('Line Direction',#3137,1.) ;
#3169=VECTOR('Line Direction',#3168,1.) ;
#3183=VECTOR('Line Direction',#3182,1.) ;
#3214=VECTOR('Line Direction',#3213,1.) ;
#3228=VECTOR('Line Direction',#3227,1.) ;
#3266=VECTOR('Line Direction',#3265,1.) ;
#3283=VECTOR('Line Direction',#3282,1.) ;
#3302=VECTOR('Line Direction',#3301,1.) ;
#3336=VECTOR('Line Direction',#3335,1.) ;
#3343=VECTOR('Line Direction',#3342,1.) ;
#3372=VECTOR('Line Direction',#3371,1.) ;
#3396=VECTOR('Line Direction',#3395,1.) ;
#3401=VECTOR('Line Direction',#3400,1.) ;
#3425=VECTOR('Line Direction',#3424,1.) ;
#3444=VECTOR('Line Direction',#3443,1.) ;
#3469=VECTOR('Line Direction',#3468,1.) ;
#3486=VECTOR('Line Direction',#3485,1.) ;
#3498=VECTOR('Line Direction',#3497,1.) ;
#3510=VECTOR('Line Direction',#3509,1.) ;
#3529=VECTOR('Line Direction',#3528,1.) ;
#3699=VECTOR('Line Direction',#3698,1.) ;
#3713=VECTOR('Line Direction',#3712,1.) ;
#3744=VECTOR('Line Direction',#3743,1.) ;
#3758=VECTOR('Line Direction',#3757,1.) ;
#3789=VECTOR('Line Direction',#3788,1.) ;
#3803=VECTOR('Line Direction',#3802,1.) ;
#3834=VECTOR('Line Direction',#3833,1.) ;
#3848=VECTOR('Line Direction',#3847,1.) ;
#3879=VECTOR('Line Direction',#3878,1.) ;
#3893=VECTOR('Line Direction',#3892,1.) ;
#3924=VECTOR('Line Direction',#3923,1.) ;
#3938=VECTOR('Line Direction',#3937,1.) ;
#3978=VECTOR('Line Direction',#3977,1.) ;
#3983=VECTOR('Line Direction',#3982,1.) ;
#4014=VECTOR('Line Direction',#4013,1.) ;
#4039=VECTOR('Line Direction',#4038,1.) ;
#4073=VECTOR('Line Direction',#4072,1.) ;
#4080=VECTOR('Line Direction',#4079,1.) ;
#4087=VECTOR('Line Direction',#4086,1.) ;
#4109=VECTOR('Line Direction',#4108,1.) ;
#4159=VECTOR('Line Direction',#4158,1.) ;
#4168=VECTOR('Line Direction',#4167,1.) ;
#4173=VECTOR('Line Direction',#4172,1.) ;
#4207=VECTOR('Line Direction',#4206,1.) ;
#4259=VECTOR('Line Direction',#4258,1.) ;
#4268=VECTOR('Line Direction',#4267,1.) ;
#4273=VECTOR('Line Direction',#4272,1.) ;
#4307=VECTOR('Line Direction',#4306,1.) ;
#4404=VECTOR('Line Direction',#4403,1.) ;
#4411=VECTOR('Line Direction',#4410,1.) ;
#4418=VECTOR('Line Direction',#4417,1.) ;
#4442=VECTOR('Line Direction',#4441,1.) ;
#4466=VECTOR('Line Direction',#4465,1.) ;
#4473=VECTOR('Line Direction',#4472,1.) ;
#4480=VECTOR('Line Direction',#4479,1.) ;
#4497=VECTOR('Line Direction',#4496,1.) ;
#4504=VECTOR('Line Direction',#4503,1.) ;
#4511=VECTOR('Line Direction',#4510,1.) ;
#4531=VECTOR('Line Direction',#4530,1.) ;
#4538=VECTOR('Line Direction',#4537,1.) ;
#4545=VECTOR('Line Direction',#4544,1.) ;
#4565=VECTOR('Line Direction',#4564,1.) ;
#4574=VECTOR('Line Direction',#4573,1.) ;
#4581=VECTOR('Line Direction',#4580,1.) ;
#4588=VECTOR('Line Direction',#4587,1.) ;
#4612=VECTOR('Line Direction',#4611,1.) ;
#4636=VECTOR('Line Direction',#4635,1.) ;
#4643=VECTOR('Line Direction',#4642,1.) ;
#4650=VECTOR('Line Direction',#4649,1.) ;
#4674=VECTOR('Line Direction',#4673,1.) ;
#4698=VECTOR('Line Direction',#4697,1.) ;
#4705=VECTOR('Line Direction',#4704,1.) ;
#4712=VECTOR('Line Direction',#4711,1.) ;
#4729=VECTOR('Line Direction',#4728,1.) ;
#4736=VECTOR('Line Direction',#4735,1.) ;
#4743=VECTOR('Line Direction',#4742,1.) ;
#4764=VECTOR('Line Direction',#4763,1.) ;
#4773=VECTOR('Line Direction',#4772,1.) ;
#4778=VECTOR('Line Direction',#4777,1.) ;
#4850=VECTOR('Line Direction',#4849,1.) ;
#4855=VECTOR('Line Direction',#4854,1.) ;
#4893=VECTOR('Line Direction',#4892,1.) ;
#4898=VECTOR('Line Direction',#4897,1.) ;
#4949=VECTOR('Line Direction',#4948,1.) ;
#4956=VECTOR('Line Direction',#4955,1.) ;
#4974=VECTOR('Line Direction',#4973,1.) ;
#4981=VECTOR('Line Direction',#4980,1.) ;
#4993=VECTOR('Line Direction',#4992,1.) ;
#5023=VECTOR('Line Direction',#5022,1.) ;
#5030=VECTOR('Line Direction',#5029,1.) ;
#5048=VECTOR('Line Direction',#5047,1.) ;
#5055=VECTOR('Line Direction',#5054,1.) ;
#5067=VECTOR('Line Direction',#5066,1.) ;
#32=DIRECTION('Axis2P3D Direction',(0.,1.,-0.)) ;
#33=DIRECTION('Axis2P3D XDirection',(0.642787609687,0.,0.766044443119)) ;
#37=DIRECTION('Vector Direction',(0.,1.,0.)) ;
#46=DIRECTION('Axis2P3D Direction',(0.,1.,-0.)) ;
#53=DIRECTION('Vector Direction',(0.,1.,0.)) ;
#60=DIRECTION('Axis2P3D Direction',(0.,1.,-0.)) ;
#72=DIRECTION('Axis2P3D Direction',(0.,1.,-0.)) ;
#73=DIRECTION('Axis2P3D XDirection',(-5.05321549807E-016,0.,1.)) ;
#89=DIRECTION('Vector Direction',(0.,1.,0.)) ;
#106=DIRECTION('Vector Direction',(0.,1.,0.)) ;
#118=DIRECTION('Axis2P3D Direction',(0.,-0.,1.)) ;
#119=DIRECTION('Axis2P3D XDirection',(-0.986714975761,-0.162460938716,0.)) ;
#123=DIRECTION('Axis2P3D Direction',(0.,-0.,1.)) ;
#132=DIRECTION('Axis2P3D Direction',(-0.479425552635,0.877582554226,0.)) ;
#139=DIRECTION('Axis2P3D Direction',(0.,-0.,1.)) ;
#146=DIRECTION('Axis2P3D Direction',(0.479425538604,-0.87758256189,-0.)) ;
#166=DIRECTION('Axis2P3D Direction',(-0.,0.,1.)) ;
#167=DIRECTION('Axis2P3D XDirection',(0.87758256189,0.479425538604,0.)) ;
#171=DIRECTION('Axis2P3D Direction',(-0.,0.,1.)) ;
#176=DIRECTION('Axis2P3D Direction',(-0.,0.,1.)) ;
#189=DIRECTION('Axis2P3D Direction',(-0.,0.,1.)) ;
#190=DIRECTION('Axis2P3D XDirection',(0.87758256189,0.479425538604,0.)) ;
#194=DIRECTION('Axis2P3D Direction',(-0.,0.,1.)) ;
#203=DIRECTION('Axis2P3D Direction',(0.479425538604,-0.87758256189,0.)) ;
#210=DIRECTION('Axis2P3D Direction',(-0.,0.,1.)) ;
#217=DIRECTION('Axis2P3D Direction',(-0.479425524124,0.877582569801,-0.)) ;
#230=DIRECTION('Axis2P3D Direction',(0.,-0.,1.)) ;
#231=DIRECTION('Axis2P3D XDirection',(-0.98671497576,-0.162460938722,0.)) ;
#235=DIRECTION('Axis2P3D Direction',(0.,-0.,1.)) ;
#240=DIRECTION('Axis2P3D Direction',(0.,-0.,1.)) ;
#253=DIRECTION('Axis2P3D Direction',(0.,-0.,1.)) ;
#254=DIRECTION('Axis2P3D XDirection',(-0.986714975761,-0.162460938719,0.)) ;
#258=DIRECTION('Axis2P3D Direction',(0.,-0.,1.)) ;
#267=DIRECTION('Axis2P3D Direction',(-0.479425552635,0.877582554225,0.)) ;
#274=DIRECTION('Axis2P3D Direction',(0.,-0.,1.)) ;
#281=DIRECTION('Axis2P3D Direction',(0.479425538604,-0.87758256189,-0.)) ;
#294=DIRECTION('Axis2P3D Direction',(-0.,0.,1.)) ;
#295=DIRECTION('Axis2P3D XDirection',(0.87758256189,0.479425538604,0.)) ;
#299=DIRECTION('Axis2P3D Direction',(-0.,0.,1.)) ;
#304=DIRECTION('Axis2P3D Direction',(-0.,0.,1.)) ;
#317=DIRECTION('Axis2P3D Direction',(-0.,0.,1.)) ;
#318=DIRECTION('Axis2P3D XDirection',(0.87758256189,0.479425538604,0.)) ;
#322=DIRECTION('Vector Direction',(0.,0.,1.)) ;
#329=DIRECTION('Axis2P3D Direction',(-0.,0.,1.)) ;
#336=DIRECTION('Vector Direction',(0.,0.,1.)) ;
#349=DIRECTION('Axis2P3D Direction',(-0.,0.,1.)) ;
#362=DIRECTION('Axis2P3D Direction',(-0.,0.,1.)) ;
#363=DIRECTION('Axis2P3D XDirection',(0.87758256189,0.479425538604,0.)) ;
#367=DIRECTION('Vector Direction',(0.,0.,1.)) ;
#374=DIRECTION('Axis2P3D Direction',(-0.,0.,1.)) ;
#381=DIRECTION('Vector Direction',(0.,0.,1.)) ;
#394=DIRECTION('Axis2P3D Direction',(-0.,0.,1.)) ;
#407=DIRECTION('Axis2P3D Direction',(0.,-0.,1.)) ;
#408=DIRECTION('Axis2P3D XDirection',(0.87758256189,0.479425538604,0.)) ;
#412=DIRECTION('Vector Direction',(0.,0.,1.)) ;
#419=DIRECTION('Axis2P3D Direction',(0.,-0.,1.)) ;
#426=DIRECTION('Vector Direction',(0.,0.,1.)) ;
#439=DIRECTION('Axis2P3D Direction',(0.,-0.,1.)) ;
#452=DIRECTION('Axis2P3D Direction',(0.,1.,-0.)) ;
#453=DIRECTION('Axis2P3D XDirection',(0.642787609687,0.,0.766044443119)) ;
#457=DIRECTION('Axis2P3D Direction',(0.,1.,-0.)) ;
#466=DIRECTION('Vector Direction',(0.,1.,0.)) ;
#473=DIRECTION('Axis2P3D Direction',(0.,1.,-0.)) ;
#480=DIRECTION('Vector Direction',(0.,1.,0.)) ;
#492=DIRECTION('Axis2P3D Direction',(0.,0.,1.)) ;
#493=DIRECTION('Axis2P3D XDirection',(0.,-1.,0.)) ;
#497=DIRECTION('Axis2P3D Direction',(0.,0.,1.)) ;
#506=DIRECTION('Vector Direction',(0.,0.,1.)) ;
#513=DIRECTION('Axis2P3D Direction',(0.,0.,1.)) ;
#520=DIRECTION('Vector Direction',(0.,0.,1.)) ;
#532=DIRECTION('Axis2P3D Direction',(-1.,0.,0.)) ;
#533=DIRECTION('Axis2P3D XDirection',(0.,1.,1.83697019872E-016)) ;
#537=DIRECTION('Axis2P3D Direction',(-1.,0.,0.)) ;
#546=DIRECTION('Vector Direction',(-1.,0.,0.)) ;
#553=DIRECTION('Axis2P3D Direction',(-1.,0.,0.)) ;
#560=DIRECTION('Vector Direction',(-1.,0.,0.)) ;
#572=DIRECTION('Axis2P3D Direction',(1.,-0.,0.)) ;
#573=DIRECTION('Axis2P3D XDirection',(0.,0.,-1.)) ;
#577=DIRECTION('Vector Direction',(0.,1.,0.)) ;
#584=DIRECTION('Vector Direction',(0.,0.,-1.)) ;
#589=DIRECTION('Vector Direction',(0.,0.,-1.)) ;
#596=DIRECTION('Axis2P3D Direction',(1.,-0.,0.)) ;
#610=DIRECTION('Axis2P3D Direction',(0.,0.,-1.)) ;
#611=DIRECTION('Axis2P3D XDirection',(-1.,0.,0.)) ;
#615=DIRECTION('Vector Direction',(0.,1.,0.)) ;
#622=DIRECTION('Vector Direction',(-1.,0.,0.)) ;
#634=DIRECTION('Axis2P3D Direction',(-1.,0.,0.)) ;
#635=DIRECTION('Axis2P3D XDirection',(0.,0.,1.)) ;
#639=DIRECTION('Vector Direction',(0.,0.,1.)) ;
#646=DIRECTION('Vector Direction',(0.,0.,1.)) ;
#651=DIRECTION('Axis2P3D Direction',(-1.,0.,0.)) ;
#664=DIRECTION('Vector Direction',(0.,0.,-1.)) ;
#673=DIRECTION('Vector Direction',(0.,1.,0.)) ;
#680=DIRECTION('Vector Direction',(0.,0.,-1.)) ;
#687=DIRECTION('Vector Direction',(0.,1.,0.)) ;
#699=DIRECTION('Axis2P3D Direction',(-1.,0.,0.)) ;
#700=DIRECTION('Axis2P3D XDirection',(-0.,1.83697019872E-016,-1.)) ;
#704=DIRECTION('Vector Direction',(-1.,0.,0.)) ;
#716=DIRECTION('Axis2P3D Direction',(-0.707106781187,0.707106781187,0.)) ;
#717=DIRECTION('Axis2P3D XDirection',(0.707106781187,0.707106781187,0.)) ;
#721=DIRECTION('Vector Direction',(0.,0.,-1.)) ;
#743=DIRECTION('Vector Direction',(0.707106781187,0.707106781187,0.)) ;
#748=DIRECTION('Vector Direction',(0.707106781187,0.707106781187,0.)) ;
#753=DIRECTION('Vector Direction',(-0.608120402411,-0.608120402411,0.510273605375)) ;
#768=DIRECTION('Axis2P3D Direction',(-0.,1.,0.)) ;
#769=DIRECTION('Axis2P3D XDirection',(1.,0.,0.)) ;
#773=DIRECTION('Vector Direction',(0.,0.,-1.)) ;
#782=DIRECTION('Vector Direction',(0.766044443119,0.,-0.642787609687)) ;
#787=DIRECTION('Vector Direction',(0.766044443119,0.,-0.642787609687)) ;
#803=DIRECTION('Axis2P3D Direction',(0.,0.,-1.)) ;
#804=DIRECTION('Axis2P3D XDirection',(-0.707106781187,0.707106781187,0.)) ;
#840=DIRECTION('Axis2P3D Direction',(0.642787609687,-0.,0.766044443119)) ;
#841=DIRECTION('Axis2P3D XDirection',(0.766044443119,0.,-0.642787609687)) ;
#860=DIRECTION('Vector Direction',(0.,1.,0.)) ;
#865=DIRECTION('Vector Direction',(0.766044443119,0.,-0.642787609687)) ;
#879=DIRECTION('Axis2P3D Direction',(-0.642787609687,0.,-0.766044443119)) ;
#880=DIRECTION('Axis2P3D XDirection',(-0.766044443119,0.,0.642787609687)) ;
#902=DIRECTION('Vector Direction',(0.766044443119,0.,-0.642787609687)) ;
#907=DIRECTION('Vector Direction',(-0.608120402411,0.608120402411,0.510273605375)) ;
#923=DIRECTION('Axis2P3D Direction',(0.707106781187,0.707106781187,0.)) ;
#924=DIRECTION('Axis2P3D XDirection',(0.707106781187,-0.707106781187,0.)) ;
#928=DIRECTION('Vector Direction',(0.707106781187,-0.707106781187,0.)) ;
#950=DIRECTION('Vector Direction',(0.,0.,-1.)) ;
#955=DIRECTION('Vector Direction',(0.707106781187,-0.707106781187,0.)) ;
#962=DIRECTION('Vector Direction',(0.,0.,-1.)) ;
#977=DIRECTION('Axis2P3D Direction',(0.,0.,-1.)) ;
#978=DIRECTION('Axis2P3D XDirection',(-2.77555756156E-016,1.,0.)) ;
#982=DIRECTION('Axis2P3D Direction',(0.,0.,-1.)) ;
#989=DIRECTION('Vector Direction',(0.,0.,-1.)) ;
#996=DIRECTION('Axis2P3D Direction',(0.,0.,-1.)) ;
#1008=DIRECTION('Axis2P3D Direction',(-0.,1.,0.)) ;
#1009=DIRECTION('Axis2P3D XDirection',(1.,0.,0.)) ;
#1013=DIRECTION('Vector Direction',(0.,0.,-1.)) ;
#1029=DIRECTION('Axis2P3D Direction',(0.,0.,-1.)) ;
#1030=DIRECTION('Axis2P3D XDirection',(0.,-1.,0.)) ;
#1049=DIRECTION('Axis2P3D Direction',(0.,1.,-0.)) ;
#1050=DIRECTION('Axis2P3D XDirection',(6.04901474818E-016,0.,1.)) ;
#1054=DIRECTION('Vector Direction',(0.,1.,0.)) ;
#1068=DIRECTION('Axis2P3D Direction',(0.,0.,-1.)) ;
#1069=DIRECTION('Axis2P3D XDirection',(-1.,0.,0.)) ;
#1073=DIRECTION('Axis2P3D Direction',(0.,0.,-1.)) ;
#1082=DIRECTION('Axis2P3D Direction',(0.,0.,-1.)) ;
#1092=DIRECTION('Axis2P3D Direction',(0.,1.,-0.)) ;
#1093=DIRECTION('Axis2P3D XDirection',(-1.,0.,0.)) ;
#1097=DIRECTION('Vector Direction',(0.,0.,-1.)) ;
#1106=DIRECTION('Vector Direction',(-1.,0.,0.)) ;
#1111=DIRECTION('Vector Direction',(-1.,0.,0.)) ;
#1123=DIRECTION('Axis2P3D Direction',(-0.,0.,-1.)) ;
#1124=DIRECTION('Axis2P3D XDirection',(-5.55111512313E-017,-1.,0.)) ;
#1128=DIRECTION('Axis2P3D Direction',(-0.,0.,-1.)) ;
#1135=DIRECTION('Axis2P3D Direction',(-0.,0.,-1.)) ;
#1142=DIRECTION('Vector Direction',(0.,0.,-1.)) ;
#1154=DIRECTION('Axis2P3D Direction',(-1.,0.,0.)) ;
#1155=DIRECTION('Axis2P3D XDirection',(0.,0.,1.)) ;
#1159=DIRECTION('Vector Direction',(0.,-1.,0.)) ;
#1168=DIRECTION('Vector Direction',(0.,0.,-1.)) ;
#1175=DIRECTION('Vector Direction',(0.,1.,0.)) ;
#1182=DIRECTION('Vector Direction',(0.,0.,-1.)) ;
#1194=DIRECTION('Axis2P3D Direction',(0.,0.,-1.)) ;
#1195=DIRECTION('Axis2P3D XDirection',(-0.414280628468,-0.910149197042,0.)) ;
#1199=DIRECTION('Axis2P3D Direction',(0.,0.,-1.)) ;
#1206=DIRECTION('Vector Direction',(0.,0.,-1.)) ;
#1213=DIRECTION('Axis2P3D Direction',(0.,0.,-1.)) ;
#1225=DIRECTION('Axis2P3D Direction',(0.,0.,-1.)) ;
#1226=DIRECTION('Axis2P3D XDirection',(-1.,-1.83697019872E-016,-0.)) ;
#1230=DIRECTION('Axis2P3D Direction',(0.,0.,-1.)) ;
#1237=DIRECTION('Axis2P3D Direction',(0.,0.,-1.)) ;
#1244=DIRECTION('Vector Direction',(0.,0.,-1.)) ;
#1256=DIRECTION('Axis2P3D Direction',(0.414280628468,0.910149197042,0.)) ;
#1257=DIRECTION('Axis2P3D XDirection',(0.910149197042,-0.414280628468,0.)) ;
#1261=DIRECTION('Vector Direction',(0.910149197042,-0.414280628468,0.)) ;
#1266=DIRECTION('Vector Direction',(0.910149197042,-0.414280628468,0.)) ;
#1278=DIRECTION('Axis2P3D Direction',(0.,0.,1.)) ;
#1279=DIRECTION('Axis2P3D XDirection',(-1.94312510098E-006,0.999999999998,0.)) ;
#1283=DIRECTION('Axis2P3D Direction',(0.,0.,1.)) ;
#1290=DIRECTION('Axis2P3D Direction',(0.,0.,1.)) ;
#1297=DIRECTION('Vector Direction',(0.,0.,1.)) ;
#1309=DIRECTION('Axis2P3D Direction',(0.,0.,1.)) ;
#1310=DIRECTION('Axis2P3D XDirection',(-5.55111512313E-017,-1.,0.)) ;
#1314=DIRECTION('Axis2P3D Direction',(0.,0.,1.)) ;
#1321=DIRECTION('Vector Direction',(0.,0.,1.)) ;
#1328=DIRECTION('Axis2P3D Direction',(0.,0.,1.)) ;
#1340=DIRECTION('Axis2P3D Direction',(-0.,-1.,-0.)) ;
#1341=DIRECTION('Axis2P3D XDirection',(-1.,0.,0.)) ;
#1345=DIRECTION('Vector Direction',(1.,0.,0.)) ;
#1350=DIRECTION('Vector Direction',(-1.,0.,0.)) ;
#1362=DIRECTION('Axis2P3D Direction',(0.,0.,1.)) ;
#1363=DIRECTION('Axis2P3D XDirection',(1.,0.,0.)) ;
#1383=DIRECTION('Axis2P3D Direction',(0.,0.,1.)) ;
#1392=DIRECTION('Axis2P3D Direction',(0.,0.,1.)) ;
#1401=DIRECTION('Axis2P3D Direction',(0.,0.,1.)) ;
#1410=DIRECTION('Axis2P3D Direction',(0.,0.,1.)) ;
#1419=DIRECTION('Axis2P3D Direction',(0.,0.,1.)) ;
#1428=DIRECTION('Axis2P3D Direction',(0.,0.,1.)) ;
#1439=DIRECTION('Axis2P3D Direction',(0.,0.,1.)) ;
#1440=DIRECTION('Axis2P3D XDirection',(-1.,5.66553889765E-016,0.)) ;
#1444=DIRECTION('Vector Direction',(0.,0.,1.)) ;
#1451=DIRECTION('Vector Direction',(0.,0.,1.)) ;
#1458=DIRECTION('Axis2P3D Direction',(0.,0.,1.)) ;
#1470=DIRECTION('Axis2P3D Direction',(0.,0.,1.)) ;
#1482=DIRECTION('Axis2P3D Direction',(0.,0.,1.)) ;
#1483=DIRECTION('Axis2P3D XDirection',(1.,0.,0.)) ;
#1491=DIRECTION('Axis2P3D Direction',(0.,0.,1.)) ;
#1500=DIRECTION('Axis2P3D Direction',(0.,0.,1.)) ;
#1507=DIRECTION('Axis2P3D Direction',(0.,0.,1.)) ;
#1514=DIRECTION('Axis2P3D Direction',(0.,0.,1.)) ;
#1526=DIRECTION('Axis2P3D Direction',(0.,0.,1.)) ;
#1527=DIRECTION('Axis2P3D XDirection',(1.,3.14262901416E-012,0.)) ;
#1531=DIRECTION('Vector Direction',(0.,0.,1.)) ;
#1538=DIRECTION('Vector Direction',(0.,0.,1.)) ;
#1545=DIRECTION('Axis2P3D Direction',(0.,0.,1.)) ;
#1557=DIRECTION('Axis2P3D Direction',(0.,0.,1.)) ;
#1573=DIRECTION('Axis2P3D Direction',(0.,0.,1.)) ;
#1582=DIRECTION('Axis2P3D Direction',(0.,0.,1.)) ;
#1589=DIRECTION('Axis2P3D Direction',(0.,0.,1.)) ;
#1596=DIRECTION('Axis2P3D Direction',(0.,0.,1.)) ;
#1608=DIRECTION('Axis2P3D Direction',(0.,0.,1.)) ;
#1609=DIRECTION('Axis2P3D XDirection',(1.,0.,0.)) ;
#1613=DIRECTION('Vector Direction',(0.,0.,1.)) ;
#1620=DIRECTION('Vector Direction',(0.,0.,1.)) ;
#1627=DIRECTION('Axis2P3D Direction',(0.,0.,1.)) ;
#1639=DIRECTION('Axis2P3D Direction',(0.,0.,1.)) ;
#1655=DIRECTION('Axis2P3D Direction',(0.,0.,1.)) ;
#1664=DIRECTION('Axis2P3D Direction',(0.,0.,1.)) ;
#1671=DIRECTION('Axis2P3D Direction',(0.,0.,1.)) ;
#1678=DIRECTION('Axis2P3D Direction',(0.,0.,1.)) ;
#1690=DIRECTION('Axis2P3D Direction',(-0.,0.,1.)) ;
#1691=DIRECTION('Axis2P3D XDirection',(0.87758256189,0.479425538604,0.)) ;
#1695=DIRECTION('Axis2P3D Direction',(-0.,0.,1.)) ;
#1704=DIRECTION('Vector Direction',(0.,0.,1.)) ;
#1709=DIRECTION('Vector Direction',(0.,0.,1.)) ;
#1723=DIRECTION('Axis2P3D Direction',(-0.,0.,1.)) ;
#1737=DIRECTION('Axis2P3D Direction',(-0.,0.,1.)) ;
#1738=DIRECTION('Axis2P3D XDirection',(0.87758256189,0.479425538604,0.)) ;
#1742=DIRECTION('Axis2P3D Direction',(-0.,0.,1.)) ;
#1751=DIRECTION('Vector Direction',(0.,0.,1.)) ;
#1756=DIRECTION('Vector Direction',(0.,0.,1.)) ;
#1770=DIRECTION('Axis2P3D Direction',(-0.,0.,1.)) ;
#1784=DIRECTION('Axis2P3D Direction',(0.,-0.,1.)) ;
#1785=DIRECTION('Axis2P3D XDirection',(0.87758256189,0.479425538604,0.)) ;
#1789=DIRECTION('Axis2P3D Direction',(0.,-0.,1.)) ;
#1798=DIRECTION('Vector Direction',(0.,0.,1.)) ;
#1803=DIRECTION('Vector Direction',(0.,0.,1.)) ;
#1817=DIRECTION('Axis2P3D Direction',(0.,-0.,1.)) ;
#1831=DIRECTION('Axis2P3D Direction',(0.,0.,1.)) ;
#1832=DIRECTION('Axis2P3D XDirection',(1.,0.,0.)) ;
#1840=DIRECTION('Axis2P3D Direction',(0.,0.,1.)) ;
#1849=DIRECTION('Axis2P3D Direction',(0.,0.,1.)) ;
#1864=DIRECTION('Axis2P3D Direction',(0.,0.,1.)) ;
#1873=DIRECTION('Axis2P3D Direction',(0.,0.,1.)) ;
#1888=DIRECTION('Axis2P3D Direction',(0.,0.,1.)) ;
#1897=DIRECTION('Axis2P3D Direction',(0.,0.,1.)) ;
#1908=DIRECTION('Axis2P3D Direction',(0.,0.,-1.)) ;
#1909=DIRECTION('Axis2P3D XDirection',(1.,-3.84077154465E-015,0.)) ;
#1913=DIRECTION('Vector Direction',(0.,0.,-1.)) ;
#1920=DIRECTION('Vector Direction',(0.,0.,-1.)) ;
#1927=DIRECTION('Axis2P3D Direction',(0.,0.,-1.)) ;
#1939=DIRECTION('Axis2P3D Direction',(0.,0.,-1.)) ;
#1951=DIRECTION('Axis2P3D Direction',(0.,0.,-1.)) ;
#1952=DIRECTION('Axis2P3D XDirection',(1.,0.,0.)) ;
#1965=DIRECTION('Axis2P3D Direction',(0.,0.,-1.)) ;
#1966=DIRECTION('Axis2P3D XDirection',(-1.,-1.22464679915E-016,0.)) ;
#1970=DIRECTION('Vector Direction',(0.,0.,-1.)) ;
#1977=DIRECTION('Vector Direction',(0.,0.,-1.)) ;
#1984=DIRECTION('Axis2P3D Direction',(0.,0.,-1.)) ;
#1996=DIRECTION('Axis2P3D Direction',(0.,0.,-1.)) ;
#2017=DIRECTION('Axis2P3D Direction',(0.,0.,-1.)) ;
#2018=DIRECTION('Axis2P3D XDirection',(-1.,3.21624529935E-016,-0.)) ;
#2022=DIRECTION('Vector Direction',(0.,0.,-1.)) ;
#2029=DIRECTION('Vector Direction',(0.,0.,-1.)) ;
#2036=DIRECTION('Axis2P3D Direction',(0.,0.,-1.)) ;
#2048=DIRECTION('Axis2P3D Direction',(0.,0.,-1.)) ;
#2069=DIRECTION('Axis2P3D Direction',(0.,0.,1.)) ;
#2070=DIRECTION('Axis2P3D XDirection',(1.,0.,0.)) ;
#2074=DIRECTION('Vector Direction',(0.,0.,1.)) ;
#2083=DIRECTION('Axis2P3D Direction',(0.,0.,1.)) ;
#2090=DIRECTION('Vector Direction',(0.,0.,1.)) ;
#2097=DIRECTION('Axis2P3D Direction',(0.,0.,1.)) ;
#2109=DIRECTION('Vector Direction',(0.,0.,1.)) ;
#2118=DIRECTION('Axis2P3D Direction',(0.,0.,1.)) ;
#2125=DIRECTION('Vector Direction',(0.,0.,1.)) ;
#2132=DIRECTION('Axis2P3D Direction',(0.,0.,1.)) ;
#2144=DIRECTION('Vector Direction',(0.,0.,1.)) ;
#2153=DIRECTION('Vector Direction',(0.,0.,1.)) ;
#2160=DIRECTION('Axis2P3D Direction',(0.,0.,1.)) ;
#2167=DIRECTION('Vector Direction',(0.,0.,1.)) ;
#2174=DIRECTION('Vector Direction',(0.,0.,1.)) ;
#2181=DIRECTION('Vector Direction',(0.,0.,1.)) ;
#2188=DIRECTION('Axis2P3D Direction',(0.,0.,1.)) ;
#2203=DIRECTION('Axis2P3D Direction',(0.,0.,1.)) ;
#2208=DIRECTION('Axis2P3D Direction',(0.,0.,1.)) ;
#2220=DIRECTION('Axis2P3D Direction',(0.,0.,1.)) ;
#2225=DIRECTION('Axis2P3D Direction',(0.,0.,1.)) ;
#2237=DIRECTION('Axis2P3D Direction',(0.,0.,1.)) ;
#2242=DIRECTION('Axis2P3D Direction',(0.,0.,1.)) ;
#2257=DIRECTION('Axis2P3D Direction',(0.,0.,1.)) ;
#2258=DIRECTION('Axis2P3D XDirection',(1.,0.,0.)) ;
#2266=DIRECTION('Axis2P3D Direction',(0.,0.,1.)) ;
#2275=DIRECTION('Axis2P3D Direction',(0.,0.,1.)) ;
#2285=DIRECTION('Axis2P3D Direction',(0.,0.,1.)) ;
#2286=DIRECTION('Axis2P3D XDirection',(1.,0.,0.)) ;
#2290=DIRECTION('Vector Direction',(0.,0.,1.)) ;
#2297=DIRECTION('Vector Direction',(0.,0.,1.)) ;
#2304=DIRECTION('Axis2P3D Direction',(0.,0.,1.)) ;
#2316=DIRECTION('Axis2P3D Direction',(0.,0.,1.)) ;
#2328=DIRECTION('Axis2P3D Direction',(0.,0.,-1.)) ;
#2329=DIRECTION('Axis2P3D XDirection',(0.,1.,0.)) ;
#2333=DIRECTION('Vector Direction',(-1.,0.,0.)) ;
#2342=DIRECTION('Axis2P3D Direction',(0.,0.,-1.)) ;
#2349=DIRECTION('Vector Direction',(0.,1.,0.)) ;
#2356=DIRECTION('Axis2P3D Direction',(0.,0.,-1.)) ;
#2363=DIRECTION('Vector Direction',(0.,1.,0.)) ;
#2370=DIRECTION('Axis2P3D Direction',(0.,0.,-1.)) ;
#2377=DIRECTION('Vector Direction',(-1.,0.,0.)) ;
#2384=DIRECTION('Axis2P3D Direction',(0.,0.,-1.)) ;
#2391=DIRECTION('Vector Direction',(-3.16464803081E-013,-1.,0.)) ;
#2398=DIRECTION('Vector Direction',(1.,0.,0.)) ;
#2405=DIRECTION('Vector Direction',(0.,-1.,0.)) ;
#2412=DIRECTION('Axis2P3D Direction',(0.,0.,-1.)) ;
#2436=DIRECTION('Axis2P3D Direction',(-0.,0.,1.)) ;
#2437=DIRECTION('Axis2P3D XDirection',(0.,-1.,0.)) ;
#2441=DIRECTION('Vector Direction',(0.,-1.,0.)) ;
#2450=DIRECTION('Vector Direction',(1.,0.,0.)) ;
#2457=DIRECTION('Vector Direction',(0.,-1.,0.)) ;
#2464=DIRECTION('Axis2P3D Direction',(-0.,0.,1.)) ;
#2471=DIRECTION('Vector Direction',(-1.,0.,0.)) ;
#2478=DIRECTION('Axis2P3D Direction',(-0.,0.,1.)) ;
#2485=DIRECTION('Vector Direction',(0.,1.,0.)) ;
#2492=DIRECTION('Axis2P3D Direction',(-0.,0.,1.)) ;
#2499=DIRECTION('Vector Direction',(0.,1.,0.)) ;
#2506=DIRECTION('Axis2P3D Direction',(-0.,0.,1.)) ;
#2513=DIRECTION('Vector Direction',(-1.,0.,0.)) ;
#2520=DIRECTION('Axis2P3D Direction',(-0.,0.,1.)) ;
#2544=DIRECTION('Axis2P3D Direction',(1.,0.,0.)) ;
#2545=DIRECTION('Axis2P3D XDirection',(0.,1.,0.)) ;
#2549=DIRECTION('Vector Direction',(0.,0.,1.)) ;
#2554=DIRECTION('Vector Direction',(0.,0.,1.)) ;
#2566=DIRECTION('Axis2P3D Direction',(0.,0.,1.)) ;
#2567=DIRECTION('Axis2P3D XDirection',(1.,0.,0.)) ;
#2571=DIRECTION('Vector Direction',(0.,0.,1.)) ;
#2583=DIRECTION('Axis2P3D Direction',(1.,0.,0.)) ;
#2584=DIRECTION('Axis2P3D XDirection',(0.,1.,0.)) ;
#2588=DIRECTION('Vector Direction',(0.,-1.,0.)) ;
#2597=DIRECTION('Axis2P3D Direction',(1.,0.,0.)) ;
#2604=DIRECTION('Vector Direction',(0.,0.,1.)) ;
#2611=DIRECTION('Axis2P3D Direction',(1.,0.,0.)) ;
#2616=DIRECTION('Vector Direction',(0.,0.,1.)) ;
#2621=DIRECTION('Axis2P3D Direction',(1.,0.,0.)) ;
#2628=DIRECTION('Vector Direction',(0.,0.,1.)) ;
#2635=DIRECTION('Axis2P3D Direction',(1.,0.,0.)) ;
#2642=DIRECTION('Vector Direction',(0.,-1.,0.)) ;
#2649=DIRECTION('Vector Direction',(0.,0.,1.)) ;
#2669=DIRECTION('Axis2P3D Direction',(-0.,0.,1.)) ;
#2670=DIRECTION('Axis2P3D XDirection',(0.,-1.,0.)) ;
#2674=DIRECTION('Vector Direction',(0.,-1.,0.)) ;
#2683=DIRECTION('Vector Direction',(1.,0.,0.)) ;
#2688=DIRECTION('Axis2P3D Direction',(-0.,0.,1.)) ;
#2695=DIRECTION('Vector Direction',(-1.,0.,0.)) ;
#2702=DIRECTION('Axis2P3D Direction',(-0.,0.,1.)) ;
#2709=DIRECTION('Vector Direction',(0.,1.,0.)) ;
#2716=DIRECTION('Axis2P3D Direction',(-0.,0.,1.)) ;
#2723=DIRECTION('Vector Direction',(0.,1.,0.)) ;
#2730=DIRECTION('Axis2P3D Direction',(-0.,0.,1.)) ;
#2737=DIRECTION('Vector Direction',(-1.,0.,0.)) ;
#2744=DIRECTION('Axis2P3D Direction',(-0.,0.,1.)) ;
#2768=DIRECTION('Axis2P3D Direction',(0.,-0.,1.)) ;
#2769=DIRECTION('Axis2P3D XDirection',(1.,-1.83697019872E-016,-0.)) ;
#2773=DIRECTION('Axis2P3D Direction',(0.,-0.,1.)) ;
#2780=DIRECTION('Vector Direction',(0.,0.,1.)) ;
#2792=DIRECTION('Axis2P3D Direction',(0.,1.,-0.)) ;
#2793=DIRECTION('Axis2P3D XDirection',(-1.,0.,0.)) ;
#2797=DIRECTION('Vector Direction',(-1.,0.,0.)) ;
#2804=DIRECTION('Vector Direction',(0.,0.,1.)) ;
#2816=DIRECTION('Axis2P3D Direction',(1.,0.,0.)) ;
#2817=DIRECTION('Axis2P3D XDirection',(0.,1.,0.)) ;
#2821=DIRECTION('Vector Direction',(0.,0.,1.)) ;
#2828=DIRECTION('Vector Direction',(0.,1.,0.)) ;
#2835=DIRECTION('Vector Direction',(0.,0.,1.)) ;
#2847=DIRECTION('Axis2P3D Direction',(0.,0.,1.)) ;
#2854=DIRECTION('Vector Direction',(0.,0.,1.)) ;
#2866=DIRECTION('Vector Direction',(0.,0.,1.)) ;
#2873=DIRECTION('Vector Direction',(-1.,0.,0.)) ;
#2880=DIRECTION('Vector Direction',(0.,0.,1.)) ;
#2892=DIRECTION('Axis2P3D Direction',(0.,-1.,0.)) ;
#2893=DIRECTION('Axis2P3D XDirection',(1.,0.,0.)) ;
#2897=DIRECTION('Axis2P3D Direction',(0.,-1.,0.)) ;
#2906=DIRECTION('Axis2P3D Direction',(0.,-1.,0.)) ;
#2915=DIRECTION('Axis2P3D Direction',(0.,-1.,0.)) ;
#2924=DIRECTION('Axis2P3D Direction',(0.,-1.,0.)) ;
#2935=DIRECTION('Axis2P3D Direction',(0.,-1.,0.)) ;
#2944=DIRECTION('Axis2P3D Direction',(0.,-1.,0.)) ;
#2953=DIRECTION('Axis2P3D Direction',(0.,-1.,0.)) ;
#2962=DIRECTION('Axis2P3D Direction',(0.,-1.,0.)) ;
#2973=DIRECTION('Axis2P3D Direction',(-0.,-1.,0.)) ;
#2974=DIRECTION('Axis2P3D XDirection',(-0.958024254591,0.,-0.286687159838)) ;
#2978=DIRECTION('Axis2P3D Direction',(-0.,-1.,0.)) ;
#2987=DIRECTION('Axis2P3D Direction',(-0.479425541353,0.,0.877582560389)) ;
#2992=DIRECTION('Axis2P3D Direction',(0.479425538604,-0.,-0.87758256189)) ;
#3005=DIRECTION('Axis2P3D Direction',(0.,-1.,-0.)) ;
#3006=DIRECTION('Axis2P3D XDirection',(0.87758256189,0.,0.479425538604)) ;
#3010=DIRECTION('Axis2P3D Direction',(0.,-1.,-0.)) ;
#3023=DIRECTION('Axis2P3D Direction',(0.,-1.,-0.)) ;
#3024=DIRECTION('Axis2P3D XDirection',(0.958024254592,0.,0.286687159832)) ;
#3028=DIRECTION('Axis2P3D Direction',(0.,-1.,-0.)) ;
#3037=DIRECTION('Axis2P3D Direction',(0.479425541353,0.,-0.877582560389)) ;
#3042=DIRECTION('Axis2P3D Direction',(-0.479425538604,-0.,0.87758256189)) ;
#3055=DIRECTION('Axis2P3D Direction',(-0.,-1.,0.)) ;
#3056=DIRECTION('Axis2P3D XDirection',(-0.87758256189,0.,-0.479425538604)) ;
#3060=DIRECTION('Axis2P3D Direction',(-0.,-1.,0.)) ;
#3073=DIRECTION('Axis2P3D Direction',(0.,-1.,-0.)) ;
#3074=DIRECTION('Axis2P3D XDirection',(0.87758256189,0.,0.479425538604)) ;
#3078=DIRECTION('Axis2P3D Direction',(0.,-1.,-0.)) ;
#3087=DIRECTION('Vector Direction',(0.,-1.,0.)) ;
#3092=DIRECTION('Vector Direction',(0.,-1.,0.)) ;
#3105=DIRECTION('Axis2P3D Direction',(0.,-1.,-0.)) ;
#3118=DIRECTION('Axis2P3D Direction',(0.,-1.,0.)) ;
#3119=DIRECTION('Axis2P3D XDirection',(-0.87758256189,-0.,-0.479425538604)) ;
#3123=DIRECTION('Axis2P3D Direction',(0.,-1.,0.)) ;
#3132=DIRECTION('Vector Direction',(0.,-1.,0.)) ;
#3137=DIRECTION('Vector Direction',(0.,-1.,0.)) ;
#3150=DIRECTION('Axis2P3D Direction',(0.,-1.,0.)) ;
#3163=DIRECTION('Axis2P3D Direction',(0.,-1.,-0.)) ;
#3164=DIRECTION('Axis2P3D XDirection',(0.87758256189,0.,0.479425538604)) ;
#3168=DIRECTION('Vector Direction',(0.,-1.,0.)) ;
#3175=DIRECTION('Axis2P3D Direction',(0.,-1.,-0.)) ;
#3182=DIRECTION('Vector Direction',(0.,-1.,0.)) ;
#3195=DIRECTION('Axis2P3D Direction',(0.,-1.,-0.)) ;
#3208=DIRECTION('Axis2P3D Direction',(0.,-1.,0.)) ;
#3209=DIRECTION('Axis2P3D XDirection',(-0.87758256189,-0.,-0.479425538604)) ;
#3213=DIRECTION('Vector Direction',(0.,-1.,0.)) ;
#3220=DIRECTION('Axis2P3D Direction',(0.,-1.,0.)) ;
#3227=DIRECTION('Vector Direction',(0.,-1.,0.)) ;
#3240=DIRECTION('Axis2P3D Direction',(0.,-1.,0.)) ;
#3253=DIRECTION('Axis2P3D Direction',(0.,0.,1.)) ;
#3254=DIRECTION('Axis2P3D XDirection',(1.83697019872E-016,1.,-0.)) ;
#3258=DIRECTION('Axis2P3D Direction',(0.,0.,1.)) ;
#3265=DIRECTION('Vector Direction',(0.,0.,1.)) ;
#3277=DIRECTION('Axis2P3D Direction',(0.,0.,1.)) ;
#3278=DIRECTION('Axis2P3D XDirection',(7.04481399828E-016,-1.,0.)) ;
#3282=DIRECTION('Vector Direction',(0.,0.,1.)) ;
#3289=DIRECTION('Axis2P3D Direction',(0.,0.,1.)) ;
#3301=DIRECTION('Vector Direction',(0.,1.,0.)) ;
#3313=DIRECTION('Axis2P3D Direction',(0.,0.,1.)) ;
#3314=DIRECTION('Axis2P3D XDirection',(-1.,-3.21624529935E-016,-0.)) ;
#3318=DIRECTION('Axis2P3D Direction',(0.,0.,1.)) ;
#3330=DIRECTION('Axis2P3D Direction',(0.,0.,-1.)) ;
#3331=DIRECTION('Axis2P3D XDirection',(0.,1.,0.)) ;
#3335=DIRECTION('Vector Direction',(1.,0.,0.)) ;
#3342=DIRECTION('Vector Direction',(0.,-1.,0.)) ;
#3366=DIRECTION('Axis2P3D Direction',(1.,0.,0.)) ;
#3367=DIRECTION('Axis2P3D XDirection',(0.,-1.,1.22464679915E-016)) ;
#3371=DIRECTION('Vector Direction',(1.,0.,0.)) ;
#3378=DIRECTION('Axis2P3D Direction',(1.,0.,0.)) ;
#3390=DIRECTION('Axis2P3D Direction',(0.,0.,1.)) ;
#3391=DIRECTION('Axis2P3D XDirection',(1.83697019872E-016,1.,-0.)) ;
#3395=DIRECTION('Vector Direction',(0.,0.,1.)) ;
#3400=DIRECTION('Vector Direction',(0.,0.,1.)) ;
#3412=DIRECTION('Axis2P3D Direction',(-1.,0.,0.)) ;
#3413=DIRECTION('Axis2P3D XDirection',(0.,-1.,0.)) ;
#3417=DIRECTION('Axis2P3D Direction',(-1.,0.,0.)) ;
#3424=DIRECTION('Vector Direction',(0.,0.,1.)) ;
#3431=DIRECTION('Axis2P3D Direction',(-1.,0.,0.)) ;
#3436=DIRECTION('Axis2P3D Direction',(-1.,0.,0.)) ;
#3443=DIRECTION('Vector Direction',(0.,0.,1.)) ;
#3463=DIRECTION('Axis2P3D Direction',(1.,0.,0.)) ;
#3464=DIRECTION('Axis2P3D XDirection',(0.,6.12323399574E-017,1.)) ;
#3468=DIRECTION('Vector Direction',(1.,0.,0.)) ;
#3480=DIRECTION('Axis2P3D Direction',(0.,-0.,1.)) ;
#3481=DIRECTION('Axis2P3D XDirection',(1.,-1.83697019872E-016,-0.)) ;
#3485=DIRECTION('Vector Direction',(0.,0.,1.)) ;
#3497=DIRECTION('Vector Direction',(0.,0.,1.)) ;
#3509=DIRECTION('Vector Direction',(0.,0.,1.)) ;
#3528=DIRECTION('Vector Direction',(0.,0.,1.)) ;
#3547=DIRECTION('Axis2P3D Direction',(0.,1.,0.)) ;
#3548=DIRECTION('Axis2P3D XDirection',(0.,0.,1.)) ;
#3566=DIRECTION('Axis2P3D Direction',(0.,1.,0.)) ;
#3575=DIRECTION('Axis2P3D Direction',(0.,1.,0.)) ;
#3584=DIRECTION('Axis2P3D Direction',(0.,1.,0.)) ;
#3593=DIRECTION('Axis2P3D Direction',(0.,1.,0.)) ;
#3602=DIRECTION('Axis2P3D Direction',(0.,1.,0.)) ;
#3611=DIRECTION('Axis2P3D Direction',(0.,1.,0.)) ;
#3620=DIRECTION('Axis2P3D Direction',(0.,1.,0.)) ;
#3629=DIRECTION('Axis2P3D Direction',(0.,1.,0.)) ;
#3638=DIRECTION('Axis2P3D Direction',(0.,1.,0.)) ;
#3647=DIRECTION('Axis2P3D Direction',(0.,1.,0.)) ;
#3656=DIRECTION('Axis2P3D Direction',(0.,1.,0.)) ;
#3665=DIRECTION('Axis2P3D Direction',(0.,1.,0.)) ;
#3674=DIRECTION('Axis2P3D Direction',(0.,1.,0.)) ;
#3683=DIRECTION('Axis2P3D Direction',(0.,1.,0.)) ;
#3693=DIRECTION('Axis2P3D Direction',(0.,-1.,0.)) ;
#3694=DIRECTION('Axis2P3D XDirection',(1.,0.,0.)) ;
#3698=DIRECTION('Vector Direction',(0.,-1.,0.)) ;
#3705=DIRECTION('Axis2P3D Direction',(0.,-1.,0.)) ;
#3712=DIRECTION('Vector Direction',(0.,-1.,0.)) ;
#3725=DIRECTION('Axis2P3D Direction',(0.,-1.,0.)) ;
#3738=DIRECTION('Axis2P3D Direction',(0.,-1.,0.)) ;
#3739=DIRECTION('Axis2P3D XDirection',(1.,0.,0.)) ;
#3743=DIRECTION('Vector Direction',(0.,-1.,0.)) ;
#3750=DIRECTION('Axis2P3D Direction',(0.,-1.,0.)) ;
#3757=DIRECTION('Vector Direction',(0.,-1.,0.)) ;
#3770=DIRECTION('Axis2P3D Direction',(0.,-1.,0.)) ;
#3783=DIRECTION('Axis2P3D Direction',(0.,-1.,0.)) ;
#3784=DIRECTION('Axis2P3D XDirection',(1.,0.,0.)) ;
#3788=DIRECTION('Vector Direction',(0.,-1.,0.)) ;
#3795=DIRECTION('Axis2P3D Direction',(0.,-1.,0.)) ;
#3802=DIRECTION('Vector Direction',(0.,-1.,0.)) ;
#3815=DIRECTION('Axis2P3D Direction',(0.,-1.,0.)) ;
#3828=DIRECTION('Axis2P3D Direction',(0.,-1.,0.)) ;
#3829=DIRECTION('Axis2P3D XDirection',(1.,0.,0.)) ;
#3833=DIRECTION('Vector Direction',(0.,-1.,0.)) ;
#3840=DIRECTION('Axis2P3D Direction',(0.,-1.,0.)) ;
#3847=DIRECTION('Vector Direction',(0.,-1.,0.)) ;
#3860=DIRECTION('Axis2P3D Direction',(0.,-1.,0.)) ;
#3873=DIRECTION('Axis2P3D Direction',(0.,-1.,0.)) ;
#3874=DIRECTION('Axis2P3D XDirection',(1.,0.,0.)) ;
#3878=DIRECTION('Vector Direction',(0.,-1.,0.)) ;
#3885=DIRECTION('Axis2P3D Direction',(0.,-1.,0.)) ;
#3892=DIRECTION('Vector Direction',(0.,-1.,0.)) ;
#3905=DIRECTION('Axis2P3D Direction',(0.,-1.,0.)) ;
#3918=DIRECTION('Axis2P3D Direction',(0.,-1.,0.)) ;
#3919=DIRECTION('Axis2P3D XDirection',(1.,0.,0.)) ;
#3923=DIRECTION('Vector Direction',(0.,-1.,0.)) ;
#3930=DIRECTION('Axis2P3D Direction',(0.,-1.,0.)) ;
#3937=DIRECTION('Vector Direction',(0.,-1.,0.)) ;
#3950=DIRECTION('Axis2P3D Direction',(0.,-1.,0.)) ;
#3963=DIRECTION('Axis2P3D Direction',(0.,-1.,0.)) ;
#3964=DIRECTION('Axis2P3D XDirection',(1.,0.,0.)) ;
#3968=DIRECTION('Axis2P3D Direction',(0.,-1.,0.)) ;
#3977=DIRECTION('Vector Direction',(0.,-1.,0.)) ;
#3982=DIRECTION('Vector Direction',(0.,-1.,0.)) ;
#3995=DIRECTION('Axis2P3D Direction',(0.,-1.,0.)) ;
#4008=DIRECTION('Axis2P3D Direction',(0.,0.,-1.)) ;
#4009=DIRECTION('Axis2P3D XDirection',(0.,1.,0.)) ;
#4013=DIRECTION('Vector Direction',(0.,0.,-1.)) ;
#4038=DIRECTION('Vector Direction',(0.,0.,-1.)) ;
#4067=DIRECTION('Axis2P3D Direction',(-0.,1.,0.)) ;
#4068=DIRECTION('Axis2P3D XDirection',(1.,0.,0.)) ;
#4072=DIRECTION('Vector Direction',(1.,0.,0.)) ;
#4079=DIRECTION('Vector Direction',(0.,0.,-1.)) ;
#4086=DIRECTION('Vector Direction',(1.,0.,0.)) ;
#4103=DIRECTION('Axis2P3D Direction',(0.,0.,-1.)) ;
#4104=DIRECTION('Axis2P3D XDirection',(-1.,0.,0.)) ;
#4108=DIRECTION('Vector Direction',(0.,0.,-1.)) ;
#4153=DIRECTION('Axis2P3D Direction',(0.,1.,0.)) ;
#4154=DIRECTION('Axis2P3D XDirection',(0.,0.,1.)) ;
#4158=DIRECTION('Vector Direction',(0.,0.,1.)) ;
#4167=DIRECTION('Vector Direction',(-1.,0.,0.)) ;
#4172=DIRECTION('Vector Direction',(1.,0.,0.)) ;
#4201=DIRECTION('Axis2P3D Direction',(1.,0.,0.)) ;
#4202=DIRECTION('Axis2P3D XDirection',(0.,-1.,0.)) ;
#4206=DIRECTION('Vector Direction',(0.,0.,1.)) ;
#4215=DIRECTION('Axis2P3D Direction',(1.,0.,0.)) ;
#4220=DIRECTION('Axis2P3D Direction',(1.,0.,0.)) ;
#4233=DIRECTION('Axis2P3D Direction',(-0.707106781187,-0.707106781187,0.)) ;
#4234=DIRECTION('Axis2P3D XDirection',(0.,0.,1.)) ;
#4258=DIRECTION('Vector Direction',(0.,0.,1.)) ;
#4267=DIRECTION('Vector Direction',(1.,0.,0.)) ;
#4272=DIRECTION('Vector Direction',(-1.,0.,0.)) ;
#4301=DIRECTION('Axis2P3D Direction',(-1.,0.,0.)) ;
#4302=DIRECTION('Axis2P3D XDirection',(0.,1.,0.)) ;
#4306=DIRECTION('Vector Direction',(0.,0.,1.)) ;
#4315=DIRECTION('Axis2P3D Direction',(-1.,0.,0.)) ;
#4320=DIRECTION('Axis2P3D Direction',(-1.,0.,0.)) ;
#4333=DIRECTION('Axis2P3D Direction',(1.,0.,0.)) ;
#4334=DIRECTION('Axis2P3D XDirection',(0.,-1.,1.22464679915E-016)) ;
#4359=DIRECTION('Axis2P3D Direction',(1.,0.,0.)) ;
#4360=DIRECTION('Axis2P3D XDirection',(0.,6.12323399574E-017,1.)) ;
#4385=DIRECTION('Axis2P3D Direction',(0.707106781187,-0.707106781187,0.)) ;
#4386=DIRECTION('Axis2P3D XDirection',(0.,0.,1.)) ;
#4398=DIRECTION('Axis2P3D Direction',(0.,0.,-1.)) ;
#4399=DIRECTION('Axis2P3D XDirection',(-1.,0.,0.)) ;
#4403=DIRECTION('Vector Direction',(-1.,0.,0.)) ;
#4410=DIRECTION('Vector Direction',(0.,1.,0.)) ;
#4417=DIRECTION('Vector Direction',(-1.,0.,0.)) ;
#4429=DIRECTION('Axis2P3D Direction',(0.,1.,-0.)) ;
#4430=DIRECTION('Axis2P3D XDirection',(-1.,0.,0.)) ;
#4434=DIRECTION('Axis2P3D Direction',(0.,1.,-0.)) ;
#4441=DIRECTION('Vector Direction',(0.,1.,0.)) ;
#4448=DIRECTION('Axis2P3D Direction',(0.,1.,-0.)) ;
#4460=DIRECTION('Axis2P3D Direction',(1.,-0.,0.)) ;
#4461=DIRECTION('Axis2P3D XDirection',(0.,0.,-1.)) ;
#4465=DIRECTION('Vector Direction',(0.,0.,-1.)) ;
#4472=DIRECTION('Vector Direction',(0.,1.,0.)) ;
#4479=DIRECTION('Vector Direction',(0.,0.,-1.)) ;
#4491=DIRECTION('Axis2P3D Direction',(0.,1.,-0.)) ;
#4492=DIRECTION('Axis2P3D XDirection',(-1.,0.,0.)) ;
#4496=DIRECTION('Vector Direction',(-1.,0.,0.)) ;
#4503=DIRECTION('Vector Direction',(0.,0.,1.)) ;
#4510=DIRECTION('Vector Direction',(1.,0.,0.)) ;
#4525=DIRECTION('Axis2P3D Direction',(0.,1.,-0.)) ;
#4526=DIRECTION('Axis2P3D XDirection',(-1.,0.,0.)) ;
#4530=DIRECTION('Vector Direction',(1.,0.,0.)) ;
#4537=DIRECTION('Vector Direction',(0.,0.,1.)) ;
#4544=DIRECTION('Vector Direction',(-1.,0.,0.)) ;
#4559=DIRECTION('Axis2P3D Direction',(-1.,0.,0.)) ;
#4560=DIRECTION('Axis2P3D XDirection',(0.,0.,1.)) ;
#4564=DIRECTION('Vector Direction',(0.,1.,0.)) ;
#4573=DIRECTION('Vector Direction',(0.,0.,1.)) ;
#4580=DIRECTION('Vector Direction',(0.,1.,0.)) ;
#4587=DIRECTION('Vector Direction',(0.,0.,1.)) ;
#4599=DIRECTION('Axis2P3D Direction',(0.,1.,-0.)) ;
#4600=DIRECTION('Axis2P3D XDirection',(0.975609756098,0.,0.219512195122)) ;
#4604=DIRECTION('Axis2P3D Direction',(0.,1.,-0.)) ;
#4611=DIRECTION('Vector Direction',(0.,1.,0.)) ;
#4618=DIRECTION('Axis2P3D Direction',(0.,1.,-0.)) ;
#4630=DIRECTION('Axis2P3D Direction',(-0.975609756098,0.,-0.219512195122)) ;
#4631=DIRECTION('Axis2P3D XDirection',(-0.219512195122,0.,0.975609756098)) ;
#4635=DIRECTION('Vector Direction',(-0.219512195122,0.,0.975609756098)) ;
#4642=DIRECTION('Vector Direction',(0.,1.,0.)) ;
#4649=DIRECTION('Vector Direction',(-0.219512195122,0.,0.975609756098)) ;
#4661=DIRECTION('Axis2P3D Direction',(0.,1.,-0.)) ;
#4662=DIRECTION('Axis2P3D XDirection',(-0.975609756098,0.,-0.219512195122)) ;
#4666=DIRECTION('Axis2P3D Direction',(0.,1.,-0.)) ;
#4673=DIRECTION('Vector Direction',(0.,1.,0.)) ;
#4680=DIRECTION('Axis2P3D Direction',(0.,1.,-0.)) ;
#4692=DIRECTION('Axis2P3D Direction',(-1.,0.,0.)) ;
#4693=DIRECTION('Axis2P3D XDirection',(0.,0.,1.)) ;
#4697=DIRECTION('Vector Direction',(0.,0.,1.)) ;
#4704=DIRECTION('Vector Direction',(0.,1.,0.)) ;
#4711=DIRECTION('Vector Direction',(0.,0.,1.)) ;
#4723=DIRECTION('Axis2P3D Direction',(0.,1.,-0.)) ;
#4724=DIRECTION('Axis2P3D XDirection',(-1.,0.,0.)) ;
#4728=DIRECTION('Vector Direction',(1.,0.,0.)) ;
#4735=DIRECTION('Vector Direction',(-1.,0.,0.)) ;
#4742=DIRECTION('Vector Direction',(0.,0.,-1.)) ;
#4758=DIRECTION('Axis2P3D Direction',(0.,1.,-0.)) ;
#4759=DIRECTION('Axis2P3D XDirection',(-1.,0.,0.)) ;
#4763=DIRECTION('Vector Direction',(0.,0.,-1.)) ;
#4772=DIRECTION('Vector Direction',(-1.,0.,0.)) ;
#4777=DIRECTION('Vector Direction',(1.,0.,0.)) ;
#4793=DIRECTION('Axis2P3D Direction',(0.,0.,1.)) ;
#4794=DIRECTION('Axis2P3D XDirection',(1.,0.,0.)) ;
#4798=DIRECTION('Axis2P3D Direction',(0.,0.,1.)) ;
#4807=DIRECTION('Axis2P3D Direction',(0.,0.,1.)) ;
#4816=DIRECTION('Axis2P3D Direction',(0.,0.,1.)) ;
#4825=DIRECTION('Axis2P3D Direction',(0.,0.,1.)) ;
#4835=DIRECTION('Axis2P3D Direction',(0.,0.,1.)) ;
#4836=DIRECTION('Axis2P3D XDirection',(1.,0.,0.)) ;
#4840=DIRECTION('Axis2P3D Direction',(0.,0.,1.)) ;
#4849=DIRECTION('Vector Direction',(0.,0.,1.)) ;
#4854=DIRECTION('Vector Direction',(0.,0.,1.)) ;
#4866=DIRECTION('Axis2P3D Direction',(0.,0.,1.)) ;
#4887=DIRECTION('Axis2P3D Direction',(0.,0.,1.)) ;
#4888=DIRECTION('Axis2P3D XDirection',(1.,0.,0.)) ;
#4892=DIRECTION('Vector Direction',(0.,0.,1.)) ;
#4897=DIRECTION('Vector Direction',(0.,0.,1.)) ;
#4948=DIRECTION('Vector Direction',(0.,1.,0.)) ;
#4955=DIRECTION('Vector Direction',(0.,1.,0.)) ;
#4968=DIRECTION('Axis2P3D Direction',(1.,-0.,0.)) ;
#4969=DIRECTION('Axis2P3D XDirection',(0.,0.,-1.)) ;
#4973=DIRECTION('Vector Direction',(0.,1.,0.)) ;
#4980=DIRECTION('Vector Direction',(0.,0.,-1.)) ;
#4992=DIRECTION('Vector Direction',(0.,1.,0.)) ;
#5004=DIRECTION('Axis2P3D Direction',(0.,0.,-1.)) ;
#5005=DIRECTION('Axis2P3D XDirection',(-1.,0.,0.)) ;
#5017=DIRECTION('Axis2P3D Direction',(0.,0.,-1.)) ;
#5018=DIRECTION('Axis2P3D XDirection',(-1.,0.,0.)) ;
#5022=DIRECTION('Vector Direction',(0.,1.,0.)) ;
#5029=DIRECTION('Vector Direction',(0.,1.,0.)) ;
#5042=DIRECTION('Axis2P3D Direction',(-1.,0.,0.)) ;
#5043=DIRECTION('Axis2P3D XDirection',(0.,0.,1.)) ;
#5047=DIRECTION('Vector Direction',(0.,1.,0.)) ;
#5054=DIRECTION('Vector Direction',(0.,0.,1.)) ;
#5066=DIRECTION('Vector Direction',(0.,1.,0.)) ;
#5078=DIRECTION('Axis2P3D Direction',(0.,0.,1.)) ;
#5079=DIRECTION('Axis2P3D XDirection',(1.,0.,0.)) ;
#15=UNCERTAINTY_MEASURE_WITH_UNIT(LENGTH_MEASURE(0.005),#12,'distance_accuracy_value','CONFUSED CURVE UNCERTAINTY') ;
#18=AXIS2_PLACEMENT_3D(' ',#17,$,$) ;
#34=AXIS2_PLACEMENT_3D('Cylinder Axis2P3D',#31,#32,#33) ;
#47=AXIS2_PLACEMENT_3D('Circle Axis2P3D',#45,#46,$) ;
#61=AXIS2_PLACEMENT_3D('Circle Axis2P3D',#59,#60,$) ;
#74=AXIS2_PLACEMENT_3D('Cylinder Axis2P3D',#71,#72,#73) ;
#120=AXIS2_PLACEMENT_3D('Torus Axis2P3D',#117,#118,#119) ;
#124=AXIS2_PLACEMENT_3D('Circle Axis2P3D',#122,#123,$) ;
#133=AXIS2_PLACEMENT_3D('Circle Axis2P3D',#131,#132,$) ;
#140=AXIS2_PLACEMENT_3D('Circle Axis2P3D',#138,#139,$) ;
#147=AXIS2_PLACEMENT_3D('Circle Axis2P3D',#145,#146,$) ;
#168=AXIS2_PLACEMENT_3D('Torus Axis2P3D',#165,#166,#167) ;
#172=AXIS2_PLACEMENT_3D('Circle Axis2P3D',#170,#171,$) ;
#177=AXIS2_PLACEMENT_3D('Circle Axis2P3D',#175,#176,$) ;
#191=AXIS2_PLACEMENT_3D('Torus Axis2P3D',#188,#189,#190) ;
#195=AXIS2_PLACEMENT_3D('Circle Axis2P3D',#193,#194,$) ;
#204=AXIS2_PLACEMENT_3D('Circle Axis2P3D',#202,#203,$) ;
#211=AXIS2_PLACEMENT_3D('Circle Axis2P3D',#209,#210,$) ;
#218=AXIS2_PLACEMENT_3D('Circle Axis2P3D',#216,#217,$) ;
#232=AXIS2_PLACEMENT_3D('Torus Axis2P3D',#229,#230,#231) ;
#236=AXIS2_PLACEMENT_3D('Circle Axis2P3D',#234,#235,$) ;
#241=AXIS2_PLACEMENT_3D('Circle Axis2P3D',#239,#240,$) ;
#255=AXIS2_PLACEMENT_3D('Torus Axis2P3D',#252,#253,#254) ;
#259=AXIS2_PLACEMENT_3D('Circle Axis2P3D',#257,#258,$) ;
#268=AXIS2_PLACEMENT_3D('Circle Axis2P3D',#266,#267,$) ;
#275=AXIS2_PLACEMENT_3D('Circle Axis2P3D',#273,#274,$) ;
#282=AXIS2_PLACEMENT_3D('Circle Axis2P3D',#280,#281,$) ;
#296=AXIS2_PLACEMENT_3D('Torus Axis2P3D',#293,#294,#295) ;
#300=AXIS2_PLACEMENT_3D('Circle Axis2P3D',#298,#299,$) ;
#305=AXIS2_PLACEMENT_3D('Circle Axis2P3D',#303,#304,$) ;
#319=AXIS2_PLACEMENT_3D('Cylinder Axis2P3D',#316,#317,#318) ;
#330=AXIS2_PLACEMENT_3D('Circle Axis2P3D',#328,#329,$) ;
#350=AXIS2_PLACEMENT_3D('Circle Axis2P3D',#348,#349,$) ;
#364=AXIS2_PLACEMENT_3D('Cylinder Axis2P3D',#361,#362,#363) ;
#375=AXIS2_PLACEMENT_3D('Circle Axis2P3D',#373,#374,$) ;
#395=AXIS2_PLACEMENT_3D('Circle Axis2P3D',#393,#394,$) ;
#409=AXIS2_PLACEMENT_3D('Cylinder Axis2P3D',#406,#407,#408) ;
#420=AXIS2_PLACEMENT_3D('Circle Axis2P3D',#418,#419,$) ;
#440=AXIS2_PLACEMENT_3D('Circle Axis2P3D',#438,#439,$) ;
#454=AXIS2_PLACEMENT_3D('Cylinder Axis2P3D',#451,#452,#453) ;
#458=AXIS2_PLACEMENT_3D('Circle Axis2P3D',#456,#457,$) ;
#474=AXIS2_PLACEMENT_3D('Circle Axis2P3D',#472,#473,$) ;
#494=AXIS2_PLACEMENT_3D('Cylinder Axis2P3D',#491,#492,#493) ;
#498=AXIS2_PLACEMENT_3D('Circle Axis2P3D',#496,#497,$) ;
#514=AXIS2_PLACEMENT_3D('Circle Axis2P3D',#512,#513,$) ;
#534=AXIS2_PLACEMENT_3D('Cylinder Axis2P3D',#531,#532,#533) ;
#538=AXIS2_PLACEMENT_3D('Circle Axis2P3D',#536,#537,$) ;
#554=AXIS2_PLACEMENT_3D('Circle Axis2P3D',#552,#553,$) ;
#574=AXIS2_PLACEMENT_3D('Plane Axis2P3D',#571,#572,#573) ;
#597=AXIS2_PLACEMENT_3D('Circle Axis2P3D',#595,#596,$) ;
#612=AXIS2_PLACEMENT_3D('Plane Axis2P3D',#609,#610,#611) ;
#636=AXIS2_PLACEMENT_3D('Plane Axis2P3D',#633,#634,#635) ;
#652=AXIS2_PLACEMENT_3D('Circle Axis2P3D',#650,#651,$) ;
#701=AXIS2_PLACEMENT_3D('Cylinder Axis2P3D',#698,#699,#700) ;
#718=AXIS2_PLACEMENT_3D('Plane Axis2P3D',#715,#716,#717) ;
#770=AXIS2_PLACEMENT_3D('Plane Axis2P3D',#767,#768,#769) ;
#805=AXIS2_PLACEMENT_3D('Cylinder Axis2P3D',#802,#803,#804) ;
#842=AXIS2_PLACEMENT_3D('Plane Axis2P3D',#839,#840,#841) ;
#881=AXIS2_PLACEMENT_3D('Plane Axis2P3D',#878,#879,#880) ;
#925=AXIS2_PLACEMENT_3D('Plane Axis2P3D',#922,#923,#924) ;
#979=AXIS2_PLACEMENT_3D('Cylinder Axis2P3D',#976,#977,#978) ;
#983=AXIS2_PLACEMENT_3D('Circle Axis2P3D',#981,#982,$) ;
#997=AXIS2_PLACEMENT_3D('Circle Axis2P3D',#995,#996,$) ;
#1010=AXIS2_PLACEMENT_3D('Plane Axis2P3D',#1007,#1008,#1009) ;
#1031=AXIS2_PLACEMENT_3D('Cylinder Axis2P3D',#1028,#1029,#1030) ;
#1051=AXIS2_PLACEMENT_3D('Cylinder Axis2P3D',#1048,#1049,#1050) ;
#1070=AXIS2_PLACEMENT_3D('Plane Axis2P3D',#1067,#1068,#1069) ;
#1074=AXIS2_PLACEMENT_3D('Circle Axis2P3D',#1072,#1073,$) ;
#1083=AXIS2_PLACEMENT_3D('Circle Axis2P3D',#1081,#1082,$) ;
#1094=AXIS2_PLACEMENT_3D('Plane Axis2P3D',#1091,#1092,#1093) ;
#1125=AXIS2_PLACEMENT_3D('Cylinder Axis2P3D',#1122,#1123,#1124) ;
#1129=AXIS2_PLACEMENT_3D('Circle Axis2P3D',#1127,#1128,$) ;
#1136=AXIS2_PLACEMENT_3D('Circle Axis2P3D',#1134,#1135,$) ;
#1156=AXIS2_PLACEMENT_3D('Plane Axis2P3D',#1153,#1154,#1155) ;
#1196=AXIS2_PLACEMENT_3D('Cylinder Axis2P3D',#1193,#1194,#1195) ;
#1200=AXIS2_PLACEMENT_3D('Circle Axis2P3D',#1198,#1199,$) ;
#1214=AXIS2_PLACEMENT_3D('Circle Axis2P3D',#1212,#1213,$) ;
#1227=AXIS2_PLACEMENT_3D('Cylinder Axis2P3D',#1224,#1225,#1226) ;
#1231=AXIS2_PLACEMENT_3D('Circle Axis2P3D',#1229,#1230,$) ;
#1238=AXIS2_PLACEMENT_3D('Circle Axis2P3D',#1236,#1237,$) ;
#1258=AXIS2_PLACEMENT_3D('Plane Axis2P3D',#1255,#1256,#1257) ;
#1280=AXIS2_PLACEMENT_3D('Cylinder Axis2P3D',#1277,#1278,#1279) ;
#1284=AXIS2_PLACEMENT_3D('Circle Axis2P3D',#1282,#1283,$) ;
#1291=AXIS2_PLACEMENT_3D('Circle Axis2P3D',#1289,#1290,$) ;
#1311=AXIS2_PLACEMENT_3D('Cylinder Axis2P3D',#1308,#1309,#1310) ;
#1315=AXIS2_PLACEMENT_3D('Circle Axis2P3D',#1313,#1314,$) ;
#1329=AXIS2_PLACEMENT_3D('Circle Axis2P3D',#1327,#1328,$) ;
#1342=AXIS2_PLACEMENT_3D('Plane Axis2P3D',#1339,#1340,#1341) ;
#1364=AXIS2_PLACEMENT_3D('Plane Axis2P3D',#1361,#1362,#1363) ;
#1384=AXIS2_PLACEMENT_3D('Circle Axis2P3D',#1382,#1383,$) ;
#1393=AXIS2_PLACEMENT_3D('Circle Axis2P3D',#1391,#1392,$) ;
#1402=AXIS2_PLACEMENT_3D('Circle Axis2P3D',#1400,#1401,$) ;
#1411=AXIS2_PLACEMENT_3D('Circle Axis2P3D',#1409,#1410,$) ;
#1420=AXIS2_PLACEMENT_3D('Circle Axis2P3D',#1418,#1419,$) ;
#1429=AXIS2_PLACEMENT_3D('Circle Axis2P3D',#1427,#1428,$) ;
#1441=AXIS2_PLACEMENT_3D('Cylinder Axis2P3D',#1438,#1439,#1440) ;
#1459=AXIS2_PLACEMENT_3D('Circle Axis2P3D',#1457,#1458,$) ;
#1471=AXIS2_PLACEMENT_3D('Circle Axis2P3D',#1469,#1470,$) ;
#1484=AXIS2_PLACEMENT_3D('Plane Axis2P3D',#1481,#1482,#1483) ;
#1492=AXIS2_PLACEMENT_3D('Circle Axis2P3D',#1490,#1491,$) ;
#1501=AXIS2_PLACEMENT_3D('Circle Axis2P3D',#1499,#1500,$) ;
#1508=AXIS2_PLACEMENT_3D('Circle Axis2P3D',#1506,#1507,$) ;
#1515=AXIS2_PLACEMENT_3D('Circle Axis2P3D',#1513,#1514,$) ;
#1528=AXIS2_PLACEMENT_3D('Cylinder Axis2P3D',#1525,#1526,#1527) ;
#1546=AXIS2_PLACEMENT_3D('Circle Axis2P3D',#1544,#1545,$) ;
#1558=AXIS2_PLACEMENT_3D('Circle Axis2P3D',#1556,#1557,$) ;
#1574=AXIS2_PLACEMENT_3D('Circle Axis2P3D',#1572,#1573,$) ;
#1583=AXIS2_PLACEMENT_3D('Circle Axis2P3D',#1581,#1582,$) ;
#1590=AXIS2_PLACEMENT_3D('Circle Axis2P3D',#1588,#1589,$) ;
#1597=AXIS2_PLACEMENT_3D('Circle Axis2P3D',#1595,#1596,$) ;
#1610=AXIS2_PLACEMENT_3D('Cylinder Axis2P3D',#1607,#1608,#1609) ;
#1628=AXIS2_PLACEMENT_3D('Circle Axis2P3D',#1626,#1627,$) ;
#1640=AXIS2_PLACEMENT_3D('Circle Axis2P3D',#1638,#1639,$) ;
#1656=AXIS2_PLACEMENT_3D('Circle Axis2P3D',#1654,#1655,$) ;
#1665=AXIS2_PLACEMENT_3D('Circle Axis2P3D',#1663,#1664,$) ;
#1672=AXIS2_PLACEMENT_3D('Circle Axis2P3D',#1670,#1671,$) ;
#1679=AXIS2_PLACEMENT_3D('Circle Axis2P3D',#1677,#1678,$) ;
#1692=AXIS2_PLACEMENT_3D('Cylinder Axis2P3D',#1689,#1690,#1691) ;
#1696=AXIS2_PLACEMENT_3D('Circle Axis2P3D',#1694,#1695,$) ;
#1724=AXIS2_PLACEMENT_3D('Circle Axis2P3D',#1722,#1723,$) ;
#1739=AXIS2_PLACEMENT_3D('Cylinder Axis2P3D',#1736,#1737,#1738) ;
#1743=AXIS2_PLACEMENT_3D('Circle Axis2P3D',#1741,#1742,$) ;
#1771=AXIS2_PLACEMENT_3D('Circle Axis2P3D',#1769,#1770,$) ;
#1786=AXIS2_PLACEMENT_3D('Cylinder Axis2P3D',#1783,#1784,#1785) ;
#1790=AXIS2_PLACEMENT_3D('Circle Axis2P3D',#1788,#1789,$) ;
#1818=AXIS2_PLACEMENT_3D('Circle Axis2P3D',#1816,#1817,$) ;
#1833=AXIS2_PLACEMENT_3D('Plane Axis2P3D',#1830,#1831,#1832) ;
#1841=AXIS2_PLACEMENT_3D('Circle Axis2P3D',#1839,#1840,$) ;
#1850=AXIS2_PLACEMENT_3D('Circle Axis2P3D',#1848,#1849,$) ;
#1865=AXIS2_PLACEMENT_3D('Circle Axis2P3D',#1863,#1864,$) ;
#1874=AXIS2_PLACEMENT_3D('Circle Axis2P3D',#1872,#1873,$) ;
#1889=AXIS2_PLACEMENT_3D('Circle Axis2P3D',#1887,#1888,$) ;
#1898=AXIS2_PLACEMENT_3D('Circle Axis2P3D',#1896,#1897,$) ;
#1910=AXIS2_PLACEMENT_3D('Cylinder Axis2P3D',#1907,#1908,#1909) ;
#1928=AXIS2_PLACEMENT_3D('Circle Axis2P3D',#1926,#1927,$) ;
#1940=AXIS2_PLACEMENT_3D('Circle Axis2P3D',#1938,#1939,$) ;
#1953=AXIS2_PLACEMENT_3D('Plane Axis2P3D',#1950,#1951,#1952) ;
#1967=AXIS2_PLACEMENT_3D('Cylinder Axis2P3D',#1964,#1965,#1966) ;
#1985=AXIS2_PLACEMENT_3D('Circle Axis2P3D',#1983,#1984,$) ;
#1997=AXIS2_PLACEMENT_3D('Circle Axis2P3D',#1995,#1996,$) ;
#2019=AXIS2_PLACEMENT_3D('Cylinder Axis2P3D',#2016,#2017,#2018) ;
#2037=AXIS2_PLACEMENT_3D('Circle Axis2P3D',#2035,#2036,$) ;
#2049=AXIS2_PLACEMENT_3D('Circle Axis2P3D',#2047,#2048,$) ;
#2071=AXIS2_PLACEMENT_3D('Cylinder Axis2P3D',#2068,#2069,#2070) ;
#2084=AXIS2_PLACEMENT_3D('Circle Axis2P3D',#2082,#2083,$) ;
#2098=AXIS2_PLACEMENT_3D('Circle Axis2P3D',#2096,#2097,$) ;
#2119=AXIS2_PLACEMENT_3D('Circle Axis2P3D',#2117,#2118,$) ;
#2133=AXIS2_PLACEMENT_3D('Circle Axis2P3D',#2131,#2132,$) ;
#2161=AXIS2_PLACEMENT_3D('Circle Axis2P3D',#2159,#2160,$) ;
#2189=AXIS2_PLACEMENT_3D('Circle Axis2P3D',#2187,#2188,$) ;
#2204=AXIS2_PLACEMENT_3D('Circle Axis2P3D',#2202,#2203,$) ;
#2209=AXIS2_PLACEMENT_3D('Circle Axis2P3D',#2207,#2208,$) ;
#2221=AXIS2_PLACEMENT_3D('Circle Axis2P3D',#2219,#2220,$) ;
#2226=AXIS2_PLACEMENT_3D('Circle Axis2P3D',#2224,#2225,$) ;
#2238=AXIS2_PLACEMENT_3D('Circle Axis2P3D',#2236,#2237,$) ;
#2243=AXIS2_PLACEMENT_3D('Circle Axis2P3D',#2241,#2242,$) ;
#2259=AXIS2_PLACEMENT_3D('Plane Axis2P3D',#2256,#2257,#2258) ;
#2267=AXIS2_PLACEMENT_3D('Circle Axis2P3D',#2265,#2266,$) ;
#2276=AXIS2_PLACEMENT_3D('Circle Axis2P3D',#2274,#2275,$) ;
#2287=AXIS2_PLACEMENT_3D('Cylinder Axis2P3D',#2284,#2285,#2286) ;
#2305=AXIS2_PLACEMENT_3D('Circle Axis2P3D',#2303,#2304,$) ;
#2317=AXIS2_PLACEMENT_3D('Circle Axis2P3D',#2315,#2316,$) ;
#2330=AXIS2_PLACEMENT_3D('Plane Axis2P3D',#2327,#2328,#2329) ;
#2343=AXIS2_PLACEMENT_3D('Circle Axis2P3D',#2341,#2342,$) ;
#2357=AXIS2_PLACEMENT_3D('Circle Axis2P3D',#2355,#2356,$) ;
#2371=AXIS2_PLACEMENT_3D('Circle Axis2P3D',#2369,#2370,$) ;
#2385=AXIS2_PLACEMENT_3D('Circle Axis2P3D',#2383,#2384,$) ;
#2413=AXIS2_PLACEMENT_3D('Circle Axis2P3D',#2411,#2412,$) ;
#2438=AXIS2_PLACEMENT_3D('Plane Axis2P3D',#2435,#2436,#2437) ;
#2465=AXIS2_PLACEMENT_3D('Circle Axis2P3D',#2463,#2464,$) ;
#2479=AXIS2_PLACEMENT_3D('Circle Axis2P3D',#2477,#2478,$) ;
#2493=AXIS2_PLACEMENT_3D('Circle Axis2P3D',#2491,#2492,$) ;
#2507=AXIS2_PLACEMENT_3D('Circle Axis2P3D',#2505,#2506,$) ;
#2521=AXIS2_PLACEMENT_3D('Circle Axis2P3D',#2519,#2520,$) ;
#2546=AXIS2_PLACEMENT_3D('Plane Axis2P3D',#2543,#2544,#2545) ;
#2568=AXIS2_PLACEMENT_3D('Cylinder Axis2P3D',#2565,#2566,#2567) ;
#2585=AXIS2_PLACEMENT_3D('Plane Axis2P3D',#2582,#2583,#2584) ;
#2598=AXIS2_PLACEMENT_3D('Circle Axis2P3D',#2596,#2597,$) ;
#2612=AXIS2_PLACEMENT_3D('Circle Axis2P3D',#2610,#2611,$) ;
#2622=AXIS2_PLACEMENT_3D('Circle Axis2P3D',#2620,#2621,$) ;
#2636=AXIS2_PLACEMENT_3D('Circle Axis2P3D',#2634,#2635,$) ;
#2671=AXIS2_PLACEMENT_3D('Plane Axis2P3D',#2668,#2669,#2670) ;
#2689=AXIS2_PLACEMENT_3D('Circle Axis2P3D',#2687,#2688,$) ;
#2703=AXIS2_PLACEMENT_3D('Circle Axis2P3D',#2701,#2702,$) ;
#2717=AXIS2_PLACEMENT_3D('Circle Axis2P3D',#2715,#2716,$) ;
#2731=AXIS2_PLACEMENT_3D('Circle Axis2P3D',#2729,#2730,$) ;
#2745=AXIS2_PLACEMENT_3D('Circle Axis2P3D',#2743,#2744,$) ;
#2770=AXIS2_PLACEMENT_3D('Cylinder Axis2P3D',#2767,#2768,#2769) ;
#2774=AXIS2_PLACEMENT_3D('Circle Axis2P3D',#2772,#2773,$) ;
#2794=AXIS2_PLACEMENT_3D('Plane Axis2P3D',#2791,#2792,#2793) ;
#2818=AXIS2_PLACEMENT_3D('Plane Axis2P3D',#2815,#2816,#2817) ;
#2848=AXIS2_PLACEMENT_3D('Circle Axis2P3D',#2846,#2847,$) ;
#2894=AXIS2_PLACEMENT_3D('Plane Axis2P3D',#2891,#2892,#2893) ;
#2898=AXIS2_PLACEMENT_3D('Circle Axis2P3D',#2896,#2897,$) ;
#2907=AXIS2_PLACEMENT_3D('Circle Axis2P3D',#2905,#2906,$) ;
#2916=AXIS2_PLACEMENT_3D('Circle Axis2P3D',#2914,#2915,$) ;
#2925=AXIS2_PLACEMENT_3D('Circle Axis2P3D',#2923,#2924,$) ;
#2936=AXIS2_PLACEMENT_3D('Circle Axis2P3D',#2934,#2935,$) ;
#2945=AXIS2_PLACEMENT_3D('Circle Axis2P3D',#2943,#2944,$) ;
#2954=AXIS2_PLACEMENT_3D('Circle Axis2P3D',#2952,#2953,$) ;
#2963=AXIS2_PLACEMENT_3D('Circle Axis2P3D',#2961,#2962,$) ;
#2975=AXIS2_PLACEMENT_3D('Torus Axis2P3D',#2972,#2973,#2974) ;
#2979=AXIS2_PLACEMENT_3D('Circle Axis2P3D',#2977,#2978,$) ;
#2988=AXIS2_PLACEMENT_3D('Circle Axis2P3D',#2986,#2987,$) ;
#2993=AXIS2_PLACEMENT_3D('Circle Axis2P3D',#2991,#2992,$) ;
#3007=AXIS2_PLACEMENT_3D('Torus Axis2P3D',#3004,#3005,#3006) ;
#3011=AXIS2_PLACEMENT_3D('Circle Axis2P3D',#3009,#3010,$) ;
#3025=AXIS2_PLACEMENT_3D('Torus Axis2P3D',#3022,#3023,#3024) ;
#3029=AXIS2_PLACEMENT_3D('Circle Axis2P3D',#3027,#3028,$) ;
#3038=AXIS2_PLACEMENT_3D('Circle Axis2P3D',#3036,#3037,$) ;
#3043=AXIS2_PLACEMENT_3D('Circle Axis2P3D',#3041,#3042,$) ;
#3057=AXIS2_PLACEMENT_3D('Torus Axis2P3D',#3054,#3055,#3056) ;
#3061=AXIS2_PLACEMENT_3D('Circle Axis2P3D',#3059,#3060,$) ;
#3075=AXIS2_PLACEMENT_3D('Cylinder Axis2P3D',#3072,#3073,#3074) ;
#3079=AXIS2_PLACEMENT_3D('Circle Axis2P3D',#3077,#3078,$) ;
#3106=AXIS2_PLACEMENT_3D('Circle Axis2P3D',#3104,#3105,$) ;
#3120=AXIS2_PLACEMENT_3D('Cylinder Axis2P3D',#3117,#3118,#3119) ;
#3124=AXIS2_PLACEMENT_3D('Circle Axis2P3D',#3122,#3123,$) ;
#3151=AXIS2_PLACEMENT_3D('Circle Axis2P3D',#3149,#3150,$) ;
#3165=AXIS2_PLACEMENT_3D('Cylinder Axis2P3D',#3162,#3163,#3164) ;
#3176=AXIS2_PLACEMENT_3D('Circle Axis2P3D',#3174,#3175,$) ;
#3196=AXIS2_PLACEMENT_3D('Circle Axis2P3D',#3194,#3195,$) ;
#3210=AXIS2_PLACEMENT_3D('Cylinder Axis2P3D',#3207,#3208,#3209) ;
#3221=AXIS2_PLACEMENT_3D('Circle Axis2P3D',#3219,#3220,$) ;
#3241=AXIS2_PLACEMENT_3D('Circle Axis2P3D',#3239,#3240,$) ;
#3255=AXIS2_PLACEMENT_3D('Cylinder Axis2P3D',#3252,#3253,#3254) ;
#3259=AXIS2_PLACEMENT_3D('Circle Axis2P3D',#3257,#3258,$) ;
#3279=AXIS2_PLACEMENT_3D('Cylinder Axis2P3D',#3276,#3277,#3278) ;
#3290=AXIS2_PLACEMENT_3D('Circle Axis2P3D',#3288,#3289,$) ;
#3315=AXIS2_PLACEMENT_3D('Cylinder Axis2P3D',#3312,#3313,#3314) ;
#3319=AXIS2_PLACEMENT_3D('Circle Axis2P3D',#3317,#3318,$) ;
#3332=AXIS2_PLACEMENT_3D('Plane Axis2P3D',#3329,#3330,#3331) ;
#3368=AXIS2_PLACEMENT_3D('Cylinder Axis2P3D',#3365,#3366,#3367) ;
#3379=AXIS2_PLACEMENT_3D('Circle Axis2P3D',#3377,#3378,$) ;
#3392=AXIS2_PLACEMENT_3D('Cylinder Axis2P3D',#3389,#3390,#3391) ;
#3414=AXIS2_PLACEMENT_3D('Plane Axis2P3D',#3411,#3412,#3413) ;
#3418=AXIS2_PLACEMENT_3D('Circle Axis2P3D',#3416,#3417,$) ;
#3432=AXIS2_PLACEMENT_3D('Circle Axis2P3D',#3430,#3431,$) ;
#3437=AXIS2_PLACEMENT_3D('Circle Axis2P3D',#3435,#3436,$) ;
#3465=AXIS2_PLACEMENT_3D('Cylinder Axis2P3D',#3462,#3463,#3464) ;
#3482=AXIS2_PLACEMENT_3D('Cylinder Axis2P3D',#3479,#3480,#3481) ;
#3549=AXIS2_PLACEMENT_3D('Plane Axis2P3D',#3546,#3547,#3548) ;
#3567=AXIS2_PLACEMENT_3D('Circle Axis2P3D',#3565,#3566,$) ;
#3576=AXIS2_PLACEMENT_3D('Circle Axis2P3D',#3574,#3575,$) ;
#3585=AXIS2_PLACEMENT_3D('Circle Axis2P3D',#3583,#3584,$) ;
#3594=AXIS2_PLACEMENT_3D('Circle Axis2P3D',#3592,#3593,$) ;
#3603=AXIS2_PLACEMENT_3D('Circle Axis2P3D',#3601,#3602,$) ;
#3612=AXIS2_PLACEMENT_3D('Circle Axis2P3D',#3610,#3611,$) ;
#3621=AXIS2_PLACEMENT_3D('Circle Axis2P3D',#3619,#3620,$) ;
#3630=AXIS2_PLACEMENT_3D('Circle Axis2P3D',#3628,#3629,$) ;
#3639=AXIS2_PLACEMENT_3D('Circle Axis2P3D',#3637,#3638,$) ;
#3648=AXIS2_PLACEMENT_3D('Circle Axis2P3D',#3646,#3647,$) ;
#3657=AXIS2_PLACEMENT_3D('Circle Axis2P3D',#3655,#3656,$) ;
#3666=AXIS2_PLACEMENT_3D('Circle Axis2P3D',#3664,#3665,$) ;
#3675=AXIS2_PLACEMENT_3D('Circle Axis2P3D',#3673,#3674,$) ;
#3684=AXIS2_PLACEMENT_3D('Circle Axis2P3D',#3682,#3683,$) ;
#3695=AXIS2_PLACEMENT_3D('Cylinder Axis2P3D',#3692,#3693,#3694) ;
#3706=AXIS2_PLACEMENT_3D('Circle Axis2P3D',#3704,#3705,$) ;
#3726=AXIS2_PLACEMENT_3D('Circle Axis2P3D',#3724,#3725,$) ;
#3740=AXIS2_PLACEMENT_3D('Cylinder Axis2P3D',#3737,#3738,#3739) ;
#3751=AXIS2_PLACEMENT_3D('Circle Axis2P3D',#3749,#3750,$) ;
#3771=AXIS2_PLACEMENT_3D('Circle Axis2P3D',#3769,#3770,$) ;
#3785=AXIS2_PLACEMENT_3D('Cylinder Axis2P3D',#3782,#3783,#3784) ;
#3796=AXIS2_PLACEMENT_3D('Circle Axis2P3D',#3794,#3795,$) ;
#3816=AXIS2_PLACEMENT_3D('Circle Axis2P3D',#3814,#3815,$) ;
#3830=AXIS2_PLACEMENT_3D('Cylinder Axis2P3D',#3827,#3828,#3829) ;
#3841=AXIS2_PLACEMENT_3D('Circle Axis2P3D',#3839,#3840,$) ;
#3861=AXIS2_PLACEMENT_3D('Circle Axis2P3D',#3859,#3860,$) ;
#3875=AXIS2_PLACEMENT_3D('Cylinder Axis2P3D',#3872,#3873,#3874) ;
#3886=AXIS2_PLACEMENT_3D('Circle Axis2P3D',#3884,#3885,$) ;
#3906=AXIS2_PLACEMENT_3D('Circle Axis2P3D',#3904,#3905,$) ;
#3920=AXIS2_PLACEMENT_3D('Cylinder Axis2P3D',#3917,#3918,#3919) ;
#3931=AXIS2_PLACEMENT_3D('Circle Axis2P3D',#3929,#3930,$) ;
#3951=AXIS2_PLACEMENT_3D('Circle Axis2P3D',#3949,#3950,$) ;
#3965=AXIS2_PLACEMENT_3D('Cylinder Axis2P3D',#3962,#3963,#3964) ;
#3969=AXIS2_PLACEMENT_3D('Circle Axis2P3D',#3967,#3968,$) ;
#3996=AXIS2_PLACEMENT_3D('Circle Axis2P3D',#3994,#3995,$) ;
#4010=AXIS2_PLACEMENT_3D('Cylinder Axis2P3D',#4007,#4008,#4009) ;
#4069=AXIS2_PLACEMENT_3D('Plane Axis2P3D',#4066,#4067,#4068) ;
#4105=AXIS2_PLACEMENT_3D('Cylinder Axis2P3D',#4102,#4103,#4104) ;
#4155=AXIS2_PLACEMENT_3D('Plane Axis2P3D',#4152,#4153,#4154) ;
#4203=AXIS2_PLACEMENT_3D('Plane Axis2P3D',#4200,#4201,#4202) ;
#4216=AXIS2_PLACEMENT_3D('Circle Axis2P3D',#4214,#4215,$) ;
#4221=AXIS2_PLACEMENT_3D('Circle Axis2P3D',#4219,#4220,$) ;
#4235=AXIS2_PLACEMENT_3D('Plane Axis2P3D',#4232,#4233,#4234) ;
#4303=AXIS2_PLACEMENT_3D('Plane Axis2P3D',#4300,#4301,#4302) ;
#4316=AXIS2_PLACEMENT_3D('Circle Axis2P3D',#4314,#4315,$) ;
#4321=AXIS2_PLACEMENT_3D('Circle Axis2P3D',#4319,#4320,$) ;
#4335=AXIS2_PLACEMENT_3D('Cylinder Axis2P3D',#4332,#4333,#4334) ;
#4361=AXIS2_PLACEMENT_3D('Cylinder Axis2P3D',#4358,#4359,#4360) ;
#4387=AXIS2_PLACEMENT_3D('Plane Axis2P3D',#4384,#4385,#4386) ;
#4400=AXIS2_PLACEMENT_3D('Plane Axis2P3D',#4397,#4398,#4399) ;
#4431=AXIS2_PLACEMENT_3D('Cylinder Axis2P3D',#4428,#4429,#4430) ;
#4435=AXIS2_PLACEMENT_3D('Circle Axis2P3D',#4433,#4434,$) ;
#4449=AXIS2_PLACEMENT_3D('Circle Axis2P3D',#4447,#4448,$) ;
#4462=AXIS2_PLACEMENT_3D('Plane Axis2P3D',#4459,#4460,#4461) ;
#4493=AXIS2_PLACEMENT_3D('Plane Axis2P3D',#4490,#4491,#4492) ;
#4527=AXIS2_PLACEMENT_3D('Plane Axis2P3D',#4524,#4525,#4526) ;
#4561=AXIS2_PLACEMENT_3D('Plane Axis2P3D',#4558,#4559,#4560) ;
#4601=AXIS2_PLACEMENT_3D('Cylinder Axis2P3D',#4598,#4599,#4600) ;
#4605=AXIS2_PLACEMENT_3D('Circle Axis2P3D',#4603,#4604,$) ;
#4619=AXIS2_PLACEMENT_3D('Circle Axis2P3D',#4617,#4618,$) ;
#4632=AXIS2_PLACEMENT_3D('Plane Axis2P3D',#4629,#4630,#4631) ;
#4663=AXIS2_PLACEMENT_3D('Cylinder Axis2P3D',#4660,#4661,#4662) ;
#4667=AXIS2_PLACEMENT_3D('Circle Axis2P3D',#4665,#4666,$) ;
#4681=AXIS2_PLACEMENT_3D('Circle Axis2P3D',#4679,#4680,$) ;
#4694=AXIS2_PLACEMENT_3D('Plane Axis2P3D',#4691,#4692,#4693) ;
#4725=AXIS2_PLACEMENT_3D('Plane Axis2P3D',#4722,#4723,#4724) ;
#4760=AXIS2_PLACEMENT_3D('Plane Axis2P3D',#4757,#4758,#4759) ;
#4795=AXIS2_PLACEMENT_3D('Plane Axis2P3D',#4792,#4793,#4794) ;
#4799=AXIS2_PLACEMENT_3D('Circle Axis2P3D',#4797,#4798,$) ;
#4808=AXIS2_PLACEMENT_3D('Circle Axis2P3D',#4806,#4807,$) ;
#4817=AXIS2_PLACEMENT_3D('Circle Axis2P3D',#4815,#4816,$) ;
#4826=AXIS2_PLACEMENT_3D('Circle Axis2P3D',#4824,#4825,$) ;
#4837=AXIS2_PLACEMENT_3D('Cylinder Axis2P3D',#4834,#4835,#4836) ;
#4841=AXIS2_PLACEMENT_3D('Circle Axis2P3D',#4839,#4840,$) ;
#4867=AXIS2_PLACEMENT_3D('Circle Axis2P3D',#4865,#4866,$) ;
#4889=AXIS2_PLACEMENT_3D('Cylinder Axis2P3D',#4886,#4887,#4888) ;
#4970=AXIS2_PLACEMENT_3D('Plane Axis2P3D',#4967,#4968,#4969) ;
#5006=AXIS2_PLACEMENT_3D('Plane Axis2P3D',#5003,#5004,#5005) ;
#5019=AXIS2_PLACEMENT_3D('Plane Axis2P3D',#5016,#5017,#5018) ;
#5044=AXIS2_PLACEMENT_3D('Plane Axis2P3D',#5041,#5042,#5043) ;
#5080=AXIS2_PLACEMENT_3D('Plane Axis2P3D',#5077,#5078,#5079) ;
#39=LINE('Line',#36,#38) ;
#55=LINE('Line',#52,#54) ;
#91=LINE('Line',#88,#90) ;
#108=LINE('Line',#105,#107) ;
#324=LINE('Line',#321,#323) ;
#338=LINE('Line',#335,#337) ;
#369=LINE('Line',#366,#368) ;
#383=LINE('Line',#380,#382) ;
#414=LINE('Line',#411,#413) ;
#428=LINE('Line',#425,#427) ;
#468=LINE('Line',#465,#467) ;
#482=LINE('Line',#479,#481) ;
#508=LINE('Line',#505,#507) ;
#522=LINE('Line',#519,#521) ;
#548=LINE('Line',#545,#547) ;
#562=LINE('Line',#559,#561) ;
#579=LINE('Line',#576,#578) ;
#586=LINE('Line',#583,#585) ;
#591=LINE('Line',#588,#590) ;
#617=LINE('Line',#614,#616) ;
#624=LINE('Line',#621,#623) ;
#641=LINE('Line',#638,#640) ;
#648=LINE('Line',#645,#647) ;
#666=LINE('Line',#663,#665) ;
#675=LINE('Line',#672,#674) ;
#682=LINE('Line',#679,#681) ;
#689=LINE('Line',#686,#688) ;
#706=LINE('Line',#703,#705) ;
#723=LINE('Line',#720,#722) ;
#745=LINE('Line',#742,#744) ;
#750=LINE('Line',#747,#749) ;
#755=LINE('Line',#752,#754) ;
#775=LINE('Line',#772,#774) ;
#784=LINE('Line',#781,#783) ;
#789=LINE('Line',#786,#788) ;
#862=LINE('Line',#859,#861) ;
#867=LINE('Line',#864,#866) ;
#904=LINE('Line',#901,#903) ;
#909=LINE('Line',#906,#908) ;
#930=LINE('Line',#927,#929) ;
#952=LINE('Line',#949,#951) ;
#957=LINE('Line',#954,#956) ;
#964=LINE('Line',#961,#963) ;
#991=LINE('Line',#988,#990) ;
#1015=LINE('Line',#1012,#1014) ;
#1056=LINE('Line',#1053,#1055) ;
#1099=LINE('Line',#1096,#1098) ;
#1108=LINE('Line',#1105,#1107) ;
#1113=LINE('Line',#1110,#1112) ;
#1144=LINE('Line',#1141,#1143) ;
#1161=LINE('Line',#1158,#1160) ;
#1170=LINE('Line',#1167,#1169) ;
#1177=LINE('Line',#1174,#1176) ;
#1184=LINE('Line',#1181,#1183) ;
#1208=LINE('Line',#1205,#1207) ;
#1246=LINE('Line',#1243,#1245) ;
#1263=LINE('Line',#1260,#1262) ;
#1268=LINE('Line',#1265,#1267) ;
#1299=LINE('Line',#1296,#1298) ;
#1323=LINE('Line',#1320,#1322) ;
#1347=LINE('Line',#1344,#1346) ;
#1352=LINE('Line',#1349,#1351) ;
#1446=LINE('Line',#1443,#1445) ;
#1453=LINE('Line',#1450,#1452) ;
#1533=LINE('Line',#1530,#1532) ;
#1540=LINE('Line',#1537,#1539) ;
#1615=LINE('Line',#1612,#1614) ;
#1622=LINE('Line',#1619,#1621) ;
#1706=LINE('Line',#1703,#1705) ;
#1711=LINE('Line',#1708,#1710) ;
#1753=LINE('Line',#1750,#1752) ;
#1758=LINE('Line',#1755,#1757) ;
#1800=LINE('Line',#1797,#1799) ;
#1805=LINE('Line',#1802,#1804) ;
#1915=LINE('Line',#1912,#1914) ;
#1922=LINE('Line',#1919,#1921) ;
#1972=LINE('Line',#1969,#1971) ;
#1979=LINE('Line',#1976,#1978) ;
#2024=LINE('Line',#2021,#2023) ;
#2031=LINE('Line',#2028,#2030) ;
#2076=LINE('Line',#2073,#2075) ;
#2092=LINE('Line',#2089,#2091) ;
#2111=LINE('Line',#2108,#2110) ;
#2127=LINE('Line',#2124,#2126) ;
#2146=LINE('Line',#2143,#2145) ;
#2155=LINE('Line',#2152,#2154) ;
#2169=LINE('Line',#2166,#2168) ;
#2176=LINE('Line',#2173,#2175) ;
#2183=LINE('Line',#2180,#2182) ;
#2292=LINE('Line',#2289,#2291) ;
#2299=LINE('Line',#2296,#2298) ;
#2335=LINE('Line',#2332,#2334) ;
#2351=LINE('Line',#2348,#2350) ;
#2365=LINE('Line',#2362,#2364) ;
#2379=LINE('Line',#2376,#2378) ;
#2393=LINE('Line',#2390,#2392) ;
#2400=LINE('Line',#2397,#2399) ;
#2407=LINE('Line',#2404,#2406) ;
#2443=LINE('Line',#2440,#2442) ;
#2452=LINE('Line',#2449,#2451) ;
#2459=LINE('Line',#2456,#2458) ;
#2473=LINE('Line',#2470,#2472) ;
#2487=LINE('Line',#2484,#2486) ;
#2501=LINE('Line',#2498,#2500) ;
#2515=LINE('Line',#2512,#2514) ;
#2551=LINE('Line',#2548,#2550) ;
#2556=LINE('Line',#2553,#2555) ;
#2573=LINE('Line',#2570,#2572) ;
#2590=LINE('Line',#2587,#2589) ;
#2606=LINE('Line',#2603,#2605) ;
#2618=LINE('Line',#2615,#2617) ;
#2630=LINE('Line',#2627,#2629) ;
#2644=LINE('Line',#2641,#2643) ;
#2651=LINE('Line',#2648,#2650) ;
#2676=LINE('Line',#2673,#2675) ;
#2685=LINE('Line',#2682,#2684) ;
#2697=LINE('Line',#2694,#2696) ;
#2711=LINE('Line',#2708,#2710) ;
#2725=LINE('Line',#2722,#2724) ;
#2739=LINE('Line',#2736,#2738) ;
#2782=LINE('Line',#2779,#2781) ;
#2799=LINE('Line',#2796,#2798) ;
#2806=LINE('Line',#2803,#2805) ;
#2823=LINE('Line',#2820,#2822) ;
#2830=LINE('Line',#2827,#2829) ;
#2837=LINE('Line',#2834,#2836) ;
#2856=LINE('Line',#2853,#2855) ;
#2868=LINE('Line',#2865,#2867) ;
#2875=LINE('Line',#2872,#2874) ;
#2882=LINE('Line',#2879,#2881) ;
#3089=LINE('Line',#3086,#3088) ;
#3094=LINE('Line',#3091,#3093) ;
#3134=LINE('Line',#3131,#3133) ;
#3139=LINE('Line',#3136,#3138) ;
#3170=LINE('Line',#3167,#3169) ;
#3184=LINE('Line',#3181,#3183) ;
#3215=LINE('Line',#3212,#3214) ;
#3229=LINE('Line',#3226,#3228) ;
#3267=LINE('Line',#3264,#3266) ;
#3284=LINE('Line',#3281,#3283) ;
#3303=LINE('Line',#3300,#3302) ;
#3337=LINE('Line',#3334,#3336) ;
#3344=LINE('Line',#3341,#3343) ;
#3373=LINE('Line',#3370,#3372) ;
#3397=LINE('Line',#3394,#3396) ;
#3402=LINE('Line',#3399,#3401) ;
#3426=LINE('Line',#3423,#3425) ;
#3445=LINE('Line',#3442,#3444) ;
#3470=LINE('Line',#3467,#3469) ;
#3487=LINE('Line',#3484,#3486) ;
#3499=LINE('Line',#3496,#3498) ;
#3511=LINE('Line',#3508,#3510) ;
#3530=LINE('Line',#3527,#3529) ;
#3700=LINE('Line',#3697,#3699) ;
#3714=LINE('Line',#3711,#3713) ;
#3745=LINE('Line',#3742,#3744) ;
#3759=LINE('Line',#3756,#3758) ;
#3790=LINE('Line',#3787,#3789) ;
#3804=LINE('Line',#3801,#3803) ;
#3835=LINE('Line',#3832,#3834) ;
#3849=LINE('Line',#3846,#3848) ;
#3880=LINE('Line',#3877,#3879) ;
#3894=LINE('Line',#3891,#3893) ;
#3925=LINE('Line',#3922,#3924) ;
#3939=LINE('Line',#3936,#3938) ;
#3979=LINE('Line',#3976,#3978) ;
#3984=LINE('Line',#3981,#3983) ;
#4015=LINE('Line',#4012,#4014) ;
#4040=LINE('Line',#4037,#4039) ;
#4074=LINE('Line',#4071,#4073) ;
#4081=LINE('Line',#4078,#4080) ;
#4088=LINE('Line',#4085,#4087) ;
#4110=LINE('Line',#4107,#4109) ;
#4160=LINE('Line',#4157,#4159) ;
#4169=LINE('Line',#4166,#4168) ;
#4174=LINE('Line',#4171,#4173) ;
#4208=LINE('Line',#4205,#4207) ;
#4260=LINE('Line',#4257,#4259) ;
#4269=LINE('Line',#4266,#4268) ;
#4274=LINE('Line',#4271,#4273) ;
#4308=LINE('Line',#4305,#4307) ;
#4405=LINE('Line',#4402,#4404) ;
#4412=LINE('Line',#4409,#4411) ;
#4419=LINE('Line',#4416,#4418) ;
#4443=LINE('Line',#4440,#4442) ;
#4467=LINE('Line',#4464,#4466) ;
#4474=LINE('Line',#4471,#4473) ;
#4481=LINE('Line',#4478,#4480) ;
#4498=LINE('Line',#4495,#4497) ;
#4505=LINE('Line',#4502,#4504) ;
#4512=LINE('Line',#4509,#4511) ;
#4532=LINE('Line',#4529,#4531) ;
#4539=LINE('Line',#4536,#4538) ;
#4546=LINE('Line',#4543,#4545) ;
#4566=LINE('Line',#4563,#4565) ;
#4575=LINE('Line',#4572,#4574) ;
#4582=LINE('Line',#4579,#4581) ;
#4589=LINE('Line',#4586,#4588) ;
#4613=LINE('Line',#4610,#4612) ;
#4637=LINE('Line',#4634,#4636) ;
#4644=LINE('Line',#4641,#4643) ;
#4651=LINE('Line',#4648,#4650) ;
#4675=LINE('Line',#4672,#4674) ;
#4699=LINE('Line',#4696,#4698) ;
#4706=LINE('Line',#4703,#4705) ;
#4713=LINE('Line',#4710,#4712) ;
#4730=LINE('Line',#4727,#4729) ;
#4737=LINE('Line',#4734,#4736) ;
#4744=LINE('Line',#4741,#4743) ;
#4765=LINE('Line',#4762,#4764) ;
#4774=LINE('Line',#4771,#4773) ;
#4779=LINE('Line',#4776,#4778) ;
#4851=LINE('Line',#4848,#4850) ;
#4856=LINE('Line',#4853,#4855) ;
#4894=LINE('Line',#4891,#4893) ;
#4899=LINE('Line',#4896,#4898) ;
#4950=LINE('Line',#4947,#4949) ;
#4957=LINE('Line',#4954,#4956) ;
#4975=LINE('Line',#4972,#4974) ;
#4982=LINE('Line',#4979,#4981) ;
#4994=LINE('Line',#4991,#4993) ;
#5024=LINE('Line',#5021,#5023) ;
#5031=LINE('Line',#5028,#5030) ;
#5049=LINE('Line',#5046,#5048) ;
#5056=LINE('Line',#5053,#5055) ;
#5068=LINE('Line',#5065,#5067) ;
#48=CIRCLE('generated circle',#47,52.) ;
#62=CIRCLE('generated circle',#61,52.) ;
#125=CIRCLE('generated circle',#124,22.5) ;
#134=CIRCLE('generated circle',#133,0.8) ;
#141=CIRCLE('generated circle',#140,21.7) ;
#148=CIRCLE('generated circle',#147,0.8) ;
#173=CIRCLE('generated circle',#172,22.5) ;
#178=CIRCLE('generated circle',#177,21.7) ;
#196=CIRCLE('generated circle',#195,22.5) ;
#205=CIRCLE('generated circle',#204,0.8) ;
#212=CIRCLE('generated circle',#211,21.7) ;
#219=CIRCLE('generated circle',#218,0.8) ;
#237=CIRCLE('generated circle',#236,22.5) ;
#242=CIRCLE('generated circle',#241,21.7) ;
#260=CIRCLE('generated circle',#259,22.5) ;
#269=CIRCLE('generated circle',#268,0.8) ;
#276=CIRCLE('generated circle',#275,21.7) ;
#283=CIRCLE('generated circle',#282,0.8) ;
#301=CIRCLE('generated circle',#300,22.5) ;
#306=CIRCLE('generated circle',#305,21.7) ;
#331=CIRCLE('generated circle',#330,22.5) ;
#351=CIRCLE('generated circle',#350,22.5) ;
#376=CIRCLE('generated circle',#375,22.5) ;
#396=CIRCLE('generated circle',#395,22.5) ;
#421=CIRCLE('generated circle',#420,22.5) ;
#441=CIRCLE('generated circle',#440,22.5) ;
#459=CIRCLE('generated circle',#458,30.) ;
#475=CIRCLE('generated circle',#474,30.) ;
#499=CIRCLE('generated circle',#498,30.) ;
#515=CIRCLE('generated circle',#514,30.) ;
#539=CIRCLE('generated circle',#538,30.) ;
#555=CIRCLE('generated circle',#554,30.) ;
#598=CIRCLE('generated circle',#597,30.) ;
#653=CIRCLE('generated circle',#652,30.) ;
#984=CIRCLE('generated circle',#983,30.) ;
#998=CIRCLE('generated circle',#997,30.) ;
#1075=CIRCLE('generated circle',#1074,40.8) ;
#1084=CIRCLE('generated circle',#1083,40.8) ;
#1130=CIRCLE('generated circle',#1129,30.) ;
#1137=CIRCLE('generated circle',#1136,30.) ;
#1201=CIRCLE('generated circle',#1200,30.) ;
#1215=CIRCLE('generated circle',#1214,30.) ;
#1232=CIRCLE('generated circle',#1231,30.) ;
#1239=CIRCLE('generated circle',#1238,30.) ;
#1285=CIRCLE('generated circle',#1284,30.) ;
#1292=CIRCLE('generated circle',#1291,30.) ;
#1316=CIRCLE('generated circle',#1315,30.) ;
#1330=CIRCLE('generated circle',#1329,30.) ;
#1385=CIRCLE('generated circle',#1384,28.) ;
#1394=CIRCLE('generated circle',#1393,28.) ;
#1403=CIRCLE('generated circle',#1402,28.) ;
#1412=CIRCLE('generated circle',#1411,28.) ;
#1421=CIRCLE('generated circle',#1420,28.) ;
#1430=CIRCLE('generated circle',#1429,28.) ;
#1460=CIRCLE('generated circle',#1459,28.) ;
#1472=CIRCLE('generated circle',#1471,28.) ;
#1493=CIRCLE('generated circle',#1492,11.) ;
#1502=CIRCLE('generated circle',#1501,11.) ;
#1509=CIRCLE('generated circle',#1508,11.) ;
#1516=CIRCLE('generated circle',#1515,11.) ;
#1547=CIRCLE('generated circle',#1546,28.) ;
#1559=CIRCLE('generated circle',#1558,28.) ;
#1575=CIRCLE('generated circle',#1574,11.) ;
#1584=CIRCLE('generated circle',#1583,11.) ;
#1591=CIRCLE('generated circle',#1590,11.) ;
#1598=CIRCLE('generated circle',#1597,11.) ;
#1629=CIRCLE('generated circle',#1628,28.) ;
#1641=CIRCLE('generated circle',#1640,28.) ;
#1657=CIRCLE('generated circle',#1656,11.) ;
#1666=CIRCLE('generated circle',#1665,11.) ;
#1673=CIRCLE('generated circle',#1672,11.) ;
#1680=CIRCLE('generated circle',#1679,11.) ;
#1697=CIRCLE('generated circle',#1696,11.) ;
#1725=CIRCLE('generated circle',#1724,11.) ;
#1744=CIRCLE('generated circle',#1743,11.) ;
#1772=CIRCLE('generated circle',#1771,11.) ;
#1791=CIRCLE('generated circle',#1790,11.) ;
#1819=CIRCLE('generated circle',#1818,11.) ;
#1842=CIRCLE('generated circle',#1841,18.5) ;
#1851=CIRCLE('generated circle',#1850,18.5) ;
#1866=CIRCLE('generated circle',#1865,18.5) ;
#1875=CIRCLE('generated circle',#1874,18.5) ;
#1890=CIRCLE('generated circle',#1889,18.5) ;
#1899=CIRCLE('generated circle',#1898,18.5) ;
#1929=CIRCLE('generated circle',#1928,18.5) ;
#1941=CIRCLE('generated circle',#1940,18.5) ;
#1986=CIRCLE('generated circle',#1985,18.5) ;
#1998=CIRCLE('generated circle',#1997,18.5) ;
#2038=CIRCLE('generated circle',#2037,18.5) ;
#2050=CIRCLE('generated circle',#2049,18.5) ;
#2085=CIRCLE('generated circle',#2084,50.8) ;
#2099=CIRCLE('generated circle',#2098,50.8) ;
#2120=CIRCLE('generated circle',#2119,50.8) ;
#2134=CIRCLE('generated circle',#2133,50.8) ;
#2162=CIRCLE('generated circle',#2161,50.8) ;
#2190=CIRCLE('generated circle',#2189,50.8) ;
#2205=CIRCLE('generated circle',#2204,50.8) ;
#2210=CIRCLE('generated circle',#2209,50.8) ;
#2222=CIRCLE('generated circle',#2221,50.8) ;
#2227=CIRCLE('generated circle',#2226,50.8) ;
#2239=CIRCLE('generated circle',#2238,50.8) ;
#2244=CIRCLE('generated circle',#2243,50.8) ;
#2268=CIRCLE('generated circle',#2267,46.) ;
#2277=CIRCLE('generated circle',#2276,46.) ;
#2306=CIRCLE('generated circle',#2305,40.8) ;
#2318=CIRCLE('generated circle',#2317,40.8) ;
#2344=CIRCLE('generated circle',#2343,20.) ;
#2358=CIRCLE('generated circle',#2357,70.) ;
#2372=CIRCLE('generated circle',#2371,20.) ;
#2386=CIRCLE('generated circle',#2385,20.) ;
#2414=CIRCLE('generated circle',#2413,20.) ;
#2466=CIRCLE('generated circle',#2465,20.) ;
#2480=CIRCLE('generated circle',#2479,20.) ;
#2494=CIRCLE('generated circle',#2493,70.) ;
#2508=CIRCLE('generated circle',#2507,20.) ;
#2522=CIRCLE('generated circle',#2521,20.) ;
#2599=CIRCLE('generated circle',#2598,20.) ;
#2613=CIRCLE('generated circle',#2612,20.) ;
#2623=CIRCLE('generated circle',#2622,36.) ;
#2637=CIRCLE('generated circle',#2636,36.) ;
#2690=CIRCLE('generated circle',#2689,20.) ;
#2704=CIRCLE('generated circle',#2703,20.) ;
#2718=CIRCLE('generated circle',#2717,70.) ;
#2732=CIRCLE('generated circle',#2731,20.) ;
#2746=CIRCLE('generated circle',#2745,20.) ;
#2775=CIRCLE('generated circle',#2774,20.) ;
#2849=CIRCLE('generated circle',#2848,70.) ;
#2899=CIRCLE('generated circle',#2898,17.2) ;
#2908=CIRCLE('generated circle',#2907,17.2) ;
#2917=CIRCLE('generated circle',#2916,8.5) ;
#2926=CIRCLE('generated circle',#2925,8.5) ;
#2937=CIRCLE('generated circle',#2936,17.2) ;
#2946=CIRCLE('generated circle',#2945,17.2) ;
#2955=CIRCLE('generated circle',#2954,8.5) ;
#2964=CIRCLE('generated circle',#2963,8.5) ;
#2980=CIRCLE('generated circle',#2979,18.) ;
#2989=CIRCLE('generated circle',#2988,0.8) ;
#2994=CIRCLE('generated circle',#2993,0.8) ;
#3012=CIRCLE('generated circle',#3011,18.) ;
#3030=CIRCLE('generated circle',#3029,18.) ;
#3039=CIRCLE('generated circle',#3038,0.8) ;
#3044=CIRCLE('generated circle',#3043,0.8) ;
#3062=CIRCLE('generated circle',#3061,18.) ;
#3080=CIRCLE('generated circle',#3079,8.5) ;
#3107=CIRCLE('generated circle',#3106,8.5) ;
#3125=CIRCLE('generated circle',#3124,8.5) ;
#3152=CIRCLE('generated circle',#3151,8.5) ;
#3177=CIRCLE('generated circle',#3176,18.) ;
#3197=CIRCLE('generated circle',#3196,18.) ;
#3222=CIRCLE('generated circle',#3221,18.) ;
#3242=CIRCLE('generated circle',#3241,18.) ;
#3260=CIRCLE('generated circle',#3259,20.) ;
#3291=CIRCLE('generated circle',#3290,20.) ;
#3320=CIRCLE('generated circle',#3319,20.) ;
#3380=CIRCLE('generated circle',#3379,20.) ;
#3419=CIRCLE('generated circle',#3418,36.) ;
#3433=CIRCLE('generated circle',#3432,36.) ;
#3438=CIRCLE('generated circle',#3437,20.) ;
#3568=CIRCLE('generated circle',#3567,5.5) ;
#3577=CIRCLE('generated circle',#3576,5.5) ;
#3586=CIRCLE('generated circle',#3585,5.5) ;
#3595=CIRCLE('generated circle',#3594,5.5) ;
#3604=CIRCLE('generated circle',#3603,5.5) ;
#3613=CIRCLE('generated circle',#3612,5.5) ;
#3622=CIRCLE('generated circle',#3621,5.5) ;
#3631=CIRCLE('generated circle',#3630,5.5) ;
#3640=CIRCLE('generated circle',#3639,5.5) ;
#3649=CIRCLE('generated circle',#3648,5.5) ;
#3658=CIRCLE('generated circle',#3657,5.5) ;
#3667=CIRCLE('generated circle',#3666,5.5) ;
#3676=CIRCLE('generated circle',#3675,5.5) ;
#3685=CIRCLE('generated circle',#3684,5.5) ;
#3707=CIRCLE('generated circle',#3706,5.5) ;
#3727=CIRCLE('generated circle',#3726,5.5) ;
#3752=CIRCLE('generated circle',#3751,5.5) ;
#3772=CIRCLE('generated circle',#3771,5.5) ;
#3797=CIRCLE('generated circle',#3796,5.5) ;
#3817=CIRCLE('generated circle',#3816,5.5) ;
#3842=CIRCLE('generated circle',#3841,5.5) ;
#3862=CIRCLE('generated circle',#3861,5.5) ;
#3887=CIRCLE('generated circle',#3886,5.5) ;
#3907=CIRCLE('generated circle',#3906,5.5) ;
#3932=CIRCLE('generated circle',#3931,5.5) ;
#3952=CIRCLE('generated circle',#3951,5.5) ;
#3970=CIRCLE('generated circle',#3969,5.5) ;
#3997=CIRCLE('generated circle',#3996,5.5) ;
#4217=CIRCLE('generated circle',#4216,36.) ;
#4222=CIRCLE('generated circle',#4221,36.) ;
#4317=CIRCLE('generated circle',#4316,36.) ;
#4322=CIRCLE('generated circle',#4321,36.) ;
#4436=CIRCLE('generated circle',#4435,50.) ;
#4450=CIRCLE('generated circle',#4449,50.) ;
#4606=CIRCLE('generated circle',#4605,30.) ;
#4620=CIRCLE('generated circle',#4619,30.) ;
#4668=CIRCLE('generated circle',#4667,30.) ;
#4682=CIRCLE('generated circle',#4681,30.) ;
#4800=CIRCLE('generated circle',#4799,46.) ;
#4809=CIRCLE('generated circle',#4808,46.) ;
#4818=CIRCLE('generated circle',#4817,2.5) ;
#4827=CIRCLE('generated circle',#4826,2.5) ;
#4842=CIRCLE('generated circle',#4841,2.5) ;
#4868=CIRCLE('generated circle',#4867,2.5) ;
#575=PLANE('',#574) ;
#613=PLANE('',#612) ;
#637=PLANE('',#636) ;
#719=PLANE('',#718) ;
#771=PLANE('',#770) ;
#843=PLANE('',#842) ;
#882=PLANE('',#881) ;
#926=PLANE('',#925) ;
#1011=PLANE('',#1010) ;
#1071=PLANE('',#1070) ;
#1095=PLANE('',#1094) ;
#1157=PLANE('',#1156) ;
#1259=PLANE('',#1258) ;
#1343=PLANE('',#1342) ;
#1365=PLANE('',#1364) ;
#1485=PLANE('',#1484) ;
#1834=PLANE('',#1833) ;
#1954=PLANE('',#1953) ;
#2260=PLANE('',#2259) ;
#2331=PLANE('',#2330) ;
#2439=PLANE('',#2438) ;
#2547=PLANE('',#2546) ;
#2586=PLANE('',#2585) ;
#2672=PLANE('',#2671) ;
#2795=PLANE('',#2794) ;
#2819=PLANE('',#2818) ;
#2895=PLANE('',#2894) ;
#3333=PLANE('',#3332) ;
#3415=PLANE('',#3414) ;
#3550=PLANE('',#3549) ;
#4070=PLANE('',#4069) ;
#4156=PLANE('',#4155) ;
#4204=PLANE('',#4203) ;
#4236=PLANE('',#4235) ;
#4304=PLANE('',#4303) ;
#4388=PLANE('',#4387) ;
#4401=PLANE('',#4400) ;
#4463=PLANE('',#4462) ;
#4494=PLANE('',#4493) ;
#4528=PLANE('',#4527) ;
#4562=PLANE('',#4561) ;
#4633=PLANE('',#4632) ;
#4695=PLANE('',#4694) ;
#4726=PLANE('',#4725) ;
#4761=PLANE('',#4760) ;
#4796=PLANE('',#4795) ;
#4971=PLANE('',#4970) ;
#5007=PLANE('',#5006) ;
#5020=PLANE('',#5019) ;
#5045=PLANE('',#5044) ;
#5081=PLANE('',#5080) ;
#35=CYLINDRICAL_SURFACE('generated cylinder',#34,52.) ;
#75=CYLINDRICAL_SURFACE('generated cylinder',#74,30.) ;
#320=CYLINDRICAL_SURFACE('generated cylinder',#319,22.5) ;
#365=CYLINDRICAL_SURFACE('generated cylinder',#364,22.5) ;
#410=CYLINDRICAL_SURFACE('generated cylinder',#409,22.5) ;
#455=CYLINDRICAL_SURFACE('generated cylinder',#454,30.) ;
#495=CYLINDRICAL_SURFACE('generated cylinder',#494,30.) ;
#535=CYLINDRICAL_SURFACE('generated cylinder',#534,30.) ;
#702=CYLINDRICAL_SURFACE('generated cylinder',#701,30.) ;
#806=CYLINDRICAL_SURFACE('generated cylinder',#805,50.) ;
#980=CYLINDRICAL_SURFACE('generated cylinder',#979,30.) ;
#1032=CYLINDRICAL_SURFACE('generated cylinder',#1031,50.) ;
#1052=CYLINDRICAL_SURFACE('generated cylinder',#1051,52.) ;
#1126=CYLINDRICAL_SURFACE('generated cylinder',#1125,30.) ;
#1197=CYLINDRICAL_SURFACE('generated cylinder',#1196,30.) ;
#1228=CYLINDRICAL_SURFACE('generated cylinder',#1227,30.) ;
#1281=CYLINDRICAL_SURFACE('generated cylinder',#1280,30.) ;
#1312=CYLINDRICAL_SURFACE('generated cylinder',#1311,30.) ;
#1442=CYLINDRICAL_SURFACE('generated cylinder',#1441,28.) ;
#1529=CYLINDRICAL_SURFACE('generated cylinder',#1528,28.) ;
#1611=CYLINDRICAL_SURFACE('generated cylinder',#1610,28.) ;
#1693=CYLINDRICAL_SURFACE('generated cylinder',#1692,11.) ;
#1740=CYLINDRICAL_SURFACE('generated cylinder',#1739,11.) ;
#1787=CYLINDRICAL_SURFACE('generated cylinder',#1786,11.) ;
#1911=CYLINDRICAL_SURFACE('generated cylinder',#1910,18.5) ;
#1968=CYLINDRICAL_SURFACE('generated cylinder',#1967,18.5) ;
#2020=CYLINDRICAL_SURFACE('generated cylinder',#2019,18.5) ;
#2072=CYLINDRICAL_SURFACE('generated cylinder',#2071,50.8) ;
#2288=CYLINDRICAL_SURFACE('generated cylinder',#2287,40.8) ;
#2569=CYLINDRICAL_SURFACE('generated cylinder',#2568,70.) ;
#2771=CYLINDRICAL_SURFACE('generated cylinder',#2770,20.) ;
#3076=CYLINDRICAL_SURFACE('generated cylinder',#3075,8.5) ;
#3121=CYLINDRICAL_SURFACE('generated cylinder',#3120,8.5) ;
#3166=CYLINDRICAL_SURFACE('generated cylinder',#3165,18.) ;
#3211=CYLINDRICAL_SURFACE('generated cylinder',#3210,18.) ;
#3256=CYLINDRICAL_SURFACE('generated cylinder',#3255,20.) ;
#3280=CYLINDRICAL_SURFACE('generated cylinder',#3279,20.) ;
#3316=CYLINDRICAL_SURFACE('generated cylinder',#3315,20.) ;
#3369=CYLINDRICAL_SURFACE('generated cylinder',#3368,20.) ;
#3393=CYLINDRICAL_SURFACE('generated cylinder',#3392,20.) ;
#3466=CYLINDRICAL_SURFACE('generated cylinder',#3465,20.) ;
#3483=CYLINDRICAL_SURFACE('generated cylinder',#3482,20.) ;
#3696=CYLINDRICAL_SURFACE('generated cylinder',#3695,5.5) ;
#3741=CYLINDRICAL_SURFACE('generated cylinder',#3740,5.5) ;
#3786=CYLINDRICAL_SURFACE('generated cylinder',#3785,5.5) ;
#3831=CYLINDRICAL_SURFACE('generated cylinder',#3830,5.5) ;
#3876=CYLINDRICAL_SURFACE('generated cylinder',#3875,5.5) ;
#3921=CYLINDRICAL_SURFACE('generated cylinder',#3920,5.5) ;
#3966=CYLINDRICAL_SURFACE('generated cylinder',#3965,5.5) ;
#4011=CYLINDRICAL_SURFACE('generated cylinder',#4010,0.8) ;
#4106=CYLINDRICAL_SURFACE('generated cylinder',#4105,0.8) ;
#4336=CYLINDRICAL_SURFACE('generated cylinder',#4335,36.) ;
#4362=CYLINDRICAL_SURFACE('generated cylinder',#4361,36.) ;
#4432=CYLINDRICAL_SURFACE('generated cylinder',#4431,50.) ;
#4602=CYLINDRICAL_SURFACE('generated cylinder',#4601,30.) ;
#4664=CYLINDRICAL_SURFACE('generated cylinder',#4663,30.) ;
#4838=CYLINDRICAL_SURFACE('generated cylinder',#4837,2.5) ;
#4890=CYLINDRICAL_SURFACE('generated cylinder',#4889,46.) ;
#121=TOROIDAL_SURFACE('homeo Torus',#120,21.7,0.8) ;
#169=TOROIDAL_SURFACE('homeo Torus',#168,21.7,0.8) ;
#192=TOROIDAL_SURFACE('homeo Torus',#191,21.7,0.8) ;
#233=TOROIDAL_SURFACE('homeo Torus',#232,21.7,0.8) ;
#256=TOROIDAL_SURFACE('homeo Torus',#255,21.7,0.8) ;
#297=TOROIDAL_SURFACE('homeo Torus',#296,21.7,0.8) ;
#2976=TOROIDAL_SURFACE('homeo Torus',#2975,17.2,0.8) ;
#3008=TOROIDAL_SURFACE('homeo Torus',#3007,17.2,0.8) ;
#3026=TOROIDAL_SURFACE('homeo Torus',#3025,17.2,0.8) ;
#3058=TOROIDAL_SURFACE('homeo Torus',#3057,17.2,0.8) ;
#696=FACE_BOUND('',#691,.T.) ;
#1399=FACE_BOUND('',#1396,.T.) ;
#1417=FACE_BOUND('',#1414,.T.) ;
#1435=FACE_BOUND('',#1432,.T.) ;
#1523=FACE_BOUND('',#1518,.T.) ;
#1605=FACE_BOUND('',#1600,.T.) ;
#1687=FACE_BOUND('',#1682,.T.) ;
#1856=FACE_BOUND('',#1853,.T.) ;
#1880=FACE_BOUND('',#1877,.T.) ;
#1904=FACE_BOUND('',#1901,.T.) ;
#1962=FACE_BOUND('',#1959,.T.) ;
#2014=FACE_BOUND('',#2011,.T.) ;
#2066=FACE_BOUND('',#2063,.T.) ;
#2282=FACE_BOUND('',#2279,.T.) ;
#2433=FACE_BOUND('',#2430,.T.) ;
#2541=FACE_BOUND('',#2538,.T.) ;
#2765=FACE_BOUND('',#2762,.T.) ;
#2931=FACE_BOUND('',#2928,.T.) ;
#2969=FACE_BOUND('',#2966,.T.) ;
#3363=FACE_BOUND('',#3360,.T.) ;
#3560=FACE_BOUND('',#3557,.T.) ;
#3564=FACE_BOUND('',#3561,.T.) ;
#3582=FACE_BOUND('',#3579,.T.) ;
#3600=FACE_BOUND('',#3597,.T.) ;
#3618=FACE_BOUND('',#3615,.T.) ;
#3636=FACE_BOUND('',#3633,.T.) ;
#3654=FACE_BOUND('',#3651,.T.) ;
#3672=FACE_BOUND('',#3669,.T.) ;
#3690=FACE_BOUND('',#3687,.T.) ;
#4099=FACE_BOUND('',#4096,.T.) ;
#4185=FACE_BOUND('',#4182,.T.) ;
#4189=FACE_BOUND('',#4186,.T.) ;
#4193=FACE_BOUND('',#4190,.T.) ;
#4197=FACE_BOUND('',#4194,.T.) ;
#4285=FACE_BOUND('',#4282,.T.) ;
#4289=FACE_BOUND('',#4286,.T.) ;
#4293=FACE_BOUND('',#4290,.T.) ;
#4297=FACE_BOUND('',#4294,.T.) ;
#4832=FACE_BOUND('',#4829,.T.) ;
#4884=FACE_BOUND('',#4881,.T.) ;
#4934=FACE_BOUND('',#4931,.T.) ;
#4938=FACE_BOUND('',#4935,.T.) ;
#4942=FACE_BOUND('',#4939,.T.) ;
#4946=FACE_BOUND('',#4943,.T.) ;
#4965=FACE_BOUND('',#4959,.T.) ;
#44=EDGE_CURVE('',#41,#43,#39,.T.) ;
#51=EDGE_CURVE('',#41,#50,#48,.T.) ;
#58=EDGE_CURVE('',#50,#57,#55,.T.) ;
#63=EDGE_CURVE('',#43,#57,#62,.T.) ;
#87=EDGE_CURVE('',#84,#86,#76,.T.) ;
#94=EDGE_CURVE('',#93,#84,#91,.T.) ;
#104=EDGE_CURVE('',#93,#103,#95,.T.) ;
#109=EDGE_CURVE('',#103,#86,#108,.T.) ;
#130=EDGE_CURVE('',#127,#129,#125,.F.) ;
#137=EDGE_CURVE('',#129,#136,#134,.T.) ;
#144=EDGE_CURVE('',#143,#136,#141,.F.) ;
#149=EDGE_CURVE('',#127,#143,#148,.T.) ;
#174=EDGE_CURVE('',#129,#127,#173,.F.) ;
#179=EDGE_CURVE('',#136,#143,#178,.F.) ;
#201=EDGE_CURVE('',#198,#200,#196,.F.) ;
#208=EDGE_CURVE('',#200,#207,#205,.T.) ;
#215=EDGE_CURVE('',#214,#207,#212,.F.) ;
#220=EDGE_CURVE('',#198,#214,#219,.T.) ;
#238=EDGE_CURVE('',#200,#198,#237,.F.) ;
#243=EDGE_CURVE('',#207,#214,#242,.F.) ;
#265=EDGE_CURVE('',#262,#264,#260,.F.) ;
#272=EDGE_CURVE('',#264,#271,#269,.T.) ;
#279=EDGE_CURVE('',#278,#271,#276,.F.) ;
#284=EDGE_CURVE('',#262,#278,#283,.T.) ;
#302=EDGE_CURVE('',#264,#262,#301,.F.) ;
#307=EDGE_CURVE('',#271,#278,#306,.F.) ;
#327=EDGE_CURVE('',#127,#326,#324,.F.) ;
#334=EDGE_CURVE('',#326,#333,#331,.F.) ;
#339=EDGE_CURVE('',#129,#333,#338,.F.) ;
#352=EDGE_CURVE('',#333,#326,#351,.F.) ;
#372=EDGE_CURVE('',#198,#371,#369,.F.) ;
#379=EDGE_CURVE('',#371,#378,#376,.F.) ;
#384=EDGE_CURVE('',#200,#378,#383,.F.) ;
#397=EDGE_CURVE('',#378,#371,#396,.F.) ;
#417=EDGE_CURVE('',#262,#416,#414,.F.) ;
#424=EDGE_CURVE('',#416,#423,#421,.F.) ;
#429=EDGE_CURVE('',#264,#423,#428,.F.) ;
#442=EDGE_CURVE('',#423,#416,#441,.F.) ;
#464=EDGE_CURVE('',#461,#463,#459,.T.) ;
#471=EDGE_CURVE('',#470,#463,#468,.T.) ;
#478=EDGE_CURVE('',#477,#470,#475,.T.) ;
#483=EDGE_CURVE('',#477,#461,#482,.T.) ;
#504=EDGE_CURVE('',#501,#503,#499,.T.) ;
#511=EDGE_CURVE('',#510,#503,#508,.F.) ;
#518=EDGE_CURVE('',#510,#517,#515,.F.) ;
#523=EDGE_CURVE('',#517,#501,#522,.F.) ;
#544=EDGE_CURVE('',#541,#543,#539,.F.) ;
#551=EDGE_CURVE('',#550,#543,#548,.T.) ;
#558=EDGE_CURVE('',#550,#557,#555,.T.) ;
#563=EDGE_CURVE('',#557,#541,#562,.T.) ;
#582=EDGE_CURVE('',#581,#557,#579,.T.) ;
#587=EDGE_CURVE('',#57,#550,#586,.T.) ;
#594=EDGE_CURVE('',#50,#593,#591,.T.) ;
#599=EDGE_CURVE('',#581,#593,#598,.F.) ;
#620=EDGE_CURVE('',#619,#541,#617,.T.) ;
#625=EDGE_CURVE('',#581,#619,#624,.T.) ;
#644=EDGE_CURVE('',#643,#470,#641,.T.) ;
#649=EDGE_CURVE('',#543,#463,#648,.T.) ;
#654=EDGE_CURVE('',#643,#619,#653,.F.) ;
#671=EDGE_CURVE('',#668,#670,#666,.T.) ;
#678=EDGE_CURVE('',#677,#668,#675,.T.) ;
#685=EDGE_CURVE('',#677,#684,#682,.T.) ;
#690=EDGE_CURVE('',#684,#670,#689,.T.) ;
#707=EDGE_CURVE('',#593,#643,#706,.T.) ;
#728=EDGE_CURVE('',#725,#727,#723,.F.) ;
#741=EDGE_CURVE('',#727,#740,#729,.T.) ;
#746=EDGE_CURVE('',#740,#510,#745,.F.) ;
#751=EDGE_CURVE('',#503,#103,#750,.T.) ;
#756=EDGE_CURVE('',#725,#93,#755,.T.) ;
#780=EDGE_CURVE('',#777,#779,#775,.F.) ;
#785=EDGE_CURVE('',#777,#477,#784,.T.) ;
#790=EDGE_CURVE('',#779,#41,#789,.T.) ;
#814=EDGE_CURVE('',#777,#725,#807,.F.) ;
#823=EDGE_CURVE('',#822,#779,#815,.F.) ;
#830=EDGE_CURVE('',#727,#822,#824,.F.) ;
#858=EDGE_CURVE('',#855,#857,#844,.T.) ;
#863=EDGE_CURVE('',#822,#857,#862,.T.) ;
#868=EDGE_CURVE('',#855,#43,#867,.T.) ;
#900=EDGE_CURVE('',#897,#899,#883,.T.) ;
#905=EDGE_CURVE('',#899,#461,#904,.T.) ;
#910=EDGE_CURVE('',#897,#84,#909,.T.) ;
#935=EDGE_CURVE('',#932,#934,#930,.T.) ;
#948=EDGE_CURVE('',#947,#934,#936,.T.) ;
#953=EDGE_CURVE('',#897,#947,#952,.F.) ;
#960=EDGE_CURVE('',#959,#86,#957,.T.) ;
#965=EDGE_CURVE('',#932,#959,#964,.T.) ;
#987=EDGE_CURVE('',#959,#986,#984,.F.) ;
#994=EDGE_CURVE('',#993,#986,#991,.T.) ;
#999=EDGE_CURVE('',#993,#932,#998,.T.) ;
#1016=EDGE_CURVE('',#899,#855,#1015,.F.) ;
#1039=EDGE_CURVE('',#857,#947,#1033,.T.) ;
#1057=EDGE_CURVE('',#740,#934,#1056,.T.) ;
#1080=EDGE_CURVE('',#1077,#1079,#1075,.T.) ;
#1085=EDGE_CURVE('',#1079,#1077,#1084,.T.) ;
#1104=EDGE_CURVE('',#1101,#1103,#1099,.T.) ;
#1109=EDGE_CURVE('',#501,#1103,#1108,.T.) ;
#1114=EDGE_CURVE('',#517,#1101,#1113,.T.) ;
#1133=EDGE_CURVE('',#1132,#1103,#1130,.F.) ;
#1140=EDGE_CURVE('',#1101,#1139,#1137,.T.) ;
#1145=EDGE_CURVE('',#1139,#1132,#1144,.T.) ;
#1166=EDGE_CURVE('',#1163,#1165,#1161,.T.) ;
#1173=EDGE_CURVE('',#1163,#1172,#1170,.T.) ;
#1180=EDGE_CURVE('',#1179,#1172,#1177,.T.) ;
#1185=EDGE_CURVE('',#1165,#1179,#1184,.T.) ;
#1204=EDGE_CURVE('',#1179,#1203,#1201,.F.) ;
#1211=EDGE_CURVE('',#1210,#1203,#1208,.T.) ;
#1216=EDGE_CURVE('',#1210,#1165,#1215,.T.) ;
#1235=EDGE_CURVE('',#1234,#1172,#1232,.F.) ;
#1242=EDGE_CURVE('',#1163,#1241,#1239,.T.) ;
#1247=EDGE_CURVE('',#1241,#1234,#1246,.T.) ;
#1264=EDGE_CURVE('',#1139,#1210,#1263,.F.) ;
#1269=EDGE_CURVE('',#1203,#1132,#1268,.T.) ;
#1288=EDGE_CURVE('',#1287,#993,#1285,.F.) ;
#1295=EDGE_CURVE('',#1294,#986,#1292,.F.) ;
#1300=EDGE_CURVE('',#1294,#1287,#1299,.T.) ;
#1319=EDGE_CURVE('',#1318,#1294,#1316,.T.) ;
#1326=EDGE_CURVE('',#1318,#1325,#1323,.T.) ;
#1331=EDGE_CURVE('',#1287,#1325,#1330,.F.) ;
#1348=EDGE_CURVE('',#1234,#1318,#1347,.T.) ;
#1353=EDGE_CURVE('',#1241,#1325,#1352,.F.) ;
#1390=EDGE_CURVE('',#1387,#1389,#1385,.T.) ;
#1395=EDGE_CURVE('',#1389,#1387,#1394,.T.) ;
#1408=EDGE_CURVE('',#1405,#1407,#1403,.T.) ;
#1413=EDGE_CURVE('',#1407,#1405,#1412,.T.) ;
#1426=EDGE_CURVE('',#1423,#1425,#1421,.T.) ;
#1431=EDGE_CURVE('',#1425,#1423,#1430,.T.) ;
#1449=EDGE_CURVE('',#1387,#1448,#1446,.F.) ;
#1456=EDGE_CURVE('',#1389,#1455,#1453,.F.) ;
#1461=EDGE_CURVE('',#1448,#1455,#1460,.T.) ;
#1473=EDGE_CURVE('',#1455,#1448,#1472,.T.) ;
#1498=EDGE_CURVE('',#1495,#1497,#1493,.T.) ;
#1505=EDGE_CURVE('',#1504,#1495,#1502,.T.) ;
#1512=EDGE_CURVE('',#1511,#1504,#1509,.T.) ;
#1517=EDGE_CURVE('',#1497,#1511,#1516,.T.) ;
#1536=EDGE_CURVE('',#1405,#1535,#1533,.F.) ;
#1543=EDGE_CURVE('',#1407,#1542,#1540,.F.) ;
#1548=EDGE_CURVE('',#1535,#1542,#1547,.T.) ;
#1560=EDGE_CURVE('',#1542,#1535,#1559,.T.) ;
#1580=EDGE_CURVE('',#1577,#1579,#1575,.T.) ;
#1587=EDGE_CURVE('',#1586,#1577,#1584,.T.) ;
#1594=EDGE_CURVE('',#1593,#1586,#1591,.T.) ;
#1599=EDGE_CURVE('',#1579,#1593,#1598,.T.) ;
#1618=EDGE_CURVE('',#1423,#1617,#1615,.F.) ;
#1625=EDGE_CURVE('',#1425,#1624,#1622,.F.) ;
#1630=EDGE_CURVE('',#1617,#1624,#1629,.T.) ;
#1642=EDGE_CURVE('',#1624,#1617,#1641,.T.) ;
#1662=EDGE_CURVE('',#1659,#1661,#1657,.T.) ;
#1669=EDGE_CURVE('',#1668,#1659,#1666,.T.) ;
#1676=EDGE_CURVE('',#1675,#1668,#1673,.T.) ;
#1681=EDGE_CURVE('',#1661,#1675,#1680,.T.) ;
#1702=EDGE_CURVE('',#1699,#1701,#1697,.F.) ;
#1707=EDGE_CURVE('',#1593,#1701,#1706,.F.) ;
#1712=EDGE_CURVE('',#1577,#1699,#1711,.F.) ;
#1726=EDGE_CURVE('',#1701,#1699,#1725,.F.) ;
#1749=EDGE_CURVE('',#1746,#1748,#1744,.F.) ;
#1754=EDGE_CURVE('',#1495,#1748,#1753,.F.) ;
#1759=EDGE_CURVE('',#1511,#1746,#1758,.F.) ;
#1773=EDGE_CURVE('',#1748,#1746,#1772,.F.) ;
#1796=EDGE_CURVE('',#1793,#1795,#1791,.F.) ;
#1801=EDGE_CURVE('',#1675,#1795,#1800,.F.) ;
#1806=EDGE_CURVE('',#1659,#1793,#1805,.F.) ;
#1820=EDGE_CURVE('',#1795,#1793,#1819,.F.) ;
#1847=EDGE_CURVE('',#1844,#1846,#1842,.F.) ;
#1852=EDGE_CURVE('',#1846,#1844,#1851,.F.) ;
#1871=EDGE_CURVE('',#1868,#1870,#1866,.F.) ;
#1876=EDGE_CURVE('',#1870,#1868,#1875,.F.) ;
#1895=EDGE_CURVE('',#1892,#1894,#1890,.F.) ;
#1900=EDGE_CURVE('',#1894,#1892,#1899,.F.) ;
#1918=EDGE_CURVE('',#1870,#1917,#1915,.F.) ;
#1925=EDGE_CURVE('',#1868,#1924,#1922,.F.) ;
#1930=EDGE_CURVE('',#1917,#1924,#1929,.T.) ;
#1942=EDGE_CURVE('',#1924,#1917,#1941,.T.) ;
#1975=EDGE_CURVE('',#1894,#1974,#1972,.F.) ;
#1982=EDGE_CURVE('',#1892,#1981,#1979,.F.) ;
#1987=EDGE_CURVE('',#1974,#1981,#1986,.T.) ;
#1999=EDGE_CURVE('',#1981,#1974,#1998,.T.) ;
#2027=EDGE_CURVE('',#1846,#2026,#2024,.F.) ;
#2034=EDGE_CURVE('',#1844,#2033,#2031,.F.) ;
#2039=EDGE_CURVE('',#2026,#2033,#2038,.T.) ;
#2051=EDGE_CURVE('',#2033,#2026,#2050,.T.) ;
#2081=EDGE_CURVE('',#2078,#2080,#2076,.F.) ;
#2088=EDGE_CURVE('',#2080,#2087,#2085,.T.) ;
#2095=EDGE_CURVE('',#2094,#2087,#2092,.F.) ;
#2100=EDGE_CURVE('',#2094,#2078,#2099,.F.) ;
#2116=EDGE_CURVE('',#2113,#2115,#2111,.F.) ;
#2123=EDGE_CURVE('',#2113,#2122,#2120,.F.) ;
#2130=EDGE_CURVE('',#2122,#2129,#2127,.F.) ;
#2135=EDGE_CURVE('',#2129,#2115,#2134,.T.) ;
#2151=EDGE_CURVE('',#2148,#2150,#2146,.F.) ;
#2158=EDGE_CURVE('',#2157,#2148,#2155,.F.) ;
#2165=EDGE_CURVE('',#2164,#2157,#2162,.T.) ;
#2172=EDGE_CURVE('',#2164,#2171,#2169,.F.) ;
#2179=EDGE_CURVE('',#2171,#2178,#2176,.F.) ;
#2186=EDGE_CURVE('',#2178,#2185,#2183,.F.) ;
#2191=EDGE_CURVE('',#2185,#2150,#2190,.T.) ;
#2206=EDGE_CURVE('',#2087,#2080,#2205,.T.) ;
#2211=EDGE_CURVE('',#2078,#2094,#2210,.F.) ;
#2223=EDGE_CURVE('',#2122,#2113,#2222,.F.) ;
#2228=EDGE_CURVE('',#2115,#2129,#2227,.T.) ;
#2240=EDGE_CURVE('',#2157,#2164,#2239,.T.) ;
#2245=EDGE_CURVE('',#2150,#2185,#2244,.T.) ;
#2273=EDGE_CURVE('',#2270,#2272,#2268,.T.) ;
#2278=EDGE_CURVE('',#2272,#2270,#2277,.T.) ;
#2295=EDGE_CURVE('',#1079,#2294,#2292,.F.) ;
#2302=EDGE_CURVE('',#1077,#2301,#2299,.F.) ;
#2307=EDGE_CURVE('',#2294,#2301,#2306,.T.) ;
#2319=EDGE_CURVE('',#2301,#2294,#2318,.T.) ;
#2340=EDGE_CURVE('',#2337,#2339,#2335,.T.) ;
#2347=EDGE_CURVE('',#2346,#2337,#2344,.T.) ;
#2354=EDGE_CURVE('',#2346,#2353,#2351,.T.) ;
#2361=EDGE_CURVE('',#2353,#2360,#2358,.T.) ;
#2368=EDGE_CURVE('',#2367,#2360,#2365,.T.) ;
#2375=EDGE_CURVE('',#2374,#2367,#2372,.T.) ;
#2382=EDGE_CURVE('',#2381,#2374,#2379,.T.) ;
#2389=EDGE_CURVE('',#2388,#2381,#2386,.F.) ;
#2396=EDGE_CURVE('',#2388,#2395,#2393,.T.) ;
#2403=EDGE_CURVE('',#2402,#2395,#2400,.T.) ;
#2410=EDGE_CURVE('',#2409,#2402,#2407,.T.) ;
#2415=EDGE_CURVE('',#2339,#2409,#2414,.F.) ;
#2448=EDGE_CURVE('',#2445,#2447,#2443,.T.) ;
#2455=EDGE_CURVE('',#2447,#2454,#2452,.T.) ;
#2462=EDGE_CURVE('',#2461,#2454,#2459,.T.) ;
#2469=EDGE_CURVE('',#2468,#2461,#2466,.F.) ;
#2476=EDGE_CURVE('',#2468,#2475,#2473,.T.) ;
#2483=EDGE_CURVE('',#2482,#2475,#2480,.T.) ;
#2490=EDGE_CURVE('',#2482,#2489,#2487,.T.) ;
#2497=EDGE_CURVE('',#2489,#2496,#2494,.T.) ;
#2504=EDGE_CURVE('',#2503,#2496,#2501,.T.) ;
#2511=EDGE_CURVE('',#2510,#2503,#2508,.T.) ;
#2518=EDGE_CURVE('',#2510,#2517,#2515,.T.) ;
#2523=EDGE_CURVE('',#2445,#2517,#2522,.F.) ;
#2552=EDGE_CURVE('',#2346,#2503,#2551,.T.) ;
#2557=EDGE_CURVE('',#2353,#2496,#2556,.T.) ;
#2574=EDGE_CURVE('',#2360,#2489,#2573,.T.) ;
#2595=EDGE_CURVE('',#2592,#2594,#2590,.T.) ;
#2602=EDGE_CURVE('',#2601,#2594,#2599,.T.) ;
#2609=EDGE_CURVE('',#2601,#2608,#2606,.T.) ;
#2614=EDGE_CURVE('',#2395,#2608,#2613,.T.) ;
#2619=EDGE_CURVE('',#2388,#2461,#2618,.T.) ;
#2626=EDGE_CURVE('',#2454,#2625,#2623,.T.) ;
#2633=EDGE_CURVE('',#2625,#2632,#2630,.F.) ;
#2640=EDGE_CURVE('',#2632,#2639,#2637,.T.) ;
#2647=EDGE_CURVE('',#2646,#2639,#2644,.T.) ;
#2652=EDGE_CURVE('',#2646,#2592,#2651,.T.) ;
#2681=EDGE_CURVE('',#2678,#2680,#2676,.T.) ;
#2686=EDGE_CURVE('',#2680,#2594,#2685,.T.) ;
#2693=EDGE_CURVE('',#2692,#2592,#2690,.F.) ;
#2700=EDGE_CURVE('',#2692,#2699,#2697,.T.) ;
#2707=EDGE_CURVE('',#2706,#2699,#2704,.T.) ;
#2714=EDGE_CURVE('',#2706,#2713,#2711,.T.) ;
#2721=EDGE_CURVE('',#2713,#2720,#2718,.T.) ;
#2728=EDGE_CURVE('',#2727,#2720,#2725,.T.) ;
#2735=EDGE_CURVE('',#2734,#2727,#2732,.T.) ;
#2742=EDGE_CURVE('',#2734,#2741,#2739,.T.) ;
#2747=EDGE_CURVE('',#2678,#2741,#2746,.F.) ;
#2778=EDGE_CURVE('',#2646,#2777,#2775,.T.) ;
#2783=EDGE_CURVE('',#2777,#2692,#2782,.T.) ;
#2802=EDGE_CURVE('',#2777,#2801,#2799,.T.) ;
#2807=EDGE_CURVE('',#2801,#2699,#2806,.T.) ;
#2826=EDGE_CURVE('',#2825,#2706,#2823,.T.) ;
#2833=EDGE_CURVE('',#2825,#2832,#2830,.T.) ;
#2838=EDGE_CURVE('',#2832,#2713,#2837,.T.) ;
#2852=EDGE_CURVE('',#2851,#2832,#2849,.F.) ;
#2857=EDGE_CURVE('',#2851,#2720,#2856,.T.) ;
#2871=EDGE_CURVE('',#2870,#2734,#2868,.T.) ;
#2878=EDGE_CURVE('',#2870,#2877,#2875,.T.) ;
#2883=EDGE_CURVE('',#2877,#2741,#2882,.T.) ;
#2904=EDGE_CURVE('',#2901,#2903,#2899,.F.) ;
#2909=EDGE_CURVE('',#2903,#2901,#2908,.F.) ;
#2922=EDGE_CURVE('',#2919,#2921,#2917,.T.) ;
#2927=EDGE_CURVE('',#2921,#2919,#2926,.T.) ;
#2942=EDGE_CURVE('',#2939,#2941,#2937,.F.) ;
#2947=EDGE_CURVE('',#2941,#2939,#2946,.F.) ;
#2960=EDGE_CURVE('',#2957,#2959,#2955,.T.) ;
#2965=EDGE_CURVE('',#2959,#2957,#2964,.T.) ;
#2985=EDGE_CURVE('',#2982,#2984,#2980,.F.) ;
#2990=EDGE_CURVE('',#2984,#2903,#2989,.T.) ;
#2995=EDGE_CURVE('',#2982,#2901,#2994,.T.) ;
#3013=EDGE_CURVE('',#2984,#2982,#3012,.F.) ;
#3035=EDGE_CURVE('',#3032,#3034,#3030,.F.) ;
#3040=EDGE_CURVE('',#3034,#2941,#3039,.T.) ;
#3045=EDGE_CURVE('',#3032,#2939,#3044,.T.) ;
#3063=EDGE_CURVE('',#3034,#3032,#3062,.F.) ;
#3085=EDGE_CURVE('',#3082,#3084,#3080,.T.) ;
#3090=EDGE_CURVE('',#3084,#2921,#3089,.F.) ;
#3095=EDGE_CURVE('',#3082,#2919,#3094,.F.) ;
#3108=EDGE_CURVE('',#3084,#3082,#3107,.T.) ;
#3130=EDGE_CURVE('',#3127,#3129,#3125,.T.) ;
#3135=EDGE_CURVE('',#3129,#2959,#3134,.F.) ;
#3140=EDGE_CURVE('',#3127,#2957,#3139,.F.) ;
#3153=EDGE_CURVE('',#3129,#3127,#3152,.T.) ;
#3173=EDGE_CURVE('',#2982,#3172,#3170,.F.) ;
#3180=EDGE_CURVE('',#3172,#3179,#3177,.F.) ;
#3185=EDGE_CURVE('',#2984,#3179,#3184,.F.) ;
#3198=EDGE_CURVE('',#3179,#3172,#3197,.F.) ;
#3218=EDGE_CURVE('',#3032,#3217,#3215,.F.) ;
#3225=EDGE_CURVE('',#3217,#3224,#3222,.F.) ;
#3230=EDGE_CURVE('',#3034,#3224,#3229,.F.) ;
#3243=EDGE_CURVE('',#3224,#3217,#3242,.F.) ;
#3263=EDGE_CURVE('',#2877,#3262,#3260,.T.) ;
#3268=EDGE_CURVE('',#3262,#2678,#3267,.T.) ;
#3287=EDGE_CURVE('',#3286,#2727,#3284,.T.) ;
#3292=EDGE_CURVE('',#3286,#2870,#3291,.F.) ;
#3304=EDGE_CURVE('',#3286,#2851,#3303,.T.) ;
#3321=EDGE_CURVE('',#2801,#2825,#3320,.F.) ;
#3340=EDGE_CURVE('',#3339,#2639,#3337,.T.) ;
#3345=EDGE_CURVE('',#3262,#3339,#3344,.T.) ;
#3376=EDGE_CURVE('',#3375,#2601,#3373,.T.) ;
#3381=EDGE_CURVE('',#2680,#3375,#3380,.F.) ;
#3398=EDGE_CURVE('',#2339,#2517,#3397,.T.) ;
#3403=EDGE_CURVE('',#2409,#2445,#3402,.T.) ;
#3422=EDGE_CURVE('',#3339,#3421,#3419,.T.) ;
#3429=EDGE_CURVE('',#3421,#3428,#3426,.T.) ;
#3434=EDGE_CURVE('',#3428,#2447,#3433,.T.) ;
#3441=EDGE_CURVE('',#3440,#2402,#3438,.T.) ;
#3446=EDGE_CURVE('',#3375,#3440,#3445,.T.) ;
#3471=EDGE_CURVE('',#3440,#2608,#3470,.T.) ;
#3488=EDGE_CURVE('',#2381,#2468,#3487,.T.) ;
#3500=EDGE_CURVE('',#2374,#2475,#3499,.T.) ;
#3512=EDGE_CURVE('',#2367,#2482,#3511,.T.) ;
#3531=EDGE_CURVE('',#2337,#2510,#3530,.T.) ;
#3573=EDGE_CURVE('',#3570,#3572,#3568,.T.) ;
#3578=EDGE_CURVE('',#3572,#3570,#3577,.T.) ;
#3591=EDGE_CURVE('',#3588,#3590,#3586,.T.) ;
#3596=EDGE_CURVE('',#3590,#3588,#3595,.T.) ;
#3609=EDGE_CURVE('',#3606,#3608,#3604,.T.) ;
#3614=EDGE_CURVE('',#3608,#3606,#3613,.T.) ;
#3627=EDGE_CURVE('',#3624,#3626,#3622,.T.) ;
#3632=EDGE_CURVE('',#3626,#3624,#3631,.T.) ;
#3645=EDGE_CURVE('',#3642,#3644,#3640,.T.) ;
#3650=EDGE_CURVE('',#3644,#3642,#3649,.T.) ;
#3663=EDGE_CURVE('',#3660,#3662,#3658,.T.) ;
#3668=EDGE_CURVE('',#3662,#3660,#3667,.T.) ;
#3681=EDGE_CURVE('',#3678,#3680,#3676,.T.) ;
#3686=EDGE_CURVE('',#3680,#3678,#3685,.T.) ;
#3703=EDGE_CURVE('',#3702,#3642,#3700,.F.) ;
#3710=EDGE_CURVE('',#3702,#3709,#3707,.T.) ;
#3715=EDGE_CURVE('',#3709,#3644,#3714,.F.) ;
#3728=EDGE_CURVE('',#3709,#3702,#3727,.T.) ;
#3748=EDGE_CURVE('',#3747,#3588,#3745,.F.) ;
#3755=EDGE_CURVE('',#3747,#3754,#3752,.T.) ;
#3760=EDGE_CURVE('',#3754,#3590,#3759,.F.) ;
#3773=EDGE_CURVE('',#3754,#3747,#3772,.T.) ;
#3793=EDGE_CURVE('',#3792,#3660,#3790,.F.) ;
#3800=EDGE_CURVE('',#3792,#3799,#3797,.T.) ;
#3805=EDGE_CURVE('',#3799,#3662,#3804,.F.) ;
#3818=EDGE_CURVE('',#3799,#3792,#3817,.T.) ;
#3838=EDGE_CURVE('',#3837,#3606,#3835,.F.) ;
#3845=EDGE_CURVE('',#3837,#3844,#3842,.T.) ;
#3850=EDGE_CURVE('',#3844,#3608,#3849,.F.) ;
#3863=EDGE_CURVE('',#3844,#3837,#3862,.T.) ;
#3883=EDGE_CURVE('',#3882,#3678,#3880,.F.) ;
#3890=EDGE_CURVE('',#3882,#3889,#3887,.T.) ;
#3895=EDGE_CURVE('',#3889,#3680,#3894,.F.) ;
#3908=EDGE_CURVE('',#3889,#3882,#3907,.T.) ;
#3928=EDGE_CURVE('',#3927,#3570,#3925,.F.) ;
#3935=EDGE_CURVE('',#3927,#3934,#3932,.T.) ;
#3940=EDGE_CURVE('',#3934,#3572,#3939,.F.) ;
#3953=EDGE_CURVE('',#3934,#3927,#3952,.T.) ;
#3975=EDGE_CURVE('',#3972,#3974,#3970,.F.) ;
#3980=EDGE_CURVE('',#3972,#3624,#3979,.F.) ;
#3985=EDGE_CURVE('',#3974,#3626,#3984,.F.) ;
#3998=EDGE_CURVE('',#3974,#3972,#3997,.F.) ;
#4020=EDGE_CURVE('',#4017,#4019,#4015,.F.) ;
#4036=EDGE_CURVE('',#4035,#4017,#4021,.T.) ;
#4043=EDGE_CURVE('',#4035,#4042,#4040,.F.) ;
#4057=EDGE_CURVE('',#4019,#4042,#4044,.F.) ;
#4077=EDGE_CURVE('',#4076,#4019,#4074,.T.) ;
#4084=EDGE_CURVE('',#4083,#4076,#4081,.F.) ;
#4089=EDGE_CURVE('',#4083,#4017,#4088,.T.) ;
#4115=EDGE_CURVE('',#4112,#4114,#4110,.F.) ;
#4129=EDGE_CURVE('',#4083,#4112,#4116,.F.) ;
#4143=EDGE_CURVE('',#4114,#4076,#4130,.T.) ;
#4165=EDGE_CURVE('',#4162,#4164,#4160,.T.) ;
#4170=EDGE_CURVE('',#2632,#4162,#4169,.T.) ;
#4175=EDGE_CURVE('',#4164,#2625,#4174,.T.) ;
#4213=EDGE_CURVE('',#4210,#4212,#4208,.T.) ;
#4218=EDGE_CURVE('',#4042,#4212,#4217,.T.) ;
#4223=EDGE_CURVE('',#4210,#4035,#4222,.T.) ;
#4242=EDGE_CURVE('',#4164,#4212,#4237,.T.) ;
#4248=EDGE_CURVE('',#4210,#4162,#4243,.F.) ;
#4265=EDGE_CURVE('',#4262,#4264,#4260,.T.) ;
#4270=EDGE_CURVE('',#3428,#4264,#4269,.T.) ;
#4275=EDGE_CURVE('',#4262,#3421,#4274,.T.) ;
#4313=EDGE_CURVE('',#4310,#4312,#4308,.T.) ;
#4318=EDGE_CURVE('',#4112,#4310,#4317,.T.) ;
#4323=EDGE_CURVE('',#4312,#4114,#4322,.T.) ;
#4342=EDGE_CURVE('',#4262,#4310,#4337,.T.) ;
#4368=EDGE_CURVE('',#4312,#4264,#4363,.F.) ;
#4408=EDGE_CURVE('',#684,#4407,#4405,.T.) ;
#4415=EDGE_CURVE('',#4407,#4414,#4412,.T.) ;
#4420=EDGE_CURVE('',#670,#4414,#4419,.T.) ;
#4439=EDGE_CURVE('',#4407,#4438,#4436,.F.) ;
#4446=EDGE_CURVE('',#4438,#4445,#4443,.T.) ;
#4451=EDGE_CURVE('',#4414,#4445,#4450,.F.) ;
#4470=EDGE_CURVE('',#4438,#4469,#4467,.T.) ;
#4477=EDGE_CURVE('',#4469,#4476,#4474,.T.) ;
#4482=EDGE_CURVE('',#4445,#4476,#4481,.T.) ;
#4501=EDGE_CURVE('',#4500,#677,#4498,.F.) ;
#4508=EDGE_CURVE('',#4507,#4500,#4505,.T.) ;
#4513=EDGE_CURVE('',#4469,#4507,#4512,.F.) ;
#4535=EDGE_CURVE('',#4476,#4534,#4532,.F.) ;
#4542=EDGE_CURVE('',#4534,#4541,#4539,.T.) ;
#4547=EDGE_CURVE('',#4541,#668,#4546,.F.) ;
#4571=EDGE_CURVE('',#4568,#4570,#4566,.T.) ;
#4578=EDGE_CURVE('',#4568,#4577,#4575,.T.) ;
#4585=EDGE_CURVE('',#4577,#4584,#4582,.T.) ;
#4590=EDGE_CURVE('',#4570,#4584,#4589,.T.) ;
#4609=EDGE_CURVE('',#4577,#4608,#4606,.F.) ;
#4616=EDGE_CURVE('',#4608,#4615,#4613,.T.) ;
#4621=EDGE_CURVE('',#4584,#4615,#4620,.F.) ;
#4640=EDGE_CURVE('',#4608,#4639,#4637,.T.) ;
#4647=EDGE_CURVE('',#4639,#4646,#4644,.T.) ;
#4652=EDGE_CURVE('',#4615,#4646,#4651,.T.) ;
#4671=EDGE_CURVE('',#4639,#4670,#4668,.T.) ;
#4678=EDGE_CURVE('',#4670,#4677,#4675,.T.) ;
#4683=EDGE_CURVE('',#4646,#4677,#4682,.T.) ;
#4702=EDGE_CURVE('',#4670,#4701,#4699,.T.) ;
#4709=EDGE_CURVE('',#4701,#4708,#4706,.T.) ;
#4714=EDGE_CURVE('',#4677,#4708,#4713,.T.) ;
#4733=EDGE_CURVE('',#4701,#4732,#4730,.T.) ;
#4740=EDGE_CURVE('',#4739,#4568,#4737,.T.) ;
#4745=EDGE_CURVE('',#4732,#4739,#4744,.T.) ;
#4770=EDGE_CURVE('',#4767,#4769,#4765,.T.) ;
#4775=EDGE_CURVE('',#4769,#4570,#4774,.T.) ;
#4780=EDGE_CURVE('',#4708,#4767,#4779,.T.) ;
#4805=EDGE_CURVE('',#4802,#4804,#4800,.T.) ;
#4810=EDGE_CURVE('',#4804,#4802,#4809,.T.) ;
#4823=EDGE_CURVE('',#4820,#4822,#4818,.T.) ;
#4828=EDGE_CURVE('',#4822,#4820,#4827,.T.) ;
#4847=EDGE_CURVE('',#4844,#4846,#4842,.T.) ;
#4852=EDGE_CURVE('',#4820,#4846,#4851,.T.) ;
#4857=EDGE_CURVE('',#4822,#4844,#4856,.T.) ;
#4869=EDGE_CURVE('',#4846,#4844,#4868,.T.) ;
#4895=EDGE_CURVE('',#4802,#2272,#4894,.T.) ;
#4900=EDGE_CURVE('',#4804,#2270,#4899,.T.) ;
#4953=EDGE_CURVE('',#4952,#4767,#4950,.T.) ;
#4958=EDGE_CURVE('',#4732,#4952,#4957,.T.) ;
#4978=EDGE_CURVE('',#4739,#4977,#4975,.T.) ;
#4983=EDGE_CURVE('',#4952,#4977,#4982,.T.) ;
#4995=EDGE_CURVE('',#4977,#4769,#4994,.T.) ;
#5027=EDGE_CURVE('',#5026,#4541,#5024,.T.) ;
#5032=EDGE_CURVE('',#4500,#5026,#5031,.T.) ;
#5052=EDGE_CURVE('',#4507,#5051,#5049,.T.) ;
#5057=EDGE_CURVE('',#5026,#5051,#5056,.F.) ;
#5069=EDGE_CURVE('',#5051,#4534,#5068,.T.) ;
#30=CLOSED_SHELL('Closed Shell',(#70,#116,#156,#186,#227,#250,#291,#314,#346,#359,#391,#404,#436,#449,#490,#530,#570,#608,#632,#697,#714,#766,#801,#838,#877,#921,#975,#1006,#1027,#1047,#1066,#1090,#1121,#1152,#1192,#1223,#1254,#1276,#1307,#1338,#1360,#1436,#1468,#1480,#1524,#1555,#1567,#1606,#1637,#1649,#1688,#1720,#1734,#1767,#1781,#1814,#1828,#1857,#1881,#1905,#1937,#1949,#1963,#1994,#2006,#2015,#2046,#2058,#2067,#2107,#2142,#2201,#2218,#2235,#2255,#2283,#2314,#2326,#2434,#2542,#2564,#2581,#2667,#2766,#2790,#2814,#2845,#2864,#2890,#2932,#2970,#3002,#3020,#3052,#3070,#3102,#3115,#3147,#3160,#3192,#3205,#3237,#3250,#3275,#3299,#3311,#3328,#3364,#3388,#3410,#3461,#3478,#3495,#3507,#3519,#3526,#3538,#3545,#3691,#3722,#3735,#3767,#3780,#3812,#3825,#3857,#3870,#3902,#3915,#3947,#3960,#3992,#4005,#4064,#4100,#4150,#4198,#4230,#4255,#4298,#4330,#4357,#4383,#4395,#4427,#4458,#4489,#4523,#4557,#4597,#4628,#4659,#4690,#4721,#4756,#4791,#4833,#4864,#4876,#4885,#4907,#4914,#4966,#4990,#5002,#5015,#5040,#5064,#5076,#5089)) ;
#5091=SHAPE_REPRESENTATION_RELATIONSHIP(' ',' ',#19,#5090) ;
#64=EDGE_LOOP('',(#65,#66,#67,#68)) ;
#110=EDGE_LOOP('',(#111,#112,#113,#114)) ;
#150=EDGE_LOOP('',(#151,#152,#153,#154)) ;
#180=EDGE_LOOP('',(#181,#182,#183,#184)) ;
#221=EDGE_LOOP('',(#222,#223,#224,#225)) ;
#244=EDGE_LOOP('',(#245,#246,#247,#248)) ;
#285=EDGE_LOOP('',(#286,#287,#288,#289)) ;
#308=EDGE_LOOP('',(#309,#310,#311,#312)) ;
#340=EDGE_LOOP('',(#341,#342,#343,#344)) ;
#353=EDGE_LOOP('',(#354,#355,#356,#357)) ;
#385=EDGE_LOOP('',(#386,#387,#388,#389)) ;
#398=EDGE_LOOP('',(#399,#400,#401,#402)) ;
#430=EDGE_LOOP('',(#431,#432,#433,#434)) ;
#443=EDGE_LOOP('',(#444,#445,#446,#447)) ;
#484=EDGE_LOOP('',(#485,#486,#487,#488)) ;
#524=EDGE_LOOP('',(#525,#526,#527,#528)) ;
#564=EDGE_LOOP('',(#565,#566,#567,#568)) ;
#600=EDGE_LOOP('',(#601,#602,#603,#604,#605,#606)) ;
#626=EDGE_LOOP('',(#627,#628,#629,#630)) ;
#655=EDGE_LOOP('',(#656,#657,#658,#659,#660,#661)) ;
#691=EDGE_LOOP('',(#692,#693,#694,#695)) ;
#708=EDGE_LOOP('',(#709,#710,#711,#712)) ;
#757=EDGE_LOOP('',(#758,#759,#760,#761,#762,#763,#764)) ;
#791=EDGE_LOOP('',(#792,#793,#794,#795,#796,#797,#798,#799)) ;
#831=EDGE_LOOP('',(#832,#833,#834,#835,#836)) ;
#869=EDGE_LOOP('',(#870,#871,#872,#873,#874,#875)) ;
#911=EDGE_LOOP('',(#912,#913,#914,#915,#916,#917,#918,#919)) ;
#966=EDGE_LOOP('',(#967,#968,#969,#970,#971,#972,#973)) ;
#1000=EDGE_LOOP('',(#1001,#1002,#1003,#1004)) ;
#1017=EDGE_LOOP('',(#1018,#1019,#1020,#1021,#1022,#1023,#1024,#1025)) ;
#1040=EDGE_LOOP('',(#1041,#1042,#1043,#1044,#1045)) ;
#1058=EDGE_LOOP('',(#1059,#1060,#1061,#1062,#1063,#1064)) ;
#1086=EDGE_LOOP('',(#1087,#1088)) ;
#1115=EDGE_LOOP('',(#1116,#1117,#1118,#1119)) ;
#1146=EDGE_LOOP('',(#1147,#1148,#1149,#1150)) ;
#1186=EDGE_LOOP('',(#1187,#1188,#1189,#1190)) ;
#1217=EDGE_LOOP('',(#1218,#1219,#1220,#1221)) ;
#1248=EDGE_LOOP('',(#1249,#1250,#1251,#1252)) ;
#1270=EDGE_LOOP('',(#1271,#1272,#1273,#1274)) ;
#1301=EDGE_LOOP('',(#1302,#1303,#1304,#1305)) ;
#1332=EDGE_LOOP('',(#1333,#1334,#1335,#1336)) ;
#1354=EDGE_LOOP('',(#1355,#1356,#1357,#1358)) ;
#1366=EDGE_LOOP('',(#1367,#1368,#1369,#1370,#1371,#1372,#1373,#1374,#1375,#1376,#1377,#1378,#1379,#1380)) ;
#1396=EDGE_LOOP('',(#1397,#1398)) ;
#1414=EDGE_LOOP('',(#1415,#1416)) ;
#1432=EDGE_LOOP('',(#1433,#1434)) ;
#1462=EDGE_LOOP('',(#1463,#1464,#1465,#1466)) ;
#1474=EDGE_LOOP('',(#1475,#1476,#1477,#1478)) ;
#1486=EDGE_LOOP('',(#1487,#1488)) ;
#1518=EDGE_LOOP('',(#1519,#1520,#1521,#1522)) ;
#1549=EDGE_LOOP('',(#1550,#1551,#1552,#1553)) ;
#1561=EDGE_LOOP('',(#1562,#1563,#1564,#1565)) ;
#1568=EDGE_LOOP('',(#1569,#1570)) ;
#1600=EDGE_LOOP('',(#1601,#1602,#1603,#1604)) ;
#1631=EDGE_LOOP('',(#1632,#1633,#1634,#1635)) ;
#1643=EDGE_LOOP('',(#1644,#1645,#1646,#1647)) ;
#1650=EDGE_LOOP('',(#1651,#1652)) ;
#1682=EDGE_LOOP('',(#1683,#1684,#1685,#1686)) ;
#1713=EDGE_LOOP('',(#1714,#1715,#1716,#1717,#1718)) ;
#1727=EDGE_LOOP('',(#1728,#1729,#1730,#1731,#1732)) ;
#1760=EDGE_LOOP('',(#1761,#1762,#1763,#1764,#1765)) ;
#1774=EDGE_LOOP('',(#1775,#1776,#1777,#1778,#1779)) ;
#1807=EDGE_LOOP('',(#1808,#1809,#1810,#1811,#1812)) ;
#1821=EDGE_LOOP('',(#1822,#1823,#1824,#1825,#1826)) ;
#1835=EDGE_LOOP('',(#1836,#1837)) ;
#1853=EDGE_LOOP('',(#1854,#1855)) ;
#1859=EDGE_LOOP('',(#1860,#1861)) ;
#1877=EDGE_LOOP('',(#1878,#1879)) ;
#1883=EDGE_LOOP('',(#1884,#1885)) ;
#1901=EDGE_LOOP('',(#1902,#1903)) ;
#1931=EDGE_LOOP('',(#1932,#1933,#1934,#1935)) ;
#1943=EDGE_LOOP('',(#1944,#1945,#1946,#1947)) ;
#1955=EDGE_LOOP('',(#1956,#1957)) ;
#1959=EDGE_LOOP('',(#1960,#1961)) ;
#1988=EDGE_LOOP('',(#1989,#1990,#1991,#1992)) ;
#2000=EDGE_LOOP('',(#2001,#2002,#2003,#2004)) ;
#2007=EDGE_LOOP('',(#2008,#2009)) ;
#2011=EDGE_LOOP('',(#2012,#2013)) ;
#2040=EDGE_LOOP('',(#2041,#2042,#2043,#2044)) ;
#2052=EDGE_LOOP('',(#2053,#2054,#2055,#2056)) ;
#2059=EDGE_LOOP('',(#2060,#2061)) ;
#2063=EDGE_LOOP('',(#2064,#2065)) ;
#2101=EDGE_LOOP('',(#2102,#2103,#2104,#2105)) ;
#2136=EDGE_LOOP('',(#2137,#2138,#2139,#2140)) ;
#2192=EDGE_LOOP('',(#2193,#2194,#2195,#2196,#2197,#2198,#2199)) ;
#2212=EDGE_LOOP('',(#2213,#2214,#2215,#2216)) ;
#2229=EDGE_LOOP('',(#2230,#2231,#2232,#2233)) ;
#2246=EDGE_LOOP('',(#2247,#2248,#2249,#2250,#2251,#2252,#2253)) ;
#2261=EDGE_LOOP('',(#2262,#2263)) ;
#2279=EDGE_LOOP('',(#2280,#2281)) ;
#2308=EDGE_LOOP('',(#2309,#2310,#2311,#2312)) ;
#2320=EDGE_LOOP('',(#2321,#2322,#2323,#2324)) ;
#2416=EDGE_LOOP('',(#2417,#2418,#2419,#2420,#2421,#2422,#2423,#2424,#2425,#2426,#2427,#2428)) ;
#2430=EDGE_LOOP('',(#2431,#2432)) ;
#2524=EDGE_LOOP('',(#2525,#2526,#2527,#2528,#2529,#2530,#2531,#2532,#2533,#2534,#2535,#2536)) ;
#2538=EDGE_LOOP('',(#2539,#2540)) ;
#2558=EDGE_LOOP('',(#2559,#2560,#2561,#2562)) ;
#2575=EDGE_LOOP('',(#2576,#2577,#2578,#2579)) ;
#2653=EDGE_LOOP('',(#2654,#2655,#2656,#2657,#2658,#2659,#2660,#2661,#2662,#2663,#2664,#2665)) ;
#2748=EDGE_LOOP('',(#2749,#2750,#2751,#2752,#2753,#2754,#2755,#2756,#2757,#2758,#2759,#2760)) ;
#2762=EDGE_LOOP('',(#2763,#2764)) ;
#2784=EDGE_LOOP('',(#2785,#2786,#2787,#2788)) ;
#2808=EDGE_LOOP('',(#2809,#2810,#2811,#2812)) ;
#2839=EDGE_LOOP('',(#2840,#2841,#2842,#2843)) ;
#2858=EDGE_LOOP('',(#2859,#2860,#2861,#2862)) ;
#2884=EDGE_LOOP('',(#2885,#2886,#2887,#2888)) ;
#2910=EDGE_LOOP('',(#2911,#2912)) ;
#2928=EDGE_LOOP('',(#2929,#2930)) ;
#2948=EDGE_LOOP('',(#2949,#2950)) ;
#2966=EDGE_LOOP('',(#2967,#2968)) ;
#2996=EDGE_LOOP('',(#2997,#2998,#2999,#3000)) ;
#3014=EDGE_LOOP('',(#3015,#3016,#3017,#3018)) ;
#3046=EDGE_LOOP('',(#3047,#3048,#3049,#3050)) ;
#3064=EDGE_LOOP('',(#3065,#3066,#3067,#3068)) ;
#3096=EDGE_LOOP('',(#3097,#3098,#3099,#3100)) ;
#3109=EDGE_LOOP('',(#3110,#3111,#3112,#3113)) ;
#3141=EDGE_LOOP('',(#3142,#3143,#3144,#3145)) ;
#3154=EDGE_LOOP('',(#3155,#3156,#3157,#3158)) ;
#3186=EDGE_LOOP('',(#3187,#3188,#3189,#3190)) ;
#3199=EDGE_LOOP('',(#3200,#3201,#3202,#3203)) ;
#3231=EDGE_LOOP('',(#3232,#3233,#3234,#3235)) ;
#3244=EDGE_LOOP('',(#3245,#3246,#3247,#3248)) ;
#3269=EDGE_LOOP('',(#3270,#3271,#3272,#3273)) ;
#3293=EDGE_LOOP('',(#3294,#3295,#3296,#3297)) ;
#3305=EDGE_LOOP('',(#3306,#3307,#3308,#3309)) ;
#3322=EDGE_LOOP('',(#3323,#3324,#3325,#3326)) ;
#3346=EDGE_LOOP('',(#3347,#3348,#3349,#3350,#3351,#3352,#3353,#3354,#3355,#3356,#3357,#3358)) ;
#3360=EDGE_LOOP('',(#3361,#3362)) ;
#3382=EDGE_LOOP('',(#3383,#3384,#3385,#3386)) ;
#3404=EDGE_LOOP('',(#3405,#3406,#3407,#3408)) ;
#3447=EDGE_LOOP('',(#3448,#3449,#3450,#3451,#3452,#3453,#3454,#3455,#3456,#3457,#3458,#3459)) ;
#3472=EDGE_LOOP('',(#3473,#3474,#3475,#3476)) ;
#3489=EDGE_LOOP('',(#3490,#3491,#3492,#3493)) ;
#3501=EDGE_LOOP('',(#3502,#3503,#3504,#3505)) ;
#3513=EDGE_LOOP('',(#3514,#3515,#3516,#3517)) ;
#3520=EDGE_LOOP('',(#3521,#3522,#3523,#3524)) ;
#3532=EDGE_LOOP('',(#3533,#3534,#3535,#3536)) ;
#3539=EDGE_LOOP('',(#3540,#3541,#3542,#3543)) ;
#3551=EDGE_LOOP('',(#3552,#3553,#3554,#3555)) ;
#3557=EDGE_LOOP('',(#3558,#3559)) ;
#3561=EDGE_LOOP('',(#3562,#3563)) ;
#3579=EDGE_LOOP('',(#3580,#3581)) ;
#3597=EDGE_LOOP('',(#3598,#3599)) ;
#3615=EDGE_LOOP('',(#3616,#3617)) ;
#3633=EDGE_LOOP('',(#3634,#3635)) ;
#3651=EDGE_LOOP('',(#3652,#3653)) ;
#3669=EDGE_LOOP('',(#3670,#3671)) ;
#3687=EDGE_LOOP('',(#3688,#3689)) ;
#3716=EDGE_LOOP('',(#3717,#3718,#3719,#3720)) ;
#3729=EDGE_LOOP('',(#3730,#3731,#3732,#3733)) ;
#3761=EDGE_LOOP('',(#3762,#3763,#3764,#3765)) ;
#3774=EDGE_LOOP('',(#3775,#3776,#3777,#3778)) ;
#3806=EDGE_LOOP('',(#3807,#3808,#3809,#3810)) ;
#3819=EDGE_LOOP('',(#3820,#3821,#3822,#3823)) ;
#3851=EDGE_LOOP('',(#3852,#3853,#3854,#3855)) ;
#3864=EDGE_LOOP('',(#3865,#3866,#3867,#3868)) ;
#3896=EDGE_LOOP('',(#3897,#3898,#3899,#3900)) ;
#3909=EDGE_LOOP('',(#3910,#3911,#3912,#3913)) ;
#3941=EDGE_LOOP('',(#3942,#3943,#3944,#3945)) ;
#3954=EDGE_LOOP('',(#3955,#3956,#3957,#3958)) ;
#3986=EDGE_LOOP('',(#3987,#3988,#3989,#3990)) ;
#3999=EDGE_LOOP('',(#4000,#4001,#4002,#4003)) ;
#4058=EDGE_LOOP('',(#4059,#4060,#4061,#4062)) ;
#4090=EDGE_LOOP('',(#4091,#4092,#4093,#4094)) ;
#4096=EDGE_LOOP('',(#4097,#4098)) ;
#4144=EDGE_LOOP('',(#4145,#4146,#4147,#4148)) ;
#4176=EDGE_LOOP('',(#4177,#4178,#4179,#4180)) ;
#4182=EDGE_LOOP('',(#4183,#4184)) ;
#4186=EDGE_LOOP('',(#4187,#4188)) ;
#4190=EDGE_LOOP('',(#4191,#4192)) ;
#4194=EDGE_LOOP('',(#4195,#4196)) ;
#4224=EDGE_LOOP('',(#4225,#4226,#4227,#4228)) ;
#4249=EDGE_LOOP('',(#4250,#4251,#4252,#4253)) ;
#4276=EDGE_LOOP('',(#4277,#4278,#4279,#4280)) ;
#4282=EDGE_LOOP('',(#4283,#4284)) ;
#4286=EDGE_LOOP('',(#4287,#4288)) ;
#4290=EDGE_LOOP('',(#4291,#4292)) ;
#4294=EDGE_LOOP('',(#4295,#4296)) ;
#4324=EDGE_LOOP('',(#4325,#4326,#4327,#4328)) ;
#4343=EDGE_LOOP('',(#4344,#4345,#4346,#4347,#4348,#4349,#4350,#4351,#4352,#4353,#4354,#4355)) ;
#4369=EDGE_LOOP('',(#4370,#4371,#4372,#4373,#4374,#4375,#4376,#4377,#4378,#4379,#4380,#4381)) ;
#4389=EDGE_LOOP('',(#4390,#4391,#4392,#4393)) ;
#4421=EDGE_LOOP('',(#4422,#4423,#4424,#4425)) ;
#4452=EDGE_LOOP('',(#4453,#4454,#4455,#4456)) ;
#4483=EDGE_LOOP('',(#4484,#4485,#4486,#4487)) ;
#4514=EDGE_LOOP('',(#4515,#4516,#4517,#4518,#4519,#4520,#4521)) ;
#4548=EDGE_LOOP('',(#4549,#4550,#4551,#4552,#4553,#4554,#4555)) ;
#4591=EDGE_LOOP('',(#4592,#4593,#4594,#4595)) ;
#4622=EDGE_LOOP('',(#4623,#4624,#4625,#4626)) ;
#4653=EDGE_LOOP('',(#4654,#4655,#4656,#4657)) ;
#4684=EDGE_LOOP('',(#4685,#4686,#4687,#4688)) ;
#4715=EDGE_LOOP('',(#4716,#4717,#4718,#4719)) ;
#4746=EDGE_LOOP('',(#4747,#4748,#4749,#4750,#4751,#4752,#4753,#4754)) ;
#4781=EDGE_LOOP('',(#4782,#4783,#4784,#4785,#4786,#4787,#4788,#4789)) ;
#4811=EDGE_LOOP('',(#4812,#4813)) ;
#4829=EDGE_LOOP('',(#4830,#4831)) ;
#4858=EDGE_LOOP('',(#4859,#4860,#4861,#4862)) ;
#4870=EDGE_LOOP('',(#4871,#4872,#4873,#4874)) ;
#4877=EDGE_LOOP('',(#4878,#4879)) ;
#4881=EDGE_LOOP('',(#4882,#4883)) ;
#4901=EDGE_LOOP('',(#4902,#4903,#4904,#4905)) ;
#4908=EDGE_LOOP('',(#4909,#4910,#4911,#4912)) ;
#4915=EDGE_LOOP('',(#4916,#4917,#4918,#4919,#4920,#4921,#4922,#4923,#4924,#4925,#4926,#4927,#4928,#4929)) ;
#4931=EDGE_LOOP('',(#4932,#4933)) ;
#4935=EDGE_LOOP('',(#4936,#4937)) ;
#4939=EDGE_LOOP('',(#4940,#4941)) ;
#4943=EDGE_LOOP('',(#4944,#4945)) ;
#4959=EDGE_LOOP('',(#4960,#4961,#4962,#4963,#4964)) ;
#4984=EDGE_LOOP('',(#4985,#4986,#4987,#4988)) ;
#4996=EDGE_LOOP('',(#4997,#4998,#4999,#5000)) ;
#5008=EDGE_LOOP('',(#5009,#5010,#5011,#5012,#5013)) ;
#5033=EDGE_LOOP('',(#5034,#5035,#5036,#5037,#5038)) ;
#5058=EDGE_LOOP('',(#5059,#5060,#5061,#5062)) ;
#5070=EDGE_LOOP('',(#5071,#5072,#5073,#5074)) ;
#5082=EDGE_LOOP('',(#5083,#5084,#5085,#5086,#5087)) ;
#65=ORIENTED_EDGE('',*,*,#44,.F.) ;
#66=ORIENTED_EDGE('',*,*,#51,.T.) ;
#67=ORIENTED_EDGE('',*,*,#58,.T.) ;
#68=ORIENTED_EDGE('',*,*,#63,.F.) ;
#111=ORIENTED_EDGE('',*,*,#87,.F.) ;
#112=ORIENTED_EDGE('',*,*,#94,.F.) ;
#113=ORIENTED_EDGE('',*,*,#104,.T.) ;
#114=ORIENTED_EDGE('',*,*,#109,.T.) ;
#151=ORIENTED_EDGE('',*,*,#130,.T.) ;
#152=ORIENTED_EDGE('',*,*,#137,.T.) ;
#153=ORIENTED_EDGE('',*,*,#144,.F.) ;
#154=ORIENTED_EDGE('',*,*,#149,.F.) ;
#181=ORIENTED_EDGE('',*,*,#174,.T.) ;
#182=ORIENTED_EDGE('',*,*,#149,.T.) ;
#183=ORIENTED_EDGE('',*,*,#179,.F.) ;
#184=ORIENTED_EDGE('',*,*,#137,.F.) ;
#222=ORIENTED_EDGE('',*,*,#201,.T.) ;
#223=ORIENTED_EDGE('',*,*,#208,.T.) ;
#224=ORIENTED_EDGE('',*,*,#215,.F.) ;
#225=ORIENTED_EDGE('',*,*,#220,.F.) ;
#245=ORIENTED_EDGE('',*,*,#238,.T.) ;
#246=ORIENTED_EDGE('',*,*,#220,.T.) ;
#247=ORIENTED_EDGE('',*,*,#243,.F.) ;
#248=ORIENTED_EDGE('',*,*,#208,.F.) ;
#286=ORIENTED_EDGE('',*,*,#265,.T.) ;
#287=ORIENTED_EDGE('',*,*,#272,.T.) ;
#288=ORIENTED_EDGE('',*,*,#279,.F.) ;
#289=ORIENTED_EDGE('',*,*,#284,.F.) ;
#309=ORIENTED_EDGE('',*,*,#302,.T.) ;
#310=ORIENTED_EDGE('',*,*,#284,.T.) ;
#311=ORIENTED_EDGE('',*,*,#307,.F.) ;
#312=ORIENTED_EDGE('',*,*,#272,.F.) ;
#341=ORIENTED_EDGE('',*,*,#130,.F.) ;
#342=ORIENTED_EDGE('',*,*,#327,.T.) ;
#343=ORIENTED_EDGE('',*,*,#334,.T.) ;
#344=ORIENTED_EDGE('',*,*,#339,.F.) ;
#354=ORIENTED_EDGE('',*,*,#174,.F.) ;
#355=ORIENTED_EDGE('',*,*,#339,.T.) ;
#356=ORIENTED_EDGE('',*,*,#352,.T.) ;
#357=ORIENTED_EDGE('',*,*,#327,.F.) ;
#386=ORIENTED_EDGE('',*,*,#201,.F.) ;
#387=ORIENTED_EDGE('',*,*,#372,.T.) ;
#388=ORIENTED_EDGE('',*,*,#379,.T.) ;
#389=ORIENTED_EDGE('',*,*,#384,.F.) ;
#399=ORIENTED_EDGE('',*,*,#238,.F.) ;
#400=ORIENTED_EDGE('',*,*,#384,.T.) ;
#401=ORIENTED_EDGE('',*,*,#397,.T.) ;
#402=ORIENTED_EDGE('',*,*,#372,.F.) ;
#431=ORIENTED_EDGE('',*,*,#265,.F.) ;
#432=ORIENTED_EDGE('',*,*,#417,.T.) ;
#433=ORIENTED_EDGE('',*,*,#424,.T.) ;
#434=ORIENTED_EDGE('',*,*,#429,.F.) ;
#444=ORIENTED_EDGE('',*,*,#302,.F.) ;
#445=ORIENTED_EDGE('',*,*,#429,.T.) ;
#446=ORIENTED_EDGE('',*,*,#442,.T.) ;
#447=ORIENTED_EDGE('',*,*,#417,.F.) ;
#485=ORIENTED_EDGE('',*,*,#464,.T.) ;
#486=ORIENTED_EDGE('',*,*,#471,.F.) ;
#487=ORIENTED_EDGE('',*,*,#478,.F.) ;
#488=ORIENTED_EDGE('',*,*,#483,.T.) ;
#525=ORIENTED_EDGE('',*,*,#504,.T.) ;
#526=ORIENTED_EDGE('',*,*,#511,.F.) ;
#527=ORIENTED_EDGE('',*,*,#518,.T.) ;
#528=ORIENTED_EDGE('',*,*,#523,.T.) ;
#565=ORIENTED_EDGE('',*,*,#544,.T.) ;
#566=ORIENTED_EDGE('',*,*,#551,.F.) ;
#567=ORIENTED_EDGE('',*,*,#558,.T.) ;
#568=ORIENTED_EDGE('',*,*,#563,.T.) ;
#601=ORIENTED_EDGE('',*,*,#582,.T.) ;
#602=ORIENTED_EDGE('',*,*,#558,.F.) ;
#603=ORIENTED_EDGE('',*,*,#587,.F.) ;
#604=ORIENTED_EDGE('',*,*,#58,.F.) ;
#605=ORIENTED_EDGE('',*,*,#594,.T.) ;
#606=ORIENTED_EDGE('',*,*,#599,.F.) ;
#627=ORIENTED_EDGE('',*,*,#620,.T.) ;
#628=ORIENTED_EDGE('',*,*,#563,.F.) ;
#629=ORIENTED_EDGE('',*,*,#582,.F.) ;
#630=ORIENTED_EDGE('',*,*,#625,.T.) ;
#656=ORIENTED_EDGE('',*,*,#644,.T.) ;
#657=ORIENTED_EDGE('',*,*,#471,.T.) ;
#658=ORIENTED_EDGE('',*,*,#649,.F.) ;
#659=ORIENTED_EDGE('',*,*,#544,.F.) ;
#660=ORIENTED_EDGE('',*,*,#620,.F.) ;
#661=ORIENTED_EDGE('',*,*,#654,.F.) ;
#692=ORIENTED_EDGE('',*,*,#671,.F.) ;
#693=ORIENTED_EDGE('',*,*,#678,.F.) ;
#694=ORIENTED_EDGE('',*,*,#685,.T.) ;
#695=ORIENTED_EDGE('',*,*,#690,.T.) ;
#709=ORIENTED_EDGE('',*,*,#654,.T.) ;
#710=ORIENTED_EDGE('',*,*,#625,.F.) ;
#711=ORIENTED_EDGE('',*,*,#599,.T.) ;
#712=ORIENTED_EDGE('',*,*,#707,.T.) ;
#758=ORIENTED_EDGE('',*,*,#728,.T.) ;
#759=ORIENTED_EDGE('',*,*,#741,.T.) ;
#760=ORIENTED_EDGE('',*,*,#746,.T.) ;
#761=ORIENTED_EDGE('',*,*,#511,.T.) ;
#762=ORIENTED_EDGE('',*,*,#751,.T.) ;
#763=ORIENTED_EDGE('',*,*,#104,.F.) ;
#764=ORIENTED_EDGE('',*,*,#756,.F.) ;
#792=ORIENTED_EDGE('',*,*,#780,.F.) ;
#793=ORIENTED_EDGE('',*,*,#785,.T.) ;
#794=ORIENTED_EDGE('',*,*,#478,.T.) ;
#795=ORIENTED_EDGE('',*,*,#644,.F.) ;
#796=ORIENTED_EDGE('',*,*,#707,.F.) ;
#797=ORIENTED_EDGE('',*,*,#594,.F.) ;
#798=ORIENTED_EDGE('',*,*,#51,.F.) ;
#799=ORIENTED_EDGE('',*,*,#790,.F.) ;
#832=ORIENTED_EDGE('',*,*,#728,.F.) ;
#833=ORIENTED_EDGE('',*,*,#814,.F.) ;
#834=ORIENTED_EDGE('',*,*,#780,.T.) ;
#835=ORIENTED_EDGE('',*,*,#823,.F.) ;
#836=ORIENTED_EDGE('',*,*,#830,.F.) ;
#870=ORIENTED_EDGE('',*,*,#858,.T.) ;
#871=ORIENTED_EDGE('',*,*,#863,.F.) ;
#872=ORIENTED_EDGE('',*,*,#823,.T.) ;
#873=ORIENTED_EDGE('',*,*,#790,.T.) ;
#874=ORIENTED_EDGE('',*,*,#44,.T.) ;
#875=ORIENTED_EDGE('',*,*,#868,.F.) ;
#912=ORIENTED_EDGE('',*,*,#900,.T.) ;
#913=ORIENTED_EDGE('',*,*,#905,.T.) ;
#914=ORIENTED_EDGE('',*,*,#483,.F.) ;
#915=ORIENTED_EDGE('',*,*,#785,.F.) ;
#916=ORIENTED_EDGE('',*,*,#814,.T.) ;
#917=ORIENTED_EDGE('',*,*,#756,.T.) ;
#918=ORIENTED_EDGE('',*,*,#94,.T.) ;
#919=ORIENTED_EDGE('',*,*,#910,.F.) ;
#967=ORIENTED_EDGE('',*,*,#935,.T.) ;
#968=ORIENTED_EDGE('',*,*,#948,.F.) ;
#969=ORIENTED_EDGE('',*,*,#953,.F.) ;
#970=ORIENTED_EDGE('',*,*,#910,.T.) ;
#971=ORIENTED_EDGE('',*,*,#87,.T.) ;
#972=ORIENTED_EDGE('',*,*,#960,.F.) ;
#973=ORIENTED_EDGE('',*,*,#965,.F.) ;
#1001=ORIENTED_EDGE('',*,*,#987,.T.) ;
#1002=ORIENTED_EDGE('',*,*,#994,.F.) ;
#1003=ORIENTED_EDGE('',*,*,#999,.T.) ;
#1004=ORIENTED_EDGE('',*,*,#965,.T.) ;
#1018=ORIENTED_EDGE('',*,*,#868,.T.) ;
#1019=ORIENTED_EDGE('',*,*,#63,.T.) ;
#1020=ORIENTED_EDGE('',*,*,#587,.T.) ;
#1021=ORIENTED_EDGE('',*,*,#551,.T.) ;
#1022=ORIENTED_EDGE('',*,*,#649,.T.) ;
#1023=ORIENTED_EDGE('',*,*,#464,.F.) ;
#1024=ORIENTED_EDGE('',*,*,#905,.F.) ;
#1025=ORIENTED_EDGE('',*,*,#1016,.T.) ;
#1041=ORIENTED_EDGE('',*,*,#1016,.F.) ;
#1042=ORIENTED_EDGE('',*,*,#900,.F.) ;
#1043=ORIENTED_EDGE('',*,*,#953,.T.) ;
#1044=ORIENTED_EDGE('',*,*,#1039,.F.) ;
#1045=ORIENTED_EDGE('',*,*,#858,.F.) ;
#1059=ORIENTED_EDGE('',*,*,#1057,.F.) ;
#1060=ORIENTED_EDGE('',*,*,#741,.F.) ;
#1061=ORIENTED_EDGE('',*,*,#830,.T.) ;
#1062=ORIENTED_EDGE('',*,*,#863,.T.) ;
#1063=ORIENTED_EDGE('',*,*,#1039,.T.) ;
#1064=ORIENTED_EDGE('',*,*,#948,.T.) ;
#1087=ORIENTED_EDGE('',*,*,#1080,.T.) ;
#1088=ORIENTED_EDGE('',*,*,#1085,.T.) ;
#1116=ORIENTED_EDGE('',*,*,#1104,.T.) ;
#1117=ORIENTED_EDGE('',*,*,#1109,.F.) ;
#1118=ORIENTED_EDGE('',*,*,#523,.F.) ;
#1119=ORIENTED_EDGE('',*,*,#1114,.T.) ;
#1147=ORIENTED_EDGE('',*,*,#1133,.T.) ;
#1148=ORIENTED_EDGE('',*,*,#1104,.F.) ;
#1149=ORIENTED_EDGE('',*,*,#1140,.T.) ;
#1150=ORIENTED_EDGE('',*,*,#1145,.T.) ;
#1187=ORIENTED_EDGE('',*,*,#1166,.F.) ;
#1188=ORIENTED_EDGE('',*,*,#1173,.T.) ;
#1189=ORIENTED_EDGE('',*,*,#1180,.F.) ;
#1190=ORIENTED_EDGE('',*,*,#1185,.F.) ;
#1218=ORIENTED_EDGE('',*,*,#1204,.T.) ;
#1219=ORIENTED_EDGE('',*,*,#1211,.F.) ;
#1220=ORIENTED_EDGE('',*,*,#1216,.T.) ;
#1221=ORIENTED_EDGE('',*,*,#1185,.T.) ;
#1249=ORIENTED_EDGE('',*,*,#1235,.T.) ;
#1250=ORIENTED_EDGE('',*,*,#1173,.F.) ;
#1251=ORIENTED_EDGE('',*,*,#1242,.T.) ;
#1252=ORIENTED_EDGE('',*,*,#1247,.T.) ;
#1271=ORIENTED_EDGE('',*,*,#1145,.F.) ;
#1272=ORIENTED_EDGE('',*,*,#1264,.T.) ;
#1273=ORIENTED_EDGE('',*,*,#1211,.T.) ;
#1274=ORIENTED_EDGE('',*,*,#1269,.T.) ;
#1302=ORIENTED_EDGE('',*,*,#1288,.T.) ;
#1303=ORIENTED_EDGE('',*,*,#994,.T.) ;
#1304=ORIENTED_EDGE('',*,*,#1295,.F.) ;
#1305=ORIENTED_EDGE('',*,*,#1300,.T.) ;
#1333=ORIENTED_EDGE('',*,*,#1300,.F.) ;
#1334=ORIENTED_EDGE('',*,*,#1319,.F.) ;
#1335=ORIENTED_EDGE('',*,*,#1326,.T.) ;
#1336=ORIENTED_EDGE('',*,*,#1331,.F.) ;
#1355=ORIENTED_EDGE('',*,*,#1326,.F.) ;
#1356=ORIENTED_EDGE('',*,*,#1348,.F.) ;
#1357=ORIENTED_EDGE('',*,*,#1247,.F.) ;
#1358=ORIENTED_EDGE('',*,*,#1353,.T.) ;
#1367=ORIENTED_EDGE('',*,*,#1114,.F.) ;
#1368=ORIENTED_EDGE('',*,*,#518,.F.) ;
#1369=ORIENTED_EDGE('',*,*,#746,.F.) ;
#1370=ORIENTED_EDGE('',*,*,#1057,.T.) ;
#1371=ORIENTED_EDGE('',*,*,#935,.F.) ;
#1372=ORIENTED_EDGE('',*,*,#999,.F.) ;
#1373=ORIENTED_EDGE('',*,*,#1288,.F.) ;
#1374=ORIENTED_EDGE('',*,*,#1331,.T.) ;
#1375=ORIENTED_EDGE('',*,*,#1353,.F.) ;
#1376=ORIENTED_EDGE('',*,*,#1242,.F.) ;
#1377=ORIENTED_EDGE('',*,*,#1166,.T.) ;
#1378=ORIENTED_EDGE('',*,*,#1216,.F.) ;
#1379=ORIENTED_EDGE('',*,*,#1264,.F.) ;
#1380=ORIENTED_EDGE('',*,*,#1140,.F.) ;
#1397=ORIENTED_EDGE('',*,*,#1390,.F.) ;
#1398=ORIENTED_EDGE('',*,*,#1395,.F.) ;
#1415=ORIENTED_EDGE('',*,*,#1408,.F.) ;
#1416=ORIENTED_EDGE('',*,*,#1413,.F.) ;
#1433=ORIENTED_EDGE('',*,*,#1426,.F.) ;
#1434=ORIENTED_EDGE('',*,*,#1431,.F.) ;
#1463=ORIENTED_EDGE('',*,*,#1449,.F.) ;
#1464=ORIENTED_EDGE('',*,*,#1390,.T.) ;
#1465=ORIENTED_EDGE('',*,*,#1456,.T.) ;
#1466=ORIENTED_EDGE('',*,*,#1461,.F.) ;
#1475=ORIENTED_EDGE('',*,*,#1456,.F.) ;
#1476=ORIENTED_EDGE('',*,*,#1395,.T.) ;
#1477=ORIENTED_EDGE('',*,*,#1449,.T.) ;
#1478=ORIENTED_EDGE('',*,*,#1473,.F.) ;
#1487=ORIENTED_EDGE('',*,*,#1461,.T.) ;
#1488=ORIENTED_EDGE('',*,*,#1473,.T.) ;
#1519=ORIENTED_EDGE('',*,*,#1498,.F.) ;
#1520=ORIENTED_EDGE('',*,*,#1505,.F.) ;
#1521=ORIENTED_EDGE('',*,*,#1512,.F.) ;
#1522=ORIENTED_EDGE('',*,*,#1517,.F.) ;
#1550=ORIENTED_EDGE('',*,*,#1536,.F.) ;
#1551=ORIENTED_EDGE('',*,*,#1408,.T.) ;
#1552=ORIENTED_EDGE('',*,*,#1543,.T.) ;
#1553=ORIENTED_EDGE('',*,*,#1548,.F.) ;
#1562=ORIENTED_EDGE('',*,*,#1543,.F.) ;
#1563=ORIENTED_EDGE('',*,*,#1413,.T.) ;
#1564=ORIENTED_EDGE('',*,*,#1536,.T.) ;
#1565=ORIENTED_EDGE('',*,*,#1560,.F.) ;
#1569=ORIENTED_EDGE('',*,*,#1548,.T.) ;
#1570=ORIENTED_EDGE('',*,*,#1560,.T.) ;
#1601=ORIENTED_EDGE('',*,*,#1580,.F.) ;
#1602=ORIENTED_EDGE('',*,*,#1587,.F.) ;
#1603=ORIENTED_EDGE('',*,*,#1594,.F.) ;
#1604=ORIENTED_EDGE('',*,*,#1599,.F.) ;
#1632=ORIENTED_EDGE('',*,*,#1618,.F.) ;
#1633=ORIENTED_EDGE('',*,*,#1426,.T.) ;
#1634=ORIENTED_EDGE('',*,*,#1625,.T.) ;
#1635=ORIENTED_EDGE('',*,*,#1630,.F.) ;
#1644=ORIENTED_EDGE('',*,*,#1625,.F.) ;
#1645=ORIENTED_EDGE('',*,*,#1431,.T.) ;
#1646=ORIENTED_EDGE('',*,*,#1618,.T.) ;
#1647=ORIENTED_EDGE('',*,*,#1642,.F.) ;
#1651=ORIENTED_EDGE('',*,*,#1630,.T.) ;
#1652=ORIENTED_EDGE('',*,*,#1642,.T.) ;
#1683=ORIENTED_EDGE('',*,*,#1662,.F.) ;
#1684=ORIENTED_EDGE('',*,*,#1669,.F.) ;
#1685=ORIENTED_EDGE('',*,*,#1676,.F.) ;
#1686=ORIENTED_EDGE('',*,*,#1681,.F.) ;
#1714=ORIENTED_EDGE('',*,*,#1702,.T.) ;
#1715=ORIENTED_EDGE('',*,*,#1707,.F.) ;
#1716=ORIENTED_EDGE('',*,*,#1594,.T.) ;
#1717=ORIENTED_EDGE('',*,*,#1587,.T.) ;
#1718=ORIENTED_EDGE('',*,*,#1712,.T.) ;
#1728=ORIENTED_EDGE('',*,*,#1726,.T.) ;
#1729=ORIENTED_EDGE('',*,*,#1712,.F.) ;
#1730=ORIENTED_EDGE('',*,*,#1580,.T.) ;
#1731=ORIENTED_EDGE('',*,*,#1599,.T.) ;
#1732=ORIENTED_EDGE('',*,*,#1707,.T.) ;
#1761=ORIENTED_EDGE('',*,*,#1749,.T.) ;
#1762=ORIENTED_EDGE('',*,*,#1754,.F.) ;
#1763=ORIENTED_EDGE('',*,*,#1498,.T.) ;
#1764=ORIENTED_EDGE('',*,*,#1517,.T.) ;
#1765=ORIENTED_EDGE('',*,*,#1759,.T.) ;
#1775=ORIENTED_EDGE('',*,*,#1773,.T.) ;
#1776=ORIENTED_EDGE('',*,*,#1759,.F.) ;
#1777=ORIENTED_EDGE('',*,*,#1512,.T.) ;
#1778=ORIENTED_EDGE('',*,*,#1505,.T.) ;
#1779=ORIENTED_EDGE('',*,*,#1754,.T.) ;
#1808=ORIENTED_EDGE('',*,*,#1796,.T.) ;
#1809=ORIENTED_EDGE('',*,*,#1801,.F.) ;
#1810=ORIENTED_EDGE('',*,*,#1676,.T.) ;
#1811=ORIENTED_EDGE('',*,*,#1669,.T.) ;
#1812=ORIENTED_EDGE('',*,*,#1806,.T.) ;
#1822=ORIENTED_EDGE('',*,*,#1820,.T.) ;
#1823=ORIENTED_EDGE('',*,*,#1806,.F.) ;
#1824=ORIENTED_EDGE('',*,*,#1662,.T.) ;
#1825=ORIENTED_EDGE('',*,*,#1681,.T.) ;
#1826=ORIENTED_EDGE('',*,*,#1801,.T.) ;
#1836=ORIENTED_EDGE('',*,*,#279,.T.) ;
#1837=ORIENTED_EDGE('',*,*,#307,.T.) ;
#1854=ORIENTED_EDGE('',*,*,#1847,.F.) ;
#1855=ORIENTED_EDGE('',*,*,#1852,.F.) ;
#1860=ORIENTED_EDGE('',*,*,#243,.T.) ;
#1861=ORIENTED_EDGE('',*,*,#215,.T.) ;
#1878=ORIENTED_EDGE('',*,*,#1871,.F.) ;
#1879=ORIENTED_EDGE('',*,*,#1876,.F.) ;
#1884=ORIENTED_EDGE('',*,*,#144,.T.) ;
#1885=ORIENTED_EDGE('',*,*,#179,.T.) ;
#1902=ORIENTED_EDGE('',*,*,#1895,.F.) ;
#1903=ORIENTED_EDGE('',*,*,#1900,.F.) ;
#1932=ORIENTED_EDGE('',*,*,#1918,.F.) ;
#1933=ORIENTED_EDGE('',*,*,#1876,.T.) ;
#1934=ORIENTED_EDGE('',*,*,#1925,.T.) ;
#1935=ORIENTED_EDGE('',*,*,#1930,.F.) ;
#1944=ORIENTED_EDGE('',*,*,#1925,.F.) ;
#1945=ORIENTED_EDGE('',*,*,#1871,.T.) ;
#1946=ORIENTED_EDGE('',*,*,#1918,.T.) ;
#1947=ORIENTED_EDGE('',*,*,#1942,.F.) ;
#1956=ORIENTED_EDGE('',*,*,#1930,.T.) ;
#1957=ORIENTED_EDGE('',*,*,#1942,.T.) ;
#1960=ORIENTED_EDGE('',*,*,#1773,.F.) ;
#1961=ORIENTED_EDGE('',*,*,#1749,.F.) ;
#1989=ORIENTED_EDGE('',*,*,#1975,.F.) ;
#1990=ORIENTED_EDGE('',*,*,#1900,.T.) ;
#1991=ORIENTED_EDGE('',*,*,#1982,.T.) ;
#1992=ORIENTED_EDGE('',*,*,#1987,.F.) ;
#2001=ORIENTED_EDGE('',*,*,#1982,.F.) ;
#2002=ORIENTED_EDGE('',*,*,#1895,.T.) ;
#2003=ORIENTED_EDGE('',*,*,#1975,.T.) ;
#2004=ORIENTED_EDGE('',*,*,#1999,.F.) ;
#2008=ORIENTED_EDGE('',*,*,#1987,.T.) ;
#2009=ORIENTED_EDGE('',*,*,#1999,.T.) ;
#2012=ORIENTED_EDGE('',*,*,#1726,.F.) ;
#2013=ORIENTED_EDGE('',*,*,#1702,.F.) ;
#2041=ORIENTED_EDGE('',*,*,#2027,.F.) ;
#2042=ORIENTED_EDGE('',*,*,#1852,.T.) ;
#2043=ORIENTED_EDGE('',*,*,#2034,.T.) ;
#2044=ORIENTED_EDGE('',*,*,#2039,.F.) ;
#2053=ORIENTED_EDGE('',*,*,#2034,.F.) ;
#2054=ORIENTED_EDGE('',*,*,#1847,.T.) ;
#2055=ORIENTED_EDGE('',*,*,#2027,.T.) ;
#2056=ORIENTED_EDGE('',*,*,#2051,.F.) ;
#2060=ORIENTED_EDGE('',*,*,#2039,.T.) ;
#2061=ORIENTED_EDGE('',*,*,#2051,.T.) ;
#2064=ORIENTED_EDGE('',*,*,#1820,.F.) ;
#2065=ORIENTED_EDGE('',*,*,#1796,.F.) ;
#2102=ORIENTED_EDGE('',*,*,#2081,.T.) ;
#2103=ORIENTED_EDGE('',*,*,#2088,.T.) ;
#2104=ORIENTED_EDGE('',*,*,#2095,.F.) ;
#2105=ORIENTED_EDGE('',*,*,#2100,.T.) ;
#2137=ORIENTED_EDGE('',*,*,#2116,.F.) ;
#2138=ORIENTED_EDGE('',*,*,#2123,.T.) ;
#2139=ORIENTED_EDGE('',*,*,#2130,.T.) ;
#2140=ORIENTED_EDGE('',*,*,#2135,.T.) ;
#2193=ORIENTED_EDGE('',*,*,#2151,.F.) ;
#2194=ORIENTED_EDGE('',*,*,#2158,.F.) ;
#2195=ORIENTED_EDGE('',*,*,#2165,.F.) ;
#2196=ORIENTED_EDGE('',*,*,#2172,.T.) ;
#2197=ORIENTED_EDGE('',*,*,#2179,.T.) ;
#2198=ORIENTED_EDGE('',*,*,#2186,.T.) ;
#2199=ORIENTED_EDGE('',*,*,#2191,.T.) ;
#2213=ORIENTED_EDGE('',*,*,#2095,.T.) ;
#2214=ORIENTED_EDGE('',*,*,#2206,.T.) ;
#2215=ORIENTED_EDGE('',*,*,#2081,.F.) ;
#2216=ORIENTED_EDGE('',*,*,#2211,.T.) ;
#2230=ORIENTED_EDGE('',*,*,#2130,.F.) ;
#2231=ORIENTED_EDGE('',*,*,#2223,.T.) ;
#2232=ORIENTED_EDGE('',*,*,#2116,.T.) ;
#2233=ORIENTED_EDGE('',*,*,#2228,.T.) ;
#2247=ORIENTED_EDGE('',*,*,#2186,.F.) ;
#2248=ORIENTED_EDGE('',*,*,#2179,.F.) ;
#2249=ORIENTED_EDGE('',*,*,#2172,.F.) ;
#2250=ORIENTED_EDGE('',*,*,#2240,.F.) ;
#2251=ORIENTED_EDGE('',*,*,#2158,.T.) ;
#2252=ORIENTED_EDGE('',*,*,#2151,.T.) ;
#2253=ORIENTED_EDGE('',*,*,#2245,.T.) ;
#2262=ORIENTED_EDGE('',*,*,#2206,.F.) ;
#2263=ORIENTED_EDGE('',*,*,#2088,.F.) ;
#2280=ORIENTED_EDGE('',*,*,#2273,.T.) ;
#2281=ORIENTED_EDGE('',*,*,#2278,.T.) ;
#2309=ORIENTED_EDGE('',*,*,#2295,.F.) ;
#2310=ORIENTED_EDGE('',*,*,#1080,.F.) ;
#2311=ORIENTED_EDGE('',*,*,#2302,.T.) ;
#2312=ORIENTED_EDGE('',*,*,#2307,.F.) ;
#2321=ORIENTED_EDGE('',*,*,#2319,.F.) ;
#2322=ORIENTED_EDGE('',*,*,#2302,.F.) ;
#2323=ORIENTED_EDGE('',*,*,#1085,.F.) ;
#2324=ORIENTED_EDGE('',*,*,#2295,.T.) ;
#2417=ORIENTED_EDGE('',*,*,#2340,.F.) ;
#2418=ORIENTED_EDGE('',*,*,#2347,.F.) ;
#2419=ORIENTED_EDGE('',*,*,#2354,.T.) ;
#2420=ORIENTED_EDGE('',*,*,#2361,.T.) ;
#2421=ORIENTED_EDGE('',*,*,#2368,.F.) ;
#2422=ORIENTED_EDGE('',*,*,#2375,.F.) ;
#2423=ORIENTED_EDGE('',*,*,#2382,.F.) ;
#2424=ORIENTED_EDGE('',*,*,#2389,.F.) ;
#2425=ORIENTED_EDGE('',*,*,#2396,.T.) ;
#2426=ORIENTED_EDGE('',*,*,#2403,.F.) ;
#2427=ORIENTED_EDGE('',*,*,#2410,.F.) ;
#2428=ORIENTED_EDGE('',*,*,#2415,.F.) ;
#2431=ORIENTED_EDGE('',*,*,#2123,.F.) ;
#2432=ORIENTED_EDGE('',*,*,#2223,.F.) ;
#2525=ORIENTED_EDGE('',*,*,#2448,.T.) ;
#2526=ORIENTED_EDGE('',*,*,#2455,.T.) ;
#2527=ORIENTED_EDGE('',*,*,#2462,.F.) ;
#2528=ORIENTED_EDGE('',*,*,#2469,.F.) ;
#2529=ORIENTED_EDGE('',*,*,#2476,.T.) ;
#2530=ORIENTED_EDGE('',*,*,#2483,.F.) ;
#2531=ORIENTED_EDGE('',*,*,#2490,.T.) ;
#2532=ORIENTED_EDGE('',*,*,#2497,.T.) ;
#2533=ORIENTED_EDGE('',*,*,#2504,.F.) ;
#2534=ORIENTED_EDGE('',*,*,#2511,.F.) ;
#2535=ORIENTED_EDGE('',*,*,#2518,.T.) ;
#2536=ORIENTED_EDGE('',*,*,#2523,.F.) ;
#2539=ORIENTED_EDGE('',*,*,#2191,.F.) ;
#2540=ORIENTED_EDGE('',*,*,#2245,.F.) ;
#2559=ORIENTED_EDGE('',*,*,#2552,.T.) ;
#2560=ORIENTED_EDGE('',*,*,#2504,.T.) ;
#2561=ORIENTED_EDGE('',*,*,#2557,.F.) ;
#2562=ORIENTED_EDGE('',*,*,#2354,.F.) ;
#2576=ORIENTED_EDGE('',*,*,#2361,.F.) ;
#2577=ORIENTED_EDGE('',*,*,#2557,.T.) ;
#2578=ORIENTED_EDGE('',*,*,#2497,.F.) ;
#2579=ORIENTED_EDGE('',*,*,#2574,.F.) ;
#2654=ORIENTED_EDGE('',*,*,#2595,.T.) ;
#2655=ORIENTED_EDGE('',*,*,#2602,.F.) ;
#2656=ORIENTED_EDGE('',*,*,#2609,.T.) ;
#2657=ORIENTED_EDGE('',*,*,#2614,.F.) ;
#2658=ORIENTED_EDGE('',*,*,#2396,.F.) ;
#2659=ORIENTED_EDGE('',*,*,#2619,.T.) ;
#2660=ORIENTED_EDGE('',*,*,#2462,.T.) ;
#2661=ORIENTED_EDGE('',*,*,#2626,.T.) ;
#2662=ORIENTED_EDGE('',*,*,#2633,.T.) ;
#2663=ORIENTED_EDGE('',*,*,#2640,.T.) ;
#2664=ORIENTED_EDGE('',*,*,#2647,.F.) ;
#2665=ORIENTED_EDGE('',*,*,#2652,.T.) ;
#2749=ORIENTED_EDGE('',*,*,#2681,.T.) ;
#2750=ORIENTED_EDGE('',*,*,#2686,.T.) ;
#2751=ORIENTED_EDGE('',*,*,#2595,.F.) ;
#2752=ORIENTED_EDGE('',*,*,#2693,.F.) ;
#2753=ORIENTED_EDGE('',*,*,#2700,.T.) ;
#2754=ORIENTED_EDGE('',*,*,#2707,.F.) ;
#2755=ORIENTED_EDGE('',*,*,#2714,.T.) ;
#2756=ORIENTED_EDGE('',*,*,#2721,.T.) ;
#2757=ORIENTED_EDGE('',*,*,#2728,.F.) ;
#2758=ORIENTED_EDGE('',*,*,#2735,.F.) ;
#2759=ORIENTED_EDGE('',*,*,#2742,.T.) ;
#2760=ORIENTED_EDGE('',*,*,#2747,.F.) ;
#2763=ORIENTED_EDGE('',*,*,#2135,.F.) ;
#2764=ORIENTED_EDGE('',*,*,#2228,.F.) ;
#2785=ORIENTED_EDGE('',*,*,#2693,.T.) ;
#2786=ORIENTED_EDGE('',*,*,#2652,.F.) ;
#2787=ORIENTED_EDGE('',*,*,#2778,.T.) ;
#2788=ORIENTED_EDGE('',*,*,#2783,.T.) ;
#2809=ORIENTED_EDGE('',*,*,#2802,.T.) ;
#2810=ORIENTED_EDGE('',*,*,#2807,.T.) ;
#2811=ORIENTED_EDGE('',*,*,#2700,.F.) ;
#2812=ORIENTED_EDGE('',*,*,#2783,.F.) ;
#2840=ORIENTED_EDGE('',*,*,#2714,.F.) ;
#2841=ORIENTED_EDGE('',*,*,#2826,.F.) ;
#2842=ORIENTED_EDGE('',*,*,#2833,.T.) ;
#2843=ORIENTED_EDGE('',*,*,#2838,.T.) ;
#2859=ORIENTED_EDGE('',*,*,#2721,.F.) ;
#2860=ORIENTED_EDGE('',*,*,#2838,.F.) ;
#2861=ORIENTED_EDGE('',*,*,#2852,.F.) ;
#2862=ORIENTED_EDGE('',*,*,#2857,.T.) ;
#2885=ORIENTED_EDGE('',*,*,#2742,.F.) ;
#2886=ORIENTED_EDGE('',*,*,#2871,.F.) ;
#2887=ORIENTED_EDGE('',*,*,#2878,.T.) ;
#2888=ORIENTED_EDGE('',*,*,#2883,.T.) ;
#2911=ORIENTED_EDGE('',*,*,#2904,.T.) ;
#2912=ORIENTED_EDGE('',*,*,#2909,.T.) ;
#2929=ORIENTED_EDGE('',*,*,#2922,.T.) ;
#2930=ORIENTED_EDGE('',*,*,#2927,.T.) ;
#2949=ORIENTED_EDGE('',*,*,#2942,.T.) ;
#2950=ORIENTED_EDGE('',*,*,#2947,.T.) ;
#2967=ORIENTED_EDGE('',*,*,#2960,.T.) ;
#2968=ORIENTED_EDGE('',*,*,#2965,.T.) ;
#2997=ORIENTED_EDGE('',*,*,#2985,.T.) ;
#2998=ORIENTED_EDGE('',*,*,#2990,.T.) ;
#2999=ORIENTED_EDGE('',*,*,#2904,.F.) ;
#3000=ORIENTED_EDGE('',*,*,#2995,.F.) ;
#3015=ORIENTED_EDGE('',*,*,#3013,.T.) ;
#3016=ORIENTED_EDGE('',*,*,#2995,.T.) ;
#3017=ORIENTED_EDGE('',*,*,#2909,.F.) ;
#3018=ORIENTED_EDGE('',*,*,#2990,.F.) ;
#3047=ORIENTED_EDGE('',*,*,#3035,.T.) ;
#3048=ORIENTED_EDGE('',*,*,#3040,.T.) ;
#3049=ORIENTED_EDGE('',*,*,#2942,.F.) ;
#3050=ORIENTED_EDGE('',*,*,#3045,.F.) ;
#3065=ORIENTED_EDGE('',*,*,#3063,.T.) ;
#3066=ORIENTED_EDGE('',*,*,#3045,.T.) ;
#3067=ORIENTED_EDGE('',*,*,#2947,.F.) ;
#3068=ORIENTED_EDGE('',*,*,#3040,.F.) ;
#3097=ORIENTED_EDGE('',*,*,#3085,.T.) ;
#3098=ORIENTED_EDGE('',*,*,#3090,.T.) ;
#3099=ORIENTED_EDGE('',*,*,#2922,.F.) ;
#3100=ORIENTED_EDGE('',*,*,#3095,.F.) ;
#3110=ORIENTED_EDGE('',*,*,#3108,.T.) ;
#3111=ORIENTED_EDGE('',*,*,#3095,.T.) ;
#3112=ORIENTED_EDGE('',*,*,#2927,.F.) ;
#3113=ORIENTED_EDGE('',*,*,#3090,.F.) ;
#3142=ORIENTED_EDGE('',*,*,#3130,.T.) ;
#3143=ORIENTED_EDGE('',*,*,#3135,.T.) ;
#3144=ORIENTED_EDGE('',*,*,#2960,.F.) ;
#3145=ORIENTED_EDGE('',*,*,#3140,.F.) ;
#3155=ORIENTED_EDGE('',*,*,#3153,.T.) ;
#3156=ORIENTED_EDGE('',*,*,#3140,.T.) ;
#3157=ORIENTED_EDGE('',*,*,#2965,.F.) ;
#3158=ORIENTED_EDGE('',*,*,#3135,.F.) ;
#3187=ORIENTED_EDGE('',*,*,#2985,.F.) ;
#3188=ORIENTED_EDGE('',*,*,#3173,.T.) ;
#3189=ORIENTED_EDGE('',*,*,#3180,.T.) ;
#3190=ORIENTED_EDGE('',*,*,#3185,.F.) ;
#3200=ORIENTED_EDGE('',*,*,#3013,.F.) ;
#3201=ORIENTED_EDGE('',*,*,#3185,.T.) ;
#3202=ORIENTED_EDGE('',*,*,#3198,.T.) ;
#3203=ORIENTED_EDGE('',*,*,#3173,.F.) ;
#3232=ORIENTED_EDGE('',*,*,#3035,.F.) ;
#3233=ORIENTED_EDGE('',*,*,#3218,.T.) ;
#3234=ORIENTED_EDGE('',*,*,#3225,.T.) ;
#3235=ORIENTED_EDGE('',*,*,#3230,.F.) ;
#3245=ORIENTED_EDGE('',*,*,#3063,.F.) ;
#3246=ORIENTED_EDGE('',*,*,#3230,.T.) ;
#3247=ORIENTED_EDGE('',*,*,#3243,.T.) ;
#3248=ORIENTED_EDGE('',*,*,#3218,.F.) ;
#3270=ORIENTED_EDGE('',*,*,#2747,.T.) ;
#3271=ORIENTED_EDGE('',*,*,#2883,.F.) ;
#3272=ORIENTED_EDGE('',*,*,#3263,.T.) ;
#3273=ORIENTED_EDGE('',*,*,#3268,.T.) ;
#3294=ORIENTED_EDGE('',*,*,#3287,.F.) ;
#3295=ORIENTED_EDGE('',*,*,#3292,.T.) ;
#3296=ORIENTED_EDGE('',*,*,#2871,.T.) ;
#3297=ORIENTED_EDGE('',*,*,#2735,.T.) ;
#3306=ORIENTED_EDGE('',*,*,#2857,.F.) ;
#3307=ORIENTED_EDGE('',*,*,#3304,.F.) ;
#3308=ORIENTED_EDGE('',*,*,#3287,.T.) ;
#3309=ORIENTED_EDGE('',*,*,#2728,.T.) ;
#3323=ORIENTED_EDGE('',*,*,#2807,.F.) ;
#3324=ORIENTED_EDGE('',*,*,#3321,.T.) ;
#3325=ORIENTED_EDGE('',*,*,#2826,.T.) ;
#3326=ORIENTED_EDGE('',*,*,#2707,.T.) ;
#3347=ORIENTED_EDGE('',*,*,#2878,.F.) ;
#3348=ORIENTED_EDGE('',*,*,#3292,.F.) ;
#3349=ORIENTED_EDGE('',*,*,#3304,.T.) ;
#3350=ORIENTED_EDGE('',*,*,#2852,.T.) ;
#3351=ORIENTED_EDGE('',*,*,#2833,.F.) ;
#3352=ORIENTED_EDGE('',*,*,#3321,.F.) ;
#3353=ORIENTED_EDGE('',*,*,#2802,.F.) ;
#3354=ORIENTED_EDGE('',*,*,#2778,.F.) ;
#3355=ORIENTED_EDGE('',*,*,#2647,.T.) ;
#3356=ORIENTED_EDGE('',*,*,#3340,.F.) ;
#3357=ORIENTED_EDGE('',*,*,#3345,.F.) ;
#3358=ORIENTED_EDGE('',*,*,#3263,.F.) ;
#3361=ORIENTED_EDGE('',*,*,#2100,.F.) ;
#3362=ORIENTED_EDGE('',*,*,#2211,.F.) ;
#3383=ORIENTED_EDGE('',*,*,#3376,.T.) ;
#3384=ORIENTED_EDGE('',*,*,#2602,.T.) ;
#3385=ORIENTED_EDGE('',*,*,#2686,.F.) ;
#3386=ORIENTED_EDGE('',*,*,#3381,.T.) ;
#3405=ORIENTED_EDGE('',*,*,#2523,.T.) ;
#3406=ORIENTED_EDGE('',*,*,#3398,.F.) ;
#3407=ORIENTED_EDGE('',*,*,#2415,.T.) ;
#3408=ORIENTED_EDGE('',*,*,#3403,.T.) ;
#3448=ORIENTED_EDGE('',*,*,#3345,.T.) ;
#3449=ORIENTED_EDGE('',*,*,#3422,.T.) ;
#3450=ORIENTED_EDGE('',*,*,#3429,.T.) ;
#3451=ORIENTED_EDGE('',*,*,#3434,.T.) ;
#3452=ORIENTED_EDGE('',*,*,#2448,.F.) ;
#3453=ORIENTED_EDGE('',*,*,#3403,.F.) ;
#3454=ORIENTED_EDGE('',*,*,#2410,.T.) ;
#3455=ORIENTED_EDGE('',*,*,#3441,.F.) ;
#3456=ORIENTED_EDGE('',*,*,#3446,.F.) ;
#3457=ORIENTED_EDGE('',*,*,#3381,.F.) ;
#3458=ORIENTED_EDGE('',*,*,#2681,.F.) ;
#3459=ORIENTED_EDGE('',*,*,#3268,.F.) ;
#3473=ORIENTED_EDGE('',*,*,#2403,.T.) ;
#3474=ORIENTED_EDGE('',*,*,#2614,.T.) ;
#3475=ORIENTED_EDGE('',*,*,#3471,.F.) ;
#3476=ORIENTED_EDGE('',*,*,#3441,.T.) ;
#3490=ORIENTED_EDGE('',*,*,#2469,.T.) ;
#3491=ORIENTED_EDGE('',*,*,#2619,.F.) ;
#3492=ORIENTED_EDGE('',*,*,#2389,.T.) ;
#3493=ORIENTED_EDGE('',*,*,#3488,.T.) ;
#3502=ORIENTED_EDGE('',*,*,#2382,.T.) ;
#3503=ORIENTED_EDGE('',*,*,#3500,.T.) ;
#3504=ORIENTED_EDGE('',*,*,#2476,.F.) ;
#3505=ORIENTED_EDGE('',*,*,#3488,.F.) ;
#3514=ORIENTED_EDGE('',*,*,#3512,.T.) ;
#3515=ORIENTED_EDGE('',*,*,#2483,.T.) ;
#3516=ORIENTED_EDGE('',*,*,#3500,.F.) ;
#3517=ORIENTED_EDGE('',*,*,#2375,.T.) ;
#3521=ORIENTED_EDGE('',*,*,#2368,.T.) ;
#3522=ORIENTED_EDGE('',*,*,#2574,.T.) ;
#3523=ORIENTED_EDGE('',*,*,#2490,.F.) ;
#3524=ORIENTED_EDGE('',*,*,#3512,.F.) ;
#3533=ORIENTED_EDGE('',*,*,#3531,.T.) ;
#3534=ORIENTED_EDGE('',*,*,#2511,.T.) ;
#3535=ORIENTED_EDGE('',*,*,#2552,.F.) ;
#3536=ORIENTED_EDGE('',*,*,#2347,.T.) ;
#3540=ORIENTED_EDGE('',*,*,#2518,.F.) ;
#3541=ORIENTED_EDGE('',*,*,#3531,.F.) ;
#3542=ORIENTED_EDGE('',*,*,#2340,.T.) ;
#3543=ORIENTED_EDGE('',*,*,#3398,.T.) ;
#3552=ORIENTED_EDGE('',*,*,#3446,.T.) ;
#3553=ORIENTED_EDGE('',*,*,#3471,.T.) ;
#3554=ORIENTED_EDGE('',*,*,#2609,.F.) ;
#3555=ORIENTED_EDGE('',*,*,#3376,.F.) ;
#3558=ORIENTED_EDGE('',*,*,#3243,.F.) ;
#3559=ORIENTED_EDGE('',*,*,#3225,.F.) ;
#3562=ORIENTED_EDGE('',*,*,#3198,.F.) ;
#3563=ORIENTED_EDGE('',*,*,#3180,.F.) ;
#3580=ORIENTED_EDGE('',*,*,#3573,.F.) ;
#3581=ORIENTED_EDGE('',*,*,#3578,.F.) ;
#3598=ORIENTED_EDGE('',*,*,#3591,.F.) ;
#3599=ORIENTED_EDGE('',*,*,#3596,.F.) ;
#3616=ORIENTED_EDGE('',*,*,#3609,.F.) ;
#3617=ORIENTED_EDGE('',*,*,#3614,.F.) ;
#3634=ORIENTED_EDGE('',*,*,#3627,.F.) ;
#3635=ORIENTED_EDGE('',*,*,#3632,.F.) ;
#3652=ORIENTED_EDGE('',*,*,#3645,.F.) ;
#3653=ORIENTED_EDGE('',*,*,#3650,.F.) ;
#3670=ORIENTED_EDGE('',*,*,#3663,.F.) ;
#3671=ORIENTED_EDGE('',*,*,#3668,.F.) ;
#3688=ORIENTED_EDGE('',*,*,#3681,.F.) ;
#3689=ORIENTED_EDGE('',*,*,#3686,.F.) ;
#3717=ORIENTED_EDGE('',*,*,#3650,.T.) ;
#3718=ORIENTED_EDGE('',*,*,#3703,.F.) ;
#3719=ORIENTED_EDGE('',*,*,#3710,.T.) ;
#3720=ORIENTED_EDGE('',*,*,#3715,.T.) ;
#3730=ORIENTED_EDGE('',*,*,#3645,.T.) ;
#3731=ORIENTED_EDGE('',*,*,#3715,.F.) ;
#3732=ORIENTED_EDGE('',*,*,#3728,.T.) ;
#3733=ORIENTED_EDGE('',*,*,#3703,.T.) ;
#3762=ORIENTED_EDGE('',*,*,#3596,.T.) ;
#3763=ORIENTED_EDGE('',*,*,#3748,.F.) ;
#3764=ORIENTED_EDGE('',*,*,#3755,.T.) ;
#3765=ORIENTED_EDGE('',*,*,#3760,.T.) ;
#3775=ORIENTED_EDGE('',*,*,#3591,.T.) ;
#3776=ORIENTED_EDGE('',*,*,#3760,.F.) ;
#3777=ORIENTED_EDGE('',*,*,#3773,.T.) ;
#3778=ORIENTED_EDGE('',*,*,#3748,.T.) ;
#3807=ORIENTED_EDGE('',*,*,#3668,.T.) ;
#3808=ORIENTED_EDGE('',*,*,#3793,.F.) ;
#3809=ORIENTED_EDGE('',*,*,#3800,.T.) ;
#3810=ORIENTED_EDGE('',*,*,#3805,.T.) ;
#3820=ORIENTED_EDGE('',*,*,#3663,.T.) ;
#3821=ORIENTED_EDGE('',*,*,#3805,.F.) ;
#3822=ORIENTED_EDGE('',*,*,#3818,.T.) ;
#3823=ORIENTED_EDGE('',*,*,#3793,.T.) ;
#3852=ORIENTED_EDGE('',*,*,#3614,.T.) ;
#3853=ORIENTED_EDGE('',*,*,#3838,.F.) ;
#3854=ORIENTED_EDGE('',*,*,#3845,.T.) ;
#3855=ORIENTED_EDGE('',*,*,#3850,.T.) ;
#3865=ORIENTED_EDGE('',*,*,#3609,.T.) ;
#3866=ORIENTED_EDGE('',*,*,#3850,.F.) ;
#3867=ORIENTED_EDGE('',*,*,#3863,.T.) ;
#3868=ORIENTED_EDGE('',*,*,#3838,.T.) ;
#3897=ORIENTED_EDGE('',*,*,#3686,.T.) ;
#3898=ORIENTED_EDGE('',*,*,#3883,.F.) ;
#3899=ORIENTED_EDGE('',*,*,#3890,.T.) ;
#3900=ORIENTED_EDGE('',*,*,#3895,.T.) ;
#3910=ORIENTED_EDGE('',*,*,#3681,.T.) ;
#3911=ORIENTED_EDGE('',*,*,#3895,.F.) ;
#3912=ORIENTED_EDGE('',*,*,#3908,.T.) ;
#3913=ORIENTED_EDGE('',*,*,#3883,.T.) ;
#3942=ORIENTED_EDGE('',*,*,#3578,.T.) ;
#3943=ORIENTED_EDGE('',*,*,#3928,.F.) ;
#3944=ORIENTED_EDGE('',*,*,#3935,.T.) ;
#3945=ORIENTED_EDGE('',*,*,#3940,.T.) ;
#3955=ORIENTED_EDGE('',*,*,#3573,.T.) ;
#3956=ORIENTED_EDGE('',*,*,#3940,.F.) ;
#3957=ORIENTED_EDGE('',*,*,#3953,.T.) ;
#3958=ORIENTED_EDGE('',*,*,#3928,.T.) ;
#3987=ORIENTED_EDGE('',*,*,#3975,.F.) ;
#3988=ORIENTED_EDGE('',*,*,#3980,.T.) ;
#3989=ORIENTED_EDGE('',*,*,#3627,.T.) ;
#3990=ORIENTED_EDGE('',*,*,#3985,.F.) ;
#4000=ORIENTED_EDGE('',*,*,#3998,.F.) ;
#4001=ORIENTED_EDGE('',*,*,#3985,.T.) ;
#4002=ORIENTED_EDGE('',*,*,#3632,.T.) ;
#4003=ORIENTED_EDGE('',*,*,#3980,.F.) ;
#4059=ORIENTED_EDGE('',*,*,#4020,.F.) ;
#4060=ORIENTED_EDGE('',*,*,#4036,.F.) ;
#4061=ORIENTED_EDGE('',*,*,#4043,.T.) ;
#4062=ORIENTED_EDGE('',*,*,#4057,.F.) ;
#4091=ORIENTED_EDGE('',*,*,#4020,.T.) ;
#4092=ORIENTED_EDGE('',*,*,#4077,.F.) ;
#4093=ORIENTED_EDGE('',*,*,#4084,.F.) ;
#4094=ORIENTED_EDGE('',*,*,#4089,.T.) ;
#4097=ORIENTED_EDGE('',*,*,#3975,.T.) ;
#4098=ORIENTED_EDGE('',*,*,#3998,.T.) ;
#4145=ORIENTED_EDGE('',*,*,#4115,.F.) ;
#4146=ORIENTED_EDGE('',*,*,#4129,.F.) ;
#4147=ORIENTED_EDGE('',*,*,#4084,.T.) ;
#4148=ORIENTED_EDGE('',*,*,#4143,.F.) ;
#4177=ORIENTED_EDGE('',*,*,#4165,.F.) ;
#4178=ORIENTED_EDGE('',*,*,#4170,.F.) ;
#4179=ORIENTED_EDGE('',*,*,#2633,.F.) ;
#4180=ORIENTED_EDGE('',*,*,#4175,.F.) ;
#4183=ORIENTED_EDGE('',*,*,#3085,.F.) ;
#4184=ORIENTED_EDGE('',*,*,#3108,.F.) ;
#4187=ORIENTED_EDGE('',*,*,#3710,.F.) ;
#4188=ORIENTED_EDGE('',*,*,#3728,.F.) ;
#4191=ORIENTED_EDGE('',*,*,#3800,.F.) ;
#4192=ORIENTED_EDGE('',*,*,#3818,.F.) ;
#4195=ORIENTED_EDGE('',*,*,#3890,.F.) ;
#4196=ORIENTED_EDGE('',*,*,#3908,.F.) ;
#4225=ORIENTED_EDGE('',*,*,#4213,.T.) ;
#4226=ORIENTED_EDGE('',*,*,#4218,.F.) ;
#4227=ORIENTED_EDGE('',*,*,#4043,.F.) ;
#4228=ORIENTED_EDGE('',*,*,#4223,.F.) ;
#4250=ORIENTED_EDGE('',*,*,#4242,.T.) ;
#4251=ORIENTED_EDGE('',*,*,#4213,.F.) ;
#4252=ORIENTED_EDGE('',*,*,#4248,.T.) ;
#4253=ORIENTED_EDGE('',*,*,#4165,.T.) ;
#4277=ORIENTED_EDGE('',*,*,#4265,.T.) ;
#4278=ORIENTED_EDGE('',*,*,#4270,.F.) ;
#4279=ORIENTED_EDGE('',*,*,#3429,.F.) ;
#4280=ORIENTED_EDGE('',*,*,#4275,.F.) ;
#4283=ORIENTED_EDGE('',*,*,#3130,.F.) ;
#4284=ORIENTED_EDGE('',*,*,#3153,.F.) ;
#4287=ORIENTED_EDGE('',*,*,#3935,.F.) ;
#4288=ORIENTED_EDGE('',*,*,#3953,.F.) ;
#4291=ORIENTED_EDGE('',*,*,#3755,.F.) ;
#4292=ORIENTED_EDGE('',*,*,#3773,.F.) ;
#4295=ORIENTED_EDGE('',*,*,#3845,.F.) ;
#4296=ORIENTED_EDGE('',*,*,#3863,.F.) ;
#4325=ORIENTED_EDGE('',*,*,#4313,.F.) ;
#4326=ORIENTED_EDGE('',*,*,#4318,.F.) ;
#4327=ORIENTED_EDGE('',*,*,#4115,.T.) ;
#4328=ORIENTED_EDGE('',*,*,#4323,.F.) ;
#4344=ORIENTED_EDGE('',*,*,#4275,.T.) ;
#4345=ORIENTED_EDGE('',*,*,#3422,.F.) ;
#4346=ORIENTED_EDGE('',*,*,#3340,.T.) ;
#4347=ORIENTED_EDGE('',*,*,#2640,.F.) ;
#4348=ORIENTED_EDGE('',*,*,#4170,.T.) ;
#4349=ORIENTED_EDGE('',*,*,#4248,.F.) ;
#4350=ORIENTED_EDGE('',*,*,#4223,.T.) ;
#4351=ORIENTED_EDGE('',*,*,#4036,.T.) ;
#4352=ORIENTED_EDGE('',*,*,#4089,.F.) ;
#4353=ORIENTED_EDGE('',*,*,#4129,.T.) ;
#4354=ORIENTED_EDGE('',*,*,#4318,.T.) ;
#4355=ORIENTED_EDGE('',*,*,#4342,.F.) ;
#4370=ORIENTED_EDGE('',*,*,#4323,.T.) ;
#4371=ORIENTED_EDGE('',*,*,#4143,.T.) ;
#4372=ORIENTED_EDGE('',*,*,#4077,.T.) ;
#4373=ORIENTED_EDGE('',*,*,#4057,.T.) ;
#4374=ORIENTED_EDGE('',*,*,#4218,.T.) ;
#4375=ORIENTED_EDGE('',*,*,#4242,.F.) ;
#4376=ORIENTED_EDGE('',*,*,#4175,.T.) ;
#4377=ORIENTED_EDGE('',*,*,#2626,.F.) ;
#4378=ORIENTED_EDGE('',*,*,#2455,.F.) ;
#4379=ORIENTED_EDGE('',*,*,#3434,.F.) ;
#4380=ORIENTED_EDGE('',*,*,#4270,.T.) ;
#4381=ORIENTED_EDGE('',*,*,#4368,.F.) ;
#4390=ORIENTED_EDGE('',*,*,#4368,.T.) ;
#4391=ORIENTED_EDGE('',*,*,#4265,.F.) ;
#4392=ORIENTED_EDGE('',*,*,#4342,.T.) ;
#4393=ORIENTED_EDGE('',*,*,#4313,.T.) ;
#4422=ORIENTED_EDGE('',*,*,#690,.F.) ;
#4423=ORIENTED_EDGE('',*,*,#4408,.T.) ;
#4424=ORIENTED_EDGE('',*,*,#4415,.T.) ;
#4425=ORIENTED_EDGE('',*,*,#4420,.F.) ;
#4453=ORIENTED_EDGE('',*,*,#4415,.F.) ;
#4454=ORIENTED_EDGE('',*,*,#4439,.T.) ;
#4455=ORIENTED_EDGE('',*,*,#4446,.T.) ;
#4456=ORIENTED_EDGE('',*,*,#4451,.F.) ;
#4484=ORIENTED_EDGE('',*,*,#4446,.F.) ;
#4485=ORIENTED_EDGE('',*,*,#4470,.T.) ;
#4486=ORIENTED_EDGE('',*,*,#4477,.T.) ;
#4487=ORIENTED_EDGE('',*,*,#4482,.F.) ;
#4515=ORIENTED_EDGE('',*,*,#4501,.F.) ;
#4516=ORIENTED_EDGE('',*,*,#4508,.F.) ;
#4517=ORIENTED_EDGE('',*,*,#4513,.F.) ;
#4518=ORIENTED_EDGE('',*,*,#4470,.F.) ;
#4519=ORIENTED_EDGE('',*,*,#4439,.F.) ;
#4520=ORIENTED_EDGE('',*,*,#4408,.F.) ;
#4521=ORIENTED_EDGE('',*,*,#685,.F.) ;
#4549=ORIENTED_EDGE('',*,*,#671,.T.) ;
#4550=ORIENTED_EDGE('',*,*,#4420,.T.) ;
#4551=ORIENTED_EDGE('',*,*,#4451,.T.) ;
#4552=ORIENTED_EDGE('',*,*,#4482,.T.) ;
#4553=ORIENTED_EDGE('',*,*,#4535,.T.) ;
#4554=ORIENTED_EDGE('',*,*,#4542,.T.) ;
#4555=ORIENTED_EDGE('',*,*,#4547,.T.) ;
#4592=ORIENTED_EDGE('',*,*,#4571,.F.) ;
#4593=ORIENTED_EDGE('',*,*,#4578,.T.) ;
#4594=ORIENTED_EDGE('',*,*,#4585,.T.) ;
#4595=ORIENTED_EDGE('',*,*,#4590,.F.) ;
#4623=ORIENTED_EDGE('',*,*,#4585,.F.) ;
#4624=ORIENTED_EDGE('',*,*,#4609,.T.) ;
#4625=ORIENTED_EDGE('',*,*,#4616,.T.) ;
#4626=ORIENTED_EDGE('',*,*,#4621,.F.) ;
#4654=ORIENTED_EDGE('',*,*,#4616,.F.) ;
#4655=ORIENTED_EDGE('',*,*,#4640,.T.) ;
#4656=ORIENTED_EDGE('',*,*,#4647,.T.) ;
#4657=ORIENTED_EDGE('',*,*,#4652,.F.) ;
#4685=ORIENTED_EDGE('',*,*,#4647,.F.) ;
#4686=ORIENTED_EDGE('',*,*,#4671,.T.) ;
#4687=ORIENTED_EDGE('',*,*,#4678,.T.) ;
#4688=ORIENTED_EDGE('',*,*,#4683,.F.) ;
#4716=ORIENTED_EDGE('',*,*,#4678,.F.) ;
#4717=ORIENTED_EDGE('',*,*,#4702,.T.) ;
#4718=ORIENTED_EDGE('',*,*,#4709,.T.) ;
#4719=ORIENTED_EDGE('',*,*,#4714,.F.) ;
#4747=ORIENTED_EDGE('',*,*,#4733,.F.) ;
#4748=ORIENTED_EDGE('',*,*,#4702,.F.) ;
#4749=ORIENTED_EDGE('',*,*,#4671,.F.) ;
#4750=ORIENTED_EDGE('',*,*,#4640,.F.) ;
#4751=ORIENTED_EDGE('',*,*,#4609,.F.) ;
#4752=ORIENTED_EDGE('',*,*,#4578,.F.) ;
#4753=ORIENTED_EDGE('',*,*,#4740,.F.) ;
#4754=ORIENTED_EDGE('',*,*,#4745,.F.) ;
#4782=ORIENTED_EDGE('',*,*,#4770,.T.) ;
#4783=ORIENTED_EDGE('',*,*,#4775,.T.) ;
#4784=ORIENTED_EDGE('',*,*,#4590,.T.) ;
#4785=ORIENTED_EDGE('',*,*,#4621,.T.) ;
#4786=ORIENTED_EDGE('',*,*,#4652,.T.) ;
#4787=ORIENTED_EDGE('',*,*,#4683,.T.) ;
#4788=ORIENTED_EDGE('',*,*,#4714,.T.) ;
#4789=ORIENTED_EDGE('',*,*,#4780,.T.) ;
#4812=ORIENTED_EDGE('',*,*,#4805,.F.) ;
#4813=ORIENTED_EDGE('',*,*,#4810,.F.) ;
#4830=ORIENTED_EDGE('',*,*,#4823,.T.) ;
#4831=ORIENTED_EDGE('',*,*,#4828,.T.) ;
#4859=ORIENTED_EDGE('',*,*,#4847,.T.) ;
#4860=ORIENTED_EDGE('',*,*,#4852,.F.) ;
#4861=ORIENTED_EDGE('',*,*,#4828,.F.) ;
#4862=ORIENTED_EDGE('',*,*,#4857,.T.) ;
#4871=ORIENTED_EDGE('',*,*,#4869,.T.) ;
#4872=ORIENTED_EDGE('',*,*,#4857,.F.) ;
#4873=ORIENTED_EDGE('',*,*,#4823,.F.) ;
#4874=ORIENTED_EDGE('',*,*,#4852,.T.) ;
#4878=ORIENTED_EDGE('',*,*,#2319,.T.) ;
#4879=ORIENTED_EDGE('',*,*,#2307,.T.) ;
#4882=ORIENTED_EDGE('',*,*,#4847,.F.) ;
#4883=ORIENTED_EDGE('',*,*,#4869,.F.) ;
#4902=ORIENTED_EDGE('',*,*,#4895,.F.) ;
#4903=ORIENTED_EDGE('',*,*,#4805,.T.) ;
#4904=ORIENTED_EDGE('',*,*,#4900,.T.) ;
#4905=ORIENTED_EDGE('',*,*,#2278,.F.) ;
#4909=ORIENTED_EDGE('',*,*,#4900,.F.) ;
#4910=ORIENTED_EDGE('',*,*,#4810,.T.) ;
#4911=ORIENTED_EDGE('',*,*,#4895,.T.) ;
#4912=ORIENTED_EDGE('',*,*,#2273,.F.) ;
#4916=ORIENTED_EDGE('',*,*,#1269,.F.) ;
#4917=ORIENTED_EDGE('',*,*,#1204,.F.) ;
#4918=ORIENTED_EDGE('',*,*,#1180,.T.) ;
#4919=ORIENTED_EDGE('',*,*,#1235,.F.) ;
#4920=ORIENTED_EDGE('',*,*,#1348,.T.) ;
#4921=ORIENTED_EDGE('',*,*,#1319,.T.) ;
#4922=ORIENTED_EDGE('',*,*,#1295,.T.) ;
#4923=ORIENTED_EDGE('',*,*,#987,.F.) ;
#4924=ORIENTED_EDGE('',*,*,#960,.T.) ;
#4925=ORIENTED_EDGE('',*,*,#109,.F.) ;
#4926=ORIENTED_EDGE('',*,*,#751,.F.) ;
#4927=ORIENTED_EDGE('',*,*,#504,.F.) ;
#4928=ORIENTED_EDGE('',*,*,#1109,.T.) ;
#4929=ORIENTED_EDGE('',*,*,#1133,.F.) ;
#4932=ORIENTED_EDGE('',*,*,#442,.F.) ;
#4933=ORIENTED_EDGE('',*,*,#424,.F.) ;
#4936=ORIENTED_EDGE('',*,*,#397,.F.) ;
#4937=ORIENTED_EDGE('',*,*,#379,.F.) ;
#4940=ORIENTED_EDGE('',*,*,#352,.F.) ;
#4941=ORIENTED_EDGE('',*,*,#334,.F.) ;
#4944=ORIENTED_EDGE('',*,*,#2240,.T.) ;
#4945=ORIENTED_EDGE('',*,*,#2165,.T.) ;
#4960=ORIENTED_EDGE('',*,*,#4953,.T.) ;
#4961=ORIENTED_EDGE('',*,*,#4780,.F.) ;
#4962=ORIENTED_EDGE('',*,*,#4709,.F.) ;
#4963=ORIENTED_EDGE('',*,*,#4733,.T.) ;
#4964=ORIENTED_EDGE('',*,*,#4958,.T.) ;
#4985=ORIENTED_EDGE('',*,*,#4958,.F.) ;
#4986=ORIENTED_EDGE('',*,*,#4745,.T.) ;
#4987=ORIENTED_EDGE('',*,*,#4978,.T.) ;
#4988=ORIENTED_EDGE('',*,*,#4983,.F.) ;
#4997=ORIENTED_EDGE('',*,*,#4995,.T.) ;
#4998=ORIENTED_EDGE('',*,*,#4770,.F.) ;
#4999=ORIENTED_EDGE('',*,*,#4953,.F.) ;
#5000=ORIENTED_EDGE('',*,*,#4983,.T.) ;
#5009=ORIENTED_EDGE('',*,*,#4995,.F.) ;
#5010=ORIENTED_EDGE('',*,*,#4978,.F.) ;
#5011=ORIENTED_EDGE('',*,*,#4740,.T.) ;
#5012=ORIENTED_EDGE('',*,*,#4571,.T.) ;
#5013=ORIENTED_EDGE('',*,*,#4775,.F.) ;
#5034=ORIENTED_EDGE('',*,*,#5027,.F.) ;
#5035=ORIENTED_EDGE('',*,*,#5032,.F.) ;
#5036=ORIENTED_EDGE('',*,*,#4501,.T.) ;
#5037=ORIENTED_EDGE('',*,*,#678,.T.) ;
#5038=ORIENTED_EDGE('',*,*,#4547,.F.) ;
#5059=ORIENTED_EDGE('',*,*,#5052,.F.) ;
#5060=ORIENTED_EDGE('',*,*,#4508,.T.) ;
#5061=ORIENTED_EDGE('',*,*,#5032,.T.) ;
#5062=ORIENTED_EDGE('',*,*,#5057,.T.) ;
#5071=ORIENTED_EDGE('',*,*,#5027,.T.) ;
#5072=ORIENTED_EDGE('',*,*,#4542,.F.) ;
#5073=ORIENTED_EDGE('',*,*,#5069,.F.) ;
#5074=ORIENTED_EDGE('',*,*,#5057,.F.) ;
#5083=ORIENTED_EDGE('',*,*,#4477,.F.) ;
#5084=ORIENTED_EDGE('',*,*,#4513,.T.) ;
#5085=ORIENTED_EDGE('',*,*,#5052,.T.) ;
#5086=ORIENTED_EDGE('',*,*,#5069,.T.) ;
#5087=ORIENTED_EDGE('',*,*,#4535,.F.) ;
#21=MANIFOLD_SOLID_BREP('225334 - PLATINE',#30) ;
#41=VERTEX_POINT('',#40) ;
#43=VERTEX_POINT('',#42) ;
#50=VERTEX_POINT('',#49) ;
#57=VERTEX_POINT('',#56) ;
#84=VERTEX_POINT('',#83) ;
#86=VERTEX_POINT('',#85) ;
#93=VERTEX_POINT('',#92) ;
#103=VERTEX_POINT('',#102) ;
#127=VERTEX_POINT('',#126) ;
#129=VERTEX_POINT('',#128) ;
#136=VERTEX_POINT('',#135) ;
#143=VERTEX_POINT('',#142) ;
#198=VERTEX_POINT('',#197) ;
#200=VERTEX_POINT('',#199) ;
#207=VERTEX_POINT('',#206) ;
#214=VERTEX_POINT('',#213) ;
#262=VERTEX_POINT('',#261) ;
#264=VERTEX_POINT('',#263) ;
#271=VERTEX_POINT('',#270) ;
#278=VERTEX_POINT('',#277) ;
#326=VERTEX_POINT('',#325) ;
#333=VERTEX_POINT('',#332) ;
#371=VERTEX_POINT('',#370) ;
#378=VERTEX_POINT('',#377) ;
#416=VERTEX_POINT('',#415) ;
#423=VERTEX_POINT('',#422) ;
#461=VERTEX_POINT('',#460) ;
#463=VERTEX_POINT('',#462) ;
#470=VERTEX_POINT('',#469) ;
#477=VERTEX_POINT('',#476) ;
#501=VERTEX_POINT('',#500) ;
#503=VERTEX_POINT('',#502) ;
#510=VERTEX_POINT('',#509) ;
#517=VERTEX_POINT('',#516) ;
#541=VERTEX_POINT('',#540) ;
#543=VERTEX_POINT('',#542) ;
#550=VERTEX_POINT('',#549) ;
#557=VERTEX_POINT('',#556) ;
#581=VERTEX_POINT('',#580) ;
#593=VERTEX_POINT('',#592) ;
#619=VERTEX_POINT('',#618) ;
#643=VERTEX_POINT('',#642) ;
#668=VERTEX_POINT('',#667) ;
#670=VERTEX_POINT('',#669) ;
#677=VERTEX_POINT('',#676) ;
#684=VERTEX_POINT('',#683) ;
#725=VERTEX_POINT('',#724) ;
#727=VERTEX_POINT('',#726) ;
#740=VERTEX_POINT('',#739) ;
#777=VERTEX_POINT('',#776) ;
#779=VERTEX_POINT('',#778) ;
#822=VERTEX_POINT('',#821) ;
#855=VERTEX_POINT('',#854) ;
#857=VERTEX_POINT('',#856) ;
#897=VERTEX_POINT('',#896) ;
#899=VERTEX_POINT('',#898) ;
#932=VERTEX_POINT('',#931) ;
#934=VERTEX_POINT('',#933) ;
#947=VERTEX_POINT('',#946) ;
#959=VERTEX_POINT('',#958) ;
#986=VERTEX_POINT('',#985) ;
#993=VERTEX_POINT('',#992) ;
#1077=VERTEX_POINT('',#1076) ;
#1079=VERTEX_POINT('',#1078) ;
#1101=VERTEX_POINT('',#1100) ;
#1103=VERTEX_POINT('',#1102) ;
#1132=VERTEX_POINT('',#1131) ;
#1139=VERTEX_POINT('',#1138) ;
#1163=VERTEX_POINT('',#1162) ;
#1165=VERTEX_POINT('',#1164) ;
#1172=VERTEX_POINT('',#1171) ;
#1179=VERTEX_POINT('',#1178) ;
#1203=VERTEX_POINT('',#1202) ;
#1210=VERTEX_POINT('',#1209) ;
#1234=VERTEX_POINT('',#1233) ;
#1241=VERTEX_POINT('',#1240) ;
#1287=VERTEX_POINT('',#1286) ;
#1294=VERTEX_POINT('',#1293) ;
#1318=VERTEX_POINT('',#1317) ;
#1325=VERTEX_POINT('',#1324) ;
#1387=VERTEX_POINT('',#1386) ;
#1389=VERTEX_POINT('',#1388) ;
#1405=VERTEX_POINT('',#1404) ;
#1407=VERTEX_POINT('',#1406) ;
#1423=VERTEX_POINT('',#1422) ;
#1425=VERTEX_POINT('',#1424) ;
#1448=VERTEX_POINT('',#1447) ;
#1455=VERTEX_POINT('',#1454) ;
#1495=VERTEX_POINT('',#1494) ;
#1497=VERTEX_POINT('',#1496) ;
#1504=VERTEX_POINT('',#1503) ;
#1511=VERTEX_POINT('',#1510) ;
#1535=VERTEX_POINT('',#1534) ;
#1542=VERTEX_POINT('',#1541) ;
#1577=VERTEX_POINT('',#1576) ;
#1579=VERTEX_POINT('',#1578) ;
#1586=VERTEX_POINT('',#1585) ;
#1593=VERTEX_POINT('',#1592) ;
#1617=VERTEX_POINT('',#1616) ;
#1624=VERTEX_POINT('',#1623) ;
#1659=VERTEX_POINT('',#1658) ;
#1661=VERTEX_POINT('',#1660) ;
#1668=VERTEX_POINT('',#1667) ;
#1675=VERTEX_POINT('',#1674) ;
#1699=VERTEX_POINT('',#1698) ;
#1701=VERTEX_POINT('',#1700) ;
#1746=VERTEX_POINT('',#1745) ;
#1748=VERTEX_POINT('',#1747) ;
#1793=VERTEX_POINT('',#1792) ;
#1795=VERTEX_POINT('',#1794) ;
#1844=VERTEX_POINT('',#1843) ;
#1846=VERTEX_POINT('',#1845) ;
#1868=VERTEX_POINT('',#1867) ;
#1870=VERTEX_POINT('',#1869) ;
#1892=VERTEX_POINT('',#1891) ;
#1894=VERTEX_POINT('',#1893) ;
#1917=VERTEX_POINT('',#1916) ;
#1924=VERTEX_POINT('',#1923) ;
#1974=VERTEX_POINT('',#1973) ;
#1981=VERTEX_POINT('',#1980) ;
#2026=VERTEX_POINT('',#2025) ;
#2033=VERTEX_POINT('',#2032) ;
#2078=VERTEX_POINT('',#2077) ;
#2080=VERTEX_POINT('',#2079) ;
#2087=VERTEX_POINT('',#2086) ;
#2094=VERTEX_POINT('',#2093) ;
#2113=VERTEX_POINT('',#2112) ;
#2115=VERTEX_POINT('',#2114) ;
#2122=VERTEX_POINT('',#2121) ;
#2129=VERTEX_POINT('',#2128) ;
#2148=VERTEX_POINT('',#2147) ;
#2150=VERTEX_POINT('',#2149) ;
#2157=VERTEX_POINT('',#2156) ;
#2164=VERTEX_POINT('',#2163) ;
#2171=VERTEX_POINT('',#2170) ;
#2178=VERTEX_POINT('',#2177) ;
#2185=VERTEX_POINT('',#2184) ;
#2270=VERTEX_POINT('',#2269) ;
#2272=VERTEX_POINT('',#2271) ;
#2294=VERTEX_POINT('',#2293) ;
#2301=VERTEX_POINT('',#2300) ;
#2337=VERTEX_POINT('',#2336) ;
#2339=VERTEX_POINT('',#2338) ;
#2346=VERTEX_POINT('',#2345) ;
#2353=VERTEX_POINT('',#2352) ;
#2360=VERTEX_POINT('',#2359) ;
#2367=VERTEX_POINT('',#2366) ;
#2374=VERTEX_POINT('',#2373) ;
#2381=VERTEX_POINT('',#2380) ;
#2388=VERTEX_POINT('',#2387) ;
#2395=VERTEX_POINT('',#2394) ;
#2402=VERTEX_POINT('',#2401) ;
#2409=VERTEX_POINT('',#2408) ;
#2445=VERTEX_POINT('',#2444) ;
#2447=VERTEX_POINT('',#2446) ;
#2454=VERTEX_POINT('',#2453) ;
#2461=VERTEX_POINT('',#2460) ;
#2468=VERTEX_POINT('',#2467) ;
#2475=VERTEX_POINT('',#2474) ;
#2482=VERTEX_POINT('',#2481) ;
#2489=VERTEX_POINT('',#2488) ;
#2496=VERTEX_POINT('',#2495) ;
#2503=VERTEX_POINT('',#2502) ;
#2510=VERTEX_POINT('',#2509) ;
#2517=VERTEX_POINT('',#2516) ;
#2592=VERTEX_POINT('',#2591) ;
#2594=VERTEX_POINT('',#2593) ;
#2601=VERTEX_POINT('',#2600) ;
#2608=VERTEX_POINT('',#2607) ;
#2625=VERTEX_POINT('',#2624) ;
#2632=VERTEX_POINT('',#2631) ;
#2639=VERTEX_POINT('',#2638) ;
#2646=VERTEX_POINT('',#2645) ;
#2678=VERTEX_POINT('',#2677) ;
#2680=VERTEX_POINT('',#2679) ;
#2692=VERTEX_POINT('',#2691) ;
#2699=VERTEX_POINT('',#2698) ;
#2706=VERTEX_POINT('',#2705) ;
#2713=VERTEX_POINT('',#2712) ;
#2720=VERTEX_POINT('',#2719) ;
#2727=VERTEX_POINT('',#2726) ;
#2734=VERTEX_POINT('',#2733) ;
#2741=VERTEX_POINT('',#2740) ;
#2777=VERTEX_POINT('',#2776) ;
#2801=VERTEX_POINT('',#2800) ;
#2825=VERTEX_POINT('',#2824) ;
#2832=VERTEX_POINT('',#2831) ;
#2851=VERTEX_POINT('',#2850) ;
#2870=VERTEX_POINT('',#2869) ;
#2877=VERTEX_POINT('',#2876) ;
#2901=VERTEX_POINT('',#2900) ;
#2903=VERTEX_POINT('',#2902) ;
#2919=VERTEX_POINT('',#2918) ;
#2921=VERTEX_POINT('',#2920) ;
#2939=VERTEX_POINT('',#2938) ;
#2941=VERTEX_POINT('',#2940) ;
#2957=VERTEX_POINT('',#2956) ;
#2959=VERTEX_POINT('',#2958) ;
#2982=VERTEX_POINT('',#2981) ;
#2984=VERTEX_POINT('',#2983) ;
#3032=VERTEX_POINT('',#3031) ;
#3034=VERTEX_POINT('',#3033) ;
#3082=VERTEX_POINT('',#3081) ;
#3084=VERTEX_POINT('',#3083) ;
#3127=VERTEX_POINT('',#3126) ;
#3129=VERTEX_POINT('',#3128) ;
#3172=VERTEX_POINT('',#3171) ;
#3179=VERTEX_POINT('',#3178) ;
#3217=VERTEX_POINT('',#3216) ;
#3224=VERTEX_POINT('',#3223) ;
#3262=VERTEX_POINT('',#3261) ;
#3286=VERTEX_POINT('',#3285) ;
#3339=VERTEX_POINT('',#3338) ;
#3375=VERTEX_POINT('',#3374) ;
#3421=VERTEX_POINT('',#3420) ;
#3428=VERTEX_POINT('',#3427) ;
#3440=VERTEX_POINT('',#3439) ;
#3570=VERTEX_POINT('',#3569) ;
#3572=VERTEX_POINT('',#3571) ;
#3588=VERTEX_POINT('',#3587) ;
#3590=VERTEX_POINT('',#3589) ;
#3606=VERTEX_POINT('',#3605) ;
#3608=VERTEX_POINT('',#3607) ;
#3624=VERTEX_POINT('',#3623) ;
#3626=VERTEX_POINT('',#3625) ;
#3642=VERTEX_POINT('',#3641) ;
#3644=VERTEX_POINT('',#3643) ;
#3660=VERTEX_POINT('',#3659) ;
#3662=VERTEX_POINT('',#3661) ;
#3678=VERTEX_POINT('',#3677) ;
#3680=VERTEX_POINT('',#3679) ;
#3702=VERTEX_POINT('',#3701) ;
#3709=VERTEX_POINT('',#3708) ;
#3747=VERTEX_POINT('',#3746) ;
#3754=VERTEX_POINT('',#3753) ;
#3792=VERTEX_POINT('',#3791) ;
#3799=VERTEX_POINT('',#3798) ;
#3837=VERTEX_POINT('',#3836) ;
#3844=VERTEX_POINT('',#3843) ;
#3882=VERTEX_POINT('',#3881) ;
#3889=VERTEX_POINT('',#3888) ;
#3927=VERTEX_POINT('',#3926) ;
#3934=VERTEX_POINT('',#3933) ;
#3972=VERTEX_POINT('',#3971) ;
#3974=VERTEX_POINT('',#3973) ;
#4017=VERTEX_POINT('',#4016) ;
#4019=VERTEX_POINT('',#4018) ;
#4035=VERTEX_POINT('',#4034) ;
#4042=VERTEX_POINT('',#4041) ;
#4076=VERTEX_POINT('',#4075) ;
#4083=VERTEX_POINT('',#4082) ;
#4112=VERTEX_POINT('',#4111) ;
#4114=VERTEX_POINT('',#4113) ;
#4162=VERTEX_POINT('',#4161) ;
#4164=VERTEX_POINT('',#4163) ;
#4210=VERTEX_POINT('',#4209) ;
#4212=VERTEX_POINT('',#4211) ;
#4262=VERTEX_POINT('',#4261) ;
#4264=VERTEX_POINT('',#4263) ;
#4310=VERTEX_POINT('',#4309) ;
#4312=VERTEX_POINT('',#4311) ;
#4407=VERTEX_POINT('',#4406) ;
#4414=VERTEX_POINT('',#4413) ;
#4438=VERTEX_POINT('',#4437) ;
#4445=VERTEX_POINT('',#4444) ;
#4469=VERTEX_POINT('',#4468) ;
#4476=VERTEX_POINT('',#4475) ;
#4500=VERTEX_POINT('',#4499) ;
#4507=VERTEX_POINT('',#4506) ;
#4534=VERTEX_POINT('',#4533) ;
#4541=VERTEX_POINT('',#4540) ;
#4568=VERTEX_POINT('',#4567) ;
#4570=VERTEX_POINT('',#4569) ;
#4577=VERTEX_POINT('',#4576) ;
#4584=VERTEX_POINT('',#4583) ;
#4608=VERTEX_POINT('',#4607) ;
#4615=VERTEX_POINT('',#4614) ;
#4639=VERTEX_POINT('',#4638) ;
#4646=VERTEX_POINT('',#4645) ;
#4670=VERTEX_POINT('',#4669) ;
#4677=VERTEX_POINT('',#4676) ;
#4701=VERTEX_POINT('',#4700) ;
#4708=VERTEX_POINT('',#4707) ;
#4732=VERTEX_POINT('',#4731) ;
#4739=VERTEX_POINT('',#4738) ;
#4767=VERTEX_POINT('',#4766) ;
#4769=VERTEX_POINT('',#4768) ;
#4802=VERTEX_POINT('',#4801) ;
#4804=VERTEX_POINT('',#4803) ;
#4820=VERTEX_POINT('',#4819) ;
#4822=VERTEX_POINT('',#4821) ;
#4844=VERTEX_POINT('',#4843) ;
#4846=VERTEX_POINT('',#4845) ;
#4952=VERTEX_POINT('',#4951) ;
#4977=VERTEX_POINT('',#4976) ;
#5026=VERTEX_POINT('',#5025) ;
#5051=VERTEX_POINT('',#5050) ;
#5090=ADVANCED_BREP_SHAPE_REPRESENTATION('NONE',(#21),#16) ;
#70=ADVANCED_FACE('225334 - PLATINE',(#69),#35,.T.) ;
#116=ADVANCED_FACE('225334 - PLATINE',(#115),#75,.F.) ;
#156=ADVANCED_FACE('225334 - PLATINE',(#155),#121,.F.) ;
#186=ADVANCED_FACE('225334 - PLATINE',(#185),#169,.F.) ;
#227=ADVANCED_FACE('225334 - PLATINE',(#226),#192,.F.) ;
#250=ADVANCED_FACE('225334 - PLATINE',(#249),#233,.F.) ;
#291=ADVANCED_FACE('225334 - PLATINE',(#290),#256,.F.) ;
#314=ADVANCED_FACE('225334 - PLATINE',(#313),#297,.F.) ;
#346=ADVANCED_FACE('225334 - PLATINE',(#345),#320,.F.) ;
#359=ADVANCED_FACE('225334 - PLATINE',(#358),#320,.F.) ;
#391=ADVANCED_FACE('225334 - PLATINE',(#390),#365,.F.) ;
#404=ADVANCED_FACE('225334 - PLATINE',(#403),#365,.F.) ;
#436=ADVANCED_FACE('225334 - PLATINE',(#435),#410,.F.) ;
#449=ADVANCED_FACE('225334 - PLATINE',(#448),#410,.F.) ;
#490=ADVANCED_FACE('225334 - PLATINE',(#489),#455,.F.) ;
#530=ADVANCED_FACE('225334 - PLATINE',(#529),#495,.T.) ;
#570=ADVANCED_FACE('225334 - PLATINE',(#569),#535,.T.) ;
#608=ADVANCED_FACE('225334 - PLATINE',(#607),#575,.T.) ;
#632=ADVANCED_FACE('225334 - PLATINE',(#631),#613,.T.) ;
#697=ADVANCED_FACE('225334 - PLATINE',(#662,#696),#637,.T.) ;
#714=ADVANCED_FACE('225334 - PLATINE',(#713),#702,.T.) ;
#766=ADVANCED_FACE('225334 - PLATINE',(#765),#719,.F.) ;
#801=ADVANCED_FACE('225334 - PLATINE',(#800),#771,.F.) ;
#838=ADVANCED_FACE('225334 - PLATINE',(#837),#806,.F.) ;
#877=ADVANCED_FACE('225334 - PLATINE',(#876),#843,.T.) ;
#921=ADVANCED_FACE('225334 - PLATINE',(#920),#882,.T.) ;
#975=ADVANCED_FACE('225334 - PLATINE',(#974),#926,.T.) ;
#1006=ADVANCED_FACE('225334 - PLATINE',(#1005),#980,.T.) ;
#1027=ADVANCED_FACE('225334 - PLATINE',(#1026),#1011,.T.) ;
#1047=ADVANCED_FACE('225334 - PLATINE',(#1046),#1032,.F.) ;
#1066=ADVANCED_FACE('225334 - PLATINE',(#1065),#1052,.T.) ;
#1090=ADVANCED_FACE('225334 - PLATINE',(#1089),#1071,.T.) ;
#1121=ADVANCED_FACE('225334 - PLATINE',(#1120),#1095,.F.) ;
#1152=ADVANCED_FACE('225334 - PLATINE',(#1151),#1126,.T.) ;
#1192=ADVANCED_FACE('225334 - PLATINE',(#1191),#1157,.T.) ;
#1223=ADVANCED_FACE('225334 - PLATINE',(#1222),#1197,.T.) ;
#1254=ADVANCED_FACE('225334 - PLATINE',(#1253),#1228,.T.) ;
#1276=ADVANCED_FACE('225334 - PLATINE',(#1275),#1259,.F.) ;
#1307=ADVANCED_FACE('225334 - PLATINE',(#1306),#1281,.T.) ;
#1338=ADVANCED_FACE('225334 - PLATINE',(#1337),#1312,.F.) ;
#1360=ADVANCED_FACE('225334 - PLATINE',(#1359),#1343,.F.) ;
#1436=ADVANCED_FACE('225334 - PLATINE',(#1381,#1399,#1417,#1435),#1365,.T.) ;
#1468=ADVANCED_FACE('225334 - PLATINE',(#1467),#1442,.F.) ;
#1480=ADVANCED_FACE('225334 - PLATINE',(#1479),#1442,.F.) ;
#1524=ADVANCED_FACE('225334 - PLATINE',(#1489,#1523),#1485,.T.) ;
#1555=ADVANCED_FACE('225334 - PLATINE',(#1554),#1529,.F.) ;
#1567=ADVANCED_FACE('225334 - PLATINE',(#1566),#1529,.F.) ;
#1606=ADVANCED_FACE('225334 - PLATINE',(#1571,#1605),#1485,.T.) ;
#1637=ADVANCED_FACE('225334 - PLATINE',(#1636),#1611,.F.) ;
#1649=ADVANCED_FACE('225334 - PLATINE',(#1648),#1611,.F.) ;
#1688=ADVANCED_FACE('225334 - PLATINE',(#1653,#1687),#1485,.T.) ;
#1720=ADVANCED_FACE('225334 - PLATINE',(#1719),#1693,.F.) ;
#1734=ADVANCED_FACE('225334 - PLATINE',(#1733),#1693,.F.) ;
#1767=ADVANCED_FACE('225334 - PLATINE',(#1766),#1740,.F.) ;
#1781=ADVANCED_FACE('225334 - PLATINE',(#1780),#1740,.F.) ;
#1814=ADVANCED_FACE('225334 - PLATINE',(#1813),#1787,.F.) ;
#1828=ADVANCED_FACE('225334 - PLATINE',(#1827),#1787,.F.) ;
#1857=ADVANCED_FACE('225334 - PLATINE',(#1838,#1856),#1834,.F.) ;
#1881=ADVANCED_FACE('225334 - PLATINE',(#1862,#1880),#1834,.F.) ;
#1905=ADVANCED_FACE('225334 - PLATINE',(#1886,#1904),#1834,.F.) ;
#1937=ADVANCED_FACE('225334 - PLATINE',(#1936),#1911,.F.) ;
#1949=ADVANCED_FACE('225334 - PLATINE',(#1948),#1911,.F.) ;
#1963=ADVANCED_FACE('225334 - PLATINE',(#1958,#1962),#1954,.T.) ;
#1994=ADVANCED_FACE('225334 - PLATINE',(#1993),#1968,.F.) ;
#2006=ADVANCED_FACE('225334 - PLATINE',(#2005),#1968,.F.) ;
#2015=ADVANCED_FACE('225334 - PLATINE',(#2010,#2014),#1954,.T.) ;
#2046=ADVANCED_FACE('225334 - PLATINE',(#2045),#2020,.F.) ;
#2058=ADVANCED_FACE('225334 - PLATINE',(#2057),#2020,.F.) ;
#2067=ADVANCED_FACE('225334 - PLATINE',(#2062,#2066),#1954,.T.) ;
#2107=ADVANCED_FACE('225334 - PLATINE',(#2106),#2072,.T.) ;
#2142=ADVANCED_FACE('225334 - PLATINE',(#2141),#2072,.T.) ;
#2201=ADVANCED_FACE('225334 - PLATINE',(#2200),#2072,.T.) ;
#2218=ADVANCED_FACE('225334 - PLATINE',(#2217),#2072,.T.) ;
#2235=ADVANCED_FACE('225334 - PLATINE',(#2234),#2072,.T.) ;
#2255=ADVANCED_FACE('225334 - PLATINE',(#2254),#2072,.T.) ;
#2283=ADVANCED_FACE('225334 - PLATINE',(#2264,#2282),#2260,.F.) ;
#2314=ADVANCED_FACE('225334 - PLATINE',(#2313),#2288,.F.) ;
#2326=ADVANCED_FACE('225334 - PLATINE',(#2325),#2288,.F.) ;
#2434=ADVANCED_FACE('225334 - PLATINE',(#2429,#2433),#2331,.T.) ;
#2542=ADVANCED_FACE('225334 - PLATINE',(#2537,#2541),#2439,.T.) ;
#2564=ADVANCED_FACE('225334 - PLATINE',(#2563),#2547,.F.) ;
#2581=ADVANCED_FACE('225334 - PLATINE',(#2580),#2569,.T.) ;
#2667=ADVANCED_FACE('225334 - PLATINE',(#2666),#2586,.T.) ;
#2766=ADVANCED_FACE('225334 - PLATINE',(#2761,#2765),#2672,.T.) ;
#2790=ADVANCED_FACE('225334 - PLATINE',(#2789),#2771,.T.) ;
#2814=ADVANCED_FACE('225334 - PLATINE',(#2813),#2795,.T.) ;
#2845=ADVANCED_FACE('225334 - PLATINE',(#2844),#2819,.T.) ;
#2864=ADVANCED_FACE('225334 - PLATINE',(#2863),#2569,.T.) ;
#2890=ADVANCED_FACE('225334 - PLATINE',(#2889),#2795,.T.) ;
#2932=ADVANCED_FACE('225334 - PLATINE',(#2913,#2931),#2895,.F.) ;
#2970=ADVANCED_FACE('225334 - PLATINE',(#2951,#2969),#2895,.F.) ;
#3002=ADVANCED_FACE('225334 - PLATINE',(#3001),#2976,.F.) ;
#3020=ADVANCED_FACE('225334 - PLATINE',(#3019),#3008,.F.) ;
#3052=ADVANCED_FACE('225334 - PLATINE',(#3051),#3026,.F.) ;
#3070=ADVANCED_FACE('225334 - PLATINE',(#3069),#3058,.F.) ;
#3102=ADVANCED_FACE('225334 - PLATINE',(#3101),#3076,.F.) ;
#3115=ADVANCED_FACE('225334 - PLATINE',(#3114),#3076,.F.) ;
#3147=ADVANCED_FACE('225334 - PLATINE',(#3146),#3121,.F.) ;
#3160=ADVANCED_FACE('225334 - PLATINE',(#3159),#3121,.F.) ;
#3192=ADVANCED_FACE('225334 - PLATINE',(#3191),#3166,.F.) ;
#3205=ADVANCED_FACE('225334 - PLATINE',(#3204),#3166,.F.) ;
#3237=ADVANCED_FACE('225334 - PLATINE',(#3236),#3211,.F.) ;
#3250=ADVANCED_FACE('225334 - PLATINE',(#3249),#3211,.F.) ;
#3275=ADVANCED_FACE('225334 - PLATINE',(#3274),#3256,.T.) ;
#3299=ADVANCED_FACE('225334 - PLATINE',(#3298),#3280,.F.) ;
#3311=ADVANCED_FACE('225334 - PLATINE',(#3310),#2547,.F.) ;
#3328=ADVANCED_FACE('225334 - PLATINE',(#3327),#3316,.F.) ;
#3364=ADVANCED_FACE('225334 - PLATINE',(#3359,#3363),#3333,.T.) ;
#3388=ADVANCED_FACE('225334 - PLATINE',(#3387),#3369,.F.) ;
#3410=ADVANCED_FACE('225334 - PLATINE',(#3409),#3393,.T.) ;
#3461=ADVANCED_FACE('225334 - PLATINE',(#3460),#3415,.T.) ;
#3478=ADVANCED_FACE('225334 - PLATINE',(#3477),#3466,.F.) ;
#3495=ADVANCED_FACE('225334 - PLATINE',(#3494),#3483,.T.) ;
#3507=ADVANCED_FACE('225334 - PLATINE',(#3506),#2795,.T.) ;
#3519=ADVANCED_FACE('225334 - PLATINE',(#3518),#3316,.F.) ;
#3526=ADVANCED_FACE('225334 - PLATINE',(#3525),#2819,.T.) ;
#3538=ADVANCED_FACE('225334 - PLATINE',(#3537),#3280,.F.) ;
#3545=ADVANCED_FACE('225334 - PLATINE',(#3544),#2795,.T.) ;
#3691=ADVANCED_FACE('225334 - PLATINE',(#3556,#3560,#3564,#3582,#3600,#3618,#3636,#3654,#3672,#3690),#3550,.T.) ;
#3722=ADVANCED_FACE('225334 - PLATINE',(#3721),#3696,.F.) ;
#3735=ADVANCED_FACE('225334 - PLATINE',(#3734),#3696,.F.) ;
#3767=ADVANCED_FACE('225334 - PLATINE',(#3766),#3741,.F.) ;
#3780=ADVANCED_FACE('225334 - PLATINE',(#3779),#3741,.F.) ;
#3812=ADVANCED_FACE('225334 - PLATINE',(#3811),#3786,.F.) ;
#3825=ADVANCED_FACE('225334 - PLATINE',(#3824),#3786,.F.) ;
#3857=ADVANCED_FACE('225334 - PLATINE',(#3856),#3831,.F.) ;
#3870=ADVANCED_FACE('225334 - PLATINE',(#3869),#3831,.F.) ;
#3902=ADVANCED_FACE('225334 - PLATINE',(#3901),#3876,.F.) ;
#3915=ADVANCED_FACE('225334 - PLATINE',(#3914),#3876,.F.) ;
#3947=ADVANCED_FACE('225334 - PLATINE',(#3946),#3921,.F.) ;
#3960=ADVANCED_FACE('225334 - PLATINE',(#3959),#3921,.F.) ;
#3992=ADVANCED_FACE('225334 - PLATINE',(#3991),#3966,.F.) ;
#4005=ADVANCED_FACE('225334 - PLATINE',(#4004),#3966,.F.) ;
#4064=ADVANCED_FACE('225334 - PLATINE',(#4063),#4011,.F.) ;
#4100=ADVANCED_FACE('225334 - PLATINE',(#4095,#4099),#4070,.F.) ;
#4150=ADVANCED_FACE('225334 - PLATINE',(#4149),#4106,.F.) ;
#4198=ADVANCED_FACE('225334 - PLATINE',(#4181,#4185,#4189,#4193,#4197),#4156,.F.) ;
#4230=ADVANCED_FACE('225334 - PLATINE',(#4229),#4204,.F.) ;
#4255=ADVANCED_FACE('225334 - PLATINE',(#4254),#4236,.T.) ;
#4298=ADVANCED_FACE('225334 - PLATINE',(#4281,#4285,#4289,#4293,#4297),#4156,.F.) ;
#4330=ADVANCED_FACE('225334 - PLATINE',(#4329),#4304,.F.) ;
#4357=ADVANCED_FACE('225334 - PLATINE',(#4356),#4336,.T.) ;
#4383=ADVANCED_FACE('225334 - PLATINE',(#4382),#4362,.T.) ;
#4395=ADVANCED_FACE('225334 - PLATINE',(#4394),#4388,.T.) ;
#4427=ADVANCED_FACE('225334 - PLATINE',(#4426),#4401,.T.) ;
#4458=ADVANCED_FACE('225334 - PLATINE',(#4457),#4432,.F.) ;
#4489=ADVANCED_FACE('225334 - PLATINE',(#4488),#4463,.T.) ;
#4523=ADVANCED_FACE('225334 - PLATINE',(#4522),#4494,.F.) ;
#4557=ADVANCED_FACE('225334 - PLATINE',(#4556),#4528,.T.) ;
#4597=ADVANCED_FACE('225334 - PLATINE',(#4596),#4562,.T.) ;
#4628=ADVANCED_FACE('225334 - PLATINE',(#4627),#4602,.F.) ;
#4659=ADVANCED_FACE('225334 - PLATINE',(#4658),#4633,.T.) ;
#4690=ADVANCED_FACE('225334 - PLATINE',(#4689),#4664,.T.) ;
#4721=ADVANCED_FACE('225334 - PLATINE',(#4720),#4695,.T.) ;
#4756=ADVANCED_FACE('225334 - PLATINE',(#4755),#4726,.F.) ;
#4791=ADVANCED_FACE('225334 - PLATINE',(#4790),#4761,.T.) ;
#4833=ADVANCED_FACE('225334 - PLATINE',(#4814,#4832),#4796,.F.) ;
#4864=ADVANCED_FACE('225334 - PLATINE',(#4863),#4838,.F.) ;
#4876=ADVANCED_FACE('225334 - PLATINE',(#4875),#4838,.F.) ;
#4885=ADVANCED_FACE('225334 - PLATINE',(#4880,#4884),#2260,.T.) ;
#4907=ADVANCED_FACE('225334 - PLATINE',(#4906),#4890,.T.) ;
#4914=ADVANCED_FACE('225334 - PLATINE',(#4913),#4890,.T.) ;
#4966=ADVANCED_FACE('225334 - PLATINE',(#4930,#4934,#4938,#4942,#4946,#4965),#1071,.T.) ;
#4990=ADVANCED_FACE('225334 - PLATINE',(#4989),#4971,.T.) ;
#5002=ADVANCED_FACE('225334 - PLATINE',(#5001),#4971,.T.) ;
#5015=ADVANCED_FACE('225334 - PLATINE',(#5014),#5007,.T.) ;
#5040=ADVANCED_FACE('225334 - PLATINE',(#5039),#5020,.F.) ;
#5064=ADVANCED_FACE('225334 - PLATINE',(#5063),#5045,.T.) ;
#5076=ADVANCED_FACE('225334 - PLATINE',(#5075),#5045,.T.) ;
#5089=ADVANCED_FACE('225334 - PLATINE',(#5088),#5081,.F.) ;
#4=APPLICATION_PROTOCOL_DEFINITION('international standard','ap242_managed_model_based_3d_engineering',2014,#1) ;
#76=B_SPLINE_CURVE_WITH_KNOTS('',5,(#77,#78,#79,#80,#81,#82),.UNSPECIFIED.,.F.,.U.,(6,6),(0.,40.2906808151),.UNSPECIFIED.) ;
#95=B_SPLINE_CURVE_WITH_KNOTS('',5,(#96,#97,#98,#99,#100,#101),.UNSPECIFIED.,.F.,.U.,(6,6),(0.,40.2906808139),.UNSPECIFIED.) ;
#729=B_SPLINE_CURVE_WITH_KNOTS('',5,(#730,#731,#732,#733,#734,#735,#736,#737,#738),.UNSPECIFIED.,.F.,.U.,(6,3,6),(25.7260078016,28.209494493,41.0851713962),.UNSPECIFIED.) ;
#807=B_SPLINE_CURVE_WITH_KNOTS('',5,(#808,#809,#810,#811,#812,#813),.UNSPECIFIED.,.F.,.U.,(6,6),(0.,69.67697469),.UNSPECIFIED.) ;
#815=B_SPLINE_CURVE_WITH_KNOTS('',4,(#816,#817,#818,#819,#820),.UNSPECIFIED.,.F.,.U.,(5,5),(0.,44.7197666622),.UNSPECIFIED.) ;
#824=B_SPLINE_CURVE_WITH_KNOTS('',4,(#825,#826,#827,#828,#829),.UNSPECIFIED.,.F.,.U.,(5,5),(0.,23.3234465666),.UNSPECIFIED.) ;
#844=B_SPLINE_CURVE_WITH_KNOTS('',5,(#845,#846,#847,#848,#849,#850,#851,#852,#853),.UNSPECIFIED.,.F.,.U.,(6,3,6),(0.,33.6996155909,44.7197666613),.UNSPECIFIED.) ;
#883=B_SPLINE_CURVE_WITH_KNOTS('',5,(#884,#885,#886,#887,#888,#889,#890,#891,#892,#893,#894,#895),.UNSPECIFIED.,.F.,.U.,(6,3,3,6),(0.,32.6667546861,63.388054613,69.6769746868),.UNSPECIFIED.) ;
#936=B_SPLINE_CURVE_WITH_KNOTS('',5,(#937,#938,#939,#940,#941,#942,#943,#944,#945),.UNSPECIFIED.,.F.,.U.,(6,3,6),(25.7260078054,28.2094944969,41.0851714022),.UNSPECIFIED.) ;
#1033=B_SPLINE_CURVE_WITH_KNOTS('',4,(#1034,#1035,#1036,#1037,#1038),.UNSPECIFIED.,.F.,.U.,(5,5),(0.,23.3234465661),.UNSPECIFIED.) ;
#4021=B_SPLINE_CURVE_WITH_KNOTS('',5,(#4022,#4023,#4024,#4025,#4026,#4027,#4028,#4029,#4030,#4031,#4032,#4033),.UNSPECIFIED.,.F.,.U.,(6,3,3,6),(0.,0.930291788778,1.73326984684,2.47675021708),.UNSPECIFIED.) ;
#4044=B_SPLINE_CURVE_WITH_KNOTS('',5,(#4045,#4046,#4047,#4048,#4049,#4050,#4051,#4052,#4053,#4054,#4055,#4056),.UNSPECIFIED.,.F.,.U.,(6,3,3,6),(0.,0.930291788783,1.73326984704,2.4767502169),.UNSPECIFIED.) ;
#4116=B_SPLINE_CURVE_WITH_KNOTS('',5,(#4117,#4118,#4119,#4120,#4121,#4122,#4123,#4124,#4125,#4126,#4127,#4128),.UNSPECIFIED.,.F.,.U.,(6,3,3,6),(0.,0.93029178879,1.73326984687,2.47675021722),.UNSPECIFIED.) ;
#4130=B_SPLINE_CURVE_WITH_KNOTS('',5,(#4131,#4132,#4133,#4134,#4135,#4136,#4137,#4138,#4139,#4140,#4141,#4142),.UNSPECIFIED.,.F.,.U.,(6,3,3,6),(0.,0.930291788787,1.73326984686,2.47675021709),.UNSPECIFIED.) ;
#4237=B_SPLINE_CURVE_WITH_KNOTS('',3,(#4238,#4239,#4240,#4241),.UNSPECIFIED.,.F.,.U.,(4,4),(0.,4.13186903041),.UNSPECIFIED.) ;
#4243=B_SPLINE_CURVE_WITH_KNOTS('',3,(#4244,#4245,#4246,#4247),.UNSPECIFIED.,.F.,.U.,(4,4),(0.,4.13186902923),.UNSPECIFIED.) ;
#4337=B_SPLINE_CURVE_WITH_KNOTS('',3,(#4338,#4339,#4340,#4341),.UNSPECIFIED.,.F.,.U.,(4,4),(0.,4.13186902926),.UNSPECIFIED.) ;
#4363=B_SPLINE_CURVE_WITH_KNOTS('',3,(#4364,#4365,#4366,#4367),.UNSPECIFIED.,.F.,.U.,(4,4),(0.,4.1318690304),.UNSPECIFIED.) ;
#22=COLOUR_RGB('Colour',0.501960784314,0.,0.) ;
#157=COLOUR_RGB('Colour',0.827450980392,0.698039215686,0.490196078431) ;
#164=OVER_RIDING_STYLED_ITEM(' ',(#163),#156,#29) ;
#187=OVER_RIDING_STYLED_ITEM(' ',(#163),#186,#29) ;
#228=OVER_RIDING_STYLED_ITEM(' ',(#163),#227,#29) ;
#251=OVER_RIDING_STYLED_ITEM(' ',(#163),#250,#29) ;
#292=OVER_RIDING_STYLED_ITEM(' ',(#163),#291,#29) ;
#315=OVER_RIDING_STYLED_ITEM(' ',(#163),#314,#29) ;
#347=OVER_RIDING_STYLED_ITEM(' ',(#163),#346,#29) ;
#360=OVER_RIDING_STYLED_ITEM(' ',(#163),#359,#29) ;
#392=OVER_RIDING_STYLED_ITEM(' ',(#163),#391,#29) ;
#405=OVER_RIDING_STYLED_ITEM(' ',(#163),#404,#29) ;
#437=OVER_RIDING_STYLED_ITEM(' ',(#163),#436,#29) ;
#450=OVER_RIDING_STYLED_ITEM(' ',(#163),#449,#29) ;
#1437=OVER_RIDING_STYLED_ITEM(' ',(#163),#1436,#29) ;
#1721=OVER_RIDING_STYLED_ITEM(' ',(#163),#1720,#29) ;
#1735=OVER_RIDING_STYLED_ITEM(' ',(#163),#1734,#29) ;
#1768=OVER_RIDING_STYLED_ITEM(' ',(#163),#1767,#29) ;
#1782=OVER_RIDING_STYLED_ITEM(' ',(#163),#1781,#29) ;
#1815=OVER_RIDING_STYLED_ITEM(' ',(#163),#1814,#29) ;
#1829=OVER_RIDING_STYLED_ITEM(' ',(#163),#1828,#29) ;
#1858=OVER_RIDING_STYLED_ITEM(' ',(#163),#1857,#29) ;
#1882=OVER_RIDING_STYLED_ITEM(' ',(#163),#1881,#29) ;
#1906=OVER_RIDING_STYLED_ITEM(' ',(#163),#1905,#29) ;
#2933=OVER_RIDING_STYLED_ITEM(' ',(#163),#2932,#29) ;
#2971=OVER_RIDING_STYLED_ITEM(' ',(#163),#2970,#29) ;
#3003=OVER_RIDING_STYLED_ITEM(' ',(#163),#3002,#29) ;
#3021=OVER_RIDING_STYLED_ITEM(' ',(#163),#3020,#29) ;
#3053=OVER_RIDING_STYLED_ITEM(' ',(#163),#3052,#29) ;
#3071=OVER_RIDING_STYLED_ITEM(' ',(#163),#3070,#29) ;
#3103=OVER_RIDING_STYLED_ITEM(' ',(#163),#3102,#29) ;
#3116=OVER_RIDING_STYLED_ITEM(' ',(#163),#3115,#29) ;
#3148=OVER_RIDING_STYLED_ITEM(' ',(#163),#3147,#29) ;
#3161=OVER_RIDING_STYLED_ITEM(' ',(#163),#3160,#29) ;
#3193=OVER_RIDING_STYLED_ITEM(' ',(#163),#3192,#29) ;
#3206=OVER_RIDING_STYLED_ITEM(' ',(#163),#3205,#29) ;
#3238=OVER_RIDING_STYLED_ITEM(' ',(#163),#3237,#29) ;
#3251=OVER_RIDING_STYLED_ITEM(' ',(#163),#3250,#29) ;
#3723=OVER_RIDING_STYLED_ITEM(' ',(#163),#3722,#29) ;
#3736=OVER_RIDING_STYLED_ITEM(' ',(#163),#3735,#29) ;
#3768=OVER_RIDING_STYLED_ITEM(' ',(#163),#3767,#29) ;
#3781=OVER_RIDING_STYLED_ITEM(' ',(#163),#3780,#29) ;
#3813=OVER_RIDING_STYLED_ITEM(' ',(#163),#3812,#29) ;
#3826=OVER_RIDING_STYLED_ITEM(' ',(#163),#3825,#29) ;
#3858=OVER_RIDING_STYLED_ITEM(' ',(#163),#3857,#29) ;
#3871=OVER_RIDING_STYLED_ITEM(' ',(#163),#3870,#29) ;
#3903=OVER_RIDING_STYLED_ITEM(' ',(#163),#3902,#29) ;
#3916=OVER_RIDING_STYLED_ITEM(' ',(#163),#3915,#29) ;
#3948=OVER_RIDING_STYLED_ITEM(' ',(#163),#3947,#29) ;
#3961=OVER_RIDING_STYLED_ITEM(' ',(#163),#3960,#29) ;
#3993=OVER_RIDING_STYLED_ITEM(' ',(#163),#3992,#29) ;
#4006=OVER_RIDING_STYLED_ITEM(' ',(#163),#4005,#29) ;
#4065=OVER_RIDING_STYLED_ITEM(' ',(#163),#4064,#29) ;
#4101=OVER_RIDING_STYLED_ITEM(' ',(#163),#4100,#29) ;
#4151=OVER_RIDING_STYLED_ITEM(' ',(#163),#4150,#29) ;
#4199=OVER_RIDING_STYLED_ITEM(' ',(#163),#4198,#29) ;
#4231=OVER_RIDING_STYLED_ITEM(' ',(#163),#4230,#29) ;
#4256=OVER_RIDING_STYLED_ITEM(' ',(#163),#4255,#29) ;
#4299=OVER_RIDING_STYLED_ITEM(' ',(#163),#4298,#29) ;
#4331=OVER_RIDING_STYLED_ITEM(' ',(#163),#4330,#29) ;
#4396=OVER_RIDING_STYLED_ITEM(' ',(#163),#4395,#29) ;
#69=FACE_OUTER_BOUND('',#64,.T.) ;
#115=FACE_OUTER_BOUND('',#110,.T.) ;
#155=FACE_OUTER_BOUND('',#150,.T.) ;
#185=FACE_OUTER_BOUND('',#180,.T.) ;
#226=FACE_OUTER_BOUND('',#221,.T.) ;
#249=FACE_OUTER_BOUND('',#244,.T.) ;
#290=FACE_OUTER_BOUND('',#285,.T.) ;
#313=FACE_OUTER_BOUND('',#308,.T.) ;
#345=FACE_OUTER_BOUND('',#340,.T.) ;
#358=FACE_OUTER_BOUND('',#353,.T.) ;
#390=FACE_OUTER_BOUND('',#385,.T.) ;
#403=FACE_OUTER_BOUND('',#398,.T.) ;
#435=FACE_OUTER_BOUND('',#430,.T.) ;
#448=FACE_OUTER_BOUND('',#443,.T.) ;
#489=FACE_OUTER_BOUND('',#484,.T.) ;
#529=FACE_OUTER_BOUND('',#524,.T.) ;
#569=FACE_OUTER_BOUND('',#564,.T.) ;
#607=FACE_OUTER_BOUND('',#600,.T.) ;
#631=FACE_OUTER_BOUND('',#626,.T.) ;
#662=FACE_OUTER_BOUND('',#655,.T.) ;
#713=FACE_OUTER_BOUND('',#708,.T.) ;
#765=FACE_OUTER_BOUND('',#757,.T.) ;
#800=FACE_OUTER_BOUND('',#791,.T.) ;
#837=FACE_OUTER_BOUND('',#831,.T.) ;
#876=FACE_OUTER_BOUND('',#869,.T.) ;
#920=FACE_OUTER_BOUND('',#911,.T.) ;
#974=FACE_OUTER_BOUND('',#966,.T.) ;
#1005=FACE_OUTER_BOUND('',#1000,.T.) ;
#1026=FACE_OUTER_BOUND('',#1017,.T.) ;
#1046=FACE_OUTER_BOUND('',#1040,.T.) ;
#1065=FACE_OUTER_BOUND('',#1058,.T.) ;
#1089=FACE_OUTER_BOUND('',#1086,.T.) ;
#1120=FACE_OUTER_BOUND('',#1115,.T.) ;
#1151=FACE_OUTER_BOUND('',#1146,.T.) ;
#1191=FACE_OUTER_BOUND('',#1186,.T.) ;
#1222=FACE_OUTER_BOUND('',#1217,.T.) ;
#1253=FACE_OUTER_BOUND('',#1248,.T.) ;
#1275=FACE_OUTER_BOUND('',#1270,.T.) ;
#1306=FACE_OUTER_BOUND('',#1301,.T.) ;
#1337=FACE_OUTER_BOUND('',#1332,.T.) ;
#1359=FACE_OUTER_BOUND('',#1354,.T.) ;
#1381=FACE_OUTER_BOUND('',#1366,.T.) ;
#1467=FACE_OUTER_BOUND('',#1462,.T.) ;
#1479=FACE_OUTER_BOUND('',#1474,.T.) ;
#1489=FACE_OUTER_BOUND('',#1486,.T.) ;
#1554=FACE_OUTER_BOUND('',#1549,.T.) ;
#1566=FACE_OUTER_BOUND('',#1561,.T.) ;
#1571=FACE_OUTER_BOUND('',#1568,.T.) ;
#1636=FACE_OUTER_BOUND('',#1631,.T.) ;
#1648=FACE_OUTER_BOUND('',#1643,.T.) ;
#1653=FACE_OUTER_BOUND('',#1650,.T.) ;
#1719=FACE_OUTER_BOUND('',#1713,.T.) ;
#1733=FACE_OUTER_BOUND('',#1727,.T.) ;
#1766=FACE_OUTER_BOUND('',#1760,.T.) ;
#1780=FACE_OUTER_BOUND('',#1774,.T.) ;
#1813=FACE_OUTER_BOUND('',#1807,.T.) ;
#1827=FACE_OUTER_BOUND('',#1821,.T.) ;
#1838=FACE_OUTER_BOUND('',#1835,.T.) ;
#1862=FACE_OUTER_BOUND('',#1859,.T.) ;
#1886=FACE_OUTER_BOUND('',#1883,.T.) ;
#1936=FACE_OUTER_BOUND('',#1931,.T.) ;
#1948=FACE_OUTER_BOUND('',#1943,.T.) ;
#1958=FACE_OUTER_BOUND('',#1955,.T.) ;
#1993=FACE_OUTER_BOUND('',#1988,.T.) ;
#2005=FACE_OUTER_BOUND('',#2000,.T.) ;
#2010=FACE_OUTER_BOUND('',#2007,.T.) ;
#2045=FACE_OUTER_BOUND('',#2040,.T.) ;
#2057=FACE_OUTER_BOUND('',#2052,.T.) ;
#2062=FACE_OUTER_BOUND('',#2059,.T.) ;
#2106=FACE_OUTER_BOUND('',#2101,.T.) ;
#2141=FACE_OUTER_BOUND('',#2136,.T.) ;
#2200=FACE_OUTER_BOUND('',#2192,.T.) ;
#2217=FACE_OUTER_BOUND('',#2212,.T.) ;
#2234=FACE_OUTER_BOUND('',#2229,.T.) ;
#2254=FACE_OUTER_BOUND('',#2246,.T.) ;
#2264=FACE_OUTER_BOUND('',#2261,.T.) ;
#2313=FACE_OUTER_BOUND('',#2308,.T.) ;
#2325=FACE_OUTER_BOUND('',#2320,.T.) ;
#2429=FACE_OUTER_BOUND('',#2416,.T.) ;
#2537=FACE_OUTER_BOUND('',#2524,.T.) ;
#2563=FACE_OUTER_BOUND('',#2558,.T.) ;
#2580=FACE_OUTER_BOUND('',#2575,.T.) ;
#2666=FACE_OUTER_BOUND('',#2653,.T.) ;
#2761=FACE_OUTER_BOUND('',#2748,.T.) ;
#2789=FACE_OUTER_BOUND('',#2784,.T.) ;
#2813=FACE_OUTER_BOUND('',#2808,.T.) ;
#2844=FACE_OUTER_BOUND('',#2839,.T.) ;
#2863=FACE_OUTER_BOUND('',#2858,.T.) ;
#2889=FACE_OUTER_BOUND('',#2884,.T.) ;
#2913=FACE_OUTER_BOUND('',#2910,.T.) ;
#2951=FACE_OUTER_BOUND('',#2948,.T.) ;
#3001=FACE_OUTER_BOUND('',#2996,.T.) ;
#3019=FACE_OUTER_BOUND('',#3014,.T.) ;
#3051=FACE_OUTER_BOUND('',#3046,.T.) ;
#3069=FACE_OUTER_BOUND('',#3064,.T.) ;
#3101=FACE_OUTER_BOUND('',#3096,.T.) ;
#3114=FACE_OUTER_BOUND('',#3109,.T.) ;
#3146=FACE_OUTER_BOUND('',#3141,.T.) ;
#3159=FACE_OUTER_BOUND('',#3154,.T.) ;
#3191=FACE_OUTER_BOUND('',#3186,.T.) ;
#3204=FACE_OUTER_BOUND('',#3199,.T.) ;
#3236=FACE_OUTER_BOUND('',#3231,.T.) ;
#3249=FACE_OUTER_BOUND('',#3244,.T.) ;
#3274=FACE_OUTER_BOUND('',#3269,.T.) ;
#3298=FACE_OUTER_BOUND('',#3293,.T.) ;
#3310=FACE_OUTER_BOUND('',#3305,.T.) ;
#3327=FACE_OUTER_BOUND('',#3322,.T.) ;
#3359=FACE_OUTER_BOUND('',#3346,.T.) ;
#3387=FACE_OUTER_BOUND('',#3382,.T.) ;
#3409=FACE_OUTER_BOUND('',#3404,.T.) ;
#3460=FACE_OUTER_BOUND('',#3447,.T.) ;
#3477=FACE_OUTER_BOUND('',#3472,.T.) ;
#3494=FACE_OUTER_BOUND('',#3489,.T.) ;
#3506=FACE_OUTER_BOUND('',#3501,.T.) ;
#3518=FACE_OUTER_BOUND('',#3513,.T.) ;
#3525=FACE_OUTER_BOUND('',#3520,.T.) ;
#3537=FACE_OUTER_BOUND('',#3532,.T.) ;
#3544=FACE_OUTER_BOUND('',#3539,.T.) ;
#3556=FACE_OUTER_BOUND('',#3551,.T.) ;
#3721=FACE_OUTER_BOUND('',#3716,.T.) ;
#3734=FACE_OUTER_BOUND('',#3729,.T.) ;
#3766=FACE_OUTER_BOUND('',#3761,.T.) ;
#3779=FACE_OUTER_BOUND('',#3774,.T.) ;
#3811=FACE_OUTER_BOUND('',#3806,.T.) ;
#3824=FACE_OUTER_BOUND('',#3819,.T.) ;
#3856=FACE_OUTER_BOUND('',#3851,.T.) ;
#3869=FACE_OUTER_BOUND('',#3864,.T.) ;
#3901=FACE_OUTER_BOUND('',#3896,.T.) ;
#3914=FACE_OUTER_BOUND('',#3909,.T.) ;
#3946=FACE_OUTER_BOUND('',#3941,.T.) ;
#3959=FACE_OUTER_BOUND('',#3954,.T.) ;
#3991=FACE_OUTER_BOUND('',#3986,.T.) ;
#4004=FACE_OUTER_BOUND('',#3999,.T.) ;
#4063=FACE_OUTER_BOUND('',#4058,.T.) ;
#4095=FACE_OUTER_BOUND('',#4090,.T.) ;
#4149=FACE_OUTER_BOUND('',#4144,.T.) ;
#4181=FACE_OUTER_BOUND('',#4176,.T.) ;
#4229=FACE_OUTER_BOUND('',#4224,.T.) ;
#4254=FACE_OUTER_BOUND('',#4249,.T.) ;
#4281=FACE_OUTER_BOUND('',#4276,.T.) ;
#4329=FACE_OUTER_BOUND('',#4324,.T.) ;
#4356=FACE_OUTER_BOUND('',#4343,.T.) ;
#4382=FACE_OUTER_BOUND('',#4369,.T.) ;
#4394=FACE_OUTER_BOUND('',#4389,.T.) ;
#4426=FACE_OUTER_BOUND('',#4421,.T.) ;
#4457=FACE_OUTER_BOUND('',#4452,.T.) ;
#4488=FACE_OUTER_BOUND('',#4483,.T.) ;
#4522=FACE_OUTER_BOUND('',#4514,.T.) ;
#4556=FACE_OUTER_BOUND('',#4548,.T.) ;
#4596=FACE_OUTER_BOUND('',#4591,.T.) ;
#4627=FACE_OUTER_BOUND('',#4622,.T.) ;
#4658=FACE_OUTER_BOUND('',#4653,.T.) ;
#4689=FACE_OUTER_BOUND('',#4684,.T.) ;
#4720=FACE_OUTER_BOUND('',#4715,.T.) ;
#4755=FACE_OUTER_BOUND('',#4746,.T.) ;
#4790=FACE_OUTER_BOUND('',#4781,.T.) ;
#4814=FACE_OUTER_BOUND('',#4811,.T.) ;
#4863=FACE_OUTER_BOUND('',#4858,.T.) ;
#4875=FACE_OUTER_BOUND('',#4870,.T.) ;
#4880=FACE_OUTER_BOUND('',#4877,.T.) ;
#4906=FACE_OUTER_BOUND('',#4901,.T.) ;
#4913=FACE_OUTER_BOUND('',#4908,.T.) ;
#4930=FACE_OUTER_BOUND('',#4915,.T.) ;
#4989=FACE_OUTER_BOUND('',#4984,.T.) ;
#5001=FACE_OUTER_BOUND('',#4996,.T.) ;
#5014=FACE_OUTER_BOUND('',#5008,.T.) ;
#5039=FACE_OUTER_BOUND('',#5033,.T.) ;
#5063=FACE_OUTER_BOUND('',#5058,.T.) ;
#5075=FACE_OUTER_BOUND('',#5070,.T.) ;
#5088=FACE_OUTER_BOUND('',#5082,.T.) ;
#9=PRODUCT_CATEGORY_RELATIONSHIP(' ',' ',#7,#8) ;
#6=PRODUCT_DEFINITION_FORMATION_WITH_SPECIFIED_SOURCE('--B',' ',#5,.NOT_KNOWN.) ;
#20=SHAPE_DEFINITION_REPRESENTATION(#11,#19) ;
#12=(LENGTH_UNIT()NAMED_UNIT(*)SI_UNIT(.MILLI.,.METRE.)) ;
#13=(NAMED_UNIT(*)PLANE_ANGLE_UNIT()SI_UNIT($,.RADIAN.)) ;
#14=(NAMED_UNIT(*)SI_UNIT($,.STERADIAN.)SOLID_ANGLE_UNIT()) ;
#16=(GEOMETRIC_REPRESENTATION_CONTEXT(3)GLOBAL_UNCERTAINTY_ASSIGNED_CONTEXT((#15))GLOBAL_UNIT_ASSIGNED_CONTEXT((#12,#13,#14))REPRESENTATION_CONTEXT(' ',' ')) ;
ENDSEC;
END-ISO-10303-21;
