ISO-10303-21;
HEADER;
FILE_DESCRIPTION(('CATIA V5 STEP Exchange','CAx-IF Rec.Pracs.--- Model Styling and Organization---1.4--- 2014-01-23','CAx-IF Rec.Pracs.---Representation and Presentation of Product Manufacturing Information (PMI)---4.0---2014-10-13','CAx-IF Rec.Pracs.---3D Tessellated Data Validation Properties---0.5---2014-09-14'),'2;1');

FILE_NAME('C:\\Users\\e_mdemir\\OneDrive - Alstom\\Desktop\\M3D-246952_--A_CATPART_1.stp','2023-02-07T16:24:52+00:00',('none'),('none'),'CATIA Version 5-6 Release 2016 SP5 HF64','CATIA V5 STEP AP242','none');

FILE_SCHEMA(('AP242_MANAGED_MODEL_BASED_3D_ENGINEERING_MIM_LF  {1 0 10303 442 1 1 4}'));

ENDSEC;
DATA;
#5=PRODUCT('M3D-246952','','T WIRING BRACKET',(#2)) ;
#2=PRODUCT_CONTEXT(' ',#1,'mechanical') ;
#1=APPLICATION_CONTEXT('managed model based 3d engineering') ;
#10=PRODUCT_DEFINITION('MASTER',' ',#6,#3) ;
#3=PRODUCT_DEFINITION_CONTEXT('part definition',#1,' ') ;
#11=PRODUCT_DEFINITION_SHAPE(' ',' ',#10) ;
#3994=MECHANICAL_DESIGN_GEOMETRIC_PRESENTATION_REPRESENTATION(' ',(#29,#3382),#16) ;
#19=SHAPE_REPRESENTATION(' ',(#18),#16) ;
#7=PRODUCT_CATEGORY('part','specification') ;
#17=CARTESIAN_POINT(' ',(0.,0.,0.)) ;
#31=CARTESIAN_POINT('Axis2P3D Location',(113.245937181,39.5214024121,84.5)) ;
#36=CARTESIAN_POINT('Line Origine',(114.764774346,44.712079985,84.5)) ;
#40=CARTESIAN_POINT('Vertex',(116.693137175,42.4139466556,84.5)) ;
#42=CARTESIAN_POINT('Vertex',(112.836411517,47.0102133144,84.5)) ;
#45=CARTESIAN_POINT('Axis2P3D Location',(113.245937181,39.5214024121,84.5)) ;
#49=CARTESIAN_POINT('Vertex',(113.245937181,39.5214024121,89.)) ;
#52=CARTESIAN_POINT('Line Origine',(111.317574352,41.8195357414,89.)) ;
#56=CARTESIAN_POINT('Vertex',(109.389211523,44.1176690708,89.)) ;
#59=CARTESIAN_POINT('Axis2P3D Location',(109.389211523,44.1176690708,84.5)) ;
#71=CARTESIAN_POINT('Axis2P3D Location',(109.389211523,44.1176690708,84.5)) ;
#75=CARTESIAN_POINT('Vertex',(109.389211523,44.1176690708,80.)) ;
#78=CARTESIAN_POINT('Line Origine',(111.317574352,41.8195357414,80.)) ;
#82=CARTESIAN_POINT('Vertex',(113.245937181,39.5214024121,80.)) ;
#85=CARTESIAN_POINT('Axis2P3D Location',(113.245937181,39.5214024121,84.5)) ;
#97=CARTESIAN_POINT('Axis2P3D Location',(113.245937181,39.5214024121,84.5)) ;
#102=CARTESIAN_POINT('Line Origine',(107.870374358,38.9269914978,84.5)) ;
#106=CARTESIAN_POINT('Vertex',(109.798737187,36.6288581685,84.5)) ;
#108=CARTESIAN_POINT('Vertex',(105.942011529,41.2251248272,84.5)) ;
#111=CARTESIAN_POINT('Axis2P3D Location',(113.245937181,39.5214024121,84.5)) ;
#116=CARTESIAN_POINT('Axis2P3D Location',(109.389211523,44.1176690708,84.5)) ;
#128=CARTESIAN_POINT('Axis2P3D Location',(109.389211523,44.1176690708,84.5)) ;
#133=CARTESIAN_POINT('Axis2P3D Location',(113.245937181,39.5214024121,84.5)) ;
#145=CARTESIAN_POINT('Axis2P3D Location',(88.7000000001,26.7573593128,110.568542495)) ;
#151=CARTESIAN_POINT('Control Point',(128.540322601,60.1873593129,143.5)) ;
#152=CARTESIAN_POINT('Control Point',(128.540322601,60.1873593129,146.641592654)) ;
#153=CARTESIAN_POINT('Control Point',(127.597972998,59.3966341089,149.786116434)) ;
#154=CARTESIAN_POINT('Control Point',(125.695322732,57.8001209726,152.26984996)) ;
#155=CARTESIAN_POINT('Control Point',(123.286477764,55.7788600485,153.5)) ;
#156=CARTESIAN_POINT('Control Point',(120.879878169,53.7594832161,153.5)) ;
#157=CARTESIAN_POINT('Vertex',(128.540322601,60.1873593129,143.5)) ;
#159=CARTESIAN_POINT('Vertex',(120.879878169,53.7594832161,153.5)) ;
#162=CARTESIAN_POINT('Line Origine',(128.540322601,60.1873593129,110.568542495)) ;
#166=CARTESIAN_POINT('Vertex',(128.540322601,60.1873593129,76.5)) ;
#170=CARTESIAN_POINT('Control Point',(120.879878169,53.7594832161,66.5)) ;
#171=CARTESIAN_POINT('Control Point',(123.286477764,55.7788600485,66.5)) ;
#172=CARTESIAN_POINT('Control Point',(125.695322732,57.8001209726,67.7301500404)) ;
#173=CARTESIAN_POINT('Control Point',(127.597972998,59.3966341089,70.2138835663)) ;
#174=CARTESIAN_POINT('Control Point',(128.540322601,60.1873593129,73.3584073464)) ;
#175=CARTESIAN_POINT('Control Point',(128.540322601,60.1873593129,76.5)) ;
#176=CARTESIAN_POINT('Vertex',(120.879878169,53.7594832161,66.5)) ;
#179=CARTESIAN_POINT('Line Origine',(110.014248178,44.6421370973,66.5)) ;
#183=CARTESIAN_POINT('Vertex',(91.4881737544,29.0969148817,66.5)) ;
#186=CARTESIAN_POINT('Line Origine',(91.4881737544,29.0969148817,110.568542495)) ;
#190=CARTESIAN_POINT('Vertex',(91.4881737544,29.0969148817,153.18451981)) ;
#194=CARTESIAN_POINT('Control Point',(93.397158359,30.6987431594,153.5)) ;
#195=CARTESIAN_POINT('Control Point',(92.754052925,30.1591136269,153.5)) ;
#196=CARTESIAN_POINT('Control Point',(92.1109904859,29.6195201714,153.393727032)) ;
#197=CARTESIAN_POINT('Control Point',(91.4881737544,29.0969148817,153.18451981)) ;
#198=CARTESIAN_POINT('Vertex',(93.397158359,30.6987431594,153.5)) ;
#201=CARTESIAN_POINT('Line Origine',(110.014248178,44.6421370973,153.5)) ;
#222=CARTESIAN_POINT('Control Point',(109.389211523,44.1176690708,134.)) ;
#223=CARTESIAN_POINT('Control Point',(110.47218134,45.0263886453,134.)) ;
#224=CARTESIAN_POINT('Control Point',(111.556161576,45.9359560612,134.553567518)) ;
#225=CARTESIAN_POINT('Control Point',(112.412354196,46.6543869725,135.671247605)) ;
#226=CARTESIAN_POINT('Control Point',(112.836411517,47.0102133144,137.086283306)) ;
#227=CARTESIAN_POINT('Control Point',(112.836411517,47.0102133144,138.5)) ;
#228=CARTESIAN_POINT('Vertex',(109.389211523,44.1176690708,134.)) ;
#230=CARTESIAN_POINT('Vertex',(112.836411517,47.0102133144,138.5)) ;
#234=CARTESIAN_POINT('Control Point',(112.836411517,47.0102133144,138.5)) ;
#235=CARTESIAN_POINT('Control Point',(112.836411517,47.0102133144,139.913716694)) ;
#236=CARTESIAN_POINT('Control Point',(112.412354196,46.6543869725,141.328752395)) ;
#237=CARTESIAN_POINT('Control Point',(111.556161576,45.9359560612,142.446432482)) ;
#238=CARTESIAN_POINT('Control Point',(110.47218134,45.0263886453,143.)) ;
#239=CARTESIAN_POINT('Control Point',(109.389211523,44.1176690708,143.)) ;
#240=CARTESIAN_POINT('Vertex',(109.389211523,44.1176690708,143.)) ;
#244=CARTESIAN_POINT('Control Point',(109.389211523,44.1176690708,143.)) ;
#245=CARTESIAN_POINT('Control Point',(108.306241705,43.2089494962,143.)) ;
#246=CARTESIAN_POINT('Control Point',(107.222261469,42.2993820803,142.446432482)) ;
#247=CARTESIAN_POINT('Control Point',(106.36606885,41.580951169,141.328752395)) ;
#248=CARTESIAN_POINT('Control Point',(105.942011529,41.2251248272,139.913716694)) ;
#249=CARTESIAN_POINT('Control Point',(105.942011529,41.2251248272,138.5)) ;
#250=CARTESIAN_POINT('Vertex',(105.942011529,41.2251248272,138.5)) ;
#254=CARTESIAN_POINT('Control Point',(105.942011529,41.2251248272,138.5)) ;
#255=CARTESIAN_POINT('Control Point',(105.942011529,41.2251248272,137.086283306)) ;
#256=CARTESIAN_POINT('Control Point',(106.36606885,41.580951169,135.671247605)) ;
#257=CARTESIAN_POINT('Control Point',(107.222261469,42.2993820803,134.553567518)) ;
#258=CARTESIAN_POINT('Control Point',(108.306241705,43.2089494962,134.)) ;
#259=CARTESIAN_POINT('Control Point',(109.389211523,44.1176690708,134.)) ;
#268=CARTESIAN_POINT('Axis2P3D Location',(113.245937181,39.5214024121,138.5)) ;
#273=CARTESIAN_POINT('Line Origine',(111.317574352,41.8195357414,134.)) ;
#277=CARTESIAN_POINT('Vertex',(113.245937181,39.5214024121,134.)) ;
#280=CARTESIAN_POINT('Axis2P3D Location',(113.245937181,39.5214024121,138.5)) ;
#284=CARTESIAN_POINT('Vertex',(116.693137175,42.4139466556,138.5)) ;
#287=CARTESIAN_POINT('Line Origine',(114.764774346,44.712079985,138.5)) ;
#299=CARTESIAN_POINT('Axis2P3D Location',(113.245937181,39.5214024121,138.5)) ;
#304=CARTESIAN_POINT('Line Origine',(107.870374358,38.9269914978,138.5)) ;
#308=CARTESIAN_POINT('Vertex',(109.798737187,36.6288581685,138.5)) ;
#311=CARTESIAN_POINT('Axis2P3D Location',(113.245937181,39.5214024121,138.5)) ;
#323=CARTESIAN_POINT('Line Origine',(111.317574352,41.8195357414,143.)) ;
#327=CARTESIAN_POINT('Vertex',(113.245937181,39.5214024121,143.)) ;
#330=CARTESIAN_POINT('Axis2P3D Location',(113.245937181,39.5214024121,138.5)) ;
#342=CARTESIAN_POINT('Axis2P3D Location',(113.245937181,39.5214024121,138.5)) ;
#354=CARTESIAN_POINT('Axis2P3D Location',(92.5567256582,22.1610926541,110.568542495)) ;
#359=CARTESIAN_POINT('Line Origine',(110.995243922,37.632846529,153.5)) ;
#363=CARTESIAN_POINT('Vertex',(124.736603828,49.1632165573,153.5)) ;
#365=CARTESIAN_POINT('Vertex',(97.2538840171,26.1024765006,153.5)) ;
#368=CARTESIAN_POINT('Axis2P3D Location',(97.2538840171,26.1024765006,143.5)) ;
#372=CARTESIAN_POINT('Vertex',(95.3448994125,24.500648223,153.18451981)) ;
#375=CARTESIAN_POINT('Line Origine',(95.3448994125,24.500648223,109.842259905)) ;
#379=CARTESIAN_POINT('Vertex',(95.3448994125,24.500648223,66.5)) ;
#382=CARTESIAN_POINT('Line Origine',(110.04075162,36.8319323901,66.5)) ;
#386=CARTESIAN_POINT('Vertex',(124.736603828,49.1632165573,66.5)) ;
#389=CARTESIAN_POINT('Axis2P3D Location',(124.736603828,49.1632165573,76.5)) ;
#393=CARTESIAN_POINT('Vertex',(132.397048259,55.5910926542,76.5)) ;
#396=CARTESIAN_POINT('Line Origine',(132.397048259,55.5910926542,110.)) ;
#400=CARTESIAN_POINT('Vertex',(132.397048259,55.5910926542,143.5)) ;
#403=CARTESIAN_POINT('Axis2P3D Location',(124.736603828,49.1632165573,143.5)) ;
#430=CARTESIAN_POINT('Axis2P3D Location',(124.736603828,49.1632165573,143.5)) ;
#435=CARTESIAN_POINT('Line Origine',(130.46868543,57.8892259836,143.5)) ;
#440=CARTESIAN_POINT('Line Origine',(122.808240999,51.4613498867,153.5)) ;
#452=CARTESIAN_POINT('Axis2P3D Location',(117.820442153,20.7573593129,153.5)) ;
#457=CARTESIAN_POINT('Line Origine',(95.3255211881,28.40060983,153.5)) ;
#469=CARTESIAN_POINT('Axis2P3D Location',(97.2538840171,26.1024765006,143.5)) ;
#474=CARTESIAN_POINT('Line Origine',(93.4165365834,26.7987815523,153.18451981)) ;
#487=CARTESIAN_POINT('Control Point',(90.0203631356,28.0741715081,152.330605102)) ;
#488=CARTESIAN_POINT('Control Point',(92.9964024224,22.8642588252,152.330605102)) ;
#489=CARTESIAN_POINT('Control Point',(90.3156001621,28.2428186704,152.552560113)) ;
#490=CARTESIAN_POINT('Control Point',(93.4687816649,23.1340942849,152.552560113)) ;
#491=CARTESIAN_POINT('Control Point',(90.6129453399,28.4293123922,152.749820312)) ;
#492=CARTESIAN_POINT('Control Point',(93.9445339493,23.4324842397,152.749820312)) ;
#493=CARTESIAN_POINT('Control Point',(90.9100486507,28.6344992789,152.921698457)) ;
#494=CARTESIAN_POINT('Control Point',(94.4198992467,23.7607832585,152.921698457)) ;
#495=CARTESIAN_POINT('Control Point',(91.2025244157,28.857226627,153.066650517)) ;
#496=CARTESIAN_POINT('Control Point',(94.8878604706,24.1171470154,153.066650517)) ;
#497=CARTESIAN_POINT('Control Point',(91.4881737544,29.0969148817,153.18451981)) ;
#498=CARTESIAN_POINT('Control Point',(95.3448994125,24.500648223,153.18451981)) ;
#500=CARTESIAN_POINT('Control Point',(92.9964024224,22.8642588252,152.330605102)) ;
#501=CARTESIAN_POINT('Control Point',(93.5915354911,23.2042145022,152.610237979)) ;
#502=CARTESIAN_POINT('Control Point',(94.1926557976,23.5930821013,152.847791156)) ;
#503=CARTESIAN_POINT('Control Point',(94.7778369717,24.0248263381,153.038275709)) ;
#504=CARTESIAN_POINT('Control Point',(95.3448994125,24.500648223,153.18451981)) ;
#505=CARTESIAN_POINT('Vertex',(92.9964024224,22.8642588252,152.330605102)) ;
#509=CARTESIAN_POINT('Control Point',(90.0203631356,28.0741715081,152.330605102)) ;
#510=CARTESIAN_POINT('Control Point',(90.5163073594,28.3574679056,152.703448939)) ;
#511=CARTESIAN_POINT('Control Point',(91.0156217204,28.7003966443,152.989527676)) ;
#512=CARTESIAN_POINT('Control Point',(91.4881737544,29.0969148817,153.18451981)) ;
#513=CARTESIAN_POINT('Vertex',(90.0203631356,28.0741715081,152.330605102)) ;
#517=CARTESIAN_POINT('Control Point',(90.0203631356,28.0741715081,152.330605102)) ;
#518=CARTESIAN_POINT('Control Point',(92.9964024224,22.8642588252,152.330605102)) ;
#528=CARTESIAN_POINT('Control Point',(85.0602976575,26.7573593129,148.942667823)) ;
#529=CARTESIAN_POINT('Control Point',(85.0602976575,20.7573593129,148.942667823)) ;
#530=CARTESIAN_POINT('Control Point',(85.7868887534,26.7573593129,149.416979042)) ;
#531=CARTESIAN_POINT('Control Point',(86.2228434109,20.7573593129,149.416979042)) ;
#532=CARTESIAN_POINT('Control Point',(86.5134798493,26.8233511405,149.891290261)) ;
#533=CARTESIAN_POINT('Control Point',(87.3853891644,20.862946237,149.891290261)) ;
#534=CARTESIAN_POINT('Control Point',(87.2320789387,26.9553379438,150.36560148)) ;
#535=CARTESIAN_POINT('Control Point',(88.5351477074,21.0741251224,150.36560148)) ;
#536=CARTESIAN_POINT('Control Point',(88.2358185292,27.2360727334,151.043188936)) ;
#537=CARTESIAN_POINT('Control Point',(90.1411310522,21.5233007857,151.043188936)) ;
#538=CARTESIAN_POINT('Control Point',(89.1916996871,27.64269445,151.720776392)) ;
#539=CARTESIAN_POINT('Control Point',(91.6705409048,22.1738955323,151.720776392)) ;
#540=CARTESIAN_POINT('Control Point',(89.4735687566,27.7757872624,151.924052629)) ;
#541=CARTESIAN_POINT('Control Point',(92.1215314161,22.3868440321,151.924052629)) ;
#542=CARTESIAN_POINT('Control Point',(89.7499719809,27.9197169619,152.127328865)) ;
#543=CARTESIAN_POINT('Control Point',(92.5637765749,22.6171315513,152.127328865)) ;
#544=CARTESIAN_POINT('Control Point',(90.0203631356,28.0741715081,152.330605102)) ;
#545=CARTESIAN_POINT('Control Point',(92.9964024224,22.8642588252,152.330605102)) ;
#547=CARTESIAN_POINT('Control Point',(85.0602976575,26.7573593129,148.942667823)) ;
#548=CARTESIAN_POINT('Control Point',(86.3577817573,26.7573593129,149.789652143)) ;
#549=CARTESIAN_POINT('Control Point',(87.6555198578,26.9818789628,150.636636462)) ;
#550=CARTESIAN_POINT('Control Point',(88.8937333243,27.4306108989,151.483620782)) ;
#551=CARTESIAN_POINT('Control Point',(90.0203631356,28.0741715081,152.330605102)) ;
#552=CARTESIAN_POINT('Vertex',(85.0602976575,26.7573593129,148.942667823)) ;
#556=CARTESIAN_POINT('Control Point',(85.0602976575,20.7573593129,148.942667823)) ;
#557=CARTESIAN_POINT('Control Point',(85.0602976575,26.7573593129,148.942667823)) ;
#558=CARTESIAN_POINT('Vertex',(85.0602976575,20.7573593129,148.942667823)) ;
#562=CARTESIAN_POINT('Control Point',(85.0602976575,20.7573593129,148.942667823)) ;
#563=CARTESIAN_POINT('Control Point',(87.1362722172,20.7573593129,149.789652143)) ;
#564=CARTESIAN_POINT('Control Point',(89.212653178,21.1165907528,150.636636462)) ;
#565=CARTESIAN_POINT('Control Point',(91.1937947244,21.8345618505,151.483620782)) ;
#566=CARTESIAN_POINT('Control Point',(92.9964024224,22.8642588252,152.330605102)) ;
#575=CARTESIAN_POINT('Axis2P3D Location',(85.0602976575,36.7573593129,66.5)) ;
#580=CARTESIAN_POINT('Axis2P3D Location',(85.0602976575,36.7573593129,66.5)) ;
#584=CARTESIAN_POINT('Vertex',(85.0602976575,26.7573593129,66.5)) ;
#587=CARTESIAN_POINT('Line Origine',(85.0602976575,26.7573593129,109.842259905)) ;
#600=CARTESIAN_POINT('Axis2P3D Location',(85.0602976575,20.7573593129,66.5)) ;
#605=CARTESIAN_POINT('Axis2P3D Location',(85.0602976575,36.7573593129,66.5)) ;
#609=CARTESIAN_POINT('Vertex',(85.0602976575,20.7573593129,66.5)) ;
#612=CARTESIAN_POINT('Line Origine',(85.0602976575,23.7573593129,66.5)) ;
#617=CARTESIAN_POINT('Line Origine',(93.4165365834,26.7987815523,66.5)) ;
#629=CARTESIAN_POINT('Axis2P3D Location',(117.820442153,20.7573593129,66.5)) ;
#634=CARTESIAN_POINT('Line Origine',(122.808240999,51.4613498867,66.5)) ;
#646=CARTESIAN_POINT('Axis2P3D Location',(124.736603828,49.1632165573,76.5)) ;
#651=CARTESIAN_POINT('Line Origine',(130.46868543,57.8892259836,76.5)) ;
#663=CARTESIAN_POINT('Axis2P3D Location',(145.739621635,39.6900328988,116.923578775)) ;
#675=CARTESIAN_POINT('Axis2P3D Location',(-4.98397584585,111.737763554,158.5)) ;
#680=CARTESIAN_POINT('Line Origine',(10.0080120771,111.247561433,155.5)) ;
#684=CARTESIAN_POINT('Vertex',(10.0080120771,111.247561433,158.5)) ;
#686=CARTESIAN_POINT('Vertex',(10.0080120771,111.247561433,152.5)) ;
#689=CARTESIAN_POINT('Axis2P3D Location',(-4.98397584585,111.737763554,152.5)) ;
#693=CARTESIAN_POINT('Vertex',(2.52018812229,98.7497874551,152.5)) ;
#696=CARTESIAN_POINT('Line Origine',(2.52018812229,98.7497874551,155.5)) ;
#700=CARTESIAN_POINT('Vertex',(2.52018812229,98.7497874551,158.5)) ;
#703=CARTESIAN_POINT('Axis2P3D Location',(-4.98397584585,111.737763554,158.5)) ;
#715=CARTESIAN_POINT('Axis2P3D Location',(25.,110.757359313,158.5)) ;
#720=CARTESIAN_POINT('Line Origine',(40.,110.757359313,155.5)) ;
#724=CARTESIAN_POINT('Vertex',(40.,110.757359313,158.5)) ;
#726=CARTESIAN_POINT('Vertex',(40.,110.757359313,152.5)) ;
#729=CARTESIAN_POINT('Axis2P3D Location',(25.,110.757359313,152.5)) ;
#734=CARTESIAN_POINT('Axis2P3D Location',(25.,110.757359313,158.5)) ;
#746=CARTESIAN_POINT('Axis2P3D Location',(40.,98.2573593129,158.5)) ;
#751=CARTESIAN_POINT('Line Origine',(40.,102.58588362,158.5)) ;
#755=CARTESIAN_POINT('Vertex',(40.,94.4144079264,158.5)) ;
#758=CARTESIAN_POINT('Line Origine',(40.,94.4144079264,155.5)) ;
#762=CARTESIAN_POINT('Vertex',(40.,94.4144079264,152.5)) ;
#765=CARTESIAN_POINT('Line Origine',(40.,102.58588362,152.5)) ;
#777=CARTESIAN_POINT('Axis2P3D Location',(25.,94.4144079264,158.5)) ;
#782=CARTESIAN_POINT('Line Origine',(32.5041639681,81.4264318278,155.5)) ;
#786=CARTESIAN_POINT('Vertex',(32.5041639681,81.4264318278,158.5)) ;
#788=CARTESIAN_POINT('Vertex',(32.5041639681,81.4264318278,152.5)) ;
#791=CARTESIAN_POINT('Axis2P3D Location',(25.,94.4144079264,152.5)) ;
#796=CARTESIAN_POINT('Axis2P3D Location',(25.,94.4144079264,158.5)) ;
#808=CARTESIAN_POINT('Axis2P3D Location',(17.5000000001,72.7573593129,158.5)) ;
#813=CARTESIAN_POINT('Line Origine',(24.9833441276,77.0810692532,155.5)) ;
#817=CARTESIAN_POINT('Vertex',(24.9833441276,77.0810692532,158.5)) ;
#819=CARTESIAN_POINT('Vertex',(24.9833441276,77.0810692532,152.5)) ;
#822=CARTESIAN_POINT('Line Origine',(28.7437540479,79.2537505405,152.5)) ;
#827=CARTESIAN_POINT('Line Origine',(28.7437540479,79.2537505405,158.5)) ;
#839=CARTESIAN_POINT('Axis2P3D Location',(25.,95.7573593129,158.5)) ;
#844=CARTESIAN_POINT('Line Origine',(25.,100.257359313,155.5)) ;
#848=CARTESIAN_POINT('Vertex',(25.,100.257359313,158.5)) ;
#850=CARTESIAN_POINT('Vertex',(25.,100.257359313,152.5)) ;
#853=CARTESIAN_POINT('Axis2P3D Location',(25.,95.7573593129,158.5)) ;
#857=CARTESIAN_POINT('Vertex',(20.5,95.7573593129,158.5)) ;
#860=CARTESIAN_POINT('Line Origine',(20.5,95.7573593129,155.5)) ;
#864=CARTESIAN_POINT('Vertex',(20.5,95.7573593129,152.5)) ;
#867=CARTESIAN_POINT('Axis2P3D Location',(25.,95.7573593129,152.5)) ;
#879=CARTESIAN_POINT('Axis2P3D Location',(25.,95.7573593129,152.5)) ;
#883=CARTESIAN_POINT('Vertex',(29.5,95.7573593129,152.5)) ;
#886=CARTESIAN_POINT('Line Origine',(29.5,95.7573593129,155.5)) ;
#890=CARTESIAN_POINT('Vertex',(29.5,95.7573593129,158.5)) ;
#893=CARTESIAN_POINT('Axis2P3D Location',(25.,95.7573593129,158.5)) ;
#905=CARTESIAN_POINT('Axis2P3D Location',(25.,95.7573593129,158.5)) ;
#910=CARTESIAN_POINT('Axis2P3D Location',(25.,95.7573593129,158.5)) ;
#914=CARTESIAN_POINT('Vertex',(25.,91.2573593129,158.5)) ;
#917=CARTESIAN_POINT('Axis2P3D Location',(25.,95.7573593129,152.5)) ;
#921=CARTESIAN_POINT('Vertex',(25.,91.2573593129,152.5)) ;
#924=CARTESIAN_POINT('Line Origine',(25.,91.2573593129,155.5)) ;
#936=CARTESIAN_POINT('Axis2P3D Location',(25.,95.7573593129,152.5)) ;
#941=CARTESIAN_POINT('Axis2P3D Location',(25.,95.7573593129,158.5)) ;
#953=CARTESIAN_POINT('Axis2P3D Location',(-80.,95.7573593129,158.5)) ;
#958=CARTESIAN_POINT('Line Origine',(-80.,100.257359313,155.5)) ;
#962=CARTESIAN_POINT('Vertex',(-80.,100.257359313,158.5)) ;
#964=CARTESIAN_POINT('Vertex',(-80.,100.257359313,152.5)) ;
#967=CARTESIAN_POINT('Axis2P3D Location',(-80.,95.7573593129,158.5)) ;
#971=CARTESIAN_POINT('Vertex',(-84.5,95.7573593129,158.5)) ;
#974=CARTESIAN_POINT('Line Origine',(-84.5,95.7573593129,155.5)) ;
#978=CARTESIAN_POINT('Vertex',(-84.5,95.7573593129,152.5)) ;
#981=CARTESIAN_POINT('Axis2P3D Location',(-80.,95.7573593129,152.5)) ;
#993=CARTESIAN_POINT('Axis2P3D Location',(-80.,95.7573593129,152.5)) ;
#997=CARTESIAN_POINT('Vertex',(-75.5,95.7573593129,152.5)) ;
#1000=CARTESIAN_POINT('Line Origine',(-75.5,95.7573593129,155.5)) ;
#1004=CARTESIAN_POINT('Vertex',(-75.5,95.7573593129,158.5)) ;
#1007=CARTESIAN_POINT('Axis2P3D Location',(-80.,95.7573593129,158.5)) ;
#1019=CARTESIAN_POINT('Axis2P3D Location',(-80.,95.7573593129,158.5)) ;
#1024=CARTESIAN_POINT('Axis2P3D Location',(-80.,95.7573593129,158.5)) ;
#1028=CARTESIAN_POINT('Vertex',(-80.,91.2573593129,158.5)) ;
#1031=CARTESIAN_POINT('Axis2P3D Location',(-80.,95.7573593129,152.5)) ;
#1035=CARTESIAN_POINT('Vertex',(-80.,91.2573593129,152.5)) ;
#1038=CARTESIAN_POINT('Line Origine',(-80.,91.2573593129,155.5)) ;
#1050=CARTESIAN_POINT('Axis2P3D Location',(-80.,95.7573593129,152.5)) ;
#1055=CARTESIAN_POINT('Axis2P3D Location',(-80.,95.7573593129,158.5)) ;
#1067=CARTESIAN_POINT('Axis2P3D Location',(-79.9999999997,94.4144079264,158.5)) ;
#1072=CARTESIAN_POINT('Line Origine',(-94.9999999997,94.4144079264,155.5)) ;
#1076=CARTESIAN_POINT('Vertex',(-94.9999999997,94.4144079264,158.5)) ;
#1078=CARTESIAN_POINT('Vertex',(-94.9999999997,94.4144079264,152.5)) ;
#1081=CARTESIAN_POINT('Axis2P3D Location',(-79.9999999997,94.4144079264,152.5)) ;
#1085=CARTESIAN_POINT('Vertex',(-87.5041639678,81.4264318278,152.5)) ;
#1088=CARTESIAN_POINT('Line Origine',(-87.5041639678,81.4264318278,155.5)) ;
#1092=CARTESIAN_POINT('Vertex',(-87.5041639678,81.4264318278,158.5)) ;
#1095=CARTESIAN_POINT('Axis2P3D Location',(-79.9999999997,94.4144079264,158.5)) ;
#1107=CARTESIAN_POINT('Axis2P3D Location',(-72.4999999997,72.7573593129,158.5)) ;
#1112=CARTESIAN_POINT('Line Origine',(-83.7437540475,79.2537505405,158.5)) ;
#1116=CARTESIAN_POINT('Vertex',(-79.9833441273,77.0810692532,158.5)) ;
#1119=CARTESIAN_POINT('Line Origine',(-83.7437540475,79.2537505405,152.5)) ;
#1123=CARTESIAN_POINT('Vertex',(-79.9833441273,77.0810692532,152.5)) ;
#1126=CARTESIAN_POINT('Line Origine',(-79.9833441273,77.0810692532,155.5)) ;
#1138=CARTESIAN_POINT('Axis2P3D Location',(55.0000000002,25.1291648586,158.5)) ;
#1143=CARTESIAN_POINT('Axis2P3D Location',(55.0000000002,25.1291648586,158.5)) ;
#1147=CARTESIAN_POINT('Vertex',(-3.86242514296,36.757359313,158.5)) ;
#1150=CARTESIAN_POINT('Line Origine',(-3.86242514296,36.757359313,155.5)) ;
#1154=CARTESIAN_POINT('Vertex',(-3.86242514312,36.7573593122,152.5)) ;
#1157=CARTESIAN_POINT('Axis2P3D Location',(55.0000000002,25.1291648586,152.5)) ;
#1170=CARTESIAN_POINT('Control Point',(-4.99999999983,26.7769096737,143.125)) ;
#1171=CARTESIAN_POINT('Control Point',(-4.99999999983,20.7886398902,143.5)) ;
#1172=CARTESIAN_POINT('Control Point',(-4.99999999983,26.7690784199,142.999944905)) ;
#1173=CARTESIAN_POINT('Control Point',(-4.99999999983,20.7761098841,143.299911848)) ;
#1174=CARTESIAN_POINT('Control Point',(-4.99499558989,26.7632058432,142.874767164)) ;
#1175=CARTESIAN_POINT('Control Point',(-4.99499558989,20.7667137613,143.099627463)) ;
#1176=CARTESIAN_POINT('Control Point',(-4.98496697373,26.7593014889,142.749619095)) ;
#1177=CARTESIAN_POINT('Control Point',(-4.98496697373,20.7604667945,142.899390551)) ;
#1178=CARTESIAN_POINT('Control Point',(-4.96991830951,26.7573593129,142.624649139)) ;
#1179=CARTESIAN_POINT('Control Point',(-4.96991830951,20.7573593129,142.699438623)) ;
#1180=CARTESIAN_POINT('Control Point',(-4.94987373854,26.7573593129,142.5)) ;
#1181=CARTESIAN_POINT('Control Point',(-4.94987373854,20.7573593129,142.5)) ;
#1183=CARTESIAN_POINT('Control Point',(-4.94987373854,26.7573593129,142.5)) ;
#1184=CARTESIAN_POINT('Control Point',(-4.94987373854,20.7573593129,142.5)) ;
#1185=CARTESIAN_POINT('Vertex',(-4.94987373854,20.7573593129,142.5)) ;
#1187=CARTESIAN_POINT('Vertex',(-4.94987373854,26.7573593129,142.5)) ;
#1191=CARTESIAN_POINT('Control Point',(-4.99999999983,26.7769096737,143.125)) ;
#1192=CARTESIAN_POINT('Control Point',(-4.99999999983,26.763859726,142.916609046)) ;
#1193=CARTESIAN_POINT('Control Point',(-4.9832779135,26.7573593129,142.707727153)) ;
#1194=CARTESIAN_POINT('Control Point',(-4.94987373854,26.7573593129,142.5)) ;
#1195=CARTESIAN_POINT('Vertex',(-4.99999999983,26.7769096737,143.125)) ;
#1199=CARTESIAN_POINT('Control Point',(-4.99999999983,20.7886398902,143.5)) ;
#1200=CARTESIAN_POINT('Control Point',(-4.99999999983,26.7769096737,143.125)) ;
#1201=CARTESIAN_POINT('Vertex',(-4.99999999983,20.7886398902,143.5)) ;
#1205=CARTESIAN_POINT('Control Point',(-4.99999999983,20.7886398902,143.5)) ;
#1206=CARTESIAN_POINT('Control Point',(-4.99999999983,20.7677599738,143.166574474)) ;
#1207=CARTESIAN_POINT('Control Point',(-4.9832779135,20.7573593129,142.832363445)) ;
#1208=CARTESIAN_POINT('Control Point',(-4.94987373854,20.7573593129,142.5)) ;
#1217=CARTESIAN_POINT('Axis2P3D Location',(-110.,25.1291648586,158.5)) ;
#1222=CARTESIAN_POINT('Axis2P3D Location',(-110.,25.1291648586,152.5)) ;
#1226=CARTESIAN_POINT('Vertex',(-51.1375748567,36.757359313,152.5)) ;
#1229=CARTESIAN_POINT('Line Origine',(-51.1375748567,36.757359313,155.5)) ;
#1233=CARTESIAN_POINT('Vertex',(-51.1375748563,36.757359311,158.5)) ;
#1236=CARTESIAN_POINT('Axis2P3D Location',(-110.,25.1291648586,158.5)) ;
#1248=CARTESIAN_POINT('Axis2P3D Location',(-27.4999999998,150.699650994,158.5)) ;
#1253=CARTESIAN_POINT('Line Origine',(2.51665587273,98.7477465998,155.5)) ;
#1257=CARTESIAN_POINT('Vertex',(2.51665587273,98.7477465998,158.5)) ;
#1259=CARTESIAN_POINT('Vertex',(2.51665587273,98.7477465998,152.5)) ;
#1262=CARTESIAN_POINT('Axis2P3D Location',(-27.4999999998,150.699650994,152.5)) ;
#1266=CARTESIAN_POINT('Vertex',(-57.5166558724,98.7477465998,152.5)) ;
#1269=CARTESIAN_POINT('Line Origine',(-57.5166558724,98.7477465998,155.5)) ;
#1273=CARTESIAN_POINT('Vertex',(-57.5166558724,98.7477465998,158.5)) ;
#1276=CARTESIAN_POINT('Axis2P3D Location',(-27.4999999998,150.699650994,158.5)) ;
#1288=CARTESIAN_POINT('Axis2P3D Location',(-24.9999999998,26.7573593129,152.5)) ;
#1294=CARTESIAN_POINT('Control Point',(2.52018812229,98.7497874551,152.5)) ;
#1295=CARTESIAN_POINT('Control Point',(2.51665587273,98.7477465998,152.5)) ;
#1297=CARTESIAN_POINT('Line Origine',(-27.4999999998,36.7573593129,152.5)) ;
#1301=CARTESIAN_POINT('Vertex',(-4.99999999983,36.7573593129,152.5)) ;
#1304=CARTESIAN_POINT('Line Origine',(-27.4999999998,36.7573593129,152.5)) ;
#1308=CARTESIAN_POINT('Vertex',(-49.9999999998,36.7573593129,152.5)) ;
#1311=CARTESIAN_POINT('Line Origine',(-27.4999999998,36.7573593129,152.5)) ;
#1316=CARTESIAN_POINT('Line Origine',(-94.9999999997,87.2573593129,152.5)) ;
#1320=CARTESIAN_POINT('Vertex',(-94.9999999997,110.75735975,152.5)) ;
#1324=CARTESIAN_POINT('Control Point',(-65.0080120767,111.247561433,152.5)) ;
#1325=CARTESIAN_POINT('Control Point',(-65.0842117087,113.577995991,152.5)) ;
#1326=CARTESIAN_POINT('Control Point',(-65.6132303108,115.893624452,152.5)) ;
#1327=CARTESIAN_POINT('Control Point',(-66.5916569112,118.076969772,152.5)) ;
#1328=CARTESIAN_POINT('Control Point',(-69.3441608006,121.948882187,152.5)) ;
#1329=CARTESIAN_POINT('Control Point',(-73.3463186783,124.50831879,152.5)) ;
#1330=CARTESIAN_POINT('Control Point',(-75.5749923126,125.37856544,152.5)) ;
#1331=CARTESIAN_POINT('Control Point',(-80.2525376079,126.208356628,152.5)) ;
#1332=CARTESIAN_POINT('Control Point',(-84.9004667815,125.226145958,152.5)) ;
#1333=CARTESIAN_POINT('Control Point',(-87.0995102393,124.283530834,152.5)) ;
#1334=CARTESIAN_POINT('Control Point',(-91.0158877389,121.594670353,152.5)) ;
#1335=CARTESIAN_POINT('Control Point',(-93.6403868804,117.634873937,152.5)) ;
#1336=CARTESIAN_POINT('Control Point',(-94.5469388963,115.420719732,152.5)) ;
#1337=CARTESIAN_POINT('Control Point',(-94.9999999317,113.089039747,152.5)) ;
#1338=CARTESIAN_POINT('Control Point',(-94.9999999996,110.75735975,152.5)) ;
#1339=CARTESIAN_POINT('Vertex',(-65.0080120767,111.247561433,152.5)) ;
#1343=CARTESIAN_POINT('Control Point',(-65.0080120767,111.247561433,152.5)) ;
#1344=CARTESIAN_POINT('Control Point',(-64.9085803592,108.206613535,152.5)) ;
#1345=CARTESIAN_POINT('Control Point',(-64.0385749686,105.190642014,152.5)) ;
#1346=CARTESIAN_POINT('Control Point',(-62.4035904121,102.461722695,152.5)) ;
#1347=CARTESIAN_POINT('Control Point',(-60.154645862,100.271918594,152.5)) ;
#1348=CARTESIAN_POINT('Control Point',(-57.5201881219,98.7497874551,152.5)) ;
#1349=CARTESIAN_POINT('Vertex',(-57.5201881219,98.7497874551,152.5)) ;
#1353=CARTESIAN_POINT('Control Point',(-57.5166558724,98.7477465998,152.5)) ;
#1354=CARTESIAN_POINT('Control Point',(-57.5201881219,98.7497874551,152.5)) ;
#1389=CARTESIAN_POINT('Axis2P3D Location',(-3.86242514228,36.7573593129,142.5)) ;
#1394=CARTESIAN_POINT('Line Origine',(-27.4999999998,26.7573593129,142.5)) ;
#1398=CARTESIAN_POINT('Vertex',(-4.99999999983,26.7573593129,142.5)) ;
#1401=CARTESIAN_POINT('Line Origine',(-27.4999999998,26.7573593129,142.5)) ;
#1405=CARTESIAN_POINT('Vertex',(-49.9999999998,26.7573593129,142.5)) ;
#1408=CARTESIAN_POINT('Axis2P3D Location',(-49.9999999998,36.7573593129,142.5)) ;
#1412=CARTESIAN_POINT('Vertex',(-49.9999999998,29.489737779,149.368891995)) ;
#1416=CARTESIAN_POINT('Control Point',(-49.9999999998,29.489737779,149.368891995)) ;
#1417=CARTESIAN_POINT('Control Point',(-49.9999999998,30.896473262,150.857286498)) ;
#1418=CARTESIAN_POINT('Control Point',(-50.1064503919,32.7098899244,151.961514304)) ;
#1419=CARTESIAN_POINT('Control Point',(-50.503590589,34.7515745296,152.5)) ;
#1420=CARTESIAN_POINT('Control Point',(-51.1375748574,36.7573593129,152.5)) ;
#1423=CARTESIAN_POINT('Control Point',(-4.99999999983,29.489737779,149.368891995)) ;
#1424=CARTESIAN_POINT('Control Point',(-4.99999999983,30.8964732619,150.857286498)) ;
#1425=CARTESIAN_POINT('Control Point',(-4.89354960775,32.7098899245,151.961514304)) ;
#1426=CARTESIAN_POINT('Control Point',(-4.4964094106,34.7515745297,152.5)) ;
#1427=CARTESIAN_POINT('Control Point',(-3.8624251423,36.7573593129,152.5)) ;
#1428=CARTESIAN_POINT('Vertex',(-4.99999999983,29.489737779,149.368891995)) ;
#1431=CARTESIAN_POINT('Axis2P3D Location',(-4.99999999983,36.7573593129,142.5)) ;
#1449=CARTESIAN_POINT('Axis2P3D Location',(-8.74999999991,92.2381232067,158.5)) ;
#1454=CARTESIAN_POINT('Line Origine',(2.51842199751,98.7487670274,158.5)) ;
#1466=CARTESIAN_POINT('Axis2P3D Location',(-46.2499999997,92.2381232067,158.5)) ;
#1471=CARTESIAN_POINT('Line Origine',(-57.5201881219,98.7497874551,155.5)) ;
#1475=CARTESIAN_POINT('Vertex',(-57.5201881219,98.7497874551,158.5)) ;
#1478=CARTESIAN_POINT('Line Origine',(-57.5184219972,98.7487670274,158.5)) ;
#1490=CARTESIAN_POINT('Axis2P3D Location',(-94.9999999997,98.2573595119,158.5)) ;
#1495=CARTESIAN_POINT('Line Origine',(-94.9999999997,110.75735975,155.5)) ;
#1499=CARTESIAN_POINT('Vertex',(-94.9999999997,110.75735975,158.5)) ;
#1502=CARTESIAN_POINT('Line Origine',(-94.9999999997,102.585883838,158.5)) ;
#1514=CARTESIAN_POINT('Axis2P3D Location',(-50.0160241538,111.737763554,158.5)) ;
#1519=CARTESIAN_POINT('Line Origine',(-65.0080120767,111.247561433,155.5)) ;
#1523=CARTESIAN_POINT('Vertex',(-65.0080120767,111.247561433,158.5)) ;
#1526=CARTESIAN_POINT('Axis2P3D Location',(-50.0160241538,111.737763554,158.5)) ;
#1538=CARTESIAN_POINT('Axis2P3D Location',(-24.9999999998,26.7573593129,158.5)) ;
#1543=CARTESIAN_POINT('Axis2P3D Location',(-79.9999999996,110.757359313,158.5)) ;
#1548=CARTESIAN_POINT('Line Origine',(-50.5687874286,36.7573593129,158.5)) ;
#1552=CARTESIAN_POINT('Vertex',(-49.9999999998,36.7573593129,158.5)) ;
#1555=CARTESIAN_POINT('Line Origine',(-27.4999999998,36.7573593129,158.5)) ;
#1559=CARTESIAN_POINT('Vertex',(-4.99999999983,36.7573593129,158.5)) ;
#1562=CARTESIAN_POINT('Line Origine',(-4.43121257106,36.7573593129,158.5)) ;
#1601=CARTESIAN_POINT('Control Point',(-4.99999999983,29.489737779,149.368891995)) ;
#1602=CARTESIAN_POINT('Control Point',(-4.99999999983,25.1291648586,153.490227192)) ;
#1603=CARTESIAN_POINT('Control Point',(-4.99999999983,29.9395904264,149.844857957)) ;
#1604=CARTESIAN_POINT('Control Point',(-4.99999999983,25.8489290945,154.251772732)) ;
#1605=CARTESIAN_POINT('Control Point',(-4.98920690272,30.4284076042,150.283997122)) ;
#1606=CARTESIAN_POINT('Control Point',(-4.98920690272,26.6310365789,154.954395396)) ;
#1607=CARTESIAN_POINT('Control Point',(-4.96385404469,30.9520831548,150.681958454)) ;
#1608=CARTESIAN_POINT('Control Point',(-4.96385404469,27.46891746,155.591133526)) ;
#1609=CARTESIAN_POINT('Control Point',(-4.87689614085,32.059122598,151.388023084)) ;
#1610=CARTESIAN_POINT('Control Point',(-4.87689614085,29.2401805691,156.720836934)) ;
#1611=CARTESIAN_POINT('Control Point',(-4.70754721831,33.2628368531,151.903689506)) ;
#1612=CARTESIAN_POINT('Control Point',(-4.70754721831,31.1661233773,157.545903209)) ;
#1613=CARTESIAN_POINT('Control Point',(-4.59978249466,33.883175897,152.111229152)) ;
#1614=CARTESIAN_POINT('Control Point',(-4.59978249466,32.1586658475,157.877966644)) ;
#1615=CARTESIAN_POINT('Control Point',(-4.40158459381,34.8319136068,152.344801532)) ;
#1616=CARTESIAN_POINT('Control Point',(-4.40158459381,33.6766461832,158.251682452)) ;
#1617=CARTESIAN_POINT('Control Point',(-4.14947734354,35.7940669915,152.461342145)) ;
#1618=CARTESIAN_POINT('Control Point',(-4.14947734354,35.2160915987,158.438147432)) ;
#1619=CARTESIAN_POINT('Control Point',(-4.05950659133,36.1154734971,152.487155139)) ;
#1620=CARTESIAN_POINT('Control Point',(-4.05950659133,35.7303420076,158.479448222)) ;
#1621=CARTESIAN_POINT('Control Point',(-3.96374716561,36.436799036,152.5)) ;
#1622=CARTESIAN_POINT('Control Point',(-3.96374716561,36.24446287,158.5)) ;
#1623=CARTESIAN_POINT('Control Point',(-3.8624251423,36.7573593129,152.5)) ;
#1624=CARTESIAN_POINT('Control Point',(-3.8624251423,36.7573593129,158.5)) ;
#1626=CARTESIAN_POINT('Control Point',(-4.99999999983,29.489737779,149.368891995)) ;
#1627=CARTESIAN_POINT('Control Point',(-4.99999999983,25.1291648586,153.490227192)) ;
#1628=CARTESIAN_POINT('Vertex',(-4.99999999983,25.1291648586,153.490227192)) ;
#1632=CARTESIAN_POINT('Control Point',(-4.99999999983,25.1291648586,153.490227192)) ;
#1633=CARTESIAN_POINT('Control Point',(-4.99999999983,27.3799132478,155.871628366)) ;
#1634=CARTESIAN_POINT('Control Point',(-4.89360228249,30.280866457,157.638204891)) ;
#1635=CARTESIAN_POINT('Control Point',(-4.4964014157,33.5481441303,158.5)) ;
#1636=CARTESIAN_POINT('Control Point',(-3.8624251423,36.7573593129,158.5)) ;
#1645=CARTESIAN_POINT('Axis2P3D Location',(-4.99999999983,25.1291648586,153.490227192)) ;
#1650=CARTESIAN_POINT('Axis2P3D Location',(-4.99999999983,36.7573593129,142.5)) ;
#1662=CARTESIAN_POINT('Axis2P3D Location',(-3.86242514228,36.7573593129,142.5)) ;
#1668=CARTESIAN_POINT('Control Point',(-49.9999999998,25.1291648586,153.490227192)) ;
#1669=CARTESIAN_POINT('Control Point',(-49.9999999998,27.3799132478,155.871628366)) ;
#1670=CARTESIAN_POINT('Control Point',(-50.1064562737,30.281440457,157.638455582)) ;
#1671=CARTESIAN_POINT('Control Point',(-50.5035985839,33.5481441303,158.5)) ;
#1672=CARTESIAN_POINT('Control Point',(-51.1375748574,36.7573593129,158.5)) ;
#1673=CARTESIAN_POINT('Vertex',(-49.9999999998,25.1291648586,153.490227192)) ;
#1676=CARTESIAN_POINT('Axis2P3D Location',(-49.9999999998,36.7573593129,142.5)) ;
#1680=CARTESIAN_POINT('Vertex',(-49.9999999998,20.7573593129,142.5)) ;
#1683=CARTESIAN_POINT('Line Origine',(-27.4999999998,20.7573593129,142.5)) ;
#1687=CARTESIAN_POINT('Vertex',(-4.99999999983,20.7573593129,142.5)) ;
#1690=CARTESIAN_POINT('Line Origine',(-27.4999999998,20.7573593129,142.5)) ;
#1708=CARTESIAN_POINT('Axis2P3D Location',(5.00000000017,20.7573593129,143.5)) ;
#1713=CARTESIAN_POINT('Axis2P3D Location',(5.00000000017,20.7573593129,143.5)) ;
#1717=CARTESIAN_POINT('Vertex',(5.00000000017,20.7573593129,133.5)) ;
#1720=CARTESIAN_POINT('Line Origine',(5.00000000017,23.7573593129,133.5)) ;
#1724=CARTESIAN_POINT('Vertex',(5.00000000017,26.7573593129,133.5)) ;
#1727=CARTESIAN_POINT('Axis2P3D Location',(5.00000000017,26.7573593129,143.5)) ;
#1740=CARTESIAN_POINT('Control Point',(-49.9999999998,29.489737779,149.368891995)) ;
#1741=CARTESIAN_POINT('Control Point',(-49.9999999998,25.1291648586,153.490227192)) ;
#1742=CARTESIAN_POINT('Control Point',(-49.9999999998,29.9395904264,149.844857957)) ;
#1743=CARTESIAN_POINT('Control Point',(-49.9999999998,25.8489290946,154.251772732)) ;
#1744=CARTESIAN_POINT('Control Point',(-50.0107930969,30.4284076042,150.283997122)) ;
#1745=CARTESIAN_POINT('Control Point',(-50.0107930969,26.631036579,154.954395396)) ;
#1746=CARTESIAN_POINT('Control Point',(-50.036145955,30.9520831549,150.681958454)) ;
#1747=CARTESIAN_POINT('Control Point',(-50.036145955,27.46891746,155.591133526)) ;
#1748=CARTESIAN_POINT('Control Point',(-50.1231038588,32.059122598,151.388023084)) ;
#1749=CARTESIAN_POINT('Control Point',(-50.1231038588,29.240180569,156.720836934)) ;
#1750=CARTESIAN_POINT('Control Point',(-50.2924527813,33.262836853,151.903689506)) ;
#1751=CARTESIAN_POINT('Control Point',(-50.2924527813,31.1661233771,157.545903209)) ;
#1752=CARTESIAN_POINT('Control Point',(-50.400217505,33.883175897,152.111229152)) ;
#1753=CARTESIAN_POINT('Control Point',(-50.400217505,32.1586658475,157.877966644)) ;
#1754=CARTESIAN_POINT('Control Point',(-50.5984154058,34.8319136068,152.344801532)) ;
#1755=CARTESIAN_POINT('Control Point',(-50.5984154058,33.6766461831,158.251682452)) ;
#1756=CARTESIAN_POINT('Control Point',(-50.8505226561,35.7940669914,152.461342145)) ;
#1757=CARTESIAN_POINT('Control Point',(-50.8505226561,35.2160915986,158.438147432)) ;
#1758=CARTESIAN_POINT('Control Point',(-50.9404934083,36.115473497,152.487155139)) ;
#1759=CARTESIAN_POINT('Control Point',(-50.9404934083,35.7303420075,158.479448222)) ;
#1760=CARTESIAN_POINT('Control Point',(-51.036252834,36.436799036,152.5)) ;
#1761=CARTESIAN_POINT('Control Point',(-51.036252834,36.2444628699,158.5)) ;
#1762=CARTESIAN_POINT('Control Point',(-51.1375748574,36.7573593129,152.5)) ;
#1763=CARTESIAN_POINT('Control Point',(-51.1375748574,36.7573593129,158.5)) ;
#1765=CARTESIAN_POINT('Control Point',(-49.9999999998,29.489737779,149.368891995)) ;
#1766=CARTESIAN_POINT('Control Point',(-49.9999999998,25.1291648586,153.490227192)) ;
#1775=CARTESIAN_POINT('Axis2P3D Location',(-79.9999999996,110.757359313,158.5)) ;
#1787=CARTESIAN_POINT('Axis2P3D Location',(5.82076609135E-011,26.7573593129,58.2426406871)) ;
#1792=CARTESIAN_POINT('Axis2P3D Location',(53.5079975821,26.7573593129,143.5)) ;
#1796=CARTESIAN_POINT('Vertex',(58.200588927,26.7573593129,134.669394898)) ;
#1798=CARTESIAN_POINT('Vertex',(53.5079975821,26.7573593129,133.5)) ;
#1801=CARTESIAN_POINT('Line Origine',(71.6304432922,26.7573593129,141.80603136)) ;
#1806=CARTESIAN_POINT('Line Origine',(77.8078696846,26.7573593129,66.5)) ;
#1810=CARTESIAN_POINT('Vertex',(70.5554417118,26.7573593129,66.5)) ;
#1813=CARTESIAN_POINT('Axis2P3D Location',(70.5554417118,26.7573593129,73.5)) ;
#1817=CARTESIAN_POINT('Vertex',(63.7777208559,26.7573593129,71.75)) ;
#1820=CARTESIAN_POINT('Axis2P3D Location',(57.0000000001,26.7573593129,70.)) ;
#1824=CARTESIAN_POINT('Vertex',(50.0000000001,26.7573593129,70.)) ;
#1827=CARTESIAN_POINT('Line Origine',(50.0000000001,26.7573593129,66.1923881554)) ;
#1831=CARTESIAN_POINT('Vertex',(50.0000000001,26.7573593129,62.3847763108)) ;
#1834=CARTESIAN_POINT('Line Origine',(1.16415321827E-010,26.7573593129,62.3847763108)) ;
#1838=CARTESIAN_POINT('Vertex',(-50.0000000001,26.7573593129,62.3847763108)) ;
#1841=CARTESIAN_POINT('Line Origine',(-49.9999999998,26.7573593129,102.442388155)) ;
#1846=CARTESIAN_POINT('Line Origine',(29.2539987911,26.7573593129,133.5)) ;
#1866=CARTESIAN_POINT('Axis2P3D Location',(-35.,26.7573593129,130.5)) ;
#1870=CARTESIAN_POINT('Vertex',(-38.,26.7573593129,130.5)) ;
#1872=CARTESIAN_POINT('Vertex',(-35.,26.7573593129,133.5)) ;
#1875=CARTESIAN_POINT('Axis2P3D Location',(-35.,26.7573593129,130.5)) ;
#1879=CARTESIAN_POINT('Vertex',(-35.,26.7573593129,127.5)) ;
#1882=CARTESIAN_POINT('Axis2P3D Location',(-35.,26.7573593129,130.5)) ;
#1886=CARTESIAN_POINT('Vertex',(-32.,26.7573593129,130.5)) ;
#1889=CARTESIAN_POINT('Axis2P3D Location',(-35.,26.7573593129,130.5)) ;
#1900=CARTESIAN_POINT('Axis2P3D Location',(-35.,26.7573593129,82.5)) ;
#1904=CARTESIAN_POINT('Vertex',(-38.,26.7573593129,82.5)) ;
#1906=CARTESIAN_POINT('Vertex',(-35.,26.7573593129,85.5)) ;
#1909=CARTESIAN_POINT('Axis2P3D Location',(-35.,26.7573593129,82.5)) ;
#1913=CARTESIAN_POINT('Vertex',(-35.,26.7573593129,79.5)) ;
#1916=CARTESIAN_POINT('Axis2P3D Location',(-35.,26.7573593129,82.5)) ;
#1920=CARTESIAN_POINT('Vertex',(-32.,26.7573593129,82.5)) ;
#1923=CARTESIAN_POINT('Axis2P3D Location',(-35.,26.7573593129,82.5)) ;
#1935=CARTESIAN_POINT('Axis2P3D Location',(85.0602976575,36.7573593129,66.5)) ;
#1940=CARTESIAN_POINT('Line Origine',(85.0602976575,20.7573593129,109.842259905)) ;
#1953=CARTESIAN_POINT('Axis2P3D Location',(53.5079975821,20.7573593129,143.5)) ;
#1958=CARTESIAN_POINT('Line Origine',(58.200588927,23.7573593129,134.669394898)) ;
#1962=CARTESIAN_POINT('Vertex',(58.200588927,20.7573593129,134.669394898)) ;
#1965=CARTESIAN_POINT('Line Origine',(53.5079975821,23.7573593129,133.5)) ;
#1969=CARTESIAN_POINT('Vertex',(53.5079975821,20.7573593129,133.5)) ;
#1972=CARTESIAN_POINT('Axis2P3D Location',(53.5079975821,20.7573593129,143.5)) ;
#1984=CARTESIAN_POINT('Axis2P3D Location',(-35.,26.7573593129,130.5)) ;
#1989=CARTESIAN_POINT('Line Origine',(-35.,23.7573593129,127.5)) ;
#1993=CARTESIAN_POINT('Vertex',(-35.,20.7573593129,127.5)) ;
#1996=CARTESIAN_POINT('Line Origine',(-38.,23.7573593129,130.5)) ;
#2000=CARTESIAN_POINT('Vertex',(-38.,20.7573593129,130.5)) ;
#2003=CARTESIAN_POINT('Axis2P3D Location',(-35.,20.7573593129,130.5)) ;
#2015=CARTESIAN_POINT('Axis2P3D Location',(-35.,26.7573593129,82.5)) ;
#2020=CARTESIAN_POINT('Line Origine',(-35.,23.7573593129,79.5)) ;
#2024=CARTESIAN_POINT('Vertex',(-35.,20.7573593129,79.5)) ;
#2027=CARTESIAN_POINT('Line Origine',(-38.,23.7573593129,82.5)) ;
#2031=CARTESIAN_POINT('Vertex',(-38.,20.7573593129,82.5)) ;
#2034=CARTESIAN_POINT('Axis2P3D Location',(-35.,20.7573593129,82.5)) ;
#2046=CARTESIAN_POINT('Axis2P3D Location',(-35.,20.7573593129,82.5)) ;
#2050=CARTESIAN_POINT('Vertex',(-32.,20.7573593129,82.5)) ;
#2053=CARTESIAN_POINT('Line Origine',(-32.,23.7573593129,82.5)) ;
#2065=CARTESIAN_POINT('Axis2P3D Location',(-35.,26.7573593129,82.5)) ;
#2070=CARTESIAN_POINT('Axis2P3D Location',(-35.,20.7573593129,82.5)) ;
#2074=CARTESIAN_POINT('Vertex',(-35.,20.7573593129,85.5)) ;
#2077=CARTESIAN_POINT('Line Origine',(-35.,23.7573593129,85.5)) ;
#2089=CARTESIAN_POINT('Axis2P3D Location',(-35.,20.7573593129,82.5)) ;
#2101=CARTESIAN_POINT('Axis2P3D Location',(70.5554417118,20.7573593129,73.5)) ;
#2106=CARTESIAN_POINT('Axis2P3D Location',(70.5554417118,20.7573593129,73.5)) ;
#2110=CARTESIAN_POINT('Vertex',(70.5554417118,20.7573593129,66.5)) ;
#2112=CARTESIAN_POINT('Vertex',(63.7777208559,20.7573593129,71.75)) ;
#2115=CARTESIAN_POINT('Line Origine',(63.7777208559,23.7573593129,71.75)) ;
#2120=CARTESIAN_POINT('Line Origine',(70.5554417118,23.7573593129,66.5)) ;
#2132=CARTESIAN_POINT('Axis2P3D Location',(70.5301488288,20.7573593129,141.221333911)) ;
#2137=CARTESIAN_POINT('Line Origine',(71.6304432922,20.7573593129,141.80603136)) ;
#2149=CARTESIAN_POINT('Axis2P3D Location',(77.8078696846,20.7573593129,66.5)) ;
#2154=CARTESIAN_POINT('Line Origine',(77.8078696846,20.7573593129,66.5)) ;
#2166=CARTESIAN_POINT('Axis2P3D Location',(-35.,20.7573593129,130.5)) ;
#2170=CARTESIAN_POINT('Vertex',(-32.,20.7573593129,130.5)) ;
#2173=CARTESIAN_POINT('Line Origine',(-32.,23.7573593129,130.5)) ;
#2185=CARTESIAN_POINT('Axis2P3D Location',(-35.,26.7573593129,130.5)) ;
#2190=CARTESIAN_POINT('Axis2P3D Location',(-35.,20.7573593129,130.5)) ;
#2194=CARTESIAN_POINT('Vertex',(-35.,20.7573593129,133.5)) ;
#2197=CARTESIAN_POINT('Line Origine',(-35.,23.7573593129,133.5)) ;
#2209=CARTESIAN_POINT('Axis2P3D Location',(-35.,20.7573593129,130.5)) ;
#2221=CARTESIAN_POINT('Axis2P3D Location',(25.5000000002,20.7573593129,133.5)) ;
#2226=CARTESIAN_POINT('Line Origine',(29.2539987911,20.7573593129,133.5)) ;
#2238=CARTESIAN_POINT('Axis2P3D Location',(5.82076609135E-011,20.7573593129,58.2426406871)) ;
#2243=CARTESIAN_POINT('Line Origine',(-49.9999999998,20.7573593129,110.568542495)) ;
#2247=CARTESIAN_POINT('Vertex',(-50.0000000001,20.7573593129,62.3847763108)) ;
#2250=CARTESIAN_POINT('Line Origine',(19.35,20.7573593129,62.3847763108)) ;
#2254=CARTESIAN_POINT('Vertex',(50.0000000001,20.7573593129,62.3847763108)) ;
#2257=CARTESIAN_POINT('Line Origine',(50.0000000001,20.7573593129,110.568542495)) ;
#2261=CARTESIAN_POINT('Vertex',(50.0000000001,20.7573593129,70.)) ;
#2265=CARTESIAN_POINT('Control Point',(50.0000000001,20.7573593129,70.)) ;
#2266=CARTESIAN_POINT('Control Point',(50.0000000001,20.7573593129,71.0111193394)) ;
#2267=CARTESIAN_POINT('Control Point',(50.1825646998,20.7573593129,72.0222386789)) ;
#2268=CARTESIAN_POINT('Control Point',(50.5478244776,20.7573593129,72.9893652127)) ;
#2269=CARTESIAN_POINT('Control Point',(51.6106725464,20.7573593129,74.7480928027)) ;
#2270=CARTESIAN_POINT('Control Point',(53.2214591243,20.7573593129,76.0240768751)) ;
#2271=CARTESIAN_POINT('Control Point',(54.1348530661,20.7573593129,76.5082875162)) ;
#2272=CARTESIAN_POINT('Control Point',(56.0949660169,20.7573593129,77.1253174775)) ;
#2273=CARTESIAN_POINT('Control Point',(58.1470947109,20.7573593129,77.0179090242)) ;
#2274=CARTESIAN_POINT('Control Point',(59.1525372524,20.7573593129,76.7774225723)) ;
#2275=CARTESIAN_POINT('Control Point',(61.0311706682,20.7573593129,75.9446529512)) ;
#2276=CARTESIAN_POINT('Control Point',(62.4999507832,20.7573593129,74.5074843018)) ;
#2277=CARTESIAN_POINT('Control Point',(63.0953936758,20.7573593129,73.6623830064)) ;
#2278=CARTESIAN_POINT('Control Point',(63.5249410211,20.7573593129,72.7290120906)) ;
#2279=CARTESIAN_POINT('Control Point',(63.7777208559,20.7573593129,71.75)) ;
#2309=CARTESIAN_POINT('Axis2P3D Location',(-49.9999999998,20.7573593129,142.5)) ;
#2314=CARTESIAN_POINT('Line Origine',(-49.9999999998,23.7573593129,142.5)) ;
#2326=CARTESIAN_POINT('Axis2P3D Location',(57.0000000001,20.7573593129,70.)) ;
#2331=CARTESIAN_POINT('Line Origine',(50.0000000001,23.7573593129,70.)) ;
#2343=CARTESIAN_POINT('Axis2P3D Location',(-49.9999999998,26.7573593129,112.639610307)) ;
#2348=CARTESIAN_POINT('Line Origine',(-49.9999999998,23.7573593129,62.3847763108)) ;
#2360=CARTESIAN_POINT('Axis2P3D Location',(-50.0000000001,10.7573593129,62.3847763108)) ;
#2365=CARTESIAN_POINT('Line Origine',(-1.42108547152E-014,22.0710678119,51.0710678119)) ;
#2369=CARTESIAN_POINT('Vertex',(-50.0000000001,22.0710678118,51.0710678118)) ;
#2371=CARTESIAN_POINT('Vertex',(50.0000000001,22.0710678118,51.0710678118)) ;
#2374=CARTESIAN_POINT('Axis2P3D Location',(-50.0000000001,10.7573593129,62.3847763108)) ;
#2379=CARTESIAN_POINT('Axis2P3D Location',(50.0000000001,10.7573593129,62.3847763108)) ;
#2391=CARTESIAN_POINT('Axis2P3D Location',(50.0000000001,-4.89892918779E-015,72.5474244353)) ;
#2396=CARTESIAN_POINT('Line Origine',(50.0000000001,23.7573593129,62.3847763108)) ;
#2408=CARTESIAN_POINT('Axis2P3D Location',(-50.0000000001,10.7573593129,62.3847763108)) ;
#2413=CARTESIAN_POINT('Axis2P3D Location',(50.0000000001,10.7573593129,62.3847763108)) ;
#2417=CARTESIAN_POINT('Vertex',(50.0000000001,17.8284271247,55.313708499)) ;
#2420=CARTESIAN_POINT('Axis2P3D Location',(-50.0000000001,10.7573593129,62.3847763108)) ;
#2424=CARTESIAN_POINT('Vertex',(-50.0000000001,17.8284271247,55.313708499)) ;
#2427=CARTESIAN_POINT('Line Origine',(-7.1054273576E-015,17.8284271247,55.313708499)) ;
#2439=CARTESIAN_POINT('Axis2P3D Location',(-50.0000000001,17.8284271247,55.313708499)) ;
#2444=CARTESIAN_POINT('Line Origine',(-50.0000000001,19.9497474683,53.1923881554)) ;
#2456=CARTESIAN_POINT('Axis2P3D Location',(-3.5527136788E-015,6.,35.)) ;
#2461=CARTESIAN_POINT('Line Origine',(50.0000000001,16.9644660941,45.9644660941)) ;
#2465=CARTESIAN_POINT('Vertex',(50.,8.92893218813,37.9289321881)) ;
#2468=CARTESIAN_POINT('Line Origine',(2.85993451143E-011,8.92893218813,37.9289321881)) ;
#2472=CARTESIAN_POINT('Vertex',(-50.,8.92893218813,37.9289321881)) ;
#2475=CARTESIAN_POINT('Line Origine',(-50.0000000001,16.9644660941,45.9644660941)) ;
#2487=CARTESIAN_POINT('Axis2P3D Location',(50.0000000001,17.8284271247,55.313708499)) ;
#2492=CARTESIAN_POINT('Line Origine',(50.0000000001,19.9497474683,53.1923881554)) ;
#2504=CARTESIAN_POINT('Axis2P3D Location',(-3.5527136788E-015,1.75735931288,39.2426406871)) ;
#2509=CARTESIAN_POINT('Line Origine',(-50.0000000001,11.2573593129,48.7426406871)) ;
#2513=CARTESIAN_POINT('Vertex',(-50.,4.68629150102,42.1715728753)) ;
#2516=CARTESIAN_POINT('Line Origine',(0.,4.68629150102,42.1715728753)) ;
#2520=CARTESIAN_POINT('Vertex',(50.,4.68629150102,42.1715728753)) ;
#2523=CARTESIAN_POINT('Line Origine',(50.0000000001,11.2573593129,48.7426406871)) ;
#2535=CARTESIAN_POINT('Axis2P3D Location',(-50.0000000001,12.7218254069,50.2071067812)) ;
#2540=CARTESIAN_POINT('Line Origine',(-50.0000000001,6.80761184457,40.0502525317)) ;
#2552=CARTESIAN_POINT('Axis2P3D Location',(50.0000000001,16.,30.8578643763)) ;
#2557=CARTESIAN_POINT('Axis2P3D Location',(-50.,16.,30.8578643763)) ;
#2561=CARTESIAN_POINT('Vertex',(-50.,6.,30.8578643763)) ;
#2564=CARTESIAN_POINT('Axis2P3D Location',(50.,16.,30.8578643763)) ;
#2568=CARTESIAN_POINT('Vertex',(50.,6.,30.8578643763)) ;
#2571=CARTESIAN_POINT('Line Origine',(7.1054273576E-015,6.,30.8578643763)) ;
#2583=CARTESIAN_POINT('Axis2P3D Location',(50.0000000001,12.7218254069,50.2071067812)) ;
#2588=CARTESIAN_POINT('Line Origine',(50.0000000001,6.80761184457,40.0502525317)) ;
#2600=CARTESIAN_POINT('Axis2P3D Location',(50.0000000001,16.,30.8578643763)) ;
#2605=CARTESIAN_POINT('Line Origine',(-7.1054273576E-015,1.7763568394E-015,30.8578643763)) ;
#2609=CARTESIAN_POINT('Vertex',(50.,0.,30.8578643763)) ;
#2611=CARTESIAN_POINT('Vertex',(-50.,0.,30.8578643763)) ;
#2614=CARTESIAN_POINT('Axis2P3D Location',(50.,16.,30.8578643763)) ;
#2619=CARTESIAN_POINT('Axis2P3D Location',(-50.,16.,30.8578643763)) ;
#2631=CARTESIAN_POINT('Axis2P3D Location',(-35.,6.,-17.5)) ;
#2636=CARTESIAN_POINT('Line Origine',(-35.,3.,-21.75)) ;
#2640=CARTESIAN_POINT('Vertex',(-35.,0.,-21.75)) ;
#2642=CARTESIAN_POINT('Vertex',(-35.,6.,-21.75)) ;
#2645=CARTESIAN_POINT('Axis2P3D Location',(-35.,6.,-17.5)) ;
#2649=CARTESIAN_POINT('Vertex',(-39.25,6.,-17.5)) ;
#2652=CARTESIAN_POINT('Line Origine',(-39.25,3.,-17.5)) ;
#2656=CARTESIAN_POINT('Vertex',(-39.25,0.,-17.5)) ;
#2659=CARTESIAN_POINT('Axis2P3D Location',(-35.,0.,-17.5)) ;
#2671=CARTESIAN_POINT('Axis2P3D Location',(-35.,0.,-17.5)) ;
#2675=CARTESIAN_POINT('Vertex',(-30.75,0.,-17.5)) ;
#2678=CARTESIAN_POINT('Line Origine',(-30.75,3.,-17.5)) ;
#2682=CARTESIAN_POINT('Vertex',(-30.75,6.,-17.5)) ;
#2685=CARTESIAN_POINT('Axis2P3D Location',(-35.,6.,-17.5)) ;
#2697=CARTESIAN_POINT('Axis2P3D Location',(-35.,6.,-17.5)) ;
#2702=CARTESIAN_POINT('Axis2P3D Location',(-35.,6.,-17.5)) ;
#2706=CARTESIAN_POINT('Vertex',(-35.,6.,-13.25)) ;
#2709=CARTESIAN_POINT('Axis2P3D Location',(-35.,0.,-17.5)) ;
#2713=CARTESIAN_POINT('Vertex',(-35.,0.,-13.25)) ;
#2716=CARTESIAN_POINT('Line Origine',(-35.,3.,-13.25)) ;
#2728=CARTESIAN_POINT('Axis2P3D Location',(-35.,0.,-17.5)) ;
#2733=CARTESIAN_POINT('Axis2P3D Location',(-35.,6.,-17.5)) ;
#2745=CARTESIAN_POINT('Axis2P3D Location',(35.,6.,-17.5)) ;
#2750=CARTESIAN_POINT('Line Origine',(35.,3.,-21.75)) ;
#2754=CARTESIAN_POINT('Vertex',(35.,0.,-21.75)) ;
#2756=CARTESIAN_POINT('Vertex',(35.,6.,-21.75)) ;
#2759=CARTESIAN_POINT('Axis2P3D Location',(35.,6.,-17.5)) ;
#2763=CARTESIAN_POINT('Vertex',(30.75,6.,-17.5)) ;
#2766=CARTESIAN_POINT('Line Origine',(30.75,3.,-17.5)) ;
#2770=CARTESIAN_POINT('Vertex',(30.75,0.,-17.5)) ;
#2773=CARTESIAN_POINT('Axis2P3D Location',(35.,0.,-17.5)) ;
#2785=CARTESIAN_POINT('Axis2P3D Location',(35.,0.,-17.5)) ;
#2789=CARTESIAN_POINT('Vertex',(39.25,0.,-17.5)) ;
#2792=CARTESIAN_POINT('Line Origine',(39.25,3.,-17.5)) ;
#2796=CARTESIAN_POINT('Vertex',(39.25,6.,-17.5)) ;
#2799=CARTESIAN_POINT('Axis2P3D Location',(35.,6.,-17.5)) ;
#2811=CARTESIAN_POINT('Axis2P3D Location',(35.,6.,-17.5)) ;
#2816=CARTESIAN_POINT('Axis2P3D Location',(35.,6.,-17.5)) ;
#2820=CARTESIAN_POINT('Vertex',(35.,6.,-13.25)) ;
#2823=CARTESIAN_POINT('Axis2P3D Location',(35.,0.,-17.5)) ;
#2827=CARTESIAN_POINT('Vertex',(35.,0.,-13.25)) ;
#2830=CARTESIAN_POINT('Line Origine',(35.,3.,-13.25)) ;
#2842=CARTESIAN_POINT('Axis2P3D Location',(35.,0.,-17.5)) ;
#2847=CARTESIAN_POINT('Axis2P3D Location',(35.,6.,-17.5)) ;
#2859=CARTESIAN_POINT('Axis2P3D Location',(-50.,4.68629150102,42.1715728753)) ;
#2864=CARTESIAN_POINT('Line Origine',(-50.,6.,0.678932188035)) ;
#2868=CARTESIAN_POINT('Vertex',(-50.,6.,-29.5)) ;
#2871=CARTESIAN_POINT('Axis2P3D Location',(-50.,6.,-31.5)) ;
#2875=CARTESIAN_POINT('Vertex',(-50.,4.,-31.5)) ;
#2878=CARTESIAN_POINT('Line Origine',(-50.,4.,-43.)) ;
#2882=CARTESIAN_POINT('Vertex',(-50.,4.,-54.5)) ;
#2885=CARTESIAN_POINT('Line Origine',(-50.,2.,-54.5)) ;
#2889=CARTESIAN_POINT('Vertex',(-50.,0.,-54.5)) ;
#2892=CARTESIAN_POINT('Line Origine',(-50.,8.21565038223E-015,-11.821067812)) ;
#2908=CARTESIAN_POINT('Axis2P3D Location',(0.,6.,0.)) ;
#2913=CARTESIAN_POINT('Line Origine',(50.,6.,-14.75)) ;
#2917=CARTESIAN_POINT('Vertex',(50.,6.,-29.5)) ;
#2920=CARTESIAN_POINT('Line Origine',(-5.0448534239E-013,6.,-29.5)) ;
#2944=CARTESIAN_POINT('Axis2P3D Location',(50.,4.68629150102,42.1715728753)) ;
#2949=CARTESIAN_POINT('Line Origine',(50.,2.44249065418E-015,-11.8210678118)) ;
#2953=CARTESIAN_POINT('Vertex',(50.,0.,-54.5)) ;
#2956=CARTESIAN_POINT('Line Origine',(50.,2.,-54.5)) ;
#2960=CARTESIAN_POINT('Vertex',(50.,4.,-54.5)) ;
#2963=CARTESIAN_POINT('Line Origine',(50.,4.,-43.)) ;
#2967=CARTESIAN_POINT('Vertex',(50.,4.,-31.5)) ;
#2970=CARTESIAN_POINT('Axis2P3D Location',(50.,6.,-31.5)) ;
#2986=CARTESIAN_POINT('Axis2P3D Location',(0.,0.,0.)) ;
#2991=CARTESIAN_POINT('Line Origine',(0.,0.,-64.5)) ;
#2995=CARTESIAN_POINT('Vertex',(40.,0.,-64.5)) ;
#2997=CARTESIAN_POINT('Vertex',(-40.,0.,-64.5)) ;
#3000=CARTESIAN_POINT('Axis2P3D Location',(40.,0.,-54.5)) ;
#3005=CARTESIAN_POINT('Axis2P3D Location',(-40.,0.,-54.5)) ;
#3030=CARTESIAN_POINT('Axis2P3D Location',(-27.,0.,-57.5)) ;
#3034=CARTESIAN_POINT('Vertex',(-30.5,0.,-57.5)) ;
#3036=CARTESIAN_POINT('Vertex',(-27.,0.,-54.)) ;
#3039=CARTESIAN_POINT('Axis2P3D Location',(-27.,0.,-57.5)) ;
#3043=CARTESIAN_POINT('Vertex',(-23.5,0.,-57.5)) ;
#3046=CARTESIAN_POINT('Axis2P3D Location',(-27.,0.,-57.5)) ;
#3050=CARTESIAN_POINT('Vertex',(-27.,0.,-61.)) ;
#3053=CARTESIAN_POINT('Axis2P3D Location',(-27.,0.,-57.5)) ;
#3064=CARTESIAN_POINT('Axis2P3D Location',(27.,0.,-57.5)) ;
#3068=CARTESIAN_POINT('Vertex',(23.5,0.,-57.5)) ;
#3070=CARTESIAN_POINT('Vertex',(27.,0.,-54.)) ;
#3073=CARTESIAN_POINT('Axis2P3D Location',(27.,0.,-57.5)) ;
#3077=CARTESIAN_POINT('Vertex',(30.5,0.,-57.5)) ;
#3080=CARTESIAN_POINT('Axis2P3D Location',(27.,0.,-57.5)) ;
#3084=CARTESIAN_POINT('Vertex',(27.,0.,-61.)) ;
#3087=CARTESIAN_POINT('Axis2P3D Location',(27.,0.,-57.5)) ;
#3099=CARTESIAN_POINT('Axis2P3D Location',(-40.,0.,-54.5)) ;
#3104=CARTESIAN_POINT('Line Origine',(-40.,3.,-64.5)) ;
#3108=CARTESIAN_POINT('Vertex',(-40.,4.,-64.5)) ;
#3111=CARTESIAN_POINT('Axis2P3D Location',(-40.,4.,-54.5)) ;
#3123=CARTESIAN_POINT('Axis2P3D Location',(7.1054273576E-015,6.,-31.5)) ;
#3128=CARTESIAN_POINT('Line Origine',(0.,4.,-31.5)) ;
#3140=CARTESIAN_POINT('Axis2P3D Location',(40.,0.,-54.5)) ;
#3145=CARTESIAN_POINT('Line Origine',(40.,3.,-64.5)) ;
#3149=CARTESIAN_POINT('Vertex',(40.,4.,-64.5)) ;
#3152=CARTESIAN_POINT('Axis2P3D Location',(40.,4.,-54.5)) ;
#3164=CARTESIAN_POINT('Axis2P3D Location',(50.,0.,-64.5)) ;
#3169=CARTESIAN_POINT('Line Origine',(0.,4.,-64.5)) ;
#3181=CARTESIAN_POINT('Axis2P3D Location',(-27.,6.,-57.5)) ;
#3186=CARTESIAN_POINT('Axis2P3D Location',(-27.,4.,-57.5)) ;
#3190=CARTESIAN_POINT('Vertex',(-30.5,4.,-57.5)) ;
#3192=CARTESIAN_POINT('Vertex',(-27.,4.,-54.)) ;
#3195=CARTESIAN_POINT('Line Origine',(-27.,3.,-54.)) ;
#3200=CARTESIAN_POINT('Line Origine',(-30.5,3.,-57.5)) ;
#3212=CARTESIAN_POINT('Axis2P3D Location',(-27.,6.,-57.5)) ;
#3217=CARTESIAN_POINT('Axis2P3D Location',(-27.,4.,-57.5)) ;
#3221=CARTESIAN_POINT('Vertex',(-27.,4.,-61.)) ;
#3224=CARTESIAN_POINT('Line Origine',(-27.,3.,-61.)) ;
#3236=CARTESIAN_POINT('Axis2P3D Location',(-27.,4.,-57.5)) ;
#3240=CARTESIAN_POINT('Vertex',(-23.5,4.,-57.5)) ;
#3243=CARTESIAN_POINT('Line Origine',(-23.5,3.,-57.5)) ;
#3255=CARTESIAN_POINT('Axis2P3D Location',(-27.,4.,-57.5)) ;
#3267=CARTESIAN_POINT('Axis2P3D Location',(27.,6.,-57.5)) ;
#3272=CARTESIAN_POINT('Axis2P3D Location',(27.,4.,-57.5)) ;
#3276=CARTESIAN_POINT('Vertex',(23.5,4.,-57.5)) ;
#3278=CARTESIAN_POINT('Vertex',(27.,4.,-54.)) ;
#3281=CARTESIAN_POINT('Line Origine',(27.,3.,-54.)) ;
#3286=CARTESIAN_POINT('Line Origine',(23.5,3.,-57.5)) ;
#3298=CARTESIAN_POINT('Axis2P3D Location',(27.,6.,-57.5)) ;
#3303=CARTESIAN_POINT('Axis2P3D Location',(27.,4.,-57.5)) ;
#3307=CARTESIAN_POINT('Vertex',(27.,4.,-61.)) ;
#3310=CARTESIAN_POINT('Line Origine',(27.,3.,-61.)) ;
#3322=CARTESIAN_POINT('Axis2P3D Location',(27.,4.,-57.5)) ;
#3326=CARTESIAN_POINT('Vertex',(30.5,4.,-57.5)) ;
#3329=CARTESIAN_POINT('Line Origine',(30.5,3.,-57.5)) ;
#3341=CARTESIAN_POINT('Axis2P3D Location',(27.,4.,-57.5)) ;
#3353=CARTESIAN_POINT('Axis2P3D Location',(0.,4.,0.)) ;
#3384=CARTESIAN_POINT('Axis2P3D Location',(-15.,10.7573593129,62.3847763108)) ;
#3389=CARTESIAN_POINT('Axis2P3D Location',(-13.,10.7573593129,62.3847763108)) ;
#3393=CARTESIAN_POINT('Vertex',(-13.,22.0710678119,51.0710678119)) ;
#3395=CARTESIAN_POINT('Vertex',(-13.,26.7573593129,62.3847763108)) ;
#3398=CARTESIAN_POINT('Line Origine',(-15.,26.7573593129,62.3847763108)) ;
#3402=CARTESIAN_POINT('Vertex',(-17.,26.7573593129,62.3847763108)) ;
#3405=CARTESIAN_POINT('Axis2P3D Location',(-17.,10.7573593129,62.3847763108)) ;
#3409=CARTESIAN_POINT('Vertex',(-17.,22.0710678119,51.0710678119)) ;
#3412=CARTESIAN_POINT('Line Origine',(-15.,22.0710678119,51.0710678119)) ;
#3424=CARTESIAN_POINT('Axis2P3D Location',(-50.,26.7573593129,62.3847763108)) ;
#3429=CARTESIAN_POINT('Line Origine',(-13.,26.7573593129,102.442388155)) ;
#3433=CARTESIAN_POINT('Vertex',(-13.,26.7573593129,142.5)) ;
#3436=CARTESIAN_POINT('Line Origine',(-15.,26.7573593129,142.5)) ;
#3440=CARTESIAN_POINT('Vertex',(-17.,26.7573593129,142.5)) ;
#3443=CARTESIAN_POINT('Line Origine',(-17.,26.7573593129,102.442388155)) ;
#3455=CARTESIAN_POINT('Axis2P3D Location',(-15.,36.7573593129,142.5)) ;
#3460=CARTESIAN_POINT('Axis2P3D Location',(-13.,36.7573593129,142.5)) ;
#3464=CARTESIAN_POINT('Vertex',(-13.,36.7573593129,152.5)) ;
#3467=CARTESIAN_POINT('Line Origine',(-15.,36.7573593129,152.5)) ;
#3471=CARTESIAN_POINT('Vertex',(-17.,36.7573593129,152.5)) ;
#3474=CARTESIAN_POINT('Axis2P3D Location',(-17.,36.7573593129,142.5)) ;
#3486=CARTESIAN_POINT('Axis2P3D Location',(-50.,36.7573593129,152.5)) ;
#3491=CARTESIAN_POINT('Line Origine',(-13.,56.7573593129,152.5)) ;
#3495=CARTESIAN_POINT('Vertex',(-13.,76.7573593129,152.5)) ;
#3498=CARTESIAN_POINT('Line Origine',(-15.,76.7573593129,152.5)) ;
#3502=CARTESIAN_POINT('Vertex',(-17.,76.7573593129,152.5)) ;
#3505=CARTESIAN_POINT('Line Origine',(-17.,56.7573593129,152.5)) ;
#3517=CARTESIAN_POINT('Axis2P3D Location',(-50.,76.7573593129,152.5)) ;
#3522=CARTESIAN_POINT('Line Origine',(-15.,76.7573593129,142.5)) ;
#3526=CARTESIAN_POINT('Vertex',(-17.,76.7573593129,142.5)) ;
#3528=CARTESIAN_POINT('Vertex',(-13.,76.7573593129,142.5)) ;
#3531=CARTESIAN_POINT('Line Origine',(-17.,76.7573593129,147.5)) ;
#3536=CARTESIAN_POINT('Line Origine',(-13.,76.7573593129,147.5)) ;
#3548=CARTESIAN_POINT('Axis2P3D Location',(-15.,71.7573593129,142.5)) ;
#3553=CARTESIAN_POINT('Axis2P3D Location',(-13.,71.7573593129,142.5)) ;
#3557=CARTESIAN_POINT('Vertex',(-13.,71.7573593129,137.5)) ;
#3560=CARTESIAN_POINT('Line Origine',(-15.,71.7573593129,137.5)) ;
#3564=CARTESIAN_POINT('Vertex',(-17.,71.7573593129,137.5)) ;
#3567=CARTESIAN_POINT('Axis2P3D Location',(-17.,71.7573593129,142.5)) ;
#3579=CARTESIAN_POINT('Axis2P3D Location',(-50.,76.7573593129,137.5)) ;
#3584=CARTESIAN_POINT('Line Origine',(-13.,69.2573593129,137.5)) ;
#3588=CARTESIAN_POINT('Vertex',(-13.,66.7573593129,137.5)) ;
#3591=CARTESIAN_POINT('Line Origine',(-15.,66.7573593129,137.5)) ;
#3595=CARTESIAN_POINT('Vertex',(-17.,66.7573593129,137.5)) ;
#3598=CARTESIAN_POINT('Line Origine',(-17.,69.2573593129,137.5)) ;
#3610=CARTESIAN_POINT('Axis2P3D Location',(-15.,66.7573593129,112.5)) ;
#3615=CARTESIAN_POINT('Axis2P3D Location',(-13.,66.7573593129,112.5)) ;
#3619=CARTESIAN_POINT('Vertex',(-13.,41.7573593129,112.5)) ;
#3622=CARTESIAN_POINT('Line Origine',(-15.,41.7573593129,112.5)) ;
#3626=CARTESIAN_POINT('Vertex',(-17.,41.7573593129,112.5)) ;
#3629=CARTESIAN_POINT('Axis2P3D Location',(-17.,66.7573593129,112.5)) ;
#3641=CARTESIAN_POINT('Axis2P3D Location',(-50.,41.7573593129,137.5)) ;
#3646=CARTESIAN_POINT('Line Origine',(-13.,41.7573593129,83.0931457505)) ;
#3650=CARTESIAN_POINT('Vertex',(-13.,41.7573593129,53.686291501)) ;
#3653=CARTESIAN_POINT('Line Origine',(-15.,41.7573593129,53.686291501)) ;
#3657=CARTESIAN_POINT('Vertex',(-17.,41.7573593129,53.686291501)) ;
#3660=CARTESIAN_POINT('Line Origine',(-17.,41.7573593129,83.0931457505)) ;
#3672=CARTESIAN_POINT('Axis2P3D Location',(-15.,31.7573593129,53.686291501)) ;
#3677=CARTESIAN_POINT('Axis2P3D Location',(-13.,31.7573593129,53.686291501)) ;
#3681=CARTESIAN_POINT('Vertex',(-13.,38.8284271247,46.6152236891)) ;
#3684=CARTESIAN_POINT('Line Origine',(-15.,38.8284271247,46.6152236891)) ;
#3688=CARTESIAN_POINT('Vertex',(-17.,38.8284271247,46.6152236891)) ;
#3691=CARTESIAN_POINT('Axis2P3D Location',(-17.,31.7573593129,53.686291501)) ;
#3703=CARTESIAN_POINT('Axis2P3D Location',(-50.,41.7573593129,49.5441558773)) ;
#3708=CARTESIAN_POINT('Line Origine',(-13.,31.3786796564,39.1654762208)) ;
#3712=CARTESIAN_POINT('Vertex',(-13.,23.9289321881,31.7157287525)) ;
#3715=CARTESIAN_POINT('Line Origine',(-15.,23.9289321881,31.7157287525)) ;
#3719=CARTESIAN_POINT('Vertex',(-17.,23.9289321881,31.7157287525)) ;
#3722=CARTESIAN_POINT('Line Origine',(-17.,31.3786796564,39.1654762208)) ;
#3734=CARTESIAN_POINT('Axis2P3D Location',(-15.,31.,24.6446609407)) ;
#3739=CARTESIAN_POINT('Axis2P3D Location',(-13.,31.,24.6446609407)) ;
#3743=CARTESIAN_POINT('Vertex',(-13.,21.,24.6446609407)) ;
#3746=CARTESIAN_POINT('Line Origine',(-15.,21.,24.6446609407)) ;
#3750=CARTESIAN_POINT('Vertex',(-17.,21.,24.6446609407)) ;
#3753=CARTESIAN_POINT('Axis2P3D Location',(-17.,31.,24.6446609407)) ;
#3765=CARTESIAN_POINT('Axis2P3D Location',(-50.,21.,-15.)) ;
#3770=CARTESIAN_POINT('Line Origine',(-17.,21.,7.32233047034)) ;
#3774=CARTESIAN_POINT('Vertex',(-17.,21.,-10.)) ;
#3777=CARTESIAN_POINT('Line Origine',(-13.,21.,7.32233047034)) ;
#3781=CARTESIAN_POINT('Vertex',(-13.,21.,-10.)) ;
#3784=CARTESIAN_POINT('Line Origine',(-15.,21.,-10.)) ;
#3796=CARTESIAN_POINT('Axis2P3D Location',(-15.,16.,-10.)) ;
#3801=CARTESIAN_POINT('Axis2P3D Location',(-13.,16.,-10.)) ;
#3805=CARTESIAN_POINT('Vertex',(-13.,16.,-15.)) ;
#3808=CARTESIAN_POINT('Line Origine',(-15.,16.,-15.)) ;
#3812=CARTESIAN_POINT('Vertex',(-17.,16.,-15.)) ;
#3815=CARTESIAN_POINT('Axis2P3D Location',(-17.,16.,-10.)) ;
#3827=CARTESIAN_POINT('Axis2P3D Location',(-50.,6.,-15.)) ;
#3832=CARTESIAN_POINT('Line Origine',(-13.,11.,-15.)) ;
#3836=CARTESIAN_POINT('Vertex',(-13.,6.,-15.)) ;
#3839=CARTESIAN_POINT('Line Origine',(-15.,6.,-15.)) ;
#3843=CARTESIAN_POINT('Vertex',(-17.,6.,-15.)) ;
#3846=CARTESIAN_POINT('Line Origine',(-17.,11.,-15.)) ;
#3858=CARTESIAN_POINT('Axis2P3D Location',(-50.,6.,30.8578643763)) ;
#3863=CARTESIAN_POINT('Line Origine',(-13.,6.,7.92893218813)) ;
#3867=CARTESIAN_POINT('Vertex',(-13.,6.,30.8578643763)) ;
#3870=CARTESIAN_POINT('Line Origine',(-15.,6.,30.8578643763)) ;
#3874=CARTESIAN_POINT('Vertex',(-17.,6.,30.8578643763)) ;
#3877=CARTESIAN_POINT('Line Origine',(-17.,6.,7.92893218813)) ;
#3889=CARTESIAN_POINT('Axis2P3D Location',(-15.,15.9999999997,30.8578643763)) ;
#3894=CARTESIAN_POINT('Axis2P3D Location',(-13.,15.9999999997,30.8578643763)) ;
#3898=CARTESIAN_POINT('Vertex',(-13.,8.92893218804,37.9289321879)) ;
#3901=CARTESIAN_POINT('Line Origine',(-15.,8.92893218804,37.9289321879)) ;
#3905=CARTESIAN_POINT('Vertex',(-17.,8.92893218804,37.9289321879)) ;
#3908=CARTESIAN_POINT('Axis2P3D Location',(-17.,15.9999999997,30.8578643763)) ;
#3920=CARTESIAN_POINT('Axis2P3D Location',(-50.,22.0710678119,51.0710678119)) ;
#3925=CARTESIAN_POINT('Line Origine',(-13.,15.5,44.5)) ;
#3930=CARTESIAN_POINT('Line Origine',(-17.,15.5,44.5)) ;
#3942=CARTESIAN_POINT('Axis2P3D Location',(-17.,0.,0.)) ;
#3968=CARTESIAN_POINT('Axis2P3D Location',(-13.,0.,0.)) ;
#8=PRODUCT_RELATED_PRODUCT_CATEGORY('part',$,(#5)) ;
#29=STYLED_ITEM(' ',(#28),#21) ;
#3382=STYLED_ITEM(' ',(#28),#3381) ;
#28=PRESENTATION_STYLE_ASSIGNMENT((#27)) ;
#27=SURFACE_STYLE_USAGE(.BOTH.,#26) ;
#26=SURFACE_SIDE_STYLE(' ',(#25)) ;
#25=SURFACE_STYLE_FILL_AREA(#24) ;
#24=FILL_AREA_STYLE(' ',(#23)) ;
#23=FILL_AREA_STYLE_COLOUR(' ',#22) ;
#38=VECTOR('Line Direction',#37,1.) ;
#54=VECTOR('Line Direction',#53,1.) ;
#80=VECTOR('Line Direction',#79,1.) ;
#104=VECTOR('Line Direction',#103,1.) ;
#164=VECTOR('Line Direction',#163,1.) ;
#181=VECTOR('Line Direction',#180,1.) ;
#188=VECTOR('Line Direction',#187,1.) ;
#203=VECTOR('Line Direction',#202,1.) ;
#275=VECTOR('Line Direction',#274,1.) ;
#289=VECTOR('Line Direction',#288,1.) ;
#306=VECTOR('Line Direction',#305,1.) ;
#325=VECTOR('Line Direction',#324,1.) ;
#361=VECTOR('Line Direction',#360,1.) ;
#377=VECTOR('Line Direction',#376,1.) ;
#384=VECTOR('Line Direction',#383,1.) ;
#398=VECTOR('Line Direction',#397,1.) ;
#437=VECTOR('Line Direction',#436,1.) ;
#442=VECTOR('Line Direction',#441,1.) ;
#459=VECTOR('Line Direction',#458,1.) ;
#476=VECTOR('Line Direction',#475,1.) ;
#589=VECTOR('Line Direction',#588,1.) ;
#614=VECTOR('Line Direction',#613,1.) ;
#619=VECTOR('Line Direction',#618,1.) ;
#636=VECTOR('Line Direction',#635,1.) ;
#653=VECTOR('Line Direction',#652,1.) ;
#682=VECTOR('Line Direction',#681,1.) ;
#698=VECTOR('Line Direction',#697,1.) ;
#722=VECTOR('Line Direction',#721,1.) ;
#753=VECTOR('Line Direction',#752,1.) ;
#760=VECTOR('Line Direction',#759,1.) ;
#767=VECTOR('Line Direction',#766,1.) ;
#784=VECTOR('Line Direction',#783,1.) ;
#815=VECTOR('Line Direction',#814,1.) ;
#824=VECTOR('Line Direction',#823,1.) ;
#829=VECTOR('Line Direction',#828,1.) ;
#846=VECTOR('Line Direction',#845,1.) ;
#862=VECTOR('Line Direction',#861,1.) ;
#888=VECTOR('Line Direction',#887,1.) ;
#926=VECTOR('Line Direction',#925,1.) ;
#960=VECTOR('Line Direction',#959,1.) ;
#976=VECTOR('Line Direction',#975,1.) ;
#1002=VECTOR('Line Direction',#1001,1.) ;
#1040=VECTOR('Line Direction',#1039,1.) ;
#1074=VECTOR('Line Direction',#1073,1.) ;
#1090=VECTOR('Line Direction',#1089,1.) ;
#1114=VECTOR('Line Direction',#1113,1.) ;
#1121=VECTOR('Line Direction',#1120,1.) ;
#1128=VECTOR('Line Direction',#1127,1.) ;
#1152=VECTOR('Line Direction',#1151,1.) ;
#1231=VECTOR('Line Direction',#1230,1.) ;
#1255=VECTOR('Line Direction',#1254,1.) ;
#1271=VECTOR('Line Direction',#1270,1.) ;
#1299=VECTOR('Line Direction',#1298,1.) ;
#1306=VECTOR('Line Direction',#1305,1.) ;
#1313=VECTOR('Line Direction',#1312,1.) ;
#1318=VECTOR('Line Direction',#1317,1.) ;
#1396=VECTOR('Line Direction',#1395,1.) ;
#1403=VECTOR('Line Direction',#1402,1.) ;
#1456=VECTOR('Line Direction',#1455,1.) ;
#1473=VECTOR('Line Direction',#1472,1.) ;
#1480=VECTOR('Line Direction',#1479,1.) ;
#1497=VECTOR('Line Direction',#1496,1.) ;
#1504=VECTOR('Line Direction',#1503,1.) ;
#1521=VECTOR('Line Direction',#1520,1.) ;
#1550=VECTOR('Line Direction',#1549,1.) ;
#1557=VECTOR('Line Direction',#1556,1.) ;
#1564=VECTOR('Line Direction',#1563,1.) ;
#1685=VECTOR('Line Direction',#1684,1.) ;
#1692=VECTOR('Line Direction',#1691,1.) ;
#1722=VECTOR('Line Direction',#1721,1.) ;
#1803=VECTOR('Line Direction',#1802,1.) ;
#1808=VECTOR('Line Direction',#1807,1.) ;
#1829=VECTOR('Line Direction',#1828,1.) ;
#1836=VECTOR('Line Direction',#1835,1.) ;
#1843=VECTOR('Line Direction',#1842,1.) ;
#1848=VECTOR('Line Direction',#1847,1.) ;
#1942=VECTOR('Line Direction',#1941,1.) ;
#1960=VECTOR('Line Direction',#1959,1.) ;
#1967=VECTOR('Line Direction',#1966,1.) ;
#1991=VECTOR('Line Direction',#1990,1.) ;
#1998=VECTOR('Line Direction',#1997,1.) ;
#2022=VECTOR('Line Direction',#2021,1.) ;
#2029=VECTOR('Line Direction',#2028,1.) ;
#2055=VECTOR('Line Direction',#2054,1.) ;
#2079=VECTOR('Line Direction',#2078,1.) ;
#2117=VECTOR('Line Direction',#2116,1.) ;
#2122=VECTOR('Line Direction',#2121,1.) ;
#2139=VECTOR('Line Direction',#2138,1.) ;
#2156=VECTOR('Line Direction',#2155,1.) ;
#2175=VECTOR('Line Direction',#2174,1.) ;
#2199=VECTOR('Line Direction',#2198,1.) ;
#2228=VECTOR('Line Direction',#2227,1.) ;
#2245=VECTOR('Line Direction',#2244,1.) ;
#2252=VECTOR('Line Direction',#2251,1.) ;
#2259=VECTOR('Line Direction',#2258,1.) ;
#2316=VECTOR('Line Direction',#2315,1.) ;
#2333=VECTOR('Line Direction',#2332,1.) ;
#2350=VECTOR('Line Direction',#2349,1.) ;
#2367=VECTOR('Line Direction',#2366,1.) ;
#2398=VECTOR('Line Direction',#2397,1.) ;
#2429=VECTOR('Line Direction',#2428,1.) ;
#2446=VECTOR('Line Direction',#2445,1.) ;
#2463=VECTOR('Line Direction',#2462,1.) ;
#2470=VECTOR('Line Direction',#2469,1.) ;
#2477=VECTOR('Line Direction',#2476,1.) ;
#2494=VECTOR('Line Direction',#2493,1.) ;
#2511=VECTOR('Line Direction',#2510,1.) ;
#2518=VECTOR('Line Direction',#2517,1.) ;
#2525=VECTOR('Line Direction',#2524,1.) ;
#2542=VECTOR('Line Direction',#2541,1.) ;
#2573=VECTOR('Line Direction',#2572,1.) ;
#2590=VECTOR('Line Direction',#2589,1.) ;
#2607=VECTOR('Line Direction',#2606,1.) ;
#2638=VECTOR('Line Direction',#2637,1.) ;
#2654=VECTOR('Line Direction',#2653,1.) ;
#2680=VECTOR('Line Direction',#2679,1.) ;
#2718=VECTOR('Line Direction',#2717,1.) ;
#2752=VECTOR('Line Direction',#2751,1.) ;
#2768=VECTOR('Line Direction',#2767,1.) ;
#2794=VECTOR('Line Direction',#2793,1.) ;
#2832=VECTOR('Line Direction',#2831,1.) ;
#2866=VECTOR('Line Direction',#2865,1.) ;
#2880=VECTOR('Line Direction',#2879,1.) ;
#2887=VECTOR('Line Direction',#2886,1.) ;
#2894=VECTOR('Line Direction',#2893,1.) ;
#2915=VECTOR('Line Direction',#2914,1.) ;
#2922=VECTOR('Line Direction',#2921,1.) ;
#2951=VECTOR('Line Direction',#2950,1.) ;
#2958=VECTOR('Line Direction',#2957,1.) ;
#2965=VECTOR('Line Direction',#2964,1.) ;
#2993=VECTOR('Line Direction',#2992,1.) ;
#3106=VECTOR('Line Direction',#3105,1.) ;
#3130=VECTOR('Line Direction',#3129,1.) ;
#3147=VECTOR('Line Direction',#3146,1.) ;
#3171=VECTOR('Line Direction',#3170,1.) ;
#3197=VECTOR('Line Direction',#3196,1.) ;
#3202=VECTOR('Line Direction',#3201,1.) ;
#3226=VECTOR('Line Direction',#3225,1.) ;
#3245=VECTOR('Line Direction',#3244,1.) ;
#3283=VECTOR('Line Direction',#3282,1.) ;
#3288=VECTOR('Line Direction',#3287,1.) ;
#3312=VECTOR('Line Direction',#3311,1.) ;
#3331=VECTOR('Line Direction',#3330,1.) ;
#3400=VECTOR('Line Direction',#3399,1.) ;
#3414=VECTOR('Line Direction',#3413,1.) ;
#3431=VECTOR('Line Direction',#3430,1.) ;
#3438=VECTOR('Line Direction',#3437,1.) ;
#3445=VECTOR('Line Direction',#3444,1.) ;
#3469=VECTOR('Line Direction',#3468,1.) ;
#3493=VECTOR('Line Direction',#3492,1.) ;
#3500=VECTOR('Line Direction',#3499,1.) ;
#3507=VECTOR('Line Direction',#3506,1.) ;
#3524=VECTOR('Line Direction',#3523,1.) ;
#3533=VECTOR('Line Direction',#3532,1.) ;
#3538=VECTOR('Line Direction',#3537,1.) ;
#3562=VECTOR('Line Direction',#3561,1.) ;
#3586=VECTOR('Line Direction',#3585,1.) ;
#3593=VECTOR('Line Direction',#3592,1.) ;
#3600=VECTOR('Line Direction',#3599,1.) ;
#3624=VECTOR('Line Direction',#3623,1.) ;
#3648=VECTOR('Line Direction',#3647,1.) ;
#3655=VECTOR('Line Direction',#3654,1.) ;
#3662=VECTOR('Line Direction',#3661,1.) ;
#3686=VECTOR('Line Direction',#3685,1.) ;
#3710=VECTOR('Line Direction',#3709,1.) ;
#3717=VECTOR('Line Direction',#3716,1.) ;
#3724=VECTOR('Line Direction',#3723,1.) ;
#3748=VECTOR('Line Direction',#3747,1.) ;
#3772=VECTOR('Line Direction',#3771,1.) ;
#3779=VECTOR('Line Direction',#3778,1.) ;
#3786=VECTOR('Line Direction',#3785,1.) ;
#3810=VECTOR('Line Direction',#3809,1.) ;
#3834=VECTOR('Line Direction',#3833,1.) ;
#3841=VECTOR('Line Direction',#3840,1.) ;
#3848=VECTOR('Line Direction',#3847,1.) ;
#3865=VECTOR('Line Direction',#3864,1.) ;
#3872=VECTOR('Line Direction',#3871,1.) ;
#3879=VECTOR('Line Direction',#3878,1.) ;
#3903=VECTOR('Line Direction',#3902,1.) ;
#3927=VECTOR('Line Direction',#3926,1.) ;
#3932=VECTOR('Line Direction',#3931,1.) ;
#32=DIRECTION('Axis2P3D Direction',(0.642787609687,-0.766044443119,-1.54074395551E-032)) ;
#33=DIRECTION('Axis2P3D XDirection',(-0.766044443119,-0.642787609687,-5.72708648399E-016)) ;
#37=DIRECTION('Vector Direction',(0.642787609687,-0.766044443119,0.)) ;
#46=DIRECTION('Axis2P3D Direction',(0.642787609687,-0.766044443119,-1.54074395551E-032)) ;
#53=DIRECTION('Vector Direction',(0.642787609687,-0.766044443119,0.)) ;
#60=DIRECTION('Axis2P3D Direction',(0.642787609687,-0.766044443119,-1.54074395551E-032)) ;
#72=DIRECTION('Axis2P3D Direction',(0.642787609687,-0.766044443119,-1.54074395551E-032)) ;
#79=DIRECTION('Vector Direction',(0.642787609687,-0.766044443119,0.)) ;
#86=DIRECTION('Axis2P3D Direction',(0.642787609687,-0.766044443119,-1.54074395551E-032)) ;
#98=DIRECTION('Axis2P3D Direction',(0.642787609687,-0.766044443119,-1.54074395551E-032)) ;
#99=DIRECTION('Axis2P3D XDirection',(0.766044443119,0.642787609687,-2.1588984629E-016)) ;
#103=DIRECTION('Vector Direction',(0.642787609687,-0.766044443119,0.)) ;
#112=DIRECTION('Axis2P3D Direction',(0.642787609687,-0.766044443119,-1.54074395551E-032)) ;
#117=DIRECTION('Axis2P3D Direction',(0.642787609687,-0.766044443119,-1.54074395551E-032)) ;
#129=DIRECTION('Axis2P3D Direction',(0.642787609687,-0.766044443119,-1.54074395551E-032)) ;
#134=DIRECTION('Axis2P3D Direction',(0.642787609687,-0.766044443119,-1.54074395551E-032)) ;
#146=DIRECTION('Axis2P3D Direction',(0.642787609687,-0.766044443119,-1.54074395551E-032)) ;
#147=DIRECTION('Axis2P3D XDirection',(3.41576575787E-017,2.86616778761E-017,-1.)) ;
#163=DIRECTION('Vector Direction',(0.,0.,-1.)) ;
#180=DIRECTION('Vector Direction',(0.766044443119,0.642787609687,0.)) ;
#187=DIRECTION('Vector Direction',(0.,0.,-1.)) ;
#202=DIRECTION('Vector Direction',(0.766044443119,0.642787609687,0.)) ;
#269=DIRECTION('Axis2P3D Direction',(0.642787609687,-0.766044443119,-1.54074395551E-032)) ;
#270=DIRECTION('Axis2P3D XDirection',(-0.766044443119,-0.642787609687,1.00448834098E-015)) ;
#274=DIRECTION('Vector Direction',(0.642787609687,-0.766044443119,0.)) ;
#281=DIRECTION('Axis2P3D Direction',(0.642787609687,-0.766044443119,-1.54074395551E-032)) ;
#288=DIRECTION('Vector Direction',(0.642787609687,-0.766044443119,0.)) ;
#300=DIRECTION('Axis2P3D Direction',(0.642787609687,-0.766044443119,-1.54074395551E-032)) ;
#301=DIRECTION('Axis2P3D XDirection',(0.766044443119,0.642787609687,-2.1588984629E-016)) ;
#305=DIRECTION('Vector Direction',(0.642787609687,-0.766044443119,0.)) ;
#312=DIRECTION('Axis2P3D Direction',(0.642787609687,-0.766044443119,-1.54074395551E-032)) ;
#324=DIRECTION('Vector Direction',(0.642787609687,-0.766044443119,0.)) ;
#331=DIRECTION('Axis2P3D Direction',(0.642787609687,-0.766044443119,-1.54074395551E-032)) ;
#343=DIRECTION('Axis2P3D Direction',(0.642787609687,-0.766044443119,-1.54074395551E-032)) ;
#355=DIRECTION('Axis2P3D Direction',(0.642787609687,-0.766044443119,-1.54074395551E-032)) ;
#356=DIRECTION('Axis2P3D XDirection',(3.41576575787E-017,2.86616778761E-017,-1.)) ;
#360=DIRECTION('Vector Direction',(-0.766044443119,-0.642787609687,0.)) ;
#369=DIRECTION('Axis2P3D Direction',(0.642787609687,-0.766044443119,-1.54074395551E-032)) ;
#376=DIRECTION('Vector Direction',(0.,4.0984407442E-017,1.)) ;
#383=DIRECTION('Vector Direction',(0.766044443119,0.642787609687,0.)) ;
#390=DIRECTION('Axis2P3D Direction',(0.642787609687,-0.766044443119,-1.54074395551E-032)) ;
#397=DIRECTION('Vector Direction',(0.,0.,1.)) ;
#404=DIRECTION('Axis2P3D Direction',(0.642787609687,-0.766044443119,-1.54074395551E-032)) ;
#431=DIRECTION('Axis2P3D Direction',(0.642787609687,-0.766044443119,-1.54074395551E-032)) ;
#432=DIRECTION('Axis2P3D XDirection',(-0.54167522042,-0.454519477672,-0.707106781187)) ;
#436=DIRECTION('Vector Direction',(0.642787609687,-0.766044443119,0.)) ;
#441=DIRECTION('Vector Direction',(0.642787609687,-0.766044443119,0.)) ;
#453=DIRECTION('Axis2P3D Direction',(-6.73870985919E-017,0.,1.)) ;
#454=DIRECTION('Axis2P3D XDirection',(1.,0.,6.73870985919E-017)) ;
#458=DIRECTION('Vector Direction',(-0.642787609687,0.766044443119,0.)) ;
#470=DIRECTION('Axis2P3D Direction',(0.642787609687,-0.766044443119,-1.54074395551E-032)) ;
#471=DIRECTION('Axis2P3D XDirection',(0.0962110635811,0.080730667966,-0.992081645075)) ;
#475=DIRECTION('Vector Direction',(0.642787609687,-0.766044443119,0.)) ;
#576=DIRECTION('Axis2P3D Direction',(-0.,0.,1.)) ;
#577=DIRECTION('Axis2P3D XDirection',(-0.341528074559,0.939871573295,-0.)) ;
#581=DIRECTION('Axis2P3D Direction',(-0.,0.,1.)) ;
#588=DIRECTION('Vector Direction',(0.,0.,1.)) ;
#601=DIRECTION('Axis2P3D Direction',(0.,-0.,1.)) ;
#602=DIRECTION('Axis2P3D XDirection',(0.984807753012,0.173648177667,0.)) ;
#606=DIRECTION('Axis2P3D Direction',(0.,-0.,1.)) ;
#613=DIRECTION('Vector Direction',(0.,1.,0.)) ;
#618=DIRECTION('Vector Direction',(-0.642787609687,0.766044443119,0.)) ;
#630=DIRECTION('Axis2P3D Direction',(-7.95159370689E-017,-0.,-1.)) ;
#631=DIRECTION('Axis2P3D XDirection',(1.,6.16297582204E-033,-7.95159370689E-017)) ;
#635=DIRECTION('Vector Direction',(-0.642787609687,0.766044443119,0.)) ;
#647=DIRECTION('Axis2P3D Direction',(0.642787609687,-0.766044443119,-1.54074395551E-032)) ;
#648=DIRECTION('Axis2P3D XDirection',(-0.54167522042,-0.454519477672,0.707106781187)) ;
#652=DIRECTION('Vector Direction',(0.642787609687,-0.766044443119,0.)) ;
#664=DIRECTION('Axis2P3D Direction',(-0.766044443119,-0.642787609687,-7.39557098645E-032)) ;
#665=DIRECTION('Axis2P3D XDirection',(0.642787609687,-0.766044443119,3.42491467653E-016)) ;
#676=DIRECTION('Axis2P3D Direction',(0.,-2.83276944882E-016,1.)) ;
#677=DIRECTION('Axis2P3D XDirection',(-0.857821014947,0.513948544423,1.45589773491E-016)) ;
#681=DIRECTION('Vector Direction',(0.,0.,1.)) ;
#690=DIRECTION('Axis2P3D Direction',(0.,-2.83276944882E-016,1.)) ;
#697=DIRECTION('Vector Direction',(0.,0.,1.)) ;
#704=DIRECTION('Axis2P3D Direction',(0.,-2.83276944882E-016,1.)) ;
#716=DIRECTION('Axis2P3D Direction',(0.,-2.83276944882E-016,1.)) ;
#717=DIRECTION('Axis2P3D XDirection',(-6.04901474818E-016,-1.,-2.83276944882E-016)) ;
#721=DIRECTION('Vector Direction',(0.,0.,1.)) ;
#730=DIRECTION('Axis2P3D Direction',(0.,-2.83276944882E-016,1.)) ;
#735=DIRECTION('Axis2P3D Direction',(0.,-2.83276944882E-016,1.)) ;
#747=DIRECTION('Axis2P3D Direction',(-1.,0.,0.)) ;
#748=DIRECTION('Axis2P3D XDirection',(0.,1.,0.)) ;
#752=DIRECTION('Vector Direction',(0.,-1.,-1.73908058333E-015)) ;
#759=DIRECTION('Vector Direction',(0.,2.36847578587E-015,-1.)) ;
#766=DIRECTION('Vector Direction',(0.,-1.,-1.73908058333E-015)) ;
#778=DIRECTION('Axis2P3D Direction',(0.,-2.83276944882E-016,1.)) ;
#779=DIRECTION('Axis2P3D XDirection',(-0.866105535681,0.499861181791,1.41599148443E-016)) ;
#783=DIRECTION('Vector Direction',(0.,0.,1.)) ;
#792=DIRECTION('Axis2P3D Direction',(0.,-2.83276944882E-016,1.)) ;
#797=DIRECTION('Axis2P3D Direction',(0.,-2.83276944882E-016,1.)) ;
#809=DIRECTION('Axis2P3D Direction',(0.500277597876,-0.865865073244,-2.45279612629E-016)) ;
#810=DIRECTION('Axis2P3D XDirection',(0.865865073244,0.500277597876,8.61443191775E-017)) ;
#814=DIRECTION('Vector Direction',(0.,0.,-1.)) ;
#823=DIRECTION('Vector Direction',(0.865865073244,0.500277597876,0.)) ;
#828=DIRECTION('Vector Direction',(0.865865073244,0.500277597876,0.)) ;
#840=DIRECTION('Axis2P3D Direction',(0.,-2.83276944882E-016,1.)) ;
#841=DIRECTION('Axis2P3D XDirection',(6.12323399574E-017,-1.,-2.83276944882E-016)) ;
#845=DIRECTION('Vector Direction',(0.,0.,1.)) ;
#854=DIRECTION('Axis2P3D Direction',(0.,-2.83276944882E-016,1.)) ;
#861=DIRECTION('Vector Direction',(0.,0.,1.)) ;
#868=DIRECTION('Axis2P3D Direction',(0.,-2.83276944882E-016,1.)) ;
#880=DIRECTION('Axis2P3D Direction',(0.,-2.83276944882E-016,1.)) ;
#887=DIRECTION('Vector Direction',(0.,0.,1.)) ;
#894=DIRECTION('Axis2P3D Direction',(0.,-2.83276944882E-016,1.)) ;
#906=DIRECTION('Axis2P3D Direction',(0.,-2.83276944882E-016,1.)) ;
#907=DIRECTION('Axis2P3D XDirection',(2.83276944882E-016,1.,2.83276944882E-016)) ;
#911=DIRECTION('Axis2P3D Direction',(0.,-2.83276944882E-016,1.)) ;
#918=DIRECTION('Axis2P3D Direction',(0.,-2.83276944882E-016,1.)) ;
#925=DIRECTION('Vector Direction',(0.,0.,1.)) ;
#937=DIRECTION('Axis2P3D Direction',(0.,-2.83276944882E-016,1.)) ;
#942=DIRECTION('Axis2P3D Direction',(0.,-2.83276944882E-016,1.)) ;
#954=DIRECTION('Axis2P3D Direction',(0.,-2.83276944882E-016,1.)) ;
#955=DIRECTION('Axis2P3D XDirection',(6.12323399574E-017,-1.,-2.83276944882E-016)) ;
#959=DIRECTION('Vector Direction',(0.,0.,1.)) ;
#968=DIRECTION('Axis2P3D Direction',(0.,-2.83276944882E-016,1.)) ;
#975=DIRECTION('Vector Direction',(0.,0.,1.)) ;
#982=DIRECTION('Axis2P3D Direction',(0.,-2.83276944882E-016,1.)) ;
#994=DIRECTION('Axis2P3D Direction',(0.,-2.83276944882E-016,1.)) ;
#1001=DIRECTION('Vector Direction',(0.,0.,1.)) ;
#1008=DIRECTION('Axis2P3D Direction',(0.,-2.83276944882E-016,1.)) ;
#1020=DIRECTION('Axis2P3D Direction',(0.,-2.83276944882E-016,1.)) ;
#1021=DIRECTION('Axis2P3D XDirection',(2.83276944882E-016,1.,2.83276944882E-016)) ;
#1025=DIRECTION('Axis2P3D Direction',(0.,-2.83276944882E-016,1.)) ;
#1032=DIRECTION('Axis2P3D Direction',(0.,-2.83276944882E-016,1.)) ;
#1039=DIRECTION('Vector Direction',(0.,0.,1.)) ;
#1051=DIRECTION('Axis2P3D Direction',(0.,-2.83276944882E-016,1.)) ;
#1056=DIRECTION('Axis2P3D Direction',(0.,-2.83276944882E-016,1.)) ;
#1068=DIRECTION('Axis2P3D Direction',(0.,-2.83276944882E-016,1.)) ;
#1069=DIRECTION('Axis2P3D XDirection',(0.866105535681,0.499861181792,1.41599148443E-016)) ;
#1073=DIRECTION('Vector Direction',(0.,0.,1.)) ;
#1082=DIRECTION('Axis2P3D Direction',(0.,-2.83276944882E-016,1.)) ;
#1089=DIRECTION('Vector Direction',(0.,0.,1.)) ;
#1096=DIRECTION('Axis2P3D Direction',(0.,-2.83276944882E-016,1.)) ;
#1108=DIRECTION('Axis2P3D Direction',(-0.500277597876,-0.865865073244,-2.45279612629E-016)) ;
#1109=DIRECTION('Axis2P3D XDirection',(0.865865073244,-0.500277597876,-1.41655470409E-016)) ;
#1113=DIRECTION('Vector Direction',(0.865865073244,-0.500277597876,0.)) ;
#1120=DIRECTION('Vector Direction',(0.865865073244,-0.500277597876,0.)) ;
#1127=DIRECTION('Vector Direction',(0.,0.,-1.)) ;
#1139=DIRECTION('Axis2P3D Direction',(0.,-2.83276944882E-016,1.)) ;
#1140=DIRECTION('Axis2P3D XDirection',(0.813321918733,-0.581813936331,-1.64814474374E-016)) ;
#1144=DIRECTION('Axis2P3D Direction',(0.,-2.83276944882E-016,1.)) ;
#1151=DIRECTION('Vector Direction',(0.,-8.881784197E-016,1.)) ;
#1158=DIRECTION('Axis2P3D Direction',(0.,-2.83276944882E-016,1.)) ;
#1218=DIRECTION('Axis2P3D Direction',(0.,-2.83276944882E-016,1.)) ;
#1219=DIRECTION('Axis2P3D XDirection',(-0.813321918733,-0.581813936331,-1.64814474374E-016)) ;
#1223=DIRECTION('Axis2P3D Direction',(0.,-2.83276944882E-016,1.)) ;
#1230=DIRECTION('Vector Direction',(0.,0.,1.)) ;
#1237=DIRECTION('Axis2P3D Direction',(0.,-2.83276944882E-016,1.)) ;
#1249=DIRECTION('Axis2P3D Direction',(0.,-2.83276944882E-016,1.)) ;
#1250=DIRECTION('Axis2P3D XDirection',(-5.76703649406E-014,1.,2.83276944882E-016)) ;
#1254=DIRECTION('Vector Direction',(0.,0.,1.)) ;
#1263=DIRECTION('Axis2P3D Direction',(0.,-2.83276944882E-016,1.)) ;
#1270=DIRECTION('Vector Direction',(0.,0.,1.)) ;
#1277=DIRECTION('Axis2P3D Direction',(0.,-2.83276944882E-016,1.)) ;
#1289=DIRECTION('Axis2P3D Direction',(0.,-2.83276944882E-016,1.)) ;
#1290=DIRECTION('Axis2P3D XDirection',(1.,0.,0.)) ;
#1298=DIRECTION('Vector Direction',(1.,0.,0.)) ;
#1305=DIRECTION('Vector Direction',(1.,0.,0.)) ;
#1312=DIRECTION('Vector Direction',(1.,0.,0.)) ;
#1317=DIRECTION('Vector Direction',(0.,1.,2.34890160582E-016)) ;
#1390=DIRECTION('Axis2P3D Direction',(-1.,0.,0.)) ;
#1391=DIRECTION('Axis2P3D XDirection',(0.,0.707476924486,-0.70673644403)) ;
#1395=DIRECTION('Vector Direction',(-1.,0.,0.)) ;
#1402=DIRECTION('Vector Direction',(-1.,0.,0.)) ;
#1409=DIRECTION('Axis2P3D Direction',(-1.,0.,0.)) ;
#1432=DIRECTION('Axis2P3D Direction',(-1.,0.,0.)) ;
#1450=DIRECTION('Axis2P3D Direction',(-0.500277597876,0.865865073244,2.45279612629E-016)) ;
#1451=DIRECTION('Axis2P3D XDirection',(0.865865073244,0.500277597876,1.41655470409E-016)) ;
#1455=DIRECTION('Vector Direction',(-0.865865073244,-0.500277597875,0.)) ;
#1467=DIRECTION('Axis2P3D Direction',(0.500277597876,0.865865073244,2.45279612629E-016)) ;
#1468=DIRECTION('Axis2P3D XDirection',(0.865865073244,-0.500277597876,-1.41655470409E-016)) ;
#1472=DIRECTION('Vector Direction',(0.,0.,-1.)) ;
#1479=DIRECTION('Vector Direction',(-0.865865073244,0.500277597876,0.)) ;
#1491=DIRECTION('Axis2P3D Direction',(-1.,0.,0.)) ;
#1492=DIRECTION('Axis2P3D XDirection',(0.,1.,0.)) ;
#1496=DIRECTION('Vector Direction',(0.,0.,-1.)) ;
#1503=DIRECTION('Vector Direction',(0.,-1.,0.)) ;
#1515=DIRECTION('Axis2P3D Direction',(0.,-2.83276944882E-016,1.)) ;
#1516=DIRECTION('Axis2P3D XDirection',(0.857821014947,0.513948544423,1.45589773491E-016)) ;
#1520=DIRECTION('Vector Direction',(0.,0.,1.)) ;
#1527=DIRECTION('Axis2P3D Direction',(0.,-2.83276944882E-016,1.)) ;
#1539=DIRECTION('Axis2P3D Direction',(0.,-2.83276944882E-016,1.)) ;
#1540=DIRECTION('Axis2P3D XDirection',(1.,0.,0.)) ;
#1544=DIRECTION('Axis2P3D Direction',(0.,-2.83276944882E-016,1.)) ;
#1549=DIRECTION('Vector Direction',(-1.,0.,0.)) ;
#1556=DIRECTION('Vector Direction',(-1.,0.,0.)) ;
#1563=DIRECTION('Vector Direction',(-1.,0.,0.)) ;
#1646=DIRECTION('Axis2P3D Direction',(1.,0.,0.)) ;
#1647=DIRECTION('Axis2P3D XDirection',(0.,-0.537862862133,-0.843032349046)) ;
#1651=DIRECTION('Axis2P3D Direction',(1.,0.,0.)) ;
#1663=DIRECTION('Axis2P3D Direction',(-1.,0.,0.)) ;
#1664=DIRECTION('Axis2P3D XDirection',(0.,0.707106781186,-0.707106781187)) ;
#1677=DIRECTION('Axis2P3D Direction',(-1.,0.,0.)) ;
#1684=DIRECTION('Vector Direction',(-1.,0.,0.)) ;
#1691=DIRECTION('Vector Direction',(-1.,0.,0.)) ;
#1709=DIRECTION('Axis2P3D Direction',(0.,1.,-0.)) ;
#1710=DIRECTION('Axis2P3D XDirection',(0.670820341097,0.,0.741619895883)) ;
#1714=DIRECTION('Axis2P3D Direction',(0.,1.,-0.)) ;
#1721=DIRECTION('Vector Direction',(0.,1.,0.)) ;
#1728=DIRECTION('Axis2P3D Direction',(0.,1.,-0.)) ;
#1776=DIRECTION('Axis2P3D Direction',(0.,-2.83276944882E-016,1.)) ;
#1777=DIRECTION('Axis2P3D XDirection',(-1.58623915612E-008,-1.,-2.83276944882E-016)) ;
#1788=DIRECTION('Axis2P3D Direction',(0.,1.,-0.)) ;
#1789=DIRECTION('Axis2P3D XDirection',(-1.,0.,0.)) ;
#1793=DIRECTION('Axis2P3D Direction',(0.,1.,-0.)) ;
#1802=DIRECTION('Vector Direction',(0.883060510212,0.,0.469259134491)) ;
#1807=DIRECTION('Vector Direction',(1.,0.,0.)) ;
#1814=DIRECTION('Axis2P3D Direction',(0.,1.,-0.)) ;
#1821=DIRECTION('Axis2P3D Direction',(0.,1.,-0.)) ;
#1828=DIRECTION('Vector Direction',(0.,0.,1.)) ;
#1835=DIRECTION('Vector Direction',(1.,0.,0.)) ;
#1842=DIRECTION('Vector Direction',(0.,0.,1.)) ;
#1847=DIRECTION('Vector Direction',(1.,0.,0.)) ;
#1867=DIRECTION('Axis2P3D Direction',(0.,1.,-0.)) ;
#1876=DIRECTION('Axis2P3D Direction',(0.,1.,-0.)) ;
#1883=DIRECTION('Axis2P3D Direction',(0.,1.,-0.)) ;
#1890=DIRECTION('Axis2P3D Direction',(0.,1.,-0.)) ;
#1901=DIRECTION('Axis2P3D Direction',(0.,1.,-0.)) ;
#1910=DIRECTION('Axis2P3D Direction',(0.,1.,-0.)) ;
#1917=DIRECTION('Axis2P3D Direction',(0.,1.,-0.)) ;
#1924=DIRECTION('Axis2P3D Direction',(0.,1.,-0.)) ;
#1936=DIRECTION('Axis2P3D Direction',(-0.,0.,1.)) ;
#1937=DIRECTION('Axis2P3D XDirection',(-0.342020143326,0.939692620786,-0.)) ;
#1941=DIRECTION('Vector Direction',(0.,0.,1.)) ;
#1954=DIRECTION('Axis2P3D Direction',(0.,1.,-0.)) ;
#1955=DIRECTION('Axis2P3D XDirection',(-0.241805179626,0.,0.970324819381)) ;
#1959=DIRECTION('Vector Direction',(0.,1.,0.)) ;
#1966=DIRECTION('Vector Direction',(0.,1.,0.)) ;
#1973=DIRECTION('Axis2P3D Direction',(0.,1.,-0.)) ;
#1985=DIRECTION('Axis2P3D Direction',(0.,1.,-0.)) ;
#1986=DIRECTION('Axis2P3D XDirection',(4.60170436347E-015,0.,1.)) ;
#1990=DIRECTION('Vector Direction',(0.,1.,0.)) ;
#1997=DIRECTION('Vector Direction',(0.,1.,0.)) ;
#2004=DIRECTION('Axis2P3D Direction',(0.,1.,-0.)) ;
#2016=DIRECTION('Axis2P3D Direction',(0.,1.,-0.)) ;
#2017=DIRECTION('Axis2P3D XDirection',(-6.12323399574E-017,0.,1.)) ;
#2021=DIRECTION('Vector Direction',(0.,1.,0.)) ;
#2028=DIRECTION('Vector Direction',(0.,1.,0.)) ;
#2035=DIRECTION('Axis2P3D Direction',(0.,1.,-0.)) ;
#2047=DIRECTION('Axis2P3D Direction',(0.,1.,-0.)) ;
#2054=DIRECTION('Vector Direction',(0.,1.,0.)) ;
#2066=DIRECTION('Axis2P3D Direction',(0.,1.,-0.)) ;
#2067=DIRECTION('Axis2P3D XDirection',(-6.12323399574E-017,0.,-1.)) ;
#2071=DIRECTION('Axis2P3D Direction',(0.,1.,-0.)) ;
#2078=DIRECTION('Vector Direction',(0.,1.,0.)) ;
#2090=DIRECTION('Axis2P3D Direction',(0.,1.,-0.)) ;
#2102=DIRECTION('Axis2P3D Direction',(0.,1.,-0.)) ;
#2103=DIRECTION('Axis2P3D XDirection',(0.612372435696,0.,0.790569415042)) ;
#2107=DIRECTION('Axis2P3D Direction',(0.,1.,-0.)) ;
#2116=DIRECTION('Vector Direction',(0.,1.,0.)) ;
#2121=DIRECTION('Vector Direction',(0.,1.,0.)) ;
#2133=DIRECTION('Axis2P3D Direction',(0.469259134491,0.,-0.883060510212)) ;
#2134=DIRECTION('Axis2P3D XDirection',(0.883060510212,2.77555756156E-017,0.469259134491)) ;
#2138=DIRECTION('Vector Direction',(0.883060510212,0.,0.469259134491)) ;
#2150=DIRECTION('Axis2P3D Direction',(-4.89865420531E-016,-0.,-1.)) ;
#2151=DIRECTION('Axis2P3D XDirection',(1.,0.,-4.89865420531E-016)) ;
#2155=DIRECTION('Vector Direction',(1.,0.,0.)) ;
#2167=DIRECTION('Axis2P3D Direction',(0.,1.,-0.)) ;
#2174=DIRECTION('Vector Direction',(0.,1.,0.)) ;
#2186=DIRECTION('Axis2P3D Direction',(0.,1.,-0.)) ;
#2187=DIRECTION('Axis2P3D XDirection',(-4.72416904338E-015,0.,-1.)) ;
#2191=DIRECTION('Axis2P3D Direction',(0.,1.,-0.)) ;
#2198=DIRECTION('Vector Direction',(0.,1.,0.)) ;
#2210=DIRECTION('Axis2P3D Direction',(0.,1.,-0.)) ;
#2222=DIRECTION('Axis2P3D Direction',(0.,0.,1.)) ;
#2223=DIRECTION('Axis2P3D XDirection',(1.,0.,0.)) ;
#2227=DIRECTION('Vector Direction',(1.,0.,0.)) ;
#2239=DIRECTION('Axis2P3D Direction',(0.,1.,-0.)) ;
#2240=DIRECTION('Axis2P3D XDirection',(-1.,0.,0.)) ;
#2244=DIRECTION('Vector Direction',(0.,0.,1.)) ;
#2251=DIRECTION('Vector Direction',(-1.,0.,0.)) ;
#2258=DIRECTION('Vector Direction',(0.,0.,1.)) ;
#2310=DIRECTION('Axis2P3D Direction',(-1.,0.,0.)) ;
#2311=DIRECTION('Axis2P3D XDirection',(0.,0.188171443481,0.982136196186)) ;
#2315=DIRECTION('Vector Direction',(0.,1.,-4.73695157173E-015)) ;
#2327=DIRECTION('Axis2P3D Direction',(0.,1.,-0.)) ;
#2328=DIRECTION('Axis2P3D XDirection',(0.126004292483,-0.,-0.992029696267)) ;
#2332=DIRECTION('Vector Direction',(0.,1.,0.)) ;
#2344=DIRECTION('Axis2P3D Direction',(-1.,0.,0.)) ;
#2345=DIRECTION('Axis2P3D XDirection',(0.,1.,0.)) ;
#2349=DIRECTION('Vector Direction',(0.,1.,0.)) ;
#2361=DIRECTION('Axis2P3D Direction',(1.,-0.,0.)) ;
#2362=DIRECTION('Axis2P3D XDirection',(-0.,-0.9236790333,0.383167122078)) ;
#2366=DIRECTION('Vector Direction',(1.,0.,0.)) ;
#2375=DIRECTION('Axis2P3D Direction',(1.,-0.,0.)) ;
#2380=DIRECTION('Axis2P3D Direction',(1.,-0.,0.)) ;
#2392=DIRECTION('Axis2P3D Direction',(1.,0.,0.)) ;
#2393=DIRECTION('Axis2P3D XDirection',(0.,1.,0.)) ;
#2397=DIRECTION('Vector Direction',(0.,1.,0.)) ;
#2409=DIRECTION('Axis2P3D Direction',(1.,-0.,0.)) ;
#2410=DIRECTION('Axis2P3D XDirection',(-0.,-0.923879532511,0.382683432365)) ;
#2414=DIRECTION('Axis2P3D Direction',(1.,-0.,0.)) ;
#2421=DIRECTION('Axis2P3D Direction',(1.,-0.,0.)) ;
#2428=DIRECTION('Vector Direction',(1.,0.,0.)) ;
#2440=DIRECTION('Axis2P3D Direction',(1.,0.,-0.)) ;
#2441=DIRECTION('Axis2P3D XDirection',(0.,0.55557023302,0.831469612303)) ;
#2445=DIRECTION('Vector Direction',(0.,0.707106781187,-0.707106781187)) ;
#2457=DIRECTION('Axis2P3D Direction',(0.,-0.707106781187,0.707106781187)) ;
#2458=DIRECTION('Axis2P3D XDirection',(1.,0.,0.)) ;
#2462=DIRECTION('Vector Direction',(0.,0.707106781187,0.707106781187)) ;
#2469=DIRECTION('Vector Direction',(1.,0.,0.)) ;
#2476=DIRECTION('Vector Direction',(0.,0.707106781187,0.707106781187)) ;
#2488=DIRECTION('Axis2P3D Direction',(1.,0.,-0.)) ;
#2489=DIRECTION('Axis2P3D XDirection',(0.,0.55557023302,0.831469612303)) ;
#2493=DIRECTION('Vector Direction',(0.,0.707106781187,-0.707106781187)) ;
#2505=DIRECTION('Axis2P3D Direction',(0.,-0.707106781187,0.707106781187)) ;
#2506=DIRECTION('Axis2P3D XDirection',(1.,0.,0.)) ;
#2510=DIRECTION('Vector Direction',(0.,0.707106781187,0.707106781187)) ;
#2517=DIRECTION('Vector Direction',(-1.,0.,0.)) ;
#2524=DIRECTION('Vector Direction',(0.,0.707106781187,0.707106781187)) ;
#2536=DIRECTION('Axis2P3D Direction',(1.,-4.11590317489E-017,-4.11590317489E-017)) ;
#2537=DIRECTION('Axis2P3D XDirection',(4.11590317489E-017,1.,-1.69406589451E-033)) ;
#2541=DIRECTION('Vector Direction',(0.,0.707106781187,-0.707106781187)) ;
#2553=DIRECTION('Axis2P3D Direction',(-1.,0.,0.)) ;
#2554=DIRECTION('Axis2P3D XDirection',(-0.,0.924079778435,-0.382199637738)) ;
#2558=DIRECTION('Axis2P3D Direction',(-1.,0.,0.)) ;
#2565=DIRECTION('Axis2P3D Direction',(-1.,0.,0.)) ;
#2572=DIRECTION('Vector Direction',(-1.,0.,0.)) ;
#2584=DIRECTION('Axis2P3D Direction',(1.,-4.11590317489E-017,-4.11590317489E-017)) ;
#2585=DIRECTION('Axis2P3D XDirection',(4.11590317489E-017,1.,-1.69406589451E-033)) ;
#2589=DIRECTION('Vector Direction',(0.,0.707106781187,-0.707106781187)) ;
#2601=DIRECTION('Axis2P3D Direction',(-1.,0.,0.)) ;
#2602=DIRECTION('Axis2P3D XDirection',(-0.,0.923879532511,-0.382683432365)) ;
#2606=DIRECTION('Vector Direction',(-1.,0.,0.)) ;
#2615=DIRECTION('Axis2P3D Direction',(-1.,0.,0.)) ;
#2620=DIRECTION('Axis2P3D Direction',(-1.,0.,0.)) ;
#2632=DIRECTION('Axis2P3D Direction',(0.,1.,-0.)) ;
#2633=DIRECTION('Axis2P3D XDirection',(3.82856869893E-016,0.,1.)) ;
#2637=DIRECTION('Vector Direction',(0.,1.,0.)) ;
#2646=DIRECTION('Axis2P3D Direction',(0.,1.,-0.)) ;
#2653=DIRECTION('Vector Direction',(0.,1.,0.)) ;
#2660=DIRECTION('Axis2P3D Direction',(0.,1.,-0.)) ;
#2672=DIRECTION('Axis2P3D Direction',(0.,1.,-0.)) ;
#2679=DIRECTION('Vector Direction',(0.,1.,0.)) ;
#2686=DIRECTION('Axis2P3D Direction',(0.,1.,-0.)) ;
#2698=DIRECTION('Axis2P3D Direction',(0.,1.,-0.)) ;
#2699=DIRECTION('Axis2P3D XDirection',(-5.05321549807E-016,0.,-1.)) ;
#2703=DIRECTION('Axis2P3D Direction',(0.,1.,-0.)) ;
#2710=DIRECTION('Axis2P3D Direction',(0.,1.,-0.)) ;
#2717=DIRECTION('Vector Direction',(0.,1.,0.)) ;
#2729=DIRECTION('Axis2P3D Direction',(0.,1.,-0.)) ;
#2734=DIRECTION('Axis2P3D Direction',(0.,1.,-0.)) ;
#2746=DIRECTION('Axis2P3D Direction',(0.,1.,-0.)) ;
#2747=DIRECTION('Axis2P3D XDirection',(-1.17145536458E-015,0.,1.)) ;
#2751=DIRECTION('Vector Direction',(0.,1.,0.)) ;
#2760=DIRECTION('Axis2P3D Direction',(0.,1.,-0.)) ;
#2767=DIRECTION('Vector Direction',(0.,1.,0.)) ;
#2774=DIRECTION('Axis2P3D Direction',(0.,1.,-0.)) ;
#2786=DIRECTION('Axis2P3D Direction',(0.,1.,-0.)) ;
#2793=DIRECTION('Vector Direction',(0.,1.,0.)) ;
#2800=DIRECTION('Axis2P3D Direction',(0.,1.,-0.)) ;
#2812=DIRECTION('Axis2P3D Direction',(0.,1.,-0.)) ;
#2813=DIRECTION('Axis2P3D XDirection',(-5.05321549807E-016,0.,-1.)) ;
#2817=DIRECTION('Axis2P3D Direction',(0.,1.,-0.)) ;
#2824=DIRECTION('Axis2P3D Direction',(0.,1.,-0.)) ;
#2831=DIRECTION('Vector Direction',(0.,1.,0.)) ;
#2843=DIRECTION('Axis2P3D Direction',(0.,1.,-0.)) ;
#2848=DIRECTION('Axis2P3D Direction',(0.,1.,-0.)) ;
#2860=DIRECTION('Axis2P3D Direction',(1.,0.,0.)) ;
#2861=DIRECTION('Axis2P3D XDirection',(0.,-0.55557023302,-0.831469612303)) ;
#2865=DIRECTION('Vector Direction',(0.,-1.03006443355E-016,1.)) ;
#2872=DIRECTION('Axis2P3D Direction',(1.,0.,0.)) ;
#2879=DIRECTION('Vector Direction',(0.,-4.63397436365E-016,1.)) ;
#2886=DIRECTION('Vector Direction',(0.,1.,0.)) ;
#2893=DIRECTION('Vector Direction',(0.,-1.40472219561E-016,1.)) ;
#2909=DIRECTION('Axis2P3D Direction',(0.,1.,-0.)) ;
#2910=DIRECTION('Axis2P3D XDirection',(-1.,0.,0.)) ;
#2914=DIRECTION('Vector Direction',(0.,0.,1.)) ;
#2921=DIRECTION('Vector Direction',(-1.,0.,0.)) ;
#2945=DIRECTION('Axis2P3D Direction',(1.,0.,0.)) ;
#2946=DIRECTION('Axis2P3D XDirection',(0.,-0.55557023302,-0.831469612303)) ;
#2950=DIRECTION('Vector Direction',(0.,-1.0925617077E-016,1.)) ;
#2957=DIRECTION('Vector Direction',(0.,1.,0.)) ;
#2964=DIRECTION('Vector Direction',(0.,0.,-1.)) ;
#2971=DIRECTION('Axis2P3D Direction',(1.,0.,0.)) ;
#2987=DIRECTION('Axis2P3D Direction',(0.,1.,-0.)) ;
#2988=DIRECTION('Axis2P3D XDirection',(-1.,0.,0.)) ;
#2992=DIRECTION('Vector Direction',(-1.,0.,0.)) ;
#3001=DIRECTION('Axis2P3D Direction',(0.,1.,-0.)) ;
#3006=DIRECTION('Axis2P3D Direction',(0.,1.,-0.)) ;
#3031=DIRECTION('Axis2P3D Direction',(0.,1.,-0.)) ;
#3040=DIRECTION('Axis2P3D Direction',(0.,1.,-0.)) ;
#3047=DIRECTION('Axis2P3D Direction',(0.,1.,-0.)) ;
#3054=DIRECTION('Axis2P3D Direction',(0.,1.,-0.)) ;
#3065=DIRECTION('Axis2P3D Direction',(0.,1.,-0.)) ;
#3074=DIRECTION('Axis2P3D Direction',(0.,1.,-0.)) ;
#3081=DIRECTION('Axis2P3D Direction',(0.,1.,-0.)) ;
#3088=DIRECTION('Axis2P3D Direction',(0.,1.,-0.)) ;
#3100=DIRECTION('Axis2P3D Direction',(0.,1.,-0.)) ;
#3101=DIRECTION('Axis2P3D XDirection',(0.707106781187,0.,0.707106781187)) ;
#3105=DIRECTION('Vector Direction',(0.,1.,0.)) ;
#3112=DIRECTION('Axis2P3D Direction',(0.,1.,-0.)) ;
#3124=DIRECTION('Axis2P3D Direction',(1.,0.,-0.)) ;
#3125=DIRECTION('Axis2P3D XDirection',(0.,0.,1.)) ;
#3129=DIRECTION('Vector Direction',(1.,0.,0.)) ;
#3141=DIRECTION('Axis2P3D Direction',(0.,1.,-0.)) ;
#3142=DIRECTION('Axis2P3D XDirection',(-0.707106781187,0.,0.707106781187)) ;
#3146=DIRECTION('Vector Direction',(0.,1.,0.)) ;
#3153=DIRECTION('Axis2P3D Direction',(0.,1.,-0.)) ;
#3165=DIRECTION('Axis2P3D Direction',(0.,0.,-1.)) ;
#3166=DIRECTION('Axis2P3D XDirection',(-1.,0.,0.)) ;
#3170=DIRECTION('Vector Direction',(-1.,0.,0.)) ;
#3182=DIRECTION('Axis2P3D Direction',(0.,1.,-0.)) ;
#3183=DIRECTION('Axis2P3D XDirection',(-6.12323399574E-017,0.,-1.)) ;
#3187=DIRECTION('Axis2P3D Direction',(0.,1.,-0.)) ;
#3196=DIRECTION('Vector Direction',(0.,1.,0.)) ;
#3201=DIRECTION('Vector Direction',(0.,1.,0.)) ;
#3213=DIRECTION('Axis2P3D Direction',(0.,1.,-0.)) ;
#3214=DIRECTION('Axis2P3D XDirection',(1.60812264968E-016,0.,1.)) ;
#3218=DIRECTION('Axis2P3D Direction',(0.,1.,-0.)) ;
#3225=DIRECTION('Vector Direction',(0.,1.,0.)) ;
#3237=DIRECTION('Axis2P3D Direction',(0.,1.,-0.)) ;
#3244=DIRECTION('Vector Direction',(0.,1.,0.)) ;
#3256=DIRECTION('Axis2P3D Direction',(0.,1.,-0.)) ;
#3268=DIRECTION('Axis2P3D Direction',(0.,1.,-0.)) ;
#3269=DIRECTION('Axis2P3D XDirection',(-6.12323399574E-017,0.,-1.)) ;
#3273=DIRECTION('Axis2P3D Direction',(0.,1.,-0.)) ;
#3282=DIRECTION('Vector Direction',(0.,1.,0.)) ;
#3287=DIRECTION('Vector Direction',(0.,1.,0.)) ;
#3299=DIRECTION('Axis2P3D Direction',(0.,1.,-0.)) ;
#3300=DIRECTION('Axis2P3D XDirection',(1.60812264968E-016,0.,1.)) ;
#3304=DIRECTION('Axis2P3D Direction',(0.,1.,-0.)) ;
#3311=DIRECTION('Vector Direction',(0.,1.,0.)) ;
#3323=DIRECTION('Axis2P3D Direction',(0.,1.,-0.)) ;
#3330=DIRECTION('Vector Direction',(0.,1.,0.)) ;
#3342=DIRECTION('Axis2P3D Direction',(0.,1.,-0.)) ;
#3354=DIRECTION('Axis2P3D Direction',(0.,1.,-0.)) ;
#3355=DIRECTION('Axis2P3D XDirection',(-1.,0.,0.)) ;
#3385=DIRECTION('Axis2P3D Direction',(-1.,0.,0.)) ;
#3386=DIRECTION('Axis2P3D XDirection',(0.,1.,1.22464679915E-016)) ;
#3390=DIRECTION('Axis2P3D Direction',(-1.,0.,0.)) ;
#3399=DIRECTION('Vector Direction',(-1.,0.,0.)) ;
#3406=DIRECTION('Axis2P3D Direction',(-1.,0.,0.)) ;
#3413=DIRECTION('Vector Direction',(-1.,0.,0.)) ;
#3425=DIRECTION('Axis2P3D Direction',(0.,1.,0.)) ;
#3426=DIRECTION('Axis2P3D XDirection',(0.,0.,1.)) ;
#3430=DIRECTION('Vector Direction',(0.,0.,1.)) ;
#3437=DIRECTION('Vector Direction',(1.,0.,0.)) ;
#3444=DIRECTION('Vector Direction',(0.,0.,1.)) ;
#3456=DIRECTION('Axis2P3D Direction',(-1.,0.,0.)) ;
#3457=DIRECTION('Axis2P3D XDirection',(0.,-1.,2.84217094304E-014)) ;
#3461=DIRECTION('Axis2P3D Direction',(-1.,0.,0.)) ;
#3468=DIRECTION('Vector Direction',(-1.,0.,0.)) ;
#3475=DIRECTION('Axis2P3D Direction',(-1.,0.,0.)) ;
#3487=DIRECTION('Axis2P3D Direction',(0.,0.,-1.)) ;
#3488=DIRECTION('Axis2P3D XDirection',(0.,1.,0.)) ;
#3492=DIRECTION('Vector Direction',(0.,1.,0.)) ;
#3499=DIRECTION('Vector Direction',(1.,0.,0.)) ;
#3506=DIRECTION('Vector Direction',(0.,1.,0.)) ;
#3518=DIRECTION('Axis2P3D Direction',(0.,-1.,0.)) ;
#3519=DIRECTION('Axis2P3D XDirection',(0.,0.,-1.)) ;
#3523=DIRECTION('Vector Direction',(1.,0.,0.)) ;
#3532=DIRECTION('Vector Direction',(0.,0.,-1.)) ;
#3537=DIRECTION('Vector Direction',(0.,0.,-1.)) ;
#3549=DIRECTION('Axis2P3D Direction',(1.,0.,0.)) ;
#3550=DIRECTION('Axis2P3D XDirection',(-0.,-1.83697019872E-016,-1.)) ;
#3554=DIRECTION('Axis2P3D Direction',(1.,0.,0.)) ;
#3561=DIRECTION('Vector Direction',(1.,0.,0.)) ;
#3568=DIRECTION('Axis2P3D Direction',(1.,0.,0.)) ;
#3580=DIRECTION('Axis2P3D Direction',(-0.,0.,1.)) ;
#3581=DIRECTION('Axis2P3D XDirection',(0.,-1.,0.)) ;
#3585=DIRECTION('Vector Direction',(0.,-1.,0.)) ;
#3592=DIRECTION('Vector Direction',(1.,0.,0.)) ;
#3599=DIRECTION('Vector Direction',(0.,-1.,0.)) ;
#3611=DIRECTION('Axis2P3D Direction',(1.,0.,-0.)) ;
#3612=DIRECTION('Axis2P3D XDirection',(0.,0.,1.)) ;
#3616=DIRECTION('Axis2P3D Direction',(1.,0.,-0.)) ;
#3623=DIRECTION('Vector Direction',(1.,0.,0.)) ;
#3630=DIRECTION('Axis2P3D Direction',(1.,0.,-0.)) ;
#3642=DIRECTION('Axis2P3D Direction',(0.,-1.,0.)) ;
#3643=DIRECTION('Axis2P3D XDirection',(0.,0.,-1.)) ;
#3647=DIRECTION('Vector Direction',(0.,0.,-1.)) ;
#3654=DIRECTION('Vector Direction',(1.,0.,0.)) ;
#3661=DIRECTION('Vector Direction',(0.,0.,-1.)) ;
#3673=DIRECTION('Axis2P3D Direction',(1.,0.,0.)) ;
#3674=DIRECTION('Axis2P3D XDirection',(0.,0.707106781187,-0.707106781187)) ;
#3678=DIRECTION('Axis2P3D Direction',(1.,0.,0.)) ;
#3685=DIRECTION('Vector Direction',(1.,0.,0.)) ;
#3692=DIRECTION('Axis2P3D Direction',(1.,0.,0.)) ;
#3704=DIRECTION('Axis2P3D Direction',(0.,-0.707106781187,0.707106781187)) ;
#3705=DIRECTION('Axis2P3D XDirection',(0.,-0.707106781187,-0.707106781187)) ;
#3709=DIRECTION('Vector Direction',(0.,-0.707106781187,-0.707106781187)) ;
#3716=DIRECTION('Vector Direction',(1.,0.,0.)) ;
#3723=DIRECTION('Vector Direction',(0.,-0.707106781187,-0.707106781187)) ;
#3735=DIRECTION('Axis2P3D Direction',(1.,0.,0.)) ;
#3736=DIRECTION('Axis2P3D XDirection',(0.,-0.707106781187,0.707106781187)) ;
#3740=DIRECTION('Axis2P3D Direction',(1.,0.,0.)) ;
#3747=DIRECTION('Vector Direction',(1.,0.,0.)) ;
#3754=DIRECTION('Axis2P3D Direction',(1.,0.,0.)) ;
#3766=DIRECTION('Axis2P3D Direction',(0.,1.,0.)) ;
#3767=DIRECTION('Axis2P3D XDirection',(0.,0.,1.)) ;
#3771=DIRECTION('Vector Direction',(0.,0.,1.)) ;
#3778=DIRECTION('Vector Direction',(0.,0.,1.)) ;
#3785=DIRECTION('Vector Direction',(1.,0.,0.)) ;
#3797=DIRECTION('Axis2P3D Direction',(1.,0.,0.)) ;
#3798=DIRECTION('Axis2P3D XDirection',(-0.,-1.83697019872E-016,-1.)) ;
#3802=DIRECTION('Axis2P3D Direction',(1.,0.,0.)) ;
#3809=DIRECTION('Vector Direction',(1.,0.,0.)) ;
#3816=DIRECTION('Axis2P3D Direction',(1.,0.,0.)) ;
#3828=DIRECTION('Axis2P3D Direction',(0.,0.,-1.)) ;
#3829=DIRECTION('Axis2P3D XDirection',(0.,1.,0.)) ;
#3833=DIRECTION('Vector Direction',(0.,1.,0.)) ;
#3840=DIRECTION('Vector Direction',(1.,0.,0.)) ;
#3847=DIRECTION('Vector Direction',(0.,1.,0.)) ;
#3859=DIRECTION('Axis2P3D Direction',(0.,-1.,0.)) ;
#3860=DIRECTION('Axis2P3D XDirection',(0.,0.,-1.)) ;
#3864=DIRECTION('Vector Direction',(0.,0.,-1.)) ;
#3871=DIRECTION('Vector Direction',(1.,0.,0.)) ;
#3878=DIRECTION('Vector Direction',(0.,0.,-1.)) ;
#3890=DIRECTION('Axis2P3D Direction',(-1.,0.,0.)) ;
#3891=DIRECTION('Axis2P3D XDirection',(0.,-1.,0.)) ;
#3895=DIRECTION('Axis2P3D Direction',(-1.,0.,0.)) ;
#3902=DIRECTION('Vector Direction',(-1.,0.,0.)) ;
#3909=DIRECTION('Axis2P3D Direction',(-1.,0.,0.)) ;
#3921=DIRECTION('Axis2P3D Direction',(0.,-0.707106781187,0.707106781187)) ;
#3922=DIRECTION('Axis2P3D XDirection',(0.,-0.707106781187,-0.707106781187)) ;
#3926=DIRECTION('Vector Direction',(0.,-0.707106781187,-0.707106781187)) ;
#3931=DIRECTION('Vector Direction',(0.,-0.707106781187,-0.707106781187)) ;
#3943=DIRECTION('Axis2P3D Direction',(-1.,0.,0.)) ;
#3944=DIRECTION('Axis2P3D XDirection',(0.,-1.,0.)) ;
#3969=DIRECTION('Axis2P3D Direction',(-1.,0.,0.)) ;
#3970=DIRECTION('Axis2P3D XDirection',(0.,-1.,0.)) ;
#15=UNCERTAINTY_MEASURE_WITH_UNIT(LENGTH_MEASURE(0.005),#12,'distance_accuracy_value','CONFUSED CURVE UNCERTAINTY') ;
#18=AXIS2_PLACEMENT_3D(' ',#17,$,$) ;
#34=AXIS2_PLACEMENT_3D('Cylinder Axis2P3D',#31,#32,#33) ;
#47=AXIS2_PLACEMENT_3D('Circle Axis2P3D',#45,#46,$) ;
#61=AXIS2_PLACEMENT_3D('Circle Axis2P3D',#59,#60,$) ;
#73=AXIS2_PLACEMENT_3D('Circle Axis2P3D',#71,#72,$) ;
#87=AXIS2_PLACEMENT_3D('Circle Axis2P3D',#85,#86,$) ;
#100=AXIS2_PLACEMENT_3D('Cylinder Axis2P3D',#97,#98,#99) ;
#113=AXIS2_PLACEMENT_3D('Circle Axis2P3D',#111,#112,$) ;
#118=AXIS2_PLACEMENT_3D('Circle Axis2P3D',#116,#117,$) ;
#130=AXIS2_PLACEMENT_3D('Circle Axis2P3D',#128,#129,$) ;
#135=AXIS2_PLACEMENT_3D('Circle Axis2P3D',#133,#134,$) ;
#148=AXIS2_PLACEMENT_3D('Plane Axis2P3D',#145,#146,#147) ;
#271=AXIS2_PLACEMENT_3D('Cylinder Axis2P3D',#268,#269,#270) ;
#282=AXIS2_PLACEMENT_3D('Circle Axis2P3D',#280,#281,$) ;
#302=AXIS2_PLACEMENT_3D('Cylinder Axis2P3D',#299,#300,#301) ;
#313=AXIS2_PLACEMENT_3D('Circle Axis2P3D',#311,#312,$) ;
#332=AXIS2_PLACEMENT_3D('Circle Axis2P3D',#330,#331,$) ;
#344=AXIS2_PLACEMENT_3D('Circle Axis2P3D',#342,#343,$) ;
#357=AXIS2_PLACEMENT_3D('Plane Axis2P3D',#354,#355,#356) ;
#370=AXIS2_PLACEMENT_3D('Circle Axis2P3D',#368,#369,$) ;
#391=AXIS2_PLACEMENT_3D('Circle Axis2P3D',#389,#390,$) ;
#405=AXIS2_PLACEMENT_3D('Circle Axis2P3D',#403,#404,$) ;
#433=AXIS2_PLACEMENT_3D('Cylinder Axis2P3D',#430,#431,#432) ;
#455=AXIS2_PLACEMENT_3D('Plane Axis2P3D',#452,#453,#454) ;
#472=AXIS2_PLACEMENT_3D('Cylinder Axis2P3D',#469,#470,#471) ;
#578=AXIS2_PLACEMENT_3D('Cylinder Axis2P3D',#575,#576,#577) ;
#582=AXIS2_PLACEMENT_3D('Circle Axis2P3D',#580,#581,$) ;
#603=AXIS2_PLACEMENT_3D('Plane Axis2P3D',#600,#601,#602) ;
#607=AXIS2_PLACEMENT_3D('Circle Axis2P3D',#605,#606,$) ;
#632=AXIS2_PLACEMENT_3D('Plane Axis2P3D',#629,#630,#631) ;
#649=AXIS2_PLACEMENT_3D('Cylinder Axis2P3D',#646,#647,#648) ;
#666=AXIS2_PLACEMENT_3D('Plane Axis2P3D',#663,#664,#665) ;
#678=AXIS2_PLACEMENT_3D('Cylinder Axis2P3D',#675,#676,#677) ;
#691=AXIS2_PLACEMENT_3D('Circle Axis2P3D',#689,#690,$) ;
#705=AXIS2_PLACEMENT_3D('Circle Axis2P3D',#703,#704,$) ;
#718=AXIS2_PLACEMENT_3D('Cylinder Axis2P3D',#715,#716,#717) ;
#731=AXIS2_PLACEMENT_3D('Circle Axis2P3D',#729,#730,$) ;
#736=AXIS2_PLACEMENT_3D('Circle Axis2P3D',#734,#735,$) ;
#749=AXIS2_PLACEMENT_3D('Plane Axis2P3D',#746,#747,#748) ;
#780=AXIS2_PLACEMENT_3D('Cylinder Axis2P3D',#777,#778,#779) ;
#793=AXIS2_PLACEMENT_3D('Circle Axis2P3D',#791,#792,$) ;
#798=AXIS2_PLACEMENT_3D('Circle Axis2P3D',#796,#797,$) ;
#811=AXIS2_PLACEMENT_3D('Plane Axis2P3D',#808,#809,#810) ;
#842=AXIS2_PLACEMENT_3D('Cylinder Axis2P3D',#839,#840,#841) ;
#855=AXIS2_PLACEMENT_3D('Circle Axis2P3D',#853,#854,$) ;
#869=AXIS2_PLACEMENT_3D('Circle Axis2P3D',#867,#868,$) ;
#881=AXIS2_PLACEMENT_3D('Circle Axis2P3D',#879,#880,$) ;
#895=AXIS2_PLACEMENT_3D('Circle Axis2P3D',#893,#894,$) ;
#908=AXIS2_PLACEMENT_3D('Cylinder Axis2P3D',#905,#906,#907) ;
#912=AXIS2_PLACEMENT_3D('Circle Axis2P3D',#910,#911,$) ;
#919=AXIS2_PLACEMENT_3D('Circle Axis2P3D',#917,#918,$) ;
#938=AXIS2_PLACEMENT_3D('Circle Axis2P3D',#936,#937,$) ;
#943=AXIS2_PLACEMENT_3D('Circle Axis2P3D',#941,#942,$) ;
#956=AXIS2_PLACEMENT_3D('Cylinder Axis2P3D',#953,#954,#955) ;
#969=AXIS2_PLACEMENT_3D('Circle Axis2P3D',#967,#968,$) ;
#983=AXIS2_PLACEMENT_3D('Circle Axis2P3D',#981,#982,$) ;
#995=AXIS2_PLACEMENT_3D('Circle Axis2P3D',#993,#994,$) ;
#1009=AXIS2_PLACEMENT_3D('Circle Axis2P3D',#1007,#1008,$) ;
#1022=AXIS2_PLACEMENT_3D('Cylinder Axis2P3D',#1019,#1020,#1021) ;
#1026=AXIS2_PLACEMENT_3D('Circle Axis2P3D',#1024,#1025,$) ;
#1033=AXIS2_PLACEMENT_3D('Circle Axis2P3D',#1031,#1032,$) ;
#1052=AXIS2_PLACEMENT_3D('Circle Axis2P3D',#1050,#1051,$) ;
#1057=AXIS2_PLACEMENT_3D('Circle Axis2P3D',#1055,#1056,$) ;
#1070=AXIS2_PLACEMENT_3D('Cylinder Axis2P3D',#1067,#1068,#1069) ;
#1083=AXIS2_PLACEMENT_3D('Circle Axis2P3D',#1081,#1082,$) ;
#1097=AXIS2_PLACEMENT_3D('Circle Axis2P3D',#1095,#1096,$) ;
#1110=AXIS2_PLACEMENT_3D('Plane Axis2P3D',#1107,#1108,#1109) ;
#1141=AXIS2_PLACEMENT_3D('Cylinder Axis2P3D',#1138,#1139,#1140) ;
#1145=AXIS2_PLACEMENT_3D('Circle Axis2P3D',#1143,#1144,$) ;
#1159=AXIS2_PLACEMENT_3D('Circle Axis2P3D',#1157,#1158,$) ;
#1220=AXIS2_PLACEMENT_3D('Cylinder Axis2P3D',#1217,#1218,#1219) ;
#1224=AXIS2_PLACEMENT_3D('Circle Axis2P3D',#1222,#1223,$) ;
#1238=AXIS2_PLACEMENT_3D('Circle Axis2P3D',#1236,#1237,$) ;
#1251=AXIS2_PLACEMENT_3D('Cylinder Axis2P3D',#1248,#1249,#1250) ;
#1264=AXIS2_PLACEMENT_3D('Circle Axis2P3D',#1262,#1263,$) ;
#1278=AXIS2_PLACEMENT_3D('Circle Axis2P3D',#1276,#1277,$) ;
#1291=AXIS2_PLACEMENT_3D('Plane Axis2P3D',#1288,#1289,#1290) ;
#1392=AXIS2_PLACEMENT_3D('Cylinder Axis2P3D',#1389,#1390,#1391) ;
#1410=AXIS2_PLACEMENT_3D('Circle Axis2P3D',#1408,#1409,$) ;
#1433=AXIS2_PLACEMENT_3D('Circle Axis2P3D',#1431,#1432,$) ;
#1452=AXIS2_PLACEMENT_3D('Plane Axis2P3D',#1449,#1450,#1451) ;
#1469=AXIS2_PLACEMENT_3D('Plane Axis2P3D',#1466,#1467,#1468) ;
#1493=AXIS2_PLACEMENT_3D('Plane Axis2P3D',#1490,#1491,#1492) ;
#1517=AXIS2_PLACEMENT_3D('Cylinder Axis2P3D',#1514,#1515,#1516) ;
#1528=AXIS2_PLACEMENT_3D('Circle Axis2P3D',#1526,#1527,$) ;
#1541=AXIS2_PLACEMENT_3D('Plane Axis2P3D',#1538,#1539,#1540) ;
#1545=AXIS2_PLACEMENT_3D('Circle Axis2P3D',#1543,#1544,$) ;
#1648=AXIS2_PLACEMENT_3D('Plane Axis2P3D',#1645,#1646,#1647) ;
#1652=AXIS2_PLACEMENT_3D('Circle Axis2P3D',#1650,#1651,$) ;
#1665=AXIS2_PLACEMENT_3D('Cylinder Axis2P3D',#1662,#1663,#1664) ;
#1678=AXIS2_PLACEMENT_3D('Circle Axis2P3D',#1676,#1677,$) ;
#1711=AXIS2_PLACEMENT_3D('Cylinder Axis2P3D',#1708,#1709,#1710) ;
#1715=AXIS2_PLACEMENT_3D('Circle Axis2P3D',#1713,#1714,$) ;
#1729=AXIS2_PLACEMENT_3D('Circle Axis2P3D',#1727,#1728,$) ;
#1778=AXIS2_PLACEMENT_3D('Cylinder Axis2P3D',#1775,#1776,#1777) ;
#1790=AXIS2_PLACEMENT_3D('Plane Axis2P3D',#1787,#1788,#1789) ;
#1794=AXIS2_PLACEMENT_3D('Circle Axis2P3D',#1792,#1793,$) ;
#1815=AXIS2_PLACEMENT_3D('Circle Axis2P3D',#1813,#1814,$) ;
#1822=AXIS2_PLACEMENT_3D('Circle Axis2P3D',#1820,#1821,$) ;
#1868=AXIS2_PLACEMENT_3D('Circle Axis2P3D',#1866,#1867,$) ;
#1877=AXIS2_PLACEMENT_3D('Circle Axis2P3D',#1875,#1876,$) ;
#1884=AXIS2_PLACEMENT_3D('Circle Axis2P3D',#1882,#1883,$) ;
#1891=AXIS2_PLACEMENT_3D('Circle Axis2P3D',#1889,#1890,$) ;
#1902=AXIS2_PLACEMENT_3D('Circle Axis2P3D',#1900,#1901,$) ;
#1911=AXIS2_PLACEMENT_3D('Circle Axis2P3D',#1909,#1910,$) ;
#1918=AXIS2_PLACEMENT_3D('Circle Axis2P3D',#1916,#1917,$) ;
#1925=AXIS2_PLACEMENT_3D('Circle Axis2P3D',#1923,#1924,$) ;
#1938=AXIS2_PLACEMENT_3D('Cylinder Axis2P3D',#1935,#1936,#1937) ;
#1956=AXIS2_PLACEMENT_3D('Cylinder Axis2P3D',#1953,#1954,#1955) ;
#1974=AXIS2_PLACEMENT_3D('Circle Axis2P3D',#1972,#1973,$) ;
#1987=AXIS2_PLACEMENT_3D('Cylinder Axis2P3D',#1984,#1985,#1986) ;
#2005=AXIS2_PLACEMENT_3D('Circle Axis2P3D',#2003,#2004,$) ;
#2018=AXIS2_PLACEMENT_3D('Cylinder Axis2P3D',#2015,#2016,#2017) ;
#2036=AXIS2_PLACEMENT_3D('Circle Axis2P3D',#2034,#2035,$) ;
#2048=AXIS2_PLACEMENT_3D('Circle Axis2P3D',#2046,#2047,$) ;
#2068=AXIS2_PLACEMENT_3D('Cylinder Axis2P3D',#2065,#2066,#2067) ;
#2072=AXIS2_PLACEMENT_3D('Circle Axis2P3D',#2070,#2071,$) ;
#2091=AXIS2_PLACEMENT_3D('Circle Axis2P3D',#2089,#2090,$) ;
#2104=AXIS2_PLACEMENT_3D('Cylinder Axis2P3D',#2101,#2102,#2103) ;
#2108=AXIS2_PLACEMENT_3D('Circle Axis2P3D',#2106,#2107,$) ;
#2135=AXIS2_PLACEMENT_3D('Plane Axis2P3D',#2132,#2133,#2134) ;
#2152=AXIS2_PLACEMENT_3D('Plane Axis2P3D',#2149,#2150,#2151) ;
#2168=AXIS2_PLACEMENT_3D('Circle Axis2P3D',#2166,#2167,$) ;
#2188=AXIS2_PLACEMENT_3D('Cylinder Axis2P3D',#2185,#2186,#2187) ;
#2192=AXIS2_PLACEMENT_3D('Circle Axis2P3D',#2190,#2191,$) ;
#2211=AXIS2_PLACEMENT_3D('Circle Axis2P3D',#2209,#2210,$) ;
#2224=AXIS2_PLACEMENT_3D('Plane Axis2P3D',#2221,#2222,#2223) ;
#2241=AXIS2_PLACEMENT_3D('Plane Axis2P3D',#2238,#2239,#2240) ;
#2312=AXIS2_PLACEMENT_3D('Plane Axis2P3D',#2309,#2310,#2311) ;
#2329=AXIS2_PLACEMENT_3D('Cylinder Axis2P3D',#2326,#2327,#2328) ;
#2346=AXIS2_PLACEMENT_3D('Plane Axis2P3D',#2343,#2344,#2345) ;
#2363=AXIS2_PLACEMENT_3D('Cylinder Axis2P3D',#2360,#2361,#2362) ;
#2376=AXIS2_PLACEMENT_3D('Circle Axis2P3D',#2374,#2375,$) ;
#2381=AXIS2_PLACEMENT_3D('Circle Axis2P3D',#2379,#2380,$) ;
#2394=AXIS2_PLACEMENT_3D('Plane Axis2P3D',#2391,#2392,#2393) ;
#2411=AXIS2_PLACEMENT_3D('Cylinder Axis2P3D',#2408,#2409,#2410) ;
#2415=AXIS2_PLACEMENT_3D('Circle Axis2P3D',#2413,#2414,$) ;
#2422=AXIS2_PLACEMENT_3D('Circle Axis2P3D',#2420,#2421,$) ;
#2442=AXIS2_PLACEMENT_3D('Plane Axis2P3D',#2439,#2440,#2441) ;
#2459=AXIS2_PLACEMENT_3D('Plane Axis2P3D',#2456,#2457,#2458) ;
#2490=AXIS2_PLACEMENT_3D('Plane Axis2P3D',#2487,#2488,#2489) ;
#2507=AXIS2_PLACEMENT_3D('Plane Axis2P3D',#2504,#2505,#2506) ;
#2538=AXIS2_PLACEMENT_3D('Plane Axis2P3D',#2535,#2536,#2537) ;
#2555=AXIS2_PLACEMENT_3D('Cylinder Axis2P3D',#2552,#2553,#2554) ;
#2559=AXIS2_PLACEMENT_3D('Circle Axis2P3D',#2557,#2558,$) ;
#2566=AXIS2_PLACEMENT_3D('Circle Axis2P3D',#2564,#2565,$) ;
#2586=AXIS2_PLACEMENT_3D('Plane Axis2P3D',#2583,#2584,#2585) ;
#2603=AXIS2_PLACEMENT_3D('Cylinder Axis2P3D',#2600,#2601,#2602) ;
#2616=AXIS2_PLACEMENT_3D('Circle Axis2P3D',#2614,#2615,$) ;
#2621=AXIS2_PLACEMENT_3D('Circle Axis2P3D',#2619,#2620,$) ;
#2634=AXIS2_PLACEMENT_3D('Cylinder Axis2P3D',#2631,#2632,#2633) ;
#2647=AXIS2_PLACEMENT_3D('Circle Axis2P3D',#2645,#2646,$) ;
#2661=AXIS2_PLACEMENT_3D('Circle Axis2P3D',#2659,#2660,$) ;
#2673=AXIS2_PLACEMENT_3D('Circle Axis2P3D',#2671,#2672,$) ;
#2687=AXIS2_PLACEMENT_3D('Circle Axis2P3D',#2685,#2686,$) ;
#2700=AXIS2_PLACEMENT_3D('Cylinder Axis2P3D',#2697,#2698,#2699) ;
#2704=AXIS2_PLACEMENT_3D('Circle Axis2P3D',#2702,#2703,$) ;
#2711=AXIS2_PLACEMENT_3D('Circle Axis2P3D',#2709,#2710,$) ;
#2730=AXIS2_PLACEMENT_3D('Circle Axis2P3D',#2728,#2729,$) ;
#2735=AXIS2_PLACEMENT_3D('Circle Axis2P3D',#2733,#2734,$) ;
#2748=AXIS2_PLACEMENT_3D('Cylinder Axis2P3D',#2745,#2746,#2747) ;
#2761=AXIS2_PLACEMENT_3D('Circle Axis2P3D',#2759,#2760,$) ;
#2775=AXIS2_PLACEMENT_3D('Circle Axis2P3D',#2773,#2774,$) ;
#2787=AXIS2_PLACEMENT_3D('Circle Axis2P3D',#2785,#2786,$) ;
#2801=AXIS2_PLACEMENT_3D('Circle Axis2P3D',#2799,#2800,$) ;
#2814=AXIS2_PLACEMENT_3D('Cylinder Axis2P3D',#2811,#2812,#2813) ;
#2818=AXIS2_PLACEMENT_3D('Circle Axis2P3D',#2816,#2817,$) ;
#2825=AXIS2_PLACEMENT_3D('Circle Axis2P3D',#2823,#2824,$) ;
#2844=AXIS2_PLACEMENT_3D('Circle Axis2P3D',#2842,#2843,$) ;
#2849=AXIS2_PLACEMENT_3D('Circle Axis2P3D',#2847,#2848,$) ;
#2862=AXIS2_PLACEMENT_3D('Plane Axis2P3D',#2859,#2860,#2861) ;
#2873=AXIS2_PLACEMENT_3D('Circle Axis2P3D',#2871,#2872,$) ;
#2911=AXIS2_PLACEMENT_3D('Plane Axis2P3D',#2908,#2909,#2910) ;
#2947=AXIS2_PLACEMENT_3D('Plane Axis2P3D',#2944,#2945,#2946) ;
#2972=AXIS2_PLACEMENT_3D('Circle Axis2P3D',#2970,#2971,$) ;
#2989=AXIS2_PLACEMENT_3D('Plane Axis2P3D',#2986,#2987,#2988) ;
#3002=AXIS2_PLACEMENT_3D('Circle Axis2P3D',#3000,#3001,$) ;
#3007=AXIS2_PLACEMENT_3D('Circle Axis2P3D',#3005,#3006,$) ;
#3032=AXIS2_PLACEMENT_3D('Circle Axis2P3D',#3030,#3031,$) ;
#3041=AXIS2_PLACEMENT_3D('Circle Axis2P3D',#3039,#3040,$) ;
#3048=AXIS2_PLACEMENT_3D('Circle Axis2P3D',#3046,#3047,$) ;
#3055=AXIS2_PLACEMENT_3D('Circle Axis2P3D',#3053,#3054,$) ;
#3066=AXIS2_PLACEMENT_3D('Circle Axis2P3D',#3064,#3065,$) ;
#3075=AXIS2_PLACEMENT_3D('Circle Axis2P3D',#3073,#3074,$) ;
#3082=AXIS2_PLACEMENT_3D('Circle Axis2P3D',#3080,#3081,$) ;
#3089=AXIS2_PLACEMENT_3D('Circle Axis2P3D',#3087,#3088,$) ;
#3102=AXIS2_PLACEMENT_3D('Cylinder Axis2P3D',#3099,#3100,#3101) ;
#3113=AXIS2_PLACEMENT_3D('Circle Axis2P3D',#3111,#3112,$) ;
#3126=AXIS2_PLACEMENT_3D('Cylinder Axis2P3D',#3123,#3124,#3125) ;
#3143=AXIS2_PLACEMENT_3D('Cylinder Axis2P3D',#3140,#3141,#3142) ;
#3154=AXIS2_PLACEMENT_3D('Circle Axis2P3D',#3152,#3153,$) ;
#3167=AXIS2_PLACEMENT_3D('Plane Axis2P3D',#3164,#3165,#3166) ;
#3184=AXIS2_PLACEMENT_3D('Cylinder Axis2P3D',#3181,#3182,#3183) ;
#3188=AXIS2_PLACEMENT_3D('Circle Axis2P3D',#3186,#3187,$) ;
#3215=AXIS2_PLACEMENT_3D('Cylinder Axis2P3D',#3212,#3213,#3214) ;
#3219=AXIS2_PLACEMENT_3D('Circle Axis2P3D',#3217,#3218,$) ;
#3238=AXIS2_PLACEMENT_3D('Circle Axis2P3D',#3236,#3237,$) ;
#3257=AXIS2_PLACEMENT_3D('Circle Axis2P3D',#3255,#3256,$) ;
#3270=AXIS2_PLACEMENT_3D('Cylinder Axis2P3D',#3267,#3268,#3269) ;
#3274=AXIS2_PLACEMENT_3D('Circle Axis2P3D',#3272,#3273,$) ;
#3301=AXIS2_PLACEMENT_3D('Cylinder Axis2P3D',#3298,#3299,#3300) ;
#3305=AXIS2_PLACEMENT_3D('Circle Axis2P3D',#3303,#3304,$) ;
#3324=AXIS2_PLACEMENT_3D('Circle Axis2P3D',#3322,#3323,$) ;
#3343=AXIS2_PLACEMENT_3D('Circle Axis2P3D',#3341,#3342,$) ;
#3356=AXIS2_PLACEMENT_3D('Plane Axis2P3D',#3353,#3354,#3355) ;
#3387=AXIS2_PLACEMENT_3D('Cylinder Axis2P3D',#3384,#3385,#3386) ;
#3391=AXIS2_PLACEMENT_3D('Circle Axis2P3D',#3389,#3390,$) ;
#3407=AXIS2_PLACEMENT_3D('Circle Axis2P3D',#3405,#3406,$) ;
#3427=AXIS2_PLACEMENT_3D('Plane Axis2P3D',#3424,#3425,#3426) ;
#3458=AXIS2_PLACEMENT_3D('Cylinder Axis2P3D',#3455,#3456,#3457) ;
#3462=AXIS2_PLACEMENT_3D('Circle Axis2P3D',#3460,#3461,$) ;
#3476=AXIS2_PLACEMENT_3D('Circle Axis2P3D',#3474,#3475,$) ;
#3489=AXIS2_PLACEMENT_3D('Plane Axis2P3D',#3486,#3487,#3488) ;
#3520=AXIS2_PLACEMENT_3D('Plane Axis2P3D',#3517,#3518,#3519) ;
#3551=AXIS2_PLACEMENT_3D('Cylinder Axis2P3D',#3548,#3549,#3550) ;
#3555=AXIS2_PLACEMENT_3D('Circle Axis2P3D',#3553,#3554,$) ;
#3569=AXIS2_PLACEMENT_3D('Circle Axis2P3D',#3567,#3568,$) ;
#3582=AXIS2_PLACEMENT_3D('Plane Axis2P3D',#3579,#3580,#3581) ;
#3613=AXIS2_PLACEMENT_3D('Cylinder Axis2P3D',#3610,#3611,#3612) ;
#3617=AXIS2_PLACEMENT_3D('Circle Axis2P3D',#3615,#3616,$) ;
#3631=AXIS2_PLACEMENT_3D('Circle Axis2P3D',#3629,#3630,$) ;
#3644=AXIS2_PLACEMENT_3D('Plane Axis2P3D',#3641,#3642,#3643) ;
#3675=AXIS2_PLACEMENT_3D('Cylinder Axis2P3D',#3672,#3673,#3674) ;
#3679=AXIS2_PLACEMENT_3D('Circle Axis2P3D',#3677,#3678,$) ;
#3693=AXIS2_PLACEMENT_3D('Circle Axis2P3D',#3691,#3692,$) ;
#3706=AXIS2_PLACEMENT_3D('Plane Axis2P3D',#3703,#3704,#3705) ;
#3737=AXIS2_PLACEMENT_3D('Cylinder Axis2P3D',#3734,#3735,#3736) ;
#3741=AXIS2_PLACEMENT_3D('Circle Axis2P3D',#3739,#3740,$) ;
#3755=AXIS2_PLACEMENT_3D('Circle Axis2P3D',#3753,#3754,$) ;
#3768=AXIS2_PLACEMENT_3D('Plane Axis2P3D',#3765,#3766,#3767) ;
#3799=AXIS2_PLACEMENT_3D('Cylinder Axis2P3D',#3796,#3797,#3798) ;
#3803=AXIS2_PLACEMENT_3D('Circle Axis2P3D',#3801,#3802,$) ;
#3817=AXIS2_PLACEMENT_3D('Circle Axis2P3D',#3815,#3816,$) ;
#3830=AXIS2_PLACEMENT_3D('Plane Axis2P3D',#3827,#3828,#3829) ;
#3861=AXIS2_PLACEMENT_3D('Plane Axis2P3D',#3858,#3859,#3860) ;
#3892=AXIS2_PLACEMENT_3D('Cylinder Axis2P3D',#3889,#3890,#3891) ;
#3896=AXIS2_PLACEMENT_3D('Circle Axis2P3D',#3894,#3895,$) ;
#3910=AXIS2_PLACEMENT_3D('Circle Axis2P3D',#3908,#3909,$) ;
#3923=AXIS2_PLACEMENT_3D('Plane Axis2P3D',#3920,#3921,#3922) ;
#3945=AXIS2_PLACEMENT_3D('Plane Axis2P3D',#3942,#3943,#3944) ;
#3971=AXIS2_PLACEMENT_3D('Plane Axis2P3D',#3968,#3969,#3970) ;
#39=LINE('Line',#36,#38) ;
#55=LINE('Line',#52,#54) ;
#81=LINE('Line',#78,#80) ;
#105=LINE('Line',#102,#104) ;
#165=LINE('Line',#162,#164) ;
#182=LINE('Line',#179,#181) ;
#189=LINE('Line',#186,#188) ;
#204=LINE('Line',#201,#203) ;
#276=LINE('Line',#273,#275) ;
#290=LINE('Line',#287,#289) ;
#307=LINE('Line',#304,#306) ;
#326=LINE('Line',#323,#325) ;
#362=LINE('Line',#359,#361) ;
#378=LINE('Line',#375,#377) ;
#385=LINE('Line',#382,#384) ;
#399=LINE('Line',#396,#398) ;
#438=LINE('Line',#435,#437) ;
#443=LINE('Line',#440,#442) ;
#460=LINE('Line',#457,#459) ;
#477=LINE('Line',#474,#476) ;
#590=LINE('Line',#587,#589) ;
#615=LINE('Line',#612,#614) ;
#620=LINE('Line',#617,#619) ;
#637=LINE('Line',#634,#636) ;
#654=LINE('Line',#651,#653) ;
#683=LINE('Line',#680,#682) ;
#699=LINE('Line',#696,#698) ;
#723=LINE('Line',#720,#722) ;
#754=LINE('Line',#751,#753) ;
#761=LINE('Line',#758,#760) ;
#768=LINE('Line',#765,#767) ;
#785=LINE('Line',#782,#784) ;
#816=LINE('Line',#813,#815) ;
#825=LINE('Line',#822,#824) ;
#830=LINE('Line',#827,#829) ;
#847=LINE('Line',#844,#846) ;
#863=LINE('Line',#860,#862) ;
#889=LINE('Line',#886,#888) ;
#927=LINE('Line',#924,#926) ;
#961=LINE('Line',#958,#960) ;
#977=LINE('Line',#974,#976) ;
#1003=LINE('Line',#1000,#1002) ;
#1041=LINE('Line',#1038,#1040) ;
#1075=LINE('Line',#1072,#1074) ;
#1091=LINE('Line',#1088,#1090) ;
#1115=LINE('Line',#1112,#1114) ;
#1122=LINE('Line',#1119,#1121) ;
#1129=LINE('Line',#1126,#1128) ;
#1153=LINE('Line',#1150,#1152) ;
#1232=LINE('Line',#1229,#1231) ;
#1256=LINE('Line',#1253,#1255) ;
#1272=LINE('Line',#1269,#1271) ;
#1300=LINE('Line',#1297,#1299) ;
#1307=LINE('Line',#1304,#1306) ;
#1314=LINE('Line',#1311,#1313) ;
#1319=LINE('Line',#1316,#1318) ;
#1397=LINE('Line',#1394,#1396) ;
#1404=LINE('Line',#1401,#1403) ;
#1457=LINE('Line',#1454,#1456) ;
#1474=LINE('Line',#1471,#1473) ;
#1481=LINE('Line',#1478,#1480) ;
#1498=LINE('Line',#1495,#1497) ;
#1505=LINE('Line',#1502,#1504) ;
#1522=LINE('Line',#1519,#1521) ;
#1551=LINE('Line',#1548,#1550) ;
#1558=LINE('Line',#1555,#1557) ;
#1565=LINE('Line',#1562,#1564) ;
#1686=LINE('Line',#1683,#1685) ;
#1693=LINE('Line',#1690,#1692) ;
#1723=LINE('Line',#1720,#1722) ;
#1804=LINE('Line',#1801,#1803) ;
#1809=LINE('Line',#1806,#1808) ;
#1830=LINE('Line',#1827,#1829) ;
#1837=LINE('Line',#1834,#1836) ;
#1844=LINE('Line',#1841,#1843) ;
#1849=LINE('Line',#1846,#1848) ;
#1943=LINE('Line',#1940,#1942) ;
#1961=LINE('Line',#1958,#1960) ;
#1968=LINE('Line',#1965,#1967) ;
#1992=LINE('Line',#1989,#1991) ;
#1999=LINE('Line',#1996,#1998) ;
#2023=LINE('Line',#2020,#2022) ;
#2030=LINE('Line',#2027,#2029) ;
#2056=LINE('Line',#2053,#2055) ;
#2080=LINE('Line',#2077,#2079) ;
#2118=LINE('Line',#2115,#2117) ;
#2123=LINE('Line',#2120,#2122) ;
#2140=LINE('Line',#2137,#2139) ;
#2157=LINE('Line',#2154,#2156) ;
#2176=LINE('Line',#2173,#2175) ;
#2200=LINE('Line',#2197,#2199) ;
#2229=LINE('Line',#2226,#2228) ;
#2246=LINE('Line',#2243,#2245) ;
#2253=LINE('Line',#2250,#2252) ;
#2260=LINE('Line',#2257,#2259) ;
#2317=LINE('Line',#2314,#2316) ;
#2334=LINE('Line',#2331,#2333) ;
#2351=LINE('Line',#2348,#2350) ;
#2368=LINE('Line',#2365,#2367) ;
#2399=LINE('Line',#2396,#2398) ;
#2430=LINE('Line',#2427,#2429) ;
#2447=LINE('Line',#2444,#2446) ;
#2464=LINE('Line',#2461,#2463) ;
#2471=LINE('Line',#2468,#2470) ;
#2478=LINE('Line',#2475,#2477) ;
#2495=LINE('Line',#2492,#2494) ;
#2512=LINE('Line',#2509,#2511) ;
#2519=LINE('Line',#2516,#2518) ;
#2526=LINE('Line',#2523,#2525) ;
#2543=LINE('Line',#2540,#2542) ;
#2574=LINE('Line',#2571,#2573) ;
#2591=LINE('Line',#2588,#2590) ;
#2608=LINE('Line',#2605,#2607) ;
#2639=LINE('Line',#2636,#2638) ;
#2655=LINE('Line',#2652,#2654) ;
#2681=LINE('Line',#2678,#2680) ;
#2719=LINE('Line',#2716,#2718) ;
#2753=LINE('Line',#2750,#2752) ;
#2769=LINE('Line',#2766,#2768) ;
#2795=LINE('Line',#2792,#2794) ;
#2833=LINE('Line',#2830,#2832) ;
#2867=LINE('Line',#2864,#2866) ;
#2881=LINE('Line',#2878,#2880) ;
#2888=LINE('Line',#2885,#2887) ;
#2895=LINE('Line',#2892,#2894) ;
#2916=LINE('Line',#2913,#2915) ;
#2923=LINE('Line',#2920,#2922) ;
#2952=LINE('Line',#2949,#2951) ;
#2959=LINE('Line',#2956,#2958) ;
#2966=LINE('Line',#2963,#2965) ;
#2994=LINE('Line',#2991,#2993) ;
#3107=LINE('Line',#3104,#3106) ;
#3131=LINE('Line',#3128,#3130) ;
#3148=LINE('Line',#3145,#3147) ;
#3172=LINE('Line',#3169,#3171) ;
#3198=LINE('Line',#3195,#3197) ;
#3203=LINE('Line',#3200,#3202) ;
#3227=LINE('Line',#3224,#3226) ;
#3246=LINE('Line',#3243,#3245) ;
#3284=LINE('Line',#3281,#3283) ;
#3289=LINE('Line',#3286,#3288) ;
#3313=LINE('Line',#3310,#3312) ;
#3332=LINE('Line',#3329,#3331) ;
#3401=LINE('Line',#3398,#3400) ;
#3415=LINE('Line',#3412,#3414) ;
#3432=LINE('Line',#3429,#3431) ;
#3439=LINE('Line',#3436,#3438) ;
#3446=LINE('Line',#3443,#3445) ;
#3470=LINE('Line',#3467,#3469) ;
#3494=LINE('Line',#3491,#3493) ;
#3501=LINE('Line',#3498,#3500) ;
#3508=LINE('Line',#3505,#3507) ;
#3525=LINE('Line',#3522,#3524) ;
#3534=LINE('Line',#3531,#3533) ;
#3539=LINE('Line',#3536,#3538) ;
#3563=LINE('Line',#3560,#3562) ;
#3587=LINE('Line',#3584,#3586) ;
#3594=LINE('Line',#3591,#3593) ;
#3601=LINE('Line',#3598,#3600) ;
#3625=LINE('Line',#3622,#3624) ;
#3649=LINE('Line',#3646,#3648) ;
#3656=LINE('Line',#3653,#3655) ;
#3663=LINE('Line',#3660,#3662) ;
#3687=LINE('Line',#3684,#3686) ;
#3711=LINE('Line',#3708,#3710) ;
#3718=LINE('Line',#3715,#3717) ;
#3725=LINE('Line',#3722,#3724) ;
#3749=LINE('Line',#3746,#3748) ;
#3773=LINE('Line',#3770,#3772) ;
#3780=LINE('Line',#3777,#3779) ;
#3787=LINE('Line',#3784,#3786) ;
#3811=LINE('Line',#3808,#3810) ;
#3835=LINE('Line',#3832,#3834) ;
#3842=LINE('Line',#3839,#3841) ;
#3849=LINE('Line',#3846,#3848) ;
#3866=LINE('Line',#3863,#3865) ;
#3873=LINE('Line',#3870,#3872) ;
#3880=LINE('Line',#3877,#3879) ;
#3904=LINE('Line',#3901,#3903) ;
#3928=LINE('Line',#3925,#3927) ;
#3933=LINE('Line',#3930,#3932) ;
#48=CIRCLE('generated circle',#47,4.5) ;
#62=CIRCLE('generated circle',#61,4.5) ;
#74=CIRCLE('generated circle',#73,4.5) ;
#88=CIRCLE('generated circle',#87,4.5) ;
#114=CIRCLE('generated circle',#113,4.5) ;
#119=CIRCLE('generated circle',#118,4.5) ;
#131=CIRCLE('generated circle',#130,4.5) ;
#136=CIRCLE('generated circle',#135,4.5) ;
#283=CIRCLE('generated circle',#282,4.5) ;
#314=CIRCLE('generated circle',#313,4.5) ;
#333=CIRCLE('generated circle',#332,4.5) ;
#345=CIRCLE('generated circle',#344,4.5) ;
#371=CIRCLE('generated circle',#370,10.) ;
#392=CIRCLE('generated circle',#391,10.) ;
#406=CIRCLE('generated circle',#405,10.) ;
#583=CIRCLE('generated circle',#582,10.) ;
#608=CIRCLE('generated circle',#607,16.) ;
#692=CIRCLE('generated circle',#691,15.) ;
#706=CIRCLE('generated circle',#705,15.) ;
#732=CIRCLE('generated circle',#731,15.) ;
#737=CIRCLE('generated circle',#736,15.) ;
#794=CIRCLE('generated circle',#793,15.) ;
#799=CIRCLE('generated circle',#798,15.) ;
#856=CIRCLE('generated circle',#855,4.5) ;
#870=CIRCLE('generated circle',#869,4.5) ;
#882=CIRCLE('generated circle',#881,4.5) ;
#896=CIRCLE('generated circle',#895,4.5) ;
#913=CIRCLE('generated circle',#912,4.5) ;
#920=CIRCLE('generated circle',#919,4.5) ;
#939=CIRCLE('generated circle',#938,4.5) ;
#944=CIRCLE('generated circle',#943,4.5) ;
#970=CIRCLE('generated circle',#969,4.5) ;
#984=CIRCLE('generated circle',#983,4.5) ;
#996=CIRCLE('generated circle',#995,4.5) ;
#1010=CIRCLE('generated circle',#1009,4.5) ;
#1027=CIRCLE('generated circle',#1026,4.5) ;
#1034=CIRCLE('generated circle',#1033,4.5) ;
#1053=CIRCLE('generated circle',#1052,4.5) ;
#1058=CIRCLE('generated circle',#1057,4.5) ;
#1084=CIRCLE('generated circle',#1083,15.) ;
#1098=CIRCLE('generated circle',#1097,15.) ;
#1146=CIRCLE('generated circle',#1145,60.) ;
#1160=CIRCLE('generated circle',#1159,60.) ;
#1225=CIRCLE('generated circle',#1224,60.) ;
#1239=CIRCLE('generated circle',#1238,60.) ;
#1265=CIRCLE('generated circle',#1264,60.) ;
#1279=CIRCLE('generated circle',#1278,60.) ;
#1411=CIRCLE('generated circle',#1410,10.) ;
#1434=CIRCLE('generated circle',#1433,10.) ;
#1529=CIRCLE('generated circle',#1528,15.) ;
#1546=CIRCLE('generated circle',#1545,15.) ;
#1653=CIRCLE('generated circle',#1652,16.) ;
#1679=CIRCLE('generated circle',#1678,16.) ;
#1716=CIRCLE('generated circle',#1715,10.) ;
#1730=CIRCLE('generated circle',#1729,10.) ;
#1795=CIRCLE('generated circle',#1794,10.) ;
#1816=CIRCLE('generated circle',#1815,7.) ;
#1823=CIRCLE('generated circle',#1822,7.) ;
#1869=CIRCLE('generated circle',#1868,3.) ;
#1878=CIRCLE('generated circle',#1877,3.) ;
#1885=CIRCLE('generated circle',#1884,3.) ;
#1892=CIRCLE('generated circle',#1891,3.) ;
#1903=CIRCLE('generated circle',#1902,3.) ;
#1912=CIRCLE('generated circle',#1911,3.) ;
#1919=CIRCLE('generated circle',#1918,3.) ;
#1926=CIRCLE('generated circle',#1925,3.) ;
#1975=CIRCLE('generated circle',#1974,10.) ;
#2006=CIRCLE('generated circle',#2005,3.) ;
#2037=CIRCLE('generated circle',#2036,3.) ;
#2049=CIRCLE('generated circle',#2048,3.) ;
#2073=CIRCLE('generated circle',#2072,3.) ;
#2092=CIRCLE('generated circle',#2091,3.) ;
#2109=CIRCLE('generated circle',#2108,7.) ;
#2169=CIRCLE('generated circle',#2168,3.) ;
#2193=CIRCLE('generated circle',#2192,3.) ;
#2212=CIRCLE('generated circle',#2211,3.) ;
#2377=CIRCLE('generated circle',#2376,16.) ;
#2382=CIRCLE('generated circle',#2381,16.) ;
#2416=CIRCLE('generated circle',#2415,10.) ;
#2423=CIRCLE('generated circle',#2422,10.) ;
#2560=CIRCLE('generated circle',#2559,10.) ;
#2567=CIRCLE('generated circle',#2566,10.) ;
#2617=CIRCLE('generated circle',#2616,16.) ;
#2622=CIRCLE('generated circle',#2621,16.) ;
#2648=CIRCLE('generated circle',#2647,4.25) ;
#2662=CIRCLE('generated circle',#2661,4.25) ;
#2674=CIRCLE('generated circle',#2673,4.25) ;
#2688=CIRCLE('generated circle',#2687,4.25) ;
#2705=CIRCLE('generated circle',#2704,4.25) ;
#2712=CIRCLE('generated circle',#2711,4.25) ;
#2731=CIRCLE('generated circle',#2730,4.25) ;
#2736=CIRCLE('generated circle',#2735,4.25) ;
#2762=CIRCLE('generated circle',#2761,4.25) ;
#2776=CIRCLE('generated circle',#2775,4.25) ;
#2788=CIRCLE('generated circle',#2787,4.25) ;
#2802=CIRCLE('generated circle',#2801,4.25) ;
#2819=CIRCLE('generated circle',#2818,4.25) ;
#2826=CIRCLE('generated circle',#2825,4.25) ;
#2845=CIRCLE('generated circle',#2844,4.25) ;
#2850=CIRCLE('generated circle',#2849,4.25) ;
#2874=CIRCLE('generated circle',#2873,2.) ;
#2973=CIRCLE('generated circle',#2972,2.) ;
#3003=CIRCLE('generated circle',#3002,10.) ;
#3008=CIRCLE('generated circle',#3007,10.) ;
#3033=CIRCLE('generated circle',#3032,3.5) ;
#3042=CIRCLE('generated circle',#3041,3.5) ;
#3049=CIRCLE('generated circle',#3048,3.5) ;
#3056=CIRCLE('generated circle',#3055,3.5) ;
#3067=CIRCLE('generated circle',#3066,3.5) ;
#3076=CIRCLE('generated circle',#3075,3.5) ;
#3083=CIRCLE('generated circle',#3082,3.5) ;
#3090=CIRCLE('generated circle',#3089,3.5) ;
#3114=CIRCLE('generated circle',#3113,10.) ;
#3155=CIRCLE('generated circle',#3154,10.) ;
#3189=CIRCLE('generated circle',#3188,3.5) ;
#3220=CIRCLE('generated circle',#3219,3.5) ;
#3239=CIRCLE('generated circle',#3238,3.5) ;
#3258=CIRCLE('generated circle',#3257,3.5) ;
#3275=CIRCLE('generated circle',#3274,3.5) ;
#3306=CIRCLE('generated circle',#3305,3.5) ;
#3325=CIRCLE('generated circle',#3324,3.5) ;
#3344=CIRCLE('generated circle',#3343,3.5) ;
#3392=CIRCLE('generated circle',#3391,16.) ;
#3408=CIRCLE('generated circle',#3407,16.) ;
#3463=CIRCLE('generated circle',#3462,10.) ;
#3477=CIRCLE('generated circle',#3476,10.) ;
#3556=CIRCLE('generated circle',#3555,5.) ;
#3570=CIRCLE('generated circle',#3569,5.) ;
#3618=CIRCLE('generated circle',#3617,25.) ;
#3632=CIRCLE('generated circle',#3631,25.) ;
#3680=CIRCLE('generated circle',#3679,10.) ;
#3694=CIRCLE('generated circle',#3693,10.) ;
#3742=CIRCLE('generated circle',#3741,10.) ;
#3756=CIRCLE('generated circle',#3755,10.) ;
#3804=CIRCLE('generated circle',#3803,5.) ;
#3818=CIRCLE('generated circle',#3817,5.) ;
#3897=CIRCLE('generated circle',#3896,9.99999999969) ;
#3911=CIRCLE('generated circle',#3910,9.99999999969) ;
#149=PLANE('',#148) ;
#358=PLANE('',#357) ;
#456=PLANE('',#455) ;
#604=PLANE('',#603) ;
#633=PLANE('',#632) ;
#667=PLANE('',#666) ;
#750=PLANE('',#749) ;
#812=PLANE('',#811) ;
#1111=PLANE('',#1110) ;
#1292=PLANE('',#1291) ;
#1453=PLANE('',#1452) ;
#1470=PLANE('',#1469) ;
#1494=PLANE('',#1493) ;
#1542=PLANE('',#1541) ;
#1649=PLANE('',#1648) ;
#1791=PLANE('',#1790) ;
#2136=PLANE('',#2135) ;
#2153=PLANE('',#2152) ;
#2225=PLANE('',#2224) ;
#2242=PLANE('',#2241) ;
#2313=PLANE('',#2312) ;
#2347=PLANE('',#2346) ;
#2395=PLANE('',#2394) ;
#2443=PLANE('',#2442) ;
#2460=PLANE('',#2459) ;
#2491=PLANE('',#2490) ;
#2508=PLANE('',#2507) ;
#2539=PLANE('',#2538) ;
#2587=PLANE('',#2586) ;
#2863=PLANE('',#2862) ;
#2912=PLANE('',#2911) ;
#2948=PLANE('',#2947) ;
#2990=PLANE('',#2989) ;
#3168=PLANE('',#3167) ;
#3357=PLANE('',#3356) ;
#3428=PLANE('',#3427) ;
#3490=PLANE('',#3489) ;
#3521=PLANE('',#3520) ;
#3583=PLANE('',#3582) ;
#3645=PLANE('',#3644) ;
#3707=PLANE('',#3706) ;
#3769=PLANE('',#3768) ;
#3831=PLANE('',#3830) ;
#3862=PLANE('',#3861) ;
#3924=PLANE('',#3923) ;
#3946=PLANE('',#3945) ;
#3972=PLANE('',#3971) ;
#35=CYLINDRICAL_SURFACE('generated cylinder',#34,4.5) ;
#101=CYLINDRICAL_SURFACE('generated cylinder',#100,4.5) ;
#272=CYLINDRICAL_SURFACE('generated cylinder',#271,4.5) ;
#303=CYLINDRICAL_SURFACE('generated cylinder',#302,4.5) ;
#434=CYLINDRICAL_SURFACE('generated cylinder',#433,10.) ;
#473=CYLINDRICAL_SURFACE('generated cylinder',#472,10.) ;
#579=CYLINDRICAL_SURFACE('generated cylinder',#578,10.) ;
#650=CYLINDRICAL_SURFACE('generated cylinder',#649,10.) ;
#679=CYLINDRICAL_SURFACE('generated cylinder',#678,15.) ;
#719=CYLINDRICAL_SURFACE('generated cylinder',#718,15.) ;
#781=CYLINDRICAL_SURFACE('generated cylinder',#780,15.) ;
#843=CYLINDRICAL_SURFACE('generated cylinder',#842,4.5) ;
#909=CYLINDRICAL_SURFACE('generated cylinder',#908,4.5) ;
#957=CYLINDRICAL_SURFACE('generated cylinder',#956,4.5) ;
#1023=CYLINDRICAL_SURFACE('generated cylinder',#1022,4.5) ;
#1071=CYLINDRICAL_SURFACE('generated cylinder',#1070,15.) ;
#1142=CYLINDRICAL_SURFACE('generated cylinder',#1141,60.) ;
#1221=CYLINDRICAL_SURFACE('generated cylinder',#1220,60.) ;
#1252=CYLINDRICAL_SURFACE('generated cylinder',#1251,60.) ;
#1393=CYLINDRICAL_SURFACE('generated cylinder',#1392,10.) ;
#1518=CYLINDRICAL_SURFACE('generated cylinder',#1517,15.) ;
#1666=CYLINDRICAL_SURFACE('generated cylinder',#1665,16.) ;
#1712=CYLINDRICAL_SURFACE('generated cylinder',#1711,10.) ;
#1779=CYLINDRICAL_SURFACE('generated cylinder',#1778,15.) ;
#1939=CYLINDRICAL_SURFACE('generated cylinder',#1938,16.) ;
#1957=CYLINDRICAL_SURFACE('generated cylinder',#1956,10.) ;
#1988=CYLINDRICAL_SURFACE('generated cylinder',#1987,3.) ;
#2019=CYLINDRICAL_SURFACE('generated cylinder',#2018,3.) ;
#2069=CYLINDRICAL_SURFACE('generated cylinder',#2068,3.) ;
#2105=CYLINDRICAL_SURFACE('generated cylinder',#2104,7.) ;
#2189=CYLINDRICAL_SURFACE('generated cylinder',#2188,3.) ;
#2330=CYLINDRICAL_SURFACE('generated cylinder',#2329,7.) ;
#2364=CYLINDRICAL_SURFACE('generated cylinder',#2363,16.) ;
#2412=CYLINDRICAL_SURFACE('generated cylinder',#2411,10.) ;
#2556=CYLINDRICAL_SURFACE('generated cylinder',#2555,10.) ;
#2604=CYLINDRICAL_SURFACE('generated cylinder',#2603,16.) ;
#2635=CYLINDRICAL_SURFACE('generated cylinder',#2634,4.25) ;
#2701=CYLINDRICAL_SURFACE('generated cylinder',#2700,4.25) ;
#2749=CYLINDRICAL_SURFACE('generated cylinder',#2748,4.25) ;
#2815=CYLINDRICAL_SURFACE('generated cylinder',#2814,4.25) ;
#3103=CYLINDRICAL_SURFACE('generated cylinder',#3102,10.) ;
#3127=CYLINDRICAL_SURFACE('generated cylinder',#3126,2.) ;
#3144=CYLINDRICAL_SURFACE('generated cylinder',#3143,10.) ;
#3185=CYLINDRICAL_SURFACE('generated cylinder',#3184,3.5) ;
#3216=CYLINDRICAL_SURFACE('generated cylinder',#3215,3.5) ;
#3271=CYLINDRICAL_SURFACE('generated cylinder',#3270,3.5) ;
#3302=CYLINDRICAL_SURFACE('generated cylinder',#3301,3.5) ;
#3388=CYLINDRICAL_SURFACE('generated cylinder',#3387,16.) ;
#3459=CYLINDRICAL_SURFACE('generated cylinder',#3458,10.) ;
#3552=CYLINDRICAL_SURFACE('generated cylinder',#3551,5.) ;
#3614=CYLINDRICAL_SURFACE('generated cylinder',#3613,25.) ;
#3676=CYLINDRICAL_SURFACE('generated cylinder',#3675,10.) ;
#3738=CYLINDRICAL_SURFACE('generated cylinder',#3737,10.) ;
#3800=CYLINDRICAL_SURFACE('generated cylinder',#3799,5.) ;
#3893=CYLINDRICAL_SURFACE('generated cylinder',#3892,9.99999999969) ;
#220=FACE_BOUND('',#215,.T.) ;
#266=FACE_BOUND('',#261,.T.) ;
#422=FACE_BOUND('',#417,.T.) ;
#428=FACE_BOUND('',#423,.T.) ;
#1381=FACE_BOUND('',#1376,.T.) ;
#1387=FACE_BOUND('',#1382,.T.) ;
#1592=FACE_BOUND('',#1587,.T.) ;
#1598=FACE_BOUND('',#1593,.T.) ;
#1899=FACE_BOUND('',#1894,.T.) ;
#1933=FACE_BOUND('',#1928,.T.) ;
#2301=FACE_BOUND('',#2296,.T.) ;
#2307=FACE_BOUND('',#2302,.T.) ;
#2936=FACE_BOUND('',#2931,.T.) ;
#2942=FACE_BOUND('',#2937,.T.) ;
#3023=FACE_BOUND('',#3018,.T.) ;
#3029=FACE_BOUND('',#3024,.T.) ;
#3063=FACE_BOUND('',#3058,.T.) ;
#3097=FACE_BOUND('',#3092,.T.) ;
#3371=FACE_BOUND('',#3366,.T.) ;
#3377=FACE_BOUND('',#3372,.T.) ;
#44=EDGE_CURVE('',#41,#43,#39,.F.) ;
#51=EDGE_CURVE('',#41,#50,#48,.T.) ;
#58=EDGE_CURVE('',#50,#57,#55,.F.) ;
#63=EDGE_CURVE('',#43,#57,#62,.T.) ;
#77=EDGE_CURVE('',#76,#43,#74,.T.) ;
#84=EDGE_CURVE('',#83,#76,#81,.F.) ;
#89=EDGE_CURVE('',#83,#41,#88,.T.) ;
#110=EDGE_CURVE('',#107,#109,#105,.F.) ;
#115=EDGE_CURVE('',#107,#83,#114,.T.) ;
#120=EDGE_CURVE('',#109,#76,#119,.T.) ;
#132=EDGE_CURVE('',#57,#109,#131,.T.) ;
#137=EDGE_CURVE('',#50,#107,#136,.T.) ;
#161=EDGE_CURVE('',#158,#160,#150,.T.) ;
#168=EDGE_CURVE('',#167,#158,#165,.F.) ;
#178=EDGE_CURVE('',#177,#167,#169,.T.) ;
#185=EDGE_CURVE('',#184,#177,#182,.T.) ;
#192=EDGE_CURVE('',#184,#191,#189,.F.) ;
#200=EDGE_CURVE('',#199,#191,#193,.T.) ;
#205=EDGE_CURVE('',#160,#199,#204,.F.) ;
#232=EDGE_CURVE('',#229,#231,#221,.T.) ;
#242=EDGE_CURVE('',#231,#241,#233,.T.) ;
#252=EDGE_CURVE('',#241,#251,#243,.T.) ;
#260=EDGE_CURVE('',#251,#229,#253,.T.) ;
#279=EDGE_CURVE('',#278,#229,#276,.F.) ;
#286=EDGE_CURVE('',#278,#285,#283,.T.) ;
#291=EDGE_CURVE('',#285,#231,#290,.F.) ;
#310=EDGE_CURVE('',#309,#251,#307,.F.) ;
#315=EDGE_CURVE('',#309,#278,#314,.T.) ;
#329=EDGE_CURVE('',#328,#241,#326,.F.) ;
#334=EDGE_CURVE('',#328,#309,#333,.T.) ;
#346=EDGE_CURVE('',#285,#328,#345,.T.) ;
#367=EDGE_CURVE('',#364,#366,#362,.T.) ;
#374=EDGE_CURVE('',#366,#373,#371,.T.) ;
#381=EDGE_CURVE('',#380,#373,#378,.T.) ;
#388=EDGE_CURVE('',#380,#387,#385,.T.) ;
#395=EDGE_CURVE('',#387,#394,#392,.T.) ;
#402=EDGE_CURVE('',#394,#401,#399,.T.) ;
#407=EDGE_CURVE('',#401,#364,#406,.T.) ;
#439=EDGE_CURVE('',#401,#158,#438,.F.) ;
#444=EDGE_CURVE('',#364,#160,#443,.F.) ;
#461=EDGE_CURVE('',#366,#199,#460,.T.) ;
#478=EDGE_CURVE('',#373,#191,#477,.F.) ;
#507=EDGE_CURVE('',#506,#373,#499,.T.) ;
#515=EDGE_CURVE('',#514,#191,#508,.T.) ;
#519=EDGE_CURVE('',#514,#506,#516,.T.) ;
#554=EDGE_CURVE('',#553,#514,#546,.T.) ;
#560=EDGE_CURVE('',#559,#553,#555,.T.) ;
#567=EDGE_CURVE('',#559,#506,#561,.T.) ;
#586=EDGE_CURVE('',#585,#184,#583,.T.) ;
#591=EDGE_CURVE('',#585,#553,#590,.T.) ;
#611=EDGE_CURVE('',#610,#380,#608,.T.) ;
#616=EDGE_CURVE('',#610,#585,#615,.T.) ;
#621=EDGE_CURVE('',#380,#184,#620,.T.) ;
#638=EDGE_CURVE('',#387,#177,#637,.T.) ;
#655=EDGE_CURVE('',#394,#167,#654,.F.) ;
#688=EDGE_CURVE('',#685,#687,#683,.F.) ;
#695=EDGE_CURVE('',#694,#687,#692,.T.) ;
#702=EDGE_CURVE('',#701,#694,#699,.F.) ;
#707=EDGE_CURVE('',#701,#685,#706,.T.) ;
#728=EDGE_CURVE('',#725,#727,#723,.F.) ;
#733=EDGE_CURVE('',#727,#687,#732,.T.) ;
#738=EDGE_CURVE('',#725,#685,#737,.T.) ;
#757=EDGE_CURVE('',#725,#756,#754,.T.) ;
#764=EDGE_CURVE('',#756,#763,#761,.T.) ;
#769=EDGE_CURVE('',#727,#763,#768,.T.) ;
#790=EDGE_CURVE('',#787,#789,#785,.F.) ;
#795=EDGE_CURVE('',#789,#763,#794,.T.) ;
#800=EDGE_CURVE('',#787,#756,#799,.T.) ;
#821=EDGE_CURVE('',#818,#820,#816,.T.) ;
#826=EDGE_CURVE('',#820,#789,#825,.T.) ;
#831=EDGE_CURVE('',#818,#787,#830,.T.) ;
#852=EDGE_CURVE('',#849,#851,#847,.F.) ;
#859=EDGE_CURVE('',#849,#858,#856,.T.) ;
#866=EDGE_CURVE('',#858,#865,#863,.F.) ;
#871=EDGE_CURVE('',#851,#865,#870,.T.) ;
#885=EDGE_CURVE('',#884,#851,#882,.T.) ;
#892=EDGE_CURVE('',#891,#884,#889,.F.) ;
#897=EDGE_CURVE('',#891,#849,#896,.T.) ;
#916=EDGE_CURVE('',#915,#891,#913,.T.) ;
#923=EDGE_CURVE('',#922,#884,#920,.T.) ;
#928=EDGE_CURVE('',#915,#922,#927,.F.) ;
#940=EDGE_CURVE('',#865,#922,#939,.T.) ;
#945=EDGE_CURVE('',#858,#915,#944,.T.) ;
#966=EDGE_CURVE('',#963,#965,#961,.F.) ;
#973=EDGE_CURVE('',#963,#972,#970,.T.) ;
#980=EDGE_CURVE('',#972,#979,#977,.F.) ;
#985=EDGE_CURVE('',#965,#979,#984,.T.) ;
#999=EDGE_CURVE('',#998,#965,#996,.T.) ;
#1006=EDGE_CURVE('',#1005,#998,#1003,.F.) ;
#1011=EDGE_CURVE('',#1005,#963,#1010,.T.) ;
#1030=EDGE_CURVE('',#1029,#1005,#1027,.T.) ;
#1037=EDGE_CURVE('',#1036,#998,#1034,.T.) ;
#1042=EDGE_CURVE('',#1029,#1036,#1041,.F.) ;
#1054=EDGE_CURVE('',#979,#1036,#1053,.T.) ;
#1059=EDGE_CURVE('',#972,#1029,#1058,.T.) ;
#1080=EDGE_CURVE('',#1077,#1079,#1075,.F.) ;
#1087=EDGE_CURVE('',#1079,#1086,#1084,.T.) ;
#1094=EDGE_CURVE('',#1093,#1086,#1091,.F.) ;
#1099=EDGE_CURVE('',#1077,#1093,#1098,.T.) ;
#1118=EDGE_CURVE('',#1093,#1117,#1115,.T.) ;
#1125=EDGE_CURVE('',#1086,#1124,#1122,.T.) ;
#1130=EDGE_CURVE('',#1117,#1124,#1129,.T.) ;
#1149=EDGE_CURVE('',#818,#1148,#1146,.T.) ;
#1156=EDGE_CURVE('',#1148,#1155,#1153,.F.) ;
#1161=EDGE_CURVE('',#820,#1155,#1160,.T.) ;
#1189=EDGE_CURVE('',#1186,#1188,#1182,.F.) ;
#1197=EDGE_CURVE('',#1196,#1188,#1190,.T.) ;
#1203=EDGE_CURVE('',#1202,#1196,#1198,.T.) ;
#1209=EDGE_CURVE('',#1202,#1186,#1204,.T.) ;
#1228=EDGE_CURVE('',#1227,#1124,#1225,.T.) ;
#1235=EDGE_CURVE('',#1234,#1227,#1232,.F.) ;
#1240=EDGE_CURVE('',#1234,#1117,#1239,.T.) ;
#1261=EDGE_CURVE('',#1258,#1260,#1256,.F.) ;
#1268=EDGE_CURVE('',#1267,#1260,#1265,.T.) ;
#1275=EDGE_CURVE('',#1274,#1267,#1272,.F.) ;
#1280=EDGE_CURVE('',#1274,#1258,#1279,.T.) ;
#1296=EDGE_CURVE('',#694,#1260,#1293,.T.) ;
#1303=EDGE_CURVE('',#1155,#1302,#1300,.F.) ;
#1310=EDGE_CURVE('',#1302,#1309,#1307,.F.) ;
#1315=EDGE_CURVE('',#1309,#1227,#1314,.F.) ;
#1322=EDGE_CURVE('',#1321,#1079,#1319,.F.) ;
#1341=EDGE_CURVE('',#1340,#1321,#1323,.T.) ;
#1351=EDGE_CURVE('',#1340,#1350,#1342,.T.) ;
#1355=EDGE_CURVE('',#1267,#1350,#1352,.T.) ;
#1400=EDGE_CURVE('',#1188,#1399,#1397,.T.) ;
#1407=EDGE_CURVE('',#1399,#1406,#1404,.T.) ;
#1414=EDGE_CURVE('',#1406,#1413,#1411,.T.) ;
#1421=EDGE_CURVE('',#1413,#1227,#1415,.T.) ;
#1430=EDGE_CURVE('',#1429,#1155,#1422,.T.) ;
#1435=EDGE_CURVE('',#1429,#1196,#1434,.F.) ;
#1458=EDGE_CURVE('',#701,#1258,#1457,.T.) ;
#1477=EDGE_CURVE('',#1476,#1350,#1474,.T.) ;
#1482=EDGE_CURVE('',#1274,#1476,#1481,.T.) ;
#1501=EDGE_CURVE('',#1500,#1321,#1498,.T.) ;
#1506=EDGE_CURVE('',#1500,#1077,#1505,.T.) ;
#1525=EDGE_CURVE('',#1524,#1340,#1522,.F.) ;
#1530=EDGE_CURVE('',#1524,#1476,#1529,.T.) ;
#1547=EDGE_CURVE('',#1524,#1500,#1546,.T.) ;
#1554=EDGE_CURVE('',#1553,#1234,#1551,.T.) ;
#1561=EDGE_CURVE('',#1560,#1553,#1558,.T.) ;
#1566=EDGE_CURVE('',#1148,#1560,#1565,.T.) ;
#1630=EDGE_CURVE('',#1429,#1629,#1625,.T.) ;
#1637=EDGE_CURVE('',#1629,#1148,#1631,.T.) ;
#1654=EDGE_CURVE('',#1202,#1629,#1653,.F.) ;
#1675=EDGE_CURVE('',#1674,#1234,#1667,.T.) ;
#1682=EDGE_CURVE('',#1681,#1674,#1679,.T.) ;
#1689=EDGE_CURVE('',#1688,#1681,#1686,.T.) ;
#1694=EDGE_CURVE('',#1186,#1688,#1693,.T.) ;
#1719=EDGE_CURVE('',#1718,#1186,#1716,.T.) ;
#1726=EDGE_CURVE('',#1718,#1725,#1723,.T.) ;
#1731=EDGE_CURVE('',#1725,#1188,#1730,.T.) ;
#1767=EDGE_CURVE('',#1413,#1674,#1764,.T.) ;
#1800=EDGE_CURVE('',#1797,#1799,#1795,.T.) ;
#1805=EDGE_CURVE('',#1797,#553,#1804,.T.) ;
#1812=EDGE_CURVE('',#1811,#585,#1809,.T.) ;
#1819=EDGE_CURVE('',#1811,#1818,#1816,.T.) ;
#1826=EDGE_CURVE('',#1825,#1818,#1823,.T.) ;
#1833=EDGE_CURVE('',#1832,#1825,#1830,.T.) ;
#1840=EDGE_CURVE('',#1839,#1832,#1837,.T.) ;
#1845=EDGE_CURVE('',#1839,#1406,#1844,.T.) ;
#1850=EDGE_CURVE('',#1725,#1799,#1849,.T.) ;
#1874=EDGE_CURVE('',#1871,#1873,#1869,.T.) ;
#1881=EDGE_CURVE('',#1880,#1871,#1878,.T.) ;
#1888=EDGE_CURVE('',#1887,#1880,#1885,.T.) ;
#1893=EDGE_CURVE('',#1873,#1887,#1892,.T.) ;
#1908=EDGE_CURVE('',#1905,#1907,#1903,.T.) ;
#1915=EDGE_CURVE('',#1914,#1905,#1912,.T.) ;
#1922=EDGE_CURVE('',#1921,#1914,#1919,.T.) ;
#1927=EDGE_CURVE('',#1907,#1921,#1926,.T.) ;
#1944=EDGE_CURVE('',#610,#559,#1943,.T.) ;
#1964=EDGE_CURVE('',#1963,#1797,#1961,.T.) ;
#1971=EDGE_CURVE('',#1970,#1799,#1968,.T.) ;
#1976=EDGE_CURVE('',#1963,#1970,#1975,.T.) ;
#1995=EDGE_CURVE('',#1994,#1880,#1992,.T.) ;
#2002=EDGE_CURVE('',#2001,#1871,#1999,.T.) ;
#2007=EDGE_CURVE('',#1994,#2001,#2006,.T.) ;
#2026=EDGE_CURVE('',#2025,#1914,#2023,.T.) ;
#2033=EDGE_CURVE('',#2032,#1905,#2030,.T.) ;
#2038=EDGE_CURVE('',#2025,#2032,#2037,.T.) ;
#2052=EDGE_CURVE('',#2051,#2025,#2049,.T.) ;
#2057=EDGE_CURVE('',#2051,#1921,#2056,.T.) ;
#2076=EDGE_CURVE('',#2032,#2075,#2073,.T.) ;
#2081=EDGE_CURVE('',#2075,#1907,#2080,.T.) ;
#2093=EDGE_CURVE('',#2075,#2051,#2092,.T.) ;
#2114=EDGE_CURVE('',#2111,#2113,#2109,.T.) ;
#2119=EDGE_CURVE('',#2113,#1818,#2118,.T.) ;
#2124=EDGE_CURVE('',#2111,#1811,#2123,.T.) ;
#2141=EDGE_CURVE('',#1963,#559,#2140,.T.) ;
#2158=EDGE_CURVE('',#2111,#610,#2157,.T.) ;
#2172=EDGE_CURVE('',#2171,#1994,#2169,.T.) ;
#2177=EDGE_CURVE('',#2171,#1887,#2176,.T.) ;
#2196=EDGE_CURVE('',#2001,#2195,#2193,.T.) ;
#2201=EDGE_CURVE('',#2195,#1873,#2200,.T.) ;
#2213=EDGE_CURVE('',#2195,#2171,#2212,.T.) ;
#2230=EDGE_CURVE('',#1718,#1970,#2229,.T.) ;
#2249=EDGE_CURVE('',#2248,#1681,#2246,.T.) ;
#2256=EDGE_CURVE('',#2248,#2255,#2253,.F.) ;
#2263=EDGE_CURVE('',#2255,#2262,#2260,.T.) ;
#2280=EDGE_CURVE('',#2262,#2113,#2264,.T.) ;
#2318=EDGE_CURVE('',#1681,#1406,#2317,.T.) ;
#2335=EDGE_CURVE('',#2262,#1825,#2334,.T.) ;
#2352=EDGE_CURVE('',#2248,#1839,#2351,.T.) ;
#2373=EDGE_CURVE('',#2370,#2372,#2368,.T.) ;
#2378=EDGE_CURVE('',#2370,#1839,#2377,.T.) ;
#2383=EDGE_CURVE('',#2372,#1832,#2382,.T.) ;
#2400=EDGE_CURVE('',#2255,#1832,#2399,.T.) ;
#2419=EDGE_CURVE('',#2418,#2255,#2416,.T.) ;
#2426=EDGE_CURVE('',#2425,#2248,#2423,.T.) ;
#2431=EDGE_CURVE('',#2425,#2418,#2430,.T.) ;
#2448=EDGE_CURVE('',#2425,#2370,#2447,.T.) ;
#2467=EDGE_CURVE('',#2466,#2372,#2464,.T.) ;
#2474=EDGE_CURVE('',#2466,#2473,#2471,.F.) ;
#2479=EDGE_CURVE('',#2473,#2370,#2478,.T.) ;
#2496=EDGE_CURVE('',#2418,#2372,#2495,.T.) ;
#2515=EDGE_CURVE('',#2514,#2425,#2512,.T.) ;
#2522=EDGE_CURVE('',#2521,#2514,#2519,.T.) ;
#2527=EDGE_CURVE('',#2521,#2418,#2526,.T.) ;
#2544=EDGE_CURVE('',#2514,#2473,#2543,.T.) ;
#2563=EDGE_CURVE('',#2562,#2473,#2560,.T.) ;
#2570=EDGE_CURVE('',#2569,#2466,#2567,.T.) ;
#2575=EDGE_CURVE('',#2569,#2562,#2574,.T.) ;
#2592=EDGE_CURVE('',#2521,#2466,#2591,.T.) ;
#2613=EDGE_CURVE('',#2610,#2612,#2608,.T.) ;
#2618=EDGE_CURVE('',#2610,#2521,#2617,.T.) ;
#2623=EDGE_CURVE('',#2612,#2514,#2622,.T.) ;
#2644=EDGE_CURVE('',#2641,#2643,#2639,.T.) ;
#2651=EDGE_CURVE('',#2643,#2650,#2648,.T.) ;
#2658=EDGE_CURVE('',#2657,#2650,#2655,.T.) ;
#2663=EDGE_CURVE('',#2641,#2657,#2662,.T.) ;
#2677=EDGE_CURVE('',#2676,#2641,#2674,.T.) ;
#2684=EDGE_CURVE('',#2676,#2683,#2681,.T.) ;
#2689=EDGE_CURVE('',#2683,#2643,#2688,.T.) ;
#2708=EDGE_CURVE('',#2707,#2683,#2705,.T.) ;
#2715=EDGE_CURVE('',#2714,#2676,#2712,.T.) ;
#2720=EDGE_CURVE('',#2714,#2707,#2719,.T.) ;
#2732=EDGE_CURVE('',#2657,#2714,#2731,.T.) ;
#2737=EDGE_CURVE('',#2650,#2707,#2736,.T.) ;
#2758=EDGE_CURVE('',#2755,#2757,#2753,.T.) ;
#2765=EDGE_CURVE('',#2757,#2764,#2762,.T.) ;
#2772=EDGE_CURVE('',#2771,#2764,#2769,.T.) ;
#2777=EDGE_CURVE('',#2755,#2771,#2776,.T.) ;
#2791=EDGE_CURVE('',#2790,#2755,#2788,.T.) ;
#2798=EDGE_CURVE('',#2790,#2797,#2795,.T.) ;
#2803=EDGE_CURVE('',#2797,#2757,#2802,.T.) ;
#2822=EDGE_CURVE('',#2821,#2797,#2819,.T.) ;
#2829=EDGE_CURVE('',#2828,#2790,#2826,.T.) ;
#2834=EDGE_CURVE('',#2828,#2821,#2833,.T.) ;
#2846=EDGE_CURVE('',#2771,#2828,#2845,.T.) ;
#2851=EDGE_CURVE('',#2764,#2821,#2850,.T.) ;
#2870=EDGE_CURVE('',#2869,#2562,#2867,.T.) ;
#2877=EDGE_CURVE('',#2869,#2876,#2874,.T.) ;
#2884=EDGE_CURVE('',#2883,#2876,#2881,.T.) ;
#2891=EDGE_CURVE('',#2890,#2883,#2888,.T.) ;
#2896=EDGE_CURVE('',#2890,#2612,#2895,.T.) ;
#2919=EDGE_CURVE('',#2918,#2569,#2916,.T.) ;
#2924=EDGE_CURVE('',#2918,#2869,#2923,.T.) ;
#2955=EDGE_CURVE('',#2954,#2610,#2952,.T.) ;
#2962=EDGE_CURVE('',#2954,#2961,#2959,.T.) ;
#2969=EDGE_CURVE('',#2968,#2961,#2966,.T.) ;
#2974=EDGE_CURVE('',#2968,#2918,#2973,.F.) ;
#2999=EDGE_CURVE('',#2996,#2998,#2994,.T.) ;
#3004=EDGE_CURVE('',#2954,#2996,#3003,.T.) ;
#3009=EDGE_CURVE('',#2998,#2890,#3008,.T.) ;
#3038=EDGE_CURVE('',#3035,#3037,#3033,.T.) ;
#3045=EDGE_CURVE('',#3037,#3044,#3042,.T.) ;
#3052=EDGE_CURVE('',#3044,#3051,#3049,.T.) ;
#3057=EDGE_CURVE('',#3051,#3035,#3056,.T.) ;
#3072=EDGE_CURVE('',#3069,#3071,#3067,.T.) ;
#3079=EDGE_CURVE('',#3071,#3078,#3076,.T.) ;
#3086=EDGE_CURVE('',#3078,#3085,#3083,.T.) ;
#3091=EDGE_CURVE('',#3085,#3069,#3090,.T.) ;
#3110=EDGE_CURVE('',#2998,#3109,#3107,.T.) ;
#3115=EDGE_CURVE('',#3109,#2883,#3114,.T.) ;
#3132=EDGE_CURVE('',#2968,#2876,#3131,.F.) ;
#3151=EDGE_CURVE('',#2996,#3150,#3148,.T.) ;
#3156=EDGE_CURVE('',#2961,#3150,#3155,.T.) ;
#3173=EDGE_CURVE('',#3150,#3109,#3172,.T.) ;
#3194=EDGE_CURVE('',#3191,#3193,#3189,.T.) ;
#3199=EDGE_CURVE('',#3037,#3193,#3198,.T.) ;
#3204=EDGE_CURVE('',#3035,#3191,#3203,.T.) ;
#3223=EDGE_CURVE('',#3222,#3191,#3220,.T.) ;
#3228=EDGE_CURVE('',#3051,#3222,#3227,.T.) ;
#3242=EDGE_CURVE('',#3241,#3222,#3239,.T.) ;
#3247=EDGE_CURVE('',#3044,#3241,#3246,.T.) ;
#3259=EDGE_CURVE('',#3193,#3241,#3258,.T.) ;
#3280=EDGE_CURVE('',#3277,#3279,#3275,.T.) ;
#3285=EDGE_CURVE('',#3071,#3279,#3284,.T.) ;
#3290=EDGE_CURVE('',#3069,#3277,#3289,.T.) ;
#3309=EDGE_CURVE('',#3308,#3277,#3306,.T.) ;
#3314=EDGE_CURVE('',#3085,#3308,#3313,.T.) ;
#3328=EDGE_CURVE('',#3327,#3308,#3325,.T.) ;
#3333=EDGE_CURVE('',#3078,#3327,#3332,.T.) ;
#3345=EDGE_CURVE('',#3279,#3327,#3344,.T.) ;
#3397=EDGE_CURVE('',#3394,#3396,#3392,.F.) ;
#3404=EDGE_CURVE('',#3403,#3396,#3401,.F.) ;
#3411=EDGE_CURVE('',#3410,#3403,#3408,.F.) ;
#3416=EDGE_CURVE('',#3410,#3394,#3415,.F.) ;
#3435=EDGE_CURVE('',#3396,#3434,#3432,.T.) ;
#3442=EDGE_CURVE('',#3441,#3434,#3439,.T.) ;
#3447=EDGE_CURVE('',#3403,#3441,#3446,.T.) ;
#3466=EDGE_CURVE('',#3434,#3465,#3463,.T.) ;
#3473=EDGE_CURVE('',#3472,#3465,#3470,.F.) ;
#3478=EDGE_CURVE('',#3441,#3472,#3477,.T.) ;
#3497=EDGE_CURVE('',#3465,#3496,#3494,.T.) ;
#3504=EDGE_CURVE('',#3503,#3496,#3501,.T.) ;
#3509=EDGE_CURVE('',#3472,#3503,#3508,.T.) ;
#3530=EDGE_CURVE('',#3527,#3529,#3525,.T.) ;
#3535=EDGE_CURVE('',#3503,#3527,#3534,.T.) ;
#3540=EDGE_CURVE('',#3496,#3529,#3539,.T.) ;
#3559=EDGE_CURVE('',#3529,#3558,#3556,.F.) ;
#3566=EDGE_CURVE('',#3565,#3558,#3563,.T.) ;
#3571=EDGE_CURVE('',#3565,#3527,#3570,.T.) ;
#3590=EDGE_CURVE('',#3558,#3589,#3587,.T.) ;
#3597=EDGE_CURVE('',#3589,#3596,#3594,.F.) ;
#3602=EDGE_CURVE('',#3565,#3596,#3601,.T.) ;
#3621=EDGE_CURVE('',#3620,#3589,#3618,.F.) ;
#3628=EDGE_CURVE('',#3620,#3627,#3625,.F.) ;
#3633=EDGE_CURVE('',#3596,#3627,#3632,.T.) ;
#3652=EDGE_CURVE('',#3620,#3651,#3649,.T.) ;
#3659=EDGE_CURVE('',#3658,#3651,#3656,.T.) ;
#3664=EDGE_CURVE('',#3627,#3658,#3663,.T.) ;
#3683=EDGE_CURVE('',#3651,#3682,#3680,.F.) ;
#3690=EDGE_CURVE('',#3689,#3682,#3687,.T.) ;
#3695=EDGE_CURVE('',#3689,#3658,#3694,.T.) ;
#3714=EDGE_CURVE('',#3682,#3713,#3711,.T.) ;
#3721=EDGE_CURVE('',#3713,#3720,#3718,.F.) ;
#3726=EDGE_CURVE('',#3689,#3720,#3725,.T.) ;
#3745=EDGE_CURVE('',#3744,#3713,#3742,.F.) ;
#3752=EDGE_CURVE('',#3744,#3751,#3749,.F.) ;
#3757=EDGE_CURVE('',#3720,#3751,#3756,.T.) ;
#3776=EDGE_CURVE('',#3751,#3775,#3773,.F.) ;
#3783=EDGE_CURVE('',#3744,#3782,#3780,.F.) ;
#3788=EDGE_CURVE('',#3775,#3782,#3787,.T.) ;
#3807=EDGE_CURVE('',#3782,#3806,#3804,.F.) ;
#3814=EDGE_CURVE('',#3813,#3806,#3811,.T.) ;
#3819=EDGE_CURVE('',#3813,#3775,#3818,.T.) ;
#3838=EDGE_CURVE('',#3806,#3837,#3835,.F.) ;
#3845=EDGE_CURVE('',#3844,#3837,#3842,.T.) ;
#3850=EDGE_CURVE('',#3813,#3844,#3849,.F.) ;
#3869=EDGE_CURVE('',#3837,#3868,#3866,.F.) ;
#3876=EDGE_CURVE('',#3875,#3868,#3873,.T.) ;
#3881=EDGE_CURVE('',#3844,#3875,#3880,.F.) ;
#3900=EDGE_CURVE('',#3868,#3899,#3897,.T.) ;
#3907=EDGE_CURVE('',#3906,#3899,#3904,.F.) ;
#3912=EDGE_CURVE('',#3875,#3906,#3911,.T.) ;
#3929=EDGE_CURVE('',#3899,#3394,#3928,.F.) ;
#3934=EDGE_CURVE('',#3906,#3410,#3933,.F.) ;
#30=CLOSED_SHELL('Closed Shell',(#70,#96,#127,#144,#267,#298,#322,#341,#353,#429,#451,#468,#485,#526,#574,#599,#628,#645,#662,#674,#714,#745,#776,#807,#838,#878,#904,#935,#952,#992,#1018,#1049,#1066,#1106,#1137,#1168,#1216,#1247,#1287,#1388,#1448,#1465,#1489,#1513,#1537,#1599,#1644,#1661,#1707,#1738,#1774,#1786,#1934,#1952,#1983,#2014,#2045,#2064,#2088,#2100,#2131,#2148,#2165,#2184,#2208,#2220,#2237,#2308,#2325,#2342,#2359,#2390,#2407,#2438,#2455,#2486,#2503,#2534,#2551,#2582,#2599,#2630,#2670,#2696,#2727,#2744,#2784,#2810,#2841,#2858,#2907,#2943,#2985,#3098,#3122,#3139,#3163,#3180,#3211,#3235,#3254,#3266,#3297,#3321,#3340,#3352,#3378)) ;
#3383=CLOSED_SHELL('Closed Shell',(#3423,#3454,#3485,#3516,#3547,#3578,#3609,#3640,#3671,#3702,#3733,#3764,#3795,#3826,#3857,#3888,#3919,#3941,#3967,#3993)) ;
#3380=SHAPE_REPRESENTATION_RELATIONSHIP(' ',' ',#19,#3379) ;
#64=EDGE_LOOP('',(#65,#66,#67,#68)) ;
#90=EDGE_LOOP('',(#91,#92,#93,#94)) ;
#121=EDGE_LOOP('',(#122,#123,#124,#125)) ;
#138=EDGE_LOOP('',(#139,#140,#141,#142)) ;
#206=EDGE_LOOP('',(#207,#208,#209,#210,#211,#212,#213)) ;
#215=EDGE_LOOP('',(#216,#217,#218,#219)) ;
#261=EDGE_LOOP('',(#262,#263,#264,#265)) ;
#292=EDGE_LOOP('',(#293,#294,#295,#296)) ;
#316=EDGE_LOOP('',(#317,#318,#319,#320)) ;
#335=EDGE_LOOP('',(#336,#337,#338,#339)) ;
#347=EDGE_LOOP('',(#348,#349,#350,#351)) ;
#408=EDGE_LOOP('',(#409,#410,#411,#412,#413,#414,#415)) ;
#417=EDGE_LOOP('',(#418,#419,#420,#421)) ;
#423=EDGE_LOOP('',(#424,#425,#426,#427)) ;
#445=EDGE_LOOP('',(#446,#447,#448,#449)) ;
#462=EDGE_LOOP('',(#463,#464,#465,#466)) ;
#479=EDGE_LOOP('',(#480,#481,#482,#483)) ;
#520=EDGE_LOOP('',(#521,#522,#523,#524)) ;
#568=EDGE_LOOP('',(#569,#570,#571,#572)) ;
#592=EDGE_LOOP('',(#593,#594,#595,#596,#597)) ;
#622=EDGE_LOOP('',(#623,#624,#625,#626)) ;
#639=EDGE_LOOP('',(#640,#641,#642,#643)) ;
#656=EDGE_LOOP('',(#657,#658,#659,#660)) ;
#668=EDGE_LOOP('',(#669,#670,#671,#672)) ;
#708=EDGE_LOOP('',(#709,#710,#711,#712)) ;
#739=EDGE_LOOP('',(#740,#741,#742,#743)) ;
#770=EDGE_LOOP('',(#771,#772,#773,#774)) ;
#801=EDGE_LOOP('',(#802,#803,#804,#805)) ;
#832=EDGE_LOOP('',(#833,#834,#835,#836)) ;
#872=EDGE_LOOP('',(#873,#874,#875,#876)) ;
#898=EDGE_LOOP('',(#899,#900,#901,#902)) ;
#929=EDGE_LOOP('',(#930,#931,#932,#933)) ;
#946=EDGE_LOOP('',(#947,#948,#949,#950)) ;
#986=EDGE_LOOP('',(#987,#988,#989,#990)) ;
#1012=EDGE_LOOP('',(#1013,#1014,#1015,#1016)) ;
#1043=EDGE_LOOP('',(#1044,#1045,#1046,#1047)) ;
#1060=EDGE_LOOP('',(#1061,#1062,#1063,#1064)) ;
#1100=EDGE_LOOP('',(#1101,#1102,#1103,#1104)) ;
#1131=EDGE_LOOP('',(#1132,#1133,#1134,#1135)) ;
#1162=EDGE_LOOP('',(#1163,#1164,#1165,#1166)) ;
#1210=EDGE_LOOP('',(#1211,#1212,#1213,#1214)) ;
#1241=EDGE_LOOP('',(#1242,#1243,#1244,#1245)) ;
#1281=EDGE_LOOP('',(#1282,#1283,#1284,#1285)) ;
#1356=EDGE_LOOP('',(#1357,#1358,#1359,#1360,#1361,#1362,#1363,#1364,#1365,#1366,#1367,#1368,#1369,#1370,#1371,#1372,#1373,#1374)) ;
#1376=EDGE_LOOP('',(#1377,#1378,#1379,#1380)) ;
#1382=EDGE_LOOP('',(#1383,#1384,#1385,#1386)) ;
#1436=EDGE_LOOP('',(#1437,#1438,#1439,#1440,#1441,#1442,#1443,#1444,#1445,#1446)) ;
#1459=EDGE_LOOP('',(#1460,#1461,#1462,#1463)) ;
#1483=EDGE_LOOP('',(#1484,#1485,#1486,#1487)) ;
#1507=EDGE_LOOP('',(#1508,#1509,#1510,#1511)) ;
#1531=EDGE_LOOP('',(#1532,#1533,#1534,#1535)) ;
#1567=EDGE_LOOP('',(#1568,#1569,#1570,#1571,#1572,#1573,#1574,#1575,#1576,#1577,#1578,#1579,#1580,#1581,#1582,#1583,#1584,#1585)) ;
#1587=EDGE_LOOP('',(#1588,#1589,#1590,#1591)) ;
#1593=EDGE_LOOP('',(#1594,#1595,#1596,#1597)) ;
#1638=EDGE_LOOP('',(#1639,#1640,#1641,#1642)) ;
#1655=EDGE_LOOP('',(#1656,#1657,#1658,#1659)) ;
#1695=EDGE_LOOP('',(#1696,#1697,#1698,#1699,#1700,#1701,#1702,#1703,#1704,#1705)) ;
#1732=EDGE_LOOP('',(#1733,#1734,#1735,#1736)) ;
#1768=EDGE_LOOP('',(#1769,#1770,#1771,#1772)) ;
#1780=EDGE_LOOP('',(#1781,#1782,#1783,#1784)) ;
#1851=EDGE_LOOP('',(#1852,#1853,#1854,#1855,#1856,#1857,#1858,#1859,#1860,#1861,#1862,#1863,#1864)) ;
#1894=EDGE_LOOP('',(#1895,#1896,#1897,#1898)) ;
#1928=EDGE_LOOP('',(#1929,#1930,#1931,#1932)) ;
#1945=EDGE_LOOP('',(#1946,#1947,#1948,#1949,#1950)) ;
#1977=EDGE_LOOP('',(#1978,#1979,#1980,#1981)) ;
#2008=EDGE_LOOP('',(#2009,#2010,#2011,#2012)) ;
#2039=EDGE_LOOP('',(#2040,#2041,#2042,#2043)) ;
#2058=EDGE_LOOP('',(#2059,#2060,#2061,#2062)) ;
#2082=EDGE_LOOP('',(#2083,#2084,#2085,#2086)) ;
#2094=EDGE_LOOP('',(#2095,#2096,#2097,#2098)) ;
#2125=EDGE_LOOP('',(#2126,#2127,#2128,#2129)) ;
#2142=EDGE_LOOP('',(#2143,#2144,#2145,#2146)) ;
#2159=EDGE_LOOP('',(#2160,#2161,#2162,#2163)) ;
#2178=EDGE_LOOP('',(#2179,#2180,#2181,#2182)) ;
#2202=EDGE_LOOP('',(#2203,#2204,#2205,#2206)) ;
#2214=EDGE_LOOP('',(#2215,#2216,#2217,#2218)) ;
#2231=EDGE_LOOP('',(#2232,#2233,#2234,#2235)) ;
#2281=EDGE_LOOP('',(#2282,#2283,#2284,#2285,#2286,#2287,#2288,#2289,#2290,#2291,#2292,#2293,#2294)) ;
#2296=EDGE_LOOP('',(#2297,#2298,#2299,#2300)) ;
#2302=EDGE_LOOP('',(#2303,#2304,#2305,#2306)) ;
#2319=EDGE_LOOP('',(#2320,#2321,#2322,#2323)) ;
#2336=EDGE_LOOP('',(#2337,#2338,#2339,#2340)) ;
#2353=EDGE_LOOP('',(#2354,#2355,#2356,#2357)) ;
#2384=EDGE_LOOP('',(#2385,#2386,#2387,#2388)) ;
#2401=EDGE_LOOP('',(#2402,#2403,#2404,#2405)) ;
#2432=EDGE_LOOP('',(#2433,#2434,#2435,#2436)) ;
#2449=EDGE_LOOP('',(#2450,#2451,#2452,#2453)) ;
#2480=EDGE_LOOP('',(#2481,#2482,#2483,#2484)) ;
#2497=EDGE_LOOP('',(#2498,#2499,#2500,#2501)) ;
#2528=EDGE_LOOP('',(#2529,#2530,#2531,#2532)) ;
#2545=EDGE_LOOP('',(#2546,#2547,#2548,#2549)) ;
#2576=EDGE_LOOP('',(#2577,#2578,#2579,#2580)) ;
#2593=EDGE_LOOP('',(#2594,#2595,#2596,#2597)) ;
#2624=EDGE_LOOP('',(#2625,#2626,#2627,#2628)) ;
#2664=EDGE_LOOP('',(#2665,#2666,#2667,#2668)) ;
#2690=EDGE_LOOP('',(#2691,#2692,#2693,#2694)) ;
#2721=EDGE_LOOP('',(#2722,#2723,#2724,#2725)) ;
#2738=EDGE_LOOP('',(#2739,#2740,#2741,#2742)) ;
#2778=EDGE_LOOP('',(#2779,#2780,#2781,#2782)) ;
#2804=EDGE_LOOP('',(#2805,#2806,#2807,#2808)) ;
#2835=EDGE_LOOP('',(#2836,#2837,#2838,#2839)) ;
#2852=EDGE_LOOP('',(#2853,#2854,#2855,#2856)) ;
#2897=EDGE_LOOP('',(#2898,#2899,#2900,#2901,#2902,#2903,#2904,#2905)) ;
#2925=EDGE_LOOP('',(#2926,#2927,#2928,#2929)) ;
#2931=EDGE_LOOP('',(#2932,#2933,#2934,#2935)) ;
#2937=EDGE_LOOP('',(#2938,#2939,#2940,#2941)) ;
#2975=EDGE_LOOP('',(#2976,#2977,#2978,#2979,#2980,#2981,#2982,#2983)) ;
#3010=EDGE_LOOP('',(#3011,#3012,#3013,#3014,#3015,#3016)) ;
#3018=EDGE_LOOP('',(#3019,#3020,#3021,#3022)) ;
#3024=EDGE_LOOP('',(#3025,#3026,#3027,#3028)) ;
#3058=EDGE_LOOP('',(#3059,#3060,#3061,#3062)) ;
#3092=EDGE_LOOP('',(#3093,#3094,#3095,#3096)) ;
#3116=EDGE_LOOP('',(#3117,#3118,#3119,#3120)) ;
#3133=EDGE_LOOP('',(#3134,#3135,#3136,#3137)) ;
#3157=EDGE_LOOP('',(#3158,#3159,#3160,#3161)) ;
#3174=EDGE_LOOP('',(#3175,#3176,#3177,#3178)) ;
#3205=EDGE_LOOP('',(#3206,#3207,#3208,#3209)) ;
#3229=EDGE_LOOP('',(#3230,#3231,#3232,#3233)) ;
#3248=EDGE_LOOP('',(#3249,#3250,#3251,#3252)) ;
#3260=EDGE_LOOP('',(#3261,#3262,#3263,#3264)) ;
#3291=EDGE_LOOP('',(#3292,#3293,#3294,#3295)) ;
#3315=EDGE_LOOP('',(#3316,#3317,#3318,#3319)) ;
#3334=EDGE_LOOP('',(#3335,#3336,#3337,#3338)) ;
#3346=EDGE_LOOP('',(#3347,#3348,#3349,#3350)) ;
#3358=EDGE_LOOP('',(#3359,#3360,#3361,#3362,#3363,#3364)) ;
#3366=EDGE_LOOP('',(#3367,#3368,#3369,#3370)) ;
#3372=EDGE_LOOP('',(#3373,#3374,#3375,#3376)) ;
#3417=EDGE_LOOP('',(#3418,#3419,#3420,#3421)) ;
#3448=EDGE_LOOP('',(#3449,#3450,#3451,#3452)) ;
#3479=EDGE_LOOP('',(#3480,#3481,#3482,#3483)) ;
#3510=EDGE_LOOP('',(#3511,#3512,#3513,#3514)) ;
#3541=EDGE_LOOP('',(#3542,#3543,#3544,#3545)) ;
#3572=EDGE_LOOP('',(#3573,#3574,#3575,#3576)) ;
#3603=EDGE_LOOP('',(#3604,#3605,#3606,#3607)) ;
#3634=EDGE_LOOP('',(#3635,#3636,#3637,#3638)) ;
#3665=EDGE_LOOP('',(#3666,#3667,#3668,#3669)) ;
#3696=EDGE_LOOP('',(#3697,#3698,#3699,#3700)) ;
#3727=EDGE_LOOP('',(#3728,#3729,#3730,#3731)) ;
#3758=EDGE_LOOP('',(#3759,#3760,#3761,#3762)) ;
#3789=EDGE_LOOP('',(#3790,#3791,#3792,#3793)) ;
#3820=EDGE_LOOP('',(#3821,#3822,#3823,#3824)) ;
#3851=EDGE_LOOP('',(#3852,#3853,#3854,#3855)) ;
#3882=EDGE_LOOP('',(#3883,#3884,#3885,#3886)) ;
#3913=EDGE_LOOP('',(#3914,#3915,#3916,#3917)) ;
#3935=EDGE_LOOP('',(#3936,#3937,#3938,#3939)) ;
#3947=EDGE_LOOP('',(#3948,#3949,#3950,#3951,#3952,#3953,#3954,#3955,#3956,#3957,#3958,#3959,#3960,#3961,#3962,#3963,#3964,#3965)) ;
#3973=EDGE_LOOP('',(#3974,#3975,#3976,#3977,#3978,#3979,#3980,#3981,#3982,#3983,#3984,#3985,#3986,#3987,#3988,#3989,#3990,#3991)) ;
#65=ORIENTED_EDGE('',*,*,#44,.F.) ;
#66=ORIENTED_EDGE('',*,*,#51,.T.) ;
#67=ORIENTED_EDGE('',*,*,#58,.T.) ;
#68=ORIENTED_EDGE('',*,*,#63,.F.) ;
#91=ORIENTED_EDGE('',*,*,#77,.F.) ;
#92=ORIENTED_EDGE('',*,*,#84,.F.) ;
#93=ORIENTED_EDGE('',*,*,#89,.T.) ;
#94=ORIENTED_EDGE('',*,*,#44,.T.) ;
#122=ORIENTED_EDGE('',*,*,#110,.F.) ;
#123=ORIENTED_EDGE('',*,*,#115,.T.) ;
#124=ORIENTED_EDGE('',*,*,#84,.T.) ;
#125=ORIENTED_EDGE('',*,*,#120,.F.) ;
#139=ORIENTED_EDGE('',*,*,#110,.T.) ;
#140=ORIENTED_EDGE('',*,*,#132,.F.) ;
#141=ORIENTED_EDGE('',*,*,#58,.F.) ;
#142=ORIENTED_EDGE('',*,*,#137,.T.) ;
#207=ORIENTED_EDGE('',*,*,#161,.F.) ;
#208=ORIENTED_EDGE('',*,*,#168,.F.) ;
#209=ORIENTED_EDGE('',*,*,#178,.F.) ;
#210=ORIENTED_EDGE('',*,*,#185,.F.) ;
#211=ORIENTED_EDGE('',*,*,#192,.T.) ;
#212=ORIENTED_EDGE('',*,*,#200,.F.) ;
#213=ORIENTED_EDGE('',*,*,#205,.F.) ;
#216=ORIENTED_EDGE('',*,*,#77,.T.) ;
#217=ORIENTED_EDGE('',*,*,#63,.T.) ;
#218=ORIENTED_EDGE('',*,*,#132,.T.) ;
#219=ORIENTED_EDGE('',*,*,#120,.T.) ;
#262=ORIENTED_EDGE('',*,*,#232,.T.) ;
#263=ORIENTED_EDGE('',*,*,#242,.T.) ;
#264=ORIENTED_EDGE('',*,*,#252,.T.) ;
#265=ORIENTED_EDGE('',*,*,#260,.T.) ;
#293=ORIENTED_EDGE('',*,*,#232,.F.) ;
#294=ORIENTED_EDGE('',*,*,#279,.F.) ;
#295=ORIENTED_EDGE('',*,*,#286,.T.) ;
#296=ORIENTED_EDGE('',*,*,#291,.T.) ;
#317=ORIENTED_EDGE('',*,*,#310,.F.) ;
#318=ORIENTED_EDGE('',*,*,#315,.T.) ;
#319=ORIENTED_EDGE('',*,*,#279,.T.) ;
#320=ORIENTED_EDGE('',*,*,#260,.F.) ;
#336=ORIENTED_EDGE('',*,*,#310,.T.) ;
#337=ORIENTED_EDGE('',*,*,#252,.F.) ;
#338=ORIENTED_EDGE('',*,*,#329,.F.) ;
#339=ORIENTED_EDGE('',*,*,#334,.T.) ;
#348=ORIENTED_EDGE('',*,*,#291,.F.) ;
#349=ORIENTED_EDGE('',*,*,#346,.T.) ;
#350=ORIENTED_EDGE('',*,*,#329,.T.) ;
#351=ORIENTED_EDGE('',*,*,#242,.F.) ;
#409=ORIENTED_EDGE('',*,*,#367,.T.) ;
#410=ORIENTED_EDGE('',*,*,#374,.T.) ;
#411=ORIENTED_EDGE('',*,*,#381,.F.) ;
#412=ORIENTED_EDGE('',*,*,#388,.T.) ;
#413=ORIENTED_EDGE('',*,*,#395,.T.) ;
#414=ORIENTED_EDGE('',*,*,#402,.T.) ;
#415=ORIENTED_EDGE('',*,*,#407,.T.) ;
#418=ORIENTED_EDGE('',*,*,#115,.F.) ;
#419=ORIENTED_EDGE('',*,*,#137,.F.) ;
#420=ORIENTED_EDGE('',*,*,#51,.F.) ;
#421=ORIENTED_EDGE('',*,*,#89,.F.) ;
#424=ORIENTED_EDGE('',*,*,#315,.F.) ;
#425=ORIENTED_EDGE('',*,*,#334,.F.) ;
#426=ORIENTED_EDGE('',*,*,#346,.F.) ;
#427=ORIENTED_EDGE('',*,*,#286,.F.) ;
#446=ORIENTED_EDGE('',*,*,#439,.T.) ;
#447=ORIENTED_EDGE('',*,*,#161,.T.) ;
#448=ORIENTED_EDGE('',*,*,#444,.F.) ;
#449=ORIENTED_EDGE('',*,*,#407,.F.) ;
#463=ORIENTED_EDGE('',*,*,#444,.T.) ;
#464=ORIENTED_EDGE('',*,*,#205,.T.) ;
#465=ORIENTED_EDGE('',*,*,#461,.F.) ;
#466=ORIENTED_EDGE('',*,*,#367,.F.) ;
#480=ORIENTED_EDGE('',*,*,#461,.T.) ;
#481=ORIENTED_EDGE('',*,*,#200,.T.) ;
#482=ORIENTED_EDGE('',*,*,#478,.F.) ;
#483=ORIENTED_EDGE('',*,*,#374,.F.) ;
#521=ORIENTED_EDGE('',*,*,#507,.T.) ;
#522=ORIENTED_EDGE('',*,*,#478,.T.) ;
#523=ORIENTED_EDGE('',*,*,#515,.F.) ;
#524=ORIENTED_EDGE('',*,*,#519,.T.) ;
#569=ORIENTED_EDGE('',*,*,#519,.F.) ;
#570=ORIENTED_EDGE('',*,*,#554,.F.) ;
#571=ORIENTED_EDGE('',*,*,#560,.F.) ;
#572=ORIENTED_EDGE('',*,*,#567,.T.) ;
#593=ORIENTED_EDGE('',*,*,#554,.T.) ;
#594=ORIENTED_EDGE('',*,*,#515,.T.) ;
#595=ORIENTED_EDGE('',*,*,#192,.F.) ;
#596=ORIENTED_EDGE('',*,*,#586,.F.) ;
#597=ORIENTED_EDGE('',*,*,#591,.T.) ;
#623=ORIENTED_EDGE('',*,*,#611,.F.) ;
#624=ORIENTED_EDGE('',*,*,#616,.T.) ;
#625=ORIENTED_EDGE('',*,*,#586,.T.) ;
#626=ORIENTED_EDGE('',*,*,#621,.F.) ;
#640=ORIENTED_EDGE('',*,*,#388,.F.) ;
#641=ORIENTED_EDGE('',*,*,#621,.T.) ;
#642=ORIENTED_EDGE('',*,*,#185,.T.) ;
#643=ORIENTED_EDGE('',*,*,#638,.F.) ;
#657=ORIENTED_EDGE('',*,*,#638,.T.) ;
#658=ORIENTED_EDGE('',*,*,#178,.T.) ;
#659=ORIENTED_EDGE('',*,*,#655,.F.) ;
#660=ORIENTED_EDGE('',*,*,#395,.F.) ;
#669=ORIENTED_EDGE('',*,*,#655,.T.) ;
#670=ORIENTED_EDGE('',*,*,#168,.T.) ;
#671=ORIENTED_EDGE('',*,*,#439,.F.) ;
#672=ORIENTED_EDGE('',*,*,#402,.F.) ;
#709=ORIENTED_EDGE('',*,*,#688,.T.) ;
#710=ORIENTED_EDGE('',*,*,#695,.F.) ;
#711=ORIENTED_EDGE('',*,*,#702,.F.) ;
#712=ORIENTED_EDGE('',*,*,#707,.T.) ;
#740=ORIENTED_EDGE('',*,*,#728,.T.) ;
#741=ORIENTED_EDGE('',*,*,#733,.T.) ;
#742=ORIENTED_EDGE('',*,*,#688,.F.) ;
#743=ORIENTED_EDGE('',*,*,#738,.F.) ;
#771=ORIENTED_EDGE('',*,*,#757,.T.) ;
#772=ORIENTED_EDGE('',*,*,#764,.T.) ;
#773=ORIENTED_EDGE('',*,*,#769,.F.) ;
#774=ORIENTED_EDGE('',*,*,#728,.F.) ;
#802=ORIENTED_EDGE('',*,*,#790,.T.) ;
#803=ORIENTED_EDGE('',*,*,#795,.T.) ;
#804=ORIENTED_EDGE('',*,*,#764,.F.) ;
#805=ORIENTED_EDGE('',*,*,#800,.F.) ;
#833=ORIENTED_EDGE('',*,*,#821,.T.) ;
#834=ORIENTED_EDGE('',*,*,#826,.T.) ;
#835=ORIENTED_EDGE('',*,*,#790,.F.) ;
#836=ORIENTED_EDGE('',*,*,#831,.F.) ;
#873=ORIENTED_EDGE('',*,*,#852,.F.) ;
#874=ORIENTED_EDGE('',*,*,#859,.T.) ;
#875=ORIENTED_EDGE('',*,*,#866,.T.) ;
#876=ORIENTED_EDGE('',*,*,#871,.F.) ;
#899=ORIENTED_EDGE('',*,*,#852,.T.) ;
#900=ORIENTED_EDGE('',*,*,#885,.F.) ;
#901=ORIENTED_EDGE('',*,*,#892,.F.) ;
#902=ORIENTED_EDGE('',*,*,#897,.T.) ;
#930=ORIENTED_EDGE('',*,*,#916,.T.) ;
#931=ORIENTED_EDGE('',*,*,#892,.T.) ;
#932=ORIENTED_EDGE('',*,*,#923,.F.) ;
#933=ORIENTED_EDGE('',*,*,#928,.F.) ;
#947=ORIENTED_EDGE('',*,*,#928,.T.) ;
#948=ORIENTED_EDGE('',*,*,#940,.F.) ;
#949=ORIENTED_EDGE('',*,*,#866,.F.) ;
#950=ORIENTED_EDGE('',*,*,#945,.T.) ;
#987=ORIENTED_EDGE('',*,*,#966,.F.) ;
#988=ORIENTED_EDGE('',*,*,#973,.T.) ;
#989=ORIENTED_EDGE('',*,*,#980,.T.) ;
#990=ORIENTED_EDGE('',*,*,#985,.F.) ;
#1013=ORIENTED_EDGE('',*,*,#966,.T.) ;
#1014=ORIENTED_EDGE('',*,*,#999,.F.) ;
#1015=ORIENTED_EDGE('',*,*,#1006,.F.) ;
#1016=ORIENTED_EDGE('',*,*,#1011,.T.) ;
#1044=ORIENTED_EDGE('',*,*,#1030,.T.) ;
#1045=ORIENTED_EDGE('',*,*,#1006,.T.) ;
#1046=ORIENTED_EDGE('',*,*,#1037,.F.) ;
#1047=ORIENTED_EDGE('',*,*,#1042,.F.) ;
#1061=ORIENTED_EDGE('',*,*,#1042,.T.) ;
#1062=ORIENTED_EDGE('',*,*,#1054,.F.) ;
#1063=ORIENTED_EDGE('',*,*,#980,.F.) ;
#1064=ORIENTED_EDGE('',*,*,#1059,.T.) ;
#1101=ORIENTED_EDGE('',*,*,#1080,.T.) ;
#1102=ORIENTED_EDGE('',*,*,#1087,.T.) ;
#1103=ORIENTED_EDGE('',*,*,#1094,.F.) ;
#1104=ORIENTED_EDGE('',*,*,#1099,.F.) ;
#1132=ORIENTED_EDGE('',*,*,#1118,.F.) ;
#1133=ORIENTED_EDGE('',*,*,#1094,.T.) ;
#1134=ORIENTED_EDGE('',*,*,#1125,.T.) ;
#1135=ORIENTED_EDGE('',*,*,#1130,.F.) ;
#1163=ORIENTED_EDGE('',*,*,#821,.F.) ;
#1164=ORIENTED_EDGE('',*,*,#1149,.T.) ;
#1165=ORIENTED_EDGE('',*,*,#1156,.T.) ;
#1166=ORIENTED_EDGE('',*,*,#1161,.F.) ;
#1211=ORIENTED_EDGE('',*,*,#1189,.T.) ;
#1212=ORIENTED_EDGE('',*,*,#1197,.F.) ;
#1213=ORIENTED_EDGE('',*,*,#1203,.F.) ;
#1214=ORIENTED_EDGE('',*,*,#1209,.T.) ;
#1242=ORIENTED_EDGE('',*,*,#1130,.T.) ;
#1243=ORIENTED_EDGE('',*,*,#1228,.F.) ;
#1244=ORIENTED_EDGE('',*,*,#1235,.F.) ;
#1245=ORIENTED_EDGE('',*,*,#1240,.T.) ;
#1282=ORIENTED_EDGE('',*,*,#1261,.T.) ;
#1283=ORIENTED_EDGE('',*,*,#1268,.F.) ;
#1284=ORIENTED_EDGE('',*,*,#1275,.F.) ;
#1285=ORIENTED_EDGE('',*,*,#1280,.T.) ;
#1357=ORIENTED_EDGE('',*,*,#1296,.F.) ;
#1358=ORIENTED_EDGE('',*,*,#695,.T.) ;
#1359=ORIENTED_EDGE('',*,*,#733,.F.) ;
#1360=ORIENTED_EDGE('',*,*,#769,.T.) ;
#1361=ORIENTED_EDGE('',*,*,#795,.F.) ;
#1362=ORIENTED_EDGE('',*,*,#826,.F.) ;
#1363=ORIENTED_EDGE('',*,*,#1161,.T.) ;
#1364=ORIENTED_EDGE('',*,*,#1303,.T.) ;
#1365=ORIENTED_EDGE('',*,*,#1310,.T.) ;
#1366=ORIENTED_EDGE('',*,*,#1315,.T.) ;
#1367=ORIENTED_EDGE('',*,*,#1228,.T.) ;
#1368=ORIENTED_EDGE('',*,*,#1125,.F.) ;
#1369=ORIENTED_EDGE('',*,*,#1087,.F.) ;
#1370=ORIENTED_EDGE('',*,*,#1322,.F.) ;
#1371=ORIENTED_EDGE('',*,*,#1341,.F.) ;
#1372=ORIENTED_EDGE('',*,*,#1351,.T.) ;
#1373=ORIENTED_EDGE('',*,*,#1355,.F.) ;
#1374=ORIENTED_EDGE('',*,*,#1268,.T.) ;
#1377=ORIENTED_EDGE('',*,*,#940,.T.) ;
#1378=ORIENTED_EDGE('',*,*,#923,.T.) ;
#1379=ORIENTED_EDGE('',*,*,#885,.T.) ;
#1380=ORIENTED_EDGE('',*,*,#871,.T.) ;
#1383=ORIENTED_EDGE('',*,*,#1054,.T.) ;
#1384=ORIENTED_EDGE('',*,*,#1037,.T.) ;
#1385=ORIENTED_EDGE('',*,*,#999,.T.) ;
#1386=ORIENTED_EDGE('',*,*,#985,.T.) ;
#1437=ORIENTED_EDGE('',*,*,#1197,.T.) ;
#1438=ORIENTED_EDGE('',*,*,#1400,.T.) ;
#1439=ORIENTED_EDGE('',*,*,#1407,.T.) ;
#1440=ORIENTED_EDGE('',*,*,#1414,.T.) ;
#1441=ORIENTED_EDGE('',*,*,#1421,.T.) ;
#1442=ORIENTED_EDGE('',*,*,#1315,.F.) ;
#1443=ORIENTED_EDGE('',*,*,#1310,.F.) ;
#1444=ORIENTED_EDGE('',*,*,#1303,.F.) ;
#1445=ORIENTED_EDGE('',*,*,#1430,.F.) ;
#1446=ORIENTED_EDGE('',*,*,#1435,.T.) ;
#1460=ORIENTED_EDGE('',*,*,#1458,.F.) ;
#1461=ORIENTED_EDGE('',*,*,#702,.T.) ;
#1462=ORIENTED_EDGE('',*,*,#1296,.T.) ;
#1463=ORIENTED_EDGE('',*,*,#1261,.F.) ;
#1484=ORIENTED_EDGE('',*,*,#1275,.T.) ;
#1485=ORIENTED_EDGE('',*,*,#1355,.T.) ;
#1486=ORIENTED_EDGE('',*,*,#1477,.F.) ;
#1487=ORIENTED_EDGE('',*,*,#1482,.F.) ;
#1508=ORIENTED_EDGE('',*,*,#1501,.T.) ;
#1509=ORIENTED_EDGE('',*,*,#1322,.T.) ;
#1510=ORIENTED_EDGE('',*,*,#1080,.F.) ;
#1511=ORIENTED_EDGE('',*,*,#1506,.F.) ;
#1532=ORIENTED_EDGE('',*,*,#1477,.T.) ;
#1533=ORIENTED_EDGE('',*,*,#1351,.F.) ;
#1534=ORIENTED_EDGE('',*,*,#1525,.F.) ;
#1535=ORIENTED_EDGE('',*,*,#1530,.T.) ;
#1568=ORIENTED_EDGE('',*,*,#1280,.F.) ;
#1569=ORIENTED_EDGE('',*,*,#1482,.T.) ;
#1570=ORIENTED_EDGE('',*,*,#1530,.F.) ;
#1571=ORIENTED_EDGE('',*,*,#1547,.T.) ;
#1572=ORIENTED_EDGE('',*,*,#1506,.T.) ;
#1573=ORIENTED_EDGE('',*,*,#1099,.T.) ;
#1574=ORIENTED_EDGE('',*,*,#1118,.T.) ;
#1575=ORIENTED_EDGE('',*,*,#1240,.F.) ;
#1576=ORIENTED_EDGE('',*,*,#1554,.F.) ;
#1577=ORIENTED_EDGE('',*,*,#1561,.F.) ;
#1578=ORIENTED_EDGE('',*,*,#1566,.F.) ;
#1579=ORIENTED_EDGE('',*,*,#1149,.F.) ;
#1580=ORIENTED_EDGE('',*,*,#831,.T.) ;
#1581=ORIENTED_EDGE('',*,*,#800,.T.) ;
#1582=ORIENTED_EDGE('',*,*,#757,.F.) ;
#1583=ORIENTED_EDGE('',*,*,#738,.T.) ;
#1584=ORIENTED_EDGE('',*,*,#707,.F.) ;
#1585=ORIENTED_EDGE('',*,*,#1458,.T.) ;
#1588=ORIENTED_EDGE('',*,*,#859,.F.) ;
#1589=ORIENTED_EDGE('',*,*,#897,.F.) ;
#1590=ORIENTED_EDGE('',*,*,#916,.F.) ;
#1591=ORIENTED_EDGE('',*,*,#945,.F.) ;
#1594=ORIENTED_EDGE('',*,*,#973,.F.) ;
#1595=ORIENTED_EDGE('',*,*,#1011,.F.) ;
#1596=ORIENTED_EDGE('',*,*,#1030,.F.) ;
#1597=ORIENTED_EDGE('',*,*,#1059,.F.) ;
#1639=ORIENTED_EDGE('',*,*,#1630,.F.) ;
#1640=ORIENTED_EDGE('',*,*,#1430,.T.) ;
#1641=ORIENTED_EDGE('',*,*,#1156,.F.) ;
#1642=ORIENTED_EDGE('',*,*,#1637,.F.) ;
#1656=ORIENTED_EDGE('',*,*,#1654,.F.) ;
#1657=ORIENTED_EDGE('',*,*,#1203,.T.) ;
#1658=ORIENTED_EDGE('',*,*,#1435,.F.) ;
#1659=ORIENTED_EDGE('',*,*,#1630,.T.) ;
#1696=ORIENTED_EDGE('',*,*,#1637,.T.) ;
#1697=ORIENTED_EDGE('',*,*,#1566,.T.) ;
#1698=ORIENTED_EDGE('',*,*,#1561,.T.) ;
#1699=ORIENTED_EDGE('',*,*,#1554,.T.) ;
#1700=ORIENTED_EDGE('',*,*,#1675,.F.) ;
#1701=ORIENTED_EDGE('',*,*,#1682,.F.) ;
#1702=ORIENTED_EDGE('',*,*,#1689,.F.) ;
#1703=ORIENTED_EDGE('',*,*,#1694,.F.) ;
#1704=ORIENTED_EDGE('',*,*,#1209,.F.) ;
#1705=ORIENTED_EDGE('',*,*,#1654,.T.) ;
#1733=ORIENTED_EDGE('',*,*,#1719,.F.) ;
#1734=ORIENTED_EDGE('',*,*,#1726,.T.) ;
#1735=ORIENTED_EDGE('',*,*,#1731,.T.) ;
#1736=ORIENTED_EDGE('',*,*,#1189,.F.) ;
#1769=ORIENTED_EDGE('',*,*,#1675,.T.) ;
#1770=ORIENTED_EDGE('',*,*,#1235,.T.) ;
#1771=ORIENTED_EDGE('',*,*,#1421,.F.) ;
#1772=ORIENTED_EDGE('',*,*,#1767,.T.) ;
#1781=ORIENTED_EDGE('',*,*,#1547,.F.) ;
#1782=ORIENTED_EDGE('',*,*,#1525,.T.) ;
#1783=ORIENTED_EDGE('',*,*,#1341,.T.) ;
#1784=ORIENTED_EDGE('',*,*,#1501,.F.) ;
#1852=ORIENTED_EDGE('',*,*,#1800,.F.) ;
#1853=ORIENTED_EDGE('',*,*,#1805,.T.) ;
#1854=ORIENTED_EDGE('',*,*,#591,.F.) ;
#1855=ORIENTED_EDGE('',*,*,#1812,.F.) ;
#1856=ORIENTED_EDGE('',*,*,#1819,.T.) ;
#1857=ORIENTED_EDGE('',*,*,#1826,.F.) ;
#1858=ORIENTED_EDGE('',*,*,#1833,.F.) ;
#1859=ORIENTED_EDGE('',*,*,#1840,.F.) ;
#1860=ORIENTED_EDGE('',*,*,#1845,.T.) ;
#1861=ORIENTED_EDGE('',*,*,#1407,.F.) ;
#1862=ORIENTED_EDGE('',*,*,#1400,.F.) ;
#1863=ORIENTED_EDGE('',*,*,#1731,.F.) ;
#1864=ORIENTED_EDGE('',*,*,#1850,.T.) ;
#1895=ORIENTED_EDGE('',*,*,#1874,.F.) ;
#1896=ORIENTED_EDGE('',*,*,#1881,.F.) ;
#1897=ORIENTED_EDGE('',*,*,#1888,.F.) ;
#1898=ORIENTED_EDGE('',*,*,#1893,.F.) ;
#1929=ORIENTED_EDGE('',*,*,#1908,.F.) ;
#1930=ORIENTED_EDGE('',*,*,#1915,.F.) ;
#1931=ORIENTED_EDGE('',*,*,#1922,.F.) ;
#1932=ORIENTED_EDGE('',*,*,#1927,.F.) ;
#1946=ORIENTED_EDGE('',*,*,#1944,.F.) ;
#1947=ORIENTED_EDGE('',*,*,#611,.T.) ;
#1948=ORIENTED_EDGE('',*,*,#381,.T.) ;
#1949=ORIENTED_EDGE('',*,*,#507,.F.) ;
#1950=ORIENTED_EDGE('',*,*,#567,.F.) ;
#1978=ORIENTED_EDGE('',*,*,#1964,.T.) ;
#1979=ORIENTED_EDGE('',*,*,#1800,.T.) ;
#1980=ORIENTED_EDGE('',*,*,#1971,.F.) ;
#1981=ORIENTED_EDGE('',*,*,#1976,.F.) ;
#2009=ORIENTED_EDGE('',*,*,#1995,.T.) ;
#2010=ORIENTED_EDGE('',*,*,#1881,.T.) ;
#2011=ORIENTED_EDGE('',*,*,#2002,.F.) ;
#2012=ORIENTED_EDGE('',*,*,#2007,.F.) ;
#2040=ORIENTED_EDGE('',*,*,#2026,.T.) ;
#2041=ORIENTED_EDGE('',*,*,#1915,.T.) ;
#2042=ORIENTED_EDGE('',*,*,#2033,.F.) ;
#2043=ORIENTED_EDGE('',*,*,#2038,.F.) ;
#2059=ORIENTED_EDGE('',*,*,#2052,.F.) ;
#2060=ORIENTED_EDGE('',*,*,#2057,.T.) ;
#2061=ORIENTED_EDGE('',*,*,#1922,.T.) ;
#2062=ORIENTED_EDGE('',*,*,#2026,.F.) ;
#2083=ORIENTED_EDGE('',*,*,#2076,.F.) ;
#2084=ORIENTED_EDGE('',*,*,#2033,.T.) ;
#2085=ORIENTED_EDGE('',*,*,#1908,.T.) ;
#2086=ORIENTED_EDGE('',*,*,#2081,.F.) ;
#2095=ORIENTED_EDGE('',*,*,#1927,.T.) ;
#2096=ORIENTED_EDGE('',*,*,#2057,.F.) ;
#2097=ORIENTED_EDGE('',*,*,#2093,.F.) ;
#2098=ORIENTED_EDGE('',*,*,#2081,.T.) ;
#2126=ORIENTED_EDGE('',*,*,#2114,.T.) ;
#2127=ORIENTED_EDGE('',*,*,#2119,.T.) ;
#2128=ORIENTED_EDGE('',*,*,#1819,.F.) ;
#2129=ORIENTED_EDGE('',*,*,#2124,.F.) ;
#2143=ORIENTED_EDGE('',*,*,#2141,.T.) ;
#2144=ORIENTED_EDGE('',*,*,#560,.T.) ;
#2145=ORIENTED_EDGE('',*,*,#1805,.F.) ;
#2146=ORIENTED_EDGE('',*,*,#1964,.F.) ;
#2160=ORIENTED_EDGE('',*,*,#1812,.T.) ;
#2161=ORIENTED_EDGE('',*,*,#616,.F.) ;
#2162=ORIENTED_EDGE('',*,*,#2158,.F.) ;
#2163=ORIENTED_EDGE('',*,*,#2124,.T.) ;
#2179=ORIENTED_EDGE('',*,*,#2172,.F.) ;
#2180=ORIENTED_EDGE('',*,*,#2177,.T.) ;
#2181=ORIENTED_EDGE('',*,*,#1888,.T.) ;
#2182=ORIENTED_EDGE('',*,*,#1995,.F.) ;
#2203=ORIENTED_EDGE('',*,*,#2196,.F.) ;
#2204=ORIENTED_EDGE('',*,*,#2002,.T.) ;
#2205=ORIENTED_EDGE('',*,*,#1874,.T.) ;
#2206=ORIENTED_EDGE('',*,*,#2201,.F.) ;
#2215=ORIENTED_EDGE('',*,*,#1893,.T.) ;
#2216=ORIENTED_EDGE('',*,*,#2177,.F.) ;
#2217=ORIENTED_EDGE('',*,*,#2213,.F.) ;
#2218=ORIENTED_EDGE('',*,*,#2201,.T.) ;
#2232=ORIENTED_EDGE('',*,*,#1971,.T.) ;
#2233=ORIENTED_EDGE('',*,*,#1850,.F.) ;
#2234=ORIENTED_EDGE('',*,*,#1726,.F.) ;
#2235=ORIENTED_EDGE('',*,*,#2230,.T.) ;
#2282=ORIENTED_EDGE('',*,*,#2230,.F.) ;
#2283=ORIENTED_EDGE('',*,*,#1719,.T.) ;
#2284=ORIENTED_EDGE('',*,*,#1694,.T.) ;
#2285=ORIENTED_EDGE('',*,*,#1689,.T.) ;
#2286=ORIENTED_EDGE('',*,*,#2249,.F.) ;
#2287=ORIENTED_EDGE('',*,*,#2256,.T.) ;
#2288=ORIENTED_EDGE('',*,*,#2263,.T.) ;
#2289=ORIENTED_EDGE('',*,*,#2280,.T.) ;
#2290=ORIENTED_EDGE('',*,*,#2114,.F.) ;
#2291=ORIENTED_EDGE('',*,*,#2158,.T.) ;
#2292=ORIENTED_EDGE('',*,*,#1944,.T.) ;
#2293=ORIENTED_EDGE('',*,*,#2141,.F.) ;
#2294=ORIENTED_EDGE('',*,*,#1976,.T.) ;
#2297=ORIENTED_EDGE('',*,*,#2213,.T.) ;
#2298=ORIENTED_EDGE('',*,*,#2172,.T.) ;
#2299=ORIENTED_EDGE('',*,*,#2007,.T.) ;
#2300=ORIENTED_EDGE('',*,*,#2196,.T.) ;
#2303=ORIENTED_EDGE('',*,*,#2093,.T.) ;
#2304=ORIENTED_EDGE('',*,*,#2052,.T.) ;
#2305=ORIENTED_EDGE('',*,*,#2038,.T.) ;
#2306=ORIENTED_EDGE('',*,*,#2076,.T.) ;
#2320=ORIENTED_EDGE('',*,*,#1767,.F.) ;
#2321=ORIENTED_EDGE('',*,*,#1414,.F.) ;
#2322=ORIENTED_EDGE('',*,*,#2318,.F.) ;
#2323=ORIENTED_EDGE('',*,*,#1682,.T.) ;
#2337=ORIENTED_EDGE('',*,*,#2280,.F.) ;
#2338=ORIENTED_EDGE('',*,*,#2335,.T.) ;
#2339=ORIENTED_EDGE('',*,*,#1826,.T.) ;
#2340=ORIENTED_EDGE('',*,*,#2119,.F.) ;
#2354=ORIENTED_EDGE('',*,*,#1845,.F.) ;
#2355=ORIENTED_EDGE('',*,*,#2352,.F.) ;
#2356=ORIENTED_EDGE('',*,*,#2249,.T.) ;
#2357=ORIENTED_EDGE('',*,*,#2318,.T.) ;
#2385=ORIENTED_EDGE('',*,*,#2373,.F.) ;
#2386=ORIENTED_EDGE('',*,*,#2378,.T.) ;
#2387=ORIENTED_EDGE('',*,*,#1840,.T.) ;
#2388=ORIENTED_EDGE('',*,*,#2383,.F.) ;
#2402=ORIENTED_EDGE('',*,*,#2263,.F.) ;
#2403=ORIENTED_EDGE('',*,*,#2400,.T.) ;
#2404=ORIENTED_EDGE('',*,*,#1833,.T.) ;
#2405=ORIENTED_EDGE('',*,*,#2335,.F.) ;
#2433=ORIENTED_EDGE('',*,*,#2419,.T.) ;
#2434=ORIENTED_EDGE('',*,*,#2256,.F.) ;
#2435=ORIENTED_EDGE('',*,*,#2426,.F.) ;
#2436=ORIENTED_EDGE('',*,*,#2431,.T.) ;
#2450=ORIENTED_EDGE('',*,*,#2426,.T.) ;
#2451=ORIENTED_EDGE('',*,*,#2352,.T.) ;
#2452=ORIENTED_EDGE('',*,*,#2378,.F.) ;
#2453=ORIENTED_EDGE('',*,*,#2448,.F.) ;
#2481=ORIENTED_EDGE('',*,*,#2467,.F.) ;
#2482=ORIENTED_EDGE('',*,*,#2474,.T.) ;
#2483=ORIENTED_EDGE('',*,*,#2479,.T.) ;
#2484=ORIENTED_EDGE('',*,*,#2373,.T.) ;
#2498=ORIENTED_EDGE('',*,*,#2419,.F.) ;
#2499=ORIENTED_EDGE('',*,*,#2496,.T.) ;
#2500=ORIENTED_EDGE('',*,*,#2383,.T.) ;
#2501=ORIENTED_EDGE('',*,*,#2400,.F.) ;
#2529=ORIENTED_EDGE('',*,*,#2431,.F.) ;
#2530=ORIENTED_EDGE('',*,*,#2515,.F.) ;
#2531=ORIENTED_EDGE('',*,*,#2522,.F.) ;
#2532=ORIENTED_EDGE('',*,*,#2527,.T.) ;
#2546=ORIENTED_EDGE('',*,*,#2448,.T.) ;
#2547=ORIENTED_EDGE('',*,*,#2479,.F.) ;
#2548=ORIENTED_EDGE('',*,*,#2544,.F.) ;
#2549=ORIENTED_EDGE('',*,*,#2515,.T.) ;
#2577=ORIENTED_EDGE('',*,*,#2563,.T.) ;
#2578=ORIENTED_EDGE('',*,*,#2474,.F.) ;
#2579=ORIENTED_EDGE('',*,*,#2570,.F.) ;
#2580=ORIENTED_EDGE('',*,*,#2575,.T.) ;
#2594=ORIENTED_EDGE('',*,*,#2527,.F.) ;
#2595=ORIENTED_EDGE('',*,*,#2592,.T.) ;
#2596=ORIENTED_EDGE('',*,*,#2467,.T.) ;
#2597=ORIENTED_EDGE('',*,*,#2496,.F.) ;
#2625=ORIENTED_EDGE('',*,*,#2613,.F.) ;
#2626=ORIENTED_EDGE('',*,*,#2618,.T.) ;
#2627=ORIENTED_EDGE('',*,*,#2522,.T.) ;
#2628=ORIENTED_EDGE('',*,*,#2623,.F.) ;
#2665=ORIENTED_EDGE('',*,*,#2644,.T.) ;
#2666=ORIENTED_EDGE('',*,*,#2651,.T.) ;
#2667=ORIENTED_EDGE('',*,*,#2658,.F.) ;
#2668=ORIENTED_EDGE('',*,*,#2663,.F.) ;
#2691=ORIENTED_EDGE('',*,*,#2677,.F.) ;
#2692=ORIENTED_EDGE('',*,*,#2684,.T.) ;
#2693=ORIENTED_EDGE('',*,*,#2689,.T.) ;
#2694=ORIENTED_EDGE('',*,*,#2644,.F.) ;
#2722=ORIENTED_EDGE('',*,*,#2708,.T.) ;
#2723=ORIENTED_EDGE('',*,*,#2684,.F.) ;
#2724=ORIENTED_EDGE('',*,*,#2715,.F.) ;
#2725=ORIENTED_EDGE('',*,*,#2720,.T.) ;
#2739=ORIENTED_EDGE('',*,*,#2732,.F.) ;
#2740=ORIENTED_EDGE('',*,*,#2658,.T.) ;
#2741=ORIENTED_EDGE('',*,*,#2737,.T.) ;
#2742=ORIENTED_EDGE('',*,*,#2720,.F.) ;
#2779=ORIENTED_EDGE('',*,*,#2758,.T.) ;
#2780=ORIENTED_EDGE('',*,*,#2765,.T.) ;
#2781=ORIENTED_EDGE('',*,*,#2772,.F.) ;
#2782=ORIENTED_EDGE('',*,*,#2777,.F.) ;
#2805=ORIENTED_EDGE('',*,*,#2791,.F.) ;
#2806=ORIENTED_EDGE('',*,*,#2798,.T.) ;
#2807=ORIENTED_EDGE('',*,*,#2803,.T.) ;
#2808=ORIENTED_EDGE('',*,*,#2758,.F.) ;
#2836=ORIENTED_EDGE('',*,*,#2822,.T.) ;
#2837=ORIENTED_EDGE('',*,*,#2798,.F.) ;
#2838=ORIENTED_EDGE('',*,*,#2829,.F.) ;
#2839=ORIENTED_EDGE('',*,*,#2834,.T.) ;
#2853=ORIENTED_EDGE('',*,*,#2846,.F.) ;
#2854=ORIENTED_EDGE('',*,*,#2772,.T.) ;
#2855=ORIENTED_EDGE('',*,*,#2851,.T.) ;
#2856=ORIENTED_EDGE('',*,*,#2834,.F.) ;
#2898=ORIENTED_EDGE('',*,*,#2544,.T.) ;
#2899=ORIENTED_EDGE('',*,*,#2563,.F.) ;
#2900=ORIENTED_EDGE('',*,*,#2870,.F.) ;
#2901=ORIENTED_EDGE('',*,*,#2877,.T.) ;
#2902=ORIENTED_EDGE('',*,*,#2884,.F.) ;
#2903=ORIENTED_EDGE('',*,*,#2891,.F.) ;
#2904=ORIENTED_EDGE('',*,*,#2896,.T.) ;
#2905=ORIENTED_EDGE('',*,*,#2623,.T.) ;
#2926=ORIENTED_EDGE('',*,*,#2870,.T.) ;
#2927=ORIENTED_EDGE('',*,*,#2575,.F.) ;
#2928=ORIENTED_EDGE('',*,*,#2919,.F.) ;
#2929=ORIENTED_EDGE('',*,*,#2924,.T.) ;
#2932=ORIENTED_EDGE('',*,*,#2651,.F.) ;
#2933=ORIENTED_EDGE('',*,*,#2689,.F.) ;
#2934=ORIENTED_EDGE('',*,*,#2708,.F.) ;
#2935=ORIENTED_EDGE('',*,*,#2737,.F.) ;
#2938=ORIENTED_EDGE('',*,*,#2765,.F.) ;
#2939=ORIENTED_EDGE('',*,*,#2803,.F.) ;
#2940=ORIENTED_EDGE('',*,*,#2822,.F.) ;
#2941=ORIENTED_EDGE('',*,*,#2851,.F.) ;
#2976=ORIENTED_EDGE('',*,*,#2618,.F.) ;
#2977=ORIENTED_EDGE('',*,*,#2955,.F.) ;
#2978=ORIENTED_EDGE('',*,*,#2962,.T.) ;
#2979=ORIENTED_EDGE('',*,*,#2969,.F.) ;
#2980=ORIENTED_EDGE('',*,*,#2974,.T.) ;
#2981=ORIENTED_EDGE('',*,*,#2919,.T.) ;
#2982=ORIENTED_EDGE('',*,*,#2570,.T.) ;
#2983=ORIENTED_EDGE('',*,*,#2592,.F.) ;
#3011=ORIENTED_EDGE('',*,*,#2999,.F.) ;
#3012=ORIENTED_EDGE('',*,*,#3004,.F.) ;
#3013=ORIENTED_EDGE('',*,*,#2955,.T.) ;
#3014=ORIENTED_EDGE('',*,*,#2613,.T.) ;
#3015=ORIENTED_EDGE('',*,*,#2896,.F.) ;
#3016=ORIENTED_EDGE('',*,*,#3009,.F.) ;
#3019=ORIENTED_EDGE('',*,*,#2732,.T.) ;
#3020=ORIENTED_EDGE('',*,*,#2715,.T.) ;
#3021=ORIENTED_EDGE('',*,*,#2677,.T.) ;
#3022=ORIENTED_EDGE('',*,*,#2663,.T.) ;
#3025=ORIENTED_EDGE('',*,*,#2846,.T.) ;
#3026=ORIENTED_EDGE('',*,*,#2829,.T.) ;
#3027=ORIENTED_EDGE('',*,*,#2791,.T.) ;
#3028=ORIENTED_EDGE('',*,*,#2777,.T.) ;
#3059=ORIENTED_EDGE('',*,*,#3038,.T.) ;
#3060=ORIENTED_EDGE('',*,*,#3045,.T.) ;
#3061=ORIENTED_EDGE('',*,*,#3052,.T.) ;
#3062=ORIENTED_EDGE('',*,*,#3057,.T.) ;
#3093=ORIENTED_EDGE('',*,*,#3072,.T.) ;
#3094=ORIENTED_EDGE('',*,*,#3079,.T.) ;
#3095=ORIENTED_EDGE('',*,*,#3086,.T.) ;
#3096=ORIENTED_EDGE('',*,*,#3091,.T.) ;
#3117=ORIENTED_EDGE('',*,*,#3110,.F.) ;
#3118=ORIENTED_EDGE('',*,*,#3009,.T.) ;
#3119=ORIENTED_EDGE('',*,*,#2891,.T.) ;
#3120=ORIENTED_EDGE('',*,*,#3115,.F.) ;
#3134=ORIENTED_EDGE('',*,*,#2924,.F.) ;
#3135=ORIENTED_EDGE('',*,*,#2974,.F.) ;
#3136=ORIENTED_EDGE('',*,*,#3132,.T.) ;
#3137=ORIENTED_EDGE('',*,*,#2877,.F.) ;
#3158=ORIENTED_EDGE('',*,*,#2962,.F.) ;
#3159=ORIENTED_EDGE('',*,*,#3004,.T.) ;
#3160=ORIENTED_EDGE('',*,*,#3151,.T.) ;
#3161=ORIENTED_EDGE('',*,*,#3156,.F.) ;
#3175=ORIENTED_EDGE('',*,*,#3151,.F.) ;
#3176=ORIENTED_EDGE('',*,*,#2999,.T.) ;
#3177=ORIENTED_EDGE('',*,*,#3110,.T.) ;
#3178=ORIENTED_EDGE('',*,*,#3173,.F.) ;
#3206=ORIENTED_EDGE('',*,*,#3194,.T.) ;
#3207=ORIENTED_EDGE('',*,*,#3199,.F.) ;
#3208=ORIENTED_EDGE('',*,*,#3038,.F.) ;
#3209=ORIENTED_EDGE('',*,*,#3204,.T.) ;
#3230=ORIENTED_EDGE('',*,*,#3223,.T.) ;
#3231=ORIENTED_EDGE('',*,*,#3204,.F.) ;
#3232=ORIENTED_EDGE('',*,*,#3057,.F.) ;
#3233=ORIENTED_EDGE('',*,*,#3228,.T.) ;
#3249=ORIENTED_EDGE('',*,*,#3242,.T.) ;
#3250=ORIENTED_EDGE('',*,*,#3228,.F.) ;
#3251=ORIENTED_EDGE('',*,*,#3052,.F.) ;
#3252=ORIENTED_EDGE('',*,*,#3247,.T.) ;
#3261=ORIENTED_EDGE('',*,*,#3259,.T.) ;
#3262=ORIENTED_EDGE('',*,*,#3247,.F.) ;
#3263=ORIENTED_EDGE('',*,*,#3045,.F.) ;
#3264=ORIENTED_EDGE('',*,*,#3199,.T.) ;
#3292=ORIENTED_EDGE('',*,*,#3280,.T.) ;
#3293=ORIENTED_EDGE('',*,*,#3285,.F.) ;
#3294=ORIENTED_EDGE('',*,*,#3072,.F.) ;
#3295=ORIENTED_EDGE('',*,*,#3290,.T.) ;
#3316=ORIENTED_EDGE('',*,*,#3309,.T.) ;
#3317=ORIENTED_EDGE('',*,*,#3290,.F.) ;
#3318=ORIENTED_EDGE('',*,*,#3091,.F.) ;
#3319=ORIENTED_EDGE('',*,*,#3314,.T.) ;
#3335=ORIENTED_EDGE('',*,*,#3328,.T.) ;
#3336=ORIENTED_EDGE('',*,*,#3314,.F.) ;
#3337=ORIENTED_EDGE('',*,*,#3086,.F.) ;
#3338=ORIENTED_EDGE('',*,*,#3333,.T.) ;
#3347=ORIENTED_EDGE('',*,*,#3345,.T.) ;
#3348=ORIENTED_EDGE('',*,*,#3333,.F.) ;
#3349=ORIENTED_EDGE('',*,*,#3079,.F.) ;
#3350=ORIENTED_EDGE('',*,*,#3285,.T.) ;
#3359=ORIENTED_EDGE('',*,*,#2969,.T.) ;
#3360=ORIENTED_EDGE('',*,*,#3156,.T.) ;
#3361=ORIENTED_EDGE('',*,*,#3173,.T.) ;
#3362=ORIENTED_EDGE('',*,*,#3115,.T.) ;
#3363=ORIENTED_EDGE('',*,*,#2884,.T.) ;
#3364=ORIENTED_EDGE('',*,*,#3132,.F.) ;
#3367=ORIENTED_EDGE('',*,*,#3194,.F.) ;
#3368=ORIENTED_EDGE('',*,*,#3223,.F.) ;
#3369=ORIENTED_EDGE('',*,*,#3242,.F.) ;
#3370=ORIENTED_EDGE('',*,*,#3259,.F.) ;
#3373=ORIENTED_EDGE('',*,*,#3280,.F.) ;
#3374=ORIENTED_EDGE('',*,*,#3309,.F.) ;
#3375=ORIENTED_EDGE('',*,*,#3328,.F.) ;
#3376=ORIENTED_EDGE('',*,*,#3345,.F.) ;
#3418=ORIENTED_EDGE('',*,*,#3397,.T.) ;
#3419=ORIENTED_EDGE('',*,*,#3404,.F.) ;
#3420=ORIENTED_EDGE('',*,*,#3411,.F.) ;
#3421=ORIENTED_EDGE('',*,*,#3416,.T.) ;
#3449=ORIENTED_EDGE('',*,*,#3435,.T.) ;
#3450=ORIENTED_EDGE('',*,*,#3442,.F.) ;
#3451=ORIENTED_EDGE('',*,*,#3447,.F.) ;
#3452=ORIENTED_EDGE('',*,*,#3404,.T.) ;
#3480=ORIENTED_EDGE('',*,*,#3466,.T.) ;
#3481=ORIENTED_EDGE('',*,*,#3473,.F.) ;
#3482=ORIENTED_EDGE('',*,*,#3478,.F.) ;
#3483=ORIENTED_EDGE('',*,*,#3442,.T.) ;
#3511=ORIENTED_EDGE('',*,*,#3497,.T.) ;
#3512=ORIENTED_EDGE('',*,*,#3504,.F.) ;
#3513=ORIENTED_EDGE('',*,*,#3509,.F.) ;
#3514=ORIENTED_EDGE('',*,*,#3473,.T.) ;
#3542=ORIENTED_EDGE('',*,*,#3530,.F.) ;
#3543=ORIENTED_EDGE('',*,*,#3535,.F.) ;
#3544=ORIENTED_EDGE('',*,*,#3504,.T.) ;
#3545=ORIENTED_EDGE('',*,*,#3540,.T.) ;
#3573=ORIENTED_EDGE('',*,*,#3559,.T.) ;
#3574=ORIENTED_EDGE('',*,*,#3566,.F.) ;
#3575=ORIENTED_EDGE('',*,*,#3571,.T.) ;
#3576=ORIENTED_EDGE('',*,*,#3530,.T.) ;
#3604=ORIENTED_EDGE('',*,*,#3566,.T.) ;
#3605=ORIENTED_EDGE('',*,*,#3590,.T.) ;
#3606=ORIENTED_EDGE('',*,*,#3597,.T.) ;
#3607=ORIENTED_EDGE('',*,*,#3602,.F.) ;
#3635=ORIENTED_EDGE('',*,*,#3597,.F.) ;
#3636=ORIENTED_EDGE('',*,*,#3621,.F.) ;
#3637=ORIENTED_EDGE('',*,*,#3628,.T.) ;
#3638=ORIENTED_EDGE('',*,*,#3633,.F.) ;
#3666=ORIENTED_EDGE('',*,*,#3628,.F.) ;
#3667=ORIENTED_EDGE('',*,*,#3652,.T.) ;
#3668=ORIENTED_EDGE('',*,*,#3659,.F.) ;
#3669=ORIENTED_EDGE('',*,*,#3664,.F.) ;
#3697=ORIENTED_EDGE('',*,*,#3683,.T.) ;
#3698=ORIENTED_EDGE('',*,*,#3690,.F.) ;
#3699=ORIENTED_EDGE('',*,*,#3695,.T.) ;
#3700=ORIENTED_EDGE('',*,*,#3659,.T.) ;
#3728=ORIENTED_EDGE('',*,*,#3690,.T.) ;
#3729=ORIENTED_EDGE('',*,*,#3714,.T.) ;
#3730=ORIENTED_EDGE('',*,*,#3721,.T.) ;
#3731=ORIENTED_EDGE('',*,*,#3726,.F.) ;
#3759=ORIENTED_EDGE('',*,*,#3721,.F.) ;
#3760=ORIENTED_EDGE('',*,*,#3745,.F.) ;
#3761=ORIENTED_EDGE('',*,*,#3752,.T.) ;
#3762=ORIENTED_EDGE('',*,*,#3757,.F.) ;
#3790=ORIENTED_EDGE('',*,*,#3776,.F.) ;
#3791=ORIENTED_EDGE('',*,*,#3752,.F.) ;
#3792=ORIENTED_EDGE('',*,*,#3783,.T.) ;
#3793=ORIENTED_EDGE('',*,*,#3788,.F.) ;
#3821=ORIENTED_EDGE('',*,*,#3807,.T.) ;
#3822=ORIENTED_EDGE('',*,*,#3814,.F.) ;
#3823=ORIENTED_EDGE('',*,*,#3819,.T.) ;
#3824=ORIENTED_EDGE('',*,*,#3788,.T.) ;
#3852=ORIENTED_EDGE('',*,*,#3838,.T.) ;
#3853=ORIENTED_EDGE('',*,*,#3845,.F.) ;
#3854=ORIENTED_EDGE('',*,*,#3850,.F.) ;
#3855=ORIENTED_EDGE('',*,*,#3814,.T.) ;
#3883=ORIENTED_EDGE('',*,*,#3869,.T.) ;
#3884=ORIENTED_EDGE('',*,*,#3876,.F.) ;
#3885=ORIENTED_EDGE('',*,*,#3881,.F.) ;
#3886=ORIENTED_EDGE('',*,*,#3845,.T.) ;
#3914=ORIENTED_EDGE('',*,*,#3900,.T.) ;
#3915=ORIENTED_EDGE('',*,*,#3907,.F.) ;
#3916=ORIENTED_EDGE('',*,*,#3912,.F.) ;
#3917=ORIENTED_EDGE('',*,*,#3876,.T.) ;
#3936=ORIENTED_EDGE('',*,*,#3929,.T.) ;
#3937=ORIENTED_EDGE('',*,*,#3416,.F.) ;
#3938=ORIENTED_EDGE('',*,*,#3934,.F.) ;
#3939=ORIENTED_EDGE('',*,*,#3907,.T.) ;
#3948=ORIENTED_EDGE('',*,*,#3850,.T.) ;
#3949=ORIENTED_EDGE('',*,*,#3881,.T.) ;
#3950=ORIENTED_EDGE('',*,*,#3912,.T.) ;
#3951=ORIENTED_EDGE('',*,*,#3934,.T.) ;
#3952=ORIENTED_EDGE('',*,*,#3411,.T.) ;
#3953=ORIENTED_EDGE('',*,*,#3447,.T.) ;
#3954=ORIENTED_EDGE('',*,*,#3478,.T.) ;
#3955=ORIENTED_EDGE('',*,*,#3509,.T.) ;
#3956=ORIENTED_EDGE('',*,*,#3535,.T.) ;
#3957=ORIENTED_EDGE('',*,*,#3571,.F.) ;
#3958=ORIENTED_EDGE('',*,*,#3602,.T.) ;
#3959=ORIENTED_EDGE('',*,*,#3633,.T.) ;
#3960=ORIENTED_EDGE('',*,*,#3664,.T.) ;
#3961=ORIENTED_EDGE('',*,*,#3695,.F.) ;
#3962=ORIENTED_EDGE('',*,*,#3726,.T.) ;
#3963=ORIENTED_EDGE('',*,*,#3757,.T.) ;
#3964=ORIENTED_EDGE('',*,*,#3776,.T.) ;
#3965=ORIENTED_EDGE('',*,*,#3819,.F.) ;
#3974=ORIENTED_EDGE('',*,*,#3807,.F.) ;
#3975=ORIENTED_EDGE('',*,*,#3783,.F.) ;
#3976=ORIENTED_EDGE('',*,*,#3745,.T.) ;
#3977=ORIENTED_EDGE('',*,*,#3714,.F.) ;
#3978=ORIENTED_EDGE('',*,*,#3683,.F.) ;
#3979=ORIENTED_EDGE('',*,*,#3652,.F.) ;
#3980=ORIENTED_EDGE('',*,*,#3621,.T.) ;
#3981=ORIENTED_EDGE('',*,*,#3590,.F.) ;
#3982=ORIENTED_EDGE('',*,*,#3559,.F.) ;
#3983=ORIENTED_EDGE('',*,*,#3540,.F.) ;
#3984=ORIENTED_EDGE('',*,*,#3497,.F.) ;
#3985=ORIENTED_EDGE('',*,*,#3466,.F.) ;
#3986=ORIENTED_EDGE('',*,*,#3435,.F.) ;
#3987=ORIENTED_EDGE('',*,*,#3397,.F.) ;
#3988=ORIENTED_EDGE('',*,*,#3929,.F.) ;
#3989=ORIENTED_EDGE('',*,*,#3900,.F.) ;
#3990=ORIENTED_EDGE('',*,*,#3869,.F.) ;
#3991=ORIENTED_EDGE('',*,*,#3838,.F.) ;
#21=MANIFOLD_SOLID_BREP('PartBody',#30) ;
#3381=MANIFOLD_SOLID_BREP('Raidisseur',#3383) ;
#41=VERTEX_POINT('',#40) ;
#43=VERTEX_POINT('',#42) ;
#50=VERTEX_POINT('',#49) ;
#57=VERTEX_POINT('',#56) ;
#76=VERTEX_POINT('',#75) ;
#83=VERTEX_POINT('',#82) ;
#107=VERTEX_POINT('',#106) ;
#109=VERTEX_POINT('',#108) ;
#158=VERTEX_POINT('',#157) ;
#160=VERTEX_POINT('',#159) ;
#167=VERTEX_POINT('',#166) ;
#177=VERTEX_POINT('',#176) ;
#184=VERTEX_POINT('',#183) ;
#191=VERTEX_POINT('',#190) ;
#199=VERTEX_POINT('',#198) ;
#229=VERTEX_POINT('',#228) ;
#231=VERTEX_POINT('',#230) ;
#241=VERTEX_POINT('',#240) ;
#251=VERTEX_POINT('',#250) ;
#278=VERTEX_POINT('',#277) ;
#285=VERTEX_POINT('',#284) ;
#309=VERTEX_POINT('',#308) ;
#328=VERTEX_POINT('',#327) ;
#364=VERTEX_POINT('',#363) ;
#366=VERTEX_POINT('',#365) ;
#373=VERTEX_POINT('',#372) ;
#380=VERTEX_POINT('',#379) ;
#387=VERTEX_POINT('',#386) ;
#394=VERTEX_POINT('',#393) ;
#401=VERTEX_POINT('',#400) ;
#506=VERTEX_POINT('',#505) ;
#514=VERTEX_POINT('',#513) ;
#553=VERTEX_POINT('',#552) ;
#559=VERTEX_POINT('',#558) ;
#585=VERTEX_POINT('',#584) ;
#610=VERTEX_POINT('',#609) ;
#685=VERTEX_POINT('',#684) ;
#687=VERTEX_POINT('',#686) ;
#694=VERTEX_POINT('',#693) ;
#701=VERTEX_POINT('',#700) ;
#725=VERTEX_POINT('',#724) ;
#727=VERTEX_POINT('',#726) ;
#756=VERTEX_POINT('',#755) ;
#763=VERTEX_POINT('',#762) ;
#787=VERTEX_POINT('',#786) ;
#789=VERTEX_POINT('',#788) ;
#818=VERTEX_POINT('',#817) ;
#820=VERTEX_POINT('',#819) ;
#849=VERTEX_POINT('',#848) ;
#851=VERTEX_POINT('',#850) ;
#858=VERTEX_POINT('',#857) ;
#865=VERTEX_POINT('',#864) ;
#884=VERTEX_POINT('',#883) ;
#891=VERTEX_POINT('',#890) ;
#915=VERTEX_POINT('',#914) ;
#922=VERTEX_POINT('',#921) ;
#963=VERTEX_POINT('',#962) ;
#965=VERTEX_POINT('',#964) ;
#972=VERTEX_POINT('',#971) ;
#979=VERTEX_POINT('',#978) ;
#998=VERTEX_POINT('',#997) ;
#1005=VERTEX_POINT('',#1004) ;
#1029=VERTEX_POINT('',#1028) ;
#1036=VERTEX_POINT('',#1035) ;
#1077=VERTEX_POINT('',#1076) ;
#1079=VERTEX_POINT('',#1078) ;
#1086=VERTEX_POINT('',#1085) ;
#1093=VERTEX_POINT('',#1092) ;
#1117=VERTEX_POINT('',#1116) ;
#1124=VERTEX_POINT('',#1123) ;
#1148=VERTEX_POINT('',#1147) ;
#1155=VERTEX_POINT('',#1154) ;
#1186=VERTEX_POINT('',#1185) ;
#1188=VERTEX_POINT('',#1187) ;
#1196=VERTEX_POINT('',#1195) ;
#1202=VERTEX_POINT('',#1201) ;
#1227=VERTEX_POINT('',#1226) ;
#1234=VERTEX_POINT('',#1233) ;
#1258=VERTEX_POINT('',#1257) ;
#1260=VERTEX_POINT('',#1259) ;
#1267=VERTEX_POINT('',#1266) ;
#1274=VERTEX_POINT('',#1273) ;
#1302=VERTEX_POINT('',#1301) ;
#1309=VERTEX_POINT('',#1308) ;
#1321=VERTEX_POINT('',#1320) ;
#1340=VERTEX_POINT('',#1339) ;
#1350=VERTEX_POINT('',#1349) ;
#1399=VERTEX_POINT('',#1398) ;
#1406=VERTEX_POINT('',#1405) ;
#1413=VERTEX_POINT('',#1412) ;
#1429=VERTEX_POINT('',#1428) ;
#1476=VERTEX_POINT('',#1475) ;
#1500=VERTEX_POINT('',#1499) ;
#1524=VERTEX_POINT('',#1523) ;
#1553=VERTEX_POINT('',#1552) ;
#1560=VERTEX_POINT('',#1559) ;
#1629=VERTEX_POINT('',#1628) ;
#1674=VERTEX_POINT('',#1673) ;
#1681=VERTEX_POINT('',#1680) ;
#1688=VERTEX_POINT('',#1687) ;
#1718=VERTEX_POINT('',#1717) ;
#1725=VERTEX_POINT('',#1724) ;
#1797=VERTEX_POINT('',#1796) ;
#1799=VERTEX_POINT('',#1798) ;
#1811=VERTEX_POINT('',#1810) ;
#1818=VERTEX_POINT('',#1817) ;
#1825=VERTEX_POINT('',#1824) ;
#1832=VERTEX_POINT('',#1831) ;
#1839=VERTEX_POINT('',#1838) ;
#1871=VERTEX_POINT('',#1870) ;
#1873=VERTEX_POINT('',#1872) ;
#1880=VERTEX_POINT('',#1879) ;
#1887=VERTEX_POINT('',#1886) ;
#1905=VERTEX_POINT('',#1904) ;
#1907=VERTEX_POINT('',#1906) ;
#1914=VERTEX_POINT('',#1913) ;
#1921=VERTEX_POINT('',#1920) ;
#1963=VERTEX_POINT('',#1962) ;
#1970=VERTEX_POINT('',#1969) ;
#1994=VERTEX_POINT('',#1993) ;
#2001=VERTEX_POINT('',#2000) ;
#2025=VERTEX_POINT('',#2024) ;
#2032=VERTEX_POINT('',#2031) ;
#2051=VERTEX_POINT('',#2050) ;
#2075=VERTEX_POINT('',#2074) ;
#2111=VERTEX_POINT('',#2110) ;
#2113=VERTEX_POINT('',#2112) ;
#2171=VERTEX_POINT('',#2170) ;
#2195=VERTEX_POINT('',#2194) ;
#2248=VERTEX_POINT('',#2247) ;
#2255=VERTEX_POINT('',#2254) ;
#2262=VERTEX_POINT('',#2261) ;
#2370=VERTEX_POINT('',#2369) ;
#2372=VERTEX_POINT('',#2371) ;
#2418=VERTEX_POINT('',#2417) ;
#2425=VERTEX_POINT('',#2424) ;
#2466=VERTEX_POINT('',#2465) ;
#2473=VERTEX_POINT('',#2472) ;
#2514=VERTEX_POINT('',#2513) ;
#2521=VERTEX_POINT('',#2520) ;
#2562=VERTEX_POINT('',#2561) ;
#2569=VERTEX_POINT('',#2568) ;
#2610=VERTEX_POINT('',#2609) ;
#2612=VERTEX_POINT('',#2611) ;
#2641=VERTEX_POINT('',#2640) ;
#2643=VERTEX_POINT('',#2642) ;
#2650=VERTEX_POINT('',#2649) ;
#2657=VERTEX_POINT('',#2656) ;
#2676=VERTEX_POINT('',#2675) ;
#2683=VERTEX_POINT('',#2682) ;
#2707=VERTEX_POINT('',#2706) ;
#2714=VERTEX_POINT('',#2713) ;
#2755=VERTEX_POINT('',#2754) ;
#2757=VERTEX_POINT('',#2756) ;
#2764=VERTEX_POINT('',#2763) ;
#2771=VERTEX_POINT('',#2770) ;
#2790=VERTEX_POINT('',#2789) ;
#2797=VERTEX_POINT('',#2796) ;
#2821=VERTEX_POINT('',#2820) ;
#2828=VERTEX_POINT('',#2827) ;
#2869=VERTEX_POINT('',#2868) ;
#2876=VERTEX_POINT('',#2875) ;
#2883=VERTEX_POINT('',#2882) ;
#2890=VERTEX_POINT('',#2889) ;
#2918=VERTEX_POINT('',#2917) ;
#2954=VERTEX_POINT('',#2953) ;
#2961=VERTEX_POINT('',#2960) ;
#2968=VERTEX_POINT('',#2967) ;
#2996=VERTEX_POINT('',#2995) ;
#2998=VERTEX_POINT('',#2997) ;
#3035=VERTEX_POINT('',#3034) ;
#3037=VERTEX_POINT('',#3036) ;
#3044=VERTEX_POINT('',#3043) ;
#3051=VERTEX_POINT('',#3050) ;
#3069=VERTEX_POINT('',#3068) ;
#3071=VERTEX_POINT('',#3070) ;
#3078=VERTEX_POINT('',#3077) ;
#3085=VERTEX_POINT('',#3084) ;
#3109=VERTEX_POINT('',#3108) ;
#3150=VERTEX_POINT('',#3149) ;
#3191=VERTEX_POINT('',#3190) ;
#3193=VERTEX_POINT('',#3192) ;
#3222=VERTEX_POINT('',#3221) ;
#3241=VERTEX_POINT('',#3240) ;
#3277=VERTEX_POINT('',#3276) ;
#3279=VERTEX_POINT('',#3278) ;
#3308=VERTEX_POINT('',#3307) ;
#3327=VERTEX_POINT('',#3326) ;
#3394=VERTEX_POINT('',#3393) ;
#3396=VERTEX_POINT('',#3395) ;
#3403=VERTEX_POINT('',#3402) ;
#3410=VERTEX_POINT('',#3409) ;
#3434=VERTEX_POINT('',#3433) ;
#3441=VERTEX_POINT('',#3440) ;
#3465=VERTEX_POINT('',#3464) ;
#3472=VERTEX_POINT('',#3471) ;
#3496=VERTEX_POINT('',#3495) ;
#3503=VERTEX_POINT('',#3502) ;
#3527=VERTEX_POINT('',#3526) ;
#3529=VERTEX_POINT('',#3528) ;
#3558=VERTEX_POINT('',#3557) ;
#3565=VERTEX_POINT('',#3564) ;
#3589=VERTEX_POINT('',#3588) ;
#3596=VERTEX_POINT('',#3595) ;
#3620=VERTEX_POINT('',#3619) ;
#3627=VERTEX_POINT('',#3626) ;
#3651=VERTEX_POINT('',#3650) ;
#3658=VERTEX_POINT('',#3657) ;
#3682=VERTEX_POINT('',#3681) ;
#3689=VERTEX_POINT('',#3688) ;
#3713=VERTEX_POINT('',#3712) ;
#3720=VERTEX_POINT('',#3719) ;
#3744=VERTEX_POINT('',#3743) ;
#3751=VERTEX_POINT('',#3750) ;
#3775=VERTEX_POINT('',#3774) ;
#3782=VERTEX_POINT('',#3781) ;
#3806=VERTEX_POINT('',#3805) ;
#3813=VERTEX_POINT('',#3812) ;
#3837=VERTEX_POINT('',#3836) ;
#3844=VERTEX_POINT('',#3843) ;
#3868=VERTEX_POINT('',#3867) ;
#3875=VERTEX_POINT('',#3874) ;
#3899=VERTEX_POINT('',#3898) ;
#3906=VERTEX_POINT('',#3905) ;
#3379=ADVANCED_BREP_SHAPE_REPRESENTATION('NONE',(#21,#3381),#16) ;
#70=ADVANCED_FACE('PartBody',(#69),#35,.F.) ;
#96=ADVANCED_FACE('PartBody',(#95),#35,.F.) ;
#127=ADVANCED_FACE('PartBody',(#126),#101,.F.) ;
#144=ADVANCED_FACE('PartBody',(#143),#101,.F.) ;
#267=ADVANCED_FACE('PartBody',(#214,#220,#266),#149,.F.) ;
#298=ADVANCED_FACE('PartBody',(#297),#272,.F.) ;
#322=ADVANCED_FACE('PartBody',(#321),#303,.F.) ;
#341=ADVANCED_FACE('PartBody',(#340),#303,.F.) ;
#353=ADVANCED_FACE('PartBody',(#352),#272,.F.) ;
#429=ADVANCED_FACE('PartBody',(#416,#422,#428),#358,.T.) ;
#451=ADVANCED_FACE('PartBody',(#450),#434,.T.) ;
#468=ADVANCED_FACE('PartBody',(#467),#456,.T.) ;
#485=ADVANCED_FACE('PartBody',(#484),#473,.T.) ;
#526=ADVANCED_FACE('PartBody',(#525),#486,.F.) ;
#574=ADVANCED_FACE('PartBody',(#573),#527,.F.) ;
#599=ADVANCED_FACE('PartBody',(#598),#579,.F.) ;
#628=ADVANCED_FACE('PartBody',(#627),#604,.F.) ;
#645=ADVANCED_FACE('PartBody',(#644),#633,.T.) ;
#662=ADVANCED_FACE('PartBody',(#661),#650,.T.) ;
#674=ADVANCED_FACE('PartBody',(#673),#667,.F.) ;
#714=ADVANCED_FACE('PartBody',(#713),#679,.F.) ;
#745=ADVANCED_FACE('PartBody',(#744),#719,.T.) ;
#776=ADVANCED_FACE('PartBody',(#775),#750,.F.) ;
#807=ADVANCED_FACE('PartBody',(#806),#781,.T.) ;
#838=ADVANCED_FACE('PartBody',(#837),#812,.T.) ;
#878=ADVANCED_FACE('PartBody',(#877),#843,.F.) ;
#904=ADVANCED_FACE('PartBody',(#903),#843,.F.) ;
#935=ADVANCED_FACE('PartBody',(#934),#909,.F.) ;
#952=ADVANCED_FACE('PartBody',(#951),#909,.F.) ;
#992=ADVANCED_FACE('PartBody',(#991),#957,.F.) ;
#1018=ADVANCED_FACE('PartBody',(#1017),#957,.F.) ;
#1049=ADVANCED_FACE('PartBody',(#1048),#1023,.F.) ;
#1066=ADVANCED_FACE('PartBody',(#1065),#1023,.F.) ;
#1106=ADVANCED_FACE('PartBody',(#1105),#1071,.T.) ;
#1137=ADVANCED_FACE('PartBody',(#1136),#1111,.T.) ;
#1168=ADVANCED_FACE('PartBody',(#1167),#1142,.F.) ;
#1216=ADVANCED_FACE('PartBody',(#1215),#1169,.F.) ;
#1247=ADVANCED_FACE('PartBody',(#1246),#1221,.F.) ;
#1287=ADVANCED_FACE('PartBody',(#1286),#1252,.F.) ;
#1388=ADVANCED_FACE('PartBody',(#1375,#1381,#1387),#1292,.F.) ;
#1448=ADVANCED_FACE('PartBody',(#1447),#1393,.F.) ;
#1465=ADVANCED_FACE('PartBody',(#1464),#1453,.T.) ;
#1489=ADVANCED_FACE('PartBody',(#1488),#1470,.T.) ;
#1513=ADVANCED_FACE('PartBody',(#1512),#1494,.T.) ;
#1537=ADVANCED_FACE('PartBody',(#1536),#1518,.F.) ;
#1599=ADVANCED_FACE('PartBody',(#1586,#1592,#1598),#1542,.T.) ;
#1644=ADVANCED_FACE('PartBody',(#1643),#1600,.T.) ;
#1661=ADVANCED_FACE('PartBody',(#1660),#1649,.T.) ;
#1707=ADVANCED_FACE('PartBody',(#1706),#1666,.T.) ;
#1738=ADVANCED_FACE('PartBody',(#1737),#1712,.F.) ;
#1774=ADVANCED_FACE('PartBody',(#1773),#1739,.F.) ;
#1786=ADVANCED_FACE('PartBody',(#1785),#1779,.T.) ;
#1934=ADVANCED_FACE('PartBody',(#1865,#1899,#1933),#1791,.T.) ;
#1952=ADVANCED_FACE('PartBody',(#1951),#1939,.T.) ;
#1983=ADVANCED_FACE('PartBody',(#1982),#1957,.F.) ;
#2014=ADVANCED_FACE('PartBody',(#2013),#1988,.F.) ;
#2045=ADVANCED_FACE('PartBody',(#2044),#2019,.F.) ;
#2064=ADVANCED_FACE('PartBody',(#2063),#2019,.F.) ;
#2088=ADVANCED_FACE('PartBody',(#2087),#2069,.F.) ;
#2100=ADVANCED_FACE('PartBody',(#2099),#2069,.F.) ;
#2131=ADVANCED_FACE('PartBody',(#2130),#2105,.T.) ;
#2148=ADVANCED_FACE('PartBody',(#2147),#2136,.F.) ;
#2165=ADVANCED_FACE('PartBody',(#2164),#2153,.T.) ;
#2184=ADVANCED_FACE('PartBody',(#2183),#1988,.F.) ;
#2208=ADVANCED_FACE('PartBody',(#2207),#2189,.F.) ;
#2220=ADVANCED_FACE('PartBody',(#2219),#2189,.F.) ;
#2237=ADVANCED_FACE('PartBody',(#2236),#2225,.T.) ;
#2308=ADVANCED_FACE('PartBody',(#2295,#2301,#2307),#2242,.F.) ;
#2325=ADVANCED_FACE('PartBody',(#2324),#2313,.T.) ;
#2342=ADVANCED_FACE('PartBody',(#2341),#2330,.F.) ;
#2359=ADVANCED_FACE('PartBody',(#2358),#2347,.T.) ;
#2390=ADVANCED_FACE('PartBody',(#2389),#2364,.T.) ;
#2407=ADVANCED_FACE('PartBody',(#2406),#2395,.T.) ;
#2438=ADVANCED_FACE('PartBody',(#2437),#2412,.F.) ;
#2455=ADVANCED_FACE('PartBody',(#2454),#2443,.F.) ;
#2486=ADVANCED_FACE('PartBody',(#2485),#2460,.F.) ;
#2503=ADVANCED_FACE('PartBody',(#2502),#2491,.T.) ;
#2534=ADVANCED_FACE('PartBody',(#2533),#2508,.T.) ;
#2551=ADVANCED_FACE('PartBody',(#2550),#2539,.F.) ;
#2582=ADVANCED_FACE('PartBody',(#2581),#2556,.F.) ;
#2599=ADVANCED_FACE('PartBody',(#2598),#2587,.T.) ;
#2630=ADVANCED_FACE('PartBody',(#2629),#2604,.T.) ;
#2670=ADVANCED_FACE('PartBody',(#2669),#2635,.F.) ;
#2696=ADVANCED_FACE('PartBody',(#2695),#2635,.F.) ;
#2727=ADVANCED_FACE('PartBody',(#2726),#2701,.F.) ;
#2744=ADVANCED_FACE('PartBody',(#2743),#2701,.F.) ;
#2784=ADVANCED_FACE('PartBody',(#2783),#2749,.F.) ;
#2810=ADVANCED_FACE('PartBody',(#2809),#2749,.F.) ;
#2841=ADVANCED_FACE('PartBody',(#2840),#2815,.F.) ;
#2858=ADVANCED_FACE('PartBody',(#2857),#2815,.F.) ;
#2907=ADVANCED_FACE('PartBody',(#2906),#2863,.F.) ;
#2943=ADVANCED_FACE('PartBody',(#2930,#2936,#2942),#2912,.T.) ;
#2985=ADVANCED_FACE('PartBody',(#2984),#2948,.T.) ;
#3098=ADVANCED_FACE('PartBody',(#3017,#3023,#3029,#3063,#3097),#2990,.F.) ;
#3122=ADVANCED_FACE('PartBody',(#3121),#3103,.T.) ;
#3139=ADVANCED_FACE('PartBody',(#3138),#3127,.F.) ;
#3163=ADVANCED_FACE('PartBody',(#3162),#3144,.T.) ;
#3180=ADVANCED_FACE('PartBody',(#3179),#3168,.T.) ;
#3211=ADVANCED_FACE('PartBody',(#3210),#3185,.F.) ;
#3235=ADVANCED_FACE('PartBody',(#3234),#3216,.F.) ;
#3254=ADVANCED_FACE('PartBody',(#3253),#3216,.F.) ;
#3266=ADVANCED_FACE('PartBody',(#3265),#3185,.F.) ;
#3297=ADVANCED_FACE('PartBody',(#3296),#3271,.F.) ;
#3321=ADVANCED_FACE('PartBody',(#3320),#3302,.F.) ;
#3340=ADVANCED_FACE('PartBody',(#3339),#3302,.F.) ;
#3352=ADVANCED_FACE('PartBody',(#3351),#3271,.F.) ;
#3378=ADVANCED_FACE('PartBody',(#3365,#3371,#3377),#3357,.T.) ;
#3423=ADVANCED_FACE('Raidisseur',(#3422),#3388,.F.) ;
#3454=ADVANCED_FACE('Raidisseur',(#3453),#3428,.F.) ;
#3485=ADVANCED_FACE('Raidisseur',(#3484),#3459,.T.) ;
#3516=ADVANCED_FACE('Raidisseur',(#3515),#3490,.F.) ;
#3547=ADVANCED_FACE('Raidisseur',(#3546),#3521,.F.) ;
#3578=ADVANCED_FACE('Raidisseur',(#3577),#3552,.T.) ;
#3609=ADVANCED_FACE('Raidisseur',(#3608),#3583,.F.) ;
#3640=ADVANCED_FACE('Raidisseur',(#3639),#3614,.F.) ;
#3671=ADVANCED_FACE('Raidisseur',(#3670),#3645,.F.) ;
#3702=ADVANCED_FACE('Raidisseur',(#3701),#3676,.T.) ;
#3733=ADVANCED_FACE('Raidisseur',(#3732),#3707,.F.) ;
#3764=ADVANCED_FACE('Raidisseur',(#3763),#3738,.F.) ;
#3795=ADVANCED_FACE('Raidisseur',(#3794),#3769,.T.) ;
#3826=ADVANCED_FACE('Raidisseur',(#3825),#3800,.T.) ;
#3857=ADVANCED_FACE('Raidisseur',(#3856),#3831,.T.) ;
#3888=ADVANCED_FACE('Raidisseur',(#3887),#3862,.T.) ;
#3919=ADVANCED_FACE('Raidisseur',(#3918),#3893,.T.) ;
#3941=ADVANCED_FACE('Raidisseur',(#3940),#3924,.T.) ;
#3967=ADVANCED_FACE('Raidisseur',(#3966),#3946,.T.) ;
#3993=ADVANCED_FACE('Raidisseur',(#3992),#3972,.F.) ;
#4=APPLICATION_PROTOCOL_DEFINITION('international standard','ap242_managed_model_based_3d_engineering',2014,#1) ;
#150=B_SPLINE_CURVE_WITH_KNOTS('',5,(#151,#152,#153,#154,#155,#156),.UNSPECIFIED.,.F.,.U.,(6,6),(15.7079632679,31.4159265359),.UNSPECIFIED.) ;
#169=B_SPLINE_CURVE_WITH_KNOTS('',5,(#170,#171,#172,#173,#174,#175),.UNSPECIFIED.,.F.,.U.,(6,6),(2.84217094304E-014,15.7079632679),.UNSPECIFIED.) ;
#193=B_SPLINE_CURVE_WITH_KNOTS('',3,(#194,#195,#196,#197),.UNSPECIFIED.,.F.,.U.,(4,4),(31.4159265359,33.9344700999),.UNSPECIFIED.) ;
#221=B_SPLINE_CURVE_WITH_KNOTS('',5,(#222,#223,#224,#225,#226,#227),.UNSPECIFIED.,.F.,.U.,(6,6),(0.,7.06858347058),.UNSPECIFIED.) ;
#233=B_SPLINE_CURVE_WITH_KNOTS('',5,(#234,#235,#236,#237,#238,#239),.UNSPECIFIED.,.F.,.U.,(6,6),(7.06858347058,14.1371669412),.UNSPECIFIED.) ;
#243=B_SPLINE_CURVE_WITH_KNOTS('',5,(#244,#245,#246,#247,#248,#249),.UNSPECIFIED.,.F.,.U.,(6,6),(14.1371669412,21.2057504117),.UNSPECIFIED.) ;
#253=B_SPLINE_CURVE_WITH_KNOTS('',5,(#254,#255,#256,#257,#258,#259),.UNSPECIFIED.,.F.,.U.,(6,6),(21.2057504117,28.2743338823),.UNSPECIFIED.) ;
#499=B_SPLINE_CURVE_WITH_KNOTS('',4,(#500,#501,#502,#503,#504),.UNSPECIFIED.,.F.,.U.,(5,5),(0.,4.48668840278),.UNSPECIFIED.) ;
#508=B_SPLINE_CURVE_WITH_KNOTS('',3,(#509,#510,#511,#512),.UNSPECIFIED.,.F.,.U.,(4,4),(0.,4.48668840278),.UNSPECIFIED.) ;
#516=B_SPLINE_CURVE_WITH_KNOTS('',1,(#517,#518),.UNSPECIFIED.,.F.,.U.,(2,2),(-6.,6.16790569236E-015),.UNSPECIFIED.) ;
#546=B_SPLINE_CURVE_WITH_KNOTS('',4,(#547,#548,#549,#550,#551),.UNSPECIFIED.,.F.,.U.,(5,5),(0.,7.21975776323),.UNSPECIFIED.) ;
#555=B_SPLINE_CURVE_WITH_KNOTS('',1,(#556,#557),.UNSPECIFIED.,.F.,.U.,(2,2),(-3.,3.),.UNSPECIFIED.) ;
#561=B_SPLINE_CURVE_WITH_KNOTS('',4,(#562,#563,#564,#565,#566),.UNSPECIFIED.,.F.,.U.,(5,5),(8.7950550723E-015,7.21975776323),.UNSPECIFIED.) ;
#1182=B_SPLINE_CURVE_WITH_KNOTS('',1,(#1183,#1184),.UNSPECIFIED.,.F.,.U.,(2,2),(-6.,-7.1054273576E-015),.UNSPECIFIED.) ;
#1190=B_SPLINE_CURVE_WITH_KNOTS('',3,(#1191,#1192,#1193,#1194),.UNSPECIFIED.,.F.,.U.,(4,4),(0.,1.73592364993),.UNSPECIFIED.) ;
#1198=B_SPLINE_CURVE_WITH_KNOTS('',1,(#1199,#1200),.UNSPECIFIED.,.F.,.U.,(2,2),(-3.,3.),.UNSPECIFIED.) ;
#1204=B_SPLINE_CURVE_WITH_KNOTS('',3,(#1205,#1206,#1207,#1208),.UNSPECIFIED.,.F.,.U.,(4,4),(0.,1.73592364993),.UNSPECIFIED.) ;
#1293=B_SPLINE_CURVE_WITH_KNOTS('',1,(#1294,#1295),.UNSPECIFIED.,.F.,.U.,(2,2),(4.31723132112,4.32131076683),.UNSPECIFIED.) ;
#1323=B_SPLINE_CURVE_WITH_KNOTS('',5,(#1324,#1325,#1326,#1327,#1328,#1329,#1330,#1331,#1332,#1333,#1334,#1335,#1336,#1337,#1338),.UNSPECIFIED.,.F.,.U.,(6,3,3,3,6),(0.490289417687,12.148689405,23.8070893923,35.4654893796,47.1238893669),.UNSPECIFIED.) ;
#1342=B_SPLINE_CURVE_WITH_KNOTS('',5,(#1343,#1344,#1345,#1346,#1347,#1348),.UNSPECIFIED.,.F.,.U.,(6,6),(47.6141792215,62.8270444905),.UNSPECIFIED.) ;
#1352=B_SPLINE_CURVE_WITH_KNOTS('',1,(#1353,#1354),.UNSPECIFIED.,.F.,.U.,(2,2),(-4.32131076683,-4.31723132113),.UNSPECIFIED.) ;
#1415=B_SPLINE_CURVE_WITH_KNOTS('',4,(#1416,#1417,#1418,#1419,#1420),.UNSPECIFIED.,.F.,.U.,(5,5),(0.,28.0793483103),.UNSPECIFIED.) ;
#1422=B_SPLINE_CURVE_WITH_KNOTS('',4,(#1423,#1424,#1425,#1426,#1427),.UNSPECIFIED.,.F.,.U.,(5,5),(0.,28.0793483091),.UNSPECIFIED.) ;
#1625=B_SPLINE_CURVE_WITH_KNOTS('',1,(#1626,#1627),.UNSPECIFIED.,.F.,.U.,(2,2),(-6.,-1.50990331349E-014),.UNSPECIFIED.) ;
#1631=B_SPLINE_CURVE_WITH_KNOTS('',4,(#1632,#1633,#1634,#1635,#1636),.UNSPECIFIED.,.F.,.U.,(5,5),(0.,28.0789942125),.UNSPECIFIED.) ;
#1667=B_SPLINE_CURVE_WITH_KNOTS('',4,(#1668,#1669,#1670,#1671,#1672),.UNSPECIFIED.,.F.,.U.,(5,5),(0.,28.0789942127),.UNSPECIFIED.) ;
#1764=B_SPLINE_CURVE_WITH_KNOTS('',1,(#1765,#1766),.UNSPECIFIED.,.F.,.U.,(2,2),(-6.,3.74012549108E-015),.UNSPECIFIED.) ;
#2264=B_SPLINE_CURVE_WITH_KNOTS('',5,(#2265,#2266,#2267,#2268,#2269,#2270,#2271,#2272,#2273,#2274,#2275,#2276,#2277,#2278,#2279),.UNSPECIFIED.,.F.,.U.,(6,3,3,3,6),(1.42108547152E-014,5.05559669728,10.1111933946,15.1667900919,20.2223867891),.UNSPECIFIED.) ;
#486=B_SPLINE_SURFACE_WITH_KNOTS('',5,1,((#487,#488),(#489,#490),(#491,#492),(#493,#494),(#495,#496),(#497,#498)),.UNSPECIFIED.,.F.,.F.,.U.,(6,6),(2,2),(0.,3.34454636752),(-6.00000000001,1.68753899743E-014),.UNSPECIFIED.) ;
#527=B_SPLINE_SURFACE_WITH_KNOTS('',5,1,((#528,#529),(#530,#531),(#532,#533),(#534,#535),(#536,#537),(#538,#539),(#540,#541),(#542,#543),(#544,#545)),.UNSPECIFIED.,.F.,.F.,.U.,(6,3,6),(2,2),(0.,5.05383043426,7.21975776323),(-6.,8.99280649946E-015),.UNSPECIFIED.) ;
#1169=B_SPLINE_SURFACE_WITH_KNOTS('',5,1,((#1170,#1171),(#1172,#1173),(#1174,#1175),(#1176,#1177),(#1178,#1179),(#1180,#1181)),.UNSPECIFIED.,.F.,.F.,.U.,(6,6),(2,2),(0.,1.41760836392),(-6.00000000001,3.60822483004E-015),.UNSPECIFIED.) ;
#1600=B_SPLINE_SURFACE_WITH_KNOTS('',5,1,((#1601,#1602),(#1603,#1604),(#1605,#1606),(#1607,#1608),(#1609,#1610),(#1611,#1612),(#1613,#1614),(#1615,#1616),(#1617,#1618),(#1619,#1620),(#1621,#1622),(#1623,#1624)),.UNSPECIFIED.,.F.,.F.,.U.,(6,3,3,6),(2,2),(0.,9.92633161468,19.8526632294,24.8158290367),(-6.00000000001,0.),.UNSPECIFIED.) ;
#1739=B_SPLINE_SURFACE_WITH_KNOTS('',5,1,((#1740,#1741),(#1742,#1743),(#1744,#1745),(#1746,#1747),(#1748,#1749),(#1750,#1751),(#1752,#1753),(#1754,#1755),(#1756,#1757),(#1758,#1759),(#1760,#1761),(#1762,#1763)),.UNSPECIFIED.,.F.,.F.,.U.,(6,3,3,6),(2,2),(0.,9.92633161529,19.8526632306,24.8158290382),(-6.00000000001,3.74012549108E-015),.UNSPECIFIED.) ;
#22=COLOUR_RGB('Colour',0.823529411765,0.823529411765,1.) ;
#69=FACE_OUTER_BOUND('',#64,.T.) ;
#95=FACE_OUTER_BOUND('',#90,.T.) ;
#126=FACE_OUTER_BOUND('',#121,.T.) ;
#143=FACE_OUTER_BOUND('',#138,.T.) ;
#214=FACE_OUTER_BOUND('',#206,.T.) ;
#297=FACE_OUTER_BOUND('',#292,.T.) ;
#321=FACE_OUTER_BOUND('',#316,.T.) ;
#340=FACE_OUTER_BOUND('',#335,.T.) ;
#352=FACE_OUTER_BOUND('',#347,.T.) ;
#416=FACE_OUTER_BOUND('',#408,.T.) ;
#450=FACE_OUTER_BOUND('',#445,.T.) ;
#467=FACE_OUTER_BOUND('',#462,.T.) ;
#484=FACE_OUTER_BOUND('',#479,.T.) ;
#525=FACE_OUTER_BOUND('',#520,.T.) ;
#573=FACE_OUTER_BOUND('',#568,.T.) ;
#598=FACE_OUTER_BOUND('',#592,.T.) ;
#627=FACE_OUTER_BOUND('',#622,.T.) ;
#644=FACE_OUTER_BOUND('',#639,.T.) ;
#661=FACE_OUTER_BOUND('',#656,.T.) ;
#673=FACE_OUTER_BOUND('',#668,.T.) ;
#713=FACE_OUTER_BOUND('',#708,.T.) ;
#744=FACE_OUTER_BOUND('',#739,.T.) ;
#775=FACE_OUTER_BOUND('',#770,.T.) ;
#806=FACE_OUTER_BOUND('',#801,.T.) ;
#837=FACE_OUTER_BOUND('',#832,.T.) ;
#877=FACE_OUTER_BOUND('',#872,.T.) ;
#903=FACE_OUTER_BOUND('',#898,.T.) ;
#934=FACE_OUTER_BOUND('',#929,.T.) ;
#951=FACE_OUTER_BOUND('',#946,.T.) ;
#991=FACE_OUTER_BOUND('',#986,.T.) ;
#1017=FACE_OUTER_BOUND('',#1012,.T.) ;
#1048=FACE_OUTER_BOUND('',#1043,.T.) ;
#1065=FACE_OUTER_BOUND('',#1060,.T.) ;
#1105=FACE_OUTER_BOUND('',#1100,.T.) ;
#1136=FACE_OUTER_BOUND('',#1131,.T.) ;
#1167=FACE_OUTER_BOUND('',#1162,.T.) ;
#1215=FACE_OUTER_BOUND('',#1210,.T.) ;
#1246=FACE_OUTER_BOUND('',#1241,.T.) ;
#1286=FACE_OUTER_BOUND('',#1281,.T.) ;
#1375=FACE_OUTER_BOUND('',#1356,.T.) ;
#1447=FACE_OUTER_BOUND('',#1436,.T.) ;
#1464=FACE_OUTER_BOUND('',#1459,.T.) ;
#1488=FACE_OUTER_BOUND('',#1483,.T.) ;
#1512=FACE_OUTER_BOUND('',#1507,.T.) ;
#1536=FACE_OUTER_BOUND('',#1531,.T.) ;
#1586=FACE_OUTER_BOUND('',#1567,.T.) ;
#1643=FACE_OUTER_BOUND('',#1638,.T.) ;
#1660=FACE_OUTER_BOUND('',#1655,.T.) ;
#1706=FACE_OUTER_BOUND('',#1695,.T.) ;
#1737=FACE_OUTER_BOUND('',#1732,.T.) ;
#1773=FACE_OUTER_BOUND('',#1768,.T.) ;
#1785=FACE_OUTER_BOUND('',#1780,.T.) ;
#1865=FACE_OUTER_BOUND('',#1851,.T.) ;
#1951=FACE_OUTER_BOUND('',#1945,.T.) ;
#1982=FACE_OUTER_BOUND('',#1977,.T.) ;
#2013=FACE_OUTER_BOUND('',#2008,.T.) ;
#2044=FACE_OUTER_BOUND('',#2039,.T.) ;
#2063=FACE_OUTER_BOUND('',#2058,.T.) ;
#2087=FACE_OUTER_BOUND('',#2082,.T.) ;
#2099=FACE_OUTER_BOUND('',#2094,.T.) ;
#2130=FACE_OUTER_BOUND('',#2125,.T.) ;
#2147=FACE_OUTER_BOUND('',#2142,.T.) ;
#2164=FACE_OUTER_BOUND('',#2159,.T.) ;
#2183=FACE_OUTER_BOUND('',#2178,.T.) ;
#2207=FACE_OUTER_BOUND('',#2202,.T.) ;
#2219=FACE_OUTER_BOUND('',#2214,.T.) ;
#2236=FACE_OUTER_BOUND('',#2231,.T.) ;
#2295=FACE_OUTER_BOUND('',#2281,.T.) ;
#2324=FACE_OUTER_BOUND('',#2319,.T.) ;
#2341=FACE_OUTER_BOUND('',#2336,.T.) ;
#2358=FACE_OUTER_BOUND('',#2353,.T.) ;
#2389=FACE_OUTER_BOUND('',#2384,.T.) ;
#2406=FACE_OUTER_BOUND('',#2401,.T.) ;
#2437=FACE_OUTER_BOUND('',#2432,.T.) ;
#2454=FACE_OUTER_BOUND('',#2449,.T.) ;
#2485=FACE_OUTER_BOUND('',#2480,.T.) ;
#2502=FACE_OUTER_BOUND('',#2497,.T.) ;
#2533=FACE_OUTER_BOUND('',#2528,.T.) ;
#2550=FACE_OUTER_BOUND('',#2545,.T.) ;
#2581=FACE_OUTER_BOUND('',#2576,.T.) ;
#2598=FACE_OUTER_BOUND('',#2593,.T.) ;
#2629=FACE_OUTER_BOUND('',#2624,.T.) ;
#2669=FACE_OUTER_BOUND('',#2664,.T.) ;
#2695=FACE_OUTER_BOUND('',#2690,.T.) ;
#2726=FACE_OUTER_BOUND('',#2721,.T.) ;
#2743=FACE_OUTER_BOUND('',#2738,.T.) ;
#2783=FACE_OUTER_BOUND('',#2778,.T.) ;
#2809=FACE_OUTER_BOUND('',#2804,.T.) ;
#2840=FACE_OUTER_BOUND('',#2835,.T.) ;
#2857=FACE_OUTER_BOUND('',#2852,.T.) ;
#2906=FACE_OUTER_BOUND('',#2897,.T.) ;
#2930=FACE_OUTER_BOUND('',#2925,.T.) ;
#2984=FACE_OUTER_BOUND('',#2975,.T.) ;
#3017=FACE_OUTER_BOUND('',#3010,.T.) ;
#3121=FACE_OUTER_BOUND('',#3116,.T.) ;
#3138=FACE_OUTER_BOUND('',#3133,.T.) ;
#3162=FACE_OUTER_BOUND('',#3157,.T.) ;
#3179=FACE_OUTER_BOUND('',#3174,.T.) ;
#3210=FACE_OUTER_BOUND('',#3205,.T.) ;
#3234=FACE_OUTER_BOUND('',#3229,.T.) ;
#3253=FACE_OUTER_BOUND('',#3248,.T.) ;
#3265=FACE_OUTER_BOUND('',#3260,.T.) ;
#3296=FACE_OUTER_BOUND('',#3291,.T.) ;
#3320=FACE_OUTER_BOUND('',#3315,.T.) ;
#3339=FACE_OUTER_BOUND('',#3334,.T.) ;
#3351=FACE_OUTER_BOUND('',#3346,.T.) ;
#3365=FACE_OUTER_BOUND('',#3358,.T.) ;
#3422=FACE_OUTER_BOUND('',#3417,.T.) ;
#3453=FACE_OUTER_BOUND('',#3448,.T.) ;
#3484=FACE_OUTER_BOUND('',#3479,.T.) ;
#3515=FACE_OUTER_BOUND('',#3510,.T.) ;
#3546=FACE_OUTER_BOUND('',#3541,.T.) ;
#3577=FACE_OUTER_BOUND('',#3572,.T.) ;
#3608=FACE_OUTER_BOUND('',#3603,.T.) ;
#3639=FACE_OUTER_BOUND('',#3634,.T.) ;
#3670=FACE_OUTER_BOUND('',#3665,.T.) ;
#3701=FACE_OUTER_BOUND('',#3696,.T.) ;
#3732=FACE_OUTER_BOUND('',#3727,.T.) ;
#3763=FACE_OUTER_BOUND('',#3758,.T.) ;
#3794=FACE_OUTER_BOUND('',#3789,.T.) ;
#3825=FACE_OUTER_BOUND('',#3820,.T.) ;
#3856=FACE_OUTER_BOUND('',#3851,.T.) ;
#3887=FACE_OUTER_BOUND('',#3882,.T.) ;
#3918=FACE_OUTER_BOUND('',#3913,.T.) ;
#3940=FACE_OUTER_BOUND('',#3935,.T.) ;
#3966=FACE_OUTER_BOUND('',#3947,.T.) ;
#3992=FACE_OUTER_BOUND('',#3973,.T.) ;
#9=PRODUCT_CATEGORY_RELATIONSHIP(' ',' ',#7,#8) ;
#6=PRODUCT_DEFINITION_FORMATION_WITH_SPECIFIED_SOURCE('--A',' ',#5,.NOT_KNOWN.) ;
#20=SHAPE_DEFINITION_REPRESENTATION(#11,#19) ;
#12=(LENGTH_UNIT()NAMED_UNIT(*)SI_UNIT(.MILLI.,.METRE.)) ;
#13=(NAMED_UNIT(*)PLANE_ANGLE_UNIT()SI_UNIT($,.RADIAN.)) ;
#14=(NAMED_UNIT(*)SI_UNIT($,.STERADIAN.)SOLID_ANGLE_UNIT()) ;
#16=(GEOMETRIC_REPRESENTATION_CONTEXT(3)GLOBAL_UNCERTAINTY_ASSIGNED_CONTEXT((#15))GLOBAL_UNIT_ASSIGNED_CONTEXT((#12,#13,#14))REPRESENTATION_CONTEXT(' ',' ')) ;
ENDSEC;
END-ISO-10303-21;
