ISO-10303-21;
HEADER;
FILE_DESCRIPTION(('CATIA V5 STEP Exchange'),'2;1');

FILE_NAME('C:\\Users\\tposzwa\\OneDrive - Alstom\\Wanda\\Chassis\\M3D-239729.stp','2021-12-01T15:41:25+00:00',('none'),('none'),'CATIA Version 5-6 Release 2016 SP5 HF35','CATIA V5 STEP AP203','none');

FILE_SCHEMA(('CONFIG_CONTROL_DESIGN'));

ENDSEC;
DATA;
#5=PRODUCT('M3D-239729','','TRACTION ROD SUPPORT',(#2)) ;
#1=APPLICATION_CONTEXT('configuration controlled 3D design of mechanical parts and assemblies') ;
#14=PRODUCT_DEFINITION('MASTER',' ',#6,#3) ;
#16=SECURITY_CLASSIFICATION(' ',' ',#15) ;
#15=SECURITY_CLASSIFICATION_LEVEL('unclassified') ;
#46=CARTESIAN_POINT(' ',(0.,0.,0.)) ;
#51=CARTESIAN_POINT('Axis2P3D Location',(-2.8927873873E-028,-65.,-6.93889390391E-018)) ;
#56=CARTESIAN_POINT('Line Origine',(63.9999999555,-75.5,3.85069852341E-015)) ;
#60=CARTESIAN_POINT('Vertex',(35.9999999999,-75.5,3.85069852341E-015)) ;
#62=CARTESIAN_POINT('Vertex',(-7.1054273576E-015,-75.5,3.85069852341E-015)) ;
#65=CARTESIAN_POINT('Axis2P3D Location',(35.9999999999,-65.,-6.93889390391E-018)) ;
#69=CARTESIAN_POINT('Vertex',(35.9999999999,-54.5,-2.57869717211E-015)) ;
#72=CARTESIAN_POINT('Line Origine',(63.9999999555,-54.5,-5.15045545032E-015)) ;
#76=CARTESIAN_POINT('Vertex',(-1.37407401021E-028,-54.5,-2.57869717211E-015)) ;
#79=CARTESIAN_POINT('Axis2P3D Location',(-2.8927873873E-028,-65.,-6.93889390391E-018)) ;
#91=CARTESIAN_POINT('Axis2P3D Location',(0.,-44.9999999837,20.)) ;
#96=CARTESIAN_POINT('Line Origine',(1.05238991998E-040,-44.9999999837,8.18545231596E-012)) ;
#100=CARTESIAN_POINT('Vertex',(0.,-44.9999999837,-20.)) ;
#102=CARTESIAN_POINT('Vertex',(2.10477983996E-040,-44.9999999837,20.)) ;
#105=CARTESIAN_POINT('Line Origine',(-2.89278738494E-028,-64.9999999837,-20.)) ;
#109=CARTESIAN_POINT('Vertex',(-5.78557476987E-028,-84.9999999837,-20.)) ;
#112=CARTESIAN_POINT('Line Origine',(-5.78557476987E-028,-84.9999999837,8.18545231596E-012)) ;
#116=CARTESIAN_POINT('Vertex',(-5.78557476987E-028,-84.9999999837,20.)) ;
#119=CARTESIAN_POINT('Line Origine',(-2.89278738494E-028,-64.9999999837,20.)) ;
#130=CARTESIAN_POINT('Axis2P3D Location',(-2.8927873873E-028,-65.,5.64704729597E-028)) ;
#140=CARTESIAN_POINT('Axis2P3D Location',(35.9999999999,-65.,-6.93889390391E-018)) ;
#152=CARTESIAN_POINT('Axis2P3D Location',(35.9999999999,-44.9999999837,-20.)) ;
#157=CARTESIAN_POINT('Line Origine',(35.9999999999,-44.9999999837,-4.58317117591E-009)) ;
#161=CARTESIAN_POINT('Vertex',(35.9999999999,-44.9999999837,-20.)) ;
#163=CARTESIAN_POINT('Vertex',(35.9999999999,-44.9999999836,19.9999999908)) ;
#166=CARTESIAN_POINT('Line Origine',(35.9999999999,-64.9999999837,19.9999999908)) ;
#170=CARTESIAN_POINT('Vertex',(35.9999999999,-84.9999999837,19.9999999908)) ;
#173=CARTESIAN_POINT('Line Origine',(35.9999999999,-84.9999999837,-4.58317117591E-009)) ;
#177=CARTESIAN_POINT('Vertex',(35.9999999999,-84.9999999837,-20.)) ;
#180=CARTESIAN_POINT('Line Origine',(35.9999999999,-64.9999999837,-20.)) ;
#196=CARTESIAN_POINT('Axis2P3D Location',(-1.47046819166E-010,-44.9999999837,-20.)) ;
#201=CARTESIAN_POINT('Line Origine',(17.9999999999,-84.9999999837,-20.)) ;
#206=CARTESIAN_POINT('Line Origine',(17.9999999999,-44.9999999837,-20.)) ;
#218=CARTESIAN_POINT('Axis2P3D Location',(14.9999999763,-84.9999999837,52.2606776549)) ;
#223=CARTESIAN_POINT('Line Origine',(25.0599093181,-84.9999999837,52.2606776549)) ;
#227=CARTESIAN_POINT('Vertex',(55.7573403084,-84.9999999837,52.2606776549)) ;
#229=CARTESIAN_POINT('Vertex',(-5.63752167229,-84.9999999837,52.2606776549)) ;
#232=CARTESIAN_POINT('Line Origine',(-4.40531319486,-84.9999999837,42.2251449431)) ;
#236=CARTESIAN_POINT('Vertex',(-3.17310471742,-84.9999999837,32.1896122313)) ;
#239=CARTESIAN_POINT('Axis2P3D Location',(-24.9999999338,-84.9999999837,20.0000000465)) ;
#244=CARTESIAN_POINT('Axis2P3D Location',(60.9999999999,-84.9999999837,20.0000000374)) ;
#248=CARTESIAN_POINT('Vertex',(49.6381613824,-84.9999999837,42.2690059252)) ;
#251=CARTESIAN_POINT('Line Origine',(52.6977508454,-84.9999999837,47.26484179)) ;
#267=CARTESIAN_POINT('Axis2P3D Location',(60.9999999999,-44.9999999837,20.0000000374)) ;
#272=CARTESIAN_POINT('Line Origine',(49.6381613824,-44.9999999837,42.2690059252)) ;
#276=CARTESIAN_POINT('Vertex',(49.6381613824,-44.9999999837,42.2690059252)) ;
#279=CARTESIAN_POINT('Axis2P3D Location',(60.9999999999,-44.9999999837,20.0000000374)) ;
#291=CARTESIAN_POINT('Axis2P3D Location',(49.6381613824,-44.9999999837,42.2690059252)) ;
#296=CARTESIAN_POINT('Line Origine',(52.1326642585,-44.9999999837,46.3421428881)) ;
#300=CARTESIAN_POINT('Vertex',(54.6271671345,-44.9999999837,50.415279851)) ;
#304=CARTESIAN_POINT('Control Point',(58.8812674379,-43.7549751982,57.3615669674)) ;
#305=CARTESIAN_POINT('Control Point',(58.0573506563,-44.2532450256,56.0162384334)) ;
#306=CARTESIAN_POINT('Control Point',(57.2128586244,-44.6267822144,54.6373137013)) ;
#307=CARTESIAN_POINT('Control Point',(56.3552394556,-44.8755961093,53.2369543872)) ;
#308=CARTESIAN_POINT('Control Point',(55.4912033368,-44.9999999837,51.8261171873)) ;
#309=CARTESIAN_POINT('Control Point',(54.6271671345,-44.9999999837,50.415279851)) ;
#310=CARTESIAN_POINT('Vertex',(58.8812674379,-43.7549751982,57.3615669674)) ;
#313=CARTESIAN_POINT('Line Origine',(65.0903271146,-39.9999999837,67.5000000465)) ;
#317=CARTESIAN_POINT('Vertex',(71.2993867914,-36.2450247692,77.6384331256)) ;
#321=CARTESIAN_POINT('Control Point',(71.2993867914,-36.2450247692,77.6384331256)) ;
#322=CARTESIAN_POINT('Control Point',(71.964616874,-35.8427219082,78.7246508504)) ;
#323=CARTESIAN_POINT('Control Point',(72.6432598413,-35.5217315207,79.8327697391)) ;
#324=CARTESIAN_POINT('Control Point',(73.3313791477,-35.2820572037,80.9563620221)) ;
#325=CARTESIAN_POINT('Control Point',(74.0253709805,-35.1235491958,82.0895432317)) ;
#326=CARTESIAN_POINT('Control Point',(74.7218215281,-35.04615606,83.2267391417)) ;
#327=CARTESIAN_POINT('Vertex',(74.7218215281,-35.04615606,83.2267391417)) ;
#330=CARTESIAN_POINT('Line Origine',(74.7218215281,-57.4619720186,83.2267391417)) ;
#334=CARTESIAN_POINT('Vertex',(74.7218215281,-79.8777879773,83.2267391417)) ;
#337=CARTESIAN_POINT('Line Origine',(66.296794726,-82.2887672855,69.4699748538)) ;
#341=CARTESIAN_POINT('Vertex',(57.871767924,-84.6997465937,55.7132105659)) ;
#345=CARTESIAN_POINT('Control Point',(57.871767924,-84.6997465937,55.7132105659)) ;
#346=CARTESIAN_POINT('Control Point',(57.4519950906,-84.8198724567,55.0277865241)) ;
#347=CARTESIAN_POINT('Control Point',(57.0298763181,-84.9099436072,54.338531927)) ;
#348=CARTESIAN_POINT('Control Point',(56.6062107515,-84.9699812146,53.6467516545)) ;
#349=CARTESIAN_POINT('Control Point',(56.1817755401,-84.9999999837,52.9537146712)) ;
#350=CARTESIAN_POINT('Control Point',(55.7573403084,-84.9999999837,52.2606776549)) ;
#364=CARTESIAN_POINT('Axis2P3D Location',(14.9999999763,-64.9999999837,52.2606776549)) ;
#369=CARTESIAN_POINT('Line Origine',(14.9999999763,-84.6997465937,55.7132105659)) ;
#373=CARTESIAN_POINT('Vertex',(-6.06143940977,-84.6997465937,55.7132105659)) ;
#377=CARTESIAN_POINT('Control Point',(-6.06143940977,-84.6997465937,55.7132105659)) ;
#378=CARTESIAN_POINT('Control Point',(-5.92153358561,-84.8994425265,54.5737690667)) ;
#379=CARTESIAN_POINT('Control Point',(-5.77952843294,-84.9999999837,53.4172299085)) ;
#380=CARTESIAN_POINT('Control Point',(-5.63752167231,-84.9999999837,52.2606776549)) ;
#389=CARTESIAN_POINT('Axis2P3D Location',(14.9999999763,-54.9999999837,84.5847202421)) ;
#395=CARTESIAN_POINT('Control Point',(74.7218215281,-35.04615606,83.2267391417)) ;
#396=CARTESIAN_POINT('Control Point',(75.0000859337,-35.0152339005,83.6811018313)) ;
#397=CARTESIAN_POINT('Control Point',(75.2825223933,-34.9999999837,84.134111695)) ;
#398=CARTESIAN_POINT('Control Point',(75.5685025505,-34.9999999837,84.5847202421)) ;
#399=CARTESIAN_POINT('Vertex',(75.5685025505,-34.9999999837,84.5847202421)) ;
#402=CARTESIAN_POINT('Line Origine',(14.9999999763,-36.2450247692,77.6384331256)) ;
#406=CARTESIAN_POINT('Vertex',(-8.75351823447,-36.2450247692,77.6384331256)) ;
#410=CARTESIAN_POINT('Control Point',(-8.75351823447,-36.2450247692,77.6384331256)) ;
#411=CARTESIAN_POINT('Control Point',(-9.02595292479,-35.4232460666,79.8572356226)) ;
#412=CARTESIAN_POINT('Control Point',(-9.31615549334,-34.9999999837,82.220745875)) ;
#413=CARTESIAN_POINT('Control Point',(-9.60641504799,-34.9999999837,84.5847202421)) ;
#414=CARTESIAN_POINT('Vertex',(-9.60641504797,-34.9999999837,84.5847202421)) ;
#417=CARTESIAN_POINT('Line Origine',(14.9999999763,-34.9999999837,84.5847202421)) ;
#430=CARTESIAN_POINT('Axis2P3D Location',(160.,-44.9999999837,31.0000000465)) ;
#435=CARTESIAN_POINT('Line Origine',(160.,-44.9999999837,131.000000047)) ;
#439=CARTESIAN_POINT('Vertex',(160.,-34.9999999837,131.000000047)) ;
#441=CARTESIAN_POINT('Vertex',(160.,-71.5051546228,131.000000047)) ;
#445=CARTESIAN_POINT('Control Point',(160.,-71.5051546228,131.000000047)) ;
#446=CARTESIAN_POINT('Control Point',(139.486125641,-71.5051546228,131.000000047)) ;
#447=CARTESIAN_POINT('Control Point',(118.966199321,-72.4263921838,125.743534897)) ;
#448=CARTESIAN_POINT('Control Point',(100.331600908,-74.2735727384,115.203731001)) ;
#449=CARTESIAN_POINT('Control Point',(85.3178594447,-76.845533153,100.528428433)) ;
#450=CARTESIAN_POINT('Control Point',(74.7218215281,-79.8777879773,83.2267391417)) ;
#452=CARTESIAN_POINT('Axis2P3D Location',(160.,-34.9999999837,31.0000000465)) ;
#465=CARTESIAN_POINT('Axis2P3D Location',(14.9999999763,-67.9999999837,151.000000047)) ;
#470=CARTESIAN_POINT('Line Origine',(63.9999999555,-67.9999999837,151.000000047)) ;
#474=CARTESIAN_POINT('Vertex',(180.,-67.9999999837,151.000000047)) ;
#476=CARTESIAN_POINT('Vertex',(-52.0000000891,-67.9999999837,151.000000047)) ;
#479=CARTESIAN_POINT('Line Origine',(-52.0000000891,-69.7525773033,141.000000047)) ;
#483=CARTESIAN_POINT('Vertex',(-52.0000000891,-71.5051546228,131.000000047)) ;
#486=CARTESIAN_POINT('Line Origine',(-42.5000000891,-71.5051546228,131.000000047)) ;
#490=CARTESIAN_POINT('Vertex',(-33.0000000891,-71.5051546228,131.000000047)) ;
#494=CARTESIAN_POINT('Control Point',(-33.0000000891,-71.5051546228,131.000000047)) ;
#495=CARTESIAN_POINT('Control Point',(-31.4135508986,-71.5051546228,131.000000047)) ;
#496=CARTESIAN_POINT('Control Point',(-29.8271019948,-71.5327228945,130.842698732)) ;
#497=CARTESIAN_POINT('Control Point',(-28.2621071105,-71.5878630982,130.528075217)) ;
#498=CARTESIAN_POINT('Control Point',(-25.0658989775,-71.7597931522,129.547062556)) ;
#499=CARTESIAN_POINT('Control Point',(-22.1431234803,-72.042832648,127.932072491)) ;
#500=CARTESIAN_POINT('Control Point',(-20.712835299,-72.2195199802,126.92391536)) ;
#501=CARTESIAN_POINT('Control Point',(-18.0820515603,-72.6261131257,124.603942707)) ;
#502=CARTESIAN_POINT('Control Point',(-16.018165029,-73.1208170578,121.78122027)) ;
#503=CARTESIAN_POINT('Control Point',(-15.1412689752,-73.3882180273,120.255461797)) ;
#504=CARTESIAN_POINT('Control Point',(-14.1448267859,-73.7874599982,117.977434081)) ;
#505=CARTESIAN_POINT('Control Point',(-13.5130485783,-74.2061548945,115.588410261)) ;
#506=CARTESIAN_POINT('Control Point',(-13.359068753,-74.3309058321,114.876596088)) ;
#507=CARTESIAN_POINT('Control Point',(-13.2376732669,-74.4566797085,114.158945146)) ;
#508=CARTESIAN_POINT('Control Point',(-13.1490770563,-74.5831383676,113.437386915)) ;
#509=CARTESIAN_POINT('Vertex',(-13.1490770563,-74.5831383676,113.437386915)) ;
#512=CARTESIAN_POINT('Line Origine',(-9.60525823302,-79.6414424806,84.5752987403)) ;
#517=CARTESIAN_POINT('Line Origine',(170.,-71.5051546228,131.000000047)) ;
#521=CARTESIAN_POINT('Vertex',(180.,-71.5051546228,131.000000047)) ;
#524=CARTESIAN_POINT('Line Origine',(180.,-69.7525773033,141.000000047)) ;
#542=CARTESIAN_POINT('Axis2P3D Location',(180.,-44.9999999837,131.000000047)) ;
#547=CARTESIAN_POINT('Line Origine',(180.,-53.2525773033,131.000000047)) ;
#551=CARTESIAN_POINT('Vertex',(180.,-34.9999999837,131.000000047)) ;
#554=CARTESIAN_POINT('Line Origine',(170.,-34.9999999837,131.000000047)) ;
#566=CARTESIAN_POINT('Axis2P3D Location',(-33.0000000891,-44.9999999837,111.000000047)) ;
#571=CARTESIAN_POINT('Line Origine',(-13.1490770563,-44.9999999837,113.437386915)) ;
#575=CARTESIAN_POINT('Vertex',(-13.1490770563,-34.9999999837,113.437386915)) ;
#578=CARTESIAN_POINT('Line Origine',(-33.0000000891,-44.9999999837,131.000000047)) ;
#582=CARTESIAN_POINT('Vertex',(-33.0000000891,-34.9999999837,131.000000047)) ;
#585=CARTESIAN_POINT('Axis2P3D Location',(-33.0000000891,-34.9999999837,111.000000047)) ;
#597=CARTESIAN_POINT('Axis2P3D Location',(-52.0000000891,-44.9999999837,131.000000047)) ;
#602=CARTESIAN_POINT('Line Origine',(-52.0000000891,-53.2525773033,131.000000047)) ;
#606=CARTESIAN_POINT('Vertex',(-52.0000000891,-34.9999999837,131.000000047)) ;
#609=CARTESIAN_POINT('Line Origine',(-52.0000000891,-51.4999999837,151.000000047)) ;
#613=CARTESIAN_POINT('Vertex',(-52.0000000891,-34.9999999837,151.000000047)) ;
#616=CARTESIAN_POINT('Line Origine',(-52.0000000891,-34.9999999837,141.000000047)) ;
#628=CARTESIAN_POINT('Axis2P3D Location',(-52.0000000891,-44.9999999837,151.000000047)) ;
#633=CARTESIAN_POINT('Line Origine',(102.,-34.9999999837,151.000000047)) ;
#637=CARTESIAN_POINT('Vertex',(180.,-34.9999999837,151.000000047)) ;
#639=CARTESIAN_POINT('Vertex',(23.9999999998,-34.9999999837,151.000000047)) ;
#642=CARTESIAN_POINT('Line Origine',(23.9999999998,1.6321791918E-008,151.000000047)) ;
#646=CARTESIAN_POINT('Vertex',(23.9999999998,35.0000000163,151.000000047)) ;
#649=CARTESIAN_POINT('Line Origine',(102.,34.9999999837,151.000000047)) ;
#653=CARTESIAN_POINT('Vertex',(180.,34.9999999837,151.000000047)) ;
#656=CARTESIAN_POINT('Line Origine',(180.,51.4999999837,151.000000047)) ;
#660=CARTESIAN_POINT('Vertex',(180.,67.9999999837,151.000000047)) ;
#663=CARTESIAN_POINT('Line Origine',(63.9999999555,67.9999999837,151.000000047)) ;
#667=CARTESIAN_POINT('Vertex',(-52.0000000891,67.9999999837,151.000000047)) ;
#670=CARTESIAN_POINT('Line Origine',(-52.0000000891,51.4999999837,151.000000047)) ;
#674=CARTESIAN_POINT('Vertex',(-52.0000000891,34.9999999837,151.000000047)) ;
#677=CARTESIAN_POINT('Line Origine',(-20.0000000446,34.9999999837,151.000000047)) ;
#681=CARTESIAN_POINT('Vertex',(11.9999999998,34.9999999837,151.000000047)) ;
#684=CARTESIAN_POINT('Line Origine',(11.9999999998,1.6321791918E-008,151.000000047)) ;
#688=CARTESIAN_POINT('Vertex',(11.9999999998,-34.9999999837,151.000000047)) ;
#691=CARTESIAN_POINT('Line Origine',(-20.0000000446,-34.9999999837,151.000000047)) ;
#696=CARTESIAN_POINT('Line Origine',(180.,-51.4999999837,151.000000047)) ;
#716=CARTESIAN_POINT('Line Origine',(-42.5000000891,-34.9999999837,131.000000047)) ;
#728=CARTESIAN_POINT('Axis2P3D Location',(180.,-44.9999999837,151.000000047)) ;
#733=CARTESIAN_POINT('Line Origine',(180.,-34.9999999837,141.000000047)) ;
#745=CARTESIAN_POINT('Axis2P3D Location',(14.9999999763,-34.9999999837,151.000000047)) ;
#750=CARTESIAN_POINT('Line Origine',(-11.3777460521,-34.9999999837,99.0110535784)) ;
#755=CARTESIAN_POINT('Line Origine',(11.9999999998,-34.9999999837,121.000000047)) ;
#759=CARTESIAN_POINT('Vertex',(11.9999999998,-34.9999999837,91.0000000465)) ;
#762=CARTESIAN_POINT('Line Origine',(17.9999999998,-34.9999999837,91.0000000465)) ;
#766=CARTESIAN_POINT('Vertex',(23.9999999998,-34.9999999837,91.0000000465)) ;
#769=CARTESIAN_POINT('Line Origine',(23.9999999998,-34.9999999837,121.000000047)) ;
#790=CARTESIAN_POINT('Axis2P3D Location',(14.9999999763,-36.2450247692,77.6384331256)) ;
#795=CARTESIAN_POINT('Line Origine',(26.3087176556,-43.7549751982,57.3615669674)) ;
#799=CARTESIAN_POINT('Vertex',(-6.26383212677,-43.7549751982,57.3615669674)) ;
#802=CARTESIAN_POINT('Line Origine',(-7.50867518061,-39.9999999837,67.5000000465)) ;
#814=CARTESIAN_POINT('Axis2P3D Location',(14.9999999763,-24.9999999837,50.415279851)) ;
#819=CARTESIAN_POINT('Line Origine',(14.9999999763,-44.9999999837,50.415279851)) ;
#823=CARTESIAN_POINT('Vertex',(-5.41093531327,-44.9999999837,50.415279851)) ;
#827=CARTESIAN_POINT('Control Point',(-6.26383212674,-43.7549751982,57.3615669674)) ;
#828=CARTESIAN_POINT('Control Point',(-5.99139743641,-44.5767539008,55.1427644704)) ;
#829=CARTESIAN_POINT('Control Point',(-5.70119486792,-44.9999999837,52.7792542181)) ;
#830=CARTESIAN_POINT('Control Point',(-5.41093531327,-44.9999999837,50.415279851)) ;
#839=CARTESIAN_POINT('Axis2P3D Location',(-13.1490770563,-44.9999999837,113.437386915)) ;
#844=CARTESIAN_POINT('Line Origine',(-4.29202001534,-44.9999999837,41.3024460411)) ;
#848=CARTESIAN_POINT('Vertex',(-3.17310471742,-44.9999999836,32.1896122313)) ;
#851=CARTESIAN_POINT('Line Origine',(-3.17310471742,-64.9999999837,32.1896122313)) ;
#869=CARTESIAN_POINT('Axis2P3D Location',(-24.9999999338,-44.9999999837,20.0000000465)) ;
#874=CARTESIAN_POINT('Axis2P3D Location',(-24.9999999338,-44.9999999837,20.0000000465)) ;
#886=CARTESIAN_POINT('Axis2P3D Location',(14.9999999763,-44.9999999837,50.415279851)) ;
#902=CARTESIAN_POINT('Axis2P3D Location',(-2.8927873873E-028,65.,-6.93889390391E-018)) ;
#907=CARTESIAN_POINT('Axis2P3D Location',(-2.8927873873E-028,65.,-6.93889390391E-018)) ;
#911=CARTESIAN_POINT('Vertex',(-1.37407401021E-028,54.5,-2.57869717211E-015)) ;
#913=CARTESIAN_POINT('Vertex',(-7.1054273576E-015,75.5,3.85069852341E-015)) ;
#916=CARTESIAN_POINT('Line Origine',(63.9999999555,54.5,-5.15045545032E-015)) ;
#920=CARTESIAN_POINT('Vertex',(35.9999999999,54.5,-2.57869717211E-015)) ;
#923=CARTESIAN_POINT('Axis2P3D Location',(35.9999999999,65.,-6.93889390391E-018)) ;
#927=CARTESIAN_POINT('Vertex',(35.9999999999,75.5,3.85069852341E-015)) ;
#930=CARTESIAN_POINT('Line Origine',(63.9999999555,75.5,3.85069852341E-015)) ;
#942=CARTESIAN_POINT('Axis2P3D Location',(0.,44.9999999837,20.)) ;
#947=CARTESIAN_POINT('Line Origine',(-2.89278738494E-028,64.9999999837,20.)) ;
#951=CARTESIAN_POINT('Vertex',(2.10477983996E-040,44.9999999837,20.)) ;
#953=CARTESIAN_POINT('Vertex',(-5.78557476987E-028,84.9999999837,20.)) ;
#956=CARTESIAN_POINT('Line Origine',(-5.78557476987E-028,84.9999999837,8.18545231596E-012)) ;
#960=CARTESIAN_POINT('Vertex',(-5.78557476987E-028,84.9999999837,-20.)) ;
#963=CARTESIAN_POINT('Line Origine',(-2.89278738494E-028,64.9999999837,-20.)) ;
#967=CARTESIAN_POINT('Vertex',(0.,44.9999999837,-20.)) ;
#970=CARTESIAN_POINT('Line Origine',(1.05238991998E-040,44.9999999837,8.18545231596E-012)) ;
#981=CARTESIAN_POINT('Axis2P3D Location',(-2.8927873873E-028,65.,5.64704729597E-028)) ;
#991=CARTESIAN_POINT('Axis2P3D Location',(35.9999999999,65.,-6.93889390391E-018)) ;
#1003=CARTESIAN_POINT('Axis2P3D Location',(35.9999999999,44.9999999837,-20.)) ;
#1008=CARTESIAN_POINT('Line Origine',(35.9999999999,64.9999999837,-20.)) ;
#1012=CARTESIAN_POINT('Vertex',(35.9999999999,44.9999999837,-20.)) ;
#1014=CARTESIAN_POINT('Vertex',(35.9999999999,84.9999999837,-20.)) ;
#1017=CARTESIAN_POINT('Line Origine',(35.9999999999,84.9999999837,-4.58317117591E-009)) ;
#1021=CARTESIAN_POINT('Vertex',(35.9999999999,84.9999999837,19.9999999908)) ;
#1024=CARTESIAN_POINT('Line Origine',(35.9999999999,64.9999999837,19.9999999908)) ;
#1028=CARTESIAN_POINT('Vertex',(35.9999999999,44.9999999836,19.9999999908)) ;
#1031=CARTESIAN_POINT('Line Origine',(35.9999999999,44.9999999837,-4.58317117591E-009)) ;
#1047=CARTESIAN_POINT('Axis2P3D Location',(-1.47046819166E-010,44.9999999837,-20.)) ;
#1052=CARTESIAN_POINT('Line Origine',(17.9999999999,44.9999999837,-20.)) ;
#1057=CARTESIAN_POINT('Line Origine',(17.9999999999,84.9999999837,-20.)) ;
#1069=CARTESIAN_POINT('Axis2P3D Location',(14.9999999763,84.9999999837,52.2606776549)) ;
#1074=CARTESIAN_POINT('Line Origine',(52.6977508454,84.9999999837,47.26484179)) ;
#1078=CARTESIAN_POINT('Vertex',(49.6381613824,84.9999999837,42.2690059252)) ;
#1080=CARTESIAN_POINT('Vertex',(55.7573403084,84.9999999837,52.2606776549)) ;
#1083=CARTESIAN_POINT('Axis2P3D Location',(60.9999999999,84.9999999837,20.0000000374)) ;
#1088=CARTESIAN_POINT('Axis2P3D Location',(-24.9999999338,84.9999999837,20.0000000465)) ;
#1092=CARTESIAN_POINT('Vertex',(-3.17310471742,84.9999999837,32.1896122313)) ;
#1095=CARTESIAN_POINT('Line Origine',(-4.40531319486,84.9999999837,42.2251449431)) ;
#1099=CARTESIAN_POINT('Vertex',(-5.63752167229,84.9999999837,52.2606776549)) ;
#1102=CARTESIAN_POINT('Line Origine',(25.0599093181,84.9999999837,52.2606776549)) ;
#1118=CARTESIAN_POINT('Axis2P3D Location',(60.9999999999,44.9999999837,20.0000000374)) ;
#1123=CARTESIAN_POINT('Axis2P3D Location',(60.9999999999,44.9999999837,20.0000000374)) ;
#1127=CARTESIAN_POINT('Vertex',(49.6381613824,44.9999999837,42.2690059252)) ;
#1130=CARTESIAN_POINT('Line Origine',(49.6381613824,44.9999999837,42.2690059252)) ;
#1142=CARTESIAN_POINT('Axis2P3D Location',(49.6381613824,44.9999999837,42.2690059252)) ;
#1148=CARTESIAN_POINT('Control Point',(57.871767924,84.6997465937,55.7132105659)) ;
#1149=CARTESIAN_POINT('Control Point',(57.4519950906,84.8198724567,55.0277865241)) ;
#1150=CARTESIAN_POINT('Control Point',(57.0298763181,84.9099436072,54.338531927)) ;
#1151=CARTESIAN_POINT('Control Point',(56.6062107515,84.9699812146,53.6467516545)) ;
#1152=CARTESIAN_POINT('Control Point',(56.1817755401,84.9999999837,52.9537146712)) ;
#1153=CARTESIAN_POINT('Control Point',(55.7573403084,84.9999999837,52.2606776549)) ;
#1154=CARTESIAN_POINT('Vertex',(57.871767924,84.6997465937,55.7132105659)) ;
#1157=CARTESIAN_POINT('Line Origine',(66.296794726,82.2887672855,69.4699748538)) ;
#1161=CARTESIAN_POINT('Vertex',(74.7218215281,79.8777879773,83.2267391417)) ;
#1164=CARTESIAN_POINT('Line Origine',(74.7218215281,57.4619720186,83.2267391417)) ;
#1168=CARTESIAN_POINT('Vertex',(74.7218215281,35.04615606,83.2267391417)) ;
#1172=CARTESIAN_POINT('Control Point',(71.2993867914,36.2450247692,77.6384331256)) ;
#1173=CARTESIAN_POINT('Control Point',(71.964616874,35.8427219082,78.7246508504)) ;
#1174=CARTESIAN_POINT('Control Point',(72.6432598413,35.5217315207,79.8327697391)) ;
#1175=CARTESIAN_POINT('Control Point',(73.3313791477,35.2820572037,80.9563620221)) ;
#1176=CARTESIAN_POINT('Control Point',(74.0253709805,35.1235491958,82.0895432317)) ;
#1177=CARTESIAN_POINT('Control Point',(74.7218215281,35.04615606,83.2267391417)) ;
#1178=CARTESIAN_POINT('Vertex',(71.2993867914,36.2450247692,77.6384331256)) ;
#1181=CARTESIAN_POINT('Line Origine',(65.0903271146,39.9999999837,67.5000000465)) ;
#1185=CARTESIAN_POINT('Vertex',(58.8812674379,43.7549751982,57.3615669674)) ;
#1189=CARTESIAN_POINT('Control Point',(58.8812674379,43.7549751982,57.3615669674)) ;
#1190=CARTESIAN_POINT('Control Point',(58.0573506563,44.2532450256,56.0162384334)) ;
#1191=CARTESIAN_POINT('Control Point',(57.2128586244,44.6267822144,54.6373137013)) ;
#1192=CARTESIAN_POINT('Control Point',(56.3552394556,44.8755961093,53.2369543872)) ;
#1193=CARTESIAN_POINT('Control Point',(55.4912033368,44.9999999837,51.8261171873)) ;
#1194=CARTESIAN_POINT('Control Point',(54.6271671345,44.9999999837,50.415279851)) ;
#1195=CARTESIAN_POINT('Vertex',(54.6271671345,44.9999999837,50.415279851)) ;
#1198=CARTESIAN_POINT('Line Origine',(52.1326642585,44.9999999837,46.3421428881)) ;
#1215=CARTESIAN_POINT('Axis2P3D Location',(14.9999999763,64.9999999837,52.2606776549)) ;
#1221=CARTESIAN_POINT('Control Point',(-6.06143940977,84.6997465937,55.7132105659)) ;
#1222=CARTESIAN_POINT('Control Point',(-5.92153358561,84.8994425265,54.5737690667)) ;
#1223=CARTESIAN_POINT('Control Point',(-5.77952843294,84.9999999837,53.4172299085)) ;
#1224=CARTESIAN_POINT('Control Point',(-5.63752167231,84.9999999837,52.2606776549)) ;
#1225=CARTESIAN_POINT('Vertex',(-6.06143940977,84.6997465937,55.7132105659)) ;
#1228=CARTESIAN_POINT('Line Origine',(14.9999999763,84.6997465937,55.7132105659)) ;
#1240=CARTESIAN_POINT('Axis2P3D Location',(14.9999999763,54.9999999837,84.5847202421)) ;
#1245=CARTESIAN_POINT('Line Origine',(14.9999999763,34.9999999837,84.5847202421)) ;
#1249=CARTESIAN_POINT('Vertex',(75.5685025505,34.9999999837,84.5847202421)) ;
#1251=CARTESIAN_POINT('Vertex',(-9.60641504797,34.9999999837,84.5847202421)) ;
#1255=CARTESIAN_POINT('Control Point',(-8.75351823447,36.2450247692,77.6384331256)) ;
#1256=CARTESIAN_POINT('Control Point',(-9.02595292479,35.4232460666,79.8572356226)) ;
#1257=CARTESIAN_POINT('Control Point',(-9.31615549334,34.9999999837,82.220745875)) ;
#1258=CARTESIAN_POINT('Control Point',(-9.60641504799,34.9999999837,84.5847202421)) ;
#1259=CARTESIAN_POINT('Vertex',(-8.75351823447,36.2450247692,77.6384331256)) ;
#1262=CARTESIAN_POINT('Line Origine',(14.9999999763,36.2450247692,77.6384331256)) ;
#1268=CARTESIAN_POINT('Control Point',(74.7218215281,35.04615606,83.2267391417)) ;
#1269=CARTESIAN_POINT('Control Point',(75.0000859337,35.0152339005,83.6811018313)) ;
#1270=CARTESIAN_POINT('Control Point',(75.2825223933,34.9999999837,84.134111695)) ;
#1271=CARTESIAN_POINT('Control Point',(75.5685025505,34.9999999837,84.5847202421)) ;
#1281=CARTESIAN_POINT('Axis2P3D Location',(160.,44.9999999837,31.0000000465)) ;
#1286=CARTESIAN_POINT('Axis2P3D Location',(160.,34.9999999837,31.0000000465)) ;
#1290=CARTESIAN_POINT('Vertex',(160.,34.9999999837,131.000000047)) ;
#1294=CARTESIAN_POINT('Control Point',(160.,71.5051546228,131.000000047)) ;
#1295=CARTESIAN_POINT('Control Point',(139.486125641,71.5051546228,131.000000047)) ;
#1296=CARTESIAN_POINT('Control Point',(118.966199321,72.4263921838,125.743534897)) ;
#1297=CARTESIAN_POINT('Control Point',(100.331600908,74.2735727384,115.203731001)) ;
#1298=CARTESIAN_POINT('Control Point',(85.3178594447,76.845533153,100.528428433)) ;
#1299=CARTESIAN_POINT('Control Point',(74.7218215281,79.8777879773,83.2267391417)) ;
#1300=CARTESIAN_POINT('Vertex',(160.,71.5051546228,131.000000047)) ;
#1303=CARTESIAN_POINT('Line Origine',(160.,44.9999999837,131.000000047)) ;
#1316=CARTESIAN_POINT('Axis2P3D Location',(14.9999999763,67.9999999837,151.000000047)) ;
#1321=CARTESIAN_POINT('Line Origine',(180.,69.7525773033,141.000000047)) ;
#1325=CARTESIAN_POINT('Vertex',(180.,71.5051546228,131.000000047)) ;
#1328=CARTESIAN_POINT('Line Origine',(170.,71.5051546228,131.000000047)) ;
#1333=CARTESIAN_POINT('Line Origine',(-9.60525823302,79.6414424806,84.5752987403)) ;
#1337=CARTESIAN_POINT('Vertex',(-13.1490770563,74.5831383676,113.437386915)) ;
#1341=CARTESIAN_POINT('Control Point',(-33.0000000891,71.5051546228,131.000000047)) ;
#1342=CARTESIAN_POINT('Control Point',(-31.4135508986,71.5051546228,131.000000047)) ;
#1343=CARTESIAN_POINT('Control Point',(-29.8271019948,71.5327228945,130.842698732)) ;
#1344=CARTESIAN_POINT('Control Point',(-28.2621071105,71.5878630982,130.528075217)) ;
#1345=CARTESIAN_POINT('Control Point',(-25.0658989775,71.7597931522,129.547062556)) ;
#1346=CARTESIAN_POINT('Control Point',(-22.1431234803,72.042832648,127.932072491)) ;
#1347=CARTESIAN_POINT('Control Point',(-20.712835299,72.2195199802,126.92391536)) ;
#1348=CARTESIAN_POINT('Control Point',(-18.0820515603,72.6261131257,124.603942707)) ;
#1349=CARTESIAN_POINT('Control Point',(-16.018165029,73.1208170578,121.78122027)) ;
#1350=CARTESIAN_POINT('Control Point',(-15.1412689752,73.3882180273,120.255461797)) ;
#1351=CARTESIAN_POINT('Control Point',(-14.1448267859,73.7874599982,117.977434081)) ;
#1352=CARTESIAN_POINT('Control Point',(-13.5130485783,74.2061548945,115.588410261)) ;
#1353=CARTESIAN_POINT('Control Point',(-13.359068753,74.3309058321,114.876596088)) ;
#1354=CARTESIAN_POINT('Control Point',(-13.2376732669,74.4566797085,114.158945146)) ;
#1355=CARTESIAN_POINT('Control Point',(-13.1490770563,74.5831383676,113.437386915)) ;
#1356=CARTESIAN_POINT('Vertex',(-33.0000000891,71.5051546228,131.000000047)) ;
#1359=CARTESIAN_POINT('Line Origine',(-42.5000000891,71.5051546228,131.000000047)) ;
#1363=CARTESIAN_POINT('Vertex',(-52.0000000891,71.5051546228,131.000000047)) ;
#1366=CARTESIAN_POINT('Line Origine',(-52.0000000891,69.7525773033,141.000000047)) ;
#1384=CARTESIAN_POINT('Axis2P3D Location',(180.,44.9999999837,131.000000047)) ;
#1389=CARTESIAN_POINT('Line Origine',(170.,34.9999999837,131.000000047)) ;
#1393=CARTESIAN_POINT('Vertex',(180.,34.9999999837,131.000000047)) ;
#1396=CARTESIAN_POINT('Line Origine',(180.,53.2525773033,131.000000047)) ;
#1408=CARTESIAN_POINT('Axis2P3D Location',(-33.0000000891,44.9999999837,111.000000047)) ;
#1413=CARTESIAN_POINT('Axis2P3D Location',(-33.0000000891,34.9999999837,111.000000047)) ;
#1417=CARTESIAN_POINT('Vertex',(-33.0000000891,34.9999999837,131.000000047)) ;
#1419=CARTESIAN_POINT('Vertex',(-13.1490770563,34.9999999837,113.437386915)) ;
#1422=CARTESIAN_POINT('Line Origine',(-33.0000000891,44.9999999837,131.000000047)) ;
#1427=CARTESIAN_POINT('Line Origine',(-13.1490770563,44.9999999837,113.437386915)) ;
#1439=CARTESIAN_POINT('Axis2P3D Location',(-52.0000000891,44.9999999837,131.000000047)) ;
#1444=CARTESIAN_POINT('Line Origine',(-52.0000000891,34.9999999837,141.000000047)) ;
#1448=CARTESIAN_POINT('Vertex',(-52.0000000891,34.9999999837,131.000000047)) ;
#1451=CARTESIAN_POINT('Line Origine',(-52.0000000891,53.2525773033,131.000000047)) ;
#1463=CARTESIAN_POINT('Line Origine',(-42.5000000891,34.9999999837,131.000000047)) ;
#1475=CARTESIAN_POINT('Axis2P3D Location',(180.,44.9999999837,151.000000047)) ;
#1480=CARTESIAN_POINT('Line Origine',(180.,34.9999999837,141.000000047)) ;
#1492=CARTESIAN_POINT('Axis2P3D Location',(14.9999999763,34.9999999837,151.000000047)) ;
#1497=CARTESIAN_POINT('Line Origine',(23.9999999998,34.9999999837,121.000000047)) ;
#1501=CARTESIAN_POINT('Vertex',(23.9999999998,35.0000000163,91.0000000465)) ;
#1504=CARTESIAN_POINT('Line Origine',(17.9999999998,34.9999999837,91.0000000465)) ;
#1508=CARTESIAN_POINT('Vertex',(11.9999999998,35.0000000163,91.0000000465)) ;
#1511=CARTESIAN_POINT('Line Origine',(11.9999999998,34.9999999837,121.000000047)) ;
#1516=CARTESIAN_POINT('Line Origine',(-11.3777460521,34.9999999837,99.0110535784)) ;
#1537=CARTESIAN_POINT('Axis2P3D Location',(14.9999999763,36.2450247692,77.6384331256)) ;
#1542=CARTESIAN_POINT('Line Origine',(-7.50867518061,39.9999999837,67.5000000465)) ;
#1546=CARTESIAN_POINT('Vertex',(-6.26383212677,43.7549751982,57.3615669674)) ;
#1549=CARTESIAN_POINT('Line Origine',(26.3087176556,43.7549751982,57.3615669674)) ;
#1561=CARTESIAN_POINT('Axis2P3D Location',(14.9999999763,24.9999999837,50.415279851)) ;
#1567=CARTESIAN_POINT('Control Point',(-6.26383212674,43.7549751982,57.3615669674)) ;
#1568=CARTESIAN_POINT('Control Point',(-5.99139743641,44.5767539008,55.1427644704)) ;
#1569=CARTESIAN_POINT('Control Point',(-5.70119486792,44.9999999837,52.7792542181)) ;
#1570=CARTESIAN_POINT('Control Point',(-5.41093531327,44.9999999837,50.415279851)) ;
#1571=CARTESIAN_POINT('Vertex',(-5.41093531327,44.9999999837,50.415279851)) ;
#1574=CARTESIAN_POINT('Line Origine',(14.9999999763,44.9999999837,50.415279851)) ;
#1586=CARTESIAN_POINT('Axis2P3D Location',(-13.1490770563,44.9999999837,113.437386915)) ;
#1591=CARTESIAN_POINT('Line Origine',(-3.17310471742,64.9999999837,32.1896122313)) ;
#1595=CARTESIAN_POINT('Vertex',(-3.17310471742,44.9999999836,32.1896122313)) ;
#1598=CARTESIAN_POINT('Line Origine',(-4.29202001534,44.9999999837,41.3024460411)) ;
#1616=CARTESIAN_POINT('Axis2P3D Location',(-24.9999999338,44.9999999837,20.0000000465)) ;
#1621=CARTESIAN_POINT('Axis2P3D Location',(-24.9999999338,44.9999999837,20.0000000465)) ;
#1633=CARTESIAN_POINT('Axis2P3D Location',(14.9999999763,44.9999999837,50.415279851)) ;
#1649=CARTESIAN_POINT('Axis2P3D Location',(17.9999999998,25.0000000163,91.0000000465)) ;
#1654=CARTESIAN_POINT('Line Origine',(23.9999999998,30.0000000163,91.0000000465)) ;
#1658=CARTESIAN_POINT('Vertex',(23.9999999998,25.0000000163,91.0000000465)) ;
#1661=CARTESIAN_POINT('Line Origine',(17.9999999998,25.0000000163,91.0000000465)) ;
#1665=CARTESIAN_POINT('Vertex',(11.9999999998,25.0000000163,91.0000000465)) ;
#1668=CARTESIAN_POINT('Line Origine',(11.9999999998,30.0000000163,91.0000000465)) ;
#1680=CARTESIAN_POINT('Axis2P3D Location',(17.9999999998,25.0000000163,91.0000000465)) ;
#1685=CARTESIAN_POINT('Line Origine',(23.9999999998,23.0836359149,101.868240935)) ;
#1689=CARTESIAN_POINT('Vertex',(23.9999999998,21.1672718134,112.736481823)) ;
#1692=CARTESIAN_POINT('Line Origine',(17.9999999998,21.1672718134,112.736481823)) ;
#1696=CARTESIAN_POINT('Vertex',(11.9999999998,21.1672718134,112.736481823)) ;
#1699=CARTESIAN_POINT('Line Origine',(11.9999999998,23.0836359149,101.868240935)) ;
#1711=CARTESIAN_POINT('Axis2P3D Location',(17.9999999998,11.3191942833,111.000000047)) ;
#1716=CARTESIAN_POINT('Axis2P3D Location',(23.9999999998,11.3191942833,111.000000047)) ;
#1720=CARTESIAN_POINT('Vertex',(23.9999999998,11.3191942833,121.000000047)) ;
#1723=CARTESIAN_POINT('Line Origine',(17.9999999998,11.3191942833,121.000000047)) ;
#1727=CARTESIAN_POINT('Vertex',(11.9999999998,11.3191942833,121.000000047)) ;
#1730=CARTESIAN_POINT('Axis2P3D Location',(11.9999999998,11.3191942833,111.000000047)) ;
#1742=CARTESIAN_POINT('Axis2P3D Location',(17.9999999998,-11.3191942833,121.000000047)) ;
#1747=CARTESIAN_POINT('Line Origine',(23.9999999998,0.,121.000000047)) ;
#1751=CARTESIAN_POINT('Vertex',(23.9999999998,-11.3191942833,121.000000047)) ;
#1754=CARTESIAN_POINT('Line Origine',(17.9999999998,-11.3191942833,121.000000047)) ;
#1758=CARTESIAN_POINT('Vertex',(11.9999999998,-11.3191942833,121.000000047)) ;
#1761=CARTESIAN_POINT('Line Origine',(11.9999999998,0.,121.000000047)) ;
#1773=CARTESIAN_POINT('Axis2P3D Location',(17.9999999998,-11.3191942507,111.000000047)) ;
#1778=CARTESIAN_POINT('Axis2P3D Location',(23.9999999998,-11.3191942507,111.000000047)) ;
#1782=CARTESIAN_POINT('Vertex',(23.9999999998,-21.1672717808,112.736481823)) ;
#1785=CARTESIAN_POINT('Line Origine',(17.9999999998,-21.1672717808,112.736481823)) ;
#1789=CARTESIAN_POINT('Vertex',(11.9999999998,-21.1672717808,112.736481823)) ;
#1792=CARTESIAN_POINT('Axis2P3D Location',(11.9999999998,-11.3191942507,111.000000047)) ;
#1804=CARTESIAN_POINT('Axis2P3D Location',(17.9999999998,-24.9999999837,91.0000000465)) ;
#1809=CARTESIAN_POINT('Line Origine',(23.9999999998,-23.0836358822,101.868240935)) ;
#1813=CARTESIAN_POINT('Vertex',(23.9999999998,-24.9999999837,91.0000000465)) ;
#1816=CARTESIAN_POINT('Line Origine',(17.9999999998,-24.9999999837,91.0000000465)) ;
#1820=CARTESIAN_POINT('Vertex',(11.9999999998,-24.9999999837,91.0000000465)) ;
#1823=CARTESIAN_POINT('Line Origine',(11.9999999998,-23.0836358822,101.868240935)) ;
#1835=CARTESIAN_POINT('Line Origine',(23.9999999998,-29.9999999837,91.0000000465)) ;
#1840=CARTESIAN_POINT('Line Origine',(11.9999999998,-29.9999999837,91.0000000465)) ;
#1852=CARTESIAN_POINT('Axis2P3D Location',(23.9999999998,0.,0.)) ;
#1870=CARTESIAN_POINT('Axis2P3D Location',(11.9999999998,0.,0.)) ;
#52=DIRECTION('Axis2P3D Direction',(1.,-1.44639369247E-029,4.08392679165E-058)) ;
#53=DIRECTION('Axis2P3D XDirection',(1.44639369247E-029,1.,-2.44929359829E-016)) ;
#57=DIRECTION('Vector Direction',(1.,0.,0.)) ;
#66=DIRECTION('Axis2P3D Direction',(1.,-1.44639369247E-029,4.08392679165E-058)) ;
#73=DIRECTION('Vector Direction',(1.,0.,0.)) ;
#80=DIRECTION('Axis2P3D Direction',(1.,-1.44639369247E-029,4.08392679165E-058)) ;
#92=DIRECTION('Axis2P3D Direction',(-1.,1.44639369247E-029,-4.08392679165E-058)) ;
#93=DIRECTION('Axis2P3D XDirection',(0.,-2.82352364568E-029,-1.)) ;
#97=DIRECTION('Vector Direction',(5.26194959991E-042,3.63797880709E-013,1.)) ;
#106=DIRECTION('Vector Direction',(-1.44639369247E-029,-1.,0.)) ;
#113=DIRECTION('Vector Direction',(0.,0.,1.)) ;
#120=DIRECTION('Vector Direction',(-1.44639369247E-029,-1.,0.)) ;
#131=DIRECTION('Axis2P3D Direction',(-1.,1.44639369247E-029,-4.08392679165E-058)) ;
#141=DIRECTION('Axis2P3D Direction',(1.,-1.44639369247E-029,4.08392679165E-058)) ;
#153=DIRECTION('Axis2P3D Direction',(1.,-1.44639369247E-029,4.08392679165E-058)) ;
#154=DIRECTION('Axis2P3D XDirection',(0.,2.82352364568E-029,1.)) ;
#158=DIRECTION('Vector Direction',(0.,3.63797880793E-013,1.)) ;
#167=DIRECTION('Vector Direction',(0.,-1.,0.)) ;
#174=DIRECTION('Vector Direction',(0.,0.,1.)) ;
#181=DIRECTION('Vector Direction',(0.,-1.,0.)) ;
#197=DIRECTION('Axis2P3D Direction',(0.,-2.82352364568E-029,-1.)) ;
#198=DIRECTION('Axis2P3D XDirection',(1.,-1.44639369247E-029,4.08392679165E-058)) ;
#202=DIRECTION('Vector Direction',(-1.,0.,0.)) ;
#207=DIRECTION('Vector Direction',(-1.,0.,0.)) ;
#219=DIRECTION('Axis2P3D Direction',(-4.18359159717E-029,1.,0.)) ;
#220=DIRECTION('Axis2P3D XDirection',(1.87300044808E-029,7.8358689361E-058,-1.)) ;
#224=DIRECTION('Vector Direction',(-1.,0.,0.)) ;
#233=DIRECTION('Vector Direction',(-0.121869343405,0.,0.992546151641)) ;
#240=DIRECTION('Axis2P3D Direction',(-4.18359159717E-029,1.,0.)) ;
#245=DIRECTION('Axis2P3D Direction',(-4.18359159717E-029,1.,0.)) ;
#252=DIRECTION('Vector Direction',(0.522267390952,0.,0.852781784719)) ;
#268=DIRECTION('Axis2P3D Direction',(-1.44639369247E-029,-1.,2.82352364568E-029)) ;
#269=DIRECTION('Axis2P3D XDirection',(-0.454473544697,3.17243025605E-029,0.890760235513)) ;
#273=DIRECTION('Vector Direction',(0.,-1.,0.)) ;
#280=DIRECTION('Axis2P3D Direction',(-1.44639369247E-029,-1.,2.82352364568E-029)) ;
#292=DIRECTION('Axis2P3D Direction',(0.852781784719,-2.70809252219E-029,-0.522267390952)) ;
#293=DIRECTION('Axis2P3D XDirection',(0.522267390952,1.65244527371E-029,0.852781784719)) ;
#297=DIRECTION('Vector Direction',(0.522267390952,-1.20201660179E-012,0.852781784719)) ;
#314=DIRECTION('Vector Direction',(-0.498017174182,-0.301179605737,-0.81318493549)) ;
#331=DIRECTION('Vector Direction',(0.,-1.,0.)) ;
#338=DIRECTION('Vector Direction',(-0.5165303117,-0.147814828703,-0.843414022595)) ;
#365=DIRECTION('Axis2P3D Direction',(-1.,-4.18359159717E-029,-1.87300044808E-029)) ;
#366=DIRECTION('Axis2P3D XDirection',(4.18359159717E-029,-1.,-6.12323399574E-017)) ;
#370=DIRECTION('Vector Direction',(-1.,0.,0.)) ;
#390=DIRECTION('Axis2P3D Direction',(-1.,-4.18359159717E-029,-1.87300044808E-029)) ;
#391=DIRECTION('Axis2P3D XDirection',(-4.18359159717E-029,1.,1.96005385927E-015)) ;
#403=DIRECTION('Vector Direction',(-1.,0.,0.)) ;
#418=DIRECTION('Vector Direction',(-1.,0.,0.)) ;
#431=DIRECTION('Axis2P3D Direction',(-1.44639369247E-029,-1.,2.82352364568E-029)) ;
#432=DIRECTION('Axis2P3D XDirection',(1.83697019872E-016,2.82352364568E-029,1.)) ;
#436=DIRECTION('Vector Direction',(0.,-1.,0.)) ;
#453=DIRECTION('Axis2P3D Direction',(-1.44639369247E-029,-1.,2.82352364568E-029)) ;
#466=DIRECTION('Axis2P3D Direction',(-3.79745493473E-029,0.9849873305,-0.172626645552)) ;
#467=DIRECTION('Axis2P3D XDirection',(2.56708109516E-029,-0.172626645552,-0.9849873305)) ;
#471=DIRECTION('Vector Direction',(-1.,0.,0.)) ;
#480=DIRECTION('Vector Direction',(0.,-0.172626645552,-0.9849873305)) ;
#487=DIRECTION('Vector Direction',(-1.,0.,0.)) ;
#513=DIRECTION('Vector Direction',(0.120066332434,-0.171377842233,-0.97786180568)) ;
#518=DIRECTION('Vector Direction',(-1.,0.,0.)) ;
#525=DIRECTION('Vector Direction',(0.,-0.172626645552,-0.9849873305)) ;
#543=DIRECTION('Axis2P3D Direction',(0.,2.82352364568E-029,1.)) ;
#544=DIRECTION('Axis2P3D XDirection',(-1.,1.44639369247E-029,-4.08392679165E-058)) ;
#548=DIRECTION('Vector Direction',(0.,-1.,0.)) ;
#555=DIRECTION('Vector Direction',(-1.,0.,0.)) ;
#567=DIRECTION('Axis2P3D Direction',(-1.44639369247E-029,-1.,2.82352364568E-029)) ;
#568=DIRECTION('Axis2P3D XDirection',(0.992546151641,-1.09151152043E-029,0.121869343405)) ;
#572=DIRECTION('Vector Direction',(0.,-1.,0.)) ;
#579=DIRECTION('Vector Direction',(0.,-1.,0.)) ;
#586=DIRECTION('Axis2P3D Direction',(-1.44639369247E-029,-1.,2.82352364568E-029)) ;
#598=DIRECTION('Axis2P3D Direction',(1.,-1.44639369247E-029,4.08392679165E-058)) ;
#599=DIRECTION('Axis2P3D XDirection',(0.,2.82352364568E-029,1.)) ;
#603=DIRECTION('Vector Direction',(0.,-1.,0.)) ;
#610=DIRECTION('Vector Direction',(0.,-1.,0.)) ;
#617=DIRECTION('Vector Direction',(0.,0.,-1.)) ;
#629=DIRECTION('Axis2P3D Direction',(0.,-2.82352364568E-029,-1.)) ;
#630=DIRECTION('Axis2P3D XDirection',(1.,-1.44639369247E-029,4.08392679165E-058)) ;
#634=DIRECTION('Vector Direction',(-1.,0.,0.)) ;
#643=DIRECTION('Vector Direction',(0.,1.,0.)) ;
#650=DIRECTION('Vector Direction',(-1.,0.,0.)) ;
#657=DIRECTION('Vector Direction',(0.,1.,0.)) ;
#664=DIRECTION('Vector Direction',(-1.,0.,0.)) ;
#671=DIRECTION('Vector Direction',(0.,1.,0.)) ;
#678=DIRECTION('Vector Direction',(-1.,0.,0.)) ;
#685=DIRECTION('Vector Direction',(0.,1.,0.)) ;
#692=DIRECTION('Vector Direction',(-1.,0.,0.)) ;
#697=DIRECTION('Vector Direction',(0.,-1.,0.)) ;
#717=DIRECTION('Vector Direction',(-1.,0.,0.)) ;
#729=DIRECTION('Axis2P3D Direction',(-1.,1.44639369247E-029,-4.08392679165E-058)) ;
#730=DIRECTION('Axis2P3D XDirection',(0.,-2.82352364568E-029,-1.)) ;
#734=DIRECTION('Vector Direction',(0.,-7.27595761418E-013,-1.)) ;
#746=DIRECTION('Axis2P3D Direction',(-4.18359159717E-029,1.,0.)) ;
#747=DIRECTION('Axis2P3D XDirection',(1.87300044808E-029,7.8358689361E-058,-1.)) ;
#751=DIRECTION('Vector Direction',(0.121869343406,0.,-0.992546151641)) ;
#756=DIRECTION('Vector Direction',(0.,0.,-1.)) ;
#763=DIRECTION('Vector Direction',(-1.,0.,0.)) ;
#770=DIRECTION('Vector Direction',(0.,0.,-1.)) ;
#791=DIRECTION('Axis2P3D Direction',(-3.27263789154E-029,0.937748760724,-0.347314355824)) ;
#792=DIRECTION('Axis2P3D XDirection',(3.20942526962E-029,-0.347314355824,-0.937748760724)) ;
#796=DIRECTION('Vector Direction',(-1.,0.,0.)) ;
#803=DIRECTION('Vector Direction',(0.1143853365,-0.345034743236,-0.931593806738)) ;
#815=DIRECTION('Axis2P3D Direction',(-1.,-4.18359159717E-029,-1.87300044808E-029)) ;
#816=DIRECTION('Axis2P3D XDirection',(4.18359159717E-029,-1.,1.71512449944E-015)) ;
#820=DIRECTION('Vector Direction',(-1.,0.,0.)) ;
#840=DIRECTION('Axis2P3D Direction',(-0.992546151641,1.09151152043E-029,-0.121869343405)) ;
#841=DIRECTION('Axis2P3D XDirection',(0.121869343405,-2.9787485782E-029,-0.992546151641)) ;
#845=DIRECTION('Vector Direction',(-0.121869343405,-1.41779334281E-012,0.992546151641)) ;
#852=DIRECTION('Vector Direction',(0.,-1.,0.)) ;
#870=DIRECTION('Axis2P3D Direction',(-1.44639369247E-029,-1.,2.82352364568E-029)) ;
#871=DIRECTION('Axis2P3D XDirection',(1.,-1.44639369247E-029,-1.22464679915E-016)) ;
#875=DIRECTION('Axis2P3D Direction',(-1.44639369247E-029,-1.,2.82352364568E-029)) ;
#887=DIRECTION('Axis2P3D Direction',(-4.18359159717E-029,1.,0.)) ;
#888=DIRECTION('Axis2P3D XDirection',(1.87300044808E-029,7.8358689361E-058,-1.)) ;
#903=DIRECTION('Axis2P3D Direction',(-1.,-1.44639369247E-029,-4.08392679165E-058)) ;
#904=DIRECTION('Axis2P3D XDirection',(1.44639369247E-029,-1.,-2.44929359829E-016)) ;
#908=DIRECTION('Axis2P3D Direction',(-1.,-1.44639369247E-029,-4.08392679165E-058)) ;
#917=DIRECTION('Vector Direction',(-1.,0.,0.)) ;
#924=DIRECTION('Axis2P3D Direction',(-1.,-1.44639369247E-029,-4.08392679165E-058)) ;
#931=DIRECTION('Vector Direction',(-1.,0.,0.)) ;
#943=DIRECTION('Axis2P3D Direction',(1.,1.44639369247E-029,4.08392679165E-058)) ;
#944=DIRECTION('Axis2P3D XDirection',(0.,2.82352364568E-029,-1.)) ;
#948=DIRECTION('Vector Direction',(-1.44639369247E-029,1.,0.)) ;
#957=DIRECTION('Vector Direction',(0.,0.,1.)) ;
#964=DIRECTION('Vector Direction',(-1.44639369247E-029,1.,0.)) ;
#971=DIRECTION('Vector Direction',(5.26194959991E-042,-3.63797880709E-013,1.)) ;
#982=DIRECTION('Axis2P3D Direction',(1.,1.44639369247E-029,4.08392679165E-058)) ;
#992=DIRECTION('Axis2P3D Direction',(-1.,-1.44639369247E-029,-4.08392679165E-058)) ;
#1004=DIRECTION('Axis2P3D Direction',(-1.,-1.44639369247E-029,-4.08392679165E-058)) ;
#1005=DIRECTION('Axis2P3D XDirection',(0.,-2.82352364568E-029,1.)) ;
#1009=DIRECTION('Vector Direction',(0.,1.,0.)) ;
#1018=DIRECTION('Vector Direction',(0.,0.,1.)) ;
#1025=DIRECTION('Vector Direction',(0.,1.,0.)) ;
#1032=DIRECTION('Vector Direction',(0.,-3.63797880793E-013,1.)) ;
#1048=DIRECTION('Axis2P3D Direction',(0.,-2.82352364568E-029,1.)) ;
#1049=DIRECTION('Axis2P3D XDirection',(1.,1.44639369247E-029,4.08392679165E-058)) ;
#1053=DIRECTION('Vector Direction',(-1.,0.,0.)) ;
#1058=DIRECTION('Vector Direction',(-1.,0.,0.)) ;
#1070=DIRECTION('Axis2P3D Direction',(4.18359159717E-029,1.,0.)) ;
#1071=DIRECTION('Axis2P3D XDirection',(1.87300044808E-029,-7.8358689361E-058,-1.)) ;
#1075=DIRECTION('Vector Direction',(0.522267390952,0.,0.852781784719)) ;
#1084=DIRECTION('Axis2P3D Direction',(4.18359159717E-029,1.,0.)) ;
#1089=DIRECTION('Axis2P3D Direction',(4.18359159717E-029,1.,0.)) ;
#1096=DIRECTION('Vector Direction',(-0.121869343405,0.,0.992546151641)) ;
#1103=DIRECTION('Vector Direction',(-1.,0.,0.)) ;
#1119=DIRECTION('Axis2P3D Direction',(1.44639369247E-029,-1.,-2.82352364568E-029)) ;
#1120=DIRECTION('Axis2P3D XDirection',(-0.454473544697,-3.17243025605E-029,0.890760235513)) ;
#1124=DIRECTION('Axis2P3D Direction',(1.44639369247E-029,-1.,-2.82352364568E-029)) ;
#1131=DIRECTION('Vector Direction',(0.,-1.,0.)) ;
#1143=DIRECTION('Axis2P3D Direction',(-0.852781784719,-2.70809252219E-029,0.522267390952)) ;
#1144=DIRECTION('Axis2P3D XDirection',(0.522267390952,-1.65244527371E-029,0.852781784719)) ;
#1158=DIRECTION('Vector Direction',(-0.5165303117,0.147814828703,-0.843414022595)) ;
#1165=DIRECTION('Vector Direction',(0.,1.,0.)) ;
#1182=DIRECTION('Vector Direction',(-0.498017174182,0.301179605737,-0.81318493549)) ;
#1199=DIRECTION('Vector Direction',(0.522267390952,1.20201660179E-012,0.852781784719)) ;
#1216=DIRECTION('Axis2P3D Direction',(1.,-4.18359159717E-029,1.87300044808E-029)) ;
#1217=DIRECTION('Axis2P3D XDirection',(4.18359159717E-029,1.,-6.12323399574E-017)) ;
#1229=DIRECTION('Vector Direction',(1.,0.,0.)) ;
#1241=DIRECTION('Axis2P3D Direction',(1.,-4.18359159717E-029,1.87300044808E-029)) ;
#1242=DIRECTION('Axis2P3D XDirection',(-4.18359159717E-029,-1.,1.96005385927E-015)) ;
#1246=DIRECTION('Vector Direction',(1.,0.,0.)) ;
#1263=DIRECTION('Vector Direction',(1.,0.,0.)) ;
#1282=DIRECTION('Axis2P3D Direction',(1.44639369247E-029,-1.,-2.82352364568E-029)) ;
#1283=DIRECTION('Axis2P3D XDirection',(1.83697019872E-016,-2.82352364568E-029,1.)) ;
#1287=DIRECTION('Axis2P3D Direction',(1.44639369247E-029,-1.,-2.82352364568E-029)) ;
#1304=DIRECTION('Vector Direction',(0.,-1.,0.)) ;
#1317=DIRECTION('Axis2P3D Direction',(3.79745493473E-029,0.9849873305,0.172626645552)) ;
#1318=DIRECTION('Axis2P3D XDirection',(2.56708109516E-029,0.172626645552,-0.9849873305)) ;
#1322=DIRECTION('Vector Direction',(0.,0.172626645552,-0.9849873305)) ;
#1329=DIRECTION('Vector Direction',(-1.,0.,0.)) ;
#1334=DIRECTION('Vector Direction',(0.120066332434,0.171377842233,-0.97786180568)) ;
#1360=DIRECTION('Vector Direction',(-1.,0.,0.)) ;
#1367=DIRECTION('Vector Direction',(0.,0.172626645552,-0.9849873305)) ;
#1385=DIRECTION('Axis2P3D Direction',(0.,2.82352364568E-029,-1.)) ;
#1386=DIRECTION('Axis2P3D XDirection',(-1.,-1.44639369247E-029,-4.08392679165E-058)) ;
#1390=DIRECTION('Vector Direction',(-1.,0.,0.)) ;
#1397=DIRECTION('Vector Direction',(0.,1.,0.)) ;
#1409=DIRECTION('Axis2P3D Direction',(1.44639369247E-029,-1.,-2.82352364568E-029)) ;
#1410=DIRECTION('Axis2P3D XDirection',(0.992546151641,1.09151152043E-029,0.121869343405)) ;
#1414=DIRECTION('Axis2P3D Direction',(1.44639369247E-029,-1.,-2.82352364568E-029)) ;
#1423=DIRECTION('Vector Direction',(0.,-1.,0.)) ;
#1428=DIRECTION('Vector Direction',(0.,-1.,0.)) ;
#1440=DIRECTION('Axis2P3D Direction',(-1.,-1.44639369247E-029,-4.08392679165E-058)) ;
#1441=DIRECTION('Axis2P3D XDirection',(0.,-2.82352364568E-029,1.)) ;
#1445=DIRECTION('Vector Direction',(0.,0.,-1.)) ;
#1452=DIRECTION('Vector Direction',(0.,1.,0.)) ;
#1464=DIRECTION('Vector Direction',(-1.,0.,0.)) ;
#1476=DIRECTION('Axis2P3D Direction',(1.,1.44639369247E-029,4.08392679165E-058)) ;
#1477=DIRECTION('Axis2P3D XDirection',(0.,2.82352364568E-029,-1.)) ;
#1481=DIRECTION('Vector Direction',(0.,7.27595761418E-013,-1.)) ;
#1493=DIRECTION('Axis2P3D Direction',(4.18359159717E-029,1.,0.)) ;
#1494=DIRECTION('Axis2P3D XDirection',(1.87300044808E-029,-7.8358689361E-058,-1.)) ;
#1498=DIRECTION('Vector Direction',(0.,0.,-1.)) ;
#1505=DIRECTION('Vector Direction',(-1.,0.,0.)) ;
#1512=DIRECTION('Vector Direction',(0.,0.,-1.)) ;
#1517=DIRECTION('Vector Direction',(0.121869343406,0.,-0.992546151641)) ;
#1538=DIRECTION('Axis2P3D Direction',(3.27263789154E-029,0.937748760724,0.347314355824)) ;
#1539=DIRECTION('Axis2P3D XDirection',(3.20942526962E-029,0.347314355824,-0.937748760724)) ;
#1543=DIRECTION('Vector Direction',(0.1143853365,0.345034743236,-0.931593806738)) ;
#1550=DIRECTION('Vector Direction',(-1.,0.,0.)) ;
#1562=DIRECTION('Axis2P3D Direction',(1.,-4.18359159717E-029,1.87300044808E-029)) ;
#1563=DIRECTION('Axis2P3D XDirection',(4.18359159717E-029,1.,1.71512449944E-015)) ;
#1575=DIRECTION('Vector Direction',(1.,0.,0.)) ;
#1587=DIRECTION('Axis2P3D Direction',(0.992546151641,1.09151152043E-029,0.121869343405)) ;
#1588=DIRECTION('Axis2P3D XDirection',(0.121869343405,2.9787485782E-029,-0.992546151641)) ;
#1592=DIRECTION('Vector Direction',(0.,1.,0.)) ;
#1599=DIRECTION('Vector Direction',(-0.121869343405,1.41779334281E-012,0.992546151641)) ;
#1617=DIRECTION('Axis2P3D Direction',(1.44639369247E-029,-1.,-2.82352364568E-029)) ;
#1618=DIRECTION('Axis2P3D XDirection',(1.,1.44639369247E-029,-1.22464679915E-016)) ;
#1622=DIRECTION('Axis2P3D Direction',(1.44639369247E-029,-1.,-2.82352364568E-029)) ;
#1634=DIRECTION('Axis2P3D Direction',(4.18359159717E-029,1.,0.)) ;
#1635=DIRECTION('Axis2P3D XDirection',(1.87300044808E-029,-7.8358689361E-058,-1.)) ;
#1650=DIRECTION('Axis2P3D Direction',(0.,-0.,1.)) ;
#1651=DIRECTION('Axis2P3D XDirection',(0.,1.,0.)) ;
#1655=DIRECTION('Vector Direction',(0.,1.,0.)) ;
#1662=DIRECTION('Vector Direction',(-1.,0.,0.)) ;
#1669=DIRECTION('Vector Direction',(0.,1.,0.)) ;
#1681=DIRECTION('Axis2P3D Direction',(-0.,-0.984807753012,-0.173648177667)) ;
#1682=DIRECTION('Axis2P3D XDirection',(0.,-0.173648177667,0.984807753012)) ;
#1686=DIRECTION('Vector Direction',(0.,-0.173648177667,0.984807753012)) ;
#1693=DIRECTION('Vector Direction',(-1.,0.,0.)) ;
#1700=DIRECTION('Vector Direction',(0.,-0.173648177667,0.984807753012)) ;
#1712=DIRECTION('Axis2P3D Direction',(-1.,0.,0.)) ;
#1713=DIRECTION('Axis2P3D XDirection',(0.,-6.12323399574E-017,1.)) ;
#1717=DIRECTION('Axis2P3D Direction',(-1.,0.,0.)) ;
#1724=DIRECTION('Vector Direction',(-1.,0.,0.)) ;
#1731=DIRECTION('Axis2P3D Direction',(-1.,0.,0.)) ;
#1743=DIRECTION('Axis2P3D Direction',(0.,-0.,1.)) ;
#1744=DIRECTION('Axis2P3D XDirection',(0.,1.,0.)) ;
#1748=DIRECTION('Vector Direction',(0.,1.,0.)) ;
#1755=DIRECTION('Vector Direction',(-1.,0.,0.)) ;
#1762=DIRECTION('Vector Direction',(0.,1.,0.)) ;
#1774=DIRECTION('Axis2P3D Direction',(-1.,0.,0.)) ;
#1775=DIRECTION('Axis2P3D XDirection',(0.,-0.984807753012,0.173648177667)) ;
#1779=DIRECTION('Axis2P3D Direction',(-1.,0.,0.)) ;
#1786=DIRECTION('Vector Direction',(-1.,0.,0.)) ;
#1793=DIRECTION('Axis2P3D Direction',(-1.,0.,0.)) ;
#1805=DIRECTION('Axis2P3D Direction',(0.,-0.984807753012,0.173648177667)) ;
#1806=DIRECTION('Axis2P3D XDirection',(0.,0.173648177667,0.984807753012)) ;
#1810=DIRECTION('Vector Direction',(0.,0.173648177667,0.984807753012)) ;
#1817=DIRECTION('Vector Direction',(-1.,0.,0.)) ;
#1824=DIRECTION('Vector Direction',(0.,0.173648177667,0.984807753012)) ;
#1836=DIRECTION('Vector Direction',(0.,1.,0.)) ;
#1841=DIRECTION('Vector Direction',(0.,1.,0.)) ;
#1853=DIRECTION('Axis2P3D Direction',(-1.,0.,0.)) ;
#1854=DIRECTION('Axis2P3D XDirection',(0.,-1.,0.)) ;
#1871=DIRECTION('Axis2P3D Direction',(-1.,0.,0.)) ;
#1872=DIRECTION('Axis2P3D XDirection',(0.,-1.,0.)) ;
#47=AXIS2_PLACEMENT_3D(' ',#46,$,$) ;
#54=AXIS2_PLACEMENT_3D('Cylinder Axis2P3D',#51,#52,#53) ;
#67=AXIS2_PLACEMENT_3D('Circle Axis2P3D',#65,#66,$) ;
#81=AXIS2_PLACEMENT_3D('Circle Axis2P3D',#79,#80,$) ;
#94=AXIS2_PLACEMENT_3D('Plane Axis2P3D',#91,#92,#93) ;
#132=AXIS2_PLACEMENT_3D('Circle Axis2P3D',#130,#131,$) ;
#142=AXIS2_PLACEMENT_3D('Circle Axis2P3D',#140,#141,$) ;
#155=AXIS2_PLACEMENT_3D('Plane Axis2P3D',#152,#153,#154) ;
#199=AXIS2_PLACEMENT_3D('Plane Axis2P3D',#196,#197,#198) ;
#221=AXIS2_PLACEMENT_3D('Plane Axis2P3D',#218,#219,#220) ;
#241=AXIS2_PLACEMENT_3D('Circle Axis2P3D',#239,#240,$) ;
#246=AXIS2_PLACEMENT_3D('Circle Axis2P3D',#244,#245,$) ;
#270=AXIS2_PLACEMENT_3D('Cylinder Axis2P3D',#267,#268,#269) ;
#281=AXIS2_PLACEMENT_3D('Circle Axis2P3D',#279,#280,$) ;
#294=AXIS2_PLACEMENT_3D('Plane Axis2P3D',#291,#292,#293) ;
#367=AXIS2_PLACEMENT_3D('Cylinder Axis2P3D',#364,#365,#366) ;
#392=AXIS2_PLACEMENT_3D('Cylinder Axis2P3D',#389,#390,#391) ;
#433=AXIS2_PLACEMENT_3D('Cylinder Axis2P3D',#430,#431,#432) ;
#454=AXIS2_PLACEMENT_3D('Circle Axis2P3D',#452,#453,$) ;
#468=AXIS2_PLACEMENT_3D('Plane Axis2P3D',#465,#466,#467) ;
#545=AXIS2_PLACEMENT_3D('Plane Axis2P3D',#542,#543,#544) ;
#569=AXIS2_PLACEMENT_3D('Cylinder Axis2P3D',#566,#567,#568) ;
#587=AXIS2_PLACEMENT_3D('Circle Axis2P3D',#585,#586,$) ;
#600=AXIS2_PLACEMENT_3D('Plane Axis2P3D',#597,#598,#599) ;
#631=AXIS2_PLACEMENT_3D('Plane Axis2P3D',#628,#629,#630) ;
#731=AXIS2_PLACEMENT_3D('Plane Axis2P3D',#728,#729,#730) ;
#748=AXIS2_PLACEMENT_3D('Plane Axis2P3D',#745,#746,#747) ;
#793=AXIS2_PLACEMENT_3D('Plane Axis2P3D',#790,#791,#792) ;
#817=AXIS2_PLACEMENT_3D('Cylinder Axis2P3D',#814,#815,#816) ;
#842=AXIS2_PLACEMENT_3D('Plane Axis2P3D',#839,#840,#841) ;
#872=AXIS2_PLACEMENT_3D('Cylinder Axis2P3D',#869,#870,#871) ;
#876=AXIS2_PLACEMENT_3D('Circle Axis2P3D',#874,#875,$) ;
#889=AXIS2_PLACEMENT_3D('Plane Axis2P3D',#886,#887,#888) ;
#905=AXIS2_PLACEMENT_3D('Cylinder Axis2P3D',#902,#903,#904) ;
#909=AXIS2_PLACEMENT_3D('Circle Axis2P3D',#907,#908,$) ;
#925=AXIS2_PLACEMENT_3D('Circle Axis2P3D',#923,#924,$) ;
#945=AXIS2_PLACEMENT_3D('Plane Axis2P3D',#942,#943,#944) ;
#983=AXIS2_PLACEMENT_3D('Circle Axis2P3D',#981,#982,$) ;
#993=AXIS2_PLACEMENT_3D('Circle Axis2P3D',#991,#992,$) ;
#1006=AXIS2_PLACEMENT_3D('Plane Axis2P3D',#1003,#1004,#1005) ;
#1050=AXIS2_PLACEMENT_3D('Plane Axis2P3D',#1047,#1048,#1049) ;
#1072=AXIS2_PLACEMENT_3D('Plane Axis2P3D',#1069,#1070,#1071) ;
#1085=AXIS2_PLACEMENT_3D('Circle Axis2P3D',#1083,#1084,$) ;
#1090=AXIS2_PLACEMENT_3D('Circle Axis2P3D',#1088,#1089,$) ;
#1121=AXIS2_PLACEMENT_3D('Cylinder Axis2P3D',#1118,#1119,#1120) ;
#1125=AXIS2_PLACEMENT_3D('Circle Axis2P3D',#1123,#1124,$) ;
#1145=AXIS2_PLACEMENT_3D('Plane Axis2P3D',#1142,#1143,#1144) ;
#1218=AXIS2_PLACEMENT_3D('Cylinder Axis2P3D',#1215,#1216,#1217) ;
#1243=AXIS2_PLACEMENT_3D('Cylinder Axis2P3D',#1240,#1241,#1242) ;
#1284=AXIS2_PLACEMENT_3D('Cylinder Axis2P3D',#1281,#1282,#1283) ;
#1288=AXIS2_PLACEMENT_3D('Circle Axis2P3D',#1286,#1287,$) ;
#1319=AXIS2_PLACEMENT_3D('Plane Axis2P3D',#1316,#1317,#1318) ;
#1387=AXIS2_PLACEMENT_3D('Plane Axis2P3D',#1384,#1385,#1386) ;
#1411=AXIS2_PLACEMENT_3D('Cylinder Axis2P3D',#1408,#1409,#1410) ;
#1415=AXIS2_PLACEMENT_3D('Circle Axis2P3D',#1413,#1414,$) ;
#1442=AXIS2_PLACEMENT_3D('Plane Axis2P3D',#1439,#1440,#1441) ;
#1478=AXIS2_PLACEMENT_3D('Plane Axis2P3D',#1475,#1476,#1477) ;
#1495=AXIS2_PLACEMENT_3D('Plane Axis2P3D',#1492,#1493,#1494) ;
#1540=AXIS2_PLACEMENT_3D('Plane Axis2P3D',#1537,#1538,#1539) ;
#1564=AXIS2_PLACEMENT_3D('Cylinder Axis2P3D',#1561,#1562,#1563) ;
#1589=AXIS2_PLACEMENT_3D('Plane Axis2P3D',#1586,#1587,#1588) ;
#1619=AXIS2_PLACEMENT_3D('Cylinder Axis2P3D',#1616,#1617,#1618) ;
#1623=AXIS2_PLACEMENT_3D('Circle Axis2P3D',#1621,#1622,$) ;
#1636=AXIS2_PLACEMENT_3D('Plane Axis2P3D',#1633,#1634,#1635) ;
#1652=AXIS2_PLACEMENT_3D('Plane Axis2P3D',#1649,#1650,#1651) ;
#1683=AXIS2_PLACEMENT_3D('Plane Axis2P3D',#1680,#1681,#1682) ;
#1714=AXIS2_PLACEMENT_3D('Cylinder Axis2P3D',#1711,#1712,#1713) ;
#1718=AXIS2_PLACEMENT_3D('Circle Axis2P3D',#1716,#1717,$) ;
#1732=AXIS2_PLACEMENT_3D('Circle Axis2P3D',#1730,#1731,$) ;
#1745=AXIS2_PLACEMENT_3D('Plane Axis2P3D',#1742,#1743,#1744) ;
#1776=AXIS2_PLACEMENT_3D('Cylinder Axis2P3D',#1773,#1774,#1775) ;
#1780=AXIS2_PLACEMENT_3D('Circle Axis2P3D',#1778,#1779,$) ;
#1794=AXIS2_PLACEMENT_3D('Circle Axis2P3D',#1792,#1793,$) ;
#1807=AXIS2_PLACEMENT_3D('Plane Axis2P3D',#1804,#1805,#1806) ;
#1855=AXIS2_PLACEMENT_3D('Plane Axis2P3D',#1852,#1853,#1854) ;
#1873=AXIS2_PLACEMENT_3D('Plane Axis2P3D',#1870,#1871,#1872) ;
#40=PRODUCT_DEFINITION_SHAPE(' ',' ',#14) ;
#31=APPROVAL_PERSON_ORGANIZATION(#25,#21,#19) ;
#25=PERSON_AND_ORGANIZATION(#22,#23) ;
#22=PERSON(' ',' ',' ',$,$,$) ;
#23=ORGANIZATION(' ',' ',' ') ;
#21=APPROVAL(#20,' ') ;
#20=APPROVAL_STATUS('not_yet_approved') ;
#19=APPROVAL_ROLE('APPROVER') ;
#13=DATE_AND_TIME(#11,#12) ;
#12=LOCAL_TIME(16,41,25.,#10) ;
#10=COORDINATED_UNIVERSAL_TIME_OFFSET(0,0,.AHEAD.) ;
#85=ORIENTED_EDGE('',*,*,#64,.F.) ;
#86=ORIENTED_EDGE('',*,*,#71,.T.) ;
#87=ORIENTED_EDGE('',*,*,#78,.T.) ;
#88=ORIENTED_EDGE('',*,*,#83,.T.) ;
#125=ORIENTED_EDGE('',*,*,#104,.F.) ;
#126=ORIENTED_EDGE('',*,*,#111,.T.) ;
#127=ORIENTED_EDGE('',*,*,#118,.T.) ;
#128=ORIENTED_EDGE('',*,*,#123,.F.) ;
#136=ORIENTED_EDGE('',*,*,#134,.F.) ;
#137=ORIENTED_EDGE('',*,*,#83,.F.) ;
#146=ORIENTED_EDGE('',*,*,#78,.F.) ;
#147=ORIENTED_EDGE('',*,*,#144,.T.) ;
#148=ORIENTED_EDGE('',*,*,#64,.T.) ;
#149=ORIENTED_EDGE('',*,*,#134,.T.) ;
#186=ORIENTED_EDGE('',*,*,#165,.T.) ;
#187=ORIENTED_EDGE('',*,*,#172,.T.) ;
#188=ORIENTED_EDGE('',*,*,#179,.F.) ;
#189=ORIENTED_EDGE('',*,*,#184,.F.) ;
#192=ORIENTED_EDGE('',*,*,#144,.F.) ;
#193=ORIENTED_EDGE('',*,*,#71,.F.) ;
#212=ORIENTED_EDGE('',*,*,#184,.T.) ;
#213=ORIENTED_EDGE('',*,*,#205,.T.) ;
#214=ORIENTED_EDGE('',*,*,#111,.F.) ;
#215=ORIENTED_EDGE('',*,*,#210,.F.) ;
#257=ORIENTED_EDGE('',*,*,#231,.T.) ;
#258=ORIENTED_EDGE('',*,*,#238,.F.) ;
#259=ORIENTED_EDGE('',*,*,#243,.T.) ;
#260=ORIENTED_EDGE('',*,*,#118,.F.) ;
#261=ORIENTED_EDGE('',*,*,#205,.F.) ;
#262=ORIENTED_EDGE('',*,*,#179,.T.) ;
#263=ORIENTED_EDGE('',*,*,#250,.T.) ;
#264=ORIENTED_EDGE('',*,*,#255,.T.) ;
#285=ORIENTED_EDGE('',*,*,#278,.T.) ;
#286=ORIENTED_EDGE('',*,*,#250,.F.) ;
#287=ORIENTED_EDGE('',*,*,#172,.F.) ;
#288=ORIENTED_EDGE('',*,*,#283,.T.) ;
#353=ORIENTED_EDGE('',*,*,#302,.T.) ;
#354=ORIENTED_EDGE('',*,*,#312,.F.) ;
#355=ORIENTED_EDGE('',*,*,#319,.F.) ;
#356=ORIENTED_EDGE('',*,*,#329,.T.) ;
#357=ORIENTED_EDGE('',*,*,#336,.T.) ;
#358=ORIENTED_EDGE('',*,*,#343,.T.) ;
#359=ORIENTED_EDGE('',*,*,#351,.T.) ;
#360=ORIENTED_EDGE('',*,*,#255,.F.) ;
#361=ORIENTED_EDGE('',*,*,#278,.F.) ;
#383=ORIENTED_EDGE('',*,*,#351,.F.) ;
#384=ORIENTED_EDGE('',*,*,#375,.T.) ;
#385=ORIENTED_EDGE('',*,*,#381,.T.) ;
#386=ORIENTED_EDGE('',*,*,#231,.F.) ;
#423=ORIENTED_EDGE('',*,*,#401,.F.) ;
#424=ORIENTED_EDGE('',*,*,#329,.F.) ;
#425=ORIENTED_EDGE('',*,*,#408,.T.) ;
#426=ORIENTED_EDGE('',*,*,#416,.T.) ;
#427=ORIENTED_EDGE('',*,*,#421,.F.) ;
#458=ORIENTED_EDGE('',*,*,#443,.T.) ;
#459=ORIENTED_EDGE('',*,*,#451,.T.) ;
#460=ORIENTED_EDGE('',*,*,#336,.F.) ;
#461=ORIENTED_EDGE('',*,*,#401,.T.) ;
#462=ORIENTED_EDGE('',*,*,#456,.T.) ;
#530=ORIENTED_EDGE('',*,*,#478,.T.) ;
#531=ORIENTED_EDGE('',*,*,#485,.T.) ;
#532=ORIENTED_EDGE('',*,*,#492,.F.) ;
#533=ORIENTED_EDGE('',*,*,#511,.T.) ;
#534=ORIENTED_EDGE('',*,*,#516,.T.) ;
#535=ORIENTED_EDGE('',*,*,#375,.F.) ;
#536=ORIENTED_EDGE('',*,*,#343,.F.) ;
#537=ORIENTED_EDGE('',*,*,#451,.F.) ;
#538=ORIENTED_EDGE('',*,*,#523,.F.) ;
#539=ORIENTED_EDGE('',*,*,#528,.F.) ;
#560=ORIENTED_EDGE('',*,*,#553,.T.) ;
#561=ORIENTED_EDGE('',*,*,#523,.T.) ;
#562=ORIENTED_EDGE('',*,*,#443,.F.) ;
#563=ORIENTED_EDGE('',*,*,#558,.F.) ;
#591=ORIENTED_EDGE('',*,*,#577,.T.) ;
#592=ORIENTED_EDGE('',*,*,#511,.F.) ;
#593=ORIENTED_EDGE('',*,*,#584,.F.) ;
#594=ORIENTED_EDGE('',*,*,#589,.T.) ;
#622=ORIENTED_EDGE('',*,*,#608,.T.) ;
#623=ORIENTED_EDGE('',*,*,#485,.F.) ;
#624=ORIENTED_EDGE('',*,*,#615,.F.) ;
#625=ORIENTED_EDGE('',*,*,#620,.T.) ;
#702=ORIENTED_EDGE('',*,*,#641,.T.) ;
#703=ORIENTED_EDGE('',*,*,#648,.T.) ;
#704=ORIENTED_EDGE('',*,*,#655,.F.) ;
#705=ORIENTED_EDGE('',*,*,#662,.T.) ;
#706=ORIENTED_EDGE('',*,*,#669,.T.) ;
#707=ORIENTED_EDGE('',*,*,#676,.F.) ;
#708=ORIENTED_EDGE('',*,*,#683,.F.) ;
#709=ORIENTED_EDGE('',*,*,#690,.F.) ;
#710=ORIENTED_EDGE('',*,*,#695,.T.) ;
#711=ORIENTED_EDGE('',*,*,#615,.T.) ;
#712=ORIENTED_EDGE('',*,*,#478,.F.) ;
#713=ORIENTED_EDGE('',*,*,#700,.F.) ;
#722=ORIENTED_EDGE('',*,*,#584,.T.) ;
#723=ORIENTED_EDGE('',*,*,#492,.T.) ;
#724=ORIENTED_EDGE('',*,*,#608,.F.) ;
#725=ORIENTED_EDGE('',*,*,#720,.F.) ;
#739=ORIENTED_EDGE('',*,*,#700,.T.) ;
#740=ORIENTED_EDGE('',*,*,#528,.T.) ;
#741=ORIENTED_EDGE('',*,*,#553,.F.) ;
#742=ORIENTED_EDGE('',*,*,#737,.F.) ;
#775=ORIENTED_EDGE('',*,*,#641,.F.) ;
#776=ORIENTED_EDGE('',*,*,#737,.T.) ;
#777=ORIENTED_EDGE('',*,*,#558,.T.) ;
#778=ORIENTED_EDGE('',*,*,#456,.F.) ;
#779=ORIENTED_EDGE('',*,*,#421,.T.) ;
#780=ORIENTED_EDGE('',*,*,#754,.F.) ;
#781=ORIENTED_EDGE('',*,*,#589,.F.) ;
#782=ORIENTED_EDGE('',*,*,#720,.T.) ;
#783=ORIENTED_EDGE('',*,*,#620,.F.) ;
#784=ORIENTED_EDGE('',*,*,#695,.F.) ;
#785=ORIENTED_EDGE('',*,*,#761,.F.) ;
#786=ORIENTED_EDGE('',*,*,#768,.F.) ;
#787=ORIENTED_EDGE('',*,*,#773,.T.) ;
#808=ORIENTED_EDGE('',*,*,#319,.T.) ;
#809=ORIENTED_EDGE('',*,*,#801,.T.) ;
#810=ORIENTED_EDGE('',*,*,#806,.F.) ;
#811=ORIENTED_EDGE('',*,*,#408,.F.) ;
#833=ORIENTED_EDGE('',*,*,#825,.T.) ;
#834=ORIENTED_EDGE('',*,*,#831,.F.) ;
#835=ORIENTED_EDGE('',*,*,#801,.F.) ;
#836=ORIENTED_EDGE('',*,*,#312,.T.) ;
#857=ORIENTED_EDGE('',*,*,#754,.T.) ;
#858=ORIENTED_EDGE('',*,*,#416,.F.) ;
#859=ORIENTED_EDGE('',*,*,#806,.T.) ;
#860=ORIENTED_EDGE('',*,*,#831,.T.) ;
#861=ORIENTED_EDGE('',*,*,#850,.F.) ;
#862=ORIENTED_EDGE('',*,*,#855,.T.) ;
#863=ORIENTED_EDGE('',*,*,#238,.T.) ;
#864=ORIENTED_EDGE('',*,*,#381,.F.) ;
#865=ORIENTED_EDGE('',*,*,#516,.F.) ;
#866=ORIENTED_EDGE('',*,*,#577,.F.) ;
#880=ORIENTED_EDGE('',*,*,#123,.T.) ;
#881=ORIENTED_EDGE('',*,*,#243,.F.) ;
#882=ORIENTED_EDGE('',*,*,#855,.F.) ;
#883=ORIENTED_EDGE('',*,*,#878,.T.) ;
#892=ORIENTED_EDGE('',*,*,#302,.F.) ;
#893=ORIENTED_EDGE('',*,*,#283,.F.) ;
#894=ORIENTED_EDGE('',*,*,#165,.F.) ;
#895=ORIENTED_EDGE('',*,*,#210,.T.) ;
#896=ORIENTED_EDGE('',*,*,#104,.T.) ;
#897=ORIENTED_EDGE('',*,*,#878,.F.) ;
#898=ORIENTED_EDGE('',*,*,#850,.T.) ;
#899=ORIENTED_EDGE('',*,*,#825,.F.) ;
#936=ORIENTED_EDGE('',*,*,#915,.F.) ;
#937=ORIENTED_EDGE('',*,*,#922,.F.) ;
#938=ORIENTED_EDGE('',*,*,#929,.F.) ;
#939=ORIENTED_EDGE('',*,*,#934,.T.) ;
#976=ORIENTED_EDGE('',*,*,#955,.T.) ;
#977=ORIENTED_EDGE('',*,*,#962,.F.) ;
#978=ORIENTED_EDGE('',*,*,#969,.F.) ;
#979=ORIENTED_EDGE('',*,*,#974,.T.) ;
#987=ORIENTED_EDGE('',*,*,#915,.T.) ;
#988=ORIENTED_EDGE('',*,*,#985,.T.) ;
#997=ORIENTED_EDGE('',*,*,#985,.F.) ;
#998=ORIENTED_EDGE('',*,*,#934,.F.) ;
#999=ORIENTED_EDGE('',*,*,#995,.F.) ;
#1000=ORIENTED_EDGE('',*,*,#922,.T.) ;
#1037=ORIENTED_EDGE('',*,*,#1016,.T.) ;
#1038=ORIENTED_EDGE('',*,*,#1023,.T.) ;
#1039=ORIENTED_EDGE('',*,*,#1030,.F.) ;
#1040=ORIENTED_EDGE('',*,*,#1035,.F.) ;
#1043=ORIENTED_EDGE('',*,*,#929,.T.) ;
#1044=ORIENTED_EDGE('',*,*,#995,.T.) ;
#1063=ORIENTED_EDGE('',*,*,#1056,.T.) ;
#1064=ORIENTED_EDGE('',*,*,#969,.T.) ;
#1065=ORIENTED_EDGE('',*,*,#1061,.F.) ;
#1066=ORIENTED_EDGE('',*,*,#1016,.F.) ;
#1108=ORIENTED_EDGE('',*,*,#1082,.F.) ;
#1109=ORIENTED_EDGE('',*,*,#1087,.F.) ;
#1110=ORIENTED_EDGE('',*,*,#1023,.F.) ;
#1111=ORIENTED_EDGE('',*,*,#1061,.T.) ;
#1112=ORIENTED_EDGE('',*,*,#962,.T.) ;
#1113=ORIENTED_EDGE('',*,*,#1094,.F.) ;
#1114=ORIENTED_EDGE('',*,*,#1101,.T.) ;
#1115=ORIENTED_EDGE('',*,*,#1106,.F.) ;
#1136=ORIENTED_EDGE('',*,*,#1129,.F.) ;
#1137=ORIENTED_EDGE('',*,*,#1030,.T.) ;
#1138=ORIENTED_EDGE('',*,*,#1087,.T.) ;
#1139=ORIENTED_EDGE('',*,*,#1134,.F.) ;
#1204=ORIENTED_EDGE('',*,*,#1134,.T.) ;
#1205=ORIENTED_EDGE('',*,*,#1082,.T.) ;
#1206=ORIENTED_EDGE('',*,*,#1156,.F.) ;
#1207=ORIENTED_EDGE('',*,*,#1163,.F.) ;
#1208=ORIENTED_EDGE('',*,*,#1170,.F.) ;
#1209=ORIENTED_EDGE('',*,*,#1180,.F.) ;
#1210=ORIENTED_EDGE('',*,*,#1187,.T.) ;
#1211=ORIENTED_EDGE('',*,*,#1197,.T.) ;
#1212=ORIENTED_EDGE('',*,*,#1202,.F.) ;
#1234=ORIENTED_EDGE('',*,*,#1106,.T.) ;
#1235=ORIENTED_EDGE('',*,*,#1227,.F.) ;
#1236=ORIENTED_EDGE('',*,*,#1232,.F.) ;
#1237=ORIENTED_EDGE('',*,*,#1156,.T.) ;
#1274=ORIENTED_EDGE('',*,*,#1253,.T.) ;
#1275=ORIENTED_EDGE('',*,*,#1261,.F.) ;
#1276=ORIENTED_EDGE('',*,*,#1266,.F.) ;
#1277=ORIENTED_EDGE('',*,*,#1180,.T.) ;
#1278=ORIENTED_EDGE('',*,*,#1272,.T.) ;
#1309=ORIENTED_EDGE('',*,*,#1292,.F.) ;
#1310=ORIENTED_EDGE('',*,*,#1272,.F.) ;
#1311=ORIENTED_EDGE('',*,*,#1170,.T.) ;
#1312=ORIENTED_EDGE('',*,*,#1302,.F.) ;
#1313=ORIENTED_EDGE('',*,*,#1307,.F.) ;
#1372=ORIENTED_EDGE('',*,*,#1327,.T.) ;
#1373=ORIENTED_EDGE('',*,*,#1332,.T.) ;
#1374=ORIENTED_EDGE('',*,*,#1302,.T.) ;
#1375=ORIENTED_EDGE('',*,*,#1163,.T.) ;
#1376=ORIENTED_EDGE('',*,*,#1232,.T.) ;
#1377=ORIENTED_EDGE('',*,*,#1339,.F.) ;
#1378=ORIENTED_EDGE('',*,*,#1358,.F.) ;
#1379=ORIENTED_EDGE('',*,*,#1365,.T.) ;
#1380=ORIENTED_EDGE('',*,*,#1370,.F.) ;
#1381=ORIENTED_EDGE('',*,*,#669,.F.) ;
#1402=ORIENTED_EDGE('',*,*,#1395,.T.) ;
#1403=ORIENTED_EDGE('',*,*,#1307,.T.) ;
#1404=ORIENTED_EDGE('',*,*,#1332,.F.) ;
#1405=ORIENTED_EDGE('',*,*,#1400,.F.) ;
#1433=ORIENTED_EDGE('',*,*,#1421,.F.) ;
#1434=ORIENTED_EDGE('',*,*,#1426,.T.) ;
#1435=ORIENTED_EDGE('',*,*,#1358,.T.) ;
#1436=ORIENTED_EDGE('',*,*,#1431,.F.) ;
#1457=ORIENTED_EDGE('',*,*,#1450,.F.) ;
#1458=ORIENTED_EDGE('',*,*,#676,.T.) ;
#1459=ORIENTED_EDGE('',*,*,#1370,.T.) ;
#1460=ORIENTED_EDGE('',*,*,#1455,.F.) ;
#1469=ORIENTED_EDGE('',*,*,#1467,.T.) ;
#1470=ORIENTED_EDGE('',*,*,#1455,.T.) ;
#1471=ORIENTED_EDGE('',*,*,#1365,.F.) ;
#1472=ORIENTED_EDGE('',*,*,#1426,.F.) ;
#1486=ORIENTED_EDGE('',*,*,#1484,.T.) ;
#1487=ORIENTED_EDGE('',*,*,#1400,.T.) ;
#1488=ORIENTED_EDGE('',*,*,#1327,.F.) ;
#1489=ORIENTED_EDGE('',*,*,#662,.F.) ;
#1522=ORIENTED_EDGE('',*,*,#1503,.T.) ;
#1523=ORIENTED_EDGE('',*,*,#1510,.T.) ;
#1524=ORIENTED_EDGE('',*,*,#1515,.F.) ;
#1525=ORIENTED_EDGE('',*,*,#683,.T.) ;
#1526=ORIENTED_EDGE('',*,*,#1450,.T.) ;
#1527=ORIENTED_EDGE('',*,*,#1467,.F.) ;
#1528=ORIENTED_EDGE('',*,*,#1421,.T.) ;
#1529=ORIENTED_EDGE('',*,*,#1520,.T.) ;
#1530=ORIENTED_EDGE('',*,*,#1253,.F.) ;
#1531=ORIENTED_EDGE('',*,*,#1292,.T.) ;
#1532=ORIENTED_EDGE('',*,*,#1395,.F.) ;
#1533=ORIENTED_EDGE('',*,*,#1484,.F.) ;
#1534=ORIENTED_EDGE('',*,*,#655,.T.) ;
#1555=ORIENTED_EDGE('',*,*,#1266,.T.) ;
#1556=ORIENTED_EDGE('',*,*,#1548,.T.) ;
#1557=ORIENTED_EDGE('',*,*,#1553,.F.) ;
#1558=ORIENTED_EDGE('',*,*,#1187,.F.) ;
#1580=ORIENTED_EDGE('',*,*,#1197,.F.) ;
#1581=ORIENTED_EDGE('',*,*,#1553,.T.) ;
#1582=ORIENTED_EDGE('',*,*,#1573,.T.) ;
#1583=ORIENTED_EDGE('',*,*,#1578,.F.) ;
#1604=ORIENTED_EDGE('',*,*,#1431,.T.) ;
#1605=ORIENTED_EDGE('',*,*,#1339,.T.) ;
#1606=ORIENTED_EDGE('',*,*,#1227,.T.) ;
#1607=ORIENTED_EDGE('',*,*,#1101,.F.) ;
#1608=ORIENTED_EDGE('',*,*,#1597,.F.) ;
#1609=ORIENTED_EDGE('',*,*,#1602,.T.) ;
#1610=ORIENTED_EDGE('',*,*,#1573,.F.) ;
#1611=ORIENTED_EDGE('',*,*,#1548,.F.) ;
#1612=ORIENTED_EDGE('',*,*,#1261,.T.) ;
#1613=ORIENTED_EDGE('',*,*,#1520,.F.) ;
#1627=ORIENTED_EDGE('',*,*,#1625,.F.) ;
#1628=ORIENTED_EDGE('',*,*,#1597,.T.) ;
#1629=ORIENTED_EDGE('',*,*,#1094,.T.) ;
#1630=ORIENTED_EDGE('',*,*,#955,.F.) ;
#1639=ORIENTED_EDGE('',*,*,#1578,.T.) ;
#1640=ORIENTED_EDGE('',*,*,#1602,.F.) ;
#1641=ORIENTED_EDGE('',*,*,#1625,.T.) ;
#1642=ORIENTED_EDGE('',*,*,#974,.F.) ;
#1643=ORIENTED_EDGE('',*,*,#1056,.F.) ;
#1644=ORIENTED_EDGE('',*,*,#1035,.T.) ;
#1645=ORIENTED_EDGE('',*,*,#1129,.T.) ;
#1646=ORIENTED_EDGE('',*,*,#1202,.T.) ;
#1674=ORIENTED_EDGE('',*,*,#1510,.F.) ;
#1675=ORIENTED_EDGE('',*,*,#1660,.T.) ;
#1676=ORIENTED_EDGE('',*,*,#1667,.T.) ;
#1677=ORIENTED_EDGE('',*,*,#1672,.F.) ;
#1705=ORIENTED_EDGE('',*,*,#1667,.F.) ;
#1706=ORIENTED_EDGE('',*,*,#1691,.T.) ;
#1707=ORIENTED_EDGE('',*,*,#1698,.T.) ;
#1708=ORIENTED_EDGE('',*,*,#1703,.F.) ;
#1736=ORIENTED_EDGE('',*,*,#1698,.F.) ;
#1737=ORIENTED_EDGE('',*,*,#1722,.T.) ;
#1738=ORIENTED_EDGE('',*,*,#1729,.T.) ;
#1739=ORIENTED_EDGE('',*,*,#1734,.F.) ;
#1767=ORIENTED_EDGE('',*,*,#1729,.F.) ;
#1768=ORIENTED_EDGE('',*,*,#1753,.T.) ;
#1769=ORIENTED_EDGE('',*,*,#1760,.T.) ;
#1770=ORIENTED_EDGE('',*,*,#1765,.F.) ;
#1798=ORIENTED_EDGE('',*,*,#1760,.F.) ;
#1799=ORIENTED_EDGE('',*,*,#1784,.T.) ;
#1800=ORIENTED_EDGE('',*,*,#1791,.T.) ;
#1801=ORIENTED_EDGE('',*,*,#1796,.F.) ;
#1829=ORIENTED_EDGE('',*,*,#1791,.F.) ;
#1830=ORIENTED_EDGE('',*,*,#1815,.T.) ;
#1831=ORIENTED_EDGE('',*,*,#1822,.T.) ;
#1832=ORIENTED_EDGE('',*,*,#1827,.F.) ;
#1846=ORIENTED_EDGE('',*,*,#1822,.F.) ;
#1847=ORIENTED_EDGE('',*,*,#1839,.T.) ;
#1848=ORIENTED_EDGE('',*,*,#768,.T.) ;
#1849=ORIENTED_EDGE('',*,*,#1844,.F.) ;
#1858=ORIENTED_EDGE('',*,*,#773,.F.) ;
#1859=ORIENTED_EDGE('',*,*,#1839,.F.) ;
#1860=ORIENTED_EDGE('',*,*,#1815,.F.) ;
#1861=ORIENTED_EDGE('',*,*,#1784,.F.) ;
#1862=ORIENTED_EDGE('',*,*,#1753,.F.) ;
#1863=ORIENTED_EDGE('',*,*,#1722,.F.) ;
#1864=ORIENTED_EDGE('',*,*,#1691,.F.) ;
#1865=ORIENTED_EDGE('',*,*,#1660,.F.) ;
#1866=ORIENTED_EDGE('',*,*,#1503,.F.) ;
#1867=ORIENTED_EDGE('',*,*,#648,.F.) ;
#1876=ORIENTED_EDGE('',*,*,#690,.T.) ;
#1877=ORIENTED_EDGE('',*,*,#1515,.T.) ;
#1878=ORIENTED_EDGE('',*,*,#1672,.T.) ;
#1879=ORIENTED_EDGE('',*,*,#1703,.T.) ;
#1880=ORIENTED_EDGE('',*,*,#1734,.T.) ;
#1881=ORIENTED_EDGE('',*,*,#1765,.T.) ;
#1882=ORIENTED_EDGE('',*,*,#1796,.T.) ;
#1883=ORIENTED_EDGE('',*,*,#1827,.T.) ;
#1884=ORIENTED_EDGE('',*,*,#1844,.T.) ;
#1885=ORIENTED_EDGE('',*,*,#761,.T.) ;
#138=FACE_BOUND('',#135,.T.) ;
#194=FACE_BOUND('',#191,.T.) ;
#989=FACE_BOUND('',#986,.T.) ;
#1045=FACE_BOUND('',#1042,.T.) ;
#50=CLOSED_SHELL('Closed Shell',(#90,#139,#151,#195,#217,#266,#290,#363,#388,#429,#464,#541,#565,#596,#627,#715,#727,#744,#789,#813,#838,#868,#885,#901,#941,#990,#1002,#1046,#1068,#1117,#1141,#1214,#1239,#1280,#1315,#1383,#1407,#1438,#1462,#1474,#1491,#1536,#1560,#1585,#1615,#1632,#1648,#1679,#1710,#1741,#1772,#1803,#1834,#1851,#1869,#1887)) ;
#58=VECTOR('Line Direction',#57,1.) ;
#74=VECTOR('Line Direction',#73,1.) ;
#98=VECTOR('Line Direction',#97,1.) ;
#107=VECTOR('Line Direction',#106,1.) ;
#114=VECTOR('Line Direction',#113,1.) ;
#121=VECTOR('Line Direction',#120,1.) ;
#159=VECTOR('Line Direction',#158,1.) ;
#168=VECTOR('Line Direction',#167,1.) ;
#175=VECTOR('Line Direction',#174,1.) ;
#182=VECTOR('Line Direction',#181,1.) ;
#203=VECTOR('Line Direction',#202,1.) ;
#208=VECTOR('Line Direction',#207,1.) ;
#225=VECTOR('Line Direction',#224,1.) ;
#234=VECTOR('Line Direction',#233,1.) ;
#253=VECTOR('Line Direction',#252,1.) ;
#274=VECTOR('Line Direction',#273,1.) ;
#298=VECTOR('Line Direction',#297,1.) ;
#315=VECTOR('Line Direction',#314,1.) ;
#332=VECTOR('Line Direction',#331,1.) ;
#339=VECTOR('Line Direction',#338,1.) ;
#371=VECTOR('Line Direction',#370,1.) ;
#404=VECTOR('Line Direction',#403,1.) ;
#419=VECTOR('Line Direction',#418,1.) ;
#437=VECTOR('Line Direction',#436,1.) ;
#472=VECTOR('Line Direction',#471,1.) ;
#481=VECTOR('Line Direction',#480,1.) ;
#488=VECTOR('Line Direction',#487,1.) ;
#514=VECTOR('Line Direction',#513,1.) ;
#519=VECTOR('Line Direction',#518,1.) ;
#526=VECTOR('Line Direction',#525,1.) ;
#549=VECTOR('Line Direction',#548,1.) ;
#556=VECTOR('Line Direction',#555,1.) ;
#573=VECTOR('Line Direction',#572,1.) ;
#580=VECTOR('Line Direction',#579,1.) ;
#604=VECTOR('Line Direction',#603,1.) ;
#611=VECTOR('Line Direction',#610,1.) ;
#618=VECTOR('Line Direction',#617,1.) ;
#635=VECTOR('Line Direction',#634,1.) ;
#644=VECTOR('Line Direction',#643,1.) ;
#651=VECTOR('Line Direction',#650,1.) ;
#658=VECTOR('Line Direction',#657,1.) ;
#665=VECTOR('Line Direction',#664,1.) ;
#672=VECTOR('Line Direction',#671,1.) ;
#679=VECTOR('Line Direction',#678,1.) ;
#686=VECTOR('Line Direction',#685,1.) ;
#693=VECTOR('Line Direction',#692,1.) ;
#698=VECTOR('Line Direction',#697,1.) ;
#718=VECTOR('Line Direction',#717,1.) ;
#735=VECTOR('Line Direction',#734,1.) ;
#752=VECTOR('Line Direction',#751,1.) ;
#757=VECTOR('Line Direction',#756,1.) ;
#764=VECTOR('Line Direction',#763,1.) ;
#771=VECTOR('Line Direction',#770,1.) ;
#797=VECTOR('Line Direction',#796,1.) ;
#804=VECTOR('Line Direction',#803,1.) ;
#821=VECTOR('Line Direction',#820,1.) ;
#846=VECTOR('Line Direction',#845,1.) ;
#853=VECTOR('Line Direction',#852,1.) ;
#918=VECTOR('Line Direction',#917,1.) ;
#932=VECTOR('Line Direction',#931,1.) ;
#949=VECTOR('Line Direction',#948,1.) ;
#958=VECTOR('Line Direction',#957,1.) ;
#965=VECTOR('Line Direction',#964,1.) ;
#972=VECTOR('Line Direction',#971,1.) ;
#1010=VECTOR('Line Direction',#1009,1.) ;
#1019=VECTOR('Line Direction',#1018,1.) ;
#1026=VECTOR('Line Direction',#1025,1.) ;
#1033=VECTOR('Line Direction',#1032,1.) ;
#1054=VECTOR('Line Direction',#1053,1.) ;
#1059=VECTOR('Line Direction',#1058,1.) ;
#1076=VECTOR('Line Direction',#1075,1.) ;
#1097=VECTOR('Line Direction',#1096,1.) ;
#1104=VECTOR('Line Direction',#1103,1.) ;
#1132=VECTOR('Line Direction',#1131,1.) ;
#1159=VECTOR('Line Direction',#1158,1.) ;
#1166=VECTOR('Line Direction',#1165,1.) ;
#1183=VECTOR('Line Direction',#1182,1.) ;
#1200=VECTOR('Line Direction',#1199,1.) ;
#1230=VECTOR('Line Direction',#1229,1.) ;
#1247=VECTOR('Line Direction',#1246,1.) ;
#1264=VECTOR('Line Direction',#1263,1.) ;
#1305=VECTOR('Line Direction',#1304,1.) ;
#1323=VECTOR('Line Direction',#1322,1.) ;
#1330=VECTOR('Line Direction',#1329,1.) ;
#1335=VECTOR('Line Direction',#1334,1.) ;
#1361=VECTOR('Line Direction',#1360,1.) ;
#1368=VECTOR('Line Direction',#1367,1.) ;
#1391=VECTOR('Line Direction',#1390,1.) ;
#1398=VECTOR('Line Direction',#1397,1.) ;
#1424=VECTOR('Line Direction',#1423,1.) ;
#1429=VECTOR('Line Direction',#1428,1.) ;
#1446=VECTOR('Line Direction',#1445,1.) ;
#1453=VECTOR('Line Direction',#1452,1.) ;
#1465=VECTOR('Line Direction',#1464,1.) ;
#1482=VECTOR('Line Direction',#1481,1.) ;
#1499=VECTOR('Line Direction',#1498,1.) ;
#1506=VECTOR('Line Direction',#1505,1.) ;
#1513=VECTOR('Line Direction',#1512,1.) ;
#1518=VECTOR('Line Direction',#1517,1.) ;
#1544=VECTOR('Line Direction',#1543,1.) ;
#1551=VECTOR('Line Direction',#1550,1.) ;
#1576=VECTOR('Line Direction',#1575,1.) ;
#1593=VECTOR('Line Direction',#1592,1.) ;
#1600=VECTOR('Line Direction',#1599,1.) ;
#1656=VECTOR('Line Direction',#1655,1.) ;
#1663=VECTOR('Line Direction',#1662,1.) ;
#1670=VECTOR('Line Direction',#1669,1.) ;
#1687=VECTOR('Line Direction',#1686,1.) ;
#1694=VECTOR('Line Direction',#1693,1.) ;
#1701=VECTOR('Line Direction',#1700,1.) ;
#1725=VECTOR('Line Direction',#1724,1.) ;
#1749=VECTOR('Line Direction',#1748,1.) ;
#1756=VECTOR('Line Direction',#1755,1.) ;
#1763=VECTOR('Line Direction',#1762,1.) ;
#1787=VECTOR('Line Direction',#1786,1.) ;
#1811=VECTOR('Line Direction',#1810,1.) ;
#1818=VECTOR('Line Direction',#1817,1.) ;
#1825=VECTOR('Line Direction',#1824,1.) ;
#1837=VECTOR('Line Direction',#1836,1.) ;
#1842=VECTOR('Line Direction',#1841,1.) ;
#1889=ADVANCED_BREP_SHAPE_REPRESENTATION('NONE',(#1888),#45) ;
#48=SHAPE_REPRESENTATION(' ',(#47),#45) ;
#90=ADVANCED_FACE('239729 - Support bielle d''entrainement',(#89),#55,.F.) ;
#139=ADVANCED_FACE('239729 - Support bielle d''entrainement',(#129,#138),#95,.T.) ;
#151=ADVANCED_FACE('239729 - Support bielle d''entrainement',(#150),#55,.F.) ;
#195=ADVANCED_FACE('239729 - Support bielle d''entrainement',(#190,#194),#156,.T.) ;
#217=ADVANCED_FACE('239729 - Support bielle d''entrainement',(#216),#200,.T.) ;
#266=ADVANCED_FACE('239729 - Support bielle d''entrainement',(#265),#222,.F.) ;
#290=ADVANCED_FACE('239729 - Support bielle d''entrainement',(#289),#271,.F.) ;
#363=ADVANCED_FACE('239729 - Support bielle d''entrainement',(#362),#295,.T.) ;
#388=ADVANCED_FACE('239729 - Support bielle d''entrainement',(#387),#368,.T.) ;
#429=ADVANCED_FACE('239729 - Support bielle d''entrainement',(#428),#393,.T.) ;
#464=ADVANCED_FACE('239729 - Support bielle d''entrainement',(#463),#434,.F.) ;
#541=ADVANCED_FACE('239729 - Support bielle d''entrainement',(#540),#469,.F.) ;
#565=ADVANCED_FACE('239729 - Support bielle d''entrainement',(#564),#546,.F.) ;
#596=ADVANCED_FACE('239729 - Support bielle d''entrainement',(#595),#570,.F.) ;
#627=ADVANCED_FACE('239729 - Support bielle d''entrainement',(#626),#601,.F.) ;
#715=ADVANCED_FACE('239729 - Support bielle d''entrainement',(#714),#632,.F.) ;
#727=ADVANCED_FACE('239729 - Support bielle d''entrainement',(#726),#546,.F.) ;
#744=ADVANCED_FACE('239729 - Support bielle d''entrainement',(#743),#732,.F.) ;
#789=ADVANCED_FACE('239729 - Support bielle d''entrainement',(#788),#749,.T.) ;
#813=ADVANCED_FACE('239729 - Support bielle d''entrainement',(#812),#794,.T.) ;
#838=ADVANCED_FACE('239729 - Support bielle d''entrainement',(#837),#818,.F.) ;
#868=ADVANCED_FACE('239729 - Support bielle d''entrainement',(#867),#843,.T.) ;
#885=ADVANCED_FACE('239729 - Support bielle d''entrainement',(#884),#873,.F.) ;
#901=ADVANCED_FACE('239729 - Support bielle d''entrainement',(#900),#890,.T.) ;
#941=ADVANCED_FACE('239729 - Support bielle d''entrainement',(#940),#906,.F.) ;
#990=ADVANCED_FACE('239729 - Support bielle d''entrainement',(#980,#989),#946,.F.) ;
#1002=ADVANCED_FACE('239729 - Support bielle d''entrainement',(#1001),#906,.F.) ;
#1046=ADVANCED_FACE('239729 - Support bielle d''entrainement',(#1041,#1045),#1007,.F.) ;
#1068=ADVANCED_FACE('239729 - Support bielle d''entrainement',(#1067),#1051,.F.) ;
#1117=ADVANCED_FACE('239729 - Support bielle d''entrainement',(#1116),#1073,.T.) ;
#1141=ADVANCED_FACE('239729 - Support bielle d''entrainement',(#1140),#1122,.F.) ;
#1214=ADVANCED_FACE('239729 - Support bielle d''entrainement',(#1213),#1146,.F.) ;
#1239=ADVANCED_FACE('239729 - Support bielle d''entrainement',(#1238),#1219,.T.) ;
#1280=ADVANCED_FACE('239729 - Support bielle d''entrainement',(#1279),#1244,.T.) ;
#1315=ADVANCED_FACE('239729 - Support bielle d''entrainement',(#1314),#1285,.F.) ;
#1383=ADVANCED_FACE('239729 - Support bielle d''entrainement',(#1382),#1320,.T.) ;
#1407=ADVANCED_FACE('239729 - Support bielle d''entrainement',(#1406),#1388,.T.) ;
#1438=ADVANCED_FACE('239729 - Support bielle d''entrainement',(#1437),#1412,.F.) ;
#1462=ADVANCED_FACE('239729 - Support bielle d''entrainement',(#1461),#1443,.T.) ;
#1474=ADVANCED_FACE('239729 - Support bielle d''entrainement',(#1473),#1388,.T.) ;
#1491=ADVANCED_FACE('239729 - Support bielle d''entrainement',(#1490),#1479,.T.) ;
#1536=ADVANCED_FACE('239729 - Support bielle d''entrainement',(#1535),#1496,.F.) ;
#1560=ADVANCED_FACE('239729 - Support bielle d''entrainement',(#1559),#1541,.F.) ;
#1585=ADVANCED_FACE('239729 - Support bielle d''entrainement',(#1584),#1565,.F.) ;
#1615=ADVANCED_FACE('239729 - Support bielle d''entrainement',(#1614),#1590,.F.) ;
#1632=ADVANCED_FACE('239729 - Support bielle d''entrainement',(#1631),#1620,.F.) ;
#1648=ADVANCED_FACE('239729 - Support bielle d''entrainement',(#1647),#1637,.F.) ;
#1679=ADVANCED_FACE('239729 - Support bielle d''entrainement',(#1678),#1653,.F.) ;
#1710=ADVANCED_FACE('239729 - Support bielle d''entrainement',(#1709),#1684,.T.) ;
#1741=ADVANCED_FACE('239729 - Support bielle d''entrainement',(#1740),#1715,.F.) ;
#1772=ADVANCED_FACE('239729 - Support bielle d''entrainement',(#1771),#1746,.F.) ;
#1803=ADVANCED_FACE('239729 - Support bielle d''entrainement',(#1802),#1777,.F.) ;
#1834=ADVANCED_FACE('239729 - Support bielle d''entrainement',(#1833),#1808,.F.) ;
#1851=ADVANCED_FACE('239729 - Support bielle d''entrainement',(#1850),#1653,.F.) ;
#1869=ADVANCED_FACE('239729 - Support bielle d''entrainement',(#1868),#1856,.F.) ;
#1887=ADVANCED_FACE('239729 - Support bielle d''entrainement',(#1886),#1874,.T.) ;
#4=APPLICATION_PROTOCOL_DEFINITION('international standard','config_control_design',1994,#1) ;
#32=APPROVAL_DATE_TIME(#13,#21) ;
#303=B_SPLINE_CURVE_WITH_KNOTS('',5,(#304,#305,#306,#307,#308,#309),.UNSPECIFIED.,.F.,.U.,(6,6),(0.,11.6983343868),.UNSPECIFIED.) ;
#320=B_SPLINE_CURVE_WITH_KNOTS('',5,(#321,#322,#323,#324,#325,#326),.UNSPECIFIED.,.F.,.U.,(6,6),(0.,9.44523054371),.UNSPECIFIED.) ;
#344=B_SPLINE_CURVE_WITH_KNOTS('',5,(#345,#346,#347,#348,#349,#350),.UNSPECIFIED.,.F.,.U.,(6,6),(0.,5.74650142149),.UNSPECIFIED.) ;
#376=B_SPLINE_CURVE_WITH_KNOTS('',3,(#377,#378,#379,#380),.UNSPECIFIED.,.F.,.U.,(4,4),(0.,4.94368512727),.UNSPECIFIED.) ;
#394=B_SPLINE_CURVE_WITH_KNOTS('',3,(#395,#396,#397,#398),.UNSPECIFIED.,.F.,.U.,(4,4),(0.,2.26428550189),.UNSPECIFIED.) ;
#409=B_SPLINE_CURVE_WITH_KNOTS('',3,(#410,#411,#412,#413),.UNSPECIFIED.,.F.,.U.,(4,4),(0.,10.1048135811),.UNSPECIFIED.) ;
#444=B_SPLINE_CURVE_WITH_KNOTS('',5,(#445,#446,#447,#448,#449,#450),.UNSPECIFIED.,.F.,.U.,(6,6),(0.,145.054996673),.UNSPECIFIED.) ;
#493=B_SPLINE_CURVE_WITH_KNOTS('',5,(#494,#495,#496,#497,#498,#499,#500,#501,#502,#503,#504,#505,#506,#507,#508),.UNSPECIFIED.,.F.,.U.,(6,3,3,3,6),(0.,11.2178898059,23.5550113509,36.0421614499,41.2598590368),.UNSPECIFIED.) ;
#826=B_SPLINE_CURVE_WITH_KNOTS('',3,(#827,#828,#829,#830),.UNSPECIFIED.,.F.,.U.,(4,4),(0.,10.1048135814),.UNSPECIFIED.) ;
#1147=B_SPLINE_CURVE_WITH_KNOTS('',5,(#1148,#1149,#1150,#1151,#1152,#1153),.UNSPECIFIED.,.F.,.U.,(6,6),(0.,5.74650142149),.UNSPECIFIED.) ;
#1171=B_SPLINE_CURVE_WITH_KNOTS('',5,(#1172,#1173,#1174,#1175,#1176,#1177),.UNSPECIFIED.,.F.,.U.,(6,6),(0.,9.44523054371),.UNSPECIFIED.) ;
#1188=B_SPLINE_CURVE_WITH_KNOTS('',5,(#1189,#1190,#1191,#1192,#1193,#1194),.UNSPECIFIED.,.F.,.U.,(6,6),(0.,11.6983343868),.UNSPECIFIED.) ;
#1220=B_SPLINE_CURVE_WITH_KNOTS('',3,(#1221,#1222,#1223,#1224),.UNSPECIFIED.,.F.,.U.,(4,4),(0.,4.94368512727),.UNSPECIFIED.) ;
#1254=B_SPLINE_CURVE_WITH_KNOTS('',3,(#1255,#1256,#1257,#1258),.UNSPECIFIED.,.F.,.U.,(4,4),(0.,10.1048135811),.UNSPECIFIED.) ;
#1267=B_SPLINE_CURVE_WITH_KNOTS('',3,(#1268,#1269,#1270,#1271),.UNSPECIFIED.,.F.,.U.,(4,4),(0.,2.26428550189),.UNSPECIFIED.) ;
#1293=B_SPLINE_CURVE_WITH_KNOTS('',5,(#1294,#1295,#1296,#1297,#1298,#1299),.UNSPECIFIED.,.F.,.U.,(6,6),(0.,145.054996673),.UNSPECIFIED.) ;
#1340=B_SPLINE_CURVE_WITH_KNOTS('',5,(#1341,#1342,#1343,#1344,#1345,#1346,#1347,#1348,#1349,#1350,#1351,#1352,#1353,#1354,#1355),.UNSPECIFIED.,.F.,.U.,(6,3,3,3,6),(0.,11.2178898059,23.5550113509,36.0421614499,41.2598590368),.UNSPECIFIED.) ;
#1566=B_SPLINE_CURVE_WITH_KNOTS('',3,(#1567,#1568,#1569,#1570),.UNSPECIFIED.,.F.,.U.,(4,4),(0.,10.1048135814),.UNSPECIFIED.) ;
#1888=MANIFOLD_SOLID_BREP('239729 - Support bielle d''entrainement',#50) ;
#11=CALENDAR_DATE(2021,1,12) ;
#30=CC_DESIGN_APPROVAL(#21,(#16,#6,#14)) ;
#18=CC_DESIGN_DATE_AND_TIME_ASSIGNMENT(#13,#17,(#16)) ;
#29=CC_DESIGN_DATE_AND_TIME_ASSIGNMENT(#13,#28,(#14)) ;
#17=DATE_TIME_ROLE('classification_date') ;
#28=DATE_TIME_ROLE('creation_date') ;
#27=CC_DESIGN_PERSON_AND_ORGANIZATION_ASSIGNMENT(#25,#26,(#16)) ;
#33=CC_DESIGN_PERSON_AND_ORGANIZATION_ASSIGNMENT(#25,#34,(#6)) ;
#35=CC_DESIGN_PERSON_AND_ORGANIZATION_ASSIGNMENT(#25,#36,(#6,#14)) ;
#37=CC_DESIGN_PERSON_AND_ORGANIZATION_ASSIGNMENT(#25,#38,(#5)) ;
#26=PERSON_AND_ORGANIZATION_ROLE('classification_officer') ;
#34=PERSON_AND_ORGANIZATION_ROLE('design_supplier') ;
#36=PERSON_AND_ORGANIZATION_ROLE('creator') ;
#38=PERSON_AND_ORGANIZATION_ROLE('design_owner') ;
#39=CC_DESIGN_SECURITY_CLASSIFICATION(#16,(#6)) ;
#68=CIRCLE('generated circle',#67,10.5) ;
#82=CIRCLE('generated circle',#81,10.5) ;
#133=CIRCLE('generated circle',#132,10.5) ;
#143=CIRCLE('generated circle',#142,10.5) ;
#242=CIRCLE('generated circle',#241,25.) ;
#247=CIRCLE('generated circle',#246,25.) ;
#282=CIRCLE('generated circle',#281,25.) ;
#455=CIRCLE('generated circle',#454,100.) ;
#588=CIRCLE('generated circle',#587,20.) ;
#877=CIRCLE('generated circle',#876,25.) ;
#910=CIRCLE('generated circle',#909,10.5) ;
#926=CIRCLE('generated circle',#925,10.5) ;
#984=CIRCLE('generated circle',#983,10.5) ;
#994=CIRCLE('generated circle',#993,10.5) ;
#1086=CIRCLE('generated circle',#1085,25.) ;
#1091=CIRCLE('generated circle',#1090,25.) ;
#1126=CIRCLE('generated circle',#1125,25.) ;
#1289=CIRCLE('generated circle',#1288,100.) ;
#1416=CIRCLE('generated circle',#1415,20.) ;
#1624=CIRCLE('generated circle',#1623,25.) ;
#1719=CIRCLE('generated circle',#1718,10.) ;
#1733=CIRCLE('generated circle',#1732,10.) ;
#1781=CIRCLE('generated circle',#1780,10.) ;
#1795=CIRCLE('generated circle',#1794,10.) ;
#1890=SHAPE_REPRESENTATION_RELATIONSHIP(' ',' ',#48,#1889) ;
#55=CYLINDRICAL_SURFACE('generated cylinder',#54,10.5) ;
#271=CYLINDRICAL_SURFACE('generated cylinder',#270,25.) ;
#368=CYLINDRICAL_SURFACE('generated cylinder',#367,20.) ;
#393=CYLINDRICAL_SURFACE('generated cylinder',#392,20.) ;
#434=CYLINDRICAL_SURFACE('generated cylinder',#433,100.) ;
#570=CYLINDRICAL_SURFACE('generated cylinder',#569,20.) ;
#818=CYLINDRICAL_SURFACE('generated cylinder',#817,20.) ;
#873=CYLINDRICAL_SURFACE('generated cylinder',#872,25.) ;
#906=CYLINDRICAL_SURFACE('generated cylinder',#905,10.5) ;
#1122=CYLINDRICAL_SURFACE('generated cylinder',#1121,25.) ;
#1219=CYLINDRICAL_SURFACE('generated cylinder',#1218,20.) ;
#1244=CYLINDRICAL_SURFACE('generated cylinder',#1243,20.) ;
#1285=CYLINDRICAL_SURFACE('generated cylinder',#1284,100.) ;
#1412=CYLINDRICAL_SURFACE('generated cylinder',#1411,20.) ;
#1565=CYLINDRICAL_SURFACE('generated cylinder',#1564,20.) ;
#1620=CYLINDRICAL_SURFACE('generated cylinder',#1619,25.) ;
#1715=CYLINDRICAL_SURFACE('generated cylinder',#1714,10.) ;
#1777=CYLINDRICAL_SURFACE('generated cylinder',#1776,10.) ;
#3=DESIGN_CONTEXT(' ',#1,'design') ;
#64=EDGE_CURVE('',#61,#63,#59,.F.) ;
#71=EDGE_CURVE('',#61,#70,#68,.T.) ;
#78=EDGE_CURVE('',#70,#77,#75,.F.) ;
#83=EDGE_CURVE('',#77,#63,#82,.F.) ;
#104=EDGE_CURVE('',#101,#103,#99,.T.) ;
#111=EDGE_CURVE('',#101,#110,#108,.T.) ;
#118=EDGE_CURVE('',#110,#117,#115,.T.) ;
#123=EDGE_CURVE('',#103,#117,#122,.T.) ;
#134=EDGE_CURVE('',#63,#77,#133,.T.) ;
#144=EDGE_CURVE('',#70,#61,#143,.T.) ;
#165=EDGE_CURVE('',#162,#164,#160,.T.) ;
#172=EDGE_CURVE('',#164,#171,#169,.T.) ;
#179=EDGE_CURVE('',#178,#171,#176,.T.) ;
#184=EDGE_CURVE('',#162,#178,#183,.T.) ;
#205=EDGE_CURVE('',#178,#110,#204,.T.) ;
#210=EDGE_CURVE('',#162,#101,#209,.T.) ;
#231=EDGE_CURVE('',#228,#230,#226,.T.) ;
#238=EDGE_CURVE('',#237,#230,#235,.T.) ;
#243=EDGE_CURVE('',#237,#117,#242,.T.) ;
#250=EDGE_CURVE('',#171,#249,#247,.T.) ;
#255=EDGE_CURVE('',#249,#228,#254,.T.) ;
#278=EDGE_CURVE('',#277,#249,#275,.T.) ;
#283=EDGE_CURVE('',#164,#277,#282,.F.) ;
#302=EDGE_CURVE('',#277,#301,#299,.T.) ;
#312=EDGE_CURVE('',#311,#301,#303,.T.) ;
#319=EDGE_CURVE('',#318,#311,#316,.T.) ;
#329=EDGE_CURVE('',#318,#328,#320,.T.) ;
#336=EDGE_CURVE('',#328,#335,#333,.T.) ;
#343=EDGE_CURVE('',#335,#342,#340,.T.) ;
#351=EDGE_CURVE('',#342,#228,#344,.T.) ;
#375=EDGE_CURVE('',#342,#374,#372,.T.) ;
#381=EDGE_CURVE('',#374,#230,#376,.T.) ;
#401=EDGE_CURVE('',#328,#400,#394,.T.) ;
#408=EDGE_CURVE('',#318,#407,#405,.T.) ;
#416=EDGE_CURVE('',#407,#415,#409,.T.) ;
#421=EDGE_CURVE('',#400,#415,#420,.T.) ;
#443=EDGE_CURVE('',#440,#442,#438,.T.) ;
#451=EDGE_CURVE('',#442,#335,#444,.T.) ;
#456=EDGE_CURVE('',#400,#440,#455,.F.) ;
#478=EDGE_CURVE('',#475,#477,#473,.T.) ;
#485=EDGE_CURVE('',#477,#484,#482,.T.) ;
#492=EDGE_CURVE('',#491,#484,#489,.T.) ;
#511=EDGE_CURVE('',#491,#510,#493,.T.) ;
#516=EDGE_CURVE('',#510,#374,#515,.T.) ;
#523=EDGE_CURVE('',#522,#442,#520,.T.) ;
#528=EDGE_CURVE('',#475,#522,#527,.T.) ;
#553=EDGE_CURVE('',#552,#522,#550,.T.) ;
#558=EDGE_CURVE('',#552,#440,#557,.T.) ;
#577=EDGE_CURVE('',#576,#510,#574,.T.) ;
#584=EDGE_CURVE('',#583,#491,#581,.T.) ;
#589=EDGE_CURVE('',#583,#576,#588,.F.) ;
#608=EDGE_CURVE('',#607,#484,#605,.T.) ;
#615=EDGE_CURVE('',#614,#477,#612,.T.) ;
#620=EDGE_CURVE('',#614,#607,#619,.T.) ;
#641=EDGE_CURVE('',#638,#640,#636,.T.) ;
#648=EDGE_CURVE('',#640,#647,#645,.T.) ;
#655=EDGE_CURVE('',#654,#647,#652,.T.) ;
#662=EDGE_CURVE('',#654,#661,#659,.T.) ;
#669=EDGE_CURVE('',#661,#668,#666,.T.) ;
#676=EDGE_CURVE('',#675,#668,#673,.T.) ;
#683=EDGE_CURVE('',#682,#675,#680,.T.) ;
#690=EDGE_CURVE('',#689,#682,#687,.T.) ;
#695=EDGE_CURVE('',#689,#614,#694,.T.) ;
#700=EDGE_CURVE('',#638,#475,#699,.T.) ;
#720=EDGE_CURVE('',#583,#607,#719,.T.) ;
#737=EDGE_CURVE('',#638,#552,#736,.T.) ;
#754=EDGE_CURVE('',#576,#415,#753,.T.) ;
#761=EDGE_CURVE('',#760,#689,#758,.F.) ;
#768=EDGE_CURVE('',#767,#760,#765,.T.) ;
#773=EDGE_CURVE('',#767,#640,#772,.F.) ;
#801=EDGE_CURVE('',#311,#800,#798,.T.) ;
#806=EDGE_CURVE('',#407,#800,#805,.T.) ;
#825=EDGE_CURVE('',#301,#824,#822,.T.) ;
#831=EDGE_CURVE('',#800,#824,#826,.T.) ;
#850=EDGE_CURVE('',#849,#824,#847,.T.) ;
#855=EDGE_CURVE('',#849,#237,#854,.T.) ;
#878=EDGE_CURVE('',#849,#103,#877,.F.) ;
#915=EDGE_CURVE('',#912,#914,#910,.F.) ;
#922=EDGE_CURVE('',#921,#912,#919,.T.) ;
#929=EDGE_CURVE('',#928,#921,#926,.T.) ;
#934=EDGE_CURVE('',#928,#914,#933,.T.) ;
#955=EDGE_CURVE('',#952,#954,#950,.T.) ;
#962=EDGE_CURVE('',#961,#954,#959,.T.) ;
#969=EDGE_CURVE('',#968,#961,#966,.T.) ;
#974=EDGE_CURVE('',#968,#952,#973,.T.) ;
#985=EDGE_CURVE('',#914,#912,#984,.T.) ;
#995=EDGE_CURVE('',#921,#928,#994,.T.) ;
#1016=EDGE_CURVE('',#1013,#1015,#1011,.T.) ;
#1023=EDGE_CURVE('',#1015,#1022,#1020,.T.) ;
#1030=EDGE_CURVE('',#1029,#1022,#1027,.T.) ;
#1035=EDGE_CURVE('',#1013,#1029,#1034,.T.) ;
#1056=EDGE_CURVE('',#1013,#968,#1055,.T.) ;
#1061=EDGE_CURVE('',#1015,#961,#1060,.T.) ;
#1082=EDGE_CURVE('',#1079,#1081,#1077,.T.) ;
#1087=EDGE_CURVE('',#1022,#1079,#1086,.T.) ;
#1094=EDGE_CURVE('',#1093,#954,#1091,.T.) ;
#1101=EDGE_CURVE('',#1093,#1100,#1098,.T.) ;
#1106=EDGE_CURVE('',#1081,#1100,#1105,.T.) ;
#1129=EDGE_CURVE('',#1029,#1128,#1126,.F.) ;
#1134=EDGE_CURVE('',#1128,#1079,#1133,.F.) ;
#1156=EDGE_CURVE('',#1155,#1081,#1147,.T.) ;
#1163=EDGE_CURVE('',#1162,#1155,#1160,.T.) ;
#1170=EDGE_CURVE('',#1169,#1162,#1167,.T.) ;
#1180=EDGE_CURVE('',#1179,#1169,#1171,.T.) ;
#1187=EDGE_CURVE('',#1179,#1186,#1184,.T.) ;
#1197=EDGE_CURVE('',#1186,#1196,#1188,.T.) ;
#1202=EDGE_CURVE('',#1128,#1196,#1201,.T.) ;
#1227=EDGE_CURVE('',#1226,#1100,#1220,.T.) ;
#1232=EDGE_CURVE('',#1155,#1226,#1231,.F.) ;
#1253=EDGE_CURVE('',#1250,#1252,#1248,.F.) ;
#1261=EDGE_CURVE('',#1260,#1252,#1254,.T.) ;
#1266=EDGE_CURVE('',#1179,#1260,#1265,.F.) ;
#1272=EDGE_CURVE('',#1169,#1250,#1267,.T.) ;
#1292=EDGE_CURVE('',#1250,#1291,#1289,.F.) ;
#1302=EDGE_CURVE('',#1301,#1162,#1293,.T.) ;
#1307=EDGE_CURVE('',#1291,#1301,#1306,.F.) ;
#1327=EDGE_CURVE('',#661,#1326,#1324,.T.) ;
#1332=EDGE_CURVE('',#1326,#1301,#1331,.T.) ;
#1339=EDGE_CURVE('',#1338,#1226,#1336,.T.) ;
#1358=EDGE_CURVE('',#1357,#1338,#1340,.T.) ;
#1365=EDGE_CURVE('',#1357,#1364,#1362,.T.) ;
#1370=EDGE_CURVE('',#668,#1364,#1369,.T.) ;
#1395=EDGE_CURVE('',#1394,#1291,#1392,.T.) ;
#1400=EDGE_CURVE('',#1394,#1326,#1399,.T.) ;
#1421=EDGE_CURVE('',#1418,#1420,#1416,.F.) ;
#1426=EDGE_CURVE('',#1418,#1357,#1425,.F.) ;
#1431=EDGE_CURVE('',#1420,#1338,#1430,.F.) ;
#1450=EDGE_CURVE('',#675,#1449,#1447,.T.) ;
#1455=EDGE_CURVE('',#1449,#1364,#1454,.T.) ;
#1467=EDGE_CURVE('',#1418,#1449,#1466,.T.) ;
#1484=EDGE_CURVE('',#654,#1394,#1483,.T.) ;
#1503=EDGE_CURVE('',#647,#1502,#1500,.T.) ;
#1510=EDGE_CURVE('',#1502,#1509,#1507,.T.) ;
#1515=EDGE_CURVE('',#682,#1509,#1514,.T.) ;
#1520=EDGE_CURVE('',#1420,#1252,#1519,.T.) ;
#1548=EDGE_CURVE('',#1260,#1547,#1545,.T.) ;
#1553=EDGE_CURVE('',#1186,#1547,#1552,.T.) ;
#1573=EDGE_CURVE('',#1547,#1572,#1566,.T.) ;
#1578=EDGE_CURVE('',#1196,#1572,#1577,.F.) ;
#1597=EDGE_CURVE('',#1596,#1093,#1594,.T.) ;
#1602=EDGE_CURVE('',#1596,#1572,#1601,.T.) ;
#1625=EDGE_CURVE('',#1596,#952,#1624,.F.) ;
#1660=EDGE_CURVE('',#1502,#1659,#1657,.F.) ;
#1667=EDGE_CURVE('',#1659,#1666,#1664,.T.) ;
#1672=EDGE_CURVE('',#1509,#1666,#1671,.F.) ;
#1691=EDGE_CURVE('',#1659,#1690,#1688,.T.) ;
#1698=EDGE_CURVE('',#1690,#1697,#1695,.T.) ;
#1703=EDGE_CURVE('',#1666,#1697,#1702,.T.) ;
#1722=EDGE_CURVE('',#1690,#1721,#1719,.F.) ;
#1729=EDGE_CURVE('',#1721,#1728,#1726,.T.) ;
#1734=EDGE_CURVE('',#1697,#1728,#1733,.F.) ;
#1753=EDGE_CURVE('',#1721,#1752,#1750,.F.) ;
#1760=EDGE_CURVE('',#1752,#1759,#1757,.T.) ;
#1765=EDGE_CURVE('',#1728,#1759,#1764,.F.) ;
#1784=EDGE_CURVE('',#1752,#1783,#1781,.F.) ;
#1791=EDGE_CURVE('',#1783,#1790,#1788,.T.) ;
#1796=EDGE_CURVE('',#1759,#1790,#1795,.F.) ;
#1815=EDGE_CURVE('',#1783,#1814,#1812,.F.) ;
#1822=EDGE_CURVE('',#1814,#1821,#1819,.T.) ;
#1827=EDGE_CURVE('',#1790,#1821,#1826,.F.) ;
#1839=EDGE_CURVE('',#1814,#767,#1838,.F.) ;
#1844=EDGE_CURVE('',#1821,#760,#1843,.F.) ;
#84=EDGE_LOOP('',(#85,#86,#87,#88)) ;
#124=EDGE_LOOP('',(#125,#126,#127,#128)) ;
#135=EDGE_LOOP('',(#136,#137)) ;
#145=EDGE_LOOP('',(#146,#147,#148,#149)) ;
#185=EDGE_LOOP('',(#186,#187,#188,#189)) ;
#191=EDGE_LOOP('',(#192,#193)) ;
#211=EDGE_LOOP('',(#212,#213,#214,#215)) ;
#256=EDGE_LOOP('',(#257,#258,#259,#260,#261,#262,#263,#264)) ;
#284=EDGE_LOOP('',(#285,#286,#287,#288)) ;
#352=EDGE_LOOP('',(#353,#354,#355,#356,#357,#358,#359,#360,#361)) ;
#382=EDGE_LOOP('',(#383,#384,#385,#386)) ;
#422=EDGE_LOOP('',(#423,#424,#425,#426,#427)) ;
#457=EDGE_LOOP('',(#458,#459,#460,#461,#462)) ;
#529=EDGE_LOOP('',(#530,#531,#532,#533,#534,#535,#536,#537,#538,#539)) ;
#559=EDGE_LOOP('',(#560,#561,#562,#563)) ;
#590=EDGE_LOOP('',(#591,#592,#593,#594)) ;
#621=EDGE_LOOP('',(#622,#623,#624,#625)) ;
#701=EDGE_LOOP('',(#702,#703,#704,#705,#706,#707,#708,#709,#710,#711,#712,#713)) ;
#721=EDGE_LOOP('',(#722,#723,#724,#725)) ;
#738=EDGE_LOOP('',(#739,#740,#741,#742)) ;
#774=EDGE_LOOP('',(#775,#776,#777,#778,#779,#780,#781,#782,#783,#784,#785,#786,#787)) ;
#807=EDGE_LOOP('',(#808,#809,#810,#811)) ;
#832=EDGE_LOOP('',(#833,#834,#835,#836)) ;
#856=EDGE_LOOP('',(#857,#858,#859,#860,#861,#862,#863,#864,#865,#866)) ;
#879=EDGE_LOOP('',(#880,#881,#882,#883)) ;
#891=EDGE_LOOP('',(#892,#893,#894,#895,#896,#897,#898,#899)) ;
#935=EDGE_LOOP('',(#936,#937,#938,#939)) ;
#975=EDGE_LOOP('',(#976,#977,#978,#979)) ;
#986=EDGE_LOOP('',(#987,#988)) ;
#996=EDGE_LOOP('',(#997,#998,#999,#1000)) ;
#1036=EDGE_LOOP('',(#1037,#1038,#1039,#1040)) ;
#1042=EDGE_LOOP('',(#1043,#1044)) ;
#1062=EDGE_LOOP('',(#1063,#1064,#1065,#1066)) ;
#1107=EDGE_LOOP('',(#1108,#1109,#1110,#1111,#1112,#1113,#1114,#1115)) ;
#1135=EDGE_LOOP('',(#1136,#1137,#1138,#1139)) ;
#1203=EDGE_LOOP('',(#1204,#1205,#1206,#1207,#1208,#1209,#1210,#1211,#1212)) ;
#1233=EDGE_LOOP('',(#1234,#1235,#1236,#1237)) ;
#1273=EDGE_LOOP('',(#1274,#1275,#1276,#1277,#1278)) ;
#1308=EDGE_LOOP('',(#1309,#1310,#1311,#1312,#1313)) ;
#1371=EDGE_LOOP('',(#1372,#1373,#1374,#1375,#1376,#1377,#1378,#1379,#1380,#1381)) ;
#1401=EDGE_LOOP('',(#1402,#1403,#1404,#1405)) ;
#1432=EDGE_LOOP('',(#1433,#1434,#1435,#1436)) ;
#1456=EDGE_LOOP('',(#1457,#1458,#1459,#1460)) ;
#1468=EDGE_LOOP('',(#1469,#1470,#1471,#1472)) ;
#1485=EDGE_LOOP('',(#1486,#1487,#1488,#1489)) ;
#1521=EDGE_LOOP('',(#1522,#1523,#1524,#1525,#1526,#1527,#1528,#1529,#1530,#1531,#1532,#1533,#1534)) ;
#1554=EDGE_LOOP('',(#1555,#1556,#1557,#1558)) ;
#1579=EDGE_LOOP('',(#1580,#1581,#1582,#1583)) ;
#1603=EDGE_LOOP('',(#1604,#1605,#1606,#1607,#1608,#1609,#1610,#1611,#1612,#1613)) ;
#1626=EDGE_LOOP('',(#1627,#1628,#1629,#1630)) ;
#1638=EDGE_LOOP('',(#1639,#1640,#1641,#1642,#1643,#1644,#1645,#1646)) ;
#1673=EDGE_LOOP('',(#1674,#1675,#1676,#1677)) ;
#1704=EDGE_LOOP('',(#1705,#1706,#1707,#1708)) ;
#1735=EDGE_LOOP('',(#1736,#1737,#1738,#1739)) ;
#1766=EDGE_LOOP('',(#1767,#1768,#1769,#1770)) ;
#1797=EDGE_LOOP('',(#1798,#1799,#1800,#1801)) ;
#1828=EDGE_LOOP('',(#1829,#1830,#1831,#1832)) ;
#1845=EDGE_LOOP('',(#1846,#1847,#1848,#1849)) ;
#1857=EDGE_LOOP('',(#1858,#1859,#1860,#1861,#1862,#1863,#1864,#1865,#1866,#1867)) ;
#1875=EDGE_LOOP('',(#1876,#1877,#1878,#1879,#1880,#1881,#1882,#1883,#1884,#1885)) ;
#89=FACE_OUTER_BOUND('',#84,.T.) ;
#129=FACE_OUTER_BOUND('',#124,.T.) ;
#150=FACE_OUTER_BOUND('',#145,.T.) ;
#190=FACE_OUTER_BOUND('',#185,.T.) ;
#216=FACE_OUTER_BOUND('',#211,.T.) ;
#265=FACE_OUTER_BOUND('',#256,.T.) ;
#289=FACE_OUTER_BOUND('',#284,.T.) ;
#362=FACE_OUTER_BOUND('',#352,.T.) ;
#387=FACE_OUTER_BOUND('',#382,.T.) ;
#428=FACE_OUTER_BOUND('',#422,.T.) ;
#463=FACE_OUTER_BOUND('',#457,.T.) ;
#540=FACE_OUTER_BOUND('',#529,.T.) ;
#564=FACE_OUTER_BOUND('',#559,.T.) ;
#595=FACE_OUTER_BOUND('',#590,.T.) ;
#626=FACE_OUTER_BOUND('',#621,.T.) ;
#714=FACE_OUTER_BOUND('',#701,.T.) ;
#726=FACE_OUTER_BOUND('',#721,.T.) ;
#743=FACE_OUTER_BOUND('',#738,.T.) ;
#788=FACE_OUTER_BOUND('',#774,.T.) ;
#812=FACE_OUTER_BOUND('',#807,.T.) ;
#837=FACE_OUTER_BOUND('',#832,.T.) ;
#867=FACE_OUTER_BOUND('',#856,.T.) ;
#884=FACE_OUTER_BOUND('',#879,.T.) ;
#900=FACE_OUTER_BOUND('',#891,.T.) ;
#940=FACE_OUTER_BOUND('',#935,.T.) ;
#980=FACE_OUTER_BOUND('',#975,.T.) ;
#1001=FACE_OUTER_BOUND('',#996,.T.) ;
#1041=FACE_OUTER_BOUND('',#1036,.T.) ;
#1067=FACE_OUTER_BOUND('',#1062,.T.) ;
#1116=FACE_OUTER_BOUND('',#1107,.T.) ;
#1140=FACE_OUTER_BOUND('',#1135,.T.) ;
#1213=FACE_OUTER_BOUND('',#1203,.T.) ;
#1238=FACE_OUTER_BOUND('',#1233,.T.) ;
#1279=FACE_OUTER_BOUND('',#1273,.T.) ;
#1314=FACE_OUTER_BOUND('',#1308,.T.) ;
#1382=FACE_OUTER_BOUND('',#1371,.T.) ;
#1406=FACE_OUTER_BOUND('',#1401,.T.) ;
#1437=FACE_OUTER_BOUND('',#1432,.T.) ;
#1461=FACE_OUTER_BOUND('',#1456,.T.) ;
#1473=FACE_OUTER_BOUND('',#1468,.T.) ;
#1490=FACE_OUTER_BOUND('',#1485,.T.) ;
#1535=FACE_OUTER_BOUND('',#1521,.T.) ;
#1559=FACE_OUTER_BOUND('',#1554,.T.) ;
#1584=FACE_OUTER_BOUND('',#1579,.T.) ;
#1614=FACE_OUTER_BOUND('',#1603,.T.) ;
#1631=FACE_OUTER_BOUND('',#1626,.T.) ;
#1647=FACE_OUTER_BOUND('',#1638,.T.) ;
#1678=FACE_OUTER_BOUND('',#1673,.T.) ;
#1709=FACE_OUTER_BOUND('',#1704,.T.) ;
#1740=FACE_OUTER_BOUND('',#1735,.T.) ;
#1771=FACE_OUTER_BOUND('',#1766,.T.) ;
#1802=FACE_OUTER_BOUND('',#1797,.T.) ;
#1833=FACE_OUTER_BOUND('',#1828,.T.) ;
#1850=FACE_OUTER_BOUND('',#1845,.T.) ;
#1868=FACE_OUTER_BOUND('',#1857,.T.) ;
#1886=FACE_OUTER_BOUND('',#1875,.T.) ;
#44=UNCERTAINTY_MEASURE_WITH_UNIT(LENGTH_MEASURE(0.005),#41,'distance_accuracy_value','CONFUSED CURVE UNCERTAINTY') ;
#59=LINE('Line',#56,#58) ;
#75=LINE('Line',#72,#74) ;
#99=LINE('Line',#96,#98) ;
#108=LINE('Line',#105,#107) ;
#115=LINE('Line',#112,#114) ;
#122=LINE('Line',#119,#121) ;
#160=LINE('Line',#157,#159) ;
#169=LINE('Line',#166,#168) ;
#176=LINE('Line',#173,#175) ;
#183=LINE('Line',#180,#182) ;
#204=LINE('Line',#201,#203) ;
#209=LINE('Line',#206,#208) ;
#226=LINE('Line',#223,#225) ;
#235=LINE('Line',#232,#234) ;
#254=LINE('Line',#251,#253) ;
#275=LINE('Line',#272,#274) ;
#299=LINE('Line',#296,#298) ;
#316=LINE('Line',#313,#315) ;
#333=LINE('Line',#330,#332) ;
#340=LINE('Line',#337,#339) ;
#372=LINE('Line',#369,#371) ;
#405=LINE('Line',#402,#404) ;
#420=LINE('Line',#417,#419) ;
#438=LINE('Line',#435,#437) ;
#473=LINE('Line',#470,#472) ;
#482=LINE('Line',#479,#481) ;
#489=LINE('Line',#486,#488) ;
#515=LINE('Line',#512,#514) ;
#520=LINE('Line',#517,#519) ;
#527=LINE('Line',#524,#526) ;
#550=LINE('Line',#547,#549) ;
#557=LINE('Line',#554,#556) ;
#574=LINE('Line',#571,#573) ;
#581=LINE('Line',#578,#580) ;
#605=LINE('Line',#602,#604) ;
#612=LINE('Line',#609,#611) ;
#619=LINE('Line',#616,#618) ;
#636=LINE('Line',#633,#635) ;
#645=LINE('Line',#642,#644) ;
#652=LINE('Line',#649,#651) ;
#659=LINE('Line',#656,#658) ;
#666=LINE('Line',#663,#665) ;
#673=LINE('Line',#670,#672) ;
#680=LINE('Line',#677,#679) ;
#687=LINE('Line',#684,#686) ;
#694=LINE('Line',#691,#693) ;
#699=LINE('Line',#696,#698) ;
#719=LINE('Line',#716,#718) ;
#736=LINE('Line',#733,#735) ;
#753=LINE('Line',#750,#752) ;
#758=LINE('Line',#755,#757) ;
#765=LINE('Line',#762,#764) ;
#772=LINE('Line',#769,#771) ;
#798=LINE('Line',#795,#797) ;
#805=LINE('Line',#802,#804) ;
#822=LINE('Line',#819,#821) ;
#847=LINE('Line',#844,#846) ;
#854=LINE('Line',#851,#853) ;
#919=LINE('Line',#916,#918) ;
#933=LINE('Line',#930,#932) ;
#950=LINE('Line',#947,#949) ;
#959=LINE('Line',#956,#958) ;
#966=LINE('Line',#963,#965) ;
#973=LINE('Line',#970,#972) ;
#1011=LINE('Line',#1008,#1010) ;
#1020=LINE('Line',#1017,#1019) ;
#1027=LINE('Line',#1024,#1026) ;
#1034=LINE('Line',#1031,#1033) ;
#1055=LINE('Line',#1052,#1054) ;
#1060=LINE('Line',#1057,#1059) ;
#1077=LINE('Line',#1074,#1076) ;
#1098=LINE('Line',#1095,#1097) ;
#1105=LINE('Line',#1102,#1104) ;
#1133=LINE('Line',#1130,#1132) ;
#1160=LINE('Line',#1157,#1159) ;
#1167=LINE('Line',#1164,#1166) ;
#1184=LINE('Line',#1181,#1183) ;
#1201=LINE('Line',#1198,#1200) ;
#1231=LINE('Line',#1228,#1230) ;
#1248=LINE('Line',#1245,#1247) ;
#1265=LINE('Line',#1262,#1264) ;
#1306=LINE('Line',#1303,#1305) ;
#1324=LINE('Line',#1321,#1323) ;
#1331=LINE('Line',#1328,#1330) ;
#1336=LINE('Line',#1333,#1335) ;
#1362=LINE('Line',#1359,#1361) ;
#1369=LINE('Line',#1366,#1368) ;
#1392=LINE('Line',#1389,#1391) ;
#1399=LINE('Line',#1396,#1398) ;
#1425=LINE('Line',#1422,#1424) ;
#1430=LINE('Line',#1427,#1429) ;
#1447=LINE('Line',#1444,#1446) ;
#1454=LINE('Line',#1451,#1453) ;
#1466=LINE('Line',#1463,#1465) ;
#1483=LINE('Line',#1480,#1482) ;
#1500=LINE('Line',#1497,#1499) ;
#1507=LINE('Line',#1504,#1506) ;
#1514=LINE('Line',#1511,#1513) ;
#1519=LINE('Line',#1516,#1518) ;
#1545=LINE('Line',#1542,#1544) ;
#1552=LINE('Line',#1549,#1551) ;
#1577=LINE('Line',#1574,#1576) ;
#1594=LINE('Line',#1591,#1593) ;
#1601=LINE('Line',#1598,#1600) ;
#1657=LINE('Line',#1654,#1656) ;
#1664=LINE('Line',#1661,#1663) ;
#1671=LINE('Line',#1668,#1670) ;
#1688=LINE('Line',#1685,#1687) ;
#1695=LINE('Line',#1692,#1694) ;
#1702=LINE('Line',#1699,#1701) ;
#1726=LINE('Line',#1723,#1725) ;
#1750=LINE('Line',#1747,#1749) ;
#1757=LINE('Line',#1754,#1756) ;
#1764=LINE('Line',#1761,#1763) ;
#1788=LINE('Line',#1785,#1787) ;
#1812=LINE('Line',#1809,#1811) ;
#1819=LINE('Line',#1816,#1818) ;
#1826=LINE('Line',#1823,#1825) ;
#1838=LINE('Line',#1835,#1837) ;
#1843=LINE('Line',#1840,#1842) ;
#2=MECHANICAL_CONTEXT(' ',#1,'mechanical') ;
#24=PERSONAL_ADDRESS(' ',' ',' ',' ',' ',' ',' ',' ',' ',' ',' ',' ',(#22),' ') ;
#95=PLANE('',#94) ;
#156=PLANE('',#155) ;
#200=PLANE('',#199) ;
#222=PLANE('',#221) ;
#295=PLANE('',#294) ;
#469=PLANE('',#468) ;
#546=PLANE('',#545) ;
#601=PLANE('',#600) ;
#632=PLANE('',#631) ;
#732=PLANE('',#731) ;
#749=PLANE('',#748) ;
#794=PLANE('',#793) ;
#843=PLANE('',#842) ;
#890=PLANE('',#889) ;
#946=PLANE('',#945) ;
#1007=PLANE('',#1006) ;
#1051=PLANE('',#1050) ;
#1073=PLANE('',#1072) ;
#1146=PLANE('',#1145) ;
#1320=PLANE('',#1319) ;
#1388=PLANE('',#1387) ;
#1443=PLANE('',#1442) ;
#1479=PLANE('',#1478) ;
#1496=PLANE('',#1495) ;
#1541=PLANE('',#1540) ;
#1590=PLANE('',#1589) ;
#1637=PLANE('',#1636) ;
#1653=PLANE('',#1652) ;
#1684=PLANE('',#1683) ;
#1746=PLANE('',#1745) ;
#1808=PLANE('',#1807) ;
#1856=PLANE('',#1855) ;
#1874=PLANE('',#1873) ;
#7=PRODUCT_CATEGORY('part',$) ;
#9=PRODUCT_CATEGORY_RELATIONSHIP(' ',' ',#7,#8) ;
#6=PRODUCT_DEFINITION_FORMATION_WITH_SPECIFIED_SOURCE('--A',' ',#5,.NOT_KNOWN.) ;
#8=PRODUCT_RELATED_PRODUCT_CATEGORY('detail',$,(#5)) ;
#49=SHAPE_DEFINITION_REPRESENTATION(#40,#48) ;
#61=VERTEX_POINT('',#60) ;
#63=VERTEX_POINT('',#62) ;
#70=VERTEX_POINT('',#69) ;
#77=VERTEX_POINT('',#76) ;
#101=VERTEX_POINT('',#100) ;
#103=VERTEX_POINT('',#102) ;
#110=VERTEX_POINT('',#109) ;
#117=VERTEX_POINT('',#116) ;
#162=VERTEX_POINT('',#161) ;
#164=VERTEX_POINT('',#163) ;
#171=VERTEX_POINT('',#170) ;
#178=VERTEX_POINT('',#177) ;
#228=VERTEX_POINT('',#227) ;
#230=VERTEX_POINT('',#229) ;
#237=VERTEX_POINT('',#236) ;
#249=VERTEX_POINT('',#248) ;
#277=VERTEX_POINT('',#276) ;
#301=VERTEX_POINT('',#300) ;
#311=VERTEX_POINT('',#310) ;
#318=VERTEX_POINT('',#317) ;
#328=VERTEX_POINT('',#327) ;
#335=VERTEX_POINT('',#334) ;
#342=VERTEX_POINT('',#341) ;
#374=VERTEX_POINT('',#373) ;
#400=VERTEX_POINT('',#399) ;
#407=VERTEX_POINT('',#406) ;
#415=VERTEX_POINT('',#414) ;
#440=VERTEX_POINT('',#439) ;
#442=VERTEX_POINT('',#441) ;
#475=VERTEX_POINT('',#474) ;
#477=VERTEX_POINT('',#476) ;
#484=VERTEX_POINT('',#483) ;
#491=VERTEX_POINT('',#490) ;
#510=VERTEX_POINT('',#509) ;
#522=VERTEX_POINT('',#521) ;
#552=VERTEX_POINT('',#551) ;
#576=VERTEX_POINT('',#575) ;
#583=VERTEX_POINT('',#582) ;
#607=VERTEX_POINT('',#606) ;
#614=VERTEX_POINT('',#613) ;
#638=VERTEX_POINT('',#637) ;
#640=VERTEX_POINT('',#639) ;
#647=VERTEX_POINT('',#646) ;
#654=VERTEX_POINT('',#653) ;
#661=VERTEX_POINT('',#660) ;
#668=VERTEX_POINT('',#667) ;
#675=VERTEX_POINT('',#674) ;
#682=VERTEX_POINT('',#681) ;
#689=VERTEX_POINT('',#688) ;
#760=VERTEX_POINT('',#759) ;
#767=VERTEX_POINT('',#766) ;
#800=VERTEX_POINT('',#799) ;
#824=VERTEX_POINT('',#823) ;
#849=VERTEX_POINT('',#848) ;
#912=VERTEX_POINT('',#911) ;
#914=VERTEX_POINT('',#913) ;
#921=VERTEX_POINT('',#920) ;
#928=VERTEX_POINT('',#927) ;
#952=VERTEX_POINT('',#951) ;
#954=VERTEX_POINT('',#953) ;
#961=VERTEX_POINT('',#960) ;
#968=VERTEX_POINT('',#967) ;
#1013=VERTEX_POINT('',#1012) ;
#1015=VERTEX_POINT('',#1014) ;
#1022=VERTEX_POINT('',#1021) ;
#1029=VERTEX_POINT('',#1028) ;
#1079=VERTEX_POINT('',#1078) ;
#1081=VERTEX_POINT('',#1080) ;
#1093=VERTEX_POINT('',#1092) ;
#1100=VERTEX_POINT('',#1099) ;
#1128=VERTEX_POINT('',#1127) ;
#1155=VERTEX_POINT('',#1154) ;
#1162=VERTEX_POINT('',#1161) ;
#1169=VERTEX_POINT('',#1168) ;
#1179=VERTEX_POINT('',#1178) ;
#1186=VERTEX_POINT('',#1185) ;
#1196=VERTEX_POINT('',#1195) ;
#1226=VERTEX_POINT('',#1225) ;
#1250=VERTEX_POINT('',#1249) ;
#1252=VERTEX_POINT('',#1251) ;
#1260=VERTEX_POINT('',#1259) ;
#1291=VERTEX_POINT('',#1290) ;
#1301=VERTEX_POINT('',#1300) ;
#1326=VERTEX_POINT('',#1325) ;
#1338=VERTEX_POINT('',#1337) ;
#1357=VERTEX_POINT('',#1356) ;
#1364=VERTEX_POINT('',#1363) ;
#1394=VERTEX_POINT('',#1393) ;
#1418=VERTEX_POINT('',#1417) ;
#1420=VERTEX_POINT('',#1419) ;
#1449=VERTEX_POINT('',#1448) ;
#1502=VERTEX_POINT('',#1501) ;
#1509=VERTEX_POINT('',#1508) ;
#1547=VERTEX_POINT('',#1546) ;
#1572=VERTEX_POINT('',#1571) ;
#1596=VERTEX_POINT('',#1595) ;
#1659=VERTEX_POINT('',#1658) ;
#1666=VERTEX_POINT('',#1665) ;
#1690=VERTEX_POINT('',#1689) ;
#1697=VERTEX_POINT('',#1696) ;
#1721=VERTEX_POINT('',#1720) ;
#1728=VERTEX_POINT('',#1727) ;
#1752=VERTEX_POINT('',#1751) ;
#1759=VERTEX_POINT('',#1758) ;
#1783=VERTEX_POINT('',#1782) ;
#1790=VERTEX_POINT('',#1789) ;
#1814=VERTEX_POINT('',#1813) ;
#1821=VERTEX_POINT('',#1820) ;
#41=(LENGTH_UNIT()NAMED_UNIT(*)SI_UNIT(.MILLI.,.METRE.)) ;
#42=(NAMED_UNIT(*)PLANE_ANGLE_UNIT()SI_UNIT($,.RADIAN.)) ;
#43=(NAMED_UNIT(*)SI_UNIT($,.STERADIAN.)SOLID_ANGLE_UNIT()) ;
#45=(GEOMETRIC_REPRESENTATION_CONTEXT(3)GLOBAL_UNCERTAINTY_ASSIGNED_CONTEXT((#44))GLOBAL_UNIT_ASSIGNED_CONTEXT((#41,#42,#43))REPRESENTATION_CONTEXT(' ',' ')) ;
ENDSEC;
END-ISO-10303-21;
