ISO-10303-21;
HEADER;
FILE_DESCRIPTION(('CATIA V5 STEP Exchange','CAx-IF Rec.Pracs.--- Model Styling and Organization---1.4--- 2014-01-23','CAx-IF Rec.Pracs.---Representation and Presentation of Product Manufacturing Information (PMI)---4.0---2014-10-13','CAx-IF Rec.Pracs.---3D Tessellated Data Validation Properties---0.5---2014-09-14'),'2;1');

FILE_NAME('V:\\catia\\priv\\charlem\\SERVICES\\ANTENNE LZB\\FICHIER STEP\\M3D-242943_B - PLAQUE SUPPORT POUR CAPOT ALSTOM.stp','2022-04-06T05:40:07+00:00',('none'),('none'),'CATIA Version 5-6 Release 2016 SP5 HF59','CATIA V5 STEP AP242','none');

FILE_SCHEMA(('AP242_MANAGED_MODEL_BASED_3D_ENGINEERING_MIM_LF  {1 0 10303 442 1 1 4}'));

ENDSEC;
DATA;
#5=PRODUCT('M3D-242943','','SUPPORT PLATE FOR ALSTOM COVER',(#2)) ;
#2=PRODUCT_CONTEXT(' ',#1,'mechanical') ;
#1=APPLICATION_CONTEXT('managed model based 3d engineering') ;
#10=PRODUCT_DEFINITION('MASTER',' ',#6,#3) ;
#3=PRODUCT_DEFINITION_CONTEXT('part definition',#1,' ') ;
#11=PRODUCT_DEFINITION_SHAPE(' ',' ',#10) ;
#10060=MECHANICAL_DESIGN_GEOMETRIC_PRESENTATION_REPRESENTATION(' ',(#4868,#4886,#4927,#4945,#4986,#5004,#5045,#5063,#5104,#5122,#5163,#5181,#5222,#5240,#5281,#5299,#5340,#5358,#5399,#5417,#5458,#5476,#5517,#5535,#5576,#5594,#5635,#5653,#5694,#5712,#5753,#5771,#5812,#5830,#5871,#5903,#5935,#5958,#5999,#6026,#6058,#6076,#6117,#6135,#6176,#6194,#6235,#6253,#6294,#6312,#6353,#6371,#6412,#6430,#6471,#6489,#6530,#6548,#6589,#6607,#6648,#6666,#6707,#6725,#6766,#6784,#6825,#6843,#6884,#6902,#6943,#6961,#7002,#7020,#7061,#7079,#7120,#7152,#7184,#7207,#7248,#7275,#7307,#7325,#7357,#7382,#7414,#7439,#7464,#7496,#7521,#7539,#7642,#7674,#7687,#7702,#7734,#7747,#7757,#7789,#7802,#7812,#7844,#7857,#7867,#7885,#7995,#8110,#8118,#8136,#8241,#8351,#8359,#8865,#8873,#8896,#8904,#8927,#8935,#8958,#8966,#29,#8977,#9519),#16) ;
#19=SHAPE_REPRESENTATION(' ',(#18),#16) ;
#7=PRODUCT_CATEGORY('part','specification') ;
#17=CARTESIAN_POINT(' ',(0.,0.,0.)) ;
#31=CARTESIAN_POINT('Axis2P3D Location',(-14.,-100.,-81.)) ;
#36=CARTESIAN_POINT('Axis2P3D Location',(-14.,-200.,-81.)) ;
#40=CARTESIAN_POINT('Vertex',(10.,-200.,-81.)) ;
#42=CARTESIAN_POINT('Vertex',(-14.,-200.,-105.)) ;
#45=CARTESIAN_POINT('Line Origine',(-14.,-100.,-105.)) ;
#49=CARTESIAN_POINT('Vertex',(-14.,200.,-105.)) ;
#52=CARTESIAN_POINT('Axis2P3D Location',(-14.,200.,-81.)) ;
#56=CARTESIAN_POINT('Vertex',(10.,200.,-81.)) ;
#59=CARTESIAN_POINT('Line Origine',(10.,-100.,-81.)) ;
#71=CARTESIAN_POINT('Axis2P3D Location',(10.,0.,0.)) ;
#76=CARTESIAN_POINT('Axis2P3D Location',(10.,240.,109.61249695)) ;
#80=CARTESIAN_POINT('Vertex',(10.,252.5,94.0000019537)) ;
#82=CARTESIAN_POINT('Vertex',(10.,252.493900951,93.9951207609)) ;
#85=CARTESIAN_POINT('Line Origine',(10.,246.486090358,89.188872286)) ;
#89=CARTESIAN_POINT('Vertex',(10.,240.478279764,84.3826238111)) ;
#92=CARTESIAN_POINT('Axis2P3D Location',(10.,227.984378813,100.)) ;
#96=CARTESIAN_POINT('Vertex',(10.,227.984378813,80.)) ;
#99=CARTESIAN_POINT('Line Origine',(10.,223.992189406,80.)) ;
#103=CARTESIAN_POINT('Vertex',(10.,220.,80.)) ;
#106=CARTESIAN_POINT('Axis2P3D Location',(10.,220.,100.)) ;
#110=CARTESIAN_POINT('Vertex',(10.,200.,100.)) ;
#113=CARTESIAN_POINT('Line Origine',(10.,200.,103.)) ;
#117=CARTESIAN_POINT('Vertex',(10.,200.,106.)) ;
#120=CARTESIAN_POINT('Line Origine',(10.,0.,106.)) ;
#124=CARTESIAN_POINT('Vertex',(10.,-200.,106.)) ;
#127=CARTESIAN_POINT('Line Origine',(10.,-200.,103.)) ;
#131=CARTESIAN_POINT('Vertex',(10.,-200.,100.)) ;
#134=CARTESIAN_POINT('Axis2P3D Location',(10.,-220.,100.)) ;
#138=CARTESIAN_POINT('Vertex',(10.,-220.,80.)) ;
#141=CARTESIAN_POINT('Line Origine',(10.,-223.992189406,80.)) ;
#145=CARTESIAN_POINT('Vertex',(10.,-227.984378813,80.)) ;
#148=CARTESIAN_POINT('Axis2P3D Location',(10.,-227.984378813,100.)) ;
#152=CARTESIAN_POINT('Vertex',(10.,-240.478279764,84.3826238111)) ;
#155=CARTESIAN_POINT('Line Origine',(10.,-246.486090358,89.188872286)) ;
#159=CARTESIAN_POINT('Vertex',(10.,-252.493900951,93.9951207609)) ;
#162=CARTESIAN_POINT('Axis2P3D Location',(10.,-240.,109.61249695)) ;
#166=CARTESIAN_POINT('Vertex',(10.,-252.5,94.0000019537)) ;
#169=CARTESIAN_POINT('Line Origine',(10.,-252.5,9.18750097687)) ;
#173=CARTESIAN_POINT('Vertex',(10.,-252.5,-75.625)) ;
#176=CARTESIAN_POINT('Line Origine',(10.,-249.25243962,-71.5655495245)) ;
#180=CARTESIAN_POINT('Vertex',(10.,-246.004879239,-67.5060990489)) ;
#183=CARTESIAN_POINT('Axis2P3D Location',(10.,-230.38750305,-80.)) ;
#187=CARTESIAN_POINT('Vertex',(10.,-230.38750305,-60.)) ;
#190=CARTESIAN_POINT('Line Origine',(10.,-225.193751525,-60.)) ;
#194=CARTESIAN_POINT('Vertex',(10.,-220.,-60.)) ;
#197=CARTESIAN_POINT('Axis2P3D Location',(10.,-220.,-80.)) ;
#201=CARTESIAN_POINT('Vertex',(10.,-200.,-80.)) ;
#204=CARTESIAN_POINT('Line Origine',(10.,-200.,-80.5)) ;
#209=CARTESIAN_POINT('Line Origine',(10.,200.,-80.5)) ;
#213=CARTESIAN_POINT('Vertex',(10.,200.,-80.)) ;
#216=CARTESIAN_POINT('Axis2P3D Location',(10.,220.,-80.)) ;
#220=CARTESIAN_POINT('Vertex',(10.,220.,-60.)) ;
#223=CARTESIAN_POINT('Line Origine',(10.,225.193751525,-60.)) ;
#227=CARTESIAN_POINT('Vertex',(10.,230.38750305,-60.)) ;
#230=CARTESIAN_POINT('Axis2P3D Location',(10.,230.38750305,-80.)) ;
#234=CARTESIAN_POINT('Vertex',(10.,246.004879239,-67.5060990489)) ;
#237=CARTESIAN_POINT('Line Origine',(10.,249.25243962,-71.5655495245)) ;
#241=CARTESIAN_POINT('Vertex',(10.,252.5,-75.625)) ;
#244=CARTESIAN_POINT('Line Origine',(10.,252.5,9.18750097687)) ;
#277=CARTESIAN_POINT('Axis2P3D Location',(10.,-122.403703492,-40.)) ;
#281=CARTESIAN_POINT('Vertex',(10.,-122.403703492,-55.)) ;
#283=CARTESIAN_POINT('Vertex',(10.,-121.648840884,-54.9809940406)) ;
#286=CARTESIAN_POINT('Line Origine',(10.,-138.201851746,-55.)) ;
#290=CARTESIAN_POINT('Vertex',(10.,-154.,-55.)) ;
#293=CARTESIAN_POINT('Axis2P3D Location',(10.,-154.,-45.)) ;
#297=CARTESIAN_POINT('Vertex',(10.,-164.,-45.)) ;
#300=CARTESIAN_POINT('Line Origine',(10.,-164.,-7.5)) ;
#304=CARTESIAN_POINT('Vertex',(10.,-164.,30.)) ;
#307=CARTESIAN_POINT('Axis2P3D Location',(10.,-154.,30.)) ;
#311=CARTESIAN_POINT('Vertex',(10.,-154.,40.)) ;
#314=CARTESIAN_POINT('Line Origine',(10.,-138.25,40.)) ;
#318=CARTESIAN_POINT('Vertex',(10.,-122.5,40.)) ;
#321=CARTESIAN_POINT('Line Origine',(10.,-122.5,41.25)) ;
#325=CARTESIAN_POINT('Vertex',(10.,-122.5,42.5)) ;
#328=CARTESIAN_POINT('Axis2P3D Location',(10.,-107.5,42.5)) ;
#332=CARTESIAN_POINT('Vertex',(10.,-107.5,57.5)) ;
#335=CARTESIAN_POINT('Line Origine',(10.,-1.42108547152E-014,57.5)) ;
#339=CARTESIAN_POINT('Vertex',(10.,107.5,57.5)) ;
#342=CARTESIAN_POINT('Axis2P3D Location',(10.,107.5,42.5)) ;
#346=CARTESIAN_POINT('Vertex',(10.,122.5,42.5)) ;
#349=CARTESIAN_POINT('Line Origine',(10.,122.5,41.25)) ;
#353=CARTESIAN_POINT('Vertex',(10.,122.5,40.)) ;
#356=CARTESIAN_POINT('Line Origine',(10.,138.25,40.)) ;
#360=CARTESIAN_POINT('Vertex',(10.,154.,40.)) ;
#363=CARTESIAN_POINT('Axis2P3D Location',(10.,154.,30.)) ;
#367=CARTESIAN_POINT('Vertex',(10.,164.,30.)) ;
#370=CARTESIAN_POINT('Line Origine',(10.,164.,-7.5)) ;
#374=CARTESIAN_POINT('Vertex',(10.,164.,-45.)) ;
#377=CARTESIAN_POINT('Axis2P3D Location',(10.,154.,-45.)) ;
#381=CARTESIAN_POINT('Vertex',(10.,154.,-55.)) ;
#384=CARTESIAN_POINT('Line Origine',(10.,138.201851746,-55.)) ;
#388=CARTESIAN_POINT('Vertex',(10.,122.403703492,-55.)) ;
#391=CARTESIAN_POINT('Axis2P3D Location',(10.,122.403703492,-40.)) ;
#395=CARTESIAN_POINT('Vertex',(10.,121.648840884,-54.9809940406)) ;
#398=CARTESIAN_POINT('Axis2P3D Location',(10.,107.5,-50.)) ;
#402=CARTESIAN_POINT('Vertex',(10.,107.5,-65.)) ;
#405=CARTESIAN_POINT('Line Origine',(10.,-1.42108547152E-014,-65.)) ;
#409=CARTESIAN_POINT('Vertex',(10.,-107.5,-65.)) ;
#412=CARTESIAN_POINT('Axis2P3D Location',(10.,-107.5,-50.)) ;
#439=CARTESIAN_POINT('Line Origine',(10.,-87.,103.)) ;
#443=CARTESIAN_POINT('Vertex',(10.,-20.,103.)) ;
#445=CARTESIAN_POINT('Vertex',(10.,-154.,103.)) ;
#448=CARTESIAN_POINT('Axis2P3D Location',(10.,-20.,93.)) ;
#452=CARTESIAN_POINT('Vertex',(10.,-10.,93.)) ;
#455=CARTESIAN_POINT('Line Origine',(10.,-10.,84.)) ;
#459=CARTESIAN_POINT('Vertex',(10.,-10.,75.)) ;
#462=CARTESIAN_POINT('Axis2P3D Location',(10.,-20.,75.)) ;
#466=CARTESIAN_POINT('Vertex',(10.,-20.,65.)) ;
#469=CARTESIAN_POINT('Line Origine',(10.,-87.,65.)) ;
#473=CARTESIAN_POINT('Vertex',(10.,-154.,65.)) ;
#476=CARTESIAN_POINT('Axis2P3D Location',(10.,-154.,75.)) ;
#480=CARTESIAN_POINT('Vertex',(10.,-164.,75.)) ;
#483=CARTESIAN_POINT('Line Origine',(10.,-164.,84.)) ;
#487=CARTESIAN_POINT('Vertex',(10.,-164.,93.)) ;
#490=CARTESIAN_POINT('Axis2P3D Location',(10.,-154.,93.)) ;
#505=CARTESIAN_POINT('Axis2P3D Location',(10.,154.,93.)) ;
#509=CARTESIAN_POINT('Vertex',(10.,164.,93.)) ;
#511=CARTESIAN_POINT('Vertex',(10.,154.,103.)) ;
#514=CARTESIAN_POINT('Line Origine',(10.,164.,84.)) ;
#518=CARTESIAN_POINT('Vertex',(10.,164.,75.)) ;
#521=CARTESIAN_POINT('Axis2P3D Location',(10.,154.,75.)) ;
#525=CARTESIAN_POINT('Vertex',(10.,154.,65.)) ;
#528=CARTESIAN_POINT('Line Origine',(10.,87.,65.)) ;
#532=CARTESIAN_POINT('Vertex',(10.,20.,65.)) ;
#535=CARTESIAN_POINT('Axis2P3D Location',(10.,20.,75.)) ;
#539=CARTESIAN_POINT('Vertex',(10.,10.,75.)) ;
#542=CARTESIAN_POINT('Line Origine',(10.,10.,84.)) ;
#546=CARTESIAN_POINT('Vertex',(10.,10.,93.)) ;
#549=CARTESIAN_POINT('Axis2P3D Location',(10.,20.,93.)) ;
#553=CARTESIAN_POINT('Vertex',(10.,20.,103.)) ;
#556=CARTESIAN_POINT('Line Origine',(10.,87.,103.)) ;
#571=CARTESIAN_POINT('Axis2P3D Location',(10.,-207.5,55.)) ;
#575=CARTESIAN_POINT('Vertex',(10.,-201.795713348,58.1162660009)) ;
#577=CARTESIAN_POINT('Vertex',(10.,-213.204286652,51.8837339991)) ;
#580=CARTESIAN_POINT('Axis2P3D Location',(10.,-207.5,55.)) ;
#589=CARTESIAN_POINT('Axis2P3D Location',(10.,-207.5,-35.)) ;
#593=CARTESIAN_POINT('Vertex',(10.,-201.795713348,-31.8837339991)) ;
#595=CARTESIAN_POINT('Vertex',(10.,-213.204286652,-38.1162660009)) ;
#598=CARTESIAN_POINT('Axis2P3D Location',(10.,-207.5,-35.)) ;
#607=CARTESIAN_POINT('Axis2P3D Location',(10.,207.5,55.)) ;
#611=CARTESIAN_POINT('Vertex',(10.,213.204286652,58.1162660009)) ;
#613=CARTESIAN_POINT('Vertex',(10.,201.795713348,51.8837339991)) ;
#616=CARTESIAN_POINT('Axis2P3D Location',(10.,207.5,55.)) ;
#625=CARTESIAN_POINT('Axis2P3D Location',(10.,207.5,-35.)) ;
#629=CARTESIAN_POINT('Vertex',(10.,213.204286652,-31.8837339991)) ;
#631=CARTESIAN_POINT('Vertex',(10.,201.795713348,-38.1162660009)) ;
#634=CARTESIAN_POINT('Axis2P3D Location',(10.,207.5,-35.)) ;
#644=CARTESIAN_POINT('Axis2P3D Location',(-7.5,-220.,-80.)) ;
#649=CARTESIAN_POINT('Line Origine',(-7.5,-200.,-80.)) ;
#653=CARTESIAN_POINT('Vertex',(2.,-200.,-80.)) ;
#656=CARTESIAN_POINT('Line Origine',(-7.5,-220.,-60.)) ;
#660=CARTESIAN_POINT('Vertex',(2.,-220.,-60.)) ;
#663=CARTESIAN_POINT('Axis2P3D Location',(2.,-220.,-80.)) ;
#675=CARTESIAN_POINT('Axis2P3D Location',(-14.,-100.,106.)) ;
#680=CARTESIAN_POINT('Axis2P3D Location',(-14.,-200.,106.)) ;
#684=CARTESIAN_POINT('Vertex',(-14.,-200.,130.)) ;
#687=CARTESIAN_POINT('Axis2P3D Location',(-14.,200.,106.)) ;
#691=CARTESIAN_POINT('Vertex',(-14.,200.,130.)) ;
#694=CARTESIAN_POINT('Line Origine',(-14.,-100.,130.)) ;
#706=CARTESIAN_POINT('Axis2P3D Location',(0.,-200.,0.)) ;
#711=CARTESIAN_POINT('Line Origine',(-43.,-200.,126.)) ;
#715=CARTESIAN_POINT('Vertex',(-43.,-200.,130.)) ;
#717=CARTESIAN_POINT('Vertex',(-43.,-200.,122.)) ;
#720=CARTESIAN_POINT('Line Origine',(-28.5,-200.,122.)) ;
#724=CARTESIAN_POINT('Vertex',(-14.,-200.,122.)) ;
#727=CARTESIAN_POINT('Axis2P3D Location',(-14.,-200.,106.)) ;
#731=CARTESIAN_POINT('Vertex',(2.,-200.,106.)) ;
#734=CARTESIAN_POINT('Line Origine',(2.,-200.,103.)) ;
#738=CARTESIAN_POINT('Vertex',(2.,-200.,100.)) ;
#741=CARTESIAN_POINT('Line Origine',(6.,-200.,100.)) ;
#746=CARTESIAN_POINT('Line Origine',(-28.5,-200.,130.)) ;
#762=CARTESIAN_POINT('Axis2P3D Location',(-5.,-220.,100.)) ;
#767=CARTESIAN_POINT('Axis2P3D Location',(2.,-220.,100.)) ;
#771=CARTESIAN_POINT('Vertex',(2.,-220.,80.)) ;
#774=CARTESIAN_POINT('Line Origine',(-5.,-220.,80.)) ;
#786=CARTESIAN_POINT('Axis2P3D Location',(2.,-227.984378813,80.)) ;
#791=CARTESIAN_POINT('Line Origine',(2.,-223.992189406,80.)) ;
#795=CARTESIAN_POINT('Vertex',(2.,-227.984378813,80.)) ;
#798=CARTESIAN_POINT('Line Origine',(6.,-227.984378813,80.)) ;
#810=CARTESIAN_POINT('Axis2P3D Location',(6.,-227.984378813,100.)) ;
#815=CARTESIAN_POINT('Axis2P3D Location',(2.,-227.984378813,100.)) ;
#819=CARTESIAN_POINT('Vertex',(2.,-240.478279764,84.3826238111)) ;
#822=CARTESIAN_POINT('Line Origine',(6.,-240.478279764,84.3826238111)) ;
#834=CARTESIAN_POINT('Axis2P3D Location',(2.,-252.493900951,93.9951207609)) ;
#839=CARTESIAN_POINT('Line Origine',(2.,-246.486090358,89.188872286)) ;
#843=CARTESIAN_POINT('Vertex',(2.,-252.493900951,93.9951207609)) ;
#846=CARTESIAN_POINT('Line Origine',(6.,-252.493900951,93.9951207609)) ;
#858=CARTESIAN_POINT('Axis2P3D Location',(6.,-240.,109.61249695)) ;
#863=CARTESIAN_POINT('Line Origine',(6.,-260.,109.61249695)) ;
#867=CARTESIAN_POINT('Vertex',(3.,-260.,109.61249695)) ;
#869=CARTESIAN_POINT('Vertex',(9.,-260.,109.61249695)) ;
#872=CARTESIAN_POINT('Axis2P3D Location',(9.,-240.,109.61249695)) ;
#876=CARTESIAN_POINT('Vertex',(9.,-252.5,94.0000019537)) ;
#879=CARTESIAN_POINT('Line Origine',(6.,-252.5,94.0000019537)) ;
#884=CARTESIAN_POINT('Axis2P3D Location',(2.,-240.,109.61249695)) ;
#888=CARTESIAN_POINT('Vertex',(2.,-252.5,94.0000019537)) ;
#891=CARTESIAN_POINT('Line Origine',(6.,-252.5,94.0000019537)) ;
#895=CARTESIAN_POINT('Vertex',(3.,-252.5,94.0000019537)) ;
#898=CARTESIAN_POINT('Axis2P3D Location',(3.,-240.,109.61249695)) ;
#914=CARTESIAN_POINT('Axis2P3D Location',(2.,-260.,109.61249695)) ;
#919=CARTESIAN_POINT('Line Origine',(3.,-260.,112.306248475)) ;
#923=CARTESIAN_POINT('Vertex',(3.,-260.,115.)) ;
#926=CARTESIAN_POINT('Line Origine',(6.,-260.,115.)) ;
#930=CARTESIAN_POINT('Vertex',(9.,-260.,115.)) ;
#933=CARTESIAN_POINT('Line Origine',(9.,-260.,112.306248475)) ;
#945=CARTESIAN_POINT('Axis2P3D Location',(6.,-270.,115.)) ;
#950=CARTESIAN_POINT('Axis2P3D Location',(3.,-270.,115.)) ;
#954=CARTESIAN_POINT('Vertex',(3.,-270.,125.)) ;
#957=CARTESIAN_POINT('Line Origine',(6.,-270.,125.)) ;
#961=CARTESIAN_POINT('Vertex',(9.,-270.,125.)) ;
#964=CARTESIAN_POINT('Axis2P3D Location',(9.,-270.,115.)) ;
#976=CARTESIAN_POINT('Axis2P3D Location',(2.,-270.,125.)) ;
#981=CARTESIAN_POINT('Line Origine',(3.,-275.,125.)) ;
#985=CARTESIAN_POINT('Vertex',(3.,-280.,125.)) ;
#988=CARTESIAN_POINT('Line Origine',(6.,-280.,125.)) ;
#992=CARTESIAN_POINT('Vertex',(9.,-280.,125.)) ;
#995=CARTESIAN_POINT('Line Origine',(9.,-275.,125.)) ;
#1007=CARTESIAN_POINT('Axis2P3D Location',(6.,-280.,115.)) ;
#1012=CARTESIAN_POINT('Axis2P3D Location',(3.,-280.,115.)) ;
#1016=CARTESIAN_POINT('Vertex',(3.,-290.,115.)) ;
#1019=CARTESIAN_POINT('Line Origine',(6.,-290.,115.)) ;
#1023=CARTESIAN_POINT('Vertex',(9.,-290.,115.)) ;
#1026=CARTESIAN_POINT('Axis2P3D Location',(9.,-280.,115.)) ;
#1038=CARTESIAN_POINT('Axis2P3D Location',(2.,-290.,-105.)) ;
#1043=CARTESIAN_POINT('Line Origine',(6.,-290.,69.3719996906)) ;
#1047=CARTESIAN_POINT('Vertex',(3.,-290.,69.3719996906)) ;
#1049=CARTESIAN_POINT('Vertex',(9.,-290.,69.3719996906)) ;
#1052=CARTESIAN_POINT('Line Origine',(9.,-290.,92.1859998453)) ;
#1057=CARTESIAN_POINT('Line Origine',(3.,-290.,92.1859998453)) ;
#1069=CARTESIAN_POINT('Axis2P3D Location',(6.,-300.,69.3719996906)) ;
#1074=CARTESIAN_POINT('Line Origine',(6.,-297.411809549,59.7127414277)) ;
#1078=CARTESIAN_POINT('Vertex',(3.,-297.411809549,59.7127414277)) ;
#1080=CARTESIAN_POINT('Vertex',(9.,-297.411809549,59.7127414277)) ;
#1083=CARTESIAN_POINT('Axis2P3D Location',(9.,-300.,69.3719996906)) ;
#1088=CARTESIAN_POINT('Axis2P3D Location',(3.,-300.,69.3719996906)) ;
#1100=CARTESIAN_POINT('Axis2P3D Location',(2.,-297.411809549,59.7127414277)) ;
#1105=CARTESIAN_POINT('Line Origine',(3.,-302.5,58.3493649054)) ;
#1109=CARTESIAN_POINT('Vertex',(3.,-307.588190451,56.9859883831)) ;
#1112=CARTESIAN_POINT('Line Origine',(6.,-307.588190451,56.9859883831)) ;
#1116=CARTESIAN_POINT('Vertex',(9.,-307.588190451,56.9859883831)) ;
#1119=CARTESIAN_POINT('Line Origine',(9.,-302.5,58.3493649054)) ;
#1131=CARTESIAN_POINT('Axis2P3D Location',(6.,-305.,47.3267301202)) ;
#1136=CARTESIAN_POINT('Axis2P3D Location',(3.,-305.,47.3267301202)) ;
#1140=CARTESIAN_POINT('Vertex',(3.,-315.,47.3267301202)) ;
#1143=CARTESIAN_POINT('Line Origine',(6.,-315.,47.3267301202)) ;
#1147=CARTESIAN_POINT('Vertex',(9.,-315.,47.3267301202)) ;
#1150=CARTESIAN_POINT('Axis2P3D Location',(9.,-305.,47.3267301202)) ;
#1162=CARTESIAN_POINT('Axis2P3D Location',(2.,-315.,47.3267301202)) ;
#1167=CARTESIAN_POINT('Line Origine',(3.,-315.,5.)) ;
#1171=CARTESIAN_POINT('Vertex',(3.,-315.,-37.3267301202)) ;
#1174=CARTESIAN_POINT('Line Origine',(6.,-315.,-37.3267301202)) ;
#1178=CARTESIAN_POINT('Vertex',(9.,-315.,-37.3267301202)) ;
#1181=CARTESIAN_POINT('Line Origine',(9.,-315.,5.)) ;
#1193=CARTESIAN_POINT('Axis2P3D Location',(6.,-305.,-37.3267301202)) ;
#1198=CARTESIAN_POINT('Axis2P3D Location',(3.,-305.,-37.3267301202)) ;
#1202=CARTESIAN_POINT('Vertex',(3.,-307.588190451,-46.9859883831)) ;
#1205=CARTESIAN_POINT('Line Origine',(6.,-307.588190451,-46.9859883831)) ;
#1209=CARTESIAN_POINT('Vertex',(9.,-307.588190451,-46.9859883831)) ;
#1212=CARTESIAN_POINT('Axis2P3D Location',(9.,-305.,-37.3267301202)) ;
#1224=CARTESIAN_POINT('Axis2P3D Location',(2.,-297.411809549,-49.7127414277)) ;
#1229=CARTESIAN_POINT('Line Origine',(6.,-297.411809549,-49.7127414277)) ;
#1233=CARTESIAN_POINT('Vertex',(3.,-297.411809549,-49.7127414277)) ;
#1235=CARTESIAN_POINT('Vertex',(9.,-297.411809549,-49.7127414277)) ;
#1238=CARTESIAN_POINT('Line Origine',(9.,-302.5,-48.3493649054)) ;
#1243=CARTESIAN_POINT('Line Origine',(3.,-302.5,-48.3493649054)) ;
#1255=CARTESIAN_POINT('Axis2P3D Location',(6.,-300.,-59.3719996906)) ;
#1260=CARTESIAN_POINT('Line Origine',(6.,-290.,-59.3719996906)) ;
#1264=CARTESIAN_POINT('Vertex',(3.,-290.,-59.3719996906)) ;
#1266=CARTESIAN_POINT('Vertex',(9.,-290.,-59.3719996906)) ;
#1269=CARTESIAN_POINT('Axis2P3D Location',(9.,-300.,-59.3719996906)) ;
#1274=CARTESIAN_POINT('Axis2P3D Location',(3.,-300.,-59.3719996906)) ;
#1286=CARTESIAN_POINT('Line Origine',(6.,-290.,-105.)) ;
#1290=CARTESIAN_POINT('Vertex',(3.,-290.,-105.)) ;
#1292=CARTESIAN_POINT('Vertex',(9.,-290.,-105.)) ;
#1295=CARTESIAN_POINT('Line Origine',(9.,-290.,-82.1859998453)) ;
#1300=CARTESIAN_POINT('Line Origine',(3.,-290.,-82.1859998453)) ;
#1312=CARTESIAN_POINT('Axis2P3D Location',(6.,-280.,-105.)) ;
#1317=CARTESIAN_POINT('Axis2P3D Location',(3.,-280.,-105.)) ;
#1321=CARTESIAN_POINT('Vertex',(3.,-280.,-115.)) ;
#1324=CARTESIAN_POINT('Line Origine',(6.,-280.,-115.)) ;
#1328=CARTESIAN_POINT('Vertex',(9.,-280.,-115.)) ;
#1331=CARTESIAN_POINT('Axis2P3D Location',(9.,-280.,-105.)) ;
#1343=CARTESIAN_POINT('Axis2P3D Location',(2.,-280.,-115.)) ;
#1348=CARTESIAN_POINT('Line Origine',(3.,-275.,-115.)) ;
#1352=CARTESIAN_POINT('Vertex',(3.,-270.,-115.)) ;
#1355=CARTESIAN_POINT('Line Origine',(6.,-270.,-115.)) ;
#1359=CARTESIAN_POINT('Vertex',(9.,-270.,-115.)) ;
#1362=CARTESIAN_POINT('Line Origine',(9.,-275.,-115.)) ;
#1374=CARTESIAN_POINT('Axis2P3D Location',(6.,-270.,-105.)) ;
#1379=CARTESIAN_POINT('Axis2P3D Location',(3.,-270.,-105.)) ;
#1383=CARTESIAN_POINT('Vertex',(3.,-260.,-105.)) ;
#1386=CARTESIAN_POINT('Line Origine',(6.,-260.,-105.)) ;
#1390=CARTESIAN_POINT('Vertex',(9.,-260.,-105.)) ;
#1393=CARTESIAN_POINT('Axis2P3D Location',(9.,-270.,-105.)) ;
#1405=CARTESIAN_POINT('Line Origine',(3.,-260.,-98.5078105936)) ;
#1409=CARTESIAN_POINT('Vertex',(3.,-260.,-92.0156211872)) ;
#1412=CARTESIAN_POINT('Line Origine',(6.,-260.,-92.0156211872)) ;
#1416=CARTESIAN_POINT('Vertex',(9.,-260.,-92.0156211872)) ;
#1419=CARTESIAN_POINT('Line Origine',(9.,-260.,-98.5078105936)) ;
#1431=CARTESIAN_POINT('Axis2P3D Location',(6.,-240.,-92.0156211872)) ;
#1436=CARTESIAN_POINT('Line Origine',(6.,-255.617376189,-79.5217202361)) ;
#1440=CARTESIAN_POINT('Vertex',(3.,-255.617376189,-79.5217202361)) ;
#1442=CARTESIAN_POINT('Vertex',(9.,-255.617376189,-79.5217202361)) ;
#1445=CARTESIAN_POINT('Axis2P3D Location',(9.,-240.,-92.0156211872)) ;
#1450=CARTESIAN_POINT('Axis2P3D Location',(3.,-240.,-92.0156211872)) ;
#1462=CARTESIAN_POINT('Axis2P3D Location',(2.,-246.004879239,-67.5060990489)) ;
#1467=CARTESIAN_POINT('Line Origine',(3.,-254.058688094,-77.573360118)) ;
#1471=CARTESIAN_POINT('Vertex',(3.,-252.5,-75.625)) ;
#1474=CARTESIAN_POINT('Line Origine',(2.5,-252.5,-75.625)) ;
#1478=CARTESIAN_POINT('Vertex',(2.,-252.5,-75.625)) ;
#1481=CARTESIAN_POINT('Line Origine',(2.,-249.25243962,-71.5655495245)) ;
#1485=CARTESIAN_POINT('Vertex',(2.,-246.004879239,-67.5060990489)) ;
#1488=CARTESIAN_POINT('Line Origine',(6.,-246.004879239,-67.5060990489)) ;
#1493=CARTESIAN_POINT('Line Origine',(9.5,-252.5,-75.625)) ;
#1497=CARTESIAN_POINT('Vertex',(9.,-252.5,-75.625)) ;
#1500=CARTESIAN_POINT('Line Origine',(9.,-254.058688094,-77.573360118)) ;
#1516=CARTESIAN_POINT('Axis2P3D Location',(6.,-230.38750305,-80.)) ;
#1521=CARTESIAN_POINT('Axis2P3D Location',(2.,-230.38750305,-80.)) ;
#1525=CARTESIAN_POINT('Vertex',(2.,-230.38750305,-60.)) ;
#1528=CARTESIAN_POINT('Line Origine',(6.,-230.38750305,-60.)) ;
#1540=CARTESIAN_POINT('Axis2P3D Location',(0.,-1.42108547152E-014,-60.)) ;
#1545=CARTESIAN_POINT('Line Origine',(2.,-225.193751525,-60.)) ;
#1557=CARTESIAN_POINT('Axis2P3D Location',(6.,-55.,-10.5180025927)) ;
#1562=CARTESIAN_POINT('Axis2P3D Location',(9.,-55.,-10.5180025927)) ;
#1566=CARTESIAN_POINT('Vertex',(9.,-24.2711488161,-36.1253785793)) ;
#1568=CARTESIAN_POINT('Vertex',(9.,-15.,-10.5180025927)) ;
#1571=CARTESIAN_POINT('Line Origine',(6.,-15.,-10.5180025927)) ;
#1575=CARTESIAN_POINT('Vertex',(2.,-15.,-10.5180025927)) ;
#1578=CARTESIAN_POINT('Axis2P3D Location',(2.,-55.,-10.5180025927)) ;
#1582=CARTESIAN_POINT('Vertex',(2.,-24.2711488161,-36.1253785793)) ;
#1585=CARTESIAN_POINT('Line Origine',(6.,-24.2711488161,-36.1253785793)) ;
#1597=CARTESIAN_POINT('Axis2P3D Location',(0.,-15.,-25.)) ;
#1602=CARTESIAN_POINT('Line Origine',(2.,-29.1371110719,-41.9645332863)) ;
#1606=CARTESIAN_POINT('Vertex',(2.,-34.0030733277,-47.8036879933)) ;
#1609=CARTESIAN_POINT('Line Origine',(5.5,-34.0030733277,-47.8036879933)) ;
#1613=CARTESIAN_POINT('Vertex',(9.,-34.0030733277,-47.8036879933)) ;
#1616=CARTESIAN_POINT('Line Origine',(9.,-29.1371110719,-41.9645332863)) ;
#1628=CARTESIAN_POINT('Axis2P3D Location',(6.,-49.3674989197,-35.)) ;
#1633=CARTESIAN_POINT('Axis2P3D Location',(9.,-49.3674989197,-35.)) ;
#1637=CARTESIAN_POINT('Vertex',(9.,-49.3674989197,-55.)) ;
#1640=CARTESIAN_POINT('Axis2P3D Location',(2.,-49.3674989197,-35.)) ;
#1644=CARTESIAN_POINT('Vertex',(2.,-49.3674989197,-55.)) ;
#1647=CARTESIAN_POINT('Line Origine',(6.,-49.3674989197,-55.)) ;
#1659=CARTESIAN_POINT('Axis2P3D Location',(0.,-40.,-55.)) ;
#1664=CARTESIAN_POINT('Line Origine',(2.,-53.4818977138,-55.)) ;
#1668=CARTESIAN_POINT('Vertex',(2.,-57.596296508,-55.)) ;
#1671=CARTESIAN_POINT('Line Origine',(5.5,-57.596296508,-55.)) ;
#1675=CARTESIAN_POINT('Vertex',(9.,-57.596296508,-55.)) ;
#1678=CARTESIAN_POINT('Line Origine',(9.,-53.4818977138,-55.)) ;
#1690=CARTESIAN_POINT('Axis2P3D Location',(6.,-57.596296508,-40.)) ;
#1695=CARTESIAN_POINT('Axis2P3D Location',(9.,-57.596296508,-40.)) ;
#1699=CARTESIAN_POINT('Vertex',(9.,-72.5518519658,-41.1538461538)) ;
#1702=CARTESIAN_POINT('Axis2P3D Location',(2.,-57.596296508,-40.)) ;
#1706=CARTESIAN_POINT('Vertex',(2.,-72.5518519658,-41.1538461538)) ;
#1709=CARTESIAN_POINT('Line Origine',(6.,-72.5518519658,-41.1538461538)) ;
#1721=CARTESIAN_POINT('Axis2P3D Location',(6.,-90.,-42.5)) ;
#1726=CARTESIAN_POINT('Axis2P3D Location',(2.,-90.,-42.5)) ;
#1730=CARTESIAN_POINT('Vertex',(2.,-90.,-25.)) ;
#1733=CARTESIAN_POINT('Axis2P3D Location',(2.,-90.,-42.5)) ;
#1737=CARTESIAN_POINT('Vertex',(2.,-107.448148034,-41.1538461538)) ;
#1740=CARTESIAN_POINT('Line Origine',(6.,-107.448148034,-41.1538461538)) ;
#1744=CARTESIAN_POINT('Vertex',(9.,-107.448148034,-41.1538461538)) ;
#1747=CARTESIAN_POINT('Axis2P3D Location',(9.,-90.,-42.5)) ;
#1751=CARTESIAN_POINT('Vertex',(9.,-90.,-25.)) ;
#1754=CARTESIAN_POINT('Axis2P3D Location',(9.,-90.,-42.5)) ;
#1768=CARTESIAN_POINT('Axis2P3D Location',(6.,-90.,27.5)) ;
#1773=CARTESIAN_POINT('Axis2P3D Location',(2.,-90.,27.5)) ;
#1777=CARTESIAN_POINT('Vertex',(2.,-90.,10.)) ;
#1779=CARTESIAN_POINT('Vertex',(2.,-72.5518519658,26.1538461538)) ;
#1782=CARTESIAN_POINT('Line Origine',(6.,-72.5518519658,26.1538461538)) ;
#1786=CARTESIAN_POINT('Vertex',(9.,-72.5518519658,26.1538461538)) ;
#1789=CARTESIAN_POINT('Axis2P3D Location',(9.,-90.,27.5)) ;
#1793=CARTESIAN_POINT('Vertex',(9.,-90.,10.)) ;
#1796=CARTESIAN_POINT('Axis2P3D Location',(9.,-90.,27.5)) ;
#1800=CARTESIAN_POINT('Vertex',(9.,-107.448148034,26.1538461538)) ;
#1803=CARTESIAN_POINT('Line Origine',(6.,-107.448148034,26.1538461538)) ;
#1807=CARTESIAN_POINT('Vertex',(2.,-107.448148034,26.1538461538)) ;
#1810=CARTESIAN_POINT('Axis2P3D Location',(2.,-90.,27.5)) ;
#1824=CARTESIAN_POINT('Axis2P3D Location',(6.,-57.5962965079,25.)) ;
#1829=CARTESIAN_POINT('Axis2P3D Location',(9.,-57.5962965079,25.)) ;
#1833=CARTESIAN_POINT('Vertex',(9.,-57.5962965079,40.)) ;
#1836=CARTESIAN_POINT('Axis2P3D Location',(2.,-57.5962965079,25.)) ;
#1840=CARTESIAN_POINT('Vertex',(2.,-57.5962965079,40.)) ;
#1843=CARTESIAN_POINT('Line Origine',(6.,-57.5962965079,40.)) ;
#1855=CARTESIAN_POINT('Axis2P3D Location',(0.,-57.5962965079,40.)) ;
#1860=CARTESIAN_POINT('Line Origine',(2.,-53.4818977138,40.)) ;
#1864=CARTESIAN_POINT('Vertex',(2.,-49.3674989197,40.)) ;
#1867=CARTESIAN_POINT('Line Origine',(5.5,-49.3674989197,40.)) ;
#1871=CARTESIAN_POINT('Vertex',(9.,-49.3674989197,40.)) ;
#1874=CARTESIAN_POINT('Line Origine',(9.,-53.4818977138,40.)) ;
#1886=CARTESIAN_POINT('Axis2P3D Location',(6.,-49.3674989197,20.)) ;
#1891=CARTESIAN_POINT('Axis2P3D Location',(9.,-49.3674989197,20.)) ;
#1895=CARTESIAN_POINT('Vertex',(9.,-34.0030733277,32.8036879933)) ;
#1898=CARTESIAN_POINT('Axis2P3D Location',(2.,-49.3674989197,20.)) ;
#1902=CARTESIAN_POINT('Vertex',(2.,-34.0030733277,32.8036879933)) ;
#1905=CARTESIAN_POINT('Line Origine',(6.,-34.0030733277,32.8036879933)) ;
#1917=CARTESIAN_POINT('Axis2P3D Location',(0.,-40.,40.)) ;
#1922=CARTESIAN_POINT('Line Origine',(2.,-29.1371110719,26.9645332863)) ;
#1926=CARTESIAN_POINT('Vertex',(2.,-24.2711488161,21.1253785793)) ;
#1929=CARTESIAN_POINT('Line Origine',(5.5,-24.2711488161,21.1253785793)) ;
#1933=CARTESIAN_POINT('Vertex',(9.,-24.2711488161,21.1253785793)) ;
#1936=CARTESIAN_POINT('Line Origine',(9.,-29.1371110719,26.9645332863)) ;
#1948=CARTESIAN_POINT('Axis2P3D Location',(6.,-55.,-4.48199740725)) ;
#1953=CARTESIAN_POINT('Axis2P3D Location',(9.,-55.,-4.48199740725)) ;
#1957=CARTESIAN_POINT('Vertex',(9.,-15.,-4.48199740725)) ;
#1960=CARTESIAN_POINT('Axis2P3D Location',(2.,-55.,-4.48199740725)) ;
#1964=CARTESIAN_POINT('Vertex',(2.,-15.,-4.48199740725)) ;
#1967=CARTESIAN_POINT('Line Origine',(6.,-15.,-4.48199740725)) ;
#1979=CARTESIAN_POINT('Axis2P3D Location',(0.,-15.,10.)) ;
#1984=CARTESIAN_POINT('Line Origine',(2.,-15.,-7.5)) ;
#1989=CARTESIAN_POINT('Line Origine',(9.,-15.,-7.5)) ;
#2001=CARTESIAN_POINT('Axis2P3D Location',(6.,-90.,27.5)) ;
#2006=CARTESIAN_POINT('Axis2P3D Location',(3.,-90.,27.5)) ;
#2010=CARTESIAN_POINT('Vertex',(3.,-96.5,27.5)) ;
#2012=CARTESIAN_POINT('Vertex',(3.,-83.5,27.5)) ;
#2015=CARTESIAN_POINT('Line Origine',(6.,-83.5,27.5)) ;
#2019=CARTESIAN_POINT('Vertex',(9.,-83.5,27.5)) ;
#2022=CARTESIAN_POINT('Axis2P3D Location',(9.,-90.,27.5)) ;
#2026=CARTESIAN_POINT('Vertex',(9.,-96.5,27.5)) ;
#2029=CARTESIAN_POINT('Line Origine',(6.,-96.5,27.5)) ;
#2041=CARTESIAN_POINT('Axis2P3D Location',(3.,-90.,27.5)) ;
#2046=CARTESIAN_POINT('Axis2P3D Location',(9.,-90.,27.5)) ;
#2058=CARTESIAN_POINT('Axis2P3D Location',(6.,-90.,-42.5)) ;
#2063=CARTESIAN_POINT('Axis2P3D Location',(3.,-90.,-42.5)) ;
#2067=CARTESIAN_POINT('Vertex',(3.,-83.5,-42.5)) ;
#2069=CARTESIAN_POINT('Vertex',(3.,-96.5,-42.5)) ;
#2072=CARTESIAN_POINT('Line Origine',(6.,-96.5,-42.5)) ;
#2076=CARTESIAN_POINT('Vertex',(9.,-96.5,-42.5)) ;
#2079=CARTESIAN_POINT('Axis2P3D Location',(9.,-90.,-42.5)) ;
#2083=CARTESIAN_POINT('Vertex',(9.,-83.5,-42.5)) ;
#2086=CARTESIAN_POINT('Line Origine',(6.,-83.5,-42.5)) ;
#2098=CARTESIAN_POINT('Axis2P3D Location',(3.,-90.,-42.5)) ;
#2103=CARTESIAN_POINT('Axis2P3D Location',(9.,-90.,-42.5)) ;
#2115=CARTESIAN_POINT('Axis2P3D Location',(2.,0.,0.)) ;
#2120=CARTESIAN_POINT('Line Origine',(2.,252.5,9.18750097687)) ;
#2124=CARTESIAN_POINT('Vertex',(2.,252.5,94.0000019537)) ;
#2126=CARTESIAN_POINT('Vertex',(2.,252.5,-75.625)) ;
#2129=CARTESIAN_POINT('Line Origine',(2.,249.25243962,-71.5655495245)) ;
#2133=CARTESIAN_POINT('Vertex',(2.,246.004879239,-67.5060990489)) ;
#2136=CARTESIAN_POINT('Axis2P3D Location',(2.,230.38750305,-80.)) ;
#2140=CARTESIAN_POINT('Vertex',(2.,230.38750305,-60.)) ;
#2143=CARTESIAN_POINT('Line Origine',(2.,225.193751525,-60.)) ;
#2147=CARTESIAN_POINT('Vertex',(2.,220.,-60.)) ;
#2150=CARTESIAN_POINT('Axis2P3D Location',(2.,220.,-80.)) ;
#2154=CARTESIAN_POINT('Vertex',(2.,200.,-80.)) ;
#2157=CARTESIAN_POINT('Line Origine',(2.,200.,-80.5)) ;
#2161=CARTESIAN_POINT('Vertex',(2.,200.,-81.)) ;
#2164=CARTESIAN_POINT('Line Origine',(2.,0.,-81.)) ;
#2168=CARTESIAN_POINT('Vertex',(2.,-200.,-81.)) ;
#2171=CARTESIAN_POINT('Line Origine',(2.,-200.,-80.5)) ;
#2176=CARTESIAN_POINT('Line Origine',(2.,-252.5,9.18750097687)) ;
#2181=CARTESIAN_POINT('Line Origine',(2.,0.,106.)) ;
#2185=CARTESIAN_POINT('Vertex',(2.,200.,106.)) ;
#2188=CARTESIAN_POINT('Line Origine',(2.,200.,103.)) ;
#2192=CARTESIAN_POINT('Vertex',(2.,200.,100.)) ;
#2195=CARTESIAN_POINT('Axis2P3D Location',(2.,220.,100.)) ;
#2199=CARTESIAN_POINT('Vertex',(2.,220.,80.)) ;
#2202=CARTESIAN_POINT('Line Origine',(2.,223.992189406,80.)) ;
#2206=CARTESIAN_POINT('Vertex',(2.,227.984378813,80.)) ;
#2209=CARTESIAN_POINT('Axis2P3D Location',(2.,227.984378813,100.)) ;
#2213=CARTESIAN_POINT('Vertex',(2.,240.478279764,84.3826238111)) ;
#2216=CARTESIAN_POINT('Line Origine',(2.,246.486090358,89.188872286)) ;
#2220=CARTESIAN_POINT('Vertex',(2.,252.493900951,93.9951207609)) ;
#2223=CARTESIAN_POINT('Axis2P3D Location',(2.,240.,109.61249695)) ;
#2256=CARTESIAN_POINT('Axis2P3D Location',(2.,-122.403703492,25.)) ;
#2260=CARTESIAN_POINT('Vertex',(2.,-122.403703492,40.)) ;
#2263=CARTESIAN_POINT('Line Origine',(2.,-138.201851746,40.)) ;
#2267=CARTESIAN_POINT('Vertex',(2.,-154.,40.)) ;
#2270=CARTESIAN_POINT('Axis2P3D Location',(2.,-154.,30.)) ;
#2274=CARTESIAN_POINT('Vertex',(2.,-164.,30.)) ;
#2277=CARTESIAN_POINT('Line Origine',(2.,-164.,-7.5)) ;
#2281=CARTESIAN_POINT('Vertex',(2.,-164.,-45.)) ;
#2284=CARTESIAN_POINT('Axis2P3D Location',(2.,-154.,-45.)) ;
#2288=CARTESIAN_POINT('Vertex',(2.,-154.,-55.)) ;
#2291=CARTESIAN_POINT('Line Origine',(2.,-138.201851746,-55.)) ;
#2295=CARTESIAN_POINT('Vertex',(2.,-122.403703492,-55.)) ;
#2298=CARTESIAN_POINT('Axis2P3D Location',(2.,-122.403703492,-40.)) ;
#2327=CARTESIAN_POINT('Axis2P3D Location',(2.,90.,-42.5)) ;
#2331=CARTESIAN_POINT('Vertex',(2.,107.448148034,-41.1538461538)) ;
#2333=CARTESIAN_POINT('Vertex',(2.,90.,-25.)) ;
#2336=CARTESIAN_POINT('Axis2P3D Location',(2.,122.403703492,-40.)) ;
#2340=CARTESIAN_POINT('Vertex',(2.,122.403703492,-55.)) ;
#2343=CARTESIAN_POINT('Line Origine',(2.,138.201851746,-55.)) ;
#2347=CARTESIAN_POINT('Vertex',(2.,154.,-55.)) ;
#2350=CARTESIAN_POINT('Axis2P3D Location',(2.,154.,-45.)) ;
#2354=CARTESIAN_POINT('Vertex',(2.,164.,-45.)) ;
#2357=CARTESIAN_POINT('Line Origine',(2.,164.,-7.5)) ;
#2361=CARTESIAN_POINT('Vertex',(2.,164.,30.)) ;
#2364=CARTESIAN_POINT('Axis2P3D Location',(2.,154.,30.)) ;
#2368=CARTESIAN_POINT('Vertex',(2.,154.,40.)) ;
#2371=CARTESIAN_POINT('Line Origine',(2.,138.201851746,40.)) ;
#2375=CARTESIAN_POINT('Vertex',(2.,122.403703492,40.)) ;
#2378=CARTESIAN_POINT('Axis2P3D Location',(2.,122.403703492,25.)) ;
#2382=CARTESIAN_POINT('Vertex',(2.,107.448148034,26.1538461538)) ;
#2385=CARTESIAN_POINT('Axis2P3D Location',(2.,90.,27.5)) ;
#2389=CARTESIAN_POINT('Vertex',(2.,90.,10.)) ;
#2392=CARTESIAN_POINT('Axis2P3D Location',(2.,90.,27.5)) ;
#2396=CARTESIAN_POINT('Vertex',(2.,72.5518519658,26.1538461538)) ;
#2399=CARTESIAN_POINT('Axis2P3D Location',(2.,57.5962965079,25.)) ;
#2403=CARTESIAN_POINT('Vertex',(2.,57.5962965079,40.)) ;
#2406=CARTESIAN_POINT('Line Origine',(2.,53.4818977138,40.)) ;
#2410=CARTESIAN_POINT('Vertex',(2.,49.3674989197,40.)) ;
#2413=CARTESIAN_POINT('Axis2P3D Location',(2.,49.3674989197,20.)) ;
#2417=CARTESIAN_POINT('Vertex',(2.,34.0030733277,32.8036879933)) ;
#2420=CARTESIAN_POINT('Line Origine',(2.,29.1371110719,26.9645332863)) ;
#2424=CARTESIAN_POINT('Vertex',(2.,24.2711488161,21.1253785793)) ;
#2427=CARTESIAN_POINT('Axis2P3D Location',(2.,55.,-4.48199740725)) ;
#2431=CARTESIAN_POINT('Vertex',(2.,15.,-4.48199740725)) ;
#2434=CARTESIAN_POINT('Line Origine',(2.,15.,-7.5)) ;
#2438=CARTESIAN_POINT('Vertex',(2.,15.,-10.5180025927)) ;
#2441=CARTESIAN_POINT('Axis2P3D Location',(2.,55.,-10.5180025927)) ;
#2445=CARTESIAN_POINT('Vertex',(2.,24.2711488161,-36.1253785793)) ;
#2448=CARTESIAN_POINT('Line Origine',(2.,29.1371110719,-41.9645332863)) ;
#2452=CARTESIAN_POINT('Vertex',(2.,34.0030733277,-47.8036879933)) ;
#2455=CARTESIAN_POINT('Axis2P3D Location',(2.,49.3674989197,-35.)) ;
#2459=CARTESIAN_POINT('Vertex',(2.,49.3674989197,-55.)) ;
#2462=CARTESIAN_POINT('Line Origine',(2.,53.4818977138,-55.)) ;
#2466=CARTESIAN_POINT('Vertex',(2.,57.596296508,-55.)) ;
#2469=CARTESIAN_POINT('Axis2P3D Location',(2.,57.596296508,-40.)) ;
#2473=CARTESIAN_POINT('Vertex',(2.,72.5518519658,-41.1538461538)) ;
#2476=CARTESIAN_POINT('Axis2P3D Location',(2.,90.,-42.5)) ;
#2505=CARTESIAN_POINT('Axis2P3D Location',(2.,90.,-42.5)) ;
#2509=CARTESIAN_POINT('Vertex',(2.,75.,-42.5)) ;
#2511=CARTESIAN_POINT('Vertex',(2.,105.,-42.5)) ;
#2514=CARTESIAN_POINT('Axis2P3D Location',(2.,90.,-42.5)) ;
#2523=CARTESIAN_POINT('Axis2P3D Location',(2.,-90.,-42.5)) ;
#2527=CARTESIAN_POINT('Vertex',(2.,-105.,-42.5)) ;
#2529=CARTESIAN_POINT('Vertex',(2.,-75.,-42.5)) ;
#2532=CARTESIAN_POINT('Axis2P3D Location',(2.,-90.,-42.5)) ;
#2541=CARTESIAN_POINT('Axis2P3D Location',(2.,90.,27.5)) ;
#2545=CARTESIAN_POINT('Vertex',(2.,75.,27.5)) ;
#2547=CARTESIAN_POINT('Vertex',(2.,105.,27.5)) ;
#2550=CARTESIAN_POINT('Axis2P3D Location',(2.,90.,27.5)) ;
#2559=CARTESIAN_POINT('Axis2P3D Location',(2.,-90.,27.5)) ;
#2563=CARTESIAN_POINT('Vertex',(2.,-105.,27.5)) ;
#2565=CARTESIAN_POINT('Vertex',(2.,-75.,27.5)) ;
#2568=CARTESIAN_POINT('Axis2P3D Location',(2.,-90.,27.5)) ;
#2577=CARTESIAN_POINT('Axis2P3D Location',(2.,-154.,93.)) ;
#2581=CARTESIAN_POINT('Vertex',(2.,-154.,103.)) ;
#2583=CARTESIAN_POINT('Vertex',(2.,-164.,93.)) ;
#2586=CARTESIAN_POINT('Line Origine',(2.,-164.,84.)) ;
#2590=CARTESIAN_POINT('Vertex',(2.,-164.,75.)) ;
#2593=CARTESIAN_POINT('Axis2P3D Location',(2.,-154.,75.)) ;
#2597=CARTESIAN_POINT('Vertex',(2.,-154.,65.)) ;
#2600=CARTESIAN_POINT('Line Origine',(2.,-87.,65.)) ;
#2604=CARTESIAN_POINT('Vertex',(2.,-20.,65.)) ;
#2607=CARTESIAN_POINT('Axis2P3D Location',(2.,-20.,75.)) ;
#2611=CARTESIAN_POINT('Vertex',(2.,-10.,75.)) ;
#2614=CARTESIAN_POINT('Line Origine',(2.,-10.,84.)) ;
#2618=CARTESIAN_POINT('Vertex',(2.,-10.,93.)) ;
#2621=CARTESIAN_POINT('Axis2P3D Location',(2.,-20.,93.)) ;
#2625=CARTESIAN_POINT('Vertex',(2.,-20.,103.)) ;
#2628=CARTESIAN_POINT('Line Origine',(2.,-87.,103.)) ;
#2643=CARTESIAN_POINT('Line Origine',(2.,87.,103.)) ;
#2647=CARTESIAN_POINT('Vertex',(2.,154.,103.)) ;
#2649=CARTESIAN_POINT('Vertex',(2.,20.,103.)) ;
#2652=CARTESIAN_POINT('Axis2P3D Location',(2.,20.,93.)) ;
#2656=CARTESIAN_POINT('Vertex',(2.,10.,93.)) ;
#2659=CARTESIAN_POINT('Line Origine',(2.,10.,84.)) ;
#2663=CARTESIAN_POINT('Vertex',(2.,10.,75.)) ;
#2666=CARTESIAN_POINT('Axis2P3D Location',(2.,20.,75.)) ;
#2670=CARTESIAN_POINT('Vertex',(2.,20.,65.)) ;
#2673=CARTESIAN_POINT('Line Origine',(2.,87.,65.)) ;
#2677=CARTESIAN_POINT('Vertex',(2.,154.,65.)) ;
#2680=CARTESIAN_POINT('Axis2P3D Location',(2.,154.,75.)) ;
#2684=CARTESIAN_POINT('Vertex',(2.,164.,75.)) ;
#2687=CARTESIAN_POINT('Line Origine',(2.,164.,84.)) ;
#2691=CARTESIAN_POINT('Vertex',(2.,164.,93.)) ;
#2694=CARTESIAN_POINT('Axis2P3D Location',(2.,154.,93.)) ;
#2709=CARTESIAN_POINT('Axis2P3D Location',(2.,-207.5,55.)) ;
#2713=CARTESIAN_POINT('Vertex',(2.,-201.795713348,58.1162660009)) ;
#2715=CARTESIAN_POINT('Vertex',(2.,-213.204286652,51.8837339991)) ;
#2718=CARTESIAN_POINT('Axis2P3D Location',(2.,-207.5,55.)) ;
#2727=CARTESIAN_POINT('Axis2P3D Location',(2.,-207.5,-35.)) ;
#2731=CARTESIAN_POINT('Vertex',(2.,-201.795713348,-31.8837339991)) ;
#2733=CARTESIAN_POINT('Vertex',(2.,-213.204286652,-38.1162660009)) ;
#2736=CARTESIAN_POINT('Axis2P3D Location',(2.,-207.5,-35.)) ;
#2745=CARTESIAN_POINT('Axis2P3D Location',(2.,207.5,55.)) ;
#2749=CARTESIAN_POINT('Vertex',(2.,213.204286652,58.1162660009)) ;
#2751=CARTESIAN_POINT('Vertex',(2.,201.795713348,51.8837339991)) ;
#2754=CARTESIAN_POINT('Axis2P3D Location',(2.,207.5,55.)) ;
#2763=CARTESIAN_POINT('Axis2P3D Location',(2.,207.5,-35.)) ;
#2767=CARTESIAN_POINT('Vertex',(2.,213.204286652,-31.8837339991)) ;
#2769=CARTESIAN_POINT('Vertex',(2.,201.795713348,-38.1162660009)) ;
#2772=CARTESIAN_POINT('Axis2P3D Location',(2.,207.5,-35.)) ;
#2782=CARTESIAN_POINT('Axis2P3D Location',(-14.,-100.,-81.)) ;
#2787=CARTESIAN_POINT('Axis2P3D Location',(-14.,-200.,-81.)) ;
#2791=CARTESIAN_POINT('Vertex',(-14.,-200.,-97.)) ;
#2794=CARTESIAN_POINT('Axis2P3D Location',(-14.,200.,-81.)) ;
#2798=CARTESIAN_POINT('Vertex',(-14.,200.,-97.)) ;
#2801=CARTESIAN_POINT('Line Origine',(-14.,-100.,-97.)) ;
#2813=CARTESIAN_POINT('Axis2P3D Location',(-25.,-1.42108547152E-014,130.)) ;
#2818=CARTESIAN_POINT('Line Origine',(-25.,0.,-97.)) ;
#2822=CARTESIAN_POINT('Vertex',(-25.,-154.,-97.)) ;
#2824=CARTESIAN_POINT('Vertex',(-25.,154.,-97.)) ;
#2827=CARTESIAN_POINT('Line Origine',(-25.,154.,-101.)) ;
#2831=CARTESIAN_POINT('Vertex',(-25.,154.,-105.)) ;
#2834=CARTESIAN_POINT('Line Origine',(-25.,0.,-105.)) ;
#2838=CARTESIAN_POINT('Vertex',(-25.,-154.,-105.)) ;
#2841=CARTESIAN_POINT('Line Origine',(-25.,-154.,-101.)) ;
#2853=CARTESIAN_POINT('Axis2P3D Location',(-35.,-154.,-101.)) ;
#2858=CARTESIAN_POINT('Axis2P3D Location',(-35.,-154.,-105.)) ;
#2862=CARTESIAN_POINT('Vertex',(-35.,-164.,-105.)) ;
#2865=CARTESIAN_POINT('Line Origine',(-35.,-164.,-101.)) ;
#2869=CARTESIAN_POINT('Vertex',(-35.,-164.,-97.)) ;
#2872=CARTESIAN_POINT('Axis2P3D Location',(-35.,-154.,-97.)) ;
#2884=CARTESIAN_POINT('Axis2P3D Location',(-14.,-1.42108547152E-014,130.)) ;
#2889=CARTESIAN_POINT('Axis2P3D Location',(-35.,-154.,130.)) ;
#2893=CARTESIAN_POINT('Vertex',(-25.,-154.,130.)) ;
#2895=CARTESIAN_POINT('Vertex',(-35.,-164.,130.)) ;
#2898=CARTESIAN_POINT('Line Origine',(-39.,-164.,130.)) ;
#2902=CARTESIAN_POINT('Vertex',(-43.,-164.,130.)) ;
#2905=CARTESIAN_POINT('Axis2P3D Location',(-43.,-169.,130.)) ;
#2909=CARTESIAN_POINT('Vertex',(-48.,-169.,130.)) ;
#2912=CARTESIAN_POINT('Line Origine',(-48.,-182.,130.)) ;
#2916=CARTESIAN_POINT('Vertex',(-48.,-195.,130.)) ;
#2919=CARTESIAN_POINT('Axis2P3D Location',(-43.,-195.,130.)) ;
#2924=CARTESIAN_POINT('Line Origine',(-28.5,200.,130.)) ;
#2928=CARTESIAN_POINT('Vertex',(-43.,200.,130.)) ;
#2931=CARTESIAN_POINT('Axis2P3D Location',(-43.,195.,130.)) ;
#2935=CARTESIAN_POINT('Vertex',(-48.,195.,130.)) ;
#2938=CARTESIAN_POINT('Line Origine',(-48.,182.,130.)) ;
#2942=CARTESIAN_POINT('Vertex',(-48.,169.,130.)) ;
#2945=CARTESIAN_POINT('Axis2P3D Location',(-43.,169.,130.)) ;
#2949=CARTESIAN_POINT('Vertex',(-43.,164.,130.)) ;
#2952=CARTESIAN_POINT('Line Origine',(-39.,164.,130.)) ;
#2956=CARTESIAN_POINT('Vertex',(-35.,164.,130.)) ;
#2959=CARTESIAN_POINT('Axis2P3D Location',(-35.,154.,130.)) ;
#2963=CARTESIAN_POINT('Vertex',(-25.,154.,130.)) ;
#2966=CARTESIAN_POINT('Line Origine',(-25.,-2.84217094304E-014,130.)) ;
#2988=CARTESIAN_POINT('Line Origine',(-25.,154.,126.)) ;
#2992=CARTESIAN_POINT('Vertex',(-25.,154.,122.)) ;
#2995=CARTESIAN_POINT('Line Origine',(-25.,-2.84217094304E-014,122.)) ;
#2999=CARTESIAN_POINT('Vertex',(-25.,-154.,122.)) ;
#3002=CARTESIAN_POINT('Line Origine',(-25.,-154.,126.)) ;
#3014=CARTESIAN_POINT('Axis2P3D Location',(-35.,-154.,126.)) ;
#3019=CARTESIAN_POINT('Axis2P3D Location',(-35.,-154.,122.)) ;
#3023=CARTESIAN_POINT('Vertex',(-35.,-164.,122.)) ;
#3026=CARTESIAN_POINT('Line Origine',(-35.,-164.,126.)) ;
#3038=CARTESIAN_POINT('Axis2P3D Location',(-25.,-1.42108547152E-014,122.)) ;
#3043=CARTESIAN_POINT('Axis2P3D Location',(-35.,154.,122.)) ;
#3047=CARTESIAN_POINT('Vertex',(-35.,164.,122.)) ;
#3050=CARTESIAN_POINT('Line Origine',(-39.,164.,122.)) ;
#3054=CARTESIAN_POINT('Vertex',(-43.,164.,122.)) ;
#3057=CARTESIAN_POINT('Axis2P3D Location',(-43.,169.,122.)) ;
#3061=CARTESIAN_POINT('Vertex',(-48.,169.,122.)) ;
#3064=CARTESIAN_POINT('Line Origine',(-48.,182.,122.)) ;
#3068=CARTESIAN_POINT('Vertex',(-48.,195.,122.)) ;
#3071=CARTESIAN_POINT('Axis2P3D Location',(-43.,195.,122.)) ;
#3075=CARTESIAN_POINT('Vertex',(-43.,200.,122.)) ;
#3078=CARTESIAN_POINT('Line Origine',(-28.5,200.,122.)) ;
#3082=CARTESIAN_POINT('Vertex',(-14.,200.,122.)) ;
#3085=CARTESIAN_POINT('Line Origine',(-14.,0.,122.)) ;
#3090=CARTESIAN_POINT('Axis2P3D Location',(-43.,-195.,122.)) ;
#3094=CARTESIAN_POINT('Vertex',(-48.,-195.,122.)) ;
#3097=CARTESIAN_POINT('Line Origine',(-48.,-182.,122.)) ;
#3101=CARTESIAN_POINT('Vertex',(-48.,-169.,122.)) ;
#3104=CARTESIAN_POINT('Axis2P3D Location',(-43.,-169.,122.)) ;
#3108=CARTESIAN_POINT('Vertex',(-43.,-164.,122.)) ;
#3111=CARTESIAN_POINT('Line Origine',(-39.,-164.,122.)) ;
#3133=CARTESIAN_POINT('Axis2P3D Location',(-14.,-100.,106.)) ;
#3138=CARTESIAN_POINT('Axis2P3D Location',(-14.,200.,106.)) ;
#3150=CARTESIAN_POINT('Axis2P3D Location',(-43.,-195.,126.)) ;
#3155=CARTESIAN_POINT('Line Origine',(-48.,-195.,12.5)) ;
#3167=CARTESIAN_POINT('Axis2P3D Location',(-43.,-164.,130.)) ;
#3172=CARTESIAN_POINT('Line Origine',(-43.,-164.,126.)) ;
#3184=CARTESIAN_POINT('Axis2P3D Location',(-43.,-169.,126.)) ;
#3189=CARTESIAN_POINT('Line Origine',(-48.,-169.,12.5)) ;
#3201=CARTESIAN_POINT('Axis2P3D Location',(-48.,-169.,130.)) ;
#3213=CARTESIAN_POINT('Axis2P3D Location',(-43.,-169.,-105.)) ;
#3217=CARTESIAN_POINT('Vertex',(-43.,-164.,-105.)) ;
#3219=CARTESIAN_POINT('Vertex',(-48.,-169.,-105.)) ;
#3222=CARTESIAN_POINT('Line Origine',(-48.,-169.,12.5)) ;
#3226=CARTESIAN_POINT('Vertex',(-48.,-169.,-97.)) ;
#3229=CARTESIAN_POINT('Axis2P3D Location',(-43.,-169.,-97.)) ;
#3233=CARTESIAN_POINT('Vertex',(-43.,-164.,-97.)) ;
#3236=CARTESIAN_POINT('Line Origine',(-43.,-164.,12.5)) ;
#3248=CARTESIAN_POINT('Line Origine',(-39.,-164.,-105.)) ;
#3253=CARTESIAN_POINT('Line Origine',(-39.,-164.,-97.)) ;
#3265=CARTESIAN_POINT('Line Origine',(-48.,-182.,-105.)) ;
#3269=CARTESIAN_POINT('Vertex',(-48.,-195.,-105.)) ;
#3272=CARTESIAN_POINT('Line Origine',(-48.,-195.,-101.)) ;
#3276=CARTESIAN_POINT('Vertex',(-48.,-195.,-97.)) ;
#3279=CARTESIAN_POINT('Line Origine',(-48.,-182.,-97.)) ;
#3291=CARTESIAN_POINT('Axis2P3D Location',(-43.,-195.,-105.)) ;
#3295=CARTESIAN_POINT('Vertex',(-43.,-200.,-105.)) ;
#3298=CARTESIAN_POINT('Line Origine',(-43.,-200.,12.5)) ;
#3302=CARTESIAN_POINT('Vertex',(-43.,-200.,-97.)) ;
#3305=CARTESIAN_POINT('Axis2P3D Location',(-43.,-195.,-97.)) ;
#3317=CARTESIAN_POINT('Axis2P3D Location',(-25.,-1.42108547152E-014,-97.)) ;
#3322=CARTESIAN_POINT('Line Origine',(-28.5,-200.,-97.)) ;
#3327=CARTESIAN_POINT('Line Origine',(-28.5,200.,-97.)) ;
#3331=CARTESIAN_POINT('Vertex',(-43.,200.,-97.)) ;
#3334=CARTESIAN_POINT('Axis2P3D Location',(-43.,195.,-97.)) ;
#3338=CARTESIAN_POINT('Vertex',(-48.,195.,-97.)) ;
#3341=CARTESIAN_POINT('Line Origine',(-48.,182.,-97.)) ;
#3345=CARTESIAN_POINT('Vertex',(-48.,169.,-97.)) ;
#3348=CARTESIAN_POINT('Axis2P3D Location',(-43.,169.,-97.)) ;
#3352=CARTESIAN_POINT('Vertex',(-43.,164.,-97.)) ;
#3355=CARTESIAN_POINT('Line Origine',(-39.,164.,-97.)) ;
#3359=CARTESIAN_POINT('Vertex',(-35.,164.,-97.)) ;
#3362=CARTESIAN_POINT('Axis2P3D Location',(-35.,154.,-97.)) ;
#3384=CARTESIAN_POINT('Line Origine',(-28.5,-200.,-105.)) ;
#3400=CARTESIAN_POINT('Axis2P3D Location',(-14.,-1.42108547152E-014,-105.)) ;
#3405=CARTESIAN_POINT('Axis2P3D Location',(-35.,154.,-105.)) ;
#3409=CARTESIAN_POINT('Vertex',(-35.,164.,-105.)) ;
#3412=CARTESIAN_POINT('Line Origine',(-39.,164.,-105.)) ;
#3416=CARTESIAN_POINT('Vertex',(-43.,164.,-105.)) ;
#3419=CARTESIAN_POINT('Axis2P3D Location',(-43.,169.,-105.)) ;
#3423=CARTESIAN_POINT('Vertex',(-48.,169.,-105.)) ;
#3426=CARTESIAN_POINT('Line Origine',(-48.,182.,-105.)) ;
#3430=CARTESIAN_POINT('Vertex',(-48.,195.,-105.)) ;
#3433=CARTESIAN_POINT('Axis2P3D Location',(-43.,195.,-105.)) ;
#3437=CARTESIAN_POINT('Vertex',(-43.,200.,-105.)) ;
#3440=CARTESIAN_POINT('Line Origine',(-28.5,200.,-105.)) ;
#3462=CARTESIAN_POINT('Axis2P3D Location',(-7.5,220.,-80.)) ;
#3467=CARTESIAN_POINT('Line Origine',(-7.5,220.,-60.)) ;
#3472=CARTESIAN_POINT('Line Origine',(-7.5,200.,-80.)) ;
#3484=CARTESIAN_POINT('Axis2P3D Location',(0.,200.,0.)) ;
#3489=CARTESIAN_POINT('Line Origine',(6.,200.,100.)) ;
#3494=CARTESIAN_POINT('Line Origine',(-43.,200.,126.)) ;
#3510=CARTESIAN_POINT('Axis2P3D Location',(-5.,220.,100.)) ;
#3515=CARTESIAN_POINT('Line Origine',(-5.,220.,80.)) ;
#3527=CARTESIAN_POINT('Line Origine',(6.,227.984378813,80.)) ;
#3539=CARTESIAN_POINT('Axis2P3D Location',(6.,227.984378813,100.)) ;
#3544=CARTESIAN_POINT('Line Origine',(6.,240.478279764,84.3826238111)) ;
#3556=CARTESIAN_POINT('Axis2P3D Location',(2.,252.493900951,93.9951207609)) ;
#3561=CARTESIAN_POINT('Line Origine',(6.,252.493900951,93.9951207609)) ;
#3573=CARTESIAN_POINT('Axis2P3D Location',(6.,240.,109.61249695)) ;
#3578=CARTESIAN_POINT('Line Origine',(6.,252.5,94.0000019537)) ;
#3582=CARTESIAN_POINT('Vertex',(9.,252.5,94.0000019537)) ;
#3585=CARTESIAN_POINT('Axis2P3D Location',(9.,240.,109.61249695)) ;
#3589=CARTESIAN_POINT('Vertex',(9.,260.,109.61249695)) ;
#3592=CARTESIAN_POINT('Line Origine',(6.,260.,109.61249695)) ;
#3596=CARTESIAN_POINT('Vertex',(3.,260.,109.61249695)) ;
#3599=CARTESIAN_POINT('Axis2P3D Location',(3.,240.,109.61249695)) ;
#3603=CARTESIAN_POINT('Vertex',(3.,252.5,94.0000019537)) ;
#3606=CARTESIAN_POINT('Line Origine',(6.,252.5,94.0000019537)) ;
#3622=CARTESIAN_POINT('Axis2P3D Location',(2.,260.,109.61249695)) ;
#3627=CARTESIAN_POINT('Line Origine',(9.,260.,112.306248475)) ;
#3631=CARTESIAN_POINT('Vertex',(9.,260.,115.)) ;
#3634=CARTESIAN_POINT('Line Origine',(6.,260.,115.)) ;
#3638=CARTESIAN_POINT('Vertex',(3.,260.,115.)) ;
#3641=CARTESIAN_POINT('Line Origine',(3.,260.,112.306248475)) ;
#3653=CARTESIAN_POINT('Axis2P3D Location',(6.,270.,115.)) ;
#3658=CARTESIAN_POINT('Axis2P3D Location',(3.,270.,115.)) ;
#3662=CARTESIAN_POINT('Vertex',(3.,270.,125.)) ;
#3665=CARTESIAN_POINT('Axis2P3D Location',(9.,270.,115.)) ;
#3669=CARTESIAN_POINT('Vertex',(9.,270.,125.)) ;
#3672=CARTESIAN_POINT('Line Origine',(6.,270.,125.)) ;
#3684=CARTESIAN_POINT('Line Origine',(3.,275.,125.)) ;
#3688=CARTESIAN_POINT('Vertex',(3.,280.,125.)) ;
#3691=CARTESIAN_POINT('Line Origine',(9.,275.,125.)) ;
#3695=CARTESIAN_POINT('Vertex',(9.,280.,125.)) ;
#3698=CARTESIAN_POINT('Line Origine',(6.,280.,125.)) ;
#3710=CARTESIAN_POINT('Axis2P3D Location',(6.,280.,115.)) ;
#3715=CARTESIAN_POINT('Axis2P3D Location',(3.,280.,115.)) ;
#3719=CARTESIAN_POINT('Vertex',(3.,290.,115.)) ;
#3722=CARTESIAN_POINT('Axis2P3D Location',(9.,280.,115.)) ;
#3726=CARTESIAN_POINT('Vertex',(9.,290.,115.)) ;
#3729=CARTESIAN_POINT('Line Origine',(6.,290.,115.)) ;
#3741=CARTESIAN_POINT('Axis2P3D Location',(2.,290.,-105.)) ;
#3746=CARTESIAN_POINT('Line Origine',(3.,290.,92.1859998453)) ;
#3750=CARTESIAN_POINT('Vertex',(3.,290.,69.3719996906)) ;
#3753=CARTESIAN_POINT('Line Origine',(9.,290.,92.1859998453)) ;
#3757=CARTESIAN_POINT('Vertex',(9.,290.,69.3719996906)) ;
#3760=CARTESIAN_POINT('Line Origine',(6.,290.,69.3719996906)) ;
#3772=CARTESIAN_POINT('Axis2P3D Location',(6.,300.,69.3719996906)) ;
#3777=CARTESIAN_POINT('Axis2P3D Location',(9.,300.,69.3719996906)) ;
#3781=CARTESIAN_POINT('Vertex',(9.,297.411809549,59.7127414277)) ;
#3784=CARTESIAN_POINT('Line Origine',(6.,297.411809549,59.7127414277)) ;
#3788=CARTESIAN_POINT('Vertex',(3.,297.411809549,59.7127414277)) ;
#3791=CARTESIAN_POINT('Axis2P3D Location',(3.,300.,69.3719996906)) ;
#3803=CARTESIAN_POINT('Axis2P3D Location',(2.,297.411809549,59.7127414277)) ;
#3808=CARTESIAN_POINT('Line Origine',(9.,302.5,58.3493649054)) ;
#3812=CARTESIAN_POINT('Vertex',(9.,307.588190451,56.9859883831)) ;
#3815=CARTESIAN_POINT('Line Origine',(6.,307.588190451,56.9859883831)) ;
#3819=CARTESIAN_POINT('Vertex',(3.,307.588190451,56.9859883831)) ;
#3822=CARTESIAN_POINT('Line Origine',(3.,302.5,58.3493649054)) ;
#3834=CARTESIAN_POINT('Axis2P3D Location',(6.,305.,47.3267301202)) ;
#3839=CARTESIAN_POINT('Axis2P3D Location',(3.,305.,47.3267301202)) ;
#3843=CARTESIAN_POINT('Vertex',(3.,315.,47.3267301202)) ;
#3846=CARTESIAN_POINT('Axis2P3D Location',(9.,305.,47.3267301202)) ;
#3850=CARTESIAN_POINT('Vertex',(9.,315.,47.3267301202)) ;
#3853=CARTESIAN_POINT('Line Origine',(6.,315.,47.3267301202)) ;
#3865=CARTESIAN_POINT('Axis2P3D Location',(2.,315.,47.3267301202)) ;
#3870=CARTESIAN_POINT('Line Origine',(9.,315.,5.)) ;
#3874=CARTESIAN_POINT('Vertex',(9.,315.,-37.3267301202)) ;
#3877=CARTESIAN_POINT('Line Origine',(6.,315.,-37.3267301202)) ;
#3881=CARTESIAN_POINT('Vertex',(3.,315.,-37.3267301202)) ;
#3884=CARTESIAN_POINT('Line Origine',(3.,315.,5.)) ;
#3896=CARTESIAN_POINT('Axis2P3D Location',(6.,305.,-37.3267301202)) ;
#3901=CARTESIAN_POINT('Axis2P3D Location',(3.,305.,-37.3267301202)) ;
#3905=CARTESIAN_POINT('Vertex',(3.,307.588190451,-46.9859883831)) ;
#3908=CARTESIAN_POINT('Axis2P3D Location',(9.,305.,-37.3267301202)) ;
#3912=CARTESIAN_POINT('Vertex',(9.,307.588190451,-46.9859883831)) ;
#3915=CARTESIAN_POINT('Line Origine',(6.,307.588190451,-46.9859883831)) ;
#3927=CARTESIAN_POINT('Axis2P3D Location',(2.,297.411809549,-49.7127414277)) ;
#3932=CARTESIAN_POINT('Line Origine',(3.,302.5,-48.3493649054)) ;
#3936=CARTESIAN_POINT('Vertex',(3.,297.411809549,-49.7127414277)) ;
#3939=CARTESIAN_POINT('Line Origine',(9.,302.5,-48.3493649054)) ;
#3943=CARTESIAN_POINT('Vertex',(9.,297.411809549,-49.7127414277)) ;
#3946=CARTESIAN_POINT('Line Origine',(6.,297.411809549,-49.7127414277)) ;
#3958=CARTESIAN_POINT('Axis2P3D Location',(6.,300.,-59.3719996906)) ;
#3963=CARTESIAN_POINT('Axis2P3D Location',(9.,300.,-59.3719996906)) ;
#3967=CARTESIAN_POINT('Vertex',(9.,290.,-59.3719996906)) ;
#3970=CARTESIAN_POINT('Line Origine',(6.,290.,-59.3719996906)) ;
#3974=CARTESIAN_POINT('Vertex',(3.,290.,-59.3719996906)) ;
#3977=CARTESIAN_POINT('Axis2P3D Location',(3.,300.,-59.3719996906)) ;
#3989=CARTESIAN_POINT('Line Origine',(3.,290.,-82.1859998453)) ;
#3993=CARTESIAN_POINT('Vertex',(3.,290.,-105.)) ;
#3996=CARTESIAN_POINT('Line Origine',(9.,290.,-82.1859998453)) ;
#4000=CARTESIAN_POINT('Vertex',(9.,290.,-105.)) ;
#4003=CARTESIAN_POINT('Line Origine',(6.,290.,-105.)) ;
#4015=CARTESIAN_POINT('Axis2P3D Location',(6.,280.,-105.)) ;
#4020=CARTESIAN_POINT('Axis2P3D Location',(3.,280.,-105.)) ;
#4024=CARTESIAN_POINT('Vertex',(3.,280.,-115.)) ;
#4027=CARTESIAN_POINT('Axis2P3D Location',(9.,280.,-105.)) ;
#4031=CARTESIAN_POINT('Vertex',(9.,280.,-115.)) ;
#4034=CARTESIAN_POINT('Line Origine',(6.,280.,-115.)) ;
#4046=CARTESIAN_POINT('Line Origine',(3.,275.,-115.)) ;
#4050=CARTESIAN_POINT('Vertex',(3.,270.,-115.)) ;
#4053=CARTESIAN_POINT('Line Origine',(9.,275.,-115.)) ;
#4057=CARTESIAN_POINT('Vertex',(9.,270.,-115.)) ;
#4060=CARTESIAN_POINT('Line Origine',(6.,270.,-115.)) ;
#4072=CARTESIAN_POINT('Axis2P3D Location',(6.,270.,-105.)) ;
#4077=CARTESIAN_POINT('Axis2P3D Location',(3.,270.,-105.)) ;
#4081=CARTESIAN_POINT('Vertex',(3.,260.,-105.)) ;
#4084=CARTESIAN_POINT('Axis2P3D Location',(9.,270.,-105.)) ;
#4088=CARTESIAN_POINT('Vertex',(9.,260.,-105.)) ;
#4091=CARTESIAN_POINT('Line Origine',(6.,260.,-105.)) ;
#4103=CARTESIAN_POINT('Line Origine',(9.,260.,-98.5078105936)) ;
#4107=CARTESIAN_POINT('Vertex',(9.,260.,-92.0156211872)) ;
#4110=CARTESIAN_POINT('Line Origine',(6.,260.,-92.0156211872)) ;
#4114=CARTESIAN_POINT('Vertex',(3.,260.,-92.0156211872)) ;
#4117=CARTESIAN_POINT('Line Origine',(3.,260.,-98.5078105936)) ;
#4129=CARTESIAN_POINT('Axis2P3D Location',(6.,240.,-92.0156211872)) ;
#4134=CARTESIAN_POINT('Axis2P3D Location',(9.,240.,-92.0156211872)) ;
#4138=CARTESIAN_POINT('Vertex',(9.,255.617376189,-79.5217202361)) ;
#4141=CARTESIAN_POINT('Line Origine',(6.,255.617376189,-79.5217202361)) ;
#4145=CARTESIAN_POINT('Vertex',(3.,255.617376189,-79.5217202361)) ;
#4148=CARTESIAN_POINT('Axis2P3D Location',(3.,240.,-92.0156211872)) ;
#4160=CARTESIAN_POINT('Axis2P3D Location',(2.,246.004879239,-67.5060990489)) ;
#4165=CARTESIAN_POINT('Line Origine',(9.,254.058688094,-77.573360118)) ;
#4169=CARTESIAN_POINT('Vertex',(9.,252.5,-75.625)) ;
#4172=CARTESIAN_POINT('Line Origine',(9.5,252.5,-75.625)) ;
#4177=CARTESIAN_POINT('Line Origine',(6.,246.004879239,-67.5060990489)) ;
#4182=CARTESIAN_POINT('Line Origine',(2.5,252.5,-75.625)) ;
#4186=CARTESIAN_POINT('Vertex',(3.,252.5,-75.625)) ;
#4189=CARTESIAN_POINT('Line Origine',(3.,254.058688094,-77.573360118)) ;
#4205=CARTESIAN_POINT('Axis2P3D Location',(6.,230.38750305,-80.)) ;
#4210=CARTESIAN_POINT('Line Origine',(6.,230.38750305,-60.)) ;
#4229=CARTESIAN_POINT('Axis2P3D Location',(6.,55.,-10.5180025927)) ;
#4234=CARTESIAN_POINT('Axis2P3D Location',(9.,55.,-10.5180025927)) ;
#4238=CARTESIAN_POINT('Vertex',(9.,15.,-10.5180025927)) ;
#4240=CARTESIAN_POINT('Vertex',(9.,24.2711488161,-36.1253785793)) ;
#4243=CARTESIAN_POINT('Line Origine',(6.,24.2711488161,-36.1253785793)) ;
#4248=CARTESIAN_POINT('Line Origine',(6.,15.,-10.5180025927)) ;
#4260=CARTESIAN_POINT('Axis2P3D Location',(0.,15.,-25.)) ;
#4265=CARTESIAN_POINT('Line Origine',(9.,29.1371110719,-41.9645332863)) ;
#4269=CARTESIAN_POINT('Vertex',(9.,34.0030733277,-47.8036879933)) ;
#4272=CARTESIAN_POINT('Line Origine',(5.5,34.0030733277,-47.8036879933)) ;
#4284=CARTESIAN_POINT('Axis2P3D Location',(6.,49.3674989197,-35.)) ;
#4289=CARTESIAN_POINT('Axis2P3D Location',(9.,49.3674989197,-35.)) ;
#4293=CARTESIAN_POINT('Vertex',(9.,49.3674989197,-55.)) ;
#4296=CARTESIAN_POINT('Line Origine',(6.,49.3674989197,-55.)) ;
#4308=CARTESIAN_POINT('Line Origine',(5.5,57.596296508,-55.)) ;
#4312=CARTESIAN_POINT('Vertex',(9.,57.596296508,-55.)) ;
#4315=CARTESIAN_POINT('Line Origine',(9.,53.4818977138,-55.)) ;
#4327=CARTESIAN_POINT('Axis2P3D Location',(6.,57.596296508,-40.)) ;
#4332=CARTESIAN_POINT('Axis2P3D Location',(9.,57.596296508,-40.)) ;
#4336=CARTESIAN_POINT('Vertex',(9.,72.5518519658,-41.1538461538)) ;
#4339=CARTESIAN_POINT('Line Origine',(6.,72.5518519658,-41.1538461538)) ;
#4351=CARTESIAN_POINT('Axis2P3D Location',(6.,90.,-42.5)) ;
#4356=CARTESIAN_POINT('Axis2P3D Location',(9.,90.,-42.5)) ;
#4360=CARTESIAN_POINT('Vertex',(9.,90.,-25.)) ;
#4363=CARTESIAN_POINT('Axis2P3D Location',(9.,90.,-42.5)) ;
#4367=CARTESIAN_POINT('Vertex',(9.,107.448148034,-41.1538461538)) ;
#4370=CARTESIAN_POINT('Line Origine',(6.,107.448148034,-41.1538461538)) ;
#4384=CARTESIAN_POINT('Axis2P3D Location',(6.,90.,27.5)) ;
#4389=CARTESIAN_POINT('Line Origine',(6.,72.5518519658,26.1538461538)) ;
#4393=CARTESIAN_POINT('Vertex',(9.,72.5518519658,26.1538461538)) ;
#4396=CARTESIAN_POINT('Line Origine',(6.,107.448148034,26.1538461538)) ;
#4400=CARTESIAN_POINT('Vertex',(9.,107.448148034,26.1538461538)) ;
#4403=CARTESIAN_POINT('Axis2P3D Location',(9.,90.,27.5)) ;
#4407=CARTESIAN_POINT('Vertex',(9.,90.,10.)) ;
#4410=CARTESIAN_POINT('Axis2P3D Location',(9.,90.,27.5)) ;
#4424=CARTESIAN_POINT('Axis2P3D Location',(6.,57.5962965079,25.)) ;
#4429=CARTESIAN_POINT('Axis2P3D Location',(9.,57.5962965079,25.)) ;
#4433=CARTESIAN_POINT('Vertex',(9.,57.5962965079,40.)) ;
#4436=CARTESIAN_POINT('Line Origine',(6.,57.5962965079,40.)) ;
#4448=CARTESIAN_POINT('Line Origine',(5.5,49.3674989197,40.)) ;
#4452=CARTESIAN_POINT('Vertex',(9.,49.3674989197,40.)) ;
#4455=CARTESIAN_POINT('Line Origine',(9.,53.4818977138,40.)) ;
#4467=CARTESIAN_POINT('Axis2P3D Location',(6.,49.3674989197,20.)) ;
#4472=CARTESIAN_POINT('Axis2P3D Location',(9.,49.3674989197,20.)) ;
#4476=CARTESIAN_POINT('Vertex',(9.,34.0030733277,32.8036879933)) ;
#4479=CARTESIAN_POINT('Line Origine',(6.,34.0030733277,32.8036879933)) ;
#4491=CARTESIAN_POINT('Axis2P3D Location',(0.,40.,40.)) ;
#4496=CARTESIAN_POINT('Line Origine',(9.,29.1371110719,26.9645332863)) ;
#4500=CARTESIAN_POINT('Vertex',(9.,24.2711488161,21.1253785793)) ;
#4503=CARTESIAN_POINT('Line Origine',(5.5,24.2711488161,21.1253785793)) ;
#4515=CARTESIAN_POINT('Axis2P3D Location',(6.,55.,-4.48199740725)) ;
#4520=CARTESIAN_POINT('Axis2P3D Location',(9.,55.,-4.48199740725)) ;
#4524=CARTESIAN_POINT('Vertex',(9.,15.,-4.48199740725)) ;
#4527=CARTESIAN_POINT('Line Origine',(6.,15.,-4.48199740725)) ;
#4539=CARTESIAN_POINT('Axis2P3D Location',(0.,15.,10.)) ;
#4544=CARTESIAN_POINT('Line Origine',(9.,15.,-7.5)) ;
#4556=CARTESIAN_POINT('Axis2P3D Location',(6.,90.,27.5)) ;
#4561=CARTESIAN_POINT('Axis2P3D Location',(3.,90.,27.5)) ;
#4565=CARTESIAN_POINT('Vertex',(3.,83.5,27.5)) ;
#4567=CARTESIAN_POINT('Vertex',(3.,96.5,27.5)) ;
#4570=CARTESIAN_POINT('Line Origine',(6.,96.5,27.5)) ;
#4574=CARTESIAN_POINT('Vertex',(9.,96.5,27.5)) ;
#4577=CARTESIAN_POINT('Axis2P3D Location',(9.,90.,27.5)) ;
#4581=CARTESIAN_POINT('Vertex',(9.,83.5,27.5)) ;
#4584=CARTESIAN_POINT('Line Origine',(6.,83.5,27.5)) ;
#4596=CARTESIAN_POINT('Axis2P3D Location',(3.,90.,27.5)) ;
#4601=CARTESIAN_POINT('Axis2P3D Location',(9.,90.,27.5)) ;
#4613=CARTESIAN_POINT('Axis2P3D Location',(6.,90.,-42.5)) ;
#4618=CARTESIAN_POINT('Axis2P3D Location',(3.,90.,-42.5)) ;
#4622=CARTESIAN_POINT('Vertex',(3.,96.5,-42.5)) ;
#4624=CARTESIAN_POINT('Vertex',(3.,83.5,-42.5)) ;
#4627=CARTESIAN_POINT('Line Origine',(6.,83.5,-42.5)) ;
#4631=CARTESIAN_POINT('Vertex',(9.,83.5,-42.5)) ;
#4634=CARTESIAN_POINT('Axis2P3D Location',(9.,90.,-42.5)) ;
#4638=CARTESIAN_POINT('Vertex',(9.,96.5,-42.5)) ;
#4641=CARTESIAN_POINT('Line Origine',(6.,96.5,-42.5)) ;
#4653=CARTESIAN_POINT('Axis2P3D Location',(3.,90.,-42.5)) ;
#4658=CARTESIAN_POINT('Axis2P3D Location',(9.,90.,-42.5)) ;
#4670=CARTESIAN_POINT('Axis2P3D Location',(-35.,154.,-101.)) ;
#4675=CARTESIAN_POINT('Line Origine',(-35.,164.,-101.)) ;
#4687=CARTESIAN_POINT('Axis2P3D Location',(-35.,154.,126.)) ;
#4692=CARTESIAN_POINT('Line Origine',(-35.,164.,126.)) ;
#4704=CARTESIAN_POINT('Axis2P3D Location',(-43.,195.,126.)) ;
#4709=CARTESIAN_POINT('Line Origine',(-48.,195.,12.5)) ;
#4721=CARTESIAN_POINT('Axis2P3D Location',(-43.,164.,130.)) ;
#4726=CARTESIAN_POINT('Line Origine',(-43.,164.,126.)) ;
#4738=CARTESIAN_POINT('Axis2P3D Location',(-43.,169.,126.)) ;
#4743=CARTESIAN_POINT('Line Origine',(-48.,169.,12.5)) ;
#4762=CARTESIAN_POINT('Line Origine',(-43.,164.,12.5)) ;
#4767=CARTESIAN_POINT('Line Origine',(-48.,169.,12.5)) ;
#4786=CARTESIAN_POINT('Line Origine',(-48.,195.,-101.)) ;
#4798=CARTESIAN_POINT('Line Origine',(-43.,200.,12.5)) ;
#4821=CARTESIAN_POINT('Axis2P3D Location',(10.,300.,10.)) ;
#4826=CARTESIAN_POINT('Line Origine',(10.,297.75,10.)) ;
#4830=CARTESIAN_POINT('Vertex',(3.,297.75,10.)) ;
#4832=CARTESIAN_POINT('Vertex',(9.,297.75,10.)) ;
#4835=CARTESIAN_POINT('Axis2P3D Location',(3.,300.,10.)) ;
#4839=CARTESIAN_POINT('Vertex',(3.,302.25,10.)) ;
#4842=CARTESIAN_POINT('Line Origine',(10.,302.25,10.)) ;
#4846=CARTESIAN_POINT('Vertex',(9.,302.25,10.)) ;
#4849=CARTESIAN_POINT('Axis2P3D Location',(9.,300.,10.)) ;
#4869=CARTESIAN_POINT('Axis2P3D Location',(3.,300.,10.)) ;
#4874=CARTESIAN_POINT('Axis2P3D Location',(9.,300.,10.)) ;
#4887=CARTESIAN_POINT('Axis2P3D Location',(10.,300.,0.)) ;
#4892=CARTESIAN_POINT('Line Origine',(10.,297.75,2.75545529808E-016)) ;
#4896=CARTESIAN_POINT('Vertex',(3.,297.75,2.75545529808E-016)) ;
#4898=CARTESIAN_POINT('Vertex',(9.,297.75,2.75545529808E-016)) ;
#4901=CARTESIAN_POINT('Axis2P3D Location',(3.,300.,0.)) ;
#4905=CARTESIAN_POINT('Vertex',(3.,302.25,0.)) ;
#4908=CARTESIAN_POINT('Line Origine',(10.,302.25,0.)) ;
#4912=CARTESIAN_POINT('Vertex',(9.,302.25,0.)) ;
#4915=CARTESIAN_POINT('Axis2P3D Location',(9.,300.,0.)) ;
#4928=CARTESIAN_POINT('Axis2P3D Location',(3.,300.,0.)) ;
#4933=CARTESIAN_POINT('Axis2P3D Location',(9.,300.,0.)) ;
#4946=CARTESIAN_POINT('Axis2P3D Location',(10.,300.,-10.)) ;
#4951=CARTESIAN_POINT('Line Origine',(10.,297.75,-10.)) ;
#4955=CARTESIAN_POINT('Vertex',(3.,297.75,-10.)) ;
#4957=CARTESIAN_POINT('Vertex',(9.,297.75,-10.)) ;
#4960=CARTESIAN_POINT('Axis2P3D Location',(3.,300.,-10.)) ;
#4964=CARTESIAN_POINT('Vertex',(3.,302.25,-10.)) ;
#4967=CARTESIAN_POINT('Line Origine',(10.,302.25,-10.)) ;
#4971=CARTESIAN_POINT('Vertex',(9.,302.25,-10.)) ;
#4974=CARTESIAN_POINT('Axis2P3D Location',(9.,300.,-10.)) ;
#4987=CARTESIAN_POINT('Axis2P3D Location',(3.,300.,-10.)) ;
#4992=CARTESIAN_POINT('Axis2P3D Location',(9.,300.,-10.)) ;
#5005=CARTESIAN_POINT('Axis2P3D Location',(10.,300.,-20.)) ;
#5010=CARTESIAN_POINT('Line Origine',(10.,297.75,-20.)) ;
#5014=CARTESIAN_POINT('Vertex',(3.,297.75,-20.)) ;
#5016=CARTESIAN_POINT('Vertex',(9.,297.75,-20.)) ;
#5019=CARTESIAN_POINT('Axis2P3D Location',(3.,300.,-20.)) ;
#5023=CARTESIAN_POINT('Vertex',(3.,302.25,-20.)) ;
#5026=CARTESIAN_POINT('Line Origine',(10.,302.25,-20.)) ;
#5030=CARTESIAN_POINT('Vertex',(9.,302.25,-20.)) ;
#5033=CARTESIAN_POINT('Axis2P3D Location',(9.,300.,-20.)) ;
#5046=CARTESIAN_POINT('Axis2P3D Location',(3.,300.,-20.)) ;
#5051=CARTESIAN_POINT('Axis2P3D Location',(9.,300.,-20.)) ;
#5064=CARTESIAN_POINT('Axis2P3D Location',(10.,307.5,5.)) ;
#5069=CARTESIAN_POINT('Line Origine',(10.,305.25,5.)) ;
#5073=CARTESIAN_POINT('Vertex',(3.,305.25,5.)) ;
#5075=CARTESIAN_POINT('Vertex',(9.,305.25,5.)) ;
#5078=CARTESIAN_POINT('Axis2P3D Location',(3.,307.5,5.)) ;
#5082=CARTESIAN_POINT('Vertex',(3.,309.75,5.)) ;
#5085=CARTESIAN_POINT('Line Origine',(10.,309.75,5.)) ;
#5089=CARTESIAN_POINT('Vertex',(9.,309.75,5.)) ;
#5092=CARTESIAN_POINT('Axis2P3D Location',(9.,307.5,5.)) ;
#5105=CARTESIAN_POINT('Axis2P3D Location',(3.,307.5,5.)) ;
#5110=CARTESIAN_POINT('Axis2P3D Location',(9.,307.5,5.)) ;
#5123=CARTESIAN_POINT('Axis2P3D Location',(10.,307.5,-5.)) ;
#5128=CARTESIAN_POINT('Line Origine',(10.,305.25,-5.)) ;
#5132=CARTESIAN_POINT('Vertex',(3.,305.25,-5.)) ;
#5134=CARTESIAN_POINT('Vertex',(9.,305.25,-5.)) ;
#5137=CARTESIAN_POINT('Axis2P3D Location',(3.,307.5,-5.)) ;
#5141=CARTESIAN_POINT('Vertex',(3.,309.75,-5.)) ;
#5144=CARTESIAN_POINT('Line Origine',(10.,309.75,-5.)) ;
#5148=CARTESIAN_POINT('Vertex',(9.,309.75,-5.)) ;
#5151=CARTESIAN_POINT('Axis2P3D Location',(9.,307.5,-5.)) ;
#5164=CARTESIAN_POINT('Axis2P3D Location',(3.,307.5,-5.)) ;
#5169=CARTESIAN_POINT('Axis2P3D Location',(9.,307.5,-5.)) ;
#5182=CARTESIAN_POINT('Axis2P3D Location',(10.,307.5,-15.)) ;
#5187=CARTESIAN_POINT('Line Origine',(10.,305.25,-15.)) ;
#5191=CARTESIAN_POINT('Vertex',(3.,305.25,-15.)) ;
#5193=CARTESIAN_POINT('Vertex',(9.,305.25,-15.)) ;
#5196=CARTESIAN_POINT('Axis2P3D Location',(3.,307.5,-15.)) ;
#5200=CARTESIAN_POINT('Vertex',(3.,309.75,-15.)) ;
#5203=CARTESIAN_POINT('Line Origine',(10.,309.75,-15.)) ;
#5207=CARTESIAN_POINT('Vertex',(9.,309.75,-15.)) ;
#5210=CARTESIAN_POINT('Axis2P3D Location',(9.,307.5,-15.)) ;
#5223=CARTESIAN_POINT('Axis2P3D Location',(3.,307.5,-15.)) ;
#5228=CARTESIAN_POINT('Axis2P3D Location',(9.,307.5,-15.)) ;
#5241=CARTESIAN_POINT('Axis2P3D Location',(10.,307.5,-25.)) ;
#5246=CARTESIAN_POINT('Line Origine',(10.,305.25,-25.)) ;
#5250=CARTESIAN_POINT('Vertex',(3.,305.25,-25.)) ;
#5252=CARTESIAN_POINT('Vertex',(9.,305.25,-25.)) ;
#5255=CARTESIAN_POINT('Axis2P3D Location',(3.,307.5,-25.)) ;
#5259=CARTESIAN_POINT('Vertex',(3.,309.75,-25.)) ;
#5262=CARTESIAN_POINT('Line Origine',(10.,309.75,-25.)) ;
#5266=CARTESIAN_POINT('Vertex',(9.,309.75,-25.)) ;
#5269=CARTESIAN_POINT('Axis2P3D Location',(9.,307.5,-25.)) ;
#5282=CARTESIAN_POINT('Axis2P3D Location',(3.,307.5,-25.)) ;
#5287=CARTESIAN_POINT('Axis2P3D Location',(9.,307.5,-25.)) ;
#5300=CARTESIAN_POINT('Axis2P3D Location',(10.,307.5,15.)) ;
#5305=CARTESIAN_POINT('Line Origine',(10.,305.25,15.)) ;
#5309=CARTESIAN_POINT('Vertex',(3.,305.25,15.)) ;
#5311=CARTESIAN_POINT('Vertex',(9.,305.25,15.)) ;
#5314=CARTESIAN_POINT('Axis2P3D Location',(3.,307.5,15.)) ;
#5318=CARTESIAN_POINT('Vertex',(3.,309.75,15.)) ;
#5321=CARTESIAN_POINT('Line Origine',(10.,309.75,15.)) ;
#5325=CARTESIAN_POINT('Vertex',(9.,309.75,15.)) ;
#5328=CARTESIAN_POINT('Axis2P3D Location',(9.,307.5,15.)) ;
#5341=CARTESIAN_POINT('Axis2P3D Location',(3.,307.5,15.)) ;
#5346=CARTESIAN_POINT('Axis2P3D Location',(9.,307.5,15.)) ;
#5359=CARTESIAN_POINT('Axis2P3D Location',(10.,307.5,25.)) ;
#5364=CARTESIAN_POINT('Line Origine',(10.,305.25,25.)) ;
#5368=CARTESIAN_POINT('Vertex',(3.,305.25,25.)) ;
#5370=CARTESIAN_POINT('Vertex',(9.,305.25,25.)) ;
#5373=CARTESIAN_POINT('Axis2P3D Location',(3.,307.5,25.)) ;
#5377=CARTESIAN_POINT('Vertex',(3.,309.75,25.)) ;
#5380=CARTESIAN_POINT('Line Origine',(10.,309.75,25.)) ;
#5384=CARTESIAN_POINT('Vertex',(9.,309.75,25.)) ;
#5387=CARTESIAN_POINT('Axis2P3D Location',(9.,307.5,25.)) ;
#5400=CARTESIAN_POINT('Axis2P3D Location',(3.,307.5,25.)) ;
#5405=CARTESIAN_POINT('Axis2P3D Location',(9.,307.5,25.)) ;
#5418=CARTESIAN_POINT('Axis2P3D Location',(10.,307.5,35.)) ;
#5423=CARTESIAN_POINT('Line Origine',(10.,305.25,35.)) ;
#5427=CARTESIAN_POINT('Vertex',(3.,305.25,35.)) ;
#5429=CARTESIAN_POINT('Vertex',(9.,305.25,35.)) ;
#5432=CARTESIAN_POINT('Axis2P3D Location',(3.,307.5,35.)) ;
#5436=CARTESIAN_POINT('Vertex',(3.,309.75,35.)) ;
#5439=CARTESIAN_POINT('Line Origine',(10.,309.75,35.)) ;
#5443=CARTESIAN_POINT('Vertex',(9.,309.75,35.)) ;
#5446=CARTESIAN_POINT('Axis2P3D Location',(9.,307.5,35.)) ;
#5459=CARTESIAN_POINT('Axis2P3D Location',(3.,307.5,35.)) ;
#5464=CARTESIAN_POINT('Axis2P3D Location',(9.,307.5,35.)) ;
#5477=CARTESIAN_POINT('Axis2P3D Location',(10.,307.5,45.)) ;
#5482=CARTESIAN_POINT('Line Origine',(10.,305.25,45.)) ;
#5486=CARTESIAN_POINT('Vertex',(3.,305.25,45.)) ;
#5488=CARTESIAN_POINT('Vertex',(9.,305.25,45.)) ;
#5491=CARTESIAN_POINT('Axis2P3D Location',(3.,307.5,45.)) ;
#5495=CARTESIAN_POINT('Vertex',(3.,309.75,45.)) ;
#5498=CARTESIAN_POINT('Line Origine',(10.,309.75,45.)) ;
#5502=CARTESIAN_POINT('Vertex',(9.,309.75,45.)) ;
#5505=CARTESIAN_POINT('Axis2P3D Location',(9.,307.5,45.)) ;
#5518=CARTESIAN_POINT('Axis2P3D Location',(3.,307.5,45.)) ;
#5523=CARTESIAN_POINT('Axis2P3D Location',(9.,307.5,45.)) ;
#5536=CARTESIAN_POINT('Axis2P3D Location',(10.,300.,20.)) ;
#5541=CARTESIAN_POINT('Line Origine',(10.,297.75,20.)) ;
#5545=CARTESIAN_POINT('Vertex',(3.,297.75,20.)) ;
#5547=CARTESIAN_POINT('Vertex',(9.,297.75,20.)) ;
#5550=CARTESIAN_POINT('Axis2P3D Location',(3.,300.,20.)) ;
#5554=CARTESIAN_POINT('Vertex',(3.,302.25,20.)) ;
#5557=CARTESIAN_POINT('Line Origine',(10.,302.25,20.)) ;
#5561=CARTESIAN_POINT('Vertex',(9.,302.25,20.)) ;
#5564=CARTESIAN_POINT('Axis2P3D Location',(9.,300.,20.)) ;
#5577=CARTESIAN_POINT('Axis2P3D Location',(3.,300.,20.)) ;
#5582=CARTESIAN_POINT('Axis2P3D Location',(9.,300.,20.)) ;
#5595=CARTESIAN_POINT('Axis2P3D Location',(10.,300.,30.)) ;
#5600=CARTESIAN_POINT('Line Origine',(10.,297.75,30.)) ;
#5604=CARTESIAN_POINT('Vertex',(3.,297.75,30.)) ;
#5606=CARTESIAN_POINT('Vertex',(9.,297.75,30.)) ;
#5609=CARTESIAN_POINT('Axis2P3D Location',(3.,300.,30.)) ;
#5613=CARTESIAN_POINT('Vertex',(3.,302.25,30.)) ;
#5616=CARTESIAN_POINT('Line Origine',(10.,302.25,30.)) ;
#5620=CARTESIAN_POINT('Vertex',(9.,302.25,30.)) ;
#5623=CARTESIAN_POINT('Axis2P3D Location',(9.,300.,30.)) ;
#5636=CARTESIAN_POINT('Axis2P3D Location',(3.,300.,30.)) ;
#5641=CARTESIAN_POINT('Axis2P3D Location',(9.,300.,30.)) ;
#5654=CARTESIAN_POINT('Axis2P3D Location',(10.,300.,40.)) ;
#5659=CARTESIAN_POINT('Line Origine',(10.,297.75,40.)) ;
#5663=CARTESIAN_POINT('Vertex',(3.,297.75,40.)) ;
#5665=CARTESIAN_POINT('Vertex',(9.,297.75,40.)) ;
#5668=CARTESIAN_POINT('Axis2P3D Location',(3.,300.,40.)) ;
#5672=CARTESIAN_POINT('Vertex',(3.,302.25,40.)) ;
#5675=CARTESIAN_POINT('Line Origine',(10.,302.25,40.)) ;
#5679=CARTESIAN_POINT('Vertex',(9.,302.25,40.)) ;
#5682=CARTESIAN_POINT('Axis2P3D Location',(9.,300.,40.)) ;
#5695=CARTESIAN_POINT('Axis2P3D Location',(3.,300.,40.)) ;
#5700=CARTESIAN_POINT('Axis2P3D Location',(9.,300.,40.)) ;
#5713=CARTESIAN_POINT('Axis2P3D Location',(10.,300.,50.)) ;
#5718=CARTESIAN_POINT('Line Origine',(10.,297.75,50.)) ;
#5722=CARTESIAN_POINT('Vertex',(3.,297.75,50.)) ;
#5724=CARTESIAN_POINT('Vertex',(9.,297.75,50.)) ;
#5727=CARTESIAN_POINT('Axis2P3D Location',(3.,300.,50.)) ;
#5731=CARTESIAN_POINT('Vertex',(3.,302.25,50.)) ;
#5734=CARTESIAN_POINT('Line Origine',(10.,302.25,50.)) ;
#5738=CARTESIAN_POINT('Vertex',(9.,302.25,50.)) ;
#5741=CARTESIAN_POINT('Axis2P3D Location',(9.,300.,50.)) ;
#5754=CARTESIAN_POINT('Axis2P3D Location',(3.,300.,50.)) ;
#5759=CARTESIAN_POINT('Axis2P3D Location',(9.,300.,50.)) ;
#5772=CARTESIAN_POINT('Axis2P3D Location',(10.,300.,-30.)) ;
#5777=CARTESIAN_POINT('Line Origine',(10.,297.75,-30.)) ;
#5781=CARTESIAN_POINT('Vertex',(3.,297.75,-30.)) ;
#5783=CARTESIAN_POINT('Vertex',(9.,297.75,-30.)) ;
#5786=CARTESIAN_POINT('Axis2P3D Location',(3.,300.,-30.)) ;
#5790=CARTESIAN_POINT('Vertex',(3.,302.25,-30.)) ;
#5793=CARTESIAN_POINT('Line Origine',(10.,302.25,-30.)) ;
#5797=CARTESIAN_POINT('Vertex',(9.,302.25,-30.)) ;
#5800=CARTESIAN_POINT('Axis2P3D Location',(9.,300.,-30.)) ;
#5813=CARTESIAN_POINT('Axis2P3D Location',(3.,300.,-30.)) ;
#5818=CARTESIAN_POINT('Axis2P3D Location',(9.,300.,-30.)) ;
#5831=CARTESIAN_POINT('Axis2P3D Location',(10.,275.,35.)) ;
#5836=CARTESIAN_POINT('Line Origine',(10.,281.5,35.)) ;
#5840=CARTESIAN_POINT('Vertex',(3.,281.5,35.)) ;
#5842=CARTESIAN_POINT('Vertex',(9.,281.5,35.)) ;
#5845=CARTESIAN_POINT('Axis2P3D Location',(3.,275.,35.)) ;
#5849=CARTESIAN_POINT('Vertex',(3.,268.5,35.)) ;
#5852=CARTESIAN_POINT('Line Origine',(10.,268.5,35.)) ;
#5856=CARTESIAN_POINT('Vertex',(9.,268.5,35.)) ;
#5859=CARTESIAN_POINT('Axis2P3D Location',(9.,275.,35.)) ;
#5872=CARTESIAN_POINT('Axis2P3D Location',(10.,281.5,110.)) ;
#5877=CARTESIAN_POINT('Line Origine',(9.,281.5,72.5)) ;
#5881=CARTESIAN_POINT('Vertex',(9.,281.5,110.)) ;
#5884=CARTESIAN_POINT('Line Origine',(6.,281.5,110.)) ;
#5888=CARTESIAN_POINT('Vertex',(3.,281.5,110.)) ;
#5891=CARTESIAN_POINT('Line Origine',(3.,281.5,72.5)) ;
#5904=CARTESIAN_POINT('Axis2P3D Location',(10.,275.,110.)) ;
#5909=CARTESIAN_POINT('Line Origine',(10.,268.5,110.)) ;
#5913=CARTESIAN_POINT('Vertex',(3.,268.5,110.)) ;
#5915=CARTESIAN_POINT('Vertex',(9.,268.5,110.)) ;
#5918=CARTESIAN_POINT('Axis2P3D Location',(3.,275.,110.)) ;
#5923=CARTESIAN_POINT('Axis2P3D Location',(9.,275.,110.)) ;
#5936=CARTESIAN_POINT('Axis2P3D Location',(10.,268.5,35.)) ;
#5941=CARTESIAN_POINT('Line Origine',(9.,268.5,72.5)) ;
#5946=CARTESIAN_POINT('Line Origine',(3.,268.5,72.5)) ;
#5959=CARTESIAN_POINT('Axis2P3D Location',(10.,275.,-10.)) ;
#5964=CARTESIAN_POINT('Line Origine',(10.,268.5,-10.)) ;
#5968=CARTESIAN_POINT('Vertex',(3.,268.5,-10.)) ;
#5970=CARTESIAN_POINT('Vertex',(9.,268.5,-10.)) ;
#5973=CARTESIAN_POINT('Axis2P3D Location',(3.,275.,-10.)) ;
#5977=CARTESIAN_POINT('Vertex',(3.,281.5,-10.)) ;
#5980=CARTESIAN_POINT('Line Origine',(10.,281.5,-10.)) ;
#5984=CARTESIAN_POINT('Vertex',(9.,281.5,-10.)) ;
#5987=CARTESIAN_POINT('Axis2P3D Location',(9.,275.,-10.)) ;
#6000=CARTESIAN_POINT('Line Origine',(9.,268.5,-55.)) ;
#6004=CARTESIAN_POINT('Vertex',(9.,268.5,-100.)) ;
#6007=CARTESIAN_POINT('Line Origine',(6.,268.5,-100.)) ;
#6011=CARTESIAN_POINT('Vertex',(3.,268.5,-100.)) ;
#6014=CARTESIAN_POINT('Line Origine',(3.,268.5,-55.)) ;
#6027=CARTESIAN_POINT('Axis2P3D Location',(10.,275.,-100.)) ;
#6032=CARTESIAN_POINT('Line Origine',(10.,281.5,-100.)) ;
#6036=CARTESIAN_POINT('Vertex',(3.,281.5,-100.)) ;
#6038=CARTESIAN_POINT('Vertex',(9.,281.5,-100.)) ;
#6041=CARTESIAN_POINT('Axis2P3D Location',(3.,275.,-100.)) ;
#6046=CARTESIAN_POINT('Axis2P3D Location',(9.,275.,-100.)) ;
#6059=CARTESIAN_POINT('Line Origine',(9.,281.5,-55.)) ;
#6064=CARTESIAN_POINT('Line Origine',(3.,281.5,-55.)) ;
#6077=CARTESIAN_POINT('Axis2P3D Location',(10.,-300.,10.)) ;
#6082=CARTESIAN_POINT('Line Origine',(10.,-302.25,10.)) ;
#6086=CARTESIAN_POINT('Vertex',(3.,-302.25,10.)) ;
#6088=CARTESIAN_POINT('Vertex',(9.,-302.25,10.)) ;
#6091=CARTESIAN_POINT('Axis2P3D Location',(3.,-300.,10.)) ;
#6095=CARTESIAN_POINT('Vertex',(3.,-297.75,10.)) ;
#6098=CARTESIAN_POINT('Line Origine',(10.,-297.75,10.)) ;
#6102=CARTESIAN_POINT('Vertex',(9.,-297.75,10.)) ;
#6105=CARTESIAN_POINT('Axis2P3D Location',(9.,-300.,10.)) ;
#6118=CARTESIAN_POINT('Axis2P3D Location',(3.,-300.,10.)) ;
#6123=CARTESIAN_POINT('Axis2P3D Location',(9.,-300.,10.)) ;
#6136=CARTESIAN_POINT('Axis2P3D Location',(10.,-300.,0.)) ;
#6141=CARTESIAN_POINT('Line Origine',(10.,-302.25,0.)) ;
#6145=CARTESIAN_POINT('Vertex',(3.,-302.25,0.)) ;
#6147=CARTESIAN_POINT('Vertex',(9.,-302.25,0.)) ;
#6150=CARTESIAN_POINT('Axis2P3D Location',(3.,-300.,0.)) ;
#6154=CARTESIAN_POINT('Vertex',(3.,-297.75,2.75545529808E-016)) ;
#6157=CARTESIAN_POINT('Line Origine',(10.,-297.75,2.75545529808E-016)) ;
#6161=CARTESIAN_POINT('Vertex',(9.,-297.75,2.75545529808E-016)) ;
#6164=CARTESIAN_POINT('Axis2P3D Location',(9.,-300.,0.)) ;
#6177=CARTESIAN_POINT('Axis2P3D Location',(3.,-300.,0.)) ;
#6182=CARTESIAN_POINT('Axis2P3D Location',(9.,-300.,0.)) ;
#6195=CARTESIAN_POINT('Axis2P3D Location',(10.,-300.,-10.)) ;
#6200=CARTESIAN_POINT('Line Origine',(10.,-302.25,-10.)) ;
#6204=CARTESIAN_POINT('Vertex',(3.,-302.25,-10.)) ;
#6206=CARTESIAN_POINT('Vertex',(9.,-302.25,-10.)) ;
#6209=CARTESIAN_POINT('Axis2P3D Location',(3.,-300.,-10.)) ;
#6213=CARTESIAN_POINT('Vertex',(3.,-297.75,-10.)) ;
#6216=CARTESIAN_POINT('Line Origine',(10.,-297.75,-10.)) ;
#6220=CARTESIAN_POINT('Vertex',(9.,-297.75,-10.)) ;
#6223=CARTESIAN_POINT('Axis2P3D Location',(9.,-300.,-10.)) ;
#6236=CARTESIAN_POINT('Axis2P3D Location',(3.,-300.,-10.)) ;
#6241=CARTESIAN_POINT('Axis2P3D Location',(9.,-300.,-10.)) ;
#6254=CARTESIAN_POINT('Axis2P3D Location',(10.,-300.,-20.)) ;
#6259=CARTESIAN_POINT('Line Origine',(10.,-302.25,-20.)) ;
#6263=CARTESIAN_POINT('Vertex',(3.,-302.25,-20.)) ;
#6265=CARTESIAN_POINT('Vertex',(9.,-302.25,-20.)) ;
#6268=CARTESIAN_POINT('Axis2P3D Location',(3.,-300.,-20.)) ;
#6272=CARTESIAN_POINT('Vertex',(3.,-297.75,-20.)) ;
#6275=CARTESIAN_POINT('Line Origine',(10.,-297.75,-20.)) ;
#6279=CARTESIAN_POINT('Vertex',(9.,-297.75,-20.)) ;
#6282=CARTESIAN_POINT('Axis2P3D Location',(9.,-300.,-20.)) ;
#6295=CARTESIAN_POINT('Axis2P3D Location',(3.,-300.,-20.)) ;
#6300=CARTESIAN_POINT('Axis2P3D Location',(9.,-300.,-20.)) ;
#6313=CARTESIAN_POINT('Axis2P3D Location',(10.,-307.5,5.)) ;
#6318=CARTESIAN_POINT('Line Origine',(10.,-309.75,5.)) ;
#6322=CARTESIAN_POINT('Vertex',(3.,-309.75,5.)) ;
#6324=CARTESIAN_POINT('Vertex',(9.,-309.75,5.)) ;
#6327=CARTESIAN_POINT('Axis2P3D Location',(3.,-307.5,5.)) ;
#6331=CARTESIAN_POINT('Vertex',(3.,-305.25,5.)) ;
#6334=CARTESIAN_POINT('Line Origine',(10.,-305.25,5.)) ;
#6338=CARTESIAN_POINT('Vertex',(9.,-305.25,5.)) ;
#6341=CARTESIAN_POINT('Axis2P3D Location',(9.,-307.5,5.)) ;
#6354=CARTESIAN_POINT('Axis2P3D Location',(3.,-307.5,5.)) ;
#6359=CARTESIAN_POINT('Axis2P3D Location',(9.,-307.5,5.)) ;
#6372=CARTESIAN_POINT('Axis2P3D Location',(10.,-307.5,-5.)) ;
#6377=CARTESIAN_POINT('Line Origine',(10.,-309.75,-5.)) ;
#6381=CARTESIAN_POINT('Vertex',(3.,-309.75,-5.)) ;
#6383=CARTESIAN_POINT('Vertex',(9.,-309.75,-5.)) ;
#6386=CARTESIAN_POINT('Axis2P3D Location',(3.,-307.5,-5.)) ;
#6390=CARTESIAN_POINT('Vertex',(3.,-305.25,-5.)) ;
#6393=CARTESIAN_POINT('Line Origine',(10.,-305.25,-5.)) ;
#6397=CARTESIAN_POINT('Vertex',(9.,-305.25,-5.)) ;
#6400=CARTESIAN_POINT('Axis2P3D Location',(9.,-307.5,-5.)) ;
#6413=CARTESIAN_POINT('Axis2P3D Location',(3.,-307.5,-5.)) ;
#6418=CARTESIAN_POINT('Axis2P3D Location',(9.,-307.5,-5.)) ;
#6431=CARTESIAN_POINT('Axis2P3D Location',(10.,-307.5,-15.)) ;
#6436=CARTESIAN_POINT('Line Origine',(10.,-309.75,-15.)) ;
#6440=CARTESIAN_POINT('Vertex',(3.,-309.75,-15.)) ;
#6442=CARTESIAN_POINT('Vertex',(9.,-309.75,-15.)) ;
#6445=CARTESIAN_POINT('Axis2P3D Location',(3.,-307.5,-15.)) ;
#6449=CARTESIAN_POINT('Vertex',(3.,-305.25,-15.)) ;
#6452=CARTESIAN_POINT('Line Origine',(10.,-305.25,-15.)) ;
#6456=CARTESIAN_POINT('Vertex',(9.,-305.25,-15.)) ;
#6459=CARTESIAN_POINT('Axis2P3D Location',(9.,-307.5,-15.)) ;
#6472=CARTESIAN_POINT('Axis2P3D Location',(3.,-307.5,-15.)) ;
#6477=CARTESIAN_POINT('Axis2P3D Location',(9.,-307.5,-15.)) ;
#6490=CARTESIAN_POINT('Axis2P3D Location',(10.,-307.5,-25.)) ;
#6495=CARTESIAN_POINT('Line Origine',(10.,-309.75,-25.)) ;
#6499=CARTESIAN_POINT('Vertex',(3.,-309.75,-25.)) ;
#6501=CARTESIAN_POINT('Vertex',(9.,-309.75,-25.)) ;
#6504=CARTESIAN_POINT('Axis2P3D Location',(3.,-307.5,-25.)) ;
#6508=CARTESIAN_POINT('Vertex',(3.,-305.25,-25.)) ;
#6511=CARTESIAN_POINT('Line Origine',(10.,-305.25,-25.)) ;
#6515=CARTESIAN_POINT('Vertex',(9.,-305.25,-25.)) ;
#6518=CARTESIAN_POINT('Axis2P3D Location',(9.,-307.5,-25.)) ;
#6531=CARTESIAN_POINT('Axis2P3D Location',(3.,-307.5,-25.)) ;
#6536=CARTESIAN_POINT('Axis2P3D Location',(9.,-307.5,-25.)) ;
#6549=CARTESIAN_POINT('Axis2P3D Location',(10.,-307.5,15.)) ;
#6554=CARTESIAN_POINT('Line Origine',(10.,-309.75,15.)) ;
#6558=CARTESIAN_POINT('Vertex',(3.,-309.75,15.)) ;
#6560=CARTESIAN_POINT('Vertex',(9.,-309.75,15.)) ;
#6563=CARTESIAN_POINT('Axis2P3D Location',(3.,-307.5,15.)) ;
#6567=CARTESIAN_POINT('Vertex',(3.,-305.25,15.)) ;
#6570=CARTESIAN_POINT('Line Origine',(10.,-305.25,15.)) ;
#6574=CARTESIAN_POINT('Vertex',(9.,-305.25,15.)) ;
#6577=CARTESIAN_POINT('Axis2P3D Location',(9.,-307.5,15.)) ;
#6590=CARTESIAN_POINT('Axis2P3D Location',(3.,-307.5,15.)) ;
#6595=CARTESIAN_POINT('Axis2P3D Location',(9.,-307.5,15.)) ;
#6608=CARTESIAN_POINT('Axis2P3D Location',(10.,-307.5,25.)) ;
#6613=CARTESIAN_POINT('Line Origine',(10.,-309.75,25.)) ;
#6617=CARTESIAN_POINT('Vertex',(3.,-309.75,25.)) ;
#6619=CARTESIAN_POINT('Vertex',(9.,-309.75,25.)) ;
#6622=CARTESIAN_POINT('Axis2P3D Location',(3.,-307.5,25.)) ;
#6626=CARTESIAN_POINT('Vertex',(3.,-305.25,25.)) ;
#6629=CARTESIAN_POINT('Line Origine',(10.,-305.25,25.)) ;
#6633=CARTESIAN_POINT('Vertex',(9.,-305.25,25.)) ;
#6636=CARTESIAN_POINT('Axis2P3D Location',(9.,-307.5,25.)) ;
#6649=CARTESIAN_POINT('Axis2P3D Location',(3.,-307.5,25.)) ;
#6654=CARTESIAN_POINT('Axis2P3D Location',(9.,-307.5,25.)) ;
#6667=CARTESIAN_POINT('Axis2P3D Location',(10.,-307.5,35.)) ;
#6672=CARTESIAN_POINT('Line Origine',(10.,-309.75,35.)) ;
#6676=CARTESIAN_POINT('Vertex',(3.,-309.75,35.)) ;
#6678=CARTESIAN_POINT('Vertex',(9.,-309.75,35.)) ;
#6681=CARTESIAN_POINT('Axis2P3D Location',(3.,-307.5,35.)) ;
#6685=CARTESIAN_POINT('Vertex',(3.,-305.25,35.)) ;
#6688=CARTESIAN_POINT('Line Origine',(10.,-305.25,35.)) ;
#6692=CARTESIAN_POINT('Vertex',(9.,-305.25,35.)) ;
#6695=CARTESIAN_POINT('Axis2P3D Location',(9.,-307.5,35.)) ;
#6708=CARTESIAN_POINT('Axis2P3D Location',(3.,-307.5,35.)) ;
#6713=CARTESIAN_POINT('Axis2P3D Location',(9.,-307.5,35.)) ;
#6726=CARTESIAN_POINT('Axis2P3D Location',(10.,-307.5,45.)) ;
#6731=CARTESIAN_POINT('Line Origine',(10.,-309.75,45.)) ;
#6735=CARTESIAN_POINT('Vertex',(3.,-309.75,45.)) ;
#6737=CARTESIAN_POINT('Vertex',(9.,-309.75,45.)) ;
#6740=CARTESIAN_POINT('Axis2P3D Location',(3.,-307.5,45.)) ;
#6744=CARTESIAN_POINT('Vertex',(3.,-305.25,45.)) ;
#6747=CARTESIAN_POINT('Line Origine',(10.,-305.25,45.)) ;
#6751=CARTESIAN_POINT('Vertex',(9.,-305.25,45.)) ;
#6754=CARTESIAN_POINT('Axis2P3D Location',(9.,-307.5,45.)) ;
#6767=CARTESIAN_POINT('Axis2P3D Location',(3.,-307.5,45.)) ;
#6772=CARTESIAN_POINT('Axis2P3D Location',(9.,-307.5,45.)) ;
#6785=CARTESIAN_POINT('Axis2P3D Location',(10.,-300.,20.)) ;
#6790=CARTESIAN_POINT('Line Origine',(10.,-302.25,20.)) ;
#6794=CARTESIAN_POINT('Vertex',(3.,-302.25,20.)) ;
#6796=CARTESIAN_POINT('Vertex',(9.,-302.25,20.)) ;
#6799=CARTESIAN_POINT('Axis2P3D Location',(3.,-300.,20.)) ;
#6803=CARTESIAN_POINT('Vertex',(3.,-297.75,20.)) ;
#6806=CARTESIAN_POINT('Line Origine',(10.,-297.75,20.)) ;
#6810=CARTESIAN_POINT('Vertex',(9.,-297.75,20.)) ;
#6813=CARTESIAN_POINT('Axis2P3D Location',(9.,-300.,20.)) ;
#6826=CARTESIAN_POINT('Axis2P3D Location',(3.,-300.,20.)) ;
#6831=CARTESIAN_POINT('Axis2P3D Location',(9.,-300.,20.)) ;
#6844=CARTESIAN_POINT('Axis2P3D Location',(10.,-300.,30.)) ;
#6849=CARTESIAN_POINT('Line Origine',(10.,-302.25,30.)) ;
#6853=CARTESIAN_POINT('Vertex',(3.,-302.25,30.)) ;
#6855=CARTESIAN_POINT('Vertex',(9.,-302.25,30.)) ;
#6858=CARTESIAN_POINT('Axis2P3D Location',(3.,-300.,30.)) ;
#6862=CARTESIAN_POINT('Vertex',(3.,-297.75,30.)) ;
#6865=CARTESIAN_POINT('Line Origine',(10.,-297.75,30.)) ;
#6869=CARTESIAN_POINT('Vertex',(9.,-297.75,30.)) ;
#6872=CARTESIAN_POINT('Axis2P3D Location',(9.,-300.,30.)) ;
#6885=CARTESIAN_POINT('Axis2P3D Location',(3.,-300.,30.)) ;
#6890=CARTESIAN_POINT('Axis2P3D Location',(9.,-300.,30.)) ;
#6903=CARTESIAN_POINT('Axis2P3D Location',(10.,-300.,40.)) ;
#6908=CARTESIAN_POINT('Line Origine',(10.,-302.25,40.)) ;
#6912=CARTESIAN_POINT('Vertex',(3.,-302.25,40.)) ;
#6914=CARTESIAN_POINT('Vertex',(9.,-302.25,40.)) ;
#6917=CARTESIAN_POINT('Axis2P3D Location',(3.,-300.,40.)) ;
#6921=CARTESIAN_POINT('Vertex',(3.,-297.75,40.)) ;
#6924=CARTESIAN_POINT('Line Origine',(10.,-297.75,40.)) ;
#6928=CARTESIAN_POINT('Vertex',(9.,-297.75,40.)) ;
#6931=CARTESIAN_POINT('Axis2P3D Location',(9.,-300.,40.)) ;
#6944=CARTESIAN_POINT('Axis2P3D Location',(3.,-300.,40.)) ;
#6949=CARTESIAN_POINT('Axis2P3D Location',(9.,-300.,40.)) ;
#6962=CARTESIAN_POINT('Axis2P3D Location',(10.,-300.,50.)) ;
#6967=CARTESIAN_POINT('Line Origine',(10.,-302.25,50.)) ;
#6971=CARTESIAN_POINT('Vertex',(3.,-302.25,50.)) ;
#6973=CARTESIAN_POINT('Vertex',(9.,-302.25,50.)) ;
#6976=CARTESIAN_POINT('Axis2P3D Location',(3.,-300.,50.)) ;
#6980=CARTESIAN_POINT('Vertex',(3.,-297.75,50.)) ;
#6983=CARTESIAN_POINT('Line Origine',(10.,-297.75,50.)) ;
#6987=CARTESIAN_POINT('Vertex',(9.,-297.75,50.)) ;
#6990=CARTESIAN_POINT('Axis2P3D Location',(9.,-300.,50.)) ;
#7003=CARTESIAN_POINT('Axis2P3D Location',(3.,-300.,50.)) ;
#7008=CARTESIAN_POINT('Axis2P3D Location',(9.,-300.,50.)) ;
#7021=CARTESIAN_POINT('Axis2P3D Location',(10.,-300.,-30.)) ;
#7026=CARTESIAN_POINT('Line Origine',(10.,-302.25,-30.)) ;
#7030=CARTESIAN_POINT('Vertex',(3.,-302.25,-30.)) ;
#7032=CARTESIAN_POINT('Vertex',(9.,-302.25,-30.)) ;
#7035=CARTESIAN_POINT('Axis2P3D Location',(3.,-300.,-30.)) ;
#7039=CARTESIAN_POINT('Vertex',(3.,-297.75,-30.)) ;
#7042=CARTESIAN_POINT('Line Origine',(10.,-297.75,-30.)) ;
#7046=CARTESIAN_POINT('Vertex',(9.,-297.75,-30.)) ;
#7049=CARTESIAN_POINT('Axis2P3D Location',(9.,-300.,-30.)) ;
#7062=CARTESIAN_POINT('Axis2P3D Location',(3.,-300.,-30.)) ;
#7067=CARTESIAN_POINT('Axis2P3D Location',(9.,-300.,-30.)) ;
#7080=CARTESIAN_POINT('Axis2P3D Location',(10.,-275.,35.)) ;
#7085=CARTESIAN_POINT('Line Origine',(10.,-268.5,35.)) ;
#7089=CARTESIAN_POINT('Vertex',(3.,-268.5,35.)) ;
#7091=CARTESIAN_POINT('Vertex',(9.,-268.5,35.)) ;
#7094=CARTESIAN_POINT('Axis2P3D Location',(3.,-275.,35.)) ;
#7098=CARTESIAN_POINT('Vertex',(3.,-281.5,35.)) ;
#7101=CARTESIAN_POINT('Line Origine',(10.,-281.5,35.)) ;
#7105=CARTESIAN_POINT('Vertex',(9.,-281.5,35.)) ;
#7108=CARTESIAN_POINT('Axis2P3D Location',(9.,-275.,35.)) ;
#7121=CARTESIAN_POINT('Axis2P3D Location',(10.,-281.5,110.)) ;
#7126=CARTESIAN_POINT('Line Origine',(3.,-281.5,72.5)) ;
#7130=CARTESIAN_POINT('Vertex',(3.,-281.5,110.)) ;
#7133=CARTESIAN_POINT('Line Origine',(6.,-281.5,110.)) ;
#7137=CARTESIAN_POINT('Vertex',(9.,-281.5,110.)) ;
#7140=CARTESIAN_POINT('Line Origine',(9.,-281.5,72.5)) ;
#7153=CARTESIAN_POINT('Axis2P3D Location',(10.,-275.,110.)) ;
#7158=CARTESIAN_POINT('Axis2P3D Location',(3.,-275.,110.)) ;
#7162=CARTESIAN_POINT('Vertex',(3.,-268.5,110.)) ;
#7165=CARTESIAN_POINT('Line Origine',(10.,-268.5,110.)) ;
#7169=CARTESIAN_POINT('Vertex',(9.,-268.5,110.)) ;
#7172=CARTESIAN_POINT('Axis2P3D Location',(9.,-275.,110.)) ;
#7185=CARTESIAN_POINT('Axis2P3D Location',(10.,-268.5,35.)) ;
#7190=CARTESIAN_POINT('Line Origine',(3.,-268.5,72.5)) ;
#7195=CARTESIAN_POINT('Line Origine',(9.,-268.5,72.5)) ;
#7208=CARTESIAN_POINT('Axis2P3D Location',(10.,-275.,-10.)) ;
#7213=CARTESIAN_POINT('Line Origine',(10.,-281.5,-10.)) ;
#7217=CARTESIAN_POINT('Vertex',(3.,-281.5,-10.)) ;
#7219=CARTESIAN_POINT('Vertex',(9.,-281.5,-10.)) ;
#7222=CARTESIAN_POINT('Axis2P3D Location',(3.,-275.,-10.)) ;
#7226=CARTESIAN_POINT('Vertex',(3.,-268.5,-10.)) ;
#7229=CARTESIAN_POINT('Line Origine',(10.,-268.5,-10.)) ;
#7233=CARTESIAN_POINT('Vertex',(9.,-268.5,-10.)) ;
#7236=CARTESIAN_POINT('Axis2P3D Location',(9.,-275.,-10.)) ;
#7249=CARTESIAN_POINT('Line Origine',(3.,-268.5,-55.)) ;
#7253=CARTESIAN_POINT('Vertex',(3.,-268.5,-100.)) ;
#7256=CARTESIAN_POINT('Line Origine',(6.,-268.5,-100.)) ;
#7260=CARTESIAN_POINT('Vertex',(9.,-268.5,-100.)) ;
#7263=CARTESIAN_POINT('Line Origine',(9.,-268.5,-55.)) ;
#7276=CARTESIAN_POINT('Axis2P3D Location',(10.,-275.,-100.)) ;
#7281=CARTESIAN_POINT('Axis2P3D Location',(3.,-275.,-100.)) ;
#7285=CARTESIAN_POINT('Vertex',(3.,-281.5,-100.)) ;
#7288=CARTESIAN_POINT('Line Origine',(10.,-281.5,-100.)) ;
#7292=CARTESIAN_POINT('Vertex',(9.,-281.5,-100.)) ;
#7295=CARTESIAN_POINT('Axis2P3D Location',(9.,-275.,-100.)) ;
#7308=CARTESIAN_POINT('Line Origine',(3.,-281.5,-55.)) ;
#7313=CARTESIAN_POINT('Line Origine',(9.,-281.5,-55.)) ;
#7326=CARTESIAN_POINT('Axis2P3D Location',(14.5,-107.5,42.5)) ;
#7331=CARTESIAN_POINT('Line Origine',(14.5,-122.5,42.5)) ;
#7335=CARTESIAN_POINT('Vertex',(9.,-122.5,42.5)) ;
#7338=CARTESIAN_POINT('Axis2P3D Location',(9.,-107.5,42.5)) ;
#7342=CARTESIAN_POINT('Vertex',(9.,-107.5,57.5)) ;
#7345=CARTESIAN_POINT('Line Origine',(14.5,-107.5,57.5)) ;
#7358=CARTESIAN_POINT('Axis2P3D Location',(10.,-122.5,42.5)) ;
#7363=CARTESIAN_POINT('Line Origine',(9.5,-122.5,40.)) ;
#7367=CARTESIAN_POINT('Vertex',(9.,-122.5,40.)) ;
#7370=CARTESIAN_POINT('Line Origine',(9.,-122.5,41.25)) ;
#7383=CARTESIAN_POINT('Axis2P3D Location',(14.5,-107.5,-50.)) ;
#7388=CARTESIAN_POINT('Line Origine',(14.5,-121.648840884,-54.9809940406)) ;
#7392=CARTESIAN_POINT('Vertex',(9.,-121.648840884,-54.9809940406)) ;
#7395=CARTESIAN_POINT('Line Origine',(14.5,-107.5,-65.)) ;
#7399=CARTESIAN_POINT('Vertex',(9.,-107.5,-65.)) ;
#7402=CARTESIAN_POINT('Axis2P3D Location',(9.,-107.5,-50.)) ;
#7415=CARTESIAN_POINT('Axis2P3D Location',(10.,107.5,-65.)) ;
#7420=CARTESIAN_POINT('Line Origine',(9.5,107.5,-65.)) ;
#7424=CARTESIAN_POINT('Vertex',(9.,107.5,-65.)) ;
#7427=CARTESIAN_POINT('Line Origine',(9.,-1.42108547152E-014,-65.)) ;
#7440=CARTESIAN_POINT('Axis2P3D Location',(14.5,107.5,-50.)) ;
#7445=CARTESIAN_POINT('Line Origine',(14.5,121.648840884,-54.9809940406)) ;
#7449=CARTESIAN_POINT('Vertex',(9.,121.648840884,-54.9809940406)) ;
#7452=CARTESIAN_POINT('Axis2P3D Location',(9.,107.5,-50.)) ;
#7465=CARTESIAN_POINT('Axis2P3D Location',(10.,122.5,-50.)) ;
#7470=CARTESIAN_POINT('Line Origine',(9.5,122.5,40.)) ;
#7474=CARTESIAN_POINT('Vertex',(9.,122.5,40.)) ;
#7477=CARTESIAN_POINT('Line Origine',(9.5,122.5,42.5)) ;
#7481=CARTESIAN_POINT('Vertex',(9.,122.5,42.5)) ;
#7484=CARTESIAN_POINT('Line Origine',(9.,122.5,41.25)) ;
#7497=CARTESIAN_POINT('Axis2P3D Location',(14.5,107.5,42.5)) ;
#7502=CARTESIAN_POINT('Line Origine',(14.5,107.5,57.5)) ;
#7506=CARTESIAN_POINT('Vertex',(9.,107.5,57.5)) ;
#7509=CARTESIAN_POINT('Axis2P3D Location',(9.,107.5,42.5)) ;
#7522=CARTESIAN_POINT('Axis2P3D Location',(10.,-107.5,57.5)) ;
#7527=CARTESIAN_POINT('Line Origine',(9.,-1.42108547152E-014,57.5)) ;
#7540=CARTESIAN_POINT('Axis2P3D Location',(9.,0.,0.)) ;
#7545=CARTESIAN_POINT('Axis2P3D Location',(9.,122.403703492,-40.)) ;
#7550=CARTESIAN_POINT('Axis2P3D Location',(9.,122.403703492,25.)) ;
#7554=CARTESIAN_POINT('Vertex',(9.,122.403703492,40.)) ;
#7557=CARTESIAN_POINT('Line Origine',(9.,122.451851746,40.)) ;
#7562=CARTESIAN_POINT('Line Origine',(9.,-122.451851746,40.)) ;
#7566=CARTESIAN_POINT('Vertex',(9.,-122.403703492,40.)) ;
#7569=CARTESIAN_POINT('Axis2P3D Location',(9.,-122.403703492,25.)) ;
#7574=CARTESIAN_POINT('Axis2P3D Location',(9.,-122.403703492,-40.)) ;
#7643=CARTESIAN_POINT('Axis2P3D Location',(-2.5,90.,-42.5)) ;
#7648=CARTESIAN_POINT('Line Origine',(-2.5,105.,-42.5)) ;
#7652=CARTESIAN_POINT('Vertex',(3.,105.,-42.5)) ;
#7655=CARTESIAN_POINT('Axis2P3D Location',(3.,90.,-42.5)) ;
#7659=CARTESIAN_POINT('Vertex',(3.,75.,-42.5)) ;
#7662=CARTESIAN_POINT('Line Origine',(-2.5,75.,-42.5)) ;
#7675=CARTESIAN_POINT('Axis2P3D Location',(3.,90.,-42.5)) ;
#7688=CARTESIAN_POINT('Axis2P3D Location',(3.,0.,0.)) ;
#7703=CARTESIAN_POINT('Axis2P3D Location',(-2.5,-90.,-42.5)) ;
#7708=CARTESIAN_POINT('Line Origine',(-2.5,-75.,-42.5)) ;
#7712=CARTESIAN_POINT('Vertex',(3.,-75.,-42.5)) ;
#7715=CARTESIAN_POINT('Axis2P3D Location',(3.,-90.,-42.5)) ;
#7719=CARTESIAN_POINT('Vertex',(3.,-105.,-42.5)) ;
#7722=CARTESIAN_POINT('Line Origine',(-2.5,-105.,-42.5)) ;
#7735=CARTESIAN_POINT('Axis2P3D Location',(3.,-90.,-42.5)) ;
#7758=CARTESIAN_POINT('Axis2P3D Location',(-2.5,90.,27.5)) ;
#7763=CARTESIAN_POINT('Line Origine',(-2.5,105.,27.5)) ;
#7767=CARTESIAN_POINT('Vertex',(3.,105.,27.5)) ;
#7770=CARTESIAN_POINT('Axis2P3D Location',(3.,90.,27.5)) ;
#7774=CARTESIAN_POINT('Vertex',(3.,75.,27.5)) ;
#7777=CARTESIAN_POINT('Line Origine',(-2.5,75.,27.5)) ;
#7790=CARTESIAN_POINT('Axis2P3D Location',(3.,90.,27.5)) ;
#7813=CARTESIAN_POINT('Axis2P3D Location',(-2.5,-90.,27.5)) ;
#7818=CARTESIAN_POINT('Line Origine',(-2.5,-75.,27.5)) ;
#7822=CARTESIAN_POINT('Vertex',(3.,-75.,27.5)) ;
#7825=CARTESIAN_POINT('Axis2P3D Location',(3.,-90.,27.5)) ;
#7829=CARTESIAN_POINT('Vertex',(3.,-105.,27.5)) ;
#7832=CARTESIAN_POINT('Line Origine',(-2.5,-105.,27.5)) ;
#7845=CARTESIAN_POINT('Axis2P3D Location',(3.,-90.,27.5)) ;
#7868=CARTESIAN_POINT('Axis2P3D Location',(9.,-252.5,0.)) ;
#7873=CARTESIAN_POINT('Line Origine',(9.,-252.5,9.18750097687)) ;
#7886=CARTESIAN_POINT('Axis2P3D Location',(9.,-327.5,0.)) ;
#7996=CARTESIAN_POINT('Axis2P3D Location',(3.,-327.5,0.)) ;
#8001=CARTESIAN_POINT('Line Origine',(3.,-252.5,9.18750097687)) ;
#8119=CARTESIAN_POINT('Axis2P3D Location',(9.,252.5,0.)) ;
#8124=CARTESIAN_POINT('Line Origine',(9.,252.5,9.18750097687)) ;
#8242=CARTESIAN_POINT('Line Origine',(3.,252.5,9.18750097687)) ;
#8360=CARTESIAN_POINT('Axis2P3D Location',(2.,-154.,40.)) ;
#8365=CARTESIAN_POINT('Line Origine',(6.,-154.,40.)) ;
#8370=CARTESIAN_POINT('Line Origine',(5.5,-122.403703492,40.)) ;
#8384=CARTESIAN_POINT('Axis2P3D Location',(2.,-122.403703492,25.)) ;
#8396=CARTESIAN_POINT('Axis2P3D Location',(2.,-122.403703492,-40.)) ;
#8401=CARTESIAN_POINT('Line Origine',(2.,-122.403703492,-55.)) ;
#8415=CARTESIAN_POINT('Axis2P3D Location',(2.,-122.403703492,-55.)) ;
#8420=CARTESIAN_POINT('Line Origine',(6.,-154.,-55.)) ;
#8432=CARTESIAN_POINT('Axis2P3D Location',(2.,-154.,-45.)) ;
#8437=CARTESIAN_POINT('Line Origine',(2.,-164.,-45.)) ;
#8449=CARTESIAN_POINT('Axis2P3D Location',(2.,-164.,75.)) ;
#8454=CARTESIAN_POINT('Line Origine',(6.,-164.,30.)) ;
#8466=CARTESIAN_POINT('Axis2P3D Location',(2.,-154.,30.)) ;
#8478=CARTESIAN_POINT('Axis2P3D Location',(2.,-20.,93.)) ;
#8483=CARTESIAN_POINT('Line Origine',(2.,-20.,103.)) ;
#8488=CARTESIAN_POINT('Line Origine',(2.,-10.,93.)) ;
#8500=CARTESIAN_POINT('Axis2P3D Location',(2.,-10.,93.)) ;
#8505=CARTESIAN_POINT('Line Origine',(6.,-10.,75.)) ;
#8517=CARTESIAN_POINT('Axis2P3D Location',(2.,-20.,75.)) ;
#8522=CARTESIAN_POINT('Line Origine',(2.,-20.,65.)) ;
#8534=CARTESIAN_POINT('Axis2P3D Location',(2.,-154.,65.)) ;
#8539=CARTESIAN_POINT('Line Origine',(6.,-154.,65.)) ;
#8551=CARTESIAN_POINT('Axis2P3D Location',(2.,-154.,75.)) ;
#8556=CARTESIAN_POINT('Line Origine',(2.,-164.,75.)) ;
#8568=CARTESIAN_POINT('Line Origine',(6.,-164.,93.)) ;
#8580=CARTESIAN_POINT('Axis2P3D Location',(2.,-154.,93.)) ;
#8585=CARTESIAN_POINT('Line Origine',(2.,-154.,103.)) ;
#8597=CARTESIAN_POINT('Axis2P3D Location',(2.,-20.,103.)) ;
#8609=CARTESIAN_POINT('Axis2P3D Location',(2.,20.,93.)) ;
#8614=CARTESIAN_POINT('Line Origine',(2.,10.,93.)) ;
#8619=CARTESIAN_POINT('Line Origine',(2.,20.,103.)) ;
#8631=CARTESIAN_POINT('Axis2P3D Location',(2.,10.,93.)) ;
#8636=CARTESIAN_POINT('Line Origine',(6.,10.,75.)) ;
#8648=CARTESIAN_POINT('Axis2P3D Location',(2.,20.,75.)) ;
#8653=CARTESIAN_POINT('Line Origine',(2.,20.,65.)) ;
#8665=CARTESIAN_POINT('Line Origine',(6.,154.,65.)) ;
#8677=CARTESIAN_POINT('Axis2P3D Location',(2.,154.,75.)) ;
#8682=CARTESIAN_POINT('Line Origine',(2.,164.,75.)) ;
#8694=CARTESIAN_POINT('Axis2P3D Location',(2.,164.,75.)) ;
#8699=CARTESIAN_POINT('Line Origine',(6.,164.,93.)) ;
#8711=CARTESIAN_POINT('Axis2P3D Location',(2.,154.,93.)) ;
#8716=CARTESIAN_POINT('Line Origine',(2.,154.,103.)) ;
#8735=CARTESIAN_POINT('Line Origine',(5.5,122.403703492,40.)) ;
#8740=CARTESIAN_POINT('Line Origine',(6.,154.,40.)) ;
#8754=CARTESIAN_POINT('Axis2P3D Location',(2.,154.,30.)) ;
#8759=CARTESIAN_POINT('Line Origine',(2.,164.,30.)) ;
#8771=CARTESIAN_POINT('Axis2P3D Location',(2.,122.403703492,25.)) ;
#8783=CARTESIAN_POINT('Axis2P3D Location',(2.,164.,75.)) ;
#8788=CARTESIAN_POINT('Line Origine',(6.,164.,-45.)) ;
#8800=CARTESIAN_POINT('Axis2P3D Location',(2.,122.403703492,-40.)) ;
#8805=CARTESIAN_POINT('Line Origine',(2.,122.403703492,-55.)) ;
#8819=CARTESIAN_POINT('Line Origine',(6.,154.,-55.)) ;
#8831=CARTESIAN_POINT('Axis2P3D Location',(2.,154.,-45.)) ;
#8843=CARTESIAN_POINT('Axis2P3D Location',(2.,-207.5,55.)) ;
#8848=CARTESIAN_POINT('Line Origine',(11.8,-213.204286652,51.8837339991)) ;
#8853=CARTESIAN_POINT('Line Origine',(11.8,-201.795713348,58.1162660009)) ;
#8874=CARTESIAN_POINT('Axis2P3D Location',(2.,-207.5,-35.)) ;
#8879=CARTESIAN_POINT('Line Origine',(11.8,-213.204286652,-38.1162660009)) ;
#8884=CARTESIAN_POINT('Line Origine',(11.8,-201.795713348,-31.8837339991)) ;
#8905=CARTESIAN_POINT('Axis2P3D Location',(2.,207.5,55.)) ;
#8910=CARTESIAN_POINT('Line Origine',(11.8,201.795713348,51.8837339991)) ;
#8915=CARTESIAN_POINT('Line Origine',(11.8,213.204286652,58.1162660009)) ;
#8936=CARTESIAN_POINT('Axis2P3D Location',(2.,207.5,-35.)) ;
#8941=CARTESIAN_POINT('Line Origine',(11.8,201.795713348,-38.1162660009)) ;
#8946=CARTESIAN_POINT('Line Origine',(11.8,213.204286652,-31.8837339991)) ;
#8979=CARTESIAN_POINT('Axis2P3D Location',(-14.,-182.,-81.)) ;
#8984=CARTESIAN_POINT('Axis2P3D Location',(-14.,-185.,-81.)) ;
#8988=CARTESIAN_POINT('Vertex',(2.,-185.,-81.)) ;
#8990=CARTESIAN_POINT('Vertex',(-14.,-185.,-97.)) ;
#8993=CARTESIAN_POINT('Line Origine',(-14.,-182.,-97.)) ;
#8997=CARTESIAN_POINT('Vertex',(-14.,-179.,-97.)) ;
#9000=CARTESIAN_POINT('Axis2P3D Location',(-14.,-179.,-81.)) ;
#9004=CARTESIAN_POINT('Vertex',(2.,-179.,-81.)) ;
#9007=CARTESIAN_POINT('Line Origine',(2.,-182.,-81.)) ;
#9019=CARTESIAN_POINT('Axis2P3D Location',(-14.,0.,-97.)) ;
#9024=CARTESIAN_POINT('Line Origine',(-26.,-185.,-97.)) ;
#9028=CARTESIAN_POINT('Vertex',(-38.,-185.,-97.)) ;
#9031=CARTESIAN_POINT('Line Origine',(-38.,-182.,-97.)) ;
#9035=CARTESIAN_POINT('Vertex',(-38.,-179.,-97.)) ;
#9038=CARTESIAN_POINT('Line Origine',(-26.,-179.,-97.)) ;
#9050=CARTESIAN_POINT('Axis2P3D Location',(-38.,0.,-97.)) ;
#9055=CARTESIAN_POINT('Line Origine',(-38.,-185.,-89.5)) ;
#9059=CARTESIAN_POINT('Vertex',(-38.,-185.,-82.)) ;
#9062=CARTESIAN_POINT('Line Origine',(-38.,-182.,-82.)) ;
#9066=CARTESIAN_POINT('Vertex',(-38.,-179.,-82.)) ;
#9069=CARTESIAN_POINT('Line Origine',(-38.,-179.,-89.5)) ;
#9081=CARTESIAN_POINT('Axis2P3D Location',(-38.,0.,-82.)) ;
#9086=CARTESIAN_POINT('Line Origine',(-33.8465704995,-185.,-78.514858838)) ;
#9090=CARTESIAN_POINT('Vertex',(-29.693140999,-185.,-75.029717676)) ;
#9093=CARTESIAN_POINT('Line Origine',(-29.693140999,-182.,-75.029717676)) ;
#9097=CARTESIAN_POINT('Vertex',(-29.693140999,-179.,-75.029717676)) ;
#9100=CARTESIAN_POINT('Line Origine',(-33.8465704995,-179.,-78.514858838)) ;
#9112=CARTESIAN_POINT('Axis2P3D Location',(-42.5488931927,-182.,-59.7088288136)) ;
#9117=CARTESIAN_POINT('Axis2P3D Location',(-42.5488931927,-185.,-59.7088288136)) ;
#9121=CARTESIAN_POINT('Vertex',(-23.755040777,-185.,-66.5492316802)) ;
#9124=CARTESIAN_POINT('Line Origine',(-23.755040777,-182.,-66.5492316802)) ;
#9128=CARTESIAN_POINT('Vertex',(-23.755040777,-179.,-66.5492316802)) ;
#9131=CARTESIAN_POINT('Axis2P3D Location',(-42.5488931927,-179.,-59.7088288136)) ;
#9143=CARTESIAN_POINT('Axis2P3D Location',(-23.755040777,0.,-66.5492316802)) ;
#9148=CARTESIAN_POINT('Line Origine',(-19.8852048689,-185.,-55.9169449055)) ;
#9152=CARTESIAN_POINT('Vertex',(-16.0153689607,-185.,-45.2846581309)) ;
#9155=CARTESIAN_POINT('Line Origine',(-16.0153689607,-182.,-45.2846581309)) ;
#9159=CARTESIAN_POINT('Vertex',(-16.0153689607,-179.,-45.2846581309)) ;
#9162=CARTESIAN_POINT('Line Origine',(-19.8852048689,-179.,-55.9169449055)) ;
#9174=CARTESIAN_POINT('Axis2P3D Location',(-63.,-182.,-28.1836509646)) ;
#9179=CARTESIAN_POINT('Axis2P3D Location',(-63.,-185.,-28.1836509646)) ;
#9183=CARTESIAN_POINT('Vertex',(-13.,-185.,-28.1836509646)) ;
#9186=CARTESIAN_POINT('Line Origine',(-13.,-182.,-28.1836509646)) ;
#9190=CARTESIAN_POINT('Vertex',(-13.,-179.,-28.1836509646)) ;
#9193=CARTESIAN_POINT('Axis2P3D Location',(-63.,-179.,-28.1836509646)) ;
#9205=CARTESIAN_POINT('Axis2P3D Location',(-13.,0.,-28.1836509646)) ;
#9210=CARTESIAN_POINT('Line Origine',(-13.,-185.,12.5)) ;
#9214=CARTESIAN_POINT('Vertex',(-13.,-185.,53.1836509646)) ;
#9217=CARTESIAN_POINT('Line Origine',(-13.,-182.,53.1836509646)) ;
#9221=CARTESIAN_POINT('Vertex',(-13.,-179.,53.1836509646)) ;
#9224=CARTESIAN_POINT('Line Origine',(-13.,-179.,12.5)) ;
#9236=CARTESIAN_POINT('Axis2P3D Location',(-63.,-182.,53.1836509646)) ;
#9241=CARTESIAN_POINT('Axis2P3D Location',(-63.,-185.,53.1836509646)) ;
#9245=CARTESIAN_POINT('Vertex',(-16.0153689607,-185.,70.2846581309)) ;
#9248=CARTESIAN_POINT('Line Origine',(-16.0153689607,-182.,70.2846581309)) ;
#9252=CARTESIAN_POINT('Vertex',(-16.0153689607,-179.,70.2846581309)) ;
#9255=CARTESIAN_POINT('Axis2P3D Location',(-63.,-179.,53.1836509646)) ;
#9267=CARTESIAN_POINT('Axis2P3D Location',(-23.755040777,0.,91.5492316802)) ;
#9272=CARTESIAN_POINT('Line Origine',(-19.8852048689,-185.,80.9169449055)) ;
#9276=CARTESIAN_POINT('Vertex',(-23.755040777,-185.,91.5492316802)) ;
#9279=CARTESIAN_POINT('Line Origine',(-23.755040777,-182.,91.5492316802)) ;
#9283=CARTESIAN_POINT('Vertex',(-23.755040777,-179.,91.5492316802)) ;
#9286=CARTESIAN_POINT('Line Origine',(-19.8852048689,-179.,80.9169449055)) ;
#9298=CARTESIAN_POINT('Axis2P3D Location',(-42.5488931927,-182.,84.7088288136)) ;
#9303=CARTESIAN_POINT('Axis2P3D Location',(-42.5488931927,-185.,84.7088288136)) ;
#9307=CARTESIAN_POINT('Vertex',(-29.693140999,-185.,100.029717676)) ;
#9310=CARTESIAN_POINT('Line Origine',(-29.693140999,-182.,100.029717676)) ;
#9314=CARTESIAN_POINT('Vertex',(-29.693140999,-179.,100.029717676)) ;
#9317=CARTESIAN_POINT('Axis2P3D Location',(-42.5488931927,-179.,84.7088288136)) ;
#9329=CARTESIAN_POINT('Axis2P3D Location',(-38.,0.,107.)) ;
#9334=CARTESIAN_POINT('Line Origine',(-33.8465704995,-185.,103.514858838)) ;
#9338=CARTESIAN_POINT('Vertex',(-38.,-185.,107.)) ;
#9341=CARTESIAN_POINT('Line Origine',(-38.,-182.,107.)) ;
#9345=CARTESIAN_POINT('Vertex',(-38.,-179.,107.)) ;
#9348=CARTESIAN_POINT('Line Origine',(-33.8465704995,-179.,103.514858838)) ;
#9360=CARTESIAN_POINT('Line Origine',(-38.,-185.,114.5)) ;
#9364=CARTESIAN_POINT('Vertex',(-38.,-185.,122.)) ;
#9367=CARTESIAN_POINT('Line Origine',(-38.,-182.,122.)) ;
#9371=CARTESIAN_POINT('Vertex',(-38.,-179.,122.)) ;
#9374=CARTESIAN_POINT('Line Origine',(-38.,-179.,114.5)) ;
#9386=CARTESIAN_POINT('Axis2P3D Location',(-14.,0.,122.)) ;
#9391=CARTESIAN_POINT('Line Origine',(-26.,-185.,122.)) ;
#9395=CARTESIAN_POINT('Vertex',(-14.,-185.,122.)) ;
#9398=CARTESIAN_POINT('Line Origine',(-14.,-182.,122.)) ;
#9402=CARTESIAN_POINT('Vertex',(-14.,-179.,122.)) ;
#9405=CARTESIAN_POINT('Line Origine',(-26.,-179.,122.)) ;
#9417=CARTESIAN_POINT('Axis2P3D Location',(-14.,-182.,106.)) ;
#9422=CARTESIAN_POINT('Axis2P3D Location',(-14.,-185.,106.)) ;
#9426=CARTESIAN_POINT('Vertex',(2.,-185.,106.)) ;
#9429=CARTESIAN_POINT('Line Origine',(2.,-182.,106.)) ;
#9433=CARTESIAN_POINT('Vertex',(2.,-179.,106.)) ;
#9436=CARTESIAN_POINT('Axis2P3D Location',(-14.,-179.,106.)) ;
#9448=CARTESIAN_POINT('Axis2P3D Location',(2.,0.,-81.)) ;
#9453=CARTESIAN_POINT('Line Origine',(2.,-185.,12.5)) ;
#9458=CARTESIAN_POINT('Line Origine',(2.,-179.,12.5)) ;
#9470=CARTESIAN_POINT('Axis2P3D Location',(0.,-179.,0.)) ;
#9494=CARTESIAN_POINT('Axis2P3D Location',(0.,-185.,0.)) ;
#9521=CARTESIAN_POINT('Axis2P3D Location',(-14.,182.,-81.)) ;
#9526=CARTESIAN_POINT('Line Origine',(2.,182.,-81.)) ;
#9530=CARTESIAN_POINT('Vertex',(2.,179.,-81.)) ;
#9532=CARTESIAN_POINT('Vertex',(2.,185.,-81.)) ;
#9535=CARTESIAN_POINT('Axis2P3D Location',(-14.,179.,-81.)) ;
#9539=CARTESIAN_POINT('Vertex',(-14.,179.,-97.)) ;
#9542=CARTESIAN_POINT('Line Origine',(-14.,182.,-97.)) ;
#9546=CARTESIAN_POINT('Vertex',(-14.,185.,-97.)) ;
#9549=CARTESIAN_POINT('Axis2P3D Location',(-14.,185.,-81.)) ;
#9561=CARTESIAN_POINT('Axis2P3D Location',(-14.,0.,-97.)) ;
#9566=CARTESIAN_POINT('Line Origine',(-26.,179.,-97.)) ;
#9570=CARTESIAN_POINT('Vertex',(-38.,179.,-97.)) ;
#9573=CARTESIAN_POINT('Line Origine',(-38.,182.,-97.)) ;
#9577=CARTESIAN_POINT('Vertex',(-38.,185.,-97.)) ;
#9580=CARTESIAN_POINT('Line Origine',(-26.,185.,-97.)) ;
#9592=CARTESIAN_POINT('Axis2P3D Location',(-38.,0.,-97.)) ;
#9597=CARTESIAN_POINT('Line Origine',(-38.,179.,-89.5)) ;
#9601=CARTESIAN_POINT('Vertex',(-38.,179.,-82.)) ;
#9604=CARTESIAN_POINT('Line Origine',(-38.,182.,-82.)) ;
#9608=CARTESIAN_POINT('Vertex',(-38.,185.,-82.)) ;
#9611=CARTESIAN_POINT('Line Origine',(-38.,185.,-89.5)) ;
#9623=CARTESIAN_POINT('Axis2P3D Location',(-38.,0.,-82.)) ;
#9628=CARTESIAN_POINT('Line Origine',(-33.8465704995,179.,-78.514858838)) ;
#9632=CARTESIAN_POINT('Vertex',(-29.693140999,179.,-75.029717676)) ;
#9635=CARTESIAN_POINT('Line Origine',(-29.693140999,182.,-75.029717676)) ;
#9639=CARTESIAN_POINT('Vertex',(-29.693140999,185.,-75.029717676)) ;
#9642=CARTESIAN_POINT('Line Origine',(-33.8465704995,185.,-78.514858838)) ;
#9654=CARTESIAN_POINT('Axis2P3D Location',(-42.5488931927,182.,-59.7088288136)) ;
#9659=CARTESIAN_POINT('Axis2P3D Location',(-42.5488931927,179.,-59.7088288136)) ;
#9663=CARTESIAN_POINT('Vertex',(-23.755040777,179.,-66.5492316802)) ;
#9666=CARTESIAN_POINT('Line Origine',(-23.755040777,182.,-66.5492316802)) ;
#9670=CARTESIAN_POINT('Vertex',(-23.755040777,185.,-66.5492316802)) ;
#9673=CARTESIAN_POINT('Axis2P3D Location',(-42.5488931927,185.,-59.7088288136)) ;
#9685=CARTESIAN_POINT('Axis2P3D Location',(-23.755040777,0.,-66.5492316802)) ;
#9690=CARTESIAN_POINT('Line Origine',(-19.8852048689,179.,-55.9169449055)) ;
#9694=CARTESIAN_POINT('Vertex',(-16.0153689607,179.,-45.2846581309)) ;
#9697=CARTESIAN_POINT('Line Origine',(-16.0153689607,182.,-45.2846581309)) ;
#9701=CARTESIAN_POINT('Vertex',(-16.0153689607,185.,-45.2846581309)) ;
#9704=CARTESIAN_POINT('Line Origine',(-19.8852048689,185.,-55.9169449055)) ;
#9716=CARTESIAN_POINT('Axis2P3D Location',(-63.,182.,-28.1836509646)) ;
#9721=CARTESIAN_POINT('Axis2P3D Location',(-63.,179.,-28.1836509646)) ;
#9725=CARTESIAN_POINT('Vertex',(-13.,179.,-28.1836509646)) ;
#9728=CARTESIAN_POINT('Line Origine',(-13.,182.,-28.1836509646)) ;
#9732=CARTESIAN_POINT('Vertex',(-13.,185.,-28.1836509646)) ;
#9735=CARTESIAN_POINT('Axis2P3D Location',(-63.,185.,-28.1836509646)) ;
#9747=CARTESIAN_POINT('Axis2P3D Location',(-13.,0.,-28.1836509646)) ;
#9752=CARTESIAN_POINT('Line Origine',(-13.,179.,12.5)) ;
#9756=CARTESIAN_POINT('Vertex',(-13.,179.,53.1836509646)) ;
#9759=CARTESIAN_POINT('Line Origine',(-13.,182.,53.1836509646)) ;
#9763=CARTESIAN_POINT('Vertex',(-13.,185.,53.1836509646)) ;
#9766=CARTESIAN_POINT('Line Origine',(-13.,185.,12.5)) ;
#9778=CARTESIAN_POINT('Axis2P3D Location',(-63.,182.,53.1836509646)) ;
#9783=CARTESIAN_POINT('Axis2P3D Location',(-63.,179.,53.1836509646)) ;
#9787=CARTESIAN_POINT('Vertex',(-16.0153689607,179.,70.2846581309)) ;
#9790=CARTESIAN_POINT('Line Origine',(-16.0153689607,182.,70.2846581309)) ;
#9794=CARTESIAN_POINT('Vertex',(-16.0153689607,185.,70.2846581309)) ;
#9797=CARTESIAN_POINT('Axis2P3D Location',(-63.,185.,53.1836509646)) ;
#9809=CARTESIAN_POINT('Axis2P3D Location',(-23.755040777,0.,91.5492316802)) ;
#9814=CARTESIAN_POINT('Line Origine',(-19.8852048689,179.,80.9169449055)) ;
#9818=CARTESIAN_POINT('Vertex',(-23.755040777,179.,91.5492316802)) ;
#9821=CARTESIAN_POINT('Line Origine',(-23.755040777,182.,91.5492316802)) ;
#9825=CARTESIAN_POINT('Vertex',(-23.755040777,185.,91.5492316802)) ;
#9828=CARTESIAN_POINT('Line Origine',(-19.8852048689,185.,80.9169449055)) ;
#9840=CARTESIAN_POINT('Axis2P3D Location',(-42.5488931927,182.,84.7088288136)) ;
#9845=CARTESIAN_POINT('Axis2P3D Location',(-42.5488931927,179.,84.7088288136)) ;
#9849=CARTESIAN_POINT('Vertex',(-29.693140999,179.,100.029717676)) ;
#9852=CARTESIAN_POINT('Line Origine',(-29.693140999,182.,100.029717676)) ;
#9856=CARTESIAN_POINT('Vertex',(-29.693140999,185.,100.029717676)) ;
#9859=CARTESIAN_POINT('Axis2P3D Location',(-42.5488931927,185.,84.7088288136)) ;
#9871=CARTESIAN_POINT('Axis2P3D Location',(-38.,0.,107.)) ;
#9876=CARTESIAN_POINT('Line Origine',(-33.8465704995,179.,103.514858838)) ;
#9880=CARTESIAN_POINT('Vertex',(-38.,179.,107.)) ;
#9883=CARTESIAN_POINT('Line Origine',(-38.,182.,107.)) ;
#9887=CARTESIAN_POINT('Vertex',(-38.,185.,107.)) ;
#9890=CARTESIAN_POINT('Line Origine',(-33.8465704995,185.,103.514858838)) ;
#9902=CARTESIAN_POINT('Line Origine',(-38.,179.,114.5)) ;
#9906=CARTESIAN_POINT('Vertex',(-38.,179.,122.)) ;
#9909=CARTESIAN_POINT('Line Origine',(-38.,182.,122.)) ;
#9913=CARTESIAN_POINT('Vertex',(-38.,185.,122.)) ;
#9916=CARTESIAN_POINT('Line Origine',(-38.,185.,114.5)) ;
#9928=CARTESIAN_POINT('Axis2P3D Location',(-14.,0.,122.)) ;
#9933=CARTESIAN_POINT('Line Origine',(-26.,179.,122.)) ;
#9937=CARTESIAN_POINT('Vertex',(-14.,179.,122.)) ;
#9940=CARTESIAN_POINT('Line Origine',(-14.,182.,122.)) ;
#9944=CARTESIAN_POINT('Vertex',(-14.,185.,122.)) ;
#9947=CARTESIAN_POINT('Line Origine',(-26.,185.,122.)) ;
#9959=CARTESIAN_POINT('Axis2P3D Location',(-14.,182.,106.)) ;
#9964=CARTESIAN_POINT('Axis2P3D Location',(-14.,179.,106.)) ;
#9968=CARTESIAN_POINT('Vertex',(2.,179.,106.)) ;
#9971=CARTESIAN_POINT('Line Origine',(2.,182.,106.)) ;
#9975=CARTESIAN_POINT('Vertex',(2.,185.,106.)) ;
#9978=CARTESIAN_POINT('Axis2P3D Location',(-14.,185.,106.)) ;
#9990=CARTESIAN_POINT('Axis2P3D Location',(2.,0.,-81.)) ;
#9995=CARTESIAN_POINT('Line Origine',(2.,179.,12.5)) ;
#10000=CARTESIAN_POINT('Line Origine',(2.,185.,12.5)) ;
#10012=CARTESIAN_POINT('Axis2P3D Location',(0.,179.,0.)) ;
#10036=CARTESIAN_POINT('Axis2P3D Location',(0.,185.,0.)) ;
#8=PRODUCT_RELATED_PRODUCT_CATEGORY('part',$,(#5)) ;
#29=STYLED_ITEM(' ',(#28),#21) ;
#8977=STYLED_ITEM(' ',(#8976),#8969) ;
#9519=STYLED_ITEM(' ',(#8976),#9518) ;
#28=PRESENTATION_STYLE_ASSIGNMENT((#27)) ;
#4867=PRESENTATION_STYLE_ASSIGNMENT((#4866)) ;
#8976=PRESENTATION_STYLE_ASSIGNMENT((#8975)) ;
#27=SURFACE_STYLE_USAGE(.BOTH.,#26) ;
#4866=SURFACE_STYLE_USAGE(.BOTH.,#4865) ;
#8975=SURFACE_STYLE_USAGE(.BOTH.,#8974) ;
#26=SURFACE_SIDE_STYLE(' ',(#25)) ;
#4865=SURFACE_SIDE_STYLE(' ',(#4864)) ;
#8974=SURFACE_SIDE_STYLE(' ',(#8973)) ;
#25=SURFACE_STYLE_FILL_AREA(#24) ;
#4864=SURFACE_STYLE_FILL_AREA(#4863) ;
#8973=SURFACE_STYLE_FILL_AREA(#8972) ;
#24=FILL_AREA_STYLE(' ',(#23)) ;
#4863=FILL_AREA_STYLE(' ',(#4862)) ;
#8972=FILL_AREA_STYLE(' ',(#8971)) ;
#23=FILL_AREA_STYLE_COLOUR(' ',#22) ;
#4862=FILL_AREA_STYLE_COLOUR(' ',#4861) ;
#8971=FILL_AREA_STYLE_COLOUR(' ',#8970) ;
#47=VECTOR('Line Direction',#46,1.) ;
#61=VECTOR('Line Direction',#60,1.) ;
#87=VECTOR('Line Direction',#86,1.) ;
#101=VECTOR('Line Direction',#100,1.) ;
#115=VECTOR('Line Direction',#114,1.) ;
#122=VECTOR('Line Direction',#121,1.) ;
#129=VECTOR('Line Direction',#128,1.) ;
#143=VECTOR('Line Direction',#142,1.) ;
#157=VECTOR('Line Direction',#156,1.) ;
#171=VECTOR('Line Direction',#170,1.) ;
#178=VECTOR('Line Direction',#177,1.) ;
#192=VECTOR('Line Direction',#191,1.) ;
#206=VECTOR('Line Direction',#205,1.) ;
#211=VECTOR('Line Direction',#210,1.) ;
#225=VECTOR('Line Direction',#224,1.) ;
#239=VECTOR('Line Direction',#238,1.) ;
#246=VECTOR('Line Direction',#245,1.) ;
#288=VECTOR('Line Direction',#287,1.) ;
#302=VECTOR('Line Direction',#301,1.) ;
#316=VECTOR('Line Direction',#315,1.) ;
#323=VECTOR('Line Direction',#322,1.) ;
#337=VECTOR('Line Direction',#336,1.) ;
#351=VECTOR('Line Direction',#350,1.) ;
#358=VECTOR('Line Direction',#357,1.) ;
#372=VECTOR('Line Direction',#371,1.) ;
#386=VECTOR('Line Direction',#385,1.) ;
#407=VECTOR('Line Direction',#406,1.) ;
#441=VECTOR('Line Direction',#440,1.) ;
#457=VECTOR('Line Direction',#456,1.) ;
#471=VECTOR('Line Direction',#470,1.) ;
#485=VECTOR('Line Direction',#484,1.) ;
#516=VECTOR('Line Direction',#515,1.) ;
#530=VECTOR('Line Direction',#529,1.) ;
#544=VECTOR('Line Direction',#543,1.) ;
#558=VECTOR('Line Direction',#557,1.) ;
#651=VECTOR('Line Direction',#650,1.) ;
#658=VECTOR('Line Direction',#657,1.) ;
#696=VECTOR('Line Direction',#695,1.) ;
#713=VECTOR('Line Direction',#712,1.) ;
#722=VECTOR('Line Direction',#721,1.) ;
#736=VECTOR('Line Direction',#735,1.) ;
#743=VECTOR('Line Direction',#742,1.) ;
#748=VECTOR('Line Direction',#747,1.) ;
#776=VECTOR('Line Direction',#775,1.) ;
#793=VECTOR('Line Direction',#792,1.) ;
#800=VECTOR('Line Direction',#799,1.) ;
#824=VECTOR('Line Direction',#823,1.) ;
#841=VECTOR('Line Direction',#840,1.) ;
#848=VECTOR('Line Direction',#847,1.) ;
#865=VECTOR('Line Direction',#864,1.) ;
#881=VECTOR('Line Direction',#880,1.) ;
#893=VECTOR('Line Direction',#892,1.) ;
#921=VECTOR('Line Direction',#920,1.) ;
#928=VECTOR('Line Direction',#927,1.) ;
#935=VECTOR('Line Direction',#934,1.) ;
#959=VECTOR('Line Direction',#958,1.) ;
#983=VECTOR('Line Direction',#982,1.) ;
#990=VECTOR('Line Direction',#989,1.) ;
#997=VECTOR('Line Direction',#996,1.) ;
#1021=VECTOR('Line Direction',#1020,1.) ;
#1045=VECTOR('Line Direction',#1044,1.) ;
#1054=VECTOR('Line Direction',#1053,1.) ;
#1059=VECTOR('Line Direction',#1058,1.) ;
#1076=VECTOR('Line Direction',#1075,1.) ;
#1107=VECTOR('Line Direction',#1106,1.) ;
#1114=VECTOR('Line Direction',#1113,1.) ;
#1121=VECTOR('Line Direction',#1120,1.) ;
#1145=VECTOR('Line Direction',#1144,1.) ;
#1169=VECTOR('Line Direction',#1168,1.) ;
#1176=VECTOR('Line Direction',#1175,1.) ;
#1183=VECTOR('Line Direction',#1182,1.) ;
#1207=VECTOR('Line Direction',#1206,1.) ;
#1231=VECTOR('Line Direction',#1230,1.) ;
#1240=VECTOR('Line Direction',#1239,1.) ;
#1245=VECTOR('Line Direction',#1244,1.) ;
#1262=VECTOR('Line Direction',#1261,1.) ;
#1288=VECTOR('Line Direction',#1287,1.) ;
#1297=VECTOR('Line Direction',#1296,1.) ;
#1302=VECTOR('Line Direction',#1301,1.) ;
#1326=VECTOR('Line Direction',#1325,1.) ;
#1350=VECTOR('Line Direction',#1349,1.) ;
#1357=VECTOR('Line Direction',#1356,1.) ;
#1364=VECTOR('Line Direction',#1363,1.) ;
#1388=VECTOR('Line Direction',#1387,1.) ;
#1407=VECTOR('Line Direction',#1406,1.) ;
#1414=VECTOR('Line Direction',#1413,1.) ;
#1421=VECTOR('Line Direction',#1420,1.) ;
#1438=VECTOR('Line Direction',#1437,1.) ;
#1469=VECTOR('Line Direction',#1468,1.) ;
#1476=VECTOR('Line Direction',#1475,1.) ;
#1483=VECTOR('Line Direction',#1482,1.) ;
#1490=VECTOR('Line Direction',#1489,1.) ;
#1495=VECTOR('Line Direction',#1494,1.) ;
#1502=VECTOR('Line Direction',#1501,1.) ;
#1530=VECTOR('Line Direction',#1529,1.) ;
#1547=VECTOR('Line Direction',#1546,1.) ;
#1573=VECTOR('Line Direction',#1572,1.) ;
#1587=VECTOR('Line Direction',#1586,1.) ;
#1604=VECTOR('Line Direction',#1603,1.) ;
#1611=VECTOR('Line Direction',#1610,1.) ;
#1618=VECTOR('Line Direction',#1617,1.) ;
#1649=VECTOR('Line Direction',#1648,1.) ;
#1666=VECTOR('Line Direction',#1665,1.) ;
#1673=VECTOR('Line Direction',#1672,1.) ;
#1680=VECTOR('Line Direction',#1679,1.) ;
#1711=VECTOR('Line Direction',#1710,1.) ;
#1742=VECTOR('Line Direction',#1741,1.) ;
#1784=VECTOR('Line Direction',#1783,1.) ;
#1805=VECTOR('Line Direction',#1804,1.) ;
#1845=VECTOR('Line Direction',#1844,1.) ;
#1862=VECTOR('Line Direction',#1861,1.) ;
#1869=VECTOR('Line Direction',#1868,1.) ;
#1876=VECTOR('Line Direction',#1875,1.) ;
#1907=VECTOR('Line Direction',#1906,1.) ;
#1924=VECTOR('Line Direction',#1923,1.) ;
#1931=VECTOR('Line Direction',#1930,1.) ;
#1938=VECTOR('Line Direction',#1937,1.) ;
#1969=VECTOR('Line Direction',#1968,1.) ;
#1986=VECTOR('Line Direction',#1985,1.) ;
#1991=VECTOR('Line Direction',#1990,1.) ;
#2017=VECTOR('Line Direction',#2016,1.) ;
#2031=VECTOR('Line Direction',#2030,1.) ;
#2074=VECTOR('Line Direction',#2073,1.) ;
#2088=VECTOR('Line Direction',#2087,1.) ;
#2122=VECTOR('Line Direction',#2121,1.) ;
#2131=VECTOR('Line Direction',#2130,1.) ;
#2145=VECTOR('Line Direction',#2144,1.) ;
#2159=VECTOR('Line Direction',#2158,1.) ;
#2166=VECTOR('Line Direction',#2165,1.) ;
#2173=VECTOR('Line Direction',#2172,1.) ;
#2178=VECTOR('Line Direction',#2177,1.) ;
#2183=VECTOR('Line Direction',#2182,1.) ;
#2190=VECTOR('Line Direction',#2189,1.) ;
#2204=VECTOR('Line Direction',#2203,1.) ;
#2218=VECTOR('Line Direction',#2217,1.) ;
#2265=VECTOR('Line Direction',#2264,1.) ;
#2279=VECTOR('Line Direction',#2278,1.) ;
#2293=VECTOR('Line Direction',#2292,1.) ;
#2345=VECTOR('Line Direction',#2344,1.) ;
#2359=VECTOR('Line Direction',#2358,1.) ;
#2373=VECTOR('Line Direction',#2372,1.) ;
#2408=VECTOR('Line Direction',#2407,1.) ;
#2422=VECTOR('Line Direction',#2421,1.) ;
#2436=VECTOR('Line Direction',#2435,1.) ;
#2450=VECTOR('Line Direction',#2449,1.) ;
#2464=VECTOR('Line Direction',#2463,1.) ;
#2588=VECTOR('Line Direction',#2587,1.) ;
#2602=VECTOR('Line Direction',#2601,1.) ;
#2616=VECTOR('Line Direction',#2615,1.) ;
#2630=VECTOR('Line Direction',#2629,1.) ;
#2645=VECTOR('Line Direction',#2644,1.) ;
#2661=VECTOR('Line Direction',#2660,1.) ;
#2675=VECTOR('Line Direction',#2674,1.) ;
#2689=VECTOR('Line Direction',#2688,1.) ;
#2803=VECTOR('Line Direction',#2802,1.) ;
#2820=VECTOR('Line Direction',#2819,1.) ;
#2829=VECTOR('Line Direction',#2828,1.) ;
#2836=VECTOR('Line Direction',#2835,1.) ;
#2843=VECTOR('Line Direction',#2842,1.) ;
#2867=VECTOR('Line Direction',#2866,1.) ;
#2900=VECTOR('Line Direction',#2899,1.) ;
#2914=VECTOR('Line Direction',#2913,1.) ;
#2926=VECTOR('Line Direction',#2925,1.) ;
#2940=VECTOR('Line Direction',#2939,1.) ;
#2954=VECTOR('Line Direction',#2953,1.) ;
#2968=VECTOR('Line Direction',#2967,1.) ;
#2990=VECTOR('Line Direction',#2989,1.) ;
#2997=VECTOR('Line Direction',#2996,1.) ;
#3004=VECTOR('Line Direction',#3003,1.) ;
#3028=VECTOR('Line Direction',#3027,1.) ;
#3052=VECTOR('Line Direction',#3051,1.) ;
#3066=VECTOR('Line Direction',#3065,1.) ;
#3080=VECTOR('Line Direction',#3079,1.) ;
#3087=VECTOR('Line Direction',#3086,1.) ;
#3099=VECTOR('Line Direction',#3098,1.) ;
#3113=VECTOR('Line Direction',#3112,1.) ;
#3157=VECTOR('Line Direction',#3156,1.) ;
#3174=VECTOR('Line Direction',#3173,1.) ;
#3191=VECTOR('Line Direction',#3190,1.) ;
#3224=VECTOR('Line Direction',#3223,1.) ;
#3238=VECTOR('Line Direction',#3237,1.) ;
#3250=VECTOR('Line Direction',#3249,1.) ;
#3255=VECTOR('Line Direction',#3254,1.) ;
#3267=VECTOR('Line Direction',#3266,1.) ;
#3274=VECTOR('Line Direction',#3273,1.) ;
#3281=VECTOR('Line Direction',#3280,1.) ;
#3300=VECTOR('Line Direction',#3299,1.) ;
#3324=VECTOR('Line Direction',#3323,1.) ;
#3329=VECTOR('Line Direction',#3328,1.) ;
#3343=VECTOR('Line Direction',#3342,1.) ;
#3357=VECTOR('Line Direction',#3356,1.) ;
#3386=VECTOR('Line Direction',#3385,1.) ;
#3414=VECTOR('Line Direction',#3413,1.) ;
#3428=VECTOR('Line Direction',#3427,1.) ;
#3442=VECTOR('Line Direction',#3441,1.) ;
#3469=VECTOR('Line Direction',#3468,1.) ;
#3474=VECTOR('Line Direction',#3473,1.) ;
#3491=VECTOR('Line Direction',#3490,1.) ;
#3496=VECTOR('Line Direction',#3495,1.) ;
#3517=VECTOR('Line Direction',#3516,1.) ;
#3529=VECTOR('Line Direction',#3528,1.) ;
#3546=VECTOR('Line Direction',#3545,1.) ;
#3563=VECTOR('Line Direction',#3562,1.) ;
#3580=VECTOR('Line Direction',#3579,1.) ;
#3594=VECTOR('Line Direction',#3593,1.) ;
#3608=VECTOR('Line Direction',#3607,1.) ;
#3629=VECTOR('Line Direction',#3628,1.) ;
#3636=VECTOR('Line Direction',#3635,1.) ;
#3643=VECTOR('Line Direction',#3642,1.) ;
#3674=VECTOR('Line Direction',#3673,1.) ;
#3686=VECTOR('Line Direction',#3685,1.) ;
#3693=VECTOR('Line Direction',#3692,1.) ;
#3700=VECTOR('Line Direction',#3699,1.) ;
#3731=VECTOR('Line Direction',#3730,1.) ;
#3748=VECTOR('Line Direction',#3747,1.) ;
#3755=VECTOR('Line Direction',#3754,1.) ;
#3762=VECTOR('Line Direction',#3761,1.) ;
#3786=VECTOR('Line Direction',#3785,1.) ;
#3810=VECTOR('Line Direction',#3809,1.) ;
#3817=VECTOR('Line Direction',#3816,1.) ;
#3824=VECTOR('Line Direction',#3823,1.) ;
#3855=VECTOR('Line Direction',#3854,1.) ;
#3872=VECTOR('Line Direction',#3871,1.) ;
#3879=VECTOR('Line Direction',#3878,1.) ;
#3886=VECTOR('Line Direction',#3885,1.) ;
#3917=VECTOR('Line Direction',#3916,1.) ;
#3934=VECTOR('Line Direction',#3933,1.) ;
#3941=VECTOR('Line Direction',#3940,1.) ;
#3948=VECTOR('Line Direction',#3947,1.) ;
#3972=VECTOR('Line Direction',#3971,1.) ;
#3991=VECTOR('Line Direction',#3990,1.) ;
#3998=VECTOR('Line Direction',#3997,1.) ;
#4005=VECTOR('Line Direction',#4004,1.) ;
#4036=VECTOR('Line Direction',#4035,1.) ;
#4048=VECTOR('Line Direction',#4047,1.) ;
#4055=VECTOR('Line Direction',#4054,1.) ;
#4062=VECTOR('Line Direction',#4061,1.) ;
#4093=VECTOR('Line Direction',#4092,1.) ;
#4105=VECTOR('Line Direction',#4104,1.) ;
#4112=VECTOR('Line Direction',#4111,1.) ;
#4119=VECTOR('Line Direction',#4118,1.) ;
#4143=VECTOR('Line Direction',#4142,1.) ;
#4167=VECTOR('Line Direction',#4166,1.) ;
#4174=VECTOR('Line Direction',#4173,1.) ;
#4179=VECTOR('Line Direction',#4178,1.) ;
#4184=VECTOR('Line Direction',#4183,1.) ;
#4191=VECTOR('Line Direction',#4190,1.) ;
#4212=VECTOR('Line Direction',#4211,1.) ;
#4245=VECTOR('Line Direction',#4244,1.) ;
#4250=VECTOR('Line Direction',#4249,1.) ;
#4267=VECTOR('Line Direction',#4266,1.) ;
#4274=VECTOR('Line Direction',#4273,1.) ;
#4298=VECTOR('Line Direction',#4297,1.) ;
#4310=VECTOR('Line Direction',#4309,1.) ;
#4317=VECTOR('Line Direction',#4316,1.) ;
#4341=VECTOR('Line Direction',#4340,1.) ;
#4372=VECTOR('Line Direction',#4371,1.) ;
#4391=VECTOR('Line Direction',#4390,1.) ;
#4398=VECTOR('Line Direction',#4397,1.) ;
#4438=VECTOR('Line Direction',#4437,1.) ;
#4450=VECTOR('Line Direction',#4449,1.) ;
#4457=VECTOR('Line Direction',#4456,1.) ;
#4481=VECTOR('Line Direction',#4480,1.) ;
#4498=VECTOR('Line Direction',#4497,1.) ;
#4505=VECTOR('Line Direction',#4504,1.) ;
#4529=VECTOR('Line Direction',#4528,1.) ;
#4546=VECTOR('Line Direction',#4545,1.) ;
#4572=VECTOR('Line Direction',#4571,1.) ;
#4586=VECTOR('Line Direction',#4585,1.) ;
#4629=VECTOR('Line Direction',#4628,1.) ;
#4643=VECTOR('Line Direction',#4642,1.) ;
#4677=VECTOR('Line Direction',#4676,1.) ;
#4694=VECTOR('Line Direction',#4693,1.) ;
#4711=VECTOR('Line Direction',#4710,1.) ;
#4728=VECTOR('Line Direction',#4727,1.) ;
#4745=VECTOR('Line Direction',#4744,1.) ;
#4764=VECTOR('Line Direction',#4763,1.) ;
#4769=VECTOR('Line Direction',#4768,1.) ;
#4788=VECTOR('Line Direction',#4787,1.) ;
#4800=VECTOR('Line Direction',#4799,1.) ;
#4828=VECTOR('Line Direction',#4827,1.) ;
#4844=VECTOR('Line Direction',#4843,1.) ;
#4894=VECTOR('Line Direction',#4893,1.) ;
#4910=VECTOR('Line Direction',#4909,1.) ;
#4953=VECTOR('Line Direction',#4952,1.) ;
#4969=VECTOR('Line Direction',#4968,1.) ;
#5012=VECTOR('Line Direction',#5011,1.) ;
#5028=VECTOR('Line Direction',#5027,1.) ;
#5071=VECTOR('Line Direction',#5070,1.) ;
#5087=VECTOR('Line Direction',#5086,1.) ;
#5130=VECTOR('Line Direction',#5129,1.) ;
#5146=VECTOR('Line Direction',#5145,1.) ;
#5189=VECTOR('Line Direction',#5188,1.) ;
#5205=VECTOR('Line Direction',#5204,1.) ;
#5248=VECTOR('Line Direction',#5247,1.) ;
#5264=VECTOR('Line Direction',#5263,1.) ;
#5307=VECTOR('Line Direction',#5306,1.) ;
#5323=VECTOR('Line Direction',#5322,1.) ;
#5366=VECTOR('Line Direction',#5365,1.) ;
#5382=VECTOR('Line Direction',#5381,1.) ;
#5425=VECTOR('Line Direction',#5424,1.) ;
#5441=VECTOR('Line Direction',#5440,1.) ;
#5484=VECTOR('Line Direction',#5483,1.) ;
#5500=VECTOR('Line Direction',#5499,1.) ;
#5543=VECTOR('Line Direction',#5542,1.) ;
#5559=VECTOR('Line Direction',#5558,1.) ;
#5602=VECTOR('Line Direction',#5601,1.) ;
#5618=VECTOR('Line Direction',#5617,1.) ;
#5661=VECTOR('Line Direction',#5660,1.) ;
#5677=VECTOR('Line Direction',#5676,1.) ;
#5720=VECTOR('Line Direction',#5719,1.) ;
#5736=VECTOR('Line Direction',#5735,1.) ;
#5779=VECTOR('Line Direction',#5778,1.) ;
#5795=VECTOR('Line Direction',#5794,1.) ;
#5838=VECTOR('Line Direction',#5837,1.) ;
#5854=VECTOR('Line Direction',#5853,1.) ;
#5879=VECTOR('Line Direction',#5878,1.) ;
#5886=VECTOR('Line Direction',#5885,1.) ;
#5893=VECTOR('Line Direction',#5892,1.) ;
#5911=VECTOR('Line Direction',#5910,1.) ;
#5943=VECTOR('Line Direction',#5942,1.) ;
#5948=VECTOR('Line Direction',#5947,1.) ;
#5966=VECTOR('Line Direction',#5965,1.) ;
#5982=VECTOR('Line Direction',#5981,1.) ;
#6002=VECTOR('Line Direction',#6001,1.) ;
#6009=VECTOR('Line Direction',#6008,1.) ;
#6016=VECTOR('Line Direction',#6015,1.) ;
#6034=VECTOR('Line Direction',#6033,1.) ;
#6061=VECTOR('Line Direction',#6060,1.) ;
#6066=VECTOR('Line Direction',#6065,1.) ;
#6084=VECTOR('Line Direction',#6083,1.) ;
#6100=VECTOR('Line Direction',#6099,1.) ;
#6143=VECTOR('Line Direction',#6142,1.) ;
#6159=VECTOR('Line Direction',#6158,1.) ;
#6202=VECTOR('Line Direction',#6201,1.) ;
#6218=VECTOR('Line Direction',#6217,1.) ;
#6261=VECTOR('Line Direction',#6260,1.) ;
#6277=VECTOR('Line Direction',#6276,1.) ;
#6320=VECTOR('Line Direction',#6319,1.) ;
#6336=VECTOR('Line Direction',#6335,1.) ;
#6379=VECTOR('Line Direction',#6378,1.) ;
#6395=VECTOR('Line Direction',#6394,1.) ;
#6438=VECTOR('Line Direction',#6437,1.) ;
#6454=VECTOR('Line Direction',#6453,1.) ;
#6497=VECTOR('Line Direction',#6496,1.) ;
#6513=VECTOR('Line Direction',#6512,1.) ;
#6556=VECTOR('Line Direction',#6555,1.) ;
#6572=VECTOR('Line Direction',#6571,1.) ;
#6615=VECTOR('Line Direction',#6614,1.) ;
#6631=VECTOR('Line Direction',#6630,1.) ;
#6674=VECTOR('Line Direction',#6673,1.) ;
#6690=VECTOR('Line Direction',#6689,1.) ;
#6733=VECTOR('Line Direction',#6732,1.) ;
#6749=VECTOR('Line Direction',#6748,1.) ;
#6792=VECTOR('Line Direction',#6791,1.) ;
#6808=VECTOR('Line Direction',#6807,1.) ;
#6851=VECTOR('Line Direction',#6850,1.) ;
#6867=VECTOR('Line Direction',#6866,1.) ;
#6910=VECTOR('Line Direction',#6909,1.) ;
#6926=VECTOR('Line Direction',#6925,1.) ;
#6969=VECTOR('Line Direction',#6968,1.) ;
#6985=VECTOR('Line Direction',#6984,1.) ;
#7028=VECTOR('Line Direction',#7027,1.) ;
#7044=VECTOR('Line Direction',#7043,1.) ;
#7087=VECTOR('Line Direction',#7086,1.) ;
#7103=VECTOR('Line Direction',#7102,1.) ;
#7128=VECTOR('Line Direction',#7127,1.) ;
#7135=VECTOR('Line Direction',#7134,1.) ;
#7142=VECTOR('Line Direction',#7141,1.) ;
#7167=VECTOR('Line Direction',#7166,1.) ;
#7192=VECTOR('Line Direction',#7191,1.) ;
#7197=VECTOR('Line Direction',#7196,1.) ;
#7215=VECTOR('Line Direction',#7214,1.) ;
#7231=VECTOR('Line Direction',#7230,1.) ;
#7251=VECTOR('Line Direction',#7250,1.) ;
#7258=VECTOR('Line Direction',#7257,1.) ;
#7265=VECTOR('Line Direction',#7264,1.) ;
#7290=VECTOR('Line Direction',#7289,1.) ;
#7310=VECTOR('Line Direction',#7309,1.) ;
#7315=VECTOR('Line Direction',#7314,1.) ;
#7333=VECTOR('Line Direction',#7332,1.) ;
#7347=VECTOR('Line Direction',#7346,1.) ;
#7365=VECTOR('Line Direction',#7364,1.) ;
#7372=VECTOR('Line Direction',#7371,1.) ;
#7390=VECTOR('Line Direction',#7389,1.) ;
#7397=VECTOR('Line Direction',#7396,1.) ;
#7422=VECTOR('Line Direction',#7421,1.) ;
#7429=VECTOR('Line Direction',#7428,1.) ;
#7447=VECTOR('Line Direction',#7446,1.) ;
#7472=VECTOR('Line Direction',#7471,1.) ;
#7479=VECTOR('Line Direction',#7478,1.) ;
#7486=VECTOR('Line Direction',#7485,1.) ;
#7504=VECTOR('Line Direction',#7503,1.) ;
#7529=VECTOR('Line Direction',#7528,1.) ;
#7559=VECTOR('Line Direction',#7558,1.) ;
#7564=VECTOR('Line Direction',#7563,1.) ;
#7650=VECTOR('Line Direction',#7649,1.) ;
#7664=VECTOR('Line Direction',#7663,1.) ;
#7710=VECTOR('Line Direction',#7709,1.) ;
#7724=VECTOR('Line Direction',#7723,1.) ;
#7765=VECTOR('Line Direction',#7764,1.) ;
#7779=VECTOR('Line Direction',#7778,1.) ;
#7820=VECTOR('Line Direction',#7819,1.) ;
#7834=VECTOR('Line Direction',#7833,1.) ;
#7875=VECTOR('Line Direction',#7874,1.) ;
#8003=VECTOR('Line Direction',#8002,1.) ;
#8126=VECTOR('Line Direction',#8125,1.) ;
#8244=VECTOR('Line Direction',#8243,1.) ;
#8367=VECTOR('Line Direction',#8366,1.) ;
#8372=VECTOR('Line Direction',#8371,1.) ;
#8403=VECTOR('Line Direction',#8402,1.) ;
#8422=VECTOR('Line Direction',#8421,1.) ;
#8439=VECTOR('Line Direction',#8438,1.) ;
#8456=VECTOR('Line Direction',#8455,1.) ;
#8485=VECTOR('Line Direction',#8484,1.) ;
#8490=VECTOR('Line Direction',#8489,1.) ;
#8507=VECTOR('Line Direction',#8506,1.) ;
#8524=VECTOR('Line Direction',#8523,1.) ;
#8541=VECTOR('Line Direction',#8540,1.) ;
#8558=VECTOR('Line Direction',#8557,1.) ;
#8570=VECTOR('Line Direction',#8569,1.) ;
#8587=VECTOR('Line Direction',#8586,1.) ;
#8616=VECTOR('Line Direction',#8615,1.) ;
#8621=VECTOR('Line Direction',#8620,1.) ;
#8638=VECTOR('Line Direction',#8637,1.) ;
#8655=VECTOR('Line Direction',#8654,1.) ;
#8667=VECTOR('Line Direction',#8666,1.) ;
#8684=VECTOR('Line Direction',#8683,1.) ;
#8701=VECTOR('Line Direction',#8700,1.) ;
#8718=VECTOR('Line Direction',#8717,1.) ;
#8737=VECTOR('Line Direction',#8736,1.) ;
#8742=VECTOR('Line Direction',#8741,1.) ;
#8761=VECTOR('Line Direction',#8760,1.) ;
#8790=VECTOR('Line Direction',#8789,1.) ;
#8807=VECTOR('Line Direction',#8806,1.) ;
#8821=VECTOR('Line Direction',#8820,1.) ;
#8850=VECTOR('Line Direction',#8849,1.) ;
#8855=VECTOR('Line Direction',#8854,1.) ;
#8881=VECTOR('Line Direction',#8880,1.) ;
#8886=VECTOR('Line Direction',#8885,1.) ;
#8912=VECTOR('Line Direction',#8911,1.) ;
#8917=VECTOR('Line Direction',#8916,1.) ;
#8943=VECTOR('Line Direction',#8942,1.) ;
#8948=VECTOR('Line Direction',#8947,1.) ;
#8995=VECTOR('Line Direction',#8994,1.) ;
#9009=VECTOR('Line Direction',#9008,1.) ;
#9026=VECTOR('Line Direction',#9025,1.) ;
#9033=VECTOR('Line Direction',#9032,1.) ;
#9040=VECTOR('Line Direction',#9039,1.) ;
#9057=VECTOR('Line Direction',#9056,1.) ;
#9064=VECTOR('Line Direction',#9063,1.) ;
#9071=VECTOR('Line Direction',#9070,1.) ;
#9088=VECTOR('Line Direction',#9087,1.) ;
#9095=VECTOR('Line Direction',#9094,1.) ;
#9102=VECTOR('Line Direction',#9101,1.) ;
#9126=VECTOR('Line Direction',#9125,1.) ;
#9150=VECTOR('Line Direction',#9149,1.) ;
#9157=VECTOR('Line Direction',#9156,1.) ;
#9164=VECTOR('Line Direction',#9163,1.) ;
#9188=VECTOR('Line Direction',#9187,1.) ;
#9212=VECTOR('Line Direction',#9211,1.) ;
#9219=VECTOR('Line Direction',#9218,1.) ;
#9226=VECTOR('Line Direction',#9225,1.) ;
#9250=VECTOR('Line Direction',#9249,1.) ;
#9274=VECTOR('Line Direction',#9273,1.) ;
#9281=VECTOR('Line Direction',#9280,1.) ;
#9288=VECTOR('Line Direction',#9287,1.) ;
#9312=VECTOR('Line Direction',#9311,1.) ;
#9336=VECTOR('Line Direction',#9335,1.) ;
#9343=VECTOR('Line Direction',#9342,1.) ;
#9350=VECTOR('Line Direction',#9349,1.) ;
#9362=VECTOR('Line Direction',#9361,1.) ;
#9369=VECTOR('Line Direction',#9368,1.) ;
#9376=VECTOR('Line Direction',#9375,1.) ;
#9393=VECTOR('Line Direction',#9392,1.) ;
#9400=VECTOR('Line Direction',#9399,1.) ;
#9407=VECTOR('Line Direction',#9406,1.) ;
#9431=VECTOR('Line Direction',#9430,1.) ;
#9455=VECTOR('Line Direction',#9454,1.) ;
#9460=VECTOR('Line Direction',#9459,1.) ;
#9528=VECTOR('Line Direction',#9527,1.) ;
#9544=VECTOR('Line Direction',#9543,1.) ;
#9568=VECTOR('Line Direction',#9567,1.) ;
#9575=VECTOR('Line Direction',#9574,1.) ;
#9582=VECTOR('Line Direction',#9581,1.) ;
#9599=VECTOR('Line Direction',#9598,1.) ;
#9606=VECTOR('Line Direction',#9605,1.) ;
#9613=VECTOR('Line Direction',#9612,1.) ;
#9630=VECTOR('Line Direction',#9629,1.) ;
#9637=VECTOR('Line Direction',#9636,1.) ;
#9644=VECTOR('Line Direction',#9643,1.) ;
#9668=VECTOR('Line Direction',#9667,1.) ;
#9692=VECTOR('Line Direction',#9691,1.) ;
#9699=VECTOR('Line Direction',#9698,1.) ;
#9706=VECTOR('Line Direction',#9705,1.) ;
#9730=VECTOR('Line Direction',#9729,1.) ;
#9754=VECTOR('Line Direction',#9753,1.) ;
#9761=VECTOR('Line Direction',#9760,1.) ;
#9768=VECTOR('Line Direction',#9767,1.) ;
#9792=VECTOR('Line Direction',#9791,1.) ;
#9816=VECTOR('Line Direction',#9815,1.) ;
#9823=VECTOR('Line Direction',#9822,1.) ;
#9830=VECTOR('Line Direction',#9829,1.) ;
#9854=VECTOR('Line Direction',#9853,1.) ;
#9878=VECTOR('Line Direction',#9877,1.) ;
#9885=VECTOR('Line Direction',#9884,1.) ;
#9892=VECTOR('Line Direction',#9891,1.) ;
#9904=VECTOR('Line Direction',#9903,1.) ;
#9911=VECTOR('Line Direction',#9910,1.) ;
#9918=VECTOR('Line Direction',#9917,1.) ;
#9935=VECTOR('Line Direction',#9934,1.) ;
#9942=VECTOR('Line Direction',#9941,1.) ;
#9949=VECTOR('Line Direction',#9948,1.) ;
#9973=VECTOR('Line Direction',#9972,1.) ;
#9997=VECTOR('Line Direction',#9996,1.) ;
#10002=VECTOR('Line Direction',#10001,1.) ;
#32=DIRECTION('Axis2P3D Direction',(0.,1.,-0.)) ;
#33=DIRECTION('Axis2P3D XDirection',(1.,0.,1.22464679915E-016)) ;
#37=DIRECTION('Axis2P3D Direction',(0.,1.,-0.)) ;
#46=DIRECTION('Vector Direction',(0.,1.,0.)) ;
#53=DIRECTION('Axis2P3D Direction',(0.,1.,-0.)) ;
#60=DIRECTION('Vector Direction',(0.,1.,0.)) ;
#72=DIRECTION('Axis2P3D Direction',(1.,0.,0.)) ;
#73=DIRECTION('Axis2P3D XDirection',(0.,1.,0.)) ;
#77=DIRECTION('Axis2P3D Direction',(1.,0.,0.)) ;
#86=DIRECTION('Vector Direction',(0.,-0.780868809443,-0.624695047554)) ;
#93=DIRECTION('Axis2P3D Direction',(1.,0.,0.)) ;
#100=DIRECTION('Vector Direction',(0.,1.,0.)) ;
#107=DIRECTION('Axis2P3D Direction',(1.,0.,0.)) ;
#114=DIRECTION('Vector Direction',(0.,0.,1.)) ;
#121=DIRECTION('Vector Direction',(0.,-1.,0.)) ;
#128=DIRECTION('Vector Direction',(0.,0.,1.)) ;
#135=DIRECTION('Axis2P3D Direction',(1.,0.,0.)) ;
#142=DIRECTION('Vector Direction',(0.,1.,0.)) ;
#149=DIRECTION('Axis2P3D Direction',(1.,0.,0.)) ;
#156=DIRECTION('Vector Direction',(0.,0.780868809443,-0.624695047554)) ;
#163=DIRECTION('Axis2P3D Direction',(1.,0.,0.)) ;
#170=DIRECTION('Vector Direction',(0.,0.,-1.)) ;
#177=DIRECTION('Vector Direction',(0.,-0.624695047554,-0.780868809443)) ;
#184=DIRECTION('Axis2P3D Direction',(1.,0.,0.)) ;
#191=DIRECTION('Vector Direction',(0.,-1.,0.)) ;
#198=DIRECTION('Axis2P3D Direction',(1.,0.,0.)) ;
#205=DIRECTION('Vector Direction',(0.,0.,-1.)) ;
#210=DIRECTION('Vector Direction',(0.,0.,-1.)) ;
#217=DIRECTION('Axis2P3D Direction',(1.,0.,0.)) ;
#224=DIRECTION('Vector Direction',(0.,-1.,0.)) ;
#231=DIRECTION('Axis2P3D Direction',(1.,0.,0.)) ;
#238=DIRECTION('Vector Direction',(0.,0.624695047554,-0.780868809443)) ;
#245=DIRECTION('Vector Direction',(0.,0.,-1.)) ;
#278=DIRECTION('Axis2P3D Direction',(1.,0.,0.)) ;
#287=DIRECTION('Vector Direction',(0.,-1.,0.)) ;
#294=DIRECTION('Axis2P3D Direction',(1.,0.,0.)) ;
#301=DIRECTION('Vector Direction',(0.,0.,1.)) ;
#308=DIRECTION('Axis2P3D Direction',(1.,0.,0.)) ;
#315=DIRECTION('Vector Direction',(0.,1.,0.)) ;
#322=DIRECTION('Vector Direction',(0.,0.,-1.)) ;
#329=DIRECTION('Axis2P3D Direction',(1.,0.,0.)) ;
#336=DIRECTION('Vector Direction',(0.,1.,0.)) ;
#343=DIRECTION('Axis2P3D Direction',(1.,0.,0.)) ;
#350=DIRECTION('Vector Direction',(0.,0.,1.)) ;
#357=DIRECTION('Vector Direction',(0.,1.,0.)) ;
#364=DIRECTION('Axis2P3D Direction',(1.,0.,0.)) ;
#371=DIRECTION('Vector Direction',(0.,0.,1.)) ;
#378=DIRECTION('Axis2P3D Direction',(1.,0.,0.)) ;
#385=DIRECTION('Vector Direction',(0.,-1.,0.)) ;
#392=DIRECTION('Axis2P3D Direction',(1.,0.,0.)) ;
#399=DIRECTION('Axis2P3D Direction',(1.,0.,0.)) ;
#406=DIRECTION('Vector Direction',(0.,-1.,0.)) ;
#413=DIRECTION('Axis2P3D Direction',(1.,0.,0.)) ;
#440=DIRECTION('Vector Direction',(0.,-1.,0.)) ;
#449=DIRECTION('Axis2P3D Direction',(1.,0.,0.)) ;
#456=DIRECTION('Vector Direction',(0.,0.,-1.)) ;
#463=DIRECTION('Axis2P3D Direction',(1.,0.,0.)) ;
#470=DIRECTION('Vector Direction',(0.,1.,0.)) ;
#477=DIRECTION('Axis2P3D Direction',(1.,0.,0.)) ;
#484=DIRECTION('Vector Direction',(0.,0.,1.)) ;
#491=DIRECTION('Axis2P3D Direction',(1.,0.,0.)) ;
#506=DIRECTION('Axis2P3D Direction',(1.,0.,0.)) ;
#515=DIRECTION('Vector Direction',(0.,0.,1.)) ;
#522=DIRECTION('Axis2P3D Direction',(1.,0.,0.)) ;
#529=DIRECTION('Vector Direction',(0.,1.,0.)) ;
#536=DIRECTION('Axis2P3D Direction',(1.,0.,0.)) ;
#543=DIRECTION('Vector Direction',(0.,0.,-1.)) ;
#550=DIRECTION('Axis2P3D Direction',(1.,0.,0.)) ;
#557=DIRECTION('Vector Direction',(0.,-1.,0.)) ;
#572=DIRECTION('Axis2P3D Direction',(1.,0.,0.)) ;
#581=DIRECTION('Axis2P3D Direction',(1.,0.,0.)) ;
#590=DIRECTION('Axis2P3D Direction',(1.,0.,0.)) ;
#599=DIRECTION('Axis2P3D Direction',(1.,0.,0.)) ;
#608=DIRECTION('Axis2P3D Direction',(1.,0.,0.)) ;
#617=DIRECTION('Axis2P3D Direction',(1.,0.,0.)) ;
#626=DIRECTION('Axis2P3D Direction',(1.,0.,0.)) ;
#635=DIRECTION('Axis2P3D Direction',(1.,0.,0.)) ;
#645=DIRECTION('Axis2P3D Direction',(1.,0.,0.)) ;
#646=DIRECTION('Axis2P3D XDirection',(0.,1.,0.)) ;
#650=DIRECTION('Vector Direction',(1.,0.,0.)) ;
#657=DIRECTION('Vector Direction',(1.,0.,0.)) ;
#664=DIRECTION('Axis2P3D Direction',(1.,0.,0.)) ;
#676=DIRECTION('Axis2P3D Direction',(0.,1.,-0.)) ;
#677=DIRECTION('Axis2P3D XDirection',(6.04901474818E-016,0.,1.)) ;
#681=DIRECTION('Axis2P3D Direction',(0.,1.,-0.)) ;
#688=DIRECTION('Axis2P3D Direction',(0.,1.,-0.)) ;
#695=DIRECTION('Vector Direction',(0.,1.,0.)) ;
#707=DIRECTION('Axis2P3D Direction',(0.,1.,-0.)) ;
#708=DIRECTION('Axis2P3D XDirection',(-1.,0.,0.)) ;
#712=DIRECTION('Vector Direction',(0.,0.,-1.)) ;
#721=DIRECTION('Vector Direction',(-1.,0.,0.)) ;
#728=DIRECTION('Axis2P3D Direction',(0.,1.,-0.)) ;
#735=DIRECTION('Vector Direction',(0.,0.,-1.)) ;
#742=DIRECTION('Vector Direction',(-1.,0.,0.)) ;
#747=DIRECTION('Vector Direction',(-1.,0.,0.)) ;
#763=DIRECTION('Axis2P3D Direction',(-1.,0.,0.)) ;
#764=DIRECTION('Axis2P3D XDirection',(0.,1.,0.)) ;
#768=DIRECTION('Axis2P3D Direction',(-1.,0.,0.)) ;
#775=DIRECTION('Vector Direction',(-1.,0.,0.)) ;
#787=DIRECTION('Axis2P3D Direction',(0.,0.,-1.)) ;
#788=DIRECTION('Axis2P3D XDirection',(0.,1.,0.)) ;
#792=DIRECTION('Vector Direction',(0.,1.,0.)) ;
#799=DIRECTION('Vector Direction',(1.,0.,0.)) ;
#811=DIRECTION('Axis2P3D Direction',(1.,0.,0.)) ;
#812=DIRECTION('Axis2P3D XDirection',(-0.,-0.624695047554,-0.780868809443)) ;
#816=DIRECTION('Axis2P3D Direction',(1.,0.,0.)) ;
#823=DIRECTION('Vector Direction',(1.,0.,0.)) ;
#835=DIRECTION('Axis2P3D Direction',(0.,-0.624695047554,-0.780868809443)) ;
#836=DIRECTION('Axis2P3D XDirection',(0.,0.780868809443,-0.624695047554)) ;
#840=DIRECTION('Vector Direction',(0.,0.780868809443,-0.624695047554)) ;
#847=DIRECTION('Vector Direction',(1.,0.,0.)) ;
#859=DIRECTION('Axis2P3D Direction',(1.,0.,0.)) ;
#860=DIRECTION('Axis2P3D XDirection',(0.,-1.,1.22464679915E-016)) ;
#864=DIRECTION('Vector Direction',(1.,0.,0.)) ;
#873=DIRECTION('Axis2P3D Direction',(1.,0.,0.)) ;
#880=DIRECTION('Vector Direction',(1.,0.,0.)) ;
#885=DIRECTION('Axis2P3D Direction',(1.,0.,0.)) ;
#892=DIRECTION('Vector Direction',(1.,0.,0.)) ;
#899=DIRECTION('Axis2P3D Direction',(1.,0.,0.)) ;
#915=DIRECTION('Axis2P3D Direction',(0.,1.,0.)) ;
#916=DIRECTION('Axis2P3D XDirection',(0.,0.,1.)) ;
#920=DIRECTION('Vector Direction',(0.,0.,1.)) ;
#927=DIRECTION('Vector Direction',(1.,0.,0.)) ;
#934=DIRECTION('Vector Direction',(0.,0.,1.)) ;
#946=DIRECTION('Axis2P3D Direction',(1.,0.,0.)) ;
#947=DIRECTION('Axis2P3D XDirection',(0.,1.,1.42108547152E-015)) ;
#951=DIRECTION('Axis2P3D Direction',(1.,0.,0.)) ;
#958=DIRECTION('Vector Direction',(1.,0.,0.)) ;
#965=DIRECTION('Axis2P3D Direction',(1.,0.,0.)) ;
#977=DIRECTION('Axis2P3D Direction',(-0.,0.,1.)) ;
#978=DIRECTION('Axis2P3D XDirection',(0.,-1.,0.)) ;
#982=DIRECTION('Vector Direction',(0.,-1.,0.)) ;
#989=DIRECTION('Vector Direction',(1.,0.,0.)) ;
#996=DIRECTION('Vector Direction',(0.,-1.,0.)) ;
#1008=DIRECTION('Axis2P3D Direction',(1.,0.,0.)) ;
#1009=DIRECTION('Axis2P3D XDirection',(0.,6.12323399574E-017,1.)) ;
#1013=DIRECTION('Axis2P3D Direction',(1.,0.,0.)) ;
#1020=DIRECTION('Vector Direction',(1.,0.,0.)) ;
#1027=DIRECTION('Axis2P3D Direction',(1.,0.,0.)) ;
#1039=DIRECTION('Axis2P3D Direction',(0.,1.,0.)) ;
#1040=DIRECTION('Axis2P3D XDirection',(0.,0.,1.)) ;
#1044=DIRECTION('Vector Direction',(1.,0.,0.)) ;
#1053=DIRECTION('Vector Direction',(0.,0.,1.)) ;
#1058=DIRECTION('Vector Direction',(0.,0.,1.)) ;
#1070=DIRECTION('Axis2P3D Direction',(1.,0.,0.)) ;
#1071=DIRECTION('Axis2P3D XDirection',(0.,0.258819045103,-0.965925826289)) ;
#1075=DIRECTION('Vector Direction',(1.,0.,0.)) ;
#1084=DIRECTION('Axis2P3D Direction',(1.,0.,0.)) ;
#1089=DIRECTION('Axis2P3D Direction',(1.,0.,0.)) ;
#1101=DIRECTION('Axis2P3D Direction',(0.,-0.258819045103,0.965925826289)) ;
#1102=DIRECTION('Axis2P3D XDirection',(0.,-0.965925826289,-0.258819045103)) ;
#1106=DIRECTION('Vector Direction',(0.,-0.965925826289,-0.258819045103)) ;
#1113=DIRECTION('Vector Direction',(1.,0.,0.)) ;
#1120=DIRECTION('Vector Direction',(0.,-0.965925826289,-0.258819045103)) ;
#1132=DIRECTION('Axis2P3D Direction',(1.,0.,0.)) ;
#1133=DIRECTION('Axis2P3D XDirection',(0.,-0.258819045103,0.965925826289)) ;
#1137=DIRECTION('Axis2P3D Direction',(1.,0.,0.)) ;
#1144=DIRECTION('Vector Direction',(1.,0.,0.)) ;
#1151=DIRECTION('Axis2P3D Direction',(1.,0.,0.)) ;
#1163=DIRECTION('Axis2P3D Direction',(0.,-1.,0.)) ;
#1164=DIRECTION('Axis2P3D XDirection',(0.,0.,-1.)) ;
#1168=DIRECTION('Vector Direction',(0.,0.,-1.)) ;
#1175=DIRECTION('Vector Direction',(1.,0.,0.)) ;
#1182=DIRECTION('Vector Direction',(0.,0.,-1.)) ;
#1194=DIRECTION('Axis2P3D Direction',(1.,0.,0.)) ;
#1195=DIRECTION('Axis2P3D XDirection',(-0.,-1.,-1.20980294964E-015)) ;
#1199=DIRECTION('Axis2P3D Direction',(1.,0.,0.)) ;
#1206=DIRECTION('Vector Direction',(1.,0.,0.)) ;
#1213=DIRECTION('Axis2P3D Direction',(1.,0.,0.)) ;
#1225=DIRECTION('Axis2P3D Direction',(-0.,0.258819045103,0.965925826289)) ;
#1226=DIRECTION('Axis2P3D XDirection',(0.,-0.965925826289,0.258819045103)) ;
#1230=DIRECTION('Vector Direction',(1.,0.,0.)) ;
#1239=DIRECTION('Vector Direction',(0.,-0.965925826289,0.258819045103)) ;
#1244=DIRECTION('Vector Direction',(0.,-0.965925826289,0.258819045103)) ;
#1256=DIRECTION('Axis2P3D Direction',(1.,0.,0.)) ;
#1257=DIRECTION('Axis2P3D XDirection',(0.,1.,0.)) ;
#1261=DIRECTION('Vector Direction',(1.,0.,0.)) ;
#1270=DIRECTION('Axis2P3D Direction',(1.,0.,0.)) ;
#1275=DIRECTION('Axis2P3D Direction',(1.,0.,0.)) ;
#1287=DIRECTION('Vector Direction',(1.,0.,0.)) ;
#1296=DIRECTION('Vector Direction',(0.,0.,1.)) ;
#1301=DIRECTION('Vector Direction',(0.,0.,1.)) ;
#1313=DIRECTION('Axis2P3D Direction',(1.,0.,0.)) ;
#1314=DIRECTION('Axis2P3D XDirection',(-0.,-1.,-2.54207057919E-015)) ;
#1318=DIRECTION('Axis2P3D Direction',(1.,0.,0.)) ;
#1325=DIRECTION('Vector Direction',(1.,0.,0.)) ;
#1332=DIRECTION('Axis2P3D Direction',(1.,0.,0.)) ;
#1344=DIRECTION('Axis2P3D Direction',(0.,0.,-1.)) ;
#1345=DIRECTION('Axis2P3D XDirection',(0.,1.,0.)) ;
#1349=DIRECTION('Vector Direction',(0.,1.,0.)) ;
#1356=DIRECTION('Vector Direction',(1.,0.,0.)) ;
#1363=DIRECTION('Vector Direction',(0.,1.,0.)) ;
#1375=DIRECTION('Axis2P3D Direction',(1.,0.,0.)) ;
#1376=DIRECTION('Axis2P3D XDirection',(-0.,-1.83697019872E-016,-1.)) ;
#1380=DIRECTION('Axis2P3D Direction',(1.,0.,0.)) ;
#1387=DIRECTION('Vector Direction',(1.,0.,0.)) ;
#1394=DIRECTION('Axis2P3D Direction',(1.,0.,0.)) ;
#1406=DIRECTION('Vector Direction',(0.,0.,1.)) ;
#1413=DIRECTION('Vector Direction',(1.,0.,0.)) ;
#1420=DIRECTION('Vector Direction',(0.,0.,1.)) ;
#1432=DIRECTION('Axis2P3D Direction',(1.,0.,0.)) ;
#1433=DIRECTION('Axis2P3D XDirection',(0.,-0.780868809443,0.624695047554)) ;
#1437=DIRECTION('Vector Direction',(1.,0.,0.)) ;
#1446=DIRECTION('Axis2P3D Direction',(1.,0.,0.)) ;
#1451=DIRECTION('Axis2P3D Direction',(1.,0.,0.)) ;
#1463=DIRECTION('Axis2P3D Direction',(0.,-0.780868809443,0.624695047554)) ;
#1464=DIRECTION('Axis2P3D XDirection',(0.,-0.624695047554,-0.780868809443)) ;
#1468=DIRECTION('Vector Direction',(0.,-0.624695047554,-0.780868809443)) ;
#1475=DIRECTION('Vector Direction',(-1.,0.,0.)) ;
#1482=DIRECTION('Vector Direction',(0.,-0.624695047554,-0.780868809443)) ;
#1489=DIRECTION('Vector Direction',(1.,0.,0.)) ;
#1494=DIRECTION('Vector Direction',(-1.,0.,0.)) ;
#1501=DIRECTION('Vector Direction',(0.,-0.624695047554,-0.780868809443)) ;
#1517=DIRECTION('Axis2P3D Direction',(1.,0.,0.)) ;
#1518=DIRECTION('Axis2P3D XDirection',(0.,6.12323399574E-017,1.)) ;
#1522=DIRECTION('Axis2P3D Direction',(1.,0.,0.)) ;
#1529=DIRECTION('Vector Direction',(1.,0.,0.)) ;
#1541=DIRECTION('Axis2P3D Direction',(-0.,0.,1.)) ;
#1542=DIRECTION('Axis2P3D XDirection',(0.,-1.,0.)) ;
#1546=DIRECTION('Vector Direction',(0.,-1.,0.)) ;
#1558=DIRECTION('Axis2P3D Direction',(1.,0.,0.)) ;
#1559=DIRECTION('Axis2P3D XDirection',(0.,0.768221279597,-0.640184399664)) ;
#1563=DIRECTION('Axis2P3D Direction',(1.,0.,0.)) ;
#1572=DIRECTION('Vector Direction',(1.,0.,0.)) ;
#1579=DIRECTION('Axis2P3D Direction',(1.,0.,0.)) ;
#1586=DIRECTION('Vector Direction',(1.,0.,0.)) ;
#1598=DIRECTION('Axis2P3D Direction',(0.,-0.768221279597,0.640184399664)) ;
#1599=DIRECTION('Axis2P3D XDirection',(0.,-0.640184399664,-0.768221279597)) ;
#1603=DIRECTION('Vector Direction',(0.,-0.640184399664,-0.768221279597)) ;
#1610=DIRECTION('Vector Direction',(1.,0.,0.)) ;
#1617=DIRECTION('Vector Direction',(0.,-0.640184399664,-0.768221279597)) ;
#1629=DIRECTION('Axis2P3D Direction',(1.,0.,0.)) ;
#1630=DIRECTION('Axis2P3D XDirection',(0.,0.,-1.)) ;
#1634=DIRECTION('Axis2P3D Direction',(1.,0.,0.)) ;
#1641=DIRECTION('Axis2P3D Direction',(1.,0.,0.)) ;
#1648=DIRECTION('Vector Direction',(1.,0.,0.)) ;
#1660=DIRECTION('Axis2P3D Direction',(-0.,0.,1.)) ;
#1661=DIRECTION('Axis2P3D XDirection',(0.,-1.,0.)) ;
#1665=DIRECTION('Vector Direction',(0.,-1.,0.)) ;
#1672=DIRECTION('Vector Direction',(1.,0.,0.)) ;
#1679=DIRECTION('Vector Direction',(0.,-1.,0.)) ;
#1691=DIRECTION('Axis2P3D Direction',(1.,0.,0.)) ;
#1692=DIRECTION('Axis2P3D XDirection',(-0.,-0.997037030524,-0.0769230769231)) ;
#1696=DIRECTION('Axis2P3D Direction',(1.,0.,0.)) ;
#1703=DIRECTION('Axis2P3D Direction',(1.,0.,0.)) ;
#1710=DIRECTION('Vector Direction',(1.,0.,0.)) ;
#1722=DIRECTION('Axis2P3D Direction',(1.,0.,0.)) ;
#1723=DIRECTION('Axis2P3D XDirection',(0.,0.997037030524,0.0769230769231)) ;
#1727=DIRECTION('Axis2P3D Direction',(1.,0.,0.)) ;
#1734=DIRECTION('Axis2P3D Direction',(1.,0.,0.)) ;
#1741=DIRECTION('Vector Direction',(1.,0.,0.)) ;
#1748=DIRECTION('Axis2P3D Direction',(1.,0.,0.)) ;
#1755=DIRECTION('Axis2P3D Direction',(1.,0.,0.)) ;
#1769=DIRECTION('Axis2P3D Direction',(1.,0.,0.)) ;
#1770=DIRECTION('Axis2P3D XDirection',(-0.,-1.83697019872E-016,-1.)) ;
#1774=DIRECTION('Axis2P3D Direction',(1.,0.,0.)) ;
#1783=DIRECTION('Vector Direction',(1.,0.,0.)) ;
#1790=DIRECTION('Axis2P3D Direction',(1.,0.,0.)) ;
#1797=DIRECTION('Axis2P3D Direction',(1.,0.,0.)) ;
#1804=DIRECTION('Vector Direction',(1.,0.,0.)) ;
#1811=DIRECTION('Axis2P3D Direction',(1.,0.,0.)) ;
#1825=DIRECTION('Axis2P3D Direction',(1.,0.,0.)) ;
#1826=DIRECTION('Axis2P3D XDirection',(0.,5.05321549807E-016,1.)) ;
#1830=DIRECTION('Axis2P3D Direction',(1.,0.,0.)) ;
#1837=DIRECTION('Axis2P3D Direction',(1.,0.,0.)) ;
#1844=DIRECTION('Vector Direction',(1.,0.,0.)) ;
#1856=DIRECTION('Axis2P3D Direction',(0.,0.,-1.)) ;
#1857=DIRECTION('Axis2P3D XDirection',(0.,1.,0.)) ;
#1861=DIRECTION('Vector Direction',(0.,1.,0.)) ;
#1868=DIRECTION('Vector Direction',(1.,0.,0.)) ;
#1875=DIRECTION('Vector Direction',(0.,1.,0.)) ;
#1887=DIRECTION('Axis2P3D Direction',(1.,0.,-0.)) ;
#1888=DIRECTION('Axis2P3D XDirection',(0.,0.768221279597,0.640184399664)) ;
#1892=DIRECTION('Axis2P3D Direction',(1.,0.,-0.)) ;
#1899=DIRECTION('Axis2P3D Direction',(1.,0.,-0.)) ;
#1906=DIRECTION('Vector Direction',(1.,0.,0.)) ;
#1918=DIRECTION('Axis2P3D Direction',(0.,-0.768221279597,-0.640184399664)) ;
#1919=DIRECTION('Axis2P3D XDirection',(0.,0.640184399664,-0.768221279597)) ;
#1923=DIRECTION('Vector Direction',(0.,0.640184399664,-0.768221279597)) ;
#1930=DIRECTION('Vector Direction',(1.,0.,0.)) ;
#1937=DIRECTION('Vector Direction',(0.,0.640184399664,-0.768221279597)) ;
#1949=DIRECTION('Axis2P3D Direction',(1.,0.,0.)) ;
#1950=DIRECTION('Axis2P3D XDirection',(0.,1.,0.)) ;
#1954=DIRECTION('Axis2P3D Direction',(1.,0.,0.)) ;
#1961=DIRECTION('Axis2P3D Direction',(1.,0.,0.)) ;
#1968=DIRECTION('Vector Direction',(1.,0.,0.)) ;
#1980=DIRECTION('Axis2P3D Direction',(0.,-1.,0.)) ;
#1981=DIRECTION('Axis2P3D XDirection',(0.,0.,-1.)) ;
#1985=DIRECTION('Vector Direction',(0.,0.,-1.)) ;
#1990=DIRECTION('Vector Direction',(0.,0.,-1.)) ;
#2002=DIRECTION('Axis2P3D Direction',(1.,0.,0.)) ;
#2003=DIRECTION('Axis2P3D XDirection',(0.,1.,0.)) ;
#2007=DIRECTION('Axis2P3D Direction',(1.,0.,0.)) ;
#2016=DIRECTION('Vector Direction',(1.,0.,0.)) ;
#2023=DIRECTION('Axis2P3D Direction',(1.,0.,0.)) ;
#2030=DIRECTION('Vector Direction',(1.,0.,0.)) ;
#2042=DIRECTION('Axis2P3D Direction',(1.,0.,0.)) ;
#2047=DIRECTION('Axis2P3D Direction',(1.,0.,0.)) ;
#2059=DIRECTION('Axis2P3D Direction',(1.,0.,0.)) ;
#2060=DIRECTION('Axis2P3D XDirection',(0.,1.,0.)) ;
#2064=DIRECTION('Axis2P3D Direction',(1.,0.,0.)) ;
#2073=DIRECTION('Vector Direction',(1.,0.,0.)) ;
#2080=DIRECTION('Axis2P3D Direction',(1.,0.,0.)) ;
#2087=DIRECTION('Vector Direction',(1.,0.,0.)) ;
#2099=DIRECTION('Axis2P3D Direction',(1.,0.,0.)) ;
#2104=DIRECTION('Axis2P3D Direction',(1.,0.,0.)) ;
#2116=DIRECTION('Axis2P3D Direction',(1.,0.,0.)) ;
#2117=DIRECTION('Axis2P3D XDirection',(0.,1.,0.)) ;
#2121=DIRECTION('Vector Direction',(0.,0.,-1.)) ;
#2130=DIRECTION('Vector Direction',(0.,0.624695047554,-0.780868809443)) ;
#2137=DIRECTION('Axis2P3D Direction',(1.,0.,0.)) ;
#2144=DIRECTION('Vector Direction',(0.,-1.,0.)) ;
#2151=DIRECTION('Axis2P3D Direction',(1.,0.,0.)) ;
#2158=DIRECTION('Vector Direction',(0.,0.,1.)) ;
#2165=DIRECTION('Vector Direction',(0.,-1.,0.)) ;
#2172=DIRECTION('Vector Direction',(0.,0.,1.)) ;
#2177=DIRECTION('Vector Direction',(0.,0.,-1.)) ;
#2182=DIRECTION('Vector Direction',(0.,-1.,0.)) ;
#2189=DIRECTION('Vector Direction',(0.,0.,-1.)) ;
#2196=DIRECTION('Axis2P3D Direction',(1.,0.,0.)) ;
#2203=DIRECTION('Vector Direction',(0.,1.,0.)) ;
#2210=DIRECTION('Axis2P3D Direction',(1.,0.,0.)) ;
#2217=DIRECTION('Vector Direction',(0.,-0.780868809443,-0.624695047554)) ;
#2224=DIRECTION('Axis2P3D Direction',(1.,0.,0.)) ;
#2257=DIRECTION('Axis2P3D Direction',(1.,0.,0.)) ;
#2264=DIRECTION('Vector Direction',(0.,1.,0.)) ;
#2271=DIRECTION('Axis2P3D Direction',(1.,0.,0.)) ;
#2278=DIRECTION('Vector Direction',(0.,0.,1.)) ;
#2285=DIRECTION('Axis2P3D Direction',(1.,0.,0.)) ;
#2292=DIRECTION('Vector Direction',(0.,-1.,0.)) ;
#2299=DIRECTION('Axis2P3D Direction',(1.,0.,0.)) ;
#2328=DIRECTION('Axis2P3D Direction',(1.,0.,0.)) ;
#2337=DIRECTION('Axis2P3D Direction',(1.,0.,0.)) ;
#2344=DIRECTION('Vector Direction',(0.,-1.,0.)) ;
#2351=DIRECTION('Axis2P3D Direction',(1.,0.,0.)) ;
#2358=DIRECTION('Vector Direction',(0.,0.,1.)) ;
#2365=DIRECTION('Axis2P3D Direction',(1.,0.,0.)) ;
#2372=DIRECTION('Vector Direction',(0.,1.,0.)) ;
#2379=DIRECTION('Axis2P3D Direction',(1.,0.,0.)) ;
#2386=DIRECTION('Axis2P3D Direction',(1.,0.,0.)) ;
#2393=DIRECTION('Axis2P3D Direction',(1.,0.,0.)) ;
#2400=DIRECTION('Axis2P3D Direction',(1.,0.,0.)) ;
#2407=DIRECTION('Vector Direction',(0.,1.,0.)) ;
#2414=DIRECTION('Axis2P3D Direction',(1.,0.,0.)) ;
#2421=DIRECTION('Vector Direction',(0.,-0.640184399664,-0.768221279597)) ;
#2428=DIRECTION('Axis2P3D Direction',(1.,0.,0.)) ;
#2435=DIRECTION('Vector Direction',(0.,0.,-1.)) ;
#2442=DIRECTION('Axis2P3D Direction',(1.,0.,0.)) ;
#2449=DIRECTION('Vector Direction',(0.,0.640184399664,-0.768221279597)) ;
#2456=DIRECTION('Axis2P3D Direction',(1.,0.,0.)) ;
#2463=DIRECTION('Vector Direction',(0.,-1.,0.)) ;
#2470=DIRECTION('Axis2P3D Direction',(1.,0.,0.)) ;
#2477=DIRECTION('Axis2P3D Direction',(1.,0.,0.)) ;
#2506=DIRECTION('Axis2P3D Direction',(1.,0.,0.)) ;
#2515=DIRECTION('Axis2P3D Direction',(1.,0.,0.)) ;
#2524=DIRECTION('Axis2P3D Direction',(1.,0.,0.)) ;
#2533=DIRECTION('Axis2P3D Direction',(1.,0.,0.)) ;
#2542=DIRECTION('Axis2P3D Direction',(1.,0.,0.)) ;
#2551=DIRECTION('Axis2P3D Direction',(1.,0.,0.)) ;
#2560=DIRECTION('Axis2P3D Direction',(1.,0.,0.)) ;
#2569=DIRECTION('Axis2P3D Direction',(1.,0.,0.)) ;
#2578=DIRECTION('Axis2P3D Direction',(1.,0.,0.)) ;
#2587=DIRECTION('Vector Direction',(0.,0.,1.)) ;
#2594=DIRECTION('Axis2P3D Direction',(1.,0.,0.)) ;
#2601=DIRECTION('Vector Direction',(0.,1.,0.)) ;
#2608=DIRECTION('Axis2P3D Direction',(1.,0.,0.)) ;
#2615=DIRECTION('Vector Direction',(0.,0.,-1.)) ;
#2622=DIRECTION('Axis2P3D Direction',(1.,0.,0.)) ;
#2629=DIRECTION('Vector Direction',(0.,-1.,0.)) ;
#2644=DIRECTION('Vector Direction',(0.,-1.,0.)) ;
#2653=DIRECTION('Axis2P3D Direction',(1.,0.,0.)) ;
#2660=DIRECTION('Vector Direction',(0.,0.,-1.)) ;
#2667=DIRECTION('Axis2P3D Direction',(1.,0.,0.)) ;
#2674=DIRECTION('Vector Direction',(0.,1.,0.)) ;
#2681=DIRECTION('Axis2P3D Direction',(1.,0.,0.)) ;
#2688=DIRECTION('Vector Direction',(0.,0.,1.)) ;
#2695=DIRECTION('Axis2P3D Direction',(1.,0.,0.)) ;
#2710=DIRECTION('Axis2P3D Direction',(1.,0.,0.)) ;
#2719=DIRECTION('Axis2P3D Direction',(1.,0.,0.)) ;
#2728=DIRECTION('Axis2P3D Direction',(1.,0.,0.)) ;
#2737=DIRECTION('Axis2P3D Direction',(1.,0.,0.)) ;
#2746=DIRECTION('Axis2P3D Direction',(1.,0.,0.)) ;
#2755=DIRECTION('Axis2P3D Direction',(1.,0.,0.)) ;
#2764=DIRECTION('Axis2P3D Direction',(1.,0.,0.)) ;
#2773=DIRECTION('Axis2P3D Direction',(1.,0.,0.)) ;
#2783=DIRECTION('Axis2P3D Direction',(0.,1.,-0.)) ;
#2784=DIRECTION('Axis2P3D XDirection',(1.,-0.,-7.65713739785E-016)) ;
#2788=DIRECTION('Axis2P3D Direction',(0.,1.,-0.)) ;
#2795=DIRECTION('Axis2P3D Direction',(0.,1.,-0.)) ;
#2802=DIRECTION('Vector Direction',(0.,1.,0.)) ;
#2814=DIRECTION('Axis2P3D Direction',(-1.,-0.,-0.)) ;
#2815=DIRECTION('Axis2P3D XDirection',(0.,0.,-1.)) ;
#2819=DIRECTION('Vector Direction',(0.,-1.,0.)) ;
#2828=DIRECTION('Vector Direction',(0.,0.,-1.)) ;
#2835=DIRECTION('Vector Direction',(0.,-1.,0.)) ;
#2842=DIRECTION('Vector Direction',(0.,0.,-1.)) ;
#2854=DIRECTION('Axis2P3D Direction',(0.,0.,-1.)) ;
#2855=DIRECTION('Axis2P3D XDirection',(1.,0.,0.)) ;
#2859=DIRECTION('Axis2P3D Direction',(0.,0.,-1.)) ;
#2866=DIRECTION('Vector Direction',(0.,0.,-1.)) ;
#2873=DIRECTION('Axis2P3D Direction',(0.,0.,-1.)) ;
#2885=DIRECTION('Axis2P3D Direction',(0.,0.,1.)) ;
#2886=DIRECTION('Axis2P3D XDirection',(-1.,0.,0.)) ;
#2890=DIRECTION('Axis2P3D Direction',(0.,0.,1.)) ;
#2899=DIRECTION('Vector Direction',(1.,0.,0.)) ;
#2906=DIRECTION('Axis2P3D Direction',(0.,0.,1.)) ;
#2913=DIRECTION('Vector Direction',(0.,-1.,0.)) ;
#2920=DIRECTION('Axis2P3D Direction',(0.,0.,1.)) ;
#2925=DIRECTION('Vector Direction',(-1.,0.,0.)) ;
#2932=DIRECTION('Axis2P3D Direction',(0.,0.,1.)) ;
#2939=DIRECTION('Vector Direction',(0.,-1.,0.)) ;
#2946=DIRECTION('Axis2P3D Direction',(0.,0.,1.)) ;
#2953=DIRECTION('Vector Direction',(1.,0.,0.)) ;
#2960=DIRECTION('Axis2P3D Direction',(0.,0.,1.)) ;
#2967=DIRECTION('Vector Direction',(0.,-1.,0.)) ;
#2989=DIRECTION('Vector Direction',(0.,0.,-1.)) ;
#2996=DIRECTION('Vector Direction',(0.,-1.,0.)) ;
#3003=DIRECTION('Vector Direction',(0.,0.,-1.)) ;
#3015=DIRECTION('Axis2P3D Direction',(0.,0.,-1.)) ;
#3016=DIRECTION('Axis2P3D XDirection',(1.,0.,0.)) ;
#3020=DIRECTION('Axis2P3D Direction',(0.,0.,-1.)) ;
#3027=DIRECTION('Vector Direction',(0.,0.,-1.)) ;
#3039=DIRECTION('Axis2P3D Direction',(0.,0.,-1.)) ;
#3040=DIRECTION('Axis2P3D XDirection',(1.,0.,0.)) ;
#3044=DIRECTION('Axis2P3D Direction',(0.,0.,-1.)) ;
#3051=DIRECTION('Vector Direction',(1.,0.,0.)) ;
#3058=DIRECTION('Axis2P3D Direction',(0.,0.,-1.)) ;
#3065=DIRECTION('Vector Direction',(0.,-1.,0.)) ;
#3072=DIRECTION('Axis2P3D Direction',(0.,0.,-1.)) ;
#3079=DIRECTION('Vector Direction',(-1.,0.,0.)) ;
#3086=DIRECTION('Vector Direction',(0.,-1.,0.)) ;
#3091=DIRECTION('Axis2P3D Direction',(0.,0.,-1.)) ;
#3098=DIRECTION('Vector Direction',(0.,-1.,0.)) ;
#3105=DIRECTION('Axis2P3D Direction',(0.,0.,-1.)) ;
#3112=DIRECTION('Vector Direction',(1.,0.,0.)) ;
#3134=DIRECTION('Axis2P3D Direction',(0.,1.,-0.)) ;
#3135=DIRECTION('Axis2P3D XDirection',(6.04901474818E-016,0.,1.)) ;
#3139=DIRECTION('Axis2P3D Direction',(0.,1.,-0.)) ;
#3151=DIRECTION('Axis2P3D Direction',(0.,0.,1.)) ;
#3152=DIRECTION('Axis2P3D XDirection',(-1.,1.22464679915E-016,-0.)) ;
#3156=DIRECTION('Vector Direction',(0.,0.,1.)) ;
#3168=DIRECTION('Axis2P3D Direction',(-0.,1.,0.)) ;
#3169=DIRECTION('Axis2P3D XDirection',(1.,0.,0.)) ;
#3173=DIRECTION('Vector Direction',(0.,0.,-1.)) ;
#3185=DIRECTION('Axis2P3D Direction',(0.,0.,1.)) ;
#3186=DIRECTION('Axis2P3D XDirection',(6.12323399574E-017,1.,0.)) ;
#3190=DIRECTION('Vector Direction',(0.,0.,1.)) ;
#3202=DIRECTION('Axis2P3D Direction',(1.,0.,0.)) ;
#3203=DIRECTION('Axis2P3D XDirection',(0.,-1.,0.)) ;
#3214=DIRECTION('Axis2P3D Direction',(0.,0.,1.)) ;
#3223=DIRECTION('Vector Direction',(0.,0.,1.)) ;
#3230=DIRECTION('Axis2P3D Direction',(0.,0.,1.)) ;
#3237=DIRECTION('Vector Direction',(0.,0.,1.)) ;
#3249=DIRECTION('Vector Direction',(1.,0.,0.)) ;
#3254=DIRECTION('Vector Direction',(1.,0.,0.)) ;
#3266=DIRECTION('Vector Direction',(0.,-1.,0.)) ;
#3273=DIRECTION('Vector Direction',(0.,0.,-1.)) ;
#3280=DIRECTION('Vector Direction',(0.,-1.,0.)) ;
#3292=DIRECTION('Axis2P3D Direction',(0.,0.,1.)) ;
#3299=DIRECTION('Vector Direction',(0.,0.,1.)) ;
#3306=DIRECTION('Axis2P3D Direction',(0.,0.,1.)) ;
#3318=DIRECTION('Axis2P3D Direction',(0.,0.,-1.)) ;
#3319=DIRECTION('Axis2P3D XDirection',(1.,0.,0.)) ;
#3323=DIRECTION('Vector Direction',(1.,0.,0.)) ;
#3328=DIRECTION('Vector Direction',(1.,0.,0.)) ;
#3335=DIRECTION('Axis2P3D Direction',(0.,0.,-1.)) ;
#3342=DIRECTION('Vector Direction',(0.,-1.,0.)) ;
#3349=DIRECTION('Axis2P3D Direction',(0.,0.,-1.)) ;
#3356=DIRECTION('Vector Direction',(1.,0.,0.)) ;
#3363=DIRECTION('Axis2P3D Direction',(0.,0.,-1.)) ;
#3385=DIRECTION('Vector Direction',(-1.,0.,0.)) ;
#3401=DIRECTION('Axis2P3D Direction',(0.,0.,1.)) ;
#3402=DIRECTION('Axis2P3D XDirection',(-1.,0.,0.)) ;
#3406=DIRECTION('Axis2P3D Direction',(0.,0.,1.)) ;
#3413=DIRECTION('Vector Direction',(1.,0.,0.)) ;
#3420=DIRECTION('Axis2P3D Direction',(0.,0.,1.)) ;
#3427=DIRECTION('Vector Direction',(0.,-1.,0.)) ;
#3434=DIRECTION('Axis2P3D Direction',(0.,0.,1.)) ;
#3441=DIRECTION('Vector Direction',(-1.,0.,0.)) ;
#3463=DIRECTION('Axis2P3D Direction',(-1.,0.,0.)) ;
#3464=DIRECTION('Axis2P3D XDirection',(0.,-1.,0.)) ;
#3468=DIRECTION('Vector Direction',(-1.,0.,0.)) ;
#3473=DIRECTION('Vector Direction',(-1.,0.,0.)) ;
#3485=DIRECTION('Axis2P3D Direction',(0.,1.,-0.)) ;
#3486=DIRECTION('Axis2P3D XDirection',(-1.,0.,0.)) ;
#3490=DIRECTION('Vector Direction',(-1.,0.,0.)) ;
#3495=DIRECTION('Vector Direction',(0.,0.,-1.)) ;
#3511=DIRECTION('Axis2P3D Direction',(1.,0.,0.)) ;
#3512=DIRECTION('Axis2P3D XDirection',(0.,-1.,0.)) ;
#3516=DIRECTION('Vector Direction',(1.,0.,0.)) ;
#3528=DIRECTION('Vector Direction',(1.,0.,0.)) ;
#3540=DIRECTION('Axis2P3D Direction',(-1.,0.,0.)) ;
#3541=DIRECTION('Axis2P3D XDirection',(-0.,0.624695047554,-0.780868809443)) ;
#3545=DIRECTION('Vector Direction',(-1.,0.,0.)) ;
#3557=DIRECTION('Axis2P3D Direction',(0.,-0.624695047554,0.780868809443)) ;
#3558=DIRECTION('Axis2P3D XDirection',(0.,-0.780868809443,-0.624695047554)) ;
#3562=DIRECTION('Vector Direction',(1.,0.,0.)) ;
#3574=DIRECTION('Axis2P3D Direction',(-1.,0.,0.)) ;
#3575=DIRECTION('Axis2P3D XDirection',(0.,1.,1.22464679915E-016)) ;
#3579=DIRECTION('Vector Direction',(-1.,0.,0.)) ;
#3586=DIRECTION('Axis2P3D Direction',(-1.,0.,0.)) ;
#3593=DIRECTION('Vector Direction',(-1.,0.,0.)) ;
#3600=DIRECTION('Axis2P3D Direction',(-1.,0.,0.)) ;
#3607=DIRECTION('Vector Direction',(-1.,0.,0.)) ;
#3623=DIRECTION('Axis2P3D Direction',(0.,1.,0.)) ;
#3624=DIRECTION('Axis2P3D XDirection',(0.,0.,1.)) ;
#3628=DIRECTION('Vector Direction',(0.,0.,1.)) ;
#3635=DIRECTION('Vector Direction',(1.,0.,0.)) ;
#3642=DIRECTION('Vector Direction',(0.,0.,1.)) ;
#3654=DIRECTION('Axis2P3D Direction',(-1.,0.,0.)) ;
#3655=DIRECTION('Axis2P3D XDirection',(0.,-1.,1.42108547152E-015)) ;
#3659=DIRECTION('Axis2P3D Direction',(-1.,0.,0.)) ;
#3666=DIRECTION('Axis2P3D Direction',(-1.,0.,0.)) ;
#3673=DIRECTION('Vector Direction',(-1.,0.,0.)) ;
#3685=DIRECTION('Vector Direction',(0.,-1.,0.)) ;
#3692=DIRECTION('Vector Direction',(0.,-1.,0.)) ;
#3699=DIRECTION('Vector Direction',(1.,0.,0.)) ;
#3711=DIRECTION('Axis2P3D Direction',(-1.,0.,0.)) ;
#3712=DIRECTION('Axis2P3D XDirection',(0.,-6.12323399574E-017,1.)) ;
#3716=DIRECTION('Axis2P3D Direction',(-1.,0.,0.)) ;
#3723=DIRECTION('Axis2P3D Direction',(-1.,0.,0.)) ;
#3730=DIRECTION('Vector Direction',(-1.,0.,0.)) ;
#3742=DIRECTION('Axis2P3D Direction',(0.,1.,0.)) ;
#3743=DIRECTION('Axis2P3D XDirection',(0.,0.,1.)) ;
#3747=DIRECTION('Vector Direction',(0.,0.,1.)) ;
#3754=DIRECTION('Vector Direction',(0.,0.,1.)) ;
#3761=DIRECTION('Vector Direction',(1.,0.,0.)) ;
#3773=DIRECTION('Axis2P3D Direction',(-1.,0.,0.)) ;
#3774=DIRECTION('Axis2P3D XDirection',(0.,-0.258819045103,-0.965925826289)) ;
#3778=DIRECTION('Axis2P3D Direction',(-1.,0.,0.)) ;
#3785=DIRECTION('Vector Direction',(-1.,0.,0.)) ;
#3792=DIRECTION('Axis2P3D Direction',(-1.,0.,0.)) ;
#3804=DIRECTION('Axis2P3D Direction',(0.,-0.258819045103,-0.965925826289)) ;
#3805=DIRECTION('Axis2P3D XDirection',(0.,0.965925826289,-0.258819045103)) ;
#3809=DIRECTION('Vector Direction',(0.,0.965925826289,-0.258819045103)) ;
#3816=DIRECTION('Vector Direction',(1.,0.,0.)) ;
#3823=DIRECTION('Vector Direction',(0.,0.965925826289,-0.258819045103)) ;
#3835=DIRECTION('Axis2P3D Direction',(-1.,0.,0.)) ;
#3836=DIRECTION('Axis2P3D XDirection',(0.,0.258819045103,0.965925826289)) ;
#3840=DIRECTION('Axis2P3D Direction',(-1.,0.,0.)) ;
#3847=DIRECTION('Axis2P3D Direction',(-1.,0.,0.)) ;
#3854=DIRECTION('Vector Direction',(-1.,0.,0.)) ;
#3866=DIRECTION('Axis2P3D Direction',(0.,-1.,0.)) ;
#3867=DIRECTION('Axis2P3D XDirection',(0.,0.,-1.)) ;
#3871=DIRECTION('Vector Direction',(0.,0.,-1.)) ;
#3878=DIRECTION('Vector Direction',(1.,0.,0.)) ;
#3885=DIRECTION('Vector Direction',(0.,0.,-1.)) ;
#3897=DIRECTION('Axis2P3D Direction',(-1.,0.,0.)) ;
#3898=DIRECTION('Axis2P3D XDirection',(-0.,1.,-1.20980294964E-015)) ;
#3902=DIRECTION('Axis2P3D Direction',(-1.,0.,0.)) ;
#3909=DIRECTION('Axis2P3D Direction',(-1.,0.,0.)) ;
#3916=DIRECTION('Vector Direction',(-1.,0.,0.)) ;
#3928=DIRECTION('Axis2P3D Direction',(0.,0.258819045103,-0.965925826289)) ;
#3929=DIRECTION('Axis2P3D XDirection',(0.,0.965925826289,0.258819045103)) ;
#3933=DIRECTION('Vector Direction',(0.,0.965925826289,0.258819045103)) ;
#3940=DIRECTION('Vector Direction',(0.,0.965925826289,0.258819045103)) ;
#3947=DIRECTION('Vector Direction',(1.,0.,0.)) ;
#3959=DIRECTION('Axis2P3D Direction',(-1.,0.,0.)) ;
#3960=DIRECTION('Axis2P3D XDirection',(0.,-1.,0.)) ;
#3964=DIRECTION('Axis2P3D Direction',(-1.,0.,0.)) ;
#3971=DIRECTION('Vector Direction',(-1.,0.,0.)) ;
#3978=DIRECTION('Axis2P3D Direction',(-1.,0.,0.)) ;
#3990=DIRECTION('Vector Direction',(0.,0.,1.)) ;
#3997=DIRECTION('Vector Direction',(0.,0.,1.)) ;
#4004=DIRECTION('Vector Direction',(1.,0.,0.)) ;
#4016=DIRECTION('Axis2P3D Direction',(-1.,0.,0.)) ;
#4017=DIRECTION('Axis2P3D XDirection',(-0.,1.,-2.54207057919E-015)) ;
#4021=DIRECTION('Axis2P3D Direction',(-1.,0.,0.)) ;
#4028=DIRECTION('Axis2P3D Direction',(-1.,0.,0.)) ;
#4035=DIRECTION('Vector Direction',(-1.,0.,0.)) ;
#4047=DIRECTION('Vector Direction',(0.,1.,0.)) ;
#4054=DIRECTION('Vector Direction',(0.,1.,0.)) ;
#4061=DIRECTION('Vector Direction',(1.,0.,0.)) ;
#4073=DIRECTION('Axis2P3D Direction',(-1.,0.,0.)) ;
#4074=DIRECTION('Axis2P3D XDirection',(-0.,1.83697019872E-016,-1.)) ;
#4078=DIRECTION('Axis2P3D Direction',(-1.,0.,0.)) ;
#4085=DIRECTION('Axis2P3D Direction',(-1.,0.,0.)) ;
#4092=DIRECTION('Vector Direction',(-1.,0.,0.)) ;
#4104=DIRECTION('Vector Direction',(0.,0.,1.)) ;
#4111=DIRECTION('Vector Direction',(1.,0.,0.)) ;
#4118=DIRECTION('Vector Direction',(0.,0.,1.)) ;
#4130=DIRECTION('Axis2P3D Direction',(-1.,0.,0.)) ;
#4131=DIRECTION('Axis2P3D XDirection',(0.,0.780868809443,0.624695047554)) ;
#4135=DIRECTION('Axis2P3D Direction',(-1.,0.,0.)) ;
#4142=DIRECTION('Vector Direction',(-1.,0.,0.)) ;
#4149=DIRECTION('Axis2P3D Direction',(-1.,0.,0.)) ;
#4161=DIRECTION('Axis2P3D Direction',(0.,-0.780868809443,-0.624695047554)) ;
#4162=DIRECTION('Axis2P3D XDirection',(0.,0.624695047554,-0.780868809443)) ;
#4166=DIRECTION('Vector Direction',(0.,0.624695047554,-0.780868809443)) ;
#4173=DIRECTION('Vector Direction',(-1.,0.,0.)) ;
#4178=DIRECTION('Vector Direction',(1.,0.,0.)) ;
#4183=DIRECTION('Vector Direction',(-1.,0.,0.)) ;
#4190=DIRECTION('Vector Direction',(0.,0.624695047554,-0.780868809443)) ;
#4206=DIRECTION('Axis2P3D Direction',(-1.,0.,0.)) ;
#4207=DIRECTION('Axis2P3D XDirection',(0.,-6.12323399574E-017,1.)) ;
#4211=DIRECTION('Vector Direction',(-1.,0.,0.)) ;
#4230=DIRECTION('Axis2P3D Direction',(-1.,-0.,0.)) ;
#4231=DIRECTION('Axis2P3D XDirection',(0.,-0.768221279597,-0.640184399664)) ;
#4235=DIRECTION('Axis2P3D Direction',(-1.,-0.,0.)) ;
#4244=DIRECTION('Vector Direction',(-1.,0.,0.)) ;
#4249=DIRECTION('Vector Direction',(-1.,0.,0.)) ;
#4261=DIRECTION('Axis2P3D Direction',(0.,-0.768221279597,-0.640184399664)) ;
#4262=DIRECTION('Axis2P3D XDirection',(0.,0.640184399664,-0.768221279597)) ;
#4266=DIRECTION('Vector Direction',(0.,0.640184399664,-0.768221279597)) ;
#4273=DIRECTION('Vector Direction',(1.,0.,0.)) ;
#4285=DIRECTION('Axis2P3D Direction',(-1.,-0.,-0.)) ;
#4286=DIRECTION('Axis2P3D XDirection',(0.,0.,-1.)) ;
#4290=DIRECTION('Axis2P3D Direction',(-1.,-0.,-0.)) ;
#4297=DIRECTION('Vector Direction',(-1.,0.,0.)) ;
#4309=DIRECTION('Vector Direction',(1.,0.,0.)) ;
#4316=DIRECTION('Vector Direction',(0.,-1.,0.)) ;
#4328=DIRECTION('Axis2P3D Direction',(-1.,0.,0.)) ;
#4329=DIRECTION('Axis2P3D XDirection',(-0.,0.997037030524,-0.0769230769231)) ;
#4333=DIRECTION('Axis2P3D Direction',(-1.,0.,0.)) ;
#4340=DIRECTION('Vector Direction',(-1.,0.,0.)) ;
#4352=DIRECTION('Axis2P3D Direction',(-1.,0.,0.)) ;
#4353=DIRECTION('Axis2P3D XDirection',(0.,-0.997037030524,0.0769230769231)) ;
#4357=DIRECTION('Axis2P3D Direction',(-1.,0.,0.)) ;
#4364=DIRECTION('Axis2P3D Direction',(-1.,0.,0.)) ;
#4371=DIRECTION('Vector Direction',(-1.,0.,0.)) ;
#4385=DIRECTION('Axis2P3D Direction',(-1.,0.,0.)) ;
#4386=DIRECTION('Axis2P3D XDirection',(-0.,1.83697019872E-016,-1.)) ;
#4390=DIRECTION('Vector Direction',(-1.,0.,0.)) ;
#4397=DIRECTION('Vector Direction',(-1.,0.,0.)) ;
#4404=DIRECTION('Axis2P3D Direction',(-1.,0.,0.)) ;
#4411=DIRECTION('Axis2P3D Direction',(-1.,0.,0.)) ;
#4425=DIRECTION('Axis2P3D Direction',(-1.,0.,0.)) ;
#4426=DIRECTION('Axis2P3D XDirection',(0.,-5.05321549807E-016,1.)) ;
#4430=DIRECTION('Axis2P3D Direction',(-1.,0.,0.)) ;
#4437=DIRECTION('Vector Direction',(-1.,0.,0.)) ;
#4449=DIRECTION('Vector Direction',(1.,0.,0.)) ;
#4456=DIRECTION('Vector Direction',(0.,1.,0.)) ;
#4468=DIRECTION('Axis2P3D Direction',(-1.,0.,0.)) ;
#4469=DIRECTION('Axis2P3D XDirection',(0.,-0.768221279597,0.640184399664)) ;
#4473=DIRECTION('Axis2P3D Direction',(-1.,0.,0.)) ;
#4480=DIRECTION('Vector Direction',(-1.,0.,0.)) ;
#4492=DIRECTION('Axis2P3D Direction',(0.,-0.768221279597,0.640184399664)) ;
#4493=DIRECTION('Axis2P3D XDirection',(0.,-0.640184399664,-0.768221279597)) ;
#4497=DIRECTION('Vector Direction',(0.,-0.640184399664,-0.768221279597)) ;
#4504=DIRECTION('Vector Direction',(1.,0.,0.)) ;
#4516=DIRECTION('Axis2P3D Direction',(-1.,0.,0.)) ;
#4517=DIRECTION('Axis2P3D XDirection',(0.,-1.,0.)) ;
#4521=DIRECTION('Axis2P3D Direction',(-1.,0.,0.)) ;
#4528=DIRECTION('Vector Direction',(-1.,0.,0.)) ;
#4540=DIRECTION('Axis2P3D Direction',(0.,-1.,0.)) ;
#4541=DIRECTION('Axis2P3D XDirection',(0.,0.,-1.)) ;
#4545=DIRECTION('Vector Direction',(0.,0.,-1.)) ;
#4557=DIRECTION('Axis2P3D Direction',(-1.,0.,0.)) ;
#4558=DIRECTION('Axis2P3D XDirection',(0.,-1.,0.)) ;
#4562=DIRECTION('Axis2P3D Direction',(-1.,0.,0.)) ;
#4571=DIRECTION('Vector Direction',(-1.,0.,0.)) ;
#4578=DIRECTION('Axis2P3D Direction',(-1.,0.,0.)) ;
#4585=DIRECTION('Vector Direction',(-1.,0.,0.)) ;
#4597=DIRECTION('Axis2P3D Direction',(-1.,0.,0.)) ;
#4602=DIRECTION('Axis2P3D Direction',(-1.,0.,0.)) ;
#4614=DIRECTION('Axis2P3D Direction',(-1.,0.,0.)) ;
#4615=DIRECTION('Axis2P3D XDirection',(0.,-1.,0.)) ;
#4619=DIRECTION('Axis2P3D Direction',(-1.,0.,0.)) ;
#4628=DIRECTION('Vector Direction',(-1.,0.,0.)) ;
#4635=DIRECTION('Axis2P3D Direction',(-1.,0.,0.)) ;
#4642=DIRECTION('Vector Direction',(-1.,0.,0.)) ;
#4654=DIRECTION('Axis2P3D Direction',(-1.,0.,0.)) ;
#4659=DIRECTION('Axis2P3D Direction',(-1.,0.,0.)) ;
#4671=DIRECTION('Axis2P3D Direction',(0.,0.,1.)) ;
#4672=DIRECTION('Axis2P3D XDirection',(1.,0.,0.)) ;
#4676=DIRECTION('Vector Direction',(0.,0.,1.)) ;
#4688=DIRECTION('Axis2P3D Direction',(0.,0.,1.)) ;
#4689=DIRECTION('Axis2P3D XDirection',(1.,0.,0.)) ;
#4693=DIRECTION('Vector Direction',(0.,0.,1.)) ;
#4705=DIRECTION('Axis2P3D Direction',(0.,0.,-1.)) ;
#4706=DIRECTION('Axis2P3D XDirection',(-1.,-1.22464679915E-016,0.)) ;
#4710=DIRECTION('Vector Direction',(0.,0.,-1.)) ;
#4722=DIRECTION('Axis2P3D Direction',(-0.,1.,0.)) ;
#4723=DIRECTION('Axis2P3D XDirection',(1.,0.,0.)) ;
#4727=DIRECTION('Vector Direction',(0.,0.,-1.)) ;
#4739=DIRECTION('Axis2P3D Direction',(0.,0.,-1.)) ;
#4740=DIRECTION('Axis2P3D XDirection',(6.12323399574E-017,-1.,0.)) ;
#4744=DIRECTION('Vector Direction',(0.,0.,-1.)) ;
#4763=DIRECTION('Vector Direction',(0.,0.,-1.)) ;
#4768=DIRECTION('Vector Direction',(0.,0.,-1.)) ;
#4787=DIRECTION('Vector Direction',(0.,0.,-1.)) ;
#4799=DIRECTION('Vector Direction',(0.,0.,-1.)) ;
#4822=DIRECTION('Axis2P3D Direction',(1.,0.,0.)) ;
#4823=DIRECTION('Axis2P3D XDirection',(0.,1.,0.)) ;
#4827=DIRECTION('Vector Direction',(1.,0.,0.)) ;
#4836=DIRECTION('Axis2P3D Direction',(1.,0.,0.)) ;
#4843=DIRECTION('Vector Direction',(1.,0.,0.)) ;
#4850=DIRECTION('Axis2P3D Direction',(1.,0.,0.)) ;
#4870=DIRECTION('Axis2P3D Direction',(1.,0.,0.)) ;
#4875=DIRECTION('Axis2P3D Direction',(1.,0.,0.)) ;
#4888=DIRECTION('Axis2P3D Direction',(1.,0.,0.)) ;
#4889=DIRECTION('Axis2P3D XDirection',(0.,1.,0.)) ;
#4893=DIRECTION('Vector Direction',(1.,0.,0.)) ;
#4902=DIRECTION('Axis2P3D Direction',(1.,0.,0.)) ;
#4909=DIRECTION('Vector Direction',(1.,0.,0.)) ;
#4916=DIRECTION('Axis2P3D Direction',(1.,0.,0.)) ;
#4929=DIRECTION('Axis2P3D Direction',(1.,0.,0.)) ;
#4934=DIRECTION('Axis2P3D Direction',(1.,0.,0.)) ;
#4947=DIRECTION('Axis2P3D Direction',(1.,0.,0.)) ;
#4948=DIRECTION('Axis2P3D XDirection',(0.,1.,0.)) ;
#4952=DIRECTION('Vector Direction',(1.,0.,0.)) ;
#4961=DIRECTION('Axis2P3D Direction',(1.,0.,0.)) ;
#4968=DIRECTION('Vector Direction',(1.,0.,0.)) ;
#4975=DIRECTION('Axis2P3D Direction',(1.,0.,0.)) ;
#4988=DIRECTION('Axis2P3D Direction',(1.,0.,0.)) ;
#4993=DIRECTION('Axis2P3D Direction',(1.,0.,0.)) ;
#5006=DIRECTION('Axis2P3D Direction',(1.,0.,0.)) ;
#5007=DIRECTION('Axis2P3D XDirection',(0.,1.,0.)) ;
#5011=DIRECTION('Vector Direction',(1.,0.,0.)) ;
#5020=DIRECTION('Axis2P3D Direction',(1.,0.,0.)) ;
#5027=DIRECTION('Vector Direction',(1.,0.,0.)) ;
#5034=DIRECTION('Axis2P3D Direction',(1.,0.,0.)) ;
#5047=DIRECTION('Axis2P3D Direction',(1.,0.,0.)) ;
#5052=DIRECTION('Axis2P3D Direction',(1.,0.,0.)) ;
#5065=DIRECTION('Axis2P3D Direction',(1.,0.,0.)) ;
#5066=DIRECTION('Axis2P3D XDirection',(0.,1.,0.)) ;
#5070=DIRECTION('Vector Direction',(1.,0.,0.)) ;
#5079=DIRECTION('Axis2P3D Direction',(1.,0.,0.)) ;
#5086=DIRECTION('Vector Direction',(1.,0.,0.)) ;
#5093=DIRECTION('Axis2P3D Direction',(1.,0.,0.)) ;
#5106=DIRECTION('Axis2P3D Direction',(1.,0.,0.)) ;
#5111=DIRECTION('Axis2P3D Direction',(1.,0.,0.)) ;
#5124=DIRECTION('Axis2P3D Direction',(1.,0.,0.)) ;
#5125=DIRECTION('Axis2P3D XDirection',(0.,1.,0.)) ;
#5129=DIRECTION('Vector Direction',(1.,0.,0.)) ;
#5138=DIRECTION('Axis2P3D Direction',(1.,0.,0.)) ;
#5145=DIRECTION('Vector Direction',(1.,0.,0.)) ;
#5152=DIRECTION('Axis2P3D Direction',(1.,0.,0.)) ;
#5165=DIRECTION('Axis2P3D Direction',(1.,0.,0.)) ;
#5170=DIRECTION('Axis2P3D Direction',(1.,0.,0.)) ;
#5183=DIRECTION('Axis2P3D Direction',(1.,0.,0.)) ;
#5184=DIRECTION('Axis2P3D XDirection',(0.,1.,0.)) ;
#5188=DIRECTION('Vector Direction',(1.,0.,0.)) ;
#5197=DIRECTION('Axis2P3D Direction',(1.,0.,0.)) ;
#5204=DIRECTION('Vector Direction',(1.,0.,0.)) ;
#5211=DIRECTION('Axis2P3D Direction',(1.,0.,0.)) ;
#5224=DIRECTION('Axis2P3D Direction',(1.,0.,0.)) ;
#5229=DIRECTION('Axis2P3D Direction',(1.,0.,0.)) ;
#5242=DIRECTION('Axis2P3D Direction',(1.,0.,0.)) ;
#5243=DIRECTION('Axis2P3D XDirection',(0.,1.,0.)) ;
#5247=DIRECTION('Vector Direction',(1.,0.,0.)) ;
#5256=DIRECTION('Axis2P3D Direction',(1.,0.,0.)) ;
#5263=DIRECTION('Vector Direction',(1.,0.,0.)) ;
#5270=DIRECTION('Axis2P3D Direction',(1.,0.,0.)) ;
#5283=DIRECTION('Axis2P3D Direction',(1.,0.,0.)) ;
#5288=DIRECTION('Axis2P3D Direction',(1.,0.,0.)) ;
#5301=DIRECTION('Axis2P3D Direction',(1.,0.,0.)) ;
#5302=DIRECTION('Axis2P3D XDirection',(0.,1.,0.)) ;
#5306=DIRECTION('Vector Direction',(1.,0.,0.)) ;
#5315=DIRECTION('Axis2P3D Direction',(1.,0.,0.)) ;
#5322=DIRECTION('Vector Direction',(1.,0.,0.)) ;
#5329=DIRECTION('Axis2P3D Direction',(1.,0.,0.)) ;
#5342=DIRECTION('Axis2P3D Direction',(1.,0.,0.)) ;
#5347=DIRECTION('Axis2P3D Direction',(1.,0.,0.)) ;
#5360=DIRECTION('Axis2P3D Direction',(1.,0.,0.)) ;
#5361=DIRECTION('Axis2P3D XDirection',(0.,1.,0.)) ;
#5365=DIRECTION('Vector Direction',(1.,0.,0.)) ;
#5374=DIRECTION('Axis2P3D Direction',(1.,0.,0.)) ;
#5381=DIRECTION('Vector Direction',(1.,0.,0.)) ;
#5388=DIRECTION('Axis2P3D Direction',(1.,0.,0.)) ;
#5401=DIRECTION('Axis2P3D Direction',(1.,0.,0.)) ;
#5406=DIRECTION('Axis2P3D Direction',(1.,0.,0.)) ;
#5419=DIRECTION('Axis2P3D Direction',(1.,0.,0.)) ;
#5420=DIRECTION('Axis2P3D XDirection',(0.,1.,0.)) ;
#5424=DIRECTION('Vector Direction',(1.,0.,0.)) ;
#5433=DIRECTION('Axis2P3D Direction',(1.,0.,0.)) ;
#5440=DIRECTION('Vector Direction',(1.,0.,0.)) ;
#5447=DIRECTION('Axis2P3D Direction',(1.,0.,0.)) ;
#5460=DIRECTION('Axis2P3D Direction',(1.,0.,0.)) ;
#5465=DIRECTION('Axis2P3D Direction',(1.,0.,0.)) ;
#5478=DIRECTION('Axis2P3D Direction',(1.,0.,0.)) ;
#5479=DIRECTION('Axis2P3D XDirection',(0.,1.,0.)) ;
#5483=DIRECTION('Vector Direction',(1.,0.,0.)) ;
#5492=DIRECTION('Axis2P3D Direction',(1.,0.,0.)) ;
#5499=DIRECTION('Vector Direction',(1.,0.,0.)) ;
#5506=DIRECTION('Axis2P3D Direction',(1.,0.,0.)) ;
#5519=DIRECTION('Axis2P3D Direction',(1.,0.,0.)) ;
#5524=DIRECTION('Axis2P3D Direction',(1.,0.,0.)) ;
#5537=DIRECTION('Axis2P3D Direction',(1.,0.,0.)) ;
#5538=DIRECTION('Axis2P3D XDirection',(0.,1.,0.)) ;
#5542=DIRECTION('Vector Direction',(1.,0.,0.)) ;
#5551=DIRECTION('Axis2P3D Direction',(1.,0.,0.)) ;
#5558=DIRECTION('Vector Direction',(1.,0.,0.)) ;
#5565=DIRECTION('Axis2P3D Direction',(1.,0.,0.)) ;
#5578=DIRECTION('Axis2P3D Direction',(1.,0.,0.)) ;
#5583=DIRECTION('Axis2P3D Direction',(1.,0.,0.)) ;
#5596=DIRECTION('Axis2P3D Direction',(1.,0.,0.)) ;
#5597=DIRECTION('Axis2P3D XDirection',(0.,1.,0.)) ;
#5601=DIRECTION('Vector Direction',(1.,0.,0.)) ;
#5610=DIRECTION('Axis2P3D Direction',(1.,0.,0.)) ;
#5617=DIRECTION('Vector Direction',(1.,0.,0.)) ;
#5624=DIRECTION('Axis2P3D Direction',(1.,0.,0.)) ;
#5637=DIRECTION('Axis2P3D Direction',(1.,0.,0.)) ;
#5642=DIRECTION('Axis2P3D Direction',(1.,0.,0.)) ;
#5655=DIRECTION('Axis2P3D Direction',(1.,0.,0.)) ;
#5656=DIRECTION('Axis2P3D XDirection',(0.,1.,0.)) ;
#5660=DIRECTION('Vector Direction',(1.,0.,0.)) ;
#5669=DIRECTION('Axis2P3D Direction',(1.,0.,0.)) ;
#5676=DIRECTION('Vector Direction',(1.,0.,0.)) ;
#5683=DIRECTION('Axis2P3D Direction',(1.,0.,0.)) ;
#5696=DIRECTION('Axis2P3D Direction',(1.,0.,0.)) ;
#5701=DIRECTION('Axis2P3D Direction',(1.,0.,0.)) ;
#5714=DIRECTION('Axis2P3D Direction',(1.,0.,0.)) ;
#5715=DIRECTION('Axis2P3D XDirection',(0.,1.,0.)) ;
#5719=DIRECTION('Vector Direction',(1.,0.,0.)) ;
#5728=DIRECTION('Axis2P3D Direction',(1.,0.,0.)) ;
#5735=DIRECTION('Vector Direction',(1.,0.,0.)) ;
#5742=DIRECTION('Axis2P3D Direction',(1.,0.,0.)) ;
#5755=DIRECTION('Axis2P3D Direction',(1.,0.,0.)) ;
#5760=DIRECTION('Axis2P3D Direction',(1.,0.,0.)) ;
#5773=DIRECTION('Axis2P3D Direction',(1.,0.,0.)) ;
#5774=DIRECTION('Axis2P3D XDirection',(0.,1.,0.)) ;
#5778=DIRECTION('Vector Direction',(1.,0.,0.)) ;
#5787=DIRECTION('Axis2P3D Direction',(1.,0.,0.)) ;
#5794=DIRECTION('Vector Direction',(1.,0.,0.)) ;
#5801=DIRECTION('Axis2P3D Direction',(1.,0.,0.)) ;
#5814=DIRECTION('Axis2P3D Direction',(1.,0.,0.)) ;
#5819=DIRECTION('Axis2P3D Direction',(1.,0.,0.)) ;
#5832=DIRECTION('Axis2P3D Direction',(1.,0.,0.)) ;
#5833=DIRECTION('Axis2P3D XDirection',(-0.,-1.,-3.21624529935E-016)) ;
#5837=DIRECTION('Vector Direction',(1.,0.,0.)) ;
#5846=DIRECTION('Axis2P3D Direction',(1.,0.,0.)) ;
#5853=DIRECTION('Vector Direction',(1.,0.,0.)) ;
#5860=DIRECTION('Axis2P3D Direction',(1.,0.,0.)) ;
#5873=DIRECTION('Axis2P3D Direction',(0.,-1.,0.)) ;
#5874=DIRECTION('Axis2P3D XDirection',(0.,0.,-1.)) ;
#5878=DIRECTION('Vector Direction',(0.,0.,-1.)) ;
#5885=DIRECTION('Vector Direction',(1.,0.,0.)) ;
#5892=DIRECTION('Vector Direction',(0.,0.,-1.)) ;
#5905=DIRECTION('Axis2P3D Direction',(1.,0.,0.)) ;
#5906=DIRECTION('Axis2P3D XDirection',(0.,1.,0.)) ;
#5910=DIRECTION('Vector Direction',(1.,0.,0.)) ;
#5919=DIRECTION('Axis2P3D Direction',(1.,0.,0.)) ;
#5924=DIRECTION('Axis2P3D Direction',(1.,0.,0.)) ;
#5937=DIRECTION('Axis2P3D Direction',(0.,1.,0.)) ;
#5938=DIRECTION('Axis2P3D XDirection',(0.,0.,1.)) ;
#5942=DIRECTION('Vector Direction',(0.,0.,1.)) ;
#5947=DIRECTION('Vector Direction',(0.,0.,1.)) ;
#5960=DIRECTION('Axis2P3D Direction',(1.,0.,0.)) ;
#5961=DIRECTION('Axis2P3D XDirection',(0.,1.,-5.57399987803E-015)) ;
#5965=DIRECTION('Vector Direction',(1.,0.,0.)) ;
#5974=DIRECTION('Axis2P3D Direction',(1.,0.,0.)) ;
#5981=DIRECTION('Vector Direction',(1.,0.,0.)) ;
#5988=DIRECTION('Axis2P3D Direction',(1.,0.,0.)) ;
#6001=DIRECTION('Vector Direction',(0.,0.,1.)) ;
#6008=DIRECTION('Vector Direction',(1.,0.,0.)) ;
#6015=DIRECTION('Vector Direction',(0.,0.,1.)) ;
#6028=DIRECTION('Axis2P3D Direction',(1.,0.,0.)) ;
#6029=DIRECTION('Axis2P3D XDirection',(0.,-1.,6.33971361782E-015)) ;
#6033=DIRECTION('Vector Direction',(1.,0.,0.)) ;
#6042=DIRECTION('Axis2P3D Direction',(1.,0.,0.)) ;
#6047=DIRECTION('Axis2P3D Direction',(1.,0.,0.)) ;
#6060=DIRECTION('Vector Direction',(0.,0.,-1.)) ;
#6065=DIRECTION('Vector Direction',(0.,0.,-1.)) ;
#6078=DIRECTION('Axis2P3D Direction',(-1.,0.,0.)) ;
#6079=DIRECTION('Axis2P3D XDirection',(0.,-1.,0.)) ;
#6083=DIRECTION('Vector Direction',(-1.,0.,0.)) ;
#6092=DIRECTION('Axis2P3D Direction',(-1.,0.,0.)) ;
#6099=DIRECTION('Vector Direction',(-1.,0.,0.)) ;
#6106=DIRECTION('Axis2P3D Direction',(-1.,0.,0.)) ;
#6119=DIRECTION('Axis2P3D Direction',(-1.,0.,0.)) ;
#6124=DIRECTION('Axis2P3D Direction',(-1.,0.,0.)) ;
#6137=DIRECTION('Axis2P3D Direction',(-1.,0.,0.)) ;
#6138=DIRECTION('Axis2P3D XDirection',(0.,-1.,0.)) ;
#6142=DIRECTION('Vector Direction',(-1.,0.,0.)) ;
#6151=DIRECTION('Axis2P3D Direction',(-1.,0.,0.)) ;
#6158=DIRECTION('Vector Direction',(-1.,0.,0.)) ;
#6165=DIRECTION('Axis2P3D Direction',(-1.,0.,0.)) ;
#6178=DIRECTION('Axis2P3D Direction',(-1.,0.,0.)) ;
#6183=DIRECTION('Axis2P3D Direction',(-1.,0.,0.)) ;
#6196=DIRECTION('Axis2P3D Direction',(-1.,0.,0.)) ;
#6197=DIRECTION('Axis2P3D XDirection',(0.,-1.,0.)) ;
#6201=DIRECTION('Vector Direction',(-1.,0.,0.)) ;
#6210=DIRECTION('Axis2P3D Direction',(-1.,0.,0.)) ;
#6217=DIRECTION('Vector Direction',(-1.,0.,0.)) ;
#6224=DIRECTION('Axis2P3D Direction',(-1.,0.,0.)) ;
#6237=DIRECTION('Axis2P3D Direction',(-1.,0.,0.)) ;
#6242=DIRECTION('Axis2P3D Direction',(-1.,0.,0.)) ;
#6255=DIRECTION('Axis2P3D Direction',(-1.,0.,0.)) ;
#6256=DIRECTION('Axis2P3D XDirection',(0.,-1.,0.)) ;
#6260=DIRECTION('Vector Direction',(-1.,0.,0.)) ;
#6269=DIRECTION('Axis2P3D Direction',(-1.,0.,0.)) ;
#6276=DIRECTION('Vector Direction',(-1.,0.,0.)) ;
#6283=DIRECTION('Axis2P3D Direction',(-1.,0.,0.)) ;
#6296=DIRECTION('Axis2P3D Direction',(-1.,0.,0.)) ;
#6301=DIRECTION('Axis2P3D Direction',(-1.,0.,0.)) ;
#6314=DIRECTION('Axis2P3D Direction',(-1.,0.,0.)) ;
#6315=DIRECTION('Axis2P3D XDirection',(0.,-1.,0.)) ;
#6319=DIRECTION('Vector Direction',(-1.,0.,0.)) ;
#6328=DIRECTION('Axis2P3D Direction',(-1.,0.,0.)) ;
#6335=DIRECTION('Vector Direction',(-1.,0.,0.)) ;
#6342=DIRECTION('Axis2P3D Direction',(-1.,0.,0.)) ;
#6355=DIRECTION('Axis2P3D Direction',(-1.,0.,0.)) ;
#6360=DIRECTION('Axis2P3D Direction',(-1.,0.,0.)) ;
#6373=DIRECTION('Axis2P3D Direction',(-1.,0.,0.)) ;
#6374=DIRECTION('Axis2P3D XDirection',(0.,-1.,0.)) ;
#6378=DIRECTION('Vector Direction',(-1.,0.,0.)) ;
#6387=DIRECTION('Axis2P3D Direction',(-1.,0.,0.)) ;
#6394=DIRECTION('Vector Direction',(-1.,0.,0.)) ;
#6401=DIRECTION('Axis2P3D Direction',(-1.,0.,0.)) ;
#6414=DIRECTION('Axis2P3D Direction',(-1.,0.,0.)) ;
#6419=DIRECTION('Axis2P3D Direction',(-1.,0.,0.)) ;
#6432=DIRECTION('Axis2P3D Direction',(-1.,0.,0.)) ;
#6433=DIRECTION('Axis2P3D XDirection',(0.,-1.,0.)) ;
#6437=DIRECTION('Vector Direction',(-1.,0.,0.)) ;
#6446=DIRECTION('Axis2P3D Direction',(-1.,0.,0.)) ;
#6453=DIRECTION('Vector Direction',(-1.,0.,0.)) ;
#6460=DIRECTION('Axis2P3D Direction',(-1.,0.,0.)) ;
#6473=DIRECTION('Axis2P3D Direction',(-1.,0.,0.)) ;
#6478=DIRECTION('Axis2P3D Direction',(-1.,0.,0.)) ;
#6491=DIRECTION('Axis2P3D Direction',(-1.,0.,0.)) ;
#6492=DIRECTION('Axis2P3D XDirection',(0.,-1.,0.)) ;
#6496=DIRECTION('Vector Direction',(-1.,0.,0.)) ;
#6505=DIRECTION('Axis2P3D Direction',(-1.,0.,0.)) ;
#6512=DIRECTION('Vector Direction',(-1.,0.,0.)) ;
#6519=DIRECTION('Axis2P3D Direction',(-1.,0.,0.)) ;
#6532=DIRECTION('Axis2P3D Direction',(-1.,0.,0.)) ;
#6537=DIRECTION('Axis2P3D Direction',(-1.,0.,0.)) ;
#6550=DIRECTION('Axis2P3D Direction',(-1.,0.,0.)) ;
#6551=DIRECTION('Axis2P3D XDirection',(0.,-1.,0.)) ;
#6555=DIRECTION('Vector Direction',(-1.,0.,0.)) ;
#6564=DIRECTION('Axis2P3D Direction',(-1.,0.,0.)) ;
#6571=DIRECTION('Vector Direction',(-1.,0.,0.)) ;
#6578=DIRECTION('Axis2P3D Direction',(-1.,0.,0.)) ;
#6591=DIRECTION('Axis2P3D Direction',(-1.,0.,0.)) ;
#6596=DIRECTION('Axis2P3D Direction',(-1.,0.,0.)) ;
#6609=DIRECTION('Axis2P3D Direction',(-1.,0.,0.)) ;
#6610=DIRECTION('Axis2P3D XDirection',(0.,-1.,0.)) ;
#6614=DIRECTION('Vector Direction',(-1.,0.,0.)) ;
#6623=DIRECTION('Axis2P3D Direction',(-1.,0.,0.)) ;
#6630=DIRECTION('Vector Direction',(-1.,0.,0.)) ;
#6637=DIRECTION('Axis2P3D Direction',(-1.,0.,0.)) ;
#6650=DIRECTION('Axis2P3D Direction',(-1.,0.,0.)) ;
#6655=DIRECTION('Axis2P3D Direction',(-1.,0.,0.)) ;
#6668=DIRECTION('Axis2P3D Direction',(-1.,0.,0.)) ;
#6669=DIRECTION('Axis2P3D XDirection',(0.,-1.,0.)) ;
#6673=DIRECTION('Vector Direction',(-1.,0.,0.)) ;
#6682=DIRECTION('Axis2P3D Direction',(-1.,0.,0.)) ;
#6689=DIRECTION('Vector Direction',(-1.,0.,0.)) ;
#6696=DIRECTION('Axis2P3D Direction',(-1.,0.,0.)) ;
#6709=DIRECTION('Axis2P3D Direction',(-1.,0.,0.)) ;
#6714=DIRECTION('Axis2P3D Direction',(-1.,0.,0.)) ;
#6727=DIRECTION('Axis2P3D Direction',(-1.,0.,0.)) ;
#6728=DIRECTION('Axis2P3D XDirection',(0.,-1.,0.)) ;
#6732=DIRECTION('Vector Direction',(-1.,0.,0.)) ;
#6741=DIRECTION('Axis2P3D Direction',(-1.,0.,0.)) ;
#6748=DIRECTION('Vector Direction',(-1.,0.,0.)) ;
#6755=DIRECTION('Axis2P3D Direction',(-1.,0.,0.)) ;
#6768=DIRECTION('Axis2P3D Direction',(-1.,0.,0.)) ;
#6773=DIRECTION('Axis2P3D Direction',(-1.,0.,0.)) ;
#6786=DIRECTION('Axis2P3D Direction',(-1.,0.,0.)) ;
#6787=DIRECTION('Axis2P3D XDirection',(0.,-1.,0.)) ;
#6791=DIRECTION('Vector Direction',(-1.,0.,0.)) ;
#6800=DIRECTION('Axis2P3D Direction',(-1.,0.,0.)) ;
#6807=DIRECTION('Vector Direction',(-1.,0.,0.)) ;
#6814=DIRECTION('Axis2P3D Direction',(-1.,0.,0.)) ;
#6827=DIRECTION('Axis2P3D Direction',(-1.,0.,0.)) ;
#6832=DIRECTION('Axis2P3D Direction',(-1.,0.,0.)) ;
#6845=DIRECTION('Axis2P3D Direction',(-1.,0.,0.)) ;
#6846=DIRECTION('Axis2P3D XDirection',(0.,-1.,0.)) ;
#6850=DIRECTION('Vector Direction',(-1.,0.,0.)) ;
#6859=DIRECTION('Axis2P3D Direction',(-1.,0.,0.)) ;
#6866=DIRECTION('Vector Direction',(-1.,0.,0.)) ;
#6873=DIRECTION('Axis2P3D Direction',(-1.,0.,0.)) ;
#6886=DIRECTION('Axis2P3D Direction',(-1.,0.,0.)) ;
#6891=DIRECTION('Axis2P3D Direction',(-1.,0.,0.)) ;
#6904=DIRECTION('Axis2P3D Direction',(-1.,0.,0.)) ;
#6905=DIRECTION('Axis2P3D XDirection',(0.,-1.,0.)) ;
#6909=DIRECTION('Vector Direction',(-1.,0.,0.)) ;
#6918=DIRECTION('Axis2P3D Direction',(-1.,0.,0.)) ;
#6925=DIRECTION('Vector Direction',(-1.,0.,0.)) ;
#6932=DIRECTION('Axis2P3D Direction',(-1.,0.,0.)) ;
#6945=DIRECTION('Axis2P3D Direction',(-1.,0.,0.)) ;
#6950=DIRECTION('Axis2P3D Direction',(-1.,0.,0.)) ;
#6963=DIRECTION('Axis2P3D Direction',(-1.,0.,0.)) ;
#6964=DIRECTION('Axis2P3D XDirection',(0.,-1.,0.)) ;
#6968=DIRECTION('Vector Direction',(-1.,0.,0.)) ;
#6977=DIRECTION('Axis2P3D Direction',(-1.,0.,0.)) ;
#6984=DIRECTION('Vector Direction',(-1.,0.,0.)) ;
#6991=DIRECTION('Axis2P3D Direction',(-1.,0.,0.)) ;
#7004=DIRECTION('Axis2P3D Direction',(-1.,0.,0.)) ;
#7009=DIRECTION('Axis2P3D Direction',(-1.,0.,0.)) ;
#7022=DIRECTION('Axis2P3D Direction',(-1.,0.,0.)) ;
#7023=DIRECTION('Axis2P3D XDirection',(0.,-1.,0.)) ;
#7027=DIRECTION('Vector Direction',(-1.,0.,0.)) ;
#7036=DIRECTION('Axis2P3D Direction',(-1.,0.,0.)) ;
#7043=DIRECTION('Vector Direction',(-1.,0.,0.)) ;
#7050=DIRECTION('Axis2P3D Direction',(-1.,0.,0.)) ;
#7063=DIRECTION('Axis2P3D Direction',(-1.,0.,0.)) ;
#7068=DIRECTION('Axis2P3D Direction',(-1.,0.,0.)) ;
#7081=DIRECTION('Axis2P3D Direction',(-1.,0.,0.)) ;
#7082=DIRECTION('Axis2P3D XDirection',(-0.,1.,-3.21624529935E-016)) ;
#7086=DIRECTION('Vector Direction',(-1.,0.,0.)) ;
#7095=DIRECTION('Axis2P3D Direction',(-1.,0.,0.)) ;
#7102=DIRECTION('Vector Direction',(-1.,0.,0.)) ;
#7109=DIRECTION('Axis2P3D Direction',(-1.,0.,0.)) ;
#7122=DIRECTION('Axis2P3D Direction',(0.,-1.,0.)) ;
#7123=DIRECTION('Axis2P3D XDirection',(0.,0.,-1.)) ;
#7127=DIRECTION('Vector Direction',(0.,0.,-1.)) ;
#7134=DIRECTION('Vector Direction',(1.,0.,0.)) ;
#7141=DIRECTION('Vector Direction',(0.,0.,-1.)) ;
#7154=DIRECTION('Axis2P3D Direction',(-1.,0.,0.)) ;
#7155=DIRECTION('Axis2P3D XDirection',(0.,-1.,0.)) ;
#7159=DIRECTION('Axis2P3D Direction',(-1.,0.,0.)) ;
#7166=DIRECTION('Vector Direction',(-1.,0.,0.)) ;
#7173=DIRECTION('Axis2P3D Direction',(-1.,0.,0.)) ;
#7186=DIRECTION('Axis2P3D Direction',(0.,1.,0.)) ;
#7187=DIRECTION('Axis2P3D XDirection',(0.,0.,1.)) ;
#7191=DIRECTION('Vector Direction',(0.,0.,1.)) ;
#7196=DIRECTION('Vector Direction',(0.,0.,1.)) ;
#7209=DIRECTION('Axis2P3D Direction',(-1.,0.,0.)) ;
#7210=DIRECTION('Axis2P3D XDirection',(0.,-1.,-5.57399987803E-015)) ;
#7214=DIRECTION('Vector Direction',(-1.,0.,0.)) ;
#7223=DIRECTION('Axis2P3D Direction',(-1.,0.,0.)) ;
#7230=DIRECTION('Vector Direction',(-1.,0.,0.)) ;
#7237=DIRECTION('Axis2P3D Direction',(-1.,0.,0.)) ;
#7250=DIRECTION('Vector Direction',(0.,0.,1.)) ;
#7257=DIRECTION('Vector Direction',(1.,0.,0.)) ;
#7264=DIRECTION('Vector Direction',(0.,0.,1.)) ;
#7277=DIRECTION('Axis2P3D Direction',(-1.,0.,0.)) ;
#7278=DIRECTION('Axis2P3D XDirection',(0.,1.,6.33971361782E-015)) ;
#7282=DIRECTION('Axis2P3D Direction',(-1.,0.,0.)) ;
#7289=DIRECTION('Vector Direction',(-1.,0.,0.)) ;
#7296=DIRECTION('Axis2P3D Direction',(-1.,0.,0.)) ;
#7309=DIRECTION('Vector Direction',(0.,0.,-1.)) ;
#7314=DIRECTION('Vector Direction',(0.,0.,-1.)) ;
#7327=DIRECTION('Axis2P3D Direction',(1.,0.,0.)) ;
#7328=DIRECTION('Axis2P3D XDirection',(0.,-1.04899068467E-015,1.)) ;
#7332=DIRECTION('Vector Direction',(1.,0.,0.)) ;
#7339=DIRECTION('Axis2P3D Direction',(1.,0.,0.)) ;
#7346=DIRECTION('Vector Direction',(1.,0.,0.)) ;
#7359=DIRECTION('Axis2P3D Direction',(0.,-1.,0.)) ;
#7360=DIRECTION('Axis2P3D XDirection',(0.,0.,-1.)) ;
#7364=DIRECTION('Vector Direction',(-1.,0.,0.)) ;
#7371=DIRECTION('Vector Direction',(0.,0.,-1.)) ;
#7384=DIRECTION('Axis2P3D Direction',(1.,0.,0.)) ;
#7385=DIRECTION('Axis2P3D XDirection',(0.,-1.,1.01064309961E-015)) ;
#7389=DIRECTION('Vector Direction',(1.,0.,0.)) ;
#7396=DIRECTION('Vector Direction',(1.,0.,0.)) ;
#7403=DIRECTION('Axis2P3D Direction',(1.,0.,0.)) ;
#7416=DIRECTION('Axis2P3D Direction',(-0.,0.,1.)) ;
#7417=DIRECTION('Axis2P3D XDirection',(0.,-1.,0.)) ;
#7421=DIRECTION('Vector Direction',(1.,0.,0.)) ;
#7428=DIRECTION('Vector Direction',(0.,-1.,0.)) ;
#7441=DIRECTION('Axis2P3D Direction',(1.,0.,0.)) ;
#7442=DIRECTION('Axis2P3D XDirection',(0.,7.04481399828E-016,-1.)) ;
#7446=DIRECTION('Vector Direction',(1.,0.,0.)) ;
#7453=DIRECTION('Axis2P3D Direction',(1.,0.,0.)) ;
#7466=DIRECTION('Axis2P3D Direction',(0.,1.,0.)) ;
#7467=DIRECTION('Axis2P3D XDirection',(0.,0.,1.)) ;
#7471=DIRECTION('Vector Direction',(-1.,0.,0.)) ;
#7478=DIRECTION('Vector Direction',(1.,0.,0.)) ;
#7485=DIRECTION('Vector Direction',(0.,0.,1.)) ;
#7498=DIRECTION('Axis2P3D Direction',(1.,0.,0.)) ;
#7499=DIRECTION('Axis2P3D XDirection',(0.,1.,0.)) ;
#7503=DIRECTION('Vector Direction',(1.,0.,0.)) ;
#7510=DIRECTION('Axis2P3D Direction',(1.,0.,0.)) ;
#7523=DIRECTION('Axis2P3D Direction',(0.,0.,-1.)) ;
#7524=DIRECTION('Axis2P3D XDirection',(0.,1.,0.)) ;
#7528=DIRECTION('Vector Direction',(0.,1.,0.)) ;
#7541=DIRECTION('Axis2P3D Direction',(1.,0.,0.)) ;
#7542=DIRECTION('Axis2P3D XDirection',(0.,1.,0.)) ;
#7546=DIRECTION('Axis2P3D Direction',(1.,0.,0.)) ;
#7551=DIRECTION('Axis2P3D Direction',(1.,0.,0.)) ;
#7558=DIRECTION('Vector Direction',(0.,1.,0.)) ;
#7563=DIRECTION('Vector Direction',(0.,1.,0.)) ;
#7570=DIRECTION('Axis2P3D Direction',(1.,0.,0.)) ;
#7575=DIRECTION('Axis2P3D Direction',(1.,0.,0.)) ;
#7644=DIRECTION('Axis2P3D Direction',(-1.,-0.,0.)) ;
#7645=DIRECTION('Axis2P3D XDirection',(0.,-1.,0.)) ;
#7649=DIRECTION('Vector Direction',(-1.,0.,0.)) ;
#7656=DIRECTION('Axis2P3D Direction',(-1.,-0.,0.)) ;
#7663=DIRECTION('Vector Direction',(-1.,0.,0.)) ;
#7676=DIRECTION('Axis2P3D Direction',(-1.,-0.,0.)) ;
#7689=DIRECTION('Axis2P3D Direction',(-1.,0.,0.)) ;
#7690=DIRECTION('Axis2P3D XDirection',(0.,-1.,0.)) ;
#7704=DIRECTION('Axis2P3D Direction',(-1.,-0.,0.)) ;
#7705=DIRECTION('Axis2P3D XDirection',(0.,-1.,0.)) ;
#7709=DIRECTION('Vector Direction',(-1.,0.,0.)) ;
#7716=DIRECTION('Axis2P3D Direction',(-1.,-0.,0.)) ;
#7723=DIRECTION('Vector Direction',(-1.,0.,0.)) ;
#7736=DIRECTION('Axis2P3D Direction',(-1.,-0.,0.)) ;
#7759=DIRECTION('Axis2P3D Direction',(-1.,-0.,0.)) ;
#7760=DIRECTION('Axis2P3D XDirection',(0.,-1.,0.)) ;
#7764=DIRECTION('Vector Direction',(-1.,0.,0.)) ;
#7771=DIRECTION('Axis2P3D Direction',(-1.,-0.,0.)) ;
#7778=DIRECTION('Vector Direction',(-1.,0.,0.)) ;
#7791=DIRECTION('Axis2P3D Direction',(-1.,-0.,0.)) ;
#7814=DIRECTION('Axis2P3D Direction',(-1.,-0.,0.)) ;
#7815=DIRECTION('Axis2P3D XDirection',(0.,-1.,0.)) ;
#7819=DIRECTION('Vector Direction',(-1.,0.,0.)) ;
#7826=DIRECTION('Axis2P3D Direction',(-1.,-0.,0.)) ;
#7833=DIRECTION('Vector Direction',(-1.,0.,0.)) ;
#7846=DIRECTION('Axis2P3D Direction',(-1.,-0.,0.)) ;
#7869=DIRECTION('Axis2P3D Direction',(0.,-1.,0.)) ;
#7870=DIRECTION('Axis2P3D XDirection',(1.,0.,0.)) ;
#7874=DIRECTION('Vector Direction',(0.,0.,1.)) ;
#7887=DIRECTION('Axis2P3D Direction',(1.,0.,0.)) ;
#7888=DIRECTION('Axis2P3D XDirection',(0.,1.,0.)) ;
#7997=DIRECTION('Axis2P3D Direction',(1.,0.,0.)) ;
#7998=DIRECTION('Axis2P3D XDirection',(0.,1.,0.)) ;
#8002=DIRECTION('Vector Direction',(0.,0.,1.)) ;
#8120=DIRECTION('Axis2P3D Direction',(0.,-1.,0.)) ;
#8121=DIRECTION('Axis2P3D XDirection',(1.,0.,0.)) ;
#8125=DIRECTION('Vector Direction',(0.,0.,1.)) ;
#8243=DIRECTION('Vector Direction',(0.,0.,1.)) ;
#8361=DIRECTION('Axis2P3D Direction',(0.,-0.,1.)) ;
#8362=DIRECTION('Axis2P3D XDirection',(0.,1.,0.)) ;
#8366=DIRECTION('Vector Direction',(-1.,0.,0.)) ;
#8371=DIRECTION('Vector Direction',(-1.,0.,0.)) ;
#8385=DIRECTION('Axis2P3D Direction',(-1.,-0.,0.)) ;
#8386=DIRECTION('Axis2P3D XDirection',(0.,-2.83276944882E-016,1.)) ;
#8397=DIRECTION('Axis2P3D Direction',(-1.,-0.,0.)) ;
#8398=DIRECTION('Axis2P3D XDirection',(-0.,0.997037030524,-0.0769230769231)) ;
#8402=DIRECTION('Vector Direction',(-1.,0.,0.)) ;
#8416=DIRECTION('Axis2P3D Direction',(-0.,-0.,-1.)) ;
#8417=DIRECTION('Axis2P3D XDirection',(0.,-1.,0.)) ;
#8421=DIRECTION('Vector Direction',(-1.,0.,0.)) ;
#8433=DIRECTION('Axis2P3D Direction',(-1.,-0.,0.)) ;
#8434=DIRECTION('Axis2P3D XDirection',(-0.,1.83697019872E-016,-1.)) ;
#8438=DIRECTION('Vector Direction',(-1.,0.,0.)) ;
#8450=DIRECTION('Axis2P3D Direction',(0.,-1.,0.)) ;
#8451=DIRECTION('Axis2P3D XDirection',(0.,0.,1.)) ;
#8455=DIRECTION('Vector Direction',(-1.,0.,0.)) ;
#8467=DIRECTION('Axis2P3D Direction',(-1.,-0.,0.)) ;
#8468=DIRECTION('Axis2P3D XDirection',(0.,-1.,7.1054273576E-016)) ;
#8479=DIRECTION('Axis2P3D Direction',(-1.,-0.,0.)) ;
#8480=DIRECTION('Axis2P3D XDirection',(0.,3.82856869893E-016,1.)) ;
#8484=DIRECTION('Vector Direction',(-1.,0.,0.)) ;
#8489=DIRECTION('Vector Direction',(-1.,0.,0.)) ;
#8501=DIRECTION('Axis2P3D Direction',(0.,1.,0.)) ;
#8502=DIRECTION('Axis2P3D XDirection',(0.,0.,-1.)) ;
#8506=DIRECTION('Vector Direction',(-1.,0.,0.)) ;
#8518=DIRECTION('Axis2P3D Direction',(-1.,-0.,0.)) ;
#8519=DIRECTION('Axis2P3D XDirection',(-0.,1.,-1.20980294964E-015)) ;
#8523=DIRECTION('Vector Direction',(-1.,0.,0.)) ;
#8535=DIRECTION('Axis2P3D Direction',(0.,-0.,1.)) ;
#8536=DIRECTION('Axis2P3D XDirection',(0.,1.,0.)) ;
#8540=DIRECTION('Vector Direction',(-1.,0.,0.)) ;
#8552=DIRECTION('Axis2P3D Direction',(-1.,-0.,0.)) ;
#8553=DIRECTION('Axis2P3D XDirection',(0.,-2.48083823923E-015,-1.)) ;
#8557=DIRECTION('Vector Direction',(-1.,0.,0.)) ;
#8569=DIRECTION('Vector Direction',(-1.,0.,0.)) ;
#8581=DIRECTION('Axis2P3D Direction',(-1.,-0.,0.)) ;
#8582=DIRECTION('Axis2P3D XDirection',(0.,-1.,0.)) ;
#8586=DIRECTION('Vector Direction',(-1.,0.,0.)) ;
#8598=DIRECTION('Axis2P3D Direction',(-0.,-0.,-1.)) ;
#8599=DIRECTION('Axis2P3D XDirection',(0.,-1.,0.)) ;
#8610=DIRECTION('Axis2P3D Direction',(1.,0.,0.)) ;
#8611=DIRECTION('Axis2P3D XDirection',(0.,-3.82856869893E-016,1.)) ;
#8615=DIRECTION('Vector Direction',(1.,0.,0.)) ;
#8620=DIRECTION('Vector Direction',(1.,0.,0.)) ;
#8632=DIRECTION('Axis2P3D Direction',(0.,1.,0.)) ;
#8633=DIRECTION('Axis2P3D XDirection',(0.,0.,-1.)) ;
#8637=DIRECTION('Vector Direction',(-1.,0.,0.)) ;
#8649=DIRECTION('Axis2P3D Direction',(1.,0.,0.)) ;
#8650=DIRECTION('Axis2P3D XDirection',(-0.,-1.,-1.20980294964E-015)) ;
#8654=DIRECTION('Vector Direction',(1.,0.,0.)) ;
#8666=DIRECTION('Vector Direction',(-1.,0.,0.)) ;
#8678=DIRECTION('Axis2P3D Direction',(1.,0.,0.)) ;
#8679=DIRECTION('Axis2P3D XDirection',(0.,2.48083823923E-015,-1.)) ;
#8683=DIRECTION('Vector Direction',(1.,0.,0.)) ;
#8695=DIRECTION('Axis2P3D Direction',(0.,-1.,0.)) ;
#8696=DIRECTION('Axis2P3D XDirection',(0.,0.,1.)) ;
#8700=DIRECTION('Vector Direction',(-1.,0.,0.)) ;
#8712=DIRECTION('Axis2P3D Direction',(1.,0.,0.)) ;
#8713=DIRECTION('Axis2P3D XDirection',(0.,1.,0.)) ;
#8717=DIRECTION('Vector Direction',(1.,0.,0.)) ;
#8736=DIRECTION('Vector Direction',(-1.,0.,0.)) ;
#8741=DIRECTION('Vector Direction',(-1.,0.,0.)) ;
#8755=DIRECTION('Axis2P3D Direction',(1.,0.,0.)) ;
#8756=DIRECTION('Axis2P3D XDirection',(0.,1.,7.1054273576E-016)) ;
#8760=DIRECTION('Vector Direction',(1.,0.,0.)) ;
#8772=DIRECTION('Axis2P3D Direction',(1.,0.,0.)) ;
#8773=DIRECTION('Axis2P3D XDirection',(0.,2.83276944882E-016,1.)) ;
#8784=DIRECTION('Axis2P3D Direction',(0.,-1.,0.)) ;
#8785=DIRECTION('Axis2P3D XDirection',(0.,0.,1.)) ;
#8789=DIRECTION('Vector Direction',(-1.,0.,0.)) ;
#8801=DIRECTION('Axis2P3D Direction',(1.,0.,0.)) ;
#8802=DIRECTION('Axis2P3D XDirection',(-0.,-0.997037030524,-0.0769230769231)) ;
#8806=DIRECTION('Vector Direction',(1.,0.,0.)) ;
#8820=DIRECTION('Vector Direction',(-1.,0.,0.)) ;
#8832=DIRECTION('Axis2P3D Direction',(1.,0.,0.)) ;
#8833=DIRECTION('Axis2P3D XDirection',(-0.,-1.83697019872E-016,-1.)) ;
#8844=DIRECTION('Axis2P3D Direction',(1.,0.,-0.)) ;
#8845=DIRECTION('Axis2P3D XDirection',(0.,0.87758256189,0.479425538604)) ;
#8849=DIRECTION('Vector Direction',(1.,0.,0.)) ;
#8854=DIRECTION('Vector Direction',(1.,0.,0.)) ;
#8875=DIRECTION('Axis2P3D Direction',(1.,0.,-0.)) ;
#8876=DIRECTION('Axis2P3D XDirection',(0.,0.87758256189,0.479425538604)) ;
#8880=DIRECTION('Vector Direction',(1.,0.,0.)) ;
#8885=DIRECTION('Vector Direction',(1.,0.,0.)) ;
#8906=DIRECTION('Axis2P3D Direction',(1.,0.,-0.)) ;
#8907=DIRECTION('Axis2P3D XDirection',(0.,0.87758256189,0.479425538604)) ;
#8911=DIRECTION('Vector Direction',(1.,0.,0.)) ;
#8916=DIRECTION('Vector Direction',(1.,0.,0.)) ;
#8937=DIRECTION('Axis2P3D Direction',(1.,0.,-0.)) ;
#8938=DIRECTION('Axis2P3D XDirection',(0.,0.87758256189,0.479425538604)) ;
#8942=DIRECTION('Vector Direction',(1.,0.,0.)) ;
#8947=DIRECTION('Vector Direction',(1.,0.,0.)) ;
#8980=DIRECTION('Axis2P3D Direction',(0.,1.,0.)) ;
#8981=DIRECTION('Axis2P3D XDirection',(1.,0.,-8.26946079743E-016)) ;
#8985=DIRECTION('Axis2P3D Direction',(0.,1.,0.)) ;
#8994=DIRECTION('Vector Direction',(0.,1.,0.)) ;
#9001=DIRECTION('Axis2P3D Direction',(0.,1.,0.)) ;
#9008=DIRECTION('Vector Direction',(0.,1.,0.)) ;
#9020=DIRECTION('Axis2P3D Direction',(0.,0.,1.)) ;
#9021=DIRECTION('Axis2P3D XDirection',(-1.,0.,0.)) ;
#9025=DIRECTION('Vector Direction',(-1.,0.,0.)) ;
#9032=DIRECTION('Vector Direction',(0.,-1.,0.)) ;
#9039=DIRECTION('Vector Direction',(-1.,0.,0.)) ;
#9051=DIRECTION('Axis2P3D Direction',(1.,0.,-0.)) ;
#9052=DIRECTION('Axis2P3D XDirection',(0.,0.,1.)) ;
#9056=DIRECTION('Vector Direction',(0.,0.,1.)) ;
#9063=DIRECTION('Vector Direction',(0.,-1.,0.)) ;
#9070=DIRECTION('Vector Direction',(0.,0.,1.)) ;
#9082=DIRECTION('Axis2P3D Direction',(0.642787609687,0.,-0.766044443119)) ;
#9083=DIRECTION('Axis2P3D XDirection',(0.766044443119,0.,0.642787609687)) ;
#9087=DIRECTION('Vector Direction',(0.766044443119,0.,0.642787609687)) ;
#9094=DIRECTION('Vector Direction',(0.,-1.,0.)) ;
#9101=DIRECTION('Vector Direction',(0.766044443119,0.,0.642787609687)) ;
#9113=DIRECTION('Axis2P3D Direction',(0.,1.,0.)) ;
#9114=DIRECTION('Axis2P3D XDirection',(0.939692620786,0.,-0.342020143326)) ;
#9118=DIRECTION('Axis2P3D Direction',(0.,1.,0.)) ;
#9125=DIRECTION('Vector Direction',(0.,1.,0.)) ;
#9132=DIRECTION('Axis2P3D Direction',(0.,1.,0.)) ;
#9144=DIRECTION('Axis2P3D Direction',(0.939692620786,0.,-0.342020143326)) ;
#9145=DIRECTION('Axis2P3D XDirection',(0.342020143326,0.,0.939692620786)) ;
#9149=DIRECTION('Vector Direction',(0.342020143326,0.,0.939692620786)) ;
#9156=DIRECTION('Vector Direction',(0.,-1.,0.)) ;
#9163=DIRECTION('Vector Direction',(0.342020143326,0.,0.939692620786)) ;
#9175=DIRECTION('Axis2P3D Direction',(0.,1.,0.)) ;
#9176=DIRECTION('Axis2P3D XDirection',(1.,0.,-2.38125831422E-015)) ;
#9180=DIRECTION('Axis2P3D Direction',(0.,1.,0.)) ;
#9187=DIRECTION('Vector Direction',(0.,1.,0.)) ;
#9194=DIRECTION('Axis2P3D Direction',(0.,1.,0.)) ;
#9206=DIRECTION('Axis2P3D Direction',(1.,0.,-0.)) ;
#9207=DIRECTION('Axis2P3D XDirection',(0.,0.,1.)) ;
#9211=DIRECTION('Vector Direction',(0.,0.,1.)) ;
#9218=DIRECTION('Vector Direction',(0.,-1.,0.)) ;
#9225=DIRECTION('Vector Direction',(0.,0.,1.)) ;
#9237=DIRECTION('Axis2P3D Direction',(0.,1.,0.)) ;
#9238=DIRECTION('Axis2P3D XDirection',(0.939692620786,0.,0.342020143326)) ;
#9242=DIRECTION('Axis2P3D Direction',(0.,1.,0.)) ;
#9249=DIRECTION('Vector Direction',(0.,1.,0.)) ;
#9256=DIRECTION('Axis2P3D Direction',(0.,1.,0.)) ;
#9268=DIRECTION('Axis2P3D Direction',(-0.939692620786,-0.,-0.342020143326)) ;
#9269=DIRECTION('Axis2P3D XDirection',(0.342020143326,0.,-0.939692620786)) ;
#9273=DIRECTION('Vector Direction',(0.342020143326,0.,-0.939692620786)) ;
#9280=DIRECTION('Vector Direction',(0.,-1.,0.)) ;
#9287=DIRECTION('Vector Direction',(0.342020143326,0.,-0.939692620786)) ;
#9299=DIRECTION('Axis2P3D Direction',(0.,1.,0.)) ;
#9300=DIRECTION('Axis2P3D XDirection',(0.642787609687,0.,0.766044443119)) ;
#9304=DIRECTION('Axis2P3D Direction',(0.,1.,0.)) ;
#9311=DIRECTION('Vector Direction',(0.,1.,0.)) ;
#9318=DIRECTION('Axis2P3D Direction',(0.,1.,0.)) ;
#9330=DIRECTION('Axis2P3D Direction',(-0.642787609687,-0.,-0.766044443119)) ;
#9331=DIRECTION('Axis2P3D XDirection',(0.766044443119,0.,-0.642787609687)) ;
#9335=DIRECTION('Vector Direction',(0.766044443119,0.,-0.642787609687)) ;
#9342=DIRECTION('Vector Direction',(0.,-1.,0.)) ;
#9349=DIRECTION('Vector Direction',(0.766044443119,0.,-0.642787609687)) ;
#9361=DIRECTION('Vector Direction',(0.,0.,-1.)) ;
#9368=DIRECTION('Vector Direction',(0.,-1.,0.)) ;
#9375=DIRECTION('Vector Direction',(0.,0.,-1.)) ;
#9387=DIRECTION('Axis2P3D Direction',(0.,0.,1.)) ;
#9388=DIRECTION('Axis2P3D XDirection',(-1.,0.,0.)) ;
#9392=DIRECTION('Vector Direction',(-1.,0.,0.)) ;
#9399=DIRECTION('Vector Direction',(0.,-1.,0.)) ;
#9406=DIRECTION('Vector Direction',(-1.,0.,0.)) ;
#9418=DIRECTION('Axis2P3D Direction',(0.,1.,0.)) ;
#9419=DIRECTION('Axis2P3D XDirection',(4.4408920985E-016,0.,1.)) ;
#9423=DIRECTION('Axis2P3D Direction',(0.,1.,0.)) ;
#9430=DIRECTION('Vector Direction',(0.,1.,0.)) ;
#9437=DIRECTION('Axis2P3D Direction',(0.,1.,0.)) ;
#9449=DIRECTION('Axis2P3D Direction',(1.,0.,-0.)) ;
#9450=DIRECTION('Axis2P3D XDirection',(0.,0.,1.)) ;
#9454=DIRECTION('Vector Direction',(0.,0.,1.)) ;
#9459=DIRECTION('Vector Direction',(0.,0.,1.)) ;
#9471=DIRECTION('Axis2P3D Direction',(0.,1.,0.)) ;
#9472=DIRECTION('Axis2P3D XDirection',(0.,0.,1.)) ;
#9495=DIRECTION('Axis2P3D Direction',(0.,1.,0.)) ;
#9496=DIRECTION('Axis2P3D XDirection',(0.,0.,1.)) ;
#9522=DIRECTION('Axis2P3D Direction',(0.,1.,0.)) ;
#9523=DIRECTION('Axis2P3D XDirection',(1.,0.,-8.26946079743E-016)) ;
#9527=DIRECTION('Vector Direction',(0.,1.,0.)) ;
#9536=DIRECTION('Axis2P3D Direction',(0.,1.,0.)) ;
#9543=DIRECTION('Vector Direction',(0.,1.,0.)) ;
#9550=DIRECTION('Axis2P3D Direction',(0.,1.,0.)) ;
#9562=DIRECTION('Axis2P3D Direction',(0.,0.,-1.)) ;
#9563=DIRECTION('Axis2P3D XDirection',(-1.,0.,0.)) ;
#9567=DIRECTION('Vector Direction',(-1.,0.,0.)) ;
#9574=DIRECTION('Vector Direction',(0.,1.,0.)) ;
#9581=DIRECTION('Vector Direction',(-1.,0.,0.)) ;
#9593=DIRECTION('Axis2P3D Direction',(-1.,0.,0.)) ;
#9594=DIRECTION('Axis2P3D XDirection',(0.,0.,1.)) ;
#9598=DIRECTION('Vector Direction',(0.,0.,1.)) ;
#9605=DIRECTION('Vector Direction',(0.,1.,0.)) ;
#9612=DIRECTION('Vector Direction',(0.,0.,1.)) ;
#9624=DIRECTION('Axis2P3D Direction',(-0.642787609687,0.,0.766044443119)) ;
#9625=DIRECTION('Axis2P3D XDirection',(0.766044443119,0.,0.642787609687)) ;
#9629=DIRECTION('Vector Direction',(0.766044443119,0.,0.642787609687)) ;
#9636=DIRECTION('Vector Direction',(0.,1.,0.)) ;
#9643=DIRECTION('Vector Direction',(0.766044443119,0.,0.642787609687)) ;
#9655=DIRECTION('Axis2P3D Direction',(0.,1.,0.)) ;
#9656=DIRECTION('Axis2P3D XDirection',(0.939692620786,0.,-0.342020143326)) ;
#9660=DIRECTION('Axis2P3D Direction',(0.,1.,0.)) ;
#9667=DIRECTION('Vector Direction',(0.,1.,0.)) ;
#9674=DIRECTION('Axis2P3D Direction',(0.,1.,0.)) ;
#9686=DIRECTION('Axis2P3D Direction',(-0.939692620786,0.,0.342020143326)) ;
#9687=DIRECTION('Axis2P3D XDirection',(0.342020143326,0.,0.939692620786)) ;
#9691=DIRECTION('Vector Direction',(0.342020143326,0.,0.939692620786)) ;
#9698=DIRECTION('Vector Direction',(0.,1.,0.)) ;
#9705=DIRECTION('Vector Direction',(0.342020143326,0.,0.939692620786)) ;
#9717=DIRECTION('Axis2P3D Direction',(0.,1.,0.)) ;
#9718=DIRECTION('Axis2P3D XDirection',(1.,0.,-2.38125831422E-015)) ;
#9722=DIRECTION('Axis2P3D Direction',(0.,1.,0.)) ;
#9729=DIRECTION('Vector Direction',(0.,1.,0.)) ;
#9736=DIRECTION('Axis2P3D Direction',(0.,1.,0.)) ;
#9748=DIRECTION('Axis2P3D Direction',(-1.,0.,0.)) ;
#9749=DIRECTION('Axis2P3D XDirection',(0.,0.,1.)) ;
#9753=DIRECTION('Vector Direction',(0.,0.,1.)) ;
#9760=DIRECTION('Vector Direction',(0.,1.,0.)) ;
#9767=DIRECTION('Vector Direction',(0.,0.,1.)) ;
#9779=DIRECTION('Axis2P3D Direction',(0.,1.,0.)) ;
#9780=DIRECTION('Axis2P3D XDirection',(0.939692620786,0.,0.342020143326)) ;
#9784=DIRECTION('Axis2P3D Direction',(0.,1.,0.)) ;
#9791=DIRECTION('Vector Direction',(0.,1.,0.)) ;
#9798=DIRECTION('Axis2P3D Direction',(0.,1.,0.)) ;
#9810=DIRECTION('Axis2P3D Direction',(0.939692620786,-0.,0.342020143326)) ;
#9811=DIRECTION('Axis2P3D XDirection',(0.342020143326,0.,-0.939692620786)) ;
#9815=DIRECTION('Vector Direction',(0.342020143326,0.,-0.939692620786)) ;
#9822=DIRECTION('Vector Direction',(0.,1.,0.)) ;
#9829=DIRECTION('Vector Direction',(0.342020143326,0.,-0.939692620786)) ;
#9841=DIRECTION('Axis2P3D Direction',(0.,1.,0.)) ;
#9842=DIRECTION('Axis2P3D XDirection',(0.642787609687,0.,0.766044443119)) ;
#9846=DIRECTION('Axis2P3D Direction',(0.,1.,0.)) ;
#9853=DIRECTION('Vector Direction',(0.,1.,0.)) ;
#9860=DIRECTION('Axis2P3D Direction',(0.,1.,0.)) ;
#9872=DIRECTION('Axis2P3D Direction',(0.642787609687,-0.,0.766044443119)) ;
#9873=DIRECTION('Axis2P3D XDirection',(0.766044443119,0.,-0.642787609687)) ;
#9877=DIRECTION('Vector Direction',(0.766044443119,0.,-0.642787609687)) ;
#9884=DIRECTION('Vector Direction',(0.,1.,0.)) ;
#9891=DIRECTION('Vector Direction',(0.766044443119,0.,-0.642787609687)) ;
#9903=DIRECTION('Vector Direction',(0.,0.,-1.)) ;
#9910=DIRECTION('Vector Direction',(0.,1.,0.)) ;
#9917=DIRECTION('Vector Direction',(0.,0.,-1.)) ;
#9929=DIRECTION('Axis2P3D Direction',(0.,0.,-1.)) ;
#9930=DIRECTION('Axis2P3D XDirection',(-1.,0.,0.)) ;
#9934=DIRECTION('Vector Direction',(-1.,0.,0.)) ;
#9941=DIRECTION('Vector Direction',(0.,1.,0.)) ;
#9948=DIRECTION('Vector Direction',(-1.,0.,0.)) ;
#9960=DIRECTION('Axis2P3D Direction',(0.,1.,0.)) ;
#9961=DIRECTION('Axis2P3D XDirection',(4.4408920985E-016,0.,1.)) ;
#9965=DIRECTION('Axis2P3D Direction',(0.,1.,0.)) ;
#9972=DIRECTION('Vector Direction',(0.,1.,0.)) ;
#9979=DIRECTION('Axis2P3D Direction',(0.,1.,0.)) ;
#9991=DIRECTION('Axis2P3D Direction',(-1.,0.,0.)) ;
#9992=DIRECTION('Axis2P3D XDirection',(0.,0.,1.)) ;
#9996=DIRECTION('Vector Direction',(0.,0.,1.)) ;
#10001=DIRECTION('Vector Direction',(0.,0.,1.)) ;
#10013=DIRECTION('Axis2P3D Direction',(0.,1.,0.)) ;
#10014=DIRECTION('Axis2P3D XDirection',(0.,0.,1.)) ;
#10037=DIRECTION('Axis2P3D Direction',(0.,1.,0.)) ;
#10038=DIRECTION('Axis2P3D XDirection',(0.,0.,1.)) ;
#15=UNCERTAINTY_MEASURE_WITH_UNIT(LENGTH_MEASURE(0.005),#12,'distance_accuracy_value','CONFUSED CURVE UNCERTAINTY') ;
#18=AXIS2_PLACEMENT_3D(' ',#17,$,$) ;
#34=AXIS2_PLACEMENT_3D('Cylinder Axis2P3D',#31,#32,#33) ;
#38=AXIS2_PLACEMENT_3D('Circle Axis2P3D',#36,#37,$) ;
#54=AXIS2_PLACEMENT_3D('Circle Axis2P3D',#52,#53,$) ;
#74=AXIS2_PLACEMENT_3D('Plane Axis2P3D',#71,#72,#73) ;
#78=AXIS2_PLACEMENT_3D('Circle Axis2P3D',#76,#77,$) ;
#94=AXIS2_PLACEMENT_3D('Circle Axis2P3D',#92,#93,$) ;
#108=AXIS2_PLACEMENT_3D('Circle Axis2P3D',#106,#107,$) ;
#136=AXIS2_PLACEMENT_3D('Circle Axis2P3D',#134,#135,$) ;
#150=AXIS2_PLACEMENT_3D('Circle Axis2P3D',#148,#149,$) ;
#164=AXIS2_PLACEMENT_3D('Circle Axis2P3D',#162,#163,$) ;
#185=AXIS2_PLACEMENT_3D('Circle Axis2P3D',#183,#184,$) ;
#199=AXIS2_PLACEMENT_3D('Circle Axis2P3D',#197,#198,$) ;
#218=AXIS2_PLACEMENT_3D('Circle Axis2P3D',#216,#217,$) ;
#232=AXIS2_PLACEMENT_3D('Circle Axis2P3D',#230,#231,$) ;
#279=AXIS2_PLACEMENT_3D('Circle Axis2P3D',#277,#278,$) ;
#295=AXIS2_PLACEMENT_3D('Circle Axis2P3D',#293,#294,$) ;
#309=AXIS2_PLACEMENT_3D('Circle Axis2P3D',#307,#308,$) ;
#330=AXIS2_PLACEMENT_3D('Circle Axis2P3D',#328,#329,$) ;
#344=AXIS2_PLACEMENT_3D('Circle Axis2P3D',#342,#343,$) ;
#365=AXIS2_PLACEMENT_3D('Circle Axis2P3D',#363,#364,$) ;
#379=AXIS2_PLACEMENT_3D('Circle Axis2P3D',#377,#378,$) ;
#393=AXIS2_PLACEMENT_3D('Circle Axis2P3D',#391,#392,$) ;
#400=AXIS2_PLACEMENT_3D('Circle Axis2P3D',#398,#399,$) ;
#414=AXIS2_PLACEMENT_3D('Circle Axis2P3D',#412,#413,$) ;
#450=AXIS2_PLACEMENT_3D('Circle Axis2P3D',#448,#449,$) ;
#464=AXIS2_PLACEMENT_3D('Circle Axis2P3D',#462,#463,$) ;
#478=AXIS2_PLACEMENT_3D('Circle Axis2P3D',#476,#477,$) ;
#492=AXIS2_PLACEMENT_3D('Circle Axis2P3D',#490,#491,$) ;
#507=AXIS2_PLACEMENT_3D('Circle Axis2P3D',#505,#506,$) ;
#523=AXIS2_PLACEMENT_3D('Circle Axis2P3D',#521,#522,$) ;
#537=AXIS2_PLACEMENT_3D('Circle Axis2P3D',#535,#536,$) ;
#551=AXIS2_PLACEMENT_3D('Circle Axis2P3D',#549,#550,$) ;
#573=AXIS2_PLACEMENT_3D('Circle Axis2P3D',#571,#572,$) ;
#582=AXIS2_PLACEMENT_3D('Circle Axis2P3D',#580,#581,$) ;
#591=AXIS2_PLACEMENT_3D('Circle Axis2P3D',#589,#590,$) ;
#600=AXIS2_PLACEMENT_3D('Circle Axis2P3D',#598,#599,$) ;
#609=AXIS2_PLACEMENT_3D('Circle Axis2P3D',#607,#608,$) ;
#618=AXIS2_PLACEMENT_3D('Circle Axis2P3D',#616,#617,$) ;
#627=AXIS2_PLACEMENT_3D('Circle Axis2P3D',#625,#626,$) ;
#636=AXIS2_PLACEMENT_3D('Circle Axis2P3D',#634,#635,$) ;
#647=AXIS2_PLACEMENT_3D('Cylinder Axis2P3D',#644,#645,#646) ;
#665=AXIS2_PLACEMENT_3D('Circle Axis2P3D',#663,#664,$) ;
#678=AXIS2_PLACEMENT_3D('Cylinder Axis2P3D',#675,#676,#677) ;
#682=AXIS2_PLACEMENT_3D('Circle Axis2P3D',#680,#681,$) ;
#689=AXIS2_PLACEMENT_3D('Circle Axis2P3D',#687,#688,$) ;
#709=AXIS2_PLACEMENT_3D('Plane Axis2P3D',#706,#707,#708) ;
#729=AXIS2_PLACEMENT_3D('Circle Axis2P3D',#727,#728,$) ;
#765=AXIS2_PLACEMENT_3D('Cylinder Axis2P3D',#762,#763,#764) ;
#769=AXIS2_PLACEMENT_3D('Circle Axis2P3D',#767,#768,$) ;
#789=AXIS2_PLACEMENT_3D('Plane Axis2P3D',#786,#787,#788) ;
#813=AXIS2_PLACEMENT_3D('Cylinder Axis2P3D',#810,#811,#812) ;
#817=AXIS2_PLACEMENT_3D('Circle Axis2P3D',#815,#816,$) ;
#837=AXIS2_PLACEMENT_3D('Plane Axis2P3D',#834,#835,#836) ;
#861=AXIS2_PLACEMENT_3D('Cylinder Axis2P3D',#858,#859,#860) ;
#874=AXIS2_PLACEMENT_3D('Circle Axis2P3D',#872,#873,$) ;
#886=AXIS2_PLACEMENT_3D('Circle Axis2P3D',#884,#885,$) ;
#900=AXIS2_PLACEMENT_3D('Circle Axis2P3D',#898,#899,$) ;
#917=AXIS2_PLACEMENT_3D('Plane Axis2P3D',#914,#915,#916) ;
#948=AXIS2_PLACEMENT_3D('Cylinder Axis2P3D',#945,#946,#947) ;
#952=AXIS2_PLACEMENT_3D('Circle Axis2P3D',#950,#951,$) ;
#966=AXIS2_PLACEMENT_3D('Circle Axis2P3D',#964,#965,$) ;
#979=AXIS2_PLACEMENT_3D('Plane Axis2P3D',#976,#977,#978) ;
#1010=AXIS2_PLACEMENT_3D('Cylinder Axis2P3D',#1007,#1008,#1009) ;
#1014=AXIS2_PLACEMENT_3D('Circle Axis2P3D',#1012,#1013,$) ;
#1028=AXIS2_PLACEMENT_3D('Circle Axis2P3D',#1026,#1027,$) ;
#1041=AXIS2_PLACEMENT_3D('Plane Axis2P3D',#1038,#1039,#1040) ;
#1072=AXIS2_PLACEMENT_3D('Cylinder Axis2P3D',#1069,#1070,#1071) ;
#1085=AXIS2_PLACEMENT_3D('Circle Axis2P3D',#1083,#1084,$) ;
#1090=AXIS2_PLACEMENT_3D('Circle Axis2P3D',#1088,#1089,$) ;
#1103=AXIS2_PLACEMENT_3D('Plane Axis2P3D',#1100,#1101,#1102) ;
#1134=AXIS2_PLACEMENT_3D('Cylinder Axis2P3D',#1131,#1132,#1133) ;
#1138=AXIS2_PLACEMENT_3D('Circle Axis2P3D',#1136,#1137,$) ;
#1152=AXIS2_PLACEMENT_3D('Circle Axis2P3D',#1150,#1151,$) ;
#1165=AXIS2_PLACEMENT_3D('Plane Axis2P3D',#1162,#1163,#1164) ;
#1196=AXIS2_PLACEMENT_3D('Cylinder Axis2P3D',#1193,#1194,#1195) ;
#1200=AXIS2_PLACEMENT_3D('Circle Axis2P3D',#1198,#1199,$) ;
#1214=AXIS2_PLACEMENT_3D('Circle Axis2P3D',#1212,#1213,$) ;
#1227=AXIS2_PLACEMENT_3D('Plane Axis2P3D',#1224,#1225,#1226) ;
#1258=AXIS2_PLACEMENT_3D('Cylinder Axis2P3D',#1255,#1256,#1257) ;
#1271=AXIS2_PLACEMENT_3D('Circle Axis2P3D',#1269,#1270,$) ;
#1276=AXIS2_PLACEMENT_3D('Circle Axis2P3D',#1274,#1275,$) ;
#1315=AXIS2_PLACEMENT_3D('Cylinder Axis2P3D',#1312,#1313,#1314) ;
#1319=AXIS2_PLACEMENT_3D('Circle Axis2P3D',#1317,#1318,$) ;
#1333=AXIS2_PLACEMENT_3D('Circle Axis2P3D',#1331,#1332,$) ;
#1346=AXIS2_PLACEMENT_3D('Plane Axis2P3D',#1343,#1344,#1345) ;
#1377=AXIS2_PLACEMENT_3D('Cylinder Axis2P3D',#1374,#1375,#1376) ;
#1381=AXIS2_PLACEMENT_3D('Circle Axis2P3D',#1379,#1380,$) ;
#1395=AXIS2_PLACEMENT_3D('Circle Axis2P3D',#1393,#1394,$) ;
#1434=AXIS2_PLACEMENT_3D('Cylinder Axis2P3D',#1431,#1432,#1433) ;
#1447=AXIS2_PLACEMENT_3D('Circle Axis2P3D',#1445,#1446,$) ;
#1452=AXIS2_PLACEMENT_3D('Circle Axis2P3D',#1450,#1451,$) ;
#1465=AXIS2_PLACEMENT_3D('Plane Axis2P3D',#1462,#1463,#1464) ;
#1519=AXIS2_PLACEMENT_3D('Cylinder Axis2P3D',#1516,#1517,#1518) ;
#1523=AXIS2_PLACEMENT_3D('Circle Axis2P3D',#1521,#1522,$) ;
#1543=AXIS2_PLACEMENT_3D('Plane Axis2P3D',#1540,#1541,#1542) ;
#1560=AXIS2_PLACEMENT_3D('Cylinder Axis2P3D',#1557,#1558,#1559) ;
#1564=AXIS2_PLACEMENT_3D('Circle Axis2P3D',#1562,#1563,$) ;
#1580=AXIS2_PLACEMENT_3D('Circle Axis2P3D',#1578,#1579,$) ;
#1600=AXIS2_PLACEMENT_3D('Plane Axis2P3D',#1597,#1598,#1599) ;
#1631=AXIS2_PLACEMENT_3D('Cylinder Axis2P3D',#1628,#1629,#1630) ;
#1635=AXIS2_PLACEMENT_3D('Circle Axis2P3D',#1633,#1634,$) ;
#1642=AXIS2_PLACEMENT_3D('Circle Axis2P3D',#1640,#1641,$) ;
#1662=AXIS2_PLACEMENT_3D('Plane Axis2P3D',#1659,#1660,#1661) ;
#1693=AXIS2_PLACEMENT_3D('Cylinder Axis2P3D',#1690,#1691,#1692) ;
#1697=AXIS2_PLACEMENT_3D('Circle Axis2P3D',#1695,#1696,$) ;
#1704=AXIS2_PLACEMENT_3D('Circle Axis2P3D',#1702,#1703,$) ;
#1724=AXIS2_PLACEMENT_3D('Cylinder Axis2P3D',#1721,#1722,#1723) ;
#1728=AXIS2_PLACEMENT_3D('Circle Axis2P3D',#1726,#1727,$) ;
#1735=AXIS2_PLACEMENT_3D('Circle Axis2P3D',#1733,#1734,$) ;
#1749=AXIS2_PLACEMENT_3D('Circle Axis2P3D',#1747,#1748,$) ;
#1756=AXIS2_PLACEMENT_3D('Circle Axis2P3D',#1754,#1755,$) ;
#1771=AXIS2_PLACEMENT_3D('Cylinder Axis2P3D',#1768,#1769,#1770) ;
#1775=AXIS2_PLACEMENT_3D('Circle Axis2P3D',#1773,#1774,$) ;
#1791=AXIS2_PLACEMENT_3D('Circle Axis2P3D',#1789,#1790,$) ;
#1798=AXIS2_PLACEMENT_3D('Circle Axis2P3D',#1796,#1797,$) ;
#1812=AXIS2_PLACEMENT_3D('Circle Axis2P3D',#1810,#1811,$) ;
#1827=AXIS2_PLACEMENT_3D('Cylinder Axis2P3D',#1824,#1825,#1826) ;
#1831=AXIS2_PLACEMENT_3D('Circle Axis2P3D',#1829,#1830,$) ;
#1838=AXIS2_PLACEMENT_3D('Circle Axis2P3D',#1836,#1837,$) ;
#1858=AXIS2_PLACEMENT_3D('Plane Axis2P3D',#1855,#1856,#1857) ;
#1889=AXIS2_PLACEMENT_3D('Cylinder Axis2P3D',#1886,#1887,#1888) ;
#1893=AXIS2_PLACEMENT_3D('Circle Axis2P3D',#1891,#1892,$) ;
#1900=AXIS2_PLACEMENT_3D('Circle Axis2P3D',#1898,#1899,$) ;
#1920=AXIS2_PLACEMENT_3D('Plane Axis2P3D',#1917,#1918,#1919) ;
#1951=AXIS2_PLACEMENT_3D('Cylinder Axis2P3D',#1948,#1949,#1950) ;
#1955=AXIS2_PLACEMENT_3D('Circle Axis2P3D',#1953,#1954,$) ;
#1962=AXIS2_PLACEMENT_3D('Circle Axis2P3D',#1960,#1961,$) ;
#1982=AXIS2_PLACEMENT_3D('Plane Axis2P3D',#1979,#1980,#1981) ;
#2004=AXIS2_PLACEMENT_3D('Cylinder Axis2P3D',#2001,#2002,#2003) ;
#2008=AXIS2_PLACEMENT_3D('Circle Axis2P3D',#2006,#2007,$) ;
#2024=AXIS2_PLACEMENT_3D('Circle Axis2P3D',#2022,#2023,$) ;
#2043=AXIS2_PLACEMENT_3D('Circle Axis2P3D',#2041,#2042,$) ;
#2048=AXIS2_PLACEMENT_3D('Circle Axis2P3D',#2046,#2047,$) ;
#2061=AXIS2_PLACEMENT_3D('Cylinder Axis2P3D',#2058,#2059,#2060) ;
#2065=AXIS2_PLACEMENT_3D('Circle Axis2P3D',#2063,#2064,$) ;
#2081=AXIS2_PLACEMENT_3D('Circle Axis2P3D',#2079,#2080,$) ;
#2100=AXIS2_PLACEMENT_3D('Circle Axis2P3D',#2098,#2099,$) ;
#2105=AXIS2_PLACEMENT_3D('Circle Axis2P3D',#2103,#2104,$) ;
#2118=AXIS2_PLACEMENT_3D('Plane Axis2P3D',#2115,#2116,#2117) ;
#2138=AXIS2_PLACEMENT_3D('Circle Axis2P3D',#2136,#2137,$) ;
#2152=AXIS2_PLACEMENT_3D('Circle Axis2P3D',#2150,#2151,$) ;
#2197=AXIS2_PLACEMENT_3D('Circle Axis2P3D',#2195,#2196,$) ;
#2211=AXIS2_PLACEMENT_3D('Circle Axis2P3D',#2209,#2210,$) ;
#2225=AXIS2_PLACEMENT_3D('Circle Axis2P3D',#2223,#2224,$) ;
#2258=AXIS2_PLACEMENT_3D('Circle Axis2P3D',#2256,#2257,$) ;
#2272=AXIS2_PLACEMENT_3D('Circle Axis2P3D',#2270,#2271,$) ;
#2286=AXIS2_PLACEMENT_3D('Circle Axis2P3D',#2284,#2285,$) ;
#2300=AXIS2_PLACEMENT_3D('Circle Axis2P3D',#2298,#2299,$) ;
#2329=AXIS2_PLACEMENT_3D('Circle Axis2P3D',#2327,#2328,$) ;
#2338=AXIS2_PLACEMENT_3D('Circle Axis2P3D',#2336,#2337,$) ;
#2352=AXIS2_PLACEMENT_3D('Circle Axis2P3D',#2350,#2351,$) ;
#2366=AXIS2_PLACEMENT_3D('Circle Axis2P3D',#2364,#2365,$) ;
#2380=AXIS2_PLACEMENT_3D('Circle Axis2P3D',#2378,#2379,$) ;
#2387=AXIS2_PLACEMENT_3D('Circle Axis2P3D',#2385,#2386,$) ;
#2394=AXIS2_PLACEMENT_3D('Circle Axis2P3D',#2392,#2393,$) ;
#2401=AXIS2_PLACEMENT_3D('Circle Axis2P3D',#2399,#2400,$) ;
#2415=AXIS2_PLACEMENT_3D('Circle Axis2P3D',#2413,#2414,$) ;
#2429=AXIS2_PLACEMENT_3D('Circle Axis2P3D',#2427,#2428,$) ;
#2443=AXIS2_PLACEMENT_3D('Circle Axis2P3D',#2441,#2442,$) ;
#2457=AXIS2_PLACEMENT_3D('Circle Axis2P3D',#2455,#2456,$) ;
#2471=AXIS2_PLACEMENT_3D('Circle Axis2P3D',#2469,#2470,$) ;
#2478=AXIS2_PLACEMENT_3D('Circle Axis2P3D',#2476,#2477,$) ;
#2507=AXIS2_PLACEMENT_3D('Circle Axis2P3D',#2505,#2506,$) ;
#2516=AXIS2_PLACEMENT_3D('Circle Axis2P3D',#2514,#2515,$) ;
#2525=AXIS2_PLACEMENT_3D('Circle Axis2P3D',#2523,#2524,$) ;
#2534=AXIS2_PLACEMENT_3D('Circle Axis2P3D',#2532,#2533,$) ;
#2543=AXIS2_PLACEMENT_3D('Circle Axis2P3D',#2541,#2542,$) ;
#2552=AXIS2_PLACEMENT_3D('Circle Axis2P3D',#2550,#2551,$) ;
#2561=AXIS2_PLACEMENT_3D('Circle Axis2P3D',#2559,#2560,$) ;
#2570=AXIS2_PLACEMENT_3D('Circle Axis2P3D',#2568,#2569,$) ;
#2579=AXIS2_PLACEMENT_3D('Circle Axis2P3D',#2577,#2578,$) ;
#2595=AXIS2_PLACEMENT_3D('Circle Axis2P3D',#2593,#2594,$) ;
#2609=AXIS2_PLACEMENT_3D('Circle Axis2P3D',#2607,#2608,$) ;
#2623=AXIS2_PLACEMENT_3D('Circle Axis2P3D',#2621,#2622,$) ;
#2654=AXIS2_PLACEMENT_3D('Circle Axis2P3D',#2652,#2653,$) ;
#2668=AXIS2_PLACEMENT_3D('Circle Axis2P3D',#2666,#2667,$) ;
#2682=AXIS2_PLACEMENT_3D('Circle Axis2P3D',#2680,#2681,$) ;
#2696=AXIS2_PLACEMENT_3D('Circle Axis2P3D',#2694,#2695,$) ;
#2711=AXIS2_PLACEMENT_3D('Circle Axis2P3D',#2709,#2710,$) ;
#2720=AXIS2_PLACEMENT_3D('Circle Axis2P3D',#2718,#2719,$) ;
#2729=AXIS2_PLACEMENT_3D('Circle Axis2P3D',#2727,#2728,$) ;
#2738=AXIS2_PLACEMENT_3D('Circle Axis2P3D',#2736,#2737,$) ;
#2747=AXIS2_PLACEMENT_3D('Circle Axis2P3D',#2745,#2746,$) ;
#2756=AXIS2_PLACEMENT_3D('Circle Axis2P3D',#2754,#2755,$) ;
#2765=AXIS2_PLACEMENT_3D('Circle Axis2P3D',#2763,#2764,$) ;
#2774=AXIS2_PLACEMENT_3D('Circle Axis2P3D',#2772,#2773,$) ;
#2785=AXIS2_PLACEMENT_3D('Cylinder Axis2P3D',#2782,#2783,#2784) ;
#2789=AXIS2_PLACEMENT_3D('Circle Axis2P3D',#2787,#2788,$) ;
#2796=AXIS2_PLACEMENT_3D('Circle Axis2P3D',#2794,#2795,$) ;
#2816=AXIS2_PLACEMENT_3D('Plane Axis2P3D',#2813,#2814,#2815) ;
#2856=AXIS2_PLACEMENT_3D('Cylinder Axis2P3D',#2853,#2854,#2855) ;
#2860=AXIS2_PLACEMENT_3D('Circle Axis2P3D',#2858,#2859,$) ;
#2874=AXIS2_PLACEMENT_3D('Circle Axis2P3D',#2872,#2873,$) ;
#2887=AXIS2_PLACEMENT_3D('Plane Axis2P3D',#2884,#2885,#2886) ;
#2891=AXIS2_PLACEMENT_3D('Circle Axis2P3D',#2889,#2890,$) ;
#2907=AXIS2_PLACEMENT_3D('Circle Axis2P3D',#2905,#2906,$) ;
#2921=AXIS2_PLACEMENT_3D('Circle Axis2P3D',#2919,#2920,$) ;
#2933=AXIS2_PLACEMENT_3D('Circle Axis2P3D',#2931,#2932,$) ;
#2947=AXIS2_PLACEMENT_3D('Circle Axis2P3D',#2945,#2946,$) ;
#2961=AXIS2_PLACEMENT_3D('Circle Axis2P3D',#2959,#2960,$) ;
#3017=AXIS2_PLACEMENT_3D('Cylinder Axis2P3D',#3014,#3015,#3016) ;
#3021=AXIS2_PLACEMENT_3D('Circle Axis2P3D',#3019,#3020,$) ;
#3041=AXIS2_PLACEMENT_3D('Plane Axis2P3D',#3038,#3039,#3040) ;
#3045=AXIS2_PLACEMENT_3D('Circle Axis2P3D',#3043,#3044,$) ;
#3059=AXIS2_PLACEMENT_3D('Circle Axis2P3D',#3057,#3058,$) ;
#3073=AXIS2_PLACEMENT_3D('Circle Axis2P3D',#3071,#3072,$) ;
#3092=AXIS2_PLACEMENT_3D('Circle Axis2P3D',#3090,#3091,$) ;
#3106=AXIS2_PLACEMENT_3D('Circle Axis2P3D',#3104,#3105,$) ;
#3136=AXIS2_PLACEMENT_3D('Cylinder Axis2P3D',#3133,#3134,#3135) ;
#3140=AXIS2_PLACEMENT_3D('Circle Axis2P3D',#3138,#3139,$) ;
#3153=AXIS2_PLACEMENT_3D('Cylinder Axis2P3D',#3150,#3151,#3152) ;
#3170=AXIS2_PLACEMENT_3D('Plane Axis2P3D',#3167,#3168,#3169) ;
#3187=AXIS2_PLACEMENT_3D('Cylinder Axis2P3D',#3184,#3185,#3186) ;
#3204=AXIS2_PLACEMENT_3D('Plane Axis2P3D',#3201,#3202,#3203) ;
#3215=AXIS2_PLACEMENT_3D('Circle Axis2P3D',#3213,#3214,$) ;
#3231=AXIS2_PLACEMENT_3D('Circle Axis2P3D',#3229,#3230,$) ;
#3293=AXIS2_PLACEMENT_3D('Circle Axis2P3D',#3291,#3292,$) ;
#3307=AXIS2_PLACEMENT_3D('Circle Axis2P3D',#3305,#3306,$) ;
#3320=AXIS2_PLACEMENT_3D('Plane Axis2P3D',#3317,#3318,#3319) ;
#3336=AXIS2_PLACEMENT_3D('Circle Axis2P3D',#3334,#3335,$) ;
#3350=AXIS2_PLACEMENT_3D('Circle Axis2P3D',#3348,#3349,$) ;
#3364=AXIS2_PLACEMENT_3D('Circle Axis2P3D',#3362,#3363,$) ;
#3403=AXIS2_PLACEMENT_3D('Plane Axis2P3D',#3400,#3401,#3402) ;
#3407=AXIS2_PLACEMENT_3D('Circle Axis2P3D',#3405,#3406,$) ;
#3421=AXIS2_PLACEMENT_3D('Circle Axis2P3D',#3419,#3420,$) ;
#3435=AXIS2_PLACEMENT_3D('Circle Axis2P3D',#3433,#3434,$) ;
#3465=AXIS2_PLACEMENT_3D('Cylinder Axis2P3D',#3462,#3463,#3464) ;
#3487=AXIS2_PLACEMENT_3D('Plane Axis2P3D',#3484,#3485,#3486) ;
#3513=AXIS2_PLACEMENT_3D('Cylinder Axis2P3D',#3510,#3511,#3512) ;
#3542=AXIS2_PLACEMENT_3D('Cylinder Axis2P3D',#3539,#3540,#3541) ;
#3559=AXIS2_PLACEMENT_3D('Plane Axis2P3D',#3556,#3557,#3558) ;
#3576=AXIS2_PLACEMENT_3D('Cylinder Axis2P3D',#3573,#3574,#3575) ;
#3587=AXIS2_PLACEMENT_3D('Circle Axis2P3D',#3585,#3586,$) ;
#3601=AXIS2_PLACEMENT_3D('Circle Axis2P3D',#3599,#3600,$) ;
#3625=AXIS2_PLACEMENT_3D('Plane Axis2P3D',#3622,#3623,#3624) ;
#3656=AXIS2_PLACEMENT_3D('Cylinder Axis2P3D',#3653,#3654,#3655) ;
#3660=AXIS2_PLACEMENT_3D('Circle Axis2P3D',#3658,#3659,$) ;
#3667=AXIS2_PLACEMENT_3D('Circle Axis2P3D',#3665,#3666,$) ;
#3713=AXIS2_PLACEMENT_3D('Cylinder Axis2P3D',#3710,#3711,#3712) ;
#3717=AXIS2_PLACEMENT_3D('Circle Axis2P3D',#3715,#3716,$) ;
#3724=AXIS2_PLACEMENT_3D('Circle Axis2P3D',#3722,#3723,$) ;
#3744=AXIS2_PLACEMENT_3D('Plane Axis2P3D',#3741,#3742,#3743) ;
#3775=AXIS2_PLACEMENT_3D('Cylinder Axis2P3D',#3772,#3773,#3774) ;
#3779=AXIS2_PLACEMENT_3D('Circle Axis2P3D',#3777,#3778,$) ;
#3793=AXIS2_PLACEMENT_3D('Circle Axis2P3D',#3791,#3792,$) ;
#3806=AXIS2_PLACEMENT_3D('Plane Axis2P3D',#3803,#3804,#3805) ;
#3837=AXIS2_PLACEMENT_3D('Cylinder Axis2P3D',#3834,#3835,#3836) ;
#3841=AXIS2_PLACEMENT_3D('Circle Axis2P3D',#3839,#3840,$) ;
#3848=AXIS2_PLACEMENT_3D('Circle Axis2P3D',#3846,#3847,$) ;
#3868=AXIS2_PLACEMENT_3D('Plane Axis2P3D',#3865,#3866,#3867) ;
#3899=AXIS2_PLACEMENT_3D('Cylinder Axis2P3D',#3896,#3897,#3898) ;
#3903=AXIS2_PLACEMENT_3D('Circle Axis2P3D',#3901,#3902,$) ;
#3910=AXIS2_PLACEMENT_3D('Circle Axis2P3D',#3908,#3909,$) ;
#3930=AXIS2_PLACEMENT_3D('Plane Axis2P3D',#3927,#3928,#3929) ;
#3961=AXIS2_PLACEMENT_3D('Cylinder Axis2P3D',#3958,#3959,#3960) ;
#3965=AXIS2_PLACEMENT_3D('Circle Axis2P3D',#3963,#3964,$) ;
#3979=AXIS2_PLACEMENT_3D('Circle Axis2P3D',#3977,#3978,$) ;
#4018=AXIS2_PLACEMENT_3D('Cylinder Axis2P3D',#4015,#4016,#4017) ;
#4022=AXIS2_PLACEMENT_3D('Circle Axis2P3D',#4020,#4021,$) ;
#4029=AXIS2_PLACEMENT_3D('Circle Axis2P3D',#4027,#4028,$) ;
#4075=AXIS2_PLACEMENT_3D('Cylinder Axis2P3D',#4072,#4073,#4074) ;
#4079=AXIS2_PLACEMENT_3D('Circle Axis2P3D',#4077,#4078,$) ;
#4086=AXIS2_PLACEMENT_3D('Circle Axis2P3D',#4084,#4085,$) ;
#4132=AXIS2_PLACEMENT_3D('Cylinder Axis2P3D',#4129,#4130,#4131) ;
#4136=AXIS2_PLACEMENT_3D('Circle Axis2P3D',#4134,#4135,$) ;
#4150=AXIS2_PLACEMENT_3D('Circle Axis2P3D',#4148,#4149,$) ;
#4163=AXIS2_PLACEMENT_3D('Plane Axis2P3D',#4160,#4161,#4162) ;
#4208=AXIS2_PLACEMENT_3D('Cylinder Axis2P3D',#4205,#4206,#4207) ;
#4232=AXIS2_PLACEMENT_3D('Cylinder Axis2P3D',#4229,#4230,#4231) ;
#4236=AXIS2_PLACEMENT_3D('Circle Axis2P3D',#4234,#4235,$) ;
#4263=AXIS2_PLACEMENT_3D('Plane Axis2P3D',#4260,#4261,#4262) ;
#4287=AXIS2_PLACEMENT_3D('Cylinder Axis2P3D',#4284,#4285,#4286) ;
#4291=AXIS2_PLACEMENT_3D('Circle Axis2P3D',#4289,#4290,$) ;
#4330=AXIS2_PLACEMENT_3D('Cylinder Axis2P3D',#4327,#4328,#4329) ;
#4334=AXIS2_PLACEMENT_3D('Circle Axis2P3D',#4332,#4333,$) ;
#4354=AXIS2_PLACEMENT_3D('Cylinder Axis2P3D',#4351,#4352,#4353) ;
#4358=AXIS2_PLACEMENT_3D('Circle Axis2P3D',#4356,#4357,$) ;
#4365=AXIS2_PLACEMENT_3D('Circle Axis2P3D',#4363,#4364,$) ;
#4387=AXIS2_PLACEMENT_3D('Cylinder Axis2P3D',#4384,#4385,#4386) ;
#4405=AXIS2_PLACEMENT_3D('Circle Axis2P3D',#4403,#4404,$) ;
#4412=AXIS2_PLACEMENT_3D('Circle Axis2P3D',#4410,#4411,$) ;
#4427=AXIS2_PLACEMENT_3D('Cylinder Axis2P3D',#4424,#4425,#4426) ;
#4431=AXIS2_PLACEMENT_3D('Circle Axis2P3D',#4429,#4430,$) ;
#4470=AXIS2_PLACEMENT_3D('Cylinder Axis2P3D',#4467,#4468,#4469) ;
#4474=AXIS2_PLACEMENT_3D('Circle Axis2P3D',#4472,#4473,$) ;
#4494=AXIS2_PLACEMENT_3D('Plane Axis2P3D',#4491,#4492,#4493) ;
#4518=AXIS2_PLACEMENT_3D('Cylinder Axis2P3D',#4515,#4516,#4517) ;
#4522=AXIS2_PLACEMENT_3D('Circle Axis2P3D',#4520,#4521,$) ;
#4542=AXIS2_PLACEMENT_3D('Plane Axis2P3D',#4539,#4540,#4541) ;
#4559=AXIS2_PLACEMENT_3D('Cylinder Axis2P3D',#4556,#4557,#4558) ;
#4563=AXIS2_PLACEMENT_3D('Circle Axis2P3D',#4561,#4562,$) ;
#4579=AXIS2_PLACEMENT_3D('Circle Axis2P3D',#4577,#4578,$) ;
#4598=AXIS2_PLACEMENT_3D('Circle Axis2P3D',#4596,#4597,$) ;
#4603=AXIS2_PLACEMENT_3D('Circle Axis2P3D',#4601,#4602,$) ;
#4616=AXIS2_PLACEMENT_3D('Cylinder Axis2P3D',#4613,#4614,#4615) ;
#4620=AXIS2_PLACEMENT_3D('Circle Axis2P3D',#4618,#4619,$) ;
#4636=AXIS2_PLACEMENT_3D('Circle Axis2P3D',#4634,#4635,$) ;
#4655=AXIS2_PLACEMENT_3D('Circle Axis2P3D',#4653,#4654,$) ;
#4660=AXIS2_PLACEMENT_3D('Circle Axis2P3D',#4658,#4659,$) ;
#4673=AXIS2_PLACEMENT_3D('Cylinder Axis2P3D',#4670,#4671,#4672) ;
#4690=AXIS2_PLACEMENT_3D('Cylinder Axis2P3D',#4687,#4688,#4689) ;
#4707=AXIS2_PLACEMENT_3D('Cylinder Axis2P3D',#4704,#4705,#4706) ;
#4724=AXIS2_PLACEMENT_3D('Plane Axis2P3D',#4721,#4722,#4723) ;
#4741=AXIS2_PLACEMENT_3D('Cylinder Axis2P3D',#4738,#4739,#4740) ;
#4824=AXIS2_PLACEMENT_3D('Cylinder Axis2P3D',#4821,#4822,#4823) ;
#4837=AXIS2_PLACEMENT_3D('Circle Axis2P3D',#4835,#4836,$) ;
#4851=AXIS2_PLACEMENT_3D('Circle Axis2P3D',#4849,#4850,$) ;
#4871=AXIS2_PLACEMENT_3D('Circle Axis2P3D',#4869,#4870,$) ;
#4876=AXIS2_PLACEMENT_3D('Circle Axis2P3D',#4874,#4875,$) ;
#4890=AXIS2_PLACEMENT_3D('Cylinder Axis2P3D',#4887,#4888,#4889) ;
#4903=AXIS2_PLACEMENT_3D('Circle Axis2P3D',#4901,#4902,$) ;
#4917=AXIS2_PLACEMENT_3D('Circle Axis2P3D',#4915,#4916,$) ;
#4930=AXIS2_PLACEMENT_3D('Circle Axis2P3D',#4928,#4929,$) ;
#4935=AXIS2_PLACEMENT_3D('Circle Axis2P3D',#4933,#4934,$) ;
#4949=AXIS2_PLACEMENT_3D('Cylinder Axis2P3D',#4946,#4947,#4948) ;
#4962=AXIS2_PLACEMENT_3D('Circle Axis2P3D',#4960,#4961,$) ;
#4976=AXIS2_PLACEMENT_3D('Circle Axis2P3D',#4974,#4975,$) ;
#4989=AXIS2_PLACEMENT_3D('Circle Axis2P3D',#4987,#4988,$) ;
#4994=AXIS2_PLACEMENT_3D('Circle Axis2P3D',#4992,#4993,$) ;
#5008=AXIS2_PLACEMENT_3D('Cylinder Axis2P3D',#5005,#5006,#5007) ;
#5021=AXIS2_PLACEMENT_3D('Circle Axis2P3D',#5019,#5020,$) ;
#5035=AXIS2_PLACEMENT_3D('Circle Axis2P3D',#5033,#5034,$) ;
#5048=AXIS2_PLACEMENT_3D('Circle Axis2P3D',#5046,#5047,$) ;
#5053=AXIS2_PLACEMENT_3D('Circle Axis2P3D',#5051,#5052,$) ;
#5067=AXIS2_PLACEMENT_3D('Cylinder Axis2P3D',#5064,#5065,#5066) ;
#5080=AXIS2_PLACEMENT_3D('Circle Axis2P3D',#5078,#5079,$) ;
#5094=AXIS2_PLACEMENT_3D('Circle Axis2P3D',#5092,#5093,$) ;
#5107=AXIS2_PLACEMENT_3D('Circle Axis2P3D',#5105,#5106,$) ;
#5112=AXIS2_PLACEMENT_3D('Circle Axis2P3D',#5110,#5111,$) ;
#5126=AXIS2_PLACEMENT_3D('Cylinder Axis2P3D',#5123,#5124,#5125) ;
#5139=AXIS2_PLACEMENT_3D('Circle Axis2P3D',#5137,#5138,$) ;
#5153=AXIS2_PLACEMENT_3D('Circle Axis2P3D',#5151,#5152,$) ;
#5166=AXIS2_PLACEMENT_3D('Circle Axis2P3D',#5164,#5165,$) ;
#5171=AXIS2_PLACEMENT_3D('Circle Axis2P3D',#5169,#5170,$) ;
#5185=AXIS2_PLACEMENT_3D('Cylinder Axis2P3D',#5182,#5183,#5184) ;
#5198=AXIS2_PLACEMENT_3D('Circle Axis2P3D',#5196,#5197,$) ;
#5212=AXIS2_PLACEMENT_3D('Circle Axis2P3D',#5210,#5211,$) ;
#5225=AXIS2_PLACEMENT_3D('Circle Axis2P3D',#5223,#5224,$) ;
#5230=AXIS2_PLACEMENT_3D('Circle Axis2P3D',#5228,#5229,$) ;
#5244=AXIS2_PLACEMENT_3D('Cylinder Axis2P3D',#5241,#5242,#5243) ;
#5257=AXIS2_PLACEMENT_3D('Circle Axis2P3D',#5255,#5256,$) ;
#5271=AXIS2_PLACEMENT_3D('Circle Axis2P3D',#5269,#5270,$) ;
#5284=AXIS2_PLACEMENT_3D('Circle Axis2P3D',#5282,#5283,$) ;
#5289=AXIS2_PLACEMENT_3D('Circle Axis2P3D',#5287,#5288,$) ;
#5303=AXIS2_PLACEMENT_3D('Cylinder Axis2P3D',#5300,#5301,#5302) ;
#5316=AXIS2_PLACEMENT_3D('Circle Axis2P3D',#5314,#5315,$) ;
#5330=AXIS2_PLACEMENT_3D('Circle Axis2P3D',#5328,#5329,$) ;
#5343=AXIS2_PLACEMENT_3D('Circle Axis2P3D',#5341,#5342,$) ;
#5348=AXIS2_PLACEMENT_3D('Circle Axis2P3D',#5346,#5347,$) ;
#5362=AXIS2_PLACEMENT_3D('Cylinder Axis2P3D',#5359,#5360,#5361) ;
#5375=AXIS2_PLACEMENT_3D('Circle Axis2P3D',#5373,#5374,$) ;
#5389=AXIS2_PLACEMENT_3D('Circle Axis2P3D',#5387,#5388,$) ;
#5402=AXIS2_PLACEMENT_3D('Circle Axis2P3D',#5400,#5401,$) ;
#5407=AXIS2_PLACEMENT_3D('Circle Axis2P3D',#5405,#5406,$) ;
#5421=AXIS2_PLACEMENT_3D('Cylinder Axis2P3D',#5418,#5419,#5420) ;
#5434=AXIS2_PLACEMENT_3D('Circle Axis2P3D',#5432,#5433,$) ;
#5448=AXIS2_PLACEMENT_3D('Circle Axis2P3D',#5446,#5447,$) ;
#5461=AXIS2_PLACEMENT_3D('Circle Axis2P3D',#5459,#5460,$) ;
#5466=AXIS2_PLACEMENT_3D('Circle Axis2P3D',#5464,#5465,$) ;
#5480=AXIS2_PLACEMENT_3D('Cylinder Axis2P3D',#5477,#5478,#5479) ;
#5493=AXIS2_PLACEMENT_3D('Circle Axis2P3D',#5491,#5492,$) ;
#5507=AXIS2_PLACEMENT_3D('Circle Axis2P3D',#5505,#5506,$) ;
#5520=AXIS2_PLACEMENT_3D('Circle Axis2P3D',#5518,#5519,$) ;
#5525=AXIS2_PLACEMENT_3D('Circle Axis2P3D',#5523,#5524,$) ;
#5539=AXIS2_PLACEMENT_3D('Cylinder Axis2P3D',#5536,#5537,#5538) ;
#5552=AXIS2_PLACEMENT_3D('Circle Axis2P3D',#5550,#5551,$) ;
#5566=AXIS2_PLACEMENT_3D('Circle Axis2P3D',#5564,#5565,$) ;
#5579=AXIS2_PLACEMENT_3D('Circle Axis2P3D',#5577,#5578,$) ;
#5584=AXIS2_PLACEMENT_3D('Circle Axis2P3D',#5582,#5583,$) ;
#5598=AXIS2_PLACEMENT_3D('Cylinder Axis2P3D',#5595,#5596,#5597) ;
#5611=AXIS2_PLACEMENT_3D('Circle Axis2P3D',#5609,#5610,$) ;
#5625=AXIS2_PLACEMENT_3D('Circle Axis2P3D',#5623,#5624,$) ;
#5638=AXIS2_PLACEMENT_3D('Circle Axis2P3D',#5636,#5637,$) ;
#5643=AXIS2_PLACEMENT_3D('Circle Axis2P3D',#5641,#5642,$) ;
#5657=AXIS2_PLACEMENT_3D('Cylinder Axis2P3D',#5654,#5655,#5656) ;
#5670=AXIS2_PLACEMENT_3D('Circle Axis2P3D',#5668,#5669,$) ;
#5684=AXIS2_PLACEMENT_3D('Circle Axis2P3D',#5682,#5683,$) ;
#5697=AXIS2_PLACEMENT_3D('Circle Axis2P3D',#5695,#5696,$) ;
#5702=AXIS2_PLACEMENT_3D('Circle Axis2P3D',#5700,#5701,$) ;
#5716=AXIS2_PLACEMENT_3D('Cylinder Axis2P3D',#5713,#5714,#5715) ;
#5729=AXIS2_PLACEMENT_3D('Circle Axis2P3D',#5727,#5728,$) ;
#5743=AXIS2_PLACEMENT_3D('Circle Axis2P3D',#5741,#5742,$) ;
#5756=AXIS2_PLACEMENT_3D('Circle Axis2P3D',#5754,#5755,$) ;
#5761=AXIS2_PLACEMENT_3D('Circle Axis2P3D',#5759,#5760,$) ;
#5775=AXIS2_PLACEMENT_3D('Cylinder Axis2P3D',#5772,#5773,#5774) ;
#5788=AXIS2_PLACEMENT_3D('Circle Axis2P3D',#5786,#5787,$) ;
#5802=AXIS2_PLACEMENT_3D('Circle Axis2P3D',#5800,#5801,$) ;
#5815=AXIS2_PLACEMENT_3D('Circle Axis2P3D',#5813,#5814,$) ;
#5820=AXIS2_PLACEMENT_3D('Circle Axis2P3D',#5818,#5819,$) ;
#5834=AXIS2_PLACEMENT_3D('Cylinder Axis2P3D',#5831,#5832,#5833) ;
#5847=AXIS2_PLACEMENT_3D('Circle Axis2P3D',#5845,#5846,$) ;
#5861=AXIS2_PLACEMENT_3D('Circle Axis2P3D',#5859,#5860,$) ;
#5875=AXIS2_PLACEMENT_3D('Plane Axis2P3D',#5872,#5873,#5874) ;
#5907=AXIS2_PLACEMENT_3D('Cylinder Axis2P3D',#5904,#5905,#5906) ;
#5920=AXIS2_PLACEMENT_3D('Circle Axis2P3D',#5918,#5919,$) ;
#5925=AXIS2_PLACEMENT_3D('Circle Axis2P3D',#5923,#5924,$) ;
#5939=AXIS2_PLACEMENT_3D('Plane Axis2P3D',#5936,#5937,#5938) ;
#5962=AXIS2_PLACEMENT_3D('Cylinder Axis2P3D',#5959,#5960,#5961) ;
#5975=AXIS2_PLACEMENT_3D('Circle Axis2P3D',#5973,#5974,$) ;
#5989=AXIS2_PLACEMENT_3D('Circle Axis2P3D',#5987,#5988,$) ;
#6030=AXIS2_PLACEMENT_3D('Cylinder Axis2P3D',#6027,#6028,#6029) ;
#6043=AXIS2_PLACEMENT_3D('Circle Axis2P3D',#6041,#6042,$) ;
#6048=AXIS2_PLACEMENT_3D('Circle Axis2P3D',#6046,#6047,$) ;
#6080=AXIS2_PLACEMENT_3D('Cylinder Axis2P3D',#6077,#6078,#6079) ;
#6093=AXIS2_PLACEMENT_3D('Circle Axis2P3D',#6091,#6092,$) ;
#6107=AXIS2_PLACEMENT_3D('Circle Axis2P3D',#6105,#6106,$) ;
#6120=AXIS2_PLACEMENT_3D('Circle Axis2P3D',#6118,#6119,$) ;
#6125=AXIS2_PLACEMENT_3D('Circle Axis2P3D',#6123,#6124,$) ;
#6139=AXIS2_PLACEMENT_3D('Cylinder Axis2P3D',#6136,#6137,#6138) ;
#6152=AXIS2_PLACEMENT_3D('Circle Axis2P3D',#6150,#6151,$) ;
#6166=AXIS2_PLACEMENT_3D('Circle Axis2P3D',#6164,#6165,$) ;
#6179=AXIS2_PLACEMENT_3D('Circle Axis2P3D',#6177,#6178,$) ;
#6184=AXIS2_PLACEMENT_3D('Circle Axis2P3D',#6182,#6183,$) ;
#6198=AXIS2_PLACEMENT_3D('Cylinder Axis2P3D',#6195,#6196,#6197) ;
#6211=AXIS2_PLACEMENT_3D('Circle Axis2P3D',#6209,#6210,$) ;
#6225=AXIS2_PLACEMENT_3D('Circle Axis2P3D',#6223,#6224,$) ;
#6238=AXIS2_PLACEMENT_3D('Circle Axis2P3D',#6236,#6237,$) ;
#6243=AXIS2_PLACEMENT_3D('Circle Axis2P3D',#6241,#6242,$) ;
#6257=AXIS2_PLACEMENT_3D('Cylinder Axis2P3D',#6254,#6255,#6256) ;
#6270=AXIS2_PLACEMENT_3D('Circle Axis2P3D',#6268,#6269,$) ;
#6284=AXIS2_PLACEMENT_3D('Circle Axis2P3D',#6282,#6283,$) ;
#6297=AXIS2_PLACEMENT_3D('Circle Axis2P3D',#6295,#6296,$) ;
#6302=AXIS2_PLACEMENT_3D('Circle Axis2P3D',#6300,#6301,$) ;
#6316=AXIS2_PLACEMENT_3D('Cylinder Axis2P3D',#6313,#6314,#6315) ;
#6329=AXIS2_PLACEMENT_3D('Circle Axis2P3D',#6327,#6328,$) ;
#6343=AXIS2_PLACEMENT_3D('Circle Axis2P3D',#6341,#6342,$) ;
#6356=AXIS2_PLACEMENT_3D('Circle Axis2P3D',#6354,#6355,$) ;
#6361=AXIS2_PLACEMENT_3D('Circle Axis2P3D',#6359,#6360,$) ;
#6375=AXIS2_PLACEMENT_3D('Cylinder Axis2P3D',#6372,#6373,#6374) ;
#6388=AXIS2_PLACEMENT_3D('Circle Axis2P3D',#6386,#6387,$) ;
#6402=AXIS2_PLACEMENT_3D('Circle Axis2P3D',#6400,#6401,$) ;
#6415=AXIS2_PLACEMENT_3D('Circle Axis2P3D',#6413,#6414,$) ;
#6420=AXIS2_PLACEMENT_3D('Circle Axis2P3D',#6418,#6419,$) ;
#6434=AXIS2_PLACEMENT_3D('Cylinder Axis2P3D',#6431,#6432,#6433) ;
#6447=AXIS2_PLACEMENT_3D('Circle Axis2P3D',#6445,#6446,$) ;
#6461=AXIS2_PLACEMENT_3D('Circle Axis2P3D',#6459,#6460,$) ;
#6474=AXIS2_PLACEMENT_3D('Circle Axis2P3D',#6472,#6473,$) ;
#6479=AXIS2_PLACEMENT_3D('Circle Axis2P3D',#6477,#6478,$) ;
#6493=AXIS2_PLACEMENT_3D('Cylinder Axis2P3D',#6490,#6491,#6492) ;
#6506=AXIS2_PLACEMENT_3D('Circle Axis2P3D',#6504,#6505,$) ;
#6520=AXIS2_PLACEMENT_3D('Circle Axis2P3D',#6518,#6519,$) ;
#6533=AXIS2_PLACEMENT_3D('Circle Axis2P3D',#6531,#6532,$) ;
#6538=AXIS2_PLACEMENT_3D('Circle Axis2P3D',#6536,#6537,$) ;
#6552=AXIS2_PLACEMENT_3D('Cylinder Axis2P3D',#6549,#6550,#6551) ;
#6565=AXIS2_PLACEMENT_3D('Circle Axis2P3D',#6563,#6564,$) ;
#6579=AXIS2_PLACEMENT_3D('Circle Axis2P3D',#6577,#6578,$) ;
#6592=AXIS2_PLACEMENT_3D('Circle Axis2P3D',#6590,#6591,$) ;
#6597=AXIS2_PLACEMENT_3D('Circle Axis2P3D',#6595,#6596,$) ;
#6611=AXIS2_PLACEMENT_3D('Cylinder Axis2P3D',#6608,#6609,#6610) ;
#6624=AXIS2_PLACEMENT_3D('Circle Axis2P3D',#6622,#6623,$) ;
#6638=AXIS2_PLACEMENT_3D('Circle Axis2P3D',#6636,#6637,$) ;
#6651=AXIS2_PLACEMENT_3D('Circle Axis2P3D',#6649,#6650,$) ;
#6656=AXIS2_PLACEMENT_3D('Circle Axis2P3D',#6654,#6655,$) ;
#6670=AXIS2_PLACEMENT_3D('Cylinder Axis2P3D',#6667,#6668,#6669) ;
#6683=AXIS2_PLACEMENT_3D('Circle Axis2P3D',#6681,#6682,$) ;
#6697=AXIS2_PLACEMENT_3D('Circle Axis2P3D',#6695,#6696,$) ;
#6710=AXIS2_PLACEMENT_3D('Circle Axis2P3D',#6708,#6709,$) ;
#6715=AXIS2_PLACEMENT_3D('Circle Axis2P3D',#6713,#6714,$) ;
#6729=AXIS2_PLACEMENT_3D('Cylinder Axis2P3D',#6726,#6727,#6728) ;
#6742=AXIS2_PLACEMENT_3D('Circle Axis2P3D',#6740,#6741,$) ;
#6756=AXIS2_PLACEMENT_3D('Circle Axis2P3D',#6754,#6755,$) ;
#6769=AXIS2_PLACEMENT_3D('Circle Axis2P3D',#6767,#6768,$) ;
#6774=AXIS2_PLACEMENT_3D('Circle Axis2P3D',#6772,#6773,$) ;
#6788=AXIS2_PLACEMENT_3D('Cylinder Axis2P3D',#6785,#6786,#6787) ;
#6801=AXIS2_PLACEMENT_3D('Circle Axis2P3D',#6799,#6800,$) ;
#6815=AXIS2_PLACEMENT_3D('Circle Axis2P3D',#6813,#6814,$) ;
#6828=AXIS2_PLACEMENT_3D('Circle Axis2P3D',#6826,#6827,$) ;
#6833=AXIS2_PLACEMENT_3D('Circle Axis2P3D',#6831,#6832,$) ;
#6847=AXIS2_PLACEMENT_3D('Cylinder Axis2P3D',#6844,#6845,#6846) ;
#6860=AXIS2_PLACEMENT_3D('Circle Axis2P3D',#6858,#6859,$) ;
#6874=AXIS2_PLACEMENT_3D('Circle Axis2P3D',#6872,#6873,$) ;
#6887=AXIS2_PLACEMENT_3D('Circle Axis2P3D',#6885,#6886,$) ;
#6892=AXIS2_PLACEMENT_3D('Circle Axis2P3D',#6890,#6891,$) ;
#6906=AXIS2_PLACEMENT_3D('Cylinder Axis2P3D',#6903,#6904,#6905) ;
#6919=AXIS2_PLACEMENT_3D('Circle Axis2P3D',#6917,#6918,$) ;
#6933=AXIS2_PLACEMENT_3D('Circle Axis2P3D',#6931,#6932,$) ;
#6946=AXIS2_PLACEMENT_3D('Circle Axis2P3D',#6944,#6945,$) ;
#6951=AXIS2_PLACEMENT_3D('Circle Axis2P3D',#6949,#6950,$) ;
#6965=AXIS2_PLACEMENT_3D('Cylinder Axis2P3D',#6962,#6963,#6964) ;
#6978=AXIS2_PLACEMENT_3D('Circle Axis2P3D',#6976,#6977,$) ;
#6992=AXIS2_PLACEMENT_3D('Circle Axis2P3D',#6990,#6991,$) ;
#7005=AXIS2_PLACEMENT_3D('Circle Axis2P3D',#7003,#7004,$) ;
#7010=AXIS2_PLACEMENT_3D('Circle Axis2P3D',#7008,#7009,$) ;
#7024=AXIS2_PLACEMENT_3D('Cylinder Axis2P3D',#7021,#7022,#7023) ;
#7037=AXIS2_PLACEMENT_3D('Circle Axis2P3D',#7035,#7036,$) ;
#7051=AXIS2_PLACEMENT_3D('Circle Axis2P3D',#7049,#7050,$) ;
#7064=AXIS2_PLACEMENT_3D('Circle Axis2P3D',#7062,#7063,$) ;
#7069=AXIS2_PLACEMENT_3D('Circle Axis2P3D',#7067,#7068,$) ;
#7083=AXIS2_PLACEMENT_3D('Cylinder Axis2P3D',#7080,#7081,#7082) ;
#7096=AXIS2_PLACEMENT_3D('Circle Axis2P3D',#7094,#7095,$) ;
#7110=AXIS2_PLACEMENT_3D('Circle Axis2P3D',#7108,#7109,$) ;
#7124=AXIS2_PLACEMENT_3D('Plane Axis2P3D',#7121,#7122,#7123) ;
#7156=AXIS2_PLACEMENT_3D('Cylinder Axis2P3D',#7153,#7154,#7155) ;
#7160=AXIS2_PLACEMENT_3D('Circle Axis2P3D',#7158,#7159,$) ;
#7174=AXIS2_PLACEMENT_3D('Circle Axis2P3D',#7172,#7173,$) ;
#7188=AXIS2_PLACEMENT_3D('Plane Axis2P3D',#7185,#7186,#7187) ;
#7211=AXIS2_PLACEMENT_3D('Cylinder Axis2P3D',#7208,#7209,#7210) ;
#7224=AXIS2_PLACEMENT_3D('Circle Axis2P3D',#7222,#7223,$) ;
#7238=AXIS2_PLACEMENT_3D('Circle Axis2P3D',#7236,#7237,$) ;
#7279=AXIS2_PLACEMENT_3D('Cylinder Axis2P3D',#7276,#7277,#7278) ;
#7283=AXIS2_PLACEMENT_3D('Circle Axis2P3D',#7281,#7282,$) ;
#7297=AXIS2_PLACEMENT_3D('Circle Axis2P3D',#7295,#7296,$) ;
#7329=AXIS2_PLACEMENT_3D('Cylinder Axis2P3D',#7326,#7327,#7328) ;
#7340=AXIS2_PLACEMENT_3D('Circle Axis2P3D',#7338,#7339,$) ;
#7361=AXIS2_PLACEMENT_3D('Plane Axis2P3D',#7358,#7359,#7360) ;
#7386=AXIS2_PLACEMENT_3D('Cylinder Axis2P3D',#7383,#7384,#7385) ;
#7404=AXIS2_PLACEMENT_3D('Circle Axis2P3D',#7402,#7403,$) ;
#7418=AXIS2_PLACEMENT_3D('Plane Axis2P3D',#7415,#7416,#7417) ;
#7443=AXIS2_PLACEMENT_3D('Cylinder Axis2P3D',#7440,#7441,#7442) ;
#7454=AXIS2_PLACEMENT_3D('Circle Axis2P3D',#7452,#7453,$) ;
#7468=AXIS2_PLACEMENT_3D('Plane Axis2P3D',#7465,#7466,#7467) ;
#7500=AXIS2_PLACEMENT_3D('Cylinder Axis2P3D',#7497,#7498,#7499) ;
#7511=AXIS2_PLACEMENT_3D('Circle Axis2P3D',#7509,#7510,$) ;
#7525=AXIS2_PLACEMENT_3D('Plane Axis2P3D',#7522,#7523,#7524) ;
#7543=AXIS2_PLACEMENT_3D('Plane Axis2P3D',#7540,#7541,#7542) ;
#7547=AXIS2_PLACEMENT_3D('Circle Axis2P3D',#7545,#7546,$) ;
#7552=AXIS2_PLACEMENT_3D('Circle Axis2P3D',#7550,#7551,$) ;
#7571=AXIS2_PLACEMENT_3D('Circle Axis2P3D',#7569,#7570,$) ;
#7576=AXIS2_PLACEMENT_3D('Circle Axis2P3D',#7574,#7575,$) ;
#7646=AXIS2_PLACEMENT_3D('Cylinder Axis2P3D',#7643,#7644,#7645) ;
#7657=AXIS2_PLACEMENT_3D('Circle Axis2P3D',#7655,#7656,$) ;
#7677=AXIS2_PLACEMENT_3D('Circle Axis2P3D',#7675,#7676,$) ;
#7691=AXIS2_PLACEMENT_3D('Plane Axis2P3D',#7688,#7689,#7690) ;
#7706=AXIS2_PLACEMENT_3D('Cylinder Axis2P3D',#7703,#7704,#7705) ;
#7717=AXIS2_PLACEMENT_3D('Circle Axis2P3D',#7715,#7716,$) ;
#7737=AXIS2_PLACEMENT_3D('Circle Axis2P3D',#7735,#7736,$) ;
#7761=AXIS2_PLACEMENT_3D('Cylinder Axis2P3D',#7758,#7759,#7760) ;
#7772=AXIS2_PLACEMENT_3D('Circle Axis2P3D',#7770,#7771,$) ;
#7792=AXIS2_PLACEMENT_3D('Circle Axis2P3D',#7790,#7791,$) ;
#7816=AXIS2_PLACEMENT_3D('Cylinder Axis2P3D',#7813,#7814,#7815) ;
#7827=AXIS2_PLACEMENT_3D('Circle Axis2P3D',#7825,#7826,$) ;
#7847=AXIS2_PLACEMENT_3D('Circle Axis2P3D',#7845,#7846,$) ;
#7871=AXIS2_PLACEMENT_3D('Plane Axis2P3D',#7868,#7869,#7870) ;
#7889=AXIS2_PLACEMENT_3D('Plane Axis2P3D',#7886,#7887,#7888) ;
#7999=AXIS2_PLACEMENT_3D('Plane Axis2P3D',#7996,#7997,#7998) ;
#8122=AXIS2_PLACEMENT_3D('Plane Axis2P3D',#8119,#8120,#8121) ;
#8363=AXIS2_PLACEMENT_3D('Plane Axis2P3D',#8360,#8361,#8362) ;
#8387=AXIS2_PLACEMENT_3D('Cylinder Axis2P3D',#8384,#8385,#8386) ;
#8399=AXIS2_PLACEMENT_3D('Cylinder Axis2P3D',#8396,#8397,#8398) ;
#8418=AXIS2_PLACEMENT_3D('Plane Axis2P3D',#8415,#8416,#8417) ;
#8435=AXIS2_PLACEMENT_3D('Cylinder Axis2P3D',#8432,#8433,#8434) ;
#8452=AXIS2_PLACEMENT_3D('Plane Axis2P3D',#8449,#8450,#8451) ;
#8469=AXIS2_PLACEMENT_3D('Cylinder Axis2P3D',#8466,#8467,#8468) ;
#8481=AXIS2_PLACEMENT_3D('Cylinder Axis2P3D',#8478,#8479,#8480) ;
#8503=AXIS2_PLACEMENT_3D('Plane Axis2P3D',#8500,#8501,#8502) ;
#8520=AXIS2_PLACEMENT_3D('Cylinder Axis2P3D',#8517,#8518,#8519) ;
#8537=AXIS2_PLACEMENT_3D('Plane Axis2P3D',#8534,#8535,#8536) ;
#8554=AXIS2_PLACEMENT_3D('Cylinder Axis2P3D',#8551,#8552,#8553) ;
#8583=AXIS2_PLACEMENT_3D('Cylinder Axis2P3D',#8580,#8581,#8582) ;
#8600=AXIS2_PLACEMENT_3D('Plane Axis2P3D',#8597,#8598,#8599) ;
#8612=AXIS2_PLACEMENT_3D('Cylinder Axis2P3D',#8609,#8610,#8611) ;
#8634=AXIS2_PLACEMENT_3D('Plane Axis2P3D',#8631,#8632,#8633) ;
#8651=AXIS2_PLACEMENT_3D('Cylinder Axis2P3D',#8648,#8649,#8650) ;
#8680=AXIS2_PLACEMENT_3D('Cylinder Axis2P3D',#8677,#8678,#8679) ;
#8697=AXIS2_PLACEMENT_3D('Plane Axis2P3D',#8694,#8695,#8696) ;
#8714=AXIS2_PLACEMENT_3D('Cylinder Axis2P3D',#8711,#8712,#8713) ;
#8757=AXIS2_PLACEMENT_3D('Cylinder Axis2P3D',#8754,#8755,#8756) ;
#8774=AXIS2_PLACEMENT_3D('Cylinder Axis2P3D',#8771,#8772,#8773) ;
#8786=AXIS2_PLACEMENT_3D('Plane Axis2P3D',#8783,#8784,#8785) ;
#8803=AXIS2_PLACEMENT_3D('Cylinder Axis2P3D',#8800,#8801,#8802) ;
#8834=AXIS2_PLACEMENT_3D('Cylinder Axis2P3D',#8831,#8832,#8833) ;
#8846=AXIS2_PLACEMENT_3D('Cylinder Axis2P3D',#8843,#8844,#8845) ;
#8877=AXIS2_PLACEMENT_3D('Cylinder Axis2P3D',#8874,#8875,#8876) ;
#8908=AXIS2_PLACEMENT_3D('Cylinder Axis2P3D',#8905,#8906,#8907) ;
#8939=AXIS2_PLACEMENT_3D('Cylinder Axis2P3D',#8936,#8937,#8938) ;
#8982=AXIS2_PLACEMENT_3D('Cylinder Axis2P3D',#8979,#8980,#8981) ;
#8986=AXIS2_PLACEMENT_3D('Circle Axis2P3D',#8984,#8985,$) ;
#9002=AXIS2_PLACEMENT_3D('Circle Axis2P3D',#9000,#9001,$) ;
#9022=AXIS2_PLACEMENT_3D('Plane Axis2P3D',#9019,#9020,#9021) ;
#9053=AXIS2_PLACEMENT_3D('Plane Axis2P3D',#9050,#9051,#9052) ;
#9084=AXIS2_PLACEMENT_3D('Plane Axis2P3D',#9081,#9082,#9083) ;
#9115=AXIS2_PLACEMENT_3D('Cylinder Axis2P3D',#9112,#9113,#9114) ;
#9119=AXIS2_PLACEMENT_3D('Circle Axis2P3D',#9117,#9118,$) ;
#9133=AXIS2_PLACEMENT_3D('Circle Axis2P3D',#9131,#9132,$) ;
#9146=AXIS2_PLACEMENT_3D('Plane Axis2P3D',#9143,#9144,#9145) ;
#9177=AXIS2_PLACEMENT_3D('Cylinder Axis2P3D',#9174,#9175,#9176) ;
#9181=AXIS2_PLACEMENT_3D('Circle Axis2P3D',#9179,#9180,$) ;
#9195=AXIS2_PLACEMENT_3D('Circle Axis2P3D',#9193,#9194,$) ;
#9208=AXIS2_PLACEMENT_3D('Plane Axis2P3D',#9205,#9206,#9207) ;
#9239=AXIS2_PLACEMENT_3D('Cylinder Axis2P3D',#9236,#9237,#9238) ;
#9243=AXIS2_PLACEMENT_3D('Circle Axis2P3D',#9241,#9242,$) ;
#9257=AXIS2_PLACEMENT_3D('Circle Axis2P3D',#9255,#9256,$) ;
#9270=AXIS2_PLACEMENT_3D('Plane Axis2P3D',#9267,#9268,#9269) ;
#9301=AXIS2_PLACEMENT_3D('Cylinder Axis2P3D',#9298,#9299,#9300) ;
#9305=AXIS2_PLACEMENT_3D('Circle Axis2P3D',#9303,#9304,$) ;
#9319=AXIS2_PLACEMENT_3D('Circle Axis2P3D',#9317,#9318,$) ;
#9332=AXIS2_PLACEMENT_3D('Plane Axis2P3D',#9329,#9330,#9331) ;
#9389=AXIS2_PLACEMENT_3D('Plane Axis2P3D',#9386,#9387,#9388) ;
#9420=AXIS2_PLACEMENT_3D('Cylinder Axis2P3D',#9417,#9418,#9419) ;
#9424=AXIS2_PLACEMENT_3D('Circle Axis2P3D',#9422,#9423,$) ;
#9438=AXIS2_PLACEMENT_3D('Circle Axis2P3D',#9436,#9437,$) ;
#9451=AXIS2_PLACEMENT_3D('Plane Axis2P3D',#9448,#9449,#9450) ;
#9473=AXIS2_PLACEMENT_3D('Plane Axis2P3D',#9470,#9471,#9472) ;
#9497=AXIS2_PLACEMENT_3D('Plane Axis2P3D',#9494,#9495,#9496) ;
#9524=AXIS2_PLACEMENT_3D('Cylinder Axis2P3D',#9521,#9522,#9523) ;
#9537=AXIS2_PLACEMENT_3D('Circle Axis2P3D',#9535,#9536,$) ;
#9551=AXIS2_PLACEMENT_3D('Circle Axis2P3D',#9549,#9550,$) ;
#9564=AXIS2_PLACEMENT_3D('Plane Axis2P3D',#9561,#9562,#9563) ;
#9595=AXIS2_PLACEMENT_3D('Plane Axis2P3D',#9592,#9593,#9594) ;
#9626=AXIS2_PLACEMENT_3D('Plane Axis2P3D',#9623,#9624,#9625) ;
#9657=AXIS2_PLACEMENT_3D('Cylinder Axis2P3D',#9654,#9655,#9656) ;
#9661=AXIS2_PLACEMENT_3D('Circle Axis2P3D',#9659,#9660,$) ;
#9675=AXIS2_PLACEMENT_3D('Circle Axis2P3D',#9673,#9674,$) ;
#9688=AXIS2_PLACEMENT_3D('Plane Axis2P3D',#9685,#9686,#9687) ;
#9719=AXIS2_PLACEMENT_3D('Cylinder Axis2P3D',#9716,#9717,#9718) ;
#9723=AXIS2_PLACEMENT_3D('Circle Axis2P3D',#9721,#9722,$) ;
#9737=AXIS2_PLACEMENT_3D('Circle Axis2P3D',#9735,#9736,$) ;
#9750=AXIS2_PLACEMENT_3D('Plane Axis2P3D',#9747,#9748,#9749) ;
#9781=AXIS2_PLACEMENT_3D('Cylinder Axis2P3D',#9778,#9779,#9780) ;
#9785=AXIS2_PLACEMENT_3D('Circle Axis2P3D',#9783,#9784,$) ;
#9799=AXIS2_PLACEMENT_3D('Circle Axis2P3D',#9797,#9798,$) ;
#9812=AXIS2_PLACEMENT_3D('Plane Axis2P3D',#9809,#9810,#9811) ;
#9843=AXIS2_PLACEMENT_3D('Cylinder Axis2P3D',#9840,#9841,#9842) ;
#9847=AXIS2_PLACEMENT_3D('Circle Axis2P3D',#9845,#9846,$) ;
#9861=AXIS2_PLACEMENT_3D('Circle Axis2P3D',#9859,#9860,$) ;
#9874=AXIS2_PLACEMENT_3D('Plane Axis2P3D',#9871,#9872,#9873) ;
#9931=AXIS2_PLACEMENT_3D('Plane Axis2P3D',#9928,#9929,#9930) ;
#9962=AXIS2_PLACEMENT_3D('Cylinder Axis2P3D',#9959,#9960,#9961) ;
#9966=AXIS2_PLACEMENT_3D('Circle Axis2P3D',#9964,#9965,$) ;
#9980=AXIS2_PLACEMENT_3D('Circle Axis2P3D',#9978,#9979,$) ;
#9993=AXIS2_PLACEMENT_3D('Plane Axis2P3D',#9990,#9991,#9992) ;
#10015=AXIS2_PLACEMENT_3D('Plane Axis2P3D',#10012,#10013,#10014) ;
#10039=AXIS2_PLACEMENT_3D('Plane Axis2P3D',#10036,#10037,#10038) ;
#48=LINE('Line',#45,#47) ;
#62=LINE('Line',#59,#61) ;
#88=LINE('Line',#85,#87) ;
#102=LINE('Line',#99,#101) ;
#116=LINE('Line',#113,#115) ;
#123=LINE('Line',#120,#122) ;
#130=LINE('Line',#127,#129) ;
#144=LINE('Line',#141,#143) ;
#158=LINE('Line',#155,#157) ;
#172=LINE('Line',#169,#171) ;
#179=LINE('Line',#176,#178) ;
#193=LINE('Line',#190,#192) ;
#207=LINE('Line',#204,#206) ;
#212=LINE('Line',#209,#211) ;
#226=LINE('Line',#223,#225) ;
#240=LINE('Line',#237,#239) ;
#247=LINE('Line',#244,#246) ;
#289=LINE('Line',#286,#288) ;
#303=LINE('Line',#300,#302) ;
#317=LINE('Line',#314,#316) ;
#324=LINE('Line',#321,#323) ;
#338=LINE('Line',#335,#337) ;
#352=LINE('Line',#349,#351) ;
#359=LINE('Line',#356,#358) ;
#373=LINE('Line',#370,#372) ;
#387=LINE('Line',#384,#386) ;
#408=LINE('Line',#405,#407) ;
#442=LINE('Line',#439,#441) ;
#458=LINE('Line',#455,#457) ;
#472=LINE('Line',#469,#471) ;
#486=LINE('Line',#483,#485) ;
#517=LINE('Line',#514,#516) ;
#531=LINE('Line',#528,#530) ;
#545=LINE('Line',#542,#544) ;
#559=LINE('Line',#556,#558) ;
#652=LINE('Line',#649,#651) ;
#659=LINE('Line',#656,#658) ;
#697=LINE('Line',#694,#696) ;
#714=LINE('Line',#711,#713) ;
#723=LINE('Line',#720,#722) ;
#737=LINE('Line',#734,#736) ;
#744=LINE('Line',#741,#743) ;
#749=LINE('Line',#746,#748) ;
#777=LINE('Line',#774,#776) ;
#794=LINE('Line',#791,#793) ;
#801=LINE('Line',#798,#800) ;
#825=LINE('Line',#822,#824) ;
#842=LINE('Line',#839,#841) ;
#849=LINE('Line',#846,#848) ;
#866=LINE('Line',#863,#865) ;
#882=LINE('Line',#879,#881) ;
#894=LINE('Line',#891,#893) ;
#922=LINE('Line',#919,#921) ;
#929=LINE('Line',#926,#928) ;
#936=LINE('Line',#933,#935) ;
#960=LINE('Line',#957,#959) ;
#984=LINE('Line',#981,#983) ;
#991=LINE('Line',#988,#990) ;
#998=LINE('Line',#995,#997) ;
#1022=LINE('Line',#1019,#1021) ;
#1046=LINE('Line',#1043,#1045) ;
#1055=LINE('Line',#1052,#1054) ;
#1060=LINE('Line',#1057,#1059) ;
#1077=LINE('Line',#1074,#1076) ;
#1108=LINE('Line',#1105,#1107) ;
#1115=LINE('Line',#1112,#1114) ;
#1122=LINE('Line',#1119,#1121) ;
#1146=LINE('Line',#1143,#1145) ;
#1170=LINE('Line',#1167,#1169) ;
#1177=LINE('Line',#1174,#1176) ;
#1184=LINE('Line',#1181,#1183) ;
#1208=LINE('Line',#1205,#1207) ;
#1232=LINE('Line',#1229,#1231) ;
#1241=LINE('Line',#1238,#1240) ;
#1246=LINE('Line',#1243,#1245) ;
#1263=LINE('Line',#1260,#1262) ;
#1289=LINE('Line',#1286,#1288) ;
#1298=LINE('Line',#1295,#1297) ;
#1303=LINE('Line',#1300,#1302) ;
#1327=LINE('Line',#1324,#1326) ;
#1351=LINE('Line',#1348,#1350) ;
#1358=LINE('Line',#1355,#1357) ;
#1365=LINE('Line',#1362,#1364) ;
#1389=LINE('Line',#1386,#1388) ;
#1408=LINE('Line',#1405,#1407) ;
#1415=LINE('Line',#1412,#1414) ;
#1422=LINE('Line',#1419,#1421) ;
#1439=LINE('Line',#1436,#1438) ;
#1470=LINE('Line',#1467,#1469) ;
#1477=LINE('Line',#1474,#1476) ;
#1484=LINE('Line',#1481,#1483) ;
#1491=LINE('Line',#1488,#1490) ;
#1496=LINE('Line',#1493,#1495) ;
#1503=LINE('Line',#1500,#1502) ;
#1531=LINE('Line',#1528,#1530) ;
#1548=LINE('Line',#1545,#1547) ;
#1574=LINE('Line',#1571,#1573) ;
#1588=LINE('Line',#1585,#1587) ;
#1605=LINE('Line',#1602,#1604) ;
#1612=LINE('Line',#1609,#1611) ;
#1619=LINE('Line',#1616,#1618) ;
#1650=LINE('Line',#1647,#1649) ;
#1667=LINE('Line',#1664,#1666) ;
#1674=LINE('Line',#1671,#1673) ;
#1681=LINE('Line',#1678,#1680) ;
#1712=LINE('Line',#1709,#1711) ;
#1743=LINE('Line',#1740,#1742) ;
#1785=LINE('Line',#1782,#1784) ;
#1806=LINE('Line',#1803,#1805) ;
#1846=LINE('Line',#1843,#1845) ;
#1863=LINE('Line',#1860,#1862) ;
#1870=LINE('Line',#1867,#1869) ;
#1877=LINE('Line',#1874,#1876) ;
#1908=LINE('Line',#1905,#1907) ;
#1925=LINE('Line',#1922,#1924) ;
#1932=LINE('Line',#1929,#1931) ;
#1939=LINE('Line',#1936,#1938) ;
#1970=LINE('Line',#1967,#1969) ;
#1987=LINE('Line',#1984,#1986) ;
#1992=LINE('Line',#1989,#1991) ;
#2018=LINE('Line',#2015,#2017) ;
#2032=LINE('Line',#2029,#2031) ;
#2075=LINE('Line',#2072,#2074) ;
#2089=LINE('Line',#2086,#2088) ;
#2123=LINE('Line',#2120,#2122) ;
#2132=LINE('Line',#2129,#2131) ;
#2146=LINE('Line',#2143,#2145) ;
#2160=LINE('Line',#2157,#2159) ;
#2167=LINE('Line',#2164,#2166) ;
#2174=LINE('Line',#2171,#2173) ;
#2179=LINE('Line',#2176,#2178) ;
#2184=LINE('Line',#2181,#2183) ;
#2191=LINE('Line',#2188,#2190) ;
#2205=LINE('Line',#2202,#2204) ;
#2219=LINE('Line',#2216,#2218) ;
#2266=LINE('Line',#2263,#2265) ;
#2280=LINE('Line',#2277,#2279) ;
#2294=LINE('Line',#2291,#2293) ;
#2346=LINE('Line',#2343,#2345) ;
#2360=LINE('Line',#2357,#2359) ;
#2374=LINE('Line',#2371,#2373) ;
#2409=LINE('Line',#2406,#2408) ;
#2423=LINE('Line',#2420,#2422) ;
#2437=LINE('Line',#2434,#2436) ;
#2451=LINE('Line',#2448,#2450) ;
#2465=LINE('Line',#2462,#2464) ;
#2589=LINE('Line',#2586,#2588) ;
#2603=LINE('Line',#2600,#2602) ;
#2617=LINE('Line',#2614,#2616) ;
#2631=LINE('Line',#2628,#2630) ;
#2646=LINE('Line',#2643,#2645) ;
#2662=LINE('Line',#2659,#2661) ;
#2676=LINE('Line',#2673,#2675) ;
#2690=LINE('Line',#2687,#2689) ;
#2804=LINE('Line',#2801,#2803) ;
#2821=LINE('Line',#2818,#2820) ;
#2830=LINE('Line',#2827,#2829) ;
#2837=LINE('Line',#2834,#2836) ;
#2844=LINE('Line',#2841,#2843) ;
#2868=LINE('Line',#2865,#2867) ;
#2901=LINE('Line',#2898,#2900) ;
#2915=LINE('Line',#2912,#2914) ;
#2927=LINE('Line',#2924,#2926) ;
#2941=LINE('Line',#2938,#2940) ;
#2955=LINE('Line',#2952,#2954) ;
#2969=LINE('Line',#2966,#2968) ;
#2991=LINE('Line',#2988,#2990) ;
#2998=LINE('Line',#2995,#2997) ;
#3005=LINE('Line',#3002,#3004) ;
#3029=LINE('Line',#3026,#3028) ;
#3053=LINE('Line',#3050,#3052) ;
#3067=LINE('Line',#3064,#3066) ;
#3081=LINE('Line',#3078,#3080) ;
#3088=LINE('Line',#3085,#3087) ;
#3100=LINE('Line',#3097,#3099) ;
#3114=LINE('Line',#3111,#3113) ;
#3158=LINE('Line',#3155,#3157) ;
#3175=LINE('Line',#3172,#3174) ;
#3192=LINE('Line',#3189,#3191) ;
#3225=LINE('Line',#3222,#3224) ;
#3239=LINE('Line',#3236,#3238) ;
#3251=LINE('Line',#3248,#3250) ;
#3256=LINE('Line',#3253,#3255) ;
#3268=LINE('Line',#3265,#3267) ;
#3275=LINE('Line',#3272,#3274) ;
#3282=LINE('Line',#3279,#3281) ;
#3301=LINE('Line',#3298,#3300) ;
#3325=LINE('Line',#3322,#3324) ;
#3330=LINE('Line',#3327,#3329) ;
#3344=LINE('Line',#3341,#3343) ;
#3358=LINE('Line',#3355,#3357) ;
#3387=LINE('Line',#3384,#3386) ;
#3415=LINE('Line',#3412,#3414) ;
#3429=LINE('Line',#3426,#3428) ;
#3443=LINE('Line',#3440,#3442) ;
#3470=LINE('Line',#3467,#3469) ;
#3475=LINE('Line',#3472,#3474) ;
#3492=LINE('Line',#3489,#3491) ;
#3497=LINE('Line',#3494,#3496) ;
#3518=LINE('Line',#3515,#3517) ;
#3530=LINE('Line',#3527,#3529) ;
#3547=LINE('Line',#3544,#3546) ;
#3564=LINE('Line',#3561,#3563) ;
#3581=LINE('Line',#3578,#3580) ;
#3595=LINE('Line',#3592,#3594) ;
#3609=LINE('Line',#3606,#3608) ;
#3630=LINE('Line',#3627,#3629) ;
#3637=LINE('Line',#3634,#3636) ;
#3644=LINE('Line',#3641,#3643) ;
#3675=LINE('Line',#3672,#3674) ;
#3687=LINE('Line',#3684,#3686) ;
#3694=LINE('Line',#3691,#3693) ;
#3701=LINE('Line',#3698,#3700) ;
#3732=LINE('Line',#3729,#3731) ;
#3749=LINE('Line',#3746,#3748) ;
#3756=LINE('Line',#3753,#3755) ;
#3763=LINE('Line',#3760,#3762) ;
#3787=LINE('Line',#3784,#3786) ;
#3811=LINE('Line',#3808,#3810) ;
#3818=LINE('Line',#3815,#3817) ;
#3825=LINE('Line',#3822,#3824) ;
#3856=LINE('Line',#3853,#3855) ;
#3873=LINE('Line',#3870,#3872) ;
#3880=LINE('Line',#3877,#3879) ;
#3887=LINE('Line',#3884,#3886) ;
#3918=LINE('Line',#3915,#3917) ;
#3935=LINE('Line',#3932,#3934) ;
#3942=LINE('Line',#3939,#3941) ;
#3949=LINE('Line',#3946,#3948) ;
#3973=LINE('Line',#3970,#3972) ;
#3992=LINE('Line',#3989,#3991) ;
#3999=LINE('Line',#3996,#3998) ;
#4006=LINE('Line',#4003,#4005) ;
#4037=LINE('Line',#4034,#4036) ;
#4049=LINE('Line',#4046,#4048) ;
#4056=LINE('Line',#4053,#4055) ;
#4063=LINE('Line',#4060,#4062) ;
#4094=LINE('Line',#4091,#4093) ;
#4106=LINE('Line',#4103,#4105) ;
#4113=LINE('Line',#4110,#4112) ;
#4120=LINE('Line',#4117,#4119) ;
#4144=LINE('Line',#4141,#4143) ;
#4168=LINE('Line',#4165,#4167) ;
#4175=LINE('Line',#4172,#4174) ;
#4180=LINE('Line',#4177,#4179) ;
#4185=LINE('Line',#4182,#4184) ;
#4192=LINE('Line',#4189,#4191) ;
#4213=LINE('Line',#4210,#4212) ;
#4246=LINE('Line',#4243,#4245) ;
#4251=LINE('Line',#4248,#4250) ;
#4268=LINE('Line',#4265,#4267) ;
#4275=LINE('Line',#4272,#4274) ;
#4299=LINE('Line',#4296,#4298) ;
#4311=LINE('Line',#4308,#4310) ;
#4318=LINE('Line',#4315,#4317) ;
#4342=LINE('Line',#4339,#4341) ;
#4373=LINE('Line',#4370,#4372) ;
#4392=LINE('Line',#4389,#4391) ;
#4399=LINE('Line',#4396,#4398) ;
#4439=LINE('Line',#4436,#4438) ;
#4451=LINE('Line',#4448,#4450) ;
#4458=LINE('Line',#4455,#4457) ;
#4482=LINE('Line',#4479,#4481) ;
#4499=LINE('Line',#4496,#4498) ;
#4506=LINE('Line',#4503,#4505) ;
#4530=LINE('Line',#4527,#4529) ;
#4547=LINE('Line',#4544,#4546) ;
#4573=LINE('Line',#4570,#4572) ;
#4587=LINE('Line',#4584,#4586) ;
#4630=LINE('Line',#4627,#4629) ;
#4644=LINE('Line',#4641,#4643) ;
#4678=LINE('Line',#4675,#4677) ;
#4695=LINE('Line',#4692,#4694) ;
#4712=LINE('Line',#4709,#4711) ;
#4729=LINE('Line',#4726,#4728) ;
#4746=LINE('Line',#4743,#4745) ;
#4765=LINE('Line',#4762,#4764) ;
#4770=LINE('Line',#4767,#4769) ;
#4789=LINE('Line',#4786,#4788) ;
#4801=LINE('Line',#4798,#4800) ;
#4829=LINE('Line',#4826,#4828) ;
#4845=LINE('Line',#4842,#4844) ;
#4895=LINE('Line',#4892,#4894) ;
#4911=LINE('Line',#4908,#4910) ;
#4954=LINE('Line',#4951,#4953) ;
#4970=LINE('Line',#4967,#4969) ;
#5013=LINE('Line',#5010,#5012) ;
#5029=LINE('Line',#5026,#5028) ;
#5072=LINE('Line',#5069,#5071) ;
#5088=LINE('Line',#5085,#5087) ;
#5131=LINE('Line',#5128,#5130) ;
#5147=LINE('Line',#5144,#5146) ;
#5190=LINE('Line',#5187,#5189) ;
#5206=LINE('Line',#5203,#5205) ;
#5249=LINE('Line',#5246,#5248) ;
#5265=LINE('Line',#5262,#5264) ;
#5308=LINE('Line',#5305,#5307) ;
#5324=LINE('Line',#5321,#5323) ;
#5367=LINE('Line',#5364,#5366) ;
#5383=LINE('Line',#5380,#5382) ;
#5426=LINE('Line',#5423,#5425) ;
#5442=LINE('Line',#5439,#5441) ;
#5485=LINE('Line',#5482,#5484) ;
#5501=LINE('Line',#5498,#5500) ;
#5544=LINE('Line',#5541,#5543) ;
#5560=LINE('Line',#5557,#5559) ;
#5603=LINE('Line',#5600,#5602) ;
#5619=LINE('Line',#5616,#5618) ;
#5662=LINE('Line',#5659,#5661) ;
#5678=LINE('Line',#5675,#5677) ;
#5721=LINE('Line',#5718,#5720) ;
#5737=LINE('Line',#5734,#5736) ;
#5780=LINE('Line',#5777,#5779) ;
#5796=LINE('Line',#5793,#5795) ;
#5839=LINE('Line',#5836,#5838) ;
#5855=LINE('Line',#5852,#5854) ;
#5880=LINE('Line',#5877,#5879) ;
#5887=LINE('Line',#5884,#5886) ;
#5894=LINE('Line',#5891,#5893) ;
#5912=LINE('Line',#5909,#5911) ;
#5944=LINE('Line',#5941,#5943) ;
#5949=LINE('Line',#5946,#5948) ;
#5967=LINE('Line',#5964,#5966) ;
#5983=LINE('Line',#5980,#5982) ;
#6003=LINE('Line',#6000,#6002) ;
#6010=LINE('Line',#6007,#6009) ;
#6017=LINE('Line',#6014,#6016) ;
#6035=LINE('Line',#6032,#6034) ;
#6062=LINE('Line',#6059,#6061) ;
#6067=LINE('Line',#6064,#6066) ;
#6085=LINE('Line',#6082,#6084) ;
#6101=LINE('Line',#6098,#6100) ;
#6144=LINE('Line',#6141,#6143) ;
#6160=LINE('Line',#6157,#6159) ;
#6203=LINE('Line',#6200,#6202) ;
#6219=LINE('Line',#6216,#6218) ;
#6262=LINE('Line',#6259,#6261) ;
#6278=LINE('Line',#6275,#6277) ;
#6321=LINE('Line',#6318,#6320) ;
#6337=LINE('Line',#6334,#6336) ;
#6380=LINE('Line',#6377,#6379) ;
#6396=LINE('Line',#6393,#6395) ;
#6439=LINE('Line',#6436,#6438) ;
#6455=LINE('Line',#6452,#6454) ;
#6498=LINE('Line',#6495,#6497) ;
#6514=LINE('Line',#6511,#6513) ;
#6557=LINE('Line',#6554,#6556) ;
#6573=LINE('Line',#6570,#6572) ;
#6616=LINE('Line',#6613,#6615) ;
#6632=LINE('Line',#6629,#6631) ;
#6675=LINE('Line',#6672,#6674) ;
#6691=LINE('Line',#6688,#6690) ;
#6734=LINE('Line',#6731,#6733) ;
#6750=LINE('Line',#6747,#6749) ;
#6793=LINE('Line',#6790,#6792) ;
#6809=LINE('Line',#6806,#6808) ;
#6852=LINE('Line',#6849,#6851) ;
#6868=LINE('Line',#6865,#6867) ;
#6911=LINE('Line',#6908,#6910) ;
#6927=LINE('Line',#6924,#6926) ;
#6970=LINE('Line',#6967,#6969) ;
#6986=LINE('Line',#6983,#6985) ;
#7029=LINE('Line',#7026,#7028) ;
#7045=LINE('Line',#7042,#7044) ;
#7088=LINE('Line',#7085,#7087) ;
#7104=LINE('Line',#7101,#7103) ;
#7129=LINE('Line',#7126,#7128) ;
#7136=LINE('Line',#7133,#7135) ;
#7143=LINE('Line',#7140,#7142) ;
#7168=LINE('Line',#7165,#7167) ;
#7193=LINE('Line',#7190,#7192) ;
#7198=LINE('Line',#7195,#7197) ;
#7216=LINE('Line',#7213,#7215) ;
#7232=LINE('Line',#7229,#7231) ;
#7252=LINE('Line',#7249,#7251) ;
#7259=LINE('Line',#7256,#7258) ;
#7266=LINE('Line',#7263,#7265) ;
#7291=LINE('Line',#7288,#7290) ;
#7311=LINE('Line',#7308,#7310) ;
#7316=LINE('Line',#7313,#7315) ;
#7334=LINE('Line',#7331,#7333) ;
#7348=LINE('Line',#7345,#7347) ;
#7366=LINE('Line',#7363,#7365) ;
#7373=LINE('Line',#7370,#7372) ;
#7391=LINE('Line',#7388,#7390) ;
#7398=LINE('Line',#7395,#7397) ;
#7423=LINE('Line',#7420,#7422) ;
#7430=LINE('Line',#7427,#7429) ;
#7448=LINE('Line',#7445,#7447) ;
#7473=LINE('Line',#7470,#7472) ;
#7480=LINE('Line',#7477,#7479) ;
#7487=LINE('Line',#7484,#7486) ;
#7505=LINE('Line',#7502,#7504) ;
#7530=LINE('Line',#7527,#7529) ;
#7560=LINE('Line',#7557,#7559) ;
#7565=LINE('Line',#7562,#7564) ;
#7651=LINE('Line',#7648,#7650) ;
#7665=LINE('Line',#7662,#7664) ;
#7711=LINE('Line',#7708,#7710) ;
#7725=LINE('Line',#7722,#7724) ;
#7766=LINE('Line',#7763,#7765) ;
#7780=LINE('Line',#7777,#7779) ;
#7821=LINE('Line',#7818,#7820) ;
#7835=LINE('Line',#7832,#7834) ;
#7876=LINE('Line',#7873,#7875) ;
#8004=LINE('Line',#8001,#8003) ;
#8127=LINE('Line',#8124,#8126) ;
#8245=LINE('Line',#8242,#8244) ;
#8368=LINE('Line',#8365,#8367) ;
#8373=LINE('Line',#8370,#8372) ;
#8404=LINE('Line',#8401,#8403) ;
#8423=LINE('Line',#8420,#8422) ;
#8440=LINE('Line',#8437,#8439) ;
#8457=LINE('Line',#8454,#8456) ;
#8486=LINE('Line',#8483,#8485) ;
#8491=LINE('Line',#8488,#8490) ;
#8508=LINE('Line',#8505,#8507) ;
#8525=LINE('Line',#8522,#8524) ;
#8542=LINE('Line',#8539,#8541) ;
#8559=LINE('Line',#8556,#8558) ;
#8571=LINE('Line',#8568,#8570) ;
#8588=LINE('Line',#8585,#8587) ;
#8617=LINE('Line',#8614,#8616) ;
#8622=LINE('Line',#8619,#8621) ;
#8639=LINE('Line',#8636,#8638) ;
#8656=LINE('Line',#8653,#8655) ;
#8668=LINE('Line',#8665,#8667) ;
#8685=LINE('Line',#8682,#8684) ;
#8702=LINE('Line',#8699,#8701) ;
#8719=LINE('Line',#8716,#8718) ;
#8738=LINE('Line',#8735,#8737) ;
#8743=LINE('Line',#8740,#8742) ;
#8762=LINE('Line',#8759,#8761) ;
#8791=LINE('Line',#8788,#8790) ;
#8808=LINE('Line',#8805,#8807) ;
#8822=LINE('Line',#8819,#8821) ;
#8851=LINE('Line',#8848,#8850) ;
#8856=LINE('Line',#8853,#8855) ;
#8882=LINE('Line',#8879,#8881) ;
#8887=LINE('Line',#8884,#8886) ;
#8913=LINE('Line',#8910,#8912) ;
#8918=LINE('Line',#8915,#8917) ;
#8944=LINE('Line',#8941,#8943) ;
#8949=LINE('Line',#8946,#8948) ;
#8996=LINE('Line',#8993,#8995) ;
#9010=LINE('Line',#9007,#9009) ;
#9027=LINE('Line',#9024,#9026) ;
#9034=LINE('Line',#9031,#9033) ;
#9041=LINE('Line',#9038,#9040) ;
#9058=LINE('Line',#9055,#9057) ;
#9065=LINE('Line',#9062,#9064) ;
#9072=LINE('Line',#9069,#9071) ;
#9089=LINE('Line',#9086,#9088) ;
#9096=LINE('Line',#9093,#9095) ;
#9103=LINE('Line',#9100,#9102) ;
#9127=LINE('Line',#9124,#9126) ;
#9151=LINE('Line',#9148,#9150) ;
#9158=LINE('Line',#9155,#9157) ;
#9165=LINE('Line',#9162,#9164) ;
#9189=LINE('Line',#9186,#9188) ;
#9213=LINE('Line',#9210,#9212) ;
#9220=LINE('Line',#9217,#9219) ;
#9227=LINE('Line',#9224,#9226) ;
#9251=LINE('Line',#9248,#9250) ;
#9275=LINE('Line',#9272,#9274) ;
#9282=LINE('Line',#9279,#9281) ;
#9289=LINE('Line',#9286,#9288) ;
#9313=LINE('Line',#9310,#9312) ;
#9337=LINE('Line',#9334,#9336) ;
#9344=LINE('Line',#9341,#9343) ;
#9351=LINE('Line',#9348,#9350) ;
#9363=LINE('Line',#9360,#9362) ;
#9370=LINE('Line',#9367,#9369) ;
#9377=LINE('Line',#9374,#9376) ;
#9394=LINE('Line',#9391,#9393) ;
#9401=LINE('Line',#9398,#9400) ;
#9408=LINE('Line',#9405,#9407) ;
#9432=LINE('Line',#9429,#9431) ;
#9456=LINE('Line',#9453,#9455) ;
#9461=LINE('Line',#9458,#9460) ;
#9529=LINE('Line',#9526,#9528) ;
#9545=LINE('Line',#9542,#9544) ;
#9569=LINE('Line',#9566,#9568) ;
#9576=LINE('Line',#9573,#9575) ;
#9583=LINE('Line',#9580,#9582) ;
#9600=LINE('Line',#9597,#9599) ;
#9607=LINE('Line',#9604,#9606) ;
#9614=LINE('Line',#9611,#9613) ;
#9631=LINE('Line',#9628,#9630) ;
#9638=LINE('Line',#9635,#9637) ;
#9645=LINE('Line',#9642,#9644) ;
#9669=LINE('Line',#9666,#9668) ;
#9693=LINE('Line',#9690,#9692) ;
#9700=LINE('Line',#9697,#9699) ;
#9707=LINE('Line',#9704,#9706) ;
#9731=LINE('Line',#9728,#9730) ;
#9755=LINE('Line',#9752,#9754) ;
#9762=LINE('Line',#9759,#9761) ;
#9769=LINE('Line',#9766,#9768) ;
#9793=LINE('Line',#9790,#9792) ;
#9817=LINE('Line',#9814,#9816) ;
#9824=LINE('Line',#9821,#9823) ;
#9831=LINE('Line',#9828,#9830) ;
#9855=LINE('Line',#9852,#9854) ;
#9879=LINE('Line',#9876,#9878) ;
#9886=LINE('Line',#9883,#9885) ;
#9893=LINE('Line',#9890,#9892) ;
#9905=LINE('Line',#9902,#9904) ;
#9912=LINE('Line',#9909,#9911) ;
#9919=LINE('Line',#9916,#9918) ;
#9936=LINE('Line',#9933,#9935) ;
#9943=LINE('Line',#9940,#9942) ;
#9950=LINE('Line',#9947,#9949) ;
#9974=LINE('Line',#9971,#9973) ;
#9998=LINE('Line',#9995,#9997) ;
#10003=LINE('Line',#10000,#10002) ;
#39=CIRCLE('generated circle',#38,24.) ;
#55=CIRCLE('generated circle',#54,24.) ;
#79=CIRCLE('generated circle',#78,20.) ;
#95=CIRCLE('generated circle',#94,20.) ;
#109=CIRCLE('generated circle',#108,20.) ;
#137=CIRCLE('generated circle',#136,20.) ;
#151=CIRCLE('generated circle',#150,20.) ;
#165=CIRCLE('generated circle',#164,20.) ;
#186=CIRCLE('generated circle',#185,20.) ;
#200=CIRCLE('generated circle',#199,20.) ;
#219=CIRCLE('generated circle',#218,20.) ;
#233=CIRCLE('generated circle',#232,20.) ;
#280=CIRCLE('generated circle',#279,15.) ;
#296=CIRCLE('generated circle',#295,10.) ;
#310=CIRCLE('generated circle',#309,10.) ;
#331=CIRCLE('generated circle',#330,15.) ;
#345=CIRCLE('generated circle',#344,15.) ;
#366=CIRCLE('generated circle',#365,10.) ;
#380=CIRCLE('generated circle',#379,10.) ;
#394=CIRCLE('generated circle',#393,15.) ;
#401=CIRCLE('generated circle',#400,15.) ;
#415=CIRCLE('generated circle',#414,15.) ;
#451=CIRCLE('generated circle',#450,10.) ;
#465=CIRCLE('generated circle',#464,10.) ;
#479=CIRCLE('generated circle',#478,10.) ;
#493=CIRCLE('generated circle',#492,10.) ;
#508=CIRCLE('generated circle',#507,10.) ;
#524=CIRCLE('generated circle',#523,10.) ;
#538=CIRCLE('generated circle',#537,10.) ;
#552=CIRCLE('generated circle',#551,10.) ;
#574=CIRCLE('generated circle',#573,6.5) ;
#583=CIRCLE('generated circle',#582,6.5) ;
#592=CIRCLE('generated circle',#591,6.5) ;
#601=CIRCLE('generated circle',#600,6.5) ;
#610=CIRCLE('generated circle',#609,6.5) ;
#619=CIRCLE('generated circle',#618,6.5) ;
#628=CIRCLE('generated circle',#627,6.5) ;
#637=CIRCLE('generated circle',#636,6.5) ;
#666=CIRCLE('generated circle',#665,20.) ;
#683=CIRCLE('generated circle',#682,24.) ;
#690=CIRCLE('generated circle',#689,24.) ;
#730=CIRCLE('generated circle',#729,16.) ;
#770=CIRCLE('generated circle',#769,20.) ;
#818=CIRCLE('generated circle',#817,20.) ;
#875=CIRCLE('generated circle',#874,20.) ;
#887=CIRCLE('generated circle',#886,20.) ;
#901=CIRCLE('generated circle',#900,20.) ;
#953=CIRCLE('generated circle',#952,10.) ;
#967=CIRCLE('generated circle',#966,10.) ;
#1015=CIRCLE('generated circle',#1014,10.) ;
#1029=CIRCLE('generated circle',#1028,10.) ;
#1086=CIRCLE('generated circle',#1085,10.) ;
#1091=CIRCLE('generated circle',#1090,10.) ;
#1139=CIRCLE('generated circle',#1138,10.) ;
#1153=CIRCLE('generated circle',#1152,10.) ;
#1201=CIRCLE('generated circle',#1200,10.) ;
#1215=CIRCLE('generated circle',#1214,10.) ;
#1272=CIRCLE('generated circle',#1271,10.) ;
#1277=CIRCLE('generated circle',#1276,10.) ;
#1320=CIRCLE('generated circle',#1319,10.) ;
#1334=CIRCLE('generated circle',#1333,10.) ;
#1382=CIRCLE('generated circle',#1381,10.) ;
#1396=CIRCLE('generated circle',#1395,10.) ;
#1448=CIRCLE('generated circle',#1447,20.) ;
#1453=CIRCLE('generated circle',#1452,20.) ;
#1524=CIRCLE('generated circle',#1523,20.) ;
#1565=CIRCLE('generated circle',#1564,40.) ;
#1581=CIRCLE('generated circle',#1580,40.) ;
#1636=CIRCLE('generated circle',#1635,20.) ;
#1643=CIRCLE('generated circle',#1642,20.) ;
#1698=CIRCLE('generated circle',#1697,15.) ;
#1705=CIRCLE('generated circle',#1704,15.) ;
#1729=CIRCLE('generated circle',#1728,17.5) ;
#1736=CIRCLE('generated circle',#1735,17.5) ;
#1750=CIRCLE('generated circle',#1749,17.5) ;
#1757=CIRCLE('generated circle',#1756,17.5) ;
#1776=CIRCLE('generated circle',#1775,17.5) ;
#1792=CIRCLE('generated circle',#1791,17.5) ;
#1799=CIRCLE('generated circle',#1798,17.5) ;
#1813=CIRCLE('generated circle',#1812,17.5) ;
#1832=CIRCLE('generated circle',#1831,15.) ;
#1839=CIRCLE('generated circle',#1838,15.) ;
#1894=CIRCLE('generated circle',#1893,20.) ;
#1901=CIRCLE('generated circle',#1900,20.) ;
#1956=CIRCLE('generated circle',#1955,40.) ;
#1963=CIRCLE('generated circle',#1962,40.) ;
#2009=CIRCLE('generated circle',#2008,6.5) ;
#2025=CIRCLE('generated circle',#2024,6.5) ;
#2044=CIRCLE('generated circle',#2043,6.5) ;
#2049=CIRCLE('generated circle',#2048,6.5) ;
#2066=CIRCLE('generated circle',#2065,6.5) ;
#2082=CIRCLE('generated circle',#2081,6.5) ;
#2101=CIRCLE('generated circle',#2100,6.5) ;
#2106=CIRCLE('generated circle',#2105,6.5) ;
#2139=CIRCLE('generated circle',#2138,20.) ;
#2153=CIRCLE('generated circle',#2152,20.) ;
#2198=CIRCLE('generated circle',#2197,20.) ;
#2212=CIRCLE('generated circle',#2211,20.) ;
#2226=CIRCLE('generated circle',#2225,20.) ;
#2259=CIRCLE('generated circle',#2258,15.) ;
#2273=CIRCLE('generated circle',#2272,10.) ;
#2287=CIRCLE('generated circle',#2286,10.) ;
#2301=CIRCLE('generated circle',#2300,15.) ;
#2330=CIRCLE('generated circle',#2329,17.5) ;
#2339=CIRCLE('generated circle',#2338,15.) ;
#2353=CIRCLE('generated circle',#2352,10.) ;
#2367=CIRCLE('generated circle',#2366,10.) ;
#2381=CIRCLE('generated circle',#2380,15.) ;
#2388=CIRCLE('generated circle',#2387,17.5) ;
#2395=CIRCLE('generated circle',#2394,17.5) ;
#2402=CIRCLE('generated circle',#2401,15.) ;
#2416=CIRCLE('generated circle',#2415,20.) ;
#2430=CIRCLE('generated circle',#2429,40.) ;
#2444=CIRCLE('generated circle',#2443,40.) ;
#2458=CIRCLE('generated circle',#2457,20.) ;
#2472=CIRCLE('generated circle',#2471,15.) ;
#2479=CIRCLE('generated circle',#2478,17.5) ;
#2508=CIRCLE('generated circle',#2507,15.) ;
#2517=CIRCLE('generated circle',#2516,15.) ;
#2526=CIRCLE('generated circle',#2525,15.) ;
#2535=CIRCLE('generated circle',#2534,15.) ;
#2544=CIRCLE('generated circle',#2543,15.) ;
#2553=CIRCLE('generated circle',#2552,15.) ;
#2562=CIRCLE('generated circle',#2561,15.) ;
#2571=CIRCLE('generated circle',#2570,15.) ;
#2580=CIRCLE('generated circle',#2579,10.) ;
#2596=CIRCLE('generated circle',#2595,10.) ;
#2610=CIRCLE('generated circle',#2609,10.) ;
#2624=CIRCLE('generated circle',#2623,10.) ;
#2655=CIRCLE('generated circle',#2654,10.) ;
#2669=CIRCLE('generated circle',#2668,10.) ;
#2683=CIRCLE('generated circle',#2682,10.) ;
#2697=CIRCLE('generated circle',#2696,10.) ;
#2712=CIRCLE('generated circle',#2711,6.5) ;
#2721=CIRCLE('generated circle',#2720,6.5) ;
#2730=CIRCLE('generated circle',#2729,6.5) ;
#2739=CIRCLE('generated circle',#2738,6.5) ;
#2748=CIRCLE('generated circle',#2747,6.5) ;
#2757=CIRCLE('generated circle',#2756,6.5) ;
#2766=CIRCLE('generated circle',#2765,6.5) ;
#2775=CIRCLE('generated circle',#2774,6.5) ;
#2790=CIRCLE('generated circle',#2789,16.) ;
#2797=CIRCLE('generated circle',#2796,16.) ;
#2861=CIRCLE('generated circle',#2860,10.) ;
#2875=CIRCLE('generated circle',#2874,10.) ;
#2892=CIRCLE('generated circle',#2891,10.) ;
#2908=CIRCLE('generated circle',#2907,5.) ;
#2922=CIRCLE('generated circle',#2921,5.) ;
#2934=CIRCLE('generated circle',#2933,5.) ;
#2948=CIRCLE('generated circle',#2947,5.) ;
#2962=CIRCLE('generated circle',#2961,10.) ;
#3022=CIRCLE('generated circle',#3021,10.) ;
#3046=CIRCLE('generated circle',#3045,10.) ;
#3060=CIRCLE('generated circle',#3059,5.) ;
#3074=CIRCLE('generated circle',#3073,5.) ;
#3093=CIRCLE('generated circle',#3092,5.) ;
#3107=CIRCLE('generated circle',#3106,5.) ;
#3141=CIRCLE('generated circle',#3140,16.) ;
#3216=CIRCLE('generated circle',#3215,5.) ;
#3232=CIRCLE('generated circle',#3231,5.) ;
#3294=CIRCLE('generated circle',#3293,5.) ;
#3308=CIRCLE('generated circle',#3307,5.) ;
#3337=CIRCLE('generated circle',#3336,5.) ;
#3351=CIRCLE('generated circle',#3350,5.) ;
#3365=CIRCLE('generated circle',#3364,10.) ;
#3408=CIRCLE('generated circle',#3407,10.) ;
#3422=CIRCLE('generated circle',#3421,5.) ;
#3436=CIRCLE('generated circle',#3435,5.) ;
#3588=CIRCLE('generated circle',#3587,20.) ;
#3602=CIRCLE('generated circle',#3601,20.) ;
#3661=CIRCLE('generated circle',#3660,10.) ;
#3668=CIRCLE('generated circle',#3667,10.) ;
#3718=CIRCLE('generated circle',#3717,10.) ;
#3725=CIRCLE('generated circle',#3724,10.) ;
#3780=CIRCLE('generated circle',#3779,10.) ;
#3794=CIRCLE('generated circle',#3793,10.) ;
#3842=CIRCLE('generated circle',#3841,10.) ;
#3849=CIRCLE('generated circle',#3848,10.) ;
#3904=CIRCLE('generated circle',#3903,10.) ;
#3911=CIRCLE('generated circle',#3910,10.) ;
#3966=CIRCLE('generated circle',#3965,10.) ;
#3980=CIRCLE('generated circle',#3979,10.) ;
#4023=CIRCLE('generated circle',#4022,10.) ;
#4030=CIRCLE('generated circle',#4029,10.) ;
#4080=CIRCLE('generated circle',#4079,10.) ;
#4087=CIRCLE('generated circle',#4086,10.) ;
#4137=CIRCLE('generated circle',#4136,20.) ;
#4151=CIRCLE('generated circle',#4150,20.) ;
#4237=CIRCLE('generated circle',#4236,40.) ;
#4292=CIRCLE('generated circle',#4291,20.) ;
#4335=CIRCLE('generated circle',#4334,15.) ;
#4359=CIRCLE('generated circle',#4358,17.5) ;
#4366=CIRCLE('generated circle',#4365,17.5) ;
#4406=CIRCLE('generated circle',#4405,17.5) ;
#4413=CIRCLE('generated circle',#4412,17.5) ;
#4432=CIRCLE('generated circle',#4431,15.) ;
#4475=CIRCLE('generated circle',#4474,20.) ;
#4523=CIRCLE('generated circle',#4522,40.) ;
#4564=CIRCLE('generated circle',#4563,6.5) ;
#4580=CIRCLE('generated circle',#4579,6.5) ;
#4599=CIRCLE('generated circle',#4598,6.5) ;
#4604=CIRCLE('generated circle',#4603,6.5) ;
#4621=CIRCLE('generated circle',#4620,6.5) ;
#4637=CIRCLE('generated circle',#4636,6.5) ;
#4656=CIRCLE('generated circle',#4655,6.5) ;
#4661=CIRCLE('generated circle',#4660,6.5) ;
#4838=CIRCLE('generated circle',#4837,2.25) ;
#4852=CIRCLE('generated circle',#4851,2.25) ;
#4872=CIRCLE('generated circle',#4871,2.25) ;
#4877=CIRCLE('generated circle',#4876,2.25) ;
#4904=CIRCLE('generated circle',#4903,2.25) ;
#4918=CIRCLE('generated circle',#4917,2.25) ;
#4931=CIRCLE('generated circle',#4930,2.25) ;
#4936=CIRCLE('generated circle',#4935,2.25) ;
#4963=CIRCLE('generated circle',#4962,2.25) ;
#4977=CIRCLE('generated circle',#4976,2.25) ;
#4990=CIRCLE('generated circle',#4989,2.25) ;
#4995=CIRCLE('generated circle',#4994,2.25) ;
#5022=CIRCLE('generated circle',#5021,2.25) ;
#5036=CIRCLE('generated circle',#5035,2.25) ;
#5049=CIRCLE('generated circle',#5048,2.25) ;
#5054=CIRCLE('generated circle',#5053,2.25) ;
#5081=CIRCLE('generated circle',#5080,2.25) ;
#5095=CIRCLE('generated circle',#5094,2.25) ;
#5108=CIRCLE('generated circle',#5107,2.25) ;
#5113=CIRCLE('generated circle',#5112,2.25) ;
#5140=CIRCLE('generated circle',#5139,2.25) ;
#5154=CIRCLE('generated circle',#5153,2.25) ;
#5167=CIRCLE('generated circle',#5166,2.25) ;
#5172=CIRCLE('generated circle',#5171,2.25) ;
#5199=CIRCLE('generated circle',#5198,2.25) ;
#5213=CIRCLE('generated circle',#5212,2.25) ;
#5226=CIRCLE('generated circle',#5225,2.25) ;
#5231=CIRCLE('generated circle',#5230,2.25) ;
#5258=CIRCLE('generated circle',#5257,2.25) ;
#5272=CIRCLE('generated circle',#5271,2.25) ;
#5285=CIRCLE('generated circle',#5284,2.25) ;
#5290=CIRCLE('generated circle',#5289,2.25) ;
#5317=CIRCLE('generated circle',#5316,2.25) ;
#5331=CIRCLE('generated circle',#5330,2.25) ;
#5344=CIRCLE('generated circle',#5343,2.25) ;
#5349=CIRCLE('generated circle',#5348,2.25) ;
#5376=CIRCLE('generated circle',#5375,2.25) ;
#5390=CIRCLE('generated circle',#5389,2.25) ;
#5403=CIRCLE('generated circle',#5402,2.25) ;
#5408=CIRCLE('generated circle',#5407,2.25) ;
#5435=CIRCLE('generated circle',#5434,2.25) ;
#5449=CIRCLE('generated circle',#5448,2.25) ;
#5462=CIRCLE('generated circle',#5461,2.25) ;
#5467=CIRCLE('generated circle',#5466,2.25) ;
#5494=CIRCLE('generated circle',#5493,2.25) ;
#5508=CIRCLE('generated circle',#5507,2.25) ;
#5521=CIRCLE('generated circle',#5520,2.25) ;
#5526=CIRCLE('generated circle',#5525,2.25) ;
#5553=CIRCLE('generated circle',#5552,2.25) ;
#5567=CIRCLE('generated circle',#5566,2.25) ;
#5580=CIRCLE('generated circle',#5579,2.25) ;
#5585=CIRCLE('generated circle',#5584,2.25) ;
#5612=CIRCLE('generated circle',#5611,2.25) ;
#5626=CIRCLE('generated circle',#5625,2.25) ;
#5639=CIRCLE('generated circle',#5638,2.25) ;
#5644=CIRCLE('generated circle',#5643,2.25) ;
#5671=CIRCLE('generated circle',#5670,2.25) ;
#5685=CIRCLE('generated circle',#5684,2.25) ;
#5698=CIRCLE('generated circle',#5697,2.25) ;
#5703=CIRCLE('generated circle',#5702,2.25) ;
#5730=CIRCLE('generated circle',#5729,2.25) ;
#5744=CIRCLE('generated circle',#5743,2.25) ;
#5757=CIRCLE('generated circle',#5756,2.25) ;
#5762=CIRCLE('generated circle',#5761,2.25) ;
#5789=CIRCLE('generated circle',#5788,2.25) ;
#5803=CIRCLE('generated circle',#5802,2.25) ;
#5816=CIRCLE('generated circle',#5815,2.25) ;
#5821=CIRCLE('generated circle',#5820,2.25) ;
#5848=CIRCLE('generated circle',#5847,6.5) ;
#5862=CIRCLE('generated circle',#5861,6.5) ;
#5921=CIRCLE('generated circle',#5920,6.5) ;
#5926=CIRCLE('generated circle',#5925,6.5) ;
#5976=CIRCLE('generated circle',#5975,6.5) ;
#5990=CIRCLE('generated circle',#5989,6.5) ;
#6044=CIRCLE('generated circle',#6043,6.5) ;
#6049=CIRCLE('generated circle',#6048,6.5) ;
#6094=CIRCLE('generated circle',#6093,2.25) ;
#6108=CIRCLE('generated circle',#6107,2.25) ;
#6121=CIRCLE('generated circle',#6120,2.25) ;
#6126=CIRCLE('generated circle',#6125,2.25) ;
#6153=CIRCLE('generated circle',#6152,2.25) ;
#6167=CIRCLE('generated circle',#6166,2.25) ;
#6180=CIRCLE('generated circle',#6179,2.25) ;
#6185=CIRCLE('generated circle',#6184,2.25) ;
#6212=CIRCLE('generated circle',#6211,2.25) ;
#6226=CIRCLE('generated circle',#6225,2.25) ;
#6239=CIRCLE('generated circle',#6238,2.25) ;
#6244=CIRCLE('generated circle',#6243,2.25) ;
#6271=CIRCLE('generated circle',#6270,2.25) ;
#6285=CIRCLE('generated circle',#6284,2.25) ;
#6298=CIRCLE('generated circle',#6297,2.25) ;
#6303=CIRCLE('generated circle',#6302,2.25) ;
#6330=CIRCLE('generated circle',#6329,2.25) ;
#6344=CIRCLE('generated circle',#6343,2.25) ;
#6357=CIRCLE('generated circle',#6356,2.25) ;
#6362=CIRCLE('generated circle',#6361,2.25) ;
#6389=CIRCLE('generated circle',#6388,2.25) ;
#6403=CIRCLE('generated circle',#6402,2.25) ;
#6416=CIRCLE('generated circle',#6415,2.25) ;
#6421=CIRCLE('generated circle',#6420,2.25) ;
#6448=CIRCLE('generated circle',#6447,2.25) ;
#6462=CIRCLE('generated circle',#6461,2.25) ;
#6475=CIRCLE('generated circle',#6474,2.25) ;
#6480=CIRCLE('generated circle',#6479,2.25) ;
#6507=CIRCLE('generated circle',#6506,2.25) ;
#6521=CIRCLE('generated circle',#6520,2.25) ;
#6534=CIRCLE('generated circle',#6533,2.25) ;
#6539=CIRCLE('generated circle',#6538,2.25) ;
#6566=CIRCLE('generated circle',#6565,2.25) ;
#6580=CIRCLE('generated circle',#6579,2.25) ;
#6593=CIRCLE('generated circle',#6592,2.25) ;
#6598=CIRCLE('generated circle',#6597,2.25) ;
#6625=CIRCLE('generated circle',#6624,2.25) ;
#6639=CIRCLE('generated circle',#6638,2.25) ;
#6652=CIRCLE('generated circle',#6651,2.25) ;
#6657=CIRCLE('generated circle',#6656,2.25) ;
#6684=CIRCLE('generated circle',#6683,2.25) ;
#6698=CIRCLE('generated circle',#6697,2.25) ;
#6711=CIRCLE('generated circle',#6710,2.25) ;
#6716=CIRCLE('generated circle',#6715,2.25) ;
#6743=CIRCLE('generated circle',#6742,2.25) ;
#6757=CIRCLE('generated circle',#6756,2.25) ;
#6770=CIRCLE('generated circle',#6769,2.25) ;
#6775=CIRCLE('generated circle',#6774,2.25) ;
#6802=CIRCLE('generated circle',#6801,2.25) ;
#6816=CIRCLE('generated circle',#6815,2.25) ;
#6829=CIRCLE('generated circle',#6828,2.25) ;
#6834=CIRCLE('generated circle',#6833,2.25) ;
#6861=CIRCLE('generated circle',#6860,2.25) ;
#6875=CIRCLE('generated circle',#6874,2.25) ;
#6888=CIRCLE('generated circle',#6887,2.25) ;
#6893=CIRCLE('generated circle',#6892,2.25) ;
#6920=CIRCLE('generated circle',#6919,2.25) ;
#6934=CIRCLE('generated circle',#6933,2.25) ;
#6947=CIRCLE('generated circle',#6946,2.25) ;
#6952=CIRCLE('generated circle',#6951,2.25) ;
#6979=CIRCLE('generated circle',#6978,2.25) ;
#6993=CIRCLE('generated circle',#6992,2.25) ;
#7006=CIRCLE('generated circle',#7005,2.25) ;
#7011=CIRCLE('generated circle',#7010,2.25) ;
#7038=CIRCLE('generated circle',#7037,2.25) ;
#7052=CIRCLE('generated circle',#7051,2.25) ;
#7065=CIRCLE('generated circle',#7064,2.25) ;
#7070=CIRCLE('generated circle',#7069,2.25) ;
#7097=CIRCLE('generated circle',#7096,6.5) ;
#7111=CIRCLE('generated circle',#7110,6.5) ;
#7161=CIRCLE('generated circle',#7160,6.5) ;
#7175=CIRCLE('generated circle',#7174,6.5) ;
#7225=CIRCLE('generated circle',#7224,6.5) ;
#7239=CIRCLE('generated circle',#7238,6.5) ;
#7284=CIRCLE('generated circle',#7283,6.5) ;
#7298=CIRCLE('generated circle',#7297,6.5) ;
#7341=CIRCLE('generated circle',#7340,15.) ;
#7405=CIRCLE('generated circle',#7404,15.) ;
#7455=CIRCLE('generated circle',#7454,15.) ;
#7512=CIRCLE('generated circle',#7511,15.) ;
#7548=CIRCLE('generated circle',#7547,15.) ;
#7553=CIRCLE('generated circle',#7552,15.) ;
#7572=CIRCLE('generated circle',#7571,15.) ;
#7577=CIRCLE('generated circle',#7576,15.) ;
#7658=CIRCLE('generated circle',#7657,15.) ;
#7678=CIRCLE('generated circle',#7677,15.) ;
#7718=CIRCLE('generated circle',#7717,15.) ;
#7738=CIRCLE('generated circle',#7737,15.) ;
#7773=CIRCLE('generated circle',#7772,15.) ;
#7793=CIRCLE('generated circle',#7792,15.) ;
#7828=CIRCLE('generated circle',#7827,15.) ;
#7848=CIRCLE('generated circle',#7847,15.) ;
#8987=CIRCLE('generated circle',#8986,16.) ;
#9003=CIRCLE('generated circle',#9002,16.) ;
#9120=CIRCLE('generated circle',#9119,20.) ;
#9134=CIRCLE('generated circle',#9133,20.) ;
#9182=CIRCLE('generated circle',#9181,50.) ;
#9196=CIRCLE('generated circle',#9195,50.) ;
#9244=CIRCLE('generated circle',#9243,50.) ;
#9258=CIRCLE('generated circle',#9257,50.) ;
#9306=CIRCLE('generated circle',#9305,20.) ;
#9320=CIRCLE('generated circle',#9319,20.) ;
#9425=CIRCLE('generated circle',#9424,16.) ;
#9439=CIRCLE('generated circle',#9438,16.) ;
#9538=CIRCLE('generated circle',#9537,16.) ;
#9552=CIRCLE('generated circle',#9551,16.) ;
#9662=CIRCLE('generated circle',#9661,20.) ;
#9676=CIRCLE('generated circle',#9675,20.) ;
#9724=CIRCLE('generated circle',#9723,50.) ;
#9738=CIRCLE('generated circle',#9737,50.) ;
#9786=CIRCLE('generated circle',#9785,50.) ;
#9800=CIRCLE('generated circle',#9799,50.) ;
#9848=CIRCLE('generated circle',#9847,20.) ;
#9862=CIRCLE('generated circle',#9861,20.) ;
#9967=CIRCLE('generated circle',#9966,16.) ;
#9981=CIRCLE('generated circle',#9980,16.) ;
#75=PLANE('',#74) ;
#710=PLANE('',#709) ;
#790=PLANE('',#789) ;
#838=PLANE('',#837) ;
#918=PLANE('',#917) ;
#980=PLANE('',#979) ;
#1042=PLANE('',#1041) ;
#1104=PLANE('',#1103) ;
#1166=PLANE('',#1165) ;
#1228=PLANE('',#1227) ;
#1347=PLANE('',#1346) ;
#1466=PLANE('',#1465) ;
#1544=PLANE('',#1543) ;
#1601=PLANE('',#1600) ;
#1663=PLANE('',#1662) ;
#1859=PLANE('',#1858) ;
#1921=PLANE('',#1920) ;
#1983=PLANE('',#1982) ;
#2119=PLANE('',#2118) ;
#2817=PLANE('',#2816) ;
#2888=PLANE('',#2887) ;
#3042=PLANE('',#3041) ;
#3171=PLANE('',#3170) ;
#3205=PLANE('',#3204) ;
#3321=PLANE('',#3320) ;
#3404=PLANE('',#3403) ;
#3488=PLANE('',#3487) ;
#3560=PLANE('',#3559) ;
#3626=PLANE('',#3625) ;
#3745=PLANE('',#3744) ;
#3807=PLANE('',#3806) ;
#3869=PLANE('',#3868) ;
#3931=PLANE('',#3930) ;
#4164=PLANE('',#4163) ;
#4264=PLANE('',#4263) ;
#4495=PLANE('',#4494) ;
#4543=PLANE('',#4542) ;
#4725=PLANE('',#4724) ;
#5876=PLANE('',#5875) ;
#5940=PLANE('',#5939) ;
#7125=PLANE('',#7124) ;
#7189=PLANE('',#7188) ;
#7362=PLANE('',#7361) ;
#7419=PLANE('',#7418) ;
#7469=PLANE('',#7468) ;
#7526=PLANE('',#7525) ;
#7544=PLANE('',#7543) ;
#7692=PLANE('',#7691) ;
#7872=PLANE('',#7871) ;
#7890=PLANE('',#7889) ;
#8000=PLANE('',#7999) ;
#8123=PLANE('',#8122) ;
#8364=PLANE('',#8363) ;
#8419=PLANE('',#8418) ;
#8453=PLANE('',#8452) ;
#8504=PLANE('',#8503) ;
#8538=PLANE('',#8537) ;
#8601=PLANE('',#8600) ;
#8635=PLANE('',#8634) ;
#8698=PLANE('',#8697) ;
#8787=PLANE('',#8786) ;
#9023=PLANE('',#9022) ;
#9054=PLANE('',#9053) ;
#9085=PLANE('',#9084) ;
#9147=PLANE('',#9146) ;
#9209=PLANE('',#9208) ;
#9271=PLANE('',#9270) ;
#9333=PLANE('',#9332) ;
#9390=PLANE('',#9389) ;
#9452=PLANE('',#9451) ;
#9474=PLANE('',#9473) ;
#9498=PLANE('',#9497) ;
#9565=PLANE('',#9564) ;
#9596=PLANE('',#9595) ;
#9627=PLANE('',#9626) ;
#9689=PLANE('',#9688) ;
#9751=PLANE('',#9750) ;
#9813=PLANE('',#9812) ;
#9875=PLANE('',#9874) ;
#9932=PLANE('',#9931) ;
#9994=PLANE('',#9993) ;
#10016=PLANE('',#10015) ;
#10040=PLANE('',#10039) ;
#35=CYLINDRICAL_SURFACE('generated cylinder',#34,24.) ;
#648=CYLINDRICAL_SURFACE('generated cylinder',#647,20.) ;
#679=CYLINDRICAL_SURFACE('generated cylinder',#678,24.) ;
#766=CYLINDRICAL_SURFACE('generated cylinder',#765,20.) ;
#814=CYLINDRICAL_SURFACE('generated cylinder',#813,20.) ;
#862=CYLINDRICAL_SURFACE('generated cylinder',#861,20.) ;
#949=CYLINDRICAL_SURFACE('generated cylinder',#948,10.) ;
#1011=CYLINDRICAL_SURFACE('generated cylinder',#1010,10.) ;
#1073=CYLINDRICAL_SURFACE('generated cylinder',#1072,10.) ;
#1135=CYLINDRICAL_SURFACE('generated cylinder',#1134,10.) ;
#1197=CYLINDRICAL_SURFACE('generated cylinder',#1196,10.) ;
#1259=CYLINDRICAL_SURFACE('generated cylinder',#1258,10.) ;
#1316=CYLINDRICAL_SURFACE('generated cylinder',#1315,10.) ;
#1378=CYLINDRICAL_SURFACE('generated cylinder',#1377,10.) ;
#1435=CYLINDRICAL_SURFACE('generated cylinder',#1434,20.) ;
#1520=CYLINDRICAL_SURFACE('generated cylinder',#1519,20.) ;
#1561=CYLINDRICAL_SURFACE('generated cylinder',#1560,40.) ;
#1632=CYLINDRICAL_SURFACE('generated cylinder',#1631,20.) ;
#1694=CYLINDRICAL_SURFACE('generated cylinder',#1693,15.) ;
#1725=CYLINDRICAL_SURFACE('generated cylinder',#1724,17.5) ;
#1772=CYLINDRICAL_SURFACE('generated cylinder',#1771,17.5) ;
#1828=CYLINDRICAL_SURFACE('generated cylinder',#1827,15.) ;
#1890=CYLINDRICAL_SURFACE('generated cylinder',#1889,20.) ;
#1952=CYLINDRICAL_SURFACE('generated cylinder',#1951,40.) ;
#2005=CYLINDRICAL_SURFACE('generated cylinder',#2004,6.5) ;
#2062=CYLINDRICAL_SURFACE('generated cylinder',#2061,6.5) ;
#2786=CYLINDRICAL_SURFACE('generated cylinder',#2785,16.) ;
#2857=CYLINDRICAL_SURFACE('generated cylinder',#2856,10.) ;
#3018=CYLINDRICAL_SURFACE('generated cylinder',#3017,10.) ;
#3137=CYLINDRICAL_SURFACE('generated cylinder',#3136,16.) ;
#3154=CYLINDRICAL_SURFACE('generated cylinder',#3153,5.) ;
#3188=CYLINDRICAL_SURFACE('generated cylinder',#3187,5.) ;
#3466=CYLINDRICAL_SURFACE('generated cylinder',#3465,20.) ;
#3514=CYLINDRICAL_SURFACE('generated cylinder',#3513,20.) ;
#3543=CYLINDRICAL_SURFACE('generated cylinder',#3542,20.) ;
#3577=CYLINDRICAL_SURFACE('generated cylinder',#3576,20.) ;
#3657=CYLINDRICAL_SURFACE('generated cylinder',#3656,10.) ;
#3714=CYLINDRICAL_SURFACE('generated cylinder',#3713,10.) ;
#3776=CYLINDRICAL_SURFACE('generated cylinder',#3775,10.) ;
#3838=CYLINDRICAL_SURFACE('generated cylinder',#3837,10.) ;
#3900=CYLINDRICAL_SURFACE('generated cylinder',#3899,10.) ;
#3962=CYLINDRICAL_SURFACE('generated cylinder',#3961,10.) ;
#4019=CYLINDRICAL_SURFACE('generated cylinder',#4018,10.) ;
#4076=CYLINDRICAL_SURFACE('generated cylinder',#4075,10.) ;
#4133=CYLINDRICAL_SURFACE('generated cylinder',#4132,20.) ;
#4209=CYLINDRICAL_SURFACE('generated cylinder',#4208,20.) ;
#4233=CYLINDRICAL_SURFACE('generated cylinder',#4232,40.) ;
#4288=CYLINDRICAL_SURFACE('generated cylinder',#4287,20.) ;
#4331=CYLINDRICAL_SURFACE('generated cylinder',#4330,15.) ;
#4355=CYLINDRICAL_SURFACE('generated cylinder',#4354,17.5) ;
#4388=CYLINDRICAL_SURFACE('generated cylinder',#4387,17.5) ;
#4428=CYLINDRICAL_SURFACE('generated cylinder',#4427,15.) ;
#4471=CYLINDRICAL_SURFACE('generated cylinder',#4470,20.) ;
#4519=CYLINDRICAL_SURFACE('generated cylinder',#4518,40.) ;
#4560=CYLINDRICAL_SURFACE('generated cylinder',#4559,6.5) ;
#4617=CYLINDRICAL_SURFACE('generated cylinder',#4616,6.5) ;
#4674=CYLINDRICAL_SURFACE('generated cylinder',#4673,10.) ;
#4691=CYLINDRICAL_SURFACE('generated cylinder',#4690,10.) ;
#4708=CYLINDRICAL_SURFACE('generated cylinder',#4707,5.) ;
#4742=CYLINDRICAL_SURFACE('generated cylinder',#4741,5.) ;
#4825=CYLINDRICAL_SURFACE('generated cylinder',#4824,2.25) ;
#4891=CYLINDRICAL_SURFACE('generated cylinder',#4890,2.25) ;
#4950=CYLINDRICAL_SURFACE('generated cylinder',#4949,2.25) ;
#5009=CYLINDRICAL_SURFACE('generated cylinder',#5008,2.25) ;
#5068=CYLINDRICAL_SURFACE('generated cylinder',#5067,2.25) ;
#5127=CYLINDRICAL_SURFACE('generated cylinder',#5126,2.25) ;
#5186=CYLINDRICAL_SURFACE('generated cylinder',#5185,2.25) ;
#5245=CYLINDRICAL_SURFACE('generated cylinder',#5244,2.25) ;
#5304=CYLINDRICAL_SURFACE('generated cylinder',#5303,2.25) ;
#5363=CYLINDRICAL_SURFACE('generated cylinder',#5362,2.25) ;
#5422=CYLINDRICAL_SURFACE('generated cylinder',#5421,2.25) ;
#5481=CYLINDRICAL_SURFACE('generated cylinder',#5480,2.25) ;
#5540=CYLINDRICAL_SURFACE('generated cylinder',#5539,2.25) ;
#5599=CYLINDRICAL_SURFACE('generated cylinder',#5598,2.25) ;
#5658=CYLINDRICAL_SURFACE('generated cylinder',#5657,2.25) ;
#5717=CYLINDRICAL_SURFACE('generated cylinder',#5716,2.25) ;
#5776=CYLINDRICAL_SURFACE('generated cylinder',#5775,2.25) ;
#5835=CYLINDRICAL_SURFACE('generated cylinder',#5834,6.5) ;
#5908=CYLINDRICAL_SURFACE('generated cylinder',#5907,6.5) ;
#5963=CYLINDRICAL_SURFACE('generated cylinder',#5962,6.5) ;
#6031=CYLINDRICAL_SURFACE('generated cylinder',#6030,6.5) ;
#6081=CYLINDRICAL_SURFACE('generated cylinder',#6080,2.25) ;
#6140=CYLINDRICAL_SURFACE('generated cylinder',#6139,2.25) ;
#6199=CYLINDRICAL_SURFACE('generated cylinder',#6198,2.25) ;
#6258=CYLINDRICAL_SURFACE('generated cylinder',#6257,2.25) ;
#6317=CYLINDRICAL_SURFACE('generated cylinder',#6316,2.25) ;
#6376=CYLINDRICAL_SURFACE('generated cylinder',#6375,2.25) ;
#6435=CYLINDRICAL_SURFACE('generated cylinder',#6434,2.25) ;
#6494=CYLINDRICAL_SURFACE('generated cylinder',#6493,2.25) ;
#6553=CYLINDRICAL_SURFACE('generated cylinder',#6552,2.25) ;
#6612=CYLINDRICAL_SURFACE('generated cylinder',#6611,2.25) ;
#6671=CYLINDRICAL_SURFACE('generated cylinder',#6670,2.25) ;
#6730=CYLINDRICAL_SURFACE('generated cylinder',#6729,2.25) ;
#6789=CYLINDRICAL_SURFACE('generated cylinder',#6788,2.25) ;
#6848=CYLINDRICAL_SURFACE('generated cylinder',#6847,2.25) ;
#6907=CYLINDRICAL_SURFACE('generated cylinder',#6906,2.25) ;
#6966=CYLINDRICAL_SURFACE('generated cylinder',#6965,2.25) ;
#7025=CYLINDRICAL_SURFACE('generated cylinder',#7024,2.25) ;
#7084=CYLINDRICAL_SURFACE('generated cylinder',#7083,6.5) ;
#7157=CYLINDRICAL_SURFACE('generated cylinder',#7156,6.5) ;
#7212=CYLINDRICAL_SURFACE('generated cylinder',#7211,6.5) ;
#7280=CYLINDRICAL_SURFACE('generated cylinder',#7279,6.5) ;
#7330=CYLINDRICAL_SURFACE('generated cylinder',#7329,15.) ;
#7387=CYLINDRICAL_SURFACE('generated cylinder',#7386,15.) ;
#7444=CYLINDRICAL_SURFACE('generated cylinder',#7443,15.) ;
#7501=CYLINDRICAL_SURFACE('generated cylinder',#7500,15.) ;
#7647=CYLINDRICAL_SURFACE('generated cylinder',#7646,15.) ;
#7707=CYLINDRICAL_SURFACE('generated cylinder',#7706,15.) ;
#7762=CYLINDRICAL_SURFACE('generated cylinder',#7761,15.) ;
#7817=CYLINDRICAL_SURFACE('generated cylinder',#7816,15.) ;
#8388=CYLINDRICAL_SURFACE('generated cylinder',#8387,15.) ;
#8400=CYLINDRICAL_SURFACE('generated cylinder',#8399,15.) ;
#8436=CYLINDRICAL_SURFACE('generated cylinder',#8435,10.) ;
#8470=CYLINDRICAL_SURFACE('generated cylinder',#8469,10.) ;
#8482=CYLINDRICAL_SURFACE('generated cylinder',#8481,10.) ;
#8521=CYLINDRICAL_SURFACE('generated cylinder',#8520,10.) ;
#8555=CYLINDRICAL_SURFACE('generated cylinder',#8554,10.) ;
#8584=CYLINDRICAL_SURFACE('generated cylinder',#8583,10.) ;
#8613=CYLINDRICAL_SURFACE('generated cylinder',#8612,10.) ;
#8652=CYLINDRICAL_SURFACE('generated cylinder',#8651,10.) ;
#8681=CYLINDRICAL_SURFACE('generated cylinder',#8680,10.) ;
#8715=CYLINDRICAL_SURFACE('generated cylinder',#8714,10.) ;
#8758=CYLINDRICAL_SURFACE('generated cylinder',#8757,10.) ;
#8775=CYLINDRICAL_SURFACE('generated cylinder',#8774,15.) ;
#8804=CYLINDRICAL_SURFACE('generated cylinder',#8803,15.) ;
#8835=CYLINDRICAL_SURFACE('generated cylinder',#8834,10.) ;
#8847=CYLINDRICAL_SURFACE('generated cylinder',#8846,6.5) ;
#8878=CYLINDRICAL_SURFACE('generated cylinder',#8877,6.5) ;
#8909=CYLINDRICAL_SURFACE('generated cylinder',#8908,6.5) ;
#8940=CYLINDRICAL_SURFACE('generated cylinder',#8939,6.5) ;
#8983=CYLINDRICAL_SURFACE('generated cylinder',#8982,16.) ;
#9116=CYLINDRICAL_SURFACE('generated cylinder',#9115,20.) ;
#9178=CYLINDRICAL_SURFACE('generated cylinder',#9177,50.) ;
#9240=CYLINDRICAL_SURFACE('generated cylinder',#9239,50.) ;
#9302=CYLINDRICAL_SURFACE('generated cylinder',#9301,20.) ;
#9421=CYLINDRICAL_SURFACE('generated cylinder',#9420,16.) ;
#9525=CYLINDRICAL_SURFACE('generated cylinder',#9524,16.) ;
#9658=CYLINDRICAL_SURFACE('generated cylinder',#9657,20.) ;
#9720=CYLINDRICAL_SURFACE('generated cylinder',#9719,50.) ;
#9782=CYLINDRICAL_SURFACE('generated cylinder',#9781,50.) ;
#9844=CYLINDRICAL_SURFACE('generated cylinder',#9843,20.) ;
#9963=CYLINDRICAL_SURFACE('generated cylinder',#9962,16.) ;
#438=FACE_BOUND('',#417,.T.) ;
#504=FACE_BOUND('',#495,.T.) ;
#570=FACE_BOUND('',#561,.T.) ;
#588=FACE_BOUND('',#585,.T.) ;
#606=FACE_BOUND('',#603,.T.) ;
#624=FACE_BOUND('',#621,.T.) ;
#642=FACE_BOUND('',#639,.T.) ;
#2326=FACE_BOUND('',#2303,.T.) ;
#2504=FACE_BOUND('',#2481,.T.) ;
#2522=FACE_BOUND('',#2519,.T.) ;
#2540=FACE_BOUND('',#2537,.T.) ;
#2558=FACE_BOUND('',#2555,.T.) ;
#2576=FACE_BOUND('',#2573,.T.) ;
#2642=FACE_BOUND('',#2633,.T.) ;
#2708=FACE_BOUND('',#2699,.T.) ;
#2726=FACE_BOUND('',#2723,.T.) ;
#2744=FACE_BOUND('',#2741,.T.) ;
#2762=FACE_BOUND('',#2759,.T.) ;
#2780=FACE_BOUND('',#2777,.T.) ;
#7628=FACE_BOUND('',#7625,.T.) ;
#7632=FACE_BOUND('',#7629,.T.) ;
#7636=FACE_BOUND('',#7633,.T.) ;
#7640=FACE_BOUND('',#7637,.T.) ;
#7700=FACE_BOUND('',#7697,.T.) ;
#7755=FACE_BOUND('',#7752,.T.) ;
#7810=FACE_BOUND('',#7807,.T.) ;
#7865=FACE_BOUND('',#7862,.T.) ;
#7917=FACE_BOUND('',#7914,.T.) ;
#7921=FACE_BOUND('',#7918,.T.) ;
#7925=FACE_BOUND('',#7922,.T.) ;
#7929=FACE_BOUND('',#7926,.T.) ;
#7933=FACE_BOUND('',#7930,.T.) ;
#7937=FACE_BOUND('',#7934,.T.) ;
#7941=FACE_BOUND('',#7938,.T.) ;
#7945=FACE_BOUND('',#7942,.T.) ;
#7949=FACE_BOUND('',#7946,.T.) ;
#7953=FACE_BOUND('',#7950,.T.) ;
#7957=FACE_BOUND('',#7954,.T.) ;
#7961=FACE_BOUND('',#7958,.T.) ;
#7965=FACE_BOUND('',#7962,.T.) ;
#7969=FACE_BOUND('',#7966,.T.) ;
#7973=FACE_BOUND('',#7970,.T.) ;
#7977=FACE_BOUND('',#7974,.T.) ;
#7981=FACE_BOUND('',#7978,.T.) ;
#7987=FACE_BOUND('',#7982,.T.) ;
#7993=FACE_BOUND('',#7988,.T.) ;
#8032=FACE_BOUND('',#8029,.T.) ;
#8036=FACE_BOUND('',#8033,.T.) ;
#8040=FACE_BOUND('',#8037,.T.) ;
#8044=FACE_BOUND('',#8041,.T.) ;
#8048=FACE_BOUND('',#8045,.T.) ;
#8052=FACE_BOUND('',#8049,.T.) ;
#8056=FACE_BOUND('',#8053,.T.) ;
#8060=FACE_BOUND('',#8057,.T.) ;
#8064=FACE_BOUND('',#8061,.T.) ;
#8068=FACE_BOUND('',#8065,.T.) ;
#8072=FACE_BOUND('',#8069,.T.) ;
#8076=FACE_BOUND('',#8073,.T.) ;
#8080=FACE_BOUND('',#8077,.T.) ;
#8084=FACE_BOUND('',#8081,.T.) ;
#8088=FACE_BOUND('',#8085,.T.) ;
#8092=FACE_BOUND('',#8089,.T.) ;
#8096=FACE_BOUND('',#8093,.T.) ;
#8102=FACE_BOUND('',#8097,.T.) ;
#8108=FACE_BOUND('',#8103,.T.) ;
#8163=FACE_BOUND('',#8160,.T.) ;
#8167=FACE_BOUND('',#8164,.T.) ;
#8171=FACE_BOUND('',#8168,.T.) ;
#8175=FACE_BOUND('',#8172,.T.) ;
#8179=FACE_BOUND('',#8176,.T.) ;
#8183=FACE_BOUND('',#8180,.T.) ;
#8187=FACE_BOUND('',#8184,.T.) ;
#8191=FACE_BOUND('',#8188,.T.) ;
#8195=FACE_BOUND('',#8192,.T.) ;
#8199=FACE_BOUND('',#8196,.T.) ;
#8203=FACE_BOUND('',#8200,.T.) ;
#8207=FACE_BOUND('',#8204,.T.) ;
#8211=FACE_BOUND('',#8208,.T.) ;
#8215=FACE_BOUND('',#8212,.T.) ;
#8219=FACE_BOUND('',#8216,.T.) ;
#8223=FACE_BOUND('',#8220,.T.) ;
#8227=FACE_BOUND('',#8224,.T.) ;
#8233=FACE_BOUND('',#8228,.T.) ;
#8239=FACE_BOUND('',#8234,.T.) ;
#8273=FACE_BOUND('',#8270,.T.) ;
#8277=FACE_BOUND('',#8274,.T.) ;
#8281=FACE_BOUND('',#8278,.T.) ;
#8285=FACE_BOUND('',#8282,.T.) ;
#8289=FACE_BOUND('',#8286,.T.) ;
#8293=FACE_BOUND('',#8290,.T.) ;
#8297=FACE_BOUND('',#8294,.T.) ;
#8301=FACE_BOUND('',#8298,.T.) ;
#8305=FACE_BOUND('',#8302,.T.) ;
#8309=FACE_BOUND('',#8306,.T.) ;
#8313=FACE_BOUND('',#8310,.T.) ;
#8317=FACE_BOUND('',#8314,.T.) ;
#8321=FACE_BOUND('',#8318,.T.) ;
#8325=FACE_BOUND('',#8322,.T.) ;
#8329=FACE_BOUND('',#8326,.T.) ;
#8333=FACE_BOUND('',#8330,.T.) ;
#8337=FACE_BOUND('',#8334,.T.) ;
#8343=FACE_BOUND('',#8338,.T.) ;
#8349=FACE_BOUND('',#8344,.T.) ;
#44=EDGE_CURVE('',#41,#43,#39,.T.) ;
#51=EDGE_CURVE('',#43,#50,#48,.T.) ;
#58=EDGE_CURVE('',#57,#50,#55,.T.) ;
#63=EDGE_CURVE('',#41,#57,#62,.T.) ;
#84=EDGE_CURVE('',#81,#83,#79,.F.) ;
#91=EDGE_CURVE('',#83,#90,#88,.T.) ;
#98=EDGE_CURVE('',#90,#97,#95,.F.) ;
#105=EDGE_CURVE('',#97,#104,#102,.F.) ;
#112=EDGE_CURVE('',#111,#104,#109,.T.) ;
#119=EDGE_CURVE('',#118,#111,#116,.F.) ;
#126=EDGE_CURVE('',#125,#118,#123,.F.) ;
#133=EDGE_CURVE('',#125,#132,#130,.F.) ;
#140=EDGE_CURVE('',#132,#139,#137,.F.) ;
#147=EDGE_CURVE('',#146,#139,#144,.T.) ;
#154=EDGE_CURVE('',#153,#146,#151,.T.) ;
#161=EDGE_CURVE('',#160,#153,#158,.T.) ;
#168=EDGE_CURVE('',#167,#160,#165,.T.) ;
#175=EDGE_CURVE('',#167,#174,#172,.T.) ;
#182=EDGE_CURVE('',#181,#174,#179,.T.) ;
#189=EDGE_CURVE('',#188,#181,#186,.T.) ;
#196=EDGE_CURVE('',#188,#195,#193,.F.) ;
#203=EDGE_CURVE('',#195,#202,#200,.F.) ;
#208=EDGE_CURVE('',#202,#41,#207,.T.) ;
#215=EDGE_CURVE('',#214,#57,#212,.T.) ;
#222=EDGE_CURVE('',#221,#214,#219,.T.) ;
#229=EDGE_CURVE('',#228,#221,#226,.T.) ;
#236=EDGE_CURVE('',#228,#235,#233,.F.) ;
#243=EDGE_CURVE('',#235,#242,#240,.T.) ;
#248=EDGE_CURVE('',#81,#242,#247,.T.) ;
#285=EDGE_CURVE('',#282,#284,#280,.T.) ;
#292=EDGE_CURVE('',#282,#291,#289,.T.) ;
#299=EDGE_CURVE('',#298,#291,#296,.T.) ;
#306=EDGE_CURVE('',#298,#305,#303,.T.) ;
#313=EDGE_CURVE('',#312,#305,#310,.T.) ;
#320=EDGE_CURVE('',#312,#319,#317,.T.) ;
#327=EDGE_CURVE('',#326,#319,#324,.T.) ;
#334=EDGE_CURVE('',#333,#326,#331,.T.) ;
#341=EDGE_CURVE('',#333,#340,#338,.T.) ;
#348=EDGE_CURVE('',#347,#340,#345,.T.) ;
#355=EDGE_CURVE('',#354,#347,#352,.T.) ;
#362=EDGE_CURVE('',#354,#361,#359,.T.) ;
#369=EDGE_CURVE('',#368,#361,#366,.T.) ;
#376=EDGE_CURVE('',#375,#368,#373,.T.) ;
#383=EDGE_CURVE('',#382,#375,#380,.T.) ;
#390=EDGE_CURVE('',#382,#389,#387,.T.) ;
#397=EDGE_CURVE('',#396,#389,#394,.T.) ;
#404=EDGE_CURVE('',#403,#396,#401,.T.) ;
#411=EDGE_CURVE('',#403,#410,#408,.T.) ;
#416=EDGE_CURVE('',#284,#410,#415,.T.) ;
#447=EDGE_CURVE('',#444,#446,#442,.T.) ;
#454=EDGE_CURVE('',#453,#444,#451,.T.) ;
#461=EDGE_CURVE('',#453,#460,#458,.T.) ;
#468=EDGE_CURVE('',#467,#460,#465,.T.) ;
#475=EDGE_CURVE('',#474,#467,#472,.T.) ;
#482=EDGE_CURVE('',#481,#474,#479,.T.) ;
#489=EDGE_CURVE('',#481,#488,#486,.T.) ;
#494=EDGE_CURVE('',#446,#488,#493,.T.) ;
#513=EDGE_CURVE('',#510,#512,#508,.T.) ;
#520=EDGE_CURVE('',#519,#510,#517,.T.) ;
#527=EDGE_CURVE('',#526,#519,#524,.T.) ;
#534=EDGE_CURVE('',#533,#526,#531,.T.) ;
#541=EDGE_CURVE('',#540,#533,#538,.T.) ;
#548=EDGE_CURVE('',#547,#540,#545,.T.) ;
#555=EDGE_CURVE('',#554,#547,#552,.T.) ;
#560=EDGE_CURVE('',#512,#554,#559,.T.) ;
#579=EDGE_CURVE('',#576,#578,#574,.T.) ;
#584=EDGE_CURVE('',#578,#576,#583,.T.) ;
#597=EDGE_CURVE('',#594,#596,#592,.T.) ;
#602=EDGE_CURVE('',#596,#594,#601,.T.) ;
#615=EDGE_CURVE('',#612,#614,#610,.T.) ;
#620=EDGE_CURVE('',#614,#612,#619,.T.) ;
#633=EDGE_CURVE('',#630,#632,#628,.T.) ;
#638=EDGE_CURVE('',#632,#630,#637,.T.) ;
#655=EDGE_CURVE('',#202,#654,#652,.F.) ;
#662=EDGE_CURVE('',#195,#661,#659,.F.) ;
#667=EDGE_CURVE('',#654,#661,#666,.T.) ;
#686=EDGE_CURVE('',#685,#125,#683,.T.) ;
#693=EDGE_CURVE('',#692,#118,#690,.T.) ;
#698=EDGE_CURVE('',#685,#692,#697,.T.) ;
#719=EDGE_CURVE('',#716,#718,#714,.T.) ;
#726=EDGE_CURVE('',#718,#725,#723,.F.) ;
#733=EDGE_CURVE('',#732,#725,#730,.F.) ;
#740=EDGE_CURVE('',#739,#732,#737,.F.) ;
#745=EDGE_CURVE('',#739,#132,#744,.F.) ;
#750=EDGE_CURVE('',#716,#685,#749,.F.) ;
#773=EDGE_CURVE('',#772,#739,#770,.F.) ;
#778=EDGE_CURVE('',#772,#139,#777,.F.) ;
#797=EDGE_CURVE('',#796,#772,#794,.T.) ;
#802=EDGE_CURVE('',#796,#146,#801,.T.) ;
#821=EDGE_CURVE('',#820,#796,#818,.T.) ;
#826=EDGE_CURVE('',#820,#153,#825,.T.) ;
#845=EDGE_CURVE('',#844,#820,#842,.T.) ;
#850=EDGE_CURVE('',#844,#160,#849,.T.) ;
#871=EDGE_CURVE('',#868,#870,#866,.T.) ;
#878=EDGE_CURVE('',#870,#877,#875,.T.) ;
#883=EDGE_CURVE('',#877,#167,#882,.T.) ;
#890=EDGE_CURVE('',#889,#844,#887,.T.) ;
#897=EDGE_CURVE('',#889,#896,#894,.T.) ;
#902=EDGE_CURVE('',#868,#896,#901,.T.) ;
#925=EDGE_CURVE('',#868,#924,#922,.T.) ;
#932=EDGE_CURVE('',#924,#931,#929,.T.) ;
#937=EDGE_CURVE('',#870,#931,#936,.T.) ;
#956=EDGE_CURVE('',#924,#955,#953,.T.) ;
#963=EDGE_CURVE('',#955,#962,#960,.T.) ;
#968=EDGE_CURVE('',#931,#962,#967,.T.) ;
#987=EDGE_CURVE('',#955,#986,#984,.T.) ;
#994=EDGE_CURVE('',#986,#993,#991,.T.) ;
#999=EDGE_CURVE('',#962,#993,#998,.T.) ;
#1018=EDGE_CURVE('',#986,#1017,#1015,.T.) ;
#1025=EDGE_CURVE('',#1017,#1024,#1022,.T.) ;
#1030=EDGE_CURVE('',#993,#1024,#1029,.T.) ;
#1051=EDGE_CURVE('',#1048,#1050,#1046,.T.) ;
#1056=EDGE_CURVE('',#1050,#1024,#1055,.T.) ;
#1061=EDGE_CURVE('',#1048,#1017,#1060,.T.) ;
#1082=EDGE_CURVE('',#1079,#1081,#1077,.T.) ;
#1087=EDGE_CURVE('',#1081,#1050,#1086,.T.) ;
#1092=EDGE_CURVE('',#1079,#1048,#1091,.T.) ;
#1111=EDGE_CURVE('',#1079,#1110,#1108,.T.) ;
#1118=EDGE_CURVE('',#1110,#1117,#1115,.T.) ;
#1123=EDGE_CURVE('',#1081,#1117,#1122,.T.) ;
#1142=EDGE_CURVE('',#1110,#1141,#1139,.T.) ;
#1149=EDGE_CURVE('',#1141,#1148,#1146,.T.) ;
#1154=EDGE_CURVE('',#1117,#1148,#1153,.T.) ;
#1173=EDGE_CURVE('',#1141,#1172,#1170,.T.) ;
#1180=EDGE_CURVE('',#1172,#1179,#1177,.T.) ;
#1185=EDGE_CURVE('',#1148,#1179,#1184,.T.) ;
#1204=EDGE_CURVE('',#1172,#1203,#1201,.T.) ;
#1211=EDGE_CURVE('',#1203,#1210,#1208,.T.) ;
#1216=EDGE_CURVE('',#1179,#1210,#1215,.T.) ;
#1237=EDGE_CURVE('',#1234,#1236,#1232,.T.) ;
#1242=EDGE_CURVE('',#1236,#1210,#1241,.T.) ;
#1247=EDGE_CURVE('',#1234,#1203,#1246,.T.) ;
#1268=EDGE_CURVE('',#1265,#1267,#1263,.T.) ;
#1273=EDGE_CURVE('',#1267,#1236,#1272,.T.) ;
#1278=EDGE_CURVE('',#1265,#1234,#1277,.T.) ;
#1294=EDGE_CURVE('',#1291,#1293,#1289,.T.) ;
#1299=EDGE_CURVE('',#1293,#1267,#1298,.T.) ;
#1304=EDGE_CURVE('',#1291,#1265,#1303,.T.) ;
#1323=EDGE_CURVE('',#1291,#1322,#1320,.T.) ;
#1330=EDGE_CURVE('',#1322,#1329,#1327,.T.) ;
#1335=EDGE_CURVE('',#1293,#1329,#1334,.T.) ;
#1354=EDGE_CURVE('',#1322,#1353,#1351,.T.) ;
#1361=EDGE_CURVE('',#1353,#1360,#1358,.T.) ;
#1366=EDGE_CURVE('',#1329,#1360,#1365,.T.) ;
#1385=EDGE_CURVE('',#1353,#1384,#1382,.T.) ;
#1392=EDGE_CURVE('',#1384,#1391,#1389,.T.) ;
#1397=EDGE_CURVE('',#1360,#1391,#1396,.T.) ;
#1411=EDGE_CURVE('',#1384,#1410,#1408,.T.) ;
#1418=EDGE_CURVE('',#1410,#1417,#1415,.T.) ;
#1423=EDGE_CURVE('',#1391,#1417,#1422,.T.) ;
#1444=EDGE_CURVE('',#1441,#1443,#1439,.T.) ;
#1449=EDGE_CURVE('',#1443,#1417,#1448,.T.) ;
#1454=EDGE_CURVE('',#1441,#1410,#1453,.T.) ;
#1473=EDGE_CURVE('',#1472,#1441,#1470,.T.) ;
#1480=EDGE_CURVE('',#1472,#1479,#1477,.T.) ;
#1487=EDGE_CURVE('',#1486,#1479,#1484,.T.) ;
#1492=EDGE_CURVE('',#1486,#181,#1491,.T.) ;
#1499=EDGE_CURVE('',#174,#1498,#1496,.T.) ;
#1504=EDGE_CURVE('',#1498,#1443,#1503,.T.) ;
#1527=EDGE_CURVE('',#1526,#1486,#1524,.T.) ;
#1532=EDGE_CURVE('',#1526,#188,#1531,.T.) ;
#1549=EDGE_CURVE('',#1526,#661,#1548,.F.) ;
#1570=EDGE_CURVE('',#1567,#1569,#1565,.T.) ;
#1577=EDGE_CURVE('',#1569,#1576,#1574,.F.) ;
#1584=EDGE_CURVE('',#1583,#1576,#1581,.T.) ;
#1589=EDGE_CURVE('',#1567,#1583,#1588,.F.) ;
#1608=EDGE_CURVE('',#1583,#1607,#1605,.T.) ;
#1615=EDGE_CURVE('',#1614,#1607,#1612,.F.) ;
#1620=EDGE_CURVE('',#1567,#1614,#1619,.T.) ;
#1639=EDGE_CURVE('',#1638,#1614,#1636,.T.) ;
#1646=EDGE_CURVE('',#1645,#1607,#1643,.T.) ;
#1651=EDGE_CURVE('',#1638,#1645,#1650,.F.) ;
#1670=EDGE_CURVE('',#1645,#1669,#1667,.T.) ;
#1677=EDGE_CURVE('',#1669,#1676,#1674,.T.) ;
#1682=EDGE_CURVE('',#1638,#1676,#1681,.T.) ;
#1701=EDGE_CURVE('',#1700,#1676,#1698,.T.) ;
#1708=EDGE_CURVE('',#1669,#1707,#1705,.F.) ;
#1713=EDGE_CURVE('',#1707,#1700,#1712,.T.) ;
#1732=EDGE_CURVE('',#1707,#1731,#1729,.T.) ;
#1739=EDGE_CURVE('',#1731,#1738,#1736,.T.) ;
#1746=EDGE_CURVE('',#1745,#1738,#1743,.F.) ;
#1753=EDGE_CURVE('',#1752,#1745,#1750,.T.) ;
#1758=EDGE_CURVE('',#1700,#1752,#1757,.T.) ;
#1781=EDGE_CURVE('',#1778,#1780,#1776,.T.) ;
#1788=EDGE_CURVE('',#1780,#1787,#1785,.T.) ;
#1795=EDGE_CURVE('',#1794,#1787,#1792,.T.) ;
#1802=EDGE_CURVE('',#1801,#1794,#1799,.T.) ;
#1809=EDGE_CURVE('',#1801,#1808,#1806,.F.) ;
#1814=EDGE_CURVE('',#1808,#1778,#1813,.T.) ;
#1835=EDGE_CURVE('',#1834,#1787,#1832,.T.) ;
#1842=EDGE_CURVE('',#1780,#1841,#1839,.F.) ;
#1847=EDGE_CURVE('',#1841,#1834,#1846,.T.) ;
#1866=EDGE_CURVE('',#1841,#1865,#1863,.T.) ;
#1873=EDGE_CURVE('',#1872,#1865,#1870,.F.) ;
#1878=EDGE_CURVE('',#1834,#1872,#1877,.T.) ;
#1897=EDGE_CURVE('',#1896,#1872,#1894,.T.) ;
#1904=EDGE_CURVE('',#1903,#1865,#1901,.T.) ;
#1909=EDGE_CURVE('',#1896,#1903,#1908,.F.) ;
#1928=EDGE_CURVE('',#1903,#1927,#1925,.T.) ;
#1935=EDGE_CURVE('',#1934,#1927,#1932,.F.) ;
#1940=EDGE_CURVE('',#1896,#1934,#1939,.T.) ;
#1959=EDGE_CURVE('',#1958,#1934,#1956,.T.) ;
#1966=EDGE_CURVE('',#1965,#1927,#1963,.T.) ;
#1971=EDGE_CURVE('',#1958,#1965,#1970,.F.) ;
#1988=EDGE_CURVE('',#1965,#1576,#1987,.T.) ;
#1993=EDGE_CURVE('',#1958,#1569,#1992,.T.) ;
#2014=EDGE_CURVE('',#2011,#2013,#2009,.F.) ;
#2021=EDGE_CURVE('',#2013,#2020,#2018,.T.) ;
#2028=EDGE_CURVE('',#2020,#2027,#2025,.T.) ;
#2033=EDGE_CURVE('',#2011,#2027,#2032,.T.) ;
#2045=EDGE_CURVE('',#2013,#2011,#2044,.F.) ;
#2050=EDGE_CURVE('',#2027,#2020,#2049,.T.) ;
#2071=EDGE_CURVE('',#2068,#2070,#2066,.F.) ;
#2078=EDGE_CURVE('',#2070,#2077,#2075,.T.) ;
#2085=EDGE_CURVE('',#2077,#2084,#2082,.T.) ;
#2090=EDGE_CURVE('',#2068,#2084,#2089,.T.) ;
#2102=EDGE_CURVE('',#2070,#2068,#2101,.F.) ;
#2107=EDGE_CURVE('',#2084,#2077,#2106,.T.) ;
#2128=EDGE_CURVE('',#2125,#2127,#2123,.T.) ;
#2135=EDGE_CURVE('',#2134,#2127,#2132,.T.) ;
#2142=EDGE_CURVE('',#2141,#2134,#2139,.F.) ;
#2149=EDGE_CURVE('',#2141,#2148,#2146,.T.) ;
#2156=EDGE_CURVE('',#2155,#2148,#2153,.F.) ;
#2163=EDGE_CURVE('',#2162,#2155,#2160,.T.) ;
#2170=EDGE_CURVE('',#2169,#2162,#2167,.F.) ;
#2175=EDGE_CURVE('',#2169,#654,#2174,.T.) ;
#2180=EDGE_CURVE('',#889,#1479,#2179,.T.) ;
#2187=EDGE_CURVE('',#732,#2186,#2184,.F.) ;
#2194=EDGE_CURVE('',#2193,#2186,#2191,.F.) ;
#2201=EDGE_CURVE('',#2200,#2193,#2198,.F.) ;
#2208=EDGE_CURVE('',#2207,#2200,#2205,.F.) ;
#2215=EDGE_CURVE('',#2214,#2207,#2212,.F.) ;
#2222=EDGE_CURVE('',#2221,#2214,#2219,.T.) ;
#2227=EDGE_CURVE('',#2125,#2221,#2226,.F.) ;
#2262=EDGE_CURVE('',#1808,#2261,#2259,.T.) ;
#2269=EDGE_CURVE('',#2268,#2261,#2266,.T.) ;
#2276=EDGE_CURVE('',#2268,#2275,#2273,.T.) ;
#2283=EDGE_CURVE('',#2282,#2275,#2280,.T.) ;
#2290=EDGE_CURVE('',#2282,#2289,#2287,.T.) ;
#2297=EDGE_CURVE('',#2296,#2289,#2294,.T.) ;
#2302=EDGE_CURVE('',#2296,#1738,#2301,.T.) ;
#2335=EDGE_CURVE('',#2332,#2334,#2330,.T.) ;
#2342=EDGE_CURVE('',#2332,#2341,#2339,.T.) ;
#2349=EDGE_CURVE('',#2348,#2341,#2346,.T.) ;
#2356=EDGE_CURVE('',#2348,#2355,#2353,.T.) ;
#2363=EDGE_CURVE('',#2355,#2362,#2360,.T.) ;
#2370=EDGE_CURVE('',#2362,#2369,#2367,.T.) ;
#2377=EDGE_CURVE('',#2376,#2369,#2374,.T.) ;
#2384=EDGE_CURVE('',#2376,#2383,#2381,.T.) ;
#2391=EDGE_CURVE('',#2390,#2383,#2388,.T.) ;
#2398=EDGE_CURVE('',#2390,#2397,#2395,.F.) ;
#2405=EDGE_CURVE('',#2397,#2404,#2402,.T.) ;
#2412=EDGE_CURVE('',#2404,#2411,#2409,.F.) ;
#2419=EDGE_CURVE('',#2418,#2411,#2416,.F.) ;
#2426=EDGE_CURVE('',#2418,#2425,#2423,.T.) ;
#2433=EDGE_CURVE('',#2432,#2425,#2430,.F.) ;
#2440=EDGE_CURVE('',#2432,#2439,#2437,.T.) ;
#2447=EDGE_CURVE('',#2446,#2439,#2444,.F.) ;
#2454=EDGE_CURVE('',#2446,#2453,#2451,.T.) ;
#2461=EDGE_CURVE('',#2460,#2453,#2458,.F.) ;
#2468=EDGE_CURVE('',#2460,#2467,#2465,.F.) ;
#2475=EDGE_CURVE('',#2467,#2474,#2472,.T.) ;
#2480=EDGE_CURVE('',#2474,#2334,#2479,.F.) ;
#2513=EDGE_CURVE('',#2510,#2512,#2508,.T.) ;
#2518=EDGE_CURVE('',#2512,#2510,#2517,.T.) ;
#2531=EDGE_CURVE('',#2528,#2530,#2526,.T.) ;
#2536=EDGE_CURVE('',#2530,#2528,#2535,.T.) ;
#2549=EDGE_CURVE('',#2546,#2548,#2544,.T.) ;
#2554=EDGE_CURVE('',#2548,#2546,#2553,.T.) ;
#2567=EDGE_CURVE('',#2564,#2566,#2562,.T.) ;
#2572=EDGE_CURVE('',#2566,#2564,#2571,.T.) ;
#2585=EDGE_CURVE('',#2582,#2584,#2580,.T.) ;
#2592=EDGE_CURVE('',#2591,#2584,#2589,.T.) ;
#2599=EDGE_CURVE('',#2591,#2598,#2596,.T.) ;
#2606=EDGE_CURVE('',#2598,#2605,#2603,.T.) ;
#2613=EDGE_CURVE('',#2605,#2612,#2610,.T.) ;
#2620=EDGE_CURVE('',#2619,#2612,#2617,.T.) ;
#2627=EDGE_CURVE('',#2619,#2626,#2624,.T.) ;
#2632=EDGE_CURVE('',#2626,#2582,#2631,.T.) ;
#2651=EDGE_CURVE('',#2648,#2650,#2646,.T.) ;
#2658=EDGE_CURVE('',#2650,#2657,#2655,.T.) ;
#2665=EDGE_CURVE('',#2657,#2664,#2662,.T.) ;
#2672=EDGE_CURVE('',#2664,#2671,#2669,.T.) ;
#2679=EDGE_CURVE('',#2671,#2678,#2676,.T.) ;
#2686=EDGE_CURVE('',#2678,#2685,#2683,.T.) ;
#2693=EDGE_CURVE('',#2685,#2692,#2690,.T.) ;
#2698=EDGE_CURVE('',#2692,#2648,#2697,.T.) ;
#2717=EDGE_CURVE('',#2714,#2716,#2712,.T.) ;
#2722=EDGE_CURVE('',#2716,#2714,#2721,.T.) ;
#2735=EDGE_CURVE('',#2732,#2734,#2730,.T.) ;
#2740=EDGE_CURVE('',#2734,#2732,#2739,.T.) ;
#2753=EDGE_CURVE('',#2750,#2752,#2748,.T.) ;
#2758=EDGE_CURVE('',#2752,#2750,#2757,.T.) ;
#2771=EDGE_CURVE('',#2768,#2770,#2766,.T.) ;
#2776=EDGE_CURVE('',#2770,#2768,#2775,.T.) ;
#2793=EDGE_CURVE('',#2792,#2169,#2790,.F.) ;
#2800=EDGE_CURVE('',#2799,#2162,#2797,.F.) ;
#2805=EDGE_CURVE('',#2792,#2799,#2804,.T.) ;
#2826=EDGE_CURVE('',#2823,#2825,#2821,.F.) ;
#2833=EDGE_CURVE('',#2832,#2825,#2830,.F.) ;
#2840=EDGE_CURVE('',#2839,#2832,#2837,.F.) ;
#2845=EDGE_CURVE('',#2839,#2823,#2844,.F.) ;
#2864=EDGE_CURVE('',#2863,#2839,#2861,.F.) ;
#2871=EDGE_CURVE('',#2863,#2870,#2868,.F.) ;
#2876=EDGE_CURVE('',#2823,#2870,#2875,.T.) ;
#2897=EDGE_CURVE('',#2894,#2896,#2892,.F.) ;
#2904=EDGE_CURVE('',#2896,#2903,#2901,.F.) ;
#2911=EDGE_CURVE('',#2903,#2910,#2908,.T.) ;
#2918=EDGE_CURVE('',#2910,#2917,#2915,.T.) ;
#2923=EDGE_CURVE('',#2917,#716,#2922,.T.) ;
#2930=EDGE_CURVE('',#2929,#692,#2927,.F.) ;
#2937=EDGE_CURVE('',#2936,#2929,#2934,.F.) ;
#2944=EDGE_CURVE('',#2943,#2936,#2941,.F.) ;
#2951=EDGE_CURVE('',#2950,#2943,#2948,.F.) ;
#2958=EDGE_CURVE('',#2957,#2950,#2955,.F.) ;
#2965=EDGE_CURVE('',#2964,#2957,#2962,.T.) ;
#2970=EDGE_CURVE('',#2894,#2964,#2969,.F.) ;
#2994=EDGE_CURVE('',#2993,#2964,#2991,.F.) ;
#3001=EDGE_CURVE('',#3000,#2993,#2998,.F.) ;
#3006=EDGE_CURVE('',#3000,#2894,#3005,.F.) ;
#3025=EDGE_CURVE('',#3024,#3000,#3022,.F.) ;
#3030=EDGE_CURVE('',#3024,#2896,#3029,.F.) ;
#3049=EDGE_CURVE('',#3048,#2993,#3046,.T.) ;
#3056=EDGE_CURVE('',#3048,#3055,#3053,.F.) ;
#3063=EDGE_CURVE('',#3055,#3062,#3060,.T.) ;
#3070=EDGE_CURVE('',#3062,#3069,#3067,.F.) ;
#3077=EDGE_CURVE('',#3069,#3076,#3074,.T.) ;
#3084=EDGE_CURVE('',#3076,#3083,#3081,.F.) ;
#3089=EDGE_CURVE('',#725,#3083,#3088,.F.) ;
#3096=EDGE_CURVE('',#3095,#718,#3093,.F.) ;
#3103=EDGE_CURVE('',#3102,#3095,#3100,.T.) ;
#3110=EDGE_CURVE('',#3109,#3102,#3107,.F.) ;
#3115=EDGE_CURVE('',#3024,#3109,#3114,.F.) ;
#3142=EDGE_CURVE('',#2186,#3083,#3141,.F.) ;
#3159=EDGE_CURVE('',#2917,#3095,#3158,.F.) ;
#3176=EDGE_CURVE('',#2903,#3109,#3175,.T.) ;
#3193=EDGE_CURVE('',#2910,#3102,#3192,.F.) ;
#3221=EDGE_CURVE('',#3218,#3220,#3216,.T.) ;
#3228=EDGE_CURVE('',#3227,#3220,#3225,.F.) ;
#3235=EDGE_CURVE('',#3234,#3227,#3232,.T.) ;
#3240=EDGE_CURVE('',#3234,#3218,#3239,.F.) ;
#3252=EDGE_CURVE('',#2863,#3218,#3251,.F.) ;
#3257=EDGE_CURVE('',#2870,#3234,#3256,.F.) ;
#3271=EDGE_CURVE('',#3220,#3270,#3268,.T.) ;
#3278=EDGE_CURVE('',#3277,#3270,#3275,.T.) ;
#3283=EDGE_CURVE('',#3227,#3277,#3282,.T.) ;
#3297=EDGE_CURVE('',#3270,#3296,#3294,.T.) ;
#3304=EDGE_CURVE('',#3303,#3296,#3301,.F.) ;
#3309=EDGE_CURVE('',#3277,#3303,#3308,.T.) ;
#3326=EDGE_CURVE('',#3303,#2792,#3325,.T.) ;
#3333=EDGE_CURVE('',#3332,#2799,#3330,.T.) ;
#3340=EDGE_CURVE('',#3339,#3332,#3337,.T.) ;
#3347=EDGE_CURVE('',#3346,#3339,#3344,.F.) ;
#3354=EDGE_CURVE('',#3353,#3346,#3351,.T.) ;
#3361=EDGE_CURVE('',#3360,#3353,#3358,.F.) ;
#3366=EDGE_CURVE('',#2825,#3360,#3365,.F.) ;
#3388=EDGE_CURVE('',#3296,#43,#3387,.F.) ;
#3411=EDGE_CURVE('',#3410,#2832,#3408,.F.) ;
#3418=EDGE_CURVE('',#3410,#3417,#3415,.F.) ;
#3425=EDGE_CURVE('',#3417,#3424,#3422,.F.) ;
#3432=EDGE_CURVE('',#3424,#3431,#3429,.F.) ;
#3439=EDGE_CURVE('',#3431,#3438,#3436,.F.) ;
#3444=EDGE_CURVE('',#3438,#50,#3443,.F.) ;
#3471=EDGE_CURVE('',#221,#2148,#3470,.T.) ;
#3476=EDGE_CURVE('',#214,#2155,#3475,.T.) ;
#3493=EDGE_CURVE('',#2193,#111,#3492,.F.) ;
#3498=EDGE_CURVE('',#2929,#3076,#3497,.T.) ;
#3519=EDGE_CURVE('',#2200,#104,#3518,.T.) ;
#3531=EDGE_CURVE('',#2207,#97,#3530,.T.) ;
#3548=EDGE_CURVE('',#2214,#90,#3547,.F.) ;
#3565=EDGE_CURVE('',#2221,#83,#3564,.T.) ;
#3584=EDGE_CURVE('',#81,#3583,#3581,.T.) ;
#3591=EDGE_CURVE('',#3583,#3590,#3588,.F.) ;
#3598=EDGE_CURVE('',#3597,#3590,#3595,.F.) ;
#3605=EDGE_CURVE('',#3604,#3597,#3602,.F.) ;
#3610=EDGE_CURVE('',#3604,#2125,#3609,.T.) ;
#3633=EDGE_CURVE('',#3590,#3632,#3630,.T.) ;
#3640=EDGE_CURVE('',#3639,#3632,#3637,.T.) ;
#3645=EDGE_CURVE('',#3597,#3639,#3644,.T.) ;
#3664=EDGE_CURVE('',#3663,#3639,#3661,.F.) ;
#3671=EDGE_CURVE('',#3670,#3632,#3668,.F.) ;
#3676=EDGE_CURVE('',#3663,#3670,#3675,.F.) ;
#3690=EDGE_CURVE('',#3689,#3663,#3687,.T.) ;
#3697=EDGE_CURVE('',#3696,#3670,#3694,.T.) ;
#3702=EDGE_CURVE('',#3689,#3696,#3701,.T.) ;
#3721=EDGE_CURVE('',#3720,#3689,#3718,.F.) ;
#3728=EDGE_CURVE('',#3727,#3696,#3725,.F.) ;
#3733=EDGE_CURVE('',#3720,#3727,#3732,.F.) ;
#3752=EDGE_CURVE('',#3751,#3720,#3749,.T.) ;
#3759=EDGE_CURVE('',#3758,#3727,#3756,.T.) ;
#3764=EDGE_CURVE('',#3751,#3758,#3763,.T.) ;
#3783=EDGE_CURVE('',#3758,#3782,#3780,.F.) ;
#3790=EDGE_CURVE('',#3789,#3782,#3787,.F.) ;
#3795=EDGE_CURVE('',#3751,#3789,#3794,.F.) ;
#3814=EDGE_CURVE('',#3782,#3813,#3811,.T.) ;
#3821=EDGE_CURVE('',#3820,#3813,#3818,.T.) ;
#3826=EDGE_CURVE('',#3789,#3820,#3825,.T.) ;
#3845=EDGE_CURVE('',#3844,#3820,#3842,.F.) ;
#3852=EDGE_CURVE('',#3851,#3813,#3849,.F.) ;
#3857=EDGE_CURVE('',#3844,#3851,#3856,.F.) ;
#3876=EDGE_CURVE('',#3851,#3875,#3873,.T.) ;
#3883=EDGE_CURVE('',#3882,#3875,#3880,.T.) ;
#3888=EDGE_CURVE('',#3844,#3882,#3887,.T.) ;
#3907=EDGE_CURVE('',#3906,#3882,#3904,.F.) ;
#3914=EDGE_CURVE('',#3913,#3875,#3911,.F.) ;
#3919=EDGE_CURVE('',#3906,#3913,#3918,.F.) ;
#3938=EDGE_CURVE('',#3937,#3906,#3935,.T.) ;
#3945=EDGE_CURVE('',#3944,#3913,#3942,.T.) ;
#3950=EDGE_CURVE('',#3937,#3944,#3949,.T.) ;
#3969=EDGE_CURVE('',#3944,#3968,#3966,.F.) ;
#3976=EDGE_CURVE('',#3975,#3968,#3973,.F.) ;
#3981=EDGE_CURVE('',#3937,#3975,#3980,.F.) ;
#3995=EDGE_CURVE('',#3994,#3975,#3992,.T.) ;
#4002=EDGE_CURVE('',#4001,#3968,#3999,.T.) ;
#4007=EDGE_CURVE('',#3994,#4001,#4006,.T.) ;
#4026=EDGE_CURVE('',#4025,#3994,#4023,.F.) ;
#4033=EDGE_CURVE('',#4032,#4001,#4030,.F.) ;
#4038=EDGE_CURVE('',#4025,#4032,#4037,.F.) ;
#4052=EDGE_CURVE('',#4051,#4025,#4049,.T.) ;
#4059=EDGE_CURVE('',#4058,#4032,#4056,.T.) ;
#4064=EDGE_CURVE('',#4051,#4058,#4063,.T.) ;
#4083=EDGE_CURVE('',#4082,#4051,#4080,.F.) ;
#4090=EDGE_CURVE('',#4089,#4058,#4087,.F.) ;
#4095=EDGE_CURVE('',#4082,#4089,#4094,.F.) ;
#4109=EDGE_CURVE('',#4089,#4108,#4106,.T.) ;
#4116=EDGE_CURVE('',#4115,#4108,#4113,.T.) ;
#4121=EDGE_CURVE('',#4082,#4115,#4120,.T.) ;
#4140=EDGE_CURVE('',#4108,#4139,#4137,.F.) ;
#4147=EDGE_CURVE('',#4146,#4139,#4144,.F.) ;
#4152=EDGE_CURVE('',#4115,#4146,#4151,.F.) ;
#4171=EDGE_CURVE('',#4170,#4139,#4168,.T.) ;
#4176=EDGE_CURVE('',#242,#4170,#4175,.T.) ;
#4181=EDGE_CURVE('',#2134,#235,#4180,.T.) ;
#4188=EDGE_CURVE('',#4187,#2127,#4185,.T.) ;
#4193=EDGE_CURVE('',#4187,#4146,#4192,.T.) ;
#4214=EDGE_CURVE('',#2141,#228,#4213,.F.) ;
#4242=EDGE_CURVE('',#4239,#4241,#4237,.F.) ;
#4247=EDGE_CURVE('',#4241,#2446,#4246,.T.) ;
#4252=EDGE_CURVE('',#4239,#2439,#4251,.T.) ;
#4271=EDGE_CURVE('',#4241,#4270,#4268,.T.) ;
#4276=EDGE_CURVE('',#4270,#2453,#4275,.F.) ;
#4295=EDGE_CURVE('',#4270,#4294,#4292,.F.) ;
#4300=EDGE_CURVE('',#4294,#2460,#4299,.T.) ;
#4314=EDGE_CURVE('',#2467,#4313,#4311,.T.) ;
#4319=EDGE_CURVE('',#4313,#4294,#4318,.T.) ;
#4338=EDGE_CURVE('',#4313,#4337,#4335,.F.) ;
#4343=EDGE_CURVE('',#2474,#4337,#4342,.F.) ;
#4362=EDGE_CURVE('',#4361,#4337,#4359,.F.) ;
#4369=EDGE_CURVE('',#4368,#4361,#4366,.F.) ;
#4374=EDGE_CURVE('',#4368,#2332,#4373,.T.) ;
#4395=EDGE_CURVE('',#2397,#4394,#4392,.F.) ;
#4402=EDGE_CURVE('',#4401,#2383,#4399,.T.) ;
#4409=EDGE_CURVE('',#4408,#4401,#4406,.F.) ;
#4414=EDGE_CURVE('',#4394,#4408,#4413,.F.) ;
#4435=EDGE_CURVE('',#4394,#4434,#4432,.F.) ;
#4440=EDGE_CURVE('',#2404,#4434,#4439,.F.) ;
#4454=EDGE_CURVE('',#4453,#2411,#4451,.F.) ;
#4459=EDGE_CURVE('',#4453,#4434,#4458,.T.) ;
#4478=EDGE_CURVE('',#4453,#4477,#4475,.F.) ;
#4483=EDGE_CURVE('',#4477,#2418,#4482,.T.) ;
#4502=EDGE_CURVE('',#4477,#4501,#4499,.T.) ;
#4507=EDGE_CURVE('',#4501,#2425,#4506,.F.) ;
#4526=EDGE_CURVE('',#4501,#4525,#4523,.F.) ;
#4531=EDGE_CURVE('',#4525,#2432,#4530,.T.) ;
#4548=EDGE_CURVE('',#4525,#4239,#4547,.T.) ;
#4569=EDGE_CURVE('',#4566,#4568,#4564,.T.) ;
#4576=EDGE_CURVE('',#4568,#4575,#4573,.F.) ;
#4583=EDGE_CURVE('',#4575,#4582,#4580,.F.) ;
#4588=EDGE_CURVE('',#4566,#4582,#4587,.F.) ;
#4600=EDGE_CURVE('',#4568,#4566,#4599,.T.) ;
#4605=EDGE_CURVE('',#4582,#4575,#4604,.F.) ;
#4626=EDGE_CURVE('',#4623,#4625,#4621,.T.) ;
#4633=EDGE_CURVE('',#4625,#4632,#4630,.F.) ;
#4640=EDGE_CURVE('',#4632,#4639,#4637,.F.) ;
#4645=EDGE_CURVE('',#4623,#4639,#4644,.F.) ;
#4657=EDGE_CURVE('',#4625,#4623,#4656,.T.) ;
#4662=EDGE_CURVE('',#4639,#4632,#4661,.F.) ;
#4679=EDGE_CURVE('',#3410,#3360,#4678,.T.) ;
#4696=EDGE_CURVE('',#3048,#2957,#4695,.T.) ;
#4713=EDGE_CURVE('',#2936,#3069,#4712,.T.) ;
#4730=EDGE_CURVE('',#2950,#3055,#4729,.T.) ;
#4747=EDGE_CURVE('',#2943,#3062,#4746,.T.) ;
#4766=EDGE_CURVE('',#3353,#3417,#4765,.T.) ;
#4771=EDGE_CURVE('',#3346,#3424,#4770,.T.) ;
#4790=EDGE_CURVE('',#3339,#3431,#4789,.T.) ;
#4802=EDGE_CURVE('',#3332,#3438,#4801,.T.) ;
#4834=EDGE_CURVE('',#4831,#4833,#4829,.T.) ;
#4841=EDGE_CURVE('',#4840,#4831,#4838,.T.) ;
#4848=EDGE_CURVE('',#4840,#4847,#4845,.T.) ;
#4853=EDGE_CURVE('',#4847,#4833,#4852,.T.) ;
#4873=EDGE_CURVE('',#4831,#4840,#4872,.T.) ;
#4878=EDGE_CURVE('',#4833,#4847,#4877,.T.) ;
#4900=EDGE_CURVE('',#4897,#4899,#4895,.T.) ;
#4907=EDGE_CURVE('',#4906,#4897,#4904,.T.) ;
#4914=EDGE_CURVE('',#4906,#4913,#4911,.T.) ;
#4919=EDGE_CURVE('',#4913,#4899,#4918,.T.) ;
#4932=EDGE_CURVE('',#4897,#4906,#4931,.T.) ;
#4937=EDGE_CURVE('',#4899,#4913,#4936,.T.) ;
#4959=EDGE_CURVE('',#4956,#4958,#4954,.T.) ;
#4966=EDGE_CURVE('',#4965,#4956,#4963,.T.) ;
#4973=EDGE_CURVE('',#4965,#4972,#4970,.T.) ;
#4978=EDGE_CURVE('',#4972,#4958,#4977,.T.) ;
#4991=EDGE_CURVE('',#4956,#4965,#4990,.T.) ;
#4996=EDGE_CURVE('',#4958,#4972,#4995,.T.) ;
#5018=EDGE_CURVE('',#5015,#5017,#5013,.T.) ;
#5025=EDGE_CURVE('',#5024,#5015,#5022,.T.) ;
#5032=EDGE_CURVE('',#5024,#5031,#5029,.T.) ;
#5037=EDGE_CURVE('',#5031,#5017,#5036,.T.) ;
#5050=EDGE_CURVE('',#5015,#5024,#5049,.T.) ;
#5055=EDGE_CURVE('',#5017,#5031,#5054,.T.) ;
#5077=EDGE_CURVE('',#5074,#5076,#5072,.T.) ;
#5084=EDGE_CURVE('',#5083,#5074,#5081,.T.) ;
#5091=EDGE_CURVE('',#5083,#5090,#5088,.T.) ;
#5096=EDGE_CURVE('',#5090,#5076,#5095,.T.) ;
#5109=EDGE_CURVE('',#5074,#5083,#5108,.T.) ;
#5114=EDGE_CURVE('',#5076,#5090,#5113,.T.) ;
#5136=EDGE_CURVE('',#5133,#5135,#5131,.T.) ;
#5143=EDGE_CURVE('',#5142,#5133,#5140,.T.) ;
#5150=EDGE_CURVE('',#5142,#5149,#5147,.T.) ;
#5155=EDGE_CURVE('',#5149,#5135,#5154,.T.) ;
#5168=EDGE_CURVE('',#5133,#5142,#5167,.T.) ;
#5173=EDGE_CURVE('',#5135,#5149,#5172,.T.) ;
#5195=EDGE_CURVE('',#5192,#5194,#5190,.T.) ;
#5202=EDGE_CURVE('',#5201,#5192,#5199,.T.) ;
#5209=EDGE_CURVE('',#5201,#5208,#5206,.T.) ;
#5214=EDGE_CURVE('',#5208,#5194,#5213,.T.) ;
#5227=EDGE_CURVE('',#5192,#5201,#5226,.T.) ;
#5232=EDGE_CURVE('',#5194,#5208,#5231,.T.) ;
#5254=EDGE_CURVE('',#5251,#5253,#5249,.T.) ;
#5261=EDGE_CURVE('',#5260,#5251,#5258,.T.) ;
#5268=EDGE_CURVE('',#5260,#5267,#5265,.T.) ;
#5273=EDGE_CURVE('',#5267,#5253,#5272,.T.) ;
#5286=EDGE_CURVE('',#5251,#5260,#5285,.T.) ;
#5291=EDGE_CURVE('',#5253,#5267,#5290,.T.) ;
#5313=EDGE_CURVE('',#5310,#5312,#5308,.T.) ;
#5320=EDGE_CURVE('',#5319,#5310,#5317,.T.) ;
#5327=EDGE_CURVE('',#5319,#5326,#5324,.T.) ;
#5332=EDGE_CURVE('',#5326,#5312,#5331,.T.) ;
#5345=EDGE_CURVE('',#5310,#5319,#5344,.T.) ;
#5350=EDGE_CURVE('',#5312,#5326,#5349,.T.) ;
#5372=EDGE_CURVE('',#5369,#5371,#5367,.T.) ;
#5379=EDGE_CURVE('',#5378,#5369,#5376,.T.) ;
#5386=EDGE_CURVE('',#5378,#5385,#5383,.T.) ;
#5391=EDGE_CURVE('',#5385,#5371,#5390,.T.) ;
#5404=EDGE_CURVE('',#5369,#5378,#5403,.T.) ;
#5409=EDGE_CURVE('',#5371,#5385,#5408,.T.) ;
#5431=EDGE_CURVE('',#5428,#5430,#5426,.T.) ;
#5438=EDGE_CURVE('',#5437,#5428,#5435,.T.) ;
#5445=EDGE_CURVE('',#5437,#5444,#5442,.T.) ;
#5450=EDGE_CURVE('',#5444,#5430,#5449,.T.) ;
#5463=EDGE_CURVE('',#5428,#5437,#5462,.T.) ;
#5468=EDGE_CURVE('',#5430,#5444,#5467,.T.) ;
#5490=EDGE_CURVE('',#5487,#5489,#5485,.T.) ;
#5497=EDGE_CURVE('',#5496,#5487,#5494,.T.) ;
#5504=EDGE_CURVE('',#5496,#5503,#5501,.T.) ;
#5509=EDGE_CURVE('',#5503,#5489,#5508,.T.) ;
#5522=EDGE_CURVE('',#5487,#5496,#5521,.T.) ;
#5527=EDGE_CURVE('',#5489,#5503,#5526,.T.) ;
#5549=EDGE_CURVE('',#5546,#5548,#5544,.T.) ;
#5556=EDGE_CURVE('',#5555,#5546,#5553,.T.) ;
#5563=EDGE_CURVE('',#5555,#5562,#5560,.T.) ;
#5568=EDGE_CURVE('',#5562,#5548,#5567,.T.) ;
#5581=EDGE_CURVE('',#5546,#5555,#5580,.T.) ;
#5586=EDGE_CURVE('',#5548,#5562,#5585,.T.) ;
#5608=EDGE_CURVE('',#5605,#5607,#5603,.T.) ;
#5615=EDGE_CURVE('',#5614,#5605,#5612,.T.) ;
#5622=EDGE_CURVE('',#5614,#5621,#5619,.T.) ;
#5627=EDGE_CURVE('',#5621,#5607,#5626,.T.) ;
#5640=EDGE_CURVE('',#5605,#5614,#5639,.T.) ;
#5645=EDGE_CURVE('',#5607,#5621,#5644,.T.) ;
#5667=EDGE_CURVE('',#5664,#5666,#5662,.T.) ;
#5674=EDGE_CURVE('',#5673,#5664,#5671,.T.) ;
#5681=EDGE_CURVE('',#5673,#5680,#5678,.T.) ;
#5686=EDGE_CURVE('',#5680,#5666,#5685,.T.) ;
#5699=EDGE_CURVE('',#5664,#5673,#5698,.T.) ;
#5704=EDGE_CURVE('',#5666,#5680,#5703,.T.) ;
#5726=EDGE_CURVE('',#5723,#5725,#5721,.T.) ;
#5733=EDGE_CURVE('',#5732,#5723,#5730,.T.) ;
#5740=EDGE_CURVE('',#5732,#5739,#5737,.T.) ;
#5745=EDGE_CURVE('',#5739,#5725,#5744,.T.) ;
#5758=EDGE_CURVE('',#5723,#5732,#5757,.T.) ;
#5763=EDGE_CURVE('',#5725,#5739,#5762,.T.) ;
#5785=EDGE_CURVE('',#5782,#5784,#5780,.T.) ;
#5792=EDGE_CURVE('',#5791,#5782,#5789,.T.) ;
#5799=EDGE_CURVE('',#5791,#5798,#5796,.T.) ;
#5804=EDGE_CURVE('',#5798,#5784,#5803,.T.) ;
#5817=EDGE_CURVE('',#5782,#5791,#5816,.T.) ;
#5822=EDGE_CURVE('',#5784,#5798,#5821,.T.) ;
#5844=EDGE_CURVE('',#5841,#5843,#5839,.T.) ;
#5851=EDGE_CURVE('',#5850,#5841,#5848,.T.) ;
#5858=EDGE_CURVE('',#5850,#5857,#5855,.T.) ;
#5863=EDGE_CURVE('',#5857,#5843,#5862,.T.) ;
#5883=EDGE_CURVE('',#5882,#5843,#5880,.T.) ;
#5890=EDGE_CURVE('',#5889,#5882,#5887,.T.) ;
#5895=EDGE_CURVE('',#5889,#5841,#5894,.T.) ;
#5917=EDGE_CURVE('',#5914,#5916,#5912,.T.) ;
#5922=EDGE_CURVE('',#5889,#5914,#5921,.T.) ;
#5927=EDGE_CURVE('',#5882,#5916,#5926,.T.) ;
#5945=EDGE_CURVE('',#5857,#5916,#5944,.T.) ;
#5950=EDGE_CURVE('',#5850,#5914,#5949,.T.) ;
#5972=EDGE_CURVE('',#5969,#5971,#5967,.T.) ;
#5979=EDGE_CURVE('',#5978,#5969,#5976,.T.) ;
#5986=EDGE_CURVE('',#5978,#5985,#5983,.T.) ;
#5991=EDGE_CURVE('',#5985,#5971,#5990,.T.) ;
#6006=EDGE_CURVE('',#6005,#5971,#6003,.T.) ;
#6013=EDGE_CURVE('',#6012,#6005,#6010,.T.) ;
#6018=EDGE_CURVE('',#6012,#5969,#6017,.T.) ;
#6040=EDGE_CURVE('',#6037,#6039,#6035,.T.) ;
#6045=EDGE_CURVE('',#6012,#6037,#6044,.T.) ;
#6050=EDGE_CURVE('',#6005,#6039,#6049,.T.) ;
#6063=EDGE_CURVE('',#5985,#6039,#6062,.T.) ;
#6068=EDGE_CURVE('',#5978,#6037,#6067,.T.) ;
#6090=EDGE_CURVE('',#6087,#6089,#6085,.F.) ;
#6097=EDGE_CURVE('',#6096,#6087,#6094,.F.) ;
#6104=EDGE_CURVE('',#6096,#6103,#6101,.F.) ;
#6109=EDGE_CURVE('',#6103,#6089,#6108,.F.) ;
#6122=EDGE_CURVE('',#6087,#6096,#6121,.F.) ;
#6127=EDGE_CURVE('',#6089,#6103,#6126,.F.) ;
#6149=EDGE_CURVE('',#6146,#6148,#6144,.F.) ;
#6156=EDGE_CURVE('',#6155,#6146,#6153,.F.) ;
#6163=EDGE_CURVE('',#6155,#6162,#6160,.F.) ;
#6168=EDGE_CURVE('',#6162,#6148,#6167,.F.) ;
#6181=EDGE_CURVE('',#6146,#6155,#6180,.F.) ;
#6186=EDGE_CURVE('',#6148,#6162,#6185,.F.) ;
#6208=EDGE_CURVE('',#6205,#6207,#6203,.F.) ;
#6215=EDGE_CURVE('',#6214,#6205,#6212,.F.) ;
#6222=EDGE_CURVE('',#6214,#6221,#6219,.F.) ;
#6227=EDGE_CURVE('',#6221,#6207,#6226,.F.) ;
#6240=EDGE_CURVE('',#6205,#6214,#6239,.F.) ;
#6245=EDGE_CURVE('',#6207,#6221,#6244,.F.) ;
#6267=EDGE_CURVE('',#6264,#6266,#6262,.F.) ;
#6274=EDGE_CURVE('',#6273,#6264,#6271,.F.) ;
#6281=EDGE_CURVE('',#6273,#6280,#6278,.F.) ;
#6286=EDGE_CURVE('',#6280,#6266,#6285,.F.) ;
#6299=EDGE_CURVE('',#6264,#6273,#6298,.F.) ;
#6304=EDGE_CURVE('',#6266,#6280,#6303,.F.) ;
#6326=EDGE_CURVE('',#6323,#6325,#6321,.F.) ;
#6333=EDGE_CURVE('',#6332,#6323,#6330,.F.) ;
#6340=EDGE_CURVE('',#6332,#6339,#6337,.F.) ;
#6345=EDGE_CURVE('',#6339,#6325,#6344,.F.) ;
#6358=EDGE_CURVE('',#6323,#6332,#6357,.F.) ;
#6363=EDGE_CURVE('',#6325,#6339,#6362,.F.) ;
#6385=EDGE_CURVE('',#6382,#6384,#6380,.F.) ;
#6392=EDGE_CURVE('',#6391,#6382,#6389,.F.) ;
#6399=EDGE_CURVE('',#6391,#6398,#6396,.F.) ;
#6404=EDGE_CURVE('',#6398,#6384,#6403,.F.) ;
#6417=EDGE_CURVE('',#6382,#6391,#6416,.F.) ;
#6422=EDGE_CURVE('',#6384,#6398,#6421,.F.) ;
#6444=EDGE_CURVE('',#6441,#6443,#6439,.F.) ;
#6451=EDGE_CURVE('',#6450,#6441,#6448,.F.) ;
#6458=EDGE_CURVE('',#6450,#6457,#6455,.F.) ;
#6463=EDGE_CURVE('',#6457,#6443,#6462,.F.) ;
#6476=EDGE_CURVE('',#6441,#6450,#6475,.F.) ;
#6481=EDGE_CURVE('',#6443,#6457,#6480,.F.) ;
#6503=EDGE_CURVE('',#6500,#6502,#6498,.F.) ;
#6510=EDGE_CURVE('',#6509,#6500,#6507,.F.) ;
#6517=EDGE_CURVE('',#6509,#6516,#6514,.F.) ;
#6522=EDGE_CURVE('',#6516,#6502,#6521,.F.) ;
#6535=EDGE_CURVE('',#6500,#6509,#6534,.F.) ;
#6540=EDGE_CURVE('',#6502,#6516,#6539,.F.) ;
#6562=EDGE_CURVE('',#6559,#6561,#6557,.F.) ;
#6569=EDGE_CURVE('',#6568,#6559,#6566,.F.) ;
#6576=EDGE_CURVE('',#6568,#6575,#6573,.F.) ;
#6581=EDGE_CURVE('',#6575,#6561,#6580,.F.) ;
#6594=EDGE_CURVE('',#6559,#6568,#6593,.F.) ;
#6599=EDGE_CURVE('',#6561,#6575,#6598,.F.) ;
#6621=EDGE_CURVE('',#6618,#6620,#6616,.F.) ;
#6628=EDGE_CURVE('',#6627,#6618,#6625,.F.) ;
#6635=EDGE_CURVE('',#6627,#6634,#6632,.F.) ;
#6640=EDGE_CURVE('',#6634,#6620,#6639,.F.) ;
#6653=EDGE_CURVE('',#6618,#6627,#6652,.F.) ;
#6658=EDGE_CURVE('',#6620,#6634,#6657,.F.) ;
#6680=EDGE_CURVE('',#6677,#6679,#6675,.F.) ;
#6687=EDGE_CURVE('',#6686,#6677,#6684,.F.) ;
#6694=EDGE_CURVE('',#6686,#6693,#6691,.F.) ;
#6699=EDGE_CURVE('',#6693,#6679,#6698,.F.) ;
#6712=EDGE_CURVE('',#6677,#6686,#6711,.F.) ;
#6717=EDGE_CURVE('',#6679,#6693,#6716,.F.) ;
#6739=EDGE_CURVE('',#6736,#6738,#6734,.F.) ;
#6746=EDGE_CURVE('',#6745,#6736,#6743,.F.) ;
#6753=EDGE_CURVE('',#6745,#6752,#6750,.F.) ;
#6758=EDGE_CURVE('',#6752,#6738,#6757,.F.) ;
#6771=EDGE_CURVE('',#6736,#6745,#6770,.F.) ;
#6776=EDGE_CURVE('',#6738,#6752,#6775,.F.) ;
#6798=EDGE_CURVE('',#6795,#6797,#6793,.F.) ;
#6805=EDGE_CURVE('',#6804,#6795,#6802,.F.) ;
#6812=EDGE_CURVE('',#6804,#6811,#6809,.F.) ;
#6817=EDGE_CURVE('',#6811,#6797,#6816,.F.) ;
#6830=EDGE_CURVE('',#6795,#6804,#6829,.F.) ;
#6835=EDGE_CURVE('',#6797,#6811,#6834,.F.) ;
#6857=EDGE_CURVE('',#6854,#6856,#6852,.F.) ;
#6864=EDGE_CURVE('',#6863,#6854,#6861,.F.) ;
#6871=EDGE_CURVE('',#6863,#6870,#6868,.F.) ;
#6876=EDGE_CURVE('',#6870,#6856,#6875,.F.) ;
#6889=EDGE_CURVE('',#6854,#6863,#6888,.F.) ;
#6894=EDGE_CURVE('',#6856,#6870,#6893,.F.) ;
#6916=EDGE_CURVE('',#6913,#6915,#6911,.F.) ;
#6923=EDGE_CURVE('',#6922,#6913,#6920,.F.) ;
#6930=EDGE_CURVE('',#6922,#6929,#6927,.F.) ;
#6935=EDGE_CURVE('',#6929,#6915,#6934,.F.) ;
#6948=EDGE_CURVE('',#6913,#6922,#6947,.F.) ;
#6953=EDGE_CURVE('',#6915,#6929,#6952,.F.) ;
#6975=EDGE_CURVE('',#6972,#6974,#6970,.F.) ;
#6982=EDGE_CURVE('',#6981,#6972,#6979,.F.) ;
#6989=EDGE_CURVE('',#6981,#6988,#6986,.F.) ;
#6994=EDGE_CURVE('',#6988,#6974,#6993,.F.) ;
#7007=EDGE_CURVE('',#6972,#6981,#7006,.F.) ;
#7012=EDGE_CURVE('',#6974,#6988,#7011,.F.) ;
#7034=EDGE_CURVE('',#7031,#7033,#7029,.F.) ;
#7041=EDGE_CURVE('',#7040,#7031,#7038,.F.) ;
#7048=EDGE_CURVE('',#7040,#7047,#7045,.F.) ;
#7053=EDGE_CURVE('',#7047,#7033,#7052,.F.) ;
#7066=EDGE_CURVE('',#7031,#7040,#7065,.F.) ;
#7071=EDGE_CURVE('',#7033,#7047,#7070,.F.) ;
#7093=EDGE_CURVE('',#7090,#7092,#7088,.F.) ;
#7100=EDGE_CURVE('',#7099,#7090,#7097,.F.) ;
#7107=EDGE_CURVE('',#7099,#7106,#7104,.F.) ;
#7112=EDGE_CURVE('',#7106,#7092,#7111,.F.) ;
#7132=EDGE_CURVE('',#7131,#7099,#7129,.T.) ;
#7139=EDGE_CURVE('',#7131,#7138,#7136,.T.) ;
#7144=EDGE_CURVE('',#7138,#7106,#7143,.T.) ;
#7164=EDGE_CURVE('',#7163,#7131,#7161,.F.) ;
#7171=EDGE_CURVE('',#7163,#7170,#7168,.F.) ;
#7176=EDGE_CURVE('',#7170,#7138,#7175,.F.) ;
#7194=EDGE_CURVE('',#7090,#7163,#7193,.T.) ;
#7199=EDGE_CURVE('',#7092,#7170,#7198,.T.) ;
#7221=EDGE_CURVE('',#7218,#7220,#7216,.F.) ;
#7228=EDGE_CURVE('',#7227,#7218,#7225,.F.) ;
#7235=EDGE_CURVE('',#7227,#7234,#7232,.F.) ;
#7240=EDGE_CURVE('',#7234,#7220,#7239,.F.) ;
#7255=EDGE_CURVE('',#7254,#7227,#7252,.T.) ;
#7262=EDGE_CURVE('',#7254,#7261,#7259,.T.) ;
#7267=EDGE_CURVE('',#7261,#7234,#7266,.T.) ;
#7287=EDGE_CURVE('',#7286,#7254,#7284,.F.) ;
#7294=EDGE_CURVE('',#7286,#7293,#7291,.F.) ;
#7299=EDGE_CURVE('',#7293,#7261,#7298,.F.) ;
#7312=EDGE_CURVE('',#7218,#7286,#7311,.T.) ;
#7317=EDGE_CURVE('',#7220,#7293,#7316,.T.) ;
#7337=EDGE_CURVE('',#7336,#326,#7334,.T.) ;
#7344=EDGE_CURVE('',#7343,#7336,#7341,.T.) ;
#7349=EDGE_CURVE('',#7343,#333,#7348,.T.) ;
#7369=EDGE_CURVE('',#319,#7368,#7366,.T.) ;
#7374=EDGE_CURVE('',#7336,#7368,#7373,.T.) ;
#7394=EDGE_CURVE('',#7393,#284,#7391,.T.) ;
#7401=EDGE_CURVE('',#7400,#410,#7398,.T.) ;
#7406=EDGE_CURVE('',#7393,#7400,#7405,.T.) ;
#7426=EDGE_CURVE('',#7425,#403,#7423,.T.) ;
#7431=EDGE_CURVE('',#7400,#7425,#7430,.F.) ;
#7451=EDGE_CURVE('',#7450,#396,#7448,.T.) ;
#7456=EDGE_CURVE('',#7425,#7450,#7455,.T.) ;
#7476=EDGE_CURVE('',#354,#7475,#7473,.T.) ;
#7483=EDGE_CURVE('',#7482,#347,#7480,.T.) ;
#7488=EDGE_CURVE('',#7475,#7482,#7487,.T.) ;
#7508=EDGE_CURVE('',#7507,#340,#7505,.T.) ;
#7513=EDGE_CURVE('',#7482,#7507,#7512,.T.) ;
#7531=EDGE_CURVE('',#7507,#7343,#7530,.F.) ;
#7549=EDGE_CURVE('',#4368,#7450,#7548,.T.) ;
#7556=EDGE_CURVE('',#7555,#4401,#7553,.T.) ;
#7561=EDGE_CURVE('',#7555,#7475,#7560,.T.) ;
#7568=EDGE_CURVE('',#7368,#7567,#7565,.T.) ;
#7573=EDGE_CURVE('',#1801,#7567,#7572,.T.) ;
#7578=EDGE_CURVE('',#7393,#1745,#7577,.T.) ;
#7654=EDGE_CURVE('',#7653,#2512,#7651,.T.) ;
#7661=EDGE_CURVE('',#7660,#7653,#7658,.T.) ;
#7666=EDGE_CURVE('',#7660,#2510,#7665,.T.) ;
#7679=EDGE_CURVE('',#7653,#7660,#7678,.T.) ;
#7714=EDGE_CURVE('',#7713,#2530,#7711,.T.) ;
#7721=EDGE_CURVE('',#7720,#7713,#7718,.T.) ;
#7726=EDGE_CURVE('',#7720,#2528,#7725,.T.) ;
#7739=EDGE_CURVE('',#7713,#7720,#7738,.T.) ;
#7769=EDGE_CURVE('',#7768,#2548,#7766,.T.) ;
#7776=EDGE_CURVE('',#7775,#7768,#7773,.T.) ;
#7781=EDGE_CURVE('',#7775,#2546,#7780,.T.) ;
#7794=EDGE_CURVE('',#7768,#7775,#7793,.T.) ;
#7824=EDGE_CURVE('',#7823,#2566,#7821,.T.) ;
#7831=EDGE_CURVE('',#7830,#7823,#7828,.T.) ;
#7836=EDGE_CURVE('',#7830,#2564,#7835,.T.) ;
#7849=EDGE_CURVE('',#7823,#7830,#7848,.T.) ;
#7877=EDGE_CURVE('',#1498,#877,#7876,.T.) ;
#8005=EDGE_CURVE('',#1472,#896,#8004,.T.) ;
#8128=EDGE_CURVE('',#4170,#3583,#8127,.T.) ;
#8246=EDGE_CURVE('',#4187,#3604,#8245,.T.) ;
#8369=EDGE_CURVE('',#312,#2268,#8368,.T.) ;
#8374=EDGE_CURVE('',#7567,#2261,#8373,.T.) ;
#8405=EDGE_CURVE('',#282,#2296,#8404,.T.) ;
#8424=EDGE_CURVE('',#291,#2289,#8423,.T.) ;
#8441=EDGE_CURVE('',#298,#2282,#8440,.T.) ;
#8458=EDGE_CURVE('',#305,#2275,#8457,.T.) ;
#8487=EDGE_CURVE('',#444,#2626,#8486,.T.) ;
#8492=EDGE_CURVE('',#453,#2619,#8491,.T.) ;
#8509=EDGE_CURVE('',#460,#2612,#8508,.T.) ;
#8526=EDGE_CURVE('',#467,#2605,#8525,.T.) ;
#8543=EDGE_CURVE('',#474,#2598,#8542,.T.) ;
#8560=EDGE_CURVE('',#481,#2591,#8559,.T.) ;
#8572=EDGE_CURVE('',#488,#2584,#8571,.T.) ;
#8589=EDGE_CURVE('',#446,#2582,#8588,.T.) ;
#8618=EDGE_CURVE('',#547,#2657,#8617,.F.) ;
#8623=EDGE_CURVE('',#554,#2650,#8622,.F.) ;
#8640=EDGE_CURVE('',#540,#2664,#8639,.T.) ;
#8657=EDGE_CURVE('',#533,#2671,#8656,.F.) ;
#8669=EDGE_CURVE('',#526,#2678,#8668,.T.) ;
#8686=EDGE_CURVE('',#519,#2685,#8685,.F.) ;
#8703=EDGE_CURVE('',#510,#2692,#8702,.T.) ;
#8720=EDGE_CURVE('',#512,#2648,#8719,.F.) ;
#8739=EDGE_CURVE('',#7555,#2376,#8738,.T.) ;
#8744=EDGE_CURVE('',#361,#2369,#8743,.T.) ;
#8763=EDGE_CURVE('',#368,#2362,#8762,.F.) ;
#8792=EDGE_CURVE('',#375,#2355,#8791,.T.) ;
#8809=EDGE_CURVE('',#389,#2341,#8808,.F.) ;
#8823=EDGE_CURVE('',#382,#2348,#8822,.T.) ;
#8852=EDGE_CURVE('',#578,#2716,#8851,.F.) ;
#8857=EDGE_CURVE('',#576,#2714,#8856,.F.) ;
#8883=EDGE_CURVE('',#596,#2734,#8882,.F.) ;
#8888=EDGE_CURVE('',#594,#2732,#8887,.F.) ;
#8914=EDGE_CURVE('',#614,#2752,#8913,.F.) ;
#8919=EDGE_CURVE('',#612,#2750,#8918,.F.) ;
#8945=EDGE_CURVE('',#632,#2770,#8944,.F.) ;
#8950=EDGE_CURVE('',#630,#2768,#8949,.F.) ;
#8992=EDGE_CURVE('',#8989,#8991,#8987,.T.) ;
#8999=EDGE_CURVE('',#8998,#8991,#8996,.F.) ;
#9006=EDGE_CURVE('',#9005,#8998,#9003,.T.) ;
#9011=EDGE_CURVE('',#9005,#8989,#9010,.F.) ;
#9030=EDGE_CURVE('',#8991,#9029,#9027,.T.) ;
#9037=EDGE_CURVE('',#9036,#9029,#9034,.T.) ;
#9042=EDGE_CURVE('',#8998,#9036,#9041,.T.) ;
#9061=EDGE_CURVE('',#9029,#9060,#9058,.T.) ;
#9068=EDGE_CURVE('',#9067,#9060,#9065,.T.) ;
#9073=EDGE_CURVE('',#9036,#9067,#9072,.T.) ;
#9092=EDGE_CURVE('',#9060,#9091,#9089,.T.) ;
#9099=EDGE_CURVE('',#9098,#9091,#9096,.T.) ;
#9104=EDGE_CURVE('',#9067,#9098,#9103,.T.) ;
#9123=EDGE_CURVE('',#9091,#9122,#9120,.F.) ;
#9130=EDGE_CURVE('',#9129,#9122,#9127,.F.) ;
#9135=EDGE_CURVE('',#9098,#9129,#9134,.F.) ;
#9154=EDGE_CURVE('',#9122,#9153,#9151,.T.) ;
#9161=EDGE_CURVE('',#9160,#9153,#9158,.T.) ;
#9166=EDGE_CURVE('',#9129,#9160,#9165,.T.) ;
#9185=EDGE_CURVE('',#9153,#9184,#9182,.F.) ;
#9192=EDGE_CURVE('',#9191,#9184,#9189,.F.) ;
#9197=EDGE_CURVE('',#9160,#9191,#9196,.F.) ;
#9216=EDGE_CURVE('',#9184,#9215,#9213,.T.) ;
#9223=EDGE_CURVE('',#9222,#9215,#9220,.T.) ;
#9228=EDGE_CURVE('',#9191,#9222,#9227,.T.) ;
#9247=EDGE_CURVE('',#9215,#9246,#9244,.F.) ;
#9254=EDGE_CURVE('',#9253,#9246,#9251,.F.) ;
#9259=EDGE_CURVE('',#9222,#9253,#9258,.F.) ;
#9278=EDGE_CURVE('',#9246,#9277,#9275,.F.) ;
#9285=EDGE_CURVE('',#9284,#9277,#9282,.T.) ;
#9290=EDGE_CURVE('',#9253,#9284,#9289,.F.) ;
#9309=EDGE_CURVE('',#9277,#9308,#9306,.F.) ;
#9316=EDGE_CURVE('',#9315,#9308,#9313,.F.) ;
#9321=EDGE_CURVE('',#9284,#9315,#9320,.F.) ;
#9340=EDGE_CURVE('',#9308,#9339,#9337,.F.) ;
#9347=EDGE_CURVE('',#9346,#9339,#9344,.T.) ;
#9352=EDGE_CURVE('',#9315,#9346,#9351,.F.) ;
#9366=EDGE_CURVE('',#9339,#9365,#9363,.F.) ;
#9373=EDGE_CURVE('',#9372,#9365,#9370,.T.) ;
#9378=EDGE_CURVE('',#9346,#9372,#9377,.F.) ;
#9397=EDGE_CURVE('',#9365,#9396,#9394,.F.) ;
#9404=EDGE_CURVE('',#9403,#9396,#9401,.T.) ;
#9409=EDGE_CURVE('',#9372,#9403,#9408,.F.) ;
#9428=EDGE_CURVE('',#9396,#9427,#9425,.T.) ;
#9435=EDGE_CURVE('',#9434,#9427,#9432,.F.) ;
#9440=EDGE_CURVE('',#9403,#9434,#9439,.T.) ;
#9457=EDGE_CURVE('',#9427,#8989,#9456,.F.) ;
#9462=EDGE_CURVE('',#9434,#9005,#9461,.F.) ;
#9534=EDGE_CURVE('',#9531,#9533,#9529,.T.) ;
#9541=EDGE_CURVE('',#9531,#9540,#9538,.T.) ;
#9548=EDGE_CURVE('',#9540,#9547,#9545,.T.) ;
#9553=EDGE_CURVE('',#9533,#9547,#9552,.T.) ;
#9572=EDGE_CURVE('',#9540,#9571,#9569,.T.) ;
#9579=EDGE_CURVE('',#9571,#9578,#9576,.T.) ;
#9584=EDGE_CURVE('',#9547,#9578,#9583,.T.) ;
#9603=EDGE_CURVE('',#9571,#9602,#9600,.T.) ;
#9610=EDGE_CURVE('',#9602,#9609,#9607,.T.) ;
#9615=EDGE_CURVE('',#9578,#9609,#9614,.T.) ;
#9634=EDGE_CURVE('',#9602,#9633,#9631,.T.) ;
#9641=EDGE_CURVE('',#9633,#9640,#9638,.T.) ;
#9646=EDGE_CURVE('',#9609,#9640,#9645,.T.) ;
#9665=EDGE_CURVE('',#9633,#9664,#9662,.F.) ;
#9672=EDGE_CURVE('',#9664,#9671,#9669,.T.) ;
#9677=EDGE_CURVE('',#9640,#9671,#9676,.F.) ;
#9696=EDGE_CURVE('',#9664,#9695,#9693,.T.) ;
#9703=EDGE_CURVE('',#9695,#9702,#9700,.T.) ;
#9708=EDGE_CURVE('',#9671,#9702,#9707,.T.) ;
#9727=EDGE_CURVE('',#9695,#9726,#9724,.F.) ;
#9734=EDGE_CURVE('',#9726,#9733,#9731,.T.) ;
#9739=EDGE_CURVE('',#9702,#9733,#9738,.F.) ;
#9758=EDGE_CURVE('',#9726,#9757,#9755,.T.) ;
#9765=EDGE_CURVE('',#9757,#9764,#9762,.T.) ;
#9770=EDGE_CURVE('',#9733,#9764,#9769,.T.) ;
#9789=EDGE_CURVE('',#9757,#9788,#9786,.F.) ;
#9796=EDGE_CURVE('',#9788,#9795,#9793,.T.) ;
#9801=EDGE_CURVE('',#9764,#9795,#9800,.F.) ;
#9820=EDGE_CURVE('',#9788,#9819,#9817,.F.) ;
#9827=EDGE_CURVE('',#9819,#9826,#9824,.T.) ;
#9832=EDGE_CURVE('',#9795,#9826,#9831,.F.) ;
#9851=EDGE_CURVE('',#9819,#9850,#9848,.F.) ;
#9858=EDGE_CURVE('',#9850,#9857,#9855,.T.) ;
#9863=EDGE_CURVE('',#9826,#9857,#9862,.F.) ;
#9882=EDGE_CURVE('',#9850,#9881,#9879,.F.) ;
#9889=EDGE_CURVE('',#9881,#9888,#9886,.T.) ;
#9894=EDGE_CURVE('',#9857,#9888,#9893,.F.) ;
#9908=EDGE_CURVE('',#9881,#9907,#9905,.F.) ;
#9915=EDGE_CURVE('',#9907,#9914,#9912,.T.) ;
#9920=EDGE_CURVE('',#9888,#9914,#9919,.F.) ;
#9939=EDGE_CURVE('',#9907,#9938,#9936,.F.) ;
#9946=EDGE_CURVE('',#9938,#9945,#9943,.T.) ;
#9951=EDGE_CURVE('',#9914,#9945,#9950,.F.) ;
#9970=EDGE_CURVE('',#9938,#9969,#9967,.T.) ;
#9977=EDGE_CURVE('',#9969,#9976,#9974,.T.) ;
#9982=EDGE_CURVE('',#9945,#9976,#9981,.T.) ;
#9999=EDGE_CURVE('',#9969,#9531,#9998,.F.) ;
#10004=EDGE_CURVE('',#9976,#9533,#10003,.F.) ;
#30=CLOSED_SHELL('Closed Shell',(#70,#643,#674,#705,#761,#785,#809,#833,#857,#913,#944,#975,#1006,#1037,#1068,#1099,#1130,#1161,#1192,#1223,#1254,#1285,#1311,#1342,#1373,#1404,#1430,#1461,#1515,#1539,#1556,#1596,#1627,#1658,#1689,#1720,#1767,#1823,#1854,#1885,#1916,#1947,#1978,#2000,#2040,#2057,#2097,#2114,#2781,#2812,#2852,#2883,#2987,#3013,#3037,#3132,#3149,#3166,#3183,#3200,#3212,#3247,#3264,#3290,#3316,#3383,#3399,#3461,#3483,#3509,#3526,#3538,#3555,#3572,#3621,#3652,#3683,#3709,#3740,#3771,#3802,#3833,#3864,#3895,#3926,#3957,#3988,#4014,#4045,#4071,#4102,#4128,#4159,#4204,#4221,#4228,#4259,#4283,#4307,#4326,#4350,#4383,#4423,#4447,#4466,#4490,#4514,#4538,#4555,#4595,#4612,#4652,#4669,#4686,#4703,#4720,#4737,#4754,#4761,#4778,#4785,#4797,#4809,#4820,#4860,#4885,#4926,#4944,#4985,#5003,#5044,#5062,#5103,#5121,#5162,#5180,#5221,#5239,#5280,#5298,#5339,#5357,#5398,#5416,#5457,#5475,#5516,#5534,#5575,#5593,#5634,#5652,#5693,#5711,#5752,#5770,#5811,#5829,#5870,#5902,#5934,#5957,#5998,#6025,#6057,#6075,#6116,#6134,#6175,#6193,#6234,#6252,#6293,#6311,#6352,#6370,#6411,#6429,#6470,#6488,#6529,#6547,#6588,#6606,#6647,#6665,#6706,#6724,#6765,#6783,#6824,#6842,#6883,#6901,#6942,#6960,#7001,#7019,#7060,#7078,#7119,#7151,#7183,#7206,#7247,#7274,#7306,#7324,#7356,#7381,#7413,#7438,#7463,#7495,#7520,#7538,#7641,#7673,#7686,#7701,#7733,#7746,#7756,#7788,#7801,#7811,#7843,#7856,#7866,#7884,#7994,#8109,#8117,#8135,#8240,#8350,#8358,#8383,#8395,#8414,#8431,#8448,#8465,#8477,#8499,#8516,#8533,#8550,#8567,#8579,#8596,#8608,#8630,#8647,#8664,#8676,#8693,#8710,#8727,#8734,#8753,#8770,#8782,#8799,#8818,#8830,#8842,#8864,#8872,#8895,#8903,#8926,#8934,#8957,#8965)) ;
#8978=CLOSED_SHELL('Closed Shell',(#9018,#9049,#9080,#9111,#9142,#9173,#9204,#9235,#9266,#9297,#9328,#9359,#9385,#9416,#9447,#9469,#9493,#9517)) ;
#9520=CLOSED_SHELL('Closed Shell',(#9560,#9591,#9622,#9653,#9684,#9715,#9746,#9777,#9808,#9839,#9870,#9901,#9927,#9958,#9989,#10011,#10035,#10059)) ;
#8968=SHAPE_REPRESENTATION_RELATIONSHIP(' ',' ',#19,#8967) ;
#64=EDGE_LOOP('',(#65,#66,#67,#68)) ;
#249=EDGE_LOOP('',(#250,#251,#252,#253,#254,#255,#256,#257,#258,#259,#260,#261,#262,#263,#264,#265,#266,#267,#268,#269,#270,#271,#272,#273,#274,#275)) ;
#417=EDGE_LOOP('',(#418,#419,#420,#421,#422,#423,#424,#425,#426,#427,#428,#429,#430,#431,#432,#433,#434,#435,#436,#437)) ;
#495=EDGE_LOOP('',(#496,#497,#498,#499,#500,#501,#502,#503)) ;
#561=EDGE_LOOP('',(#562,#563,#564,#565,#566,#567,#568,#569)) ;
#585=EDGE_LOOP('',(#586,#587)) ;
#603=EDGE_LOOP('',(#604,#605)) ;
#621=EDGE_LOOP('',(#622,#623)) ;
#639=EDGE_LOOP('',(#640,#641)) ;
#668=EDGE_LOOP('',(#669,#670,#671,#672)) ;
#699=EDGE_LOOP('',(#700,#701,#702,#703)) ;
#751=EDGE_LOOP('',(#752,#753,#754,#755,#756,#757,#758,#759)) ;
#779=EDGE_LOOP('',(#780,#781,#782,#783)) ;
#803=EDGE_LOOP('',(#804,#805,#806,#807)) ;
#827=EDGE_LOOP('',(#828,#829,#830,#831)) ;
#851=EDGE_LOOP('',(#852,#853,#854,#855)) ;
#903=EDGE_LOOP('',(#904,#905,#906,#907,#908,#909,#910,#911)) ;
#938=EDGE_LOOP('',(#939,#940,#941,#942)) ;
#969=EDGE_LOOP('',(#970,#971,#972,#973)) ;
#1000=EDGE_LOOP('',(#1001,#1002,#1003,#1004)) ;
#1031=EDGE_LOOP('',(#1032,#1033,#1034,#1035)) ;
#1062=EDGE_LOOP('',(#1063,#1064,#1065,#1066)) ;
#1093=EDGE_LOOP('',(#1094,#1095,#1096,#1097)) ;
#1124=EDGE_LOOP('',(#1125,#1126,#1127,#1128)) ;
#1155=EDGE_LOOP('',(#1156,#1157,#1158,#1159)) ;
#1186=EDGE_LOOP('',(#1187,#1188,#1189,#1190)) ;
#1217=EDGE_LOOP('',(#1218,#1219,#1220,#1221)) ;
#1248=EDGE_LOOP('',(#1249,#1250,#1251,#1252)) ;
#1279=EDGE_LOOP('',(#1280,#1281,#1282,#1283)) ;
#1305=EDGE_LOOP('',(#1306,#1307,#1308,#1309)) ;
#1336=EDGE_LOOP('',(#1337,#1338,#1339,#1340)) ;
#1367=EDGE_LOOP('',(#1368,#1369,#1370,#1371)) ;
#1398=EDGE_LOOP('',(#1399,#1400,#1401,#1402)) ;
#1424=EDGE_LOOP('',(#1425,#1426,#1427,#1428)) ;
#1455=EDGE_LOOP('',(#1456,#1457,#1458,#1459)) ;
#1505=EDGE_LOOP('',(#1506,#1507,#1508,#1509,#1510,#1511,#1512,#1513)) ;
#1533=EDGE_LOOP('',(#1534,#1535,#1536,#1537)) ;
#1550=EDGE_LOOP('',(#1551,#1552,#1553,#1554)) ;
#1590=EDGE_LOOP('',(#1591,#1592,#1593,#1594)) ;
#1621=EDGE_LOOP('',(#1622,#1623,#1624,#1625)) ;
#1652=EDGE_LOOP('',(#1653,#1654,#1655,#1656)) ;
#1683=EDGE_LOOP('',(#1684,#1685,#1686,#1687)) ;
#1714=EDGE_LOOP('',(#1715,#1716,#1717,#1718)) ;
#1759=EDGE_LOOP('',(#1760,#1761,#1762,#1763,#1764,#1765)) ;
#1815=EDGE_LOOP('',(#1816,#1817,#1818,#1819,#1820,#1821)) ;
#1848=EDGE_LOOP('',(#1849,#1850,#1851,#1852)) ;
#1879=EDGE_LOOP('',(#1880,#1881,#1882,#1883)) ;
#1910=EDGE_LOOP('',(#1911,#1912,#1913,#1914)) ;
#1941=EDGE_LOOP('',(#1942,#1943,#1944,#1945)) ;
#1972=EDGE_LOOP('',(#1973,#1974,#1975,#1976)) ;
#1994=EDGE_LOOP('',(#1995,#1996,#1997,#1998)) ;
#2034=EDGE_LOOP('',(#2035,#2036,#2037,#2038)) ;
#2051=EDGE_LOOP('',(#2052,#2053,#2054,#2055)) ;
#2091=EDGE_LOOP('',(#2092,#2093,#2094,#2095)) ;
#2108=EDGE_LOOP('',(#2109,#2110,#2111,#2112)) ;
#2228=EDGE_LOOP('',(#2229,#2230,#2231,#2232,#2233,#2234,#2235,#2236,#2237,#2238,#2239,#2240,#2241,#2242,#2243,#2244,#2245,#2246,#2247,#2248,#2249,#2250,#2251,#2252,#2253,#2254)) ;
#2303=EDGE_LOOP('',(#2304,#2305,#2306,#2307,#2308,#2309,#2310,#2311,#2312,#2313,#2314,#2315,#2316,#2317,#2318,#2319,#2320,#2321,#2322,#2323,#2324,#2325)) ;
#2481=EDGE_LOOP('',(#2482,#2483,#2484,#2485,#2486,#2487,#2488,#2489,#2490,#2491,#2492,#2493,#2494,#2495,#2496,#2497,#2498,#2499,#2500,#2501,#2502,#2503)) ;
#2519=EDGE_LOOP('',(#2520,#2521)) ;
#2537=EDGE_LOOP('',(#2538,#2539)) ;
#2555=EDGE_LOOP('',(#2556,#2557)) ;
#2573=EDGE_LOOP('',(#2574,#2575)) ;
#2633=EDGE_LOOP('',(#2634,#2635,#2636,#2637,#2638,#2639,#2640,#2641)) ;
#2699=EDGE_LOOP('',(#2700,#2701,#2702,#2703,#2704,#2705,#2706,#2707)) ;
#2723=EDGE_LOOP('',(#2724,#2725)) ;
#2741=EDGE_LOOP('',(#2742,#2743)) ;
#2759=EDGE_LOOP('',(#2760,#2761)) ;
#2777=EDGE_LOOP('',(#2778,#2779)) ;
#2806=EDGE_LOOP('',(#2807,#2808,#2809,#2810)) ;
#2846=EDGE_LOOP('',(#2847,#2848,#2849,#2850)) ;
#2877=EDGE_LOOP('',(#2878,#2879,#2880,#2881)) ;
#2971=EDGE_LOOP('',(#2972,#2973,#2974,#2975,#2976,#2977,#2978,#2979,#2980,#2981,#2982,#2983,#2984,#2985)) ;
#3007=EDGE_LOOP('',(#3008,#3009,#3010,#3011)) ;
#3031=EDGE_LOOP('',(#3032,#3033,#3034,#3035)) ;
#3116=EDGE_LOOP('',(#3117,#3118,#3119,#3120,#3121,#3122,#3123,#3124,#3125,#3126,#3127,#3128,#3129,#3130)) ;
#3143=EDGE_LOOP('',(#3144,#3145,#3146,#3147)) ;
#3160=EDGE_LOOP('',(#3161,#3162,#3163,#3164)) ;
#3177=EDGE_LOOP('',(#3178,#3179,#3180,#3181)) ;
#3194=EDGE_LOOP('',(#3195,#3196,#3197,#3198)) ;
#3206=EDGE_LOOP('',(#3207,#3208,#3209,#3210)) ;
#3241=EDGE_LOOP('',(#3242,#3243,#3244,#3245)) ;
#3258=EDGE_LOOP('',(#3259,#3260,#3261,#3262)) ;
#3284=EDGE_LOOP('',(#3285,#3286,#3287,#3288)) ;
#3310=EDGE_LOOP('',(#3311,#3312,#3313,#3314)) ;
#3367=EDGE_LOOP('',(#3368,#3369,#3370,#3371,#3372,#3373,#3374,#3375,#3376,#3377,#3378,#3379,#3380,#3381)) ;
#3389=EDGE_LOOP('',(#3390,#3391,#3392,#3393,#3394,#3395,#3396,#3397)) ;
#3445=EDGE_LOOP('',(#3446,#3447,#3448,#3449,#3450,#3451,#3452,#3453,#3454,#3455,#3456,#3457,#3458,#3459)) ;
#3477=EDGE_LOOP('',(#3478,#3479,#3480,#3481)) ;
#3499=EDGE_LOOP('',(#3500,#3501,#3502,#3503,#3504,#3505,#3506,#3507)) ;
#3520=EDGE_LOOP('',(#3521,#3522,#3523,#3524)) ;
#3532=EDGE_LOOP('',(#3533,#3534,#3535,#3536)) ;
#3549=EDGE_LOOP('',(#3550,#3551,#3552,#3553)) ;
#3566=EDGE_LOOP('',(#3567,#3568,#3569,#3570)) ;
#3611=EDGE_LOOP('',(#3612,#3613,#3614,#3615,#3616,#3617,#3618,#3619)) ;
#3646=EDGE_LOOP('',(#3647,#3648,#3649,#3650)) ;
#3677=EDGE_LOOP('',(#3678,#3679,#3680,#3681)) ;
#3703=EDGE_LOOP('',(#3704,#3705,#3706,#3707)) ;
#3734=EDGE_LOOP('',(#3735,#3736,#3737,#3738)) ;
#3765=EDGE_LOOP('',(#3766,#3767,#3768,#3769)) ;
#3796=EDGE_LOOP('',(#3797,#3798,#3799,#3800)) ;
#3827=EDGE_LOOP('',(#3828,#3829,#3830,#3831)) ;
#3858=EDGE_LOOP('',(#3859,#3860,#3861,#3862)) ;
#3889=EDGE_LOOP('',(#3890,#3891,#3892,#3893)) ;
#3920=EDGE_LOOP('',(#3921,#3922,#3923,#3924)) ;
#3951=EDGE_LOOP('',(#3952,#3953,#3954,#3955)) ;
#3982=EDGE_LOOP('',(#3983,#3984,#3985,#3986)) ;
#4008=EDGE_LOOP('',(#4009,#4010,#4011,#4012)) ;
#4039=EDGE_LOOP('',(#4040,#4041,#4042,#4043)) ;
#4065=EDGE_LOOP('',(#4066,#4067,#4068,#4069)) ;
#4096=EDGE_LOOP('',(#4097,#4098,#4099,#4100)) ;
#4122=EDGE_LOOP('',(#4123,#4124,#4125,#4126)) ;
#4153=EDGE_LOOP('',(#4154,#4155,#4156,#4157)) ;
#4194=EDGE_LOOP('',(#4195,#4196,#4197,#4198,#4199,#4200,#4201,#4202)) ;
#4215=EDGE_LOOP('',(#4216,#4217,#4218,#4219)) ;
#4222=EDGE_LOOP('',(#4223,#4224,#4225,#4226)) ;
#4253=EDGE_LOOP('',(#4254,#4255,#4256,#4257)) ;
#4277=EDGE_LOOP('',(#4278,#4279,#4280,#4281)) ;
#4301=EDGE_LOOP('',(#4302,#4303,#4304,#4305)) ;
#4320=EDGE_LOOP('',(#4321,#4322,#4323,#4324)) ;
#4344=EDGE_LOOP('',(#4345,#4346,#4347,#4348)) ;
#4375=EDGE_LOOP('',(#4376,#4377,#4378,#4379,#4380,#4381)) ;
#4415=EDGE_LOOP('',(#4416,#4417,#4418,#4419,#4420,#4421)) ;
#4441=EDGE_LOOP('',(#4442,#4443,#4444,#4445)) ;
#4460=EDGE_LOOP('',(#4461,#4462,#4463,#4464)) ;
#4484=EDGE_LOOP('',(#4485,#4486,#4487,#4488)) ;
#4508=EDGE_LOOP('',(#4509,#4510,#4511,#4512)) ;
#4532=EDGE_LOOP('',(#4533,#4534,#4535,#4536)) ;
#4549=EDGE_LOOP('',(#4550,#4551,#4552,#4553)) ;
#4589=EDGE_LOOP('',(#4590,#4591,#4592,#4593)) ;
#4606=EDGE_LOOP('',(#4607,#4608,#4609,#4610)) ;
#4646=EDGE_LOOP('',(#4647,#4648,#4649,#4650)) ;
#4663=EDGE_LOOP('',(#4664,#4665,#4666,#4667)) ;
#4680=EDGE_LOOP('',(#4681,#4682,#4683,#4684)) ;
#4697=EDGE_LOOP('',(#4698,#4699,#4700,#4701)) ;
#4714=EDGE_LOOP('',(#4715,#4716,#4717,#4718)) ;
#4731=EDGE_LOOP('',(#4732,#4733,#4734,#4735)) ;
#4748=EDGE_LOOP('',(#4749,#4750,#4751,#4752)) ;
#4755=EDGE_LOOP('',(#4756,#4757,#4758,#4759)) ;
#4772=EDGE_LOOP('',(#4773,#4774,#4775,#4776)) ;
#4779=EDGE_LOOP('',(#4780,#4781,#4782,#4783)) ;
#4791=EDGE_LOOP('',(#4792,#4793,#4794,#4795)) ;
#4803=EDGE_LOOP('',(#4804,#4805,#4806,#4807)) ;
#4810=EDGE_LOOP('',(#4811,#4812,#4813,#4814,#4815,#4816,#4817,#4818)) ;
#4854=EDGE_LOOP('',(#4855,#4856,#4857,#4858)) ;
#4879=EDGE_LOOP('',(#4880,#4881,#4882,#4883)) ;
#4920=EDGE_LOOP('',(#4921,#4922,#4923,#4924)) ;
#4938=EDGE_LOOP('',(#4939,#4940,#4941,#4942)) ;
#4979=EDGE_LOOP('',(#4980,#4981,#4982,#4983)) ;
#4997=EDGE_LOOP('',(#4998,#4999,#5000,#5001)) ;
#5038=EDGE_LOOP('',(#5039,#5040,#5041,#5042)) ;
#5056=EDGE_LOOP('',(#5057,#5058,#5059,#5060)) ;
#5097=EDGE_LOOP('',(#5098,#5099,#5100,#5101)) ;
#5115=EDGE_LOOP('',(#5116,#5117,#5118,#5119)) ;
#5156=EDGE_LOOP('',(#5157,#5158,#5159,#5160)) ;
#5174=EDGE_LOOP('',(#5175,#5176,#5177,#5178)) ;
#5215=EDGE_LOOP('',(#5216,#5217,#5218,#5219)) ;
#5233=EDGE_LOOP('',(#5234,#5235,#5236,#5237)) ;
#5274=EDGE_LOOP('',(#5275,#5276,#5277,#5278)) ;
#5292=EDGE_LOOP('',(#5293,#5294,#5295,#5296)) ;
#5333=EDGE_LOOP('',(#5334,#5335,#5336,#5337)) ;
#5351=EDGE_LOOP('',(#5352,#5353,#5354,#5355)) ;
#5392=EDGE_LOOP('',(#5393,#5394,#5395,#5396)) ;
#5410=EDGE_LOOP('',(#5411,#5412,#5413,#5414)) ;
#5451=EDGE_LOOP('',(#5452,#5453,#5454,#5455)) ;
#5469=EDGE_LOOP('',(#5470,#5471,#5472,#5473)) ;
#5510=EDGE_LOOP('',(#5511,#5512,#5513,#5514)) ;
#5528=EDGE_LOOP('',(#5529,#5530,#5531,#5532)) ;
#5569=EDGE_LOOP('',(#5570,#5571,#5572,#5573)) ;
#5587=EDGE_LOOP('',(#5588,#5589,#5590,#5591)) ;
#5628=EDGE_LOOP('',(#5629,#5630,#5631,#5632)) ;
#5646=EDGE_LOOP('',(#5647,#5648,#5649,#5650)) ;
#5687=EDGE_LOOP('',(#5688,#5689,#5690,#5691)) ;
#5705=EDGE_LOOP('',(#5706,#5707,#5708,#5709)) ;
#5746=EDGE_LOOP('',(#5747,#5748,#5749,#5750)) ;
#5764=EDGE_LOOP('',(#5765,#5766,#5767,#5768)) ;
#5805=EDGE_LOOP('',(#5806,#5807,#5808,#5809)) ;
#5823=EDGE_LOOP('',(#5824,#5825,#5826,#5827)) ;
#5864=EDGE_LOOP('',(#5865,#5866,#5867,#5868)) ;
#5896=EDGE_LOOP('',(#5897,#5898,#5899,#5900)) ;
#5928=EDGE_LOOP('',(#5929,#5930,#5931,#5932)) ;
#5951=EDGE_LOOP('',(#5952,#5953,#5954,#5955)) ;
#5992=EDGE_LOOP('',(#5993,#5994,#5995,#5996)) ;
#6019=EDGE_LOOP('',(#6020,#6021,#6022,#6023)) ;
#6051=EDGE_LOOP('',(#6052,#6053,#6054,#6055)) ;
#6069=EDGE_LOOP('',(#6070,#6071,#6072,#6073)) ;
#6110=EDGE_LOOP('',(#6111,#6112,#6113,#6114)) ;
#6128=EDGE_LOOP('',(#6129,#6130,#6131,#6132)) ;
#6169=EDGE_LOOP('',(#6170,#6171,#6172,#6173)) ;
#6187=EDGE_LOOP('',(#6188,#6189,#6190,#6191)) ;
#6228=EDGE_LOOP('',(#6229,#6230,#6231,#6232)) ;
#6246=EDGE_LOOP('',(#6247,#6248,#6249,#6250)) ;
#6287=EDGE_LOOP('',(#6288,#6289,#6290,#6291)) ;
#6305=EDGE_LOOP('',(#6306,#6307,#6308,#6309)) ;
#6346=EDGE_LOOP('',(#6347,#6348,#6349,#6350)) ;
#6364=EDGE_LOOP('',(#6365,#6366,#6367,#6368)) ;
#6405=EDGE_LOOP('',(#6406,#6407,#6408,#6409)) ;
#6423=EDGE_LOOP('',(#6424,#6425,#6426,#6427)) ;
#6464=EDGE_LOOP('',(#6465,#6466,#6467,#6468)) ;
#6482=EDGE_LOOP('',(#6483,#6484,#6485,#6486)) ;
#6523=EDGE_LOOP('',(#6524,#6525,#6526,#6527)) ;
#6541=EDGE_LOOP('',(#6542,#6543,#6544,#6545)) ;
#6582=EDGE_LOOP('',(#6583,#6584,#6585,#6586)) ;
#6600=EDGE_LOOP('',(#6601,#6602,#6603,#6604)) ;
#6641=EDGE_LOOP('',(#6642,#6643,#6644,#6645)) ;
#6659=EDGE_LOOP('',(#6660,#6661,#6662,#6663)) ;
#6700=EDGE_LOOP('',(#6701,#6702,#6703,#6704)) ;
#6718=EDGE_LOOP('',(#6719,#6720,#6721,#6722)) ;
#6759=EDGE_LOOP('',(#6760,#6761,#6762,#6763)) ;
#6777=EDGE_LOOP('',(#6778,#6779,#6780,#6781)) ;
#6818=EDGE_LOOP('',(#6819,#6820,#6821,#6822)) ;
#6836=EDGE_LOOP('',(#6837,#6838,#6839,#6840)) ;
#6877=EDGE_LOOP('',(#6878,#6879,#6880,#6881)) ;
#6895=EDGE_LOOP('',(#6896,#6897,#6898,#6899)) ;
#6936=EDGE_LOOP('',(#6937,#6938,#6939,#6940)) ;
#6954=EDGE_LOOP('',(#6955,#6956,#6957,#6958)) ;
#6995=EDGE_LOOP('',(#6996,#6997,#6998,#6999)) ;
#7013=EDGE_LOOP('',(#7014,#7015,#7016,#7017)) ;
#7054=EDGE_LOOP('',(#7055,#7056,#7057,#7058)) ;
#7072=EDGE_LOOP('',(#7073,#7074,#7075,#7076)) ;
#7113=EDGE_LOOP('',(#7114,#7115,#7116,#7117)) ;
#7145=EDGE_LOOP('',(#7146,#7147,#7148,#7149)) ;
#7177=EDGE_LOOP('',(#7178,#7179,#7180,#7181)) ;
#7200=EDGE_LOOP('',(#7201,#7202,#7203,#7204)) ;
#7241=EDGE_LOOP('',(#7242,#7243,#7244,#7245)) ;
#7268=EDGE_LOOP('',(#7269,#7270,#7271,#7272)) ;
#7300=EDGE_LOOP('',(#7301,#7302,#7303,#7304)) ;
#7318=EDGE_LOOP('',(#7319,#7320,#7321,#7322)) ;
#7350=EDGE_LOOP('',(#7351,#7352,#7353,#7354)) ;
#7375=EDGE_LOOP('',(#7376,#7377,#7378,#7379)) ;
#7407=EDGE_LOOP('',(#7408,#7409,#7410,#7411)) ;
#7432=EDGE_LOOP('',(#7433,#7434,#7435,#7436)) ;
#7457=EDGE_LOOP('',(#7458,#7459,#7460,#7461)) ;
#7489=EDGE_LOOP('',(#7490,#7491,#7492,#7493)) ;
#7514=EDGE_LOOP('',(#7515,#7516,#7517,#7518)) ;
#7532=EDGE_LOOP('',(#7533,#7534,#7535,#7536)) ;
#7579=EDGE_LOOP('',(#7580,#7581,#7582,#7583,#7584,#7585,#7586,#7587,#7588,#7589,#7590,#7591,#7592,#7593,#7594,#7595,#7596,#7597,#7598,#7599,#7600,#7601,#7602,#7603,#7604,#7605,#7606,#7607,#7608,#7609,#7610,#7611,#7612,#7613,#7614,#7615,#7616,#7617,#7618,#7619,#7620,#7621,#7622,#7623)) ;
#7625=EDGE_LOOP('',(#7626,#7627)) ;
#7629=EDGE_LOOP('',(#7630,#7631)) ;
#7633=EDGE_LOOP('',(#7634,#7635)) ;
#7637=EDGE_LOOP('',(#7638,#7639)) ;
#7667=EDGE_LOOP('',(#7668,#7669,#7670,#7671)) ;
#7680=EDGE_LOOP('',(#7681,#7682,#7683,#7684)) ;
#7693=EDGE_LOOP('',(#7694,#7695)) ;
#7697=EDGE_LOOP('',(#7698,#7699)) ;
#7727=EDGE_LOOP('',(#7728,#7729,#7730,#7731)) ;
#7740=EDGE_LOOP('',(#7741,#7742,#7743,#7744)) ;
#7748=EDGE_LOOP('',(#7749,#7750)) ;
#7752=EDGE_LOOP('',(#7753,#7754)) ;
#7782=EDGE_LOOP('',(#7783,#7784,#7785,#7786)) ;
#7795=EDGE_LOOP('',(#7796,#7797,#7798,#7799)) ;
#7803=EDGE_LOOP('',(#7804,#7805)) ;
#7807=EDGE_LOOP('',(#7808,#7809)) ;
#7837=EDGE_LOOP('',(#7838,#7839,#7840,#7841)) ;
#7850=EDGE_LOOP('',(#7851,#7852,#7853,#7854)) ;
#7858=EDGE_LOOP('',(#7859,#7860)) ;
#7862=EDGE_LOOP('',(#7863,#7864)) ;
#7878=EDGE_LOOP('',(#7879,#7880,#7881,#7882)) ;
#7891=EDGE_LOOP('',(#7892,#7893,#7894,#7895,#7896,#7897,#7898,#7899,#7900,#7901,#7902,#7903,#7904,#7905,#7906,#7907,#7908,#7909,#7910,#7911,#7912)) ;
#7914=EDGE_LOOP('',(#7915,#7916)) ;
#7918=EDGE_LOOP('',(#7919,#7920)) ;
#7922=EDGE_LOOP('',(#7923,#7924)) ;
#7926=EDGE_LOOP('',(#7927,#7928)) ;
#7930=EDGE_LOOP('',(#7931,#7932)) ;
#7934=EDGE_LOOP('',(#7935,#7936)) ;
#7938=EDGE_LOOP('',(#7939,#7940)) ;
#7942=EDGE_LOOP('',(#7943,#7944)) ;
#7946=EDGE_LOOP('',(#7947,#7948)) ;
#7950=EDGE_LOOP('',(#7951,#7952)) ;
#7954=EDGE_LOOP('',(#7955,#7956)) ;
#7958=EDGE_LOOP('',(#7959,#7960)) ;
#7962=EDGE_LOOP('',(#7963,#7964)) ;
#7966=EDGE_LOOP('',(#7967,#7968)) ;
#7970=EDGE_LOOP('',(#7971,#7972)) ;
#7974=EDGE_LOOP('',(#7975,#7976)) ;
#7978=EDGE_LOOP('',(#7979,#7980)) ;
#7982=EDGE_LOOP('',(#7983,#7984,#7985,#7986)) ;
#7988=EDGE_LOOP('',(#7989,#7990,#7991,#7992)) ;
#8006=EDGE_LOOP('',(#8007,#8008,#8009,#8010,#8011,#8012,#8013,#8014,#8015,#8016,#8017,#8018,#8019,#8020,#8021,#8022,#8023,#8024,#8025,#8026,#8027)) ;
#8029=EDGE_LOOP('',(#8030,#8031)) ;
#8033=EDGE_LOOP('',(#8034,#8035)) ;
#8037=EDGE_LOOP('',(#8038,#8039)) ;
#8041=EDGE_LOOP('',(#8042,#8043)) ;
#8045=EDGE_LOOP('',(#8046,#8047)) ;
#8049=EDGE_LOOP('',(#8050,#8051)) ;
#8053=EDGE_LOOP('',(#8054,#8055)) ;
#8057=EDGE_LOOP('',(#8058,#8059)) ;
#8061=EDGE_LOOP('',(#8062,#8063)) ;
#8065=EDGE_LOOP('',(#8066,#8067)) ;
#8069=EDGE_LOOP('',(#8070,#8071)) ;
#8073=EDGE_LOOP('',(#8074,#8075)) ;
#8077=EDGE_LOOP('',(#8078,#8079)) ;
#8081=EDGE_LOOP('',(#8082,#8083)) ;
#8085=EDGE_LOOP('',(#8086,#8087)) ;
#8089=EDGE_LOOP('',(#8090,#8091)) ;
#8093=EDGE_LOOP('',(#8094,#8095)) ;
#8097=EDGE_LOOP('',(#8098,#8099,#8100,#8101)) ;
#8103=EDGE_LOOP('',(#8104,#8105,#8106,#8107)) ;
#8111=EDGE_LOOP('',(#8112,#8113,#8114,#8115)) ;
#8129=EDGE_LOOP('',(#8130,#8131,#8132,#8133)) ;
#8137=EDGE_LOOP('',(#8138,#8139,#8140,#8141,#8142,#8143,#8144,#8145,#8146,#8147,#8148,#8149,#8150,#8151,#8152,#8153,#8154,#8155,#8156,#8157,#8158)) ;
#8160=EDGE_LOOP('',(#8161,#8162)) ;
#8164=EDGE_LOOP('',(#8165,#8166)) ;
#8168=EDGE_LOOP('',(#8169,#8170)) ;
#8172=EDGE_LOOP('',(#8173,#8174)) ;
#8176=EDGE_LOOP('',(#8177,#8178)) ;
#8180=EDGE_LOOP('',(#8181,#8182)) ;
#8184=EDGE_LOOP('',(#8185,#8186)) ;
#8188=EDGE_LOOP('',(#8189,#8190)) ;
#8192=EDGE_LOOP('',(#8193,#8194)) ;
#8196=EDGE_LOOP('',(#8197,#8198)) ;
#8200=EDGE_LOOP('',(#8201,#8202)) ;
#8204=EDGE_LOOP('',(#8205,#8206)) ;
#8208=EDGE_LOOP('',(#8209,#8210)) ;
#8212=EDGE_LOOP('',(#8213,#8214)) ;
#8216=EDGE_LOOP('',(#8217,#8218)) ;
#8220=EDGE_LOOP('',(#8221,#8222)) ;
#8224=EDGE_LOOP('',(#8225,#8226)) ;
#8228=EDGE_LOOP('',(#8229,#8230,#8231,#8232)) ;
#8234=EDGE_LOOP('',(#8235,#8236,#8237,#8238)) ;
#8247=EDGE_LOOP('',(#8248,#8249,#8250,#8251,#8252,#8253,#8254,#8255,#8256,#8257,#8258,#8259,#8260,#8261,#8262,#8263,#8264,#8265,#8266,#8267,#8268)) ;
#8270=EDGE_LOOP('',(#8271,#8272)) ;
#8274=EDGE_LOOP('',(#8275,#8276)) ;
#8278=EDGE_LOOP('',(#8279,#8280)) ;
#8282=EDGE_LOOP('',(#8283,#8284)) ;
#8286=EDGE_LOOP('',(#8287,#8288)) ;
#8290=EDGE_LOOP('',(#8291,#8292)) ;
#8294=EDGE_LOOP('',(#8295,#8296)) ;
#8298=EDGE_LOOP('',(#8299,#8300)) ;
#8302=EDGE_LOOP('',(#8303,#8304)) ;
#8306=EDGE_LOOP('',(#8307,#8308)) ;
#8310=EDGE_LOOP('',(#8311,#8312)) ;
#8314=EDGE_LOOP('',(#8315,#8316)) ;
#8318=EDGE_LOOP('',(#8319,#8320)) ;
#8322=EDGE_LOOP('',(#8323,#8324)) ;
#8326=EDGE_LOOP('',(#8327,#8328)) ;
#8330=EDGE_LOOP('',(#8331,#8332)) ;
#8334=EDGE_LOOP('',(#8335,#8336)) ;
#8338=EDGE_LOOP('',(#8339,#8340,#8341,#8342)) ;
#8344=EDGE_LOOP('',(#8345,#8346,#8347,#8348)) ;
#8352=EDGE_LOOP('',(#8353,#8354,#8355,#8356)) ;
#8375=EDGE_LOOP('',(#8376,#8377,#8378,#8379,#8380,#8381)) ;
#8389=EDGE_LOOP('',(#8390,#8391,#8392,#8393)) ;
#8406=EDGE_LOOP('',(#8407,#8408,#8409,#8410,#8411,#8412)) ;
#8425=EDGE_LOOP('',(#8426,#8427,#8428,#8429)) ;
#8442=EDGE_LOOP('',(#8443,#8444,#8445,#8446)) ;
#8459=EDGE_LOOP('',(#8460,#8461,#8462,#8463)) ;
#8471=EDGE_LOOP('',(#8472,#8473,#8474,#8475)) ;
#8493=EDGE_LOOP('',(#8494,#8495,#8496,#8497)) ;
#8510=EDGE_LOOP('',(#8511,#8512,#8513,#8514)) ;
#8527=EDGE_LOOP('',(#8528,#8529,#8530,#8531)) ;
#8544=EDGE_LOOP('',(#8545,#8546,#8547,#8548)) ;
#8561=EDGE_LOOP('',(#8562,#8563,#8564,#8565)) ;
#8573=EDGE_LOOP('',(#8574,#8575,#8576,#8577)) ;
#8590=EDGE_LOOP('',(#8591,#8592,#8593,#8594)) ;
#8602=EDGE_LOOP('',(#8603,#8604,#8605,#8606)) ;
#8624=EDGE_LOOP('',(#8625,#8626,#8627,#8628)) ;
#8641=EDGE_LOOP('',(#8642,#8643,#8644,#8645)) ;
#8658=EDGE_LOOP('',(#8659,#8660,#8661,#8662)) ;
#8670=EDGE_LOOP('',(#8671,#8672,#8673,#8674)) ;
#8687=EDGE_LOOP('',(#8688,#8689,#8690,#8691)) ;
#8704=EDGE_LOOP('',(#8705,#8706,#8707,#8708)) ;
#8721=EDGE_LOOP('',(#8722,#8723,#8724,#8725)) ;
#8728=EDGE_LOOP('',(#8729,#8730,#8731,#8732)) ;
#8745=EDGE_LOOP('',(#8746,#8747,#8748,#8749,#8750,#8751)) ;
#8764=EDGE_LOOP('',(#8765,#8766,#8767,#8768)) ;
#8776=EDGE_LOOP('',(#8777,#8778,#8779,#8780)) ;
#8793=EDGE_LOOP('',(#8794,#8795,#8796,#8797)) ;
#8810=EDGE_LOOP('',(#8811,#8812,#8813,#8814,#8815,#8816)) ;
#8824=EDGE_LOOP('',(#8825,#8826,#8827,#8828)) ;
#8836=EDGE_LOOP('',(#8837,#8838,#8839,#8840)) ;
#8858=EDGE_LOOP('',(#8859,#8860,#8861,#8862)) ;
#8866=EDGE_LOOP('',(#8867,#8868,#8869,#8870)) ;
#8889=EDGE_LOOP('',(#8890,#8891,#8892,#8893)) ;
#8897=EDGE_LOOP('',(#8898,#8899,#8900,#8901)) ;
#8920=EDGE_LOOP('',(#8921,#8922,#8923,#8924)) ;
#8928=EDGE_LOOP('',(#8929,#8930,#8931,#8932)) ;
#8951=EDGE_LOOP('',(#8952,#8953,#8954,#8955)) ;
#8959=EDGE_LOOP('',(#8960,#8961,#8962,#8963)) ;
#9012=EDGE_LOOP('',(#9013,#9014,#9015,#9016)) ;
#9043=EDGE_LOOP('',(#9044,#9045,#9046,#9047)) ;
#9074=EDGE_LOOP('',(#9075,#9076,#9077,#9078)) ;
#9105=EDGE_LOOP('',(#9106,#9107,#9108,#9109)) ;
#9136=EDGE_LOOP('',(#9137,#9138,#9139,#9140)) ;
#9167=EDGE_LOOP('',(#9168,#9169,#9170,#9171)) ;
#9198=EDGE_LOOP('',(#9199,#9200,#9201,#9202)) ;
#9229=EDGE_LOOP('',(#9230,#9231,#9232,#9233)) ;
#9260=EDGE_LOOP('',(#9261,#9262,#9263,#9264)) ;
#9291=EDGE_LOOP('',(#9292,#9293,#9294,#9295)) ;
#9322=EDGE_LOOP('',(#9323,#9324,#9325,#9326)) ;
#9353=EDGE_LOOP('',(#9354,#9355,#9356,#9357)) ;
#9379=EDGE_LOOP('',(#9380,#9381,#9382,#9383)) ;
#9410=EDGE_LOOP('',(#9411,#9412,#9413,#9414)) ;
#9441=EDGE_LOOP('',(#9442,#9443,#9444,#9445)) ;
#9463=EDGE_LOOP('',(#9464,#9465,#9466,#9467)) ;
#9475=EDGE_LOOP('',(#9476,#9477,#9478,#9479,#9480,#9481,#9482,#9483,#9484,#9485,#9486,#9487,#9488,#9489,#9490,#9491)) ;
#9499=EDGE_LOOP('',(#9500,#9501,#9502,#9503,#9504,#9505,#9506,#9507,#9508,#9509,#9510,#9511,#9512,#9513,#9514,#9515)) ;
#9554=EDGE_LOOP('',(#9555,#9556,#9557,#9558)) ;
#9585=EDGE_LOOP('',(#9586,#9587,#9588,#9589)) ;
#9616=EDGE_LOOP('',(#9617,#9618,#9619,#9620)) ;
#9647=EDGE_LOOP('',(#9648,#9649,#9650,#9651)) ;
#9678=EDGE_LOOP('',(#9679,#9680,#9681,#9682)) ;
#9709=EDGE_LOOP('',(#9710,#9711,#9712,#9713)) ;
#9740=EDGE_LOOP('',(#9741,#9742,#9743,#9744)) ;
#9771=EDGE_LOOP('',(#9772,#9773,#9774,#9775)) ;
#9802=EDGE_LOOP('',(#9803,#9804,#9805,#9806)) ;
#9833=EDGE_LOOP('',(#9834,#9835,#9836,#9837)) ;
#9864=EDGE_LOOP('',(#9865,#9866,#9867,#9868)) ;
#9895=EDGE_LOOP('',(#9896,#9897,#9898,#9899)) ;
#9921=EDGE_LOOP('',(#9922,#9923,#9924,#9925)) ;
#9952=EDGE_LOOP('',(#9953,#9954,#9955,#9956)) ;
#9983=EDGE_LOOP('',(#9984,#9985,#9986,#9987)) ;
#10005=EDGE_LOOP('',(#10006,#10007,#10008,#10009)) ;
#10017=EDGE_LOOP('',(#10018,#10019,#10020,#10021,#10022,#10023,#10024,#10025,#10026,#10027,#10028,#10029,#10030,#10031,#10032,#10033)) ;
#10041=EDGE_LOOP('',(#10042,#10043,#10044,#10045,#10046,#10047,#10048,#10049,#10050,#10051,#10052,#10053,#10054,#10055,#10056,#10057)) ;
#65=ORIENTED_EDGE('',*,*,#44,.T.) ;
#66=ORIENTED_EDGE('',*,*,#51,.T.) ;
#67=ORIENTED_EDGE('',*,*,#58,.F.) ;
#68=ORIENTED_EDGE('',*,*,#63,.F.) ;
#250=ORIENTED_EDGE('',*,*,#84,.T.) ;
#251=ORIENTED_EDGE('',*,*,#91,.T.) ;
#252=ORIENTED_EDGE('',*,*,#98,.T.) ;
#253=ORIENTED_EDGE('',*,*,#105,.T.) ;
#254=ORIENTED_EDGE('',*,*,#112,.F.) ;
#255=ORIENTED_EDGE('',*,*,#119,.F.) ;
#256=ORIENTED_EDGE('',*,*,#126,.F.) ;
#257=ORIENTED_EDGE('',*,*,#133,.T.) ;
#258=ORIENTED_EDGE('',*,*,#140,.T.) ;
#259=ORIENTED_EDGE('',*,*,#147,.F.) ;
#260=ORIENTED_EDGE('',*,*,#154,.F.) ;
#261=ORIENTED_EDGE('',*,*,#161,.F.) ;
#262=ORIENTED_EDGE('',*,*,#168,.F.) ;
#263=ORIENTED_EDGE('',*,*,#175,.T.) ;
#264=ORIENTED_EDGE('',*,*,#182,.F.) ;
#265=ORIENTED_EDGE('',*,*,#189,.F.) ;
#266=ORIENTED_EDGE('',*,*,#196,.T.) ;
#267=ORIENTED_EDGE('',*,*,#203,.T.) ;
#268=ORIENTED_EDGE('',*,*,#208,.T.) ;
#269=ORIENTED_EDGE('',*,*,#63,.T.) ;
#270=ORIENTED_EDGE('',*,*,#215,.F.) ;
#271=ORIENTED_EDGE('',*,*,#222,.F.) ;
#272=ORIENTED_EDGE('',*,*,#229,.F.) ;
#273=ORIENTED_EDGE('',*,*,#236,.T.) ;
#274=ORIENTED_EDGE('',*,*,#243,.T.) ;
#275=ORIENTED_EDGE('',*,*,#248,.F.) ;
#418=ORIENTED_EDGE('',*,*,#285,.F.) ;
#419=ORIENTED_EDGE('',*,*,#292,.T.) ;
#420=ORIENTED_EDGE('',*,*,#299,.F.) ;
#421=ORIENTED_EDGE('',*,*,#306,.T.) ;
#422=ORIENTED_EDGE('',*,*,#313,.F.) ;
#423=ORIENTED_EDGE('',*,*,#320,.T.) ;
#424=ORIENTED_EDGE('',*,*,#327,.F.) ;
#425=ORIENTED_EDGE('',*,*,#334,.F.) ;
#426=ORIENTED_EDGE('',*,*,#341,.T.) ;
#427=ORIENTED_EDGE('',*,*,#348,.F.) ;
#428=ORIENTED_EDGE('',*,*,#355,.F.) ;
#429=ORIENTED_EDGE('',*,*,#362,.T.) ;
#430=ORIENTED_EDGE('',*,*,#369,.F.) ;
#431=ORIENTED_EDGE('',*,*,#376,.F.) ;
#432=ORIENTED_EDGE('',*,*,#383,.F.) ;
#433=ORIENTED_EDGE('',*,*,#390,.T.) ;
#434=ORIENTED_EDGE('',*,*,#397,.F.) ;
#435=ORIENTED_EDGE('',*,*,#404,.F.) ;
#436=ORIENTED_EDGE('',*,*,#411,.T.) ;
#437=ORIENTED_EDGE('',*,*,#416,.F.) ;
#496=ORIENTED_EDGE('',*,*,#447,.F.) ;
#497=ORIENTED_EDGE('',*,*,#454,.F.) ;
#498=ORIENTED_EDGE('',*,*,#461,.T.) ;
#499=ORIENTED_EDGE('',*,*,#468,.F.) ;
#500=ORIENTED_EDGE('',*,*,#475,.F.) ;
#501=ORIENTED_EDGE('',*,*,#482,.F.) ;
#502=ORIENTED_EDGE('',*,*,#489,.T.) ;
#503=ORIENTED_EDGE('',*,*,#494,.F.) ;
#562=ORIENTED_EDGE('',*,*,#513,.F.) ;
#563=ORIENTED_EDGE('',*,*,#520,.F.) ;
#564=ORIENTED_EDGE('',*,*,#527,.F.) ;
#565=ORIENTED_EDGE('',*,*,#534,.F.) ;
#566=ORIENTED_EDGE('',*,*,#541,.F.) ;
#567=ORIENTED_EDGE('',*,*,#548,.F.) ;
#568=ORIENTED_EDGE('',*,*,#555,.F.) ;
#569=ORIENTED_EDGE('',*,*,#560,.F.) ;
#586=ORIENTED_EDGE('',*,*,#579,.F.) ;
#587=ORIENTED_EDGE('',*,*,#584,.F.) ;
#604=ORIENTED_EDGE('',*,*,#597,.F.) ;
#605=ORIENTED_EDGE('',*,*,#602,.F.) ;
#622=ORIENTED_EDGE('',*,*,#615,.F.) ;
#623=ORIENTED_EDGE('',*,*,#620,.F.) ;
#640=ORIENTED_EDGE('',*,*,#633,.F.) ;
#641=ORIENTED_EDGE('',*,*,#638,.F.) ;
#669=ORIENTED_EDGE('',*,*,#655,.F.) ;
#670=ORIENTED_EDGE('',*,*,#203,.F.) ;
#671=ORIENTED_EDGE('',*,*,#662,.T.) ;
#672=ORIENTED_EDGE('',*,*,#667,.F.) ;
#700=ORIENTED_EDGE('',*,*,#686,.T.) ;
#701=ORIENTED_EDGE('',*,*,#126,.T.) ;
#702=ORIENTED_EDGE('',*,*,#693,.F.) ;
#703=ORIENTED_EDGE('',*,*,#698,.F.) ;
#752=ORIENTED_EDGE('',*,*,#719,.T.) ;
#753=ORIENTED_EDGE('',*,*,#726,.T.) ;
#754=ORIENTED_EDGE('',*,*,#733,.F.) ;
#755=ORIENTED_EDGE('',*,*,#740,.F.) ;
#756=ORIENTED_EDGE('',*,*,#745,.T.) ;
#757=ORIENTED_EDGE('',*,*,#133,.F.) ;
#758=ORIENTED_EDGE('',*,*,#686,.F.) ;
#759=ORIENTED_EDGE('',*,*,#750,.F.) ;
#780=ORIENTED_EDGE('',*,*,#745,.F.) ;
#781=ORIENTED_EDGE('',*,*,#773,.F.) ;
#782=ORIENTED_EDGE('',*,*,#778,.T.) ;
#783=ORIENTED_EDGE('',*,*,#140,.F.) ;
#804=ORIENTED_EDGE('',*,*,#778,.F.) ;
#805=ORIENTED_EDGE('',*,*,#797,.F.) ;
#806=ORIENTED_EDGE('',*,*,#802,.T.) ;
#807=ORIENTED_EDGE('',*,*,#147,.T.) ;
#828=ORIENTED_EDGE('',*,*,#154,.T.) ;
#829=ORIENTED_EDGE('',*,*,#802,.F.) ;
#830=ORIENTED_EDGE('',*,*,#821,.F.) ;
#831=ORIENTED_EDGE('',*,*,#826,.T.) ;
#852=ORIENTED_EDGE('',*,*,#161,.T.) ;
#853=ORIENTED_EDGE('',*,*,#826,.F.) ;
#854=ORIENTED_EDGE('',*,*,#845,.F.) ;
#855=ORIENTED_EDGE('',*,*,#850,.T.) ;
#904=ORIENTED_EDGE('',*,*,#871,.T.) ;
#905=ORIENTED_EDGE('',*,*,#878,.T.) ;
#906=ORIENTED_EDGE('',*,*,#883,.T.) ;
#907=ORIENTED_EDGE('',*,*,#168,.T.) ;
#908=ORIENTED_EDGE('',*,*,#850,.F.) ;
#909=ORIENTED_EDGE('',*,*,#890,.F.) ;
#910=ORIENTED_EDGE('',*,*,#897,.T.) ;
#911=ORIENTED_EDGE('',*,*,#902,.F.) ;
#939=ORIENTED_EDGE('',*,*,#925,.T.) ;
#940=ORIENTED_EDGE('',*,*,#932,.T.) ;
#941=ORIENTED_EDGE('',*,*,#937,.F.) ;
#942=ORIENTED_EDGE('',*,*,#871,.F.) ;
#970=ORIENTED_EDGE('',*,*,#956,.T.) ;
#971=ORIENTED_EDGE('',*,*,#963,.T.) ;
#972=ORIENTED_EDGE('',*,*,#968,.F.) ;
#973=ORIENTED_EDGE('',*,*,#932,.F.) ;
#1001=ORIENTED_EDGE('',*,*,#987,.T.) ;
#1002=ORIENTED_EDGE('',*,*,#994,.T.) ;
#1003=ORIENTED_EDGE('',*,*,#999,.F.) ;
#1004=ORIENTED_EDGE('',*,*,#963,.F.) ;
#1032=ORIENTED_EDGE('',*,*,#1018,.T.) ;
#1033=ORIENTED_EDGE('',*,*,#1025,.T.) ;
#1034=ORIENTED_EDGE('',*,*,#1030,.F.) ;
#1035=ORIENTED_EDGE('',*,*,#994,.F.) ;
#1063=ORIENTED_EDGE('',*,*,#1051,.T.) ;
#1064=ORIENTED_EDGE('',*,*,#1056,.T.) ;
#1065=ORIENTED_EDGE('',*,*,#1025,.F.) ;
#1066=ORIENTED_EDGE('',*,*,#1061,.F.) ;
#1094=ORIENTED_EDGE('',*,*,#1082,.T.) ;
#1095=ORIENTED_EDGE('',*,*,#1087,.T.) ;
#1096=ORIENTED_EDGE('',*,*,#1051,.F.) ;
#1097=ORIENTED_EDGE('',*,*,#1092,.F.) ;
#1125=ORIENTED_EDGE('',*,*,#1111,.T.) ;
#1126=ORIENTED_EDGE('',*,*,#1118,.T.) ;
#1127=ORIENTED_EDGE('',*,*,#1123,.F.) ;
#1128=ORIENTED_EDGE('',*,*,#1082,.F.) ;
#1156=ORIENTED_EDGE('',*,*,#1142,.T.) ;
#1157=ORIENTED_EDGE('',*,*,#1149,.T.) ;
#1158=ORIENTED_EDGE('',*,*,#1154,.F.) ;
#1159=ORIENTED_EDGE('',*,*,#1118,.F.) ;
#1187=ORIENTED_EDGE('',*,*,#1173,.T.) ;
#1188=ORIENTED_EDGE('',*,*,#1180,.T.) ;
#1189=ORIENTED_EDGE('',*,*,#1185,.F.) ;
#1190=ORIENTED_EDGE('',*,*,#1149,.F.) ;
#1218=ORIENTED_EDGE('',*,*,#1204,.T.) ;
#1219=ORIENTED_EDGE('',*,*,#1211,.T.) ;
#1220=ORIENTED_EDGE('',*,*,#1216,.F.) ;
#1221=ORIENTED_EDGE('',*,*,#1180,.F.) ;
#1249=ORIENTED_EDGE('',*,*,#1237,.T.) ;
#1250=ORIENTED_EDGE('',*,*,#1242,.T.) ;
#1251=ORIENTED_EDGE('',*,*,#1211,.F.) ;
#1252=ORIENTED_EDGE('',*,*,#1247,.F.) ;
#1280=ORIENTED_EDGE('',*,*,#1268,.T.) ;
#1281=ORIENTED_EDGE('',*,*,#1273,.T.) ;
#1282=ORIENTED_EDGE('',*,*,#1237,.F.) ;
#1283=ORIENTED_EDGE('',*,*,#1278,.F.) ;
#1306=ORIENTED_EDGE('',*,*,#1294,.T.) ;
#1307=ORIENTED_EDGE('',*,*,#1299,.T.) ;
#1308=ORIENTED_EDGE('',*,*,#1268,.F.) ;
#1309=ORIENTED_EDGE('',*,*,#1304,.F.) ;
#1337=ORIENTED_EDGE('',*,*,#1323,.T.) ;
#1338=ORIENTED_EDGE('',*,*,#1330,.T.) ;
#1339=ORIENTED_EDGE('',*,*,#1335,.F.) ;
#1340=ORIENTED_EDGE('',*,*,#1294,.F.) ;
#1368=ORIENTED_EDGE('',*,*,#1354,.T.) ;
#1369=ORIENTED_EDGE('',*,*,#1361,.T.) ;
#1370=ORIENTED_EDGE('',*,*,#1366,.F.) ;
#1371=ORIENTED_EDGE('',*,*,#1330,.F.) ;
#1399=ORIENTED_EDGE('',*,*,#1385,.T.) ;
#1400=ORIENTED_EDGE('',*,*,#1392,.T.) ;
#1401=ORIENTED_EDGE('',*,*,#1397,.F.) ;
#1402=ORIENTED_EDGE('',*,*,#1361,.F.) ;
#1425=ORIENTED_EDGE('',*,*,#1411,.T.) ;
#1426=ORIENTED_EDGE('',*,*,#1418,.T.) ;
#1427=ORIENTED_EDGE('',*,*,#1423,.F.) ;
#1428=ORIENTED_EDGE('',*,*,#1392,.F.) ;
#1456=ORIENTED_EDGE('',*,*,#1444,.T.) ;
#1457=ORIENTED_EDGE('',*,*,#1449,.T.) ;
#1458=ORIENTED_EDGE('',*,*,#1418,.F.) ;
#1459=ORIENTED_EDGE('',*,*,#1454,.F.) ;
#1506=ORIENTED_EDGE('',*,*,#1473,.F.) ;
#1507=ORIENTED_EDGE('',*,*,#1480,.T.) ;
#1508=ORIENTED_EDGE('',*,*,#1487,.F.) ;
#1509=ORIENTED_EDGE('',*,*,#1492,.T.) ;
#1510=ORIENTED_EDGE('',*,*,#182,.T.) ;
#1511=ORIENTED_EDGE('',*,*,#1499,.T.) ;
#1512=ORIENTED_EDGE('',*,*,#1504,.T.) ;
#1513=ORIENTED_EDGE('',*,*,#1444,.F.) ;
#1534=ORIENTED_EDGE('',*,*,#189,.T.) ;
#1535=ORIENTED_EDGE('',*,*,#1492,.F.) ;
#1536=ORIENTED_EDGE('',*,*,#1527,.F.) ;
#1537=ORIENTED_EDGE('',*,*,#1532,.T.) ;
#1551=ORIENTED_EDGE('',*,*,#662,.F.) ;
#1552=ORIENTED_EDGE('',*,*,#196,.F.) ;
#1553=ORIENTED_EDGE('',*,*,#1532,.F.) ;
#1554=ORIENTED_EDGE('',*,*,#1549,.T.) ;
#1591=ORIENTED_EDGE('',*,*,#1570,.T.) ;
#1592=ORIENTED_EDGE('',*,*,#1577,.T.) ;
#1593=ORIENTED_EDGE('',*,*,#1584,.F.) ;
#1594=ORIENTED_EDGE('',*,*,#1589,.F.) ;
#1622=ORIENTED_EDGE('',*,*,#1589,.T.) ;
#1623=ORIENTED_EDGE('',*,*,#1608,.T.) ;
#1624=ORIENTED_EDGE('',*,*,#1615,.F.) ;
#1625=ORIENTED_EDGE('',*,*,#1620,.F.) ;
#1653=ORIENTED_EDGE('',*,*,#1639,.T.) ;
#1654=ORIENTED_EDGE('',*,*,#1615,.T.) ;
#1655=ORIENTED_EDGE('',*,*,#1646,.F.) ;
#1656=ORIENTED_EDGE('',*,*,#1651,.F.) ;
#1684=ORIENTED_EDGE('',*,*,#1651,.T.) ;
#1685=ORIENTED_EDGE('',*,*,#1670,.T.) ;
#1686=ORIENTED_EDGE('',*,*,#1677,.T.) ;
#1687=ORIENTED_EDGE('',*,*,#1682,.F.) ;
#1715=ORIENTED_EDGE('',*,*,#1701,.T.) ;
#1716=ORIENTED_EDGE('',*,*,#1677,.F.) ;
#1717=ORIENTED_EDGE('',*,*,#1708,.T.) ;
#1718=ORIENTED_EDGE('',*,*,#1713,.T.) ;
#1760=ORIENTED_EDGE('',*,*,#1713,.F.) ;
#1761=ORIENTED_EDGE('',*,*,#1732,.T.) ;
#1762=ORIENTED_EDGE('',*,*,#1739,.T.) ;
#1763=ORIENTED_EDGE('',*,*,#1746,.F.) ;
#1764=ORIENTED_EDGE('',*,*,#1753,.F.) ;
#1765=ORIENTED_EDGE('',*,*,#1758,.F.) ;
#1816=ORIENTED_EDGE('',*,*,#1781,.T.) ;
#1817=ORIENTED_EDGE('',*,*,#1788,.T.) ;
#1818=ORIENTED_EDGE('',*,*,#1795,.F.) ;
#1819=ORIENTED_EDGE('',*,*,#1802,.F.) ;
#1820=ORIENTED_EDGE('',*,*,#1809,.T.) ;
#1821=ORIENTED_EDGE('',*,*,#1814,.T.) ;
#1849=ORIENTED_EDGE('',*,*,#1835,.T.) ;
#1850=ORIENTED_EDGE('',*,*,#1788,.F.) ;
#1851=ORIENTED_EDGE('',*,*,#1842,.T.) ;
#1852=ORIENTED_EDGE('',*,*,#1847,.T.) ;
#1880=ORIENTED_EDGE('',*,*,#1847,.F.) ;
#1881=ORIENTED_EDGE('',*,*,#1866,.T.) ;
#1882=ORIENTED_EDGE('',*,*,#1873,.F.) ;
#1883=ORIENTED_EDGE('',*,*,#1878,.F.) ;
#1911=ORIENTED_EDGE('',*,*,#1897,.T.) ;
#1912=ORIENTED_EDGE('',*,*,#1873,.T.) ;
#1913=ORIENTED_EDGE('',*,*,#1904,.F.) ;
#1914=ORIENTED_EDGE('',*,*,#1909,.F.) ;
#1942=ORIENTED_EDGE('',*,*,#1909,.T.) ;
#1943=ORIENTED_EDGE('',*,*,#1928,.T.) ;
#1944=ORIENTED_EDGE('',*,*,#1935,.F.) ;
#1945=ORIENTED_EDGE('',*,*,#1940,.F.) ;
#1973=ORIENTED_EDGE('',*,*,#1959,.T.) ;
#1974=ORIENTED_EDGE('',*,*,#1935,.T.) ;
#1975=ORIENTED_EDGE('',*,*,#1966,.F.) ;
#1976=ORIENTED_EDGE('',*,*,#1971,.F.) ;
#1995=ORIENTED_EDGE('',*,*,#1971,.T.) ;
#1996=ORIENTED_EDGE('',*,*,#1988,.T.) ;
#1997=ORIENTED_EDGE('',*,*,#1577,.F.) ;
#1998=ORIENTED_EDGE('',*,*,#1993,.F.) ;
#2035=ORIENTED_EDGE('',*,*,#2014,.T.) ;
#2036=ORIENTED_EDGE('',*,*,#2021,.T.) ;
#2037=ORIENTED_EDGE('',*,*,#2028,.T.) ;
#2038=ORIENTED_EDGE('',*,*,#2033,.F.) ;
#2052=ORIENTED_EDGE('',*,*,#2045,.T.) ;
#2053=ORIENTED_EDGE('',*,*,#2033,.T.) ;
#2054=ORIENTED_EDGE('',*,*,#2050,.T.) ;
#2055=ORIENTED_EDGE('',*,*,#2021,.F.) ;
#2092=ORIENTED_EDGE('',*,*,#2071,.T.) ;
#2093=ORIENTED_EDGE('',*,*,#2078,.T.) ;
#2094=ORIENTED_EDGE('',*,*,#2085,.T.) ;
#2095=ORIENTED_EDGE('',*,*,#2090,.F.) ;
#2109=ORIENTED_EDGE('',*,*,#2102,.T.) ;
#2110=ORIENTED_EDGE('',*,*,#2090,.T.) ;
#2111=ORIENTED_EDGE('',*,*,#2107,.T.) ;
#2112=ORIENTED_EDGE('',*,*,#2078,.F.) ;
#2229=ORIENTED_EDGE('',*,*,#2128,.T.) ;
#2230=ORIENTED_EDGE('',*,*,#2135,.F.) ;
#2231=ORIENTED_EDGE('',*,*,#2142,.F.) ;
#2232=ORIENTED_EDGE('',*,*,#2149,.T.) ;
#2233=ORIENTED_EDGE('',*,*,#2156,.F.) ;
#2234=ORIENTED_EDGE('',*,*,#2163,.F.) ;
#2235=ORIENTED_EDGE('',*,*,#2170,.F.) ;
#2236=ORIENTED_EDGE('',*,*,#2175,.T.) ;
#2237=ORIENTED_EDGE('',*,*,#667,.T.) ;
#2238=ORIENTED_EDGE('',*,*,#1549,.F.) ;
#2239=ORIENTED_EDGE('',*,*,#1527,.T.) ;
#2240=ORIENTED_EDGE('',*,*,#1487,.T.) ;
#2241=ORIENTED_EDGE('',*,*,#2180,.F.) ;
#2242=ORIENTED_EDGE('',*,*,#890,.T.) ;
#2243=ORIENTED_EDGE('',*,*,#845,.T.) ;
#2244=ORIENTED_EDGE('',*,*,#821,.T.) ;
#2245=ORIENTED_EDGE('',*,*,#797,.T.) ;
#2246=ORIENTED_EDGE('',*,*,#773,.T.) ;
#2247=ORIENTED_EDGE('',*,*,#740,.T.) ;
#2248=ORIENTED_EDGE('',*,*,#2187,.T.) ;
#2249=ORIENTED_EDGE('',*,*,#2194,.F.) ;
#2250=ORIENTED_EDGE('',*,*,#2201,.F.) ;
#2251=ORIENTED_EDGE('',*,*,#2208,.F.) ;
#2252=ORIENTED_EDGE('',*,*,#2215,.F.) ;
#2253=ORIENTED_EDGE('',*,*,#2222,.F.) ;
#2254=ORIENTED_EDGE('',*,*,#2227,.F.) ;
#2304=ORIENTED_EDGE('',*,*,#1732,.F.) ;
#2305=ORIENTED_EDGE('',*,*,#1708,.F.) ;
#2306=ORIENTED_EDGE('',*,*,#1670,.F.) ;
#2307=ORIENTED_EDGE('',*,*,#1646,.T.) ;
#2308=ORIENTED_EDGE('',*,*,#1608,.F.) ;
#2309=ORIENTED_EDGE('',*,*,#1584,.T.) ;
#2310=ORIENTED_EDGE('',*,*,#1988,.F.) ;
#2311=ORIENTED_EDGE('',*,*,#1966,.T.) ;
#2312=ORIENTED_EDGE('',*,*,#1928,.F.) ;
#2313=ORIENTED_EDGE('',*,*,#1904,.T.) ;
#2314=ORIENTED_EDGE('',*,*,#1866,.F.) ;
#2315=ORIENTED_EDGE('',*,*,#1842,.F.) ;
#2316=ORIENTED_EDGE('',*,*,#1781,.F.) ;
#2317=ORIENTED_EDGE('',*,*,#1814,.F.) ;
#2318=ORIENTED_EDGE('',*,*,#2262,.T.) ;
#2319=ORIENTED_EDGE('',*,*,#2269,.F.) ;
#2320=ORIENTED_EDGE('',*,*,#2276,.T.) ;
#2321=ORIENTED_EDGE('',*,*,#2283,.F.) ;
#2322=ORIENTED_EDGE('',*,*,#2290,.T.) ;
#2323=ORIENTED_EDGE('',*,*,#2297,.F.) ;
#2324=ORIENTED_EDGE('',*,*,#2302,.T.) ;
#2325=ORIENTED_EDGE('',*,*,#1739,.F.) ;
#2482=ORIENTED_EDGE('',*,*,#2335,.F.) ;
#2483=ORIENTED_EDGE('',*,*,#2342,.T.) ;
#2484=ORIENTED_EDGE('',*,*,#2349,.F.) ;
#2485=ORIENTED_EDGE('',*,*,#2356,.T.) ;
#2486=ORIENTED_EDGE('',*,*,#2363,.T.) ;
#2487=ORIENTED_EDGE('',*,*,#2370,.T.) ;
#2488=ORIENTED_EDGE('',*,*,#2377,.F.) ;
#2489=ORIENTED_EDGE('',*,*,#2384,.T.) ;
#2490=ORIENTED_EDGE('',*,*,#2391,.F.) ;
#2491=ORIENTED_EDGE('',*,*,#2398,.T.) ;
#2492=ORIENTED_EDGE('',*,*,#2405,.T.) ;
#2493=ORIENTED_EDGE('',*,*,#2412,.T.) ;
#2494=ORIENTED_EDGE('',*,*,#2419,.F.) ;
#2495=ORIENTED_EDGE('',*,*,#2426,.T.) ;
#2496=ORIENTED_EDGE('',*,*,#2433,.F.) ;
#2497=ORIENTED_EDGE('',*,*,#2440,.T.) ;
#2498=ORIENTED_EDGE('',*,*,#2447,.F.) ;
#2499=ORIENTED_EDGE('',*,*,#2454,.T.) ;
#2500=ORIENTED_EDGE('',*,*,#2461,.F.) ;
#2501=ORIENTED_EDGE('',*,*,#2468,.T.) ;
#2502=ORIENTED_EDGE('',*,*,#2475,.T.) ;
#2503=ORIENTED_EDGE('',*,*,#2480,.T.) ;
#2520=ORIENTED_EDGE('',*,*,#2513,.T.) ;
#2521=ORIENTED_EDGE('',*,*,#2518,.T.) ;
#2538=ORIENTED_EDGE('',*,*,#2531,.T.) ;
#2539=ORIENTED_EDGE('',*,*,#2536,.T.) ;
#2556=ORIENTED_EDGE('',*,*,#2549,.T.) ;
#2557=ORIENTED_EDGE('',*,*,#2554,.T.) ;
#2574=ORIENTED_EDGE('',*,*,#2567,.T.) ;
#2575=ORIENTED_EDGE('',*,*,#2572,.T.) ;
#2634=ORIENTED_EDGE('',*,*,#2585,.T.) ;
#2635=ORIENTED_EDGE('',*,*,#2592,.F.) ;
#2636=ORIENTED_EDGE('',*,*,#2599,.T.) ;
#2637=ORIENTED_EDGE('',*,*,#2606,.T.) ;
#2638=ORIENTED_EDGE('',*,*,#2613,.T.) ;
#2639=ORIENTED_EDGE('',*,*,#2620,.F.) ;
#2640=ORIENTED_EDGE('',*,*,#2627,.T.) ;
#2641=ORIENTED_EDGE('',*,*,#2632,.T.) ;
#2700=ORIENTED_EDGE('',*,*,#2651,.T.) ;
#2701=ORIENTED_EDGE('',*,*,#2658,.T.) ;
#2702=ORIENTED_EDGE('',*,*,#2665,.T.) ;
#2703=ORIENTED_EDGE('',*,*,#2672,.T.) ;
#2704=ORIENTED_EDGE('',*,*,#2679,.T.) ;
#2705=ORIENTED_EDGE('',*,*,#2686,.T.) ;
#2706=ORIENTED_EDGE('',*,*,#2693,.T.) ;
#2707=ORIENTED_EDGE('',*,*,#2698,.T.) ;
#2724=ORIENTED_EDGE('',*,*,#2717,.T.) ;
#2725=ORIENTED_EDGE('',*,*,#2722,.T.) ;
#2742=ORIENTED_EDGE('',*,*,#2735,.T.) ;
#2743=ORIENTED_EDGE('',*,*,#2740,.T.) ;
#2760=ORIENTED_EDGE('',*,*,#2753,.T.) ;
#2761=ORIENTED_EDGE('',*,*,#2758,.T.) ;
#2778=ORIENTED_EDGE('',*,*,#2771,.T.) ;
#2779=ORIENTED_EDGE('',*,*,#2776,.T.) ;
#2807=ORIENTED_EDGE('',*,*,#2793,.T.) ;
#2808=ORIENTED_EDGE('',*,*,#2170,.T.) ;
#2809=ORIENTED_EDGE('',*,*,#2800,.F.) ;
#2810=ORIENTED_EDGE('',*,*,#2805,.F.) ;
#2847=ORIENTED_EDGE('',*,*,#2826,.T.) ;
#2848=ORIENTED_EDGE('',*,*,#2833,.F.) ;
#2849=ORIENTED_EDGE('',*,*,#2840,.F.) ;
#2850=ORIENTED_EDGE('',*,*,#2845,.T.) ;
#2878=ORIENTED_EDGE('',*,*,#2845,.F.) ;
#2879=ORIENTED_EDGE('',*,*,#2864,.F.) ;
#2880=ORIENTED_EDGE('',*,*,#2871,.T.) ;
#2881=ORIENTED_EDGE('',*,*,#2876,.F.) ;
#2972=ORIENTED_EDGE('',*,*,#2897,.T.) ;
#2973=ORIENTED_EDGE('',*,*,#2904,.T.) ;
#2974=ORIENTED_EDGE('',*,*,#2911,.T.) ;
#2975=ORIENTED_EDGE('',*,*,#2918,.T.) ;
#2976=ORIENTED_EDGE('',*,*,#2923,.T.) ;
#2977=ORIENTED_EDGE('',*,*,#750,.T.) ;
#2978=ORIENTED_EDGE('',*,*,#698,.T.) ;
#2979=ORIENTED_EDGE('',*,*,#2930,.F.) ;
#2980=ORIENTED_EDGE('',*,*,#2937,.F.) ;
#2981=ORIENTED_EDGE('',*,*,#2944,.F.) ;
#2982=ORIENTED_EDGE('',*,*,#2951,.F.) ;
#2983=ORIENTED_EDGE('',*,*,#2958,.F.) ;
#2984=ORIENTED_EDGE('',*,*,#2965,.F.) ;
#2985=ORIENTED_EDGE('',*,*,#2970,.F.) ;
#3008=ORIENTED_EDGE('',*,*,#2970,.T.) ;
#3009=ORIENTED_EDGE('',*,*,#2994,.F.) ;
#3010=ORIENTED_EDGE('',*,*,#3001,.F.) ;
#3011=ORIENTED_EDGE('',*,*,#3006,.T.) ;
#3032=ORIENTED_EDGE('',*,*,#3006,.F.) ;
#3033=ORIENTED_EDGE('',*,*,#3025,.F.) ;
#3034=ORIENTED_EDGE('',*,*,#3030,.T.) ;
#3035=ORIENTED_EDGE('',*,*,#2897,.F.) ;
#3117=ORIENTED_EDGE('',*,*,#3025,.T.) ;
#3118=ORIENTED_EDGE('',*,*,#3001,.T.) ;
#3119=ORIENTED_EDGE('',*,*,#3049,.F.) ;
#3120=ORIENTED_EDGE('',*,*,#3056,.T.) ;
#3121=ORIENTED_EDGE('',*,*,#3063,.T.) ;
#3122=ORIENTED_EDGE('',*,*,#3070,.T.) ;
#3123=ORIENTED_EDGE('',*,*,#3077,.T.) ;
#3124=ORIENTED_EDGE('',*,*,#3084,.T.) ;
#3125=ORIENTED_EDGE('',*,*,#3089,.F.) ;
#3126=ORIENTED_EDGE('',*,*,#726,.F.) ;
#3127=ORIENTED_EDGE('',*,*,#3096,.F.) ;
#3128=ORIENTED_EDGE('',*,*,#3103,.F.) ;
#3129=ORIENTED_EDGE('',*,*,#3110,.F.) ;
#3130=ORIENTED_EDGE('',*,*,#3115,.F.) ;
#3144=ORIENTED_EDGE('',*,*,#733,.T.) ;
#3145=ORIENTED_EDGE('',*,*,#3089,.T.) ;
#3146=ORIENTED_EDGE('',*,*,#3142,.F.) ;
#3147=ORIENTED_EDGE('',*,*,#2187,.F.) ;
#3161=ORIENTED_EDGE('',*,*,#3096,.T.) ;
#3162=ORIENTED_EDGE('',*,*,#719,.F.) ;
#3163=ORIENTED_EDGE('',*,*,#2923,.F.) ;
#3164=ORIENTED_EDGE('',*,*,#3159,.T.) ;
#3178=ORIENTED_EDGE('',*,*,#3115,.T.) ;
#3179=ORIENTED_EDGE('',*,*,#3176,.F.) ;
#3180=ORIENTED_EDGE('',*,*,#2904,.F.) ;
#3181=ORIENTED_EDGE('',*,*,#3030,.F.) ;
#3195=ORIENTED_EDGE('',*,*,#3110,.T.) ;
#3196=ORIENTED_EDGE('',*,*,#3193,.F.) ;
#3197=ORIENTED_EDGE('',*,*,#2911,.F.) ;
#3198=ORIENTED_EDGE('',*,*,#3176,.T.) ;
#3207=ORIENTED_EDGE('',*,*,#3103,.T.) ;
#3208=ORIENTED_EDGE('',*,*,#3159,.F.) ;
#3209=ORIENTED_EDGE('',*,*,#2918,.F.) ;
#3210=ORIENTED_EDGE('',*,*,#3193,.T.) ;
#3242=ORIENTED_EDGE('',*,*,#3221,.T.) ;
#3243=ORIENTED_EDGE('',*,*,#3228,.F.) ;
#3244=ORIENTED_EDGE('',*,*,#3235,.F.) ;
#3245=ORIENTED_EDGE('',*,*,#3240,.T.) ;
#3259=ORIENTED_EDGE('',*,*,#3252,.T.) ;
#3260=ORIENTED_EDGE('',*,*,#3240,.F.) ;
#3261=ORIENTED_EDGE('',*,*,#3257,.F.) ;
#3262=ORIENTED_EDGE('',*,*,#2871,.F.) ;
#3285=ORIENTED_EDGE('',*,*,#3271,.T.) ;
#3286=ORIENTED_EDGE('',*,*,#3278,.F.) ;
#3287=ORIENTED_EDGE('',*,*,#3283,.F.) ;
#3288=ORIENTED_EDGE('',*,*,#3228,.T.) ;
#3311=ORIENTED_EDGE('',*,*,#3297,.T.) ;
#3312=ORIENTED_EDGE('',*,*,#3304,.F.) ;
#3313=ORIENTED_EDGE('',*,*,#3309,.F.) ;
#3314=ORIENTED_EDGE('',*,*,#3278,.T.) ;
#3368=ORIENTED_EDGE('',*,*,#3257,.T.) ;
#3369=ORIENTED_EDGE('',*,*,#3235,.T.) ;
#3370=ORIENTED_EDGE('',*,*,#3283,.T.) ;
#3371=ORIENTED_EDGE('',*,*,#3309,.T.) ;
#3372=ORIENTED_EDGE('',*,*,#3326,.T.) ;
#3373=ORIENTED_EDGE('',*,*,#2805,.T.) ;
#3374=ORIENTED_EDGE('',*,*,#3333,.F.) ;
#3375=ORIENTED_EDGE('',*,*,#3340,.F.) ;
#3376=ORIENTED_EDGE('',*,*,#3347,.F.) ;
#3377=ORIENTED_EDGE('',*,*,#3354,.F.) ;
#3378=ORIENTED_EDGE('',*,*,#3361,.F.) ;
#3379=ORIENTED_EDGE('',*,*,#3366,.F.) ;
#3380=ORIENTED_EDGE('',*,*,#2826,.F.) ;
#3381=ORIENTED_EDGE('',*,*,#2876,.T.) ;
#3390=ORIENTED_EDGE('',*,*,#3304,.T.) ;
#3391=ORIENTED_EDGE('',*,*,#3388,.T.) ;
#3392=ORIENTED_EDGE('',*,*,#44,.F.) ;
#3393=ORIENTED_EDGE('',*,*,#208,.F.) ;
#3394=ORIENTED_EDGE('',*,*,#655,.T.) ;
#3395=ORIENTED_EDGE('',*,*,#2175,.F.) ;
#3396=ORIENTED_EDGE('',*,*,#2793,.F.) ;
#3397=ORIENTED_EDGE('',*,*,#3326,.F.) ;
#3446=ORIENTED_EDGE('',*,*,#2840,.T.) ;
#3447=ORIENTED_EDGE('',*,*,#3411,.F.) ;
#3448=ORIENTED_EDGE('',*,*,#3418,.T.) ;
#3449=ORIENTED_EDGE('',*,*,#3425,.T.) ;
#3450=ORIENTED_EDGE('',*,*,#3432,.T.) ;
#3451=ORIENTED_EDGE('',*,*,#3439,.T.) ;
#3452=ORIENTED_EDGE('',*,*,#3444,.T.) ;
#3453=ORIENTED_EDGE('',*,*,#51,.F.) ;
#3454=ORIENTED_EDGE('',*,*,#3388,.F.) ;
#3455=ORIENTED_EDGE('',*,*,#3297,.F.) ;
#3456=ORIENTED_EDGE('',*,*,#3271,.F.) ;
#3457=ORIENTED_EDGE('',*,*,#3221,.F.) ;
#3458=ORIENTED_EDGE('',*,*,#3252,.F.) ;
#3459=ORIENTED_EDGE('',*,*,#2864,.T.) ;
#3478=ORIENTED_EDGE('',*,*,#2156,.T.) ;
#3479=ORIENTED_EDGE('',*,*,#3471,.F.) ;
#3480=ORIENTED_EDGE('',*,*,#222,.T.) ;
#3481=ORIENTED_EDGE('',*,*,#3476,.T.) ;
#3500=ORIENTED_EDGE('',*,*,#2930,.T.) ;
#3501=ORIENTED_EDGE('',*,*,#693,.T.) ;
#3502=ORIENTED_EDGE('',*,*,#119,.T.) ;
#3503=ORIENTED_EDGE('',*,*,#3493,.F.) ;
#3504=ORIENTED_EDGE('',*,*,#2194,.T.) ;
#3505=ORIENTED_EDGE('',*,*,#3142,.T.) ;
#3506=ORIENTED_EDGE('',*,*,#3084,.F.) ;
#3507=ORIENTED_EDGE('',*,*,#3498,.F.) ;
#3521=ORIENTED_EDGE('',*,*,#112,.T.) ;
#3522=ORIENTED_EDGE('',*,*,#3519,.F.) ;
#3523=ORIENTED_EDGE('',*,*,#2201,.T.) ;
#3524=ORIENTED_EDGE('',*,*,#3493,.T.) ;
#3533=ORIENTED_EDGE('',*,*,#105,.F.) ;
#3534=ORIENTED_EDGE('',*,*,#3531,.F.) ;
#3535=ORIENTED_EDGE('',*,*,#2208,.T.) ;
#3536=ORIENTED_EDGE('',*,*,#3519,.T.) ;
#3550=ORIENTED_EDGE('',*,*,#3548,.F.) ;
#3551=ORIENTED_EDGE('',*,*,#2215,.T.) ;
#3552=ORIENTED_EDGE('',*,*,#3531,.T.) ;
#3553=ORIENTED_EDGE('',*,*,#98,.F.) ;
#3567=ORIENTED_EDGE('',*,*,#3565,.F.) ;
#3568=ORIENTED_EDGE('',*,*,#2222,.T.) ;
#3569=ORIENTED_EDGE('',*,*,#3548,.T.) ;
#3570=ORIENTED_EDGE('',*,*,#91,.F.) ;
#3612=ORIENTED_EDGE('',*,*,#2227,.T.) ;
#3613=ORIENTED_EDGE('',*,*,#3565,.T.) ;
#3614=ORIENTED_EDGE('',*,*,#84,.F.) ;
#3615=ORIENTED_EDGE('',*,*,#3584,.T.) ;
#3616=ORIENTED_EDGE('',*,*,#3591,.T.) ;
#3617=ORIENTED_EDGE('',*,*,#3598,.F.) ;
#3618=ORIENTED_EDGE('',*,*,#3605,.F.) ;
#3619=ORIENTED_EDGE('',*,*,#3610,.T.) ;
#3647=ORIENTED_EDGE('',*,*,#3598,.T.) ;
#3648=ORIENTED_EDGE('',*,*,#3633,.T.) ;
#3649=ORIENTED_EDGE('',*,*,#3640,.F.) ;
#3650=ORIENTED_EDGE('',*,*,#3645,.F.) ;
#3678=ORIENTED_EDGE('',*,*,#3664,.T.) ;
#3679=ORIENTED_EDGE('',*,*,#3640,.T.) ;
#3680=ORIENTED_EDGE('',*,*,#3671,.F.) ;
#3681=ORIENTED_EDGE('',*,*,#3676,.F.) ;
#3704=ORIENTED_EDGE('',*,*,#3690,.T.) ;
#3705=ORIENTED_EDGE('',*,*,#3676,.T.) ;
#3706=ORIENTED_EDGE('',*,*,#3697,.F.) ;
#3707=ORIENTED_EDGE('',*,*,#3702,.F.) ;
#3735=ORIENTED_EDGE('',*,*,#3721,.T.) ;
#3736=ORIENTED_EDGE('',*,*,#3702,.T.) ;
#3737=ORIENTED_EDGE('',*,*,#3728,.F.) ;
#3738=ORIENTED_EDGE('',*,*,#3733,.F.) ;
#3766=ORIENTED_EDGE('',*,*,#3752,.T.) ;
#3767=ORIENTED_EDGE('',*,*,#3733,.T.) ;
#3768=ORIENTED_EDGE('',*,*,#3759,.F.) ;
#3769=ORIENTED_EDGE('',*,*,#3764,.F.) ;
#3797=ORIENTED_EDGE('',*,*,#3764,.T.) ;
#3798=ORIENTED_EDGE('',*,*,#3783,.T.) ;
#3799=ORIENTED_EDGE('',*,*,#3790,.F.) ;
#3800=ORIENTED_EDGE('',*,*,#3795,.F.) ;
#3828=ORIENTED_EDGE('',*,*,#3790,.T.) ;
#3829=ORIENTED_EDGE('',*,*,#3814,.T.) ;
#3830=ORIENTED_EDGE('',*,*,#3821,.F.) ;
#3831=ORIENTED_EDGE('',*,*,#3826,.F.) ;
#3859=ORIENTED_EDGE('',*,*,#3845,.T.) ;
#3860=ORIENTED_EDGE('',*,*,#3821,.T.) ;
#3861=ORIENTED_EDGE('',*,*,#3852,.F.) ;
#3862=ORIENTED_EDGE('',*,*,#3857,.F.) ;
#3890=ORIENTED_EDGE('',*,*,#3857,.T.) ;
#3891=ORIENTED_EDGE('',*,*,#3876,.T.) ;
#3892=ORIENTED_EDGE('',*,*,#3883,.F.) ;
#3893=ORIENTED_EDGE('',*,*,#3888,.F.) ;
#3921=ORIENTED_EDGE('',*,*,#3907,.T.) ;
#3922=ORIENTED_EDGE('',*,*,#3883,.T.) ;
#3923=ORIENTED_EDGE('',*,*,#3914,.F.) ;
#3924=ORIENTED_EDGE('',*,*,#3919,.F.) ;
#3952=ORIENTED_EDGE('',*,*,#3938,.T.) ;
#3953=ORIENTED_EDGE('',*,*,#3919,.T.) ;
#3954=ORIENTED_EDGE('',*,*,#3945,.F.) ;
#3955=ORIENTED_EDGE('',*,*,#3950,.F.) ;
#3983=ORIENTED_EDGE('',*,*,#3950,.T.) ;
#3984=ORIENTED_EDGE('',*,*,#3969,.T.) ;
#3985=ORIENTED_EDGE('',*,*,#3976,.F.) ;
#3986=ORIENTED_EDGE('',*,*,#3981,.F.) ;
#4009=ORIENTED_EDGE('',*,*,#3995,.T.) ;
#4010=ORIENTED_EDGE('',*,*,#3976,.T.) ;
#4011=ORIENTED_EDGE('',*,*,#4002,.F.) ;
#4012=ORIENTED_EDGE('',*,*,#4007,.F.) ;
#4040=ORIENTED_EDGE('',*,*,#4026,.T.) ;
#4041=ORIENTED_EDGE('',*,*,#4007,.T.) ;
#4042=ORIENTED_EDGE('',*,*,#4033,.F.) ;
#4043=ORIENTED_EDGE('',*,*,#4038,.F.) ;
#4066=ORIENTED_EDGE('',*,*,#4052,.T.) ;
#4067=ORIENTED_EDGE('',*,*,#4038,.T.) ;
#4068=ORIENTED_EDGE('',*,*,#4059,.F.) ;
#4069=ORIENTED_EDGE('',*,*,#4064,.F.) ;
#4097=ORIENTED_EDGE('',*,*,#4083,.T.) ;
#4098=ORIENTED_EDGE('',*,*,#4064,.T.) ;
#4099=ORIENTED_EDGE('',*,*,#4090,.F.) ;
#4100=ORIENTED_EDGE('',*,*,#4095,.F.) ;
#4123=ORIENTED_EDGE('',*,*,#4095,.T.) ;
#4124=ORIENTED_EDGE('',*,*,#4109,.T.) ;
#4125=ORIENTED_EDGE('',*,*,#4116,.F.) ;
#4126=ORIENTED_EDGE('',*,*,#4121,.F.) ;
#4154=ORIENTED_EDGE('',*,*,#4116,.T.) ;
#4155=ORIENTED_EDGE('',*,*,#4140,.T.) ;
#4156=ORIENTED_EDGE('',*,*,#4147,.F.) ;
#4157=ORIENTED_EDGE('',*,*,#4152,.F.) ;
#4195=ORIENTED_EDGE('',*,*,#4147,.T.) ;
#4196=ORIENTED_EDGE('',*,*,#4171,.F.) ;
#4197=ORIENTED_EDGE('',*,*,#4176,.F.) ;
#4198=ORIENTED_EDGE('',*,*,#243,.F.) ;
#4199=ORIENTED_EDGE('',*,*,#4181,.F.) ;
#4200=ORIENTED_EDGE('',*,*,#2135,.T.) ;
#4201=ORIENTED_EDGE('',*,*,#4188,.F.) ;
#4202=ORIENTED_EDGE('',*,*,#4193,.T.) ;
#4216=ORIENTED_EDGE('',*,*,#4214,.F.) ;
#4217=ORIENTED_EDGE('',*,*,#2142,.T.) ;
#4218=ORIENTED_EDGE('',*,*,#4181,.T.) ;
#4219=ORIENTED_EDGE('',*,*,#236,.F.) ;
#4223=ORIENTED_EDGE('',*,*,#2149,.F.) ;
#4224=ORIENTED_EDGE('',*,*,#4214,.T.) ;
#4225=ORIENTED_EDGE('',*,*,#229,.T.) ;
#4226=ORIENTED_EDGE('',*,*,#3471,.T.) ;
#4254=ORIENTED_EDGE('',*,*,#4242,.T.) ;
#4255=ORIENTED_EDGE('',*,*,#4247,.T.) ;
#4256=ORIENTED_EDGE('',*,*,#2447,.T.) ;
#4257=ORIENTED_EDGE('',*,*,#4252,.F.) ;
#4278=ORIENTED_EDGE('',*,*,#4271,.T.) ;
#4279=ORIENTED_EDGE('',*,*,#4276,.T.) ;
#4280=ORIENTED_EDGE('',*,*,#2454,.F.) ;
#4281=ORIENTED_EDGE('',*,*,#4247,.F.) ;
#4302=ORIENTED_EDGE('',*,*,#4295,.T.) ;
#4303=ORIENTED_EDGE('',*,*,#4300,.T.) ;
#4304=ORIENTED_EDGE('',*,*,#2461,.T.) ;
#4305=ORIENTED_EDGE('',*,*,#4276,.F.) ;
#4321=ORIENTED_EDGE('',*,*,#4314,.F.) ;
#4322=ORIENTED_EDGE('',*,*,#2468,.F.) ;
#4323=ORIENTED_EDGE('',*,*,#4300,.F.) ;
#4324=ORIENTED_EDGE('',*,*,#4319,.F.) ;
#4345=ORIENTED_EDGE('',*,*,#4338,.T.) ;
#4346=ORIENTED_EDGE('',*,*,#4343,.F.) ;
#4347=ORIENTED_EDGE('',*,*,#2475,.F.) ;
#4348=ORIENTED_EDGE('',*,*,#4314,.T.) ;
#4376=ORIENTED_EDGE('',*,*,#2480,.F.) ;
#4377=ORIENTED_EDGE('',*,*,#4343,.T.) ;
#4378=ORIENTED_EDGE('',*,*,#4362,.F.) ;
#4379=ORIENTED_EDGE('',*,*,#4369,.F.) ;
#4380=ORIENTED_EDGE('',*,*,#4374,.T.) ;
#4381=ORIENTED_EDGE('',*,*,#2335,.T.) ;
#4416=ORIENTED_EDGE('',*,*,#4395,.F.) ;
#4417=ORIENTED_EDGE('',*,*,#2398,.F.) ;
#4418=ORIENTED_EDGE('',*,*,#2391,.T.) ;
#4419=ORIENTED_EDGE('',*,*,#4402,.F.) ;
#4420=ORIENTED_EDGE('',*,*,#4409,.F.) ;
#4421=ORIENTED_EDGE('',*,*,#4414,.F.) ;
#4442=ORIENTED_EDGE('',*,*,#4435,.T.) ;
#4443=ORIENTED_EDGE('',*,*,#4440,.F.) ;
#4444=ORIENTED_EDGE('',*,*,#2405,.F.) ;
#4445=ORIENTED_EDGE('',*,*,#4395,.T.) ;
#4461=ORIENTED_EDGE('',*,*,#4454,.T.) ;
#4462=ORIENTED_EDGE('',*,*,#2412,.F.) ;
#4463=ORIENTED_EDGE('',*,*,#4440,.T.) ;
#4464=ORIENTED_EDGE('',*,*,#4459,.F.) ;
#4485=ORIENTED_EDGE('',*,*,#4478,.T.) ;
#4486=ORIENTED_EDGE('',*,*,#4483,.T.) ;
#4487=ORIENTED_EDGE('',*,*,#2419,.T.) ;
#4488=ORIENTED_EDGE('',*,*,#4454,.F.) ;
#4509=ORIENTED_EDGE('',*,*,#4502,.T.) ;
#4510=ORIENTED_EDGE('',*,*,#4507,.T.) ;
#4511=ORIENTED_EDGE('',*,*,#2426,.F.) ;
#4512=ORIENTED_EDGE('',*,*,#4483,.F.) ;
#4533=ORIENTED_EDGE('',*,*,#4526,.T.) ;
#4534=ORIENTED_EDGE('',*,*,#4531,.T.) ;
#4535=ORIENTED_EDGE('',*,*,#2433,.T.) ;
#4536=ORIENTED_EDGE('',*,*,#4507,.F.) ;
#4550=ORIENTED_EDGE('',*,*,#4548,.T.) ;
#4551=ORIENTED_EDGE('',*,*,#4252,.T.) ;
#4552=ORIENTED_EDGE('',*,*,#2440,.F.) ;
#4553=ORIENTED_EDGE('',*,*,#4531,.F.) ;
#4590=ORIENTED_EDGE('',*,*,#4569,.T.) ;
#4591=ORIENTED_EDGE('',*,*,#4576,.T.) ;
#4592=ORIENTED_EDGE('',*,*,#4583,.T.) ;
#4593=ORIENTED_EDGE('',*,*,#4588,.F.) ;
#4607=ORIENTED_EDGE('',*,*,#4600,.T.) ;
#4608=ORIENTED_EDGE('',*,*,#4588,.T.) ;
#4609=ORIENTED_EDGE('',*,*,#4605,.T.) ;
#4610=ORIENTED_EDGE('',*,*,#4576,.F.) ;
#4647=ORIENTED_EDGE('',*,*,#4626,.T.) ;
#4648=ORIENTED_EDGE('',*,*,#4633,.T.) ;
#4649=ORIENTED_EDGE('',*,*,#4640,.T.) ;
#4650=ORIENTED_EDGE('',*,*,#4645,.F.) ;
#4664=ORIENTED_EDGE('',*,*,#4657,.T.) ;
#4665=ORIENTED_EDGE('',*,*,#4645,.T.) ;
#4666=ORIENTED_EDGE('',*,*,#4662,.T.) ;
#4667=ORIENTED_EDGE('',*,*,#4633,.F.) ;
#4681=ORIENTED_EDGE('',*,*,#3366,.T.) ;
#4682=ORIENTED_EDGE('',*,*,#4679,.F.) ;
#4683=ORIENTED_EDGE('',*,*,#3411,.T.) ;
#4684=ORIENTED_EDGE('',*,*,#2833,.T.) ;
#4698=ORIENTED_EDGE('',*,*,#2965,.T.) ;
#4699=ORIENTED_EDGE('',*,*,#4696,.F.) ;
#4700=ORIENTED_EDGE('',*,*,#3049,.T.) ;
#4701=ORIENTED_EDGE('',*,*,#2994,.T.) ;
#4715=ORIENTED_EDGE('',*,*,#4713,.F.) ;
#4716=ORIENTED_EDGE('',*,*,#2937,.T.) ;
#4717=ORIENTED_EDGE('',*,*,#3498,.T.) ;
#4718=ORIENTED_EDGE('',*,*,#3077,.F.) ;
#4732=ORIENTED_EDGE('',*,*,#4696,.T.) ;
#4733=ORIENTED_EDGE('',*,*,#2958,.T.) ;
#4734=ORIENTED_EDGE('',*,*,#4730,.T.) ;
#4735=ORIENTED_EDGE('',*,*,#3056,.F.) ;
#4749=ORIENTED_EDGE('',*,*,#4730,.F.) ;
#4750=ORIENTED_EDGE('',*,*,#2951,.T.) ;
#4751=ORIENTED_EDGE('',*,*,#4747,.T.) ;
#4752=ORIENTED_EDGE('',*,*,#3063,.F.) ;
#4756=ORIENTED_EDGE('',*,*,#4747,.F.) ;
#4757=ORIENTED_EDGE('',*,*,#2944,.T.) ;
#4758=ORIENTED_EDGE('',*,*,#4713,.T.) ;
#4759=ORIENTED_EDGE('',*,*,#3070,.F.) ;
#4773=ORIENTED_EDGE('',*,*,#4766,.F.) ;
#4774=ORIENTED_EDGE('',*,*,#3354,.T.) ;
#4775=ORIENTED_EDGE('',*,*,#4771,.T.) ;
#4776=ORIENTED_EDGE('',*,*,#3425,.F.) ;
#4780=ORIENTED_EDGE('',*,*,#4679,.T.) ;
#4781=ORIENTED_EDGE('',*,*,#3361,.T.) ;
#4782=ORIENTED_EDGE('',*,*,#4766,.T.) ;
#4783=ORIENTED_EDGE('',*,*,#3418,.F.) ;
#4792=ORIENTED_EDGE('',*,*,#4771,.F.) ;
#4793=ORIENTED_EDGE('',*,*,#3347,.T.) ;
#4794=ORIENTED_EDGE('',*,*,#4790,.T.) ;
#4795=ORIENTED_EDGE('',*,*,#3432,.F.) ;
#4804=ORIENTED_EDGE('',*,*,#4790,.F.) ;
#4805=ORIENTED_EDGE('',*,*,#3340,.T.) ;
#4806=ORIENTED_EDGE('',*,*,#4802,.T.) ;
#4807=ORIENTED_EDGE('',*,*,#3439,.F.) ;
#4811=ORIENTED_EDGE('',*,*,#3333,.T.) ;
#4812=ORIENTED_EDGE('',*,*,#2800,.T.) ;
#4813=ORIENTED_EDGE('',*,*,#2163,.T.) ;
#4814=ORIENTED_EDGE('',*,*,#3476,.F.) ;
#4815=ORIENTED_EDGE('',*,*,#215,.T.) ;
#4816=ORIENTED_EDGE('',*,*,#58,.T.) ;
#4817=ORIENTED_EDGE('',*,*,#3444,.F.) ;
#4818=ORIENTED_EDGE('',*,*,#4802,.F.) ;
#4855=ORIENTED_EDGE('',*,*,#4834,.F.) ;
#4856=ORIENTED_EDGE('',*,*,#4841,.F.) ;
#4857=ORIENTED_EDGE('',*,*,#4848,.T.) ;
#4858=ORIENTED_EDGE('',*,*,#4853,.T.) ;
#4880=ORIENTED_EDGE('',*,*,#4848,.F.) ;
#4881=ORIENTED_EDGE('',*,*,#4873,.F.) ;
#4882=ORIENTED_EDGE('',*,*,#4834,.T.) ;
#4883=ORIENTED_EDGE('',*,*,#4878,.T.) ;
#4921=ORIENTED_EDGE('',*,*,#4900,.F.) ;
#4922=ORIENTED_EDGE('',*,*,#4907,.F.) ;
#4923=ORIENTED_EDGE('',*,*,#4914,.T.) ;
#4924=ORIENTED_EDGE('',*,*,#4919,.T.) ;
#4939=ORIENTED_EDGE('',*,*,#4914,.F.) ;
#4940=ORIENTED_EDGE('',*,*,#4932,.F.) ;
#4941=ORIENTED_EDGE('',*,*,#4900,.T.) ;
#4942=ORIENTED_EDGE('',*,*,#4937,.T.) ;
#4980=ORIENTED_EDGE('',*,*,#4959,.F.) ;
#4981=ORIENTED_EDGE('',*,*,#4966,.F.) ;
#4982=ORIENTED_EDGE('',*,*,#4973,.T.) ;
#4983=ORIENTED_EDGE('',*,*,#4978,.T.) ;
#4998=ORIENTED_EDGE('',*,*,#4973,.F.) ;
#4999=ORIENTED_EDGE('',*,*,#4991,.F.) ;
#5000=ORIENTED_EDGE('',*,*,#4959,.T.) ;
#5001=ORIENTED_EDGE('',*,*,#4996,.T.) ;
#5039=ORIENTED_EDGE('',*,*,#5018,.F.) ;
#5040=ORIENTED_EDGE('',*,*,#5025,.F.) ;
#5041=ORIENTED_EDGE('',*,*,#5032,.T.) ;
#5042=ORIENTED_EDGE('',*,*,#5037,.T.) ;
#5057=ORIENTED_EDGE('',*,*,#5032,.F.) ;
#5058=ORIENTED_EDGE('',*,*,#5050,.F.) ;
#5059=ORIENTED_EDGE('',*,*,#5018,.T.) ;
#5060=ORIENTED_EDGE('',*,*,#5055,.T.) ;
#5098=ORIENTED_EDGE('',*,*,#5077,.F.) ;
#5099=ORIENTED_EDGE('',*,*,#5084,.F.) ;
#5100=ORIENTED_EDGE('',*,*,#5091,.T.) ;
#5101=ORIENTED_EDGE('',*,*,#5096,.T.) ;
#5116=ORIENTED_EDGE('',*,*,#5091,.F.) ;
#5117=ORIENTED_EDGE('',*,*,#5109,.F.) ;
#5118=ORIENTED_EDGE('',*,*,#5077,.T.) ;
#5119=ORIENTED_EDGE('',*,*,#5114,.T.) ;
#5157=ORIENTED_EDGE('',*,*,#5136,.F.) ;
#5158=ORIENTED_EDGE('',*,*,#5143,.F.) ;
#5159=ORIENTED_EDGE('',*,*,#5150,.T.) ;
#5160=ORIENTED_EDGE('',*,*,#5155,.T.) ;
#5175=ORIENTED_EDGE('',*,*,#5150,.F.) ;
#5176=ORIENTED_EDGE('',*,*,#5168,.F.) ;
#5177=ORIENTED_EDGE('',*,*,#5136,.T.) ;
#5178=ORIENTED_EDGE('',*,*,#5173,.T.) ;
#5216=ORIENTED_EDGE('',*,*,#5195,.F.) ;
#5217=ORIENTED_EDGE('',*,*,#5202,.F.) ;
#5218=ORIENTED_EDGE('',*,*,#5209,.T.) ;
#5219=ORIENTED_EDGE('',*,*,#5214,.T.) ;
#5234=ORIENTED_EDGE('',*,*,#5209,.F.) ;
#5235=ORIENTED_EDGE('',*,*,#5227,.F.) ;
#5236=ORIENTED_EDGE('',*,*,#5195,.T.) ;
#5237=ORIENTED_EDGE('',*,*,#5232,.T.) ;
#5275=ORIENTED_EDGE('',*,*,#5254,.F.) ;
#5276=ORIENTED_EDGE('',*,*,#5261,.F.) ;
#5277=ORIENTED_EDGE('',*,*,#5268,.T.) ;
#5278=ORIENTED_EDGE('',*,*,#5273,.T.) ;
#5293=ORIENTED_EDGE('',*,*,#5268,.F.) ;
#5294=ORIENTED_EDGE('',*,*,#5286,.F.) ;
#5295=ORIENTED_EDGE('',*,*,#5254,.T.) ;
#5296=ORIENTED_EDGE('',*,*,#5291,.T.) ;
#5334=ORIENTED_EDGE('',*,*,#5313,.F.) ;
#5335=ORIENTED_EDGE('',*,*,#5320,.F.) ;
#5336=ORIENTED_EDGE('',*,*,#5327,.T.) ;
#5337=ORIENTED_EDGE('',*,*,#5332,.T.) ;
#5352=ORIENTED_EDGE('',*,*,#5327,.F.) ;
#5353=ORIENTED_EDGE('',*,*,#5345,.F.) ;
#5354=ORIENTED_EDGE('',*,*,#5313,.T.) ;
#5355=ORIENTED_EDGE('',*,*,#5350,.T.) ;
#5393=ORIENTED_EDGE('',*,*,#5372,.F.) ;
#5394=ORIENTED_EDGE('',*,*,#5379,.F.) ;
#5395=ORIENTED_EDGE('',*,*,#5386,.T.) ;
#5396=ORIENTED_EDGE('',*,*,#5391,.T.) ;
#5411=ORIENTED_EDGE('',*,*,#5386,.F.) ;
#5412=ORIENTED_EDGE('',*,*,#5404,.F.) ;
#5413=ORIENTED_EDGE('',*,*,#5372,.T.) ;
#5414=ORIENTED_EDGE('',*,*,#5409,.T.) ;
#5452=ORIENTED_EDGE('',*,*,#5431,.F.) ;
#5453=ORIENTED_EDGE('',*,*,#5438,.F.) ;
#5454=ORIENTED_EDGE('',*,*,#5445,.T.) ;
#5455=ORIENTED_EDGE('',*,*,#5450,.T.) ;
#5470=ORIENTED_EDGE('',*,*,#5445,.F.) ;
#5471=ORIENTED_EDGE('',*,*,#5463,.F.) ;
#5472=ORIENTED_EDGE('',*,*,#5431,.T.) ;
#5473=ORIENTED_EDGE('',*,*,#5468,.T.) ;
#5511=ORIENTED_EDGE('',*,*,#5490,.F.) ;
#5512=ORIENTED_EDGE('',*,*,#5497,.F.) ;
#5513=ORIENTED_EDGE('',*,*,#5504,.T.) ;
#5514=ORIENTED_EDGE('',*,*,#5509,.T.) ;
#5529=ORIENTED_EDGE('',*,*,#5504,.F.) ;
#5530=ORIENTED_EDGE('',*,*,#5522,.F.) ;
#5531=ORIENTED_EDGE('',*,*,#5490,.T.) ;
#5532=ORIENTED_EDGE('',*,*,#5527,.T.) ;
#5570=ORIENTED_EDGE('',*,*,#5549,.F.) ;
#5571=ORIENTED_EDGE('',*,*,#5556,.F.) ;
#5572=ORIENTED_EDGE('',*,*,#5563,.T.) ;
#5573=ORIENTED_EDGE('',*,*,#5568,.T.) ;
#5588=ORIENTED_EDGE('',*,*,#5563,.F.) ;
#5589=ORIENTED_EDGE('',*,*,#5581,.F.) ;
#5590=ORIENTED_EDGE('',*,*,#5549,.T.) ;
#5591=ORIENTED_EDGE('',*,*,#5586,.T.) ;
#5629=ORIENTED_EDGE('',*,*,#5608,.F.) ;
#5630=ORIENTED_EDGE('',*,*,#5615,.F.) ;
#5631=ORIENTED_EDGE('',*,*,#5622,.T.) ;
#5632=ORIENTED_EDGE('',*,*,#5627,.T.) ;
#5647=ORIENTED_EDGE('',*,*,#5622,.F.) ;
#5648=ORIENTED_EDGE('',*,*,#5640,.F.) ;
#5649=ORIENTED_EDGE('',*,*,#5608,.T.) ;
#5650=ORIENTED_EDGE('',*,*,#5645,.T.) ;
#5688=ORIENTED_EDGE('',*,*,#5667,.F.) ;
#5689=ORIENTED_EDGE('',*,*,#5674,.F.) ;
#5690=ORIENTED_EDGE('',*,*,#5681,.T.) ;
#5691=ORIENTED_EDGE('',*,*,#5686,.T.) ;
#5706=ORIENTED_EDGE('',*,*,#5681,.F.) ;
#5707=ORIENTED_EDGE('',*,*,#5699,.F.) ;
#5708=ORIENTED_EDGE('',*,*,#5667,.T.) ;
#5709=ORIENTED_EDGE('',*,*,#5704,.T.) ;
#5747=ORIENTED_EDGE('',*,*,#5726,.F.) ;
#5748=ORIENTED_EDGE('',*,*,#5733,.F.) ;
#5749=ORIENTED_EDGE('',*,*,#5740,.T.) ;
#5750=ORIENTED_EDGE('',*,*,#5745,.T.) ;
#5765=ORIENTED_EDGE('',*,*,#5740,.F.) ;
#5766=ORIENTED_EDGE('',*,*,#5758,.F.) ;
#5767=ORIENTED_EDGE('',*,*,#5726,.T.) ;
#5768=ORIENTED_EDGE('',*,*,#5763,.T.) ;
#5806=ORIENTED_EDGE('',*,*,#5785,.F.) ;
#5807=ORIENTED_EDGE('',*,*,#5792,.F.) ;
#5808=ORIENTED_EDGE('',*,*,#5799,.T.) ;
#5809=ORIENTED_EDGE('',*,*,#5804,.T.) ;
#5824=ORIENTED_EDGE('',*,*,#5799,.F.) ;
#5825=ORIENTED_EDGE('',*,*,#5817,.F.) ;
#5826=ORIENTED_EDGE('',*,*,#5785,.T.) ;
#5827=ORIENTED_EDGE('',*,*,#5822,.T.) ;
#5865=ORIENTED_EDGE('',*,*,#5844,.F.) ;
#5866=ORIENTED_EDGE('',*,*,#5851,.F.) ;
#5867=ORIENTED_EDGE('',*,*,#5858,.T.) ;
#5868=ORIENTED_EDGE('',*,*,#5863,.T.) ;
#5897=ORIENTED_EDGE('',*,*,#5883,.F.) ;
#5898=ORIENTED_EDGE('',*,*,#5890,.F.) ;
#5899=ORIENTED_EDGE('',*,*,#5895,.T.) ;
#5900=ORIENTED_EDGE('',*,*,#5844,.T.) ;
#5929=ORIENTED_EDGE('',*,*,#5917,.F.) ;
#5930=ORIENTED_EDGE('',*,*,#5922,.F.) ;
#5931=ORIENTED_EDGE('',*,*,#5890,.T.) ;
#5932=ORIENTED_EDGE('',*,*,#5927,.T.) ;
#5952=ORIENTED_EDGE('',*,*,#5945,.F.) ;
#5953=ORIENTED_EDGE('',*,*,#5858,.F.) ;
#5954=ORIENTED_EDGE('',*,*,#5950,.T.) ;
#5955=ORIENTED_EDGE('',*,*,#5917,.T.) ;
#5993=ORIENTED_EDGE('',*,*,#5972,.F.) ;
#5994=ORIENTED_EDGE('',*,*,#5979,.F.) ;
#5995=ORIENTED_EDGE('',*,*,#5986,.T.) ;
#5996=ORIENTED_EDGE('',*,*,#5991,.T.) ;
#6020=ORIENTED_EDGE('',*,*,#6006,.F.) ;
#6021=ORIENTED_EDGE('',*,*,#6013,.F.) ;
#6022=ORIENTED_EDGE('',*,*,#6018,.T.) ;
#6023=ORIENTED_EDGE('',*,*,#5972,.T.) ;
#6052=ORIENTED_EDGE('',*,*,#6040,.F.) ;
#6053=ORIENTED_EDGE('',*,*,#6045,.F.) ;
#6054=ORIENTED_EDGE('',*,*,#6013,.T.) ;
#6055=ORIENTED_EDGE('',*,*,#6050,.T.) ;
#6070=ORIENTED_EDGE('',*,*,#6063,.F.) ;
#6071=ORIENTED_EDGE('',*,*,#5986,.F.) ;
#6072=ORIENTED_EDGE('',*,*,#6068,.T.) ;
#6073=ORIENTED_EDGE('',*,*,#6040,.T.) ;
#6111=ORIENTED_EDGE('',*,*,#6090,.F.) ;
#6112=ORIENTED_EDGE('',*,*,#6097,.F.) ;
#6113=ORIENTED_EDGE('',*,*,#6104,.T.) ;
#6114=ORIENTED_EDGE('',*,*,#6109,.T.) ;
#6129=ORIENTED_EDGE('',*,*,#6104,.F.) ;
#6130=ORIENTED_EDGE('',*,*,#6122,.F.) ;
#6131=ORIENTED_EDGE('',*,*,#6090,.T.) ;
#6132=ORIENTED_EDGE('',*,*,#6127,.T.) ;
#6170=ORIENTED_EDGE('',*,*,#6149,.F.) ;
#6171=ORIENTED_EDGE('',*,*,#6156,.F.) ;
#6172=ORIENTED_EDGE('',*,*,#6163,.T.) ;
#6173=ORIENTED_EDGE('',*,*,#6168,.T.) ;
#6188=ORIENTED_EDGE('',*,*,#6163,.F.) ;
#6189=ORIENTED_EDGE('',*,*,#6181,.F.) ;
#6190=ORIENTED_EDGE('',*,*,#6149,.T.) ;
#6191=ORIENTED_EDGE('',*,*,#6186,.T.) ;
#6229=ORIENTED_EDGE('',*,*,#6208,.F.) ;
#6230=ORIENTED_EDGE('',*,*,#6215,.F.) ;
#6231=ORIENTED_EDGE('',*,*,#6222,.T.) ;
#6232=ORIENTED_EDGE('',*,*,#6227,.T.) ;
#6247=ORIENTED_EDGE('',*,*,#6222,.F.) ;
#6248=ORIENTED_EDGE('',*,*,#6240,.F.) ;
#6249=ORIENTED_EDGE('',*,*,#6208,.T.) ;
#6250=ORIENTED_EDGE('',*,*,#6245,.T.) ;
#6288=ORIENTED_EDGE('',*,*,#6267,.F.) ;
#6289=ORIENTED_EDGE('',*,*,#6274,.F.) ;
#6290=ORIENTED_EDGE('',*,*,#6281,.T.) ;
#6291=ORIENTED_EDGE('',*,*,#6286,.T.) ;
#6306=ORIENTED_EDGE('',*,*,#6281,.F.) ;
#6307=ORIENTED_EDGE('',*,*,#6299,.F.) ;
#6308=ORIENTED_EDGE('',*,*,#6267,.T.) ;
#6309=ORIENTED_EDGE('',*,*,#6304,.T.) ;
#6347=ORIENTED_EDGE('',*,*,#6326,.F.) ;
#6348=ORIENTED_EDGE('',*,*,#6333,.F.) ;
#6349=ORIENTED_EDGE('',*,*,#6340,.T.) ;
#6350=ORIENTED_EDGE('',*,*,#6345,.T.) ;
#6365=ORIENTED_EDGE('',*,*,#6340,.F.) ;
#6366=ORIENTED_EDGE('',*,*,#6358,.F.) ;
#6367=ORIENTED_EDGE('',*,*,#6326,.T.) ;
#6368=ORIENTED_EDGE('',*,*,#6363,.T.) ;
#6406=ORIENTED_EDGE('',*,*,#6385,.F.) ;
#6407=ORIENTED_EDGE('',*,*,#6392,.F.) ;
#6408=ORIENTED_EDGE('',*,*,#6399,.T.) ;
#6409=ORIENTED_EDGE('',*,*,#6404,.T.) ;
#6424=ORIENTED_EDGE('',*,*,#6399,.F.) ;
#6425=ORIENTED_EDGE('',*,*,#6417,.F.) ;
#6426=ORIENTED_EDGE('',*,*,#6385,.T.) ;
#6427=ORIENTED_EDGE('',*,*,#6422,.T.) ;
#6465=ORIENTED_EDGE('',*,*,#6444,.F.) ;
#6466=ORIENTED_EDGE('',*,*,#6451,.F.) ;
#6467=ORIENTED_EDGE('',*,*,#6458,.T.) ;
#6468=ORIENTED_EDGE('',*,*,#6463,.T.) ;
#6483=ORIENTED_EDGE('',*,*,#6458,.F.) ;
#6484=ORIENTED_EDGE('',*,*,#6476,.F.) ;
#6485=ORIENTED_EDGE('',*,*,#6444,.T.) ;
#6486=ORIENTED_EDGE('',*,*,#6481,.T.) ;
#6524=ORIENTED_EDGE('',*,*,#6503,.F.) ;
#6525=ORIENTED_EDGE('',*,*,#6510,.F.) ;
#6526=ORIENTED_EDGE('',*,*,#6517,.T.) ;
#6527=ORIENTED_EDGE('',*,*,#6522,.T.) ;
#6542=ORIENTED_EDGE('',*,*,#6517,.F.) ;
#6543=ORIENTED_EDGE('',*,*,#6535,.F.) ;
#6544=ORIENTED_EDGE('',*,*,#6503,.T.) ;
#6545=ORIENTED_EDGE('',*,*,#6540,.T.) ;
#6583=ORIENTED_EDGE('',*,*,#6562,.F.) ;
#6584=ORIENTED_EDGE('',*,*,#6569,.F.) ;
#6585=ORIENTED_EDGE('',*,*,#6576,.T.) ;
#6586=ORIENTED_EDGE('',*,*,#6581,.T.) ;
#6601=ORIENTED_EDGE('',*,*,#6576,.F.) ;
#6602=ORIENTED_EDGE('',*,*,#6594,.F.) ;
#6603=ORIENTED_EDGE('',*,*,#6562,.T.) ;
#6604=ORIENTED_EDGE('',*,*,#6599,.T.) ;
#6642=ORIENTED_EDGE('',*,*,#6621,.F.) ;
#6643=ORIENTED_EDGE('',*,*,#6628,.F.) ;
#6644=ORIENTED_EDGE('',*,*,#6635,.T.) ;
#6645=ORIENTED_EDGE('',*,*,#6640,.T.) ;
#6660=ORIENTED_EDGE('',*,*,#6635,.F.) ;
#6661=ORIENTED_EDGE('',*,*,#6653,.F.) ;
#6662=ORIENTED_EDGE('',*,*,#6621,.T.) ;
#6663=ORIENTED_EDGE('',*,*,#6658,.T.) ;
#6701=ORIENTED_EDGE('',*,*,#6680,.F.) ;
#6702=ORIENTED_EDGE('',*,*,#6687,.F.) ;
#6703=ORIENTED_EDGE('',*,*,#6694,.T.) ;
#6704=ORIENTED_EDGE('',*,*,#6699,.T.) ;
#6719=ORIENTED_EDGE('',*,*,#6694,.F.) ;
#6720=ORIENTED_EDGE('',*,*,#6712,.F.) ;
#6721=ORIENTED_EDGE('',*,*,#6680,.T.) ;
#6722=ORIENTED_EDGE('',*,*,#6717,.T.) ;
#6760=ORIENTED_EDGE('',*,*,#6739,.F.) ;
#6761=ORIENTED_EDGE('',*,*,#6746,.F.) ;
#6762=ORIENTED_EDGE('',*,*,#6753,.T.) ;
#6763=ORIENTED_EDGE('',*,*,#6758,.T.) ;
#6778=ORIENTED_EDGE('',*,*,#6753,.F.) ;
#6779=ORIENTED_EDGE('',*,*,#6771,.F.) ;
#6780=ORIENTED_EDGE('',*,*,#6739,.T.) ;
#6781=ORIENTED_EDGE('',*,*,#6776,.T.) ;
#6819=ORIENTED_EDGE('',*,*,#6798,.F.) ;
#6820=ORIENTED_EDGE('',*,*,#6805,.F.) ;
#6821=ORIENTED_EDGE('',*,*,#6812,.T.) ;
#6822=ORIENTED_EDGE('',*,*,#6817,.T.) ;
#6837=ORIENTED_EDGE('',*,*,#6812,.F.) ;
#6838=ORIENTED_EDGE('',*,*,#6830,.F.) ;
#6839=ORIENTED_EDGE('',*,*,#6798,.T.) ;
#6840=ORIENTED_EDGE('',*,*,#6835,.T.) ;
#6878=ORIENTED_EDGE('',*,*,#6857,.F.) ;
#6879=ORIENTED_EDGE('',*,*,#6864,.F.) ;
#6880=ORIENTED_EDGE('',*,*,#6871,.T.) ;
#6881=ORIENTED_EDGE('',*,*,#6876,.T.) ;
#6896=ORIENTED_EDGE('',*,*,#6871,.F.) ;
#6897=ORIENTED_EDGE('',*,*,#6889,.F.) ;
#6898=ORIENTED_EDGE('',*,*,#6857,.T.) ;
#6899=ORIENTED_EDGE('',*,*,#6894,.T.) ;
#6937=ORIENTED_EDGE('',*,*,#6916,.F.) ;
#6938=ORIENTED_EDGE('',*,*,#6923,.F.) ;
#6939=ORIENTED_EDGE('',*,*,#6930,.T.) ;
#6940=ORIENTED_EDGE('',*,*,#6935,.T.) ;
#6955=ORIENTED_EDGE('',*,*,#6930,.F.) ;
#6956=ORIENTED_EDGE('',*,*,#6948,.F.) ;
#6957=ORIENTED_EDGE('',*,*,#6916,.T.) ;
#6958=ORIENTED_EDGE('',*,*,#6953,.T.) ;
#6996=ORIENTED_EDGE('',*,*,#6975,.F.) ;
#6997=ORIENTED_EDGE('',*,*,#6982,.F.) ;
#6998=ORIENTED_EDGE('',*,*,#6989,.T.) ;
#6999=ORIENTED_EDGE('',*,*,#6994,.T.) ;
#7014=ORIENTED_EDGE('',*,*,#6989,.F.) ;
#7015=ORIENTED_EDGE('',*,*,#7007,.F.) ;
#7016=ORIENTED_EDGE('',*,*,#6975,.T.) ;
#7017=ORIENTED_EDGE('',*,*,#7012,.T.) ;
#7055=ORIENTED_EDGE('',*,*,#7034,.F.) ;
#7056=ORIENTED_EDGE('',*,*,#7041,.F.) ;
#7057=ORIENTED_EDGE('',*,*,#7048,.T.) ;
#7058=ORIENTED_EDGE('',*,*,#7053,.T.) ;
#7073=ORIENTED_EDGE('',*,*,#7048,.F.) ;
#7074=ORIENTED_EDGE('',*,*,#7066,.F.) ;
#7075=ORIENTED_EDGE('',*,*,#7034,.T.) ;
#7076=ORIENTED_EDGE('',*,*,#7071,.T.) ;
#7114=ORIENTED_EDGE('',*,*,#7093,.F.) ;
#7115=ORIENTED_EDGE('',*,*,#7100,.F.) ;
#7116=ORIENTED_EDGE('',*,*,#7107,.T.) ;
#7117=ORIENTED_EDGE('',*,*,#7112,.T.) ;
#7146=ORIENTED_EDGE('',*,*,#7107,.F.) ;
#7147=ORIENTED_EDGE('',*,*,#7132,.F.) ;
#7148=ORIENTED_EDGE('',*,*,#7139,.T.) ;
#7149=ORIENTED_EDGE('',*,*,#7144,.T.) ;
#7178=ORIENTED_EDGE('',*,*,#7139,.F.) ;
#7179=ORIENTED_EDGE('',*,*,#7164,.F.) ;
#7180=ORIENTED_EDGE('',*,*,#7171,.T.) ;
#7181=ORIENTED_EDGE('',*,*,#7176,.T.) ;
#7201=ORIENTED_EDGE('',*,*,#7171,.F.) ;
#7202=ORIENTED_EDGE('',*,*,#7194,.F.) ;
#7203=ORIENTED_EDGE('',*,*,#7093,.T.) ;
#7204=ORIENTED_EDGE('',*,*,#7199,.T.) ;
#7242=ORIENTED_EDGE('',*,*,#7221,.F.) ;
#7243=ORIENTED_EDGE('',*,*,#7228,.F.) ;
#7244=ORIENTED_EDGE('',*,*,#7235,.T.) ;
#7245=ORIENTED_EDGE('',*,*,#7240,.T.) ;
#7269=ORIENTED_EDGE('',*,*,#7235,.F.) ;
#7270=ORIENTED_EDGE('',*,*,#7255,.F.) ;
#7271=ORIENTED_EDGE('',*,*,#7262,.T.) ;
#7272=ORIENTED_EDGE('',*,*,#7267,.T.) ;
#7301=ORIENTED_EDGE('',*,*,#7262,.F.) ;
#7302=ORIENTED_EDGE('',*,*,#7287,.F.) ;
#7303=ORIENTED_EDGE('',*,*,#7294,.T.) ;
#7304=ORIENTED_EDGE('',*,*,#7299,.T.) ;
#7319=ORIENTED_EDGE('',*,*,#7294,.F.) ;
#7320=ORIENTED_EDGE('',*,*,#7312,.F.) ;
#7321=ORIENTED_EDGE('',*,*,#7221,.T.) ;
#7322=ORIENTED_EDGE('',*,*,#7317,.T.) ;
#7351=ORIENTED_EDGE('',*,*,#334,.T.) ;
#7352=ORIENTED_EDGE('',*,*,#7337,.F.) ;
#7353=ORIENTED_EDGE('',*,*,#7344,.F.) ;
#7354=ORIENTED_EDGE('',*,*,#7349,.T.) ;
#7376=ORIENTED_EDGE('',*,*,#7369,.T.) ;
#7377=ORIENTED_EDGE('',*,*,#7374,.F.) ;
#7378=ORIENTED_EDGE('',*,*,#7337,.T.) ;
#7379=ORIENTED_EDGE('',*,*,#327,.T.) ;
#7408=ORIENTED_EDGE('',*,*,#7394,.T.) ;
#7409=ORIENTED_EDGE('',*,*,#416,.T.) ;
#7410=ORIENTED_EDGE('',*,*,#7401,.F.) ;
#7411=ORIENTED_EDGE('',*,*,#7406,.F.) ;
#7433=ORIENTED_EDGE('',*,*,#7426,.F.) ;
#7434=ORIENTED_EDGE('',*,*,#7431,.F.) ;
#7435=ORIENTED_EDGE('',*,*,#7401,.T.) ;
#7436=ORIENTED_EDGE('',*,*,#411,.F.) ;
#7458=ORIENTED_EDGE('',*,*,#7451,.F.) ;
#7459=ORIENTED_EDGE('',*,*,#7456,.F.) ;
#7460=ORIENTED_EDGE('',*,*,#7426,.T.) ;
#7461=ORIENTED_EDGE('',*,*,#404,.T.) ;
#7490=ORIENTED_EDGE('',*,*,#7476,.F.) ;
#7491=ORIENTED_EDGE('',*,*,#355,.T.) ;
#7492=ORIENTED_EDGE('',*,*,#7483,.F.) ;
#7493=ORIENTED_EDGE('',*,*,#7488,.F.) ;
#7515=ORIENTED_EDGE('',*,*,#348,.T.) ;
#7516=ORIENTED_EDGE('',*,*,#7508,.F.) ;
#7517=ORIENTED_EDGE('',*,*,#7513,.F.) ;
#7518=ORIENTED_EDGE('',*,*,#7483,.T.) ;
#7533=ORIENTED_EDGE('',*,*,#7349,.F.) ;
#7534=ORIENTED_EDGE('',*,*,#7531,.F.) ;
#7535=ORIENTED_EDGE('',*,*,#7508,.T.) ;
#7536=ORIENTED_EDGE('',*,*,#341,.F.) ;
#7580=ORIENTED_EDGE('',*,*,#7406,.T.) ;
#7581=ORIENTED_EDGE('',*,*,#7431,.T.) ;
#7582=ORIENTED_EDGE('',*,*,#7456,.T.) ;
#7583=ORIENTED_EDGE('',*,*,#7549,.F.) ;
#7584=ORIENTED_EDGE('',*,*,#4369,.T.) ;
#7585=ORIENTED_EDGE('',*,*,#4362,.T.) ;
#7586=ORIENTED_EDGE('',*,*,#4338,.F.) ;
#7587=ORIENTED_EDGE('',*,*,#4319,.T.) ;
#7588=ORIENTED_EDGE('',*,*,#4295,.F.) ;
#7589=ORIENTED_EDGE('',*,*,#4271,.F.) ;
#7590=ORIENTED_EDGE('',*,*,#4242,.F.) ;
#7591=ORIENTED_EDGE('',*,*,#4548,.F.) ;
#7592=ORIENTED_EDGE('',*,*,#4526,.F.) ;
#7593=ORIENTED_EDGE('',*,*,#4502,.F.) ;
#7594=ORIENTED_EDGE('',*,*,#4478,.F.) ;
#7595=ORIENTED_EDGE('',*,*,#4459,.T.) ;
#7596=ORIENTED_EDGE('',*,*,#4435,.F.) ;
#7597=ORIENTED_EDGE('',*,*,#4414,.T.) ;
#7598=ORIENTED_EDGE('',*,*,#4409,.T.) ;
#7599=ORIENTED_EDGE('',*,*,#7556,.F.) ;
#7600=ORIENTED_EDGE('',*,*,#7561,.T.) ;
#7601=ORIENTED_EDGE('',*,*,#7488,.T.) ;
#7602=ORIENTED_EDGE('',*,*,#7513,.T.) ;
#7603=ORIENTED_EDGE('',*,*,#7531,.T.) ;
#7604=ORIENTED_EDGE('',*,*,#7344,.T.) ;
#7605=ORIENTED_EDGE('',*,*,#7374,.T.) ;
#7606=ORIENTED_EDGE('',*,*,#7568,.T.) ;
#7607=ORIENTED_EDGE('',*,*,#7573,.F.) ;
#7608=ORIENTED_EDGE('',*,*,#1802,.T.) ;
#7609=ORIENTED_EDGE('',*,*,#1795,.T.) ;
#7610=ORIENTED_EDGE('',*,*,#1835,.F.) ;
#7611=ORIENTED_EDGE('',*,*,#1878,.T.) ;
#7612=ORIENTED_EDGE('',*,*,#1897,.F.) ;
#7613=ORIENTED_EDGE('',*,*,#1940,.T.) ;
#7614=ORIENTED_EDGE('',*,*,#1959,.F.) ;
#7615=ORIENTED_EDGE('',*,*,#1993,.T.) ;
#7616=ORIENTED_EDGE('',*,*,#1570,.F.) ;
#7617=ORIENTED_EDGE('',*,*,#1620,.T.) ;
#7618=ORIENTED_EDGE('',*,*,#1639,.F.) ;
#7619=ORIENTED_EDGE('',*,*,#1682,.T.) ;
#7620=ORIENTED_EDGE('',*,*,#1701,.F.) ;
#7621=ORIENTED_EDGE('',*,*,#1758,.T.) ;
#7622=ORIENTED_EDGE('',*,*,#1753,.T.) ;
#7623=ORIENTED_EDGE('',*,*,#7578,.F.) ;
#7626=ORIENTED_EDGE('',*,*,#2028,.F.) ;
#7627=ORIENTED_EDGE('',*,*,#2050,.F.) ;
#7630=ORIENTED_EDGE('',*,*,#2085,.F.) ;
#7631=ORIENTED_EDGE('',*,*,#2107,.F.) ;
#7634=ORIENTED_EDGE('',*,*,#4583,.F.) ;
#7635=ORIENTED_EDGE('',*,*,#4605,.F.) ;
#7638=ORIENTED_EDGE('',*,*,#4640,.F.) ;
#7639=ORIENTED_EDGE('',*,*,#4662,.F.) ;
#7668=ORIENTED_EDGE('',*,*,#2518,.F.) ;
#7669=ORIENTED_EDGE('',*,*,#7654,.F.) ;
#7670=ORIENTED_EDGE('',*,*,#7661,.F.) ;
#7671=ORIENTED_EDGE('',*,*,#7666,.T.) ;
#7681=ORIENTED_EDGE('',*,*,#2513,.F.) ;
#7682=ORIENTED_EDGE('',*,*,#7666,.F.) ;
#7683=ORIENTED_EDGE('',*,*,#7679,.F.) ;
#7684=ORIENTED_EDGE('',*,*,#7654,.T.) ;
#7694=ORIENTED_EDGE('',*,*,#7661,.T.) ;
#7695=ORIENTED_EDGE('',*,*,#7679,.T.) ;
#7698=ORIENTED_EDGE('',*,*,#4626,.F.) ;
#7699=ORIENTED_EDGE('',*,*,#4657,.F.) ;
#7728=ORIENTED_EDGE('',*,*,#2536,.F.) ;
#7729=ORIENTED_EDGE('',*,*,#7714,.F.) ;
#7730=ORIENTED_EDGE('',*,*,#7721,.F.) ;
#7731=ORIENTED_EDGE('',*,*,#7726,.T.) ;
#7741=ORIENTED_EDGE('',*,*,#2531,.F.) ;
#7742=ORIENTED_EDGE('',*,*,#7726,.F.) ;
#7743=ORIENTED_EDGE('',*,*,#7739,.F.) ;
#7744=ORIENTED_EDGE('',*,*,#7714,.T.) ;
#7749=ORIENTED_EDGE('',*,*,#7721,.T.) ;
#7750=ORIENTED_EDGE('',*,*,#7739,.T.) ;
#7753=ORIENTED_EDGE('',*,*,#2071,.F.) ;
#7754=ORIENTED_EDGE('',*,*,#2102,.F.) ;
#7783=ORIENTED_EDGE('',*,*,#2554,.F.) ;
#7784=ORIENTED_EDGE('',*,*,#7769,.F.) ;
#7785=ORIENTED_EDGE('',*,*,#7776,.F.) ;
#7786=ORIENTED_EDGE('',*,*,#7781,.T.) ;
#7796=ORIENTED_EDGE('',*,*,#2549,.F.) ;
#7797=ORIENTED_EDGE('',*,*,#7781,.F.) ;
#7798=ORIENTED_EDGE('',*,*,#7794,.F.) ;
#7799=ORIENTED_EDGE('',*,*,#7769,.T.) ;
#7804=ORIENTED_EDGE('',*,*,#7776,.T.) ;
#7805=ORIENTED_EDGE('',*,*,#7794,.T.) ;
#7808=ORIENTED_EDGE('',*,*,#4569,.F.) ;
#7809=ORIENTED_EDGE('',*,*,#4600,.F.) ;
#7838=ORIENTED_EDGE('',*,*,#2572,.F.) ;
#7839=ORIENTED_EDGE('',*,*,#7824,.F.) ;
#7840=ORIENTED_EDGE('',*,*,#7831,.F.) ;
#7841=ORIENTED_EDGE('',*,*,#7836,.T.) ;
#7851=ORIENTED_EDGE('',*,*,#2567,.F.) ;
#7852=ORIENTED_EDGE('',*,*,#7836,.F.) ;
#7853=ORIENTED_EDGE('',*,*,#7849,.F.) ;
#7854=ORIENTED_EDGE('',*,*,#7824,.T.) ;
#7859=ORIENTED_EDGE('',*,*,#7831,.T.) ;
#7860=ORIENTED_EDGE('',*,*,#7849,.T.) ;
#7863=ORIENTED_EDGE('',*,*,#2014,.F.) ;
#7864=ORIENTED_EDGE('',*,*,#2045,.F.) ;
#7879=ORIENTED_EDGE('',*,*,#7877,.F.) ;
#7880=ORIENTED_EDGE('',*,*,#1499,.F.) ;
#7881=ORIENTED_EDGE('',*,*,#175,.F.) ;
#7882=ORIENTED_EDGE('',*,*,#883,.F.) ;
#7892=ORIENTED_EDGE('',*,*,#7877,.T.) ;
#7893=ORIENTED_EDGE('',*,*,#878,.F.) ;
#7894=ORIENTED_EDGE('',*,*,#937,.T.) ;
#7895=ORIENTED_EDGE('',*,*,#968,.T.) ;
#7896=ORIENTED_EDGE('',*,*,#999,.T.) ;
#7897=ORIENTED_EDGE('',*,*,#1030,.T.) ;
#7898=ORIENTED_EDGE('',*,*,#1056,.F.) ;
#7899=ORIENTED_EDGE('',*,*,#1087,.F.) ;
#7900=ORIENTED_EDGE('',*,*,#1123,.T.) ;
#7901=ORIENTED_EDGE('',*,*,#1154,.T.) ;
#7902=ORIENTED_EDGE('',*,*,#1185,.T.) ;
#7903=ORIENTED_EDGE('',*,*,#1216,.T.) ;
#7904=ORIENTED_EDGE('',*,*,#1242,.F.) ;
#7905=ORIENTED_EDGE('',*,*,#1273,.F.) ;
#7906=ORIENTED_EDGE('',*,*,#1299,.F.) ;
#7907=ORIENTED_EDGE('',*,*,#1335,.T.) ;
#7908=ORIENTED_EDGE('',*,*,#1366,.T.) ;
#7909=ORIENTED_EDGE('',*,*,#1397,.T.) ;
#7910=ORIENTED_EDGE('',*,*,#1423,.T.) ;
#7911=ORIENTED_EDGE('',*,*,#1449,.F.) ;
#7912=ORIENTED_EDGE('',*,*,#1504,.F.) ;
#7915=ORIENTED_EDGE('',*,*,#6109,.F.) ;
#7916=ORIENTED_EDGE('',*,*,#6127,.F.) ;
#7919=ORIENTED_EDGE('',*,*,#6168,.F.) ;
#7920=ORIENTED_EDGE('',*,*,#6186,.F.) ;
#7923=ORIENTED_EDGE('',*,*,#6227,.F.) ;
#7924=ORIENTED_EDGE('',*,*,#6245,.F.) ;
#7927=ORIENTED_EDGE('',*,*,#6286,.F.) ;
#7928=ORIENTED_EDGE('',*,*,#6304,.F.) ;
#7931=ORIENTED_EDGE('',*,*,#6345,.F.) ;
#7932=ORIENTED_EDGE('',*,*,#6363,.F.) ;
#7935=ORIENTED_EDGE('',*,*,#6404,.F.) ;
#7936=ORIENTED_EDGE('',*,*,#6422,.F.) ;
#7939=ORIENTED_EDGE('',*,*,#6463,.F.) ;
#7940=ORIENTED_EDGE('',*,*,#6481,.F.) ;
#7943=ORIENTED_EDGE('',*,*,#6522,.F.) ;
#7944=ORIENTED_EDGE('',*,*,#6540,.F.) ;
#7947=ORIENTED_EDGE('',*,*,#6581,.F.) ;
#7948=ORIENTED_EDGE('',*,*,#6599,.F.) ;
#7951=ORIENTED_EDGE('',*,*,#6640,.F.) ;
#7952=ORIENTED_EDGE('',*,*,#6658,.F.) ;
#7955=ORIENTED_EDGE('',*,*,#6699,.F.) ;
#7956=ORIENTED_EDGE('',*,*,#6717,.F.) ;
#7959=ORIENTED_EDGE('',*,*,#6758,.F.) ;
#7960=ORIENTED_EDGE('',*,*,#6776,.F.) ;
#7963=ORIENTED_EDGE('',*,*,#6817,.F.) ;
#7964=ORIENTED_EDGE('',*,*,#6835,.F.) ;
#7967=ORIENTED_EDGE('',*,*,#6876,.F.) ;
#7968=ORIENTED_EDGE('',*,*,#6894,.F.) ;
#7971=ORIENTED_EDGE('',*,*,#6935,.F.) ;
#7972=ORIENTED_EDGE('',*,*,#6953,.F.) ;
#7975=ORIENTED_EDGE('',*,*,#6994,.F.) ;
#7976=ORIENTED_EDGE('',*,*,#7012,.F.) ;
#7979=ORIENTED_EDGE('',*,*,#7053,.F.) ;
#7980=ORIENTED_EDGE('',*,*,#7071,.F.) ;
#7983=ORIENTED_EDGE('',*,*,#7199,.F.) ;
#7984=ORIENTED_EDGE('',*,*,#7112,.F.) ;
#7985=ORIENTED_EDGE('',*,*,#7144,.F.) ;
#7986=ORIENTED_EDGE('',*,*,#7176,.F.) ;
#7989=ORIENTED_EDGE('',*,*,#7317,.F.) ;
#7990=ORIENTED_EDGE('',*,*,#7240,.F.) ;
#7991=ORIENTED_EDGE('',*,*,#7267,.F.) ;
#7992=ORIENTED_EDGE('',*,*,#7299,.F.) ;
#8007=ORIENTED_EDGE('',*,*,#1473,.T.) ;
#8008=ORIENTED_EDGE('',*,*,#1454,.T.) ;
#8009=ORIENTED_EDGE('',*,*,#1411,.F.) ;
#8010=ORIENTED_EDGE('',*,*,#1385,.F.) ;
#8011=ORIENTED_EDGE('',*,*,#1354,.F.) ;
#8012=ORIENTED_EDGE('',*,*,#1323,.F.) ;
#8013=ORIENTED_EDGE('',*,*,#1304,.T.) ;
#8014=ORIENTED_EDGE('',*,*,#1278,.T.) ;
#8015=ORIENTED_EDGE('',*,*,#1247,.T.) ;
#8016=ORIENTED_EDGE('',*,*,#1204,.F.) ;
#8017=ORIENTED_EDGE('',*,*,#1173,.F.) ;
#8018=ORIENTED_EDGE('',*,*,#1142,.F.) ;
#8019=ORIENTED_EDGE('',*,*,#1111,.F.) ;
#8020=ORIENTED_EDGE('',*,*,#1092,.T.) ;
#8021=ORIENTED_EDGE('',*,*,#1061,.T.) ;
#8022=ORIENTED_EDGE('',*,*,#1018,.F.) ;
#8023=ORIENTED_EDGE('',*,*,#987,.F.) ;
#8024=ORIENTED_EDGE('',*,*,#956,.F.) ;
#8025=ORIENTED_EDGE('',*,*,#925,.F.) ;
#8026=ORIENTED_EDGE('',*,*,#902,.T.) ;
#8027=ORIENTED_EDGE('',*,*,#8005,.F.) ;
#8030=ORIENTED_EDGE('',*,*,#6122,.T.) ;
#8031=ORIENTED_EDGE('',*,*,#6097,.T.) ;
#8034=ORIENTED_EDGE('',*,*,#6181,.T.) ;
#8035=ORIENTED_EDGE('',*,*,#6156,.T.) ;
#8038=ORIENTED_EDGE('',*,*,#6240,.T.) ;
#8039=ORIENTED_EDGE('',*,*,#6215,.T.) ;
#8042=ORIENTED_EDGE('',*,*,#6299,.T.) ;
#8043=ORIENTED_EDGE('',*,*,#6274,.T.) ;
#8046=ORIENTED_EDGE('',*,*,#6358,.T.) ;
#8047=ORIENTED_EDGE('',*,*,#6333,.T.) ;
#8050=ORIENTED_EDGE('',*,*,#6417,.T.) ;
#8051=ORIENTED_EDGE('',*,*,#6392,.T.) ;
#8054=ORIENTED_EDGE('',*,*,#6476,.T.) ;
#8055=ORIENTED_EDGE('',*,*,#6451,.T.) ;
#8058=ORIENTED_EDGE('',*,*,#6535,.T.) ;
#8059=ORIENTED_EDGE('',*,*,#6510,.T.) ;
#8062=ORIENTED_EDGE('',*,*,#6594,.T.) ;
#8063=ORIENTED_EDGE('',*,*,#6569,.T.) ;
#8066=ORIENTED_EDGE('',*,*,#6653,.T.) ;
#8067=ORIENTED_EDGE('',*,*,#6628,.T.) ;
#8070=ORIENTED_EDGE('',*,*,#6712,.T.) ;
#8071=ORIENTED_EDGE('',*,*,#6687,.T.) ;
#8074=ORIENTED_EDGE('',*,*,#6771,.T.) ;
#8075=ORIENTED_EDGE('',*,*,#6746,.T.) ;
#8078=ORIENTED_EDGE('',*,*,#6830,.T.) ;
#8079=ORIENTED_EDGE('',*,*,#6805,.T.) ;
#8082=ORIENTED_EDGE('',*,*,#6889,.T.) ;
#8083=ORIENTED_EDGE('',*,*,#6864,.T.) ;
#8086=ORIENTED_EDGE('',*,*,#6948,.T.) ;
#8087=ORIENTED_EDGE('',*,*,#6923,.T.) ;
#8090=ORIENTED_EDGE('',*,*,#7007,.T.) ;
#8091=ORIENTED_EDGE('',*,*,#6982,.T.) ;
#8094=ORIENTED_EDGE('',*,*,#7066,.T.) ;
#8095=ORIENTED_EDGE('',*,*,#7041,.T.) ;
#8098=ORIENTED_EDGE('',*,*,#7164,.T.) ;
#8099=ORIENTED_EDGE('',*,*,#7132,.T.) ;
#8100=ORIENTED_EDGE('',*,*,#7100,.T.) ;
#8101=ORIENTED_EDGE('',*,*,#7194,.T.) ;
#8104=ORIENTED_EDGE('',*,*,#7287,.T.) ;
#8105=ORIENTED_EDGE('',*,*,#7255,.T.) ;
#8106=ORIENTED_EDGE('',*,*,#7228,.T.) ;
#8107=ORIENTED_EDGE('',*,*,#7312,.T.) ;
#8112=ORIENTED_EDGE('',*,*,#8005,.T.) ;
#8113=ORIENTED_EDGE('',*,*,#897,.F.) ;
#8114=ORIENTED_EDGE('',*,*,#2180,.T.) ;
#8115=ORIENTED_EDGE('',*,*,#1480,.F.) ;
#8130=ORIENTED_EDGE('',*,*,#3584,.F.) ;
#8131=ORIENTED_EDGE('',*,*,#248,.T.) ;
#8132=ORIENTED_EDGE('',*,*,#4176,.T.) ;
#8133=ORIENTED_EDGE('',*,*,#8128,.T.) ;
#8138=ORIENTED_EDGE('',*,*,#8128,.F.) ;
#8139=ORIENTED_EDGE('',*,*,#4171,.T.) ;
#8140=ORIENTED_EDGE('',*,*,#4140,.F.) ;
#8141=ORIENTED_EDGE('',*,*,#4109,.F.) ;
#8142=ORIENTED_EDGE('',*,*,#4090,.T.) ;
#8143=ORIENTED_EDGE('',*,*,#4059,.T.) ;
#8144=ORIENTED_EDGE('',*,*,#4033,.T.) ;
#8145=ORIENTED_EDGE('',*,*,#4002,.T.) ;
#8146=ORIENTED_EDGE('',*,*,#3969,.F.) ;
#8147=ORIENTED_EDGE('',*,*,#3945,.T.) ;
#8148=ORIENTED_EDGE('',*,*,#3914,.T.) ;
#8149=ORIENTED_EDGE('',*,*,#3876,.F.) ;
#8150=ORIENTED_EDGE('',*,*,#3852,.T.) ;
#8151=ORIENTED_EDGE('',*,*,#3814,.F.) ;
#8152=ORIENTED_EDGE('',*,*,#3783,.F.) ;
#8153=ORIENTED_EDGE('',*,*,#3759,.T.) ;
#8154=ORIENTED_EDGE('',*,*,#3728,.T.) ;
#8155=ORIENTED_EDGE('',*,*,#3697,.T.) ;
#8156=ORIENTED_EDGE('',*,*,#3671,.T.) ;
#8157=ORIENTED_EDGE('',*,*,#3633,.F.) ;
#8158=ORIENTED_EDGE('',*,*,#3591,.F.) ;
#8161=ORIENTED_EDGE('',*,*,#4853,.F.) ;
#8162=ORIENTED_EDGE('',*,*,#4878,.F.) ;
#8165=ORIENTED_EDGE('',*,*,#4919,.F.) ;
#8166=ORIENTED_EDGE('',*,*,#4937,.F.) ;
#8169=ORIENTED_EDGE('',*,*,#4978,.F.) ;
#8170=ORIENTED_EDGE('',*,*,#4996,.F.) ;
#8173=ORIENTED_EDGE('',*,*,#5037,.F.) ;
#8174=ORIENTED_EDGE('',*,*,#5055,.F.) ;
#8177=ORIENTED_EDGE('',*,*,#5096,.F.) ;
#8178=ORIENTED_EDGE('',*,*,#5114,.F.) ;
#8181=ORIENTED_EDGE('',*,*,#5155,.F.) ;
#8182=ORIENTED_EDGE('',*,*,#5173,.F.) ;
#8185=ORIENTED_EDGE('',*,*,#5214,.F.) ;
#8186=ORIENTED_EDGE('',*,*,#5232,.F.) ;
#8189=ORIENTED_EDGE('',*,*,#5273,.F.) ;
#8190=ORIENTED_EDGE('',*,*,#5291,.F.) ;
#8193=ORIENTED_EDGE('',*,*,#5332,.F.) ;
#8194=ORIENTED_EDGE('',*,*,#5350,.F.) ;
#8197=ORIENTED_EDGE('',*,*,#5391,.F.) ;
#8198=ORIENTED_EDGE('',*,*,#5409,.F.) ;
#8201=ORIENTED_EDGE('',*,*,#5450,.F.) ;
#8202=ORIENTED_EDGE('',*,*,#5468,.F.) ;
#8205=ORIENTED_EDGE('',*,*,#5509,.F.) ;
#8206=ORIENTED_EDGE('',*,*,#5527,.F.) ;
#8209=ORIENTED_EDGE('',*,*,#5568,.F.) ;
#8210=ORIENTED_EDGE('',*,*,#5586,.F.) ;
#8213=ORIENTED_EDGE('',*,*,#5627,.F.) ;
#8214=ORIENTED_EDGE('',*,*,#5645,.F.) ;
#8217=ORIENTED_EDGE('',*,*,#5686,.F.) ;
#8218=ORIENTED_EDGE('',*,*,#5704,.F.) ;
#8221=ORIENTED_EDGE('',*,*,#5745,.F.) ;
#8222=ORIENTED_EDGE('',*,*,#5763,.F.) ;
#8225=ORIENTED_EDGE('',*,*,#5804,.F.) ;
#8226=ORIENTED_EDGE('',*,*,#5822,.F.) ;
#8229=ORIENTED_EDGE('',*,*,#5927,.F.) ;
#8230=ORIENTED_EDGE('',*,*,#5883,.T.) ;
#8231=ORIENTED_EDGE('',*,*,#5863,.F.) ;
#8232=ORIENTED_EDGE('',*,*,#5945,.T.) ;
#8235=ORIENTED_EDGE('',*,*,#6050,.F.) ;
#8236=ORIENTED_EDGE('',*,*,#6006,.T.) ;
#8237=ORIENTED_EDGE('',*,*,#5991,.F.) ;
#8238=ORIENTED_EDGE('',*,*,#6063,.T.) ;
#8248=ORIENTED_EDGE('',*,*,#3605,.T.) ;
#8249=ORIENTED_EDGE('',*,*,#3645,.T.) ;
#8250=ORIENTED_EDGE('',*,*,#3664,.F.) ;
#8251=ORIENTED_EDGE('',*,*,#3690,.F.) ;
#8252=ORIENTED_EDGE('',*,*,#3721,.F.) ;
#8253=ORIENTED_EDGE('',*,*,#3752,.F.) ;
#8254=ORIENTED_EDGE('',*,*,#3795,.T.) ;
#8255=ORIENTED_EDGE('',*,*,#3826,.T.) ;
#8256=ORIENTED_EDGE('',*,*,#3845,.F.) ;
#8257=ORIENTED_EDGE('',*,*,#3888,.T.) ;
#8258=ORIENTED_EDGE('',*,*,#3907,.F.) ;
#8259=ORIENTED_EDGE('',*,*,#3938,.F.) ;
#8260=ORIENTED_EDGE('',*,*,#3981,.T.) ;
#8261=ORIENTED_EDGE('',*,*,#3995,.F.) ;
#8262=ORIENTED_EDGE('',*,*,#4026,.F.) ;
#8263=ORIENTED_EDGE('',*,*,#4052,.F.) ;
#8264=ORIENTED_EDGE('',*,*,#4083,.F.) ;
#8265=ORIENTED_EDGE('',*,*,#4121,.T.) ;
#8266=ORIENTED_EDGE('',*,*,#4152,.T.) ;
#8267=ORIENTED_EDGE('',*,*,#4193,.F.) ;
#8268=ORIENTED_EDGE('',*,*,#8246,.T.) ;
#8271=ORIENTED_EDGE('',*,*,#4873,.T.) ;
#8272=ORIENTED_EDGE('',*,*,#4841,.T.) ;
#8275=ORIENTED_EDGE('',*,*,#4932,.T.) ;
#8276=ORIENTED_EDGE('',*,*,#4907,.T.) ;
#8279=ORIENTED_EDGE('',*,*,#4991,.T.) ;
#8280=ORIENTED_EDGE('',*,*,#4966,.T.) ;
#8283=ORIENTED_EDGE('',*,*,#5050,.T.) ;
#8284=ORIENTED_EDGE('',*,*,#5025,.T.) ;
#8287=ORIENTED_EDGE('',*,*,#5109,.T.) ;
#8288=ORIENTED_EDGE('',*,*,#5084,.T.) ;
#8291=ORIENTED_EDGE('',*,*,#5168,.T.) ;
#8292=ORIENTED_EDGE('',*,*,#5143,.T.) ;
#8295=ORIENTED_EDGE('',*,*,#5227,.T.) ;
#8296=ORIENTED_EDGE('',*,*,#5202,.T.) ;
#8299=ORIENTED_EDGE('',*,*,#5286,.T.) ;
#8300=ORIENTED_EDGE('',*,*,#5261,.T.) ;
#8303=ORIENTED_EDGE('',*,*,#5345,.T.) ;
#8304=ORIENTED_EDGE('',*,*,#5320,.T.) ;
#8307=ORIENTED_EDGE('',*,*,#5404,.T.) ;
#8308=ORIENTED_EDGE('',*,*,#5379,.T.) ;
#8311=ORIENTED_EDGE('',*,*,#5463,.T.) ;
#8312=ORIENTED_EDGE('',*,*,#5438,.T.) ;
#8315=ORIENTED_EDGE('',*,*,#5522,.T.) ;
#8316=ORIENTED_EDGE('',*,*,#5497,.T.) ;
#8319=ORIENTED_EDGE('',*,*,#5581,.T.) ;
#8320=ORIENTED_EDGE('',*,*,#5556,.T.) ;
#8323=ORIENTED_EDGE('',*,*,#5640,.T.) ;
#8324=ORIENTED_EDGE('',*,*,#5615,.T.) ;
#8327=ORIENTED_EDGE('',*,*,#5699,.T.) ;
#8328=ORIENTED_EDGE('',*,*,#5674,.T.) ;
#8331=ORIENTED_EDGE('',*,*,#5758,.T.) ;
#8332=ORIENTED_EDGE('',*,*,#5733,.T.) ;
#8335=ORIENTED_EDGE('',*,*,#5817,.T.) ;
#8336=ORIENTED_EDGE('',*,*,#5792,.T.) ;
#8339=ORIENTED_EDGE('',*,*,#5950,.F.) ;
#8340=ORIENTED_EDGE('',*,*,#5851,.T.) ;
#8341=ORIENTED_EDGE('',*,*,#5895,.F.) ;
#8342=ORIENTED_EDGE('',*,*,#5922,.T.) ;
#8345=ORIENTED_EDGE('',*,*,#6068,.F.) ;
#8346=ORIENTED_EDGE('',*,*,#5979,.T.) ;
#8347=ORIENTED_EDGE('',*,*,#6018,.F.) ;
#8348=ORIENTED_EDGE('',*,*,#6045,.T.) ;
#8353=ORIENTED_EDGE('',*,*,#4188,.T.) ;
#8354=ORIENTED_EDGE('',*,*,#2128,.F.) ;
#8355=ORIENTED_EDGE('',*,*,#3610,.F.) ;
#8356=ORIENTED_EDGE('',*,*,#8246,.F.) ;
#8376=ORIENTED_EDGE('',*,*,#8369,.T.) ;
#8377=ORIENTED_EDGE('',*,*,#2269,.T.) ;
#8378=ORIENTED_EDGE('',*,*,#8374,.F.) ;
#8379=ORIENTED_EDGE('',*,*,#7568,.F.) ;
#8380=ORIENTED_EDGE('',*,*,#7369,.F.) ;
#8381=ORIENTED_EDGE('',*,*,#320,.F.) ;
#8390=ORIENTED_EDGE('',*,*,#8374,.T.) ;
#8391=ORIENTED_EDGE('',*,*,#2262,.F.) ;
#8392=ORIENTED_EDGE('',*,*,#1809,.F.) ;
#8393=ORIENTED_EDGE('',*,*,#7573,.T.) ;
#8407=ORIENTED_EDGE('',*,*,#1746,.T.) ;
#8408=ORIENTED_EDGE('',*,*,#2302,.F.) ;
#8409=ORIENTED_EDGE('',*,*,#8405,.F.) ;
#8410=ORIENTED_EDGE('',*,*,#285,.T.) ;
#8411=ORIENTED_EDGE('',*,*,#7394,.F.) ;
#8412=ORIENTED_EDGE('',*,*,#7578,.T.) ;
#8426=ORIENTED_EDGE('',*,*,#8405,.T.) ;
#8427=ORIENTED_EDGE('',*,*,#2297,.T.) ;
#8428=ORIENTED_EDGE('',*,*,#8424,.F.) ;
#8429=ORIENTED_EDGE('',*,*,#292,.F.) ;
#8443=ORIENTED_EDGE('',*,*,#8424,.T.) ;
#8444=ORIENTED_EDGE('',*,*,#2290,.F.) ;
#8445=ORIENTED_EDGE('',*,*,#8441,.F.) ;
#8446=ORIENTED_EDGE('',*,*,#299,.T.) ;
#8460=ORIENTED_EDGE('',*,*,#8441,.T.) ;
#8461=ORIENTED_EDGE('',*,*,#2283,.T.) ;
#8462=ORIENTED_EDGE('',*,*,#8458,.F.) ;
#8463=ORIENTED_EDGE('',*,*,#306,.F.) ;
#8472=ORIENTED_EDGE('',*,*,#8458,.T.) ;
#8473=ORIENTED_EDGE('',*,*,#2276,.F.) ;
#8474=ORIENTED_EDGE('',*,*,#8369,.F.) ;
#8475=ORIENTED_EDGE('',*,*,#313,.T.) ;
#8494=ORIENTED_EDGE('',*,*,#8487,.T.) ;
#8495=ORIENTED_EDGE('',*,*,#2627,.F.) ;
#8496=ORIENTED_EDGE('',*,*,#8492,.F.) ;
#8497=ORIENTED_EDGE('',*,*,#454,.T.) ;
#8511=ORIENTED_EDGE('',*,*,#8492,.T.) ;
#8512=ORIENTED_EDGE('',*,*,#2620,.T.) ;
#8513=ORIENTED_EDGE('',*,*,#8509,.F.) ;
#8514=ORIENTED_EDGE('',*,*,#461,.F.) ;
#8528=ORIENTED_EDGE('',*,*,#8509,.T.) ;
#8529=ORIENTED_EDGE('',*,*,#2613,.F.) ;
#8530=ORIENTED_EDGE('',*,*,#8526,.F.) ;
#8531=ORIENTED_EDGE('',*,*,#468,.T.) ;
#8545=ORIENTED_EDGE('',*,*,#475,.T.) ;
#8546=ORIENTED_EDGE('',*,*,#8526,.T.) ;
#8547=ORIENTED_EDGE('',*,*,#2606,.F.) ;
#8548=ORIENTED_EDGE('',*,*,#8543,.F.) ;
#8562=ORIENTED_EDGE('',*,*,#8543,.T.) ;
#8563=ORIENTED_EDGE('',*,*,#2599,.F.) ;
#8564=ORIENTED_EDGE('',*,*,#8560,.F.) ;
#8565=ORIENTED_EDGE('',*,*,#482,.T.) ;
#8574=ORIENTED_EDGE('',*,*,#8560,.T.) ;
#8575=ORIENTED_EDGE('',*,*,#2592,.T.) ;
#8576=ORIENTED_EDGE('',*,*,#8572,.F.) ;
#8577=ORIENTED_EDGE('',*,*,#489,.F.) ;
#8591=ORIENTED_EDGE('',*,*,#8572,.T.) ;
#8592=ORIENTED_EDGE('',*,*,#2585,.F.) ;
#8593=ORIENTED_EDGE('',*,*,#8589,.F.) ;
#8594=ORIENTED_EDGE('',*,*,#494,.T.) ;
#8603=ORIENTED_EDGE('',*,*,#447,.T.) ;
#8604=ORIENTED_EDGE('',*,*,#8589,.T.) ;
#8605=ORIENTED_EDGE('',*,*,#2632,.F.) ;
#8606=ORIENTED_EDGE('',*,*,#8487,.F.) ;
#8625=ORIENTED_EDGE('',*,*,#8618,.T.) ;
#8626=ORIENTED_EDGE('',*,*,#2658,.F.) ;
#8627=ORIENTED_EDGE('',*,*,#8623,.F.) ;
#8628=ORIENTED_EDGE('',*,*,#555,.T.) ;
#8642=ORIENTED_EDGE('',*,*,#548,.T.) ;
#8643=ORIENTED_EDGE('',*,*,#8640,.T.) ;
#8644=ORIENTED_EDGE('',*,*,#2665,.F.) ;
#8645=ORIENTED_EDGE('',*,*,#8618,.F.) ;
#8659=ORIENTED_EDGE('',*,*,#8657,.T.) ;
#8660=ORIENTED_EDGE('',*,*,#2672,.F.) ;
#8661=ORIENTED_EDGE('',*,*,#8640,.F.) ;
#8662=ORIENTED_EDGE('',*,*,#541,.T.) ;
#8671=ORIENTED_EDGE('',*,*,#534,.T.) ;
#8672=ORIENTED_EDGE('',*,*,#8669,.T.) ;
#8673=ORIENTED_EDGE('',*,*,#2679,.F.) ;
#8674=ORIENTED_EDGE('',*,*,#8657,.F.) ;
#8688=ORIENTED_EDGE('',*,*,#8686,.T.) ;
#8689=ORIENTED_EDGE('',*,*,#2686,.F.) ;
#8690=ORIENTED_EDGE('',*,*,#8669,.F.) ;
#8691=ORIENTED_EDGE('',*,*,#527,.T.) ;
#8705=ORIENTED_EDGE('',*,*,#520,.T.) ;
#8706=ORIENTED_EDGE('',*,*,#8703,.T.) ;
#8707=ORIENTED_EDGE('',*,*,#2693,.F.) ;
#8708=ORIENTED_EDGE('',*,*,#8686,.F.) ;
#8722=ORIENTED_EDGE('',*,*,#8720,.T.) ;
#8723=ORIENTED_EDGE('',*,*,#2698,.F.) ;
#8724=ORIENTED_EDGE('',*,*,#8703,.F.) ;
#8725=ORIENTED_EDGE('',*,*,#513,.T.) ;
#8729=ORIENTED_EDGE('',*,*,#560,.T.) ;
#8730=ORIENTED_EDGE('',*,*,#8623,.T.) ;
#8731=ORIENTED_EDGE('',*,*,#2651,.F.) ;
#8732=ORIENTED_EDGE('',*,*,#8720,.F.) ;
#8746=ORIENTED_EDGE('',*,*,#8739,.T.) ;
#8747=ORIENTED_EDGE('',*,*,#2377,.T.) ;
#8748=ORIENTED_EDGE('',*,*,#8744,.F.) ;
#8749=ORIENTED_EDGE('',*,*,#362,.F.) ;
#8750=ORIENTED_EDGE('',*,*,#7476,.T.) ;
#8751=ORIENTED_EDGE('',*,*,#7561,.F.) ;
#8765=ORIENTED_EDGE('',*,*,#8744,.T.) ;
#8766=ORIENTED_EDGE('',*,*,#2370,.F.) ;
#8767=ORIENTED_EDGE('',*,*,#8763,.F.) ;
#8768=ORIENTED_EDGE('',*,*,#369,.T.) ;
#8777=ORIENTED_EDGE('',*,*,#4402,.T.) ;
#8778=ORIENTED_EDGE('',*,*,#2384,.F.) ;
#8779=ORIENTED_EDGE('',*,*,#8739,.F.) ;
#8780=ORIENTED_EDGE('',*,*,#7556,.T.) ;
#8794=ORIENTED_EDGE('',*,*,#376,.T.) ;
#8795=ORIENTED_EDGE('',*,*,#8763,.T.) ;
#8796=ORIENTED_EDGE('',*,*,#2363,.F.) ;
#8797=ORIENTED_EDGE('',*,*,#8792,.F.) ;
#8811=ORIENTED_EDGE('',*,*,#8809,.T.) ;
#8812=ORIENTED_EDGE('',*,*,#2342,.F.) ;
#8813=ORIENTED_EDGE('',*,*,#4374,.F.) ;
#8814=ORIENTED_EDGE('',*,*,#7549,.T.) ;
#8815=ORIENTED_EDGE('',*,*,#7451,.T.) ;
#8816=ORIENTED_EDGE('',*,*,#397,.T.) ;
#8825=ORIENTED_EDGE('',*,*,#8823,.T.) ;
#8826=ORIENTED_EDGE('',*,*,#2349,.T.) ;
#8827=ORIENTED_EDGE('',*,*,#8809,.F.) ;
#8828=ORIENTED_EDGE('',*,*,#390,.F.) ;
#8837=ORIENTED_EDGE('',*,*,#8792,.T.) ;
#8838=ORIENTED_EDGE('',*,*,#2356,.F.) ;
#8839=ORIENTED_EDGE('',*,*,#8823,.F.) ;
#8840=ORIENTED_EDGE('',*,*,#383,.T.) ;
#8859=ORIENTED_EDGE('',*,*,#579,.T.) ;
#8860=ORIENTED_EDGE('',*,*,#8852,.T.) ;
#8861=ORIENTED_EDGE('',*,*,#2717,.F.) ;
#8862=ORIENTED_EDGE('',*,*,#8857,.F.) ;
#8867=ORIENTED_EDGE('',*,*,#584,.T.) ;
#8868=ORIENTED_EDGE('',*,*,#8857,.T.) ;
#8869=ORIENTED_EDGE('',*,*,#2722,.F.) ;
#8870=ORIENTED_EDGE('',*,*,#8852,.F.) ;
#8890=ORIENTED_EDGE('',*,*,#597,.T.) ;
#8891=ORIENTED_EDGE('',*,*,#8883,.T.) ;
#8892=ORIENTED_EDGE('',*,*,#2735,.F.) ;
#8893=ORIENTED_EDGE('',*,*,#8888,.F.) ;
#8898=ORIENTED_EDGE('',*,*,#602,.T.) ;
#8899=ORIENTED_EDGE('',*,*,#8888,.T.) ;
#8900=ORIENTED_EDGE('',*,*,#2740,.F.) ;
#8901=ORIENTED_EDGE('',*,*,#8883,.F.) ;
#8921=ORIENTED_EDGE('',*,*,#615,.T.) ;
#8922=ORIENTED_EDGE('',*,*,#8914,.T.) ;
#8923=ORIENTED_EDGE('',*,*,#2753,.F.) ;
#8924=ORIENTED_EDGE('',*,*,#8919,.F.) ;
#8929=ORIENTED_EDGE('',*,*,#620,.T.) ;
#8930=ORIENTED_EDGE('',*,*,#8919,.T.) ;
#8931=ORIENTED_EDGE('',*,*,#2758,.F.) ;
#8932=ORIENTED_EDGE('',*,*,#8914,.F.) ;
#8952=ORIENTED_EDGE('',*,*,#633,.T.) ;
#8953=ORIENTED_EDGE('',*,*,#8945,.T.) ;
#8954=ORIENTED_EDGE('',*,*,#2771,.F.) ;
#8955=ORIENTED_EDGE('',*,*,#8950,.F.) ;
#8960=ORIENTED_EDGE('',*,*,#638,.T.) ;
#8961=ORIENTED_EDGE('',*,*,#8950,.T.) ;
#8962=ORIENTED_EDGE('',*,*,#2776,.F.) ;
#8963=ORIENTED_EDGE('',*,*,#8945,.F.) ;
#9013=ORIENTED_EDGE('',*,*,#8992,.T.) ;
#9014=ORIENTED_EDGE('',*,*,#8999,.F.) ;
#9015=ORIENTED_EDGE('',*,*,#9006,.F.) ;
#9016=ORIENTED_EDGE('',*,*,#9011,.T.) ;
#9044=ORIENTED_EDGE('',*,*,#9030,.T.) ;
#9045=ORIENTED_EDGE('',*,*,#9037,.F.) ;
#9046=ORIENTED_EDGE('',*,*,#9042,.F.) ;
#9047=ORIENTED_EDGE('',*,*,#8999,.T.) ;
#9075=ORIENTED_EDGE('',*,*,#9061,.T.) ;
#9076=ORIENTED_EDGE('',*,*,#9068,.F.) ;
#9077=ORIENTED_EDGE('',*,*,#9073,.F.) ;
#9078=ORIENTED_EDGE('',*,*,#9037,.T.) ;
#9106=ORIENTED_EDGE('',*,*,#9092,.T.) ;
#9107=ORIENTED_EDGE('',*,*,#9099,.F.) ;
#9108=ORIENTED_EDGE('',*,*,#9104,.F.) ;
#9109=ORIENTED_EDGE('',*,*,#9068,.T.) ;
#9137=ORIENTED_EDGE('',*,*,#9123,.T.) ;
#9138=ORIENTED_EDGE('',*,*,#9130,.F.) ;
#9139=ORIENTED_EDGE('',*,*,#9135,.F.) ;
#9140=ORIENTED_EDGE('',*,*,#9099,.T.) ;
#9168=ORIENTED_EDGE('',*,*,#9154,.T.) ;
#9169=ORIENTED_EDGE('',*,*,#9161,.F.) ;
#9170=ORIENTED_EDGE('',*,*,#9166,.F.) ;
#9171=ORIENTED_EDGE('',*,*,#9130,.T.) ;
#9199=ORIENTED_EDGE('',*,*,#9185,.T.) ;
#9200=ORIENTED_EDGE('',*,*,#9192,.F.) ;
#9201=ORIENTED_EDGE('',*,*,#9197,.F.) ;
#9202=ORIENTED_EDGE('',*,*,#9161,.T.) ;
#9230=ORIENTED_EDGE('',*,*,#9216,.T.) ;
#9231=ORIENTED_EDGE('',*,*,#9223,.F.) ;
#9232=ORIENTED_EDGE('',*,*,#9228,.F.) ;
#9233=ORIENTED_EDGE('',*,*,#9192,.T.) ;
#9261=ORIENTED_EDGE('',*,*,#9247,.T.) ;
#9262=ORIENTED_EDGE('',*,*,#9254,.F.) ;
#9263=ORIENTED_EDGE('',*,*,#9259,.F.) ;
#9264=ORIENTED_EDGE('',*,*,#9223,.T.) ;
#9292=ORIENTED_EDGE('',*,*,#9278,.T.) ;
#9293=ORIENTED_EDGE('',*,*,#9285,.F.) ;
#9294=ORIENTED_EDGE('',*,*,#9290,.F.) ;
#9295=ORIENTED_EDGE('',*,*,#9254,.T.) ;
#9323=ORIENTED_EDGE('',*,*,#9309,.T.) ;
#9324=ORIENTED_EDGE('',*,*,#9316,.F.) ;
#9325=ORIENTED_EDGE('',*,*,#9321,.F.) ;
#9326=ORIENTED_EDGE('',*,*,#9285,.T.) ;
#9354=ORIENTED_EDGE('',*,*,#9340,.T.) ;
#9355=ORIENTED_EDGE('',*,*,#9347,.F.) ;
#9356=ORIENTED_EDGE('',*,*,#9352,.F.) ;
#9357=ORIENTED_EDGE('',*,*,#9316,.T.) ;
#9380=ORIENTED_EDGE('',*,*,#9366,.T.) ;
#9381=ORIENTED_EDGE('',*,*,#9373,.F.) ;
#9382=ORIENTED_EDGE('',*,*,#9378,.F.) ;
#9383=ORIENTED_EDGE('',*,*,#9347,.T.) ;
#9411=ORIENTED_EDGE('',*,*,#9397,.T.) ;
#9412=ORIENTED_EDGE('',*,*,#9404,.F.) ;
#9413=ORIENTED_EDGE('',*,*,#9409,.F.) ;
#9414=ORIENTED_EDGE('',*,*,#9373,.T.) ;
#9442=ORIENTED_EDGE('',*,*,#9428,.T.) ;
#9443=ORIENTED_EDGE('',*,*,#9435,.F.) ;
#9444=ORIENTED_EDGE('',*,*,#9440,.F.) ;
#9445=ORIENTED_EDGE('',*,*,#9404,.T.) ;
#9464=ORIENTED_EDGE('',*,*,#9457,.T.) ;
#9465=ORIENTED_EDGE('',*,*,#9011,.F.) ;
#9466=ORIENTED_EDGE('',*,*,#9462,.F.) ;
#9467=ORIENTED_EDGE('',*,*,#9435,.T.) ;
#9476=ORIENTED_EDGE('',*,*,#9006,.T.) ;
#9477=ORIENTED_EDGE('',*,*,#9042,.T.) ;
#9478=ORIENTED_EDGE('',*,*,#9073,.T.) ;
#9479=ORIENTED_EDGE('',*,*,#9104,.T.) ;
#9480=ORIENTED_EDGE('',*,*,#9135,.T.) ;
#9481=ORIENTED_EDGE('',*,*,#9166,.T.) ;
#9482=ORIENTED_EDGE('',*,*,#9197,.T.) ;
#9483=ORIENTED_EDGE('',*,*,#9228,.T.) ;
#9484=ORIENTED_EDGE('',*,*,#9259,.T.) ;
#9485=ORIENTED_EDGE('',*,*,#9290,.T.) ;
#9486=ORIENTED_EDGE('',*,*,#9321,.T.) ;
#9487=ORIENTED_EDGE('',*,*,#9352,.T.) ;
#9488=ORIENTED_EDGE('',*,*,#9378,.T.) ;
#9489=ORIENTED_EDGE('',*,*,#9409,.T.) ;
#9490=ORIENTED_EDGE('',*,*,#9440,.T.) ;
#9491=ORIENTED_EDGE('',*,*,#9462,.T.) ;
#9500=ORIENTED_EDGE('',*,*,#9457,.F.) ;
#9501=ORIENTED_EDGE('',*,*,#9428,.F.) ;
#9502=ORIENTED_EDGE('',*,*,#9397,.F.) ;
#9503=ORIENTED_EDGE('',*,*,#9366,.F.) ;
#9504=ORIENTED_EDGE('',*,*,#9340,.F.) ;
#9505=ORIENTED_EDGE('',*,*,#9309,.F.) ;
#9506=ORIENTED_EDGE('',*,*,#9278,.F.) ;
#9507=ORIENTED_EDGE('',*,*,#9247,.F.) ;
#9508=ORIENTED_EDGE('',*,*,#9216,.F.) ;
#9509=ORIENTED_EDGE('',*,*,#9185,.F.) ;
#9510=ORIENTED_EDGE('',*,*,#9154,.F.) ;
#9511=ORIENTED_EDGE('',*,*,#9123,.F.) ;
#9512=ORIENTED_EDGE('',*,*,#9092,.F.) ;
#9513=ORIENTED_EDGE('',*,*,#9061,.F.) ;
#9514=ORIENTED_EDGE('',*,*,#9030,.F.) ;
#9515=ORIENTED_EDGE('',*,*,#8992,.F.) ;
#9555=ORIENTED_EDGE('',*,*,#9534,.F.) ;
#9556=ORIENTED_EDGE('',*,*,#9541,.T.) ;
#9557=ORIENTED_EDGE('',*,*,#9548,.T.) ;
#9558=ORIENTED_EDGE('',*,*,#9553,.F.) ;
#9586=ORIENTED_EDGE('',*,*,#9548,.F.) ;
#9587=ORIENTED_EDGE('',*,*,#9572,.T.) ;
#9588=ORIENTED_EDGE('',*,*,#9579,.T.) ;
#9589=ORIENTED_EDGE('',*,*,#9584,.F.) ;
#9617=ORIENTED_EDGE('',*,*,#9579,.F.) ;
#9618=ORIENTED_EDGE('',*,*,#9603,.T.) ;
#9619=ORIENTED_EDGE('',*,*,#9610,.T.) ;
#9620=ORIENTED_EDGE('',*,*,#9615,.F.) ;
#9648=ORIENTED_EDGE('',*,*,#9610,.F.) ;
#9649=ORIENTED_EDGE('',*,*,#9634,.T.) ;
#9650=ORIENTED_EDGE('',*,*,#9641,.T.) ;
#9651=ORIENTED_EDGE('',*,*,#9646,.F.) ;
#9679=ORIENTED_EDGE('',*,*,#9641,.F.) ;
#9680=ORIENTED_EDGE('',*,*,#9665,.T.) ;
#9681=ORIENTED_EDGE('',*,*,#9672,.T.) ;
#9682=ORIENTED_EDGE('',*,*,#9677,.F.) ;
#9710=ORIENTED_EDGE('',*,*,#9672,.F.) ;
#9711=ORIENTED_EDGE('',*,*,#9696,.T.) ;
#9712=ORIENTED_EDGE('',*,*,#9703,.T.) ;
#9713=ORIENTED_EDGE('',*,*,#9708,.F.) ;
#9741=ORIENTED_EDGE('',*,*,#9703,.F.) ;
#9742=ORIENTED_EDGE('',*,*,#9727,.T.) ;
#9743=ORIENTED_EDGE('',*,*,#9734,.T.) ;
#9744=ORIENTED_EDGE('',*,*,#9739,.F.) ;
#9772=ORIENTED_EDGE('',*,*,#9734,.F.) ;
#9773=ORIENTED_EDGE('',*,*,#9758,.T.) ;
#9774=ORIENTED_EDGE('',*,*,#9765,.T.) ;
#9775=ORIENTED_EDGE('',*,*,#9770,.F.) ;
#9803=ORIENTED_EDGE('',*,*,#9765,.F.) ;
#9804=ORIENTED_EDGE('',*,*,#9789,.T.) ;
#9805=ORIENTED_EDGE('',*,*,#9796,.T.) ;
#9806=ORIENTED_EDGE('',*,*,#9801,.F.) ;
#9834=ORIENTED_EDGE('',*,*,#9796,.F.) ;
#9835=ORIENTED_EDGE('',*,*,#9820,.T.) ;
#9836=ORIENTED_EDGE('',*,*,#9827,.T.) ;
#9837=ORIENTED_EDGE('',*,*,#9832,.F.) ;
#9865=ORIENTED_EDGE('',*,*,#9827,.F.) ;
#9866=ORIENTED_EDGE('',*,*,#9851,.T.) ;
#9867=ORIENTED_EDGE('',*,*,#9858,.T.) ;
#9868=ORIENTED_EDGE('',*,*,#9863,.F.) ;
#9896=ORIENTED_EDGE('',*,*,#9858,.F.) ;
#9897=ORIENTED_EDGE('',*,*,#9882,.T.) ;
#9898=ORIENTED_EDGE('',*,*,#9889,.T.) ;
#9899=ORIENTED_EDGE('',*,*,#9894,.F.) ;
#9922=ORIENTED_EDGE('',*,*,#9889,.F.) ;
#9923=ORIENTED_EDGE('',*,*,#9908,.T.) ;
#9924=ORIENTED_EDGE('',*,*,#9915,.T.) ;
#9925=ORIENTED_EDGE('',*,*,#9920,.F.) ;
#9953=ORIENTED_EDGE('',*,*,#9915,.F.) ;
#9954=ORIENTED_EDGE('',*,*,#9939,.T.) ;
#9955=ORIENTED_EDGE('',*,*,#9946,.T.) ;
#9956=ORIENTED_EDGE('',*,*,#9951,.F.) ;
#9984=ORIENTED_EDGE('',*,*,#9946,.F.) ;
#9985=ORIENTED_EDGE('',*,*,#9970,.T.) ;
#9986=ORIENTED_EDGE('',*,*,#9977,.T.) ;
#9987=ORIENTED_EDGE('',*,*,#9982,.F.) ;
#10006=ORIENTED_EDGE('',*,*,#9977,.F.) ;
#10007=ORIENTED_EDGE('',*,*,#9999,.T.) ;
#10008=ORIENTED_EDGE('',*,*,#9534,.T.) ;
#10009=ORIENTED_EDGE('',*,*,#10004,.F.) ;
#10018=ORIENTED_EDGE('',*,*,#9999,.F.) ;
#10019=ORIENTED_EDGE('',*,*,#9970,.F.) ;
#10020=ORIENTED_EDGE('',*,*,#9939,.F.) ;
#10021=ORIENTED_EDGE('',*,*,#9908,.F.) ;
#10022=ORIENTED_EDGE('',*,*,#9882,.F.) ;
#10023=ORIENTED_EDGE('',*,*,#9851,.F.) ;
#10024=ORIENTED_EDGE('',*,*,#9820,.F.) ;
#10025=ORIENTED_EDGE('',*,*,#9789,.F.) ;
#10026=ORIENTED_EDGE('',*,*,#9758,.F.) ;
#10027=ORIENTED_EDGE('',*,*,#9727,.F.) ;
#10028=ORIENTED_EDGE('',*,*,#9696,.F.) ;
#10029=ORIENTED_EDGE('',*,*,#9665,.F.) ;
#10030=ORIENTED_EDGE('',*,*,#9634,.F.) ;
#10031=ORIENTED_EDGE('',*,*,#9603,.F.) ;
#10032=ORIENTED_EDGE('',*,*,#9572,.F.) ;
#10033=ORIENTED_EDGE('',*,*,#9541,.F.) ;
#10042=ORIENTED_EDGE('',*,*,#9553,.T.) ;
#10043=ORIENTED_EDGE('',*,*,#9584,.T.) ;
#10044=ORIENTED_EDGE('',*,*,#9615,.T.) ;
#10045=ORIENTED_EDGE('',*,*,#9646,.T.) ;
#10046=ORIENTED_EDGE('',*,*,#9677,.T.) ;
#10047=ORIENTED_EDGE('',*,*,#9708,.T.) ;
#10048=ORIENTED_EDGE('',*,*,#9739,.T.) ;
#10049=ORIENTED_EDGE('',*,*,#9770,.T.) ;
#10050=ORIENTED_EDGE('',*,*,#9801,.T.) ;
#10051=ORIENTED_EDGE('',*,*,#9832,.T.) ;
#10052=ORIENTED_EDGE('',*,*,#9863,.T.) ;
#10053=ORIENTED_EDGE('',*,*,#9894,.T.) ;
#10054=ORIENTED_EDGE('',*,*,#9920,.T.) ;
#10055=ORIENTED_EDGE('',*,*,#9951,.T.) ;
#10056=ORIENTED_EDGE('',*,*,#9982,.T.) ;
#10057=ORIENTED_EDGE('',*,*,#10004,.T.) ;
#21=MANIFOLD_SOLID_BREP('AR00000243789 - PLAQUE POUR REGLAGE',#30) ;
#8969=MANIFOLD_SOLID_BREP('AR00000243790 - RENFORT DE PLAQUE',#8978) ;
#9518=MANIFOLD_SOLID_BREP('AR00000243790 - RENFORT DE PLAQUE - 2',#9520) ;
#41=VERTEX_POINT('',#40) ;
#43=VERTEX_POINT('',#42) ;
#50=VERTEX_POINT('',#49) ;
#57=VERTEX_POINT('',#56) ;
#81=VERTEX_POINT('',#80) ;
#83=VERTEX_POINT('',#82) ;
#90=VERTEX_POINT('',#89) ;
#97=VERTEX_POINT('',#96) ;
#104=VERTEX_POINT('',#103) ;
#111=VERTEX_POINT('',#110) ;
#118=VERTEX_POINT('',#117) ;
#125=VERTEX_POINT('',#124) ;
#132=VERTEX_POINT('',#131) ;
#139=VERTEX_POINT('',#138) ;
#146=VERTEX_POINT('',#145) ;
#153=VERTEX_POINT('',#152) ;
#160=VERTEX_POINT('',#159) ;
#167=VERTEX_POINT('',#166) ;
#174=VERTEX_POINT('',#173) ;
#181=VERTEX_POINT('',#180) ;
#188=VERTEX_POINT('',#187) ;
#195=VERTEX_POINT('',#194) ;
#202=VERTEX_POINT('',#201) ;
#214=VERTEX_POINT('',#213) ;
#221=VERTEX_POINT('',#220) ;
#228=VERTEX_POINT('',#227) ;
#235=VERTEX_POINT('',#234) ;
#242=VERTEX_POINT('',#241) ;
#282=VERTEX_POINT('',#281) ;
#284=VERTEX_POINT('',#283) ;
#291=VERTEX_POINT('',#290) ;
#298=VERTEX_POINT('',#297) ;
#305=VERTEX_POINT('',#304) ;
#312=VERTEX_POINT('',#311) ;
#319=VERTEX_POINT('',#318) ;
#326=VERTEX_POINT('',#325) ;
#333=VERTEX_POINT('',#332) ;
#340=VERTEX_POINT('',#339) ;
#347=VERTEX_POINT('',#346) ;
#354=VERTEX_POINT('',#353) ;
#361=VERTEX_POINT('',#360) ;
#368=VERTEX_POINT('',#367) ;
#375=VERTEX_POINT('',#374) ;
#382=VERTEX_POINT('',#381) ;
#389=VERTEX_POINT('',#388) ;
#396=VERTEX_POINT('',#395) ;
#403=VERTEX_POINT('',#402) ;
#410=VERTEX_POINT('',#409) ;
#444=VERTEX_POINT('',#443) ;
#446=VERTEX_POINT('',#445) ;
#453=VERTEX_POINT('',#452) ;
#460=VERTEX_POINT('',#459) ;
#467=VERTEX_POINT('',#466) ;
#474=VERTEX_POINT('',#473) ;
#481=VERTEX_POINT('',#480) ;
#488=VERTEX_POINT('',#487) ;
#510=VERTEX_POINT('',#509) ;
#512=VERTEX_POINT('',#511) ;
#519=VERTEX_POINT('',#518) ;
#526=VERTEX_POINT('',#525) ;
#533=VERTEX_POINT('',#532) ;
#540=VERTEX_POINT('',#539) ;
#547=VERTEX_POINT('',#546) ;
#554=VERTEX_POINT('',#553) ;
#576=VERTEX_POINT('',#575) ;
#578=VERTEX_POINT('',#577) ;
#594=VERTEX_POINT('',#593) ;
#596=VERTEX_POINT('',#595) ;
#612=VERTEX_POINT('',#611) ;
#614=VERTEX_POINT('',#613) ;
#630=VERTEX_POINT('',#629) ;
#632=VERTEX_POINT('',#631) ;
#654=VERTEX_POINT('',#653) ;
#661=VERTEX_POINT('',#660) ;
#685=VERTEX_POINT('',#684) ;
#692=VERTEX_POINT('',#691) ;
#716=VERTEX_POINT('',#715) ;
#718=VERTEX_POINT('',#717) ;
#725=VERTEX_POINT('',#724) ;
#732=VERTEX_POINT('',#731) ;
#739=VERTEX_POINT('',#738) ;
#772=VERTEX_POINT('',#771) ;
#796=VERTEX_POINT('',#795) ;
#820=VERTEX_POINT('',#819) ;
#844=VERTEX_POINT('',#843) ;
#868=VERTEX_POINT('',#867) ;
#870=VERTEX_POINT('',#869) ;
#877=VERTEX_POINT('',#876) ;
#889=VERTEX_POINT('',#888) ;
#896=VERTEX_POINT('',#895) ;
#924=VERTEX_POINT('',#923) ;
#931=VERTEX_POINT('',#930) ;
#955=VERTEX_POINT('',#954) ;
#962=VERTEX_POINT('',#961) ;
#986=VERTEX_POINT('',#985) ;
#993=VERTEX_POINT('',#992) ;
#1017=VERTEX_POINT('',#1016) ;
#1024=VERTEX_POINT('',#1023) ;
#1048=VERTEX_POINT('',#1047) ;
#1050=VERTEX_POINT('',#1049) ;
#1079=VERTEX_POINT('',#1078) ;
#1081=VERTEX_POINT('',#1080) ;
#1110=VERTEX_POINT('',#1109) ;
#1117=VERTEX_POINT('',#1116) ;
#1141=VERTEX_POINT('',#1140) ;
#1148=VERTEX_POINT('',#1147) ;
#1172=VERTEX_POINT('',#1171) ;
#1179=VERTEX_POINT('',#1178) ;
#1203=VERTEX_POINT('',#1202) ;
#1210=VERTEX_POINT('',#1209) ;
#1234=VERTEX_POINT('',#1233) ;
#1236=VERTEX_POINT('',#1235) ;
#1265=VERTEX_POINT('',#1264) ;
#1267=VERTEX_POINT('',#1266) ;
#1291=VERTEX_POINT('',#1290) ;
#1293=VERTEX_POINT('',#1292) ;
#1322=VERTEX_POINT('',#1321) ;
#1329=VERTEX_POINT('',#1328) ;
#1353=VERTEX_POINT('',#1352) ;
#1360=VERTEX_POINT('',#1359) ;
#1384=VERTEX_POINT('',#1383) ;
#1391=VERTEX_POINT('',#1390) ;
#1410=VERTEX_POINT('',#1409) ;
#1417=VERTEX_POINT('',#1416) ;
#1441=VERTEX_POINT('',#1440) ;
#1443=VERTEX_POINT('',#1442) ;
#1472=VERTEX_POINT('',#1471) ;
#1479=VERTEX_POINT('',#1478) ;
#1486=VERTEX_POINT('',#1485) ;
#1498=VERTEX_POINT('',#1497) ;
#1526=VERTEX_POINT('',#1525) ;
#1567=VERTEX_POINT('',#1566) ;
#1569=VERTEX_POINT('',#1568) ;
#1576=VERTEX_POINT('',#1575) ;
#1583=VERTEX_POINT('',#1582) ;
#1607=VERTEX_POINT('',#1606) ;
#1614=VERTEX_POINT('',#1613) ;
#1638=VERTEX_POINT('',#1637) ;
#1645=VERTEX_POINT('',#1644) ;
#1669=VERTEX_POINT('',#1668) ;
#1676=VERTEX_POINT('',#1675) ;
#1700=VERTEX_POINT('',#1699) ;
#1707=VERTEX_POINT('',#1706) ;
#1731=VERTEX_POINT('',#1730) ;
#1738=VERTEX_POINT('',#1737) ;
#1745=VERTEX_POINT('',#1744) ;
#1752=VERTEX_POINT('',#1751) ;
#1778=VERTEX_POINT('',#1777) ;
#1780=VERTEX_POINT('',#1779) ;
#1787=VERTEX_POINT('',#1786) ;
#1794=VERTEX_POINT('',#1793) ;
#1801=VERTEX_POINT('',#1800) ;
#1808=VERTEX_POINT('',#1807) ;
#1834=VERTEX_POINT('',#1833) ;
#1841=VERTEX_POINT('',#1840) ;
#1865=VERTEX_POINT('',#1864) ;
#1872=VERTEX_POINT('',#1871) ;
#1896=VERTEX_POINT('',#1895) ;
#1903=VERTEX_POINT('',#1902) ;
#1927=VERTEX_POINT('',#1926) ;
#1934=VERTEX_POINT('',#1933) ;
#1958=VERTEX_POINT('',#1957) ;
#1965=VERTEX_POINT('',#1964) ;
#2011=VERTEX_POINT('',#2010) ;
#2013=VERTEX_POINT('',#2012) ;
#2020=VERTEX_POINT('',#2019) ;
#2027=VERTEX_POINT('',#2026) ;
#2068=VERTEX_POINT('',#2067) ;
#2070=VERTEX_POINT('',#2069) ;
#2077=VERTEX_POINT('',#2076) ;
#2084=VERTEX_POINT('',#2083) ;
#2125=VERTEX_POINT('',#2124) ;
#2127=VERTEX_POINT('',#2126) ;
#2134=VERTEX_POINT('',#2133) ;
#2141=VERTEX_POINT('',#2140) ;
#2148=VERTEX_POINT('',#2147) ;
#2155=VERTEX_POINT('',#2154) ;
#2162=VERTEX_POINT('',#2161) ;
#2169=VERTEX_POINT('',#2168) ;
#2186=VERTEX_POINT('',#2185) ;
#2193=VERTEX_POINT('',#2192) ;
#2200=VERTEX_POINT('',#2199) ;
#2207=VERTEX_POINT('',#2206) ;
#2214=VERTEX_POINT('',#2213) ;
#2221=VERTEX_POINT('',#2220) ;
#2261=VERTEX_POINT('',#2260) ;
#2268=VERTEX_POINT('',#2267) ;
#2275=VERTEX_POINT('',#2274) ;
#2282=VERTEX_POINT('',#2281) ;
#2289=VERTEX_POINT('',#2288) ;
#2296=VERTEX_POINT('',#2295) ;
#2332=VERTEX_POINT('',#2331) ;
#2334=VERTEX_POINT('',#2333) ;
#2341=VERTEX_POINT('',#2340) ;
#2348=VERTEX_POINT('',#2347) ;
#2355=VERTEX_POINT('',#2354) ;
#2362=VERTEX_POINT('',#2361) ;
#2369=VERTEX_POINT('',#2368) ;
#2376=VERTEX_POINT('',#2375) ;
#2383=VERTEX_POINT('',#2382) ;
#2390=VERTEX_POINT('',#2389) ;
#2397=VERTEX_POINT('',#2396) ;
#2404=VERTEX_POINT('',#2403) ;
#2411=VERTEX_POINT('',#2410) ;
#2418=VERTEX_POINT('',#2417) ;
#2425=VERTEX_POINT('',#2424) ;
#2432=VERTEX_POINT('',#2431) ;
#2439=VERTEX_POINT('',#2438) ;
#2446=VERTEX_POINT('',#2445) ;
#2453=VERTEX_POINT('',#2452) ;
#2460=VERTEX_POINT('',#2459) ;
#2467=VERTEX_POINT('',#2466) ;
#2474=VERTEX_POINT('',#2473) ;
#2510=VERTEX_POINT('',#2509) ;
#2512=VERTEX_POINT('',#2511) ;
#2528=VERTEX_POINT('',#2527) ;
#2530=VERTEX_POINT('',#2529) ;
#2546=VERTEX_POINT('',#2545) ;
#2548=VERTEX_POINT('',#2547) ;
#2564=VERTEX_POINT('',#2563) ;
#2566=VERTEX_POINT('',#2565) ;
#2582=VERTEX_POINT('',#2581) ;
#2584=VERTEX_POINT('',#2583) ;
#2591=VERTEX_POINT('',#2590) ;
#2598=VERTEX_POINT('',#2597) ;
#2605=VERTEX_POINT('',#2604) ;
#2612=VERTEX_POINT('',#2611) ;
#2619=VERTEX_POINT('',#2618) ;
#2626=VERTEX_POINT('',#2625) ;
#2648=VERTEX_POINT('',#2647) ;
#2650=VERTEX_POINT('',#2649) ;
#2657=VERTEX_POINT('',#2656) ;
#2664=VERTEX_POINT('',#2663) ;
#2671=VERTEX_POINT('',#2670) ;
#2678=VERTEX_POINT('',#2677) ;
#2685=VERTEX_POINT('',#2684) ;
#2692=VERTEX_POINT('',#2691) ;
#2714=VERTEX_POINT('',#2713) ;
#2716=VERTEX_POINT('',#2715) ;
#2732=VERTEX_POINT('',#2731) ;
#2734=VERTEX_POINT('',#2733) ;
#2750=VERTEX_POINT('',#2749) ;
#2752=VERTEX_POINT('',#2751) ;
#2768=VERTEX_POINT('',#2767) ;
#2770=VERTEX_POINT('',#2769) ;
#2792=VERTEX_POINT('',#2791) ;
#2799=VERTEX_POINT('',#2798) ;
#2823=VERTEX_POINT('',#2822) ;
#2825=VERTEX_POINT('',#2824) ;
#2832=VERTEX_POINT('',#2831) ;
#2839=VERTEX_POINT('',#2838) ;
#2863=VERTEX_POINT('',#2862) ;
#2870=VERTEX_POINT('',#2869) ;
#2894=VERTEX_POINT('',#2893) ;
#2896=VERTEX_POINT('',#2895) ;
#2903=VERTEX_POINT('',#2902) ;
#2910=VERTEX_POINT('',#2909) ;
#2917=VERTEX_POINT('',#2916) ;
#2929=VERTEX_POINT('',#2928) ;
#2936=VERTEX_POINT('',#2935) ;
#2943=VERTEX_POINT('',#2942) ;
#2950=VERTEX_POINT('',#2949) ;
#2957=VERTEX_POINT('',#2956) ;
#2964=VERTEX_POINT('',#2963) ;
#2993=VERTEX_POINT('',#2992) ;
#3000=VERTEX_POINT('',#2999) ;
#3024=VERTEX_POINT('',#3023) ;
#3048=VERTEX_POINT('',#3047) ;
#3055=VERTEX_POINT('',#3054) ;
#3062=VERTEX_POINT('',#3061) ;
#3069=VERTEX_POINT('',#3068) ;
#3076=VERTEX_POINT('',#3075) ;
#3083=VERTEX_POINT('',#3082) ;
#3095=VERTEX_POINT('',#3094) ;
#3102=VERTEX_POINT('',#3101) ;
#3109=VERTEX_POINT('',#3108) ;
#3218=VERTEX_POINT('',#3217) ;
#3220=VERTEX_POINT('',#3219) ;
#3227=VERTEX_POINT('',#3226) ;
#3234=VERTEX_POINT('',#3233) ;
#3270=VERTEX_POINT('',#3269) ;
#3277=VERTEX_POINT('',#3276) ;
#3296=VERTEX_POINT('',#3295) ;
#3303=VERTEX_POINT('',#3302) ;
#3332=VERTEX_POINT('',#3331) ;
#3339=VERTEX_POINT('',#3338) ;
#3346=VERTEX_POINT('',#3345) ;
#3353=VERTEX_POINT('',#3352) ;
#3360=VERTEX_POINT('',#3359) ;
#3410=VERTEX_POINT('',#3409) ;
#3417=VERTEX_POINT('',#3416) ;
#3424=VERTEX_POINT('',#3423) ;
#3431=VERTEX_POINT('',#3430) ;
#3438=VERTEX_POINT('',#3437) ;
#3583=VERTEX_POINT('',#3582) ;
#3590=VERTEX_POINT('',#3589) ;
#3597=VERTEX_POINT('',#3596) ;
#3604=VERTEX_POINT('',#3603) ;
#3632=VERTEX_POINT('',#3631) ;
#3639=VERTEX_POINT('',#3638) ;
#3663=VERTEX_POINT('',#3662) ;
#3670=VERTEX_POINT('',#3669) ;
#3689=VERTEX_POINT('',#3688) ;
#3696=VERTEX_POINT('',#3695) ;
#3720=VERTEX_POINT('',#3719) ;
#3727=VERTEX_POINT('',#3726) ;
#3751=VERTEX_POINT('',#3750) ;
#3758=VERTEX_POINT('',#3757) ;
#3782=VERTEX_POINT('',#3781) ;
#3789=VERTEX_POINT('',#3788) ;
#3813=VERTEX_POINT('',#3812) ;
#3820=VERTEX_POINT('',#3819) ;
#3844=VERTEX_POINT('',#3843) ;
#3851=VERTEX_POINT('',#3850) ;
#3875=VERTEX_POINT('',#3874) ;
#3882=VERTEX_POINT('',#3881) ;
#3906=VERTEX_POINT('',#3905) ;
#3913=VERTEX_POINT('',#3912) ;
#3937=VERTEX_POINT('',#3936) ;
#3944=VERTEX_POINT('',#3943) ;
#3968=VERTEX_POINT('',#3967) ;
#3975=VERTEX_POINT('',#3974) ;
#3994=VERTEX_POINT('',#3993) ;
#4001=VERTEX_POINT('',#4000) ;
#4025=VERTEX_POINT('',#4024) ;
#4032=VERTEX_POINT('',#4031) ;
#4051=VERTEX_POINT('',#4050) ;
#4058=VERTEX_POINT('',#4057) ;
#4082=VERTEX_POINT('',#4081) ;
#4089=VERTEX_POINT('',#4088) ;
#4108=VERTEX_POINT('',#4107) ;
#4115=VERTEX_POINT('',#4114) ;
#4139=VERTEX_POINT('',#4138) ;
#4146=VERTEX_POINT('',#4145) ;
#4170=VERTEX_POINT('',#4169) ;
#4187=VERTEX_POINT('',#4186) ;
#4239=VERTEX_POINT('',#4238) ;
#4241=VERTEX_POINT('',#4240) ;
#4270=VERTEX_POINT('',#4269) ;
#4294=VERTEX_POINT('',#4293) ;
#4313=VERTEX_POINT('',#4312) ;
#4337=VERTEX_POINT('',#4336) ;
#4361=VERTEX_POINT('',#4360) ;
#4368=VERTEX_POINT('',#4367) ;
#4394=VERTEX_POINT('',#4393) ;
#4401=VERTEX_POINT('',#4400) ;
#4408=VERTEX_POINT('',#4407) ;
#4434=VERTEX_POINT('',#4433) ;
#4453=VERTEX_POINT('',#4452) ;
#4477=VERTEX_POINT('',#4476) ;
#4501=VERTEX_POINT('',#4500) ;
#4525=VERTEX_POINT('',#4524) ;
#4566=VERTEX_POINT('',#4565) ;
#4568=VERTEX_POINT('',#4567) ;
#4575=VERTEX_POINT('',#4574) ;
#4582=VERTEX_POINT('',#4581) ;
#4623=VERTEX_POINT('',#4622) ;
#4625=VERTEX_POINT('',#4624) ;
#4632=VERTEX_POINT('',#4631) ;
#4639=VERTEX_POINT('',#4638) ;
#4831=VERTEX_POINT('',#4830) ;
#4833=VERTEX_POINT('',#4832) ;
#4840=VERTEX_POINT('',#4839) ;
#4847=VERTEX_POINT('',#4846) ;
#4897=VERTEX_POINT('',#4896) ;
#4899=VERTEX_POINT('',#4898) ;
#4906=VERTEX_POINT('',#4905) ;
#4913=VERTEX_POINT('',#4912) ;
#4956=VERTEX_POINT('',#4955) ;
#4958=VERTEX_POINT('',#4957) ;
#4965=VERTEX_POINT('',#4964) ;
#4972=VERTEX_POINT('',#4971) ;
#5015=VERTEX_POINT('',#5014) ;
#5017=VERTEX_POINT('',#5016) ;
#5024=VERTEX_POINT('',#5023) ;
#5031=VERTEX_POINT('',#5030) ;
#5074=VERTEX_POINT('',#5073) ;
#5076=VERTEX_POINT('',#5075) ;
#5083=VERTEX_POINT('',#5082) ;
#5090=VERTEX_POINT('',#5089) ;
#5133=VERTEX_POINT('',#5132) ;
#5135=VERTEX_POINT('',#5134) ;
#5142=VERTEX_POINT('',#5141) ;
#5149=VERTEX_POINT('',#5148) ;
#5192=VERTEX_POINT('',#5191) ;
#5194=VERTEX_POINT('',#5193) ;
#5201=VERTEX_POINT('',#5200) ;
#5208=VERTEX_POINT('',#5207) ;
#5251=VERTEX_POINT('',#5250) ;
#5253=VERTEX_POINT('',#5252) ;
#5260=VERTEX_POINT('',#5259) ;
#5267=VERTEX_POINT('',#5266) ;
#5310=VERTEX_POINT('',#5309) ;
#5312=VERTEX_POINT('',#5311) ;
#5319=VERTEX_POINT('',#5318) ;
#5326=VERTEX_POINT('',#5325) ;
#5369=VERTEX_POINT('',#5368) ;
#5371=VERTEX_POINT('',#5370) ;
#5378=VERTEX_POINT('',#5377) ;
#5385=VERTEX_POINT('',#5384) ;
#5428=VERTEX_POINT('',#5427) ;
#5430=VERTEX_POINT('',#5429) ;
#5437=VERTEX_POINT('',#5436) ;
#5444=VERTEX_POINT('',#5443) ;
#5487=VERTEX_POINT('',#5486) ;
#5489=VERTEX_POINT('',#5488) ;
#5496=VERTEX_POINT('',#5495) ;
#5503=VERTEX_POINT('',#5502) ;
#5546=VERTEX_POINT('',#5545) ;
#5548=VERTEX_POINT('',#5547) ;
#5555=VERTEX_POINT('',#5554) ;
#5562=VERTEX_POINT('',#5561) ;
#5605=VERTEX_POINT('',#5604) ;
#5607=VERTEX_POINT('',#5606) ;
#5614=VERTEX_POINT('',#5613) ;
#5621=VERTEX_POINT('',#5620) ;
#5664=VERTEX_POINT('',#5663) ;
#5666=VERTEX_POINT('',#5665) ;
#5673=VERTEX_POINT('',#5672) ;
#5680=VERTEX_POINT('',#5679) ;
#5723=VERTEX_POINT('',#5722) ;
#5725=VERTEX_POINT('',#5724) ;
#5732=VERTEX_POINT('',#5731) ;
#5739=VERTEX_POINT('',#5738) ;
#5782=VERTEX_POINT('',#5781) ;
#5784=VERTEX_POINT('',#5783) ;
#5791=VERTEX_POINT('',#5790) ;
#5798=VERTEX_POINT('',#5797) ;
#5841=VERTEX_POINT('',#5840) ;
#5843=VERTEX_POINT('',#5842) ;
#5850=VERTEX_POINT('',#5849) ;
#5857=VERTEX_POINT('',#5856) ;
#5882=VERTEX_POINT('',#5881) ;
#5889=VERTEX_POINT('',#5888) ;
#5914=VERTEX_POINT('',#5913) ;
#5916=VERTEX_POINT('',#5915) ;
#5969=VERTEX_POINT('',#5968) ;
#5971=VERTEX_POINT('',#5970) ;
#5978=VERTEX_POINT('',#5977) ;
#5985=VERTEX_POINT('',#5984) ;
#6005=VERTEX_POINT('',#6004) ;
#6012=VERTEX_POINT('',#6011) ;
#6037=VERTEX_POINT('',#6036) ;
#6039=VERTEX_POINT('',#6038) ;
#6087=VERTEX_POINT('',#6086) ;
#6089=VERTEX_POINT('',#6088) ;
#6096=VERTEX_POINT('',#6095) ;
#6103=VERTEX_POINT('',#6102) ;
#6146=VERTEX_POINT('',#6145) ;
#6148=VERTEX_POINT('',#6147) ;
#6155=VERTEX_POINT('',#6154) ;
#6162=VERTEX_POINT('',#6161) ;
#6205=VERTEX_POINT('',#6204) ;
#6207=VERTEX_POINT('',#6206) ;
#6214=VERTEX_POINT('',#6213) ;
#6221=VERTEX_POINT('',#6220) ;
#6264=VERTEX_POINT('',#6263) ;
#6266=VERTEX_POINT('',#6265) ;
#6273=VERTEX_POINT('',#6272) ;
#6280=VERTEX_POINT('',#6279) ;
#6323=VERTEX_POINT('',#6322) ;
#6325=VERTEX_POINT('',#6324) ;
#6332=VERTEX_POINT('',#6331) ;
#6339=VERTEX_POINT('',#6338) ;
#6382=VERTEX_POINT('',#6381) ;
#6384=VERTEX_POINT('',#6383) ;
#6391=VERTEX_POINT('',#6390) ;
#6398=VERTEX_POINT('',#6397) ;
#6441=VERTEX_POINT('',#6440) ;
#6443=VERTEX_POINT('',#6442) ;
#6450=VERTEX_POINT('',#6449) ;
#6457=VERTEX_POINT('',#6456) ;
#6500=VERTEX_POINT('',#6499) ;
#6502=VERTEX_POINT('',#6501) ;
#6509=VERTEX_POINT('',#6508) ;
#6516=VERTEX_POINT('',#6515) ;
#6559=VERTEX_POINT('',#6558) ;
#6561=VERTEX_POINT('',#6560) ;
#6568=VERTEX_POINT('',#6567) ;
#6575=VERTEX_POINT('',#6574) ;
#6618=VERTEX_POINT('',#6617) ;
#6620=VERTEX_POINT('',#6619) ;
#6627=VERTEX_POINT('',#6626) ;
#6634=VERTEX_POINT('',#6633) ;
#6677=VERTEX_POINT('',#6676) ;
#6679=VERTEX_POINT('',#6678) ;
#6686=VERTEX_POINT('',#6685) ;
#6693=VERTEX_POINT('',#6692) ;
#6736=VERTEX_POINT('',#6735) ;
#6738=VERTEX_POINT('',#6737) ;
#6745=VERTEX_POINT('',#6744) ;
#6752=VERTEX_POINT('',#6751) ;
#6795=VERTEX_POINT('',#6794) ;
#6797=VERTEX_POINT('',#6796) ;
#6804=VERTEX_POINT('',#6803) ;
#6811=VERTEX_POINT('',#6810) ;
#6854=VERTEX_POINT('',#6853) ;
#6856=VERTEX_POINT('',#6855) ;
#6863=VERTEX_POINT('',#6862) ;
#6870=VERTEX_POINT('',#6869) ;
#6913=VERTEX_POINT('',#6912) ;
#6915=VERTEX_POINT('',#6914) ;
#6922=VERTEX_POINT('',#6921) ;
#6929=VERTEX_POINT('',#6928) ;
#6972=VERTEX_POINT('',#6971) ;
#6974=VERTEX_POINT('',#6973) ;
#6981=VERTEX_POINT('',#6980) ;
#6988=VERTEX_POINT('',#6987) ;
#7031=VERTEX_POINT('',#7030) ;
#7033=VERTEX_POINT('',#7032) ;
#7040=VERTEX_POINT('',#7039) ;
#7047=VERTEX_POINT('',#7046) ;
#7090=VERTEX_POINT('',#7089) ;
#7092=VERTEX_POINT('',#7091) ;
#7099=VERTEX_POINT('',#7098) ;
#7106=VERTEX_POINT('',#7105) ;
#7131=VERTEX_POINT('',#7130) ;
#7138=VERTEX_POINT('',#7137) ;
#7163=VERTEX_POINT('',#7162) ;
#7170=VERTEX_POINT('',#7169) ;
#7218=VERTEX_POINT('',#7217) ;
#7220=VERTEX_POINT('',#7219) ;
#7227=VERTEX_POINT('',#7226) ;
#7234=VERTEX_POINT('',#7233) ;
#7254=VERTEX_POINT('',#7253) ;
#7261=VERTEX_POINT('',#7260) ;
#7286=VERTEX_POINT('',#7285) ;
#7293=VERTEX_POINT('',#7292) ;
#7336=VERTEX_POINT('',#7335) ;
#7343=VERTEX_POINT('',#7342) ;
#7368=VERTEX_POINT('',#7367) ;
#7393=VERTEX_POINT('',#7392) ;
#7400=VERTEX_POINT('',#7399) ;
#7425=VERTEX_POINT('',#7424) ;
#7450=VERTEX_POINT('',#7449) ;
#7475=VERTEX_POINT('',#7474) ;
#7482=VERTEX_POINT('',#7481) ;
#7507=VERTEX_POINT('',#7506) ;
#7555=VERTEX_POINT('',#7554) ;
#7567=VERTEX_POINT('',#7566) ;
#7653=VERTEX_POINT('',#7652) ;
#7660=VERTEX_POINT('',#7659) ;
#7713=VERTEX_POINT('',#7712) ;
#7720=VERTEX_POINT('',#7719) ;
#7768=VERTEX_POINT('',#7767) ;
#7775=VERTEX_POINT('',#7774) ;
#7823=VERTEX_POINT('',#7822) ;
#7830=VERTEX_POINT('',#7829) ;
#8989=VERTEX_POINT('',#8988) ;
#8991=VERTEX_POINT('',#8990) ;
#8998=VERTEX_POINT('',#8997) ;
#9005=VERTEX_POINT('',#9004) ;
#9029=VERTEX_POINT('',#9028) ;
#9036=VERTEX_POINT('',#9035) ;
#9060=VERTEX_POINT('',#9059) ;
#9067=VERTEX_POINT('',#9066) ;
#9091=VERTEX_POINT('',#9090) ;
#9098=VERTEX_POINT('',#9097) ;
#9122=VERTEX_POINT('',#9121) ;
#9129=VERTEX_POINT('',#9128) ;
#9153=VERTEX_POINT('',#9152) ;
#9160=VERTEX_POINT('',#9159) ;
#9184=VERTEX_POINT('',#9183) ;
#9191=VERTEX_POINT('',#9190) ;
#9215=VERTEX_POINT('',#9214) ;
#9222=VERTEX_POINT('',#9221) ;
#9246=VERTEX_POINT('',#9245) ;
#9253=VERTEX_POINT('',#9252) ;
#9277=VERTEX_POINT('',#9276) ;
#9284=VERTEX_POINT('',#9283) ;
#9308=VERTEX_POINT('',#9307) ;
#9315=VERTEX_POINT('',#9314) ;
#9339=VERTEX_POINT('',#9338) ;
#9346=VERTEX_POINT('',#9345) ;
#9365=VERTEX_POINT('',#9364) ;
#9372=VERTEX_POINT('',#9371) ;
#9396=VERTEX_POINT('',#9395) ;
#9403=VERTEX_POINT('',#9402) ;
#9427=VERTEX_POINT('',#9426) ;
#9434=VERTEX_POINT('',#9433) ;
#9531=VERTEX_POINT('',#9530) ;
#9533=VERTEX_POINT('',#9532) ;
#9540=VERTEX_POINT('',#9539) ;
#9547=VERTEX_POINT('',#9546) ;
#9571=VERTEX_POINT('',#9570) ;
#9578=VERTEX_POINT('',#9577) ;
#9602=VERTEX_POINT('',#9601) ;
#9609=VERTEX_POINT('',#9608) ;
#9633=VERTEX_POINT('',#9632) ;
#9640=VERTEX_POINT('',#9639) ;
#9664=VERTEX_POINT('',#9663) ;
#9671=VERTEX_POINT('',#9670) ;
#9695=VERTEX_POINT('',#9694) ;
#9702=VERTEX_POINT('',#9701) ;
#9726=VERTEX_POINT('',#9725) ;
#9733=VERTEX_POINT('',#9732) ;
#9757=VERTEX_POINT('',#9756) ;
#9764=VERTEX_POINT('',#9763) ;
#9788=VERTEX_POINT('',#9787) ;
#9795=VERTEX_POINT('',#9794) ;
#9819=VERTEX_POINT('',#9818) ;
#9826=VERTEX_POINT('',#9825) ;
#9850=VERTEX_POINT('',#9849) ;
#9857=VERTEX_POINT('',#9856) ;
#9881=VERTEX_POINT('',#9880) ;
#9888=VERTEX_POINT('',#9887) ;
#9907=VERTEX_POINT('',#9906) ;
#9914=VERTEX_POINT('',#9913) ;
#9938=VERTEX_POINT('',#9937) ;
#9945=VERTEX_POINT('',#9944) ;
#9969=VERTEX_POINT('',#9968) ;
#9976=VERTEX_POINT('',#9975) ;
#8967=ADVANCED_BREP_SHAPE_REPRESENTATION('NONE',(#21,#8969,#9518),#16) ;
#70=ADVANCED_FACE('AR00000243789 - PLAQUE POUR REGLAGE',(#69),#35,.T.) ;
#643=ADVANCED_FACE('AR00000243789 - PLAQUE POUR REGLAGE',(#276,#438,#504,#570,#588,#606,#624,#642),#75,.T.) ;
#674=ADVANCED_FACE('AR00000243789 - PLAQUE POUR REGLAGE',(#673),#648,.F.) ;
#705=ADVANCED_FACE('AR00000243789 - PLAQUE POUR REGLAGE',(#704),#679,.T.) ;
#761=ADVANCED_FACE('AR00000243789 - PLAQUE POUR REGLAGE',(#760),#710,.F.) ;
#785=ADVANCED_FACE('AR00000243789 - PLAQUE POUR REGLAGE',(#784),#766,.F.) ;
#809=ADVANCED_FACE('AR00000243789 - PLAQUE POUR REGLAGE',(#808),#790,.F.) ;
#833=ADVANCED_FACE('AR00000243789 - PLAQUE POUR REGLAGE',(#832),#814,.F.) ;
#857=ADVANCED_FACE('AR00000243789 - PLAQUE POUR REGLAGE',(#856),#838,.F.) ;
#913=ADVANCED_FACE('AR00000243789 - PLAQUE POUR REGLAGE',(#912),#862,.F.) ;
#944=ADVANCED_FACE('AR00000243789 - PLAQUE POUR REGLAGE',(#943),#918,.T.) ;
#975=ADVANCED_FACE('AR00000243789 - PLAQUE POUR REGLAGE',(#974),#949,.T.) ;
#1006=ADVANCED_FACE('AR00000243789 - PLAQUE POUR REGLAGE',(#1005),#980,.T.) ;
#1037=ADVANCED_FACE('AR00000243789 - PLAQUE POUR REGLAGE',(#1036),#1011,.T.) ;
#1068=ADVANCED_FACE('AR00000243789 - PLAQUE POUR REGLAGE',(#1067),#1042,.F.) ;
#1099=ADVANCED_FACE('AR00000243789 - PLAQUE POUR REGLAGE',(#1098),#1073,.F.) ;
#1130=ADVANCED_FACE('AR00000243789 - PLAQUE POUR REGLAGE',(#1129),#1104,.T.) ;
#1161=ADVANCED_FACE('AR00000243789 - PLAQUE POUR REGLAGE',(#1160),#1135,.T.) ;
#1192=ADVANCED_FACE('AR00000243789 - PLAQUE POUR REGLAGE',(#1191),#1166,.T.) ;
#1223=ADVANCED_FACE('AR00000243789 - PLAQUE POUR REGLAGE',(#1222),#1197,.T.) ;
#1254=ADVANCED_FACE('AR00000243789 - PLAQUE POUR REGLAGE',(#1253),#1228,.F.) ;
#1285=ADVANCED_FACE('AR00000243789 - PLAQUE POUR REGLAGE',(#1284),#1259,.F.) ;
#1311=ADVANCED_FACE('AR00000243789 - PLAQUE POUR REGLAGE',(#1310),#1042,.F.) ;
#1342=ADVANCED_FACE('AR00000243789 - PLAQUE POUR REGLAGE',(#1341),#1316,.T.) ;
#1373=ADVANCED_FACE('AR00000243789 - PLAQUE POUR REGLAGE',(#1372),#1347,.T.) ;
#1404=ADVANCED_FACE('AR00000243789 - PLAQUE POUR REGLAGE',(#1403),#1378,.T.) ;
#1430=ADVANCED_FACE('AR00000243789 - PLAQUE POUR REGLAGE',(#1429),#918,.T.) ;
#1461=ADVANCED_FACE('AR00000243789 - PLAQUE POUR REGLAGE',(#1460),#1435,.F.) ;
#1515=ADVANCED_FACE('AR00000243789 - PLAQUE POUR REGLAGE',(#1514),#1466,.F.) ;
#1539=ADVANCED_FACE('AR00000243789 - PLAQUE POUR REGLAGE',(#1538),#1520,.F.) ;
#1556=ADVANCED_FACE('AR00000243789 - PLAQUE POUR REGLAGE',(#1555),#1544,.F.) ;
#1596=ADVANCED_FACE('AR00000243789 - PLAQUE POUR REGLAGE',(#1595),#1561,.F.) ;
#1627=ADVANCED_FACE('AR00000243789 - PLAQUE POUR REGLAGE',(#1626),#1601,.T.) ;
#1658=ADVANCED_FACE('AR00000243789 - PLAQUE POUR REGLAGE',(#1657),#1632,.F.) ;
#1689=ADVANCED_FACE('AR00000243789 - PLAQUE POUR REGLAGE',(#1688),#1663,.T.) ;
#1720=ADVANCED_FACE('AR00000243789 - PLAQUE POUR REGLAGE',(#1719),#1694,.F.) ;
#1767=ADVANCED_FACE('AR00000243789 - PLAQUE POUR REGLAGE',(#1766),#1725,.T.) ;
#1823=ADVANCED_FACE('AR00000243789 - PLAQUE POUR REGLAGE',(#1822),#1772,.T.) ;
#1854=ADVANCED_FACE('AR00000243789 - PLAQUE POUR REGLAGE',(#1853),#1828,.F.) ;
#1885=ADVANCED_FACE('AR00000243789 - PLAQUE POUR REGLAGE',(#1884),#1859,.T.) ;
#1916=ADVANCED_FACE('AR00000243789 - PLAQUE POUR REGLAGE',(#1915),#1890,.F.) ;
#1947=ADVANCED_FACE('AR00000243789 - PLAQUE POUR REGLAGE',(#1946),#1921,.T.) ;
#1978=ADVANCED_FACE('AR00000243789 - PLAQUE POUR REGLAGE',(#1977),#1952,.F.) ;
#2000=ADVANCED_FACE('AR00000243789 - PLAQUE POUR REGLAGE',(#1999),#1983,.T.) ;
#2040=ADVANCED_FACE('AR00000243789 - PLAQUE POUR REGLAGE',(#2039),#2005,.F.) ;
#2057=ADVANCED_FACE('AR00000243789 - PLAQUE POUR REGLAGE',(#2056),#2005,.F.) ;
#2097=ADVANCED_FACE('AR00000243789 - PLAQUE POUR REGLAGE',(#2096),#2062,.F.) ;
#2114=ADVANCED_FACE('AR00000243789 - PLAQUE POUR REGLAGE',(#2113),#2062,.F.) ;
#2781=ADVANCED_FACE('AR00000243789 - PLAQUE POUR REGLAGE',(#2255,#2326,#2504,#2522,#2540,#2558,#2576,#2642,#2708,#2726,#2744,#2762,#2780),#2119,.F.) ;
#2812=ADVANCED_FACE('AR00000243789 - PLAQUE POUR REGLAGE',(#2811),#2786,.F.) ;
#2852=ADVANCED_FACE('AR00000243789 - PLAQUE POUR REGLAGE',(#2851),#2817,.T.) ;
#2883=ADVANCED_FACE('AR00000243789 - PLAQUE POUR REGLAGE',(#2882),#2857,.F.) ;
#2987=ADVANCED_FACE('AR00000243789 - PLAQUE POUR REGLAGE',(#2986),#2888,.T.) ;
#3013=ADVANCED_FACE('AR00000243789 - PLAQUE POUR REGLAGE',(#3012),#2817,.T.) ;
#3037=ADVANCED_FACE('AR00000243789 - PLAQUE POUR REGLAGE',(#3036),#3018,.F.) ;
#3132=ADVANCED_FACE('AR00000243789 - PLAQUE POUR REGLAGE',(#3131),#3042,.T.) ;
#3149=ADVANCED_FACE('AR00000243789 - PLAQUE POUR REGLAGE',(#3148),#3137,.F.) ;
#3166=ADVANCED_FACE('AR00000243789 - PLAQUE POUR REGLAGE',(#3165),#3154,.T.) ;
#3183=ADVANCED_FACE('AR00000243789 - PLAQUE POUR REGLAGE',(#3182),#3171,.T.) ;
#3200=ADVANCED_FACE('AR00000243789 - PLAQUE POUR REGLAGE',(#3199),#3188,.T.) ;
#3212=ADVANCED_FACE('AR00000243789 - PLAQUE POUR REGLAGE',(#3211),#3205,.F.) ;
#3247=ADVANCED_FACE('AR00000243789 - PLAQUE POUR REGLAGE',(#3246),#3188,.T.) ;
#3264=ADVANCED_FACE('AR00000243789 - PLAQUE POUR REGLAGE',(#3263),#3171,.T.) ;
#3290=ADVANCED_FACE('AR00000243789 - PLAQUE POUR REGLAGE',(#3289),#3205,.F.) ;
#3316=ADVANCED_FACE('AR00000243789 - PLAQUE POUR REGLAGE',(#3315),#3154,.T.) ;
#3383=ADVANCED_FACE('AR00000243789 - PLAQUE POUR REGLAGE',(#3382),#3321,.F.) ;
#3399=ADVANCED_FACE('AR00000243789 - PLAQUE POUR REGLAGE',(#3398),#710,.F.) ;
#3461=ADVANCED_FACE('AR00000243789 - PLAQUE POUR REGLAGE',(#3460),#3404,.F.) ;
#3483=ADVANCED_FACE('AR00000243789 - PLAQUE POUR REGLAGE',(#3482),#3466,.F.) ;
#3509=ADVANCED_FACE('AR00000243789 - PLAQUE POUR REGLAGE',(#3508),#3488,.T.) ;
#3526=ADVANCED_FACE('AR00000243789 - PLAQUE POUR REGLAGE',(#3525),#3514,.F.) ;
#3538=ADVANCED_FACE('AR00000243789 - PLAQUE POUR REGLAGE',(#3537),#790,.F.) ;
#3555=ADVANCED_FACE('AR00000243789 - PLAQUE POUR REGLAGE',(#3554),#3543,.F.) ;
#3572=ADVANCED_FACE('AR00000243789 - PLAQUE POUR REGLAGE',(#3571),#3560,.T.) ;
#3621=ADVANCED_FACE('AR00000243789 - PLAQUE POUR REGLAGE',(#3620),#3577,.F.) ;
#3652=ADVANCED_FACE('AR00000243789 - PLAQUE POUR REGLAGE',(#3651),#3626,.F.) ;
#3683=ADVANCED_FACE('AR00000243789 - PLAQUE POUR REGLAGE',(#3682),#3657,.T.) ;
#3709=ADVANCED_FACE('AR00000243789 - PLAQUE POUR REGLAGE',(#3708),#980,.T.) ;
#3740=ADVANCED_FACE('AR00000243789 - PLAQUE POUR REGLAGE',(#3739),#3714,.T.) ;
#3771=ADVANCED_FACE('AR00000243789 - PLAQUE POUR REGLAGE',(#3770),#3745,.T.) ;
#3802=ADVANCED_FACE('AR00000243789 - PLAQUE POUR REGLAGE',(#3801),#3776,.F.) ;
#3833=ADVANCED_FACE('AR00000243789 - PLAQUE POUR REGLAGE',(#3832),#3807,.F.) ;
#3864=ADVANCED_FACE('AR00000243789 - PLAQUE POUR REGLAGE',(#3863),#3838,.T.) ;
#3895=ADVANCED_FACE('AR00000243789 - PLAQUE POUR REGLAGE',(#3894),#3869,.F.) ;
#3926=ADVANCED_FACE('AR00000243789 - PLAQUE POUR REGLAGE',(#3925),#3900,.T.) ;
#3957=ADVANCED_FACE('AR00000243789 - PLAQUE POUR REGLAGE',(#3956),#3931,.T.) ;
#3988=ADVANCED_FACE('AR00000243789 - PLAQUE POUR REGLAGE',(#3987),#3962,.F.) ;
#4014=ADVANCED_FACE('AR00000243789 - PLAQUE POUR REGLAGE',(#4013),#3745,.T.) ;
#4045=ADVANCED_FACE('AR00000243789 - PLAQUE POUR REGLAGE',(#4044),#4019,.T.) ;
#4071=ADVANCED_FACE('AR00000243789 - PLAQUE POUR REGLAGE',(#4070),#1347,.T.) ;
#4102=ADVANCED_FACE('AR00000243789 - PLAQUE POUR REGLAGE',(#4101),#4076,.T.) ;
#4128=ADVANCED_FACE('AR00000243789 - PLAQUE POUR REGLAGE',(#4127),#3626,.F.) ;
#4159=ADVANCED_FACE('AR00000243789 - PLAQUE POUR REGLAGE',(#4158),#4133,.F.) ;
#4204=ADVANCED_FACE('AR00000243789 - PLAQUE POUR REGLAGE',(#4203),#4164,.T.) ;
#4221=ADVANCED_FACE('AR00000243789 - PLAQUE POUR REGLAGE',(#4220),#4209,.F.) ;
#4228=ADVANCED_FACE('AR00000243789 - PLAQUE POUR REGLAGE',(#4227),#1544,.F.) ;
#4259=ADVANCED_FACE('AR00000243789 - PLAQUE POUR REGLAGE',(#4258),#4233,.F.) ;
#4283=ADVANCED_FACE('AR00000243789 - PLAQUE POUR REGLAGE',(#4282),#4264,.F.) ;
#4307=ADVANCED_FACE('AR00000243789 - PLAQUE POUR REGLAGE',(#4306),#4288,.F.) ;
#4326=ADVANCED_FACE('AR00000243789 - PLAQUE POUR REGLAGE',(#4325),#1663,.T.) ;
#4350=ADVANCED_FACE('AR00000243789 - PLAQUE POUR REGLAGE',(#4349),#4331,.F.) ;
#4383=ADVANCED_FACE('AR00000243789 - PLAQUE POUR REGLAGE',(#4382),#4355,.T.) ;
#4423=ADVANCED_FACE('AR00000243789 - PLAQUE POUR REGLAGE',(#4422),#4388,.T.) ;
#4447=ADVANCED_FACE('AR00000243789 - PLAQUE POUR REGLAGE',(#4446),#4428,.F.) ;
#4466=ADVANCED_FACE('AR00000243789 - PLAQUE POUR REGLAGE',(#4465),#1859,.T.) ;
#4490=ADVANCED_FACE('AR00000243789 - PLAQUE POUR REGLAGE',(#4489),#4471,.F.) ;
#4514=ADVANCED_FACE('AR00000243789 - PLAQUE POUR REGLAGE',(#4513),#4495,.F.) ;
#4538=ADVANCED_FACE('AR00000243789 - PLAQUE POUR REGLAGE',(#4537),#4519,.F.) ;
#4555=ADVANCED_FACE('AR00000243789 - PLAQUE POUR REGLAGE',(#4554),#4543,.F.) ;
#4595=ADVANCED_FACE('AR00000243789 - PLAQUE POUR REGLAGE',(#4594),#4560,.F.) ;
#4612=ADVANCED_FACE('AR00000243789 - PLAQUE POUR REGLAGE',(#4611),#4560,.F.) ;
#4652=ADVANCED_FACE('AR00000243789 - PLAQUE POUR REGLAGE',(#4651),#4617,.F.) ;
#4669=ADVANCED_FACE('AR00000243789 - PLAQUE POUR REGLAGE',(#4668),#4617,.F.) ;
#4686=ADVANCED_FACE('AR00000243789 - PLAQUE POUR REGLAGE',(#4685),#4674,.F.) ;
#4703=ADVANCED_FACE('AR00000243789 - PLAQUE POUR REGLAGE',(#4702),#4691,.F.) ;
#4720=ADVANCED_FACE('AR00000243789 - PLAQUE POUR REGLAGE',(#4719),#4708,.T.) ;
#4737=ADVANCED_FACE('AR00000243789 - PLAQUE POUR REGLAGE',(#4736),#4725,.F.) ;
#4754=ADVANCED_FACE('AR00000243789 - PLAQUE POUR REGLAGE',(#4753),#4742,.T.) ;
#4761=ADVANCED_FACE('AR00000243789 - PLAQUE POUR REGLAGE',(#4760),#3205,.F.) ;
#4778=ADVANCED_FACE('AR00000243789 - PLAQUE POUR REGLAGE',(#4777),#4742,.T.) ;
#4785=ADVANCED_FACE('AR00000243789 - PLAQUE POUR REGLAGE',(#4784),#4725,.F.) ;
#4797=ADVANCED_FACE('AR00000243789 - PLAQUE POUR REGLAGE',(#4796),#3205,.F.) ;
#4809=ADVANCED_FACE('AR00000243789 - PLAQUE POUR REGLAGE',(#4808),#4708,.T.) ;
#4820=ADVANCED_FACE('AR00000243789 - PLAQUE POUR REGLAGE',(#4819),#3488,.T.) ;
#4860=ADVANCED_FACE('AR00000243789 - PLAQUE POUR REGLAGE',(#4859),#4825,.F.) ;
#4885=ADVANCED_FACE('AR00000243789 - PLAQUE POUR REGLAGE',(#4884),#4825,.F.) ;
#4926=ADVANCED_FACE('AR00000243789 - PLAQUE POUR REGLAGE',(#4925),#4891,.F.) ;
#4944=ADVANCED_FACE('AR00000243789 - PLAQUE POUR REGLAGE',(#4943),#4891,.F.) ;
#4985=ADVANCED_FACE('AR00000243789 - PLAQUE POUR REGLAGE',(#4984),#4950,.F.) ;
#5003=ADVANCED_FACE('AR00000243789 - PLAQUE POUR REGLAGE',(#5002),#4950,.F.) ;
#5044=ADVANCED_FACE('AR00000243789 - PLAQUE POUR REGLAGE',(#5043),#5009,.F.) ;
#5062=ADVANCED_FACE('AR00000243789 - PLAQUE POUR REGLAGE',(#5061),#5009,.F.) ;
#5103=ADVANCED_FACE('AR00000243789 - PLAQUE POUR REGLAGE',(#5102),#5068,.F.) ;
#5121=ADVANCED_FACE('AR00000243789 - PLAQUE POUR REGLAGE',(#5120),#5068,.F.) ;
#5162=ADVANCED_FACE('AR00000243789 - PLAQUE POUR REGLAGE',(#5161),#5127,.F.) ;
#5180=ADVANCED_FACE('AR00000243789 - PLAQUE POUR REGLAGE',(#5179),#5127,.F.) ;
#5221=ADVANCED_FACE('AR00000243789 - PLAQUE POUR REGLAGE',(#5220),#5186,.F.) ;
#5239=ADVANCED_FACE('AR00000243789 - PLAQUE POUR REGLAGE',(#5238),#5186,.F.) ;
#5280=ADVANCED_FACE('AR00000243789 - PLAQUE POUR REGLAGE',(#5279),#5245,.F.) ;
#5298=ADVANCED_FACE('AR00000243789 - PLAQUE POUR REGLAGE',(#5297),#5245,.F.) ;
#5339=ADVANCED_FACE('AR00000243789 - PLAQUE POUR REGLAGE',(#5338),#5304,.F.) ;
#5357=ADVANCED_FACE('AR00000243789 - PLAQUE POUR REGLAGE',(#5356),#5304,.F.) ;
#5398=ADVANCED_FACE('AR00000243789 - PLAQUE POUR REGLAGE',(#5397),#5363,.F.) ;
#5416=ADVANCED_FACE('AR00000243789 - PLAQUE POUR REGLAGE',(#5415),#5363,.F.) ;
#5457=ADVANCED_FACE('AR00000243789 - PLAQUE POUR REGLAGE',(#5456),#5422,.F.) ;
#5475=ADVANCED_FACE('AR00000243789 - PLAQUE POUR REGLAGE',(#5474),#5422,.F.) ;
#5516=ADVANCED_FACE('AR00000243789 - PLAQUE POUR REGLAGE',(#5515),#5481,.F.) ;
#5534=ADVANCED_FACE('AR00000243789 - PLAQUE POUR REGLAGE',(#5533),#5481,.F.) ;
#5575=ADVANCED_FACE('AR00000243789 - PLAQUE POUR REGLAGE',(#5574),#5540,.F.) ;
#5593=ADVANCED_FACE('AR00000243789 - PLAQUE POUR REGLAGE',(#5592),#5540,.F.) ;
#5634=ADVANCED_FACE('AR00000243789 - PLAQUE POUR REGLAGE',(#5633),#5599,.F.) ;
#5652=ADVANCED_FACE('AR00000243789 - PLAQUE POUR REGLAGE',(#5651),#5599,.F.) ;
#5693=ADVANCED_FACE('AR00000243789 - PLAQUE POUR REGLAGE',(#5692),#5658,.F.) ;
#5711=ADVANCED_FACE('AR00000243789 - PLAQUE POUR REGLAGE',(#5710),#5658,.F.) ;
#5752=ADVANCED_FACE('AR00000243789 - PLAQUE POUR REGLAGE',(#5751),#5717,.F.) ;
#5770=ADVANCED_FACE('AR00000243789 - PLAQUE POUR REGLAGE',(#5769),#5717,.F.) ;
#5811=ADVANCED_FACE('AR00000243789 - PLAQUE POUR REGLAGE',(#5810),#5776,.F.) ;
#5829=ADVANCED_FACE('AR00000243789 - PLAQUE POUR REGLAGE',(#5828),#5776,.F.) ;
#5870=ADVANCED_FACE('AR00000243789 - PLAQUE POUR REGLAGE',(#5869),#5835,.F.) ;
#5902=ADVANCED_FACE('AR00000243789 - PLAQUE POUR REGLAGE',(#5901),#5876,.T.) ;
#5934=ADVANCED_FACE('AR00000243789 - PLAQUE POUR REGLAGE',(#5933),#5908,.F.) ;
#5957=ADVANCED_FACE('AR00000243789 - PLAQUE POUR REGLAGE',(#5956),#5940,.T.) ;
#5998=ADVANCED_FACE('AR00000243789 - PLAQUE POUR REGLAGE',(#5997),#5963,.F.) ;
#6025=ADVANCED_FACE('AR00000243789 - PLAQUE POUR REGLAGE',(#6024),#5940,.T.) ;
#6057=ADVANCED_FACE('AR00000243789 - PLAQUE POUR REGLAGE',(#6056),#6031,.F.) ;
#6075=ADVANCED_FACE('AR00000243789 - PLAQUE POUR REGLAGE',(#6074),#5876,.T.) ;
#6116=ADVANCED_FACE('AR00000243789 - PLAQUE POUR REGLAGE',(#6115),#6081,.F.) ;
#6134=ADVANCED_FACE('AR00000243789 - PLAQUE POUR REGLAGE',(#6133),#6081,.F.) ;
#6175=ADVANCED_FACE('AR00000243789 - PLAQUE POUR REGLAGE',(#6174),#6140,.F.) ;
#6193=ADVANCED_FACE('AR00000243789 - PLAQUE POUR REGLAGE',(#6192),#6140,.F.) ;
#6234=ADVANCED_FACE('AR00000243789 - PLAQUE POUR REGLAGE',(#6233),#6199,.F.) ;
#6252=ADVANCED_FACE('AR00000243789 - PLAQUE POUR REGLAGE',(#6251),#6199,.F.) ;
#6293=ADVANCED_FACE('AR00000243789 - PLAQUE POUR REGLAGE',(#6292),#6258,.F.) ;
#6311=ADVANCED_FACE('AR00000243789 - PLAQUE POUR REGLAGE',(#6310),#6258,.F.) ;
#6352=ADVANCED_FACE('AR00000243789 - PLAQUE POUR REGLAGE',(#6351),#6317,.F.) ;
#6370=ADVANCED_FACE('AR00000243789 - PLAQUE POUR REGLAGE',(#6369),#6317,.F.) ;
#6411=ADVANCED_FACE('AR00000243789 - PLAQUE POUR REGLAGE',(#6410),#6376,.F.) ;
#6429=ADVANCED_FACE('AR00000243789 - PLAQUE POUR REGLAGE',(#6428),#6376,.F.) ;
#6470=ADVANCED_FACE('AR00000243789 - PLAQUE POUR REGLAGE',(#6469),#6435,.F.) ;
#6488=ADVANCED_FACE('AR00000243789 - PLAQUE POUR REGLAGE',(#6487),#6435,.F.) ;
#6529=ADVANCED_FACE('AR00000243789 - PLAQUE POUR REGLAGE',(#6528),#6494,.F.) ;
#6547=ADVANCED_FACE('AR00000243789 - PLAQUE POUR REGLAGE',(#6546),#6494,.F.) ;
#6588=ADVANCED_FACE('AR00000243789 - PLAQUE POUR REGLAGE',(#6587),#6553,.F.) ;
#6606=ADVANCED_FACE('AR00000243789 - PLAQUE POUR REGLAGE',(#6605),#6553,.F.) ;
#6647=ADVANCED_FACE('AR00000243789 - PLAQUE POUR REGLAGE',(#6646),#6612,.F.) ;
#6665=ADVANCED_FACE('AR00000243789 - PLAQUE POUR REGLAGE',(#6664),#6612,.F.) ;
#6706=ADVANCED_FACE('AR00000243789 - PLAQUE POUR REGLAGE',(#6705),#6671,.F.) ;
#6724=ADVANCED_FACE('AR00000243789 - PLAQUE POUR REGLAGE',(#6723),#6671,.F.) ;
#6765=ADVANCED_FACE('AR00000243789 - PLAQUE POUR REGLAGE',(#6764),#6730,.F.) ;
#6783=ADVANCED_FACE('AR00000243789 - PLAQUE POUR REGLAGE',(#6782),#6730,.F.) ;
#6824=ADVANCED_FACE('AR00000243789 - PLAQUE POUR REGLAGE',(#6823),#6789,.F.) ;
#6842=ADVANCED_FACE('AR00000243789 - PLAQUE POUR REGLAGE',(#6841),#6789,.F.) ;
#6883=ADVANCED_FACE('AR00000243789 - PLAQUE POUR REGLAGE',(#6882),#6848,.F.) ;
#6901=ADVANCED_FACE('AR00000243789 - PLAQUE POUR REGLAGE',(#6900),#6848,.F.) ;
#6942=ADVANCED_FACE('AR00000243789 - PLAQUE POUR REGLAGE',(#6941),#6907,.F.) ;
#6960=ADVANCED_FACE('AR00000243789 - PLAQUE POUR REGLAGE',(#6959),#6907,.F.) ;
#7001=ADVANCED_FACE('AR00000243789 - PLAQUE POUR REGLAGE',(#7000),#6966,.F.) ;
#7019=ADVANCED_FACE('AR00000243789 - PLAQUE POUR REGLAGE',(#7018),#6966,.F.) ;
#7060=ADVANCED_FACE('AR00000243789 - PLAQUE POUR REGLAGE',(#7059),#7025,.F.) ;
#7078=ADVANCED_FACE('AR00000243789 - PLAQUE POUR REGLAGE',(#7077),#7025,.F.) ;
#7119=ADVANCED_FACE('AR00000243789 - PLAQUE POUR REGLAGE',(#7118),#7084,.F.) ;
#7151=ADVANCED_FACE('AR00000243789 - PLAQUE POUR REGLAGE',(#7150),#7125,.F.) ;
#7183=ADVANCED_FACE('AR00000243789 - PLAQUE POUR REGLAGE',(#7182),#7157,.F.) ;
#7206=ADVANCED_FACE('AR00000243789 - PLAQUE POUR REGLAGE',(#7205),#7189,.F.) ;
#7247=ADVANCED_FACE('AR00000243789 - PLAQUE POUR REGLAGE',(#7246),#7212,.F.) ;
#7274=ADVANCED_FACE('AR00000243789 - PLAQUE POUR REGLAGE',(#7273),#7189,.F.) ;
#7306=ADVANCED_FACE('AR00000243789 - PLAQUE POUR REGLAGE',(#7305),#7280,.F.) ;
#7324=ADVANCED_FACE('AR00000243789 - PLAQUE POUR REGLAGE',(#7323),#7125,.F.) ;
#7356=ADVANCED_FACE('AR00000243789 - PLAQUE POUR REGLAGE',(#7355),#7330,.F.) ;
#7381=ADVANCED_FACE('AR00000243789 - PLAQUE POUR REGLAGE',(#7380),#7362,.F.) ;
#7413=ADVANCED_FACE('AR00000243789 - PLAQUE POUR REGLAGE',(#7412),#7387,.F.) ;
#7438=ADVANCED_FACE('AR00000243789 - PLAQUE POUR REGLAGE',(#7437),#7419,.T.) ;
#7463=ADVANCED_FACE('AR00000243789 - PLAQUE POUR REGLAGE',(#7462),#7444,.F.) ;
#7495=ADVANCED_FACE('AR00000243789 - PLAQUE POUR REGLAGE',(#7494),#7469,.F.) ;
#7520=ADVANCED_FACE('AR00000243789 - PLAQUE POUR REGLAGE',(#7519),#7501,.F.) ;
#7538=ADVANCED_FACE('AR00000243789 - PLAQUE POUR REGLAGE',(#7537),#7526,.T.) ;
#7641=ADVANCED_FACE('AR00000243789 - PLAQUE POUR REGLAGE',(#7624,#7628,#7632,#7636,#7640),#7544,.T.) ;
#7673=ADVANCED_FACE('AR00000243789 - PLAQUE POUR REGLAGE',(#7672),#7647,.F.) ;
#7686=ADVANCED_FACE('AR00000243789 - PLAQUE POUR REGLAGE',(#7685),#7647,.F.) ;
#7701=ADVANCED_FACE('AR00000243789 - PLAQUE POUR REGLAGE',(#7696,#7700),#7692,.T.) ;
#7733=ADVANCED_FACE('AR00000243789 - PLAQUE POUR REGLAGE',(#7732),#7707,.F.) ;
#7746=ADVANCED_FACE('AR00000243789 - PLAQUE POUR REGLAGE',(#7745),#7707,.F.) ;
#7756=ADVANCED_FACE('AR00000243789 - PLAQUE POUR REGLAGE',(#7751,#7755),#7692,.T.) ;
#7788=ADVANCED_FACE('AR00000243789 - PLAQUE POUR REGLAGE',(#7787),#7762,.F.) ;
#7801=ADVANCED_FACE('AR00000243789 - PLAQUE POUR REGLAGE',(#7800),#7762,.F.) ;
#7811=ADVANCED_FACE('AR00000243789 - PLAQUE POUR REGLAGE',(#7806,#7810),#7692,.T.) ;
#7843=ADVANCED_FACE('AR00000243789 - PLAQUE POUR REGLAGE',(#7842),#7817,.F.) ;
#7856=ADVANCED_FACE('AR00000243789 - PLAQUE POUR REGLAGE',(#7855),#7817,.F.) ;
#7866=ADVANCED_FACE('AR00000243789 - PLAQUE POUR REGLAGE',(#7861,#7865),#7692,.T.) ;
#7884=ADVANCED_FACE('AR00000243789 - PLAQUE POUR REGLAGE',(#7883),#7872,.T.) ;
#7994=ADVANCED_FACE('AR00000243789 - PLAQUE POUR REGLAGE',(#7913,#7917,#7921,#7925,#7929,#7933,#7937,#7941,#7945,#7949,#7953,#7957,#7961,#7965,#7969,#7973,#7977,#7981,#7987,#7993),#7890,.T.) ;
#8109=ADVANCED_FACE('AR00000243789 - PLAQUE POUR REGLAGE',(#8028,#8032,#8036,#8040,#8044,#8048,#8052,#8056,#8060,#8064,#8068,#8072,#8076,#8080,#8084,#8088,#8092,#8096,#8102,#8108),#8000,.F.) ;
#8117=ADVANCED_FACE('AR00000243789 - PLAQUE POUR REGLAGE',(#8116),#7872,.T.) ;
#8135=ADVANCED_FACE('AR00000243789 - PLAQUE POUR REGLAGE',(#8134),#8123,.F.) ;
#8240=ADVANCED_FACE('AR00000243789 - PLAQUE POUR REGLAGE',(#8159,#8163,#8167,#8171,#8175,#8179,#8183,#8187,#8191,#8195,#8199,#8203,#8207,#8211,#8215,#8219,#8223,#8227,#8233,#8239),#7890,.T.) ;
#8350=ADVANCED_FACE('AR00000243789 - PLAQUE POUR REGLAGE',(#8269,#8273,#8277,#8281,#8285,#8289,#8293,#8297,#8301,#8305,#8309,#8313,#8317,#8321,#8325,#8329,#8333,#8337,#8343,#8349),#8000,.F.) ;
#8358=ADVANCED_FACE('AR00000243789 - PLAQUE POUR REGLAGE',(#8357),#8123,.F.) ;
#8383=ADVANCED_FACE('AR00000243789 - PLAQUE POUR REGLAGE',(#8382),#8364,.F.) ;
#8395=ADVANCED_FACE('AR00000243789 - PLAQUE POUR REGLAGE',(#8394),#8388,.F.) ;
#8414=ADVANCED_FACE('AR00000243789 - PLAQUE POUR REGLAGE',(#8413),#8400,.F.) ;
#8431=ADVANCED_FACE('AR00000243789 - PLAQUE POUR REGLAGE',(#8430),#8419,.F.) ;
#8448=ADVANCED_FACE('AR00000243789 - PLAQUE POUR REGLAGE',(#8447),#8436,.F.) ;
#8465=ADVANCED_FACE('AR00000243789 - PLAQUE POUR REGLAGE',(#8464),#8453,.F.) ;
#8477=ADVANCED_FACE('AR00000243789 - PLAQUE POUR REGLAGE',(#8476),#8470,.F.) ;
#8499=ADVANCED_FACE('AR00000243789 - PLAQUE POUR REGLAGE',(#8498),#8482,.F.) ;
#8516=ADVANCED_FACE('AR00000243789 - PLAQUE POUR REGLAGE',(#8515),#8504,.F.) ;
#8533=ADVANCED_FACE('AR00000243789 - PLAQUE POUR REGLAGE',(#8532),#8521,.F.) ;
#8550=ADVANCED_FACE('AR00000243789 - PLAQUE POUR REGLAGE',(#8549),#8538,.T.) ;
#8567=ADVANCED_FACE('AR00000243789 - PLAQUE POUR REGLAGE',(#8566),#8555,.F.) ;
#8579=ADVANCED_FACE('AR00000243789 - PLAQUE POUR REGLAGE',(#8578),#8453,.F.) ;
#8596=ADVANCED_FACE('AR00000243789 - PLAQUE POUR REGLAGE',(#8595),#8584,.F.) ;
#8608=ADVANCED_FACE('AR00000243789 - PLAQUE POUR REGLAGE',(#8607),#8601,.T.) ;
#8630=ADVANCED_FACE('AR00000243789 - PLAQUE POUR REGLAGE',(#8629),#8613,.F.) ;
#8647=ADVANCED_FACE('AR00000243789 - PLAQUE POUR REGLAGE',(#8646),#8635,.T.) ;
#8664=ADVANCED_FACE('AR00000243789 - PLAQUE POUR REGLAGE',(#8663),#8652,.F.) ;
#8676=ADVANCED_FACE('AR00000243789 - PLAQUE POUR REGLAGE',(#8675),#8538,.T.) ;
#8693=ADVANCED_FACE('AR00000243789 - PLAQUE POUR REGLAGE',(#8692),#8681,.F.) ;
#8710=ADVANCED_FACE('AR00000243789 - PLAQUE POUR REGLAGE',(#8709),#8698,.T.) ;
#8727=ADVANCED_FACE('AR00000243789 - PLAQUE POUR REGLAGE',(#8726),#8715,.F.) ;
#8734=ADVANCED_FACE('AR00000243789 - PLAQUE POUR REGLAGE',(#8733),#8601,.T.) ;
#8753=ADVANCED_FACE('AR00000243789 - PLAQUE POUR REGLAGE',(#8752),#8364,.F.) ;
#8770=ADVANCED_FACE('AR00000243789 - PLAQUE POUR REGLAGE',(#8769),#8758,.F.) ;
#8782=ADVANCED_FACE('AR00000243789 - PLAQUE POUR REGLAGE',(#8781),#8775,.F.) ;
#8799=ADVANCED_FACE('AR00000243789 - PLAQUE POUR REGLAGE',(#8798),#8787,.T.) ;
#8818=ADVANCED_FACE('AR00000243789 - PLAQUE POUR REGLAGE',(#8817),#8804,.F.) ;
#8830=ADVANCED_FACE('AR00000243789 - PLAQUE POUR REGLAGE',(#8829),#8419,.F.) ;
#8842=ADVANCED_FACE('AR00000243789 - PLAQUE POUR REGLAGE',(#8841),#8835,.F.) ;
#8864=ADVANCED_FACE('AR00000243789 - PLAQUE POUR REGLAGE',(#8863),#8847,.F.) ;
#8872=ADVANCED_FACE('AR00000243789 - PLAQUE POUR REGLAGE',(#8871),#8847,.F.) ;
#8895=ADVANCED_FACE('AR00000243789 - PLAQUE POUR REGLAGE',(#8894),#8878,.F.) ;
#8903=ADVANCED_FACE('AR00000243789 - PLAQUE POUR REGLAGE',(#8902),#8878,.F.) ;
#8926=ADVANCED_FACE('AR00000243789 - PLAQUE POUR REGLAGE',(#8925),#8909,.F.) ;
#8934=ADVANCED_FACE('AR00000243789 - PLAQUE POUR REGLAGE',(#8933),#8909,.F.) ;
#8957=ADVANCED_FACE('AR00000243789 - PLAQUE POUR REGLAGE',(#8956),#8940,.F.) ;
#8965=ADVANCED_FACE('AR00000243789 - PLAQUE POUR REGLAGE',(#8964),#8940,.F.) ;
#9018=ADVANCED_FACE('AR00000243790 - RENFORT DE PLAQUE',(#9017),#8983,.T.) ;
#9049=ADVANCED_FACE('AR00000243790 - RENFORT DE PLAQUE',(#9048),#9023,.F.) ;
#9080=ADVANCED_FACE('AR00000243790 - RENFORT DE PLAQUE',(#9079),#9054,.F.) ;
#9111=ADVANCED_FACE('AR00000243790 - RENFORT DE PLAQUE',(#9110),#9085,.F.) ;
#9142=ADVANCED_FACE('AR00000243790 - RENFORT DE PLAQUE',(#9141),#9116,.F.) ;
#9173=ADVANCED_FACE('AR00000243790 - RENFORT DE PLAQUE',(#9172),#9147,.F.) ;
#9204=ADVANCED_FACE('AR00000243790 - RENFORT DE PLAQUE',(#9203),#9178,.F.) ;
#9235=ADVANCED_FACE('AR00000243790 - RENFORT DE PLAQUE',(#9234),#9209,.F.) ;
#9266=ADVANCED_FACE('AR00000243790 - RENFORT DE PLAQUE',(#9265),#9240,.F.) ;
#9297=ADVANCED_FACE('AR00000243790 - RENFORT DE PLAQUE',(#9296),#9271,.T.) ;
#9328=ADVANCED_FACE('AR00000243790 - RENFORT DE PLAQUE',(#9327),#9302,.F.) ;
#9359=ADVANCED_FACE('AR00000243790 - RENFORT DE PLAQUE',(#9358),#9333,.T.) ;
#9385=ADVANCED_FACE('AR00000243790 - RENFORT DE PLAQUE',(#9384),#9054,.F.) ;
#9416=ADVANCED_FACE('AR00000243790 - RENFORT DE PLAQUE',(#9415),#9390,.T.) ;
#9447=ADVANCED_FACE('AR00000243790 - RENFORT DE PLAQUE',(#9446),#9421,.T.) ;
#9469=ADVANCED_FACE('AR00000243790 - RENFORT DE PLAQUE',(#9468),#9452,.T.) ;
#9493=ADVANCED_FACE('AR00000243790 - RENFORT DE PLAQUE',(#9492),#9474,.T.) ;
#9517=ADVANCED_FACE('AR00000243790 - RENFORT DE PLAQUE',(#9516),#9498,.F.) ;
#9560=ADVANCED_FACE('AR00000243790 - RENFORT DE PLAQUE - 2',(#9559),#9525,.T.) ;
#9591=ADVANCED_FACE('AR00000243790 - RENFORT DE PLAQUE - 2',(#9590),#9565,.T.) ;
#9622=ADVANCED_FACE('AR00000243790 - RENFORT DE PLAQUE - 2',(#9621),#9596,.T.) ;
#9653=ADVANCED_FACE('AR00000243790 - RENFORT DE PLAQUE - 2',(#9652),#9627,.T.) ;
#9684=ADVANCED_FACE('AR00000243790 - RENFORT DE PLAQUE - 2',(#9683),#9658,.F.) ;
#9715=ADVANCED_FACE('AR00000243790 - RENFORT DE PLAQUE - 2',(#9714),#9689,.T.) ;
#9746=ADVANCED_FACE('AR00000243790 - RENFORT DE PLAQUE - 2',(#9745),#9720,.F.) ;
#9777=ADVANCED_FACE('AR00000243790 - RENFORT DE PLAQUE - 2',(#9776),#9751,.T.) ;
#9808=ADVANCED_FACE('AR00000243790 - RENFORT DE PLAQUE - 2',(#9807),#9782,.F.) ;
#9839=ADVANCED_FACE('AR00000243790 - RENFORT DE PLAQUE - 2',(#9838),#9813,.F.) ;
#9870=ADVANCED_FACE('AR00000243790 - RENFORT DE PLAQUE - 2',(#9869),#9844,.F.) ;
#9901=ADVANCED_FACE('AR00000243790 - RENFORT DE PLAQUE - 2',(#9900),#9875,.F.) ;
#9927=ADVANCED_FACE('AR00000243790 - RENFORT DE PLAQUE - 2',(#9926),#9596,.T.) ;
#9958=ADVANCED_FACE('AR00000243790 - RENFORT DE PLAQUE - 2',(#9957),#9932,.F.) ;
#9989=ADVANCED_FACE('AR00000243790 - RENFORT DE PLAQUE - 2',(#9988),#9963,.T.) ;
#10011=ADVANCED_FACE('AR00000243790 - RENFORT DE PLAQUE - 2',(#10010),#9994,.F.) ;
#10035=ADVANCED_FACE('AR00000243790 - RENFORT DE PLAQUE - 2',(#10034),#10016,.F.) ;
#10059=ADVANCED_FACE('AR00000243790 - RENFORT DE PLAQUE - 2',(#10058),#10040,.T.) ;
#4=APPLICATION_PROTOCOL_DEFINITION('international standard','ap242_managed_model_based_3d_engineering',2014,#1) ;
#22=COLOUR_RGB('Colour',0.,0.501960784314,0.501960784314) ;
#4861=COLOUR_RGB('Colour',1.,1.,0.501960784314) ;
#4868=OVER_RIDING_STYLED_ITEM(' ',(#4867),#4860,#29) ;
#4886=OVER_RIDING_STYLED_ITEM(' ',(#4867),#4885,#29) ;
#4927=OVER_RIDING_STYLED_ITEM(' ',(#4867),#4926,#29) ;
#4945=OVER_RIDING_STYLED_ITEM(' ',(#4867),#4944,#29) ;
#4986=OVER_RIDING_STYLED_ITEM(' ',(#4867),#4985,#29) ;
#5004=OVER_RIDING_STYLED_ITEM(' ',(#4867),#5003,#29) ;
#5045=OVER_RIDING_STYLED_ITEM(' ',(#4867),#5044,#29) ;
#5063=OVER_RIDING_STYLED_ITEM(' ',(#4867),#5062,#29) ;
#5104=OVER_RIDING_STYLED_ITEM(' ',(#4867),#5103,#29) ;
#5122=OVER_RIDING_STYLED_ITEM(' ',(#4867),#5121,#29) ;
#5163=OVER_RIDING_STYLED_ITEM(' ',(#4867),#5162,#29) ;
#5181=OVER_RIDING_STYLED_ITEM(' ',(#4867),#5180,#29) ;
#5222=OVER_RIDING_STYLED_ITEM(' ',(#4867),#5221,#29) ;
#5240=OVER_RIDING_STYLED_ITEM(' ',(#4867),#5239,#29) ;
#5281=OVER_RIDING_STYLED_ITEM(' ',(#4867),#5280,#29) ;
#5299=OVER_RIDING_STYLED_ITEM(' ',(#4867),#5298,#29) ;
#5340=OVER_RIDING_STYLED_ITEM(' ',(#4867),#5339,#29) ;
#5358=OVER_RIDING_STYLED_ITEM(' ',(#4867),#5357,#29) ;
#5399=OVER_RIDING_STYLED_ITEM(' ',(#4867),#5398,#29) ;
#5417=OVER_RIDING_STYLED_ITEM(' ',(#4867),#5416,#29) ;
#5458=OVER_RIDING_STYLED_ITEM(' ',(#4867),#5457,#29) ;
#5476=OVER_RIDING_STYLED_ITEM(' ',(#4867),#5475,#29) ;
#5517=OVER_RIDING_STYLED_ITEM(' ',(#4867),#5516,#29) ;
#5535=OVER_RIDING_STYLED_ITEM(' ',(#4867),#5534,#29) ;
#5576=OVER_RIDING_STYLED_ITEM(' ',(#4867),#5575,#29) ;
#5594=OVER_RIDING_STYLED_ITEM(' ',(#4867),#5593,#29) ;
#5635=OVER_RIDING_STYLED_ITEM(' ',(#4867),#5634,#29) ;
#5653=OVER_RIDING_STYLED_ITEM(' ',(#4867),#5652,#29) ;
#5694=OVER_RIDING_STYLED_ITEM(' ',(#4867),#5693,#29) ;
#5712=OVER_RIDING_STYLED_ITEM(' ',(#4867),#5711,#29) ;
#5753=OVER_RIDING_STYLED_ITEM(' ',(#4867),#5752,#29) ;
#5771=OVER_RIDING_STYLED_ITEM(' ',(#4867),#5770,#29) ;
#5812=OVER_RIDING_STYLED_ITEM(' ',(#4867),#5811,#29) ;
#5830=OVER_RIDING_STYLED_ITEM(' ',(#4867),#5829,#29) ;
#5871=OVER_RIDING_STYLED_ITEM(' ',(#4867),#5870,#29) ;
#5903=OVER_RIDING_STYLED_ITEM(' ',(#4867),#5902,#29) ;
#5935=OVER_RIDING_STYLED_ITEM(' ',(#4867),#5934,#29) ;
#5958=OVER_RIDING_STYLED_ITEM(' ',(#4867),#5957,#29) ;
#5999=OVER_RIDING_STYLED_ITEM(' ',(#4867),#5998,#29) ;
#6026=OVER_RIDING_STYLED_ITEM(' ',(#4867),#6025,#29) ;
#6058=OVER_RIDING_STYLED_ITEM(' ',(#4867),#6057,#29) ;
#6076=OVER_RIDING_STYLED_ITEM(' ',(#4867),#6075,#29) ;
#6117=OVER_RIDING_STYLED_ITEM(' ',(#4867),#6116,#29) ;
#6135=OVER_RIDING_STYLED_ITEM(' ',(#4867),#6134,#29) ;
#6176=OVER_RIDING_STYLED_ITEM(' ',(#4867),#6175,#29) ;
#6194=OVER_RIDING_STYLED_ITEM(' ',(#4867),#6193,#29) ;
#6235=OVER_RIDING_STYLED_ITEM(' ',(#4867),#6234,#29) ;
#6253=OVER_RIDING_STYLED_ITEM(' ',(#4867),#6252,#29) ;
#6294=OVER_RIDING_STYLED_ITEM(' ',(#4867),#6293,#29) ;
#6312=OVER_RIDING_STYLED_ITEM(' ',(#4867),#6311,#29) ;
#6353=OVER_RIDING_STYLED_ITEM(' ',(#4867),#6352,#29) ;
#6371=OVER_RIDING_STYLED_ITEM(' ',(#4867),#6370,#29) ;
#6412=OVER_RIDING_STYLED_ITEM(' ',(#4867),#6411,#29) ;
#6430=OVER_RIDING_STYLED_ITEM(' ',(#4867),#6429,#29) ;
#6471=OVER_RIDING_STYLED_ITEM(' ',(#4867),#6470,#29) ;
#6489=OVER_RIDING_STYLED_ITEM(' ',(#4867),#6488,#29) ;
#6530=OVER_RIDING_STYLED_ITEM(' ',(#4867),#6529,#29) ;
#6548=OVER_RIDING_STYLED_ITEM(' ',(#4867),#6547,#29) ;
#6589=OVER_RIDING_STYLED_ITEM(' ',(#4867),#6588,#29) ;
#6607=OVER_RIDING_STYLED_ITEM(' ',(#4867),#6606,#29) ;
#6648=OVER_RIDING_STYLED_ITEM(' ',(#4867),#6647,#29) ;
#6666=OVER_RIDING_STYLED_ITEM(' ',(#4867),#6665,#29) ;
#6707=OVER_RIDING_STYLED_ITEM(' ',(#4867),#6706,#29) ;
#6725=OVER_RIDING_STYLED_ITEM(' ',(#4867),#6724,#29) ;
#6766=OVER_RIDING_STYLED_ITEM(' ',(#4867),#6765,#29) ;
#6784=OVER_RIDING_STYLED_ITEM(' ',(#4867),#6783,#29) ;
#6825=OVER_RIDING_STYLED_ITEM(' ',(#4867),#6824,#29) ;
#6843=OVER_RIDING_STYLED_ITEM(' ',(#4867),#6842,#29) ;
#6884=OVER_RIDING_STYLED_ITEM(' ',(#4867),#6883,#29) ;
#6902=OVER_RIDING_STYLED_ITEM(' ',(#4867),#6901,#29) ;
#6943=OVER_RIDING_STYLED_ITEM(' ',(#4867),#6942,#29) ;
#6961=OVER_RIDING_STYLED_ITEM(' ',(#4867),#6960,#29) ;
#7002=OVER_RIDING_STYLED_ITEM(' ',(#4867),#7001,#29) ;
#7020=OVER_RIDING_STYLED_ITEM(' ',(#4867),#7019,#29) ;
#7061=OVER_RIDING_STYLED_ITEM(' ',(#4867),#7060,#29) ;
#7079=OVER_RIDING_STYLED_ITEM(' ',(#4867),#7078,#29) ;
#7120=OVER_RIDING_STYLED_ITEM(' ',(#4867),#7119,#29) ;
#7152=OVER_RIDING_STYLED_ITEM(' ',(#4867),#7151,#29) ;
#7184=OVER_RIDING_STYLED_ITEM(' ',(#4867),#7183,#29) ;
#7207=OVER_RIDING_STYLED_ITEM(' ',(#4867),#7206,#29) ;
#7248=OVER_RIDING_STYLED_ITEM(' ',(#4867),#7247,#29) ;
#7275=OVER_RIDING_STYLED_ITEM(' ',(#4867),#7274,#29) ;
#7307=OVER_RIDING_STYLED_ITEM(' ',(#4867),#7306,#29) ;
#7325=OVER_RIDING_STYLED_ITEM(' ',(#4867),#7324,#29) ;
#7357=OVER_RIDING_STYLED_ITEM(' ',(#4867),#7356,#29) ;
#7382=OVER_RIDING_STYLED_ITEM(' ',(#4867),#7381,#29) ;
#7414=OVER_RIDING_STYLED_ITEM(' ',(#4867),#7413,#29) ;
#7439=OVER_RIDING_STYLED_ITEM(' ',(#4867),#7438,#29) ;
#7464=OVER_RIDING_STYLED_ITEM(' ',(#4867),#7463,#29) ;
#7496=OVER_RIDING_STYLED_ITEM(' ',(#4867),#7495,#29) ;
#7521=OVER_RIDING_STYLED_ITEM(' ',(#4867),#7520,#29) ;
#7539=OVER_RIDING_STYLED_ITEM(' ',(#4867),#7538,#29) ;
#7642=OVER_RIDING_STYLED_ITEM(' ',(#4867),#7641,#29) ;
#7674=OVER_RIDING_STYLED_ITEM(' ',(#4867),#7673,#29) ;
#7687=OVER_RIDING_STYLED_ITEM(' ',(#4867),#7686,#29) ;
#7702=OVER_RIDING_STYLED_ITEM(' ',(#4867),#7701,#29) ;
#7734=OVER_RIDING_STYLED_ITEM(' ',(#4867),#7733,#29) ;
#7747=OVER_RIDING_STYLED_ITEM(' ',(#4867),#7746,#29) ;
#7757=OVER_RIDING_STYLED_ITEM(' ',(#4867),#7756,#29) ;
#7789=OVER_RIDING_STYLED_ITEM(' ',(#4867),#7788,#29) ;
#7802=OVER_RIDING_STYLED_ITEM(' ',(#4867),#7801,#29) ;
#7812=OVER_RIDING_STYLED_ITEM(' ',(#4867),#7811,#29) ;
#7844=OVER_RIDING_STYLED_ITEM(' ',(#4867),#7843,#29) ;
#7857=OVER_RIDING_STYLED_ITEM(' ',(#4867),#7856,#29) ;
#7867=OVER_RIDING_STYLED_ITEM(' ',(#4867),#7866,#29) ;
#7885=OVER_RIDING_STYLED_ITEM(' ',(#4867),#7884,#29) ;
#7995=OVER_RIDING_STYLED_ITEM(' ',(#4867),#7994,#29) ;
#8110=OVER_RIDING_STYLED_ITEM(' ',(#4867),#8109,#29) ;
#8118=OVER_RIDING_STYLED_ITEM(' ',(#4867),#8117,#29) ;
#8136=OVER_RIDING_STYLED_ITEM(' ',(#4867),#8135,#29) ;
#8241=OVER_RIDING_STYLED_ITEM(' ',(#4867),#8240,#29) ;
#8351=OVER_RIDING_STYLED_ITEM(' ',(#4867),#8350,#29) ;
#8359=OVER_RIDING_STYLED_ITEM(' ',(#4867),#8358,#29) ;
#8865=OVER_RIDING_STYLED_ITEM(' ',(#4867),#8864,#29) ;
#8873=OVER_RIDING_STYLED_ITEM(' ',(#4867),#8872,#29) ;
#8896=OVER_RIDING_STYLED_ITEM(' ',(#4867),#8895,#29) ;
#8904=OVER_RIDING_STYLED_ITEM(' ',(#4867),#8903,#29) ;
#8927=OVER_RIDING_STYLED_ITEM(' ',(#4867),#8926,#29) ;
#8935=OVER_RIDING_STYLED_ITEM(' ',(#4867),#8934,#29) ;
#8958=OVER_RIDING_STYLED_ITEM(' ',(#4867),#8957,#29) ;
#8966=OVER_RIDING_STYLED_ITEM(' ',(#4867),#8965,#29) ;
#8970=DRAUGHTING_PRE_DEFINED_COLOUR('green') ;
#69=FACE_OUTER_BOUND('',#64,.T.) ;
#276=FACE_OUTER_BOUND('',#249,.T.) ;
#673=FACE_OUTER_BOUND('',#668,.T.) ;
#704=FACE_OUTER_BOUND('',#699,.T.) ;
#760=FACE_OUTER_BOUND('',#751,.T.) ;
#784=FACE_OUTER_BOUND('',#779,.T.) ;
#808=FACE_OUTER_BOUND('',#803,.T.) ;
#832=FACE_OUTER_BOUND('',#827,.T.) ;
#856=FACE_OUTER_BOUND('',#851,.T.) ;
#912=FACE_OUTER_BOUND('',#903,.T.) ;
#943=FACE_OUTER_BOUND('',#938,.T.) ;
#974=FACE_OUTER_BOUND('',#969,.T.) ;
#1005=FACE_OUTER_BOUND('',#1000,.T.) ;
#1036=FACE_OUTER_BOUND('',#1031,.T.) ;
#1067=FACE_OUTER_BOUND('',#1062,.T.) ;
#1098=FACE_OUTER_BOUND('',#1093,.T.) ;
#1129=FACE_OUTER_BOUND('',#1124,.T.) ;
#1160=FACE_OUTER_BOUND('',#1155,.T.) ;
#1191=FACE_OUTER_BOUND('',#1186,.T.) ;
#1222=FACE_OUTER_BOUND('',#1217,.T.) ;
#1253=FACE_OUTER_BOUND('',#1248,.T.) ;
#1284=FACE_OUTER_BOUND('',#1279,.T.) ;
#1310=FACE_OUTER_BOUND('',#1305,.T.) ;
#1341=FACE_OUTER_BOUND('',#1336,.T.) ;
#1372=FACE_OUTER_BOUND('',#1367,.T.) ;
#1403=FACE_OUTER_BOUND('',#1398,.T.) ;
#1429=FACE_OUTER_BOUND('',#1424,.T.) ;
#1460=FACE_OUTER_BOUND('',#1455,.T.) ;
#1514=FACE_OUTER_BOUND('',#1505,.T.) ;
#1538=FACE_OUTER_BOUND('',#1533,.T.) ;
#1555=FACE_OUTER_BOUND('',#1550,.T.) ;
#1595=FACE_OUTER_BOUND('',#1590,.T.) ;
#1626=FACE_OUTER_BOUND('',#1621,.T.) ;
#1657=FACE_OUTER_BOUND('',#1652,.T.) ;
#1688=FACE_OUTER_BOUND('',#1683,.T.) ;
#1719=FACE_OUTER_BOUND('',#1714,.T.) ;
#1766=FACE_OUTER_BOUND('',#1759,.T.) ;
#1822=FACE_OUTER_BOUND('',#1815,.T.) ;
#1853=FACE_OUTER_BOUND('',#1848,.T.) ;
#1884=FACE_OUTER_BOUND('',#1879,.T.) ;
#1915=FACE_OUTER_BOUND('',#1910,.T.) ;
#1946=FACE_OUTER_BOUND('',#1941,.T.) ;
#1977=FACE_OUTER_BOUND('',#1972,.T.) ;
#1999=FACE_OUTER_BOUND('',#1994,.T.) ;
#2039=FACE_OUTER_BOUND('',#2034,.T.) ;
#2056=FACE_OUTER_BOUND('',#2051,.T.) ;
#2096=FACE_OUTER_BOUND('',#2091,.T.) ;
#2113=FACE_OUTER_BOUND('',#2108,.T.) ;
#2255=FACE_OUTER_BOUND('',#2228,.T.) ;
#2811=FACE_OUTER_BOUND('',#2806,.T.) ;
#2851=FACE_OUTER_BOUND('',#2846,.T.) ;
#2882=FACE_OUTER_BOUND('',#2877,.T.) ;
#2986=FACE_OUTER_BOUND('',#2971,.T.) ;
#3012=FACE_OUTER_BOUND('',#3007,.T.) ;
#3036=FACE_OUTER_BOUND('',#3031,.T.) ;
#3131=FACE_OUTER_BOUND('',#3116,.T.) ;
#3148=FACE_OUTER_BOUND('',#3143,.T.) ;
#3165=FACE_OUTER_BOUND('',#3160,.T.) ;
#3182=FACE_OUTER_BOUND('',#3177,.T.) ;
#3199=FACE_OUTER_BOUND('',#3194,.T.) ;
#3211=FACE_OUTER_BOUND('',#3206,.T.) ;
#3246=FACE_OUTER_BOUND('',#3241,.T.) ;
#3263=FACE_OUTER_BOUND('',#3258,.T.) ;
#3289=FACE_OUTER_BOUND('',#3284,.T.) ;
#3315=FACE_OUTER_BOUND('',#3310,.T.) ;
#3382=FACE_OUTER_BOUND('',#3367,.T.) ;
#3398=FACE_OUTER_BOUND('',#3389,.T.) ;
#3460=FACE_OUTER_BOUND('',#3445,.T.) ;
#3482=FACE_OUTER_BOUND('',#3477,.T.) ;
#3508=FACE_OUTER_BOUND('',#3499,.T.) ;
#3525=FACE_OUTER_BOUND('',#3520,.T.) ;
#3537=FACE_OUTER_BOUND('',#3532,.T.) ;
#3554=FACE_OUTER_BOUND('',#3549,.T.) ;
#3571=FACE_OUTER_BOUND('',#3566,.T.) ;
#3620=FACE_OUTER_BOUND('',#3611,.T.) ;
#3651=FACE_OUTER_BOUND('',#3646,.T.) ;
#3682=FACE_OUTER_BOUND('',#3677,.T.) ;
#3708=FACE_OUTER_BOUND('',#3703,.T.) ;
#3739=FACE_OUTER_BOUND('',#3734,.T.) ;
#3770=FACE_OUTER_BOUND('',#3765,.T.) ;
#3801=FACE_OUTER_BOUND('',#3796,.T.) ;
#3832=FACE_OUTER_BOUND('',#3827,.T.) ;
#3863=FACE_OUTER_BOUND('',#3858,.T.) ;
#3894=FACE_OUTER_BOUND('',#3889,.T.) ;
#3925=FACE_OUTER_BOUND('',#3920,.T.) ;
#3956=FACE_OUTER_BOUND('',#3951,.T.) ;
#3987=FACE_OUTER_BOUND('',#3982,.T.) ;
#4013=FACE_OUTER_BOUND('',#4008,.T.) ;
#4044=FACE_OUTER_BOUND('',#4039,.T.) ;
#4070=FACE_OUTER_BOUND('',#4065,.T.) ;
#4101=FACE_OUTER_BOUND('',#4096,.T.) ;
#4127=FACE_OUTER_BOUND('',#4122,.T.) ;
#4158=FACE_OUTER_BOUND('',#4153,.T.) ;
#4203=FACE_OUTER_BOUND('',#4194,.T.) ;
#4220=FACE_OUTER_BOUND('',#4215,.T.) ;
#4227=FACE_OUTER_BOUND('',#4222,.T.) ;
#4258=FACE_OUTER_BOUND('',#4253,.T.) ;
#4282=FACE_OUTER_BOUND('',#4277,.T.) ;
#4306=FACE_OUTER_BOUND('',#4301,.T.) ;
#4325=FACE_OUTER_BOUND('',#4320,.T.) ;
#4349=FACE_OUTER_BOUND('',#4344,.T.) ;
#4382=FACE_OUTER_BOUND('',#4375,.T.) ;
#4422=FACE_OUTER_BOUND('',#4415,.T.) ;
#4446=FACE_OUTER_BOUND('',#4441,.T.) ;
#4465=FACE_OUTER_BOUND('',#4460,.T.) ;
#4489=FACE_OUTER_BOUND('',#4484,.T.) ;
#4513=FACE_OUTER_BOUND('',#4508,.T.) ;
#4537=FACE_OUTER_BOUND('',#4532,.T.) ;
#4554=FACE_OUTER_BOUND('',#4549,.T.) ;
#4594=FACE_OUTER_BOUND('',#4589,.T.) ;
#4611=FACE_OUTER_BOUND('',#4606,.T.) ;
#4651=FACE_OUTER_BOUND('',#4646,.T.) ;
#4668=FACE_OUTER_BOUND('',#4663,.T.) ;
#4685=FACE_OUTER_BOUND('',#4680,.T.) ;
#4702=FACE_OUTER_BOUND('',#4697,.T.) ;
#4719=FACE_OUTER_BOUND('',#4714,.T.) ;
#4736=FACE_OUTER_BOUND('',#4731,.T.) ;
#4753=FACE_OUTER_BOUND('',#4748,.T.) ;
#4760=FACE_OUTER_BOUND('',#4755,.T.) ;
#4777=FACE_OUTER_BOUND('',#4772,.T.) ;
#4784=FACE_OUTER_BOUND('',#4779,.T.) ;
#4796=FACE_OUTER_BOUND('',#4791,.T.) ;
#4808=FACE_OUTER_BOUND('',#4803,.T.) ;
#4819=FACE_OUTER_BOUND('',#4810,.T.) ;
#4859=FACE_OUTER_BOUND('',#4854,.T.) ;
#4884=FACE_OUTER_BOUND('',#4879,.T.) ;
#4925=FACE_OUTER_BOUND('',#4920,.T.) ;
#4943=FACE_OUTER_BOUND('',#4938,.T.) ;
#4984=FACE_OUTER_BOUND('',#4979,.T.) ;
#5002=FACE_OUTER_BOUND('',#4997,.T.) ;
#5043=FACE_OUTER_BOUND('',#5038,.T.) ;
#5061=FACE_OUTER_BOUND('',#5056,.T.) ;
#5102=FACE_OUTER_BOUND('',#5097,.T.) ;
#5120=FACE_OUTER_BOUND('',#5115,.T.) ;
#5161=FACE_OUTER_BOUND('',#5156,.T.) ;
#5179=FACE_OUTER_BOUND('',#5174,.T.) ;
#5220=FACE_OUTER_BOUND('',#5215,.T.) ;
#5238=FACE_OUTER_BOUND('',#5233,.T.) ;
#5279=FACE_OUTER_BOUND('',#5274,.T.) ;
#5297=FACE_OUTER_BOUND('',#5292,.T.) ;
#5338=FACE_OUTER_BOUND('',#5333,.T.) ;
#5356=FACE_OUTER_BOUND('',#5351,.T.) ;
#5397=FACE_OUTER_BOUND('',#5392,.T.) ;
#5415=FACE_OUTER_BOUND('',#5410,.T.) ;
#5456=FACE_OUTER_BOUND('',#5451,.T.) ;
#5474=FACE_OUTER_BOUND('',#5469,.T.) ;
#5515=FACE_OUTER_BOUND('',#5510,.T.) ;
#5533=FACE_OUTER_BOUND('',#5528,.T.) ;
#5574=FACE_OUTER_BOUND('',#5569,.T.) ;
#5592=FACE_OUTER_BOUND('',#5587,.T.) ;
#5633=FACE_OUTER_BOUND('',#5628,.T.) ;
#5651=FACE_OUTER_BOUND('',#5646,.T.) ;
#5692=FACE_OUTER_BOUND('',#5687,.T.) ;
#5710=FACE_OUTER_BOUND('',#5705,.T.) ;
#5751=FACE_OUTER_BOUND('',#5746,.T.) ;
#5769=FACE_OUTER_BOUND('',#5764,.T.) ;
#5810=FACE_OUTER_BOUND('',#5805,.T.) ;
#5828=FACE_OUTER_BOUND('',#5823,.T.) ;
#5869=FACE_OUTER_BOUND('',#5864,.T.) ;
#5901=FACE_OUTER_BOUND('',#5896,.T.) ;
#5933=FACE_OUTER_BOUND('',#5928,.T.) ;
#5956=FACE_OUTER_BOUND('',#5951,.T.) ;
#5997=FACE_OUTER_BOUND('',#5992,.T.) ;
#6024=FACE_OUTER_BOUND('',#6019,.T.) ;
#6056=FACE_OUTER_BOUND('',#6051,.T.) ;
#6074=FACE_OUTER_BOUND('',#6069,.T.) ;
#6115=FACE_OUTER_BOUND('',#6110,.T.) ;
#6133=FACE_OUTER_BOUND('',#6128,.T.) ;
#6174=FACE_OUTER_BOUND('',#6169,.T.) ;
#6192=FACE_OUTER_BOUND('',#6187,.T.) ;
#6233=FACE_OUTER_BOUND('',#6228,.T.) ;
#6251=FACE_OUTER_BOUND('',#6246,.T.) ;
#6292=FACE_OUTER_BOUND('',#6287,.T.) ;
#6310=FACE_OUTER_BOUND('',#6305,.T.) ;
#6351=FACE_OUTER_BOUND('',#6346,.T.) ;
#6369=FACE_OUTER_BOUND('',#6364,.T.) ;
#6410=FACE_OUTER_BOUND('',#6405,.T.) ;
#6428=FACE_OUTER_BOUND('',#6423,.T.) ;
#6469=FACE_OUTER_BOUND('',#6464,.T.) ;
#6487=FACE_OUTER_BOUND('',#6482,.T.) ;
#6528=FACE_OUTER_BOUND('',#6523,.T.) ;
#6546=FACE_OUTER_BOUND('',#6541,.T.) ;
#6587=FACE_OUTER_BOUND('',#6582,.T.) ;
#6605=FACE_OUTER_BOUND('',#6600,.T.) ;
#6646=FACE_OUTER_BOUND('',#6641,.T.) ;
#6664=FACE_OUTER_BOUND('',#6659,.T.) ;
#6705=FACE_OUTER_BOUND('',#6700,.T.) ;
#6723=FACE_OUTER_BOUND('',#6718,.T.) ;
#6764=FACE_OUTER_BOUND('',#6759,.T.) ;
#6782=FACE_OUTER_BOUND('',#6777,.T.) ;
#6823=FACE_OUTER_BOUND('',#6818,.T.) ;
#6841=FACE_OUTER_BOUND('',#6836,.T.) ;
#6882=FACE_OUTER_BOUND('',#6877,.T.) ;
#6900=FACE_OUTER_BOUND('',#6895,.T.) ;
#6941=FACE_OUTER_BOUND('',#6936,.T.) ;
#6959=FACE_OUTER_BOUND('',#6954,.T.) ;
#7000=FACE_OUTER_BOUND('',#6995,.T.) ;
#7018=FACE_OUTER_BOUND('',#7013,.T.) ;
#7059=FACE_OUTER_BOUND('',#7054,.T.) ;
#7077=FACE_OUTER_BOUND('',#7072,.T.) ;
#7118=FACE_OUTER_BOUND('',#7113,.T.) ;
#7150=FACE_OUTER_BOUND('',#7145,.T.) ;
#7182=FACE_OUTER_BOUND('',#7177,.T.) ;
#7205=FACE_OUTER_BOUND('',#7200,.T.) ;
#7246=FACE_OUTER_BOUND('',#7241,.T.) ;
#7273=FACE_OUTER_BOUND('',#7268,.T.) ;
#7305=FACE_OUTER_BOUND('',#7300,.T.) ;
#7323=FACE_OUTER_BOUND('',#7318,.T.) ;
#7355=FACE_OUTER_BOUND('',#7350,.T.) ;
#7380=FACE_OUTER_BOUND('',#7375,.T.) ;
#7412=FACE_OUTER_BOUND('',#7407,.T.) ;
#7437=FACE_OUTER_BOUND('',#7432,.T.) ;
#7462=FACE_OUTER_BOUND('',#7457,.T.) ;
#7494=FACE_OUTER_BOUND('',#7489,.T.) ;
#7519=FACE_OUTER_BOUND('',#7514,.T.) ;
#7537=FACE_OUTER_BOUND('',#7532,.T.) ;
#7624=FACE_OUTER_BOUND('',#7579,.T.) ;
#7672=FACE_OUTER_BOUND('',#7667,.T.) ;
#7685=FACE_OUTER_BOUND('',#7680,.T.) ;
#7696=FACE_OUTER_BOUND('',#7693,.T.) ;
#7732=FACE_OUTER_BOUND('',#7727,.T.) ;
#7745=FACE_OUTER_BOUND('',#7740,.T.) ;
#7751=FACE_OUTER_BOUND('',#7748,.T.) ;
#7787=FACE_OUTER_BOUND('',#7782,.T.) ;
#7800=FACE_OUTER_BOUND('',#7795,.T.) ;
#7806=FACE_OUTER_BOUND('',#7803,.T.) ;
#7842=FACE_OUTER_BOUND('',#7837,.T.) ;
#7855=FACE_OUTER_BOUND('',#7850,.T.) ;
#7861=FACE_OUTER_BOUND('',#7858,.T.) ;
#7883=FACE_OUTER_BOUND('',#7878,.T.) ;
#7913=FACE_OUTER_BOUND('',#7891,.T.) ;
#8028=FACE_OUTER_BOUND('',#8006,.T.) ;
#8116=FACE_OUTER_BOUND('',#8111,.T.) ;
#8134=FACE_OUTER_BOUND('',#8129,.T.) ;
#8159=FACE_OUTER_BOUND('',#8137,.T.) ;
#8269=FACE_OUTER_BOUND('',#8247,.T.) ;
#8357=FACE_OUTER_BOUND('',#8352,.T.) ;
#8382=FACE_OUTER_BOUND('',#8375,.T.) ;
#8394=FACE_OUTER_BOUND('',#8389,.T.) ;
#8413=FACE_OUTER_BOUND('',#8406,.T.) ;
#8430=FACE_OUTER_BOUND('',#8425,.T.) ;
#8447=FACE_OUTER_BOUND('',#8442,.T.) ;
#8464=FACE_OUTER_BOUND('',#8459,.T.) ;
#8476=FACE_OUTER_BOUND('',#8471,.T.) ;
#8498=FACE_OUTER_BOUND('',#8493,.T.) ;
#8515=FACE_OUTER_BOUND('',#8510,.T.) ;
#8532=FACE_OUTER_BOUND('',#8527,.T.) ;
#8549=FACE_OUTER_BOUND('',#8544,.T.) ;
#8566=FACE_OUTER_BOUND('',#8561,.T.) ;
#8578=FACE_OUTER_BOUND('',#8573,.T.) ;
#8595=FACE_OUTER_BOUND('',#8590,.T.) ;
#8607=FACE_OUTER_BOUND('',#8602,.T.) ;
#8629=FACE_OUTER_BOUND('',#8624,.T.) ;
#8646=FACE_OUTER_BOUND('',#8641,.T.) ;
#8663=FACE_OUTER_BOUND('',#8658,.T.) ;
#8675=FACE_OUTER_BOUND('',#8670,.T.) ;
#8692=FACE_OUTER_BOUND('',#8687,.T.) ;
#8709=FACE_OUTER_BOUND('',#8704,.T.) ;
#8726=FACE_OUTER_BOUND('',#8721,.T.) ;
#8733=FACE_OUTER_BOUND('',#8728,.T.) ;
#8752=FACE_OUTER_BOUND('',#8745,.T.) ;
#8769=FACE_OUTER_BOUND('',#8764,.T.) ;
#8781=FACE_OUTER_BOUND('',#8776,.T.) ;
#8798=FACE_OUTER_BOUND('',#8793,.T.) ;
#8817=FACE_OUTER_BOUND('',#8810,.T.) ;
#8829=FACE_OUTER_BOUND('',#8824,.T.) ;
#8841=FACE_OUTER_BOUND('',#8836,.T.) ;
#8863=FACE_OUTER_BOUND('',#8858,.T.) ;
#8871=FACE_OUTER_BOUND('',#8866,.T.) ;
#8894=FACE_OUTER_BOUND('',#8889,.T.) ;
#8902=FACE_OUTER_BOUND('',#8897,.T.) ;
#8925=FACE_OUTER_BOUND('',#8920,.T.) ;
#8933=FACE_OUTER_BOUND('',#8928,.T.) ;
#8956=FACE_OUTER_BOUND('',#8951,.T.) ;
#8964=FACE_OUTER_BOUND('',#8959,.T.) ;
#9017=FACE_OUTER_BOUND('',#9012,.T.) ;
#9048=FACE_OUTER_BOUND('',#9043,.T.) ;
#9079=FACE_OUTER_BOUND('',#9074,.T.) ;
#9110=FACE_OUTER_BOUND('',#9105,.T.) ;
#9141=FACE_OUTER_BOUND('',#9136,.T.) ;
#9172=FACE_OUTER_BOUND('',#9167,.T.) ;
#9203=FACE_OUTER_BOUND('',#9198,.T.) ;
#9234=FACE_OUTER_BOUND('',#9229,.T.) ;
#9265=FACE_OUTER_BOUND('',#9260,.T.) ;
#9296=FACE_OUTER_BOUND('',#9291,.T.) ;
#9327=FACE_OUTER_BOUND('',#9322,.T.) ;
#9358=FACE_OUTER_BOUND('',#9353,.T.) ;
#9384=FACE_OUTER_BOUND('',#9379,.T.) ;
#9415=FACE_OUTER_BOUND('',#9410,.T.) ;
#9446=FACE_OUTER_BOUND('',#9441,.T.) ;
#9468=FACE_OUTER_BOUND('',#9463,.T.) ;
#9492=FACE_OUTER_BOUND('',#9475,.T.) ;
#9516=FACE_OUTER_BOUND('',#9499,.T.) ;
#9559=FACE_OUTER_BOUND('',#9554,.T.) ;
#9590=FACE_OUTER_BOUND('',#9585,.T.) ;
#9621=FACE_OUTER_BOUND('',#9616,.T.) ;
#9652=FACE_OUTER_BOUND('',#9647,.T.) ;
#9683=FACE_OUTER_BOUND('',#9678,.T.) ;
#9714=FACE_OUTER_BOUND('',#9709,.T.) ;
#9745=FACE_OUTER_BOUND('',#9740,.T.) ;
#9776=FACE_OUTER_BOUND('',#9771,.T.) ;
#9807=FACE_OUTER_BOUND('',#9802,.T.) ;
#9838=FACE_OUTER_BOUND('',#9833,.T.) ;
#9869=FACE_OUTER_BOUND('',#9864,.T.) ;
#9900=FACE_OUTER_BOUND('',#9895,.T.) ;
#9926=FACE_OUTER_BOUND('',#9921,.T.) ;
#9957=FACE_OUTER_BOUND('',#9952,.T.) ;
#9988=FACE_OUTER_BOUND('',#9983,.T.) ;
#10010=FACE_OUTER_BOUND('',#10005,.T.) ;
#10034=FACE_OUTER_BOUND('',#10017,.T.) ;
#10058=FACE_OUTER_BOUND('',#10041,.T.) ;
#9=PRODUCT_CATEGORY_RELATIONSHIP(' ',' ',#7,#8) ;
#6=PRODUCT_DEFINITION_FORMATION_WITH_SPECIFIED_SOURCE('--B',' ',#5,.NOT_KNOWN.) ;
#20=SHAPE_DEFINITION_REPRESENTATION(#11,#19) ;
#12=(LENGTH_UNIT()NAMED_UNIT(*)SI_UNIT(.MILLI.,.METRE.)) ;
#13=(NAMED_UNIT(*)PLANE_ANGLE_UNIT()SI_UNIT($,.RADIAN.)) ;
#14=(NAMED_UNIT(*)SI_UNIT($,.STERADIAN.)SOLID_ANGLE_UNIT()) ;
#16=(GEOMETRIC_REPRESENTATION_CONTEXT(3)GLOBAL_UNCERTAINTY_ASSIGNED_CONTEXT((#15))GLOBAL_UNIT_ASSIGNED_CONTEXT((#12,#13,#14))REPRESENTATION_CONTEXT(' ',' ')) ;
ENDSEC;
END-ISO-10303-21;
