ISO-10303-21;
HEADER;
FILE_DESCRIPTION(('CATIA V5 STEP Exchange','CAx-IF Rec.Pracs.--- Model Styling and Organization---1.4--- 2014-01-23'),'2;1');

FILE_NAME('C:\\Users\\bcaron\\Desktop\\M3D-248214_A.stp','2022-07-07T07:39:04+00:00',('none'),('none'),'CATIA Version 5-6 Release 2016 SP5 HF59','CATIA V5 STEP AP214','none');

FILE_SCHEMA(('AUTOMOTIVE_DESIGN { 1 0 10303 214 1 1 1 1 }'));

ENDSEC;
DATA;
#5=PRODUCT('M3D-248214','','HBD SENSOR BRACKET',(#2)) ;
#2=PRODUCT_CONTEXT(' ',#1,'mechanical') ;
#1=APPLICATION_CONTEXT('automotive design') ;
#10=PRODUCT_DEFINITION('MASTER',' ',#6,#3) ;
#3=PRODUCT_DEFINITION_CONTEXT('part definition',#1,' ') ;
#11=PRODUCT_DEFINITION_SHAPE(' ',' ',#10) ;
#3804=MECHANICAL_DESIGN_GEOMETRIC_PRESENTATION_REPRESENTATION(' ',(#29),#16) ;
#19=SHAPE_REPRESENTATION(' ',(#18),#16) ;
#18=AXIS2_PLACEMENT_3D(' ',#17,$,$) ;
#34=AXIS2_PLACEMENT_3D('Plane Axis2P3D',#31,#32,#33) ;
#74=AXIS2_PLACEMENT_3D('Cylinder Axis2P3D',#71,#72,#73) ;
#78=AXIS2_PLACEMENT_3D('Circle Axis2P3D',#76,#77,$) ;
#85=AXIS2_PLACEMENT_3D('Circle Axis2P3D',#83,#84,$) ;
#105=AXIS2_PLACEMENT_3D('Cylinder Axis2P3D',#102,#103,#104) ;
#109=AXIS2_PLACEMENT_3D('Circle Axis2P3D',#107,#108,$) ;
#123=AXIS2_PLACEMENT_3D('Circle Axis2P3D',#121,#122,$) ;
#136=AXIS2_PLACEMENT_3D('Plane Axis2P3D',#133,#134,#135) ;
#167=AXIS2_PLACEMENT_3D('Cylinder Axis2P3D',#164,#165,#166) ;
#171=AXIS2_PLACEMENT_3D('Circle Axis2P3D',#169,#170,$) ;
#185=AXIS2_PLACEMENT_3D('Circle Axis2P3D',#183,#184,$) ;
#198=AXIS2_PLACEMENT_3D('Plane Axis2P3D',#195,#196,#197) ;
#229=AXIS2_PLACEMENT_3D('Cylinder Axis2P3D',#226,#227,#228) ;
#233=AXIS2_PLACEMENT_3D('Circle Axis2P3D',#231,#232,$) ;
#247=AXIS2_PLACEMENT_3D('Circle Axis2P3D',#245,#246,$) ;
#260=AXIS2_PLACEMENT_3D('Plane Axis2P3D',#257,#258,#259) ;
#291=AXIS2_PLACEMENT_3D('Cylinder Axis2P3D',#288,#289,#290) ;
#295=AXIS2_PLACEMENT_3D('Circle Axis2P3D',#293,#294,$) ;
#309=AXIS2_PLACEMENT_3D('Circle Axis2P3D',#307,#308,$) ;
#322=AXIS2_PLACEMENT_3D('Plane Axis2P3D',#319,#320,#321) ;
#353=AXIS2_PLACEMENT_3D('Cylinder Axis2P3D',#350,#351,#352) ;
#357=AXIS2_PLACEMENT_3D('Circle Axis2P3D',#355,#356,$) ;
#371=AXIS2_PLACEMENT_3D('Circle Axis2P3D',#369,#370,$) ;
#384=AXIS2_PLACEMENT_3D('Plane Axis2P3D',#381,#382,#383) ;
#415=AXIS2_PLACEMENT_3D('Cylinder Axis2P3D',#412,#413,#414) ;
#419=AXIS2_PLACEMENT_3D('Circle Axis2P3D',#417,#418,$) ;
#433=AXIS2_PLACEMENT_3D('Circle Axis2P3D',#431,#432,$) ;
#446=AXIS2_PLACEMENT_3D('Plane Axis2P3D',#443,#444,#445) ;
#477=AXIS2_PLACEMENT_3D('Cylinder Axis2P3D',#474,#475,#476) ;
#481=AXIS2_PLACEMENT_3D('Circle Axis2P3D',#479,#480,$) ;
#495=AXIS2_PLACEMENT_3D('Circle Axis2P3D',#493,#494,$) ;
#508=AXIS2_PLACEMENT_3D('Plane Axis2P3D',#505,#506,#507) ;
#539=AXIS2_PLACEMENT_3D('Cylinder Axis2P3D',#536,#537,#538) ;
#543=AXIS2_PLACEMENT_3D('Circle Axis2P3D',#541,#542,$) ;
#557=AXIS2_PLACEMENT_3D('Circle Axis2P3D',#555,#556,$) ;
#570=AXIS2_PLACEMENT_3D('Plane Axis2P3D',#567,#568,#569) ;
#601=AXIS2_PLACEMENT_3D('Cylinder Axis2P3D',#598,#599,#600) ;
#605=AXIS2_PLACEMENT_3D('Circle Axis2P3D',#603,#604,$) ;
#619=AXIS2_PLACEMENT_3D('Circle Axis2P3D',#617,#618,$) ;
#632=AXIS2_PLACEMENT_3D('Plane Axis2P3D',#629,#630,#631) ;
#636=AXIS2_PLACEMENT_3D('Circle Axis2P3D',#634,#635,$) ;
#666=AXIS2_PLACEMENT_3D('Circle Axis2P3D',#664,#665,$) ;
#688=AXIS2_PLACEMENT_3D('Cylinder Axis2P3D',#685,#686,#687) ;
#692=AXIS2_PLACEMENT_3D('Circle Axis2P3D',#690,#691,$) ;
#715=AXIS2_PLACEMENT_3D('Circle Axis2P3D',#713,#714,$) ;
#737=AXIS2_PLACEMENT_3D('Cylinder Axis2P3D',#734,#735,#736) ;
#741=AXIS2_PLACEMENT_3D('Circle Axis2P3D',#739,#740,$) ;
#755=AXIS2_PLACEMENT_3D('Circle Axis2P3D',#753,#754,$) ;
#768=AXIS2_PLACEMENT_3D('Cylinder Axis2P3D',#765,#766,#767) ;
#790=AXIS2_PLACEMENT_3D('Circle Axis2P3D',#788,#789,$) ;
#795=AXIS2_PLACEMENT_3D('Circle Axis2P3D',#793,#794,$) ;
#819=AXIS2_PLACEMENT_3D('Plane Axis2P3D',#816,#817,#818) ;
#850=AXIS2_PLACEMENT_3D('Cylinder Axis2P3D',#847,#848,#849) ;
#869=AXIS2_PLACEMENT_3D('Circle Axis2P3D',#867,#868,$) ;
#883=AXIS2_PLACEMENT_3D('Circle Axis2P3D',#881,#882,$) ;
#898=AXIS2_PLACEMENT_3D('Cylinder Axis2P3D',#895,#896,#897) ;
#911=AXIS2_PLACEMENT_3D('Circle Axis2P3D',#909,#910,$) ;
#925=AXIS2_PLACEMENT_3D('Circle Axis2P3D',#923,#924,$) ;
#937=AXIS2_PLACEMENT_3D('Circle Axis2P3D',#935,#936,$) ;
#942=AXIS2_PLACEMENT_3D('Circle Axis2P3D',#940,#941,$) ;
#955=AXIS2_PLACEMENT_3D('Cylinder Axis2P3D',#952,#953,#954) ;
#968=AXIS2_PLACEMENT_3D('Circle Axis2P3D',#966,#967,$) ;
#982=AXIS2_PLACEMENT_3D('Circle Axis2P3D',#980,#981,$) ;
#994=AXIS2_PLACEMENT_3D('Circle Axis2P3D',#992,#993,$) ;
#999=AXIS2_PLACEMENT_3D('Circle Axis2P3D',#997,#998,$) ;
#1012=AXIS2_PLACEMENT_3D('Cylinder Axis2P3D',#1009,#1010,#1011) ;
#1025=AXIS2_PLACEMENT_3D('Circle Axis2P3D',#1023,#1024,$) ;
#1039=AXIS2_PLACEMENT_3D('Circle Axis2P3D',#1037,#1038,$) ;
#1051=AXIS2_PLACEMENT_3D('Circle Axis2P3D',#1049,#1050,$) ;
#1056=AXIS2_PLACEMENT_3D('Circle Axis2P3D',#1054,#1055,$) ;
#1069=AXIS2_PLACEMENT_3D('Cylinder Axis2P3D',#1066,#1067,#1068) ;
#1082=AXIS2_PLACEMENT_3D('Circle Axis2P3D',#1080,#1081,$) ;
#1096=AXIS2_PLACEMENT_3D('Circle Axis2P3D',#1094,#1095,$) ;
#1108=AXIS2_PLACEMENT_3D('Circle Axis2P3D',#1106,#1107,$) ;
#1113=AXIS2_PLACEMENT_3D('Circle Axis2P3D',#1111,#1112,$) ;
#1126=AXIS2_PLACEMENT_3D('Plane Axis2P3D',#1123,#1124,#1125) ;
#1139=AXIS2_PLACEMENT_3D('Circle Axis2P3D',#1137,#1138,$) ;
#1153=AXIS2_PLACEMENT_3D('Circle Axis2P3D',#1151,#1152,$) ;
#1167=AXIS2_PLACEMENT_3D('Circle Axis2P3D',#1165,#1166,$) ;
#1195=AXIS2_PLACEMENT_3D('Circle Axis2P3D',#1193,#1194,$) ;
#1209=AXIS2_PLACEMENT_3D('Circle Axis2P3D',#1207,#1208,$) ;
#1237=AXIS2_PLACEMENT_3D('Circle Axis2P3D',#1235,#1236,$) ;
#1251=AXIS2_PLACEMENT_3D('Circle Axis2P3D',#1249,#1250,$) ;
#1265=AXIS2_PLACEMENT_3D('Circle Axis2P3D',#1263,#1264,$) ;
#1272=AXIS2_PLACEMENT_3D('Circle Axis2P3D',#1270,#1271,$) ;
#1279=AXIS2_PLACEMENT_3D('Circle Axis2P3D',#1277,#1278,$) ;
#1308=AXIS2_PLACEMENT_3D('Circle Axis2P3D',#1306,#1307,$) ;
#1317=AXIS2_PLACEMENT_3D('Circle Axis2P3D',#1315,#1316,$) ;
#1326=AXIS2_PLACEMENT_3D('Circle Axis2P3D',#1324,#1325,$) ;
#1335=AXIS2_PLACEMENT_3D('Circle Axis2P3D',#1333,#1334,$) ;
#1344=AXIS2_PLACEMENT_3D('Circle Axis2P3D',#1342,#1343,$) ;
#1353=AXIS2_PLACEMENT_3D('Circle Axis2P3D',#1351,#1352,$) ;
#1364=AXIS2_PLACEMENT_3D('Cylinder Axis2P3D',#1361,#1362,#1363) ;
#1378=AXIS2_PLACEMENT_3D('Circle Axis2P3D',#1376,#1377,$) ;
#1400=AXIS2_PLACEMENT_3D('Circle Axis2P3D',#1398,#1399,$) ;
#1423=AXIS2_PLACEMENT_3D('Cylinder Axis2P3D',#1420,#1421,#1422) ;
#1436=AXIS2_PLACEMENT_3D('Circle Axis2P3D',#1434,#1435,$) ;
#1443=AXIS2_PLACEMENT_3D('Circle Axis2P3D',#1441,#1442,$) ;
#1473=AXIS2_PLACEMENT_3D('Circle Axis2P3D',#1471,#1472,$) ;
#1498=AXIS2_PLACEMENT_3D('Plane Axis2P3D',#1495,#1496,#1497) ;
#1502=AXIS2_PLACEMENT_3D('Circle Axis2P3D',#1500,#1501,$) ;
#1511=AXIS2_PLACEMENT_3D('Circle Axis2P3D',#1509,#1510,$) ;
#1518=AXIS2_PLACEMENT_3D('Circle Axis2P3D',#1516,#1517,$) ;
#1532=AXIS2_PLACEMENT_3D('Circle Axis2P3D',#1530,#1531,$) ;
#1546=AXIS2_PLACEMENT_3D('Circle Axis2P3D',#1544,#1545,$) ;
#1565=AXIS2_PLACEMENT_3D('Circle Axis2P3D',#1563,#1564,$) ;
#1579=AXIS2_PLACEMENT_3D('Circle Axis2P3D',#1577,#1578,$) ;
#1607=AXIS2_PLACEMENT_3D('Circle Axis2P3D',#1605,#1606,$) ;
#1621=AXIS2_PLACEMENT_3D('Circle Axis2P3D',#1619,#1620,$) ;
#1635=AXIS2_PLACEMENT_3D('Circle Axis2P3D',#1633,#1634,$) ;
#1671=AXIS2_PLACEMENT_3D('Circle Axis2P3D',#1669,#1670,$) ;
#1680=AXIS2_PLACEMENT_3D('Circle Axis2P3D',#1678,#1679,$) ;
#1689=AXIS2_PLACEMENT_3D('Circle Axis2P3D',#1687,#1688,$) ;
#1698=AXIS2_PLACEMENT_3D('Circle Axis2P3D',#1696,#1697,$) ;
#1707=AXIS2_PLACEMENT_3D('Circle Axis2P3D',#1705,#1706,$) ;
#1716=AXIS2_PLACEMENT_3D('Circle Axis2P3D',#1714,#1715,$) ;
#1727=AXIS2_PLACEMENT_3D('Cylinder Axis2P3D',#1724,#1725,#1726) ;
#1749=AXIS2_PLACEMENT_3D('Plane Axis2P3D',#1746,#1747,#1748) ;
#1788=AXIS2_PLACEMENT_3D('Cylinder Axis2P3D',#1785,#1786,#1787) ;
#1792=AXIS2_PLACEMENT_3D('Circle Axis2P3D',#1790,#1791,$) ;
#1797=AXIS2_PLACEMENT_3D('Circle Axis2P3D',#1795,#1796,$) ;
#1810=AXIS2_PLACEMENT_3D('Cylinder Axis2P3D',#1807,#1808,#1809) ;
#1814=AXIS2_PLACEMENT_3D('Circle Axis2P3D',#1812,#1813,$) ;
#1830=AXIS2_PLACEMENT_3D('Circle Axis2P3D',#1828,#1829,$) ;
#1858=AXIS2_PLACEMENT_3D('Plane Axis2P3D',#1855,#1856,#1857) ;
#1875=AXIS2_PLACEMENT_3D('Cylinder Axis2P3D',#1872,#1873,#1874) ;
#1892=AXIS2_PLACEMENT_3D('Plane Axis2P3D',#1889,#1890,#1891) ;
#1909=AXIS2_PLACEMENT_3D('Cylinder Axis2P3D',#1906,#1907,#1908) ;
#1926=AXIS2_PLACEMENT_3D('Cylinder Axis2P3D',#1923,#1924,#1925) ;
#1943=AXIS2_PLACEMENT_3D('Cylinder Axis2P3D',#1940,#1941,#1942) ;
#1960=AXIS2_PLACEMENT_3D('Plane Axis2P3D',#1957,#1958,#1959) ;
#1977=AXIS2_PLACEMENT_3D('Cylinder Axis2P3D',#1974,#1975,#1976) ;
#1994=AXIS2_PLACEMENT_3D('Plane Axis2P3D',#1991,#1992,#1993) ;
#2011=AXIS2_PLACEMENT_3D('Cylinder Axis2P3D',#2008,#2009,#2010) ;
#2028=AXIS2_PLACEMENT_3D('Plane Axis2P3D',#2025,#2026,#2027) ;
#2045=AXIS2_PLACEMENT_3D('Cylinder Axis2P3D',#2042,#2043,#2044) ;
#2062=AXIS2_PLACEMENT_3D('Plane Axis2P3D',#2059,#2060,#2061) ;
#2075=AXIS2_PLACEMENT_3D('Circle Axis2P3D',#2073,#2074,$) ;
#2080=AXIS2_PLACEMENT_3D('Circle Axis2P3D',#2078,#2079,$) ;
#2111=AXIS2_PLACEMENT_3D('Cylinder Axis2P3D',#2108,#2109,#2110) ;
#2115=AXIS2_PLACEMENT_3D('Circle Axis2P3D',#2113,#2114,$) ;
#2122=AXIS2_PLACEMENT_3D('Circle Axis2P3D',#2120,#2121,$) ;
#2142=AXIS2_PLACEMENT_3D('Cylinder Axis2P3D',#2139,#2140,#2141) ;
#2153=AXIS2_PLACEMENT_3D('Circle Axis2P3D',#2151,#2152,$) ;
#2166=AXIS2_PLACEMENT_3D('Plane Axis2P3D',#2163,#2164,#2165) ;
#2186=AXIS2_PLACEMENT_3D('Circle Axis2P3D',#2184,#2185,$) ;
#2213=AXIS2_PLACEMENT_3D('Cylinder Axis2P3D',#2210,#2211,#2212) ;
#2217=AXIS2_PLACEMENT_3D('Circle Axis2P3D',#2215,#2216,$) ;
#2231=AXIS2_PLACEMENT_3D('Circle Axis2P3D',#2229,#2230,$) ;
#2244=AXIS2_PLACEMENT_3D('Cylinder Axis2P3D',#2241,#2242,#2243) ;
#2261=AXIS2_PLACEMENT_3D('Plane Axis2P3D',#2258,#2259,#2260) ;
#2278=AXIS2_PLACEMENT_3D('Cylinder Axis2P3D',#2275,#2276,#2277) ;
#2309=AXIS2_PLACEMENT_3D('Cylinder Axis2P3D',#2306,#2307,#2308) ;
#2338=AXIS2_PLACEMENT_3D('Cylinder Axis2P3D',#2335,#2336,#2337) ;
#2367=AXIS2_PLACEMENT_3D('Cylinder Axis2P3D',#2364,#2365,#2366) ;
#2396=AXIS2_PLACEMENT_3D('Cylinder Axis2P3D',#2393,#2394,#2395) ;
#2408=AXIS2_PLACEMENT_3D('Cylinder Axis2P3D',#2405,#2406,#2407) ;
#2425=AXIS2_PLACEMENT_3D('Plane Axis2P3D',#2422,#2423,#2424) ;
#2438=AXIS2_PLACEMENT_3D('Circle Axis2P3D',#2436,#2437,$) ;
#2452=AXIS2_PLACEMENT_3D('Circle Axis2P3D',#2450,#2451,$) ;
#2466=AXIS2_PLACEMENT_3D('Circle Axis2P3D',#2464,#2465,$) ;
#2485=AXIS2_PLACEMENT_3D('Circle Axis2P3D',#2483,#2484,$) ;
#2515=AXIS2_PLACEMENT_3D('Circle Axis2P3D',#2513,#2514,$) ;
#2529=AXIS2_PLACEMENT_3D('Circle Axis2P3D',#2527,#2528,$) ;
#2542=AXIS2_PLACEMENT_3D('Plane Axis2P3D',#2539,#2540,#2541) ;
#2566=AXIS2_PLACEMENT_3D('Cylinder Axis2P3D',#2563,#2564,#2565) ;
#2577=AXIS2_PLACEMENT_3D('Circle Axis2P3D',#2575,#2576,$) ;
#2590=AXIS2_PLACEMENT_3D('Plane Axis2P3D',#2587,#2588,#2589) ;
#2594=AXIS2_PLACEMENT_3D('Circle Axis2P3D',#2592,#2593,$) ;
#2615=AXIS2_PLACEMENT_3D('Circle Axis2P3D',#2613,#2614,$) ;
#2629=AXIS2_PLACEMENT_3D('Circle Axis2P3D',#2627,#2628,$) ;
#2657=AXIS2_PLACEMENT_3D('Circle Axis2P3D',#2655,#2656,$) ;
#2673=AXIS2_PLACEMENT_3D('Circle Axis2P3D',#2671,#2672,$) ;
#2705=AXIS2_PLACEMENT_3D('Cylinder Axis2P3D',#2702,#2703,#2704) ;
#2722=AXIS2_PLACEMENT_3D('Plane Axis2P3D',#2719,#2720,#2721) ;
#2739=AXIS2_PLACEMENT_3D('Cylinder Axis2P3D',#2736,#2737,#2738) ;
#2756=AXIS2_PLACEMENT_3D('Plane Axis2P3D',#2753,#2754,#2755) ;
#2773=AXIS2_PLACEMENT_3D('Cylinder Axis2P3D',#2770,#2771,#2772) ;
#2790=AXIS2_PLACEMENT_3D('Plane Axis2P3D',#2787,#2788,#2789) ;
#2802=AXIS2_PLACEMENT_3D('Plane Axis2P3D',#2799,#2800,#2801) ;
#2824=AXIS2_PLACEMENT_3D('Cylinder Axis2P3D',#2821,#2822,#2823) ;
#2841=AXIS2_PLACEMENT_3D('Plane Axis2P3D',#2838,#2839,#2840) ;
#2858=AXIS2_PLACEMENT_3D('Cylinder Axis2P3D',#2855,#2856,#2857) ;
#2870=AXIS2_PLACEMENT_3D('Plane Axis2P3D',#2867,#2868,#2869) ;
#2910=AXIS2_PLACEMENT_3D('Plane Axis2P3D',#2907,#2908,#2909) ;
#2950=AXIS2_PLACEMENT_3D('Plane Axis2P3D',#2947,#2948,#2949) ;
#2964=AXIS2_PLACEMENT_3D('Cylinder Axis2P3D',#2961,#2962,#2963) ;
#2975=AXIS2_PLACEMENT_3D('Circle Axis2P3D',#2973,#2974,$) ;
#2996=AXIS2_PLACEMENT_3D('Plane Axis2P3D',#2993,#2994,#2995) ;
#3009=AXIS2_PLACEMENT_3D('Circle Axis2P3D',#3007,#3008,$) ;
#3028=AXIS2_PLACEMENT_3D('Circle Axis2P3D',#3026,#3027,$) ;
#3047=AXIS2_PLACEMENT_3D('Plane Axis2P3D',#3044,#3045,#3046) ;
#3066=AXIS2_PLACEMENT_3D('Cylinder Axis2P3D',#3063,#3064,#3065) ;
#3070=AXIS2_PLACEMENT_3D('Circle Axis2P3D',#3068,#3069,$) ;
#3092=AXIS2_PLACEMENT_3D('Plane Axis2P3D',#3089,#3090,#3091) ;
#3116=AXIS2_PLACEMENT_3D('Cylinder Axis2P3D',#3113,#3114,#3115) ;
#3127=AXIS2_PLACEMENT_3D('Circle Axis2P3D',#3125,#3126,$) ;
#3140=AXIS2_PLACEMENT_3D('Cylinder Axis2P3D',#3137,#3138,#3139) ;
#3151=AXIS2_PLACEMENT_3D('Circle Axis2P3D',#3149,#3150,$) ;
#3158=AXIS2_PLACEMENT_3D('Circle Axis2P3D',#3156,#3157,$) ;
#3173=AXIS2_PLACEMENT_3D('Plane Axis2P3D',#3170,#3171,#3172) ;
#3196=AXIS2_PLACEMENT_3D('Cylinder Axis2P3D',#3193,#3194,#3195) ;
#3227=AXIS2_PLACEMENT_3D('Circle Axis2P3D',#3225,#3226,$) ;
#3241=AXIS2_PLACEMENT_3D('Circle Axis2P3D',#3239,#3240,$) ;
#3256=AXIS2_PLACEMENT_3D('Cylinder Axis2P3D',#3253,#3254,#3255) ;
#3260=AXIS2_PLACEMENT_3D('Circle Axis2P3D',#3258,#3259,$) ;
#3276=AXIS2_PLACEMENT_3D('Circle Axis2P3D',#3274,#3275,$) ;
#3314=AXIS2_PLACEMENT_3D('Plane Axis2P3D',#3311,#3312,#3313) ;
#3333=AXIS2_PLACEMENT_3D('Cylinder Axis2P3D',#3330,#3331,#3332) ;
#3337=AXIS2_PLACEMENT_3D('Circle Axis2P3D',#3335,#3336,$) ;
#3344=AXIS2_PLACEMENT_3D('Circle Axis2P3D',#3342,#3343,$) ;
#3366=AXIS2_PLACEMENT_3D('Plane Axis2P3D',#3363,#3364,#3365) ;
#3382=AXIS2_PLACEMENT_3D('Circle Axis2P3D',#3380,#3381,$) ;
#3425=AXIS2_PLACEMENT_3D('Plane Axis2P3D',#3422,#3423,#3424) ;
#3436=AXIS2_PLACEMENT_3D('Circle Axis2P3D',#3434,#3435,$) ;
#3484=AXIS2_PLACEMENT_3D('Plane Axis2P3D',#3481,#3482,#3483) ;
#3501=AXIS2_PLACEMENT_3D('Cylinder Axis2P3D',#3498,#3499,#3500) ;
#3518=AXIS2_PLACEMENT_3D('Plane Axis2P3D',#3515,#3516,#3517) ;
#3537=AXIS2_PLACEMENT_3D('Cylinder Axis2P3D',#3534,#3535,#3536) ;
#3541=AXIS2_PLACEMENT_3D('Circle Axis2P3D',#3539,#3540,$) ;
#3555=AXIS2_PLACEMENT_3D('Circle Axis2P3D',#3553,#3554,$) ;
#3570=AXIS2_PLACEMENT_3D('Plane Axis2P3D',#3567,#3568,#3569) ;
#3601=AXIS2_PLACEMENT_3D('Cylinder Axis2P3D',#3598,#3599,#3600) ;
#3605=AXIS2_PLACEMENT_3D('Circle Axis2P3D',#3603,#3604,$) ;
#3619=AXIS2_PLACEMENT_3D('Circle Axis2P3D',#3617,#3618,$) ;
#3632=AXIS2_PLACEMENT_3D('Plane Axis2P3D',#3629,#3630,#3631) ;
#3656=AXIS2_PLACEMENT_3D('Cylinder Axis2P3D',#3653,#3654,#3655) ;
#3660=AXIS2_PLACEMENT_3D('Circle Axis2P3D',#3658,#3659,$) ;
#3667=AXIS2_PLACEMENT_3D('Circle Axis2P3D',#3665,#3666,$) ;
#3689=AXIS2_PLACEMENT_3D('Plane Axis2P3D',#3686,#3687,#3688) ;
#3700=AXIS2_PLACEMENT_3D('Circle Axis2P3D',#3698,#3699,$) ;
#3724=AXIS2_PLACEMENT_3D('Plane Axis2P3D',#3721,#3722,#3723) ;
#3748=AXIS2_PLACEMENT_3D('Cylinder Axis2P3D',#3745,#3746,#3747) ;
#3759=AXIS2_PLACEMENT_3D('Circle Axis2P3D',#3757,#3758,$) ;
#3772=AXIS2_PLACEMENT_3D('Plane Axis2P3D',#3769,#3770,#3771) ;
#3793=AXIS2_PLACEMENT_3D('Plane Axis2P3D',#3790,#3791,#3792) ;
#17=CARTESIAN_POINT(' ',(0.,0.,0.)) ;
#31=CARTESIAN_POINT('Axis2P3D Location',(64.2252951929,-76.8022343286,48.0954505735)) ;
#36=CARTESIAN_POINT('Line Origine',(48.6108042184,-101.974043616,49.1679434955)) ;
#40=CARTESIAN_POINT('Vertex',(36.6215443921,-128.734377952,50.8186122513)) ;
#42=CARTESIAN_POINT('Vertex',(60.6000640448,-75.2137092807,47.5172747397)) ;
#45=CARTESIAN_POINT('Line Origine',(62.4126796189,-76.0079718047,47.8063626566)) ;
#49=CARTESIAN_POINT('Vertex',(64.2252951929,-76.8022343286,48.0954505735)) ;
#52=CARTESIAN_POINT('Line Origine',(52.2360353666,-103.562568664,49.7461193293)) ;
#56=CARTESIAN_POINT('Vertex',(40.2467755403,-130.322903,51.3967880851)) ;
#59=CARTESIAN_POINT('Line Origine',(38.4341599662,-129.528640476,51.1077001682)) ;
#71=CARTESIAN_POINT('Axis2P3D Location',(35.8447353061,-127.463793742,65.7749093317)) ;
#76=CARTESIAN_POINT('Axis2P3D Location',(34.9808195679,-127.085238077,65.6371263375)) ;
#80=CARTESIAN_POINT('Vertex',(34.9808195679,-132.215540226,51.5417370257)) ;
#83=CARTESIAN_POINT('Axis2P3D Location',(38.6060507161,-128.673763124,66.2153021713)) ;
#87=CARTESIAN_POINT('Vertex',(38.6060507161,-133.804065274,52.1199128595)) ;
#90=CARTESIAN_POINT('Line Origine',(35.8447353061,-132.594095892,51.6795200199)) ;
#102=CARTESIAN_POINT('Axis2P3D Location',(62.193916309,-75.788086488,49.7821645348)) ;
#107=CARTESIAN_POINT('Axis2P3D Location',(60.3813007349,-74.993823964,49.4930766179)) ;
#111=CARTESIAN_POINT('Vertex',(61.1132970364,-73.860741756,48.0164906487)) ;
#114=CARTESIAN_POINT('Line Origine',(62.9259126105,-74.6550042799,48.3055785656)) ;
#118=CARTESIAN_POINT('Vertex',(64.7385281846,-75.4492668039,48.5946664825)) ;
#121=CARTESIAN_POINT('Axis2P3D Location',(64.006531883,-76.5823490119,50.0712524517)) ;
#133=CARTESIAN_POINT('Axis2P3D Location',(64.7385281846,-75.4492668039,48.5946664825)) ;
#138=CARTESIAN_POINT('Line Origine',(61.2370790594,-73.4377901806,48.4024125658)) ;
#142=CARTESIAN_POINT('Vertex',(61.3608610825,-73.0148386051,48.788334483)) ;
#145=CARTESIAN_POINT('Line Origine',(63.1734766565,-73.8091011291,49.0774223999)) ;
#149=CARTESIAN_POINT('Vertex',(64.9860922306,-74.603363653,49.3665103168)) ;
#152=CARTESIAN_POINT('Line Origine',(64.8623102076,-75.0263152284,48.9805883996)) ;
#164=CARTESIAN_POINT('Axis2P3D Location',(63.9054729581,-72.676018921,47.6008364307)) ;
#169=CARTESIAN_POINT('Axis2P3D Location',(62.092857384,-71.8817563971,47.3117485138)) ;
#173=CARTESIAN_POINT('Vertex',(61.8740940741,-71.6618710804,49.2875503919)) ;
#176=CARTESIAN_POINT('Line Origine',(63.6867096482,-72.4561336043,49.5766383089)) ;
#180=CARTESIAN_POINT('Vertex',(65.4993252222,-73.2503961282,49.8657262258)) ;
#183=CARTESIAN_POINT('Axis2P3D Location',(65.7180885321,-73.470281445,47.8899243476)) ;
#195=CARTESIAN_POINT('Axis2P3D Location',(65.4993252222,-73.2503961282,49.8657262258)) ;
#200=CARTESIAN_POINT('Line Origine',(64.3234014362,-66.1949544526,48.9503323156)) ;
#204=CARTESIAN_POINT('Vertex',(66.7727087982,-60.7280378248,48.6131142392)) ;
#207=CARTESIAN_POINT('Line Origine',(68.5853243723,-61.5223003487,48.9022021561)) ;
#211=CARTESIAN_POINT('Vertex',(70.3979399464,-62.3165628727,49.191290073)) ;
#214=CARTESIAN_POINT('Line Origine',(67.9486325843,-67.7834795005,49.5285081494)) ;
#226=CARTESIAN_POINT('Axis2P3D Location',(68.8040876822,-61.7421856655,46.9264002779)) ;
#231=CARTESIAN_POINT('Axis2P3D Location',(66.9914721081,-60.9479231415,46.637312361)) ;
#235=CARTESIAN_POINT('Vertex',(67.4140903699,-59.5038761364,47.9549322045)) ;
#238=CARTESIAN_POINT('Line Origine',(69.2267059439,-60.2981386604,48.2440201214)) ;
#242=CARTESIAN_POINT('Vertex',(71.039321518,-61.0924011843,48.5331080383)) ;
#245=CARTESIAN_POINT('Axis2P3D Location',(70.6167032563,-62.5364481894,47.2154881948)) ;
#257=CARTESIAN_POINT('Axis2P3D Location',(71.039321518,-61.0924011843,48.5331080383)) ;
#262=CARTESIAN_POINT('Line Origine',(67.6284871228,-59.1720040413,47.5224501871)) ;
#266=CARTESIAN_POINT('Vertex',(67.8428838757,-58.8401319462,47.0899681698)) ;
#269=CARTESIAN_POINT('Line Origine',(69.6554994498,-59.6343944702,47.3790560867)) ;
#273=CARTESIAN_POINT('Vertex',(71.4681150238,-60.4286569941,47.6681440036)) ;
#276=CARTESIAN_POINT('Line Origine',(71.2537182709,-60.7605290892,48.100626021)) ;
#288=CARTESIAN_POINT('Axis2P3D Location',(70.0781177115,-58.1903474651,48.6966759302)) ;
#293=CARTESIAN_POINT('Axis2P3D Location',(68.2655021374,-57.3960849412,48.4075880133)) ;
#297=CARTESIAN_POINT('Vertex',(69.0819379248,-55.5737793986,48.2951819878)) ;
#300=CARTESIAN_POINT('Line Origine',(70.8945534989,-56.3680419225,48.5842699047)) ;
#304=CARTESIAN_POINT('Vertex',(72.7071690729,-57.1623044464,48.8733578216)) ;
#307=CARTESIAN_POINT('Axis2P3D Location',(71.8907332856,-58.984609989,48.9857638471)) ;
#319=CARTESIAN_POINT('Axis2P3D Location',(70.6289176289,-55.0733939377,67.6434756641)) ;
#324=CARTESIAN_POINT('Line Origine',(68.0428122028,-54.5293241442,57.6802409091)) ;
#328=CARTESIAN_POINT('Vertex',(67.0036864808,-53.4848688898,67.0652998303)) ;
#331=CARTESIAN_POINT('Line Origine',(68.8163020549,-54.2791314137,67.3543877472)) ;
#335=CARTESIAN_POINT('Vertex',(70.6289176289,-55.0733939377,67.6434756641)) ;
#338=CARTESIAN_POINT('Line Origine',(71.6680433509,-56.1178491921,58.2584167429)) ;
#350=CARTESIAN_POINT('Axis2P3D Location',(67.9998662675,-56.1014369563,67.4667937727)) ;
#355=CARTESIAN_POINT('Axis2P3D Location',(66.1872506934,-55.3071744324,67.1777058558)) ;
#359=CARTESIAN_POINT('Vertex',(65.4552543919,-56.4402566404,68.6542918249)) ;
#362=CARTESIAN_POINT('Line Origine',(67.267869966,-57.2345191644,68.9433797419)) ;
#366=CARTESIAN_POINT('Vertex',(69.0804855401,-58.0287816883,69.2324676588)) ;
#369=CARTESIAN_POINT('Axis2P3D Location',(69.8124818416,-56.8956994803,67.7558816896)) ;
#381=CARTESIAN_POINT('Axis2P3D Location',(68.832921494,-58.8746848392,68.4606238245)) ;
#386=CARTESIAN_POINT('Line Origine',(65.3314723689,-56.8632082159,68.2683699078)) ;
#390=CARTESIAN_POINT('Vertex',(65.2076903459,-57.2861597913,67.8824479907)) ;
#393=CARTESIAN_POINT('Line Origine',(67.02030592,-58.0804223153,68.1715359076)) ;
#397=CARTESIAN_POINT('Vertex',(68.832921494,-58.8746848392,68.4606238245)) ;
#400=CARTESIAN_POINT('Line Origine',(68.956703517,-58.4517332637,68.8465457416)) ;
#412=CARTESIAN_POINT('Axis2P3D Location',(66.2883096184,-59.2135045233,69.6481218768)) ;
#417=CARTESIAN_POINT('Axis2P3D Location',(64.4756940443,-58.4192419994,69.3590339599)) ;
#421=CARTESIAN_POINT('Vertex',(64.6944573542,-58.6391273161,67.3832320817)) ;
#424=CARTESIAN_POINT('Line Origine',(66.5070729283,-59.43338984,67.6723199986)) ;
#428=CARTESIAN_POINT('Vertex',(68.3196885024,-60.2276523639,67.9614079155)) ;
#431=CARTESIAN_POINT('Axis2P3D Location',(68.1009251925,-60.0077670472,69.9372097937)) ;
#443=CARTESIAN_POINT('Axis2P3D Location',(63.4210737783,-71.1614856195,68.6358440683)) ;
#448=CARTESIAN_POINT('Line Origine',(62.2451499922,-64.1060439438,67.7204501581)) ;
#452=CARTESIAN_POINT('Vertex',(59.7958426301,-69.5729605716,68.0576682345)) ;
#455=CARTESIAN_POINT('Line Origine',(61.6084582042,-70.3672230956,68.3467561514)) ;
#459=CARTESIAN_POINT('Vertex',(63.4210737783,-71.1614856195,68.6358440683)) ;
#462=CARTESIAN_POINT('Line Origine',(65.8703811403,-65.6945689917,68.2986259919)) ;
#474=CARTESIAN_POINT('Axis2P3D Location',(61.3896948943,-70.1473377789,70.3225580295)) ;
#479=CARTESIAN_POINT('Axis2P3D Location',(59.5770793202,-69.3530752549,70.0334701126)) ;
#483=CARTESIAN_POINT('Vertex',(59.1544610585,-70.79712226,68.7158502691)) ;
#486=CARTESIAN_POINT('Line Origine',(60.9670766326,-71.5913847839,69.004938186)) ;
#490=CARTESIAN_POINT('Vertex',(62.7796922066,-72.3856473079,69.294026103)) ;
#493=CARTESIAN_POINT('Axis2P3D Location',(63.2023104684,-70.9416003028,70.6116459464)) ;
#505=CARTESIAN_POINT('Axis2P3D Location',(62.3508987008,-73.0493914981,70.1589901377)) ;
#510=CARTESIAN_POINT('Line Origine',(58.9400643056,-71.1289943551,69.1483322865)) ;
#514=CARTESIAN_POINT('Vertex',(58.7256675526,-71.4608664502,69.5808143039)) ;
#517=CARTESIAN_POINT('Line Origine',(60.5382831267,-72.2551289741,69.8699022208)) ;
#521=CARTESIAN_POINT('Vertex',(62.3508987008,-73.0493914981,70.1589901377)) ;
#524=CARTESIAN_POINT('Line Origine',(62.5652954537,-72.717519403,69.7265081203)) ;
#536=CARTESIAN_POINT('Axis2P3D Location',(60.115664865,-73.6991759792,68.5522823773)) ;
#541=CARTESIAN_POINT('Axis2P3D Location',(58.3030492909,-72.9049134553,68.2631944604)) ;
#545=CARTESIAN_POINT('Vertex',(58.084285981,-72.6850281386,70.2389963386)) ;
#548=CARTESIAN_POINT('Line Origine',(59.8969015551,-73.4792906625,70.5280842555)) ;
#552=CARTESIAN_POINT('Vertex',(61.7095171292,-74.2735531864,70.8171721724)) ;
#555=CARTESIAN_POINT('Axis2P3D Location',(61.9282804391,-74.4934385031,68.8413702942)) ;
#567=CARTESIAN_POINT('Axis2P3D Location',(38.1609407186,-126.834577553,74.0593155479)) ;
#572=CARTESIAN_POINT('Line Origine',(50.069586187,-100.254176525,72.4197456927)) ;
#576=CARTESIAN_POINT('Vertex',(38.4296552449,-126.234799863,74.0223192129)) ;
#579=CARTESIAN_POINT('Line Origine',(46.4443550389,-98.665651477,71.8415698588)) ;
#583=CARTESIAN_POINT('Vertex',(34.8044240968,-124.646274815,73.4441433791)) ;
#586=CARTESIAN_POINT('Line Origine',(36.6170396708,-125.440537339,73.733231296)) ;
#598=CARTESIAN_POINT('Axis2P3D Location',(35.0804703593,-124.45716857,78.5148983056)) ;
#603=CARTESIAN_POINT('Axis2P3D Location',(34.257515822,-124.096561524,78.3836480745)) ;
#607=CARTESIAN_POINT('Vertex',(34.257515822,-125.80666224,73.6851849706)) ;
#610=CARTESIAN_POINT('Line Origine',(35.0804703593,-126.167269286,73.8164352016)) ;
#614=CARTESIAN_POINT('Vertex',(37.8827469702,-127.395187288,74.2633608044)) ;
#617=CARTESIAN_POINT('Axis2P3D Location',(37.8827469702,-125.685086572,78.9618239083)) ;
#629=CARTESIAN_POINT('Axis2P3D Location',(36.,-146.341084777,46.0412370601)) ;
#634=CARTESIAN_POINT('Axis2P3D Location',(26.,-141.139041915,44.1478483011)) ;
#638=CARTESIAN_POINT('Vertex',(32.,-141.139041915,44.1478483011)) ;
#640=CARTESIAN_POINT('Vertex',(30.2598764722,-137.168526176,42.7026987573)) ;
#643=CARTESIAN_POINT('Line Origine',(32.,-141.390831794,44.2394923223)) ;
#647=CARTESIAN_POINT('Vertex',(32.,-141.642621673,44.3311363435)) ;
#650=CARTESIAN_POINT('Line Origine',(34.,-141.642621673,44.3311363435)) ;
#654=CARTESIAN_POINT('Vertex',(36.,-141.642621673,44.3311363435)) ;
#657=CARTESIAN_POINT('Line Origine',(36.,-141.390831794,44.2394923223)) ;
#661=CARTESIAN_POINT('Vertex',(36.,-141.139041915,44.1478483011)) ;
#664=CARTESIAN_POINT('Axis2P3D Location',(26.,-141.139041915,44.1478483011)) ;
#668=CARTESIAN_POINT('Vertex',(32.3027595475,-133.843539156,41.4925024527)) ;
#671=CARTESIAN_POINT('Line Origine',(31.2813180099,-135.506032666,42.097600605)) ;
#685=CARTESIAN_POINT('Axis2P3D Location',(30.7411293108,-138.095342004,37.719143269)) ;
#690=CARTESIAN_POINT('Axis2P3D Location',(30.3652838047,-138.707066407,37.9417927432)) ;
#694=CARTESIAN_POINT('Vertex',(27.8816249803,-135.958770047,41.3001116624)) ;
#696=CARTESIAN_POINT('Vertex',(29.0000000042,-136.343483874,42.1310024243)) ;
#700=CARTESIAN_POINT('Control Point',(29.0000000042,-136.343483874,42.1310024243)) ;
#701=CARTESIAN_POINT('Control Point',(29.4445725461,-136.526344411,42.3790620207)) ;
#702=CARTESIAN_POINT('Control Point',(29.8789342586,-136.807631215,42.5713437339)) ;
#703=CARTESIAN_POINT('Control Point',(30.2598764722,-137.168526176,42.7026987573)) ;
#706=CARTESIAN_POINT('Control Point',(32.3027595475,-133.843539156,41.4925024527)) ;
#707=CARTESIAN_POINT('Control Point',(31.8859662632,-133.525582546,41.3767757107)) ;
#708=CARTESIAN_POINT('Control Point',(31.4412093353,-133.269770338,41.1923929086)) ;
#709=CARTESIAN_POINT('Control Point',(31.,-133.088293146,40.946209891)) ;
#710=CARTESIAN_POINT('Vertex',(31.,-133.088293146,40.946209891)) ;
#713=CARTESIAN_POINT('Axis2P3D Location',(32.3652838047,-135.451875682,36.7570002123)) ;
#717=CARTESIAN_POINT('Vertex',(29.8816249802,-132.703579322,40.1153191315)) ;
#720=CARTESIAN_POINT('Line Origine',(28.2574704863,-135.347045645,41.0774621882)) ;
#734=CARTESIAN_POINT('Axis2P3D Location',(32.5,-139.932520957,49.0295994474)) ;
#739=CARTESIAN_POINT('Axis2P3D Location',(32.,-139.932520957,49.0295994474)) ;
#743=CARTESIAN_POINT('Vertex',(32.,-144.63098406,50.7397001641)) ;
#746=CARTESIAN_POINT('Line Origine',(32.5,-144.63098406,50.7397001641)) ;
#750=CARTESIAN_POINT('Vertex',(36.,-144.63098406,50.7397001641)) ;
#753=CARTESIAN_POINT('Axis2P3D Location',(36.,-139.932520957,49.0295994474)) ;
#765=CARTESIAN_POINT('Axis2P3D Location',(35.7203159807,-139.932520957,49.0295994474)) ;
#770=CARTESIAN_POINT('Line Origine',(35.7203159807,-138.22242024,53.7280625514)) ;
#774=CARTESIAN_POINT('Vertex',(36.4245943954,-138.22242024,53.7280625514)) ;
#776=CARTESIAN_POINT('Vertex',(32.2488386509,-138.22242024,53.7280625514)) ;
#780=CARTESIAN_POINT('Control Point',(36.,-140.482956257,53.9992091886)) ;
#781=CARTESIAN_POINT('Control Point',(36.,-139.898917679,54.0638974574)) ;
#782=CARTESIAN_POINT('Control Point',(36.0614492472,-139.30375561,54.0370099073)) ;
#783=CARTESIAN_POINT('Control Point',(36.2074776894,-138.7355182,53.914814936)) ;
#784=CARTESIAN_POINT('Control Point',(36.4245943954,-138.22242024,53.7280625514)) ;
#785=CARTESIAN_POINT('Vertex',(36.,-140.482956257,53.9992091886)) ;
#788=CARTESIAN_POINT('Axis2P3D Location',(36.,-139.932520957,49.0295994474)) ;
#793=CARTESIAN_POINT('Axis2P3D Location',(32.000000019,-139.932520957,49.0295994474)) ;
#797=CARTESIAN_POINT('Vertex',(32.,-140.482956257,53.9992091905)) ;
#801=CARTESIAN_POINT('Control Point',(32.2488386509,-138.22242024,53.7280625514)) ;
#802=CARTESIAN_POINT('Control Point',(32.1204763675,-138.752967842,53.9211660863)) ;
#803=CARTESIAN_POINT('Control Point',(32.0358102886,-139.32207756,54.037805695)) ;
#804=CARTESIAN_POINT('Control Point',(32.0000004156,-139.907476095,54.0629495241)) ;
#805=CARTESIAN_POINT('Control Point',(32.000000019,-140.48295625,53.9992091894)) ;
#816=CARTESIAN_POINT('Axis2P3D Location',(11.0928656934,-127.705802537,22.1300589455)) ;
#821=CARTESIAN_POINT('Line Origine',(20.4872453368,-130.204690929,31.1226890385)) ;
#825=CARTESIAN_POINT('Vertex',(11.0928656934,-127.705802537,22.1300589455)) ;
#828=CARTESIAN_POINT('Line Origine',(10.0928656934,-129.333397899,22.7224552109)) ;
#832=CARTESIAN_POINT('Vertex',(9.09286569339,-130.960993262,23.3148514764)) ;
#835=CARTESIAN_POINT('Line Origine',(18.4872453368,-133.459881655,32.3074815694)) ;
#847=CARTESIAN_POINT('Axis2P3D Location',(42.,-136.372436977,65.2927680933)) ;
#853=CARTESIAN_POINT('Control Point',(36.,-132.501833193,75.9271645898)) ;
#854=CARTESIAN_POINT('Control Point',(36.,-131.713408574,75.7733640461)) ;
#855=CARTESIAN_POINT('Control Point',(36.1608531972,-130.938744651,75.553110208)) ;
#856=CARTESIAN_POINT('Control Point',(36.4736828606,-130.243495559,75.3000602331)) ;
#857=CARTESIAN_POINT('Vertex',(36.,-132.501833193,75.9271645898)) ;
#859=CARTESIAN_POINT('Vertex',(36.4736828606,-130.243495559,75.3000602331)) ;
#862=CARTESIAN_POINT('Line Origine',(36.,-136.372436977,65.2927680933)) ;
#867=CARTESIAN_POINT('Axis2P3D Location',(42.,-140.305668625,54.4863029543)) ;
#871=CARTESIAN_POINT('Vertex',(36.5621532778,-137.922881054,53.6190392036)) ;
#874=CARTESIAN_POINT('Line Origine',(36.5621532778,-133.989649405,64.4255043426)) ;
#878=CARTESIAN_POINT('Vertex',(36.5621532778,-130.056417757,75.2319694816)) ;
#881=CARTESIAN_POINT('Axis2P3D Location',(42.,-132.439205329,76.0992332324)) ;
#895=CARTESIAN_POINT('Axis2P3D Location',(34.,-178.153117513,2.49546145331)) ;
#900=CARTESIAN_POINT('Line Origine',(34.,-174.653117513,2.49546145331)) ;
#904=CARTESIAN_POINT('Vertex',(36.,-174.653117513,2.49546145331)) ;
#906=CARTESIAN_POINT('Vertex',(32.,-174.653117513,2.49546145331)) ;
#909=CARTESIAN_POINT('Axis2P3D Location',(36.,-178.153117513,2.49546145331)) ;
#913=CARTESIAN_POINT('Vertex',(36.,-181.653117513,2.49546145331)) ;
#916=CARTESIAN_POINT('Line Origine',(34.,-181.653117513,2.49546145331)) ;
#920=CARTESIAN_POINT('Vertex',(32.,-181.653117513,2.49546145331)) ;
#923=CARTESIAN_POINT('Axis2P3D Location',(32.,-178.153117513,2.49546145331)) ;
#935=CARTESIAN_POINT('Axis2P3D Location',(36.,-178.153117513,2.49546145331)) ;
#940=CARTESIAN_POINT('Axis2P3D Location',(32.,-178.153117513,2.49546145331)) ;
#952=CARTESIAN_POINT('Axis2P3D Location',(34.,-191.970731303,-35.4681204264)) ;
#957=CARTESIAN_POINT('Line Origine',(34.,-188.470731303,-35.4681204264)) ;
#961=CARTESIAN_POINT('Vertex',(36.,-188.470731303,-35.4681204264)) ;
#963=CARTESIAN_POINT('Vertex',(32.,-188.470731303,-35.4681204264)) ;
#966=CARTESIAN_POINT('Axis2P3D Location',(36.,-191.970731303,-35.4681204264)) ;
#970=CARTESIAN_POINT('Vertex',(36.,-195.470731303,-35.4681204264)) ;
#973=CARTESIAN_POINT('Line Origine',(34.,-195.470731303,-35.4681204264)) ;
#977=CARTESIAN_POINT('Vertex',(32.,-195.470731303,-35.4681204264)) ;
#980=CARTESIAN_POINT('Axis2P3D Location',(32.,-191.970731303,-35.4681204264)) ;
#992=CARTESIAN_POINT('Axis2P3D Location',(36.,-191.970731303,-35.4681204264)) ;
#997=CARTESIAN_POINT('Axis2P3D Location',(32.,-191.970731303,-35.4681204264)) ;
#1009=CARTESIAN_POINT('Axis2P3D Location',(34.,-171.449522704,20.9134368207)) ;
#1014=CARTESIAN_POINT('Line Origine',(34.,-167.949522704,20.9134368207)) ;
#1018=CARTESIAN_POINT('Vertex',(36.,-167.949522704,20.9134368207)) ;
#1020=CARTESIAN_POINT('Vertex',(32.,-167.949522704,20.9134368207)) ;
#1023=CARTESIAN_POINT('Axis2P3D Location',(36.,-171.449522704,20.9134368207)) ;
#1027=CARTESIAN_POINT('Vertex',(36.,-174.949522704,20.9134368207)) ;
#1030=CARTESIAN_POINT('Line Origine',(34.,-174.949522704,20.9134368207)) ;
#1034=CARTESIAN_POINT('Vertex',(32.,-174.949522704,20.9134368207)) ;
#1037=CARTESIAN_POINT('Axis2P3D Location',(32.,-171.449522704,20.9134368207)) ;
#1049=CARTESIAN_POINT('Axis2P3D Location',(36.,-171.449522704,20.9134368207)) ;
#1054=CARTESIAN_POINT('Axis2P3D Location',(32.,-171.449522704,20.9134368207)) ;
#1066=CARTESIAN_POINT('Axis2P3D Location',(34.,-157.631908914,58.8770187005)) ;
#1071=CARTESIAN_POINT('Line Origine',(34.,-154.131908914,58.8770187005)) ;
#1075=CARTESIAN_POINT('Vertex',(36.,-154.131908914,58.8770187005)) ;
#1077=CARTESIAN_POINT('Vertex',(32.,-154.131908914,58.8770187005)) ;
#1080=CARTESIAN_POINT('Axis2P3D Location',(36.,-157.631908914,58.8770187005)) ;
#1084=CARTESIAN_POINT('Vertex',(36.,-161.131908914,58.8770187005)) ;
#1087=CARTESIAN_POINT('Line Origine',(34.,-161.131908914,58.8770187005)) ;
#1091=CARTESIAN_POINT('Vertex',(32.,-161.131908914,58.8770187005)) ;
#1094=CARTESIAN_POINT('Axis2P3D Location',(32.,-157.631908914,58.8770187005)) ;
#1106=CARTESIAN_POINT('Axis2P3D Location',(36.,-157.631908914,58.8770187005)) ;
#1111=CARTESIAN_POINT('Axis2P3D Location',(32.,-157.631908914,58.8770187005)) ;
#1123=CARTESIAN_POINT('Axis2P3D Location',(4.,0.,0.)) ;
#1128=CARTESIAN_POINT('Line Origine',(4.,47.4950965761,-19.)) ;
#1132=CARTESIAN_POINT('Vertex',(4.,42.1798794858,-19.)) ;
#1134=CARTESIAN_POINT('Vertex',(4.,52.8103136664,-19.)) ;
#1137=CARTESIAN_POINT('Axis2P3D Location',(4.,52.8103136664,1.01406344559E-013)) ;
#1141=CARTESIAN_POINT('Vertex',(4.,52.8103136664,19.)) ;
#1144=CARTESIAN_POINT('Line Origine',(4.,49.5472924569,19.)) ;
#1148=CARTESIAN_POINT('Vertex',(4.,46.2842712475,19.)) ;
#1151=CARTESIAN_POINT('Axis2P3D Location',(4.,46.2842712475,4.)) ;
#1155=CARTESIAN_POINT('Vertex',(4.,35.6776695297,14.6066017178)) ;
#1158=CARTESIAN_POINT('Line Origine',(4.,29.6066017178,8.53553390593)) ;
#1162=CARTESIAN_POINT('Vertex',(4.,23.5355339059,2.46446609407)) ;
#1165=CARTESIAN_POINT('Axis2P3D Location',(4.,20.,6.)) ;
#1169=CARTESIAN_POINT('Vertex',(4.,15.,6.)) ;
#1172=CARTESIAN_POINT('Line Origine',(4.,15.,6.25778505252)) ;
#1176=CARTESIAN_POINT('Vertex',(4.,15.,6.51557010503)) ;
#1179=CARTESIAN_POINT('Line Origine',(4.,0.,6.51557010503)) ;
#1183=CARTESIAN_POINT('Vertex',(4.,-15.,6.51557010503)) ;
#1186=CARTESIAN_POINT('Line Origine',(4.,-15.,6.25778505252)) ;
#1190=CARTESIAN_POINT('Vertex',(4.,-15.,6.)) ;
#1193=CARTESIAN_POINT('Axis2P3D Location',(4.,-20.,6.)) ;
#1197=CARTESIAN_POINT('Vertex',(4.,-23.5355339059,2.46446609407)) ;
#1200=CARTESIAN_POINT('Line Origine',(4.,-29.6066017178,8.53553390593)) ;
#1204=CARTESIAN_POINT('Vertex',(4.,-35.6776695297,14.6066017178)) ;
#1207=CARTESIAN_POINT('Axis2P3D Location',(4.,-46.2842712475,4.)) ;
#1211=CARTESIAN_POINT('Vertex',(4.,-46.2842712475,19.)) ;
#1214=CARTESIAN_POINT('Line Origine',(4.,-83.5425109384,19.)) ;
#1218=CARTESIAN_POINT('Vertex',(4.,-120.800750629,19.)) ;
#1221=CARTESIAN_POINT('Line Origine',(4.,-139.154382257,-31.4261884618)) ;
#1225=CARTESIAN_POINT('Vertex',(4.,-157.508013885,-81.8523769236)) ;
#1228=CARTESIAN_POINT('Line Origine',(4.,-145.408865904,-86.2561066486)) ;
#1232=CARTESIAN_POINT('Vertex',(4.,-133.309717923,-90.6598363735)) ;
#1235=CARTESIAN_POINT('Axis2P3D Location',(4.,-127.495375487,-74.6850618202)) ;
#1239=CARTESIAN_POINT('Vertex',(4.,-114.65577052,-63.5430447543)) ;
#1242=CARTESIAN_POINT('Line Origine',(4.,-117.299679115,-60.4963125751)) ;
#1246=CARTESIAN_POINT('Vertex',(4.,-119.943587711,-57.449580396)) ;
#1249=CARTESIAN_POINT('Axis2P3D Location',(4.,-105.593440983,-44.9967377929)) ;
#1253=CARTESIAN_POINT('Vertex',(4.,-105.593440983,-25.9967377929)) ;
#1256=CARTESIAN_POINT('Line Origine',(4.,-82.2004507632,-25.9967377929)) ;
#1260=CARTESIAN_POINT('Vertex',(4.,-58.8074605431,-25.9967377929)) ;
#1263=CARTESIAN_POINT('Axis2P3D Location',(4.,-58.8074605431,-10.9967377929)) ;
#1267=CARTESIAN_POINT('Vertex',(4.,-52.0479823197,-24.3873858037)) ;
#1270=CARTESIAN_POINT('Axis2P3D Location',(4.,2.48689957516E-014,-127.495375487)) ;
#1274=CARTESIAN_POINT('Vertex',(4.,37.3316174759,-18.1948707456)) ;
#1277=CARTESIAN_POINT('Axis2P3D Location',(4.,42.1798794858,-4.)) ;
#1306=CARTESIAN_POINT('Axis2P3D Location',(4.,52.8103136664,9.97687655974E-014)) ;
#1310=CARTESIAN_POINT('Vertex',(4.,45.8103136664,1.00626018357E-013)) ;
#1312=CARTESIAN_POINT('Vertex',(4.,59.8103136664,9.97687655974E-014)) ;
#1315=CARTESIAN_POINT('Axis2P3D Location',(4.,52.8103136664,9.97687655974E-014)) ;
#1324=CARTESIAN_POINT('Axis2P3D Location',(4.,-127.495375487,-74.6850618202)) ;
#1328=CARTESIAN_POINT('Vertex',(4.,-134.495375487,-74.6850618202)) ;
#1330=CARTESIAN_POINT('Vertex',(4.,-120.495375487,-74.6850618202)) ;
#1333=CARTESIAN_POINT('Axis2P3D Location',(4.,-127.495375487,-74.6850618202)) ;
#1342=CARTESIAN_POINT('Axis2P3D Location',(4.,-52.8103136664,-1.37693675906E-017)) ;
#1346=CARTESIAN_POINT('Vertex',(4.,-45.8103136664,-1.37693675906E-017)) ;
#1348=CARTESIAN_POINT('Vertex',(4.,-59.8103136664,8.43483391813E-016)) ;
#1351=CARTESIAN_POINT('Axis2P3D Location',(4.,-52.8103136664,-1.37693675906E-017)) ;
#1361=CARTESIAN_POINT('Axis2P3D Location',(10.,-132.36953335,-12.7849692958)) ;
#1367=CARTESIAN_POINT('Control Point',(7.,-162.386144364,-80.0623969483)) ;
#1368=CARTESIAN_POINT('Control Point',(6.89371396273,-162.331584497,-80.0919120732)) ;
#1369=CARTESIAN_POINT('Control Point',(6.7889642887,-162.272208608,-80.118351854)) ;
#1370=CARTESIAN_POINT('Control Point',(6.68637058347,-162.208342856,-80.1415970867)) ;
#1371=CARTESIAN_POINT('Vertex',(6.68637058347,-162.208342856,-80.1415970867)) ;
#1373=CARTESIAN_POINT('Vertex',(6.99999999928,-162.386144364,-80.0623969484)) ;
#1376=CARTESIAN_POINT('Axis2P3D Location',(10.,-157.508013885,-81.8523769236)) ;
#1382=CARTESIAN_POINT('Control Point',(4.00033499356,-120.868221602,19.)) ;
#1383=CARTESIAN_POINT('Control Point',(4.00011166608,-120.845732063,19.)) ;
#1384=CARTESIAN_POINT('Control Point',(4.,-120.823241277,19.)) ;
#1385=CARTESIAN_POINT('Control Point',(4.,-120.800750629,19.)) ;
#1386=CARTESIAN_POINT('Vertex',(4.00033499356,-120.868221602,19.)) ;
#1390=CARTESIAN_POINT('Control Point',(4.00033499356,-120.868221602,19.)) ;
#1391=CARTESIAN_POINT('Control Point',(4.00473525998,-121.31133754,19.)) ;
#1392=CARTESIAN_POINT('Control Point',(4.04783181902,-121.754151213,19.0524055227)) ;
#1393=CARTESIAN_POINT('Control Point',(4.13711473371,-122.180515683,19.1567471216)) ;
#1394=CARTESIAN_POINT('Control Point',(4.26809907605,-122.578322319,19.3015368961)) ;
#1395=CARTESIAN_POINT('Vertex',(4.26809907605,-122.578322319,19.3015368961)) ;
#1398=CARTESIAN_POINT('Axis2P3D Location',(10.,-120.911774926,18.6949632512)) ;
#1402=CARTESIAN_POINT('Vertex',(7.,-125.794561014,20.4721520476)) ;
#1405=CARTESIAN_POINT('Line Origine',(7.,-137.252319438,-11.0077804995)) ;
#1420=CARTESIAN_POINT('Axis2P3D Location',(10.,-132.36953335,-12.7849692958)) ;
#1425=CARTESIAN_POINT('Line Origine',(5.,-140.507510164,-9.82298796856)) ;
#1429=CARTESIAN_POINT('Vertex',(5.,-165.64133509,-78.8776044173)) ;
#1431=CARTESIAN_POINT('Vertex',(5.,-129.04975174,21.6569445785)) ;
#1434=CARTESIAN_POINT('Axis2P3D Location',(10.,-120.911774926,18.6949632512)) ;
#1438=CARTESIAN_POINT('Vertex',(1.8350341907,-126.337092802,20.6696174694)) ;
#1441=CARTESIAN_POINT('Axis2P3D Location',(10.,-120.911774926,18.6949632512)) ;
#1445=CARTESIAN_POINT('Vertex',(0.158522051949,-122.578322319,19.3015368961)) ;
#1449=CARTESIAN_POINT('Control Point',(0.00020099254305,-120.868221602,19.)) ;
#1450=CARTESIAN_POINT('Control Point',(0.00368608673812,-121.453169503,19.)) ;
#1451=CARTESIAN_POINT('Control Point',(0.0547795429782,-122.037354992,19.1046408916)) ;
#1452=CARTESIAN_POINT('Control Point',(0.158522051949,-122.578322319,19.3015368961)) ;
#1453=CARTESIAN_POINT('Vertex',(0.,-120.868221602,19.)) ;
#1457=CARTESIAN_POINT('Control Point',(1.7763568394E-015,-120.800750629,19.)) ;
#1458=CARTESIAN_POINT('Control Point',(1.77894198396E-015,-120.823240688,18.9999999031)) ;
#1459=CARTESIAN_POINT('Control Point',(6.69952700913E-005,-120.845730746,18.9999998063)) ;
#1460=CARTESIAN_POINT('Control Point',(0.000200984463774,-120.868220405,18.9999995642)) ;
#1461=CARTESIAN_POINT('Vertex',(0.,-120.800750629,19.)) ;
#1464=CARTESIAN_POINT('Line Origine',(1.7763568394E-015,-132.36953335,-12.7849692958)) ;
#1468=CARTESIAN_POINT('Vertex',(1.7763568394E-015,-157.508013885,-81.8523769236)) ;
#1471=CARTESIAN_POINT('Axis2P3D Location',(10.,-157.508013885,-81.8523769236)) ;
#1475=CARTESIAN_POINT('Vertex',(4.68410078902,-165.467227888,-78.9554599381)) ;
#1479=CARTESIAN_POINT('Control Point',(4.68410078902,-165.467227888,-78.9554599381)) ;
#1480=CARTESIAN_POINT('Control Point',(4.78829912554,-165.528680306,-78.9330930871)) ;
#1481=CARTESIAN_POINT('Control Point',(4.89375142634,-165.586794453,-78.9071091388)) ;
#1482=CARTESIAN_POINT('Control Point',(5.,-165.64133509,-78.8776044173)) ;
#1495=CARTESIAN_POINT('Axis2P3D Location',(0.,0.,0.)) ;
#1500=CARTESIAN_POINT('Axis2P3D Location',(0.,42.1798794858,-4.)) ;
#1504=CARTESIAN_POINT('Vertex',(0.,37.3316174759,-18.1948707456)) ;
#1506=CARTESIAN_POINT('Vertex',(0.,42.1798794858,-19.)) ;
#1509=CARTESIAN_POINT('Axis2P3D Location',(0.,2.48689957516E-014,-127.495375487)) ;
#1513=CARTESIAN_POINT('Vertex',(0.,-52.0479823197,-24.3873858037)) ;
#1516=CARTESIAN_POINT('Axis2P3D Location',(0.,-58.8074605431,-10.9967377929)) ;
#1520=CARTESIAN_POINT('Vertex',(0.,-58.8074605431,-25.9967377929)) ;
#1523=CARTESIAN_POINT('Line Origine',(0.,-82.2004507632,-25.9967377929)) ;
#1527=CARTESIAN_POINT('Vertex',(0.,-105.593440983,-25.9967377929)) ;
#1530=CARTESIAN_POINT('Axis2P3D Location',(0.,-105.593440983,-44.9967377929)) ;
#1534=CARTESIAN_POINT('Vertex',(0.,-119.943587711,-57.449580396)) ;
#1537=CARTESIAN_POINT('Line Origine',(0.,-117.299679115,-60.4963125751)) ;
#1541=CARTESIAN_POINT('Vertex',(0.,-114.65577052,-63.5430447543)) ;
#1544=CARTESIAN_POINT('Axis2P3D Location',(0.,-127.495375487,-74.6850618202)) ;
#1548=CARTESIAN_POINT('Vertex',(0.,-133.309717923,-90.6598363735)) ;
#1551=CARTESIAN_POINT('Line Origine',(0.,-145.408865904,-86.2561066486)) ;
#1556=CARTESIAN_POINT('Line Origine',(0.,-83.5425109384,19.)) ;
#1560=CARTESIAN_POINT('Vertex',(0.,-46.2842712475,19.)) ;
#1563=CARTESIAN_POINT('Axis2P3D Location',(0.,-46.2842712475,4.)) ;
#1567=CARTESIAN_POINT('Vertex',(0.,-35.6776695297,14.6066017178)) ;
#1570=CARTESIAN_POINT('Line Origine',(0.,-29.6066017178,8.53553390593)) ;
#1574=CARTESIAN_POINT('Vertex',(0.,-23.5355339059,2.46446609407)) ;
#1577=CARTESIAN_POINT('Axis2P3D Location',(0.,-20.,6.)) ;
#1581=CARTESIAN_POINT('Vertex',(0.,-15.,6.)) ;
#1584=CARTESIAN_POINT('Line Origine',(0.,-15.,6.25778505252)) ;
#1588=CARTESIAN_POINT('Vertex',(0.,-15.,6.51557010503)) ;
#1591=CARTESIAN_POINT('Line Origine',(0.,0.,6.51557010503)) ;
#1595=CARTESIAN_POINT('Vertex',(0.,15.,6.51557010503)) ;
#1598=CARTESIAN_POINT('Line Origine',(0.,15.,6.25778505252)) ;
#1602=CARTESIAN_POINT('Vertex',(0.,15.,6.)) ;
#1605=CARTESIAN_POINT('Axis2P3D Location',(0.,20.,6.)) ;
#1609=CARTESIAN_POINT('Vertex',(0.,23.5355339059,2.46446609407)) ;
#1612=CARTESIAN_POINT('Line Origine',(0.,29.6066017178,8.53553390593)) ;
#1616=CARTESIAN_POINT('Vertex',(0.,35.6776695297,14.6066017178)) ;
#1619=CARTESIAN_POINT('Axis2P3D Location',(0.,46.2842712475,4.)) ;
#1623=CARTESIAN_POINT('Vertex',(0.,46.2842712475,19.)) ;
#1626=CARTESIAN_POINT('Line Origine',(0.,49.5472924569,19.)) ;
#1630=CARTESIAN_POINT('Vertex',(0.,52.8103136664,19.)) ;
#1633=CARTESIAN_POINT('Axis2P3D Location',(0.,52.8103136664,1.01406344559E-013)) ;
#1637=CARTESIAN_POINT('Vertex',(0.,52.8103136664,-19.)) ;
#1640=CARTESIAN_POINT('Line Origine',(0.,47.4950965761,-19.)) ;
#1669=CARTESIAN_POINT('Axis2P3D Location',(0.,52.8103136664,9.97687655974E-014)) ;
#1673=CARTESIAN_POINT('Vertex',(0.,59.8103136664,9.97687655974E-014)) ;
#1675=CARTESIAN_POINT('Vertex',(0.,45.8103136664,1.00626018357E-013)) ;
#1678=CARTESIAN_POINT('Axis2P3D Location',(0.,52.8103136664,9.97687655974E-014)) ;
#1687=CARTESIAN_POINT('Axis2P3D Location',(0.,-127.495375487,-74.6850618202)) ;
#1691=CARTESIAN_POINT('Vertex',(0.,-120.495375487,-74.6850618202)) ;
#1693=CARTESIAN_POINT('Vertex',(0.,-134.495375487,-74.6850618202)) ;
#1696=CARTESIAN_POINT('Axis2P3D Location',(0.,-127.495375487,-74.6850618202)) ;
#1705=CARTESIAN_POINT('Axis2P3D Location',(0.,-52.8103136664,-1.37693675906E-017)) ;
#1709=CARTESIAN_POINT('Vertex',(0.,-59.8103136664,8.43483391813E-016)) ;
#1711=CARTESIAN_POINT('Vertex',(0.,-45.8103136664,-1.37693675906E-017)) ;
#1714=CARTESIAN_POINT('Axis2P3D Location',(0.,-52.8103136664,-1.37693675906E-017)) ;
#1724=CARTESIAN_POINT('Axis2P3D Location',(2.,-127.495375487,-74.6850618202)) ;
#1729=CARTESIAN_POINT('Line Origine',(2.,-133.309717923,-90.6598363735)) ;
#1734=CARTESIAN_POINT('Line Origine',(2.,-114.65577052,-63.5430447543)) ;
#1746=CARTESIAN_POINT('Axis2P3D Location',(0.,-126.337092802,20.6696174694)) ;
#1751=CARTESIAN_POINT('Line Origine',(5.80460343446,-129.486274679,21.8158259351)) ;
#1755=CARTESIAN_POINT('Vertex',(6.60920686893,-129.922797619,21.9747072916)) ;
#1758=CARTESIAN_POINT('Line Origine',(7.60920686893,-128.295202256,21.3823110262)) ;
#1762=CARTESIAN_POINT('Vertex',(8.60920686893,-126.667606894,20.7899147607)) ;
#1765=CARTESIAN_POINT('Line Origine',(7.80460343446,-126.231083954,20.6310334042)) ;
#1770=CARTESIAN_POINT('Line Origine',(2.213310564,-122.578322319,19.3015368961)) ;
#1785=CARTESIAN_POINT('Axis2P3D Location',(6.10920686893,-129.026494584,26.9693685283)) ;
#1790=CARTESIAN_POINT('Axis2P3D Location',(6.60920686893,-128.212696902,26.6731703956)) ;
#1795=CARTESIAN_POINT('Axis2P3D Location',(8.60920686893,-124.957506177,25.4883778647)) ;
#1807=CARTESIAN_POINT('Axis2P3D Location',(42.,-136.372436977,65.2927680933)) ;
#1812=CARTESIAN_POINT('Axis2P3D Location',(42.,-132.439205329,76.0992332324)) ;
#1816=CARTESIAN_POINT('Vertex',(32.9369221296,-128.467892709,74.6537936478)) ;
#1818=CARTESIAN_POINT('Vertex',(32.276822478,-130.243495559,75.3000602331)) ;
#1821=CARTESIAN_POINT('Line Origine',(32.9369221296,-132.401124358,63.8473285088)) ;
#1825=CARTESIAN_POINT('Vertex',(32.9369221296,-136.334356006,53.0408633698)) ;
#1828=CARTESIAN_POINT('Axis2P3D Location',(42.,-140.305668625,54.4863029543)) ;
#1833=CARTESIAN_POINT('Line Origine',(32.,-136.372436977,65.2927680933)) ;
#1837=CARTESIAN_POINT('Vertex',(32.,-132.501833193,75.9271645898)) ;
#1841=CARTESIAN_POINT('Control Point',(32.276822478,-130.243495559,75.3000602331)) ;
#1842=CARTESIAN_POINT('Control Point',(32.0923810437,-130.964708324,75.5625602119)) ;
#1843=CARTESIAN_POINT('Control Point',(32.,-131.72708693,75.7760323274)) ;
#1844=CARTESIAN_POINT('Control Point',(32.,-132.501833193,75.9271645898)) ;
#1855=CARTESIAN_POINT('Axis2P3D Location',(0.,-114.65577052,-63.5430447543)) ;
#1860=CARTESIAN_POINT('Line Origine',(2.,-119.943587711,-57.449580396)) ;
#1872=CARTESIAN_POINT('Axis2P3D Location',(2.,-105.593440983,-44.9967377929)) ;
#1877=CARTESIAN_POINT('Line Origine',(2.,-105.593440983,-25.9967377929)) ;
#1889=CARTESIAN_POINT('Axis2P3D Location',(0.,-55.1205637338,-25.9967377929)) ;
#1894=CARTESIAN_POINT('Line Origine',(2.,-58.8074605431,-25.9967377929)) ;
#1906=CARTESIAN_POINT('Axis2P3D Location',(2.,-58.8074605431,-10.9967377929)) ;
#1911=CARTESIAN_POINT('Line Origine',(2.,-52.0479823197,-24.3873858037)) ;
#1923=CARTESIAN_POINT('Axis2P3D Location',(2.,2.48689957516E-014,-127.495375487)) ;
#1928=CARTESIAN_POINT('Line Origine',(2.,37.3316174759,-18.1948707456)) ;
#1940=CARTESIAN_POINT('Axis2P3D Location',(2.,42.1798794858,-4.)) ;
#1945=CARTESIAN_POINT('Line Origine',(2.,42.1798794858,-19.)) ;
#1957=CARTESIAN_POINT('Axis2P3D Location',(0.,52.8103136664,-19.)) ;
#1962=CARTESIAN_POINT('Line Origine',(2.,52.8103136664,-19.)) ;
#1974=CARTESIAN_POINT('Axis2P3D Location',(2.,52.8103136664,1.01406344559E-013)) ;
#1979=CARTESIAN_POINT('Line Origine',(2.,52.8103136664,19.)) ;
#1991=CARTESIAN_POINT('Axis2P3D Location',(0.,52.8103136664,19.)) ;
#1996=CARTESIAN_POINT('Line Origine',(2.,46.2842712475,19.)) ;
#2008=CARTESIAN_POINT('Axis2P3D Location',(2.,46.2842712475,4.)) ;
#2013=CARTESIAN_POINT('Line Origine',(2.,35.6776695297,14.6066017178)) ;
#2025=CARTESIAN_POINT('Axis2P3D Location',(0.,23.5355339059,2.46446609407)) ;
#2030=CARTESIAN_POINT('Line Origine',(2.,23.5355339059,2.46446609407)) ;
#2042=CARTESIAN_POINT('Axis2P3D Location',(2.,20.,6.)) ;
#2047=CARTESIAN_POINT('Line Origine',(2.,15.,6.)) ;
#2059=CARTESIAN_POINT('Axis2P3D Location',(0.,15.,-1.48442989497)) ;
#2064=CARTESIAN_POINT('Line Origine',(30.,15.,12.515570105)) ;
#2068=CARTESIAN_POINT('Vertex',(50.,15.,12.515570105)) ;
#2070=CARTESIAN_POINT('Vertex',(10.,15.,12.515570105)) ;
#2073=CARTESIAN_POINT('Axis2P3D Location',(10.,15.,6.51557010503)) ;
#2078=CARTESIAN_POINT('Axis2P3D Location',(10.,15.,6.51557010503)) ;
#2082=CARTESIAN_POINT('Vertex',(10.,15.,16.515570105)) ;
#2085=CARTESIAN_POINT('Line Origine',(30.,15.,16.515570105)) ;
#2089=CARTESIAN_POINT('Vertex',(50.,15.,16.515570105)) ;
#2092=CARTESIAN_POINT('Line Origine',(50.,15.,14.515570105)) ;
#2108=CARTESIAN_POINT('Axis2P3D Location',(50.,10.,11.2577850525)) ;
#2113=CARTESIAN_POINT('Axis2P3D Location',(50.,10.,12.515570105)) ;
#2117=CARTESIAN_POINT('Vertex',(55.,10.,12.515570105)) ;
#2120=CARTESIAN_POINT('Axis2P3D Location',(50.,10.,16.515570105)) ;
#2124=CARTESIAN_POINT('Vertex',(55.,10.,16.515570105)) ;
#2127=CARTESIAN_POINT('Line Origine',(55.,10.,11.2577850525)) ;
#2139=CARTESIAN_POINT('Axis2P3D Location',(10.,0.,6.51557010503)) ;
#2144=CARTESIAN_POINT('Line Origine',(10.,0.,12.515570105)) ;
#2148=CARTESIAN_POINT('Vertex',(10.,-15.,12.515570105)) ;
#2151=CARTESIAN_POINT('Axis2P3D Location',(10.,-15.,6.51557010503)) ;
#2163=CARTESIAN_POINT('Axis2P3D Location',(0.,-15.,-1.48442989497)) ;
#2168=CARTESIAN_POINT('Line Origine',(50.,-15.,14.515570105)) ;
#2172=CARTESIAN_POINT('Vertex',(50.,-15.,16.515570105)) ;
#2174=CARTESIAN_POINT('Vertex',(50.,-15.,12.515570105)) ;
#2177=CARTESIAN_POINT('Line Origine',(30.,-15.,16.515570105)) ;
#2181=CARTESIAN_POINT('Vertex',(10.,-15.,16.515570105)) ;
#2184=CARTESIAN_POINT('Axis2P3D Location',(10.,-15.,6.51557010503)) ;
#2189=CARTESIAN_POINT('Line Origine',(2.,-15.,6.)) ;
#2194=CARTESIAN_POINT('Line Origine',(30.,-15.,12.515570105)) ;
#2210=CARTESIAN_POINT('Axis2P3D Location',(50.,-10.,11.2577850525)) ;
#2215=CARTESIAN_POINT('Axis2P3D Location',(50.,-10.,12.515570105)) ;
#2219=CARTESIAN_POINT('Vertex',(55.,-10.,12.515570105)) ;
#2222=CARTESIAN_POINT('Line Origine',(55.,-10.,11.2577850525)) ;
#2226=CARTESIAN_POINT('Vertex',(55.,-10.,16.515570105)) ;
#2229=CARTESIAN_POINT('Axis2P3D Location',(50.,-10.,16.515570105)) ;
#2241=CARTESIAN_POINT('Axis2P3D Location',(2.,-20.,6.)) ;
#2246=CARTESIAN_POINT('Line Origine',(2.,-23.5355339059,2.46446609407)) ;
#2258=CARTESIAN_POINT('Axis2P3D Location',(0.,-23.5355339059,2.46446609407)) ;
#2263=CARTESIAN_POINT('Line Origine',(2.,-35.6776695297,14.6066017178)) ;
#2275=CARTESIAN_POINT('Axis2P3D Location',(2.02516749697,-46.2842712475,4.)) ;
#2280=CARTESIAN_POINT('Line Origine',(2.02516749697,-46.2842712475,19.)) ;
#2292=CARTESIAN_POINT('Line Origine',(2.00016749678,-120.868221602,19.)) ;
#2306=CARTESIAN_POINT('Axis2P3D Location',(2.,52.8103136664,9.97687655974E-014)) ;
#2311=CARTESIAN_POINT('Line Origine',(2.,59.8103136664,9.80542600786E-014)) ;
#2316=CARTESIAN_POINT('Line Origine',(2.,45.8103136664,1.00626018357E-013)) ;
#2335=CARTESIAN_POINT('Axis2P3D Location',(2.,-127.495375487,-74.6850618202)) ;
#2340=CARTESIAN_POINT('Line Origine',(2.,-120.495375487,-74.6850618202)) ;
#2345=CARTESIAN_POINT('Line Origine',(2.,-134.495375487,-74.6850618202)) ;
#2364=CARTESIAN_POINT('Axis2P3D Location',(2.,-52.8103136664,-1.37693675906E-017)) ;
#2369=CARTESIAN_POINT('Line Origine',(2.,-59.8103136664,8.43483391813E-016)) ;
#2374=CARTESIAN_POINT('Line Origine',(2.,-45.8103136664,-1.37693675906E-017)) ;
#2393=CARTESIAN_POINT('Axis2P3D Location',(5.,-120.868221602,24.)) ;
#2405=CARTESIAN_POINT('Axis2P3D Location',(10.,0.,6.51557010503)) ;
#2410=CARTESIAN_POINT('Line Origine',(10.,0.,16.515570105)) ;
#2422=CARTESIAN_POINT('Axis2P3D Location',(55.,0.,16.515570105)) ;
#2427=CARTESIAN_POINT('Line Origine',(54.,-7.82842712475,16.515570105)) ;
#2431=CARTESIAN_POINT('Vertex',(54.4142135624,-8.24264068712,16.515570105)) ;
#2433=CARTESIAN_POINT('Vertex',(53.5857864376,-7.41421356237,16.515570105)) ;
#2436=CARTESIAN_POINT('Axis2P3D Location',(55.,-6.,16.515570105)) ;
#2440=CARTESIAN_POINT('Vertex',(53.,-6.,16.515570105)) ;
#2443=CARTESIAN_POINT('Line Origine',(53.,-3.5527136788E-015,16.515570105)) ;
#2447=CARTESIAN_POINT('Vertex',(53.,6.,16.515570105)) ;
#2450=CARTESIAN_POINT('Axis2P3D Location',(55.,6.,16.515570105)) ;
#2454=CARTESIAN_POINT('Vertex',(53.5857864376,7.41421356237,16.515570105)) ;
#2457=CARTESIAN_POINT('Line Origine',(54.,7.82842712475,16.515570105)) ;
#2461=CARTESIAN_POINT('Vertex',(54.4142135624,8.24264068712,16.515570105)) ;
#2464=CARTESIAN_POINT('Axis2P3D Location',(53.,9.65685424949,16.515570105)) ;
#2468=CARTESIAN_POINT('Vertex',(55.,9.65685424949,16.515570105)) ;
#2471=CARTESIAN_POINT('Line Origine',(55.,9.82842712475,16.515570105)) ;
#2476=CARTESIAN_POINT('Line Origine',(55.,-9.82842712475,16.515570105)) ;
#2480=CARTESIAN_POINT('Vertex',(55.,-9.65685424949,16.515570105)) ;
#2483=CARTESIAN_POINT('Axis2P3D Location',(53.,-9.65685424949,16.515570105)) ;
#2504=CARTESIAN_POINT('Line Origine',(34.,0.,16.515570105)) ;
#2508=CARTESIAN_POINT('Vertex',(34.,-6.,16.515570105)) ;
#2510=CARTESIAN_POINT('Vertex',(34.,6.,16.515570105)) ;
#2513=CARTESIAN_POINT('Axis2P3D Location',(31.,-6.,16.515570105)) ;
#2517=CARTESIAN_POINT('Vertex',(28.,-6.,16.515570105)) ;
#2520=CARTESIAN_POINT('Line Origine',(28.,-1.7763568394E-015,16.515570105)) ;
#2524=CARTESIAN_POINT('Vertex',(28.,6.,16.515570105)) ;
#2527=CARTESIAN_POINT('Axis2P3D Location',(31.,6.,16.515570105)) ;
#2539=CARTESIAN_POINT('Axis2P3D Location',(55.,0.,16.515570105)) ;
#2544=CARTESIAN_POINT('Line Origine',(55.,9.65685424949,14.515570105)) ;
#2548=CARTESIAN_POINT('Vertex',(55.,9.65685424949,12.515570105)) ;
#2551=CARTESIAN_POINT('Line Origine',(55.,9.82842712475,12.515570105)) ;
#2563=CARTESIAN_POINT('Axis2P3D Location',(53.,9.65685424949,14.515570105)) ;
#2568=CARTESIAN_POINT('Line Origine',(54.4142135624,8.24264068712,14.515570105)) ;
#2572=CARTESIAN_POINT('Vertex',(54.4142135624,8.24264068712,12.515570105)) ;
#2575=CARTESIAN_POINT('Axis2P3D Location',(53.,9.65685424949,12.515570105)) ;
#2587=CARTESIAN_POINT('Axis2P3D Location',(55.,0.,12.515570105)) ;
#2592=CARTESIAN_POINT('Axis2P3D Location',(53.,-9.65685424949,12.515570105)) ;
#2596=CARTESIAN_POINT('Vertex',(55.,-9.65685424949,12.515570105)) ;
#2598=CARTESIAN_POINT('Vertex',(54.4142135624,-8.24264068712,12.515570105)) ;
#2601=CARTESIAN_POINT('Line Origine',(55.,-9.82842712475,12.515570105)) ;
#2606=CARTESIAN_POINT('Line Origine',(54.,7.82842712475,12.515570105)) ;
#2610=CARTESIAN_POINT('Vertex',(53.5857864376,7.41421356237,12.515570105)) ;
#2613=CARTESIAN_POINT('Axis2P3D Location',(55.,6.,12.515570105)) ;
#2617=CARTESIAN_POINT('Vertex',(53.,6.,12.515570105)) ;
#2620=CARTESIAN_POINT('Line Origine',(53.,-3.5527136788E-015,12.515570105)) ;
#2624=CARTESIAN_POINT('Vertex',(53.,-6.,12.515570105)) ;
#2627=CARTESIAN_POINT('Axis2P3D Location',(55.,-6.,12.515570105)) ;
#2631=CARTESIAN_POINT('Vertex',(53.5857864376,-7.41421356237,12.515570105)) ;
#2634=CARTESIAN_POINT('Line Origine',(54.,-7.82842712475,12.515570105)) ;
#2655=CARTESIAN_POINT('Axis2P3D Location',(31.,6.,12.515570105)) ;
#2659=CARTESIAN_POINT('Vertex',(28.,6.,12.515570105)) ;
#2661=CARTESIAN_POINT('Vertex',(34.,6.,12.515570105)) ;
#2664=CARTESIAN_POINT('Line Origine',(28.,-1.7763568394E-015,12.515570105)) ;
#2668=CARTESIAN_POINT('Vertex',(28.,-6.,12.515570105)) ;
#2671=CARTESIAN_POINT('Axis2P3D Location',(31.,-6.,12.515570105)) ;
#2675=CARTESIAN_POINT('Vertex',(34.,-6.,12.515570105)) ;
#2678=CARTESIAN_POINT('Line Origine',(34.,0.,12.515570105)) ;
#2690=CARTESIAN_POINT('Line Origine',(55.,-9.65685424949,14.515570105)) ;
#2702=CARTESIAN_POINT('Axis2P3D Location',(53.,-9.65685424949,14.515570105)) ;
#2707=CARTESIAN_POINT('Line Origine',(54.4142135624,-8.24264068712,14.515570105)) ;
#2719=CARTESIAN_POINT('Axis2P3D Location',(53.5857864376,-7.41421356237,12.515570105)) ;
#2724=CARTESIAN_POINT('Line Origine',(53.5857864376,-7.41421356237,14.515570105)) ;
#2736=CARTESIAN_POINT('Axis2P3D Location',(55.,-6.,27.515570105)) ;
#2741=CARTESIAN_POINT('Line Origine',(53.,-6.,27.515570105)) ;
#2753=CARTESIAN_POINT('Axis2P3D Location',(53.,6.,12.515570105)) ;
#2758=CARTESIAN_POINT('Line Origine',(53.,6.,14.515570105)) ;
#2770=CARTESIAN_POINT('Axis2P3D Location',(55.,6.,27.515570105)) ;
#2775=CARTESIAN_POINT('Line Origine',(53.5857864376,7.41421356237,27.515570105)) ;
#2787=CARTESIAN_POINT('Axis2P3D Location',(53.5857864376,7.41421356237,12.515570105)) ;
#2799=CARTESIAN_POINT('Axis2P3D Location',(34.,-6.,12.515570105)) ;
#2804=CARTESIAN_POINT('Line Origine',(34.,6.,14.515570105)) ;
#2809=CARTESIAN_POINT('Line Origine',(34.,-6.,14.515570105)) ;
#2821=CARTESIAN_POINT('Axis2P3D Location',(31.,-6.,27.515570105)) ;
#2826=CARTESIAN_POINT('Line Origine',(28.,-6.,27.515570105)) ;
#2838=CARTESIAN_POINT('Axis2P3D Location',(28.,6.,12.515570105)) ;
#2843=CARTESIAN_POINT('Line Origine',(28.,6.,14.515570105)) ;
#2855=CARTESIAN_POINT('Axis2P3D Location',(31.,6.,27.515570105)) ;
#2867=CARTESIAN_POINT('Axis2P3D Location',(32.9369221296,-131.888094143,65.25686744)) ;
#2872=CARTESIAN_POINT('Line Origine',(33.9588708488,-134.274948116,52.2913001977)) ;
#2877=CARTESIAN_POINT('Line Origine',(33.5972189758,-127.137277475,74.1694893092)) ;
#2907=CARTESIAN_POINT('Axis2P3D Location',(36.5621532778,-133.47661919,65.8350432738)) ;
#2912=CARTESIAN_POINT('Line Origine',(37.222450124,-128.725802523,74.747665143)) ;
#2917=CARTESIAN_POINT('Line Origine',(37.5841019969,-135.863473164,52.8694760315)) ;
#2947=CARTESIAN_POINT('Axis2P3D Location',(0.,1.09891479991,3.01924359865)) ;
#2961=CARTESIAN_POINT('Axis2P3D Location',(26.,-158.411059153,-3.30662904858)) ;
#2966=CARTESIAN_POINT('Line Origine',(29.,-153.528273065,-5.08381784494)) ;
#2970=CARTESIAN_POINT('Vertex',(29.,-172.852411163,-58.1764509193)) ;
#2973=CARTESIAN_POINT('Axis2P3D Location',(26.,-177.735197251,-56.399262123)) ;
#2977=CARTESIAN_POINT('Vertex',(32.,-177.735197251,-56.399262123)) ;
#2980=CARTESIAN_POINT('Line Origine',(32.,-158.411059153,-3.30662904858)) ;
#2993=CARTESIAN_POINT('Axis2P3D Location',(7.,-162.390799973,-80.0751881272)) ;
#2998=CARTESIAN_POINT('Line Origine',(18.5588909089,-165.754694502,-69.8053195815)) ;
#3002=CARTESIAN_POINT('Vertex',(9.16436006792,-163.255765891,-78.7980944061)) ;
#3004=CARTESIAN_POINT('Vertex',(27.95342175,-168.253623112,-60.8125447568)) ;
#3007=CARTESIAN_POINT('Axis2P3D Location',(6.68070124346,-160.507469531,-75.4397754869)) ;
#3012=CARTESIAN_POINT('Line Origine',(31.,-151.342756792,-9.20751677962)) ;
#3016=CARTESIAN_POINT('Vertex',(31.,-169.597220438,-59.3612434502)) ;
#3019=CARTESIAN_POINT('Line Origine',(30.7185402872,-169.444519597,-59.4168220112)) ;
#3023=CARTESIAN_POINT('Vertex',(30.4370805744,-169.291818756,-59.4724005721)) ;
#3026=CARTESIAN_POINT('Axis2P3D Location',(30.4370805744,-171.001919472,-64.170863676)) ;
#3044=CARTESIAN_POINT('Axis2P3D Location',(0.,-156.802033443,-82.1093327904)) ;
#3049=CARTESIAN_POINT('Line Origine',(5.68523568624,-163.837785372,-79.5485285124)) ;
#3063=CARTESIAN_POINT('Axis2P3D Location',(4.91877683565,-163.375169527,-74.3960180477)) ;
#3068=CARTESIAN_POINT('Axis2P3D Location',(4.68070124346,-163.762660256,-74.254982956)) ;
#3072=CARTESIAN_POINT('Vertex',(7.16436006792,-166.510956616,-77.6133018752)) ;
#3075=CARTESIAN_POINT('Line Origine',(7.40243566011,-166.123465886,-77.7543369669)) ;
#3089=CARTESIAN_POINT('Axis2P3D Location',(8.04598504822,-162.958280111,-79.8686422485)) ;
#3094=CARTESIAN_POINT('Line Origine',(16.5588909089,-169.009885227,-68.6205270506)) ;
#3098=CARTESIAN_POINT('Vertex',(25.95342175,-171.508813838,-59.6277522259)) ;
#3101=CARTESIAN_POINT('Line Origine',(26.95342175,-169.881218475,-60.2201484914)) ;
#3113=CARTESIAN_POINT('Axis2P3D Location',(19.5268265366,-188.75939835,-57.7076699288)) ;
#3118=CARTESIAN_POINT('Line Origine',(19.5268265366,-187.049297633,-53.0092068249)) ;
#3122=CARTESIAN_POINT('Vertex',(28.4370805744,-172.547009481,-58.2876080412)) ;
#3125=CARTESIAN_POINT('Axis2P3D Location',(28.4370805744,-174.257110198,-62.9860711451)) ;
#3137=CARTESIAN_POINT('Axis2P3D Location',(26.,-158.411059153,-3.30662904858)) ;
#3142=CARTESIAN_POINT('Line Origine',(36.,-158.411059153,-3.30662904858)) ;
#3146=CARTESIAN_POINT('Vertex',(36.,-177.735197251,-56.399262123)) ;
#3149=CARTESIAN_POINT('Axis2P3D Location',(26.,-177.735197251,-56.399262123)) ;
#3153=CARTESIAN_POINT('Vertex',(35.0824829046,-173.803225945,-57.8303826404)) ;
#3156=CARTESIAN_POINT('Axis2P3D Location',(26.,-177.735197251,-56.399262123)) ;
#3170=CARTESIAN_POINT('Axis2P3D Location',(5.,-165.645990698,-78.8903955963)) ;
#3175=CARTESIAN_POINT('Line Origine',(28.7185402872,-172.699710322,-58.2320294803)) ;
#3193=CARTESIAN_POINT('Axis2P3D Location',(26.,-191.232833986,8.63952002634)) ;
#3199=CARTESIAN_POINT('Control Point',(31.1961524227,-213.28451285,-43.1755565116)) ;
#3200=CARTESIAN_POINT('Control Point',(31.5587833669,-212.741792901,-43.520873275)) ;
#3201=CARTESIAN_POINT('Control Point',(31.8248641928,-212.120222475,-43.8441115002)) ;
#3202=CARTESIAN_POINT('Control Point',(31.9712999518,-211.442911724,-44.1306573897)) ;
#3203=CARTESIAN_POINT('Control Point',(31.9965040656,-210.749411845,-44.3830707034)) ;
#3204=CARTESIAN_POINT('Vertex',(31.1961525286,-213.284512677,-43.1755565743)) ;
#3206=CARTESIAN_POINT('Vertex',(31.9965040656,-210.749411845,-44.3830707034)) ;
#3209=CARTESIAN_POINT('Line Origine',(31.1961524227,-194.051911849,9.66558045632)) ;
#3213=CARTESIAN_POINT('Vertex',(31.1961525196,-169.004968254,78.4814919169)) ;
#3217=CARTESIAN_POINT('Control Point',(31.1961524227,-169.004968412,78.4814919743)) ;
#3218=CARTESIAN_POINT('Control Point',(31.558783373,-168.367255463,78.3971663031)) ;
#3219=CARTESIAN_POINT('Control Point',(31.8248641844,-167.683331393,78.2452433892)) ;
#3220=CARTESIAN_POINT('Control Point',(31.9712999513,-166.980293104,78.0293833168)) ;
#3221=CARTESIAN_POINT('Control Point',(31.9965040656,-166.286793212,77.7769699988)) ;
#3222=CARTESIAN_POINT('Vertex',(31.9965040656,-166.286793212,77.7769699988)) ;
#3225=CARTESIAN_POINT('Axis2P3D Location',(26.,-166.094353452,77.7069276541)) ;
#3229=CARTESIAN_POINT('Vertex',(32.,-166.094353452,77.7069276541)) ;
#3232=CARTESIAN_POINT('Line Origine',(32.,-191.232833986,8.63952002634)) ;
#3236=CARTESIAN_POINT('Vertex',(32.,-210.556972084,-44.4531130481)) ;
#3239=CARTESIAN_POINT('Axis2P3D Location',(26.,-210.556972084,-44.4531130481)) ;
#3253=CARTESIAN_POINT('Axis2P3D Location',(26.,-191.232833986,8.63952002634)) ;
#3258=CARTESIAN_POINT('Axis2P3D Location',(26.,-210.556972084,-44.4531130481)) ;
#3262=CARTESIAN_POINT('Vertex',(35.7189929917,-212.768980416,-43.6480078574)) ;
#3264=CARTESIAN_POINT('Vertex',(36.,-210.556972084,-44.4531130481)) ;
#3267=CARTESIAN_POINT('Line Origine',(36.,-191.232833986,8.63952002634)) ;
#3271=CARTESIAN_POINT('Vertex',(36.,-166.094353452,77.7069276541)) ;
#3274=CARTESIAN_POINT('Axis2P3D Location',(26.,-166.094353452,77.7069276541)) ;
#3278=CARTESIAN_POINT('Vertex',(35.7189929917,-168.306361783,78.5120328448)) ;
#3282=CARTESIAN_POINT('Control Point',(35.7189929917,-168.306361783,78.5120328448)) ;
#3283=CARTESIAN_POINT('Control Point',(35.4932641724,-169.182138013,78.8307893243)) ;
#3284=CARTESIAN_POINT('Control Point',(35.1311633038,-170.056225406,79.0560276856)) ;
#3285=CARTESIAN_POINT('Control Point',(34.6602540378,-170.884353666,79.1655322261)) ;
#3286=CARTESIAN_POINT('Vertex',(34.6602540378,-170.884353666,79.1655322261)) ;
#3289=CARTESIAN_POINT('Line Origine',(34.6602540378,-195.93129709,10.349620743)) ;
#3293=CARTESIAN_POINT('Vertex',(34.6602540378,-215.163898077,-42.4915161868)) ;
#3297=CARTESIAN_POINT('Control Point',(35.7189929917,-212.768980416,-43.6480078574)) ;
#3298=CARTESIAN_POINT('Control Point',(35.4932641723,-213.644756645,-43.3292513779)) ;
#3299=CARTESIAN_POINT('Control Point',(35.1311633038,-214.459126863,-42.9399414273)) ;
#3300=CARTESIAN_POINT('Control Point',(34.6602540378,-215.163898077,-42.4915161868)) ;
#3311=CARTESIAN_POINT('Axis2P3D Location',(0.,8.9653780964,24.6321738767)) ;
#3316=CARTESIAN_POINT('Line Origine',(34.3752526693,-130.243495559,75.3000602331)) ;
#3330=CARTESIAN_POINT('Axis2P3D Location',(34.9413734851,-135.373797709,61.2046709213)) ;
#3335=CARTESIAN_POINT('Axis2P3D Location',(36.,-135.373797709,61.2046709213)) ;
#3339=CARTESIAN_POINT('Vertex',(36.,-135.373797709,76.2046709213)) ;
#3342=CARTESIAN_POINT('Axis2P3D Location',(32.,-135.373797709,61.2046709213)) ;
#3346=CARTESIAN_POINT('Vertex',(32.,-135.373797709,76.2046709213)) ;
#3349=CARTESIAN_POINT('Line Origine',(34.9413734851,-135.373797709,76.2046709213)) ;
#3363=CARTESIAN_POINT('Axis2P3D Location',(32.,-183.549539688,-72.3740366763)) ;
#3368=CARTESIAN_POINT('Line Origine',(32.,-194.146084668,-50.4261875855)) ;
#3373=CARTESIAN_POINT('Line Origine',(32.,-164.444878133,77.1065677358)) ;
#3377=CARTESIAN_POINT('Vertex',(32.,-162.795402813,76.5062078174)) ;
#3380=CARTESIAN_POINT('Axis2P3D Location',(32.,-161.085302097,81.2046709213)) ;
#3384=CARTESIAN_POINT('Vertex',(32.,-161.085302097,76.2046709213)) ;
#3387=CARTESIAN_POINT('Line Origine',(32.,-148.229549903,76.2046709213)) ;
#3422=CARTESIAN_POINT('Axis2P3D Location',(36.,-183.549539688,-72.3740366763)) ;
#3427=CARTESIAN_POINT('Line Origine',(36.,-148.229549903,76.2046709213)) ;
#3431=CARTESIAN_POINT('Vertex',(36.,-161.085302097,76.2046709213)) ;
#3434=CARTESIAN_POINT('Axis2P3D Location',(36.,-161.085302097,81.2046709213)) ;
#3438=CARTESIAN_POINT('Vertex',(36.,-162.795402813,76.5062078174)) ;
#3441=CARTESIAN_POINT('Line Origine',(36.,-164.444878133,77.1065677358)) ;
#3446=CARTESIAN_POINT('Line Origine',(36.,-194.146084668,-50.4261875855)) ;
#3481=CARTESIAN_POINT('Axis2P3D Location',(35.0804703593,-161.966937,76.2046709213)) ;
#3486=CARTESIAN_POINT('Line Origine',(35.0804703593,-161.085302097,76.2046709213)) ;
#3498=CARTESIAN_POINT('Axis2P3D Location',(32.75,-161.085302097,81.2046709213)) ;
#3503=CARTESIAN_POINT('Line Origine',(32.75,-162.795402813,76.5062078174)) ;
#3515=CARTESIAN_POINT('Axis2P3D Location',(0.,5.54517666314,15.2352476689)) ;
#3520=CARTESIAN_POINT('Line Origine',(33.8577485286,-167.296577498,78.1445014218)) ;
#3534=CARTESIAN_POINT('Axis2P3D Location',(32.75,-171.825890858,63.8303700796)) ;
#3539=CARTESIAN_POINT('Axis2P3D Location',(32.6066017178,-171.748092732,63.8020538773)) ;
#3543=CARTESIAN_POINT('Vertex',(27.3033008589,-176.752049177,76.9106548665)) ;
#3546=CARTESIAN_POINT('Line Origine',(27.4466991411,-176.829847304,76.9389710688)) ;
#3550=CARTESIAN_POINT('Vertex',(30.767402474,-178.631434419,77.5946951531)) ;
#3553=CARTESIAN_POINT('Axis2P3D Location',(36.0707033329,-173.627477974,64.4860941639)) ;
#3567=CARTESIAN_POINT('Axis2P3D Location',(29.,-171.402815238,79.639049734)) ;
#3572=CARTESIAN_POINT('Line Origine',(25.75,-180.342714817,74.9115737845)) ;
#3576=CARTESIAN_POINT('Vertex',(24.1966991411,-183.933380456,72.9124927025)) ;
#3579=CARTESIAN_POINT('Line Origine',(23.6966991411,-183.662114563,72.8137599916)) ;
#3583=CARTESIAN_POINT('Vertex',(27.6608007562,-185.812765698,73.5965329891)) ;
#3586=CARTESIAN_POINT('Line Origine',(29.2141016151,-182.222100058,75.5956140711)) ;
#3598=CARTESIAN_POINT('Axis2P3D Location',(31.2320508076,-179.869116632,60.1459118566)) ;
#3603=CARTESIAN_POINT('Axis2P3D Location',(29.5,-178.929424011,59.8038917133)) ;
#3607=CARTESIAN_POINT('Vertex',(22.,-191.136389231,64.2468637042)) ;
#3610=CARTESIAN_POINT('Line Origine',(23.7320508076,-192.076081852,64.5888838475)) ;
#3614=CARTESIAN_POINT('Vertex',(25.4641016151,-193.015774473,64.9309039908)) ;
#3617=CARTESIAN_POINT('Axis2P3D Location',(32.9641016151,-180.808809253,60.4879319999)) ;
#3629=CARTESIAN_POINT('Axis2P3D Location',(35.9999999999,-172.309879376,-58.3739163412)) ;
#3634=CARTESIAN_POINT('Line Origine',(33.8577485286,-211.75919613,-44.0155392804)) ;
#3653=CARTESIAN_POINT('Axis2P3D Location',(23.8969387747,-201.224838059,-31.8870654683)) ;
#3658=CARTESIAN_POINT('Axis2P3D Location',(32.6066017178,-205.950107065,-30.1672082013)) ;
#3662=CARTESIAN_POINT('Vertex',(27.3033008589,-218.209406389,-36.9924979438)) ;
#3665=CARTESIAN_POINT('Axis2P3D Location',(36.0707033329,-207.829492306,-29.4831679147)) ;
#3669=CARTESIAN_POINT('Vertex',(30.767402474,-220.088791631,-36.3084576571)) ;
#3672=CARTESIAN_POINT('Line Origine',(18.5936379158,-213.484137384,-38.7123552107)) ;
#3686=CARTESIAN_POINT('Axis2P3D Location',(31.1961524227,-219.190392383,-59.4018271714)) ;
#3691=CARTESIAN_POINT('Line Origine',(25.75,-219.675031299,-33.1530776059)) ;
#3695=CARTESIAN_POINT('Vertex',(24.1966991411,-221.140656209,-29.313657268)) ;
#3698=CARTESIAN_POINT('Axis2P3D Location',(29.5,-208.881356885,-22.4883675256)) ;
#3702=CARTESIAN_POINT('Vertex',(22.,-221.088322105,-18.0453955347)) ;
#3705=CARTESIAN_POINT('Line Origine',(22.,-206.112355668,23.1007340847)) ;
#3721=CARTESIAN_POINT('Axis2P3D Location',(25.4641016151,-236.037392662,-53.2700205331)) ;
#3726=CARTESIAN_POINT('Line Origine',(23.7320508076,-222.028014726,-17.7033753914)) ;
#3730=CARTESIAN_POINT('Vertex',(25.4641016151,-222.967707346,-17.361355248)) ;
#3733=CARTESIAN_POINT('Line Origine',(25.4641016151,-207.99174091,23.7847743714)) ;
#3745=CARTESIAN_POINT('Axis2P3D Location',(31.2320508076,-209.821049505,-22.1463473822)) ;
#3750=CARTESIAN_POINT('Line Origine',(25.9287499487,-222.08034883,-28.9716371247)) ;
#3754=CARTESIAN_POINT('Vertex',(27.6608007562,-223.020041451,-28.6296169814)) ;
#3757=CARTESIAN_POINT('Axis2P3D Location',(32.9641016151,-210.760742126,-21.8043272389)) ;
#3769=CARTESIAN_POINT('Axis2P3D Location',(34.6602540378,-221.069777625,-58.7177868848)) ;
#3774=CARTESIAN_POINT('Line Origine',(29.2141016151,-221.554416541,-32.4690373192)) ;
#3790=CARTESIAN_POINT('Axis2P3D Location',(20.0719138063,-211.021663308,-44.2839792744)) ;
#32=DIRECTION('Axis2P3D Direction',(0.109381654947,-0.109942658355,-0.98790093908)) ;
#33=DIRECTION('Axis2P3D XDirection',(-0.408217893677,-0.911152771297,0.0562030127297)) ;
#37=DIRECTION('Vector Direction',(-0.408217893677,-0.911152771297,0.0562030127297)) ;
#46=DIRECTION('Vector Direction',(-0.906307787037,0.397131261967,-0.144543958453)) ;
#53=DIRECTION('Vector Direction',(-0.408217893677,-0.911152771297,0.0562030127297)) ;
#60=DIRECTION('Vector Direction',(-0.906307787037,0.397131261967,-0.144543958453)) ;
#72=DIRECTION('Axis2P3D Direction',(-0.906307787037,0.397131261967,-0.144543958453)) ;
#73=DIRECTION('Axis2P3D XDirection',(0.109381654947,-0.109942658355,-0.98790093908)) ;
#77=DIRECTION('Axis2P3D Direction',(-0.906307787037,0.397131261967,-0.144543958453)) ;
#84=DIRECTION('Axis2P3D Direction',(-0.906307787037,0.397131261967,-0.144543958453)) ;
#91=DIRECTION('Vector Direction',(-0.906307787037,0.397131261967,-0.144543958453)) ;
#103=DIRECTION('Axis2P3D Direction',(0.906307787037,-0.397131261967,0.144543958453)) ;
#104=DIRECTION('Axis2P3D XDirection',(0.109381654947,-0.109942658355,-0.98790093908)) ;
#108=DIRECTION('Axis2P3D Direction',(0.906307787037,-0.397131261967,0.144543958453)) ;
#115=DIRECTION('Vector Direction',(0.906307787037,-0.397131261967,0.144543958453)) ;
#122=DIRECTION('Axis2P3D Direction',(0.906307787037,-0.397131261967,0.144543958453)) ;
#134=DIRECTION('Axis2P3D Direction',(-0.365998150771,-0.566541104016,0.738292984588)) ;
#135=DIRECTION('Axis2P3D XDirection',(0.21130913087,0.722023502546,0.65880992174)) ;
#139=DIRECTION('Vector Direction',(0.21130913087,0.722023502546,0.65880992174)) ;
#146=DIRECTION('Vector Direction',(-0.906307787037,0.397131261967,-0.144543958453)) ;
#153=DIRECTION('Vector Direction',(0.21130913087,0.722023502546,0.65880992174)) ;
#165=DIRECTION('Axis2P3D Direction',(0.906307787037,-0.397131261967,0.144543958453)) ;
#166=DIRECTION('Axis2P3D XDirection',(-0.109381654947,0.109942658355,0.98790093908)) ;
#170=DIRECTION('Axis2P3D Direction',(0.906307787037,-0.397131261967,0.144543958453)) ;
#177=DIRECTION('Vector Direction',(0.906307787037,-0.397131261967,0.144543958453)) ;
#184=DIRECTION('Axis2P3D Direction',(0.906307787037,-0.397131261967,0.144543958453)) ;
#196=DIRECTION('Axis2P3D Direction',(-0.109381654947,0.109942658355,0.98790093908)) ;
#197=DIRECTION('Axis2P3D XDirection',(0.408217893677,0.911152771297,-0.0562030127297)) ;
#201=DIRECTION('Vector Direction',(0.408217893677,0.911152771297,-0.0562030127297)) ;
#208=DIRECTION('Vector Direction',(-0.906307787037,0.397131261967,-0.144543958453)) ;
#215=DIRECTION('Vector Direction',(0.408217893677,0.911152771297,-0.0562030127297)) ;
#227=DIRECTION('Axis2P3D Direction',(0.906307787037,-0.397131261967,0.144543958453)) ;
#228=DIRECTION('Axis2P3D XDirection',(0.21130913087,0.722023502546,0.65880992174)) ;
#232=DIRECTION('Axis2P3D Direction',(0.906307787037,-0.397131261967,0.144543958453)) ;
#239=DIRECTION('Vector Direction',(0.906307787037,-0.397131261967,0.144543958453)) ;
#246=DIRECTION('Axis2P3D Direction',(0.906307787037,-0.397131261967,0.144543958453)) ;
#258=DIRECTION('Axis2P3D Direction',(0.21130913087,0.722023502546,0.65880992174)) ;
#259=DIRECTION('Axis2P3D XDirection',(0.365998150771,0.566541104016,-0.738292984588)) ;
#263=DIRECTION('Vector Direction',(0.365998150771,0.566541104016,-0.738292984588)) ;
#270=DIRECTION('Vector Direction',(-0.906307787037,0.397131261967,-0.144543958453)) ;
#277=DIRECTION('Vector Direction',(0.365998150771,0.566541104016,-0.738292984588)) ;
#289=DIRECTION('Axis2P3D Direction',(0.906307787037,-0.397131261967,0.144543958453)) ;
#290=DIRECTION('Axis2P3D XDirection',(-0.21130913087,-0.722023502546,-0.65880992174)) ;
#294=DIRECTION('Axis2P3D Direction',(0.906307787037,-0.397131261967,0.144543958453)) ;
#301=DIRECTION('Vector Direction',(0.906307787037,-0.397131261967,0.144543958453)) ;
#308=DIRECTION('Axis2P3D Direction',(0.906307787037,-0.397131261967,0.144543958453)) ;
#320=DIRECTION('Axis2P3D Direction',(0.408217893677,0.911152771297,-0.0562030127297)) ;
#321=DIRECTION('Axis2P3D XDirection',(0.109381654947,-0.109942658355,-0.98790093908)) ;
#325=DIRECTION('Vector Direction',(0.109381654947,-0.109942658355,-0.98790093908)) ;
#332=DIRECTION('Vector Direction',(-0.906307787037,0.397131261967,-0.144543958453)) ;
#339=DIRECTION('Vector Direction',(0.109381654947,-0.109942658355,-0.98790093908)) ;
#351=DIRECTION('Axis2P3D Direction',(0.906307787037,-0.397131261967,0.144543958453)) ;
#352=DIRECTION('Axis2P3D XDirection',(0.408217893677,0.911152771297,-0.0562030127297)) ;
#356=DIRECTION('Axis2P3D Direction',(0.906307787037,-0.397131261967,0.144543958453)) ;
#363=DIRECTION('Vector Direction',(0.906307787037,-0.397131261967,0.144543958453)) ;
#370=DIRECTION('Axis2P3D Direction',(0.906307787037,-0.397131261967,0.144543958453)) ;
#382=DIRECTION('Axis2P3D Direction',(-0.365998150771,-0.566541104016,0.738292984588)) ;
#383=DIRECTION('Axis2P3D XDirection',(0.21130913087,0.722023502546,0.65880992174)) ;
#387=DIRECTION('Vector Direction',(0.21130913087,0.722023502546,0.65880992174)) ;
#394=DIRECTION('Vector Direction',(-0.906307787037,0.397131261967,-0.144543958453)) ;
#401=DIRECTION('Vector Direction',(0.21130913087,0.722023502546,0.65880992174)) ;
#413=DIRECTION('Axis2P3D Direction',(0.906307787037,-0.397131261967,0.144543958453)) ;
#414=DIRECTION('Axis2P3D XDirection',(0.109381654947,-0.109942658355,-0.98790093908)) ;
#418=DIRECTION('Axis2P3D Direction',(0.906307787037,-0.397131261967,0.144543958453)) ;
#425=DIRECTION('Vector Direction',(0.906307787037,-0.397131261967,0.144543958453)) ;
#432=DIRECTION('Axis2P3D Direction',(0.906307787037,-0.397131261967,0.144543958453)) ;
#444=DIRECTION('Axis2P3D Direction',(-0.109381654947,0.109942658355,0.98790093908)) ;
#445=DIRECTION('Axis2P3D XDirection',(0.408217893677,0.911152771297,-0.0562030127297)) ;
#449=DIRECTION('Vector Direction',(0.408217893677,0.911152771297,-0.0562030127297)) ;
#456=DIRECTION('Vector Direction',(-0.906307787037,0.397131261967,-0.144543958453)) ;
#463=DIRECTION('Vector Direction',(0.408217893677,0.911152771297,-0.0562030127297)) ;
#475=DIRECTION('Axis2P3D Direction',(0.906307787037,-0.397131261967,0.144543958453)) ;
#476=DIRECTION('Axis2P3D XDirection',(-0.21130913087,-0.722023502546,-0.65880992174)) ;
#480=DIRECTION('Axis2P3D Direction',(0.906307787037,-0.397131261967,0.144543958453)) ;
#487=DIRECTION('Vector Direction',(0.906307787037,-0.397131261967,0.144543958453)) ;
#494=DIRECTION('Axis2P3D Direction',(0.906307787037,-0.397131261967,0.144543958453)) ;
#506=DIRECTION('Axis2P3D Direction',(0.21130913087,0.722023502546,0.65880992174)) ;
#507=DIRECTION('Axis2P3D XDirection',(0.365998150771,0.566541104016,-0.738292984588)) ;
#511=DIRECTION('Vector Direction',(0.365998150771,0.566541104016,-0.738292984588)) ;
#518=DIRECTION('Vector Direction',(-0.906307787037,0.397131261967,-0.144543958453)) ;
#525=DIRECTION('Vector Direction',(0.365998150771,0.566541104016,-0.738292984588)) ;
#537=DIRECTION('Axis2P3D Direction',(0.906307787037,-0.397131261967,0.144543958453)) ;
#538=DIRECTION('Axis2P3D XDirection',(0.21130913087,0.722023502546,0.65880992174)) ;
#542=DIRECTION('Axis2P3D Direction',(0.906307787037,-0.397131261967,0.144543958453)) ;
#549=DIRECTION('Vector Direction',(0.906307787037,-0.397131261967,0.144543958453)) ;
#556=DIRECTION('Axis2P3D Direction',(0.906307787037,-0.397131261967,0.144543958453)) ;
#568=DIRECTION('Axis2P3D Direction',(-0.109381654947,0.109942658355,0.98790093908)) ;
#569=DIRECTION('Axis2P3D XDirection',(0.408217893677,0.911152771297,-0.0562030127297)) ;
#573=DIRECTION('Vector Direction',(0.408217893677,0.911152771297,-0.0562030127297)) ;
#580=DIRECTION('Vector Direction',(0.408217893677,0.911152771297,-0.0562030127297)) ;
#587=DIRECTION('Vector Direction',(-0.906307787037,0.397131261967,-0.144543958453)) ;
#599=DIRECTION('Axis2P3D Direction',(-0.906307787037,0.397131261967,-0.144543958453)) ;
#600=DIRECTION('Axis2P3D XDirection',(0.109381654947,-0.109942658355,-0.98790093908)) ;
#604=DIRECTION('Axis2P3D Direction',(-0.906307787037,0.397131261967,-0.144543958453)) ;
#611=DIRECTION('Vector Direction',(-0.906307787037,0.397131261967,-0.144543958453)) ;
#618=DIRECTION('Axis2P3D Direction',(-0.906307787037,0.397131261967,-0.144543958453)) ;
#630=DIRECTION('Axis2P3D Direction',(0.,0.342020143326,0.939692620786)) ;
#631=DIRECTION('Axis2P3D XDirection',(0.,0.939692620786,-0.342020143326)) ;
#635=DIRECTION('Axis2P3D Direction',(0.,0.342020143326,0.939692620786)) ;
#644=DIRECTION('Vector Direction',(0.,0.939692620786,-0.342020143326)) ;
#651=DIRECTION('Vector Direction',(-1.,0.,0.)) ;
#658=DIRECTION('Vector Direction',(0.,0.939692620786,-0.342020143326)) ;
#665=DIRECTION('Axis2P3D Direction',(0.,0.342020143326,0.939692620786)) ;
#672=DIRECTION('Vector Direction',(-0.5,-0.813797681349,0.296198132726)) ;
#686=DIRECTION('Axis2P3D Direction',(-0.5,-0.813797681349,0.296198132726)) ;
#687=DIRECTION('Axis2P3D XDirection',(3.88578058619E-016,0.342020143326,0.939692620786)) ;
#691=DIRECTION('Axis2P3D Direction',(-0.5,-0.813797681349,0.296198132726)) ;
#714=DIRECTION('Axis2P3D Direction',(-0.5,-0.813797681349,0.296198132726)) ;
#721=DIRECTION('Vector Direction',(-0.5,-0.813797681349,0.296198132726)) ;
#735=DIRECTION('Axis2P3D Direction',(-1.,-0.,0.)) ;
#736=DIRECTION('Axis2P3D XDirection',(0.,-0.342020143326,-0.939692620786)) ;
#740=DIRECTION('Axis2P3D Direction',(-1.,-0.,0.)) ;
#747=DIRECTION('Vector Direction',(-1.,0.,0.)) ;
#754=DIRECTION('Axis2P3D Direction',(-1.,-0.,0.)) ;
#766=DIRECTION('Axis2P3D Direction',(1.,0.,-0.)) ;
#767=DIRECTION('Axis2P3D XDirection',(0.,0.342020143326,0.939692620786)) ;
#771=DIRECTION('Vector Direction',(1.,0.,0.)) ;
#789=DIRECTION('Axis2P3D Direction',(1.,0.,-0.)) ;
#794=DIRECTION('Axis2P3D Direction',(1.,0.,-0.)) ;
#817=DIRECTION('Axis2P3D Direction',(0.496731764892,-0.549659271941,-0.671663783836)) ;
#818=DIRECTION('Axis2P3D XDirection',(0.709406479916,-0.188700870691,0.679068794492)) ;
#822=DIRECTION('Vector Direction',(0.709406479916,-0.188700870691,0.679068794492)) ;
#829=DIRECTION('Vector Direction',(-0.5,-0.813797681349,0.296198132726)) ;
#836=DIRECTION('Vector Direction',(-0.709406479916,0.188700870691,-0.679068794492)) ;
#848=DIRECTION('Axis2P3D Direction',(0.,0.342020143326,0.939692620786)) ;
#849=DIRECTION('Axis2P3D XDirection',(-0.906307787037,0.397131261967,-0.144543958453)) ;
#863=DIRECTION('Vector Direction',(0.,0.342020143326,0.939692620786)) ;
#868=DIRECTION('Axis2P3D Direction',(0.,0.342020143326,0.939692620786)) ;
#875=DIRECTION('Vector Direction',(0.,0.342020143326,0.939692620786)) ;
#882=DIRECTION('Axis2P3D Direction',(0.,0.342020143326,0.939692620786)) ;
#896=DIRECTION('Axis2P3D Direction',(1.,-0.,0.)) ;
#897=DIRECTION('Axis2P3D XDirection',(0.,1.,-3.80647894157E-016)) ;
#901=DIRECTION('Vector Direction',(1.,0.,0.)) ;
#910=DIRECTION('Axis2P3D Direction',(1.,-0.,0.)) ;
#917=DIRECTION('Vector Direction',(1.,0.,0.)) ;
#924=DIRECTION('Axis2P3D Direction',(1.,-0.,0.)) ;
#936=DIRECTION('Axis2P3D Direction',(1.,-0.,0.)) ;
#941=DIRECTION('Axis2P3D Direction',(1.,-0.,0.)) ;
#953=DIRECTION('Axis2P3D Direction',(1.,-0.,0.)) ;
#954=DIRECTION('Axis2P3D XDirection',(0.,1.,0.)) ;
#958=DIRECTION('Vector Direction',(1.,0.,0.)) ;
#967=DIRECTION('Axis2P3D Direction',(1.,-0.,0.)) ;
#974=DIRECTION('Vector Direction',(1.,0.,0.)) ;
#981=DIRECTION('Axis2P3D Direction',(1.,-0.,0.)) ;
#993=DIRECTION('Axis2P3D Direction',(1.,-0.,0.)) ;
#998=DIRECTION('Axis2P3D Direction',(1.,-0.,0.)) ;
#1010=DIRECTION('Axis2P3D Direction',(1.,-0.,0.)) ;
#1011=DIRECTION('Axis2P3D XDirection',(0.,1.,0.)) ;
#1015=DIRECTION('Vector Direction',(1.,0.,0.)) ;
#1024=DIRECTION('Axis2P3D Direction',(1.,-0.,0.)) ;
#1031=DIRECTION('Vector Direction',(1.,0.,0.)) ;
#1038=DIRECTION('Axis2P3D Direction',(1.,-0.,0.)) ;
#1050=DIRECTION('Axis2P3D Direction',(1.,-0.,0.)) ;
#1055=DIRECTION('Axis2P3D Direction',(1.,-0.,0.)) ;
#1067=DIRECTION('Axis2P3D Direction',(1.,-0.,0.)) ;
#1068=DIRECTION('Axis2P3D XDirection',(0.,1.,0.)) ;
#1072=DIRECTION('Vector Direction',(1.,0.,0.)) ;
#1081=DIRECTION('Axis2P3D Direction',(1.,-0.,0.)) ;
#1088=DIRECTION('Vector Direction',(1.,0.,0.)) ;
#1095=DIRECTION('Axis2P3D Direction',(1.,-0.,0.)) ;
#1107=DIRECTION('Axis2P3D Direction',(1.,-0.,0.)) ;
#1112=DIRECTION('Axis2P3D Direction',(1.,-0.,0.)) ;
#1124=DIRECTION('Axis2P3D Direction',(1.,0.,0.)) ;
#1125=DIRECTION('Axis2P3D XDirection',(0.,1.,0.)) ;
#1129=DIRECTION('Vector Direction',(0.,-1.,0.)) ;
#1138=DIRECTION('Axis2P3D Direction',(1.,0.,0.)) ;
#1145=DIRECTION('Vector Direction',(0.,-1.,0.)) ;
#1152=DIRECTION('Axis2P3D Direction',(1.,0.,0.)) ;
#1159=DIRECTION('Vector Direction',(0.,0.707106781187,0.707106781187)) ;
#1166=DIRECTION('Axis2P3D Direction',(1.,0.,0.)) ;
#1173=DIRECTION('Vector Direction',(0.,0.,-1.)) ;
#1180=DIRECTION('Vector Direction',(0.,-1.,0.)) ;
#1187=DIRECTION('Vector Direction',(0.,0.,-1.)) ;
#1194=DIRECTION('Axis2P3D Direction',(1.,0.,0.)) ;
#1201=DIRECTION('Vector Direction',(0.,-0.707106781187,0.707106781187)) ;
#1208=DIRECTION('Axis2P3D Direction',(1.,0.,0.)) ;
#1215=DIRECTION('Vector Direction',(0.,1.,0.)) ;
#1222=DIRECTION('Vector Direction',(0.,0.342020143326,0.939692620786)) ;
#1229=DIRECTION('Vector Direction',(0.,0.939692620786,-0.342020143326)) ;
#1236=DIRECTION('Axis2P3D Direction',(1.,0.,0.)) ;
#1243=DIRECTION('Vector Direction',(0.,-0.655412768583,0.755270880399)) ;
#1250=DIRECTION('Axis2P3D Direction',(1.,0.,0.)) ;
#1257=DIRECTION('Vector Direction',(0.,-1.,0.)) ;
#1264=DIRECTION('Axis2P3D Direction',(1.,0.,0.)) ;
#1271=DIRECTION('Axis2P3D Direction',(1.,0.,0.)) ;
#1278=DIRECTION('Axis2P3D Direction',(1.,0.,0.)) ;
#1307=DIRECTION('Axis2P3D Direction',(1.,0.,0.)) ;
#1316=DIRECTION('Axis2P3D Direction',(1.,0.,0.)) ;
#1325=DIRECTION('Axis2P3D Direction',(1.,0.,0.)) ;
#1334=DIRECTION('Axis2P3D Direction',(1.,0.,0.)) ;
#1343=DIRECTION('Axis2P3D Direction',(1.,0.,0.)) ;
#1352=DIRECTION('Axis2P3D Direction',(1.,0.,0.)) ;
#1362=DIRECTION('Axis2P3D Direction',(0.,-0.342020143326,-0.939692620786)) ;
#1363=DIRECTION('Axis2P3D XDirection',(-0.5,-0.813797681349,0.296198132726)) ;
#1377=DIRECTION('Axis2P3D Direction',(0.,-0.342020143326,-0.939692620786)) ;
#1399=DIRECTION('Axis2P3D Direction',(0.,-0.342020143326,-0.939692620786)) ;
#1406=DIRECTION('Vector Direction',(0.,-0.342020143326,-0.939692620786)) ;
#1421=DIRECTION('Axis2P3D Direction',(0.,-0.342020143326,-0.939692620786)) ;
#1422=DIRECTION('Axis2P3D XDirection',(-0.5,-0.813797681349,0.296198132726)) ;
#1426=DIRECTION('Vector Direction',(0.,-0.342020143326,-0.939692620786)) ;
#1435=DIRECTION('Axis2P3D Direction',(0.,-0.342020143326,-0.939692620786)) ;
#1442=DIRECTION('Axis2P3D Direction',(0.,-0.342020143326,-0.939692620786)) ;
#1465=DIRECTION('Vector Direction',(0.,-0.342020143326,-0.939692620786)) ;
#1472=DIRECTION('Axis2P3D Direction',(0.,-0.342020143326,-0.939692620786)) ;
#1496=DIRECTION('Axis2P3D Direction',(1.,0.,0.)) ;
#1497=DIRECTION('Axis2P3D XDirection',(0.,1.,0.)) ;
#1501=DIRECTION('Axis2P3D Direction',(1.,0.,0.)) ;
#1510=DIRECTION('Axis2P3D Direction',(1.,0.,0.)) ;
#1517=DIRECTION('Axis2P3D Direction',(1.,0.,0.)) ;
#1524=DIRECTION('Vector Direction',(0.,-1.,0.)) ;
#1531=DIRECTION('Axis2P3D Direction',(1.,0.,0.)) ;
#1538=DIRECTION('Vector Direction',(0.,-0.655412768583,0.755270880399)) ;
#1545=DIRECTION('Axis2P3D Direction',(1.,0.,0.)) ;
#1552=DIRECTION('Vector Direction',(0.,0.939692620786,-0.342020143326)) ;
#1557=DIRECTION('Vector Direction',(0.,1.,0.)) ;
#1564=DIRECTION('Axis2P3D Direction',(1.,0.,0.)) ;
#1571=DIRECTION('Vector Direction',(0.,-0.707106781187,0.707106781187)) ;
#1578=DIRECTION('Axis2P3D Direction',(1.,0.,0.)) ;
#1585=DIRECTION('Vector Direction',(0.,0.,-1.)) ;
#1592=DIRECTION('Vector Direction',(0.,-1.,0.)) ;
#1599=DIRECTION('Vector Direction',(0.,0.,-1.)) ;
#1606=DIRECTION('Axis2P3D Direction',(1.,0.,0.)) ;
#1613=DIRECTION('Vector Direction',(0.,0.707106781187,0.707106781187)) ;
#1620=DIRECTION('Axis2P3D Direction',(1.,0.,0.)) ;
#1627=DIRECTION('Vector Direction',(0.,-1.,0.)) ;
#1634=DIRECTION('Axis2P3D Direction',(1.,0.,0.)) ;
#1641=DIRECTION('Vector Direction',(0.,-1.,0.)) ;
#1670=DIRECTION('Axis2P3D Direction',(1.,0.,0.)) ;
#1679=DIRECTION('Axis2P3D Direction',(1.,0.,0.)) ;
#1688=DIRECTION('Axis2P3D Direction',(1.,0.,0.)) ;
#1697=DIRECTION('Axis2P3D Direction',(1.,0.,0.)) ;
#1706=DIRECTION('Axis2P3D Direction',(1.,0.,0.)) ;
#1715=DIRECTION('Axis2P3D Direction',(1.,0.,0.)) ;
#1725=DIRECTION('Axis2P3D Direction',(1.,0.,0.)) ;
#1726=DIRECTION('Axis2P3D XDirection',(-0.,-0.342020143326,-0.939692620786)) ;
#1730=DIRECTION('Vector Direction',(1.,0.,0.)) ;
#1735=DIRECTION('Vector Direction',(1.,0.,0.)) ;
#1747=DIRECTION('Axis2P3D Direction',(0.,-0.342020143326,-0.939692620786)) ;
#1748=DIRECTION('Axis2P3D XDirection',(0.,0.939692620786,-0.342020143326)) ;
#1752=DIRECTION('Vector Direction',(0.866025403784,-0.469846310393,0.171010071663)) ;
#1759=DIRECTION('Vector Direction',(-0.5,-0.813797681349,0.296198132726)) ;
#1766=DIRECTION('Vector Direction',(0.866025403784,-0.469846310393,0.171010071663)) ;
#1771=DIRECTION('Vector Direction',(1.,0.,0.)) ;
#1786=DIRECTION('Axis2P3D Direction',(0.5,0.813797681349,-0.296198132726)) ;
#1787=DIRECTION('Axis2P3D XDirection',(0.496731764892,-0.549659271941,-0.671663783836)) ;
#1791=DIRECTION('Axis2P3D Direction',(0.5,0.813797681349,-0.296198132726)) ;
#1796=DIRECTION('Axis2P3D Direction',(0.5,0.813797681349,-0.296198132726)) ;
#1808=DIRECTION('Axis2P3D Direction',(0.,0.342020143326,0.939692620786)) ;
#1809=DIRECTION('Axis2P3D XDirection',(-0.906307787037,0.397131261967,-0.144543958453)) ;
#1813=DIRECTION('Axis2P3D Direction',(0.,0.342020143326,0.939692620786)) ;
#1822=DIRECTION('Vector Direction',(0.,0.342020143326,0.939692620786)) ;
#1829=DIRECTION('Axis2P3D Direction',(0.,0.342020143326,0.939692620786)) ;
#1834=DIRECTION('Vector Direction',(0.,0.342020143326,0.939692620786)) ;
#1856=DIRECTION('Axis2P3D Direction',(-0.,0.755270880399,0.655412768583)) ;
#1857=DIRECTION('Axis2P3D XDirection',(0.,-0.655412768583,0.755270880399)) ;
#1861=DIRECTION('Vector Direction',(1.,0.,0.)) ;
#1873=DIRECTION('Axis2P3D Direction',(1.,0.,0.)) ;
#1874=DIRECTION('Axis2P3D XDirection',(0.,6.12323399574E-017,1.)) ;
#1878=DIRECTION('Vector Direction',(1.,0.,0.)) ;
#1890=DIRECTION('Axis2P3D Direction',(-0.,0.,1.)) ;
#1891=DIRECTION('Axis2P3D XDirection',(0.,-1.,0.)) ;
#1895=DIRECTION('Vector Direction',(-1.,0.,0.)) ;
#1907=DIRECTION('Axis2P3D Direction',(-1.,0.,0.)) ;
#1908=DIRECTION('Axis2P3D XDirection',(0.,0.450631881556,-0.892709867384)) ;
#1912=DIRECTION('Vector Direction',(-1.,0.,0.)) ;
#1924=DIRECTION('Axis2P3D Direction',(1.,0.,0.)) ;
#1925=DIRECTION('Axis2P3D XDirection',(0.,0.342949340224,0.939353900317)) ;
#1929=DIRECTION('Vector Direction',(1.,0.,0.)) ;
#1941=DIRECTION('Axis2P3D Direction',(-1.,0.,0.)) ;
#1942=DIRECTION('Axis2P3D XDirection',(0.,0.,-1.)) ;
#1946=DIRECTION('Vector Direction',(-1.,0.,0.)) ;
#1958=DIRECTION('Axis2P3D Direction',(-0.,0.,1.)) ;
#1959=DIRECTION('Axis2P3D XDirection',(0.,-1.,0.)) ;
#1963=DIRECTION('Vector Direction',(1.,0.,0.)) ;
#1975=DIRECTION('Axis2P3D Direction',(1.,0.,0.)) ;
#1976=DIRECTION('Axis2P3D XDirection',(0.,1.59265981953E-015,-1.)) ;
#1980=DIRECTION('Vector Direction',(1.,0.,0.)) ;
#1992=DIRECTION('Axis2P3D Direction',(-0.,0.,1.)) ;
#1993=DIRECTION('Axis2P3D XDirection',(0.,-1.,0.)) ;
#1997=DIRECTION('Vector Direction',(1.,0.,0.)) ;
#2009=DIRECTION('Axis2P3D Direction',(1.,0.,0.)) ;
#2010=DIRECTION('Axis2P3D XDirection',(0.,2.77555756156E-016,1.)) ;
#2014=DIRECTION('Vector Direction',(1.,0.,0.)) ;
#2026=DIRECTION('Axis2P3D Direction',(0.,0.707106781187,-0.707106781187)) ;
#2027=DIRECTION('Axis2P3D XDirection',(0.,0.707106781187,0.707106781187)) ;
#2031=DIRECTION('Vector Direction',(1.,0.,0.)) ;
#2043=DIRECTION('Axis2P3D Direction',(1.,0.,0.)) ;
#2044=DIRECTION('Axis2P3D XDirection',(0.,-1.,1.22464679915E-016)) ;
#2048=DIRECTION('Vector Direction',(1.,0.,0.)) ;
#2060=DIRECTION('Axis2P3D Direction',(0.,1.,-0.)) ;
#2061=DIRECTION('Axis2P3D XDirection',(-1.,0.,0.)) ;
#2065=DIRECTION('Vector Direction',(-1.,0.,0.)) ;
#2074=DIRECTION('Axis2P3D Direction',(0.,1.,-0.)) ;
#2079=DIRECTION('Axis2P3D Direction',(0.,1.,-0.)) ;
#2086=DIRECTION('Vector Direction',(-1.,0.,0.)) ;
#2093=DIRECTION('Vector Direction',(0.,0.,-1.)) ;
#2109=DIRECTION('Axis2P3D Direction',(0.,0.,-1.)) ;
#2110=DIRECTION('Axis2P3D XDirection',(-1.83697019872E-016,1.,-0.)) ;
#2114=DIRECTION('Axis2P3D Direction',(0.,0.,-1.)) ;
#2121=DIRECTION('Axis2P3D Direction',(0.,0.,-1.)) ;
#2128=DIRECTION('Vector Direction',(0.,0.,-1.)) ;
#2140=DIRECTION('Axis2P3D Direction',(0.,1.,-0.)) ;
#2141=DIRECTION('Axis2P3D XDirection',(-1.,0.,0.)) ;
#2145=DIRECTION('Vector Direction',(0.,1.,0.)) ;
#2152=DIRECTION('Axis2P3D Direction',(0.,1.,-0.)) ;
#2164=DIRECTION('Axis2P3D Direction',(0.,1.,-0.)) ;
#2165=DIRECTION('Axis2P3D XDirection',(-1.,0.,0.)) ;
#2169=DIRECTION('Vector Direction',(0.,0.,-1.)) ;
#2178=DIRECTION('Vector Direction',(-1.,0.,0.)) ;
#2185=DIRECTION('Axis2P3D Direction',(0.,1.,-0.)) ;
#2190=DIRECTION('Vector Direction',(1.,0.,0.)) ;
#2195=DIRECTION('Vector Direction',(-1.,0.,0.)) ;
#2211=DIRECTION('Axis2P3D Direction',(0.,0.,-1.)) ;
#2212=DIRECTION('Axis2P3D XDirection',(1.,1.83697019872E-016,0.)) ;
#2216=DIRECTION('Axis2P3D Direction',(0.,0.,-1.)) ;
#2223=DIRECTION('Vector Direction',(0.,0.,-1.)) ;
#2230=DIRECTION('Axis2P3D Direction',(0.,0.,-1.)) ;
#2242=DIRECTION('Axis2P3D Direction',(1.,0.,0.)) ;
#2243=DIRECTION('Axis2P3D XDirection',(-0.,-0.707106781187,-0.707106781187)) ;
#2247=DIRECTION('Vector Direction',(1.,0.,0.)) ;
#2259=DIRECTION('Axis2P3D Direction',(-0.,0.707106781187,0.707106781187)) ;
#2260=DIRECTION('Axis2P3D XDirection',(0.,-0.707106781187,0.707106781187)) ;
#2264=DIRECTION('Vector Direction',(1.,0.,0.)) ;
#2276=DIRECTION('Axis2P3D Direction',(1.,0.,-0.)) ;
#2277=DIRECTION('Axis2P3D XDirection',(0.,0.707106781187,0.707106781187)) ;
#2281=DIRECTION('Vector Direction',(1.,0.,0.)) ;
#2293=DIRECTION('Vector Direction',(1.,0.,0.)) ;
#2307=DIRECTION('Axis2P3D Direction',(1.,0.,0.)) ;
#2308=DIRECTION('Axis2P3D XDirection',(0.,1.,0.)) ;
#2312=DIRECTION('Vector Direction',(1.,0.,0.)) ;
#2317=DIRECTION('Vector Direction',(1.,0.,0.)) ;
#2336=DIRECTION('Axis2P3D Direction',(1.,0.,0.)) ;
#2337=DIRECTION('Axis2P3D XDirection',(0.,1.,0.)) ;
#2341=DIRECTION('Vector Direction',(1.,0.,0.)) ;
#2346=DIRECTION('Vector Direction',(1.,0.,0.)) ;
#2365=DIRECTION('Axis2P3D Direction',(1.,0.,0.)) ;
#2366=DIRECTION('Axis2P3D XDirection',(0.,1.,0.)) ;
#2370=DIRECTION('Vector Direction',(1.,0.,0.)) ;
#2375=DIRECTION('Vector Direction',(1.,0.,0.)) ;
#2394=DIRECTION('Axis2P3D Direction',(-1.,-0.,0.)) ;
#2395=DIRECTION('Axis2P3D XDirection',(-0.,1.83697019872E-016,-1.)) ;
#2406=DIRECTION('Axis2P3D Direction',(0.,1.,-0.)) ;
#2407=DIRECTION('Axis2P3D XDirection',(-1.,0.,0.)) ;
#2411=DIRECTION('Vector Direction',(0.,1.,0.)) ;
#2423=DIRECTION('Axis2P3D Direction',(0.,0.,1.)) ;
#2424=DIRECTION('Axis2P3D XDirection',(-1.,0.,0.)) ;
#2428=DIRECTION('Vector Direction',(-0.707106781187,0.707106781187,0.)) ;
#2437=DIRECTION('Axis2P3D Direction',(0.,0.,1.)) ;
#2444=DIRECTION('Vector Direction',(0.,-1.,0.)) ;
#2451=DIRECTION('Axis2P3D Direction',(0.,0.,1.)) ;
#2458=DIRECTION('Vector Direction',(-0.707106781187,-0.707106781187,0.)) ;
#2465=DIRECTION('Axis2P3D Direction',(0.,0.,1.)) ;
#2472=DIRECTION('Vector Direction',(0.,-1.,0.)) ;
#2477=DIRECTION('Vector Direction',(0.,-1.,0.)) ;
#2484=DIRECTION('Axis2P3D Direction',(0.,0.,1.)) ;
#2505=DIRECTION('Vector Direction',(0.,1.,0.)) ;
#2514=DIRECTION('Axis2P3D Direction',(0.,0.,1.)) ;
#2521=DIRECTION('Vector Direction',(0.,-1.,0.)) ;
#2528=DIRECTION('Axis2P3D Direction',(0.,0.,1.)) ;
#2540=DIRECTION('Axis2P3D Direction',(-1.,-0.,-0.)) ;
#2541=DIRECTION('Axis2P3D XDirection',(0.,0.,-1.)) ;
#2545=DIRECTION('Vector Direction',(0.,0.,1.)) ;
#2552=DIRECTION('Vector Direction',(0.,-1.,0.)) ;
#2564=DIRECTION('Axis2P3D Direction',(0.,0.,1.)) ;
#2565=DIRECTION('Axis2P3D XDirection',(0.707106781187,-0.707106781187,0.)) ;
#2569=DIRECTION('Vector Direction',(0.,0.,1.)) ;
#2576=DIRECTION('Axis2P3D Direction',(0.,0.,1.)) ;
#2588=DIRECTION('Axis2P3D Direction',(0.,0.,1.)) ;
#2589=DIRECTION('Axis2P3D XDirection',(-1.,0.,0.)) ;
#2593=DIRECTION('Axis2P3D Direction',(0.,0.,1.)) ;
#2602=DIRECTION('Vector Direction',(0.,-1.,0.)) ;
#2607=DIRECTION('Vector Direction',(0.707106781187,0.707106781187,0.)) ;
#2614=DIRECTION('Axis2P3D Direction',(0.,0.,1.)) ;
#2621=DIRECTION('Vector Direction',(0.,-1.,0.)) ;
#2628=DIRECTION('Axis2P3D Direction',(0.,0.,1.)) ;
#2635=DIRECTION('Vector Direction',(0.707106781187,-0.707106781187,0.)) ;
#2656=DIRECTION('Axis2P3D Direction',(0.,0.,1.)) ;
#2665=DIRECTION('Vector Direction',(0.,-1.,0.)) ;
#2672=DIRECTION('Axis2P3D Direction',(0.,0.,1.)) ;
#2679=DIRECTION('Vector Direction',(0.,1.,0.)) ;
#2691=DIRECTION('Vector Direction',(0.,0.,1.)) ;
#2703=DIRECTION('Axis2P3D Direction',(0.,-0.,1.)) ;
#2704=DIRECTION('Axis2P3D XDirection',(1.,1.11022302463E-016,0.)) ;
#2708=DIRECTION('Vector Direction',(0.,0.,1.)) ;
#2720=DIRECTION('Axis2P3D Direction',(-0.707106781187,-0.707106781187,0.)) ;
#2721=DIRECTION('Axis2P3D XDirection',(0.707106781187,-0.707106781187,0.)) ;
#2725=DIRECTION('Vector Direction',(0.,0.,1.)) ;
#2737=DIRECTION('Axis2P3D Direction',(0.,0.,-1.)) ;
#2738=DIRECTION('Axis2P3D XDirection',(-0.707106781187,-0.707106781187,0.)) ;
#2742=DIRECTION('Vector Direction',(0.,0.,-1.)) ;
#2754=DIRECTION('Axis2P3D Direction',(-1.,0.,0.)) ;
#2755=DIRECTION('Axis2P3D XDirection',(0.,-1.,0.)) ;
#2759=DIRECTION('Vector Direction',(0.,0.,1.)) ;
#2771=DIRECTION('Axis2P3D Direction',(0.,0.,-1.)) ;
#2772=DIRECTION('Axis2P3D XDirection',(-1.,-1.22464679915E-016,0.)) ;
#2776=DIRECTION('Vector Direction',(0.,0.,-1.)) ;
#2788=DIRECTION('Axis2P3D Direction',(0.707106781187,-0.707106781187,0.)) ;
#2789=DIRECTION('Axis2P3D XDirection',(0.707106781187,0.707106781187,0.)) ;
#2800=DIRECTION('Axis2P3D Direction',(1.,0.,0.)) ;
#2801=DIRECTION('Axis2P3D XDirection',(0.,1.,0.)) ;
#2805=DIRECTION('Vector Direction',(0.,0.,1.)) ;
#2810=DIRECTION('Vector Direction',(0.,0.,1.)) ;
#2822=DIRECTION('Axis2P3D Direction',(0.,0.,-1.)) ;
#2823=DIRECTION('Axis2P3D XDirection',(1.,0.,0.)) ;
#2827=DIRECTION('Vector Direction',(0.,0.,-1.)) ;
#2839=DIRECTION('Axis2P3D Direction',(-1.,0.,0.)) ;
#2840=DIRECTION('Axis2P3D XDirection',(0.,-1.,0.)) ;
#2844=DIRECTION('Vector Direction',(0.,0.,1.)) ;
#2856=DIRECTION('Axis2P3D Direction',(0.,0.,-1.)) ;
#2857=DIRECTION('Axis2P3D XDirection',(-1.,-1.22464679915E-016,0.)) ;
#2868=DIRECTION('Axis2P3D Direction',(0.906307787037,-0.397131261967,0.144543958453)) ;
#2869=DIRECTION('Axis2P3D XDirection',(0.422618261741,0.851650739639,-0.309975519219)) ;
#2873=DIRECTION('Vector Direction',(0.422618261741,0.851650739639,-0.309975519219)) ;
#2878=DIRECTION('Vector Direction',(0.422618261741,0.851650739639,-0.309975519219)) ;
#2908=DIRECTION('Axis2P3D Direction',(0.906307787037,-0.397131261967,0.144543958453)) ;
#2909=DIRECTION('Axis2P3D XDirection',(0.422618261741,0.851650739639,-0.309975519219)) ;
#2913=DIRECTION('Vector Direction',(0.422618261741,0.851650739639,-0.309975519219)) ;
#2918=DIRECTION('Vector Direction',(0.422618261741,0.851650739639,-0.309975519219)) ;
#2948=DIRECTION('Axis2P3D Direction',(0.,0.342020143326,0.939692620786)) ;
#2949=DIRECTION('Axis2P3D XDirection',(-1.,0.,0.)) ;
#2962=DIRECTION('Axis2P3D Direction',(0.,-0.342020143326,-0.939692620786)) ;
#2963=DIRECTION('Axis2P3D XDirection',(0.5,0.813797681349,-0.296198132726)) ;
#2967=DIRECTION('Vector Direction',(0.,-0.342020143326,-0.939692620786)) ;
#2974=DIRECTION('Axis2P3D Direction',(0.,-0.342020143326,-0.939692620786)) ;
#2981=DIRECTION('Vector Direction',(0.,-0.342020143326,-0.939692620786)) ;
#2994=DIRECTION('Axis2P3D Direction',(-0.5,-0.813797681349,0.296198132726)) ;
#2995=DIRECTION('Axis2P3D XDirection',(0.866025403784,-0.469846310393,0.171010071663)) ;
#2999=DIRECTION('Vector Direction',(0.709406479916,-0.188700870691,0.679068794492)) ;
#3008=DIRECTION('Axis2P3D Direction',(-0.5,-0.813797681349,0.296198132726)) ;
#3013=DIRECTION('Vector Direction',(0.,0.342020143326,0.939692620786)) ;
#3020=DIRECTION('Vector Direction',(-0.866025403784,0.469846310393,-0.171010071663)) ;
#3027=DIRECTION('Axis2P3D Direction',(-0.5,-0.813797681349,0.296198132726)) ;
#3045=DIRECTION('Axis2P3D Direction',(0.,-0.342020143326,-0.939692620786)) ;
#3046=DIRECTION('Axis2P3D XDirection',(0.,0.939692620786,-0.342020143326)) ;
#3050=DIRECTION('Vector Direction',(-0.5,-0.813797681349,0.296198132726)) ;
#3064=DIRECTION('Axis2P3D Direction',(-0.5,-0.813797681349,0.296198132726)) ;
#3065=DIRECTION('Axis2P3D XDirection',(8.32667268469E-016,-0.342020143326,-0.939692620786)) ;
#3069=DIRECTION('Axis2P3D Direction',(-0.5,-0.813797681349,0.296198132726)) ;
#3076=DIRECTION('Vector Direction',(-0.5,-0.813797681349,0.296198132726)) ;
#3090=DIRECTION('Axis2P3D Direction',(0.496731764892,-0.549659271941,-0.671663783836)) ;
#3091=DIRECTION('Axis2P3D XDirection',(0.709406479916,-0.188700870691,0.679068794492)) ;
#3095=DIRECTION('Vector Direction',(0.709406479916,-0.188700870691,0.679068794492)) ;
#3102=DIRECTION('Vector Direction',(-0.5,-0.813797681349,0.296198132726)) ;
#3114=DIRECTION('Axis2P3D Direction',(-0.5,-0.813797681349,0.296198132726)) ;
#3115=DIRECTION('Axis2P3D XDirection',(0.,0.342020143326,0.939692620786)) ;
#3119=DIRECTION('Vector Direction',(-0.5,-0.813797681349,0.296198132726)) ;
#3126=DIRECTION('Axis2P3D Direction',(-0.5,-0.813797681349,0.296198132726)) ;
#3138=DIRECTION('Axis2P3D Direction',(0.,-0.342020143326,-0.939692620786)) ;
#3139=DIRECTION('Axis2P3D XDirection',(0.5,0.813797681349,-0.296198132726)) ;
#3143=DIRECTION('Vector Direction',(0.,-0.342020143326,-0.939692620786)) ;
#3150=DIRECTION('Axis2P3D Direction',(0.,-0.342020143326,-0.939692620786)) ;
#3157=DIRECTION('Axis2P3D Direction',(0.,-0.342020143326,-0.939692620786)) ;
#3171=DIRECTION('Axis2P3D Direction',(-0.5,-0.813797681349,0.296198132726)) ;
#3172=DIRECTION('Axis2P3D XDirection',(0.866025403784,-0.469846310393,0.171010071663)) ;
#3176=DIRECTION('Vector Direction',(-0.866025403784,0.469846310393,-0.171010071663)) ;
#3194=DIRECTION('Axis2P3D Direction',(0.,-0.342020143326,-0.939692620786)) ;
#3195=DIRECTION('Axis2P3D XDirection',(1.,0.,0.)) ;
#3210=DIRECTION('Vector Direction',(0.,-0.342020143326,-0.939692620786)) ;
#3226=DIRECTION('Axis2P3D Direction',(0.,-0.342020143326,-0.939692620786)) ;
#3233=DIRECTION('Vector Direction',(0.,-0.342020143326,-0.939692620786)) ;
#3240=DIRECTION('Axis2P3D Direction',(0.,-0.342020143326,-0.939692620786)) ;
#3254=DIRECTION('Axis2P3D Direction',(0.,-0.342020143326,-0.939692620786)) ;
#3255=DIRECTION('Axis2P3D XDirection',(1.,1.06477301898E-015,-3.87545685158E-016)) ;
#3259=DIRECTION('Axis2P3D Direction',(0.,-0.342020143326,-0.939692620786)) ;
#3268=DIRECTION('Vector Direction',(0.,-0.342020143326,-0.939692620786)) ;
#3275=DIRECTION('Axis2P3D Direction',(0.,-0.342020143326,-0.939692620786)) ;
#3290=DIRECTION('Vector Direction',(0.,-0.342020143326,-0.939692620786)) ;
#3312=DIRECTION('Axis2P3D Direction',(0.,0.342020143326,0.939692620786)) ;
#3313=DIRECTION('Axis2P3D XDirection',(-1.,0.,0.)) ;
#3317=DIRECTION('Vector Direction',(-1.,0.,0.)) ;
#3331=DIRECTION('Axis2P3D Direction',(-1.,1.38039056411E-014,-6.63173220043E-015)) ;
#3332=DIRECTION('Axis2P3D XDirection',(-6.63173220043E-015,1.89478062869E-015,1.)) ;
#3336=DIRECTION('Axis2P3D Direction',(-1.,1.38039056411E-014,-6.63173220043E-015)) ;
#3343=DIRECTION('Axis2P3D Direction',(-1.,1.38039056411E-014,-6.63173220043E-015)) ;
#3350=DIRECTION('Vector Direction',(-1.,1.38039056411E-014,-6.90195282057E-015)) ;
#3364=DIRECTION('Axis2P3D Direction',(-1.,0.,0.)) ;
#3365=DIRECTION('Axis2P3D XDirection',(0.,-0.939692620786,0.342020143326)) ;
#3369=DIRECTION('Vector Direction',(0.,-0.939692620786,0.342020143326)) ;
#3374=DIRECTION('Vector Direction',(0.,-0.939692620786,0.342020143326)) ;
#3381=DIRECTION('Axis2P3D Direction',(-1.,0.,0.)) ;
#3388=DIRECTION('Vector Direction',(0.,-1.,5.52704132012E-016)) ;
#3423=DIRECTION('Axis2P3D Direction',(-1.,0.,0.)) ;
#3424=DIRECTION('Axis2P3D XDirection',(0.,-0.939692620786,0.342020143326)) ;
#3428=DIRECTION('Vector Direction',(0.,-1.,-5.52704132012E-016)) ;
#3435=DIRECTION('Axis2P3D Direction',(-1.,0.,0.)) ;
#3442=DIRECTION('Vector Direction',(0.,-0.939692620786,0.342020143326)) ;
#3447=DIRECTION('Vector Direction',(0.,0.939692620786,-0.342020143326)) ;
#3482=DIRECTION('Axis2P3D Direction',(6.59029909522E-015,-9.72079713295E-016,-1.)) ;
#3483=DIRECTION('Axis2P3D XDirection',(-1.,1.31805981904E-014,-6.59029909522E-015)) ;
#3487=DIRECTION('Vector Direction',(-1.,1.31805981904E-014,-6.59029909522E-015)) ;
#3499=DIRECTION('Axis2P3D Direction',(-1.,1.85550690855E-014,-6.75349284189E-015)) ;
#3500=DIRECTION('Axis2P3D XDirection',(6.75349284189E-015,1.11022302463E-016,-1.)) ;
#3504=DIRECTION('Vector Direction',(-1.,1.87395886354E-014,-6.24652954514E-015)) ;
#3516=DIRECTION('Axis2P3D Direction',(0.,-0.342020143326,-0.939692620786)) ;
#3517=DIRECTION('Axis2P3D XDirection',(1.,0.,0.)) ;
#3521=DIRECTION('Vector Direction',(-0.866025403784,0.469846310393,-0.171010071663)) ;
#3535=DIRECTION('Axis2P3D Direction',(-0.866025403784,0.469846310393,-0.171010071663)) ;
#3536=DIRECTION('Axis2P3D XDirection',(-0.353553390593,-0.333597096348,0.873906732614)) ;
#3540=DIRECTION('Axis2P3D Direction',(-0.866025403784,0.469846310393,-0.171010071663)) ;
#3547=DIRECTION('Vector Direction',(-0.866025403784,0.469846310393,-0.171010071663)) ;
#3554=DIRECTION('Axis2P3D Direction',(-0.866025403784,0.469846310393,-0.171010071663)) ;
#3568=DIRECTION('Axis2P3D Direction',(-0.353553390593,-0.333597096348,0.873906732614)) ;
#3569=DIRECTION('Axis2P3D XDirection',(-0.866025403784,0.469846310393,-0.171010071663)) ;
#3573=DIRECTION('Vector Direction',(-0.353553390593,-0.817286621644,-0.455019316163)) ;
#3580=DIRECTION('Vector Direction',(-0.866025403784,0.469846310393,-0.171010071663)) ;
#3587=DIRECTION('Vector Direction',(-0.353553390593,-0.817286621644,-0.455019316163)) ;
#3599=DIRECTION('Axis2P3D Direction',(-0.866025403784,0.469846310393,-0.171010071663)) ;
#3600=DIRECTION('Axis2P3D XDirection',(-0.5,-0.813797681349,0.296198132726)) ;
#3604=DIRECTION('Axis2P3D Direction',(-0.866025403784,0.469846310393,-0.171010071663)) ;
#3611=DIRECTION('Vector Direction',(-0.866025403784,0.469846310393,-0.171010071663)) ;
#3618=DIRECTION('Axis2P3D Direction',(-0.866025403784,0.469846310393,-0.171010071663)) ;
#3630=DIRECTION('Axis2P3D Direction',(0.,0.342020143326,0.939692620786)) ;
#3631=DIRECTION('Axis2P3D XDirection',(-0.866025403784,0.469846310393,-0.171010071663)) ;
#3635=DIRECTION('Vector Direction',(-0.866025403784,0.469846310393,-0.171010071663)) ;
#3654=DIRECTION('Axis2P3D Direction',(-0.866025403784,0.469846310393,-0.171010071663)) ;
#3655=DIRECTION('Axis2P3D XDirection',(1.94289029309E-016,-0.342020143326,-0.939692620786)) ;
#3659=DIRECTION('Axis2P3D Direction',(-0.866025403784,0.469846310393,-0.171010071663)) ;
#3666=DIRECTION('Axis2P3D Direction',(-0.866025403784,0.469846310393,-0.171010071663)) ;
#3673=DIRECTION('Vector Direction',(-0.866025403784,0.469846310393,-0.171010071663)) ;
#3687=DIRECTION('Axis2P3D Direction',(-0.866025403784,0.469846310393,-0.171010071663)) ;
#3688=DIRECTION('Axis2P3D XDirection',(-0.5,-0.813797681349,0.296198132726)) ;
#3692=DIRECTION('Vector Direction',(0.353553390593,0.333597096348,-0.873906732614)) ;
#3699=DIRECTION('Axis2P3D Direction',(-0.866025403784,0.469846310393,-0.171010071663)) ;
#3706=DIRECTION('Vector Direction',(0.,0.342020143326,0.939692620786)) ;
#3722=DIRECTION('Axis2P3D Direction',(0.5,0.813797681349,-0.296198132726)) ;
#3723=DIRECTION('Axis2P3D XDirection',(-0.866025403784,0.469846310393,-0.171010071663)) ;
#3727=DIRECTION('Vector Direction',(-0.866025403784,0.469846310393,-0.171010071663)) ;
#3734=DIRECTION('Vector Direction',(0.,0.342020143326,0.939692620786)) ;
#3746=DIRECTION('Axis2P3D Direction',(-0.866025403784,0.469846310393,-0.171010071663)) ;
#3747=DIRECTION('Axis2P3D XDirection',(-0.353553390593,-0.817286621644,-0.455019316163)) ;
#3751=DIRECTION('Vector Direction',(-0.866025403784,0.469846310393,-0.171010071663)) ;
#3758=DIRECTION('Axis2P3D Direction',(-0.866025403784,0.469846310393,-0.171010071663)) ;
#3770=DIRECTION('Axis2P3D Direction',(-0.866025403784,0.469846310393,-0.171010071663)) ;
#3771=DIRECTION('Axis2P3D XDirection',(-0.5,-0.813797681349,0.296198132726)) ;
#3775=DIRECTION('Vector Direction',(0.353553390593,0.333597096348,-0.873906732614)) ;
#3791=DIRECTION('Axis2P3D Direction',(0.353553390593,0.817286621644,0.455019316163)) ;
#3792=DIRECTION('Axis2P3D XDirection',(-0.866025403784,0.469846310393,-0.171010071663)) ;
#8=PRODUCT_RELATED_PRODUCT_CATEGORY('part',$,(#5)) ;
#7=PRODUCT_CATEGORY('part','specification') ;
#29=STYLED_ITEM(' ',(#28),#21) ;
#28=PRESENTATION_STYLE_ASSIGNMENT((#27)) ;
#27=SURFACE_STYLE_USAGE(.BOTH.,#26) ;
#26=SURFACE_SIDE_STYLE(' ',(#25)) ;
#25=SURFACE_STYLE_FILL_AREA(#24) ;
#24=FILL_AREA_STYLE(' ',(#23)) ;
#23=FILL_AREA_STYLE_COLOUR(' ',#22) ;
#38=VECTOR('Line Direction',#37,1.) ;
#47=VECTOR('Line Direction',#46,1.) ;
#54=VECTOR('Line Direction',#53,1.) ;
#61=VECTOR('Line Direction',#60,1.) ;
#92=VECTOR('Line Direction',#91,1.) ;
#116=VECTOR('Line Direction',#115,1.) ;
#140=VECTOR('Line Direction',#139,1.) ;
#147=VECTOR('Line Direction',#146,1.) ;
#154=VECTOR('Line Direction',#153,1.) ;
#178=VECTOR('Line Direction',#177,1.) ;
#202=VECTOR('Line Direction',#201,1.) ;
#209=VECTOR('Line Direction',#208,1.) ;
#216=VECTOR('Line Direction',#215,1.) ;
#240=VECTOR('Line Direction',#239,1.) ;
#264=VECTOR('Line Direction',#263,1.) ;
#271=VECTOR('Line Direction',#270,1.) ;
#278=VECTOR('Line Direction',#277,1.) ;
#302=VECTOR('Line Direction',#301,1.) ;
#326=VECTOR('Line Direction',#325,1.) ;
#333=VECTOR('Line Direction',#332,1.) ;
#340=VECTOR('Line Direction',#339,1.) ;
#364=VECTOR('Line Direction',#363,1.) ;
#388=VECTOR('Line Direction',#387,1.) ;
#395=VECTOR('Line Direction',#394,1.) ;
#402=VECTOR('Line Direction',#401,1.) ;
#426=VECTOR('Line Direction',#425,1.) ;
#450=VECTOR('Line Direction',#449,1.) ;
#457=VECTOR('Line Direction',#456,1.) ;
#464=VECTOR('Line Direction',#463,1.) ;
#488=VECTOR('Line Direction',#487,1.) ;
#512=VECTOR('Line Direction',#511,1.) ;
#519=VECTOR('Line Direction',#518,1.) ;
#526=VECTOR('Line Direction',#525,1.) ;
#550=VECTOR('Line Direction',#549,1.) ;
#574=VECTOR('Line Direction',#573,1.) ;
#581=VECTOR('Line Direction',#580,1.) ;
#588=VECTOR('Line Direction',#587,1.) ;
#612=VECTOR('Line Direction',#611,1.) ;
#645=VECTOR('Line Direction',#644,1.) ;
#652=VECTOR('Line Direction',#651,1.) ;
#659=VECTOR('Line Direction',#658,1.) ;
#673=VECTOR('Line Direction',#672,1.) ;
#722=VECTOR('Line Direction',#721,1.) ;
#748=VECTOR('Line Direction',#747,1.) ;
#772=VECTOR('Line Direction',#771,1.) ;
#823=VECTOR('Line Direction',#822,1.) ;
#830=VECTOR('Line Direction',#829,1.) ;
#837=VECTOR('Line Direction',#836,1.) ;
#864=VECTOR('Line Direction',#863,1.) ;
#876=VECTOR('Line Direction',#875,1.) ;
#902=VECTOR('Line Direction',#901,1.) ;
#918=VECTOR('Line Direction',#917,1.) ;
#959=VECTOR('Line Direction',#958,1.) ;
#975=VECTOR('Line Direction',#974,1.) ;
#1016=VECTOR('Line Direction',#1015,1.) ;
#1032=VECTOR('Line Direction',#1031,1.) ;
#1073=VECTOR('Line Direction',#1072,1.) ;
#1089=VECTOR('Line Direction',#1088,1.) ;
#1130=VECTOR('Line Direction',#1129,1.) ;
#1146=VECTOR('Line Direction',#1145,1.) ;
#1160=VECTOR('Line Direction',#1159,1.) ;
#1174=VECTOR('Line Direction',#1173,1.) ;
#1181=VECTOR('Line Direction',#1180,1.) ;
#1188=VECTOR('Line Direction',#1187,1.) ;
#1202=VECTOR('Line Direction',#1201,1.) ;
#1216=VECTOR('Line Direction',#1215,1.) ;
#1223=VECTOR('Line Direction',#1222,1.) ;
#1230=VECTOR('Line Direction',#1229,1.) ;
#1244=VECTOR('Line Direction',#1243,1.) ;
#1258=VECTOR('Line Direction',#1257,1.) ;
#1407=VECTOR('Line Direction',#1406,1.) ;
#1427=VECTOR('Line Direction',#1426,1.) ;
#1466=VECTOR('Line Direction',#1465,1.) ;
#1525=VECTOR('Line Direction',#1524,1.) ;
#1539=VECTOR('Line Direction',#1538,1.) ;
#1553=VECTOR('Line Direction',#1552,1.) ;
#1558=VECTOR('Line Direction',#1557,1.) ;
#1572=VECTOR('Line Direction',#1571,1.) ;
#1586=VECTOR('Line Direction',#1585,1.) ;
#1593=VECTOR('Line Direction',#1592,1.) ;
#1600=VECTOR('Line Direction',#1599,1.) ;
#1614=VECTOR('Line Direction',#1613,1.) ;
#1628=VECTOR('Line Direction',#1627,1.) ;
#1642=VECTOR('Line Direction',#1641,1.) ;
#1731=VECTOR('Line Direction',#1730,1.) ;
#1736=VECTOR('Line Direction',#1735,1.) ;
#1753=VECTOR('Line Direction',#1752,1.) ;
#1760=VECTOR('Line Direction',#1759,1.) ;
#1767=VECTOR('Line Direction',#1766,1.) ;
#1772=VECTOR('Line Direction',#1771,1.) ;
#1823=VECTOR('Line Direction',#1822,1.) ;
#1835=VECTOR('Line Direction',#1834,1.) ;
#1862=VECTOR('Line Direction',#1861,1.) ;
#1879=VECTOR('Line Direction',#1878,1.) ;
#1896=VECTOR('Line Direction',#1895,1.) ;
#1913=VECTOR('Line Direction',#1912,1.) ;
#1930=VECTOR('Line Direction',#1929,1.) ;
#1947=VECTOR('Line Direction',#1946,1.) ;
#1964=VECTOR('Line Direction',#1963,1.) ;
#1981=VECTOR('Line Direction',#1980,1.) ;
#1998=VECTOR('Line Direction',#1997,1.) ;
#2015=VECTOR('Line Direction',#2014,1.) ;
#2032=VECTOR('Line Direction',#2031,1.) ;
#2049=VECTOR('Line Direction',#2048,1.) ;
#2066=VECTOR('Line Direction',#2065,1.) ;
#2087=VECTOR('Line Direction',#2086,1.) ;
#2094=VECTOR('Line Direction',#2093,1.) ;
#2129=VECTOR('Line Direction',#2128,1.) ;
#2146=VECTOR('Line Direction',#2145,1.) ;
#2170=VECTOR('Line Direction',#2169,1.) ;
#2179=VECTOR('Line Direction',#2178,1.) ;
#2191=VECTOR('Line Direction',#2190,1.) ;
#2196=VECTOR('Line Direction',#2195,1.) ;
#2224=VECTOR('Line Direction',#2223,1.) ;
#2248=VECTOR('Line Direction',#2247,1.) ;
#2265=VECTOR('Line Direction',#2264,1.) ;
#2282=VECTOR('Line Direction',#2281,1.) ;
#2294=VECTOR('Line Direction',#2293,1.) ;
#2313=VECTOR('Line Direction',#2312,1.) ;
#2318=VECTOR('Line Direction',#2317,1.) ;
#2342=VECTOR('Line Direction',#2341,1.) ;
#2347=VECTOR('Line Direction',#2346,1.) ;
#2371=VECTOR('Line Direction',#2370,1.) ;
#2376=VECTOR('Line Direction',#2375,1.) ;
#2412=VECTOR('Line Direction',#2411,1.) ;
#2429=VECTOR('Line Direction',#2428,1.) ;
#2445=VECTOR('Line Direction',#2444,1.) ;
#2459=VECTOR('Line Direction',#2458,1.) ;
#2473=VECTOR('Line Direction',#2472,1.) ;
#2478=VECTOR('Line Direction',#2477,1.) ;
#2506=VECTOR('Line Direction',#2505,1.) ;
#2522=VECTOR('Line Direction',#2521,1.) ;
#2546=VECTOR('Line Direction',#2545,1.) ;
#2553=VECTOR('Line Direction',#2552,1.) ;
#2570=VECTOR('Line Direction',#2569,1.) ;
#2603=VECTOR('Line Direction',#2602,1.) ;
#2608=VECTOR('Line Direction',#2607,1.) ;
#2622=VECTOR('Line Direction',#2621,1.) ;
#2636=VECTOR('Line Direction',#2635,1.) ;
#2666=VECTOR('Line Direction',#2665,1.) ;
#2680=VECTOR('Line Direction',#2679,1.) ;
#2692=VECTOR('Line Direction',#2691,1.) ;
#2709=VECTOR('Line Direction',#2708,1.) ;
#2726=VECTOR('Line Direction',#2725,1.) ;
#2743=VECTOR('Line Direction',#2742,1.) ;
#2760=VECTOR('Line Direction',#2759,1.) ;
#2777=VECTOR('Line Direction',#2776,1.) ;
#2806=VECTOR('Line Direction',#2805,1.) ;
#2811=VECTOR('Line Direction',#2810,1.) ;
#2828=VECTOR('Line Direction',#2827,1.) ;
#2845=VECTOR('Line Direction',#2844,1.) ;
#2874=VECTOR('Line Direction',#2873,1.) ;
#2879=VECTOR('Line Direction',#2878,1.) ;
#2914=VECTOR('Line Direction',#2913,1.) ;
#2919=VECTOR('Line Direction',#2918,1.) ;
#2968=VECTOR('Line Direction',#2967,1.) ;
#2982=VECTOR('Line Direction',#2981,1.) ;
#3000=VECTOR('Line Direction',#2999,1.) ;
#3014=VECTOR('Line Direction',#3013,1.) ;
#3021=VECTOR('Line Direction',#3020,1.) ;
#3051=VECTOR('Line Direction',#3050,1.) ;
#3077=VECTOR('Line Direction',#3076,1.) ;
#3096=VECTOR('Line Direction',#3095,1.) ;
#3103=VECTOR('Line Direction',#3102,1.) ;
#3120=VECTOR('Line Direction',#3119,1.) ;
#3144=VECTOR('Line Direction',#3143,1.) ;
#3177=VECTOR('Line Direction',#3176,1.) ;
#3211=VECTOR('Line Direction',#3210,1.) ;
#3234=VECTOR('Line Direction',#3233,1.) ;
#3269=VECTOR('Line Direction',#3268,1.) ;
#3291=VECTOR('Line Direction',#3290,1.) ;
#3318=VECTOR('Line Direction',#3317,1.) ;
#3351=VECTOR('Line Direction',#3350,1.) ;
#3370=VECTOR('Line Direction',#3369,1.) ;
#3375=VECTOR('Line Direction',#3374,1.) ;
#3389=VECTOR('Line Direction',#3388,1.) ;
#3429=VECTOR('Line Direction',#3428,1.) ;
#3443=VECTOR('Line Direction',#3442,1.) ;
#3448=VECTOR('Line Direction',#3447,1.) ;
#3488=VECTOR('Line Direction',#3487,1.) ;
#3505=VECTOR('Line Direction',#3504,1.) ;
#3522=VECTOR('Line Direction',#3521,1.) ;
#3548=VECTOR('Line Direction',#3547,1.) ;
#3574=VECTOR('Line Direction',#3573,1.) ;
#3581=VECTOR('Line Direction',#3580,1.) ;
#3588=VECTOR('Line Direction',#3587,1.) ;
#3612=VECTOR('Line Direction',#3611,1.) ;
#3636=VECTOR('Line Direction',#3635,1.) ;
#3674=VECTOR('Line Direction',#3673,1.) ;
#3693=VECTOR('Line Direction',#3692,1.) ;
#3707=VECTOR('Line Direction',#3706,1.) ;
#3728=VECTOR('Line Direction',#3727,1.) ;
#3735=VECTOR('Line Direction',#3734,1.) ;
#3752=VECTOR('Line Direction',#3751,1.) ;
#3776=VECTOR('Line Direction',#3775,1.) ;
#15=UNCERTAINTY_MEASURE_WITH_UNIT(LENGTH_MEASURE(0.005),#12,'distance_accuracy_value','CONFUSED CURVE UNCERTAINTY') ;
#3803=SHAPE_REPRESENTATION_RELATIONSHIP(' ',' ',#19,#3802) ;
#65=ORIENTED_EDGE('',*,*,#44,.T.) ;
#66=ORIENTED_EDGE('',*,*,#51,.F.) ;
#67=ORIENTED_EDGE('',*,*,#58,.F.) ;
#68=ORIENTED_EDGE('',*,*,#63,.T.) ;
#96=ORIENTED_EDGE('',*,*,#82,.T.) ;
#97=ORIENTED_EDGE('',*,*,#63,.F.) ;
#98=ORIENTED_EDGE('',*,*,#89,.T.) ;
#99=ORIENTED_EDGE('',*,*,#94,.T.) ;
#127=ORIENTED_EDGE('',*,*,#113,.T.) ;
#128=ORIENTED_EDGE('',*,*,#120,.F.) ;
#129=ORIENTED_EDGE('',*,*,#125,.F.) ;
#130=ORIENTED_EDGE('',*,*,#51,.T.) ;
#158=ORIENTED_EDGE('',*,*,#144,.T.) ;
#159=ORIENTED_EDGE('',*,*,#151,.F.) ;
#160=ORIENTED_EDGE('',*,*,#156,.F.) ;
#161=ORIENTED_EDGE('',*,*,#120,.T.) ;
#189=ORIENTED_EDGE('',*,*,#175,.T.) ;
#190=ORIENTED_EDGE('',*,*,#182,.F.) ;
#191=ORIENTED_EDGE('',*,*,#187,.F.) ;
#192=ORIENTED_EDGE('',*,*,#151,.T.) ;
#220=ORIENTED_EDGE('',*,*,#206,.T.) ;
#221=ORIENTED_EDGE('',*,*,#213,.F.) ;
#222=ORIENTED_EDGE('',*,*,#218,.F.) ;
#223=ORIENTED_EDGE('',*,*,#182,.T.) ;
#251=ORIENTED_EDGE('',*,*,#237,.T.) ;
#252=ORIENTED_EDGE('',*,*,#244,.F.) ;
#253=ORIENTED_EDGE('',*,*,#249,.F.) ;
#254=ORIENTED_EDGE('',*,*,#213,.T.) ;
#282=ORIENTED_EDGE('',*,*,#268,.T.) ;
#283=ORIENTED_EDGE('',*,*,#275,.F.) ;
#284=ORIENTED_EDGE('',*,*,#280,.F.) ;
#285=ORIENTED_EDGE('',*,*,#244,.T.) ;
#313=ORIENTED_EDGE('',*,*,#299,.T.) ;
#314=ORIENTED_EDGE('',*,*,#306,.F.) ;
#315=ORIENTED_EDGE('',*,*,#311,.F.) ;
#316=ORIENTED_EDGE('',*,*,#275,.T.) ;
#344=ORIENTED_EDGE('',*,*,#330,.T.) ;
#345=ORIENTED_EDGE('',*,*,#337,.F.) ;
#346=ORIENTED_EDGE('',*,*,#342,.F.) ;
#347=ORIENTED_EDGE('',*,*,#306,.T.) ;
#375=ORIENTED_EDGE('',*,*,#361,.T.) ;
#376=ORIENTED_EDGE('',*,*,#368,.F.) ;
#377=ORIENTED_EDGE('',*,*,#373,.F.) ;
#378=ORIENTED_EDGE('',*,*,#337,.T.) ;
#406=ORIENTED_EDGE('',*,*,#392,.T.) ;
#407=ORIENTED_EDGE('',*,*,#399,.F.) ;
#408=ORIENTED_EDGE('',*,*,#404,.F.) ;
#409=ORIENTED_EDGE('',*,*,#368,.T.) ;
#437=ORIENTED_EDGE('',*,*,#423,.T.) ;
#438=ORIENTED_EDGE('',*,*,#430,.F.) ;
#439=ORIENTED_EDGE('',*,*,#435,.F.) ;
#440=ORIENTED_EDGE('',*,*,#399,.T.) ;
#468=ORIENTED_EDGE('',*,*,#454,.T.) ;
#469=ORIENTED_EDGE('',*,*,#461,.F.) ;
#470=ORIENTED_EDGE('',*,*,#466,.F.) ;
#471=ORIENTED_EDGE('',*,*,#430,.T.) ;
#499=ORIENTED_EDGE('',*,*,#485,.T.) ;
#500=ORIENTED_EDGE('',*,*,#492,.F.) ;
#501=ORIENTED_EDGE('',*,*,#497,.F.) ;
#502=ORIENTED_EDGE('',*,*,#461,.T.) ;
#530=ORIENTED_EDGE('',*,*,#516,.T.) ;
#531=ORIENTED_EDGE('',*,*,#523,.F.) ;
#532=ORIENTED_EDGE('',*,*,#528,.F.) ;
#533=ORIENTED_EDGE('',*,*,#492,.T.) ;
#561=ORIENTED_EDGE('',*,*,#547,.T.) ;
#562=ORIENTED_EDGE('',*,*,#554,.F.) ;
#563=ORIENTED_EDGE('',*,*,#559,.F.) ;
#564=ORIENTED_EDGE('',*,*,#523,.T.) ;
#592=ORIENTED_EDGE('',*,*,#578,.F.) ;
#593=ORIENTED_EDGE('',*,*,#554,.T.) ;
#594=ORIENTED_EDGE('',*,*,#585,.T.) ;
#595=ORIENTED_EDGE('',*,*,#590,.T.) ;
#623=ORIENTED_EDGE('',*,*,#590,.F.) ;
#624=ORIENTED_EDGE('',*,*,#609,.F.) ;
#625=ORIENTED_EDGE('',*,*,#616,.T.) ;
#626=ORIENTED_EDGE('',*,*,#621,.F.) ;
#677=ORIENTED_EDGE('',*,*,#642,.F.) ;
#678=ORIENTED_EDGE('',*,*,#649,.F.) ;
#679=ORIENTED_EDGE('',*,*,#656,.T.) ;
#680=ORIENTED_EDGE('',*,*,#663,.T.) ;
#681=ORIENTED_EDGE('',*,*,#670,.T.) ;
#682=ORIENTED_EDGE('',*,*,#675,.T.) ;
#726=ORIENTED_EDGE('',*,*,#698,.T.) ;
#727=ORIENTED_EDGE('',*,*,#704,.T.) ;
#728=ORIENTED_EDGE('',*,*,#675,.F.) ;
#729=ORIENTED_EDGE('',*,*,#712,.T.) ;
#730=ORIENTED_EDGE('',*,*,#719,.T.) ;
#731=ORIENTED_EDGE('',*,*,#724,.T.) ;
#759=ORIENTED_EDGE('',*,*,#656,.F.) ;
#760=ORIENTED_EDGE('',*,*,#745,.F.) ;
#761=ORIENTED_EDGE('',*,*,#752,.F.) ;
#762=ORIENTED_EDGE('',*,*,#757,.F.) ;
#808=ORIENTED_EDGE('',*,*,#778,.F.) ;
#809=ORIENTED_EDGE('',*,*,#787,.F.) ;
#810=ORIENTED_EDGE('',*,*,#792,.F.) ;
#811=ORIENTED_EDGE('',*,*,#752,.T.) ;
#812=ORIENTED_EDGE('',*,*,#799,.F.) ;
#813=ORIENTED_EDGE('',*,*,#806,.F.) ;
#841=ORIENTED_EDGE('',*,*,#724,.F.) ;
#842=ORIENTED_EDGE('',*,*,#827,.T.) ;
#843=ORIENTED_EDGE('',*,*,#834,.T.) ;
#844=ORIENTED_EDGE('',*,*,#839,.F.) ;
#887=ORIENTED_EDGE('',*,*,#861,.F.) ;
#888=ORIENTED_EDGE('',*,*,#866,.F.) ;
#889=ORIENTED_EDGE('',*,*,#787,.T.) ;
#890=ORIENTED_EDGE('',*,*,#873,.F.) ;
#891=ORIENTED_EDGE('',*,*,#880,.T.) ;
#892=ORIENTED_EDGE('',*,*,#885,.T.) ;
#929=ORIENTED_EDGE('',*,*,#908,.F.) ;
#930=ORIENTED_EDGE('',*,*,#915,.T.) ;
#931=ORIENTED_EDGE('',*,*,#922,.T.) ;
#932=ORIENTED_EDGE('',*,*,#927,.F.) ;
#946=ORIENTED_EDGE('',*,*,#922,.F.) ;
#947=ORIENTED_EDGE('',*,*,#939,.T.) ;
#948=ORIENTED_EDGE('',*,*,#908,.T.) ;
#949=ORIENTED_EDGE('',*,*,#944,.F.) ;
#986=ORIENTED_EDGE('',*,*,#965,.F.) ;
#987=ORIENTED_EDGE('',*,*,#972,.T.) ;
#988=ORIENTED_EDGE('',*,*,#979,.T.) ;
#989=ORIENTED_EDGE('',*,*,#984,.F.) ;
#1003=ORIENTED_EDGE('',*,*,#979,.F.) ;
#1004=ORIENTED_EDGE('',*,*,#996,.T.) ;
#1005=ORIENTED_EDGE('',*,*,#965,.T.) ;
#1006=ORIENTED_EDGE('',*,*,#1001,.F.) ;
#1043=ORIENTED_EDGE('',*,*,#1022,.F.) ;
#1044=ORIENTED_EDGE('',*,*,#1029,.T.) ;
#1045=ORIENTED_EDGE('',*,*,#1036,.T.) ;
#1046=ORIENTED_EDGE('',*,*,#1041,.F.) ;
#1060=ORIENTED_EDGE('',*,*,#1036,.F.) ;
#1061=ORIENTED_EDGE('',*,*,#1053,.T.) ;
#1062=ORIENTED_EDGE('',*,*,#1022,.T.) ;
#1063=ORIENTED_EDGE('',*,*,#1058,.F.) ;
#1100=ORIENTED_EDGE('',*,*,#1079,.F.) ;
#1101=ORIENTED_EDGE('',*,*,#1086,.T.) ;
#1102=ORIENTED_EDGE('',*,*,#1093,.T.) ;
#1103=ORIENTED_EDGE('',*,*,#1098,.F.) ;
#1117=ORIENTED_EDGE('',*,*,#1093,.F.) ;
#1118=ORIENTED_EDGE('',*,*,#1110,.T.) ;
#1119=ORIENTED_EDGE('',*,*,#1079,.T.) ;
#1120=ORIENTED_EDGE('',*,*,#1115,.F.) ;
#1283=ORIENTED_EDGE('',*,*,#1136,.T.) ;
#1284=ORIENTED_EDGE('',*,*,#1143,.T.) ;
#1285=ORIENTED_EDGE('',*,*,#1150,.T.) ;
#1286=ORIENTED_EDGE('',*,*,#1157,.F.) ;
#1287=ORIENTED_EDGE('',*,*,#1164,.T.) ;
#1288=ORIENTED_EDGE('',*,*,#1171,.T.) ;
#1289=ORIENTED_EDGE('',*,*,#1178,.F.) ;
#1290=ORIENTED_EDGE('',*,*,#1185,.T.) ;
#1291=ORIENTED_EDGE('',*,*,#1192,.T.) ;
#1292=ORIENTED_EDGE('',*,*,#1199,.T.) ;
#1293=ORIENTED_EDGE('',*,*,#1206,.T.) ;
#1294=ORIENTED_EDGE('',*,*,#1213,.F.) ;
#1295=ORIENTED_EDGE('',*,*,#1220,.T.) ;
#1296=ORIENTED_EDGE('',*,*,#1227,.F.) ;
#1297=ORIENTED_EDGE('',*,*,#1234,.T.) ;
#1298=ORIENTED_EDGE('',*,*,#1241,.T.) ;
#1299=ORIENTED_EDGE('',*,*,#1248,.T.) ;
#1300=ORIENTED_EDGE('',*,*,#1255,.T.) ;
#1301=ORIENTED_EDGE('',*,*,#1262,.T.) ;
#1302=ORIENTED_EDGE('',*,*,#1269,.F.) ;
#1303=ORIENTED_EDGE('',*,*,#1276,.T.) ;
#1304=ORIENTED_EDGE('',*,*,#1281,.F.) ;
#1321=ORIENTED_EDGE('',*,*,#1314,.F.) ;
#1322=ORIENTED_EDGE('',*,*,#1319,.F.) ;
#1339=ORIENTED_EDGE('',*,*,#1332,.F.) ;
#1340=ORIENTED_EDGE('',*,*,#1337,.F.) ;
#1357=ORIENTED_EDGE('',*,*,#1350,.F.) ;
#1358=ORIENTED_EDGE('',*,*,#1355,.F.) ;
#1411=ORIENTED_EDGE('',*,*,#1375,.F.) ;
#1412=ORIENTED_EDGE('',*,*,#1380,.T.) ;
#1413=ORIENTED_EDGE('',*,*,#1227,.T.) ;
#1414=ORIENTED_EDGE('',*,*,#1388,.F.) ;
#1415=ORIENTED_EDGE('',*,*,#1397,.T.) ;
#1416=ORIENTED_EDGE('',*,*,#1404,.F.) ;
#1417=ORIENTED_EDGE('',*,*,#1409,.F.) ;
#1485=ORIENTED_EDGE('',*,*,#1433,.T.) ;
#1486=ORIENTED_EDGE('',*,*,#1440,.T.) ;
#1487=ORIENTED_EDGE('',*,*,#1447,.T.) ;
#1488=ORIENTED_EDGE('',*,*,#1455,.F.) ;
#1489=ORIENTED_EDGE('',*,*,#1463,.F.) ;
#1490=ORIENTED_EDGE('',*,*,#1470,.F.) ;
#1491=ORIENTED_EDGE('',*,*,#1477,.F.) ;
#1492=ORIENTED_EDGE('',*,*,#1483,.F.) ;
#1646=ORIENTED_EDGE('',*,*,#1508,.F.) ;
#1647=ORIENTED_EDGE('',*,*,#1515,.F.) ;
#1648=ORIENTED_EDGE('',*,*,#1522,.F.) ;
#1649=ORIENTED_EDGE('',*,*,#1529,.F.) ;
#1650=ORIENTED_EDGE('',*,*,#1536,.F.) ;
#1651=ORIENTED_EDGE('',*,*,#1543,.F.) ;
#1652=ORIENTED_EDGE('',*,*,#1550,.F.) ;
#1653=ORIENTED_EDGE('',*,*,#1555,.F.) ;
#1654=ORIENTED_EDGE('',*,*,#1470,.T.) ;
#1655=ORIENTED_EDGE('',*,*,#1562,.F.) ;
#1656=ORIENTED_EDGE('',*,*,#1569,.F.) ;
#1657=ORIENTED_EDGE('',*,*,#1576,.F.) ;
#1658=ORIENTED_EDGE('',*,*,#1583,.F.) ;
#1659=ORIENTED_EDGE('',*,*,#1590,.F.) ;
#1660=ORIENTED_EDGE('',*,*,#1597,.F.) ;
#1661=ORIENTED_EDGE('',*,*,#1604,.T.) ;
#1662=ORIENTED_EDGE('',*,*,#1611,.F.) ;
#1663=ORIENTED_EDGE('',*,*,#1618,.F.) ;
#1664=ORIENTED_EDGE('',*,*,#1625,.F.) ;
#1665=ORIENTED_EDGE('',*,*,#1632,.F.) ;
#1666=ORIENTED_EDGE('',*,*,#1639,.F.) ;
#1667=ORIENTED_EDGE('',*,*,#1644,.F.) ;
#1684=ORIENTED_EDGE('',*,*,#1677,.T.) ;
#1685=ORIENTED_EDGE('',*,*,#1682,.T.) ;
#1702=ORIENTED_EDGE('',*,*,#1695,.T.) ;
#1703=ORIENTED_EDGE('',*,*,#1700,.T.) ;
#1720=ORIENTED_EDGE('',*,*,#1713,.T.) ;
#1721=ORIENTED_EDGE('',*,*,#1718,.T.) ;
#1740=ORIENTED_EDGE('',*,*,#1733,.F.) ;
#1741=ORIENTED_EDGE('',*,*,#1550,.T.) ;
#1742=ORIENTED_EDGE('',*,*,#1738,.T.) ;
#1743=ORIENTED_EDGE('',*,*,#1241,.F.) ;
#1776=ORIENTED_EDGE('',*,*,#1440,.F.) ;
#1777=ORIENTED_EDGE('',*,*,#1757,.T.) ;
#1778=ORIENTED_EDGE('',*,*,#1764,.F.) ;
#1779=ORIENTED_EDGE('',*,*,#1769,.T.) ;
#1780=ORIENTED_EDGE('',*,*,#1404,.T.) ;
#1781=ORIENTED_EDGE('',*,*,#1774,.F.) ;
#1782=ORIENTED_EDGE('',*,*,#1447,.F.) ;
#1801=ORIENTED_EDGE('',*,*,#1794,.T.) ;
#1802=ORIENTED_EDGE('',*,*,#834,.F.) ;
#1803=ORIENTED_EDGE('',*,*,#1799,.T.) ;
#1804=ORIENTED_EDGE('',*,*,#1764,.T.) ;
#1847=ORIENTED_EDGE('',*,*,#1820,.F.) ;
#1848=ORIENTED_EDGE('',*,*,#1827,.F.) ;
#1849=ORIENTED_EDGE('',*,*,#1832,.T.) ;
#1850=ORIENTED_EDGE('',*,*,#806,.T.) ;
#1851=ORIENTED_EDGE('',*,*,#1839,.T.) ;
#1852=ORIENTED_EDGE('',*,*,#1845,.F.) ;
#1866=ORIENTED_EDGE('',*,*,#1738,.F.) ;
#1867=ORIENTED_EDGE('',*,*,#1543,.T.) ;
#1868=ORIENTED_EDGE('',*,*,#1864,.T.) ;
#1869=ORIENTED_EDGE('',*,*,#1248,.F.) ;
#1883=ORIENTED_EDGE('',*,*,#1864,.F.) ;
#1884=ORIENTED_EDGE('',*,*,#1536,.T.) ;
#1885=ORIENTED_EDGE('',*,*,#1881,.T.) ;
#1886=ORIENTED_EDGE('',*,*,#1255,.F.) ;
#1900=ORIENTED_EDGE('',*,*,#1898,.T.) ;
#1901=ORIENTED_EDGE('',*,*,#1262,.F.) ;
#1902=ORIENTED_EDGE('',*,*,#1881,.F.) ;
#1903=ORIENTED_EDGE('',*,*,#1529,.T.) ;
#1917=ORIENTED_EDGE('',*,*,#1269,.T.) ;
#1918=ORIENTED_EDGE('',*,*,#1898,.F.) ;
#1919=ORIENTED_EDGE('',*,*,#1522,.T.) ;
#1920=ORIENTED_EDGE('',*,*,#1915,.T.) ;
#1934=ORIENTED_EDGE('',*,*,#1932,.T.) ;
#1935=ORIENTED_EDGE('',*,*,#1276,.F.) ;
#1936=ORIENTED_EDGE('',*,*,#1915,.F.) ;
#1937=ORIENTED_EDGE('',*,*,#1515,.T.) ;
#1951=ORIENTED_EDGE('',*,*,#1281,.T.) ;
#1952=ORIENTED_EDGE('',*,*,#1932,.F.) ;
#1953=ORIENTED_EDGE('',*,*,#1508,.T.) ;
#1954=ORIENTED_EDGE('',*,*,#1949,.T.) ;
#1968=ORIENTED_EDGE('',*,*,#1949,.F.) ;
#1969=ORIENTED_EDGE('',*,*,#1644,.T.) ;
#1970=ORIENTED_EDGE('',*,*,#1966,.T.) ;
#1971=ORIENTED_EDGE('',*,*,#1136,.F.) ;
#1985=ORIENTED_EDGE('',*,*,#1966,.F.) ;
#1986=ORIENTED_EDGE('',*,*,#1639,.T.) ;
#1987=ORIENTED_EDGE('',*,*,#1983,.T.) ;
#1988=ORIENTED_EDGE('',*,*,#1143,.F.) ;
#2002=ORIENTED_EDGE('',*,*,#1150,.F.) ;
#2003=ORIENTED_EDGE('',*,*,#1983,.F.) ;
#2004=ORIENTED_EDGE('',*,*,#1632,.T.) ;
#2005=ORIENTED_EDGE('',*,*,#2000,.T.) ;
#2019=ORIENTED_EDGE('',*,*,#1157,.T.) ;
#2020=ORIENTED_EDGE('',*,*,#2000,.F.) ;
#2021=ORIENTED_EDGE('',*,*,#1625,.T.) ;
#2022=ORIENTED_EDGE('',*,*,#2017,.T.) ;
#2036=ORIENTED_EDGE('',*,*,#2017,.F.) ;
#2037=ORIENTED_EDGE('',*,*,#1618,.T.) ;
#2038=ORIENTED_EDGE('',*,*,#2034,.T.) ;
#2039=ORIENTED_EDGE('',*,*,#1164,.F.) ;
#2053=ORIENTED_EDGE('',*,*,#2034,.F.) ;
#2054=ORIENTED_EDGE('',*,*,#1611,.T.) ;
#2055=ORIENTED_EDGE('',*,*,#2051,.T.) ;
#2056=ORIENTED_EDGE('',*,*,#1171,.F.) ;
#2098=ORIENTED_EDGE('',*,*,#2072,.T.) ;
#2099=ORIENTED_EDGE('',*,*,#2077,.F.) ;
#2100=ORIENTED_EDGE('',*,*,#1178,.T.) ;
#2101=ORIENTED_EDGE('',*,*,#2051,.F.) ;
#2102=ORIENTED_EDGE('',*,*,#1604,.F.) ;
#2103=ORIENTED_EDGE('',*,*,#2084,.T.) ;
#2104=ORIENTED_EDGE('',*,*,#2091,.F.) ;
#2105=ORIENTED_EDGE('',*,*,#2096,.T.) ;
#2133=ORIENTED_EDGE('',*,*,#2119,.T.) ;
#2134=ORIENTED_EDGE('',*,*,#2096,.F.) ;
#2135=ORIENTED_EDGE('',*,*,#2126,.T.) ;
#2136=ORIENTED_EDGE('',*,*,#2131,.T.) ;
#2157=ORIENTED_EDGE('',*,*,#1185,.F.) ;
#2158=ORIENTED_EDGE('',*,*,#2077,.T.) ;
#2159=ORIENTED_EDGE('',*,*,#2150,.T.) ;
#2160=ORIENTED_EDGE('',*,*,#2155,.F.) ;
#2200=ORIENTED_EDGE('',*,*,#2176,.F.) ;
#2201=ORIENTED_EDGE('',*,*,#2183,.T.) ;
#2202=ORIENTED_EDGE('',*,*,#2188,.F.) ;
#2203=ORIENTED_EDGE('',*,*,#1590,.T.) ;
#2204=ORIENTED_EDGE('',*,*,#2193,.T.) ;
#2205=ORIENTED_EDGE('',*,*,#1192,.F.) ;
#2206=ORIENTED_EDGE('',*,*,#2155,.T.) ;
#2207=ORIENTED_EDGE('',*,*,#2198,.F.) ;
#2235=ORIENTED_EDGE('',*,*,#2221,.T.) ;
#2236=ORIENTED_EDGE('',*,*,#2228,.F.) ;
#2237=ORIENTED_EDGE('',*,*,#2233,.T.) ;
#2238=ORIENTED_EDGE('',*,*,#2176,.T.) ;
#2252=ORIENTED_EDGE('',*,*,#2193,.F.) ;
#2253=ORIENTED_EDGE('',*,*,#1583,.T.) ;
#2254=ORIENTED_EDGE('',*,*,#2250,.T.) ;
#2255=ORIENTED_EDGE('',*,*,#1199,.F.) ;
#2269=ORIENTED_EDGE('',*,*,#1206,.F.) ;
#2270=ORIENTED_EDGE('',*,*,#2250,.F.) ;
#2271=ORIENTED_EDGE('',*,*,#1576,.T.) ;
#2272=ORIENTED_EDGE('',*,*,#2267,.T.) ;
#2286=ORIENTED_EDGE('',*,*,#1213,.T.) ;
#2287=ORIENTED_EDGE('',*,*,#2267,.F.) ;
#2288=ORIENTED_EDGE('',*,*,#1569,.T.) ;
#2289=ORIENTED_EDGE('',*,*,#2284,.T.) ;
#2298=ORIENTED_EDGE('',*,*,#1562,.T.) ;
#2299=ORIENTED_EDGE('',*,*,#1463,.T.) ;
#2300=ORIENTED_EDGE('',*,*,#2296,.T.) ;
#2301=ORIENTED_EDGE('',*,*,#1388,.T.) ;
#2302=ORIENTED_EDGE('',*,*,#1220,.F.) ;
#2303=ORIENTED_EDGE('',*,*,#2284,.F.) ;
#2322=ORIENTED_EDGE('',*,*,#1314,.T.) ;
#2323=ORIENTED_EDGE('',*,*,#2315,.F.) ;
#2324=ORIENTED_EDGE('',*,*,#1682,.F.) ;
#2325=ORIENTED_EDGE('',*,*,#2320,.T.) ;
#2329=ORIENTED_EDGE('',*,*,#1319,.T.) ;
#2330=ORIENTED_EDGE('',*,*,#2320,.F.) ;
#2331=ORIENTED_EDGE('',*,*,#1677,.F.) ;
#2332=ORIENTED_EDGE('',*,*,#2315,.T.) ;
#2351=ORIENTED_EDGE('',*,*,#1332,.T.) ;
#2352=ORIENTED_EDGE('',*,*,#2344,.F.) ;
#2353=ORIENTED_EDGE('',*,*,#1700,.F.) ;
#2354=ORIENTED_EDGE('',*,*,#2349,.T.) ;
#2358=ORIENTED_EDGE('',*,*,#1337,.T.) ;
#2359=ORIENTED_EDGE('',*,*,#2349,.F.) ;
#2360=ORIENTED_EDGE('',*,*,#1695,.F.) ;
#2361=ORIENTED_EDGE('',*,*,#2344,.T.) ;
#2380=ORIENTED_EDGE('',*,*,#1350,.T.) ;
#2381=ORIENTED_EDGE('',*,*,#2373,.F.) ;
#2382=ORIENTED_EDGE('',*,*,#1718,.F.) ;
#2383=ORIENTED_EDGE('',*,*,#2378,.T.) ;
#2387=ORIENTED_EDGE('',*,*,#1355,.T.) ;
#2388=ORIENTED_EDGE('',*,*,#2378,.F.) ;
#2389=ORIENTED_EDGE('',*,*,#1713,.F.) ;
#2390=ORIENTED_EDGE('',*,*,#2373,.T.) ;
#2399=ORIENTED_EDGE('',*,*,#1774,.T.) ;
#2400=ORIENTED_EDGE('',*,*,#1397,.F.) ;
#2401=ORIENTED_EDGE('',*,*,#2296,.F.) ;
#2402=ORIENTED_EDGE('',*,*,#1455,.T.) ;
#2416=ORIENTED_EDGE('',*,*,#2188,.T.) ;
#2417=ORIENTED_EDGE('',*,*,#2414,.F.) ;
#2418=ORIENTED_EDGE('',*,*,#2084,.F.) ;
#2419=ORIENTED_EDGE('',*,*,#1597,.T.) ;
#2489=ORIENTED_EDGE('',*,*,#2435,.T.) ;
#2490=ORIENTED_EDGE('',*,*,#2442,.F.) ;
#2491=ORIENTED_EDGE('',*,*,#2449,.F.) ;
#2492=ORIENTED_EDGE('',*,*,#2456,.F.) ;
#2493=ORIENTED_EDGE('',*,*,#2463,.F.) ;
#2494=ORIENTED_EDGE('',*,*,#2470,.F.) ;
#2495=ORIENTED_EDGE('',*,*,#2475,.F.) ;
#2496=ORIENTED_EDGE('',*,*,#2126,.F.) ;
#2497=ORIENTED_EDGE('',*,*,#2091,.T.) ;
#2498=ORIENTED_EDGE('',*,*,#2414,.T.) ;
#2499=ORIENTED_EDGE('',*,*,#2183,.F.) ;
#2500=ORIENTED_EDGE('',*,*,#2233,.F.) ;
#2501=ORIENTED_EDGE('',*,*,#2482,.F.) ;
#2502=ORIENTED_EDGE('',*,*,#2487,.F.) ;
#2533=ORIENTED_EDGE('',*,*,#2512,.F.) ;
#2534=ORIENTED_EDGE('',*,*,#2519,.F.) ;
#2535=ORIENTED_EDGE('',*,*,#2526,.F.) ;
#2536=ORIENTED_EDGE('',*,*,#2531,.F.) ;
#2557=ORIENTED_EDGE('',*,*,#2550,.F.) ;
#2558=ORIENTED_EDGE('',*,*,#2555,.F.) ;
#2559=ORIENTED_EDGE('',*,*,#2131,.F.) ;
#2560=ORIENTED_EDGE('',*,*,#2475,.T.) ;
#2581=ORIENTED_EDGE('',*,*,#2470,.T.) ;
#2582=ORIENTED_EDGE('',*,*,#2574,.F.) ;
#2583=ORIENTED_EDGE('',*,*,#2579,.T.) ;
#2584=ORIENTED_EDGE('',*,*,#2550,.T.) ;
#2640=ORIENTED_EDGE('',*,*,#2600,.F.) ;
#2641=ORIENTED_EDGE('',*,*,#2605,.T.) ;
#2642=ORIENTED_EDGE('',*,*,#2221,.F.) ;
#2643=ORIENTED_EDGE('',*,*,#2198,.T.) ;
#2644=ORIENTED_EDGE('',*,*,#2150,.F.) ;
#2645=ORIENTED_EDGE('',*,*,#2072,.F.) ;
#2646=ORIENTED_EDGE('',*,*,#2119,.F.) ;
#2647=ORIENTED_EDGE('',*,*,#2555,.T.) ;
#2648=ORIENTED_EDGE('',*,*,#2579,.F.) ;
#2649=ORIENTED_EDGE('',*,*,#2612,.F.) ;
#2650=ORIENTED_EDGE('',*,*,#2619,.F.) ;
#2651=ORIENTED_EDGE('',*,*,#2626,.F.) ;
#2652=ORIENTED_EDGE('',*,*,#2633,.F.) ;
#2653=ORIENTED_EDGE('',*,*,#2638,.F.) ;
#2684=ORIENTED_EDGE('',*,*,#2663,.F.) ;
#2685=ORIENTED_EDGE('',*,*,#2670,.F.) ;
#2686=ORIENTED_EDGE('',*,*,#2677,.F.) ;
#2687=ORIENTED_EDGE('',*,*,#2682,.F.) ;
#2696=ORIENTED_EDGE('',*,*,#2694,.T.) ;
#2697=ORIENTED_EDGE('',*,*,#2482,.T.) ;
#2698=ORIENTED_EDGE('',*,*,#2228,.T.) ;
#2699=ORIENTED_EDGE('',*,*,#2605,.F.) ;
#2713=ORIENTED_EDGE('',*,*,#2487,.T.) ;
#2714=ORIENTED_EDGE('',*,*,#2694,.F.) ;
#2715=ORIENTED_EDGE('',*,*,#2600,.T.) ;
#2716=ORIENTED_EDGE('',*,*,#2711,.T.) ;
#2730=ORIENTED_EDGE('',*,*,#2711,.F.) ;
#2731=ORIENTED_EDGE('',*,*,#2638,.T.) ;
#2732=ORIENTED_EDGE('',*,*,#2728,.T.) ;
#2733=ORIENTED_EDGE('',*,*,#2435,.F.) ;
#2747=ORIENTED_EDGE('',*,*,#2442,.T.) ;
#2748=ORIENTED_EDGE('',*,*,#2728,.F.) ;
#2749=ORIENTED_EDGE('',*,*,#2633,.T.) ;
#2750=ORIENTED_EDGE('',*,*,#2745,.T.) ;
#2764=ORIENTED_EDGE('',*,*,#2449,.T.) ;
#2765=ORIENTED_EDGE('',*,*,#2745,.F.) ;
#2766=ORIENTED_EDGE('',*,*,#2626,.T.) ;
#2767=ORIENTED_EDGE('',*,*,#2762,.T.) ;
#2781=ORIENTED_EDGE('',*,*,#2456,.T.) ;
#2782=ORIENTED_EDGE('',*,*,#2762,.F.) ;
#2783=ORIENTED_EDGE('',*,*,#2619,.T.) ;
#2784=ORIENTED_EDGE('',*,*,#2779,.T.) ;
#2793=ORIENTED_EDGE('',*,*,#2463,.T.) ;
#2794=ORIENTED_EDGE('',*,*,#2779,.F.) ;
#2795=ORIENTED_EDGE('',*,*,#2612,.T.) ;
#2796=ORIENTED_EDGE('',*,*,#2574,.T.) ;
#2815=ORIENTED_EDGE('',*,*,#2512,.T.) ;
#2816=ORIENTED_EDGE('',*,*,#2808,.F.) ;
#2817=ORIENTED_EDGE('',*,*,#2682,.T.) ;
#2818=ORIENTED_EDGE('',*,*,#2813,.T.) ;
#2832=ORIENTED_EDGE('',*,*,#2519,.T.) ;
#2833=ORIENTED_EDGE('',*,*,#2813,.F.) ;
#2834=ORIENTED_EDGE('',*,*,#2677,.T.) ;
#2835=ORIENTED_EDGE('',*,*,#2830,.T.) ;
#2849=ORIENTED_EDGE('',*,*,#2526,.T.) ;
#2850=ORIENTED_EDGE('',*,*,#2830,.F.) ;
#2851=ORIENTED_EDGE('',*,*,#2670,.T.) ;
#2852=ORIENTED_EDGE('',*,*,#2847,.T.) ;
#2861=ORIENTED_EDGE('',*,*,#2531,.T.) ;
#2862=ORIENTED_EDGE('',*,*,#2847,.F.) ;
#2863=ORIENTED_EDGE('',*,*,#2663,.T.) ;
#2864=ORIENTED_EDGE('',*,*,#2808,.T.) ;
#2883=ORIENTED_EDGE('',*,*,#82,.F.) ;
#2884=ORIENTED_EDGE('',*,*,#2876,.F.) ;
#2885=ORIENTED_EDGE('',*,*,#1827,.T.) ;
#2886=ORIENTED_EDGE('',*,*,#2881,.T.) ;
#2887=ORIENTED_EDGE('',*,*,#609,.T.) ;
#2888=ORIENTED_EDGE('',*,*,#585,.F.) ;
#2889=ORIENTED_EDGE('',*,*,#547,.F.) ;
#2890=ORIENTED_EDGE('',*,*,#516,.F.) ;
#2891=ORIENTED_EDGE('',*,*,#485,.F.) ;
#2892=ORIENTED_EDGE('',*,*,#454,.F.) ;
#2893=ORIENTED_EDGE('',*,*,#423,.F.) ;
#2894=ORIENTED_EDGE('',*,*,#392,.F.) ;
#2895=ORIENTED_EDGE('',*,*,#361,.F.) ;
#2896=ORIENTED_EDGE('',*,*,#330,.F.) ;
#2897=ORIENTED_EDGE('',*,*,#299,.F.) ;
#2898=ORIENTED_EDGE('',*,*,#268,.F.) ;
#2899=ORIENTED_EDGE('',*,*,#237,.F.) ;
#2900=ORIENTED_EDGE('',*,*,#206,.F.) ;
#2901=ORIENTED_EDGE('',*,*,#175,.F.) ;
#2902=ORIENTED_EDGE('',*,*,#144,.F.) ;
#2903=ORIENTED_EDGE('',*,*,#113,.F.) ;
#2904=ORIENTED_EDGE('',*,*,#44,.F.) ;
#2923=ORIENTED_EDGE('',*,*,#58,.T.) ;
#2924=ORIENTED_EDGE('',*,*,#125,.T.) ;
#2925=ORIENTED_EDGE('',*,*,#156,.T.) ;
#2926=ORIENTED_EDGE('',*,*,#187,.T.) ;
#2927=ORIENTED_EDGE('',*,*,#218,.T.) ;
#2928=ORIENTED_EDGE('',*,*,#249,.T.) ;
#2929=ORIENTED_EDGE('',*,*,#280,.T.) ;
#2930=ORIENTED_EDGE('',*,*,#311,.T.) ;
#2931=ORIENTED_EDGE('',*,*,#342,.T.) ;
#2932=ORIENTED_EDGE('',*,*,#373,.T.) ;
#2933=ORIENTED_EDGE('',*,*,#404,.T.) ;
#2934=ORIENTED_EDGE('',*,*,#435,.T.) ;
#2935=ORIENTED_EDGE('',*,*,#466,.T.) ;
#2936=ORIENTED_EDGE('',*,*,#497,.T.) ;
#2937=ORIENTED_EDGE('',*,*,#528,.T.) ;
#2938=ORIENTED_EDGE('',*,*,#559,.T.) ;
#2939=ORIENTED_EDGE('',*,*,#578,.T.) ;
#2940=ORIENTED_EDGE('',*,*,#621,.T.) ;
#2941=ORIENTED_EDGE('',*,*,#2916,.F.) ;
#2942=ORIENTED_EDGE('',*,*,#880,.F.) ;
#2943=ORIENTED_EDGE('',*,*,#2921,.T.) ;
#2944=ORIENTED_EDGE('',*,*,#89,.F.) ;
#2953=ORIENTED_EDGE('',*,*,#94,.F.) ;
#2954=ORIENTED_EDGE('',*,*,#2921,.F.) ;
#2955=ORIENTED_EDGE('',*,*,#873,.T.) ;
#2956=ORIENTED_EDGE('',*,*,#778,.T.) ;
#2957=ORIENTED_EDGE('',*,*,#1832,.F.) ;
#2958=ORIENTED_EDGE('',*,*,#2876,.T.) ;
#2986=ORIENTED_EDGE('',*,*,#704,.F.) ;
#2987=ORIENTED_EDGE('',*,*,#2972,.F.) ;
#2988=ORIENTED_EDGE('',*,*,#2979,.F.) ;
#2989=ORIENTED_EDGE('',*,*,#2984,.T.) ;
#2990=ORIENTED_EDGE('',*,*,#642,.T.) ;
#3032=ORIENTED_EDGE('',*,*,#3006,.F.) ;
#3033=ORIENTED_EDGE('',*,*,#3011,.F.) ;
#3034=ORIENTED_EDGE('',*,*,#1409,.T.) ;
#3035=ORIENTED_EDGE('',*,*,#1769,.F.) ;
#3036=ORIENTED_EDGE('',*,*,#1799,.F.) ;
#3037=ORIENTED_EDGE('',*,*,#827,.F.) ;
#3038=ORIENTED_EDGE('',*,*,#719,.F.) ;
#3039=ORIENTED_EDGE('',*,*,#3018,.F.) ;
#3040=ORIENTED_EDGE('',*,*,#3025,.F.) ;
#3041=ORIENTED_EDGE('',*,*,#3030,.T.) ;
#3055=ORIENTED_EDGE('',*,*,#1477,.T.) ;
#3056=ORIENTED_EDGE('',*,*,#1555,.T.) ;
#3057=ORIENTED_EDGE('',*,*,#1733,.T.) ;
#3058=ORIENTED_EDGE('',*,*,#1234,.F.) ;
#3059=ORIENTED_EDGE('',*,*,#1380,.F.) ;
#3060=ORIENTED_EDGE('',*,*,#3053,.T.) ;
#3081=ORIENTED_EDGE('',*,*,#3074,.T.) ;
#3082=ORIENTED_EDGE('',*,*,#1483,.T.) ;
#3083=ORIENTED_EDGE('',*,*,#3053,.F.) ;
#3084=ORIENTED_EDGE('',*,*,#1375,.T.) ;
#3085=ORIENTED_EDGE('',*,*,#3011,.T.) ;
#3086=ORIENTED_EDGE('',*,*,#3079,.T.) ;
#3107=ORIENTED_EDGE('',*,*,#3100,.F.) ;
#3108=ORIENTED_EDGE('',*,*,#3079,.F.) ;
#3109=ORIENTED_EDGE('',*,*,#3006,.T.) ;
#3110=ORIENTED_EDGE('',*,*,#3105,.F.) ;
#3131=ORIENTED_EDGE('',*,*,#3124,.F.) ;
#3132=ORIENTED_EDGE('',*,*,#3129,.F.) ;
#3133=ORIENTED_EDGE('',*,*,#3105,.T.) ;
#3134=ORIENTED_EDGE('',*,*,#3030,.F.) ;
#3162=ORIENTED_EDGE('',*,*,#670,.F.) ;
#3163=ORIENTED_EDGE('',*,*,#3148,.F.) ;
#3164=ORIENTED_EDGE('',*,*,#3155,.T.) ;
#3165=ORIENTED_EDGE('',*,*,#3160,.T.) ;
#3166=ORIENTED_EDGE('',*,*,#3018,.T.) ;
#3167=ORIENTED_EDGE('',*,*,#712,.F.) ;
#3181=ORIENTED_EDGE('',*,*,#3129,.T.) ;
#3182=ORIENTED_EDGE('',*,*,#3179,.F.) ;
#3183=ORIENTED_EDGE('',*,*,#2972,.T.) ;
#3184=ORIENTED_EDGE('',*,*,#698,.F.) ;
#3185=ORIENTED_EDGE('',*,*,#839,.T.) ;
#3186=ORIENTED_EDGE('',*,*,#1794,.F.) ;
#3187=ORIENTED_EDGE('',*,*,#1757,.F.) ;
#3188=ORIENTED_EDGE('',*,*,#1433,.F.) ;
#3189=ORIENTED_EDGE('',*,*,#3074,.F.) ;
#3190=ORIENTED_EDGE('',*,*,#3100,.T.) ;
#3245=ORIENTED_EDGE('',*,*,#3208,.F.) ;
#3246=ORIENTED_EDGE('',*,*,#3215,.T.) ;
#3247=ORIENTED_EDGE('',*,*,#3224,.F.) ;
#3248=ORIENTED_EDGE('',*,*,#3231,.F.) ;
#3249=ORIENTED_EDGE('',*,*,#3238,.F.) ;
#3250=ORIENTED_EDGE('',*,*,#3243,.F.) ;
#3303=ORIENTED_EDGE('',*,*,#3266,.T.) ;
#3304=ORIENTED_EDGE('',*,*,#3273,.T.) ;
#3305=ORIENTED_EDGE('',*,*,#3280,.T.) ;
#3306=ORIENTED_EDGE('',*,*,#3288,.F.) ;
#3307=ORIENTED_EDGE('',*,*,#3295,.F.) ;
#3308=ORIENTED_EDGE('',*,*,#3301,.F.) ;
#3322=ORIENTED_EDGE('',*,*,#885,.F.) ;
#3323=ORIENTED_EDGE('',*,*,#2916,.T.) ;
#3324=ORIENTED_EDGE('',*,*,#616,.F.) ;
#3325=ORIENTED_EDGE('',*,*,#2881,.F.) ;
#3326=ORIENTED_EDGE('',*,*,#1820,.T.) ;
#3327=ORIENTED_EDGE('',*,*,#3320,.T.) ;
#3355=ORIENTED_EDGE('',*,*,#3341,.T.) ;
#3356=ORIENTED_EDGE('',*,*,#861,.T.) ;
#3357=ORIENTED_EDGE('',*,*,#3320,.F.) ;
#3358=ORIENTED_EDGE('',*,*,#1845,.T.) ;
#3359=ORIENTED_EDGE('',*,*,#3348,.T.) ;
#3360=ORIENTED_EDGE('',*,*,#3353,.T.) ;
#3393=ORIENTED_EDGE('',*,*,#1839,.F.) ;
#3394=ORIENTED_EDGE('',*,*,#799,.T.) ;
#3395=ORIENTED_EDGE('',*,*,#745,.T.) ;
#3396=ORIENTED_EDGE('',*,*,#649,.T.) ;
#3397=ORIENTED_EDGE('',*,*,#2984,.F.) ;
#3398=ORIENTED_EDGE('',*,*,#3372,.T.) ;
#3399=ORIENTED_EDGE('',*,*,#3238,.T.) ;
#3400=ORIENTED_EDGE('',*,*,#3379,.F.) ;
#3401=ORIENTED_EDGE('',*,*,#3386,.T.) ;
#3402=ORIENTED_EDGE('',*,*,#3391,.F.) ;
#3403=ORIENTED_EDGE('',*,*,#3348,.F.) ;
#3406=ORIENTED_EDGE('',*,*,#927,.T.) ;
#3407=ORIENTED_EDGE('',*,*,#944,.T.) ;
#3410=ORIENTED_EDGE('',*,*,#984,.T.) ;
#3411=ORIENTED_EDGE('',*,*,#1001,.T.) ;
#3414=ORIENTED_EDGE('',*,*,#1041,.T.) ;
#3415=ORIENTED_EDGE('',*,*,#1058,.T.) ;
#3418=ORIENTED_EDGE('',*,*,#1098,.T.) ;
#3419=ORIENTED_EDGE('',*,*,#1115,.T.) ;
#3452=ORIENTED_EDGE('',*,*,#3341,.F.) ;
#3453=ORIENTED_EDGE('',*,*,#3433,.F.) ;
#3454=ORIENTED_EDGE('',*,*,#3440,.T.) ;
#3455=ORIENTED_EDGE('',*,*,#3445,.T.) ;
#3456=ORIENTED_EDGE('',*,*,#3273,.F.) ;
#3457=ORIENTED_EDGE('',*,*,#3450,.F.) ;
#3458=ORIENTED_EDGE('',*,*,#3148,.T.) ;
#3459=ORIENTED_EDGE('',*,*,#663,.F.) ;
#3460=ORIENTED_EDGE('',*,*,#757,.T.) ;
#3461=ORIENTED_EDGE('',*,*,#792,.T.) ;
#3462=ORIENTED_EDGE('',*,*,#866,.T.) ;
#3465=ORIENTED_EDGE('',*,*,#939,.F.) ;
#3466=ORIENTED_EDGE('',*,*,#915,.F.) ;
#3469=ORIENTED_EDGE('',*,*,#996,.F.) ;
#3470=ORIENTED_EDGE('',*,*,#972,.F.) ;
#3473=ORIENTED_EDGE('',*,*,#1053,.F.) ;
#3474=ORIENTED_EDGE('',*,*,#1029,.F.) ;
#3477=ORIENTED_EDGE('',*,*,#1110,.F.) ;
#3478=ORIENTED_EDGE('',*,*,#1086,.F.) ;
#3492=ORIENTED_EDGE('',*,*,#3353,.F.) ;
#3493=ORIENTED_EDGE('',*,*,#3391,.T.) ;
#3494=ORIENTED_EDGE('',*,*,#3490,.F.) ;
#3495=ORIENTED_EDGE('',*,*,#3433,.T.) ;
#3509=ORIENTED_EDGE('',*,*,#3507,.F.) ;
#3510=ORIENTED_EDGE('',*,*,#3440,.F.) ;
#3511=ORIENTED_EDGE('',*,*,#3490,.T.) ;
#3512=ORIENTED_EDGE('',*,*,#3386,.F.) ;
#3526=ORIENTED_EDGE('',*,*,#3524,.F.) ;
#3527=ORIENTED_EDGE('',*,*,#3280,.F.) ;
#3528=ORIENTED_EDGE('',*,*,#3445,.F.) ;
#3529=ORIENTED_EDGE('',*,*,#3507,.T.) ;
#3530=ORIENTED_EDGE('',*,*,#3379,.T.) ;
#3531=ORIENTED_EDGE('',*,*,#3231,.T.) ;
#3559=ORIENTED_EDGE('',*,*,#3224,.T.) ;
#3560=ORIENTED_EDGE('',*,*,#3545,.T.) ;
#3561=ORIENTED_EDGE('',*,*,#3552,.F.) ;
#3562=ORIENTED_EDGE('',*,*,#3557,.T.) ;
#3563=ORIENTED_EDGE('',*,*,#3288,.T.) ;
#3564=ORIENTED_EDGE('',*,*,#3524,.T.) ;
#3592=ORIENTED_EDGE('',*,*,#3578,.T.) ;
#3593=ORIENTED_EDGE('',*,*,#3585,.F.) ;
#3594=ORIENTED_EDGE('',*,*,#3590,.T.) ;
#3595=ORIENTED_EDGE('',*,*,#3552,.T.) ;
#3623=ORIENTED_EDGE('',*,*,#3609,.T.) ;
#3624=ORIENTED_EDGE('',*,*,#3616,.F.) ;
#3625=ORIENTED_EDGE('',*,*,#3621,.T.) ;
#3626=ORIENTED_EDGE('',*,*,#3585,.T.) ;
#3640=ORIENTED_EDGE('',*,*,#3638,.T.) ;
#3641=ORIENTED_EDGE('',*,*,#3243,.T.) ;
#3642=ORIENTED_EDGE('',*,*,#3372,.F.) ;
#3643=ORIENTED_EDGE('',*,*,#2979,.T.) ;
#3644=ORIENTED_EDGE('',*,*,#3179,.T.) ;
#3645=ORIENTED_EDGE('',*,*,#3124,.T.) ;
#3646=ORIENTED_EDGE('',*,*,#3025,.T.) ;
#3647=ORIENTED_EDGE('',*,*,#3160,.F.) ;
#3648=ORIENTED_EDGE('',*,*,#3155,.F.) ;
#3649=ORIENTED_EDGE('',*,*,#3450,.T.) ;
#3650=ORIENTED_EDGE('',*,*,#3266,.F.) ;
#3678=ORIENTED_EDGE('',*,*,#3664,.T.) ;
#3679=ORIENTED_EDGE('',*,*,#3208,.T.) ;
#3680=ORIENTED_EDGE('',*,*,#3638,.F.) ;
#3681=ORIENTED_EDGE('',*,*,#3301,.T.) ;
#3682=ORIENTED_EDGE('',*,*,#3671,.T.) ;
#3683=ORIENTED_EDGE('',*,*,#3676,.T.) ;
#3711=ORIENTED_EDGE('',*,*,#3697,.F.) ;
#3712=ORIENTED_EDGE('',*,*,#3704,.F.) ;
#3713=ORIENTED_EDGE('',*,*,#3709,.T.) ;
#3714=ORIENTED_EDGE('',*,*,#3609,.F.) ;
#3715=ORIENTED_EDGE('',*,*,#3578,.F.) ;
#3716=ORIENTED_EDGE('',*,*,#3545,.F.) ;
#3717=ORIENTED_EDGE('',*,*,#3215,.F.) ;
#3718=ORIENTED_EDGE('',*,*,#3664,.F.) ;
#3739=ORIENTED_EDGE('',*,*,#3732,.F.) ;
#3740=ORIENTED_EDGE('',*,*,#3737,.T.) ;
#3741=ORIENTED_EDGE('',*,*,#3616,.T.) ;
#3742=ORIENTED_EDGE('',*,*,#3709,.F.) ;
#3763=ORIENTED_EDGE('',*,*,#3704,.T.) ;
#3764=ORIENTED_EDGE('',*,*,#3756,.F.) ;
#3765=ORIENTED_EDGE('',*,*,#3761,.T.) ;
#3766=ORIENTED_EDGE('',*,*,#3732,.T.) ;
#3780=ORIENTED_EDGE('',*,*,#3671,.F.) ;
#3781=ORIENTED_EDGE('',*,*,#3295,.T.) ;
#3782=ORIENTED_EDGE('',*,*,#3557,.F.) ;
#3783=ORIENTED_EDGE('',*,*,#3590,.F.) ;
#3784=ORIENTED_EDGE('',*,*,#3621,.F.) ;
#3785=ORIENTED_EDGE('',*,*,#3737,.F.) ;
#3786=ORIENTED_EDGE('',*,*,#3761,.F.) ;
#3787=ORIENTED_EDGE('',*,*,#3778,.F.) ;
#3796=ORIENTED_EDGE('',*,*,#3676,.F.) ;
#3797=ORIENTED_EDGE('',*,*,#3778,.T.) ;
#3798=ORIENTED_EDGE('',*,*,#3756,.T.) ;
#3799=ORIENTED_EDGE('',*,*,#3697,.T.) ;
#1323=FACE_BOUND('',#1320,.T.) ;
#1341=FACE_BOUND('',#1338,.T.) ;
#1359=FACE_BOUND('',#1356,.T.) ;
#1686=FACE_BOUND('',#1683,.T.) ;
#1704=FACE_BOUND('',#1701,.T.) ;
#1722=FACE_BOUND('',#1719,.T.) ;
#2537=FACE_BOUND('',#2532,.T.) ;
#2688=FACE_BOUND('',#2683,.T.) ;
#3408=FACE_BOUND('',#3405,.T.) ;
#3412=FACE_BOUND('',#3409,.T.) ;
#3416=FACE_BOUND('',#3413,.T.) ;
#3420=FACE_BOUND('',#3417,.T.) ;
#3467=FACE_BOUND('',#3464,.T.) ;
#3471=FACE_BOUND('',#3468,.T.) ;
#3475=FACE_BOUND('',#3472,.T.) ;
#3479=FACE_BOUND('',#3476,.T.) ;
#30=CLOSED_SHELL('Closed Shell',(#70,#101,#132,#163,#194,#225,#256,#287,#318,#349,#380,#411,#442,#473,#504,#535,#566,#597,#628,#684,#733,#764,#815,#846,#894,#934,#951,#991,#1008,#1048,#1065,#1105,#1122,#1360,#1419,#1494,#1723,#1745,#1784,#1806,#1854,#1871,#1888,#1905,#1922,#1939,#1956,#1973,#1990,#2007,#2024,#2041,#2058,#2107,#2138,#2162,#2209,#2240,#2257,#2274,#2291,#2305,#2327,#2334,#2356,#2363,#2385,#2392,#2404,#2421,#2538,#2562,#2586,#2689,#2701,#2718,#2735,#2752,#2769,#2786,#2798,#2820,#2837,#2854,#2866,#2906,#2946,#2960,#2992,#3043,#3062,#3088,#3112,#3136,#3169,#3192,#3252,#3310,#3329,#3362,#3421,#3480,#3497,#3514,#3533,#3566,#3597,#3628,#3652,#3685,#3720,#3744,#3768,#3789,#3801)) ;
#3802=ADVANCED_BREP_SHAPE_REPRESENTATION('NONE',(#21),#16) ;
#70=ADVANCED_FACE('248214',(#69),#35,.T.) ;
#101=ADVANCED_FACE('248214',(#100),#75,.T.) ;
#132=ADVANCED_FACE('248214',(#131),#106,.T.) ;
#163=ADVANCED_FACE('248214',(#162),#137,.F.) ;
#194=ADVANCED_FACE('248214',(#193),#168,.F.) ;
#225=ADVANCED_FACE('248214',(#224),#199,.F.) ;
#256=ADVANCED_FACE('248214',(#255),#230,.F.) ;
#287=ADVANCED_FACE('248214',(#286),#261,.F.) ;
#318=ADVANCED_FACE('248214',(#317),#292,.T.) ;
#349=ADVANCED_FACE('248214',(#348),#323,.T.) ;
#380=ADVANCED_FACE('248214',(#379),#354,.T.) ;
#411=ADVANCED_FACE('248214',(#410),#385,.T.) ;
#442=ADVANCED_FACE('248214',(#441),#416,.F.) ;
#473=ADVANCED_FACE('248214',(#472),#447,.T.) ;
#504=ADVANCED_FACE('248214',(#503),#478,.F.) ;
#535=ADVANCED_FACE('248214',(#534),#509,.T.) ;
#566=ADVANCED_FACE('248214',(#565),#540,.T.) ;
#597=ADVANCED_FACE('248214',(#596),#571,.T.) ;
#628=ADVANCED_FACE('248214',(#627),#602,.F.) ;
#684=ADVANCED_FACE('248214',(#683),#633,.T.) ;
#733=ADVANCED_FACE('248214',(#732),#689,.T.) ;
#764=ADVANCED_FACE('248214',(#763),#738,.F.) ;
#815=ADVANCED_FACE('248214',(#814),#769,.F.) ;
#846=ADVANCED_FACE('248214',(#845),#820,.F.) ;
#894=ADVANCED_FACE('248214',(#893),#851,.F.) ;
#934=ADVANCED_FACE('248214',(#933),#899,.F.) ;
#951=ADVANCED_FACE('248214',(#950),#899,.F.) ;
#991=ADVANCED_FACE('248214',(#990),#956,.F.) ;
#1008=ADVANCED_FACE('248214',(#1007),#956,.F.) ;
#1048=ADVANCED_FACE('248214',(#1047),#1013,.F.) ;
#1065=ADVANCED_FACE('248214',(#1064),#1013,.F.) ;
#1105=ADVANCED_FACE('248214',(#1104),#1070,.F.) ;
#1122=ADVANCED_FACE('248214',(#1121),#1070,.F.) ;
#1360=ADVANCED_FACE('248214',(#1305,#1323,#1341,#1359),#1127,.T.) ;
#1419=ADVANCED_FACE('248214',(#1418),#1365,.F.) ;
#1494=ADVANCED_FACE('248214',(#1493),#1424,.T.) ;
#1723=ADVANCED_FACE('248214',(#1668,#1686,#1704,#1722),#1499,.F.) ;
#1745=ADVANCED_FACE('248214',(#1744),#1728,.T.) ;
#1784=ADVANCED_FACE('248214',(#1783),#1750,.F.) ;
#1806=ADVANCED_FACE('248214',(#1805),#1789,.F.) ;
#1854=ADVANCED_FACE('248214',(#1853),#1811,.T.) ;
#1871=ADVANCED_FACE('248214',(#1870),#1859,.T.) ;
#1888=ADVANCED_FACE('248214',(#1887),#1876,.F.) ;
#1905=ADVANCED_FACE('248214',(#1904),#1893,.F.) ;
#1922=ADVANCED_FACE('248214',(#1921),#1910,.T.) ;
#1939=ADVANCED_FACE('248214',(#1938),#1927,.F.) ;
#1956=ADVANCED_FACE('248214',(#1955),#1944,.T.) ;
#1973=ADVANCED_FACE('248214',(#1972),#1961,.F.) ;
#1990=ADVANCED_FACE('248214',(#1989),#1978,.T.) ;
#2007=ADVANCED_FACE('248214',(#2006),#1995,.T.) ;
#2024=ADVANCED_FACE('248214',(#2023),#2012,.T.) ;
#2041=ADVANCED_FACE('248214',(#2040),#2029,.F.) ;
#2058=ADVANCED_FACE('248214',(#2057),#2046,.F.) ;
#2107=ADVANCED_FACE('248214',(#2106),#2063,.T.) ;
#2138=ADVANCED_FACE('248214',(#2137),#2112,.T.) ;
#2162=ADVANCED_FACE('248214',(#2161),#2143,.F.) ;
#2209=ADVANCED_FACE('248214',(#2208),#2167,.F.) ;
#2240=ADVANCED_FACE('248214',(#2239),#2214,.T.) ;
#2257=ADVANCED_FACE('248214',(#2256),#2245,.F.) ;
#2274=ADVANCED_FACE('248214',(#2273),#2262,.T.) ;
#2291=ADVANCED_FACE('248214',(#2290),#2279,.T.) ;
#2305=ADVANCED_FACE('248214',(#2304),#1995,.T.) ;
#2327=ADVANCED_FACE('248214',(#2326),#2310,.F.) ;
#2334=ADVANCED_FACE('248214',(#2333),#2310,.F.) ;
#2356=ADVANCED_FACE('248214',(#2355),#2339,.F.) ;
#2363=ADVANCED_FACE('248214',(#2362),#2339,.F.) ;
#2385=ADVANCED_FACE('248214',(#2384),#2368,.F.) ;
#2392=ADVANCED_FACE('248214',(#2391),#2368,.F.) ;
#2404=ADVANCED_FACE('248214',(#2403),#2397,.F.) ;
#2421=ADVANCED_FACE('248214',(#2420),#2409,.T.) ;
#2538=ADVANCED_FACE('248214',(#2503,#2537),#2426,.T.) ;
#2562=ADVANCED_FACE('248214',(#2561),#2543,.F.) ;
#2586=ADVANCED_FACE('248214',(#2585),#2567,.T.) ;
#2689=ADVANCED_FACE('248214',(#2654,#2688),#2591,.F.) ;
#2701=ADVANCED_FACE('248214',(#2700),#2543,.F.) ;
#2718=ADVANCED_FACE('248214',(#2717),#2706,.T.) ;
#2735=ADVANCED_FACE('248214',(#2734),#2723,.F.) ;
#2752=ADVANCED_FACE('248214',(#2751),#2740,.F.) ;
#2769=ADVANCED_FACE('248214',(#2768),#2757,.F.) ;
#2786=ADVANCED_FACE('248214',(#2785),#2774,.F.) ;
#2798=ADVANCED_FACE('248214',(#2797),#2791,.T.) ;
#2820=ADVANCED_FACE('248214',(#2819),#2803,.F.) ;
#2837=ADVANCED_FACE('248214',(#2836),#2825,.F.) ;
#2854=ADVANCED_FACE('248214',(#2853),#2842,.F.) ;
#2866=ADVANCED_FACE('248214',(#2865),#2859,.F.) ;
#2906=ADVANCED_FACE('248214',(#2905),#2871,.F.) ;
#2946=ADVANCED_FACE('248214',(#2945),#2911,.T.) ;
#2960=ADVANCED_FACE('248214',(#2959),#2951,.F.) ;
#2992=ADVANCED_FACE('248214',(#2991),#2965,.F.) ;
#3043=ADVANCED_FACE('248214',(#3042),#2997,.F.) ;
#3062=ADVANCED_FACE('248214',(#3061),#3048,.T.) ;
#3088=ADVANCED_FACE('248214',(#3087),#3067,.T.) ;
#3112=ADVANCED_FACE('248214',(#3111),#3093,.T.) ;
#3136=ADVANCED_FACE('248214',(#3135),#3117,.F.) ;
#3169=ADVANCED_FACE('248214',(#3168),#3141,.T.) ;
#3192=ADVANCED_FACE('248214',(#3191),#3174,.T.) ;
#3252=ADVANCED_FACE('248214',(#3251),#3197,.F.) ;
#3310=ADVANCED_FACE('248214',(#3309),#3257,.T.) ;
#3329=ADVANCED_FACE('248214',(#3328),#3315,.T.) ;
#3362=ADVANCED_FACE('248214',(#3361),#3334,.T.) ;
#3421=ADVANCED_FACE('248214',(#3404,#3408,#3412,#3416,#3420),#3367,.T.) ;
#3480=ADVANCED_FACE('248214',(#3463,#3467,#3471,#3475,#3479),#3426,.F.) ;
#3497=ADVANCED_FACE('248214',(#3496),#3485,.F.) ;
#3514=ADVANCED_FACE('248214',(#3513),#3502,.F.) ;
#3533=ADVANCED_FACE('248214',(#3532),#3519,.F.) ;
#3566=ADVANCED_FACE('248214',(#3565),#3538,.T.) ;
#3597=ADVANCED_FACE('248214',(#3596),#3571,.T.) ;
#3628=ADVANCED_FACE('248214',(#3627),#3602,.T.) ;
#3652=ADVANCED_FACE('248214',(#3651),#3633,.F.) ;
#3685=ADVANCED_FACE('248214',(#3684),#3657,.T.) ;
#3720=ADVANCED_FACE('248214',(#3719),#3690,.T.) ;
#3744=ADVANCED_FACE('248214',(#3743),#3725,.F.) ;
#3768=ADVANCED_FACE('248214',(#3767),#3749,.T.) ;
#3789=ADVANCED_FACE('248214',(#3788),#3773,.F.) ;
#3801=ADVANCED_FACE('248214',(#3800),#3794,.F.) ;
#4=APPLICATION_PROTOCOL_DEFINITION('international standard','automotive_design',2001,#1) ;
#699=B_SPLINE_CURVE_WITH_KNOTS('',3,(#700,#701,#702,#703),.UNSPECIFIED.,.F.,.U.,(4,4),(0.,2.29501484217),.UNSPECIFIED.) ;
#705=B_SPLINE_CURVE_WITH_KNOTS('',3,(#706,#707,#708,#709),.UNSPECIFIED.,.F.,.U.,(4,4),(0.,2.27765297642),.UNSPECIFIED.) ;
#779=B_SPLINE_CURVE_WITH_KNOTS('',4,(#780,#781,#782,#783,#784),.UNSPECIFIED.,.F.,.U.,(5,5),(0.,3.32402471025),.UNSPECIFIED.) ;
#800=B_SPLINE_CURVE_WITH_KNOTS('',4,(#801,#802,#803,#804,#805),.UNSPECIFIED.,.F.,.U.,(5,5),(0.,3.27534600958),.UNSPECIFIED.) ;
#852=B_SPLINE_CURVE_WITH_KNOTS('',3,(#853,#854,#855,#856),.UNSPECIFIED.,.F.,.U.,(4,4),(0.,3.40805278416),.UNSPECIFIED.) ;
#1366=B_SPLINE_CURVE_WITH_KNOTS('',3,(#1367,#1368,#1369,#1370),.UNSPECIFIED.,.F.,.U.,(4,4),(0.,0.522114530009),.UNSPECIFIED.) ;
#1381=B_SPLINE_CURVE_WITH_KNOTS('',3,(#1382,#1383,#1384,#1385),.UNSPECIFIED.,.F.,.U.,(4,4),(0.,0.0954197368571),.UNSPECIFIED.) ;
#1389=B_SPLINE_CURVE_WITH_KNOTS('',4,(#1390,#1391,#1392,#1393,#1394),.UNSPECIFIED.,.F.,.U.,(5,5),(0.,2.50676586062),.UNSPECIFIED.) ;
#1448=B_SPLINE_CURVE_WITH_KNOTS('',3,(#1449,#1450,#1451,#1452),.UNSPECIFIED.,.F.,.U.,(4,4),(0.,2.48176781216),.UNSPECIFIED.) ;
#1456=B_SPLINE_CURVE_WITH_KNOTS('',3,(#1457,#1458,#1459,#1460),.UNSPECIFIED.,.F.,.U.,(4,4),(-0.0337350872387,0.0337350872387),.UNSPECIFIED.) ;
#1478=B_SPLINE_CURVE_WITH_KNOTS('',3,(#1479,#1480,#1481,#1482),.UNSPECIFIED.,.F.,.U.,(4,4),(0.,0.521930495552),.UNSPECIFIED.) ;
#1840=B_SPLINE_CURVE_WITH_KNOTS('',3,(#1841,#1842,#1843,#1844),.UNSPECIFIED.,.F.,.U.,(4,4),(0.,3.34892657354),.UNSPECIFIED.) ;
#3198=B_SPLINE_CURVE_WITH_KNOTS('',4,(#3199,#3200,#3201,#3202,#3203),.UNSPECIFIED.,.F.,.U.,(5,5),(0.,4.17723281121),.UNSPECIFIED.) ;
#3216=B_SPLINE_CURVE_WITH_KNOTS('',4,(#3217,#3218,#3219,#3220,#3221),.UNSPECIFIED.,.F.,.U.,(5,5),(0.,4.17723288259),.UNSPECIFIED.) ;
#3281=B_SPLINE_CURVE_WITH_KNOTS('',3,(#3282,#3283,#3284,#3285),.UNSPECIFIED.,.F.,.U.,(4,4),(0.,4.06838758664),.UNSPECIFIED.) ;
#3296=B_SPLINE_CURVE_WITH_KNOTS('',3,(#3297,#3298,#3299,#3300),.UNSPECIFIED.,.F.,.U.,(4,4),(0.,4.06838758668),.UNSPECIFIED.) ;
#21=MANIFOLD_SOLID_BREP('248214',#30) ;
#79=CIRCLE('generated circle',#78,15.) ;
#86=CIRCLE('generated circle',#85,15.) ;
#110=CIRCLE('generated circle',#109,2.) ;
#124=CIRCLE('generated circle',#123,2.) ;
#172=CIRCLE('generated circle',#171,2.) ;
#186=CIRCLE('generated circle',#185,2.) ;
#234=CIRCLE('generated circle',#233,2.) ;
#248=CIRCLE('generated circle',#247,2.) ;
#296=CIRCLE('generated circle',#295,2.) ;
#310=CIRCLE('generated circle',#309,2.) ;
#358=CIRCLE('generated circle',#357,2.) ;
#372=CIRCLE('generated circle',#371,2.) ;
#420=CIRCLE('generated circle',#419,2.) ;
#434=CIRCLE('generated circle',#433,2.) ;
#482=CIRCLE('generated circle',#481,2.) ;
#496=CIRCLE('generated circle',#495,2.) ;
#544=CIRCLE('generated circle',#543,2.) ;
#558=CIRCLE('generated circle',#557,2.) ;
#606=CIRCLE('generated circle',#605,5.) ;
#620=CIRCLE('generated circle',#619,5.) ;
#637=CIRCLE('generated circle',#636,6.) ;
#667=CIRCLE('generated circle',#666,10.) ;
#693=CIRCLE('generated circle',#692,5.) ;
#716=CIRCLE('generated circle',#715,5.) ;
#742=CIRCLE('generated circle',#741,5.) ;
#756=CIRCLE('generated circle',#755,5.) ;
#791=CIRCLE('generated circle',#790,5.) ;
#796=CIRCLE('generated circle',#795,5.) ;
#870=CIRCLE('generated circle',#869,6.) ;
#884=CIRCLE('generated circle',#883,6.) ;
#912=CIRCLE('generated circle',#911,3.5) ;
#926=CIRCLE('generated circle',#925,3.5) ;
#938=CIRCLE('generated circle',#937,3.5) ;
#943=CIRCLE('generated circle',#942,3.5) ;
#969=CIRCLE('generated circle',#968,3.5) ;
#983=CIRCLE('generated circle',#982,3.5) ;
#995=CIRCLE('generated circle',#994,3.5) ;
#1000=CIRCLE('generated circle',#999,3.5) ;
#1026=CIRCLE('generated circle',#1025,3.5) ;
#1040=CIRCLE('generated circle',#1039,3.5) ;
#1052=CIRCLE('generated circle',#1051,3.5) ;
#1057=CIRCLE('generated circle',#1056,3.5) ;
#1083=CIRCLE('generated circle',#1082,3.5) ;
#1097=CIRCLE('generated circle',#1096,3.5) ;
#1109=CIRCLE('generated circle',#1108,3.5) ;
#1114=CIRCLE('generated circle',#1113,3.5) ;
#1140=CIRCLE('generated circle',#1139,19.) ;
#1154=CIRCLE('generated circle',#1153,15.) ;
#1168=CIRCLE('generated circle',#1167,5.) ;
#1196=CIRCLE('generated circle',#1195,5.) ;
#1210=CIRCLE('generated circle',#1209,15.) ;
#1238=CIRCLE('generated circle',#1237,17.) ;
#1252=CIRCLE('generated circle',#1251,19.) ;
#1266=CIRCLE('generated circle',#1265,15.) ;
#1273=CIRCLE('generated circle',#1272,115.5) ;
#1280=CIRCLE('generated circle',#1279,15.) ;
#1309=CIRCLE('generated circle',#1308,7.) ;
#1318=CIRCLE('generated circle',#1317,7.) ;
#1327=CIRCLE('generated circle',#1326,7.) ;
#1336=CIRCLE('generated circle',#1335,7.) ;
#1345=CIRCLE('generated circle',#1344,7.) ;
#1354=CIRCLE('generated circle',#1353,7.) ;
#1379=CIRCLE('generated circle',#1378,6.) ;
#1401=CIRCLE('generated circle',#1400,6.) ;
#1437=CIRCLE('generated circle',#1436,10.) ;
#1444=CIRCLE('generated circle',#1443,10.) ;
#1474=CIRCLE('generated circle',#1473,10.) ;
#1503=CIRCLE('generated circle',#1502,15.) ;
#1512=CIRCLE('generated circle',#1511,115.5) ;
#1519=CIRCLE('generated circle',#1518,15.) ;
#1533=CIRCLE('generated circle',#1532,19.) ;
#1547=CIRCLE('generated circle',#1546,17.) ;
#1566=CIRCLE('generated circle',#1565,15.) ;
#1580=CIRCLE('generated circle',#1579,5.) ;
#1608=CIRCLE('generated circle',#1607,5.) ;
#1622=CIRCLE('generated circle',#1621,15.) ;
#1636=CIRCLE('generated circle',#1635,19.) ;
#1672=CIRCLE('generated circle',#1671,7.) ;
#1681=CIRCLE('generated circle',#1680,7.) ;
#1690=CIRCLE('generated circle',#1689,7.) ;
#1699=CIRCLE('generated circle',#1698,7.) ;
#1708=CIRCLE('generated circle',#1707,7.) ;
#1717=CIRCLE('generated circle',#1716,7.) ;
#1793=CIRCLE('generated circle',#1792,5.) ;
#1798=CIRCLE('generated circle',#1797,5.) ;
#1815=CIRCLE('generated circle',#1814,10.) ;
#1831=CIRCLE('generated circle',#1830,10.) ;
#2076=CIRCLE('generated circle',#2075,6.) ;
#2081=CIRCLE('generated circle',#2080,10.) ;
#2116=CIRCLE('generated circle',#2115,5.) ;
#2123=CIRCLE('generated circle',#2122,5.) ;
#2154=CIRCLE('generated circle',#2153,6.) ;
#2187=CIRCLE('generated circle',#2186,10.) ;
#2218=CIRCLE('generated circle',#2217,5.) ;
#2232=CIRCLE('generated circle',#2231,5.) ;
#2439=CIRCLE('generated circle',#2438,2.) ;
#2453=CIRCLE('generated circle',#2452,2.) ;
#2467=CIRCLE('generated circle',#2466,2.) ;
#2486=CIRCLE('generated circle',#2485,2.) ;
#2516=CIRCLE('generated circle',#2515,3.) ;
#2530=CIRCLE('generated circle',#2529,3.) ;
#2578=CIRCLE('generated circle',#2577,2.) ;
#2595=CIRCLE('generated circle',#2594,2.) ;
#2616=CIRCLE('generated circle',#2615,2.) ;
#2630=CIRCLE('generated circle',#2629,2.) ;
#2658=CIRCLE('generated circle',#2657,3.) ;
#2674=CIRCLE('generated circle',#2673,3.) ;
#2976=CIRCLE('generated circle',#2975,6.) ;
#3010=CIRCLE('generated circle',#3009,5.) ;
#3029=CIRCLE('generated circle',#3028,5.) ;
#3071=CIRCLE('generated circle',#3070,5.) ;
#3128=CIRCLE('generated circle',#3127,5.) ;
#3152=CIRCLE('generated circle',#3151,10.) ;
#3159=CIRCLE('generated circle',#3158,10.) ;
#3228=CIRCLE('generated circle',#3227,6.) ;
#3242=CIRCLE('generated circle',#3241,6.) ;
#3261=CIRCLE('generated circle',#3260,10.) ;
#3277=CIRCLE('generated circle',#3276,10.) ;
#3338=CIRCLE('generated circle',#3337,15.) ;
#3345=CIRCLE('generated circle',#3344,15.) ;
#3383=CIRCLE('generated circle',#3382,5.) ;
#3437=CIRCLE('generated circle',#3436,5.) ;
#3542=CIRCLE('generated circle',#3541,15.) ;
#3556=CIRCLE('generated circle',#3555,15.) ;
#3606=CIRCLE('generated circle',#3605,15.) ;
#3620=CIRCLE('generated circle',#3619,15.) ;
#3661=CIRCLE('generated circle',#3660,15.) ;
#3668=CIRCLE('generated circle',#3667,15.) ;
#3701=CIRCLE('generated circle',#3700,15.) ;
#3760=CIRCLE('generated circle',#3759,15.) ;
#22=COLOUR_RGB('Colour',0.580392156863,0.788235294118,0.749019607843) ;
#75=CYLINDRICAL_SURFACE('generated cylinder',#74,15.) ;
#106=CYLINDRICAL_SURFACE('generated cylinder',#105,2.) ;
#168=CYLINDRICAL_SURFACE('generated cylinder',#167,2.) ;
#230=CYLINDRICAL_SURFACE('generated cylinder',#229,2.) ;
#292=CYLINDRICAL_SURFACE('generated cylinder',#291,2.) ;
#354=CYLINDRICAL_SURFACE('generated cylinder',#353,2.) ;
#416=CYLINDRICAL_SURFACE('generated cylinder',#415,2.) ;
#478=CYLINDRICAL_SURFACE('generated cylinder',#477,2.) ;
#540=CYLINDRICAL_SURFACE('generated cylinder',#539,2.) ;
#602=CYLINDRICAL_SURFACE('generated cylinder',#601,5.) ;
#689=CYLINDRICAL_SURFACE('generated cylinder',#688,5.) ;
#738=CYLINDRICAL_SURFACE('generated cylinder',#737,5.) ;
#769=CYLINDRICAL_SURFACE('generated cylinder',#768,5.) ;
#851=CYLINDRICAL_SURFACE('generated cylinder',#850,6.) ;
#899=CYLINDRICAL_SURFACE('generated cylinder',#898,3.5) ;
#956=CYLINDRICAL_SURFACE('generated cylinder',#955,3.5) ;
#1013=CYLINDRICAL_SURFACE('generated cylinder',#1012,3.5) ;
#1070=CYLINDRICAL_SURFACE('generated cylinder',#1069,3.5) ;
#1365=CYLINDRICAL_SURFACE('generated cylinder',#1364,6.) ;
#1424=CYLINDRICAL_SURFACE('generated cylinder',#1423,10.) ;
#1728=CYLINDRICAL_SURFACE('generated cylinder',#1727,17.) ;
#1789=CYLINDRICAL_SURFACE('generated cylinder',#1788,5.) ;
#1811=CYLINDRICAL_SURFACE('generated cylinder',#1810,10.) ;
#1876=CYLINDRICAL_SURFACE('generated cylinder',#1875,19.) ;
#1910=CYLINDRICAL_SURFACE('generated cylinder',#1909,15.) ;
#1927=CYLINDRICAL_SURFACE('generated cylinder',#1926,115.5) ;
#1944=CYLINDRICAL_SURFACE('generated cylinder',#1943,15.) ;
#1978=CYLINDRICAL_SURFACE('generated cylinder',#1977,19.) ;
#2012=CYLINDRICAL_SURFACE('generated cylinder',#2011,15.) ;
#2046=CYLINDRICAL_SURFACE('generated cylinder',#2045,5.) ;
#2112=CYLINDRICAL_SURFACE('generated cylinder',#2111,5.) ;
#2143=CYLINDRICAL_SURFACE('generated cylinder',#2142,6.) ;
#2214=CYLINDRICAL_SURFACE('generated cylinder',#2213,5.) ;
#2245=CYLINDRICAL_SURFACE('generated cylinder',#2244,5.) ;
#2279=CYLINDRICAL_SURFACE('generated cylinder',#2278,15.) ;
#2310=CYLINDRICAL_SURFACE('generated cylinder',#2309,7.) ;
#2339=CYLINDRICAL_SURFACE('generated cylinder',#2338,7.) ;
#2368=CYLINDRICAL_SURFACE('generated cylinder',#2367,7.) ;
#2397=CYLINDRICAL_SURFACE('generated cylinder',#2396,5.) ;
#2409=CYLINDRICAL_SURFACE('generated cylinder',#2408,10.) ;
#2567=CYLINDRICAL_SURFACE('generated cylinder',#2566,2.) ;
#2706=CYLINDRICAL_SURFACE('generated cylinder',#2705,2.) ;
#2740=CYLINDRICAL_SURFACE('generated cylinder',#2739,2.) ;
#2774=CYLINDRICAL_SURFACE('generated cylinder',#2773,2.) ;
#2825=CYLINDRICAL_SURFACE('generated cylinder',#2824,3.) ;
#2859=CYLINDRICAL_SURFACE('generated cylinder',#2858,3.) ;
#2965=CYLINDRICAL_SURFACE('generated cylinder',#2964,6.) ;
#3067=CYLINDRICAL_SURFACE('generated cylinder',#3066,5.) ;
#3117=CYLINDRICAL_SURFACE('generated cylinder',#3116,5.) ;
#3141=CYLINDRICAL_SURFACE('generated cylinder',#3140,10.) ;
#3197=CYLINDRICAL_SURFACE('generated cylinder',#3196,6.) ;
#3257=CYLINDRICAL_SURFACE('generated cylinder',#3256,10.) ;
#3334=CYLINDRICAL_SURFACE('generated cylinder',#3333,15.) ;
#3502=CYLINDRICAL_SURFACE('generated cylinder',#3501,5.) ;
#3538=CYLINDRICAL_SURFACE('generated cylinder',#3537,15.) ;
#3602=CYLINDRICAL_SURFACE('generated cylinder',#3601,15.) ;
#3657=CYLINDRICAL_SURFACE('generated cylinder',#3656,15.) ;
#3749=CYLINDRICAL_SURFACE('generated cylinder',#3748,15.) ;
#44=EDGE_CURVE('',#41,#43,#39,.F.) ;
#51=EDGE_CURVE('',#50,#43,#48,.T.) ;
#58=EDGE_CURVE('',#57,#50,#55,.F.) ;
#63=EDGE_CURVE('',#57,#41,#62,.T.) ;
#82=EDGE_CURVE('',#81,#41,#79,.F.) ;
#89=EDGE_CURVE('',#57,#88,#86,.T.) ;
#94=EDGE_CURVE('',#88,#81,#93,.T.) ;
#113=EDGE_CURVE('',#43,#112,#110,.T.) ;
#120=EDGE_CURVE('',#119,#112,#117,.F.) ;
#125=EDGE_CURVE('',#50,#119,#124,.T.) ;
#144=EDGE_CURVE('',#112,#143,#141,.T.) ;
#151=EDGE_CURVE('',#150,#143,#148,.T.) ;
#156=EDGE_CURVE('',#119,#150,#155,.T.) ;
#175=EDGE_CURVE('',#143,#174,#172,.F.) ;
#182=EDGE_CURVE('',#181,#174,#179,.F.) ;
#187=EDGE_CURVE('',#150,#181,#186,.F.) ;
#206=EDGE_CURVE('',#174,#205,#203,.T.) ;
#213=EDGE_CURVE('',#212,#205,#210,.T.) ;
#218=EDGE_CURVE('',#181,#212,#217,.T.) ;
#237=EDGE_CURVE('',#205,#236,#234,.F.) ;
#244=EDGE_CURVE('',#243,#236,#241,.F.) ;
#249=EDGE_CURVE('',#212,#243,#248,.F.) ;
#268=EDGE_CURVE('',#236,#267,#265,.T.) ;
#275=EDGE_CURVE('',#274,#267,#272,.T.) ;
#280=EDGE_CURVE('',#243,#274,#279,.T.) ;
#299=EDGE_CURVE('',#267,#298,#296,.T.) ;
#306=EDGE_CURVE('',#305,#298,#303,.F.) ;
#311=EDGE_CURVE('',#274,#305,#310,.T.) ;
#330=EDGE_CURVE('',#298,#329,#327,.F.) ;
#337=EDGE_CURVE('',#336,#329,#334,.T.) ;
#342=EDGE_CURVE('',#305,#336,#341,.F.) ;
#361=EDGE_CURVE('',#329,#360,#358,.T.) ;
#368=EDGE_CURVE('',#367,#360,#365,.F.) ;
#373=EDGE_CURVE('',#336,#367,#372,.T.) ;
#392=EDGE_CURVE('',#360,#391,#389,.F.) ;
#399=EDGE_CURVE('',#398,#391,#396,.T.) ;
#404=EDGE_CURVE('',#367,#398,#403,.F.) ;
#423=EDGE_CURVE('',#391,#422,#420,.F.) ;
#430=EDGE_CURVE('',#429,#422,#427,.F.) ;
#435=EDGE_CURVE('',#398,#429,#434,.F.) ;
#454=EDGE_CURVE('',#422,#453,#451,.F.) ;
#461=EDGE_CURVE('',#460,#453,#458,.T.) ;
#466=EDGE_CURVE('',#429,#460,#465,.F.) ;
#485=EDGE_CURVE('',#453,#484,#482,.F.) ;
#492=EDGE_CURVE('',#491,#484,#489,.F.) ;
#497=EDGE_CURVE('',#460,#491,#496,.F.) ;
#516=EDGE_CURVE('',#484,#515,#513,.F.) ;
#523=EDGE_CURVE('',#522,#515,#520,.T.) ;
#528=EDGE_CURVE('',#491,#522,#527,.F.) ;
#547=EDGE_CURVE('',#515,#546,#544,.T.) ;
#554=EDGE_CURVE('',#553,#546,#551,.F.) ;
#559=EDGE_CURVE('',#522,#553,#558,.T.) ;
#578=EDGE_CURVE('',#553,#577,#575,.F.) ;
#585=EDGE_CURVE('',#546,#584,#582,.F.) ;
#590=EDGE_CURVE('',#584,#577,#589,.F.) ;
#609=EDGE_CURVE('',#608,#584,#606,.F.) ;
#616=EDGE_CURVE('',#608,#615,#613,.F.) ;
#621=EDGE_CURVE('',#577,#615,#620,.T.) ;
#642=EDGE_CURVE('',#639,#641,#637,.T.) ;
#649=EDGE_CURVE('',#648,#639,#646,.T.) ;
#656=EDGE_CURVE('',#648,#655,#653,.F.) ;
#663=EDGE_CURVE('',#655,#662,#660,.T.) ;
#670=EDGE_CURVE('',#662,#669,#667,.T.) ;
#675=EDGE_CURVE('',#669,#641,#674,.T.) ;
#698=EDGE_CURVE('',#695,#697,#693,.F.) ;
#704=EDGE_CURVE('',#697,#641,#699,.T.) ;
#712=EDGE_CURVE('',#669,#711,#705,.T.) ;
#719=EDGE_CURVE('',#711,#718,#716,.T.) ;
#724=EDGE_CURVE('',#718,#695,#723,.T.) ;
#745=EDGE_CURVE('',#744,#648,#742,.F.) ;
#752=EDGE_CURVE('',#751,#744,#749,.T.) ;
#757=EDGE_CURVE('',#655,#751,#756,.T.) ;
#778=EDGE_CURVE('',#775,#777,#773,.F.) ;
#787=EDGE_CURVE('',#786,#775,#779,.T.) ;
#792=EDGE_CURVE('',#751,#786,#791,.F.) ;
#799=EDGE_CURVE('',#798,#744,#796,.T.) ;
#806=EDGE_CURVE('',#777,#798,#800,.T.) ;
#827=EDGE_CURVE('',#718,#826,#824,.F.) ;
#834=EDGE_CURVE('',#826,#833,#831,.T.) ;
#839=EDGE_CURVE('',#695,#833,#838,.T.) ;
#861=EDGE_CURVE('',#858,#860,#852,.T.) ;
#866=EDGE_CURVE('',#786,#858,#865,.T.) ;
#873=EDGE_CURVE('',#872,#775,#870,.T.) ;
#880=EDGE_CURVE('',#872,#879,#877,.T.) ;
#885=EDGE_CURVE('',#879,#860,#884,.T.) ;
#908=EDGE_CURVE('',#905,#907,#903,.F.) ;
#915=EDGE_CURVE('',#905,#914,#912,.T.) ;
#922=EDGE_CURVE('',#914,#921,#919,.F.) ;
#927=EDGE_CURVE('',#907,#921,#926,.T.) ;
#939=EDGE_CURVE('',#914,#905,#938,.T.) ;
#944=EDGE_CURVE('',#921,#907,#943,.T.) ;
#965=EDGE_CURVE('',#962,#964,#960,.F.) ;
#972=EDGE_CURVE('',#962,#971,#969,.T.) ;
#979=EDGE_CURVE('',#971,#978,#976,.F.) ;
#984=EDGE_CURVE('',#964,#978,#983,.T.) ;
#996=EDGE_CURVE('',#971,#962,#995,.T.) ;
#1001=EDGE_CURVE('',#978,#964,#1000,.T.) ;
#1022=EDGE_CURVE('',#1019,#1021,#1017,.F.) ;
#1029=EDGE_CURVE('',#1019,#1028,#1026,.T.) ;
#1036=EDGE_CURVE('',#1028,#1035,#1033,.F.) ;
#1041=EDGE_CURVE('',#1021,#1035,#1040,.T.) ;
#1053=EDGE_CURVE('',#1028,#1019,#1052,.T.) ;
#1058=EDGE_CURVE('',#1035,#1021,#1057,.T.) ;
#1079=EDGE_CURVE('',#1076,#1078,#1074,.F.) ;
#1086=EDGE_CURVE('',#1076,#1085,#1083,.T.) ;
#1093=EDGE_CURVE('',#1085,#1092,#1090,.F.) ;
#1098=EDGE_CURVE('',#1078,#1092,#1097,.T.) ;
#1110=EDGE_CURVE('',#1085,#1076,#1109,.T.) ;
#1115=EDGE_CURVE('',#1092,#1078,#1114,.T.) ;
#1136=EDGE_CURVE('',#1133,#1135,#1131,.F.) ;
#1143=EDGE_CURVE('',#1135,#1142,#1140,.T.) ;
#1150=EDGE_CURVE('',#1142,#1149,#1147,.T.) ;
#1157=EDGE_CURVE('',#1156,#1149,#1154,.F.) ;
#1164=EDGE_CURVE('',#1156,#1163,#1161,.F.) ;
#1171=EDGE_CURVE('',#1163,#1170,#1168,.F.) ;
#1178=EDGE_CURVE('',#1177,#1170,#1175,.T.) ;
#1185=EDGE_CURVE('',#1177,#1184,#1182,.T.) ;
#1192=EDGE_CURVE('',#1184,#1191,#1189,.T.) ;
#1199=EDGE_CURVE('',#1191,#1198,#1196,.F.) ;
#1206=EDGE_CURVE('',#1198,#1205,#1203,.T.) ;
#1213=EDGE_CURVE('',#1212,#1205,#1210,.F.) ;
#1220=EDGE_CURVE('',#1212,#1219,#1217,.F.) ;
#1227=EDGE_CURVE('',#1226,#1219,#1224,.T.) ;
#1234=EDGE_CURVE('',#1226,#1233,#1231,.T.) ;
#1241=EDGE_CURVE('',#1233,#1240,#1238,.T.) ;
#1248=EDGE_CURVE('',#1240,#1247,#1245,.T.) ;
#1255=EDGE_CURVE('',#1247,#1254,#1252,.F.) ;
#1262=EDGE_CURVE('',#1254,#1261,#1259,.F.) ;
#1269=EDGE_CURVE('',#1268,#1261,#1266,.F.) ;
#1276=EDGE_CURVE('',#1268,#1275,#1273,.F.) ;
#1281=EDGE_CURVE('',#1133,#1275,#1280,.F.) ;
#1314=EDGE_CURVE('',#1311,#1313,#1309,.T.) ;
#1319=EDGE_CURVE('',#1313,#1311,#1318,.T.) ;
#1332=EDGE_CURVE('',#1329,#1331,#1327,.T.) ;
#1337=EDGE_CURVE('',#1331,#1329,#1336,.T.) ;
#1350=EDGE_CURVE('',#1347,#1349,#1345,.T.) ;
#1355=EDGE_CURVE('',#1349,#1347,#1354,.T.) ;
#1375=EDGE_CURVE('',#1372,#1374,#1366,.F.) ;
#1380=EDGE_CURVE('',#1372,#1226,#1379,.T.) ;
#1388=EDGE_CURVE('',#1387,#1219,#1381,.T.) ;
#1397=EDGE_CURVE('',#1387,#1396,#1389,.T.) ;
#1404=EDGE_CURVE('',#1403,#1396,#1401,.T.) ;
#1409=EDGE_CURVE('',#1374,#1403,#1408,.F.) ;
#1433=EDGE_CURVE('',#1430,#1432,#1428,.F.) ;
#1440=EDGE_CURVE('',#1432,#1439,#1437,.T.) ;
#1447=EDGE_CURVE('',#1439,#1446,#1444,.T.) ;
#1455=EDGE_CURVE('',#1454,#1446,#1448,.T.) ;
#1463=EDGE_CURVE('',#1462,#1454,#1456,.T.) ;
#1470=EDGE_CURVE('',#1469,#1462,#1467,.F.) ;
#1477=EDGE_CURVE('',#1476,#1469,#1474,.T.) ;
#1483=EDGE_CURVE('',#1430,#1476,#1478,.F.) ;
#1508=EDGE_CURVE('',#1505,#1507,#1503,.T.) ;
#1515=EDGE_CURVE('',#1514,#1505,#1512,.F.) ;
#1522=EDGE_CURVE('',#1521,#1514,#1519,.T.) ;
#1529=EDGE_CURVE('',#1528,#1521,#1526,.F.) ;
#1536=EDGE_CURVE('',#1535,#1528,#1533,.F.) ;
#1543=EDGE_CURVE('',#1542,#1535,#1540,.T.) ;
#1550=EDGE_CURVE('',#1549,#1542,#1547,.T.) ;
#1555=EDGE_CURVE('',#1469,#1549,#1554,.T.) ;
#1562=EDGE_CURVE('',#1561,#1462,#1559,.F.) ;
#1569=EDGE_CURVE('',#1568,#1561,#1566,.T.) ;
#1576=EDGE_CURVE('',#1575,#1568,#1573,.T.) ;
#1583=EDGE_CURVE('',#1582,#1575,#1580,.F.) ;
#1590=EDGE_CURVE('',#1589,#1582,#1587,.T.) ;
#1597=EDGE_CURVE('',#1596,#1589,#1594,.T.) ;
#1604=EDGE_CURVE('',#1596,#1603,#1601,.T.) ;
#1611=EDGE_CURVE('',#1610,#1603,#1608,.F.) ;
#1618=EDGE_CURVE('',#1617,#1610,#1615,.F.) ;
#1625=EDGE_CURVE('',#1624,#1617,#1622,.T.) ;
#1632=EDGE_CURVE('',#1631,#1624,#1629,.T.) ;
#1639=EDGE_CURVE('',#1638,#1631,#1636,.T.) ;
#1644=EDGE_CURVE('',#1507,#1638,#1643,.F.) ;
#1677=EDGE_CURVE('',#1674,#1676,#1672,.T.) ;
#1682=EDGE_CURVE('',#1676,#1674,#1681,.T.) ;
#1695=EDGE_CURVE('',#1692,#1694,#1690,.T.) ;
#1700=EDGE_CURVE('',#1694,#1692,#1699,.T.) ;
#1713=EDGE_CURVE('',#1710,#1712,#1708,.T.) ;
#1718=EDGE_CURVE('',#1712,#1710,#1717,.T.) ;
#1733=EDGE_CURVE('',#1549,#1233,#1732,.T.) ;
#1738=EDGE_CURVE('',#1542,#1240,#1737,.T.) ;
#1757=EDGE_CURVE('',#1432,#1756,#1754,.T.) ;
#1764=EDGE_CURVE('',#1763,#1756,#1761,.T.) ;
#1769=EDGE_CURVE('',#1763,#1403,#1768,.F.) ;
#1774=EDGE_CURVE('',#1446,#1396,#1773,.T.) ;
#1794=EDGE_CURVE('',#1756,#833,#1793,.F.) ;
#1799=EDGE_CURVE('',#826,#1763,#1798,.T.) ;
#1820=EDGE_CURVE('',#1817,#1819,#1815,.T.) ;
#1827=EDGE_CURVE('',#1826,#1817,#1824,.T.) ;
#1832=EDGE_CURVE('',#1826,#777,#1831,.T.) ;
#1839=EDGE_CURVE('',#798,#1838,#1836,.T.) ;
#1845=EDGE_CURVE('',#1819,#1838,#1840,.T.) ;
#1864=EDGE_CURVE('',#1535,#1247,#1863,.T.) ;
#1881=EDGE_CURVE('',#1528,#1254,#1880,.T.) ;
#1898=EDGE_CURVE('',#1521,#1261,#1897,.F.) ;
#1915=EDGE_CURVE('',#1514,#1268,#1914,.F.) ;
#1932=EDGE_CURVE('',#1505,#1275,#1931,.T.) ;
#1949=EDGE_CURVE('',#1507,#1133,#1948,.F.) ;
#1966=EDGE_CURVE('',#1638,#1135,#1965,.T.) ;
#1983=EDGE_CURVE('',#1631,#1142,#1982,.T.) ;
#2000=EDGE_CURVE('',#1624,#1149,#1999,.T.) ;
#2017=EDGE_CURVE('',#1617,#1156,#2016,.T.) ;
#2034=EDGE_CURVE('',#1610,#1163,#2033,.T.) ;
#2051=EDGE_CURVE('',#1603,#1170,#2050,.T.) ;
#2072=EDGE_CURVE('',#2069,#2071,#2067,.T.) ;
#2077=EDGE_CURVE('',#1177,#2071,#2076,.T.) ;
#2084=EDGE_CURVE('',#1596,#2083,#2081,.T.) ;
#2091=EDGE_CURVE('',#2090,#2083,#2088,.T.) ;
#2096=EDGE_CURVE('',#2090,#2069,#2095,.T.) ;
#2119=EDGE_CURVE('',#2118,#2069,#2116,.F.) ;
#2126=EDGE_CURVE('',#2090,#2125,#2123,.T.) ;
#2131=EDGE_CURVE('',#2125,#2118,#2130,.T.) ;
#2150=EDGE_CURVE('',#2071,#2149,#2147,.F.) ;
#2155=EDGE_CURVE('',#1184,#2149,#2154,.T.) ;
#2176=EDGE_CURVE('',#2173,#2175,#2171,.T.) ;
#2183=EDGE_CURVE('',#2173,#2182,#2180,.T.) ;
#2188=EDGE_CURVE('',#1589,#2182,#2187,.T.) ;
#2193=EDGE_CURVE('',#1582,#1191,#2192,.T.) ;
#2198=EDGE_CURVE('',#2175,#2149,#2197,.T.) ;
#2221=EDGE_CURVE('',#2175,#2220,#2218,.F.) ;
#2228=EDGE_CURVE('',#2227,#2220,#2225,.T.) ;
#2233=EDGE_CURVE('',#2227,#2173,#2232,.T.) ;
#2250=EDGE_CURVE('',#1575,#1198,#2249,.T.) ;
#2267=EDGE_CURVE('',#1568,#1205,#2266,.T.) ;
#2284=EDGE_CURVE('',#1561,#1212,#2283,.T.) ;
#2296=EDGE_CURVE('',#1454,#1387,#2295,.T.) ;
#2315=EDGE_CURVE('',#1674,#1313,#2314,.T.) ;
#2320=EDGE_CURVE('',#1676,#1311,#2319,.T.) ;
#2344=EDGE_CURVE('',#1692,#1331,#2343,.T.) ;
#2349=EDGE_CURVE('',#1694,#1329,#2348,.T.) ;
#2373=EDGE_CURVE('',#1710,#1349,#2372,.T.) ;
#2378=EDGE_CURVE('',#1712,#1347,#2377,.T.) ;
#2414=EDGE_CURVE('',#2083,#2182,#2413,.F.) ;
#2435=EDGE_CURVE('',#2432,#2434,#2430,.T.) ;
#2442=EDGE_CURVE('',#2441,#2434,#2439,.T.) ;
#2449=EDGE_CURVE('',#2448,#2441,#2446,.T.) ;
#2456=EDGE_CURVE('',#2455,#2448,#2453,.T.) ;
#2463=EDGE_CURVE('',#2462,#2455,#2460,.T.) ;
#2470=EDGE_CURVE('',#2469,#2462,#2467,.F.) ;
#2475=EDGE_CURVE('',#2125,#2469,#2474,.T.) ;
#2482=EDGE_CURVE('',#2481,#2227,#2479,.T.) ;
#2487=EDGE_CURVE('',#2432,#2481,#2486,.F.) ;
#2512=EDGE_CURVE('',#2509,#2511,#2507,.T.) ;
#2519=EDGE_CURVE('',#2518,#2509,#2516,.T.) ;
#2526=EDGE_CURVE('',#2525,#2518,#2523,.T.) ;
#2531=EDGE_CURVE('',#2511,#2525,#2530,.T.) ;
#2550=EDGE_CURVE('',#2549,#2469,#2547,.T.) ;
#2555=EDGE_CURVE('',#2118,#2549,#2554,.T.) ;
#2574=EDGE_CURVE('',#2573,#2462,#2571,.T.) ;
#2579=EDGE_CURVE('',#2573,#2549,#2578,.T.) ;
#2600=EDGE_CURVE('',#2597,#2599,#2595,.T.) ;
#2605=EDGE_CURVE('',#2597,#2220,#2604,.T.) ;
#2612=EDGE_CURVE('',#2611,#2573,#2609,.T.) ;
#2619=EDGE_CURVE('',#2618,#2611,#2616,.F.) ;
#2626=EDGE_CURVE('',#2625,#2618,#2623,.F.) ;
#2633=EDGE_CURVE('',#2632,#2625,#2630,.F.) ;
#2638=EDGE_CURVE('',#2599,#2632,#2637,.F.) ;
#2663=EDGE_CURVE('',#2660,#2662,#2658,.F.) ;
#2670=EDGE_CURVE('',#2669,#2660,#2667,.F.) ;
#2677=EDGE_CURVE('',#2676,#2669,#2674,.F.) ;
#2682=EDGE_CURVE('',#2662,#2676,#2681,.F.) ;
#2694=EDGE_CURVE('',#2597,#2481,#2693,.T.) ;
#2711=EDGE_CURVE('',#2599,#2432,#2710,.T.) ;
#2728=EDGE_CURVE('',#2632,#2434,#2727,.T.) ;
#2745=EDGE_CURVE('',#2625,#2441,#2744,.F.) ;
#2762=EDGE_CURVE('',#2618,#2448,#2761,.T.) ;
#2779=EDGE_CURVE('',#2611,#2455,#2778,.F.) ;
#2808=EDGE_CURVE('',#2662,#2511,#2807,.T.) ;
#2813=EDGE_CURVE('',#2676,#2509,#2812,.T.) ;
#2830=EDGE_CURVE('',#2669,#2518,#2829,.F.) ;
#2847=EDGE_CURVE('',#2660,#2525,#2846,.T.) ;
#2876=EDGE_CURVE('',#1826,#81,#2875,.T.) ;
#2881=EDGE_CURVE('',#1817,#608,#2880,.T.) ;
#2916=EDGE_CURVE('',#879,#615,#2915,.T.) ;
#2921=EDGE_CURVE('',#872,#88,#2920,.T.) ;
#2972=EDGE_CURVE('',#2971,#697,#2969,.F.) ;
#2979=EDGE_CURVE('',#2978,#2971,#2976,.F.) ;
#2984=EDGE_CURVE('',#2978,#639,#2983,.F.) ;
#3006=EDGE_CURVE('',#3003,#3005,#3001,.T.) ;
#3011=EDGE_CURVE('',#1374,#3003,#3010,.T.) ;
#3018=EDGE_CURVE('',#3017,#711,#3015,.T.) ;
#3025=EDGE_CURVE('',#3024,#3017,#3022,.F.) ;
#3030=EDGE_CURVE('',#3024,#3005,#3029,.T.) ;
#3053=EDGE_CURVE('',#1372,#1476,#3052,.T.) ;
#3074=EDGE_CURVE('',#3073,#1430,#3071,.F.) ;
#3079=EDGE_CURVE('',#3003,#3073,#3078,.T.) ;
#3100=EDGE_CURVE('',#3073,#3099,#3097,.T.) ;
#3105=EDGE_CURVE('',#3099,#3005,#3104,.F.) ;
#3124=EDGE_CURVE('',#3123,#3024,#3121,.F.) ;
#3129=EDGE_CURVE('',#3099,#3123,#3128,.F.) ;
#3148=EDGE_CURVE('',#3147,#662,#3145,.F.) ;
#3155=EDGE_CURVE('',#3147,#3154,#3152,.F.) ;
#3160=EDGE_CURVE('',#3154,#3017,#3159,.F.) ;
#3179=EDGE_CURVE('',#2971,#3123,#3178,.T.) ;
#3208=EDGE_CURVE('',#3205,#3207,#3198,.T.) ;
#3215=EDGE_CURVE('',#3205,#3214,#3212,.F.) ;
#3224=EDGE_CURVE('',#3223,#3214,#3216,.F.) ;
#3231=EDGE_CURVE('',#3230,#3223,#3228,.T.) ;
#3238=EDGE_CURVE('',#3237,#3230,#3235,.F.) ;
#3243=EDGE_CURVE('',#3207,#3237,#3242,.F.) ;
#3266=EDGE_CURVE('',#3263,#3265,#3261,.F.) ;
#3273=EDGE_CURVE('',#3265,#3272,#3270,.F.) ;
#3280=EDGE_CURVE('',#3272,#3279,#3277,.T.) ;
#3288=EDGE_CURVE('',#3287,#3279,#3281,.F.) ;
#3295=EDGE_CURVE('',#3294,#3287,#3292,.F.) ;
#3301=EDGE_CURVE('',#3263,#3294,#3296,.T.) ;
#3320=EDGE_CURVE('',#1819,#860,#3319,.F.) ;
#3341=EDGE_CURVE('',#3340,#858,#3338,.T.) ;
#3348=EDGE_CURVE('',#1838,#3347,#3345,.F.) ;
#3353=EDGE_CURVE('',#3347,#3340,#3352,.F.) ;
#3372=EDGE_CURVE('',#2978,#3237,#3371,.T.) ;
#3379=EDGE_CURVE('',#3378,#3230,#3376,.T.) ;
#3386=EDGE_CURVE('',#3378,#3385,#3383,.F.) ;
#3391=EDGE_CURVE('',#3347,#3385,#3390,.T.) ;
#3433=EDGE_CURVE('',#3432,#3340,#3430,.F.) ;
#3440=EDGE_CURVE('',#3432,#3439,#3437,.T.) ;
#3445=EDGE_CURVE('',#3439,#3272,#3444,.T.) ;
#3450=EDGE_CURVE('',#3147,#3265,#3449,.F.) ;
#3490=EDGE_CURVE('',#3432,#3385,#3489,.T.) ;
#3507=EDGE_CURVE('',#3439,#3378,#3506,.T.) ;
#3524=EDGE_CURVE('',#3279,#3223,#3523,.T.) ;
#3545=EDGE_CURVE('',#3214,#3544,#3542,.F.) ;
#3552=EDGE_CURVE('',#3551,#3544,#3549,.T.) ;
#3557=EDGE_CURVE('',#3551,#3287,#3556,.T.) ;
#3578=EDGE_CURVE('',#3544,#3577,#3575,.T.) ;
#3585=EDGE_CURVE('',#3584,#3577,#3582,.T.) ;
#3590=EDGE_CURVE('',#3584,#3551,#3589,.F.) ;
#3609=EDGE_CURVE('',#3577,#3608,#3606,.F.) ;
#3616=EDGE_CURVE('',#3615,#3608,#3613,.T.) ;
#3621=EDGE_CURVE('',#3615,#3584,#3620,.T.) ;
#3638=EDGE_CURVE('',#3263,#3207,#3637,.T.) ;
#3664=EDGE_CURVE('',#3663,#3205,#3661,.F.) ;
#3671=EDGE_CURVE('',#3294,#3670,#3668,.T.) ;
#3676=EDGE_CURVE('',#3670,#3663,#3675,.T.) ;
#3697=EDGE_CURVE('',#3696,#3663,#3694,.T.) ;
#3704=EDGE_CURVE('',#3703,#3696,#3701,.F.) ;
#3709=EDGE_CURVE('',#3703,#3608,#3708,.T.) ;
#3732=EDGE_CURVE('',#3731,#3703,#3729,.T.) ;
#3737=EDGE_CURVE('',#3731,#3615,#3736,.T.) ;
#3756=EDGE_CURVE('',#3755,#3696,#3753,.T.) ;
#3761=EDGE_CURVE('',#3755,#3731,#3760,.T.) ;
#3778=EDGE_CURVE('',#3670,#3755,#3777,.F.) ;
#64=EDGE_LOOP('',(#65,#66,#67,#68)) ;
#95=EDGE_LOOP('',(#96,#97,#98,#99)) ;
#126=EDGE_LOOP('',(#127,#128,#129,#130)) ;
#157=EDGE_LOOP('',(#158,#159,#160,#161)) ;
#188=EDGE_LOOP('',(#189,#190,#191,#192)) ;
#219=EDGE_LOOP('',(#220,#221,#222,#223)) ;
#250=EDGE_LOOP('',(#251,#252,#253,#254)) ;
#281=EDGE_LOOP('',(#282,#283,#284,#285)) ;
#312=EDGE_LOOP('',(#313,#314,#315,#316)) ;
#343=EDGE_LOOP('',(#344,#345,#346,#347)) ;
#374=EDGE_LOOP('',(#375,#376,#377,#378)) ;
#405=EDGE_LOOP('',(#406,#407,#408,#409)) ;
#436=EDGE_LOOP('',(#437,#438,#439,#440)) ;
#467=EDGE_LOOP('',(#468,#469,#470,#471)) ;
#498=EDGE_LOOP('',(#499,#500,#501,#502)) ;
#529=EDGE_LOOP('',(#530,#531,#532,#533)) ;
#560=EDGE_LOOP('',(#561,#562,#563,#564)) ;
#591=EDGE_LOOP('',(#592,#593,#594,#595)) ;
#622=EDGE_LOOP('',(#623,#624,#625,#626)) ;
#676=EDGE_LOOP('',(#677,#678,#679,#680,#681,#682)) ;
#725=EDGE_LOOP('',(#726,#727,#728,#729,#730,#731)) ;
#758=EDGE_LOOP('',(#759,#760,#761,#762)) ;
#807=EDGE_LOOP('',(#808,#809,#810,#811,#812,#813)) ;
#840=EDGE_LOOP('',(#841,#842,#843,#844)) ;
#886=EDGE_LOOP('',(#887,#888,#889,#890,#891,#892)) ;
#928=EDGE_LOOP('',(#929,#930,#931,#932)) ;
#945=EDGE_LOOP('',(#946,#947,#948,#949)) ;
#985=EDGE_LOOP('',(#986,#987,#988,#989)) ;
#1002=EDGE_LOOP('',(#1003,#1004,#1005,#1006)) ;
#1042=EDGE_LOOP('',(#1043,#1044,#1045,#1046)) ;
#1059=EDGE_LOOP('',(#1060,#1061,#1062,#1063)) ;
#1099=EDGE_LOOP('',(#1100,#1101,#1102,#1103)) ;
#1116=EDGE_LOOP('',(#1117,#1118,#1119,#1120)) ;
#1282=EDGE_LOOP('',(#1283,#1284,#1285,#1286,#1287,#1288,#1289,#1290,#1291,#1292,#1293,#1294,#1295,#1296,#1297,#1298,#1299,#1300,#1301,#1302,#1303,#1304)) ;
#1320=EDGE_LOOP('',(#1321,#1322)) ;
#1338=EDGE_LOOP('',(#1339,#1340)) ;
#1356=EDGE_LOOP('',(#1357,#1358)) ;
#1410=EDGE_LOOP('',(#1411,#1412,#1413,#1414,#1415,#1416,#1417)) ;
#1484=EDGE_LOOP('',(#1485,#1486,#1487,#1488,#1489,#1490,#1491,#1492)) ;
#1645=EDGE_LOOP('',(#1646,#1647,#1648,#1649,#1650,#1651,#1652,#1653,#1654,#1655,#1656,#1657,#1658,#1659,#1660,#1661,#1662,#1663,#1664,#1665,#1666,#1667)) ;
#1683=EDGE_LOOP('',(#1684,#1685)) ;
#1701=EDGE_LOOP('',(#1702,#1703)) ;
#1719=EDGE_LOOP('',(#1720,#1721)) ;
#1739=EDGE_LOOP('',(#1740,#1741,#1742,#1743)) ;
#1775=EDGE_LOOP('',(#1776,#1777,#1778,#1779,#1780,#1781,#1782)) ;
#1800=EDGE_LOOP('',(#1801,#1802,#1803,#1804)) ;
#1846=EDGE_LOOP('',(#1847,#1848,#1849,#1850,#1851,#1852)) ;
#1865=EDGE_LOOP('',(#1866,#1867,#1868,#1869)) ;
#1882=EDGE_LOOP('',(#1883,#1884,#1885,#1886)) ;
#1899=EDGE_LOOP('',(#1900,#1901,#1902,#1903)) ;
#1916=EDGE_LOOP('',(#1917,#1918,#1919,#1920)) ;
#1933=EDGE_LOOP('',(#1934,#1935,#1936,#1937)) ;
#1950=EDGE_LOOP('',(#1951,#1952,#1953,#1954)) ;
#1967=EDGE_LOOP('',(#1968,#1969,#1970,#1971)) ;
#1984=EDGE_LOOP('',(#1985,#1986,#1987,#1988)) ;
#2001=EDGE_LOOP('',(#2002,#2003,#2004,#2005)) ;
#2018=EDGE_LOOP('',(#2019,#2020,#2021,#2022)) ;
#2035=EDGE_LOOP('',(#2036,#2037,#2038,#2039)) ;
#2052=EDGE_LOOP('',(#2053,#2054,#2055,#2056)) ;
#2097=EDGE_LOOP('',(#2098,#2099,#2100,#2101,#2102,#2103,#2104,#2105)) ;
#2132=EDGE_LOOP('',(#2133,#2134,#2135,#2136)) ;
#2156=EDGE_LOOP('',(#2157,#2158,#2159,#2160)) ;
#2199=EDGE_LOOP('',(#2200,#2201,#2202,#2203,#2204,#2205,#2206,#2207)) ;
#2234=EDGE_LOOP('',(#2235,#2236,#2237,#2238)) ;
#2251=EDGE_LOOP('',(#2252,#2253,#2254,#2255)) ;
#2268=EDGE_LOOP('',(#2269,#2270,#2271,#2272)) ;
#2285=EDGE_LOOP('',(#2286,#2287,#2288,#2289)) ;
#2297=EDGE_LOOP('',(#2298,#2299,#2300,#2301,#2302,#2303)) ;
#2321=EDGE_LOOP('',(#2322,#2323,#2324,#2325)) ;
#2328=EDGE_LOOP('',(#2329,#2330,#2331,#2332)) ;
#2350=EDGE_LOOP('',(#2351,#2352,#2353,#2354)) ;
#2357=EDGE_LOOP('',(#2358,#2359,#2360,#2361)) ;
#2379=EDGE_LOOP('',(#2380,#2381,#2382,#2383)) ;
#2386=EDGE_LOOP('',(#2387,#2388,#2389,#2390)) ;
#2398=EDGE_LOOP('',(#2399,#2400,#2401,#2402)) ;
#2415=EDGE_LOOP('',(#2416,#2417,#2418,#2419)) ;
#2488=EDGE_LOOP('',(#2489,#2490,#2491,#2492,#2493,#2494,#2495,#2496,#2497,#2498,#2499,#2500,#2501,#2502)) ;
#2532=EDGE_LOOP('',(#2533,#2534,#2535,#2536)) ;
#2556=EDGE_LOOP('',(#2557,#2558,#2559,#2560)) ;
#2580=EDGE_LOOP('',(#2581,#2582,#2583,#2584)) ;
#2639=EDGE_LOOP('',(#2640,#2641,#2642,#2643,#2644,#2645,#2646,#2647,#2648,#2649,#2650,#2651,#2652,#2653)) ;
#2683=EDGE_LOOP('',(#2684,#2685,#2686,#2687)) ;
#2695=EDGE_LOOP('',(#2696,#2697,#2698,#2699)) ;
#2712=EDGE_LOOP('',(#2713,#2714,#2715,#2716)) ;
#2729=EDGE_LOOP('',(#2730,#2731,#2732,#2733)) ;
#2746=EDGE_LOOP('',(#2747,#2748,#2749,#2750)) ;
#2763=EDGE_LOOP('',(#2764,#2765,#2766,#2767)) ;
#2780=EDGE_LOOP('',(#2781,#2782,#2783,#2784)) ;
#2792=EDGE_LOOP('',(#2793,#2794,#2795,#2796)) ;
#2814=EDGE_LOOP('',(#2815,#2816,#2817,#2818)) ;
#2831=EDGE_LOOP('',(#2832,#2833,#2834,#2835)) ;
#2848=EDGE_LOOP('',(#2849,#2850,#2851,#2852)) ;
#2860=EDGE_LOOP('',(#2861,#2862,#2863,#2864)) ;
#2882=EDGE_LOOP('',(#2883,#2884,#2885,#2886,#2887,#2888,#2889,#2890,#2891,#2892,#2893,#2894,#2895,#2896,#2897,#2898,#2899,#2900,#2901,#2902,#2903,#2904)) ;
#2922=EDGE_LOOP('',(#2923,#2924,#2925,#2926,#2927,#2928,#2929,#2930,#2931,#2932,#2933,#2934,#2935,#2936,#2937,#2938,#2939,#2940,#2941,#2942,#2943,#2944)) ;
#2952=EDGE_LOOP('',(#2953,#2954,#2955,#2956,#2957,#2958)) ;
#2985=EDGE_LOOP('',(#2986,#2987,#2988,#2989,#2990)) ;
#3031=EDGE_LOOP('',(#3032,#3033,#3034,#3035,#3036,#3037,#3038,#3039,#3040,#3041)) ;
#3054=EDGE_LOOP('',(#3055,#3056,#3057,#3058,#3059,#3060)) ;
#3080=EDGE_LOOP('',(#3081,#3082,#3083,#3084,#3085,#3086)) ;
#3106=EDGE_LOOP('',(#3107,#3108,#3109,#3110)) ;
#3130=EDGE_LOOP('',(#3131,#3132,#3133,#3134)) ;
#3161=EDGE_LOOP('',(#3162,#3163,#3164,#3165,#3166,#3167)) ;
#3180=EDGE_LOOP('',(#3181,#3182,#3183,#3184,#3185,#3186,#3187,#3188,#3189,#3190)) ;
#3244=EDGE_LOOP('',(#3245,#3246,#3247,#3248,#3249,#3250)) ;
#3302=EDGE_LOOP('',(#3303,#3304,#3305,#3306,#3307,#3308)) ;
#3321=EDGE_LOOP('',(#3322,#3323,#3324,#3325,#3326,#3327)) ;
#3354=EDGE_LOOP('',(#3355,#3356,#3357,#3358,#3359,#3360)) ;
#3392=EDGE_LOOP('',(#3393,#3394,#3395,#3396,#3397,#3398,#3399,#3400,#3401,#3402,#3403)) ;
#3405=EDGE_LOOP('',(#3406,#3407)) ;
#3409=EDGE_LOOP('',(#3410,#3411)) ;
#3413=EDGE_LOOP('',(#3414,#3415)) ;
#3417=EDGE_LOOP('',(#3418,#3419)) ;
#3451=EDGE_LOOP('',(#3452,#3453,#3454,#3455,#3456,#3457,#3458,#3459,#3460,#3461,#3462)) ;
#3464=EDGE_LOOP('',(#3465,#3466)) ;
#3468=EDGE_LOOP('',(#3469,#3470)) ;
#3472=EDGE_LOOP('',(#3473,#3474)) ;
#3476=EDGE_LOOP('',(#3477,#3478)) ;
#3491=EDGE_LOOP('',(#3492,#3493,#3494,#3495)) ;
#3508=EDGE_LOOP('',(#3509,#3510,#3511,#3512)) ;
#3525=EDGE_LOOP('',(#3526,#3527,#3528,#3529,#3530,#3531)) ;
#3558=EDGE_LOOP('',(#3559,#3560,#3561,#3562,#3563,#3564)) ;
#3591=EDGE_LOOP('',(#3592,#3593,#3594,#3595)) ;
#3622=EDGE_LOOP('',(#3623,#3624,#3625,#3626)) ;
#3639=EDGE_LOOP('',(#3640,#3641,#3642,#3643,#3644,#3645,#3646,#3647,#3648,#3649,#3650)) ;
#3677=EDGE_LOOP('',(#3678,#3679,#3680,#3681,#3682,#3683)) ;
#3710=EDGE_LOOP('',(#3711,#3712,#3713,#3714,#3715,#3716,#3717,#3718)) ;
#3738=EDGE_LOOP('',(#3739,#3740,#3741,#3742)) ;
#3762=EDGE_LOOP('',(#3763,#3764,#3765,#3766)) ;
#3779=EDGE_LOOP('',(#3780,#3781,#3782,#3783,#3784,#3785,#3786,#3787)) ;
#3795=EDGE_LOOP('',(#3796,#3797,#3798,#3799)) ;
#69=FACE_OUTER_BOUND('',#64,.T.) ;
#100=FACE_OUTER_BOUND('',#95,.T.) ;
#131=FACE_OUTER_BOUND('',#126,.T.) ;
#162=FACE_OUTER_BOUND('',#157,.T.) ;
#193=FACE_OUTER_BOUND('',#188,.T.) ;
#224=FACE_OUTER_BOUND('',#219,.T.) ;
#255=FACE_OUTER_BOUND('',#250,.T.) ;
#286=FACE_OUTER_BOUND('',#281,.T.) ;
#317=FACE_OUTER_BOUND('',#312,.T.) ;
#348=FACE_OUTER_BOUND('',#343,.T.) ;
#379=FACE_OUTER_BOUND('',#374,.T.) ;
#410=FACE_OUTER_BOUND('',#405,.T.) ;
#441=FACE_OUTER_BOUND('',#436,.T.) ;
#472=FACE_OUTER_BOUND('',#467,.T.) ;
#503=FACE_OUTER_BOUND('',#498,.T.) ;
#534=FACE_OUTER_BOUND('',#529,.T.) ;
#565=FACE_OUTER_BOUND('',#560,.T.) ;
#596=FACE_OUTER_BOUND('',#591,.T.) ;
#627=FACE_OUTER_BOUND('',#622,.T.) ;
#683=FACE_OUTER_BOUND('',#676,.T.) ;
#732=FACE_OUTER_BOUND('',#725,.T.) ;
#763=FACE_OUTER_BOUND('',#758,.T.) ;
#814=FACE_OUTER_BOUND('',#807,.T.) ;
#845=FACE_OUTER_BOUND('',#840,.T.) ;
#893=FACE_OUTER_BOUND('',#886,.T.) ;
#933=FACE_OUTER_BOUND('',#928,.T.) ;
#950=FACE_OUTER_BOUND('',#945,.T.) ;
#990=FACE_OUTER_BOUND('',#985,.T.) ;
#1007=FACE_OUTER_BOUND('',#1002,.T.) ;
#1047=FACE_OUTER_BOUND('',#1042,.T.) ;
#1064=FACE_OUTER_BOUND('',#1059,.T.) ;
#1104=FACE_OUTER_BOUND('',#1099,.T.) ;
#1121=FACE_OUTER_BOUND('',#1116,.T.) ;
#1305=FACE_OUTER_BOUND('',#1282,.T.) ;
#1418=FACE_OUTER_BOUND('',#1410,.T.) ;
#1493=FACE_OUTER_BOUND('',#1484,.T.) ;
#1668=FACE_OUTER_BOUND('',#1645,.T.) ;
#1744=FACE_OUTER_BOUND('',#1739,.T.) ;
#1783=FACE_OUTER_BOUND('',#1775,.T.) ;
#1805=FACE_OUTER_BOUND('',#1800,.T.) ;
#1853=FACE_OUTER_BOUND('',#1846,.T.) ;
#1870=FACE_OUTER_BOUND('',#1865,.T.) ;
#1887=FACE_OUTER_BOUND('',#1882,.T.) ;
#1904=FACE_OUTER_BOUND('',#1899,.T.) ;
#1921=FACE_OUTER_BOUND('',#1916,.T.) ;
#1938=FACE_OUTER_BOUND('',#1933,.T.) ;
#1955=FACE_OUTER_BOUND('',#1950,.T.) ;
#1972=FACE_OUTER_BOUND('',#1967,.T.) ;
#1989=FACE_OUTER_BOUND('',#1984,.T.) ;
#2006=FACE_OUTER_BOUND('',#2001,.T.) ;
#2023=FACE_OUTER_BOUND('',#2018,.T.) ;
#2040=FACE_OUTER_BOUND('',#2035,.T.) ;
#2057=FACE_OUTER_BOUND('',#2052,.T.) ;
#2106=FACE_OUTER_BOUND('',#2097,.T.) ;
#2137=FACE_OUTER_BOUND('',#2132,.T.) ;
#2161=FACE_OUTER_BOUND('',#2156,.T.) ;
#2208=FACE_OUTER_BOUND('',#2199,.T.) ;
#2239=FACE_OUTER_BOUND('',#2234,.T.) ;
#2256=FACE_OUTER_BOUND('',#2251,.T.) ;
#2273=FACE_OUTER_BOUND('',#2268,.T.) ;
#2290=FACE_OUTER_BOUND('',#2285,.T.) ;
#2304=FACE_OUTER_BOUND('',#2297,.T.) ;
#2326=FACE_OUTER_BOUND('',#2321,.T.) ;
#2333=FACE_OUTER_BOUND('',#2328,.T.) ;
#2355=FACE_OUTER_BOUND('',#2350,.T.) ;
#2362=FACE_OUTER_BOUND('',#2357,.T.) ;
#2384=FACE_OUTER_BOUND('',#2379,.T.) ;
#2391=FACE_OUTER_BOUND('',#2386,.T.) ;
#2403=FACE_OUTER_BOUND('',#2398,.T.) ;
#2420=FACE_OUTER_BOUND('',#2415,.T.) ;
#2503=FACE_OUTER_BOUND('',#2488,.T.) ;
#2561=FACE_OUTER_BOUND('',#2556,.T.) ;
#2585=FACE_OUTER_BOUND('',#2580,.T.) ;
#2654=FACE_OUTER_BOUND('',#2639,.T.) ;
#2700=FACE_OUTER_BOUND('',#2695,.T.) ;
#2717=FACE_OUTER_BOUND('',#2712,.T.) ;
#2734=FACE_OUTER_BOUND('',#2729,.T.) ;
#2751=FACE_OUTER_BOUND('',#2746,.T.) ;
#2768=FACE_OUTER_BOUND('',#2763,.T.) ;
#2785=FACE_OUTER_BOUND('',#2780,.T.) ;
#2797=FACE_OUTER_BOUND('',#2792,.T.) ;
#2819=FACE_OUTER_BOUND('',#2814,.T.) ;
#2836=FACE_OUTER_BOUND('',#2831,.T.) ;
#2853=FACE_OUTER_BOUND('',#2848,.T.) ;
#2865=FACE_OUTER_BOUND('',#2860,.T.) ;
#2905=FACE_OUTER_BOUND('',#2882,.T.) ;
#2945=FACE_OUTER_BOUND('',#2922,.T.) ;
#2959=FACE_OUTER_BOUND('',#2952,.T.) ;
#2991=FACE_OUTER_BOUND('',#2985,.T.) ;
#3042=FACE_OUTER_BOUND('',#3031,.T.) ;
#3061=FACE_OUTER_BOUND('',#3054,.T.) ;
#3087=FACE_OUTER_BOUND('',#3080,.T.) ;
#3111=FACE_OUTER_BOUND('',#3106,.T.) ;
#3135=FACE_OUTER_BOUND('',#3130,.T.) ;
#3168=FACE_OUTER_BOUND('',#3161,.T.) ;
#3191=FACE_OUTER_BOUND('',#3180,.T.) ;
#3251=FACE_OUTER_BOUND('',#3244,.T.) ;
#3309=FACE_OUTER_BOUND('',#3302,.T.) ;
#3328=FACE_OUTER_BOUND('',#3321,.T.) ;
#3361=FACE_OUTER_BOUND('',#3354,.T.) ;
#3404=FACE_OUTER_BOUND('',#3392,.T.) ;
#3463=FACE_OUTER_BOUND('',#3451,.T.) ;
#3496=FACE_OUTER_BOUND('',#3491,.T.) ;
#3513=FACE_OUTER_BOUND('',#3508,.T.) ;
#3532=FACE_OUTER_BOUND('',#3525,.T.) ;
#3565=FACE_OUTER_BOUND('',#3558,.T.) ;
#3596=FACE_OUTER_BOUND('',#3591,.T.) ;
#3627=FACE_OUTER_BOUND('',#3622,.T.) ;
#3651=FACE_OUTER_BOUND('',#3639,.T.) ;
#3684=FACE_OUTER_BOUND('',#3677,.T.) ;
#3719=FACE_OUTER_BOUND('',#3710,.T.) ;
#3743=FACE_OUTER_BOUND('',#3738,.T.) ;
#3767=FACE_OUTER_BOUND('',#3762,.T.) ;
#3788=FACE_OUTER_BOUND('',#3779,.T.) ;
#3800=FACE_OUTER_BOUND('',#3795,.T.) ;
#39=LINE('Line',#36,#38) ;
#48=LINE('Line',#45,#47) ;
#55=LINE('Line',#52,#54) ;
#62=LINE('Line',#59,#61) ;
#93=LINE('Line',#90,#92) ;
#117=LINE('Line',#114,#116) ;
#141=LINE('Line',#138,#140) ;
#148=LINE('Line',#145,#147) ;
#155=LINE('Line',#152,#154) ;
#179=LINE('Line',#176,#178) ;
#203=LINE('Line',#200,#202) ;
#210=LINE('Line',#207,#209) ;
#217=LINE('Line',#214,#216) ;
#241=LINE('Line',#238,#240) ;
#265=LINE('Line',#262,#264) ;
#272=LINE('Line',#269,#271) ;
#279=LINE('Line',#276,#278) ;
#303=LINE('Line',#300,#302) ;
#327=LINE('Line',#324,#326) ;
#334=LINE('Line',#331,#333) ;
#341=LINE('Line',#338,#340) ;
#365=LINE('Line',#362,#364) ;
#389=LINE('Line',#386,#388) ;
#396=LINE('Line',#393,#395) ;
#403=LINE('Line',#400,#402) ;
#427=LINE('Line',#424,#426) ;
#451=LINE('Line',#448,#450) ;
#458=LINE('Line',#455,#457) ;
#465=LINE('Line',#462,#464) ;
#489=LINE('Line',#486,#488) ;
#513=LINE('Line',#510,#512) ;
#520=LINE('Line',#517,#519) ;
#527=LINE('Line',#524,#526) ;
#551=LINE('Line',#548,#550) ;
#575=LINE('Line',#572,#574) ;
#582=LINE('Line',#579,#581) ;
#589=LINE('Line',#586,#588) ;
#613=LINE('Line',#610,#612) ;
#646=LINE('Line',#643,#645) ;
#653=LINE('Line',#650,#652) ;
#660=LINE('Line',#657,#659) ;
#674=LINE('Line',#671,#673) ;
#723=LINE('Line',#720,#722) ;
#749=LINE('Line',#746,#748) ;
#773=LINE('Line',#770,#772) ;
#824=LINE('Line',#821,#823) ;
#831=LINE('Line',#828,#830) ;
#838=LINE('Line',#835,#837) ;
#865=LINE('Line',#862,#864) ;
#877=LINE('Line',#874,#876) ;
#903=LINE('Line',#900,#902) ;
#919=LINE('Line',#916,#918) ;
#960=LINE('Line',#957,#959) ;
#976=LINE('Line',#973,#975) ;
#1017=LINE('Line',#1014,#1016) ;
#1033=LINE('Line',#1030,#1032) ;
#1074=LINE('Line',#1071,#1073) ;
#1090=LINE('Line',#1087,#1089) ;
#1131=LINE('Line',#1128,#1130) ;
#1147=LINE('Line',#1144,#1146) ;
#1161=LINE('Line',#1158,#1160) ;
#1175=LINE('Line',#1172,#1174) ;
#1182=LINE('Line',#1179,#1181) ;
#1189=LINE('Line',#1186,#1188) ;
#1203=LINE('Line',#1200,#1202) ;
#1217=LINE('Line',#1214,#1216) ;
#1224=LINE('Line',#1221,#1223) ;
#1231=LINE('Line',#1228,#1230) ;
#1245=LINE('Line',#1242,#1244) ;
#1259=LINE('Line',#1256,#1258) ;
#1408=LINE('Line',#1405,#1407) ;
#1428=LINE('Line',#1425,#1427) ;
#1467=LINE('Line',#1464,#1466) ;
#1526=LINE('Line',#1523,#1525) ;
#1540=LINE('Line',#1537,#1539) ;
#1554=LINE('Line',#1551,#1553) ;
#1559=LINE('Line',#1556,#1558) ;
#1573=LINE('Line',#1570,#1572) ;
#1587=LINE('Line',#1584,#1586) ;
#1594=LINE('Line',#1591,#1593) ;
#1601=LINE('Line',#1598,#1600) ;
#1615=LINE('Line',#1612,#1614) ;
#1629=LINE('Line',#1626,#1628) ;
#1643=LINE('Line',#1640,#1642) ;
#1732=LINE('Line',#1729,#1731) ;
#1737=LINE('Line',#1734,#1736) ;
#1754=LINE('Line',#1751,#1753) ;
#1761=LINE('Line',#1758,#1760) ;
#1768=LINE('Line',#1765,#1767) ;
#1773=LINE('Line',#1770,#1772) ;
#1824=LINE('Line',#1821,#1823) ;
#1836=LINE('Line',#1833,#1835) ;
#1863=LINE('Line',#1860,#1862) ;
#1880=LINE('Line',#1877,#1879) ;
#1897=LINE('Line',#1894,#1896) ;
#1914=LINE('Line',#1911,#1913) ;
#1931=LINE('Line',#1928,#1930) ;
#1948=LINE('Line',#1945,#1947) ;
#1965=LINE('Line',#1962,#1964) ;
#1982=LINE('Line',#1979,#1981) ;
#1999=LINE('Line',#1996,#1998) ;
#2016=LINE('Line',#2013,#2015) ;
#2033=LINE('Line',#2030,#2032) ;
#2050=LINE('Line',#2047,#2049) ;
#2067=LINE('Line',#2064,#2066) ;
#2088=LINE('Line',#2085,#2087) ;
#2095=LINE('Line',#2092,#2094) ;
#2130=LINE('Line',#2127,#2129) ;
#2147=LINE('Line',#2144,#2146) ;
#2171=LINE('Line',#2168,#2170) ;
#2180=LINE('Line',#2177,#2179) ;
#2192=LINE('Line',#2189,#2191) ;
#2197=LINE('Line',#2194,#2196) ;
#2225=LINE('Line',#2222,#2224) ;
#2249=LINE('Line',#2246,#2248) ;
#2266=LINE('Line',#2263,#2265) ;
#2283=LINE('Line',#2280,#2282) ;
#2295=LINE('Line',#2292,#2294) ;
#2314=LINE('Line',#2311,#2313) ;
#2319=LINE('Line',#2316,#2318) ;
#2343=LINE('Line',#2340,#2342) ;
#2348=LINE('Line',#2345,#2347) ;
#2372=LINE('Line',#2369,#2371) ;
#2377=LINE('Line',#2374,#2376) ;
#2413=LINE('Line',#2410,#2412) ;
#2430=LINE('Line',#2427,#2429) ;
#2446=LINE('Line',#2443,#2445) ;
#2460=LINE('Line',#2457,#2459) ;
#2474=LINE('Line',#2471,#2473) ;
#2479=LINE('Line',#2476,#2478) ;
#2507=LINE('Line',#2504,#2506) ;
#2523=LINE('Line',#2520,#2522) ;
#2547=LINE('Line',#2544,#2546) ;
#2554=LINE('Line',#2551,#2553) ;
#2571=LINE('Line',#2568,#2570) ;
#2604=LINE('Line',#2601,#2603) ;
#2609=LINE('Line',#2606,#2608) ;
#2623=LINE('Line',#2620,#2622) ;
#2637=LINE('Line',#2634,#2636) ;
#2667=LINE('Line',#2664,#2666) ;
#2681=LINE('Line',#2678,#2680) ;
#2693=LINE('Line',#2690,#2692) ;
#2710=LINE('Line',#2707,#2709) ;
#2727=LINE('Line',#2724,#2726) ;
#2744=LINE('Line',#2741,#2743) ;
#2761=LINE('Line',#2758,#2760) ;
#2778=LINE('Line',#2775,#2777) ;
#2807=LINE('Line',#2804,#2806) ;
#2812=LINE('Line',#2809,#2811) ;
#2829=LINE('Line',#2826,#2828) ;
#2846=LINE('Line',#2843,#2845) ;
#2875=LINE('Line',#2872,#2874) ;
#2880=LINE('Line',#2877,#2879) ;
#2915=LINE('Line',#2912,#2914) ;
#2920=LINE('Line',#2917,#2919) ;
#2969=LINE('Line',#2966,#2968) ;
#2983=LINE('Line',#2980,#2982) ;
#3001=LINE('Line',#2998,#3000) ;
#3015=LINE('Line',#3012,#3014) ;
#3022=LINE('Line',#3019,#3021) ;
#3052=LINE('Line',#3049,#3051) ;
#3078=LINE('Line',#3075,#3077) ;
#3097=LINE('Line',#3094,#3096) ;
#3104=LINE('Line',#3101,#3103) ;
#3121=LINE('Line',#3118,#3120) ;
#3145=LINE('Line',#3142,#3144) ;
#3178=LINE('Line',#3175,#3177) ;
#3212=LINE('Line',#3209,#3211) ;
#3235=LINE('Line',#3232,#3234) ;
#3270=LINE('Line',#3267,#3269) ;
#3292=LINE('Line',#3289,#3291) ;
#3319=LINE('Line',#3316,#3318) ;
#3352=LINE('Line',#3349,#3351) ;
#3371=LINE('Line',#3368,#3370) ;
#3376=LINE('Line',#3373,#3375) ;
#3390=LINE('Line',#3387,#3389) ;
#3430=LINE('Line',#3427,#3429) ;
#3444=LINE('Line',#3441,#3443) ;
#3449=LINE('Line',#3446,#3448) ;
#3489=LINE('Line',#3486,#3488) ;
#3506=LINE('Line',#3503,#3505) ;
#3523=LINE('Line',#3520,#3522) ;
#3549=LINE('Line',#3546,#3548) ;
#3575=LINE('Line',#3572,#3574) ;
#3582=LINE('Line',#3579,#3581) ;
#3589=LINE('Line',#3586,#3588) ;
#3613=LINE('Line',#3610,#3612) ;
#3637=LINE('Line',#3634,#3636) ;
#3675=LINE('Line',#3672,#3674) ;
#3694=LINE('Line',#3691,#3693) ;
#3708=LINE('Line',#3705,#3707) ;
#3729=LINE('Line',#3726,#3728) ;
#3736=LINE('Line',#3733,#3735) ;
#3753=LINE('Line',#3750,#3752) ;
#3777=LINE('Line',#3774,#3776) ;
#35=PLANE('',#34) ;
#137=PLANE('',#136) ;
#199=PLANE('',#198) ;
#261=PLANE('',#260) ;
#323=PLANE('',#322) ;
#385=PLANE('',#384) ;
#447=PLANE('',#446) ;
#509=PLANE('',#508) ;
#571=PLANE('',#570) ;
#633=PLANE('',#632) ;
#820=PLANE('',#819) ;
#1127=PLANE('',#1126) ;
#1499=PLANE('',#1498) ;
#1750=PLANE('',#1749) ;
#1859=PLANE('',#1858) ;
#1893=PLANE('',#1892) ;
#1961=PLANE('',#1960) ;
#1995=PLANE('',#1994) ;
#2029=PLANE('',#2028) ;
#2063=PLANE('',#2062) ;
#2167=PLANE('',#2166) ;
#2262=PLANE('',#2261) ;
#2426=PLANE('',#2425) ;
#2543=PLANE('',#2542) ;
#2591=PLANE('',#2590) ;
#2723=PLANE('',#2722) ;
#2757=PLANE('',#2756) ;
#2791=PLANE('',#2790) ;
#2803=PLANE('',#2802) ;
#2842=PLANE('',#2841) ;
#2871=PLANE('',#2870) ;
#2911=PLANE('',#2910) ;
#2951=PLANE('',#2950) ;
#2997=PLANE('',#2996) ;
#3048=PLANE('',#3047) ;
#3093=PLANE('',#3092) ;
#3174=PLANE('',#3173) ;
#3315=PLANE('',#3314) ;
#3367=PLANE('',#3366) ;
#3426=PLANE('',#3425) ;
#3485=PLANE('',#3484) ;
#3519=PLANE('',#3518) ;
#3571=PLANE('',#3570) ;
#3633=PLANE('',#3632) ;
#3690=PLANE('',#3689) ;
#3725=PLANE('',#3724) ;
#3773=PLANE('',#3772) ;
#3794=PLANE('',#3793) ;
#9=PRODUCT_CATEGORY_RELATIONSHIP(' ',' ',#7,#8) ;
#6=PRODUCT_DEFINITION_FORMATION_WITH_SPECIFIED_SOURCE('--A',' ',#5,.NOT_KNOWN.) ;
#20=SHAPE_DEFINITION_REPRESENTATION(#11,#19) ;
#41=VERTEX_POINT('',#40) ;
#43=VERTEX_POINT('',#42) ;
#50=VERTEX_POINT('',#49) ;
#57=VERTEX_POINT('',#56) ;
#81=VERTEX_POINT('',#80) ;
#88=VERTEX_POINT('',#87) ;
#112=VERTEX_POINT('',#111) ;
#119=VERTEX_POINT('',#118) ;
#143=VERTEX_POINT('',#142) ;
#150=VERTEX_POINT('',#149) ;
#174=VERTEX_POINT('',#173) ;
#181=VERTEX_POINT('',#180) ;
#205=VERTEX_POINT('',#204) ;
#212=VERTEX_POINT('',#211) ;
#236=VERTEX_POINT('',#235) ;
#243=VERTEX_POINT('',#242) ;
#267=VERTEX_POINT('',#266) ;
#274=VERTEX_POINT('',#273) ;
#298=VERTEX_POINT('',#297) ;
#305=VERTEX_POINT('',#304) ;
#329=VERTEX_POINT('',#328) ;
#336=VERTEX_POINT('',#335) ;
#360=VERTEX_POINT('',#359) ;
#367=VERTEX_POINT('',#366) ;
#391=VERTEX_POINT('',#390) ;
#398=VERTEX_POINT('',#397) ;
#422=VERTEX_POINT('',#421) ;
#429=VERTEX_POINT('',#428) ;
#453=VERTEX_POINT('',#452) ;
#460=VERTEX_POINT('',#459) ;
#484=VERTEX_POINT('',#483) ;
#491=VERTEX_POINT('',#490) ;
#515=VERTEX_POINT('',#514) ;
#522=VERTEX_POINT('',#521) ;
#546=VERTEX_POINT('',#545) ;
#553=VERTEX_POINT('',#552) ;
#577=VERTEX_POINT('',#576) ;
#584=VERTEX_POINT('',#583) ;
#608=VERTEX_POINT('',#607) ;
#615=VERTEX_POINT('',#614) ;
#639=VERTEX_POINT('',#638) ;
#641=VERTEX_POINT('',#640) ;
#648=VERTEX_POINT('',#647) ;
#655=VERTEX_POINT('',#654) ;
#662=VERTEX_POINT('',#661) ;
#669=VERTEX_POINT('',#668) ;
#695=VERTEX_POINT('',#694) ;
#697=VERTEX_POINT('',#696) ;
#711=VERTEX_POINT('',#710) ;
#718=VERTEX_POINT('',#717) ;
#744=VERTEX_POINT('',#743) ;
#751=VERTEX_POINT('',#750) ;
#775=VERTEX_POINT('',#774) ;
#777=VERTEX_POINT('',#776) ;
#786=VERTEX_POINT('',#785) ;
#798=VERTEX_POINT('',#797) ;
#826=VERTEX_POINT('',#825) ;
#833=VERTEX_POINT('',#832) ;
#858=VERTEX_POINT('',#857) ;
#860=VERTEX_POINT('',#859) ;
#872=VERTEX_POINT('',#871) ;
#879=VERTEX_POINT('',#878) ;
#905=VERTEX_POINT('',#904) ;
#907=VERTEX_POINT('',#906) ;
#914=VERTEX_POINT('',#913) ;
#921=VERTEX_POINT('',#920) ;
#962=VERTEX_POINT('',#961) ;
#964=VERTEX_POINT('',#963) ;
#971=VERTEX_POINT('',#970) ;
#978=VERTEX_POINT('',#977) ;
#1019=VERTEX_POINT('',#1018) ;
#1021=VERTEX_POINT('',#1020) ;
#1028=VERTEX_POINT('',#1027) ;
#1035=VERTEX_POINT('',#1034) ;
#1076=VERTEX_POINT('',#1075) ;
#1078=VERTEX_POINT('',#1077) ;
#1085=VERTEX_POINT('',#1084) ;
#1092=VERTEX_POINT('',#1091) ;
#1133=VERTEX_POINT('',#1132) ;
#1135=VERTEX_POINT('',#1134) ;
#1142=VERTEX_POINT('',#1141) ;
#1149=VERTEX_POINT('',#1148) ;
#1156=VERTEX_POINT('',#1155) ;
#1163=VERTEX_POINT('',#1162) ;
#1170=VERTEX_POINT('',#1169) ;
#1177=VERTEX_POINT('',#1176) ;
#1184=VERTEX_POINT('',#1183) ;
#1191=VERTEX_POINT('',#1190) ;
#1198=VERTEX_POINT('',#1197) ;
#1205=VERTEX_POINT('',#1204) ;
#1212=VERTEX_POINT('',#1211) ;
#1219=VERTEX_POINT('',#1218) ;
#1226=VERTEX_POINT('',#1225) ;
#1233=VERTEX_POINT('',#1232) ;
#1240=VERTEX_POINT('',#1239) ;
#1247=VERTEX_POINT('',#1246) ;
#1254=VERTEX_POINT('',#1253) ;
#1261=VERTEX_POINT('',#1260) ;
#1268=VERTEX_POINT('',#1267) ;
#1275=VERTEX_POINT('',#1274) ;
#1311=VERTEX_POINT('',#1310) ;
#1313=VERTEX_POINT('',#1312) ;
#1329=VERTEX_POINT('',#1328) ;
#1331=VERTEX_POINT('',#1330) ;
#1347=VERTEX_POINT('',#1346) ;
#1349=VERTEX_POINT('',#1348) ;
#1372=VERTEX_POINT('',#1371) ;
#1374=VERTEX_POINT('',#1373) ;
#1387=VERTEX_POINT('',#1386) ;
#1396=VERTEX_POINT('',#1395) ;
#1403=VERTEX_POINT('',#1402) ;
#1430=VERTEX_POINT('',#1429) ;
#1432=VERTEX_POINT('',#1431) ;
#1439=VERTEX_POINT('',#1438) ;
#1446=VERTEX_POINT('',#1445) ;
#1454=VERTEX_POINT('',#1453) ;
#1462=VERTEX_POINT('',#1461) ;
#1469=VERTEX_POINT('',#1468) ;
#1476=VERTEX_POINT('',#1475) ;
#1505=VERTEX_POINT('',#1504) ;
#1507=VERTEX_POINT('',#1506) ;
#1514=VERTEX_POINT('',#1513) ;
#1521=VERTEX_POINT('',#1520) ;
#1528=VERTEX_POINT('',#1527) ;
#1535=VERTEX_POINT('',#1534) ;
#1542=VERTEX_POINT('',#1541) ;
#1549=VERTEX_POINT('',#1548) ;
#1561=VERTEX_POINT('',#1560) ;
#1568=VERTEX_POINT('',#1567) ;
#1575=VERTEX_POINT('',#1574) ;
#1582=VERTEX_POINT('',#1581) ;
#1589=VERTEX_POINT('',#1588) ;
#1596=VERTEX_POINT('',#1595) ;
#1603=VERTEX_POINT('',#1602) ;
#1610=VERTEX_POINT('',#1609) ;
#1617=VERTEX_POINT('',#1616) ;
#1624=VERTEX_POINT('',#1623) ;
#1631=VERTEX_POINT('',#1630) ;
#1638=VERTEX_POINT('',#1637) ;
#1674=VERTEX_POINT('',#1673) ;
#1676=VERTEX_POINT('',#1675) ;
#1692=VERTEX_POINT('',#1691) ;
#1694=VERTEX_POINT('',#1693) ;
#1710=VERTEX_POINT('',#1709) ;
#1712=VERTEX_POINT('',#1711) ;
#1756=VERTEX_POINT('',#1755) ;
#1763=VERTEX_POINT('',#1762) ;
#1817=VERTEX_POINT('',#1816) ;
#1819=VERTEX_POINT('',#1818) ;
#1826=VERTEX_POINT('',#1825) ;
#1838=VERTEX_POINT('',#1837) ;
#2069=VERTEX_POINT('',#2068) ;
#2071=VERTEX_POINT('',#2070) ;
#2083=VERTEX_POINT('',#2082) ;
#2090=VERTEX_POINT('',#2089) ;
#2118=VERTEX_POINT('',#2117) ;
#2125=VERTEX_POINT('',#2124) ;
#2149=VERTEX_POINT('',#2148) ;
#2173=VERTEX_POINT('',#2172) ;
#2175=VERTEX_POINT('',#2174) ;
#2182=VERTEX_POINT('',#2181) ;
#2220=VERTEX_POINT('',#2219) ;
#2227=VERTEX_POINT('',#2226) ;
#2432=VERTEX_POINT('',#2431) ;
#2434=VERTEX_POINT('',#2433) ;
#2441=VERTEX_POINT('',#2440) ;
#2448=VERTEX_POINT('',#2447) ;
#2455=VERTEX_POINT('',#2454) ;
#2462=VERTEX_POINT('',#2461) ;
#2469=VERTEX_POINT('',#2468) ;
#2481=VERTEX_POINT('',#2480) ;
#2509=VERTEX_POINT('',#2508) ;
#2511=VERTEX_POINT('',#2510) ;
#2518=VERTEX_POINT('',#2517) ;
#2525=VERTEX_POINT('',#2524) ;
#2549=VERTEX_POINT('',#2548) ;
#2573=VERTEX_POINT('',#2572) ;
#2597=VERTEX_POINT('',#2596) ;
#2599=VERTEX_POINT('',#2598) ;
#2611=VERTEX_POINT('',#2610) ;
#2618=VERTEX_POINT('',#2617) ;
#2625=VERTEX_POINT('',#2624) ;
#2632=VERTEX_POINT('',#2631) ;
#2660=VERTEX_POINT('',#2659) ;
#2662=VERTEX_POINT('',#2661) ;
#2669=VERTEX_POINT('',#2668) ;
#2676=VERTEX_POINT('',#2675) ;
#2971=VERTEX_POINT('',#2970) ;
#2978=VERTEX_POINT('',#2977) ;
#3003=VERTEX_POINT('',#3002) ;
#3005=VERTEX_POINT('',#3004) ;
#3017=VERTEX_POINT('',#3016) ;
#3024=VERTEX_POINT('',#3023) ;
#3073=VERTEX_POINT('',#3072) ;
#3099=VERTEX_POINT('',#3098) ;
#3123=VERTEX_POINT('',#3122) ;
#3147=VERTEX_POINT('',#3146) ;
#3154=VERTEX_POINT('',#3153) ;
#3205=VERTEX_POINT('',#3204) ;
#3207=VERTEX_POINT('',#3206) ;
#3214=VERTEX_POINT('',#3213) ;
#3223=VERTEX_POINT('',#3222) ;
#3230=VERTEX_POINT('',#3229) ;
#3237=VERTEX_POINT('',#3236) ;
#3263=VERTEX_POINT('',#3262) ;
#3265=VERTEX_POINT('',#3264) ;
#3272=VERTEX_POINT('',#3271) ;
#3279=VERTEX_POINT('',#3278) ;
#3287=VERTEX_POINT('',#3286) ;
#3294=VERTEX_POINT('',#3293) ;
#3340=VERTEX_POINT('',#3339) ;
#3347=VERTEX_POINT('',#3346) ;
#3378=VERTEX_POINT('',#3377) ;
#3385=VERTEX_POINT('',#3384) ;
#3432=VERTEX_POINT('',#3431) ;
#3439=VERTEX_POINT('',#3438) ;
#3544=VERTEX_POINT('',#3543) ;
#3551=VERTEX_POINT('',#3550) ;
#3577=VERTEX_POINT('',#3576) ;
#3584=VERTEX_POINT('',#3583) ;
#3608=VERTEX_POINT('',#3607) ;
#3615=VERTEX_POINT('',#3614) ;
#3663=VERTEX_POINT('',#3662) ;
#3670=VERTEX_POINT('',#3669) ;
#3696=VERTEX_POINT('',#3695) ;
#3703=VERTEX_POINT('',#3702) ;
#3731=VERTEX_POINT('',#3730) ;
#3755=VERTEX_POINT('',#3754) ;
#12=(LENGTH_UNIT()NAMED_UNIT(*)SI_UNIT(.MILLI.,.METRE.)) ;
#13=(NAMED_UNIT(*)PLANE_ANGLE_UNIT()SI_UNIT($,.RADIAN.)) ;
#14=(NAMED_UNIT(*)SI_UNIT($,.STERADIAN.)SOLID_ANGLE_UNIT()) ;
#16=(GEOMETRIC_REPRESENTATION_CONTEXT(3)GLOBAL_UNCERTAINTY_ASSIGNED_CONTEXT((#15))GLOBAL_UNIT_ASSIGNED_CONTEXT((#12,#13,#14))REPRESENTATION_CONTEXT(' ',' ')) ;
ENDSEC;
END-ISO-10303-21;
